clip_name,frame_number,gt_label,pred_label,correct,confidence,nan_fraction,latency_ms
Bend_pickup_lowLight,31,,Standing,,0.995,0.0,7.554
Bend_pickup_lowLight,32,,Standing,,0.996,0.0,8.103
Bend_pickup_lowLight,33,,Standing,,0.995,0.0,7.7419
Bend_pickup_lowLight,34,,Standing,,0.996,0.0,8.294
Bend_pickup_lowLight,35,,Standing,,0.998,0.0,8.7914
Bend_pickup_lowLight,36,,Standing,,0.996,0.0,9.1277
Bend_pickup_lowLight,37,,Standing,,0.997,0.0,8.616
Bend_pickup_lowLight,38,,Standing,,0.997,0.0,8.2774
Bend_pickup_lowLight,39,,Standing,,0.996,0.0,8.2872
Bend_pickup_lowLight,40,,Standing,,0.999,0.0,13.6879
Bend_pickup_lowLight,41,,Standing,,0.998,0.0,16.4438
Bend_pickup_lowLight,42,,Standing,,0.999,0.0,11.4587
Bend_pickup_lowLight,43,,Standing,,0.999,0.0,14.0129
Bend_pickup_lowLight,44,,Standing,,0.999,0.0,14.2448
Bend_pickup_lowLight,45,,Standing,,0.978,0.0,22.7085
Bend_pickup_lowLight,46,,Standing,,0.923,0.0,9.7435
Bend_pickup_lowLight,47,,Standing,,0.977,0.0,16.7479
Bend_pickup_lowLight,48,,Standing,,0.848,0.0,14.6392
Bend_pickup_lowLight,49,,Standing,,0.806,0.0,8.6396
Bend_pickup_lowLight,50,,Lying,,0.468,0.0,12.2596
Bend_pickup_lowLight,51,,Lying,,0.397,0.0,7.98
Bend_pickup_lowLight,52,,Lying,,0.713,0.0,11.3294
Bend_pickup_lowLight,53,,Lying,,0.8,0.0,9.9839
Bend_pickup_lowLight,54,,Lying,,0.672,0.0,12.4765
Bend_pickup_lowLight,55,,Lying,,0.863,0.0,8.2353
Bend_pickup_lowLight,56,,Lying,,0.787,0.0,9.2639
Bend_pickup_lowLight,57,,Lying,,0.431,0.0,9.5921
Bend_pickup_lowLight,58,,Lying,,0.441,0.0,8.7493
Bend_pickup_lowLight,59,,Lying,,0.681,0.0,9.8365
Bend_pickup_lowLight,60,,Lying,,0.598,0.0,11.5685
Bend_pickup_lowLight,61,,Lying,,0.402,0.0,7.9315
Bend_pickup_lowLight,62,,Sitting,,0.524,0.0,9.303
Bend_pickup_lowLight,63,,Lying,,0.488,0.0,9.4577
Bend_pickup_lowLight,64,,Lying,,0.695,0.0,11.8977
Bend_pickup_lowLight,65,,Lying,,0.662,0.0,23.0496
Bend_pickup_lowLight,66,,Lying,,0.6,0.0,12.1012
Bend_pickup_lowLight,67,,Lying,,0.582,0.0,9.6171
Bend_pickup_lowLight,68,,Lying,,0.534,0.0,10.7161
Bend_pickup_lowLight,69,,Lying,,0.455,0.0,10.0913
Bend_pickup_lowLight,70,,Lying,,0.364,0.0,9.945
Bend_pickup_lowLight,71,,Standing,,0.419,0.0,13.2319
Bend_pickup_lowLight,72,,Standing,,0.912,0.0,14.9781
Bend_pickup_lowLight,73,,Standing,,0.997,0.0,10.2345
Bend_pickup_lowLight,74,,Standing,,0.997,0.0,10.1175
Bend_pickup_lowLight,75,,Standing,,0.998,0.0,9.9094
Bend_pickup_lowLight,76,,Standing,,0.997,0.0,10.9516
Bend_pickup_lowLight,77,,Standing,,0.999,0.0,11.5563
Bend_pickup_lowLight,78,,Standing,,0.997,0.0,9.6254
Bend_pickup_lowLight,79,,Standing,,0.997,0.0,9.4904
Bend_pickup_lowLight,80,,Standing,,0.976,0.0,11.4151
Bend_pickup_lowLight,81,,Standing,,0.985,0.0,15.7453
Bend_pickup_lowLight,82,,Standing,,0.928,0.0,12.7696
Bend_pickup_lowLight,83,,Standing,,0.918,0.0,10.9619
Bend_pickup_lowLight,84,,Standing,,0.868,0.0,13.5722
Bend_pickup_lowLight,85,,Standing,,0.935,0.0,12.6479
Bend_pickup_lowLight,86,,Standing,,0.95,0.0,12.7415
Bend_pickup_lowLight,87,,Standing,,0.973,0.0,9.8215
Bend_pickup_lowLight,88,,Standing,,0.97,0.0,16.1227
Bend_pickup_lowLight,89,,Standing,,0.972,0.0,15.2054
Bend_pickup_lowLight,90,,Standing,,0.962,0.0,10.604
Bend_pickup_lowLight,91,,Standing,,0.974,0.0,9.9109
Bend_pickup_lowLight,92,Standing,Standing,True,0.989,0.0,10.0447
Bend_pickup_lowLight,93,Standing,Standing,True,0.991,0.0,9.2673
Bend_pickup_lowLight,94,Standing,Standing,True,0.993,0.0,8.9413
Bend_pickup_lowLight,95,Standing,Standing,True,0.992,0.0,7.6731
Bend_pickup_lowLight,96,Standing,Standing,True,0.992,0.0,12.6955
Bend_pickup_lowLight,97,Standing,Standing,True,0.984,0.0,25.3289
Bend_pickup_lowLight,98,Standing,Standing,True,0.994,0.0,13.0263
Bend_pickup_lowLight,99,Standing,Standing,True,0.993,0.0,10.5142
Bend_pickup_lowLight,100,Standing,Standing,True,0.994,0.0,12.7098
Bend_pickup_lowLight,101,Standing,Standing,True,0.996,0.0,14.8505
Bend_pickup_lowLight,102,Standing,Standing,True,0.996,0.0,14.5203
Bend_pickup_lowLight,103,Standing,Standing,True,0.993,0.0,13.9942
Bend_pickup_lowLight,104,Standing,Standing,True,0.995,0.0,11.1801
Bend_pickup_lowLight,105,Standing,Standing,True,0.997,0.0,10.5163
Bend_pickup_lowLight,106,Standing,Standing,True,0.997,0.0,9.5501
Bend_pickup_lowLight,107,Standing,Standing,True,0.997,0.0,8.9304
Bend_pickup_lowLight,108,Standing,Standing,True,0.995,0.0,10.9762
Bend_pickup_lowLight,109,Standing,Standing,True,0.997,0.0,8.865
Bend_pickup_lowLight,110,Standing,Standing,True,0.994,0.0,8.8855
Bend_pickup_lowLight,111,Standing,Standing,True,0.992,0.0,11.6279
Bend_pickup_lowLight,112,Standing,Standing,True,0.992,0.0,24.8161
Bend_pickup_lowLight,113,Standing,Standing,True,0.994,0.0,18.4998
Bend_pickup_lowLight,114,Standing,Standing,True,0.995,0.0,13.4121
Bend_pickup_lowLight_leftRight,31,,Standing,,0.965,0.0,12.1791
Bend_pickup_lowLight_leftRight,32,,Standing,,0.909,0.0,14.557
Bend_pickup_lowLight_leftRight,33,,Standing,,0.952,0.0,11.0294
Bend_pickup_lowLight_leftRight,34,,Standing,,0.983,0.0,10.6894
Bend_pickup_lowLight_leftRight,35,,Standing,,0.982,0.0,11.6996
Bend_pickup_lowLight_leftRight,36,,Standing,,0.993,0.0,10.7464
Bend_pickup_lowLight_leftRight,37,,Standing,,0.992,0.0,10.0121
Bend_pickup_lowLight_leftRight,38,,Standing,,0.996,0.0,9.083
Bend_pickup_lowLight_leftRight,39,,Standing,,0.995,0.0,10.0672
Bend_pickup_lowLight_leftRight,40,,Standing,,0.985,0.0,10.699
Bend_pickup_lowLight_leftRight,41,,Standing,,0.948,0.0,9.5324
Bend_pickup_lowLight_leftRight,42,,Standing,,0.919,0.0,14.333
Bend_pickup_lowLight_leftRight,43,,Standing,,0.739,0.0,15.4856
Bend_pickup_lowLight_leftRight,44,,Lying,,0.316,0.0,14.1428
Bend_pickup_lowLight_leftRight,45,,Lying,,0.295,0.0,15.859
Bend_pickup_lowLight_leftRight,46,,Sitting,,0.27,0.0,20.0865
Bend_pickup_lowLight_leftRight,47,,Sitting,,0.295,0.0,18.8563
Bend_pickup_lowLight_leftRight,48,,Lying,,0.309,0.0,9.7651
Bend_pickup_lowLight_leftRight,49,,Sitting,,0.323,0.0,10.077
Bend_pickup_lowLight_leftRight,50,,Sitting,,0.634,0.0,9.6728
Bend_pickup_lowLight_leftRight,51,,Sitting,,0.574,0.0,10.4199
Bend_pickup_lowLight_leftRight,52,,Sitting,,0.358,0.0,11.4937
Bend_pickup_lowLight_leftRight,53,,Sitting,,0.893,0.0,9.3562
Bend_pickup_lowLight_leftRight,54,,Sitting,,0.737,0.0,11.386
Bend_pickup_lowLight_leftRight,55,,Sitting,,0.864,0.0,7.6244
Bend_pickup_lowLight_leftRight,56,,Sitting,,0.701,0.0,9.5966
Bend_pickup_lowLight_leftRight,57,,Sitting,,0.786,0.0,10.5803
Bend_pickup_lowLight_leftRight,58,,Sitting,,0.77,0.0,9.0119
Bend_pickup_lowLight_leftRight,59,,Sitting,,0.76,0.0,7.6224
Bend_pickup_lowLight_leftRight,60,,Sitting,,0.674,0.0,11.0491
Bend_pickup_lowLight_leftRight,61,,Sitting,,0.695,0.0,13.1769
Bend_pickup_lowLight_leftRight,62,,Sitting,,0.59,0.0,11.1275
Bend_pickup_lowLight_leftRight,63,,Sitting,,0.703,0.0,8.4754
Bend_pickup_lowLight_leftRight,64,,Sitting,,0.898,0.0,9.3049
Bend_pickup_lowLight_leftRight,65,,Sitting,,0.856,0.0,13.8812
Bend_pickup_lowLight_leftRight,66,,Sitting,,0.86,0.0,13.4015
Bend_pickup_lowLight_leftRight,67,,Sitting,,0.883,0.0,16.2594
Bend_pickup_lowLight_leftRight,68,,Sitting,,0.826,0.0,15.4709
Bend_pickup_lowLight_leftRight,69,,Sitting,,0.887,0.0,13.6543
Bend_pickup_lowLight_leftRight,70,,Sitting,,0.945,0.0,13.3397
Bend_pickup_lowLight_leftRight,71,,Sitting,,0.934,0.0,12.3046
Bend_pickup_lowLight_leftRight,72,,Sitting,,0.953,0.0,10.4265
Bend_pickup_lowLight_leftRight,73,,Sitting,,0.881,0.0,11.3112
Bend_pickup_lowLight_leftRight,74,,Sitting,,0.909,0.0,10.8525
Bend_pickup_lowLight_leftRight,75,,Sitting,,0.873,0.0,9.1275
Bend_pickup_lowLight_leftRight,76,,Sitting,,0.848,0.0,9.5185
Bend_pickup_lowLight_leftRight,77,,Sitting,,0.926,0.0,8.2538
Bend_pickup_lowLight_leftRight,78,,Sitting,,0.912,0.0,9.016
Bend_pickup_lowLight_leftRight,79,,Sitting,,0.894,0.0,9.7591
Bend_pickup_lowLight_leftRight,80,,Sitting,,0.862,0.0,11.9477
Bend_pickup_lowLight_leftRight,81,,Sitting,,0.849,0.0,13.2784
Bend_pickup_lowLight_leftRight,82,,Sitting,,0.665,0.0,11.5267
Bend_pickup_lowLight_leftRight,83,,Sitting,,0.501,0.0,13.8968
Bend_pickup_lowLight_leftRight,84,,Standing,,0.658,0.0,13.425
Bend_pickup_lowLight_leftRight,85,,Standing,,0.968,0.0,13.1684
Bend_pickup_lowLight_leftRight,86,,Standing,,0.981,0.0,10.5426
Bend_pickup_lowLight_leftRight,87,,Standing,,0.996,0.0,9.8586
Bend_pickup_lowLight_leftRight,88,,Standing,,0.996,0.0,10.6354
Bend_pickup_lowLight_leftRight,89,,Standing,,0.997,0.0,14.4048
Bend_pickup_lowLight_leftRight,90,Standing,Standing,True,0.997,0.0,11.7512
Bend_pickup_lowLight_leftRight,91,Standing,Standing,True,0.999,0.0,13.0896
Bend_pickup_lowLight_leftRight,92,Standing,Standing,True,0.998,0.0,14.0909
Bend_pickup_lowLight_leftRight,93,Standing,Standing,True,0.995,0.0,13.7088
Bend_pickup_lowLight_leftRight,94,Standing,Standing,True,0.989,0.0,10.1227
Bend_pickup_lowLight_leftRight,95,Standing,Standing,True,0.91,0.0,11.9481
Bend_pickup_lowLight_leftRight,96,Standing,Standing,True,0.944,0.0,10.4867
Bend_pickup_lowLight_leftRight,97,Standing,Standing,True,0.973,0.0,11.8216
Bend_pickup_lowLight_leftRight,98,Standing,Standing,True,0.957,0.0,10.9229
Bend_pickup_lowLight_leftRight,99,Standing,Standing,True,0.988,0.0,12.5019
Bend_pickup_lowLight_leftRight,100,Standing,Standing,True,0.983,0.0,9.8579
Bend_pickup_lowLight_leftRight,101,Standing,Standing,True,0.989,0.0,9.3113
Bend_pickup_lowLight_leftRight,102,Standing,Standing,True,0.991,0.0,9.401
Bend_pickup_lowLight_leftRight,103,Standing,Standing,True,0.991,0.0,11.214
Bend_pickup_lowLight_leftRight,104,Standing,Standing,True,0.994,0.0,8.9215
Bend_pickup_lowLight_leftRight,105,Standing,Standing,True,0.992,0.0,10.9565
Bend_pickup_lowLight_leftRight,106,Standing,Standing,True,0.996,0.0,8.4068
Bend_pickup_lowLight_leftRight,107,Standing,Standing,True,0.992,0.0,7.835
Bend_pickup_lowLight_leftRight,108,Standing,Standing,True,0.989,0.0,8.6069
Bend_pickup_lowLight_leftRight,109,Standing,Standing,True,0.996,0.0,8.4273
Bend_pickup_lowLight_leftRight,110,Standing,Standing,True,0.997,0.0,11.7028
Bend_pickup_lowLight_leftRight,111,Standing,Standing,True,0.998,0.0,9.2369
Bend_pickup_lowLight_leftRight,112,Standing,Standing,True,0.996,0.0,8.879
Bend_pickup_lowLight_leftRight,113,Standing,Standing,True,0.996,0.0,8.4997
Bend_pickup_lowLight_leftRight,114,Standing,Standing,True,0.995,0.0,8.6644
Bend_pickup_lowLight_leftRight,115,Standing,Standing,True,0.983,0.0,8.7174
Bend_pickup_lowLight_leftRight,116,Standing,Standing,True,0.942,0.0,8.1132
Bend_pickup_lowLight_leftRight,117,Standing,Standing,True,0.964,0.0,8.6844
Bend_pickup_lowLight_leftRight,118,Standing,Standing,True,0.965,0.0,8.6498
Bend_pickup_lowLight_leftRight,119,Standing,Standing,True,0.971,0.0,8.8881
Bend_pickup_lowLight_leftRight,120,Standing,Standing,True,0.969,0.0,9.201
Bend_pickup_lowLight_leftRight,121,Standing,Standing,True,0.991,0.0,9.2146
Bend_pickup_lowLight_leftRight,122,Standing,Standing,True,0.983,0.0,9.0196
Bend_pickup_lowLight_leftRight,123,Standing,Standing,True,0.976,0.0,8.4976
Bend_pickup_lowLight_leftRight,124,Standing,Standing,True,0.977,0.0,8.3993
Bend_pickup_lowLight_leftRight,125,Standing,Standing,True,0.975,0.0,9.0828
Bend_pickup_lowLight_leftRight,126,Standing,Standing,True,0.982,0.0,8.8171
Bend_pickup_lowLight_leftRight,127,Standing,Standing,True,0.969,0.0,9.0343
Bend_pickup_lowLight_leftRight,128,Standing,Standing,True,0.976,0.0,9.8569
Bend_pickup_lowLight_leftRight,129,,Standing,,0.978,0.0,8.6644
Bend_pickup_lowLight_leftRight,130,,Standing,,0.981,0.0,6.5005
Bend_pickup_lowLight_leftRight,131,,Standing,,0.975,0.0,5.86
Bend_pickup_lowLight_leftRight,132,,Standing,,0.948,0.0,5.9154
Bend_pickup_lowLight_leftRight,133,,Standing,,0.917,0.0,6.7342
Bend_pickup_lowLight_leftRight,134,,Standing,,0.949,0.0,9.0846
Bend_pickup_lowLight_leftRight,135,,Standing,,0.896,0.0,8.5029
Bend_pickup_lowLight_leftRight,136,,Standing,,0.967,0.0,8.2716
Bend_pickup_lowLight_leftRight,137,,Standing,,0.944,0.0,8.181
Bend_pickup_lowLight_leftRight,138,,Standing,,0.957,0.0,8.2665
Bend_pickup_lowLight_leftRight,139,,Standing,,0.911,0.0,8.6438
Bend_pickup_lowLight_leftRight,140,,Standing,,0.934,0.0,8.5188
Bend_pickup_lowLight_leftRight,141,,Standing,,0.932,0.0,8.6173
Bend_pickup_lowLight_leftRight,142,,Standing,,0.942,0.0,9.2536
Bend_pickup_lowLight_leftRight,143,,Standing,,0.948,0.0,9.0987
Bend_pickup_lowLight_leftRight,144,,Standing,,0.955,0.0,9.796
Bend_pickup_lowLight_leftRight,145,,Standing,,0.95,0.0,9.7948
Bend_pickup_lowLight_leftRight,146,,Standing,,0.94,0.0,10.8291
Bend_pickup_lowLight_leftRight,147,,Standing,,0.959,0.0,11.2275
Bend_pickup_lowLight_leftRight,148,,Standing,,0.952,0.0,8.0358
Bend_pickup_lowLight_leftRight,149,,Standing,,0.951,0.0,8.2969
Bend_pickup_lowLight_leftRight,150,,Standing,,0.956,0.0,9.9897
Bend_pickup_lowLight_leftRight,151,,Standing,,0.976,0.0,10.8667
Bend_pickup_lowLight_leftRight,152,,Standing,,0.973,0.0,10.2856
Bend_pickup_lowLight_leftRight,153,,Standing,,0.993,0.0,10.4703
Bend_pickup_lowLight_leftRight,154,,Standing,,0.985,0.0,8.4934
Bend_pickup_lowLight_leftRight,155,,Standing,,0.986,0.0,9.0914
Bend_pickup_lowLight_leftRight,156,,Standing,,0.994,0.0,8.5899
Bend_pickup_lowLight_leftRight,157,,Standing,,0.991,0.0,9.7053
Bend_pickup_lowLight_leftRight,158,,Standing,,0.991,0.0,9.2032
Bend_pickup_lowLight_leftRight,159,,Standing,,0.995,0.0,8.4634
Bend_pickup_lowLight_leftRight,160,,Standing,,0.997,0.0,8.986
Bend_pickup_lowLight_leftRight,161,,Standing,,0.996,0.0,8.228
Bend_pickup_lowLight_leftRight,162,,Standing,,0.995,0.0,9.2282
Bend_pickup_lowLight_leftRight,163,,Standing,,0.995,0.0,10.6719
Bend_pickup_lowLight_leftRight,164,,Standing,,0.984,0.0,8.2934
Bend_pickup_lowLight_leftRight,165,,Standing,,0.967,0.0,7.995
Bend_pickup_lowLight_leftRight,166,,Sitting,,0.575,0.0,6.6264
Bend_pickup_lowLight_leftRight,167,,Sitting,,0.518,0.0,8.4233
Bend_pickup_lowLight_leftRight,168,,Sitting,,0.492,0.0,8.0364
Bend_pickup_lowLight_leftRight,169,,Standing,,0.724,0.0,9.9724
Bend_pickup_lowLight_leftRight,170,,Standing,,0.826,0.0,9.0228
Bend_pickup_lowLight_leftRight,171,,Standing,,0.87,0.0,7.781
Bend_pickup_lowLight_leftRight,172,,Standing,,0.991,0.0,7.7546
Bend_pickup_lowLight_leftRight,173,,Standing,,0.991,0.0,9.2824
Bend_pickup_lowLight_leftRight,174,,Standing,,0.995,0.0,10.1992
Bend_pickup_lowLight_leftRight,175,,Standing,,0.989,0.0,10.6119
Bend_pickup_lowLight_leftRight,176,,Standing,,0.964,0.0,10.3318
Bend_pickup_lowLight_leftRight,177,,Standing,,0.791,0.0,10.4514
Bend_pickup_lowLight_leftRight,178,,Standing,,0.964,0.0,11.0734
Bend_pickup_lowLight_leftRight,179,,Standing,,0.935,0.0,11.4587
Bend_pickup_lowLight_leftRight,180,,Standing,,0.952,0.0,8.6753
Bend_pickup_lowLight_leftRight,181,,Standing,,0.861,0.0,7.8304
Bend_pickup_lowLight_leftRight,182,,Standing,,0.843,0.0,7.9873
Bend_pickup_lowLight_leftRight,183,,Standing,,0.632,0.0,9.1393
Bend_pickup_lowLight_leftRight,184,,Standing,,0.567,0.0,9.1515
Bend_pickup_lowLight_leftRight,185,,Sitting,,0.542,0.0,10.2675
Bend_pickup_lowLight_leftRight,186,,Sitting,,0.806,0.0,13.4352
Bend_pickup_lowLight_leftRight,187,,Sitting,,0.85,0.0,10.8086
Bend_pickup_lowLight_leftRight,188,,Sitting,,0.857,0.0,9.9087
Bend_pickup_lowLight_leftRight,189,,Sitting,,0.76,0.0,10.5775
Bend_pickup_lowLight_leftRight,190,,Sitting,,0.689,0.0,10.1131
Bend_pickup_lowLight_leftRight,191,,Sitting,,0.707,0.0,9.1786
Bend_pickup_lowLight_leftRight,192,,Sitting,,0.723,0.0,10.6432
Bend_pickup_lowLight_leftRight,193,,Sitting,,0.716,0.0,9.4659
Bend_pickup_lowLight_leftRight,194,,Standing,,0.571,0.0,8.7422
Bend_pickup_lowLight_leftRight,195,,Standing,,0.922,0.0,8.9374
Bend_pickup_lowLight_leftRight,196,,Standing,,0.538,0.0,7.8239
Bend_pickup_lowLight_leftRight,197,,Standing,,0.678,0.0,7.0983
Bend_pickup_lowLight_leftRight,198,,Standing,,0.87,0.0,6.7267
Bend_pickup_lowLight_leftRight,199,,Standing,,0.964,0.0,7.9988
Bend_pickup_lowLight_leftRight,200,,Standing,,0.988,0.0,10.3877
Bend_pickup_lowLight_leftRight,201,,Standing,,0.959,0.0,9.7006
Bend_pickup_lowLight_leftRight,202,,Standing,,0.975,0.0,9.7332
Bend_pickup_lowLight_leftRight,203,,Standing,,0.953,0.0,9.3994
Bend_pickup_lowLight_leftRight,204,,Standing,,0.956,0.0,7.8492
Bend_pickup_lowLight_leftRight,205,,Standing,,0.989,0.0,8.3169
Bend_pickup_lowLight_leftRight,206,Standing,Standing,True,0.983,0.0,9.1014
Bend_pickup_lowLight_leftRight,207,Standing,Standing,True,0.993,0.0,7.9678
Bend_pickup_lowLight_leftRight,208,Standing,Standing,True,0.99,0.0,6.8839
Bend_pickup_lowLight_leftRight,209,Standing,Standing,True,0.993,0.0,8.9803
Bend_pickup_lowLight_leftRight,210,Standing,Standing,True,0.994,0.0,6.5836
Bend_pickup_lowLight_leftRight,211,Standing,Standing,True,0.997,0.0,8.9063
Bend_pickup_lowLight_leftRight,212,Standing,Standing,True,0.999,0.0,9.4864
Bend_pickup_lowLight_leftRight,213,Standing,Standing,True,0.999,0.0,8.7834
Bend_pickup_lowLight_leftRight,214,Standing,Standing,True,0.999,0.0,8.538
Bend_pickup_lowLight_leftRight,215,Standing,Standing,True,0.998,0.0,8.2664
Bend_pickup_lowLight_leftRight,216,Standing,Standing,True,0.999,0.0,9.9357
Bend_pickup_lowLight_leftRight,217,Standing,Standing,True,0.998,0.0,8.3917
Bend_pickup_lowLight_leftRight,218,Standing,Standing,True,0.993,0.0,7.6563
Bend_pickup_lowLight_leftRight,219,Standing,Standing,True,0.997,0.0,8.3513
Bend_pickup_lowLight_leftRight,220,Standing,Standing,True,0.999,0.0,7.8258
Bend_pickup_lowLight_leftRight,221,Standing,Standing,True,0.999,0.0,8.1771
Bend_pickup_lowLight_leftRight,222,Standing,Standing,True,0.999,0.0,7.9546
Bend_pickup_lowLight_leftRight,223,Standing,Standing,True,0.999,0.0,7.9101
Bend_pickup_lowLight_leftRight,224,Standing,Standing,True,0.999,0.0,7.8663
Bend_pickup_lowLight_leftRight,225,Standing,Standing,True,0.998,0.0,8.0883
Bend_pickup_lowLight_leftRight,226,Standing,Standing,True,0.999,0.0,8.2102
Bend_pickup_lowLight_leftRight,227,Standing,Standing,True,0.998,0.0,8.5831
Bend_pickup_lowLight_leftRight,228,Standing,Standing,True,0.996,0.0,7.9099
Bend_pickup_lowLight_leftRight,229,Standing,Standing,True,0.999,0.0,7.3525
Bend_pickup_lowLight_leftRight,230,Standing,Standing,True,0.999,0.0,7.5114
Bend_pickup_lowLight_leftRight,231,Standing,Standing,True,0.999,0.0,7.3642
Bend_pickup_lowLight_leftRight,232,Standing,Standing,True,0.999,0.0,7.1259
Bend_pickup_lowLight_leftRight,233,,Standing,,0.998,0.0,7.562
Bend_pickup_lowLight_leftRight,234,,Standing,,0.998,0.0,7.9904
Bend_pickup_lowLight_leftRight,235,,Standing,,0.998,0.0,8.3962
Bend_pickup_lowLight_leftRight,236,,Standing,,0.995,0.0,7.3577
Bend_pickup_lowLight_leftRight,237,,Standing,,0.996,0.0,7.8485
Bend_pickup_lowLight_leftRight,238,,Standing,,0.997,0.0,6.9215
Bend_pickup_lowLight_leftRight,239,,Standing,,0.995,0.0,8.0183
Bend_pickup_lowLight_leftRight,240,,Standing,,0.99,0.0,7.4194
Bend_pickup_lowLight_leftRight,241,,Standing,,0.996,0.0,7.7627
Bend_pickup_lowLight_leftRight,242,,Standing,,0.995,0.0,7.3572
Bend_pickup_normalLight_back,31,Standing,Standing,True,0.998,0.0,8.2853
Bend_pickup_normalLight_back,32,Standing,Standing,True,0.995,0.0,7.1622
Bend_pickup_normalLight_back,33,Standing,Standing,True,0.994,0.0,7.8988
Bend_pickup_normalLight_back,34,Standing,Standing,True,0.993,0.0,7.8176
Bend_pickup_normalLight_back,35,Standing,Standing,True,0.993,0.0,8.0941
Bend_pickup_normalLight_back,36,Standing,Standing,True,0.981,0.0,6.2803
Bend_pickup_normalLight_back,37,Standing,Standing,True,0.981,0.0,8.1052
Bend_pickup_normalLight_back,38,Standing,Standing,True,0.972,0.0,6.8188
Bend_pickup_normalLight_back,39,Standing,Standing,True,0.981,0.0,5.5149
Bend_pickup_normalLight_back,40,Standing,Standing,True,0.986,0.0,5.2534
Bend_pickup_normalLight_back,41,Standing,Standing,True,0.978,0.0,5.0818
Bend_pickup_normalLight_back,42,Standing,Standing,True,0.974,0.0,5.6351
Bend_pickup_normalLight_back,43,Standing,Standing,True,0.957,0.0,7.5678
Bend_pickup_normalLight_back,44,Standing,Standing,True,0.954,0.0,7.1824
Bend_pickup_normalLight_back,45,Standing,Standing,True,0.91,0.0,6.2899
Bend_pickup_normalLight_back,46,Standing,Standing,True,0.899,0.0,7.8976
Bend_pickup_normalLight_back,47,Standing,Standing,True,0.916,0.0,7.5737
Bend_pickup_normalLight_back,48,Standing,Standing,True,0.785,0.0,7.6733
Bend_pickup_normalLight_back,49,Standing,Standing,True,0.807,0.0,7.3631
Bend_pickup_normalLight_back,50,Standing,Standing,True,0.828,0.0,7.9793
Bend_pickup_normalLight_back,51,Standing,Standing,True,0.861,0.0,8.0042
Bend_pickup_normalLight_back,52,Standing,Standing,True,0.925,0.0,8.6167
Bend_pickup_normalLight_back,53,Standing,Standing,True,0.947,0.0,7.3186
Bend_pickup_normalLight_back,54,Standing,Standing,True,0.945,0.0,7.7622
Bend_pickup_normalLight_back,55,Standing,Standing,True,0.921,0.0,8.3762
Bend_pickup_normalLight_back,56,Standing,Standing,True,0.965,0.0,8.6025
Bend_pickup_normalLight_back,57,Standing,Standing,True,0.986,0.0,12.8341
Bend_pickup_normalLight_back,58,,Standing,,0.978,0.0,7.9408
Bend_pickup_normalLight_back,59,,Standing,,0.985,0.0,11.9258
Bend_pickup_normalLight_back,60,,Standing,,0.993,0.0,5.4273
Bend_pickup_normalLight_back,61,,Standing,,0.996,0.0,6.3115
Bend_pickup_normalLight_back,62,,Standing,,0.996,0.0,8.7361
Bend_pickup_normalLight_back,63,,Standing,,0.993,0.0,6.3967
Bend_pickup_normalLight_back,64,,Standing,,0.994,0.0,6.0254
Bend_pickup_normalLight_back,65,,Standing,,0.989,0.0,10.3381
Bend_pickup_normalLight_back,66,,Standing,,0.991,0.0,11.6656
Bend_pickup_normalLight_back,67,,Standing,,0.995,0.0,6.831
Bend_pickup_normalLight_back,68,,Standing,,0.996,0.0,5.3034
Bend_pickup_normalLight_back,69,,Standing,,0.994,0.0,8.1474
Bend_pickup_normalLight_back,70,,Standing,,0.992,0.0,7.2111
Bend_pickup_normalLight_back,71,,Standing,,0.996,0.0,7.0031
Bend_pickup_normalLight_back,72,,Standing,,0.994,0.0,6.8611
Bend_pickup_normalLight_back,73,,Standing,,0.995,0.0,7.9134
Bend_pickup_normalLight_back,74,,Standing,,0.994,0.0,6.9443
Bend_pickup_normalLight_back,75,,Standing,,0.996,0.0,6.6122
Bend_pickup_normalLight_back,76,,Standing,,0.996,0.0,7.6469
Bend_pickup_normalLight_back,77,,Standing,,0.997,0.0,8.0437
Bend_pickup_normalLight_back,78,,Standing,,0.997,0.0,7.6475
Bend_pickup_normalLight_back,79,,Standing,,0.999,0.0,8.4841
Bend_pickup_normalLight_back,80,,Standing,,0.998,0.0,7.7333
Bend_pickup_normalLight_back,81,,Standing,,0.996,0.0,8.0289
Bend_pickup_normalLight_back,82,,Standing,,0.993,0.0,8.6174
Bend_pickup_normalLight_back,83,,Standing,,0.995,0.0,7.8113
Bend_pickup_normalLight_back,84,,Standing,,0.987,0.0,7.572
Bend_pickup_normalLight_back,85,,Standing,,0.998,0.0,7.4314
Bend_pickup_normalLight_back,86,,Standing,,0.994,0.0,7.4077
Bend_pickup_normalLight_back,87,,Standing,,0.993,0.0,7.7186
Bend_pickup_normalLight_back,88,,Standing,,0.991,0.0,7.7119
Bend_pickup_normalLight_back,89,,Standing,,0.996,0.0,7.5207
Bend_pickup_normalLight_back,90,,Standing,,0.998,0.0,8.5329
Bend_pickup_normalLight_back,91,,Standing,,0.993,0.0,7.9209
Bend_pickup_normalLight_back,92,,Standing,,0.999,0.0,8.0308
Bend_pickup_normalLight_back,93,,Standing,,0.997,0.0,8.911
Bend_pickup_normalLight_back,94,,Standing,,0.999,0.0,7.3353
Bend_pickup_normalLight_back,95,,Standing,,0.999,0.0,7.6123
Bend_pickup_normalLight_back,96,,Standing,,0.999,0.0,5.9486
Bend_pickup_normalLight_back,97,,Standing,,0.999,0.0,5.2791
Bend_pickup_normalLight_back,98,,Standing,,0.997,0.0,5.0937
Bend_pickup_normalLight_back,99,,Standing,,0.999,0.0,6.2301
Bend_pickup_normalLight_back,100,,Standing,,0.961,1.0,5.623
Bend_pickup_normalLight_back,101,,Standing,,0.999,0.0,6.7916
Bend_pickup_normalLight_back,102,,Standing,,1.0,0.0,8.5468
Bend_pickup_normalLight_back,103,,Standing,,0.999,0.0,8.5495
Bend_pickup_normalLight_back,104,,Standing,,0.993,0.0,8.5922
Bend_pickup_normalLight_back,105,,Standing,,0.995,0.0,9.551
Bend_pickup_normalLight_back,106,,Standing,,0.999,0.0,8.1733
Bend_pickup_normalLight_back,107,,Standing,,0.999,0.0,8.3859
Bend_pickup_normalLight_back,108,,Standing,,0.998,0.0,8.9385
Bend_pickup_normalLight_back,109,,Standing,,0.998,0.0,8.2497
Bend_pickup_normalLight_back,110,,Standing,,0.998,0.0,7.3647
Bend_pickup_normalLight_back,111,,Standing,,0.999,0.0,5.4741
Bend_pickup_normalLight_back,112,,Standing,,0.999,0.0,5.2299
Bend_pickup_normalLight_back,113,,Standing,,0.999,0.0,7.8655
Bend_pickup_normalLight_back,114,,Standing,,0.999,0.0,8.4526
Bend_pickup_normalLight_back,115,,Standing,,0.999,0.0,8.6606
Bend_pickup_normalLight_back,116,,Standing,,0.999,0.0,9.323
Bend_pickup_normalLight_back,117,,Standing,,0.999,0.0,8.331
Bend_pickup_normalLight_back,118,,Standing,,0.999,0.0,8.4696
Bend_pickup_normalLight_back,119,,Standing,,0.998,0.0,12.1707
Bend_pickup_normalLight_back,120,,Standing,,0.996,0.0,10.6099
Bend_pickup_normalLight_back,121,,Standing,,0.999,0.0,11.3443
Bend_pickup_normalLight_back,122,,Standing,,0.999,0.0,9.16
Bend_pickup_normalLight_back,123,,Standing,,0.999,0.0,8.1276
Bend_pickup_normalLight_back,124,,Standing,,0.999,0.0,9.813
Bend_pickup_normalLight_back,125,,Standing,,1.0,0.0,10.4285
Bend_pickup_normalLight_back,126,,Standing,,1.0,0.0,16.0202
Bend_pickup_normalLight_back,127,,Standing,,1.0,0.0,11.7777
Bend_pickup_normalLight_back,128,,Standing,,1.0,0.0,9.1381
Bend_pickup_normalLight_back,129,,Standing,,1.0,0.0,10.0772
Bend_pickup_normalLight_back,130,,Standing,,1.0,0.0,11.0286
Bend_pickup_normalLight_back,131,,Standing,,1.0,0.0,8.0004
Bend_pickup_normalLight_back,132,,Standing,,0.999,0.0,9.5624
Bend_pickup_normalLight_back,133,,Standing,,0.999,0.0,8.6305
Bend_pickup_normalLight_back,134,,Standing,,0.999,0.0,9.3442
Bend_pickup_normalLight_back,135,,Standing,,1.0,0.0,8.5817
Bend_pickup_normalLight_back,136,,Standing,,1.0,0.0,8.288
Bend_pickup_normalLight_back,137,,Standing,,1.0,0.0,7.7038
Bend_pickup_normalLight_back,138,,Standing,,1.0,0.0,8.3898
Bend_pickup_normalLight_back,139,,Standing,,1.0,0.0,8.1024
Bend_pickup_normalLight_back,140,,Standing,,1.0,0.0,9.8449
Bend_pickup_normalLight_back,141,,Standing,,1.0,0.0,8.2666
Bend_pickup_normalLight_back,142,,Standing,,1.0,0.0,8.0545
Bend_pickup_normalLight_back,143,,Standing,,1.0,0.0,9.5128
Bend_pickup_normalLight_back,144,,Standing,,1.0,0.0,10.6238
Bend_pickup_normalLight_back,145,,Standing,,1.0,0.0,9.0278
Bend_pickup_normalLight_back,146,Standing,Standing,True,0.999,0.0,8.5054
Bend_pickup_normalLight_back,147,Standing,Standing,True,1.0,0.0,8.6592
Bend_pickup_normalLight_back,148,Standing,Standing,True,1.0,0.0,6.7786
Bend_pickup_normalLight_back,149,Standing,Standing,True,0.999,0.0,7.0948
Bend_pickup_normalLight_back,150,Standing,Standing,True,1.0,0.0,8.7304
Bend_pickup_normalLight_back,151,Standing,Standing,True,1.0,0.0,6.9414
Bend_pickup_normalLight_back,152,Standing,Standing,True,1.0,0.0,7.4552
Bend_pickup_normalLight_back,153,Standing,Standing,True,1.0,0.0,9.1707
Bend_pickup_normalLight_back,154,Standing,Standing,True,1.0,0.0,10.5416
Bend_pickup_normalLight_back,155,Standing,Standing,True,1.0,0.0,8.4951
Bend_pickup_normalLight_back,156,Standing,Standing,True,1.0,0.0,9.7753
Bend_pickup_normalLight_back,157,Standing,Standing,True,1.0,0.0,10.7695
Bend_pickup_normalLight_back,158,Standing,Standing,True,1.0,0.0,10.1529
Bend_pickup_normalLight_back,159,Standing,Standing,True,1.0,0.0,5.989
Bend_pickup_normalLight_back,160,Standing,Standing,True,1.0,0.0,8.3297
Bend_pickup_normalLight_back,161,Standing,Standing,True,1.0,0.0,6.0428
Bend_pickup_normalLight_back,162,Standing,Standing,True,1.0,0.0,5.7244
Bend_pickup_normalLight_back,163,Standing,Standing,True,0.999,0.0,9.431
Bend_pickup_normalLight_back,164,Standing,Standing,True,0.999,0.0,12.8511
Bend_pickup_normalLight_back,165,Standing,Standing,True,0.999,0.0,11.2864
Bend_pickup_normalLight_back,166,Standing,Standing,True,0.999,0.0,13.2122
Bend_pickup_normalLight_back,167,Standing,Standing,True,0.998,0.0,9.8475
Bend_pickup_normalLight_back,168,Standing,Standing,True,0.999,0.0,9.844
Bend_pickup_normalLight_back,169,Standing,Standing,True,0.999,0.0,9.2319
Bend_pickup_normalLight_back,170,Standing,Standing,True,0.999,0.0,10.2063
Bend_pickup_normalLight_back,171,Standing,Standing,True,0.999,0.0,8.6651
Bend_pickup_normalLight_back,172,Standing,Standing,True,0.999,0.0,10.8034
Bend_pickup_normalLight_back,173,Standing,Standing,True,0.998,0.0,9.2245
Bend_pickup_normalLight_back,174,Standing,Standing,True,0.999,0.0,6.6794
Bend_pickup_normalLight_back,175,,Standing,,0.998,0.0,8.4682
Bend_pickup_normalLight_back,176,,Standing,,0.998,0.0,8.5269
Bend_pickup_normalLight_back,177,,Standing,,0.995,0.0,8.1199
Bend_pickup_normalLight_back,178,,Standing,,0.994,0.0,9.5695
Bend_pickup_normalLight_back,179,,Standing,,0.994,0.0,10.6913
Bend_pickup_normalLight_back,180,,Standing,,0.995,0.0,6.9653
Bend_pickup_normalLight_back,181,,Standing,,0.997,0.0,11.114
Bend_pickup_normalLight_back,182,,Standing,,0.997,0.0,10.6318
Bend_pickup_normalLight_back,183,,Standing,,0.997,0.0,7.9526
Bend_pickup_normalLight_back,184,,Standing,,0.994,0.0,10.0592
Bend_pickup_normalLight_back,185,,Standing,,0.995,0.0,9.2235
Bend_pickup_normalLight_back,186,,Standing,,0.994,0.0,8.6379
Bend_pickup_normalLight_back,187,,Standing,,0.997,0.0,8.8898
Bend_pickup_normalLight_back,188,,Standing,,0.998,0.0,9.6873
Bend_pickup_normalLight_back,189,,Standing,,0.997,0.0,9.4667
Bend_pickup_normalLight_back,190,,Standing,,0.996,0.0,8.5287
Bend_pickup_normalLight_back,191,,Standing,,0.991,0.0,9.47
Bend_pickup_normalLight_back,192,,Standing,,0.992,0.0,9.0839
Bend_pickup_normalLight_back,193,,Standing,,0.989,0.0,8.6929
Bend_pickup_normalLight_back,194,,Standing,,0.993,0.0,8.4688
Bend_pickup_normalLight_back,195,,Standing,,0.995,0.0,8.334
Bend_pickup_normalLight_back,196,,Standing,,0.993,0.0,8.3121
Bend_pickup_normalLight_back,197,,Standing,,0.991,0.0,9.814
Bend_pickup_normalLight_back,198,,Standing,,0.992,0.0,23.3335
Bend_pickup_normalLight_back,199,,Standing,,0.995,0.0,20.9438
Bend_pickup_normalLight_back,200,,Standing,,0.998,0.0,20.6884
Bend_pickup_normalLight_back,201,,Standing,,0.997,0.0,24.0389
Bend_pickup_normalLight_back,202,,Standing,,0.988,0.0,12.5503
Bend_pickup_normalLight_back,203,,Standing,,0.994,0.0,22.5681
Bend_pickup_normalLight_back,204,,Standing,,0.983,0.0,21.1844
Bend_pickup_normalLight_back,205,,Standing,,0.979,0.0,25.5795
Bend_pickup_normalLight_back,206,,Standing,,0.995,0.0,19.2529
Bend_pickup_normalLight_back,207,,Standing,,0.996,0.0,22.6765
Bend_pickup_normalLight_back,208,,Standing,,0.952,0.0,21.6425
Bend_pickup_normalLight_back,209,,Standing,,0.958,0.0,19.1683
Bend_pickup_normalLight_back,210,,Standing,,0.875,0.0,23.9783
Bend_pickup_normalLight_back,211,,Standing,,0.91,0.0,18.95
Bend_pickup_normalLight_back,212,,Standing,,0.928,0.0,20.5202
Bend_pickup_normalLight_back,213,,Standing,,0.944,0.0,18.7949
Bend_pickup_normalLight_back,214,,Standing,,0.936,0.0,18.1794
Bend_pickup_normalLight_back,215,,Standing,,0.882,0.0,9.7924
Bend_pickup_normalLight_back,216,,Standing,,0.971,0.0,11.0756
Bend_pickup_normalLight_back,217,,Standing,,0.957,0.0,16.1878
Bend_pickup_normalLight_back,218,,Standing,,0.95,0.0,30.2051
Bend_pickup_normalLight_back,219,,Standing,,0.786,0.0,13.0188
Bend_pickup_normalLight_back,220,,Standing,,0.638,0.0,12.0343
Bend_pickup_normalLight_back,221,,Sitting,,0.473,0.0,9.596
Bend_pickup_normalLight_back,222,,Sitting,,0.659,0.0,7.3649
Bend_pickup_normalLight_back,223,,Sitting,,0.552,0.0,12.222
Bend_pickup_normalLight_back,224,,Sitting,,0.578,0.0,13.8982
Bend_pickup_normalLight_back,225,,Sitting,,0.689,0.0,11.7314
Bend_pickup_normalLight_back,226,,Sitting,,0.655,0.0,10.3391
Bend_pickup_normalLight_back,227,,Sitting,,0.616,0.0,13.1929
Bend_pickup_normalLight_back,228,,Sitting,,0.459,0.0,11.5411
Bend_pickup_normalLight_back,229,,Lying,,0.444,0.0,8.4329
Bend_pickup_normalLight_back,230,,Sitting,,0.419,0.0,11.8332
Bend_pickup_normalLight_back,231,,Lying,,0.5,0.0,12.1279
Bend_pickup_normalLight_back,232,,Standing,,0.521,0.0,11.9477
Bend_pickup_normalLight_back,233,,Lying,,0.386,0.0,11.2668
Bend_pickup_normalLight_back,234,,Sitting,,0.396,0.0,11.316
Bend_pickup_normalLight_back,235,,Standing,,0.951,0.0,11.2262
Bend_pickup_normalLight_back,236,,Standing,,0.934,0.0,11.4021
Bend_pickup_normalLight_back,237,,Standing,,0.781,0.0,9.5319
Bend_pickup_normalLight_back,238,,Standing,,0.966,0.0,10.6037
Bend_pickup_normalLight_back,239,,Standing,,0.988,0.0,10.0604
Bend_pickup_normalLight_back,240,,Standing,,0.992,0.0,8.6942
Bend_pickup_normalLight_back,241,,Standing,,0.992,0.0,10.5744
Bend_pickup_normalLight_back,242,,Standing,,0.99,0.0,11.1563
Bend_pickup_normalLight_back,243,,Standing,,0.963,0.0,9.7137
Bend_pickup_normalLight_back,244,,Standing,,0.975,0.0,9.1693
Bend_pickup_normalLight_back,245,,Standing,,0.934,0.0,7.7972
Bend_pickup_normalLight_back,246,,Standing,,0.969,0.0,7.7593
Bend_pickup_normalLight_back,247,,Standing,,0.944,0.0,8.7531
Bend_pickup_normalLight_back,248,,Standing,,0.991,0.0,10.3953
Bend_pickup_normalLight_back,249,,Standing,,0.986,0.0,7.8979
Bend_pickup_normalLight_back,250,,Standing,,0.979,0.0,8.5227
Bend_pickup_normalLight_back,251,,Standing,,0.994,0.0,8.239
Bend_pickup_normalLight_back,252,,Standing,,0.984,0.0,8.8175
Bend_pickup_normalLight_back,253,,Standing,,0.997,0.0,9.856
Bend_pickup_normalLight_back,254,,Standing,,0.98,0.0,8.6142
Bend_pickup_normalLight_back,255,,Standing,,0.998,0.0,8.6283
Bend_pickup_normalLight_back,256,,Standing,,0.998,0.0,8.1934
Bend_pickup_normalLight_back,257,,Standing,,0.999,0.0,8.2409
Bend_pickup_normalLight_back,258,,Standing,,0.999,0.0,7.8124
Bend_pickup_normalLight_back,259,,Standing,,0.999,0.0,8.2902
Bend_pickup_normalLight_back,260,,Standing,,0.999,0.0,9.228
Bend_pickup_normalLight_back,261,,Standing,,1.0,0.0,8.7904
Bend_pickup_normalLight_back,262,Standing,Standing,True,1.0,0.0,8.4548
Bend_pickup_normalLight_back,263,Standing,Standing,True,0.999,0.0,8.2245
Bend_pickup_normalLight_back,264,Standing,Standing,True,1.0,0.0,7.478
Bend_pickup_normalLight_back,265,Standing,Standing,True,1.0,0.0,7.2657
Bend_pickup_normalLight_back,266,Standing,Standing,True,1.0,0.0,9.822
Bend_pickup_normalLight_back,267,Standing,Standing,True,1.0,0.0,8.857
Bend_pickup_normalLight_back,268,Standing,Standing,True,0.999,0.0,7.2449
Bend_pickup_normalLight_back,269,Standing,Standing,True,0.999,0.0,7.9414
Bend_pickup_normalLight_back,270,Standing,Standing,True,1.0,0.0,8.3572
Bend_pickup_normalLight_back,271,Standing,Standing,True,0.999,0.0,9.2802
Bend_pickup_normalLight_back,272,Standing,Standing,True,0.999,0.0,8.0207
Bend_pickup_normalLight_back,273,Standing,Standing,True,0.999,0.0,9.217
Bend_pickup_normalLight_back,274,Standing,Standing,True,0.999,0.0,8.0424
Bend_pickup_normalLight_back,275,Standing,Standing,True,1.0,0.0,7.9617
Bend_pickup_normalLight_back,276,Standing,Standing,True,0.999,0.0,10.2826
Bend_pickup_normalLight_back,277,Standing,Standing,True,0.999,0.0,8.1427
Bend_pickup_normalLight_back,278,Standing,Standing,True,0.999,0.0,8.6592
Bend_pickup_normalLight_back,279,Standing,Standing,True,0.999,0.0,9.5601
Bend_pickup_normalLight_back,280,Standing,Standing,True,0.999,0.0,8.7749
Bend_pickup_normalLight_back,281,Standing,Standing,True,0.999,0.0,9.4902
Bend_pickup_normalLight_back,282,Standing,Standing,True,0.999,0.0,7.9028
Bend_pickup_normalLight_back,283,Standing,Standing,True,0.999,0.0,9.3156
Bend_pickup_normalLight_back,284,Standing,Standing,True,0.999,0.0,8.9026
Bend_pickup_normalLight_back,285,Standing,Standing,True,0.999,0.0,8.4185
Bend_pickup_normalLight_back,286,Standing,Standing,True,0.999,0.0,8.416
Bend_pickup_normalLight_back,287,Standing,Standing,True,0.999,0.0,8.3242
Bend_pickup_normalLight_back,288,Standing,Standing,True,0.997,0.0,9.278
Bend_pickup_normalLight_back,289,Standing,Standing,True,0.997,0.0,8.3517
Bend_pickup_normalLight_back,290,Standing,Standing,True,0.987,0.0,8.5816
Bend_pickup_normalLight_back,291,Standing,Standing,True,0.983,0.0,9.7204
Bend_pickup_normalLight_back,292,,Standing,,0.991,0.0,10.1352
Bend_pickup_normalLight_back,293,,Standing,,0.992,0.0,10.3135
Bend_pickup_normalLight_back,294,,Standing,,0.992,0.0,9.4365
Bend_pickup_normalLight_back,295,,Standing,,0.991,0.0,8.3682
Bend_pickup_normalLight_back,296,,Standing,,0.988,0.0,7.5004
Bend_pickup_normalLight_back,297,,Standing,,0.996,0.0,8.4194
Bend_pickup_normalLight_back,298,,Standing,,0.997,0.0,9.7241
Bend_pickup_normalLight_back,299,,Standing,,0.997,0.0,10.428
Bend_pickup_normalLight_back,300,,Standing,,0.997,0.0,8.6856
Bend_pickup_normalLight_back,301,,Standing,,0.998,0.0,7.5035
Bend_pickup_normalLight_back,302,,Standing,,0.997,0.0,7.2921
Bend_pickup_normalLight_back,303,,Standing,,0.997,0.0,8.5256
Bend_pickup_normalLight_back,304,,Standing,,0.998,0.0,8.4805
Bend_pickup_normalLight_back,305,,Standing,,0.998,0.0,8.5066
Bend_pickup_normalLight_back,306,,Standing,,0.997,0.0,7.5612
Bend_pickup_normalLight_back,307,,Standing,,0.996,0.0,7.5702
Bend_pickup_normalLight_back,308,,Standing,,0.994,0.0,8.4212
Bend_pickup_normalLight_back,309,,Standing,,0.997,0.0,9.7358
Bend_pickup_normalLight_back,310,,Standing,,0.997,0.0,10.0799
Bend_pickup_normalLight_back,311,,Standing,,0.997,0.0,8.9782
Bend_pickup_normalLight_back,312,,Standing,,0.996,0.0,8.2913
Bend_pickup_normalLight_back,313,,Standing,,0.997,0.0,7.9199
Bend_pickup_normalLight_back,314,,Standing,,0.997,0.0,13.6242
Bend_pickup_normalLight_back,315,,Standing,,0.995,0.0,16.1976
Bend_pickup_normalLight_back,316,,Standing,,0.994,0.0,9.8047
Bend_pickup_normalLight_back,317,,Standing,,0.994,0.0,8.5819
Bend_pickup_normalLight_back,318,,Standing,,0.998,0.0,8.4241
Bend_pickup_normalLight_back,319,,Standing,,0.999,0.0,8.6334
Bend_pickup_normalLight_back,320,,Standing,,0.998,0.0,7.2891
Bend_pickup_normalLight_back,321,,Standing,,0.998,0.0,8.4355
Bend_pickup_normalLight_back,322,,Standing,,0.995,0.0,8.1556
Bend_pickup_normalLight_back,323,,Standing,,0.994,0.0,8.6607
Bend_pickup_normalLight_back,324,,Standing,,0.995,0.0,6.9226
Bend_pickup_normalLight_back,325,,Standing,,0.998,0.0,6.7912
Bend_pickup_normalLight_back,326,,Standing,,0.998,0.0,5.9415
Bend_pickup_normalLight_back,327,,Standing,,0.996,0.0,8.3181
Bend_pickup_normalLight_back,328,,Standing,,0.998,0.0,10.7938
Bend_pickup_normalLight_back,329,,Standing,,0.986,0.0,9.1078
Bend_pickup_normalLight_back,330,,Standing,,0.985,0.0,8.3971
Bend_pickup_normalLight_back,331,,Standing,,0.986,0.0,8.3619
Bend_pickup_normalLight_back,332,,Standing,,0.968,0.0,8.4816
Bend_pickup_normalLight_back,333,,Standing,,0.921,0.0,8.2646
Bend_pickup_normalLight_back,334,,Standing,,0.882,0.0,8.3544
Bend_pickup_normalLight_back,335,,Standing,,0.98,0.0,8.8565
Bend_pickup_normalLight_back,336,,Standing,,0.985,0.0,10.0683
Bend_pickup_normalLight_back,337,,Standing,,0.902,0.0,9.6795
Bend_pickup_normalLight_back,338,,Standing,,0.905,0.0,8.7342
Bend_pickup_normalLight_back,339,,Standing,,0.619,0.0,8.3658
Bend_pickup_normalLight_back,340,,Sitting,,0.705,0.0,8.3452
Bend_pickup_normalLight_back,341,,Sitting,,0.89,0.0,8.752
Bend_pickup_normalLight_back,342,,Sitting,,0.981,0.0,7.9768
Bend_pickup_normalLight_back,343,,Sitting,,0.975,0.0,8.1972
Bend_pickup_normalLight_back,344,,Sitting,,0.996,0.0,7.5549
Bend_pickup_normalLight_back,345,,Sitting,,0.996,0.0,7.8323
Bend_pickup_normalLight_back,346,,Sitting,,0.996,0.0,8.1898
Bend_pickup_normalLight_back,347,,Sitting,,0.996,0.0,8.1503
Bend_pickup_normalLight_back,348,,Sitting,,0.995,0.0,8.1057
Bend_pickup_normalLight_back,349,,Sitting,,0.998,0.0,8.642
Bend_pickup_normalLight_back,350,,Sitting,,0.996,0.0,7.7592
Bend_pickup_normalLight_back,351,,Sitting,,0.998,0.0,8.1369
Bend_pickup_normalLight_back,352,,Sitting,,0.997,0.0,9.2592
Bend_pickup_normalLight_back,353,,Sitting,,0.996,0.0,7.902
Bend_pickup_normalLight_back,354,,Sitting,,0.995,0.0,6.8572
Bend_pickup_normalLight_back,355,,Sitting,,0.995,0.0,11.7709
Bend_pickup_normalLight_back,356,,Sitting,,0.957,0.0,8.5032
Bend_pickup_normalLight_back,357,,Sitting,,0.962,0.0,8.2306
Bend_pickup_normalLight_back,358,,Sitting,,0.979,0.0,10.6474
Bend_pickup_normalLight_back,359,,Sitting,,0.951,0.0,7.6798
Bend_pickup_normalLight_back,360,,Sitting,,0.963,0.0,10.1098
Bend_pickup_normalLight_back,361,,Sitting,,0.906,0.0,9.7341
Bend_pickup_normalLight_back,362,,Sitting,,0.956,0.0,8.5986
Bend_pickup_normalLight_back,363,,Sitting,,0.966,0.0,8.7775
Bend_pickup_normalLight_back,364,,Sitting,,0.963,0.0,8.4174
Bend_pickup_normalLight_back,365,,Sitting,,0.973,0.0,8.1863
Bend_pickup_normalLight_back,366,,Sitting,,0.937,0.0,8.7812
Bend_pickup_normalLight_back,367,,Sitting,,0.918,0.0,7.2591
Bend_pickup_normalLight_back,368,,Sitting,,0.919,0.0,16.5347
Bend_pickup_normalLight_back,369,,Sitting,,0.983,0.0,9.9793
Bend_pickup_normalLight_back,370,,Sitting,,0.967,0.0,8.3056
Bend_pickup_normalLight_back,371,,Sitting,,0.973,0.0,8.6157
Bend_pickup_normalLight_back,372,,Sitting,,0.927,0.0,9.5074
Bend_pickup_normalLight_back,373,,Sitting,,0.667,0.0,9.1073
Bend_pickup_normalLight_back,374,,Sitting,,0.888,0.0,11.8688
Bend_pickup_normalLight_back,375,,Sitting,,0.935,0.0,9.5072
Bend_pickup_normalLight_back,376,,Sitting,,0.975,0.0,8.0354
Bend_pickup_normalLight_back,377,,Sitting,,0.976,0.0,6.9212
Bend_pickup_normalLight_back,378,,Sitting,,0.975,0.0,12.0041
Bend_pickup_normalLight_back,379,,Sitting,,0.971,0.0,11.2209
Bend_pickup_normalLight_back,380,,Sitting,,0.968,0.0,11.2836
Bend_pickup_normalLight_back,381,,Sitting,,0.977,0.0,9.987
Bend_pickup_normalLight_back,382,,Sitting,,0.982,0.0,8.862
Bend_pickup_normalLight_back,383,,Sitting,,0.966,0.0,9.8255
Bend_pickup_normalLight_back,384,,Sitting,,0.984,0.0,9.5306
Bend_pickup_normalLight_back,385,,Sitting,,0.979,0.0,6.9536
Bend_pickup_normalLight_back,386,,Sitting,,0.985,0.0,8.2783
Bend_pickup_normalLight_back,387,,Sitting,,0.981,0.0,8.9579
Bend_pickup_normalLight_back,388,,Sitting,,0.988,0.0,8.5148
Bend_pickup_normalLight_back,389,,Sitting,,0.999,0.0,8.7672
Bend_pickup_normalLight_back,390,,Sitting,,0.979,0.0,9.1285
Bend_pickup_normalLight_back,391,,Sitting,,0.95,0.0,9.8842
Bend_pickup_normalLight_back,392,,Sitting,,0.973,0.0,9.8236
Bend_pickup_normalLight_back,393,,Sitting,,0.898,0.0,9.0506
Bend_pickup_normalLight_back,394,,Sitting,,0.732,0.0,8.3466
Bend_pickup_normalLight_back,395,,Sitting,,0.71,0.0,7.8377
Bend_pickup_normalLight_back,396,,Sitting,,0.709,0.0,7.9624
Bend_pickup_normalLight_back,397,,Standing,,0.541,0.0,6.8282
Bend_pickup_normalLight_back,398,,Standing,,0.587,0.0,7.9625
Bend_pickup_normalLight_back,399,,Sitting,,0.633,0.0,8.073
Bend_pickup_normalLight_back,400,,Standing,,0.919,0.0,8.3213
Bend_pickup_normalLight_back,401,,Standing,,0.903,0.0,8.3659
Bend_pickup_normalLight_back,402,,Standing,,0.955,0.0,8.0905
Bend_pickup_normalLight_back,403,,Standing,,0.966,0.0,8.4333
Bend_pickup_normalLight_back,404,,Standing,,0.982,0.0,7.3748
Bend_pickup_normalLight_back,405,,Standing,,0.99,0.0,8.0126
Bend_pickup_normalLight_back,406,,Standing,,0.997,0.0,8.8728
Bend_pickup_normalLight_back,407,,Standing,,0.998,0.0,9.6005
Bend_pickup_normalLight_back,408,,Standing,,0.999,0.0,10.2345
Bend_pickup_normalLight_back,409,,Standing,,0.996,0.0,9.1456
Bend_pickup_normalLight_back,410,,Standing,,0.995,0.0,9.6006
Bend_pickup_normalLight_back,411,,Standing,,0.997,0.0,8.2271
Bend_pickup_normalLight_back,412,,Standing,,0.997,0.0,8.9185
Bend_pickup_normalLight_back,413,,Standing,,0.997,0.0,7.4614
Bend_pickup_normalLight_back,414,,Standing,,0.999,0.0,8.2713
Bend_pickup_normalLight_back,415,,Standing,,0.999,0.0,8.13
Bend_pickup_normalLight_back,416,,Standing,,1.0,0.0,10.0113
Bend_pickup_normalLight_back,417,,Standing,,1.0,0.0,8.0518
Bend_pickup_normalLight_back,418,,Standing,,1.0,0.0,8.9687
Bend_pickup_normalLight_back,419,,Standing,,1.0,0.0,8.2692
Bend_pickup_normalLight_back,420,,Standing,,1.0,0.0,7.6997
Bend_pickup_normalLight_back,421,,Standing,,1.0,0.0,7.906
Bend_pickup_normalLight_back,422,,Standing,,0.999,0.0,8.8987
Bend_pickup_normalLight_back,423,,Standing,,0.999,0.0,8.9236
Bend_pickup_normalLight_back,424,,Standing,,0.999,0.0,9.177
Bend_pickup_normalLight_back,425,,Standing,,0.998,0.0,21.713
Bend_pickup_normalLight_back,426,,Standing,,0.999,0.0,24.4332
Bend_pickup_normalLight_back,427,,Standing,,0.999,0.0,15.7972
Bend_pickup_normalLight_back,428,,Standing,,0.999,0.0,11.1346
Bend_pickup_normalLight_back,429,,Standing,,0.999,0.0,8.6817
Bend_pickup_normalLight,31,,Standing,,0.995,0.0,8.3327
Bend_pickup_normalLight,32,,Standing,,0.996,0.0,8.2564
Bend_pickup_normalLight,33,,Standing,,0.997,0.0,7.7718
Bend_pickup_normalLight,34,,Standing,,0.999,0.0,7.637
Bend_pickup_normalLight,35,,Standing,,0.999,0.0,8.1789
Bend_pickup_normalLight,36,,Standing,,0.998,0.0,7.7502
Bend_pickup_normalLight,37,,Standing,,0.997,0.0,8.0819
Bend_pickup_normalLight,38,,Standing,,0.995,0.0,8.2017
Bend_pickup_normalLight,39,,Standing,,0.985,0.0,8.8887
Bend_pickup_normalLight,40,,Standing,,0.991,0.0,9.2274
Bend_pickup_normalLight,41,,Standing,,0.997,0.0,8.8252
Bend_pickup_normalLight,42,,Standing,,0.999,0.0,8.5924
Bend_pickup_normalLight,43,,Standing,,0.997,0.0,11.7357
Bend_pickup_normalLight,44,,Standing,,0.999,0.0,8.8363
Bend_pickup_normalLight,45,,Standing,,0.999,0.0,7.6332
Bend_pickup_normalLight,46,,Standing,,0.998,0.0,8.5
Bend_pickup_normalLight,47,,Standing,,0.998,0.0,8.0229
Bend_pickup_normalLight,48,,Standing,,0.997,0.0,8.3295
Bend_pickup_normalLight,49,,Standing,,0.984,0.0,8.4542
Bend_pickup_normalLight,50,,Standing,,0.924,0.0,6.4497
Bend_pickup_normalLight,51,,Standing,,0.85,0.0,7.2173
Bend_pickup_normalLight,52,,Standing,,0.908,0.0,8.1512
Bend_pickup_normalLight,53,,Standing,,0.971,0.0,8.0228
Bend_pickup_normalLight,54,,Standing,,0.892,0.0,8.7388
Bend_pickup_normalLight,55,,Standing,,0.985,0.0,8.0462
Bend_pickup_normalLight,56,,Standing,,0.817,0.0,8.1503
Bend_pickup_normalLight,57,,Standing,,0.577,0.0,9.8402
Bend_pickup_normalLight,58,,Standing,,0.927,0.0,8.5431
Bend_pickup_normalLight,59,,Standing,,0.748,0.0,9.376
Bend_pickup_normalLight,60,,Standing,,0.708,0.0,9.0731
Bend_pickup_normalLight,61,,Standing,,0.998,0.0,7.9872
Bend_pickup_normalLight,62,,Standing,,0.981,0.0,8.324
Bend_pickup_normalLight,63,,Standing,,0.995,0.0,8.0498
Bend_pickup_normalLight,64,,Standing,,0.988,0.0,8.2169
Bend_pickup_normalLight,65,,Standing,,0.948,0.0,8.05
Bend_pickup_normalLight,66,,Standing,,0.597,0.0,8.385
Bend_pickup_normalLight,67,,Standing,,0.972,0.0,8.3583
Bend_pickup_normalLight,68,,Standing,,0.977,0.0,7.7827
Bend_pickup_normalLight,69,,Standing,,0.927,0.0,7.2712
Bend_pickup_normalLight,70,,Standing,,0.964,0.0,7.9076
Bend_pickup_normalLight,71,,Standing,,0.929,0.0,7.9979
Bend_pickup_normalLight,72,,Standing,,0.991,0.0,8.4471
Bend_pickup_normalLight,73,,Standing,,0.956,0.0,8.5077
Bend_pickup_normalLight,74,,Standing,,0.94,0.0,7.7655
Bend_pickup_normalLight,75,,Standing,,0.992,0.0,9.0879
Bend_pickup_normalLight,76,,Standing,,0.974,0.0,9.4779
Bend_pickup_normalLight,77,,Standing,,0.994,0.0,9.5625
Bend_pickup_normalLight,78,,Standing,,0.959,0.0,7.2907
Bend_pickup_normalLight,79,,Standing,,0.989,0.0,9.1901
Bend_pickup_normalLight,80,,Standing,,0.999,0.0,7.4965
Bend_pickup_normalLight,81,,Standing,,0.997,0.0,9.138
Bend_pickup_normalLight,82,Standing,Standing,True,0.999,0.0,8.5594
Bend_pickup_normalLight,83,Standing,Standing,True,0.998,0.0,8.5622
Bend_pickup_normalLight,84,Standing,Standing,True,0.998,0.0,8.4936
Bend_pickup_normalLight,85,Standing,Standing,True,0.992,0.0,7.9773
Bend_pickup_normalLight,86,Standing,Standing,True,0.993,0.0,8.7979
Bend_pickup_normalLight,87,Standing,Standing,True,0.931,0.0,9.0401
Bend_pickup_normalLight,88,Standing,Standing,True,0.845,0.0,6.2441
Bend_pickup_normalLight,89,Standing,Standing,True,0.855,0.0,5.5104
Bend_pickup_normalLight,90,Standing,Standing,True,0.951,0.0,9.0063
Bend_pickup_normalLight,91,Standing,Standing,True,0.971,0.0,7.1326
Bend_pickup_normalLight,92,Standing,Standing,True,0.95,0.0,9.8454
Bend_pickup_normalLight,93,Standing,Standing,True,0.982,0.0,9.839
Bend_pickup_normalLight,94,Standing,Standing,True,0.983,0.0,9.859
Bend_pickup_normalLight,95,Standing,Standing,True,0.992,0.0,9.7914
Bend_pickup_normalLight,96,Standing,Standing,True,0.998,0.0,11.5275
Bend_pickup_normalLight,97,Standing,Standing,True,0.998,0.0,11.6112
Bend_pickup_normalLight,98,Standing,Standing,True,0.998,0.0,8.0653
Bend_pickup_normalLight,99,Standing,Standing,True,0.999,0.0,9.422
Bend_pickup_normalLight,100,Standing,Standing,True,0.999,0.0,8.2936
Bend_pickup_normalLight,101,Standing,Standing,True,0.999,0.0,7.8466
Bend_pickup_normalLight,102,Standing,Standing,True,0.999,0.0,8.3864
Bend_pickup_normalLight,103,Standing,Standing,True,0.999,0.0,8.7761
Bend_pickup_normalLight,104,Standing,Standing,True,0.999,0.0,8.4789
Bend_pickup_normalLight,105,Standing,Standing,True,0.999,0.0,8.4443
Bend_pickup_normalLight,106,Standing,Standing,True,0.999,0.0,8.506
Bend_pickup_normalLight,107,Standing,Standing,True,0.998,0.0,8.2159
Bend_pickup_normalLight,108,Standing,Standing,True,0.996,0.0,8.8986
Bend_pickup_normalLight,109,Standing,Standing,True,0.995,0.0,9.2049
Bend_pickup_normalLight,110,,Standing,,0.991,0.0,7.7357
Bend_pickup_normalLight,111,,Standing,,0.987,0.0,6.6546
Bend_pickup_normalLight,112,,Standing,,0.986,0.0,8.4808
Bend_pickup_normalLight,113,,Standing,,0.985,0.0,6.3542
Bend_pickup_normalLight,114,,Standing,,0.99,0.0,9.9293
Bend_pickup_normalLight,115,,Standing,,0.983,0.0,8.9208
Bend_pickup_normalLight,116,,Standing,,0.989,0.0,8.9038
Bend_pickup_normalLight,117,,Standing,,0.99,0.0,8.6244
Bend_pickup_normalLight,118,,Standing,,0.991,0.0,8.4619
Bend_pickup_normalLight,119,,Standing,,0.991,0.0,8.4975
Bend_pickup_normalLight,120,,Standing,,0.99,0.0,8.6331
Bend_pickup_normalLight,121,,Standing,,0.991,0.0,8.0386
Bend_pickup_normalLight,122,,Standing,,0.995,0.0,8.8389
Bend_pickup_normalLight,123,,Standing,,0.994,0.0,7.7404
Bend_pickup_normalLight,124,,Standing,,0.995,0.0,8.4419
Bend_pickup_normalLight,125,,Standing,,0.999,0.0,11.1007
Bend_pickup_normalLight,126,,Standing,,0.998,0.0,16.0529
Bend_pickup_normalLight,127,,Standing,,0.999,0.0,13.3593
Bend_pickup_normalLight,128,,Standing,,0.999,0.0,9.7135
Bend_pickup_normalLight,129,,Standing,,1.0,0.0,8.9549
Bend_pickup_normalLight,130,,Standing,,1.0,0.0,9.748
Bend_pickup_normalLight,131,,Standing,,1.0,0.0,10.3023
Bend_pickup_normalLight,132,,Standing,,1.0,0.0,9.8606
Bend_pickup_normalLight,133,,Standing,,1.0,0.0,7.8431
Bend_pickup_normalLight,134,,Standing,,0.999,0.0,8.1947
Bend_pickup_normalLight,135,,Standing,,0.999,0.0,7.2393
Bend_pickup_normalLight,136,,Standing,,0.999,0.0,7.6043
Bend_pickup_normalLight,137,,Standing,,0.999,0.0,7.7973
Bend_pickup_normalLight,138,,Standing,,0.999,0.0,8.2797
Bend_pickup_normalLight,139,,Standing,,0.999,0.0,8.6555
Bend_pickup_normalLight,140,,Standing,,0.999,0.0,8.3692
Bend_pickup_normalLight_leftRight,31,,Standing,,0.998,0.0,7.5518
Bend_pickup_normalLight_leftRight,32,,Standing,,0.997,0.0,7.6848
Bend_pickup_normalLight_leftRight,33,,Standing,,0.994,0.0,8.4309
Bend_pickup_normalLight_leftRight,34,,Standing,,0.995,0.0,7.5185
Bend_pickup_normalLight_leftRight,35,,Standing,,0.98,0.0,8.4116
Bend_pickup_normalLight_leftRight,36,,Standing,,0.946,0.0,7.6807
Bend_pickup_normalLight_leftRight,37,,Standing,,0.926,0.0,7.5721
Bend_pickup_normalLight_leftRight,38,,Standing,,0.595,0.0,8.081
Bend_pickup_normalLight_leftRight,39,,Standing,,0.882,0.0,8.2226
Bend_pickup_normalLight_leftRight,40,,Standing,,0.43,0.0,9.9529
Bend_pickup_normalLight_leftRight,41,,Standing,,0.374,0.0,11.0504
Bend_pickup_normalLight_leftRight,42,,Standing,,0.396,0.0,9.8998
Bend_pickup_normalLight_leftRight,43,,Lying,,0.414,0.0,10.135
Bend_pickup_normalLight_leftRight,44,,Sitting,,0.412,0.0,9.347
Bend_pickup_normalLight_leftRight,45,,Sitting,,0.789,0.0,7.752
Bend_pickup_normalLight_leftRight,46,,Lying,,0.416,0.0,9.4902
Bend_pickup_normalLight_leftRight,47,,Sitting,,0.549,0.0,9.0827
Bend_pickup_normalLight_leftRight,48,,Sitting,,0.831,0.0,7.0287
Bend_pickup_normalLight_leftRight,49,,Sitting,,0.933,0.0,16.2195
Bend_pickup_normalLight_leftRight,50,,Sitting,,0.967,0.0,8.8762
Bend_pickup_normalLight_leftRight,51,,Sitting,,0.928,0.0,8.4183
Bend_pickup_normalLight_leftRight,52,,Sitting,,0.946,0.0,11.6086
Bend_pickup_normalLight_leftRight,53,,Sitting,,0.966,0.0,9.9759
Bend_pickup_normalLight_leftRight,54,,Sitting,,0.97,0.0,9.5217
Bend_pickup_normalLight_leftRight,55,,Sitting,,0.977,0.0,9.1485
Bend_pickup_normalLight_leftRight,56,,Sitting,,0.959,0.0,10.7177
Bend_pickup_normalLight_leftRight,57,,Sitting,,0.935,0.0,7.9349
Bend_pickup_normalLight_leftRight,58,,Sitting,,0.948,0.0,8.2284
Bend_pickup_normalLight_leftRight,59,,Sitting,,0.908,0.0,8.4264
Bend_pickup_normalLight_leftRight,60,,Sitting,,0.95,0.0,9.1427
Bend_pickup_normalLight_leftRight,61,,Sitting,,0.956,0.0,9.3424
Bend_pickup_normalLight_leftRight,62,,Sitting,,0.93,0.0,9.5745
Bend_pickup_normalLight_leftRight,63,,Sitting,,0.96,0.0,7.6797
Bend_pickup_normalLight_leftRight,64,,Sitting,,0.915,0.0,8.8382
Bend_pickup_normalLight_leftRight,65,,Sitting,,0.922,0.0,9.786
Bend_pickup_normalLight_leftRight,66,,Sitting,,0.913,0.0,15.911
Bend_pickup_normalLight_leftRight,67,,Sitting,,0.908,0.0,16.3085
Bend_pickup_normalLight_leftRight,68,,Sitting,,0.914,0.0,10.3566
Bend_pickup_normalLight_leftRight,69,,Sitting,,0.915,0.0,13.3363
Bend_pickup_normalLight_leftRight,70,,Sitting,,0.891,0.0,11.4783
Bend_pickup_normalLight_leftRight,71,,Sitting,,0.874,0.0,10.9806
Bend_pickup_normalLight_leftRight,72,,Sitting,,0.925,0.0,23.9339
Bend_pickup_normalLight_leftRight,73,,Sitting,,0.92,0.0,17.2566
Bend_pickup_normalLight_leftRight,74,,Sitting,,0.788,0.0,14.3356
Bend_pickup_normalLight_leftRight,75,,Sitting,,0.836,0.0,13.9591
Bend_pickup_normalLight_leftRight,76,,Sitting,,0.781,0.0,9.7869
Bend_pickup_normalLight_leftRight,77,,Standing,,0.558,0.0,9.1493
Bend_pickup_normalLight_leftRight,78,,Standing,,0.527,0.0,10.2571
Bend_pickup_normalLight_leftRight,79,,Standing,,0.808,0.0,8.8428
Bend_pickup_normalLight_leftRight,80,,Standing,,0.935,0.0,9.1386
Bend_pickup_normalLight_leftRight,81,,Standing,,0.855,0.0,8.8699
Bend_pickup_normalLight_leftRight,82,,Standing,,0.837,0.0,8.2658
Bend_pickup_normalLight_leftRight,83,,Standing,,0.755,0.0,6.0378
Bend_pickup_normalLight_leftRight,84,,Standing,,0.525,0.0,8.8961
Bend_pickup_normalLight_leftRight,85,,Standing,,0.397,0.0,8.3581
Bend_pickup_normalLight_leftRight,86,,Standing,,0.661,0.0,8.8207
Bend_pickup_normalLight_leftRight,87,Standing,Standing,True,0.812,0.0,8.462
Bend_pickup_normalLight_leftRight,88,Standing,Standing,True,0.871,0.0,8.6979
Bend_pickup_normalLight_leftRight,89,Standing,Standing,True,0.968,0.0,10.09
Bend_pickup_normalLight_leftRight,90,Standing,Standing,True,0.996,0.0,14.358
Bend_pickup_normalLight_leftRight,91,Standing,Standing,True,0.999,0.0,18.0012
Bend_pickup_normalLight_leftRight,92,Standing,Standing,True,0.998,0.0,8.7721
Bend_pickup_normalLight_leftRight,93,Standing,Standing,True,0.999,0.0,11.4278
Bend_pickup_normalLight_leftRight,94,Standing,Standing,True,0.999,0.0,7.4729
Bend_pickup_normalLight_leftRight,95,Standing,Standing,True,0.999,0.0,9.0791
Bend_pickup_normalLight_leftRight,96,Standing,Standing,True,0.999,0.0,6.2781
Bend_pickup_normalLight_leftRight,97,Standing,Standing,True,1.0,0.0,7.9638
Bend_pickup_normalLight_leftRight,98,Standing,Standing,True,0.999,0.0,8.4216
Bend_pickup_normalLight_leftRight,99,Standing,Standing,True,1.0,0.0,8.9819
Bend_pickup_normalLight_leftRight,100,Standing,Standing,True,0.999,0.0,8.5357
Bend_pickup_normalLight_leftRight,101,Standing,Standing,True,0.999,0.0,8.5634
Bend_pickup_normalLight_leftRight,102,Standing,Standing,True,0.999,0.0,7.3887
Bend_pickup_normalLight_leftRight,103,Standing,Standing,True,0.999,0.0,8.8029
Bend_pickup_normalLight_leftRight,104,Standing,Standing,True,0.998,0.0,8.3162
Bend_pickup_normalLight_leftRight,105,Standing,Standing,True,0.999,0.0,8.1444
Bend_pickup_normalLight_leftRight,106,Standing,Standing,True,0.999,0.0,7.166
Bend_pickup_normalLight_leftRight,107,Standing,Standing,True,0.999,0.0,6.3955
Bend_pickup_normalLight_leftRight,108,Standing,Standing,True,1.0,0.0,9.1358
Bend_pickup_normalLight_leftRight,109,Standing,Standing,True,1.0,0.0,8.9409
Bend_pickup_normalLight_leftRight,110,Standing,Standing,True,1.0,0.0,7.4774
Bend_pickup_normalLight_leftRight,111,Standing,Standing,True,0.999,0.0,8.4239
Bend_pickup_normalLight_leftRight,112,Standing,Standing,True,0.998,0.0,9.2281
Bend_pickup_normalLight_leftRight,113,Standing,Standing,True,0.996,0.0,9.2567
Bend_pickup_normalLight_leftRight,114,Standing,Standing,True,0.997,0.0,10.2824
Bend_pickup_normalLight_leftRight,115,Standing,Standing,True,0.998,0.0,9.3425
Bend_pickup_normalLight_leftRight,116,Standing,Standing,True,0.999,0.0,8.143
Bend_pickup_normalLight_leftRight,117,Standing,Standing,True,0.998,0.0,7.7596
Bend_pickup_normalLight_leftRight,118,Standing,Standing,True,0.997,0.0,8.5013
Bend_pickup_normalLight_leftRight,119,Standing,Standing,True,0.995,0.0,8.265
Bend_pickup_normalLight_leftRight,120,Standing,Standing,True,0.995,0.0,8.6729
Bend_pickup_normalLight_leftRight,121,Standing,Standing,True,0.992,0.0,8.3578
Bend_pickup_normalLight_leftRight,122,Standing,Standing,True,0.991,0.0,9.3481
Bend_pickup_normalLight_leftRight,123,Standing,Standing,True,0.993,0.0,8.0344
Bend_pickup_normalLight_leftRight,124,Standing,Standing,True,0.987,0.0,7.5363
Bend_pickup_normalLight_leftRight,125,Standing,Standing,True,0.983,0.0,8.0277
Bend_pickup_normalLight_leftRight,126,Standing,Standing,True,0.983,0.0,7.7659
Bend_pickup_normalLight_leftRight,127,Standing,Standing,True,0.991,0.0,7.2045
Bend_pickup_normalLight_leftRight,128,Standing,Standing,True,0.986,0.0,7.8336
Bend_pickup_normalLight_leftRight,129,Standing,Standing,True,0.978,0.0,8.3067
Bend_pickup_normalLight_leftRight,130,Standing,Standing,True,0.982,0.0,6.1112
Bend_pickup_normalLight_leftRight,131,Standing,Standing,True,0.958,0.0,7.8348
Bend_pickup_normalLight_leftRight,132,Standing,Standing,True,0.949,0.0,8.005
Bend_pickup_normalLight_leftRight,133,Standing,Standing,True,0.956,0.0,7.8862
Bend_pickup_normalLight_leftRight,134,Standing,Standing,True,0.987,0.0,7.6119
Bend_pickup_normalLight_leftRight,135,Standing,Standing,True,0.986,0.0,7.6984
Bend_pickup_normalLight_leftRight,136,Standing,Standing,True,0.993,0.0,7.2214
Bend_pickup_normalLight_leftRight,137,Standing,Standing,True,0.995,0.0,7.2577
Bend_pickup_normalLight_leftRight,138,Standing,Standing,True,0.998,0.0,6.5187
Bend_pickup_normalLight_leftRight,139,Standing,Standing,True,0.998,0.0,7.3626
Bend_pickup_normalLight_leftRight,140,Standing,Standing,True,0.998,0.0,6.7726
Bend_pickup_normalLight_leftRight,141,Standing,Standing,True,0.997,0.0,7.3313
Bend_pickup_normalLight_leftRight,142,Standing,Standing,True,0.998,0.0,7.5197
Bend_pickup_normalLight_leftRight,143,Standing,Standing,True,0.997,0.0,7.1457
Bend_pickup_normalLight_leftRight,144,Standing,Standing,True,0.998,0.0,7.4032
Bend_pickup_normalLight_leftRight,145,Standing,Standing,True,0.998,0.0,7.1466
Bend_pickup_normalLight_leftRight,146,Standing,Standing,True,0.999,0.0,5.6466
Bend_pickup_normalLight_leftRight,147,Standing,Standing,True,0.998,0.0,6.791
Bend_pickup_normalLight_leftRight,148,Standing,Standing,True,0.999,0.0,7.8582
Bend_pickup_normalLight_leftRight,149,Standing,Standing,True,0.999,0.0,7.1538
Bend_pickup_normalLight_leftRight,150,Standing,Standing,True,0.999,0.0,5.4465
Bend_pickup_normalLight_leftRight,151,Standing,Standing,True,0.999,0.0,6.6714
Bend_pickup_normalLight_leftRight,152,Standing,Standing,True,0.999,0.0,6.9872
Bend_pickup_normalLight_leftRight,153,Standing,Standing,True,0.999,0.0,7.4364
Bend_pickup_normalLight_leftRight,154,Standing,Standing,True,0.998,0.0,7.162
Bend_pickup_normalLight_leftRight,155,Standing,Standing,True,0.997,0.0,6.8715
Bend_pickup_normalLight_leftRight,156,Standing,Standing,True,0.994,0.0,6.8194
Bend_pickup_normalLight_leftRight,157,Standing,Standing,True,0.993,0.0,6.8324
Bend_pickup_normalLight_leftRight,158,Standing,Standing,True,0.994,0.0,6.7478
Bend_pickup_normalLight_leftRight,159,Standing,Standing,True,0.995,0.0,7.3691
Bend_pickup_normalLight_leftRight,160,Standing,Standing,True,0.996,0.0,6.4076
Bend_pickup_normalLight_leftRight,161,Standing,Standing,True,0.993,0.0,6.9082
Bend_pickup_normalLight_leftRight,162,Standing,Standing,True,0.989,0.0,6.2108
Bend_pickup_normalLight_leftRight,163,Standing,Standing,True,0.989,0.0,5.1779
Bend_pickup_normalLight_leftRight,164,Standing,Standing,True,0.989,0.0,6.349
Bend_pickup_normalLight_leftRight,165,Standing,Standing,True,0.99,0.0,6.4342
Bend_pickup_normalLight_leftRight,166,Standing,Standing,True,0.987,0.0,7.6387
Bend_pickup_normalLight_leftRight,167,Standing,Standing,True,0.964,0.0,7.0098
Bend_pickup_normalLight_leftRight,168,Standing,Standing,True,0.926,0.0,7.1421
Bend_pickup_normalLight_leftRight,169,Standing,Standing,True,0.946,0.0,6.7646
Bend_pickup_normalLight_leftRight,170,Standing,Standing,True,0.934,0.0,6.8638
Bend_pickup_normalLight_leftRight,171,Standing,Standing,True,0.959,0.0,6.8735
Bend_pickup_normalLight_leftRight,172,Standing,Standing,True,0.968,0.0,6.7634
Bend_pickup_normalLight_leftRight,173,Standing,Standing,True,0.973,0.0,6.7909
Bend_pickup_normalLight_leftRight,174,,Standing,,0.985,0.0,6.8114
Bend_pickup_normalLight_leftRight,175,,Standing,,0.972,0.0,5.8876
Bend_pickup_normalLight_leftRight,176,,Standing,,0.968,0.0,9.298
Bend_pickup_normalLight_leftRight,177,,Standing,,0.978,0.0,12.9998
Bend_pickup_normalLight_leftRight,178,,Standing,,0.979,0.0,7.656
Bend_pickup_normalLight_leftRight,179,,Standing,,0.98,0.0,6.7896
Bend_pickup_normalLight_leftRight,180,,Standing,,0.983,0.0,6.4934
Bend_pickup_normalLight_leftRight,181,,Standing,,0.991,0.0,6.555
Bend_pickup_normalLight_leftRight,182,,Standing,,0.984,0.0,6.4369
Bend_pickup_normalLight_leftRight,183,,Standing,,0.99,0.0,6.6334
Bend_pickup_normalLight_leftRight,184,,Standing,,0.984,0.0,6.6155
Bend_pickup_normalLight_leftRight,185,,Standing,,0.987,0.0,8.1129
Bend_pickup_normalLight_leftRight,186,,Standing,,0.988,0.0,6.6909
Bend_pickup_normalLight_leftRight,187,,Standing,,0.996,0.0,6.5886
Bend_pickup_normalLight_leftRight,188,,Standing,,0.996,0.0,6.5192
Bend_pickup_normalLight_leftRight,189,,Standing,,0.998,0.0,6.8373
Bend_pickup_normalLight_leftRight,190,,Standing,,0.999,0.0,6.2233
Bend_pickup_normalLight_leftRight,191,,Standing,,0.996,0.0,6.7025
Bend_pickup_normalLight_leftRight,192,,Standing,,0.997,0.0,8.9297
Bend_pickup_normalLight_leftRight,193,,Standing,,0.998,0.0,8.7537
Bend_pickup_normalLight_leftRight,194,,Standing,,0.997,0.0,7.4272
Bend_pickup_normalLight_leftRight,195,,Standing,,0.996,0.0,7.1097
Bend_pickup_normalLight_leftRight,196,,Standing,,0.996,0.0,7.4633
Bend_pickup_normalLight_leftRight,197,,Standing,,0.995,0.0,7.0035
Bend_pickup_normalLight_leftRight,198,,Standing,,0.996,0.0,6.1135
Bend_pickup_normalLight_leftRight,199,,Standing,,0.996,0.0,8.867
Bend_pickup_normalLight_leftRight,200,,Standing,,0.994,0.0,6.9425
Bend_pickup_normalLight_leftRight,201,,Standing,,0.993,0.0,4.7241
Bend_pickup_normalLight_leftRight,202,,Standing,,0.985,0.0,6.248
Bend_pickup_normalLight_leftRight,203,,Standing,,0.983,0.0,6.4872
Bend_pickup_normalLight_leftRight,204,,Standing,,0.993,0.0,7.3731
Bend_pickup_normalLight_leftRight,205,,Standing,,0.993,0.0,8.472
Bend_pickup_normalLight_leftRight,206,,Standing,,0.992,0.0,7.1541
Bend_pickup_normalLight_leftRight,207,,Standing,,0.995,0.0,6.3496
Bend_pickup_normalLight_leftRight,208,,Standing,,0.988,0.0,7.6593
Bend_pickup_normalLight_leftRight,209,,Standing,,0.994,0.0,6.8107
Bend_pickup_normalLight_leftRight,210,,Standing,,0.976,0.0,6.8567
Bend_pickup_normalLight_leftRight,211,,Standing,,0.878,0.0,6.4823
Bend_pickup_normalLight_leftRight,212,,Standing,,0.865,0.0,6.4238
Bend_pickup_normalLight_leftRight,213,,Standing,,0.798,0.0,6.6664
Bend_pickup_normalLight_leftRight,214,,Standing,,0.504,0.0,6.4726
Bend_pickup_normalLight_leftRight,215,,Standing,,0.824,0.0,5.9542
Bend_pickup_normalLight_leftRight,216,,Standing,,0.947,0.0,6.5289
Bend_pickup_normalLight_leftRight,217,,Standing,,0.962,0.0,6.2302
Bend_pickup_normalLight_leftRight,218,,Standing,,0.992,0.0,4.361
Bend_pickup_normalLight_leftRight,219,,Standing,,0.983,0.0,4.4122
Bend_pickup_normalLight_leftRight,220,,Standing,,0.99,0.0,4.3435
Bend_pickup_normalLight_leftRight,221,,Standing,,0.954,0.0,6.1272
Bend_pickup_normalLight_leftRight,222,,Standing,,0.971,0.0,6.7383
Bend_pickup_normalLight_leftRight,223,,Standing,,0.976,0.0,6.8446
Bend_pickup_normalLight_leftRight,224,,Standing,,0.944,0.0,6.5816
Bend_pickup_normalLight_leftRight,225,,Standing,,0.931,0.0,6.0252
Bend_pickup_normalLight_leftRight,226,,Standing,,0.913,0.0,6.9075
Bend_pickup_normalLight_leftRight,227,,Standing,,0.983,0.0,6.5765
Bend_pickup_normalLight_leftRight,228,,Standing,,0.947,0.0,6.6702
Bend_pickup_normalLight_leftRight,229,,Standing,,0.835,0.0,6.7411
Bend_pickup_normalLight_leftRight,230,,Standing,,0.952,0.0,5.0143
Bend_pickup_normalLight_leftRight,231,,Standing,,0.871,0.0,6.5884
Bend_pickup_normalLight_leftRight,232,,Standing,,0.798,0.0,6.3111
Bend_pickup_normalLight_leftRight,233,,Standing,,0.511,0.0,5.1727
Bend_pickup_normalLight_leftRight,234,,Standing,,0.698,0.0,4.3827
Bend_pickup_normalLight_leftRight,235,,Standing,,0.656,0.0,4.6408
Bend_pickup_normalLight_leftRight,236,,Standing,,0.527,0.0,6.0426
Bend_pickup_normalLight_leftRight,237,,Standing,,0.752,0.0,6.5579
Bend_pickup_normalLight_leftRight,238,,Sitting,,0.754,0.0,6.4599
Bend_pickup_normalLight_leftRight,239,,Sitting,,0.532,0.0,6.4091
Bend_pickup_normalLight_leftRight,240,,Sitting,,0.798,0.0,6.6838
Bend_pickup_normalLight_leftRight,241,,Sitting,,0.744,0.0,6.4708
Bend_pickup_normalLight_leftRight,242,,Sitting,,0.798,0.0,6.6403
Bend_pickup_normalLight_leftRight,243,,Sitting,,0.797,0.0,4.5463
Bend_pickup_normalLight_leftRight,244,,Sitting,,0.776,0.0,6.4148
Bend_pickup_normalLight_leftRight,245,,Sitting,,0.766,0.0,7.3496
Bend_pickup_normalLight_leftRight,246,,Sitting,,0.733,0.0,6.8557
Bend_pickup_normalLight_leftRight,247,,Sitting,,0.764,0.0,6.6912
Bend_pickup_normalLight_leftRight,248,,Sitting,,0.841,0.0,5.9085
Bend_pickup_normalLight_leftRight,249,,Sitting,,0.712,0.0,6.5846
Bend_pickup_normalLight_leftRight,250,,Sitting,,0.711,0.0,6.6563
Bend_pickup_normalLight_leftRight,251,,Sitting,,0.78,0.0,5.4652
Bend_pickup_normalLight_leftRight,252,,Sitting,,0.74,0.0,7.8381
Bend_pickup_normalLight_leftRight,253,,Sitting,,0.659,0.0,6.8618
Bend_pickup_normalLight_leftRight,254,,Standing,,0.547,0.0,6.9303
Bend_pickup_normalLight_leftRight,255,,Standing,,0.801,0.0,7.3431
Bend_pickup_normalLight_leftRight,256,,Standing,,0.728,0.0,6.6875
Bend_pickup_normalLight_leftRight,257,,Standing,,0.945,0.0,5.7373
Bend_pickup_normalLight_leftRight,258,,Standing,,0.978,0.0,6.9524
Bend_pickup_normalLight_leftRight,259,,Standing,,0.981,0.0,6.661
Bend_pickup_normalLight_leftRight,260,,Standing,,0.984,0.0,6.941
Bend_pickup_normalLight_leftRight,261,Standing,Standing,True,0.855,0.0,7.9635
Bend_pickup_normalLight_leftRight,262,Standing,Standing,True,0.987,0.0,7.7367
Bend_pickup_normalLight_leftRight,263,Standing,Standing,True,0.992,0.0,7.1019
Bend_pickup_normalLight_leftRight,264,Standing,Standing,True,0.977,0.0,6.0873
Bend_pickup_normalLight_leftRight,265,Standing,Standing,True,0.981,0.0,9.3808
Bend_pickup_normalLight_leftRight,266,Standing,Standing,True,0.991,0.0,8.7789
Bend_pickup_normalLight_leftRight,267,Standing,Standing,True,0.994,0.0,7.0142
Bend_pickup_normalLight_leftRight,268,Standing,Standing,True,0.989,0.0,7.6813
Bend_pickup_normalLight_leftRight,269,Standing,Standing,True,0.987,0.0,7.5574
Bend_pickup_normalLight_leftRight,270,Standing,Standing,True,0.995,0.0,7.6069
Bend_pickup_normalLight_leftRight,271,Standing,Standing,True,0.996,0.0,8.6324
Bend_pickup_normalLight_leftRight,272,Standing,Standing,True,0.997,0.0,9.3714
Bend_pickup_normalLight_leftRight,273,Standing,Standing,True,0.997,0.0,8.0283
Bend_pickup_normalLight_leftRight,274,Standing,Standing,True,0.992,0.0,8.0486
Bend_pickup_normalLight_leftRight,275,Standing,Standing,True,0.99,0.0,7.8529
Bend_pickup_normalLight_leftRight,276,Standing,Standing,True,0.999,0.0,7.8744
Bend_pickup_normalLight_leftRight,277,Standing,Standing,True,0.997,0.0,7.6911
Bend_pickup_normalLight_leftRight,278,Standing,Standing,True,0.997,0.0,7.6404
Bend_pickup_normalLight_leftRight,279,Standing,Standing,True,0.997,0.0,7.4552
Bend_pickup_normalLight_leftRight,280,Standing,Standing,True,0.997,0.0,7.1096
Bend_pickup_normalLight_leftRight,281,Standing,Standing,True,0.998,0.0,7.298
Bend_pickup_normalLight_leftRight,282,Standing,Standing,True,0.997,0.0,7.1914
Bend_pickup_normalLight_leftRight,283,Standing,Standing,True,0.998,0.0,7.5749
Bend_pickup_normalLight_leftRight,284,Standing,Standing,True,0.999,0.0,7.9636
Bend_pickup_normalLight_leftRight,285,Standing,Standing,True,0.998,0.0,7.4443
Bend_pickup_normalLight_leftRight,286,Standing,Standing,True,0.999,0.0,7.8962
Bend_pickup_normalLight_leftRight,287,Standing,Standing,True,0.998,0.0,8.2359
Bend_pickup_normalLight_leftRight,288,Standing,Standing,True,0.998,0.0,8.0904
Bend_pickup_normalLight_leftRight,289,Standing,Standing,True,0.997,0.0,8.6838
Bend_pickup_normalLight_leftRight,290,Standing,Standing,True,0.997,0.0,8.0671
Bend_pickup_normalLight_leftRight,291,Standing,Standing,True,0.995,0.0,8.7602
Bend_pickup_normalLight_leftRight,292,Standing,Standing,True,0.996,0.0,10.8017
Bend_pickup_normalLight_leftRight,293,Standing,Standing,True,0.997,0.0,11.8976
Bend_pickup_normalLight_leftRight,294,Standing,Standing,True,0.995,0.0,8.3706
Bend_pickup_normalLight_leftRight,295,Standing,Standing,True,0.988,0.0,9.3065
Bend_pickup_normalLight_leftRight,296,Standing,Standing,True,0.983,0.0,12.4436
Bend_pickup_normalLight_leftRight,297,Standing,Standing,True,0.985,0.0,9.3837
Bend_pickup_normalLight_leftRight,298,Standing,Standing,True,0.995,0.0,7.6563
Bend_pickup_normalLight_leftRight,299,Standing,Standing,True,0.995,0.0,9.3606
Bend_pickup_normalLight_leftRight,300,Standing,Standing,True,0.998,0.0,8.2454
Bend_pickup_normalLight_leftRight,301,Standing,Standing,True,0.998,0.0,10.7817
Bend_pickup_normalLight_leftRight,302,Standing,Standing,True,0.998,0.0,8.9715
Bend_pickup_normalLight_leftRight,303,Standing,Standing,True,0.998,0.0,7.5289
Bend_pickup_normalLight_leftRight,304,Standing,Standing,True,0.998,0.0,7.1057
Bend_pickup_normalLight_leftRight,305,Standing,Standing,True,0.998,0.0,5.3614
Bend_pickup_normalLight_leftRight,306,Standing,Standing,True,0.999,0.0,5.2872
Bend_pickup_normalLight_leftRight,307,Standing,Standing,True,0.999,0.0,7.6361
Bend_pickup_normalLight_leftRight,308,Standing,Standing,True,0.999,0.0,8.0404
Bend_pickup_normalLight_leftRight,309,Standing,Standing,True,0.999,0.0,7.9571
Bend_pickup_normalLight_leftRight,310,Standing,Standing,True,1.0,0.0,8.1196
Bend_pickup_normalLight_leftRight,311,Standing,Standing,True,1.0,0.0,9.6876
Bend_pickup_normalLight_leftRight,312,Standing,Standing,True,1.0,0.0,8.9124
Bend_pickup_normalLight_leftRight,313,Standing,Standing,True,1.0,0.0,16.7141
Bend_pickup_normalLight_leftRight,314,Standing,Standing,True,1.0,0.0,15.1089
Bend_pickup_normalLight_leftRight,315,Standing,Standing,True,1.0,0.0,11.758
Bend_pickup_normalLight_leftRight,316,Standing,Standing,True,1.0,0.0,7.7948
Bend_pickup_normalLight_leftRight,317,Standing,Standing,True,1.0,0.0,10.4272
Bend_pickup_normalLight_leftRight,318,Standing,Standing,True,1.0,0.0,10.0242
Bend_pickup_normalLight_leftRight,319,Standing,Standing,True,0.999,0.0,8.2045
Bend_pickup_normalLight_leftRight,320,Standing,Standing,True,0.999,0.0,12.7478
Bend_pickup_normalLight_leftRight,321,,Standing,,0.998,0.0,9.5656
Bend_pickup_normalLight_leftRight,322,,Standing,,0.998,0.0,9.4887
Bend_pickup_normalLight_leftRight,323,,Standing,,0.995,0.0,8.854
Bend_pickup_normalLight_leftRight,324,,Standing,,0.996,0.0,9.3862
Bend_pickup_normalLight_leftRight,325,,Standing,,0.992,0.0,8.0753
Bend_pickup_normalLight_leftRight,326,,Standing,,0.993,0.0,8.8748
Bend_pickup_normalLight_leftRight,327,,Standing,,0.991,0.0,10.6215
Bend_pickup_normalLight_leftRight,328,,Standing,,0.996,0.0,10.3086
Bend_pickup_normalLight_leftRight,329,,Standing,,0.994,0.0,10.9521
Bend_pickup_normalLight_leftRight,330,,Standing,,0.997,0.0,9.8897
Bend_pickup_normalLight_leftRight,331,,Standing,,0.998,0.0,14.2087
Bend_pickup_normalLight_leftRight,332,,Standing,,0.997,0.0,9.8066
Bend_pickup_normalLight_leftRight,333,,Standing,,0.995,0.0,8.2544
Bend_pickup_squat_lowLight,31,,Standing,,0.998,0.0,7.7584
Bend_pickup_squat_lowLight,32,,Standing,,0.996,0.0,8.3896
Bend_pickup_squat_lowLight,33,,Standing,,0.997,0.0,9.063
Bend_pickup_squat_lowLight,34,,Standing,,0.997,0.0,10.1868
Bend_pickup_squat_lowLight,35,,Standing,,0.998,0.0,7.6968
Bend_pickup_squat_lowLight,36,,Standing,,0.998,0.0,9.3676
Bend_pickup_squat_lowLight,37,,Standing,,0.999,0.0,8.5015
Bend_pickup_squat_lowLight,38,,Standing,,0.998,0.0,8.2752
Bend_pickup_squat_lowLight,39,,Standing,,0.999,0.0,7.6446
Bend_pickup_squat_lowLight,40,,Standing,,0.997,0.0,8.3184
Bend_pickup_squat_lowLight,41,,Standing,,0.997,0.0,7.7763
Bend_pickup_squat_lowLight,42,,Standing,,0.996,0.0,8.2567
Bend_pickup_squat_lowLight,43,,Standing,,0.998,0.0,7.7055
Bend_pickup_squat_lowLight,44,,Standing,,0.994,0.0,8.1831
Bend_pickup_squat_lowLight,45,,Standing,,0.998,0.0,7.9887
Bend_pickup_squat_lowLight,46,,Standing,,0.993,0.0,7.9911
Bend_pickup_squat_lowLight,47,,Standing,,0.998,0.0,8.1937
Bend_pickup_squat_lowLight,48,,Standing,,0.997,0.0,8.017
Bend_pickup_squat_lowLight,49,,Standing,,0.995,0.0,7.1428
Bend_pickup_squat_lowLight,50,,Standing,,0.992,0.0,5.6901
Bend_pickup_squat_lowLight,51,,Standing,,0.998,0.0,6.8658
Bend_pickup_squat_lowLight,52,,Standing,,0.999,0.0,7.9243
Bend_pickup_squat_lowLight,53,,Standing,,0.997,0.0,7.9745
Bend_pickup_squat_lowLight,54,,Standing,,0.995,0.0,8.468
Bend_pickup_squat_lowLight,55,,Standing,,0.996,0.0,8.1802
Bend_pickup_squat_lowLight,56,,Standing,,0.988,0.0,14.1066
Bend_pickup_squat_lowLight,57,,Standing,,0.964,0.0,8.089
Bend_pickup_squat_lowLight,58,,Standing,,0.968,0.0,8.1922
Bend_pickup_squat_lowLight,59,,Standing,,0.971,0.0,7.8304
Bend_pickup_squat_lowLight,60,,Standing,,0.991,0.0,9.7437
Bend_pickup_squat_lowLight,61,,Standing,,0.993,0.0,7.2792
Bend_pickup_squat_lowLight,62,,Standing,,0.986,0.0,7.4627
Bend_pickup_squat_lowLight,63,,Standing,,0.93,0.0,8.6374
Bend_pickup_squat_lowLight,64,,Standing,,0.939,0.0,8.0187
Bend_pickup_squat_lowLight,65,,Standing,,0.969,0.0,8.9308
Bend_pickup_squat_lowLight,66,,Standing,,0.958,0.0,8.7712
Bend_pickup_squat_lowLight,67,,Standing,,0.893,0.0,6.553
Bend_pickup_squat_lowLight,68,,Standing,,0.876,0.0,7.7717
Bend_pickup_squat_lowLight,69,,Standing,,0.829,0.0,6.8089
Bend_pickup_squat_lowLight,70,,Standing,,0.871,0.0,6.8208
Bend_pickup_squat_lowLight,71,,Standing,,0.941,0.0,7.7463
Bend_pickup_squat_lowLight,72,,Standing,,0.822,0.0,8.2918
Bend_pickup_squat_lowLight,73,,Standing,,0.527,0.0,8.6821
Bend_pickup_squat_lowLight,74,,Sitting,,0.526,0.0,6.427
Bend_pickup_squat_lowLight,75,,Sitting,,0.72,0.0,7.8279
Bend_pickup_squat_lowLight,76,,Sitting,,0.789,0.0,7.7066
Bend_pickup_squat_lowLight,77,,Sitting,,0.908,0.0,8.0147
Bend_pickup_squat_lowLight,78,,Sitting,,0.873,0.0,7.8372
Bend_pickup_squat_lowLight,79,,Sitting,,0.89,0.0,5.8999
Bend_pickup_squat_lowLight,80,,Sitting,,0.929,0.0,5.3312
Bend_pickup_squat_lowLight,81,,Sitting,,0.969,0.0,5.4552
Bend_pickup_squat_lowLight,82,,Sitting,,0.962,0.0,5.3108
Bend_pickup_squat_lowLight,83,,Sitting,,0.95,0.0,5.1907
Bend_pickup_squat_lowLight,84,,Sitting,,0.908,0.0,5.0386
Bend_pickup_squat_lowLight,85,,Sitting,,0.964,0.0,7.587
Bend_pickup_squat_lowLight,86,,Sitting,,0.642,0.0,8.2402
Bend_pickup_squat_lowLight,87,,Sitting,,0.839,0.0,6.3467
Bend_pickup_squat_lowLight,88,,Sitting,,0.882,0.0,5.6762
Bend_pickup_squat_lowLight,89,,Sitting,,0.903,0.0,8.1644
Bend_pickup_squat_lowLight,90,,Sitting,,0.889,0.0,7.9709
Bend_pickup_squat_lowLight,91,,Sitting,,0.699,0.0,6.3231
Bend_pickup_squat_lowLight,92,,Sitting,,0.628,0.0,6.9474
Bend_pickup_squat_lowLight,93,,Sitting,,0.75,0.0,7.8005
Bend_pickup_squat_lowLight,94,,Sitting,,0.592,0.0,7.6436
Bend_pickup_squat_lowLight,95,,Sitting,,0.846,0.0,7.7911
Bend_pickup_squat_lowLight,96,,Sitting,,0.747,0.0,7.6951
Bend_pickup_squat_lowLight,97,,Sitting,,0.82,0.0,8.4285
Bend_pickup_squat_lowLight,98,,Sitting,,0.835,0.0,8.6878
Bend_pickup_squat_lowLight,99,,Sitting,,0.871,0.0,8.5679
Bend_pickup_squat_lowLight,100,,Sitting,,0.581,0.0,8.5089
Bend_pickup_squat_lowLight,101,,Sitting,,0.703,0.0,9.4248
Bend_pickup_squat_lowLight,102,,Sitting,,0.52,0.0,8.9513
Bend_pickup_squat_lowLight,103,,Standing,,0.892,0.0,6.0773
Bend_pickup_squat_lowLight,104,,Standing,,0.875,0.0,6.4129
Bend_pickup_squat_lowLight,105,,Standing,,0.946,0.0,7.8513
Bend_pickup_squat_lowLight,106,,Standing,,0.743,0.0,8.176
Bend_pickup_squat_lowLight,107,,Standing,,0.963,0.0,8.0181
Bend_pickup_squat_lowLight,108,,Standing,,0.969,0.0,8.7129
Bend_pickup_squat_lowLight,109,,Standing,,0.976,0.0,8.0533
Bend_pickup_squat_lowLight,110,,Standing,,0.992,0.0,7.7786
Bend_pickup_squat_lowLight,111,,Standing,,0.993,0.0,9.5986
Bend_pickup_squat_lowLight,112,,Standing,,0.991,0.0,9.6081
Bend_pickup_squat_lowLight,113,,Standing,,0.994,0.0,10.2997
Bend_pickup_squat_lowLight,114,,Standing,,0.993,0.0,7.9903
Bend_pickup_squat_lowLight,115,,Standing,,0.995,0.0,7.2322
Bend_pickup_squat_lowLight,116,,Standing,,0.995,0.0,5.3974
Bend_pickup_squat_lowLight,117,Standing,Standing,True,0.993,0.0,5.2812
Bend_pickup_squat_lowLight,118,Standing,Standing,True,0.991,0.0,6.1888
Bend_pickup_squat_lowLight,119,Standing,Standing,True,0.993,0.0,5.2363
Bend_pickup_squat_lowLight,120,Standing,Standing,True,0.994,0.0,5.7677
Bend_pickup_squat_lowLight,121,Standing,Standing,True,0.997,0.0,8.0668
Bend_pickup_squat_lowLight,122,Standing,Standing,True,0.999,0.0,7.7407
Bend_pickup_squat_lowLight,123,Standing,Standing,True,0.999,0.0,7.6954
Bend_pickup_squat_lowLight,124,Standing,Standing,True,0.998,0.0,8.6209
Bend_pickup_squat_lowLight,125,Standing,Standing,True,0.999,0.0,7.2308
Bend_pickup_squat_lowLight,126,Standing,Standing,True,1.0,0.0,7.9321
Bend_pickup_squat_lowLight,127,Standing,Standing,True,1.0,0.0,7.8353
Bend_pickup_squat_lowLight,128,Standing,Standing,True,1.0,0.0,7.861
Bend_pickup_squat_lowLight,129,Standing,Standing,True,0.999,0.0,5.7118
Bend_pickup_squat_lowLight,130,Standing,Standing,True,0.999,0.0,5.4894
Bend_pickup_squat_lowLight,131,Standing,Standing,True,0.999,0.0,7.7775
Bend_pickup_squat_lowLight,132,Standing,Standing,True,0.999,0.0,7.7676
Bend_pickup_squat_lowLight,133,Standing,Standing,True,0.999,0.0,7.7613
Bend_pickup_squat_lowLight,134,Standing,Standing,True,0.999,0.0,6.8562
Bend_pickup_squat_lowLight,135,Standing,Standing,True,0.999,0.0,7.6342
Bend_pickup_squat_lowLight,136,Standing,Standing,True,0.998,0.0,7.4869
Bend_pickup_squat_lowLight,137,Standing,Standing,True,0.999,0.0,7.234
Bend_pickup_squat_lowLight,138,Standing,Standing,True,0.998,0.0,7.4478
Bend_pickup_squat_lowLight,139,Standing,Standing,True,0.999,0.0,8.0698
Bend_pickup_squat_lowLight,140,Standing,Standing,True,0.998,0.0,7.5564
Bend_pickup_squat_lowLight,141,Standing,Standing,True,0.999,0.0,7.3492
Bend_pickup_squat_lowLight,142,Standing,Standing,True,0.999,0.0,7.3125
Bend_pickup_squat_lowLight,143,Standing,Standing,True,0.999,0.0,6.662
Bend_pickup_squat_lowLight,144,Standing,Standing,True,0.999,0.0,7.9279
Bend_pickup_squat_lowLight,145,Standing,Standing,True,0.999,0.0,7.5583
Bend_pickup_squat_lowLight,146,Standing,Standing,True,0.999,0.0,7.5301
Bend_pickup_squat_lowLight,147,Standing,Standing,True,0.999,0.0,8.2211
Bend_pickup_squat_lowLight,148,,Standing,,0.998,0.0,7.6176
Bend_pickup_squat_lowLight,149,,Standing,,0.998,0.0,6.7884
Bend_pickup_squat_lowLight,150,,Standing,,0.997,0.0,7.3209
Bend_pickup_squat_lowLight,151,,Standing,,0.998,0.0,7.1357
Bend_pickup_squat_lowLight,152,,Standing,,0.998,0.0,9.6763
Bend_pickup_squat_lowLight,153,,Standing,,0.998,0.0,8.0821
Bend_pickup_squat_lowLight,154,,Standing,,0.998,0.0,12.7454
Bend_pickup_squat_lowLight,155,,Standing,,0.998,0.0,9.0775
Bend_pickup_squat_lowLight,156,,Standing,,0.998,0.0,9.5286
Bend_pickup_squat_lowLight,157,,Standing,,0.998,0.0,9.356
Bend_pickup_squat_lowLight,158,,Standing,,0.999,0.0,9.1913
Bend_pickup_squat_lowLight,159,,Standing,,0.999,0.0,9.0702
Bend_pickup_squat_lowLight,160,,Standing,,1.0,0.0,9.1076
Bend_pickup_squat_lowLight,161,,Standing,,1.0,0.0,10.9289
Bend_pickup_squat_lowLight,162,,Standing,,0.999,0.0,11.5389
Bend_pickup_squat_lowLight,163,,Standing,,0.999,0.0,6.6294
Bend_pickup_squat_lowLight,164,,Standing,,0.999,0.0,10.14
Bend_pickup_squat_lowLight,165,,Standing,,0.999,0.0,8.7419
Bend_pickup_squat_lowLight,166,,Standing,,0.999,0.0,8.3251
Bend_pickup_squat_lowLight,167,,Standing,,0.999,0.0,8.4578
Bend_pickup_squat_lowLight,168,,Standing,,0.999,0.0,8.082
Bend_pickup_squat_lowLight,169,,Standing,,0.999,0.0,9.2695
Bend_pickup_squat_lowLight,170,,Standing,,0.999,0.0,9.7283
Bend_pickup_squat_lowLight,171,,Standing,,0.999,0.0,10.0938
Bend_pickup_squat_lowLight,172,,Standing,,0.999,0.0,19.0125
Bend_pickup_squat_lowLight,173,,Standing,,0.999,0.0,10.2685
Bend_pickup_squat_lowLight,174,,Standing,,0.995,0.0,14.6387
Bend_pickup_squat_normalLight,31,,Standing,,0.999,0.0,11.0473
Bend_pickup_squat_normalLight,32,,Standing,,0.999,0.0,15.9748
Bend_pickup_squat_normalLight,33,,Standing,,0.996,0.0,10.2455
Bend_pickup_squat_normalLight,34,,Standing,,0.993,0.0,14.2614
Bend_pickup_squat_normalLight,35,,Standing,,0.994,0.0,20.2764
Bend_pickup_squat_normalLight,36,,Standing,,0.994,0.0,13.6241
Bend_pickup_squat_normalLight,37,,Standing,,0.993,0.0,14.5889
Bend_pickup_squat_normalLight,38,,Standing,,0.991,0.0,9.359
Bend_pickup_squat_normalLight,39,,Standing,,0.989,0.0,10.5717
Bend_pickup_squat_normalLight,40,,Standing,,0.991,0.0,8.3171
Bend_pickup_squat_normalLight,41,,Standing,,0.978,0.0,9.2364
Bend_pickup_squat_normalLight,42,,Standing,,0.989,0.0,9.5878
Bend_pickup_squat_normalLight,43,,Standing,,0.991,0.0,8.7725
Bend_pickup_squat_normalLight,44,,Standing,,0.978,0.0,9.1533
Bend_pickup_squat_normalLight,45,,Standing,,0.977,0.0,11.3063
Bend_pickup_squat_normalLight,46,,Standing,,0.983,0.0,9.8098
Bend_pickup_squat_normalLight,47,,Standing,,0.993,0.0,12.0229
Bend_pickup_squat_normalLight,48,,Standing,,0.988,0.0,10.1344
Bend_pickup_squat_normalLight,49,,Standing,,0.983,0.0,9.5024
Bend_pickup_squat_normalLight,50,,Standing,,0.99,0.0,8.4165
Bend_pickup_squat_normalLight,51,,Standing,,0.981,0.0,10.3363
Bend_pickup_squat_normalLight,52,,Standing,,0.97,0.0,7.8168
Bend_pickup_squat_normalLight,53,,Standing,,0.976,0.0,9.6316
Bend_pickup_squat_normalLight,54,,Standing,,0.858,0.0,8.4217
Bend_pickup_squat_normalLight,55,,Standing,,0.886,0.0,8.8691
Bend_pickup_squat_normalLight,56,,Standing,,0.976,0.0,9.9393
Bend_pickup_squat_normalLight,57,,Standing,,0.984,0.0,10.5995
Bend_pickup_squat_normalLight,58,,Standing,,0.987,0.0,10.9754
Bend_pickup_squat_normalLight,59,,Standing,,0.995,0.0,10.1436
Bend_pickup_squat_normalLight,60,,Standing,,0.989,0.0,10.5234
Bend_pickup_squat_normalLight,61,,Standing,,0.977,0.0,10.3357
Bend_pickup_squat_normalLight,62,,Standing,,0.996,0.0,11.069
Bend_pickup_squat_normalLight,63,,Standing,,0.992,0.0,8.8229
Bend_pickup_squat_normalLight,64,,Standing,,0.992,0.0,10.0845
Bend_pickup_squat_normalLight,65,,Standing,,0.991,0.0,9.2259
Bend_pickup_squat_normalLight,66,,Standing,,0.966,0.0,9.6561
Bend_pickup_squat_normalLight,67,,Standing,,0.945,0.0,9.4213
Bend_pickup_squat_normalLight,68,,Standing,,0.984,0.0,10.4323
Bend_pickup_squat_normalLight,69,,Standing,,0.989,0.0,10.8307
Bend_pickup_squat_normalLight,70,,Standing,,0.99,0.0,8.8885
Bend_pickup_squat_normalLight,71,,Standing,,0.985,0.0,10.7487
Bend_pickup_squat_normalLight,72,,Standing,,0.992,0.0,24.1318
Bend_pickup_squat_normalLight,73,,Standing,,0.963,0.0,8.7679
Bend_pickup_squat_normalLight,74,,Standing,,0.925,0.0,9.3998
Bend_pickup_squat_normalLight,75,,Standing,,0.905,0.0,8.7415
Bend_pickup_squat_normalLight,76,,Standing,,0.888,0.0,9.9983
Bend_pickup_squat_normalLight,77,,Standing,,0.937,0.0,10.9093
Bend_pickup_squat_normalLight,78,,Standing,,0.954,0.0,10.3451
Bend_pickup_squat_normalLight,79,,Standing,,0.928,0.0,11.6284
Bend_pickup_squat_normalLight,80,,Standing,,0.92,0.0,16.7078
Bend_pickup_squat_normalLight,81,,Standing,,0.91,0.0,11.251
Bend_pickup_squat_normalLight,82,,Standing,,0.908,0.0,10.3055
Bend_pickup_squat_normalLight,83,,Standing,,0.976,0.0,9.8194
Bend_pickup_squat_normalLight,84,,Standing,,0.907,0.0,9.2823
Bend_pickup_squat_normalLight,85,,Standing,,0.866,0.0,10.8341
Bend_pickup_squat_normalLight,86,,Standing,,0.687,0.0,8.8479
Bend_pickup_squat_normalLight,87,,Standing,,0.509,0.0,11.2405
Bend_pickup_squat_normalLight,88,,Sitting,,0.645,0.0,11.1216
Bend_pickup_squat_normalLight,89,,Sitting,,0.878,0.0,10.5309
Bend_pickup_squat_normalLight,90,,Sitting,,0.809,0.0,8.9414
Bend_pickup_squat_normalLight,91,,Sitting,,0.865,0.0,9.5282
Bend_pickup_squat_normalLight,92,,Sitting,,0.762,0.0,7.533
Bend_pickup_squat_normalLight,93,,Sitting,,0.758,0.0,8.5882
Bend_pickup_squat_normalLight,94,,Sitting,,0.867,0.0,10.5261
Bend_pickup_squat_normalLight,95,,Sitting,,0.854,0.0,10.1932
Bend_pickup_squat_normalLight,96,,Sitting,,0.744,0.0,8.8677
Bend_pickup_squat_normalLight,97,,Sitting,,0.872,0.0,10.6166
Bend_pickup_squat_normalLight,98,,Sitting,,0.868,0.0,9.0907
Bend_pickup_squat_normalLight,99,,Sitting,,0.805,0.0,11.8354
Bend_pickup_squat_normalLight,100,,Sitting,,0.712,0.0,9.0422
Bend_pickup_squat_normalLight,101,,Sitting,,0.803,0.0,7.2974
Bend_pickup_squat_normalLight,102,,Sitting,,0.842,0.0,11.4483
Bend_pickup_squat_normalLight,103,,Sitting,,0.696,0.0,9.4366
Bend_pickup_squat_normalLight,104,,Sitting,,0.526,0.0,10.2042
Bend_pickup_squat_normalLight,105,,Sitting,,0.638,0.0,11.1071
Bend_pickup_squat_normalLight,106,,Sitting,,0.636,0.0,9.6971
Bend_pickup_squat_normalLight,107,,Sitting,,0.648,0.0,9.9425
Bend_pickup_squat_normalLight,108,,Sitting,,0.743,0.0,15.051
Bend_pickup_squat_normalLight,109,,Sitting,,0.753,0.0,14.746
Bend_pickup_squat_normalLight,110,,Sitting,,0.603,0.0,15.2135
Bend_pickup_squat_normalLight,111,,Sitting,,0.605,0.0,13.2706
Bend_pickup_squat_normalLight,112,,Sitting,,0.51,0.0,15.8649
Bend_pickup_squat_normalLight,113,,Sitting,,0.579,0.0,11.3304
Bend_pickup_squat_normalLight,114,,Standing,,0.516,0.0,9.3472
Bend_pickup_squat_normalLight,115,,Standing,,0.532,0.0,8.9143
Bend_pickup_squat_normalLight,116,,Sitting,,0.53,0.0,9.1931
Bend_pickup_squat_normalLight,117,,Standing,,0.806,0.0,7.1777
Bend_pickup_squat_normalLight,118,,Standing,,0.858,0.0,10.0536
Bend_pickup_squat_normalLight,119,,Standing,,0.812,0.0,10.9816
Bend_pickup_squat_normalLight,120,,Standing,,0.902,0.0,11.0375
Bend_pickup_squat_normalLight,121,,Standing,,0.994,0.0,10.3172
Bend_pickup_squat_normalLight,122,,Standing,,0.996,0.0,9.4895
Bend_pickup_squat_normalLight,123,,Standing,,0.997,0.0,10.0541
Bend_pickup_squat_normalLight,124,,Standing,,0.998,0.0,11.1099
Bend_pickup_squat_normalLight,125,,Standing,,0.999,0.0,9.6564
Bend_pickup_squat_normalLight,126,,Standing,,0.998,0.0,10.5991
Bend_pickup_squat_normalLight,127,,Standing,,0.998,0.0,9.1079
Bend_pickup_squat_normalLight,128,,Standing,,0.999,0.0,9.1804
Bend_pickup_squat_normalLight,129,,Standing,,0.997,0.0,7.9837
Bend_pickup_squat_normalLight,130,,Standing,,0.998,0.0,7.6657
Bend_pickup_squat_normalLight,131,,Standing,,0.999,0.0,9.5487
Bend_pickup_squat_normalLight,132,,Standing,,0.998,0.0,9.7434
Bend_pickup_squat_normalLight,133,,Standing,,0.998,0.0,10.3016
Bend_pickup_squat_normalLight,134,Standing,Standing,True,0.999,0.0,10.751
Bend_pickup_squat_normalLight,135,Standing,Standing,True,0.999,0.0,9.7933
Bend_pickup_squat_normalLight,136,Standing,Standing,True,0.999,0.0,10.7769
Bend_pickup_squat_normalLight,137,Standing,Standing,True,0.999,0.0,9.8672
Bend_pickup_squat_normalLight,138,Standing,Standing,True,1.0,0.0,11.3537
Bend_pickup_squat_normalLight,139,Standing,Standing,True,1.0,0.0,10.3529
Bend_pickup_squat_normalLight,140,Standing,Standing,True,0.999,0.0,15.3575
Bend_pickup_squat_normalLight,141,Standing,Standing,True,0.999,0.0,10.7212
Bend_pickup_squat_normalLight,142,Standing,Standing,True,0.999,0.0,13.7303
Bend_pickup_squat_normalLight,143,Standing,Standing,True,0.998,0.0,9.0536
Bend_pickup_squat_normalLight,144,Standing,Standing,True,0.999,0.0,10.6007
Bend_pickup_squat_normalLight,145,Standing,Standing,True,0.999,0.0,10.0173
Bend_pickup_squat_normalLight,146,,Standing,,0.998,0.0,8.6348
Bend_pickup_squat_normalLight,147,,Standing,,0.998,0.0,9.0088
Bend_pickup_squat_normalLight,148,,Standing,,0.994,0.0,8.7277
Bend_pickup_squat_normalLight,149,,Standing,,0.995,0.0,9.9945
Bend_pickup_squat_normalLight,150,,Standing,,0.995,0.0,8.2814
Bend_pickup_squat_normalLight,151,,Standing,,0.993,0.0,8.7401
Bend_pickup_squat_normalLight,152,,Standing,,0.995,0.0,8.8758
Bend_pickup_squat_normalLight,153,,Standing,,0.989,0.0,8.3584
Bend_pickup_squat_normalLight,154,,Standing,,0.985,0.0,8.3551
Bend_pickup_squat_normalLight,155,,Standing,,0.993,0.0,9.7385
Bend_pickup_squat_normalLight,156,,Standing,,0.993,0.0,8.9647
Bend_pickup_squat_normalLight,157,,Standing,,0.993,0.0,8.1051
Bend_pickup_squat_normalLight,158,,Standing,,0.992,0.0,8.8852
Bend_pickup_squat_normalLight,159,,Standing,,0.994,0.0,10.0437
Bend_pickup_squat_normalLight,160,,Standing,,0.993,0.0,7.7508
Kneeling,31,,Standing,,0.998,0.0,8.2928
Kneeling,32,,Standing,,0.999,0.0,8.6676
Kneeling,33,,Standing,,0.998,0.0,8.1191
Kneeling,34,,Standing,,0.999,0.0,8.6303
Kneeling,35,,Standing,,0.997,0.0,8.1849
Kneeling,36,,Standing,,0.998,0.0,8.472
Kneeling,37,,Standing,,0.999,0.0,14.0899
Kneeling,38,,Standing,,0.998,0.0,8.6035
Kneeling,39,,Standing,,0.997,0.0,10.1676
Kneeling,40,,Standing,,0.998,0.0,12.1289
Kneeling,41,,Standing,,0.998,0.0,8.9596
Kneeling,42,,Standing,,0.999,0.0,10.6482
Kneeling,43,,Standing,,0.999,0.0,17.3213
Kneeling,44,,Standing,,0.997,0.0,15.0258
Kneeling,45,,Standing,,0.999,0.0,11.6738
Kneeling,46,,Standing,,0.999,0.0,15.5341
Kneeling,47,,Standing,,0.999,0.0,10.0812
Kneeling,48,,Standing,,0.999,0.0,8.0474
Kneeling,49,,Standing,,0.997,0.0,15.3695
Kneeling,50,,Standing,,0.998,0.0,12.0553
Kneeling,51,,Standing,,0.996,0.0,7.3858
Kneeling,52,,Standing,,0.99,0.0,10.405
Kneeling,53,,Standing,,0.966,0.0,11.9194
Kneeling,54,,Standing,,0.915,0.0,10.4799
Kneeling,55,,Standing,,0.788,0.0,11.9804
Kneeling,56,,Standing,,0.758,0.0,9.9516
Kneeling,57,Sitting,Standing,False,0.716,0.0,12.5962
Kneeling,58,Sitting,Standing,False,0.523,0.0,11.8151
Kneeling,59,Sitting,Standing,False,0.876,0.0,9.089
Kneeling,60,Sitting,Sitting,True,0.665,0.0,9.047
Kneeling,61,Sitting,Sitting,True,0.568,0.0,9.1202
Kneeling,62,Sitting,Standing,False,0.629,0.0,9.5933
Kneeling,63,Sitting,Standing,False,0.855,0.0,8.748
Kneeling,64,Sitting,Standing,False,0.961,0.0,7.632
Kneeling,65,Sitting,Standing,False,0.947,0.0,9.1361
Kneeling,66,Sitting,Standing,False,0.978,0.0,8.2518
Kneeling,67,Sitting,Standing,False,0.987,0.0,7.886
Kneeling,68,Sitting,Standing,False,0.978,0.0,9.9041
Kneeling,69,Sitting,Standing,False,0.991,0.0,12.4754
Kneeling,70,Sitting,Standing,False,0.995,0.0,9.5106
Kneeling,71,Sitting,Standing,False,0.996,0.0,11.74
Kneeling,72,Sitting,Standing,False,0.981,0.0,11.0208
Kneeling,73,Sitting,Standing,False,0.98,0.0,9.5261
Kneeling,74,Sitting,Standing,False,0.898,0.0,10.3752
Kneeling,75,Sitting,Standing,False,0.942,0.0,9.4716
Kneeling,76,Sitting,Standing,False,0.832,0.0,8.8902
Kneeling,77,Sitting,Standing,False,0.794,0.0,15.6865
Kneeling,78,Sitting,Standing,False,0.767,0.0,9.8283
Kneeling,79,Sitting,Standing,False,0.874,0.0,9.667
Kneeling,80,Sitting,Standing,False,0.858,0.0,6.042
Kneeling,81,Sitting,Standing,False,0.882,0.0,8.108
Kneeling,82,Sitting,Standing,False,0.892,0.0,8.3851
Kneeling,83,Sitting,Standing,False,0.793,0.0,8.5499
Kneeling,84,Sitting,Standing,False,0.798,0.0,6.3833
Kneeling,85,Sitting,Standing,False,0.841,0.0,9.1866
Kneeling,86,Sitting,Standing,False,0.717,0.0,7.423
Kneeling,87,Sitting,Standing,False,0.842,0.0,8.2358
Kneeling,88,Sitting,Standing,False,0.718,0.0,8.5568
Kneeling,89,Sitting,Standing,False,0.748,0.0,8.2298
Kneeling,90,Sitting,Standing,False,0.849,0.0,8.0804
Kneeling,91,Sitting,Standing,False,0.869,0.0,8.4464
Kneeling,92,Sitting,Standing,False,0.877,0.0,8.5687
Kneeling,93,Sitting,Standing,False,0.777,0.0,7.7573
Kneeling,94,Sitting,Standing,False,0.826,0.0,9.8302
Kneeling,95,Sitting,Standing,False,0.769,0.0,7.5207
Kneeling,96,Sitting,Standing,False,0.866,0.0,8.1889
Kneeling,97,Sitting,Standing,False,0.794,0.0,8.2467
Kneeling,98,Sitting,Standing,False,0.837,0.0,8.21
Kneeling,99,Sitting,Standing,False,0.856,0.0,8.0544
Kneeling,100,Sitting,Standing,False,0.741,0.0,8.0182
Kneeling,101,Sitting,Standing,False,0.843,0.0,8.1628
Kneeling,102,Sitting,Standing,False,0.755,0.0,8.1585
Kneeling,103,Sitting,Standing,False,0.88,0.0,7.8199
Kneeling,104,Sitting,Standing,False,0.823,0.0,8.059
Kneeling,105,Sitting,Standing,False,0.843,0.0,7.7976
Kneeling,106,Sitting,Standing,False,0.853,0.0,7.2321
Kneeling,107,Sitting,Standing,False,0.839,0.0,8.1038
Kneeling,108,Sitting,Standing,False,0.816,0.0,9.9281
Kneeling,109,Sitting,Standing,False,0.744,0.0,8.7587
Kneeling,110,Sitting,Standing,False,0.793,0.0,7.9958
Kneeling,111,Sitting,Standing,False,0.838,0.0,8.5742
Kneeling,112,Sitting,Standing,False,0.751,0.0,8.4244
Kneeling,113,Sitting,Standing,False,0.786,0.0,7.9976
Kneeling,114,Sitting,Standing,False,0.743,0.0,8.4434
Kneeling,115,Sitting,Standing,False,0.802,0.0,8.1911
Kneeling,116,Sitting,Standing,False,0.805,0.0,6.1659
Kneeling,117,Sitting,Standing,False,0.786,0.0,7.9522
Kneeling,118,Sitting,Standing,False,0.819,0.0,8.0369
Kneeling,119,Sitting,Standing,False,0.753,0.0,7.7834
Kneeling,120,Sitting,Standing,False,0.834,0.0,7.8539
Kneeling,121,Sitting,Standing,False,0.791,0.0,7.4693
Kneeling,122,Sitting,Standing,False,0.811,0.0,7.3753
Kneeling,123,Sitting,Standing,False,0.805,0.0,5.199
Kneeling,124,Sitting,Standing,False,0.797,0.0,5.2696
Kneeling,125,Sitting,Standing,False,0.836,0.0,7.4511
Kneeling,126,Sitting,Standing,False,0.739,0.0,7.4107
Kneeling,127,Sitting,Standing,False,0.799,0.0,8.3445
Kneeling,128,,Standing,,0.726,0.0,9.0778
Kneeling,129,,Standing,,0.778,0.0,7.8939
Kneeling,130,,Standing,,0.707,0.0,7.7685
Kneeling,131,,Standing,,0.786,0.0,7.6499
Kneeling,132,,Standing,,0.767,0.0,7.2213
Kneeling,133,,Standing,,0.723,0.0,5.2204
Kneeling,134,,Standing,,0.744,0.0,7.6489
Kneeling,135,,Standing,,0.727,0.0,8.4655
Kneeling,136,,Standing,,0.83,0.0,7.9315
Kneeling,137,,Standing,,0.801,0.0,8.3271
Kneeling,138,,Standing,,0.832,0.0,8.2186
Kneeling,139,,Standing,,0.79,0.0,7.6899
Kneeling,140,,Standing,,0.859,0.0,8.3315
Kneeling,141,,Standing,,0.844,0.0,9.1635
Kneeling,142,,Standing,,0.778,0.0,7.634
Kneeling,143,,Standing,,0.796,0.0,7.7442
Kneeling,144,,Standing,,0.667,0.0,7.9261
Kneeling,145,,Standing,,0.668,0.0,7.7911
Kneeling,146,,Standing,,0.845,0.0,7.5305
Kneeling,147,,Standing,,0.794,0.0,7.7352
Kneeling,148,,Standing,,0.775,0.0,7.9612
Kneeling,149,,Standing,,0.837,0.0,7.7422
Kneeling,150,,Standing,,0.963,0.0,7.6854
Kneeling,151,,Standing,,0.953,0.0,8.4754
Kneeling,152,,Standing,,0.981,0.0,9.6591
Kneeling,153,,Standing,,0.998,0.0,9.4958
Kneeling,154,,Standing,,0.997,0.0,7.439
Kneeling,155,,Standing,,0.999,0.0,7.6597
Kneeling,156,Standing,Standing,True,0.999,0.0,7.5665
Kneeling,157,Standing,Standing,True,0.998,0.0,7.6029
Kneeling,158,Standing,Standing,True,0.998,0.0,7.2228
Kneeling,159,Standing,Standing,True,0.999,0.0,6.6568
Kneeling,160,Standing,Standing,True,0.999,0.0,7.3561
Kneeling,161,Standing,Standing,True,0.998,0.0,7.5862
Kneeling,162,Standing,Standing,True,0.999,0.0,7.2308
Kneeling,163,Standing,Standing,True,0.999,0.0,7.449
Kneeling,164,Standing,Standing,True,0.998,0.0,7.2874
Kneeling,165,Standing,Standing,True,0.998,0.0,7.4447
Kneeling,166,Standing,Standing,True,0.999,0.0,6.4654
Kneeling,167,Standing,Standing,True,0.999,0.0,7.3506
Kneeling,168,Standing,Standing,True,0.998,0.0,7.7148
Kneeling,169,Standing,Standing,True,0.999,0.0,8.1861
Kneeling,170,Standing,Standing,True,0.999,0.0,7.0149
Kneeling,171,,Standing,,0.999,0.0,7.4668
Kneeling,172,,Standing,,0.998,0.0,7.7267
Kneeling,173,,Standing,,0.999,0.0,7.344
Kneeling,174,,Standing,,0.999,0.0,7.8096
Kneeling,175,,Standing,,0.999,0.0,7.4358
Kneeling,176,,Standing,,0.999,0.0,8.2393
Kneeling,177,,Standing,,0.999,0.0,8.7284
Kneeling,178,,Standing,,0.999,0.0,9.0879
Kneeling,179,,Standing,,0.999,0.0,8.5291
Kneeling,180,,Standing,,0.999,0.0,7.4096
Kneeling,181,,Standing,,0.999,0.0,6.7942
Kneeling,182,,Standing,,0.999,0.0,9.4159
Kneeling,183,,Standing,,0.999,0.0,7.3886
Kneeling,184,,Standing,,0.999,0.0,6.4967
Kneeling,185,,Standing,,0.999,0.0,7.5416
Kneeling,186,,Standing,,0.999,0.0,12.1837
Kneeling,187,,Standing,,0.999,0.0,26.7245
Kneeling,188,,Standing,,0.999,0.0,14.3566
Kneeling,189,,Standing,,0.999,0.0,20.5723
Kneeling,190,,Standing,,0.998,0.0,21.4588
LyingdownSlowly,31,,Standing,,0.992,0.0,18.539
LyingdownSlowly,32,,Standing,,0.982,0.0,17.6862
LyingdownSlowly,33,,Standing,,0.977,0.0,20.4724
LyingdownSlowly,34,,Standing,,0.971,0.0,17.9427
LyingdownSlowly,35,,Standing,,0.984,0.0,21.8084
LyingdownSlowly,36,,Standing,,0.979,0.0,10.4922
LyingdownSlowly,37,,Standing,,0.993,0.0,7.5145
LyingdownSlowly,38,,Standing,,0.993,0.0,13.0219
LyingdownSlowly,39,,Standing,,0.991,0.0,10.2996
LyingdownSlowly,40,,Standing,,0.997,0.0,10.9068
LyingdownSlowly,41,,Standing,,0.996,0.0,14.1411
LyingdownSlowly,42,,Standing,,0.995,0.0,7.0875
LyingdownSlowly,43,,Standing,,0.996,0.0,8.5835
LyingdownSlowly,44,,Standing,,0.997,0.0,7.4116
LyingdownSlowly,45,,Standing,,0.996,0.0,6.7861
LyingdownSlowly,46,,Standing,,0.996,0.0,6.0405
LyingdownSlowly,47,,Standing,,0.982,0.0,5.5422
LyingdownSlowly,48,,Standing,,0.993,0.0,5.6233
LyingdownSlowly,49,,Standing,,0.987,0.0,5.6044
LyingdownSlowly,50,,Standing,,0.977,0.0,5.6317
LyingdownSlowly,51,,Standing,,0.966,0.0,7.7087
LyingdownSlowly,52,,Standing,,0.904,0.0,8.2174
LyingdownSlowly,53,,Standing,,0.667,0.0,8.0062
LyingdownSlowly,54,,Standing,,0.709,0.0,7.7963
LyingdownSlowly,55,,Sitting,,0.525,0.0,6.7399
LyingdownSlowly,56,,Standing,,0.675,0.0,5.5726
LyingdownSlowly,57,,Standing,,0.979,0.0,7.4159
LyingdownSlowly,58,,Standing,,0.996,0.0,5.8088
LyingdownSlowly,59,,Standing,,0.975,0.0,8.8621
LyingdownSlowly,60,,Standing,,0.881,0.0,9.1391
LyingdownSlowly,61,,Standing,,0.933,0.0,7.4582
LyingdownSlowly,62,,Lying,,0.387,0.0,8.4776
LyingdownSlowly,63,,Sitting,,0.531,0.0,5.8874
LyingdownSlowly,64,,Lying,,0.64,0.0,8.9746
LyingdownSlowly,65,,Standing,,0.633,0.0,6.2867
LyingdownSlowly,66,,Standing,,0.59,0.0,7.0244
LyingdownSlowly,67,,Lying,,0.644,0.0,8.9126
LyingdownSlowly,68,,Lying,,0.501,0.0,8.0818
LyingdownSlowly,69,,Standing,,0.851,0.0,8.6049
LyingdownSlowly,70,,Standing,,0.758,0.0,8.2483
LyingdownSlowly,71,,Standing,,0.487,0.0,8.011
LyingdownSlowly,72,,Standing,,0.846,0.0,8.4219
LyingdownSlowly,73,,Standing,,0.854,0.0,7.9101
LyingdownSlowly,74,,Standing,,0.404,0.0,7.8926
LyingdownSlowly,75,,Lying,,0.66,0.0,9.4575
LyingdownSlowly,76,,Lying,,0.604,0.0,7.9385
LyingdownSlowly,77,,Lying,,0.557,0.0,7.5895
LyingdownSlowly,78,,Sitting,,0.666,0.0,8.1035
LyingdownSlowly,79,,Sitting,,0.787,0.0,7.9034
LyingdownSlowly,80,,Sitting,,0.924,0.0,13.9174
LyingdownSlowly,81,,Sitting,,0.97,0.0,6.2846
LyingdownSlowly,82,,Sitting,,0.766,0.0,5.6471
LyingdownSlowly,83,,Sitting,,0.672,0.0,5.9035
LyingdownSlowly,84,,Sitting,,0.81,0.0,7.9435
LyingdownSlowly,85,,Sitting,,0.63,0.0,8.1502
LyingdownSlowly,86,,Sitting,,0.726,0.0,8.1316
LyingdownSlowly,87,,Sitting,,0.669,0.0,6.1947
LyingdownSlowly,88,,Sitting,,0.578,0.0,7.2685
LyingdownSlowly,89,,Lying,,0.476,0.0,8.5453
LyingdownSlowly,90,,Lying,,0.645,0.0,8.4355
LyingdownSlowly,91,,Lying,,0.599,0.0,8.9676
LyingdownSlowly,92,,Lying,,0.445,0.0,10.0908
LyingdownSlowly,93,,Sitting,,0.649,0.0,6.1215
LyingdownSlowly,94,,Sitting,,0.724,0.0,5.2955
LyingdownSlowly,95,,Sitting,,0.461,0.0,5.5577
LyingdownSlowly,96,,Lying,,0.542,0.0,5.3801
LyingdownSlowly,97,,Lying,,0.726,0.0,5.7518
LyingdownSlowly,98,,Lying,,0.787,0.0,8.0718
LyingdownSlowly,99,,Lying,,0.869,0.0,8.4503
LyingdownSlowly,100,,Lying,,0.855,0.0,7.7118
LyingdownSlowly,101,,Lying,,0.897,0.0,7.9833
LyingdownSlowly,102,,Lying,,0.823,0.0,8.0568
LyingdownSlowly,103,,Lying,,0.549,0.0,8.3202
LyingdownSlowly,104,,Lying,,0.506,0.0,7.1951
LyingdownSlowly,105,,Lying,,0.625,0.0,8.2302
LyingdownSlowly,106,,Lying,,0.614,0.0,7.7214
LyingdownSlowly,107,,Lying,,0.492,0.0,6.2319
LyingdownSlowly,108,,Lying,,0.6,0.0,6.9758
LyingdownSlowly,109,,Lying,,0.766,0.0,7.9702
LyingdownSlowly,110,,Lying,,0.611,0.0,7.8579
LyingdownSlowly,111,,Lying,,0.612,0.0,9.0179
LyingdownSlowly,112,,Lying,,0.617,0.0,7.5968
LyingdownSlowly,113,,Lying,,0.622,0.0,8.0403
LyingdownSlowly,114,,Lying,,0.694,0.0,7.4777
LyingdownSlowly,115,,Lying,,0.617,0.0,7.691
LyingdownSlowly,116,,Lying,,0.922,0.0,7.5332
LyingdownSlowly,117,,Lying,,0.722,0.0,8.2029
LyingdownSlowly,118,Lying,Lying,True,0.808,0.0,7.715
LyingdownSlowly,119,Lying,Lying,True,0.838,0.0,7.9931
LyingdownSlowly,120,Lying,Lying,True,0.824,0.0,8.1924
LyingdownSlowly,121,Lying,Lying,True,0.879,0.0,7.6149
LyingdownSlowly,122,Lying,Lying,True,0.916,0.0,7.1744
LyingdownSlowly,123,Lying,Lying,True,0.949,0.0,7.4041
LyingdownSlowly,124,Lying,Lying,True,0.989,0.0,8.1247
LyingdownSlowly,125,Lying,Lying,True,0.99,0.0,7.2421
LyingdownSlowly,126,Lying,Lying,True,0.994,0.0,7.7934
LyingdownSlowly,127,Lying,Lying,True,0.997,0.0,8.4141
LyingdownSlowly,128,Lying,Lying,True,0.996,0.0,5.3384
LyingdownSlowly,129,Lying,Lying,True,0.998,0.0,7.2919
LyingdownSlowly,130,Lying,Lying,True,0.996,0.0,7.4935
LyingdownSlowly,131,Lying,Lying,True,0.999,0.0,6.4096
LyingdownSlowly,132,Lying,Lying,True,0.998,0.0,7.6274
LyingdownSlowly,133,Lying,Lying,True,0.999,0.0,6.4488
LyingdownSlowly,134,Lying,Lying,True,0.999,0.0,7.2909
LyingdownSlowly,135,Lying,Lying,True,0.999,0.0,8.2109
LyingdownSlowly,136,Lying,Lying,True,0.996,0.0,8.0835
LyingdownSlowly,137,Lying,Lying,True,0.997,0.0,6.6175
LyingdownSlowly,138,Lying,Lying,True,0.995,0.0,5.8879
LyingdownSlowly,139,Lying,Lying,True,0.997,0.0,5.1286
LyingdownSlowly,140,Lying,Lying,True,0.998,0.0,6.6251
LyingdownSlowly,141,Lying,Lying,True,0.997,0.0,5.026
LyingdownSlowly,142,Lying,Lying,True,0.995,0.0,7.0377
LyingdownSlowly,143,Lying,Lying,True,0.997,0.0,8.119
LyingdownSlowly,144,Lying,Lying,True,0.997,0.0,12.9123
LyingdownSlowly,145,Lying,Lying,True,0.997,0.0,8.7265
LyingdownSlowly,146,Lying,Lying,True,0.996,0.0,9.3585
LyingdownSlowly,147,Lying,Lying,True,0.996,0.0,6.3923
LyingdownSlowly,148,Lying,Lying,True,0.998,0.0,7.7757
LyingdownSlowly,149,Lying,Lying,True,0.997,0.0,5.2011
LyingdownSlowly,150,Lying,Lying,True,0.995,0.0,7.1429
LyingdownSlowly,151,Lying,Lying,True,0.995,0.0,6.1191
LyingdownSlowly,152,Lying,Lying,True,0.993,0.0,6.0405
LyingdownSlowly,153,Lying,Lying,True,0.997,0.0,7.6421
LyingdownSlowly,154,Lying,Lying,True,0.996,0.0,7.7953
LyingdownSlowly,155,Lying,Lying,True,0.995,0.0,8.0363
LyingdownSlowly,156,Lying,Lying,True,0.995,0.0,8.3039
LyingdownSlowly,157,Lying,Lying,True,0.996,0.0,8.3911
LyingdownSlowly,158,Lying,Lying,True,0.996,0.0,7.7416
LyingdownSlowly,159,Lying,Lying,True,0.995,0.0,16.1326
LyingdownSlowly,160,Lying,Lying,True,0.998,0.0,20.3674
LyingdownSlowly,161,Lying,Lying,True,0.996,0.0,9.0671
LyingdownSlowly,162,Lying,Lying,True,0.998,0.0,7.9648
LyingdownSlowly,163,Lying,Lying,True,0.997,0.0,9.4485
LyingdownSlowly,164,Lying,Lying,True,0.997,0.0,8.9258
LyingdownSlowly,165,Lying,Lying,True,0.996,0.0,7.6298
LyingdownSlowly,166,Lying,Lying,True,0.998,0.0,7.7069
LyingdownSlowly,167,Lying,Lying,True,0.997,0.0,7.7168
LyingdownSlowly,168,Lying,Lying,True,0.998,0.0,7.6263
LyingdownSlowly,169,Lying,Lying,True,0.993,0.0,6.7172
LyingdownSlowly,170,Lying,Lying,True,0.999,0.0,5.2294
LyingdownSlowly,171,Lying,Lying,True,0.998,0.0,5.4587
LyingdownSlowly,172,Lying,Lying,True,0.998,0.0,7.3004
LyingdownSlowly,173,Lying,Lying,True,0.996,0.0,5.9097
LyingdownSlowly,174,Lying,Lying,True,0.997,0.0,7.8035
LyingdownSlowly,175,Lying,Lying,True,0.995,0.0,7.989
LyingdownSlowly,176,Lying,Lying,True,0.998,0.0,7.9253
LyingdownSlowly,177,Lying,Lying,True,0.996,0.0,8.48
LyingdownSlowly,178,Lying,Lying,True,0.998,0.0,7.8487
LyingdownSlowly,179,Lying,Lying,True,0.998,0.0,7.8747
LyingdownSlowly,180,Lying,Lying,True,0.998,0.0,7.2624
LyingdownSlowly,181,Lying,Lying,True,0.996,0.0,7.7625
LyingdownSlowly,182,Lying,Lying,True,0.997,0.0,5.5715
LyingdownSlowly,183,Lying,Lying,True,0.998,0.0,7.5811
LyingdownSlowly,184,Lying,Lying,True,0.994,0.0,7.4218
LyingdownSlowly,185,Lying,Lying,True,0.997,0.0,7.9469
LyingdownSlowly,186,Lying,Lying,True,0.998,0.0,8.5639
LyingdownSlowly,187,Lying,Lying,True,0.999,0.0,8.1343
LyingdownSlowly,188,Lying,Lying,True,0.998,0.0,5.3756
LyingdownSlowly,189,Lying,Lying,True,0.999,0.0,5.2277
LyingdownSlowly,190,Lying,Lying,True,0.998,0.0,7.7856
LyingdownSlowly,191,Lying,Lying,True,0.998,0.0,8.2072
LyingdownSlowly,192,Lying,Lying,True,0.998,0.0,7.8358
LyingdownSlowly,193,Lying,Lying,True,0.998,0.0,7.7249
LyingdownSlowly,194,Lying,Lying,True,0.998,0.0,7.8557
LyingdownSlowly,195,Lying,Lying,True,0.998,0.0,7.7424
LyingdownSlowly,196,Lying,Lying,True,0.999,0.0,7.8099
LyingdownSlowly,197,Lying,Lying,True,0.998,0.0,7.4313
LyingdownSlowly,198,Lying,Lying,True,0.998,0.0,7.6172
LyingdownSlowly,199,Lying,Lying,True,0.997,0.0,7.6241
LyingdownSlowly,200,Lying,Lying,True,0.999,0.0,7.3873
LyingdownSlowly,201,Lying,Lying,True,0.999,0.0,7.1098
LyingdownSlowly,202,Lying,Lying,True,0.999,0.0,7.3084
LyingdownSlowly,203,Lying,Lying,True,0.998,0.0,7.4504
LyingdownSlowly,204,Lying,Lying,True,0.999,0.0,7.497
LyingdownSlowly,205,Lying,Lying,True,0.998,0.0,7.5719
LyingdownSlowly,206,Lying,Lying,True,0.998,0.0,6.7374
LyingdownSlowly,207,Lying,Lying,True,0.998,0.0,5.3092
LyingdownSlowly,208,Lying,Lying,True,0.998,0.0,5.7135
LyingdownSlowly,209,Lying,Lying,True,0.998,0.0,5.9358
LyingdownSlowly,210,Lying,Lying,True,0.998,0.0,5.1922
LyingdownSlowly,211,Lying,Lying,True,0.997,0.0,5.2111
LyingdownSlowly,212,Lying,Lying,True,0.998,0.0,5.0329
LyingdownSlowly,213,Lying,Lying,True,0.999,0.0,5.2024
LyingdownSlowly,214,Lying,Lying,True,0.998,0.0,6.9749
LyingdownSlowly,215,Lying,Lying,True,0.997,0.0,7.6404
LyingdownSlowly,216,Lying,Lying,True,0.998,0.0,7.482
LyingdownSlowly,217,Lying,Lying,True,0.998,0.0,7.6844
LyingdownSlowly,218,Lying,Lying,True,0.996,0.0,7.3317
LyingdownSlowly,219,Lying,Lying,True,0.997,0.0,7.8734
LyingdownSlowly,220,Lying,Lying,True,0.996,0.0,8.0609
LyingdownSlowly,221,Lying,Lying,True,0.995,0.0,7.66
LyingdownSlowly,222,Lying,Lying,True,0.997,0.0,5.6068
LyingdownSlowly,223,Lying,Lying,True,0.997,0.0,7.0586
LyingdownSlowly,224,Lying,Lying,True,0.997,0.0,8.5297
LyingdownSlowly,225,Lying,Lying,True,0.997,0.0,9.0775
LyingdownSlowly,226,Lying,Lying,True,0.998,0.0,7.3789
LyingdownSlowly,227,Lying,Lying,True,0.998,0.0,8.994
LyingdownSlowly,228,Lying,Lying,True,0.998,0.0,8.8327
LyingdownSlowly,229,Lying,Lying,True,0.998,0.0,10.3464
LyingdownSlowly,230,Lying,Lying,True,0.998,0.0,9.7943
LyingdownSlowly,231,Lying,Lying,True,0.997,0.0,7.9529
LyingdownSlowly,232,Lying,Lying,True,0.997,0.0,8.5551
LyingdownSlowly,233,Lying,Lying,True,0.998,0.0,7.9584
LyingdownSlowly,234,Lying,Lying,True,0.997,0.0,8.9656
LyingdownSlowly,235,Lying,Lying,True,0.998,0.0,8.0584
LyingdownSlowly,236,,Lying,,0.997,0.0,8.2026
LyingdownSlowly,237,,Lying,,0.997,0.0,7.8925
LyingdownSlowly,238,,Lying,,0.996,0.0,8.4182
LyingdownSlowly,239,,Lying,,0.997,0.0,8.1082
LyingdownSlowly,240,,Lying,,0.998,0.0,9.6983
LyingdownSlowly,241,,Lying,,0.999,0.0,9.0402
LyingdownSlowly,242,,Lying,,0.999,0.0,7.8502
LyingdownSlowly,243,,Lying,,0.998,0.0,7.9381
LyingdownSlowly,244,,Lying,,0.999,0.0,7.901
LyingdownSlowly,245,,Lying,,0.998,0.0,6.7161
LyingdownSlowly,246,,Lying,,0.999,0.0,5.5475
LyingdownSlowly,247,,Lying,,0.999,0.0,9.5283
LyingdownSlowly,248,,Lying,,0.998,0.0,9.295
LyingdownSlowly,249,,Lying,,0.999,0.0,8.7706
LyingdownSlowly,250,,Lying,,0.999,0.0,11.0531
LyingdownSlowly,251,,Lying,,0.999,0.0,9.9535
LyingdownSlowly,252,,Lying,,0.999,0.0,10.4301
LyingdownSlowly,253,,Lying,,0.999,0.0,12.55
LyingdownSlowly,254,,Lying,,0.999,0.0,8.8234
LyingdownSlowly,255,,Lying,,0.998,0.0,8.5448
LyingdownSlowly,256,,Lying,,0.998,0.0,9.1605
LyingdownSlowly,257,,Lying,,0.998,0.0,8.3216
LyingdownSlowly,258,,Lying,,0.999,0.0,8.7651
LyingdownSlowly,259,,Lying,,0.997,0.0,9.3539
LyingdownSlowly,260,,Lying,,0.998,0.0,9.0787
LyingdownSlowly,261,,Lying,,0.998,0.0,8.1098
LyingdownSlowly,262,,Lying,,0.995,0.0,7.8159
LyingdownSlowly,263,,Lying,,0.998,0.0,8.2863
LyingdownSlowly,264,,Lying,,0.999,0.0,7.8391
LyingdownSlowly,265,,Lying,,0.998,0.0,8.4194
LyingdownSlowly,266,,Lying,,0.998,0.0,7.7581
LyingdownSlowly,267,,Lying,,0.998,0.0,9.4598
LyingdownSlowly,268,,Lying,,0.998,0.0,6.1094
LyingdownSlowly,269,,Lying,,0.998,0.0,5.6622
LyingdownSlowly,270,,Lying,,0.998,0.0,6.1034
LyingdownSlowly,271,,Lying,,0.998,0.0,6.719
LyingdownSlowly,272,,Lying,,0.998,0.0,7.7277
LyingdownSlowly,273,,Lying,,0.998,0.0,7.9148
LyingdownSlowly,274,,Lying,,0.996,0.0,7.7474
LyingdownSlowly,275,,Lying,,0.997,0.0,7.8158
LyingdownSlowly,276,,Lying,,0.998,0.0,7.7212
LyingdownSlowly,277,,Lying,,0.996,0.0,6.878
LyingdownSlowly,278,,Lying,,0.996,0.0,7.1201
LyingdownSlowly,279,,Lying,,0.997,0.0,7.7919
LyingdownSlowly,280,,Lying,,0.997,0.0,7.4975
LyingdownSlowly,281,,Lying,,0.994,0.0,8.1546
LyingdownSlowly,282,,Lying,,0.995,0.0,6.4104
LyingdownSlowly,283,,Lying,,0.995,0.0,12.299
LyingdownSlowly,284,,Lying,,0.994,0.0,23.7663
LyingdownSlowly,285,,Lying,,0.994,0.0,15.2578
LyingdownSlowly,286,,Lying,,0.994,0.0,8.6499
LyingdownSlowly,287,,Lying,,0.995,0.0,7.3889
LyingdownSlowly,288,,Lying,,0.99,0.0,8.099
LyingdownSlowly,289,,Lying,,0.991,0.0,7.0851
LyingdownSlowly,290,,Lying,,0.991,0.0,6.9436
LyingdownSlowly,291,,Lying,,0.991,0.0,7.4506
LyingdownSlowly,292,,Lying,,0.992,0.0,7.8364
LyingdownSlowly,293,,Lying,,0.968,0.0,7.5054
LyingdownSlowly,294,,Lying,,0.966,0.0,7.4089
LyingdownSlowly,295,,Lying,,0.978,0.0,8.1375
LyingdownSlowly,296,,Lying,,0.961,0.0,8.4779
LyingdownSlowly,297,,Lying,,0.944,0.0,8.4536
LyingdownSlowly,298,,Lying,,0.955,0.0,6.8122
LyingdownSlowly,299,,Lying,,0.943,0.0,8.1727
LyingdownSlowly,300,,Lying,,0.933,0.0,6.5339
LyingdownSlowly,301,,Lying,,0.882,0.0,8.7963
LyingdownSlowly,302,,Lying,,0.952,0.0,6.9777
LyingdownSlowly,303,,Lying,,0.903,0.0,10.4248
LyingdownSlowly,304,,Lying,,0.945,0.0,10.6119
LyingdownSlowly,305,,Lying,,0.94,0.0,8.0311
LyingdownSlowly,306,,Lying,,0.952,0.0,7.7078
LyingdownSlowly,307,,Lying,,0.893,0.0,8.5441
LyingdownSlowly,308,,Lying,,0.917,0.0,8.2849
LyingdownSlowly,309,,Lying,,0.858,0.0,8.4508
LyingdownSlowly,310,,Lying,,0.811,0.0,8.6161
LyingdownSlowly,311,,Lying,,0.811,0.0,9.7805
LyingdownSlowly,312,,Lying,,0.902,0.0,7.3733
LyingdownSlowly,313,,Lying,,0.703,0.0,8.5385
LyingdownSlowly,314,,Lying,,0.794,0.0,8.6239
LyingdownSlowly,315,,Lying,,0.694,0.0,8.3035
LyingdownSlowly,316,,Lying,,0.601,0.0,8.4328
LyingdownSlowly,317,,Lying,,0.598,0.0,7.8829
LyingdownSlowly,318,,Lying,,0.748,0.0,8.4976
LyingdownSlowly,319,,Lying,,0.836,0.0,8.2614
LyingdownSlowly,320,,Lying,,0.851,0.0,9.595
LyingdownSlowly,321,,Lying,,0.762,0.0,9.3582
LyingdownSlowly,322,,Lying,,0.727,0.0,7.0032
LyingdownSlowly,323,,Lying,,0.838,0.0,9.2708
LyingdownSlowly,324,,Lying,,0.864,0.0,8.0379
LyingdownSlowly,325,,Lying,,0.849,0.0,7.9701
LyingdownSlowly,326,,Lying,,0.905,0.0,7.7844
LyingdownSlowly,327,,Lying,,0.877,0.0,8.4144
LyingdownSlowly,328,,Lying,,0.804,0.0,7.9689
LyingdownSlowly,329,,Lying,,0.931,0.0,8.2475
LyingdownSlowly,330,,Lying,,0.886,0.0,7.8186
LyingdownSlowly,331,,Lying,,0.958,0.0,8.633
LyingdownSlowly,332,,Lying,,0.78,0.0,8.4619
LyingdownSlowly,333,,Lying,,0.697,0.0,8.0177
LyingdownSlowly,334,,Lying,,0.524,0.0,8.1507
LyingdownSlowly,335,,Lying,,0.531,0.0,8.1275
LyingdownSlowly,336,,Lying,,0.519,0.0,7.7563
LyingdownSlowly,337,,Lying,,0.506,0.0,8.0901
LyingdownSlowly,338,,Lying,,0.525,0.0,7.2675
LyingdownSlowly,339,,Sitting,,0.402,0.0,6.0305
LyingdownSlowly,340,,Lying,,0.39,0.0,7.846
LyingdownSlowly,341,,Lying,,0.414,0.0,7.8917
LyingdownSlowly,342,,Lying,,0.428,0.0,8.1026
LyingdownSlowly,343,,Lying,,0.604,0.0,7.5444
LyingdownSlowly,344,,Lying,,0.652,0.0,7.1318
LyingdownSlowly,345,,Lying,,0.362,0.0,6.9509
LyingdownSlowly,346,,Standing,,0.308,0.0,7.4894
LyingdownSlowly,347,,Standing,,0.529,0.0,7.5732
LyingdownSlowly,348,,Standing,,0.867,0.0,7.1537
LyingdownSlowly,349,,Standing,,0.989,0.0,7.6563
LyingdownSlowly,350,,Standing,,0.994,0.0,7.6653
LyingdownSlowly,351,,Standing,,0.968,0.0,7.8299
LyingdownSlowly,352,,Standing,,0.937,0.0,7.2959
LyingdownSlowly,353,,Standing,,0.886,0.0,5.0602
LyingdownSlowly,354,,Standing,,0.927,0.0,4.9932
LyingdownSlowly,355,,Standing,,0.996,0.0,5.3076
LyingdownSlowly,356,,Standing,,0.994,0.0,5.3141
LyingdownSlowly,357,,Standing,,0.993,0.0,7.2499
LyingdownSlowly,358,,Standing,,0.996,0.0,8.1096
LyingdownSlowly,359,,Standing,,0.998,0.0,7.6438
LyingdownSlowly,360,,Standing,,0.999,0.0,7.6322
LyingdownSlowly,361,,Standing,,1.0,0.0,7.6588
LyingdownSlowly,362,,Standing,,0.998,0.0,8.274
LyingdownSlowly,363,,Standing,,0.999,0.0,7.5327
LyingdownSlowly,364,,Standing,,0.998,0.0,6.9789
LyingdownSlowly,365,,Standing,,0.994,0.0,7.7055
LyingdownSlowly,366,,Standing,,0.999,0.0,7.5132
LyingdownSlowly,367,,Standing,,1.0,0.0,7.807
LyingdownSlowly,368,,Standing,,1.0,0.0,7.3341
LyingdownSlowly,369,,Standing,,1.0,0.0,7.4988
LyingdownSlowly,370,,Standing,,1.0,0.0,7.6681
LyingdownSlowly,371,,Standing,,0.999,0.0,7.6588
LyingdownSlowly,372,,Standing,,0.999,0.0,8.0204
LyingdownSlowly,373,,Standing,,0.998,0.0,8.16
LyingdownSlowly,374,,Standing,,0.999,0.0,8.594
LyingdownSlowly,375,,Standing,,0.998,0.0,9.724
LyingdownSlowly,376,,Standing,,1.0,0.0,9.6848
LyingdownSlowly,377,,Standing,,1.0,0.0,11.7749
LyingdownSlowly,378,,Standing,,1.0,0.0,12.2871
LyingdownSlowly,379,,Standing,,1.0,0.0,10.3653
LyingdownSlowly,380,,Standing,,1.0,0.0,8.0505
LyingdownSlowly,381,,Standing,,1.0,0.0,9.802
Moving_in_out_frame,31,Standing,Standing,True,1.0,0.0,8.4232
Moving_in_out_frame,32,Standing,Standing,True,1.0,0.0,11.1254
Moving_in_out_frame,33,Standing,Standing,True,1.0,0.0,13.487
Moving_in_out_frame,34,Standing,Standing,True,1.0,0.0,11.3384
Moving_in_out_frame,35,Standing,Standing,True,1.0,0.0,8.8794
Moving_in_out_frame,36,Standing,Standing,True,1.0,0.0,8.1611
Moving_in_out_frame,37,Standing,Standing,True,1.0,0.0,7.6729
Moving_in_out_frame,38,Standing,Standing,True,1.0,0.0,8.3315
Moving_in_out_frame,39,Standing,Standing,True,1.0,0.0,8.0289
Moving_in_out_frame,40,Standing,Standing,True,1.0,0.0,5.662
Moving_in_out_frame,41,Standing,Standing,True,1.0,0.0,7.3119
Moving_in_out_frame,42,Standing,Standing,True,0.999,0.0,7.0535
Moving_in_out_frame,43,Standing,Standing,True,0.999,0.0,7.9919
Moving_in_out_frame,44,Standing,Standing,True,0.999,0.0,8.2864
Moving_in_out_frame,45,Standing,Standing,True,0.999,0.0,7.9484
Moving_in_out_frame,46,Standing,Standing,True,0.999,0.0,9.1052
Moving_in_out_frame,47,Standing,Standing,True,0.999,0.0,8.8265
Moving_in_out_frame,48,Standing,Standing,True,0.999,0.0,8.1756
Moving_in_out_frame,49,Standing,Standing,True,0.999,0.0,8.9934
Moving_in_out_frame,50,Standing,Standing,True,0.999,0.0,7.6422
Moving_in_out_frame,51,Standing,Standing,True,0.999,0.0,8.4736
Moving_in_out_frame,52,Standing,Standing,True,0.999,0.0,7.3812
Moving_in_out_frame,53,Standing,Standing,True,0.999,0.0,8.563
Moving_in_out_frame,54,Standing,Standing,True,0.999,0.0,8.3952
Moving_in_out_frame,55,Standing,Standing,True,1.0,0.0,8.3978
Moving_in_out_frame,56,Standing,Standing,True,0.999,0.0,8.2913
Moving_in_out_frame,57,Standing,Standing,True,0.999,0.0,7.9852
Moving_in_out_frame,58,Standing,Standing,True,0.999,0.0,8.396
Moving_in_out_frame,59,Not in frame,Standing,False,1.0,0.0,8.0754
Moving_in_out_frame,60,Not in frame,Standing,False,0.999,0.0,8.2381
Moving_in_out_frame,61,Not in frame,Standing,False,0.999,0.0,6.5748
Moving_in_out_frame,62,Not in frame,Standing,False,1.0,0.0,8.5098
Moving_in_out_frame,63,Not in frame,Standing,False,1.0,0.0,8.0716
Moving_in_out_frame,64,Not in frame,Standing,False,1.0,0.0,7.2039
Moving_in_out_frame,65,Not in frame,Standing,False,0.999,0.0,8.5882
Moving_in_out_frame,66,Not in frame,Standing,False,1.0,0.0,7.9559
Moving_in_out_frame,67,Not in frame,Standing,False,0.999,0.0,7.8707
Moving_in_out_frame,68,Not in frame,Standing,False,0.999,0.0,7.8542
Moving_in_out_frame,69,Not in frame,Standing,False,0.998,0.0,7.3124
Moving_in_out_frame,70,Not in frame,Standing,False,0.997,0.0,7.6062
Moving_in_out_frame,71,Not in frame,Standing,False,0.995,1.0,9.4441
Moving_in_out_frame,72,Not in frame,Standing,False,0.99,1.0,9.3096
Moving_in_out_frame,73,Not in frame,Standing,False,0.982,1.0,8.6637
Moving_in_out_frame,74,Not in frame,Standing,False,0.962,1.0,8.8996
Moving_in_out_frame,75,Not in frame,Standing,False,0.875,1.0,8.3165
Moving_in_out_frame,76,Not in frame,Standing,False,0.876,0.0,7.8551
Moving_in_out_frame,77,Not in frame,Standing,False,0.419,0.0,20.4728
Moving_in_out_frame,78,Not in frame,Standing,False,0.444,0.0,9.0258
Moving_in_out_frame,79,Not in frame,Lying,False,0.376,0.0,9.1883
Moving_in_out_frame,80,Not in frame,Lying,False,0.454,0.0,7.8875
Moving_in_out_frame,81,Not in frame,Lying,False,0.394,0.0,8.9833
Moving_in_out_frame,82,Not in frame,Lying,False,0.446,0.0,7.8398
Moving_in_out_frame,83,Not in frame,Lying,False,0.589,0.0,8.2885
Moving_in_out_frame,84,Not in frame,Lying,False,0.576,0.0,8.8061
Moving_in_out_frame,85,Not in frame,Lying,False,0.732,0.0,11.5836
Moving_in_out_frame,86,Not in frame,Lying,False,0.88,0.0,8.9767
Moving_in_out_frame,87,Not in frame,Lying,False,0.6,0.0,10.996
Moving_in_out_frame,88,Not in frame,Lying,False,0.694,0.0,7.011
Moving_in_out_frame,89,Not in frame,Lying,False,0.76,0.0,9.2007
Moving_in_out_frame,90,Not in frame,Lying,False,0.897,0.0,8.3364
Moving_in_out_frame,91,Not in frame,Lying,False,0.919,0.0,9.5381
Moving_in_out_frame,92,Not in frame,Lying,False,0.95,0.0,9.7857
Moving_in_out_frame,93,Not in frame,Lying,False,0.942,0.0,9.5499
Moving_in_out_frame,94,Not in frame,Lying,False,0.975,0.0,9.1582
Moving_in_out_frame,95,Not in frame,Lying,False,0.967,0.0,9.617
Moving_in_out_frame,96,Not in frame,Lying,False,0.98,0.0,10.147
Moving_in_out_frame,97,Not in frame,Lying,False,0.982,0.0,9.7538
Moving_in_out_frame,98,Not in frame,Lying,False,0.993,0.0,9.6899
Moving_in_out_frame,99,Not in frame,Lying,False,0.996,0.0,9.2728
Moving_in_out_frame,100,Not in frame,Lying,False,0.997,0.0,8.4011
Moving_in_out_frame,101,Not in frame,Lying,False,0.99,0.0,9.0049
Moving_in_out_frame,102,Not in frame,Lying,False,0.996,0.0,7.8032
Moving_in_out_frame,103,Not in frame,Lying,False,0.995,0.0,5.9751
Moving_in_out_frame,104,Not in frame,Lying,False,0.998,0.0,8.791
Moving_in_out_frame,105,Not in frame,Lying,False,0.991,0.0,8.4769
Moving_in_out_frame,106,Not in frame,Lying,False,0.989,0.0,8.0402
Moving_in_out_frame,107,Not in frame,Lying,False,0.99,0.0,7.9693
Moving_in_out_frame,108,Not in frame,Lying,False,0.993,0.0,7.9791
Moving_in_out_frame,109,Not in frame,Lying,False,0.989,0.0,7.7029
Moving_in_out_frame,110,Not in frame,Lying,False,0.991,0.0,7.9636
Moving_in_out_frame,111,Not in frame,Lying,False,0.991,0.0,8.454
Moving_in_out_frame,112,Not in frame,Lying,False,0.979,0.0,8.2626
Moving_in_out_frame,113,Not in frame,Lying,False,0.992,0.0,8.7721
Moving_in_out_frame,114,Not in frame,Lying,False,0.99,0.0,8.3258
Moving_in_out_frame,115,Not in frame,Lying,False,0.99,0.0,10.1534
Moving_in_out_frame,116,Not in frame,Lying,False,0.989,0.0,8.8628
Moving_in_out_frame,117,Standing,Lying,False,0.993,0.0,10.7624
Moving_in_out_frame,118,Standing,Lying,False,0.993,0.0,9.8675
Moving_in_out_frame,119,Standing,Lying,False,0.964,0.0,9.2495
Moving_in_out_frame,120,Standing,Lying,False,0.987,0.0,8.8031
Moving_in_out_frame,121,Standing,Lying,False,0.992,0.0,9.5933
Moving_in_out_frame,122,Standing,Lying,False,0.988,0.0,10.0275
Moving_in_out_frame,123,Standing,Lying,False,0.99,0.0,9.2775
Moving_in_out_frame,124,Standing,Lying,False,0.99,0.0,7.6231
Moving_in_out_frame,125,Standing,Lying,False,0.971,0.0,7.793
Moving_in_out_frame,126,Standing,Lying,False,0.983,0.0,7.8718
Moving_in_out_frame,127,Standing,Lying,False,0.976,0.0,7.0876
Moving_in_out_frame,128,Standing,Lying,False,0.972,0.0,8.3507
Moving_in_out_frame,129,Standing,Lying,False,0.989,0.0,7.8363
Moving_in_out_frame,130,Standing,Lying,False,0.993,0.0,9.6367
Moving_in_out_frame,131,Standing,Lying,False,0.982,0.0,9.7736
Moving_in_out_frame,132,Standing,Lying,False,0.994,0.0,9.8714
Moving_in_out_frame,133,Standing,Lying,False,0.969,0.0,7.9765
Moving_in_out_frame,134,Standing,Lying,False,0.993,0.0,12.0119
Moving_in_out_frame,135,Standing,Lying,False,0.985,0.0,10.1685
Moving_in_out_frame,136,Standing,Lying,False,0.981,0.0,10.1205
Moving_in_out_frame,137,Standing,Lying,False,0.978,0.0,10.0848
Moving_in_out_frame,138,Standing,Lying,False,0.971,0.0,10.0919
Moving_in_out_frame,139,Standing,Lying,False,0.946,0.0,11.8932
Moving_in_out_frame,140,Standing,Lying,False,0.955,0.0,13.7857
Moving_in_out_frame,141,Standing,Lying,False,0.958,0.0,11.6126
Moving_in_out_frame,142,Standing,Lying,False,0.95,0.0,8.4879
Moving_in_out_frame,143,Standing,Lying,False,0.961,0.0,8.5282
Moving_in_out_frame,144,Standing,Lying,False,0.988,0.0,7.9276
Moving_in_out_frame,145,Standing,Lying,False,0.986,0.0,5.8034
Moving_in_out_frame,146,Standing,Lying,False,0.962,0.0,5.4908
Moving_in_out_frame,147,Standing,Lying,False,0.979,0.0,6.0608
Moving_in_out_frame,148,Standing,Lying,False,0.986,0.0,8.0835
Moving_in_out_frame,149,Standing,Lying,False,0.939,0.0,6.905
Moving_in_out_frame,150,Standing,Lying,False,0.981,0.0,7.1295
Moving_in_out_frame,151,Standing,Lying,False,0.967,0.0,6.5841
Moving_in_out_frame,152,Standing,Lying,False,0.951,0.0,8.1976
Moving_in_out_frame,153,Standing,Lying,False,0.951,0.0,8.7958
Moving_in_out_frame,154,Standing,Lying,False,0.975,0.0,5.7654
Moving_in_out_frame,155,Standing,Lying,False,0.952,0.0,7.8488
Moving_in_out_frame,156,Standing,Lying,False,0.945,0.0,8.7421
Moving_in_out_frame,157,Standing,Lying,False,0.986,0.0,7.6212
Moving_in_out_frame,158,Standing,Lying,False,0.983,0.0,8.8787
Moving_in_out_frame,159,Standing,Lying,False,0.991,0.0,8.3669
Moving_in_out_frame,160,Standing,Lying,False,0.972,0.0,7.9364
Moving_in_out_frame,161,Standing,Lying,False,0.994,0.0,7.2912
Moving_in_out_frame,162,Standing,Lying,False,0.981,0.0,7.8393
Moving_in_out_frame,163,Standing,Lying,False,0.992,0.0,7.4864
Moving_in_out_frame,164,Standing,Lying,False,0.993,0.0,8.0263
Moving_in_out_frame,165,Standing,Lying,False,0.983,0.0,7.6336
Moving_in_out_frame,166,Standing,Lying,False,0.981,0.0,7.2055
Moving_in_out_frame,167,Standing,Lying,False,0.949,1.0,6.8905
Moving_in_out_frame,168,Standing,Lying,False,0.978,0.0,6.8351
Moving_in_out_frame,169,Standing,Lying,False,0.927,0.0,8.1027
Moving_in_out_frame,170,Standing,Lying,False,0.866,0.0,8.1735
Moving_in_out_frame,171,Standing,Lying,False,0.782,0.0,9.419
Moving_in_out_frame,172,Standing,Standing,True,0.854,0.0,9.6216
Moving_in_out_frame,173,Standing,Standing,True,0.856,0.0,10.0624
Moving_in_out_frame,174,Standing,Standing,True,0.945,0.0,7.5322
Moving_in_out_frame,175,Standing,Standing,True,0.903,0.0,8.1074
Moving_in_out_frame,176,Standing,Standing,True,0.941,0.0,8.1299
Moving_in_out_frame,177,Standing,Standing,True,0.903,0.0,7.8746
Moving_in_out_frame,178,Standing,Standing,True,0.853,0.0,8.1404
Moving_in_out_frame,179,Standing,Standing,True,0.855,0.0,6.7015
Moving_in_out_frame,180,Standing,Standing,True,0.964,0.0,7.8483
Moving_in_out_frame,181,Standing,Standing,True,0.978,0.0,7.383
Moving_in_out_frame,182,Standing,Standing,True,0.95,0.0,36.7295
Moving_in_out_frame,183,Standing,Standing,True,0.975,0.0,8.5392
Moving_in_out_frame,184,Standing,Standing,True,0.972,0.0,7.6638
Moving_in_out_frame,185,Standing,Standing,True,0.988,0.0,8.3733
Moving_in_out_frame,186,Standing,Standing,True,0.984,0.0,8.5427
Moving_in_out_frame,187,Standing,Standing,True,0.938,0.0,8.5779
Moving_in_out_frame,188,Standing,Standing,True,0.952,0.0,7.4061
Moving_in_out_frame,189,Standing,Standing,True,0.985,0.0,8.4415
Moving_in_out_frame,190,Standing,Standing,True,0.958,0.0,7.4941
Moving_in_out_frame,191,Standing,Standing,True,0.982,0.0,7.9604
Moving_in_out_frame,192,Standing,Standing,True,0.982,0.0,7.7052
Moving_in_out_frame,193,Standing,Standing,True,0.994,0.0,7.094
Moving_in_out_frame,194,Standing,Standing,True,0.995,0.0,5.3906
Moving_in_out_frame,195,Standing,Standing,True,0.996,0.0,7.0862
Moving_in_out_frame,196,Standing,Standing,True,0.953,0.0,7.498
Moving_in_out_frame,197,Standing,Standing,True,0.998,0.0,7.7273
Moving_in_out_frame,198,Standing,Standing,True,0.999,0.0,7.9881
Moving_in_out_frame,199,Standing,Standing,True,0.999,0.0,7.4683
Moving_in_out_frame,200,Standing,Standing,True,0.999,0.0,6.5837
Moving_in_out_frame,201,Standing,Standing,True,0.999,0.0,7.1335
Moving_in_out_frame,202,Standing,Standing,True,0.999,0.0,7.0139
Moving_in_out_frame,203,Standing,Standing,True,1.0,0.0,7.0117
Moving_in_out_frame,204,Standing,Standing,True,1.0,0.0,7.0225
Moving_in_out_frame,205,Standing,Standing,True,1.0,0.0,6.9288
Moving_in_out_frame,206,,Standing,,1.0,0.0,7.3191
Moving_in_out_frame,207,,Standing,,1.0,0.0,7.0818
Moving_in_out_frame,208,,Standing,,1.0,0.0,6.8443
Moving_in_out_frame,209,,Standing,,1.0,0.0,7.0984
Moving_in_out_frame,210,,Standing,,0.999,0.0,7.4209
Moving_in_out_frame_withFall,31,Standing,Standing,True,0.975,1.0,7.9376
Moving_in_out_frame_withFall,32,Standing,Standing,True,0.887,1.0,7.6715
Moving_in_out_frame_withFall,33,Standing,Standing,True,0.918,1.0,8.3785
Moving_in_out_frame_withFall,34,Standing,Standing,True,0.779,1.0,6.5992
Moving_in_out_frame_withFall,35,Standing,Standing,True,0.866,1.0,7.4636
Moving_in_out_frame_withFall,36,Standing,Standing,True,0.637,1.0,7.2715
Moving_in_out_frame_withFall,37,Standing,Standing,True,0.576,1.0,7.3867
Moving_in_out_frame_withFall,38,Standing,Standing,True,0.525,1.0,7.3415
Moving_in_out_frame_withFall,39,Standing,Standing,True,0.647,1.0,7.2612
Moving_in_out_frame_withFall,40,Standing,Lying,False,0.477,1.0,7.8384
Moving_in_out_frame_withFall,41,Standing,Lying,False,0.524,1.0,6.4962
Moving_in_out_frame_withFall,42,Standing,Lying,False,0.584,1.0,7.5245
Moving_in_out_frame_withFall,43,Standing,Lying,False,0.883,1.0,7.2699
Moving_in_out_frame_withFall,44,Standing,Lying,False,0.893,1.0,7.3617
Moving_in_out_frame_withFall,45,Standing,Lying,False,0.909,1.0,6.9205
Moving_in_out_frame_withFall,46,Standing,Lying,False,0.949,1.0,6.7555
Moving_in_out_frame_withFall,47,Standing,Lying,False,0.955,1.0,6.817
Moving_in_out_frame_withFall,48,Standing,Lying,False,0.911,1.0,6.743
Moving_in_out_frame_withFall,49,Standing,Lying,False,0.888,1.0,6.8936
Moving_in_out_frame_withFall,50,Not in frame,Lying,False,0.806,1.0,6.6762
Moving_in_out_frame_withFall,51,Not in frame,Lying,False,0.82,1.0,6.0999
Moving_in_out_frame_withFall,52,Not in frame,Lying,False,0.845,1.0,6.5194
Moving_in_out_frame_withFall,53,Not in frame,Lying,False,0.574,1.0,6.4744
Moving_in_out_frame_withFall,54,Not in frame,Lying,False,0.503,1.0,6.3951
Moving_in_out_frame_withFall,55,Not in frame,Lying,False,0.555,1.0,5.9408
Moving_in_out_frame_withFall,56,Not in frame,Lying,False,0.635,1.0,7.6516
Moving_in_out_frame_withFall,57,Not in frame,Lying,False,0.571,1.0,5.1586
Moving_in_out_frame_withFall,58,Not in frame,Lying,False,0.937,1.0,6.592
Moving_in_out_frame_withFall,59,Not in frame,Unknown,False,0.75,1.0,6.1916
Moving_in_out_frame_withFall,60,Not in frame,Unknown,False,0.563,1.0,6.1936
Moving_in_out_frame_withFall,61,Not in frame,Unknown,False,0.563,1.0,8.1687
Moving_in_out_frame_withFall,62,Not in frame,Unknown,False,0.563,1.0,5.2357
Moving_in_out_frame_withFall,63,Not in frame,Unknown,False,0.563,1.0,8.9019
Moving_in_out_frame_withFall,64,Not in frame,Unknown,False,0.563,1.0,6.6335
Moving_in_out_frame_withFall,65,Not in frame,Unknown,False,0.563,1.0,21.0628
Moving_in_out_frame_withFall,66,Not in frame,Unknown,False,0.563,1.0,7.123
Moving_in_out_frame_withFall,67,Not in frame,Unknown,False,0.563,1.0,6.9405
Moving_in_out_frame_withFall,68,Not in frame,Unknown,False,0.563,1.0,6.9547
Moving_in_out_frame_withFall,69,Not in frame,Unknown,False,0.563,1.0,6.7513
Moving_in_out_frame_withFall,70,Not in frame,Unknown,False,0.563,1.0,7.7828
Moving_in_out_frame_withFall,71,Not in frame,Unknown,False,0.563,1.0,9.9292
Moving_in_out_frame_withFall,72,Not in frame,Unknown,False,0.563,1.0,5.1745
Moving_in_out_frame_withFall,73,Not in frame,Unknown,False,0.563,1.0,4.7583
Moving_in_out_frame_withFall,74,Not in frame,Unknown,False,0.563,1.0,5.3062
Moving_in_out_frame_withFall,75,Not in frame,Unknown,False,0.563,1.0,6.3064
Moving_in_out_frame_withFall,76,Not in frame,Unknown,False,0.563,1.0,6.306
Moving_in_out_frame_withFall,77,Not in frame,Unknown,False,0.563,1.0,6.7362
Moving_in_out_frame_withFall,78,Not in frame,Unknown,False,0.563,1.0,6.2793
Moving_in_out_frame_withFall,79,Not in frame,Unknown,False,0.563,1.0,6.5905
Moving_in_out_frame_withFall,80,Not in frame,Unknown,False,0.563,1.0,7.1768
Moving_in_out_frame_withFall,81,Not in frame,Unknown,False,0.563,1.0,7.7228
Moving_in_out_frame_withFall,82,Not in frame,Unknown,False,0.563,1.0,6.8502
Moving_in_out_frame_withFall,83,Not in frame,Unknown,False,0.563,1.0,7.7746
Moving_in_out_frame_withFall,84,Not in frame,Unknown,False,0.563,1.0,7.6694
Moving_in_out_frame_withFall,85,Not in frame,Unknown,False,0.563,1.0,7.3898
Moving_in_out_frame_withFall,86,,Unknown,,0.563,1.0,8.0722
Moving_in_out_frame_withFall,87,,Unknown,,0.563,1.0,8.7831
Moving_in_out_frame_withFall,88,Standing,Unknown,False,0.563,1.0,8.3028
Moving_in_out_frame_withFall,89,Standing,Unknown,False,0.563,1.0,7.6825
Moving_in_out_frame_withFall,90,Standing,Unknown,False,0.563,1.0,8.9101
Moving_in_out_frame_withFall,91,Standing,Unknown,False,0.563,1.0,8.65
Moving_in_out_frame_withFall,92,Standing,Unknown,False,0.563,1.0,8.074
Moving_in_out_frame_withFall,93,Standing,Unknown,False,0.563,1.0,8.0789
Moving_in_out_frame_withFall,94,Standing,Unknown,False,0.563,1.0,7.4477
Moving_in_out_frame_withFall,95,Standing,Unknown,False,0.563,1.0,6.4095
Moving_in_out_frame_withFall,96,Standing,Unknown,False,0.563,1.0,7.3053
Moving_in_out_frame_withFall,97,Standing,Unknown,False,0.563,1.0,8.1228
Moving_in_out_frame_withFall,98,Standing,Unknown,False,0.563,1.0,9.1727
Moving_in_out_frame_withFall,99,Standing,Unknown,False,0.563,1.0,7.8532
Moving_in_out_frame_withFall,100,Standing,Unknown,False,0.563,1.0,9.9037
Moving_in_out_frame_withFall,101,Standing,Unknown,False,0.563,1.0,9.2336
Moving_in_out_frame_withFall,102,Standing,Unknown,False,0.563,1.0,8.8117
Moving_in_out_frame_withFall,103,Standing,Unknown,False,0.563,1.0,8.5191
Moving_in_out_frame_withFall,104,Standing,Lying,False,0.701,0.0,6.8836
Moving_in_out_frame_withFall,105,Standing,Unknown,False,0.796,0.0,8.255
Moving_in_out_frame_withFall,106,Standing,Unknown,False,0.973,0.0,8.2282
Moving_in_out_frame_withFall,107,Standing,Lying,False,0.697,0.0,7.3897
Moving_in_out_frame_withFall,108,Standing,Standing,True,0.571,0.0,8.1821
Moving_in_out_frame_withFall,109,,Lying,,0.541,0.0,7.4597
Moving_in_out_frame_withFall,110,,Standing,,0.807,0.0,8.1863
Moving_in_out_frame_withFall,111,,Standing,,0.803,0.0,8.0222
Moving_in_out_frame_withFall,112,,Standing,,0.755,0.0,8.6628
Moving_in_out_frame_withFall,113,,Standing,,0.794,0.0,5.7151
Moving_in_out_frame_withFall,114,,Standing,,0.849,0.0,5.7603
Moving_in_out_frame_withFall,115,,Standing,,0.785,0.0,7.5403
Moving_in_out_frame_withFall,116,,Standing,,0.572,0.0,7.1946
Moving_in_out_frame_withFall,117,,Standing,,0.654,0.0,9.0231
Moving_in_out_frame_withFall,118,,Standing,,0.809,0.0,8.7405
Moving_in_out_frame_withFall,119,,Standing,,0.568,0.0,8.438
Moving_in_out_frame_withFall,120,,Standing,,0.84,0.0,8.0508
Moving_in_out_frame_withFall,121,,Standing,,0.761,0.0,7.9659
Moving_in_out_frame_withFall,122,,Standing,,0.681,0.0,7.8281
Moving_in_out_frame_withFall,123,,Standing,,0.696,0.0,8.5995
Moving_in_out_frame_withFall,124,,Standing,,0.803,0.0,10.2036
Moving_in_out_frame_withFall,125,,Standing,,0.916,0.0,10.0704
Moving_in_out_frame_withFall,126,,Standing,,0.944,0.0,10.3816
Moving_in_out_frame_withFall,127,,Standing,,0.939,0.0,10.139
Moving_in_out_frame_withFall,128,,Standing,,0.968,0.0,8.6058
Moving_in_out_frame_withFall,129,,Standing,,0.958,0.0,9.3761
Moving_in_out_frame_withFall,130,,Standing,,0.92,0.0,7.8076
Moving_in_out_frame_withFall,131,,Standing,,0.771,0.0,7.537
Moving_in_out_frame_withFall,132,,Standing,,0.627,0.0,9.3141
Moving_in_out_frame_withFall,133,,Standing,,0.754,0.0,8.0035
Moving_in_out_frame_withFall,134,,Standing,,0.636,0.0,7.6772
Moving_in_out_frame_withFall,135,,Standing,,0.583,0.0,8.3864
Moving_in_out_frame_withFall,136,,Sitting,,0.563,0.0,8.337
Moving_in_out_frame_withFall,137,,Standing,,0.663,0.0,9.1667
Moving_in_out_frame_withFall,138,,Standing,,0.731,0.0,7.754
Moving_in_out_frame_withFall,139,,Sitting,,0.563,0.0,9.2737
Moving_in_out_frame_withFall,140,,Sitting,,0.553,0.0,8.4093
Moving_in_out_frame_withFall,141,,Sitting,,0.78,0.0,6.3137
Moving_in_out_frame_withFall,142,,Sitting,,0.703,0.0,7.7535
Moving_in_out_frame_withFall,143,,Sitting,,0.797,0.0,9.49
Moving_in_out_frame_withFall,144,,Sitting,,0.672,0.0,7.9226
Moving_in_out_frame_withFall,145,,Sitting,,0.807,0.0,9.0193
Moving_in_out_frame_withFall,146,Lying,Sitting,False,0.757,0.0,9.2251
Moving_in_out_frame_withFall,147,Lying,Sitting,False,0.736,0.0,8.6584
Moving_in_out_frame_withFall,148,Lying,Sitting,False,0.591,0.0,8.2607
Moving_in_out_frame_withFall,149,Lying,Sitting,False,0.878,1.0,9.1321
Moving_in_out_frame_withFall,150,Lying,Sitting,False,0.931,0.0,10.0013
Moving_in_out_frame_withFall,151,Lying,Sitting,False,0.744,0.0,9.3821
Moving_in_out_frame_withFall,152,Lying,Sitting,False,0.789,0.0,10.1703
Moving_in_out_frame_withFall,153,Lying,Sitting,False,0.708,0.0,10.7435
Moving_in_out_frame_withFall,154,Lying,Sitting,False,0.501,0.0,11.0591
Moving_in_out_frame_withFall,155,Lying,Sitting,False,0.565,0.0,11.2973
Moving_in_out_frame_withFall,156,Lying,Sitting,False,0.751,0.0,8.1127
Moving_in_out_frame_withFall,157,Lying,Sitting,False,0.684,0.0,9.7283
Moving_in_out_frame_withFall,158,Lying,Sitting,False,0.815,0.0,8.3124
Moving_in_out_frame_withFall,159,Lying,Sitting,False,0.784,0.0,7.5034
Moving_in_out_frame_withFall,160,Lying,Sitting,False,0.433,0.0,7.1153
Moving_in_out_frame_withFall,161,Lying,Sitting,False,0.46,1.0,9.8506
Moving_in_out_frame_withFall,162,Lying,Sitting,False,0.9,1.0,8.961
Moving_in_out_frame_withFall,163,Lying,Sitting,False,0.923,1.0,9.3331
Moving_in_out_frame_withFall,164,Lying,Sitting,False,0.805,1.0,8.341
Moving_in_out_frame_withFall,165,Lying,Lying,True,0.353,1.0,9.2464
Moving_in_out_frame_withFall,166,Lying,Sitting,False,0.319,0.0,9.1952
Moving_in_out_frame_withFall,167,Lying,Sitting,False,0.631,0.0,10.1265
Moving_in_out_frame_withFall,168,Lying,Sitting,False,0.558,1.0,8.3176
Moving_in_out_frame_withFall,169,Lying,Sitting,False,0.681,1.0,9.5149
Moving_in_out_frame_withFall,170,Lying,Sitting,False,0.746,1.0,9.9179
Moving_in_out_frame_withFall,171,Lying,Lying,True,0.384,1.0,8.1571
Moving_in_out_frame_withFall,172,Lying,Lying,True,0.663,1.0,7.0792
Moving_in_out_frame_withFall,173,Lying,Lying,True,0.481,1.0,9.1401
Moving_in_out_frame_withFall,174,Lying,Lying,True,0.524,0.0,8.1864
Moving_in_out_frame_withFall,175,Lying,Lying,True,0.569,0.0,7.4294
Moving_in_out_frame_withFall,176,Lying,Lying,True,0.886,0.0,7.8769
Moving_in_out_frame_withFall,177,Lying,Lying,True,0.895,1.0,8.937
Moving_in_out_frame_withFall,178,Lying,Lying,True,0.653,1.0,9.6695
Moving_in_out_frame_withFall,179,Lying,Lying,True,0.829,1.0,8.1891
Moving_in_out_frame_withFall,180,Lying,Lying,True,0.676,1.0,8.5492
Moving_in_out_frame_withFall,181,Lying,Lying,True,0.662,0.0,10.1269
Moving_in_out_frame_withFall,182,Lying,Lying,True,0.758,1.0,9.8045
Moving_in_out_frame_withFall,183,Lying,Lying,True,0.684,0.0,11.3437
Moving_in_out_frame_withFall,184,Lying,Lying,True,0.864,0.0,17.2455
Moving_in_out_frame_withFall,185,Lying,Lying,True,0.935,0.0,11.4648
Moving_in_out_frame_withFall,186,Lying,Lying,True,0.934,0.0,18.0591
Moving_in_out_frame_withFall,187,Lying,Lying,True,0.794,1.0,10.9327
Moving_in_out_frame_withFall,188,Lying,Lying,True,0.541,0.0,9.479
Moving_in_out_frame_withFall,189,Lying,Lying,True,0.535,0.0,7.6814
Moving_in_out_frame_withFall,190,Lying,Lying,True,0.911,0.0,9.0272
Moving_in_out_frame_withFall,191,Lying,Lying,True,0.929,0.0,9.2031
Moving_in_out_frame_withFall,192,Lying,Lying,True,0.909,0.0,9.117
Moving_in_out_frame_withFall,193,Lying,Lying,True,0.906,0.0,8.606
Moving_in_out_frame_withFall,194,Lying,Lying,True,0.621,1.0,8.4045
Moving_in_out_frame_withFall,195,Lying,Lying,True,0.96,0.0,8.0964
Moving_in_out_frame_withFall,196,Lying,Lying,True,0.936,0.0,6.6178
Moving_in_out_frame_withFall,197,Lying,Lying,True,0.863,0.0,9.9099
Moving_in_out_frame_withFall,198,Lying,Lying,True,0.95,0.0,7.8292
Moving_in_out_frame_withFall,199,Lying,Lying,True,0.9,0.0,8.8223
Moving_in_out_frame_withFall,200,Lying,Lying,True,0.732,0.0,8.735
Moving_in_out_frame_withFall,201,Lying,Lying,True,0.612,0.0,12.4904
Moving_in_out_frame_withFall,202,Lying,Lying,True,0.691,0.0,12.1638
Moving_in_out_frame_withFall,203,Lying,Lying,True,0.735,0.0,10.3411
Moving_in_out_frame_withFall,204,Lying,Lying,True,0.777,0.0,8.7449
Moving_in_out_frame_withFall,205,,Lying,,0.597,0.0,9.7344
Moving_in_out_frame_withFall,206,,Standing,,0.489,0.0,10.6447
Moving_in_out_frame_withFall,207,,Standing,,0.628,0.0,9.0382
Moving_in_out_frame_withFall,208,,Standing,,0.687,0.0,9.1853
Moving_in_out_frame_withFall,209,,Lying,,0.63,0.0,9.9962
Moving_in_out_frame_withFall,210,,Lying,,0.466,0.0,9.3703
Moving_in_out_frame_withFall,211,,Standing,,0.531,0.0,9.3869
Moving_in_out_frame_withFall,212,,Standing,,0.58,0.0,8.0143
Moving_in_out_frame_withFall,213,,Sitting,,0.455,0.0,10.1564
Moving_in_out_frame_withFall,214,,Standing,,0.576,0.0,10.0189
Moving_in_out_frame_withFall,215,,Lying,,0.374,0.0,9.4
Moving_in_out_frame_withFall,216,,Sitting,,0.681,0.0,10.485
Moving_in_out_frame_withFall,217,,Sitting,,0.547,0.0,10.1739
Sit_Stand_AnklesInvisible,31,Sitting,Standing,False,0.999,0.0,8.7771
Sit_Stand_AnklesInvisible,32,Sitting,Standing,False,0.999,0.0,7.9478
Sit_Stand_AnklesInvisible,33,Sitting,Standing,False,0.999,0.0,8.8276
Sit_Stand_AnklesInvisible,34,Sitting,Standing,False,0.999,0.0,8.7754
Sit_Stand_AnklesInvisible,35,Sitting,Standing,False,1.0,0.0,8.375
Sit_Stand_AnklesInvisible,36,Sitting,Standing,False,1.0,0.0,7.77
Sit_Stand_AnklesInvisible,37,Sitting,Standing,False,0.998,0.0,8.1389
Sit_Stand_AnklesInvisible,38,Sitting,Standing,False,0.997,0.0,8.3532
Sit_Stand_AnklesInvisible,39,Sitting,Standing,False,0.998,0.0,8.5293
Sit_Stand_AnklesInvisible,40,Sitting,Standing,False,0.998,0.0,7.9701
Sit_Stand_AnklesInvisible,41,Sitting,Standing,False,0.999,0.0,8.893
Sit_Stand_AnklesInvisible,42,Sitting,Standing,False,0.995,0.0,6.1989
Sit_Stand_AnklesInvisible,43,Sitting,Standing,False,0.995,0.0,8.894
Sit_Stand_AnklesInvisible,44,Sitting,Standing,False,0.992,0.0,8.1178
Sit_Stand_AnklesInvisible,45,Sitting,Standing,False,0.994,0.0,10.3834
Sit_Stand_AnklesInvisible,46,Sitting,Standing,False,0.988,0.0,7.3303
Sit_Stand_AnklesInvisible,47,Sitting,Standing,False,0.988,0.0,6.2667
Sit_Stand_AnklesInvisible,48,Sitting,Standing,False,0.991,0.0,8.7034
Sit_Stand_AnklesInvisible,49,Sitting,Standing,False,0.992,0.0,10.0603
Sit_Stand_AnklesInvisible,50,Sitting,Standing,False,0.993,0.0,10.4445
Sit_Stand_AnklesInvisible,51,Sitting,Standing,False,0.996,0.0,9.293
Sit_Stand_AnklesInvisible,52,Sitting,Standing,False,0.998,0.0,8.6911
Sit_Stand_AnklesInvisible,53,Sitting,Standing,False,0.998,0.0,8.3502
Sit_Stand_AnklesInvisible,54,Sitting,Standing,False,0.999,0.0,8.6668
Sit_Stand_AnklesInvisible,55,Sitting,Standing,False,0.999,0.0,7.3716
Sit_Stand_AnklesInvisible,56,Sitting,Standing,False,0.998,0.0,14.254
Sit_Stand_AnklesInvisible,57,Sitting,Standing,False,0.996,0.0,7.0622
Sit_Stand_AnklesInvisible,58,Sitting,Standing,False,0.998,0.0,10.938
Sit_Stand_AnklesInvisible,59,Sitting,Standing,False,0.997,0.0,6.1401
Sit_Stand_AnklesInvisible,60,Sitting,Standing,False,0.998,0.0,8.8355
Sit_Stand_AnklesInvisible,61,Sitting,Standing,False,0.997,0.0,9.0728
Sit_Stand_AnklesInvisible,62,Sitting,Standing,False,0.997,0.0,7.8415
Sit_Stand_AnklesInvisible,63,Sitting,Standing,False,0.998,0.0,7.8848
Sit_Stand_AnklesInvisible,64,Sitting,Standing,False,0.999,0.0,10.7339
Sit_Stand_AnklesInvisible,65,Sitting,Standing,False,0.999,0.0,10.4973
Sit_Stand_AnklesInvisible,66,Sitting,Standing,False,0.999,0.0,10.8
Sit_Stand_AnklesInvisible,67,Sitting,Standing,False,0.999,0.0,10.0703
Sit_Stand_AnklesInvisible,68,Sitting,Standing,False,0.999,0.0,9.8926
Sit_Stand_AnklesInvisible,69,Sitting,Standing,False,0.999,0.0,15.1789
Sit_Stand_AnklesInvisible,70,Sitting,Standing,False,0.999,0.0,12.2652
Sit_Stand_AnklesInvisible,71,Sitting,Standing,False,0.999,0.0,9.3539
Sit_Stand_AnklesInvisible,72,Sitting,Standing,False,0.998,0.0,9.4367
Sit_Stand_AnklesInvisible,73,Sitting,Standing,False,0.998,0.0,8.6919
Sit_Stand_AnklesInvisible,74,Sitting,Standing,False,0.999,0.0,9.0655
Sit_Stand_AnklesInvisible,75,Sitting,Standing,False,0.999,0.0,10.2749
Sit_Stand_AnklesInvisible,76,Sitting,Standing,False,0.998,0.0,10.1791
Sit_Stand_AnklesInvisible,77,Sitting,Standing,False,0.998,0.0,10.4581
Sit_Stand_AnklesInvisible,78,Sitting,Standing,False,0.998,0.0,10.6875
Sit_Stand_AnklesInvisible,79,Sitting,Standing,False,0.998,0.0,8.2069
Sit_Stand_AnklesInvisible,80,Sitting,Standing,False,0.998,0.0,7.2299
Sit_Stand_AnklesInvisible,81,Sitting,Standing,False,0.999,0.0,9.7741
Sit_Stand_AnklesInvisible,82,Sitting,Standing,False,0.999,0.0,9.5136
Sit_Stand_AnklesInvisible,83,Sitting,Standing,False,0.999,0.0,11.1335
Sit_Stand_AnklesInvisible,84,Sitting,Standing,False,0.999,0.0,9.4798
Sit_Stand_AnklesInvisible,85,Sitting,Standing,False,0.999,0.0,10.3881
Sit_Stand_AnklesInvisible,86,Sitting,Standing,False,0.999,0.0,10.3987
Sit_Stand_AnklesInvisible,87,Sitting,Standing,False,0.999,0.0,14.9066
Sit_Stand_AnklesInvisible,88,Sitting,Standing,False,1.0,0.0,11.2266
Sit_Stand_AnklesInvisible,89,Sitting,Standing,False,1.0,0.0,9.9325
Sit_Stand_AnklesInvisible,90,Sitting,Standing,False,1.0,0.0,9.4874
Sit_Stand_AnklesInvisible,91,Sitting,Standing,False,0.999,0.0,13.0192
Sit_Stand_AnklesInvisible,92,Sitting,Standing,False,0.999,0.0,9.9621
Sit_Stand_AnklesInvisible,93,Sitting,Standing,False,0.999,0.0,8.9803
Sit_Stand_AnklesInvisible,94,Sitting,Standing,False,1.0,0.0,9.6748
Sit_Stand_AnklesInvisible,95,Sitting,Standing,False,0.999,0.0,8.5727
Sit_Stand_AnklesInvisible,96,Sitting,Standing,False,1.0,0.0,11.603
Sit_Stand_AnklesInvisible,97,Sitting,Standing,False,1.0,0.0,10.5138
Sit_Stand_AnklesInvisible,98,Sitting,Standing,False,1.0,0.0,9.9597
Sit_Stand_AnklesInvisible,99,Sitting,Standing,False,0.999,0.0,8.0255
Sit_Stand_AnklesInvisible,100,Sitting,Standing,False,1.0,0.0,8.9042
Sit_Stand_AnklesInvisible,101,Sitting,Standing,False,1.0,0.0,9.3019
Sit_Stand_AnklesInvisible,102,Sitting,Standing,False,1.0,0.0,9.9956
Sit_Stand_AnklesInvisible,103,Sitting,Standing,False,1.0,0.0,10.6257
Sit_Stand_AnklesInvisible,104,Sitting,Standing,False,1.0,0.0,7.97
Sit_Stand_AnklesInvisible,105,Sitting,Standing,False,1.0,0.0,11.0818
Sit_Stand_AnklesInvisible,106,Sitting,Standing,False,1.0,0.0,10.278
Sit_Stand_AnklesInvisible,107,Sitting,Standing,False,1.0,0.0,11.3916
Sit_Stand_AnklesInvisible,108,Sitting,Standing,False,1.0,0.0,10.9494
Sit_Stand_AnklesInvisible,109,Sitting,Standing,False,1.0,0.0,9.489
Sit_Stand_AnklesInvisible,110,Sitting,Standing,False,1.0,0.0,8.8942
Sit_Stand_AnklesInvisible,111,Sitting,Standing,False,1.0,0.0,9.3319
Sit_Stand_AnklesInvisible,112,Sitting,Standing,False,1.0,0.0,10.1982
Sit_Stand_AnklesInvisible,113,Sitting,Standing,False,1.0,0.0,8.6798
Sit_Stand_AnklesInvisible,114,Sitting,Standing,False,1.0,0.0,9.2539
Sit_Stand_AnklesInvisible,115,Sitting,Standing,False,1.0,0.0,9.5659
Sit_Stand_AnklesInvisible,116,Sitting,Standing,False,1.0,0.0,9.4526
Sit_Stand_AnklesInvisible,117,Sitting,Standing,False,1.0,0.0,9.2905
Sit_Stand_AnklesInvisible,118,Sitting,Standing,False,1.0,0.0,9.1842
Sit_Stand_AnklesInvisible,119,Sitting,Standing,False,1.0,0.0,9.3558
Sit_Stand_AnklesInvisible,120,Sitting,Standing,False,1.0,0.0,14.4704
Sit_Stand_AnklesInvisible,121,Sitting,Standing,False,1.0,0.0,11.5966
Sit_Stand_AnklesInvisible,122,Sitting,Standing,False,1.0,0.0,11.5816
Sit_Stand_AnklesInvisible,123,Sitting,Standing,False,1.0,0.0,9.3161
Sit_Stand_AnklesInvisible,124,Sitting,Standing,False,1.0,0.0,9.0257
Sit_Stand_AnklesInvisible,125,Sitting,Standing,False,0.999,0.0,13.5302
Sit_Stand_AnklesInvisible,126,Sitting,Standing,False,1.0,0.0,8.0282
Sit_Stand_AnklesInvisible,127,Sitting,Standing,False,1.0,0.0,9.0106
Sit_Stand_AnklesInvisible,128,Sitting,Standing,False,1.0,0.0,8.6897
Sit_Stand_AnklesInvisible,129,Sitting,Standing,False,1.0,0.0,8.1416
Sit_Stand_AnklesInvisible,130,Sitting,Standing,False,1.0,0.0,9.0004
Sit_Stand_AnklesInvisible,131,Sitting,Standing,False,1.0,0.0,9.6599
Sit_Stand_AnklesInvisible,132,Sitting,Standing,False,1.0,0.0,9.3909
Sit_Stand_AnklesInvisible,133,Sitting,Standing,False,0.999,0.0,8.0013
Sit_Stand_AnklesInvisible,134,Sitting,Standing,False,1.0,0.0,8.6502
Sit_Stand_AnklesInvisible,135,Sitting,Standing,False,1.0,0.0,9.1181
Sit_Stand_AnklesInvisible,136,Sitting,Standing,False,0.999,0.0,8.2203
Sit_Stand_AnklesInvisible,137,Sitting,Standing,False,1.0,0.0,7.9017
Sit_Stand_AnklesInvisible,138,,Standing,,1.0,0.0,8.1636
Sit_Stand_AnklesInvisible,139,,Standing,,0.999,0.0,8.7081
Sit_Stand_AnklesInvisible,140,,Standing,,1.0,0.0,8.1874
Sit_Stand_AnklesInvisible,141,,Standing,,1.0,0.0,8.1033
Sit_Stand_AnklesInvisible,142,,Standing,,0.999,0.0,7.3572
Sit_Stand_AnklesInvisible,143,,Standing,,1.0,0.0,8.3963
Sit_Stand_AnklesInvisible,144,,Standing,,0.999,0.0,8.0606
Sit_Stand_AnklesInvisible,145,,Standing,,1.0,0.0,5.5892
Sit_Stand_AnklesInvisible,146,,Standing,,0.999,0.0,5.6122
Sit_Stand_AnklesInvisible,147,,Standing,,0.999,0.0,7.5564
Sit_Stand_AnklesInvisible,148,,Standing,,0.999,0.0,9.3565
Sit_Stand_AnklesInvisible,149,,Standing,,1.0,0.0,8.2518
Sit_Stand_AnklesInvisible,150,,Standing,,1.0,0.0,7.8354
Sit_Stand_AnklesInvisible,151,,Standing,,1.0,0.0,7.7337
Sit_Stand_AnklesInvisible,152,,Standing,,0.999,0.0,7.8701
Sit_Stand_AnklesInvisible,153,,Standing,,0.999,0.0,7.8617
Sit_Stand_AnklesInvisible,154,,Standing,,0.999,0.0,7.8289
Sit_Stand_AnklesInvisible,155,,Standing,,0.998,0.0,5.378
Sit_Stand_AnklesInvisible,156,,Standing,,0.997,0.0,5.4626
Sit_Stand_AnklesInvisible,157,,Standing,,0.982,0.0,5.8095
Sit_Stand_AnklesInvisible,158,,Standing,,0.93,0.0,7.8994
Sit_Stand_AnklesInvisible,159,,Standing,,0.837,0.0,8.0173
Sit_Stand_AnklesInvisible,160,,Standing,,0.814,0.0,7.5652
Sit_Stand_AnklesInvisible,161,,Standing,,0.598,0.0,7.7743
Sit_Stand_AnklesInvisible,162,,Standing,,0.786,0.0,7.4149
Sit_Stand_AnklesInvisible,163,,Standing,,0.901,0.0,7.4532
Sit_Stand_AnklesInvisible,164,,Standing,,0.97,0.0,7.8647
Sit_Stand_AnklesInvisible,165,,Standing,,0.961,0.0,7.9056
Sit_Stand_AnklesInvisible,166,,Standing,,0.908,0.0,7.5759
Sit_Stand_AnklesInvisible,167,,Standing,,0.895,0.0,7.299
Sit_Stand_AnklesInvisible,168,Standing,Standing,True,0.957,0.0,7.2928
Sit_Stand_AnklesInvisible,169,Standing,Standing,True,0.981,0.0,7.6204
Sit_Stand_AnklesInvisible,170,Standing,Standing,True,0.991,0.0,7.4454
Sit_Stand_AnklesInvisible,171,Standing,Standing,True,0.993,0.0,7.917
Sit_Stand_AnklesInvisible,172,Standing,Standing,True,0.996,0.0,7.4983
Sit_Stand_AnklesInvisible,173,Standing,Standing,True,0.998,0.0,7.8185
Sit_Stand_AnklesInvisible,174,Standing,Standing,True,0.996,0.0,7.4193
Sit_Stand_AnklesInvisible,175,Standing,Standing,True,0.997,0.0,10.0102
Sit_Stand_AnklesInvisible,176,Standing,Standing,True,0.997,0.0,6.0928
Sit_Stand_AnklesInvisible,177,Standing,Standing,True,0.998,0.0,7.1751
Sit_Stand_AnklesInvisible,178,Standing,Standing,True,0.995,0.0,7.5909
Sit_Stand_AnklesInvisible,179,Standing,Standing,True,0.998,0.0,6.1204
Sit_Stand_AnklesInvisible,180,Standing,Standing,True,0.998,0.0,5.2907
Sit_Stand_AnklesInvisible,181,Standing,Standing,True,0.998,0.0,5.6745
Sit_Stand_AnklesInvisible,182,Standing,Standing,True,0.998,0.0,7.8126
Sit_Stand_AnklesInvisible,183,Standing,Standing,True,0.997,0.0,7.7031
Sit_Stand_AnklesInvisible,184,Standing,Standing,True,0.997,0.0,6.7105
Sit_Stand_AnklesInvisible,185,Standing,Standing,True,0.996,0.0,6.453
Sit_Stand_AnklesInvisible,186,,Standing,,0.995,0.0,9.8
Sit_Stand_AnklesInvisible,187,,Standing,,0.994,0.0,9.4631
Sit_Stand_AnklesInvisible,188,,Standing,,0.996,0.0,9.9169
Sit_Stand_AnklesInvisible,189,,Standing,,0.997,0.0,9.2953
Sit_Stand_AnklesInvisible,190,,Standing,,0.996,0.0,8.5766
Sit_Stand_AnklesInvisible,191,,Standing,,0.997,0.0,7.5664
Sit_Stand_AnklesInvisible,192,,Standing,,0.998,0.0,8.0427
Sit_Stand_AnklesInvisible,193,,Standing,,0.999,0.0,8.2599
Sit_Stand_AnklesInvisible,194,,Standing,,0.999,0.0,7.7837
Sit_Stand_AnklesInvisible,195,,Standing,,0.999,0.0,17.4086
Sit_Stand_AnklesInvisible,196,,Standing,,0.999,0.0,14.5233
Sit_Stand_AnklesInvisible,197,,Standing,,1.0,0.0,9.3454
Sit_Stand_AnklesInvisible,198,,Standing,,1.0,0.0,7.66
Sit_Stand_AnklesInvisible,199,,Standing,,1.0,0.0,7.5448
Sit_Stand_AnklesInvisible,200,,Standing,,1.0,0.0,7.4199
Sit_Stand_AnklesInvisible,201,,Standing,,1.0,0.0,7.8036
Sit_Stand_AnklesInvisible,202,,Standing,,1.0,0.0,7.799
Sit_Stand_AnklesInvisible,203,,Standing,,1.0,0.0,8.0066
Sit_Stand_AnklesInvisible,204,,Standing,,1.0,0.0,7.1619
Sit_Stand_AnklesInvisible,205,,Standing,,1.0,0.0,7.6745
Sit_Stand_AnklesInvisible,206,,Standing,,1.0,0.0,8.0454
Sit_Stand_AnklesInvisible,207,,Standing,,1.0,0.0,6.4273
Sit_Stand_AnklesInvisible,208,,Standing,,1.0,0.0,7.4267
SitFast_GetupFast,31,Sitting,Standing,False,0.999,0.0,7.6885
SitFast_GetupFast,32,Sitting,Standing,False,0.99,0.0,7.8766
SitFast_GetupFast,33,Sitting,Standing,False,0.994,0.0,7.716
SitFast_GetupFast,34,Sitting,Standing,False,0.99,0.0,7.8225
SitFast_GetupFast,35,Sitting,Standing,False,0.999,0.0,7.5514
SitFast_GetupFast,36,Sitting,Standing,False,1.0,0.0,7.8065
SitFast_GetupFast,37,Sitting,Standing,False,1.0,0.0,7.5236
SitFast_GetupFast,38,Sitting,Standing,False,1.0,0.0,7.85
SitFast_GetupFast,39,Sitting,Standing,False,0.999,0.0,7.5374
SitFast_GetupFast,40,Sitting,Standing,False,0.999,0.0,9.2598
SitFast_GetupFast,41,Sitting,Standing,False,0.998,0.0,8.0081
SitFast_GetupFast,42,Sitting,Standing,False,0.999,0.0,7.9971
SitFast_GetupFast,43,Sitting,Standing,False,0.999,0.0,7.6976
SitFast_GetupFast,44,Sitting,Standing,False,0.999,0.0,7.4662
SitFast_GetupFast,45,Sitting,Standing,False,0.999,0.0,6.848
SitFast_GetupFast,46,Sitting,Standing,False,0.998,0.0,6.2056
SitFast_GetupFast,47,Sitting,Standing,False,0.999,0.0,7.1747
SitFast_GetupFast,48,Sitting,Standing,False,0.997,0.0,7.7558
SitFast_GetupFast,49,Sitting,Standing,False,0.997,0.0,7.7253
SitFast_GetupFast,50,Sitting,Standing,False,0.998,0.0,7.7986
SitFast_GetupFast,51,Sitting,Standing,False,0.998,0.0,7.5043
SitFast_GetupFast,52,Sitting,Standing,False,0.995,0.0,7.5147
SitFast_GetupFast,53,Sitting,Standing,False,0.997,0.0,7.1135
SitFast_GetupFast,54,Sitting,Standing,False,0.998,0.0,5.4955
SitFast_GetupFast,55,Sitting,Standing,False,0.996,0.0,7.4887
SitFast_GetupFast,56,Sitting,Standing,False,0.997,0.0,7.5806
SitFast_GetupFast,57,Sitting,Standing,False,0.995,0.0,7.5708
SitFast_GetupFast,58,Sitting,Standing,False,0.997,0.0,7.8364
SitFast_GetupFast,59,Sitting,Standing,False,0.996,0.0,7.7618
SitFast_GetupFast,60,Sitting,Standing,False,0.993,0.0,8.9823
SitFast_GetupFast,61,Sitting,Standing,False,0.995,0.0,9.0976
SitFast_GetupFast,62,Sitting,Standing,False,0.993,0.0,8.3115
SitFast_GetupFast,63,Sitting,Standing,False,0.995,0.0,8.7588
SitFast_GetupFast,64,Sitting,Standing,False,0.999,0.0,8.1503
SitFast_GetupFast,65,Sitting,Standing,False,0.999,0.0,8.2591
SitFast_GetupFast,66,Sitting,Standing,False,0.999,0.0,7.9076
SitFast_GetupFast,67,Sitting,Standing,False,0.999,0.0,8.822
SitFast_GetupFast,68,Sitting,Standing,False,0.999,0.0,12.6782
SitFast_GetupFast,69,Sitting,Standing,False,0.999,0.0,11.0193
SitFast_GetupFast,70,Sitting,Standing,False,0.999,0.0,10.3517
SitFast_GetupFast,71,Sitting,Standing,False,0.999,0.0,17.3715
SitFast_GetupFast,72,Sitting,Standing,False,0.999,0.0,14.0191
SitFast_GetupFast,73,Sitting,Standing,False,0.999,0.0,13.4158
SitFast_GetupFast,74,Sitting,Standing,False,0.999,0.0,10.2182
SitFast_GetupFast,75,Sitting,Standing,False,0.998,0.0,11.1376
SitFast_GetupFast,76,Sitting,Standing,False,0.999,0.0,12.5894
SitFast_GetupFast,77,Sitting,Standing,False,0.999,0.0,13.7322
SitFast_GetupFast,78,Sitting,Standing,False,0.999,0.0,11.1334
SitFast_GetupFast,79,Sitting,Standing,False,0.998,0.0,12.1693
SitFast_GetupFast,80,Sitting,Standing,False,0.999,0.0,9.7723
SitFast_GetupFast,81,Sitting,Standing,False,0.999,0.0,10.0135
SitFast_GetupFast,82,Sitting,Standing,False,0.999,0.0,7.5002
SitFast_GetupFast,83,Sitting,Standing,False,0.999,0.0,8.9998
SitFast_GetupFast,84,Sitting,Standing,False,0.999,0.0,7.8781
SitFast_GetupFast,85,Sitting,Standing,False,0.999,0.0,8.0345
SitFast_GetupFast,86,Sitting,Standing,False,0.999,0.0,7.8907
SitFast_GetupFast,87,Sitting,Standing,False,0.999,0.0,7.9637
SitFast_GetupFast,88,Sitting,Standing,False,0.998,0.0,6.3445
SitFast_GetupFast,89,Sitting,Standing,False,0.999,0.0,7.968
SitFast_GetupFast,90,Sitting,Standing,False,0.999,0.0,8.0355
SitFast_GetupFast,91,Sitting,Standing,False,0.999,0.0,9.3124
SitFast_GetupFast,92,Sitting,Standing,False,0.999,0.0,8.7421
SitFast_GetupFast,93,Sitting,Standing,False,0.999,0.0,9.4516
SitFast_GetupFast,94,Sitting,Standing,False,0.999,0.0,8.9784
SitFast_GetupFast,95,Sitting,Standing,False,0.999,0.0,8.2636
SitFast_GetupFast,96,Sitting,Standing,False,0.999,0.0,7.8823
SitFast_GetupFast,97,Sitting,Standing,False,0.999,0.0,9.3229
SitFast_GetupFast,98,Sitting,Standing,False,0.999,0.0,8.7344
SitFast_GetupFast,99,Sitting,Standing,False,0.999,0.0,11.8311
SitFast_GetupFast,100,Sitting,Standing,False,0.999,0.0,8.2659
SitFast_GetupFast,101,Sitting,Standing,False,0.999,0.0,10.5038
SitFast_GetupFast,102,Sitting,Standing,False,0.999,0.0,10.8732
SitFast_GetupFast,103,Sitting,Standing,False,0.999,0.0,10.7964
SitFast_GetupFast,104,Sitting,Standing,False,0.998,0.0,11.8558
SitFast_GetupFast,105,Sitting,Standing,False,0.995,0.0,9.7179
SitFast_GetupFast,106,Sitting,Standing,False,0.993,0.0,8.278
SitFast_GetupFast,107,Sitting,Standing,False,0.984,0.0,9.2994
SitFast_GetupFast,108,Sitting,Standing,False,0.982,0.0,9.193
SitFast_GetupFast,109,Sitting,Standing,False,0.984,0.0,7.1645
SitFast_GetupFast,110,Sitting,Standing,False,0.969,0.0,8.1928
SitFast_GetupFast,111,,Standing,,0.968,0.0,9.1973
SitFast_GetupFast,112,,Standing,,0.986,0.0,8.9299
SitFast_GetupFast,113,,Standing,,0.99,0.0,13.4708
SitFast_GetupFast,114,,Standing,,0.989,0.0,10.3991
SitFast_GetupFast,115,,Standing,,0.969,0.0,8.4845
SitFast_GetupFast,116,,Standing,,0.984,0.0,23.0032
SitFast_GetupFast,117,,Standing,,0.95,0.0,18.9082
SitFast_GetupFast,118,,Standing,,0.962,0.0,10.3114
SitFast_GetupFast,119,,Standing,,0.962,0.0,9.937
SitFast_GetupFast,120,,Standing,,0.971,0.0,20.2597
SitFast_GetupFast,121,,Standing,,0.97,0.0,14.2175
SitFast_GetupFast,122,,Standing,,0.982,0.0,14.9617
SitFast_GetupFast,123,,Standing,,0.982,0.0,14.3304
SitFast_GetupFast,124,,Standing,,0.984,0.0,8.2305
SitFast_GetupFast,125,,Standing,,0.984,0.0,10.5914
SitFast_GetupFast,126,,Standing,,0.986,0.0,8.2623
SitFast_GetupFast,127,,Standing,,0.972,0.0,9.7855
SitFast_GetupFast,128,,Standing,,0.943,0.0,10.9285
SitFast_GetupFast,129,,Standing,,0.879,0.0,9.3654
SitFast_GetupFast,130,,Standing,,0.711,0.0,9.6263
SitFast_GetupFast,131,,Standing,,0.757,0.0,8.7887
SitFast_GetupFast,132,,Standing,,0.812,0.0,9.0637
SitFast_GetupFast,133,,Standing,,0.782,0.0,10.7544
SitFast_GetupFast,134,,Standing,,0.865,0.0,11.1804
SitFast_GetupFast,135,,Standing,,0.854,0.0,10.8037
SitFast_GetupFast,136,,Standing,,0.835,0.0,10.9044
SitFast_GetupFast,137,,Standing,,0.796,0.0,9.8436
SitFast_GetupFast,138,,Standing,,0.776,0.0,9.2519
SitFast_GetupFast,139,,Standing,,0.737,0.0,10.7841
SitFast_GetupFast,140,,Standing,,0.879,0.0,8.7264
SitFast_GetupFast,141,,Standing,,0.872,0.0,8.5979
SitFast_GetupFast,142,,Standing,,0.873,0.0,9.8949
SitFast_GetupFast,143,,Standing,,0.869,0.0,11.1297
SitFast_GetupFast,144,,Standing,,0.895,0.0,9.9991
SitFast_GetupFast,145,,Standing,,0.719,0.0,11.0454
SitFast_GetupFast,146,,Standing,,0.618,0.0,11.7709
SitFast_GetupFast,147,,Standing,,0.701,0.0,14.8356
SitFast_GetupFast,148,,Standing,,0.596,0.0,10.1154
SitFast_GetupFast,149,,Standing,,0.55,0.0,11.7995
SitFast_GetupFast,150,,Standing,,0.712,0.0,11.0936
SitFast_GetupFast,151,,Standing,,0.857,0.0,10.8441
SitFast_GetupFast,152,,Standing,,0.767,0.0,9.2306
SitFast_GetupFast,153,,Standing,,0.92,0.0,9.7615
SitFast_GetupFast,154,,Standing,,0.982,0.0,10.5584
SitFast_GetupFast,155,,Standing,,0.987,0.0,8.0126
SitFast_GetupFast,156,,Standing,,0.984,0.0,7.0999
SitFast_GetupFast,157,,Standing,,0.993,0.0,9.0599
SitFast_GetupFast,158,,Standing,,0.993,0.0,8.8432
SitFast_GetupFast,159,,Standing,,0.998,0.0,9.3701
SitFast_GetupFast,160,,Standing,,0.998,0.0,7.5621
SitFast_GetupFast,161,,Standing,,0.997,0.0,9.9947
SitFast_GetupFast,162,,Standing,,0.999,0.0,13.9151
SitFast_GetupFast,163,,Standing,,0.999,0.0,21.6932
SitFast_GetupFast,164,,Standing,,1.0,0.0,9.1681
SitFast_GetupFast,165,,Standing,,0.998,0.0,11.9135
SitFast_GetupFast,166,,Standing,,0.996,0.0,11.047
SitFast_GetupFast,167,,Standing,,0.997,0.0,13.1216
SitFast_GetupFast,168,,Standing,,0.996,0.0,10.1065
SitFast_GetupFast,169,,Standing,,0.993,0.0,8.654
SitFast_GetupFast,170,,Standing,,0.995,0.0,11.8218
SitFast_GetupFast,171,,Standing,,0.998,0.0,10.9759
SitFast_GetupFast,172,,Standing,,0.997,0.0,9.4115
SitFast_GetupFast,173,,Standing,,0.99,0.0,8.8045
SitFast_GetupFast,174,,Standing,,0.994,0.0,7.5879
SitFloor_crossedLegs,31,,Standing,,0.995,0.0,8.3072
SitFloor_crossedLegs,32,,Standing,,0.991,0.0,8.2773
SitFloor_crossedLegs,33,,Standing,,0.996,0.0,8.4377
SitFloor_crossedLegs,34,,Standing,,0.992,0.0,6.9304
SitFloor_crossedLegs,35,,Standing,,0.972,0.0,8.9843
SitFloor_crossedLegs,36,,Standing,,0.979,0.0,8.8152
SitFloor_crossedLegs,37,,Standing,,0.92,0.0,8.4378
SitFloor_crossedLegs,38,,Standing,,0.974,0.0,8.4519
SitFloor_crossedLegs,39,,Standing,,0.897,0.0,9.4323
SitFloor_crossedLegs,40,,Standing,,0.773,0.0,9.4893
SitFloor_crossedLegs,41,,Standing,,0.876,0.0,19.4945
SitFloor_crossedLegs,42,,Standing,,0.765,0.0,10.9876
SitFloor_crossedLegs,43,,Standing,,0.782,0.0,9.9708
SitFloor_crossedLegs,44,,Standing,,0.77,0.0,8.1817
SitFloor_crossedLegs,45,,Sitting,,0.528,0.0,9.1286
SitFloor_crossedLegs,46,,Standing,,0.957,0.0,10.1791
SitFloor_crossedLegs,47,,Standing,,0.893,0.0,11.2016
SitFloor_crossedLegs,48,,Standing,,0.896,0.0,8.5293
SitFloor_crossedLegs,49,,Standing,,0.783,0.0,8.9083
SitFloor_crossedLegs,50,,Standing,,0.692,0.0,10.1144
SitFloor_crossedLegs,51,,Sitting,,0.663,0.0,9.7998
SitFloor_crossedLegs,52,,Sitting,,0.805,0.0,8.0394
SitFloor_crossedLegs,53,,Sitting,,0.834,0.0,9.0586
SitFloor_crossedLegs,54,,Sitting,,0.94,0.0,8.8732
SitFloor_crossedLegs,55,,Sitting,,0.935,0.0,8.6531
SitFloor_crossedLegs,56,,Sitting,,0.881,0.0,11.8812
SitFloor_crossedLegs,57,,Sitting,,0.895,0.0,10.3856
SitFloor_crossedLegs,58,,Sitting,,0.888,0.0,9.3649
SitFloor_crossedLegs,59,,Sitting,,0.94,0.0,8.463
SitFloor_crossedLegs,60,,Sitting,,0.83,0.0,8.5682
SitFloor_crossedLegs,61,,Sitting,,0.84,0.0,8.4314
SitFloor_crossedLegs,62,,Sitting,,0.852,0.0,8.5368
SitFloor_crossedLegs,63,,Sitting,,0.651,0.0,8.5007
SitFloor_crossedLegs,64,,Sitting,,0.562,0.0,9.1157
SitFloor_crossedLegs,65,,Sitting,,0.63,0.0,8.402
SitFloor_crossedLegs,66,,Lying,,0.366,0.0,7.9976
SitFloor_crossedLegs,67,,Sitting,,0.636,0.0,7.5917
SitFloor_crossedLegs,68,,Sitting,,0.625,0.0,7.5941
SitFloor_crossedLegs,69,,Sitting,,0.757,0.0,7.2599
SitFloor_crossedLegs,70,,Sitting,,0.762,0.0,6.8445
SitFloor_crossedLegs,71,,Sitting,,0.782,0.0,6.5994
SitFloor_crossedLegs,72,,Sitting,,0.781,0.0,9.4093
SitFloor_crossedLegs,73,,Sitting,,0.902,0.0,6.5532
SitFloor_crossedLegs,74,,Sitting,,0.865,0.0,9.4695
SitFloor_crossedLegs,75,,Sitting,,0.772,0.0,8.2389
SitFloor_crossedLegs,76,,Sitting,,0.747,0.0,8.5786
SitFloor_crossedLegs,77,,Sitting,,0.609,0.0,7.1174
SitFloor_crossedLegs,78,,Sitting,,0.648,0.0,10.2038
SitFloor_crossedLegs,79,,Sitting,,0.674,0.0,9.7295
SitFloor_crossedLegs,80,,Sitting,,0.635,0.0,9.723
SitFloor_crossedLegs,81,,Sitting,,0.615,0.0,8.9296
SitFloor_crossedLegs,82,,Lying,,0.497,0.0,9.7127
SitFloor_crossedLegs,83,,Sitting,,0.466,0.0,7.5873
SitFloor_crossedLegs,84,,Lying,,0.585,0.0,7.7099
SitFloor_crossedLegs,85,,Lying,,0.616,0.0,5.8441
SitFloor_crossedLegs,86,,Lying,,0.549,0.0,6.0507
SitFloor_crossedLegs,87,,Lying,,0.592,0.0,8.1427
SitFloor_crossedLegs,88,Sitting,Lying,False,0.82,0.0,12.256
SitFloor_crossedLegs,89,Sitting,Lying,False,0.885,0.0,22.4857
SitFloor_crossedLegs,90,Sitting,Lying,False,0.888,0.0,19.1511
SitFloor_crossedLegs,91,Sitting,Lying,False,0.873,0.0,19.3337
SitFloor_crossedLegs,92,Sitting,Lying,False,0.794,0.0,19.4078
SitFloor_crossedLegs,93,Sitting,Lying,False,0.711,0.0,20.6469
SitFloor_crossedLegs,94,Sitting,Lying,False,0.742,0.0,17.3397
SitFloor_crossedLegs,95,Sitting,Lying,False,0.727,0.0,17.6743
SitFloor_crossedLegs,96,Sitting,Lying,False,0.745,0.0,16.1127
SitFloor_crossedLegs,97,Sitting,Lying,False,0.865,0.0,15.528
SitFloor_crossedLegs,98,Sitting,Lying,False,0.906,0.0,12.6333
SitFloor_crossedLegs,99,Sitting,Lying,False,0.831,0.0,9.7645
SitFloor_crossedLegs,100,Sitting,Lying,False,0.889,0.0,10.5445
SitFloor_crossedLegs,101,Sitting,Lying,False,0.844,0.0,10.5476
SitFloor_crossedLegs,102,Sitting,Lying,False,0.892,0.0,9.6965
SitFloor_crossedLegs,103,Sitting,Lying,False,0.842,0.0,12.7674
SitFloor_crossedLegs,104,Sitting,Lying,False,0.746,0.0,11.5546
SitFloor_crossedLegs,105,Sitting,Lying,False,0.844,0.0,8.0249
SitFloor_crossedLegs,106,Sitting,Lying,False,0.855,0.0,8.6091
SitFloor_crossedLegs,107,Sitting,Lying,False,0.902,0.0,8.4554
SitFloor_crossedLegs,108,Sitting,Lying,False,0.932,0.0,8.4098
SitFloor_crossedLegs,109,Sitting,Lying,False,0.887,0.0,8.3224
SitFloor_crossedLegs,110,Sitting,Lying,False,0.903,0.0,8.7766
SitFloor_crossedLegs,111,Sitting,Lying,False,0.92,0.0,7.7478
SitFloor_crossedLegs,112,Sitting,Lying,False,0.952,0.0,8.1494
SitFloor_crossedLegs,113,Sitting,Lying,False,0.983,0.0,8.0296
SitFloor_crossedLegs,114,Sitting,Lying,False,0.979,0.0,7.2715
SitFloor_crossedLegs,115,Sitting,Lying,False,0.983,0.0,7.6387
SitFloor_crossedLegs,116,Sitting,Lying,False,0.983,0.0,7.8808
SitFloor_crossedLegs,117,Sitting,Lying,False,0.986,0.0,7.8893
SitFloor_crossedLegs,118,Sitting,Lying,False,0.985,0.0,8.0372
SitFloor_crossedLegs,119,Sitting,Lying,False,0.985,0.0,7.6817
SitFloor_crossedLegs,120,Sitting,Lying,False,0.977,0.0,7.8983
SitFloor_crossedLegs,121,Sitting,Lying,False,0.964,0.0,7.8718
SitFloor_crossedLegs,122,Sitting,Lying,False,0.981,0.0,8.1721
SitFloor_crossedLegs,123,Sitting,Lying,False,0.964,0.0,7.9835
SitFloor_crossedLegs,124,Sitting,Lying,False,0.973,0.0,7.8061
SitFloor_crossedLegs,125,Sitting,Lying,False,0.971,0.0,8.2788
SitFloor_crossedLegs,126,Sitting,Lying,False,0.978,0.0,6.2789
SitFloor_crossedLegs,127,Sitting,Lying,False,0.972,0.0,6.5739
SitFloor_crossedLegs,128,Sitting,Lying,False,0.972,0.0,9.0911
SitFloor_crossedLegs,129,Sitting,Lying,False,0.972,0.0,9.3118
SitFloor_crossedLegs,130,Sitting,Lying,False,0.974,0.0,10.2546
SitFloor_crossedLegs,131,Sitting,Lying,False,0.974,0.0,7.5666
SitFloor_crossedLegs,132,Sitting,Lying,False,0.975,0.0,8.2992
SitFloor_crossedLegs,133,Sitting,Lying,False,0.964,0.0,10.5304
SitFloor_crossedLegs,134,Sitting,Lying,False,0.941,0.0,8.744
SitFloor_crossedLegs,135,Sitting,Lying,False,0.945,0.0,8.3627
SitFloor_crossedLegs,136,Sitting,Lying,False,0.887,0.0,8.7635
SitFloor_crossedLegs,137,Sitting,Lying,False,0.815,0.0,7.9772
SitFloor_crossedLegs,138,Sitting,Lying,False,0.697,0.0,7.767
SitFloor_crossedLegs,139,Sitting,Lying,False,0.644,0.0,7.7041
SitFloor_crossedLegs,140,Sitting,Lying,False,0.715,0.0,7.126
SitFloor_crossedLegs,141,Sitting,Lying,False,0.804,0.0,7.8007
SitFloor_crossedLegs,142,Sitting,Lying,False,0.678,0.0,5.6164
SitFloor_crossedLegs,143,Sitting,Lying,False,0.812,0.0,6.3033
SitFloor_crossedLegs,144,Sitting,Lying,False,0.828,0.0,6.0984
SitFloor_crossedLegs,145,Sitting,Lying,False,0.762,0.0,7.8189
SitFloor_crossedLegs,146,Sitting,Lying,False,0.881,0.0,7.2774
SitFloor_crossedLegs,147,Sitting,Lying,False,0.949,0.0,7.9092
SitFloor_crossedLegs,148,Sitting,Lying,False,0.946,0.0,8.1588
SitFloor_crossedLegs,149,Sitting,Lying,False,0.925,0.0,5.7322
SitFloor_crossedLegs,150,Sitting,Lying,False,0.924,0.0,8.5882
SitFloor_crossedLegs,151,Sitting,Lying,False,0.885,0.0,6.0105
SitFloor_crossedLegs,152,Sitting,Lying,False,0.925,0.0,8.4119
SitFloor_crossedLegs,153,Sitting,Lying,False,0.935,0.0,7.6354
SitFloor_crossedLegs,154,Sitting,Lying,False,0.924,0.0,8.2031
SitFloor_crossedLegs,155,Sitting,Lying,False,0.928,0.0,8.9979
SitFloor_crossedLegs,156,Sitting,Lying,False,0.899,0.0,8.7318
SitFloor_crossedLegs,157,Sitting,Lying,False,0.893,0.0,9.5269
SitFloor_crossedLegs,158,Sitting,Lying,False,0.895,0.0,7.0427
SitFloor_crossedLegs,159,Sitting,Lying,False,0.922,0.0,7.9042
SitFloor_crossedLegs,160,Sitting,Lying,False,0.915,0.0,10.9948
SitFloor_crossedLegs,161,Sitting,Lying,False,0.947,0.0,10.6688
SitFloor_crossedLegs,162,Sitting,Lying,False,0.94,0.0,9.1683
SitFloor_crossedLegs,163,Sitting,Lying,False,0.952,0.0,9.5954
SitFloor_crossedLegs,164,Sitting,Lying,False,0.963,0.0,10.6282
SitFloor_crossedLegs,165,Sitting,Lying,False,0.961,0.0,10.112
SitFloor_crossedLegs,166,Sitting,Lying,False,0.964,0.0,10.146
SitFloor_crossedLegs,167,Sitting,Lying,False,0.969,0.0,10.7934
SitFloor_crossedLegs,168,Sitting,Lying,False,0.968,0.0,14.3744
SitFloor_crossedLegs,169,Sitting,Lying,False,0.962,0.0,11.703
SitFloor_crossedLegs,170,Sitting,Lying,False,0.976,0.0,8.37
SitFloor_crossedLegs,171,Sitting,Lying,False,0.967,0.0,8.7482
SitFloor_crossedLegs,172,Sitting,Lying,False,0.975,0.0,8.5822
SitFloor_crossedLegs,173,Sitting,Lying,False,0.963,0.0,9.2875
SitFloor_crossedLegs,174,Sitting,Lying,False,0.964,0.0,5.8008
SitFloor_crossedLegs,175,Sitting,Lying,False,0.971,0.0,8.3252
SitFloor_crossedLegs,176,Sitting,Lying,False,0.967,0.0,9.542
SitFloor_crossedLegs,177,Sitting,Lying,False,0.97,0.0,9.3196
SitFloor_crossedLegs,178,Sitting,Lying,False,0.966,0.0,10.1457
SitFloor_crossedLegs,179,Sitting,Lying,False,0.967,0.0,10.6462
SitFloor_crossedLegs,180,Sitting,Lying,False,0.966,0.0,19.1834
SitFloor_crossedLegs,181,Sitting,Lying,False,0.95,0.0,17.1424
SitFloor_crossedLegs,182,Sitting,Lying,False,0.965,0.0,10.9231
SitFloor_crossedLegs,183,Sitting,Lying,False,0.957,0.0,9.9978
SitFloor_crossedLegs,184,Sitting,Lying,False,0.959,0.0,10.1105
SitFloor_crossedLegs,185,Sitting,Lying,False,0.957,0.0,11.8032
SitFloor_crossedLegs,186,Sitting,Lying,False,0.967,0.0,9.3826
SitFloor_crossedLegs,187,Sitting,Lying,False,0.957,0.0,9.2025
SitFloor_crossedLegs,188,Sitting,Lying,False,0.949,0.0,8.3946
SitFloor_crossedLegs,189,Sitting,Lying,False,0.955,0.0,8.064
SitFloor_crossedLegs,190,Sitting,Lying,False,0.952,0.0,8.8744
SitFloor_crossedLegs,191,Sitting,Lying,False,0.918,0.0,8.216
SitFloor_crossedLegs,192,Sitting,Lying,False,0.932,0.0,8.3526
SitFloor_crossedLegs,193,Sitting,Lying,False,0.929,0.0,6.8326
SitFloor_crossedLegs,194,Sitting,Lying,False,0.924,0.0,8.1193
SitFloor_crossedLegs,195,Sitting,Lying,False,0.926,0.0,9.2076
SitFloor_crossedLegs,196,Sitting,Lying,False,0.922,0.0,9.6704
SitFloor_crossedLegs,197,Sitting,Lying,False,0.932,0.0,8.1826
SitFloor_crossedLegs,198,Sitting,Lying,False,0.928,0.0,9.4594
SitFloor_crossedLegs,199,Sitting,Lying,False,0.941,0.0,9.6479
SitFloor_crossedLegs,200,Sitting,Lying,False,0.928,0.0,9.029
SitFloor_crossedLegs,201,Sitting,Lying,False,0.946,0.0,9.8995
SitFloor_crossedLegs,202,Sitting,Lying,False,0.94,0.0,10.9702
SitFloor_crossedLegs,203,Sitting,Lying,False,0.944,0.0,8.9718
SitFloor_crossedLegs,204,Sitting,Lying,False,0.928,0.0,12.5658
SitFloor_crossedLegs,205,Sitting,Lying,False,0.94,0.0,17.8539
SitFloor_crossedLegs,206,,Lying,,0.939,0.0,13.6394
SitFloor_crossedLegs,207,,Lying,,0.945,0.0,9.6213
SitFloor_crossedLegs,208,,Lying,,0.936,0.0,9.5416
SitFloor_crossedLegs,209,,Lying,,0.941,0.0,9.1344
SitFloor_crossedLegs,210,,Lying,,0.935,0.0,8.7728
SitFloor_crossedLegs,211,,Lying,,0.931,0.0,7.9254
SitFloor_crossedLegs,212,,Lying,,0.941,0.0,7.7456
SitFloor_crossedLegs,213,,Lying,,0.94,0.0,8.8449
SitFloor_crossedLegs,214,,Lying,,0.941,0.0,7.9454
SitFloor_crossedLegs,215,,Lying,,0.946,0.0,7.4816
SitFloor_crossedLegs,216,,Lying,,0.934,0.0,9.8506
SitFloor_crossedLegs,217,,Lying,,0.946,0.0,9.306
SitFloor_crossedLegs,218,,Lying,,0.937,0.0,8.4686
SitFloor_crossedLegs,219,,Lying,,0.927,0.0,8.282
SitFloor_crossedLegs,220,,Lying,,0.914,0.0,7.9643
SitFloor_crossedLegs,221,,Lying,,0.913,0.0,7.5317
SitFloor_crossedLegs,222,,Lying,,0.934,0.0,7.927
SitFloor_crossedLegs,223,,Lying,,0.917,0.0,8.092
SitFloor_crossedLegs,224,,Lying,,0.91,0.0,7.5521
SitFloor_crossedLegs,225,,Lying,,0.914,0.0,6.7968
SitFloor_crossedLegs,226,,Lying,,0.891,0.0,7.9398
SitFloor_crossedLegs,227,,Lying,,0.918,0.0,7.2053
SitFloor_crossedLegs,228,,Lying,,0.873,0.0,8.0059
SitFloor_crossedLegs,229,,Lying,,0.92,0.0,7.8482
SitFloor_crossedLegs,230,,Lying,,0.854,0.0,7.9094
SitFloor_crossedLegs,231,,Lying,,0.881,0.0,7.9053
SitFloor_crossedLegs,232,,Lying,,0.908,0.0,8.0442
SitFloor_crossedLegs,233,,Lying,,0.911,0.0,7.8972
SitFloor_crossedLegs,234,,Lying,,0.86,0.0,7.8501
SitFloor_crossedLegs,235,,Lying,,0.813,0.0,7.9438
SitFloor_crossedLegs,236,,Lying,,0.796,0.0,7.9974
SitFloor_crossedLegs,237,,Lying,,0.77,0.0,7.8755
SitFloor_crossedLegs,238,,Lying,,0.739,0.0,7.4752
SitFloor_crossedLegs,239,,Lying,,0.793,0.0,5.4198
SitFloor_crossedLegs,240,,Lying,,0.872,0.0,5.419
SitFloor_crossedLegs,241,,Lying,,0.845,0.0,5.4447
SitFloor_crossedLegs,242,,Lying,,0.894,0.0,8.5958
SitFloor_crossedLegs,243,,Lying,,0.812,0.0,8.0296
SitFloor_crossedLegs,244,,Lying,,0.836,0.0,7.8384
SitFloor_crossedLegs,245,,Lying,,0.793,0.0,7.9007
SitFloor_crossedLegs,246,,Lying,,0.668,0.0,7.9135
SitFloor_crossedLegs,247,,Lying,,0.689,0.0,7.5586
SitFloor_crossedLegs,248,,Lying,,0.641,0.0,8.0016
SitFloor_crossedLegs,249,,Lying,,0.736,0.0,8.228
SitFloor_crossedLegs,250,,Lying,,0.729,0.0,7.888
SitFloor_crossedLegs,251,,Lying,,0.731,0.0,7.0935
SitFloor_crossedLegs,252,,Lying,,0.821,0.0,7.732
SitFloor_crossedLegs,253,,Lying,,0.901,0.0,6.0082
SitFloor_crossedLegs,254,,Lying,,0.919,0.0,5.1242
SitFloor_crossedLegs,255,,Lying,,0.869,0.0,5.7076
SitFloor_crossedLegs,256,,Lying,,0.89,0.0,7.6525
SitFloor_crossedLegs,257,,Lying,,0.859,0.0,7.3264
SitFloor_crossedLegs,258,,Lying,,0.687,0.0,9.176
SitFloor_crossedLegs,259,,Lying,,0.796,0.0,8.7462
SitFloor_crossedLegs,260,,Lying,,0.793,0.0,7.7677
SitFloor_crossedLegs,261,,Lying,,0.698,0.0,6.9337
SitFloor_crossedLegs,262,,Lying,,0.657,0.0,7.5785
SitFloor_crossedLegs,263,,Sitting,,0.701,0.0,7.3876
SitFloor_crossedLegs,264,,Lying,,0.704,0.0,7.7245
SitFloor_crossedLegs,265,,Sitting,,0.672,0.0,8.4973
SitFloor_crossedLegs,266,,Sitting,,0.713,0.0,7.6026
SitFloor_crossedLegs,267,,Sitting,,0.502,0.0,7.7404
SitFloor_crossedLegs,268,,Lying,,0.492,0.0,7.6384
SitFloor_crossedLegs,269,,Sitting,,0.819,0.0,7.711
SitFloor_crossedLegs,270,,Sitting,,0.901,0.0,5.3273
SitFloor_crossedLegs,271,,Sitting,,0.821,0.0,5.687
SitFloor_crossedLegs,272,,Sitting,,0.796,0.0,7.1362
SitFloor_crossedLegs,273,,Sitting,,0.895,0.0,7.0251
SitFloor_crossedLegs,274,,Sitting,,0.816,0.0,5.3576
SitFloor_crossedLegs,275,,Standing,,0.407,0.0,5.1062
SitFloor_crossedLegs,276,,Sitting,,0.472,0.0,5.1891
SitFloor_crossedLegs,277,,Standing,,0.458,0.0,5.2752
SitFloor_crossedLegs,278,,Standing,,0.701,0.0,5.3778
SitFloor_crossedLegs,279,,Standing,,0.86,0.0,7.2801
SitFloor_crossedLegs,280,,Standing,,0.46,0.0,7.6143
SitFloor_crossedLegs,281,,Standing,,0.634,0.0,7.4191
SitFloor_crossedLegs,282,,Standing,,0.853,0.0,5.7447
SitFloor_crossedLegs,283,,Standing,,0.955,0.0,8.0031
SitFloor_crossedLegs,284,,Standing,,0.971,0.0,7.7812
SitFloor_crossedLegs,285,,Standing,,0.962,0.0,7.589
SitFloor_crossedLegs,286,,Standing,,0.99,0.0,7.6825
SitFloor_crossedLegs,287,,Standing,,0.993,0.0,7.6587
SitFloor_crossedLegs,288,,Standing,,0.998,0.0,7.7494
SitFloor_crossedLegs,289,,Standing,,0.984,0.0,8.1452
SitFloor_lowKeypoints_crossedLegs,31,,Sitting,,0.915,0.0,7.7181
SitFloor_lowKeypoints_crossedLegs,32,,Sitting,,0.926,0.0,7.9453
SitFloor_lowKeypoints_crossedLegs,33,,Lying,,0.422,0.0,7.697
SitFloor_lowKeypoints_crossedLegs,34,,Lying,,0.628,0.0,8.2914
SitFloor_lowKeypoints_crossedLegs,35,,Lying,,0.458,0.0,7.3494
SitFloor_lowKeypoints_crossedLegs,36,,Lying,,0.647,0.0,7.2731
SitFloor_lowKeypoints_crossedLegs,37,,Lying,,0.71,0.0,6.5018
SitFloor_lowKeypoints_crossedLegs,38,,Lying,,0.815,0.0,7.601
SitFloor_lowKeypoints_crossedLegs,39,,Lying,,0.729,0.0,7.3602
SitFloor_lowKeypoints_crossedLegs,40,,Lying,,0.762,0.0,7.4202
SitFloor_lowKeypoints_crossedLegs,41,,Lying,,0.689,0.0,7.3498
SitFloor_lowKeypoints_crossedLegs,42,,Lying,,0.654,0.0,8.226
SitFloor_lowKeypoints_crossedLegs,43,,Sitting,,0.463,0.0,7.3979
SitFloor_lowKeypoints_crossedLegs,44,,Lying,,0.617,0.0,7.3499
SitFloor_lowKeypoints_crossedLegs,45,,Lying,,0.449,0.0,7.485
SitFloor_lowKeypoints_crossedLegs,46,,Lying,,0.505,0.0,7.4544
SitFloor_lowKeypoints_crossedLegs,47,,Sitting,,0.555,0.0,7.4787
SitFloor_lowKeypoints_crossedLegs,48,,Sitting,,0.74,0.0,7.8061
SitFloor_lowKeypoints_crossedLegs,49,,Sitting,,0.768,0.0,7.7984
SitFloor_lowKeypoints_crossedLegs,50,,Sitting,,0.7,0.0,7.4986
SitFloor_lowKeypoints_crossedLegs,51,,Sitting,,0.728,0.0,7.5173
SitFloor_lowKeypoints_crossedLegs,52,,Sitting,,0.485,0.0,10.1716
SitFloor_lowKeypoints_crossedLegs,53,,Sitting,,0.415,0.0,6.996
SitFloor_lowKeypoints_crossedLegs,54,,Sitting,,0.781,0.0,7.1408
SitFloor_lowKeypoints_crossedLegs,55,,Sitting,,0.61,0.0,7.5197
SitFloor_lowKeypoints_crossedLegs,56,,Sitting,,0.698,0.0,7.2212
SitFloor_lowKeypoints_crossedLegs,57,,Sitting,,0.977,0.0,7.0905
SitFloor_lowKeypoints_crossedLegs,58,,Sitting,,0.94,0.0,6.7383
SitFloor_lowKeypoints_crossedLegs,59,,Sitting,,0.9,0.0,6.9897
SitFloor_lowKeypoints_crossedLegs,60,,Sitting,,0.906,0.0,7.0602
SitFloor_lowKeypoints_crossedLegs,61,,Sitting,,0.828,0.0,7.119
SitFloor_lowKeypoints_crossedLegs,62,,Sitting,,0.908,0.0,5.9186
SitFloor_lowKeypoints_crossedLegs,63,,Sitting,,0.922,0.0,6.3924
SitFloor_lowKeypoints_crossedLegs,64,,Sitting,,0.97,0.0,7.4868
SitFloor_lowKeypoints_crossedLegs,65,,Sitting,,0.947,0.0,7.1635
SitFloor_lowKeypoints_crossedLegs,66,,Sitting,,0.949,0.0,7.1786
SitFloor_lowKeypoints_crossedLegs,67,,Sitting,,0.978,0.0,6.3835
SitFloor_lowKeypoints_crossedLegs,68,,Sitting,,0.977,0.0,8.9117
SitFloor_lowKeypoints_crossedLegs,69,,Sitting,,0.975,0.0,7.254
SitFloor_lowKeypoints_crossedLegs,70,,Sitting,,0.991,0.0,7.1799
SitFloor_lowKeypoints_crossedLegs,71,,Sitting,,0.996,0.0,6.4928
SitFloor_lowKeypoints_crossedLegs,72,,Sitting,,0.993,0.0,6.7371
SitFloor_lowKeypoints_crossedLegs,73,,Sitting,,0.994,0.0,6.0849
SitFloor_lowKeypoints_crossedLegs,74,,Sitting,,0.994,0.0,19.6133
SitFloor_lowKeypoints_crossedLegs,75,,Sitting,,0.995,0.0,20.3068
SitFloor_lowKeypoints_crossedLegs,76,,Sitting,,0.996,0.0,29.9964
SitFloor_lowKeypoints_crossedLegs,77,,Sitting,,0.997,0.0,9.2452
SitFloor_lowKeypoints_crossedLegs,78,,Sitting,,0.999,0.0,8.9435
SitFloor_lowKeypoints_crossedLegs,79,,Sitting,,0.999,0.0,7.1614
SitFloor_lowKeypoints_crossedLegs,80,,Sitting,,0.999,0.0,8.477
SitFloor_lowKeypoints_crossedLegs,81,,Sitting,,0.999,0.0,8.4537
SitFloor_lowKeypoints_crossedLegs,82,,Sitting,,0.999,0.0,8.7863
SitFloor_lowKeypoints_crossedLegs,83,,Sitting,,0.999,0.0,8.2729
SitFloor_lowKeypoints_crossedLegs,84,,Sitting,,0.999,0.0,8.0891
SitFloor_lowKeypoints_crossedLegs,85,,Sitting,,0.999,0.0,8.5953
SitFloor_lowKeypoints_crossedLegs,86,Sitting,Sitting,True,0.999,0.0,8.0696
SitFloor_lowKeypoints_crossedLegs,87,Sitting,Sitting,True,0.999,0.0,7.4865
SitFloor_lowKeypoints_crossedLegs,88,Sitting,Sitting,True,0.999,0.0,7.5835
SitFloor_lowKeypoints_crossedLegs,89,Sitting,Sitting,True,0.999,0.0,6.7316
SitFloor_lowKeypoints_crossedLegs,90,Sitting,Sitting,True,0.999,0.0,7.8444
SitFloor_lowKeypoints_crossedLegs,91,Sitting,Sitting,True,0.999,0.0,8.3629
SitFloor_lowKeypoints_crossedLegs,92,Sitting,Sitting,True,0.999,0.0,7.6461
SitFloor_lowKeypoints_crossedLegs,93,Sitting,Sitting,True,0.998,0.0,8.1262
SitFloor_lowKeypoints_crossedLegs,94,Sitting,Sitting,True,0.997,0.0,8.6067
SitFloor_lowKeypoints_crossedLegs,95,Sitting,Sitting,True,0.998,0.0,5.5143
SitFloor_lowKeypoints_crossedLegs,96,Sitting,Sitting,True,0.999,0.0,5.5914
SitFloor_lowKeypoints_crossedLegs,97,Sitting,Sitting,True,0.998,0.0,5.2164
SitFloor_lowKeypoints_crossedLegs,98,Sitting,Sitting,True,0.998,0.0,7.7962
SitFloor_lowKeypoints_crossedLegs,99,Sitting,Sitting,True,0.999,0.0,7.095
SitFloor_lowKeypoints_crossedLegs,100,Sitting,Sitting,True,0.998,0.0,8.0485
SitFloor_lowKeypoints_crossedLegs,101,Sitting,Sitting,True,0.998,0.0,8.3575
SitFloor_lowKeypoints_crossedLegs,102,Sitting,Sitting,True,0.997,0.0,7.6053
SitFloor_lowKeypoints_crossedLegs,103,Sitting,Sitting,True,0.998,0.0,8.1282
SitFloor_lowKeypoints_crossedLegs,104,Sitting,Sitting,True,0.995,0.0,6.5373
SitFloor_lowKeypoints_crossedLegs,105,Sitting,Sitting,True,0.996,0.0,7.981
SitFloor_lowKeypoints_crossedLegs,106,Sitting,Sitting,True,0.996,0.0,7.9495
SitFloor_lowKeypoints_crossedLegs,107,Sitting,Sitting,True,0.998,0.0,7.6826
SitFloor_lowKeypoints_crossedLegs,108,Sitting,Sitting,True,0.997,0.0,7.3759
SitFloor_lowKeypoints_crossedLegs,109,Sitting,Sitting,True,0.995,0.0,7.4749
SitFloor_lowKeypoints_crossedLegs,110,Sitting,Sitting,True,0.996,0.0,7.5457
SitFloor_lowKeypoints_crossedLegs,111,Sitting,Sitting,True,0.996,0.0,7.5976
SitFloor_lowKeypoints_crossedLegs,112,Sitting,Sitting,True,0.997,0.0,7.952
SitFloor_lowKeypoints_crossedLegs,113,Sitting,Sitting,True,0.997,0.0,7.7804
SitFloor_lowKeypoints_crossedLegs,114,Sitting,Sitting,True,0.996,0.0,7.993
SitFloor_lowKeypoints_crossedLegs,115,Sitting,Sitting,True,0.997,0.0,8.3157
SitFloor_lowKeypoints_crossedLegs,116,Sitting,Sitting,True,0.995,0.0,8.0319
SitFloor_lowKeypoints_crossedLegs,117,Sitting,Sitting,True,0.994,0.0,8.0598
SitFloor_lowKeypoints_crossedLegs,118,Sitting,Sitting,True,0.995,0.0,6.5491
SitFloor_lowKeypoints_crossedLegs,119,Sitting,Sitting,True,0.994,0.0,7.0114
SitFloor_lowKeypoints_crossedLegs,120,Sitting,Sitting,True,0.995,0.0,7.9195
SitFloor_lowKeypoints_crossedLegs,121,Sitting,Sitting,True,0.993,0.0,9.4429
SitFloor_lowKeypoints_crossedLegs,122,Sitting,Sitting,True,0.997,0.0,7.9302
SitFloor_lowKeypoints_crossedLegs,123,Sitting,Sitting,True,0.992,0.0,7.2946
SitFloor_lowKeypoints_crossedLegs,124,Sitting,Sitting,True,0.995,0.0,7.7889
SitFloor_lowKeypoints_crossedLegs,125,Sitting,Sitting,True,0.994,0.0,7.8201
SitFloor_lowKeypoints_crossedLegs,126,Sitting,Sitting,True,0.995,0.0,7.7785
SitFloor_lowKeypoints_crossedLegs,127,Sitting,Sitting,True,0.996,0.0,7.4815
SitFloor_lowKeypoints_crossedLegs,128,Sitting,Sitting,True,0.994,0.0,7.8432
SitFloor_lowKeypoints_crossedLegs,129,Sitting,Sitting,True,0.993,0.0,6.5834
SitFloor_lowKeypoints_crossedLegs,130,Sitting,Sitting,True,0.996,0.0,5.604
SitFloor_lowKeypoints_crossedLegs,131,Sitting,Sitting,True,0.997,0.0,5.6772
SitFloor_lowKeypoints_crossedLegs,132,Sitting,Sitting,True,0.997,0.0,7.7134
SitFloor_lowKeypoints_crossedLegs,133,Sitting,Sitting,True,0.991,0.0,7.4465
SitFloor_lowKeypoints_crossedLegs,134,Sitting,Sitting,True,0.996,0.0,7.2233
SitFloor_lowKeypoints_crossedLegs,135,Sitting,Sitting,True,0.992,0.0,8.2845
SitFloor_lowKeypoints_crossedLegs,136,Sitting,Sitting,True,0.993,0.0,8.1293
SitFloor_lowKeypoints_crossedLegs,137,Sitting,Sitting,True,0.996,0.0,9.2893
SitFloor_lowKeypoints_crossedLegs,138,Sitting,Sitting,True,0.996,0.0,7.7305
SitFloor_lowKeypoints_crossedLegs,139,Sitting,Sitting,True,0.996,0.0,7.9393
SitFloor_lowKeypoints_crossedLegs,140,Sitting,Sitting,True,0.998,0.0,7.5736
SitFloor_lowKeypoints_crossedLegs,141,Sitting,Sitting,True,0.997,0.0,5.6106
SitFloor_lowKeypoints_crossedLegs,142,Sitting,Sitting,True,0.997,0.0,5.0403
SitFloor_lowKeypoints_crossedLegs,143,Sitting,Sitting,True,0.998,0.0,6.4557
SitFloor_lowKeypoints_crossedLegs,144,Sitting,Sitting,True,0.997,0.0,4.9994
SitFloor_lowKeypoints_crossedLegs,145,Sitting,Sitting,True,0.997,0.0,5.4214
SitFloor_lowKeypoints_crossedLegs,146,Sitting,Sitting,True,0.996,0.0,6.3438
SitFloor_lowKeypoints_crossedLegs,147,Sitting,Sitting,True,0.998,0.0,7.9421
SitFloor_lowKeypoints_crossedLegs,148,Sitting,Sitting,True,0.996,0.0,7.7897
SitFloor_lowKeypoints_crossedLegs,149,Sitting,Sitting,True,0.995,0.0,7.5942
SitFloor_lowKeypoints_crossedLegs,150,Sitting,Sitting,True,0.996,0.0,7.5539
SitFloor_lowKeypoints_crossedLegs,151,Sitting,Sitting,True,0.998,0.0,7.5178
SitFloor_lowKeypoints_crossedLegs,152,Sitting,Sitting,True,0.994,0.0,8.4426
SitFloor_lowKeypoints_crossedLegs,153,Sitting,Sitting,True,0.997,0.0,5.6082
SitFloor_lowKeypoints_crossedLegs,154,Sitting,Sitting,True,0.998,0.0,7.8642
SitFloor_lowKeypoints_crossedLegs,155,Sitting,Sitting,True,0.997,0.0,7.9445
SitFloor_lowKeypoints_crossedLegs,156,Sitting,Sitting,True,0.995,0.0,5.9692
SitFloor_lowKeypoints_crossedLegs,157,Sitting,Sitting,True,0.996,0.0,5.5161
SitFloor_lowKeypoints_crossedLegs,158,Sitting,Sitting,True,0.996,0.0,5.2578
SitFloor_lowKeypoints_crossedLegs,159,Sitting,Sitting,True,0.998,0.0,7.4283
SitFloor_lowKeypoints_crossedLegs,160,Sitting,Sitting,True,0.997,0.0,7.7617
SitFloor_lowKeypoints_crossedLegs,161,Sitting,Sitting,True,0.996,0.0,7.6791
SitFloor_lowKeypoints_crossedLegs,162,Sitting,Sitting,True,0.997,0.0,7.1067
SitFloor_lowKeypoints_crossedLegs,163,Sitting,Sitting,True,0.997,0.0,7.7077
SitFloor_lowKeypoints_crossedLegs,164,Sitting,Sitting,True,0.993,0.0,7.5243
SitFloor_lowKeypoints_crossedLegs,165,Sitting,Sitting,True,0.997,0.0,7.6711
SitFloor_lowKeypoints_crossedLegs,166,Sitting,Sitting,True,0.996,0.0,5.2935
SitFloor_lowKeypoints_crossedLegs,167,Sitting,Sitting,True,0.998,0.0,5.7032
SitFloor_lowKeypoints_crossedLegs,168,Sitting,Sitting,True,0.992,0.0,7.6407
SitFloor_lowKeypoints_crossedLegs,169,Sitting,Sitting,True,0.998,0.0,7.8213
SitFloor_lowKeypoints_crossedLegs,170,Sitting,Sitting,True,0.995,0.0,7.5985
SitFloor_lowKeypoints_crossedLegs,171,Sitting,Sitting,True,0.996,0.0,7.3508
SitFloor_lowKeypoints_crossedLegs,172,Sitting,Sitting,True,0.998,0.0,6.3291
SitFloor_lowKeypoints_crossedLegs,173,Sitting,Sitting,True,0.997,0.0,5.8931
SitFloor_lowKeypoints_crossedLegs,174,Sitting,Sitting,True,0.996,0.0,7.9646
SitFloor_lowKeypoints_crossedLegs,175,Sitting,Sitting,True,0.997,0.0,8.0216
SitFloor_lowKeypoints_crossedLegs,176,Sitting,Sitting,True,0.997,0.0,6.7534
SitFloor_lowKeypoints_crossedLegs,177,Sitting,Sitting,True,0.997,0.0,5.1937
SitFloor_lowKeypoints_crossedLegs,178,Sitting,Sitting,True,0.997,0.0,6.7249
SitFloor_lowKeypoints_crossedLegs,179,Sitting,Sitting,True,0.995,0.0,7.6558
SitFloor_lowKeypoints_crossedLegs,180,Sitting,Sitting,True,0.994,0.0,9.0024
SitFloor_lowKeypoints_crossedLegs,181,Sitting,Sitting,True,0.997,0.0,6.516
SitFloor_lowKeypoints_crossedLegs,182,Sitting,Sitting,True,0.996,0.0,8.0414
SitFloor_lowKeypoints_crossedLegs,183,Sitting,Sitting,True,0.997,0.0,8.9549
SitFloor_lowKeypoints_crossedLegs,184,Sitting,Sitting,True,0.998,0.0,8.2658
SitFloor_lowKeypoints_crossedLegs,185,Sitting,Sitting,True,0.996,0.0,9.9966
SitFloor_lowKeypoints_crossedLegs,186,Sitting,Sitting,True,0.996,0.0,7.929
SitFloor_lowKeypoints_crossedLegs,187,Sitting,Sitting,True,0.996,0.0,7.954
SitFloor_lowKeypoints_crossedLegs,188,Sitting,Sitting,True,0.997,0.0,8.0495
SitFloor_lowKeypoints_crossedLegs,189,Sitting,Sitting,True,0.997,0.0,7.8343
SitFloor_lowKeypoints_crossedLegs,190,Sitting,Sitting,True,0.996,0.0,8.0283
SitFloor_lowKeypoints_crossedLegs,191,Sitting,Sitting,True,0.998,0.0,8.1124
SitFloor_lowKeypoints_crossedLegs,192,Sitting,Sitting,True,0.997,0.0,8.0193
SitFloor_lowKeypoints_crossedLegs,193,Sitting,Sitting,True,0.997,0.0,8.7906
SitFloor_lowKeypoints_crossedLegs,194,Sitting,Sitting,True,0.996,0.0,7.8774
SitFloor_lowKeypoints_crossedLegs,195,Sitting,Sitting,True,0.996,0.0,8.7775
SitFloor_lowKeypoints_crossedLegs,196,Sitting,Sitting,True,0.992,0.0,9.2094
SitFloor_lowKeypoints_crossedLegs,197,Sitting,Sitting,True,0.995,0.0,7.413
SitFloor_lowKeypoints_crossedLegs,198,Sitting,Sitting,True,0.997,0.0,7.6133
SitFloor_lowKeypoints_crossedLegs,199,Sitting,Sitting,True,0.995,0.0,8.399
SitFloor_lowKeypoints_crossedLegs,200,Sitting,Sitting,True,0.996,0.0,8.0825
SitFloor_lowKeypoints_crossedLegs,201,,Sitting,,0.996,0.0,7.6757
SitFloor_lowKeypoints_crossedLegs,202,,Sitting,,0.995,0.0,7.2993
SitFloor_lowKeypoints_crossedLegs,203,,Sitting,,0.997,0.0,5.1486
SitFloor_lowKeypoints_crossedLegs,204,,Sitting,,0.996,0.0,6.8499
SitFloor_lowKeypoints_crossedLegs,205,,Sitting,,0.995,0.0,7.1338
SitFloor_lowKeypoints_crossedLegs,206,,Sitting,,0.995,0.0,7.2777
SitFloor_lowKeypoints_crossedLegs,207,,Sitting,,0.998,0.0,7.6954
SitFloor_lowKeypoints_crossedLegs,208,,Sitting,,0.996,0.0,7.3788
SitFloor_lowKeypoints_crossedLegs,209,,Sitting,,0.998,0.0,5.1216
SitFloor_lowKeypoints_crossedLegs,210,,Sitting,,0.997,0.0,6.8315
SitFloor_lowKeypoints_crossedLegs,211,,Sitting,,0.997,0.0,6.9445
SitFloor_lowKeypoints_crossedLegs,212,,Sitting,,0.998,0.0,6.9272
SitFloor_lowKeypoints_crossedLegs,213,,Sitting,,0.997,0.0,7.4385
SitFloor_lowKeypoints_crossedLegs,214,,Sitting,,0.996,0.0,7.1878
SitFloor_lowKeypoints_crossedLegs,215,,Sitting,,0.998,0.0,7.0821
SitFloor_lowKeypoints_crossedLegs,216,,Sitting,,0.998,0.0,7.4436
SitFloor_lowKeypoints_crossedLegs,217,,Sitting,,0.998,0.0,7.0837
SitFloor_lowKeypoints_crossedLegs,218,,Sitting,,0.997,0.0,6.9549
SitFloor_lowKeypoints_crossedLegs,219,,Sitting,,0.998,0.0,7.2726
SitFloor_lowKeypoints_crossedLegs,220,,Sitting,,0.996,0.0,7.0304
SitFloor_lowKeypoints_crossedLegs,221,,Sitting,,0.997,0.0,6.9961
SitFloor_lowKeypoints_crossedLegs,222,,Sitting,,0.998,0.0,4.5898
SitFloor_lowKeypoints_crossedLegs,223,,Sitting,,0.997,0.0,7.0255
SitFloor_lowKeypoints_crossedLegs,224,,Sitting,,0.997,0.0,6.0792
SitFloor_lowKeypoints_crossedLegs,225,,Sitting,,0.997,0.0,6.5784
SitFloor_lowKeypoints_crossedLegs,226,,Sitting,,0.996,0.0,7.1829
SitFloor_lowKeypoints_crossedLegs,227,,Sitting,,0.998,0.0,6.5392
SitFloor_lowKeypoints_crossedLegs,228,,Sitting,,0.997,0.0,6.7255
SitFloor_lowKeypoints_crossedLegs,229,,Sitting,,0.998,0.0,6.4428
SitFloor_lowKeypoints_crossedLegs,230,,Sitting,,0.995,0.0,7.0212
SitFloor_lowKeypoints_crossedLegs,231,,Sitting,,0.997,0.0,6.7757
SitFloor_lowKeypoints_crossedLegs,232,,Sitting,,0.996,0.0,7.0509
SitFloor_lowKeypoints_crossedLegs,233,,Sitting,,0.998,0.0,7.0072
SitFloor_lowKeypoints_crossedLegs,234,,Sitting,,0.998,0.0,6.7729
SitFloor_lowKeypoints_crossedLegs,235,,Sitting,,0.998,0.0,6.4397
SitFloor_lowKeypoints_crossedLegs,236,,Sitting,,0.998,0.0,6.7115
SitFloor_lowKeypoints_crossedLegs,237,,Sitting,,0.999,0.0,6.7995
SitFloor_lowKeypoints_crossedLegs,238,,Sitting,,0.998,0.0,8.67
SitFloor_lowKeypoints_crossedLegs,239,,Sitting,,0.998,0.0,6.2234
SitFloor_lowKeypoints_crossedLegs,240,,Sitting,,0.999,0.0,6.1562
SitFloor_lowKeypoints_crossedLegs,241,,Sitting,,0.999,0.0,7.1643
SitFloor_lowKeypoints_crossedLegs,242,,Sitting,,0.999,0.0,7.0443
SitFloor_lowKeypoints_crossedLegs,243,,Sitting,,0.999,0.0,6.7269
SitFloor_lowKeypoints_crossedLegs,244,,Sitting,,0.998,0.0,6.7284
SitFloor_lowKeypoints_crossedLegs,245,,Sitting,,0.998,0.0,6.6986
SitFloor_lowKeypoints_crossedLegs,246,,Sitting,,0.999,0.0,7.1803
SitFloor_lowKeypoints_crossedLegs,247,,Sitting,,0.998,0.0,6.8683
SitFloor_lowKeypoints_crossedLegs,248,,Sitting,,0.998,0.0,6.7001
SitFloor_lowKeypoints_crossedLegs,249,,Sitting,,0.998,0.0,6.4493
SitFloor_lowKeypoints_crossedLegs,250,,Sitting,,0.998,0.0,6.7566
SitFloor_lowKeypoints_crossedLegs,251,,Sitting,,0.997,0.0,5.8785
SitFloor_lowKeypoints_crossedLegs,252,,Sitting,,0.997,0.0,6.4313
SitFloor_lowKeypoints_crossedLegs,253,,Sitting,,0.997,0.0,6.7211
SitFloor_lowKeypoints_crossedLegs,254,,Sitting,,0.998,0.0,6.5805
SitFloor_lowKeypoints_crossedLegs,255,,Sitting,,0.999,0.0,6.3112
SitFloor_lowKeypoints_crossedLegs,256,,Sitting,,0.996,0.0,6.3861
SitFloor_lowKeypoints_crossedLegs,257,,Sitting,,0.996,0.0,6.6421
SitFloor_lowKeypoints_crossedLegs,258,,Sitting,,0.996,0.0,6.0138
SitFloor_lowKeypoints_crossedLegs,259,,Sitting,,0.995,0.0,6.6153
SitFloor_lowKeypoints_crossedLegs,260,,Sitting,,0.988,0.0,6.9333
SitFloor_lowKeypoints_crossedLegs,261,,Sitting,,0.985,0.0,5.6476
SitFloor_lowKeypoints_crossedLegs,262,,Sitting,,0.992,0.0,6.5935
SitFloor_lowKeypoints_crossedLegs,263,,Sitting,,0.985,0.0,6.9116
SitFloor_lowKeypoints_crossedLegs,264,,Sitting,,0.992,0.0,6.7196
SitFloor_lowKeypoints_crossedLegs,265,,Sitting,,0.993,0.0,16.6104
SitFloor_lowKeypoints_crossedLegs,266,,Sitting,,0.988,0.0,5.3998
SitFloor_lowKeypoints_crossedLegs,267,,Sitting,,0.993,0.0,6.6358
SitFloor_lowKeypoints_crossedLegs,268,,Sitting,,0.984,0.0,8.2794
SitFloor_lowKeypoints_crossedLegs,269,,Sitting,,0.954,0.0,6.7529
SitFloor_lowKeypoints_crossedLegs,270,,Sitting,,0.964,0.0,6.3184
SitFloor_lowKeypoints_crossedLegs,271,,Sitting,,0.967,0.0,6.9239
SitFloor_lowKeypoints_crossedLegs,272,,Sitting,,0.94,0.0,6.8665
SitFloor_lowKeypoints_crossedLegs,273,,Sitting,,0.945,0.0,6.6121
SitFloor_lowKeypoints_crossedLegs,274,,Sitting,,0.954,0.0,6.5618
SitFloor_lowKeypoints_crossedLegs,275,,Sitting,,0.93,0.0,6.0177
SitFloor_lowKeypoints_crossedLegs,276,,Sitting,,0.947,0.0,6.4549
SitFloor_lowKeypoints_crossedLegs,277,,Sitting,,0.973,0.0,6.4406
SitFloor_lowKeypoints_crossedLegs,278,,Sitting,,0.826,0.0,6.8755
SitFloor_lowKeypoints_crossedLegs,279,,Sitting,,0.844,0.0,6.7239
SitFloor_lowKeypoints_crossedLegs,280,,Sitting,,0.829,0.0,7.0058
SitFloor_lowKeypoints_crossedLegs,281,,Sitting,,0.95,0.0,6.7967
SitFloor_lowKeypoints_crossedLegs,282,,Sitting,,0.954,0.0,6.5122
SitFloor_lowKeypoints_crossedLegs,283,,Sitting,,0.935,0.0,6.3748
SitFloor_lowKeypoints_crossedLegs,284,,Sitting,,0.871,0.0,6.4672
SitFloor_lowKeypoints_crossedLegs,285,,Sitting,,0.821,0.0,6.4055
SitFloor_lowKeypoints_crossedLegs,286,,Sitting,,0.898,0.0,6.4509
SitFloor_lowKeypoints_crossedLegs,287,,Sitting,,0.877,0.0,6.5834
SitFloor_lowKeypoints_crossedLegs,288,,Sitting,,0.904,0.0,6.6967
SitFloor_lowKeypoints_crossedLegs,289,,Standing,,0.811,0.0,6.6904
SitFloor_lowKeypoints_crossedLegs,290,,Standing,,0.979,0.0,6.5053
SitFloor_lowKeypoints_crossedLegs,291,,Standing,,0.992,0.0,5.7978
SitFloor_lowKeypoints_crossedLegs,292,,Standing,,0.998,0.0,4.5064
SitFloor_lowKeypoints_crossedLegs,293,,Standing,,0.993,0.0,4.7823
SitFloor_lowKeypoints_crossedLegs,294,,Standing,,0.979,0.0,5.8796
SitFloor_lowKeypoints_crossedLegs,295,,Standing,,0.905,0.0,8.1957
SitFloor_lowKeypoints_crossedLegs,296,,Standing,,0.723,0.0,8.266
SitFloor_lowKeypoints_crossedLegs,297,,Standing,,0.869,0.0,6.7665
SitFloor_lowKeypoints_crossedLegs,298,,Standing,,0.831,0.0,6.8942
SitFloor_lowKeypoints_crossedLegs,299,,Standing,,0.927,0.0,6.284
SitFloor_lowKeypoints_crossedLegs,300,,Standing,,0.963,0.0,6.615
SitFloor_lowKeypoints_crossedLegs,301,,Standing,,0.972,0.0,6.289
SitFloor_lowKeypoints_crossedLegs,302,,Standing,,0.988,0.0,6.6912
SitFloor_lowKeypoints_crossedLegs,303,,Standing,,0.974,0.0,6.8358
SitFloor_lowKeypoints_crossedLegs,304,,Standing,,0.954,0.0,7.0181
SitFloor_lowKeypoints_crossedLegs,305,,Standing,,0.964,0.0,4.6629
SitFloor_lowKeypoints_crossedLegs,306,,Standing,,0.998,0.0,4.7135
SitFloor_lowKeypoints_crossedLegs,307,,Standing,,0.996,0.0,4.6221
SitFloor_lowKeypoints_crossedLegs,308,,Standing,,0.993,0.0,4.5091
SitFloor_lowKeypoints_crossedLegs,309,,Standing,,0.985,0.0,6.4877
SitFloor_lowKeypoints_crossedLegs,310,,Standing,,0.998,0.0,6.6327
SitFloor_lowKeypoints_crossedLegs,311,,Standing,,0.999,0.0,6.8054
SitFloor_lowKeypoints_crossedLegs,312,,Standing,,0.997,0.0,6.9202
SitFloor_lowKeypoints_crossedLegs,313,,Standing,,0.999,0.0,7.5232
SitFloor_lowKeypoints_crossedLegs,314,,Standing,,0.998,0.0,7.7599
SitFloor_lowKeypoints_crossedLegs,315,,Standing,,0.998,0.0,6.4805
SitFloor_lowKeypoints,31,Standing,Standing,True,0.999,0.0,7.8976
SitFloor_lowKeypoints,32,Standing,Standing,True,0.999,0.0,8.2302
SitFloor_lowKeypoints,33,Standing,Standing,True,0.999,0.0,6.9856
SitFloor_lowKeypoints,34,Standing,Standing,True,0.999,0.0,6.4762
SitFloor_lowKeypoints,35,Standing,Standing,True,0.999,0.0,5.405
SitFloor_lowKeypoints,36,Standing,Standing,True,0.999,0.0,7.5054
SitFloor_lowKeypoints,37,Standing,Standing,True,0.999,0.0,8.1918
SitFloor_lowKeypoints,38,Standing,Standing,True,0.999,0.0,7.2849
SitFloor_lowKeypoints,39,Standing,Standing,True,0.999,0.0,7.367
SitFloor_lowKeypoints,40,Standing,Standing,True,0.999,0.0,7.9058
SitFloor_lowKeypoints,41,Standing,Standing,True,1.0,0.0,7.2184
SitFloor_lowKeypoints,42,Standing,Standing,True,1.0,0.0,6.4177
SitFloor_lowKeypoints,43,Standing,Standing,True,1.0,0.0,8.6546
SitFloor_lowKeypoints,44,Standing,Standing,True,1.0,0.0,8.0415
SitFloor_lowKeypoints,45,Standing,Standing,True,1.0,0.0,7.2677
SitFloor_lowKeypoints,46,Standing,Standing,True,0.999,0.0,7.8768
SitFloor_lowKeypoints,47,Standing,Standing,True,1.0,0.0,7.4116
SitFloor_lowKeypoints,48,Standing,Standing,True,1.0,0.0,9.0488
SitFloor_lowKeypoints,49,Standing,Standing,True,1.0,0.0,8.3341
SitFloor_lowKeypoints,50,Standing,Standing,True,1.0,0.0,7.1427
SitFloor_lowKeypoints,51,Standing,Standing,True,1.0,0.0,6.6138
SitFloor_lowKeypoints,52,Standing,Standing,True,1.0,0.0,9.6263
SitFloor_lowKeypoints,53,Standing,Standing,True,0.999,0.0,7.5684
SitFloor_lowKeypoints,54,Standing,Standing,True,0.999,0.0,7.9565
SitFloor_lowKeypoints,55,Standing,Standing,True,0.999,0.0,7.752
SitFloor_lowKeypoints,56,Standing,Standing,True,0.998,0.0,8.0163
SitFloor_lowKeypoints,57,Standing,Standing,True,0.998,0.0,8.5879
SitFloor_lowKeypoints,58,,Standing,,0.998,0.0,8.4571
SitFloor_lowKeypoints,59,,Standing,,0.995,0.0,9.4428
SitFloor_lowKeypoints,60,,Standing,,0.993,0.0,7.3438
SitFloor_lowKeypoints,61,,Standing,,0.994,0.0,6.6413
SitFloor_lowKeypoints,62,,Standing,,0.996,0.0,6.3961
SitFloor_lowKeypoints,63,,Standing,,0.995,0.0,7.1502
SitFloor_lowKeypoints,64,,Standing,,0.997,0.0,7.8812
SitFloor_lowKeypoints,65,,Standing,,0.995,0.0,8.7715
SitFloor_lowKeypoints,66,,Standing,,0.997,0.0,7.1357
SitFloor_lowKeypoints,67,,Standing,,0.997,0.0,7.8423
SitFloor_lowKeypoints,68,,Standing,,0.997,0.0,8.1983
SitFloor_lowKeypoints,69,,Standing,,0.998,0.0,8.2915
SitFloor_lowKeypoints,70,,Standing,,0.997,0.0,8.2428
SitFloor_lowKeypoints,71,,Standing,,0.998,0.0,8.1656
SitFloor_lowKeypoints,72,,Standing,,0.998,0.0,8.0061
SitFloor_lowKeypoints,73,,Standing,,0.998,0.0,8.0534
SitFloor_lowKeypoints,74,,Standing,,0.998,0.0,7.264
SitFloor_lowKeypoints,75,,Standing,,0.998,0.0,9.2095
SitFloor_lowKeypoints,76,,Standing,,0.998,0.0,9.223
SitFloor_lowKeypoints,77,,Standing,,0.997,0.0,8.4142
SitFloor_lowKeypoints,78,,Standing,,0.995,0.0,8.0849
SitFloor_lowKeypoints,79,,Standing,,0.942,0.0,8.0554
SitFloor_lowKeypoints,80,,Standing,,0.873,0.0,9.7952
SitFloor_lowKeypoints,81,,Sitting,,0.444,0.0,10.3741
SitFloor_lowKeypoints,82,,Sitting,,0.709,0.0,8.2913
SitFloor_lowKeypoints,83,,Sitting,,0.648,0.0,9.2589
SitFloor_lowKeypoints,84,,Sitting,,0.766,0.0,8.1503
SitFloor_lowKeypoints,85,,Sitting,,0.903,0.0,7.7292
SitFloor_lowKeypoints,86,,Sitting,,0.881,0.0,8.0711
SitFloor_lowKeypoints,87,,Sitting,,0.961,0.0,7.6878
SitFloor_lowKeypoints,88,,Sitting,,0.968,0.0,7.8061
SitFloor_lowKeypoints,89,,Sitting,,0.966,0.0,11.8161
SitFloor_lowKeypoints,90,,Sitting,,0.963,0.0,16.9198
SitFloor_lowKeypoints,91,,Sitting,,0.975,0.0,11.6576
SitFloor_lowKeypoints,92,,Sitting,,0.968,0.0,9.6373
SitFloor_lowKeypoints,93,,Sitting,,0.983,0.0,8.2753
SitFloor_lowKeypoints,94,,Sitting,,0.959,0.0,8.0631
SitFloor_lowKeypoints,95,,Sitting,,0.986,0.0,7.7819
SitFloor_lowKeypoints,96,,Sitting,,0.907,0.0,8.3703
SitFloor_lowKeypoints,97,,Sitting,,0.913,0.0,9.1324
SitFloor_lowKeypoints,98,,Sitting,,0.877,0.0,9.2509
SitFloor_lowKeypoints,99,,Sitting,,0.69,0.0,9.4
SitFloor_lowKeypoints,100,,Sitting,,0.532,0.0,7.7406
SitFloor_lowKeypoints,101,,Sitting,,0.725,0.0,9.4163
SitFloor_lowKeypoints,102,,Lying,,0.574,0.0,10.3263
SitFloor_lowKeypoints,103,,Lying,,0.907,0.0,10.9882
SitFloor_lowKeypoints,104,,Lying,,0.858,0.0,9.091
SitFloor_lowKeypoints,105,,Lying,,0.691,0.0,8.6621
SitFloor_lowKeypoints,106,,Lying,,0.764,0.0,8.1587
SitFloor_lowKeypoints,107,,Lying,,0.662,0.0,8.7216
SitFloor_lowKeypoints,108,,Lying,,0.677,0.0,8.5083
SitFloor_lowKeypoints,109,,Lying,,0.535,0.0,11.8515
SitFloor_lowKeypoints,110,,Lying,,0.644,0.0,8.6516
SitFloor_lowKeypoints,111,,Sitting,,0.75,0.0,9.4351
SitFloor_lowKeypoints,112,,Sitting,,0.81,0.0,9.5779
SitFloor_lowKeypoints,113,,Sitting,,0.785,0.0,8.6666
SitFloor_lowKeypoints,114,,Sitting,,0.798,0.0,10.2488
SitFloor_lowKeypoints,115,,Sitting,,0.926,0.0,8.1863
SitFloor_lowKeypoints,116,,Sitting,,0.922,0.0,8.3209
SitFloor_lowKeypoints,117,Sitting,Sitting,True,0.965,0.0,8.8266
SitFloor_lowKeypoints,118,Sitting,Sitting,True,0.966,0.0,10.0352
SitFloor_lowKeypoints,119,Sitting,Sitting,True,0.936,0.0,8.4428
SitFloor_lowKeypoints,120,Sitting,Sitting,True,0.975,0.0,8.6446
SitFloor_lowKeypoints,121,Sitting,Sitting,True,0.882,0.0,10.266
SitFloor_lowKeypoints,122,Sitting,Sitting,True,0.937,0.0,9.5166
SitFloor_lowKeypoints,123,Sitting,Sitting,True,0.939,0.0,10.3379
SitFloor_lowKeypoints,124,Sitting,Sitting,True,0.984,0.0,8.0081
SitFloor_lowKeypoints,125,Sitting,Sitting,True,0.983,0.0,9.1837
SitFloor_lowKeypoints,126,Sitting,Sitting,True,0.985,0.0,8.9756
SitFloor_lowKeypoints,127,Sitting,Sitting,True,0.98,0.0,7.3741
SitFloor_lowKeypoints,128,Sitting,Sitting,True,0.994,0.0,6.9868
SitFloor_lowKeypoints,129,Sitting,Sitting,True,0.977,0.0,9.9075
SitFloor_lowKeypoints,130,Sitting,Sitting,True,0.979,0.0,8.6032
SitFloor_lowKeypoints,131,Sitting,Sitting,True,0.919,0.0,8.4548
SitFloor_lowKeypoints,132,Sitting,Sitting,True,0.991,0.0,7.2692
SitFloor_lowKeypoints,133,Sitting,Sitting,True,0.995,0.0,7.5345
SitFloor_lowKeypoints,134,Sitting,Sitting,True,0.995,0.0,12.3599
SitFloor_lowKeypoints,135,Sitting,Sitting,True,0.996,0.0,12.9443
SitFloor_lowKeypoints,136,Sitting,Sitting,True,0.995,0.0,9.5841
SitFloor_lowKeypoints,137,Sitting,Sitting,True,0.996,0.0,8.3535
SitFloor_lowKeypoints,138,Sitting,Sitting,True,0.997,0.0,6.8909
SitFloor_lowKeypoints,139,Sitting,Sitting,True,0.999,0.0,8.1147
SitFloor_lowKeypoints,140,Sitting,Sitting,True,0.999,0.0,7.4659
SitFloor_lowKeypoints,141,Sitting,Sitting,True,0.998,0.0,8.8069
SitFloor_lowKeypoints,142,Sitting,Sitting,True,0.999,0.0,10.01
SitFloor_lowKeypoints,143,Sitting,Sitting,True,0.998,0.0,9.5554
SitFloor_lowKeypoints,144,Sitting,Sitting,True,0.998,0.0,8.9888
SitFloor_lowKeypoints,145,Sitting,Sitting,True,0.998,0.0,9.313
SitFloor_lowKeypoints,146,Sitting,Sitting,True,0.999,0.0,9.0416
SitFloor_lowKeypoints,147,Sitting,Sitting,True,0.996,0.0,15.0145
SitFloor_lowKeypoints,148,Sitting,Sitting,True,0.997,0.0,10.8511
SitFloor_lowKeypoints,149,Sitting,Sitting,True,0.998,0.0,10.745
SitFloor_lowKeypoints,150,Sitting,Sitting,True,0.997,0.0,7.4346
SitFloor_lowKeypoints,151,Sitting,Sitting,True,0.997,0.0,10.7331
SitFloor_lowKeypoints,152,Sitting,Sitting,True,0.997,0.0,8.4701
SitFloor_lowKeypoints,153,Sitting,Sitting,True,0.997,0.0,21.0549
SitFloor_lowKeypoints,154,Sitting,Sitting,True,0.997,0.0,6.7348
SitFloor_lowKeypoints,155,Sitting,Sitting,True,0.998,0.0,8.2531
SitFloor_lowKeypoints,156,Sitting,Sitting,True,0.997,0.0,8.4228
SitFloor_lowKeypoints,157,Sitting,Sitting,True,0.997,0.0,8.9513
SitFloor_lowKeypoints,158,Sitting,Sitting,True,0.998,0.0,9.0989
SitFloor_lowKeypoints,159,Sitting,Sitting,True,0.997,0.0,8.2768
SitFloor_lowKeypoints,160,Sitting,Sitting,True,0.996,0.0,6.438
SitFloor_lowKeypoints,161,Sitting,Sitting,True,0.996,0.0,8.2093
SitFloor_lowKeypoints,162,Sitting,Sitting,True,0.997,0.0,8.3847
SitFloor_lowKeypoints,163,Sitting,Sitting,True,0.996,0.0,9.2067
SitFloor_lowKeypoints,164,Sitting,Sitting,True,0.996,0.0,8.4331
SitFloor_lowKeypoints,165,Sitting,Sitting,True,0.997,0.0,8.1679
SitFloor_lowKeypoints,166,Sitting,Sitting,True,0.998,0.0,8.2104
SitFloor_lowKeypoints,167,Sitting,Sitting,True,0.998,0.0,7.1156
SitFloor_lowKeypoints,168,Sitting,Sitting,True,0.997,0.0,7.0553
SitFloor_lowKeypoints,169,Sitting,Sitting,True,0.998,0.0,6.9192
SitFloor_lowKeypoints,170,Sitting,Sitting,True,0.998,0.0,5.9461
SitFloor_lowKeypoints,171,Sitting,Sitting,True,0.998,0.0,6.416
SitFloor_lowKeypoints,172,Sitting,Sitting,True,0.998,0.0,6.2516
SitFloor_lowKeypoints,173,Sitting,Sitting,True,0.998,0.0,5.4109
SitFloor_lowKeypoints,174,Sitting,Sitting,True,0.998,0.0,5.0844
SitFloor_lowKeypoints,175,Sitting,Sitting,True,0.997,0.0,5.6576
SitFloor_lowKeypoints,176,Sitting,Sitting,True,0.999,0.0,5.2379
SitFloor_lowKeypoints,177,Sitting,Sitting,True,0.999,0.0,5.1608
SitFloor_lowKeypoints,178,Sitting,Sitting,True,0.998,0.0,6.549
SitFloor_lowKeypoints,179,Sitting,Sitting,True,0.999,0.0,5.1129
SitFloor_lowKeypoints,180,Sitting,Sitting,True,0.999,0.0,5.1643
SitFloor_lowKeypoints,181,Sitting,Sitting,True,0.999,0.0,5.1363
SitFloor_lowKeypoints,182,Sitting,Sitting,True,0.999,0.0,4.7801
SitFloor_lowKeypoints,183,Sitting,Sitting,True,0.999,0.0,4.8065
SitFloor_lowKeypoints,184,Sitting,Sitting,True,0.999,0.0,7.2364
SitFloor_lowKeypoints,185,Sitting,Sitting,True,0.999,0.0,7.3034
SitFloor_lowKeypoints,186,Sitting,Sitting,True,0.999,0.0,6.522
SitFloor_lowKeypoints,187,Sitting,Sitting,True,0.998,0.0,7.0922
SitFloor_lowKeypoints,188,Sitting,Sitting,True,0.998,0.0,7.2448
SitFloor_lowKeypoints,189,Sitting,Sitting,True,0.998,0.0,7.0886
SitFloor_lowKeypoints,190,Sitting,Sitting,True,0.998,0.0,8.649
SitFloor_lowKeypoints,191,Sitting,Sitting,True,0.998,0.0,7.2463
SitFloor_lowKeypoints,192,Sitting,Sitting,True,0.998,0.0,6.8666
SitFloor_lowKeypoints,193,Sitting,Sitting,True,0.999,0.0,7.1363
SitFloor_lowKeypoints,194,Sitting,Sitting,True,0.998,0.0,7.0451
SitFloor_lowKeypoints,195,Sitting,Sitting,True,0.999,0.0,7.4534
SitFloor_lowKeypoints,196,Sitting,Sitting,True,0.997,0.0,6.882
SitFloor_lowKeypoints,197,Sitting,Sitting,True,0.998,0.0,5.8368
SitFloor_lowKeypoints,198,Sitting,Sitting,True,0.998,0.0,7.3971
SitFloor_lowKeypoints,199,Sitting,Sitting,True,0.998,0.0,7.584
SitFloor_lowKeypoints,200,Sitting,Sitting,True,0.998,0.0,7.1138
SitFloor_lowKeypoints,201,Sitting,Sitting,True,0.998,0.0,7.2541
SitFloor_lowKeypoints,202,Sitting,Sitting,True,0.998,0.0,6.8894
SitFloor_lowKeypoints,203,Sitting,Sitting,True,0.998,0.0,5.3693
SitFloor_lowKeypoints,204,,Sitting,,0.998,0.0,6.498
SitFloor_lowKeypoints,205,,Sitting,,0.998,0.0,6.9585
SitFloor_lowKeypoints,206,,Sitting,,0.998,0.0,7.0449
SitFloor_lowKeypoints,207,,Sitting,,0.999,0.0,6.9917
SitFloor_lowKeypoints,208,,Sitting,,0.998,0.0,6.9126
SitFloor_lowKeypoints,209,,Sitting,,0.997,0.0,5.789
SitFloor_lowKeypoints,210,,Sitting,,0.997,0.0,6.713
SitFloor_lowKeypoints,211,,Sitting,,0.997,0.0,7.5408
SitFloor_lowKeypoints,212,,Sitting,,0.996,0.0,5.1357
SitFloor_lowKeypoints,213,,Sitting,,0.997,0.0,6.6689
SitFloor_lowKeypoints,214,,Sitting,,0.997,0.0,6.4776
SitFloor_lowKeypoints,215,,Sitting,,0.997,0.0,4.6857
SitFloor_lowKeypoints,216,,Sitting,,0.997,0.0,6.7779
SitFloor_lowKeypoints,217,,Sitting,,0.997,0.0,5.4396
SitFloor_lowKeypoints,218,,Sitting,,0.998,0.0,6.7488
SitFloor_lowKeypoints,219,,Sitting,,0.998,0.0,7.2245
SitFloor_lowKeypoints,220,,Sitting,,0.998,0.0,6.8524
SitFloor_lowKeypoints,221,,Sitting,,0.997,0.0,7.1452
SitFloor_lowKeypoints,222,,Sitting,,0.998,0.0,5.0629
SitFloor_lowKeypoints,223,,Sitting,,0.999,0.0,7.0193
SitFloor_lowKeypoints,224,,Sitting,,0.998,0.0,8.322
SitFloor_lowKeypoints,225,,Sitting,,0.998,0.0,6.7322
SitFloor_lowKeypoints,226,,Sitting,,0.998,0.0,6.3985
SitFloor_lowKeypoints,227,,Sitting,,0.999,0.0,6.3139
SitFloor_lowKeypoints,228,,Sitting,,0.999,0.0,6.9233
SitFloor_lowKeypoints,229,,Sitting,,0.999,0.0,6.4802
SitFloor_lowKeypoints,230,,Sitting,,0.999,0.0,6.8049
SitFloor_lowKeypoints,231,,Sitting,,0.999,0.0,6.7564
SitFloor_lowKeypoints,232,,Sitting,,0.999,0.0,6.6817
SitFloor_lowKeypoints,233,,Sitting,,0.999,0.0,8.1597
SitFloor_lowKeypoints,234,,Sitting,,0.999,0.0,7.0781
SitFloor_lowKeypoints,235,,Sitting,,1.0,0.0,9.5626
SitFloor_lowKeypoints,236,,Sitting,,0.999,0.0,6.9445
SitFloor_lowKeypoints,237,,Sitting,,0.999,0.0,7.2291
SitFloor_lowKeypoints,238,,Sitting,,0.999,0.0,6.815
SitFloor_lowKeypoints,239,,Sitting,,0.998,0.0,6.1055
SitFloor_lowKeypoints,240,,Sitting,,0.999,0.0,6.654
SitFloor_lowKeypoints,241,,Sitting,,0.999,0.0,6.7748
SitFloor_lowKeypoints,242,,Sitting,,0.998,0.0,6.6619
SitFloor_lowKeypoints,243,,Sitting,,0.999,0.0,6.9685
SitFloor_lowKeypoints,244,,Sitting,,0.998,0.0,7.0822
SitFloor_lowKeypoints,245,,Sitting,,0.998,0.0,6.5873
SitFloor_lowKeypoints,246,,Sitting,,0.999,0.0,7.0992
SitFloor_lowKeypoints,247,,Sitting,,0.999,0.0,6.6758
SitFloor_lowKeypoints,248,,Sitting,,0.999,0.0,6.3728
SitFloor_lowKeypoints,249,,Sitting,,0.999,0.0,6.4351
SitFloor_lowKeypoints,250,,Sitting,,0.999,0.0,6.502
SitFloor_lowKeypoints,251,,Sitting,,0.999,0.0,6.6351
SitFloor_lowKeypoints,252,,Sitting,,0.999,0.0,6.5285
SitFloor_lowKeypoints,253,,Sitting,,0.999,0.0,7.7625
SitFloor_lowKeypoints,254,,Sitting,,0.997,0.0,6.6268
SitFloor_lowKeypoints,255,,Sitting,,0.998,0.0,6.5149
SitFloor_lowKeypoints,256,,Sitting,,0.993,0.0,7.0046
SitFloor_lowKeypoints,257,,Sitting,,0.995,0.0,6.724
SitFloor_lowKeypoints,258,,Sitting,,0.992,0.0,6.7065
SitFloor_lowKeypoints,259,,Sitting,,0.992,0.0,6.9035
SitFloor_lowKeypoints,260,,Sitting,,0.99,0.0,6.4822
SitFloor_lowKeypoints,261,,Sitting,,0.955,0.0,6.276
SitFloor_lowKeypoints,262,,Sitting,,0.966,0.0,6.4033
SitFloor_lowKeypoints,263,,Sitting,,0.981,0.0,6.285
SitFloor_lowKeypoints,264,,Sitting,,0.996,0.0,5.8326
SitFloor_lowKeypoints,265,,Sitting,,0.992,0.0,4.4071
SitFloor_lowKeypoints,266,,Sitting,,0.991,0.0,5.3869
SitFloor_lowKeypoints,267,,Sitting,,0.97,0.0,4.7283
SitFloor_lowKeypoints,268,,Sitting,,0.984,0.0,4.3942
SitFloor_lowKeypoints,269,,Sitting,,0.993,0.0,6.4582
SitFloor_lowKeypoints,270,,Sitting,,0.994,0.0,5.5566
SitFloor_lowKeypoints,271,,Sitting,,0.993,0.0,5.3893
SitFloor_lowKeypoints,272,,Sitting,,0.987,0.0,6.445
SitFloor_lowKeypoints,273,,Sitting,,0.988,0.0,5.3917
SitFloor_lowKeypoints,274,,Sitting,,0.988,0.0,6.4768
SitFloor_lowKeypoints,275,,Sitting,,0.994,0.0,6.6072
SitFloor_lowKeypoints,276,,Sitting,,0.995,0.0,6.4804
SitFloor_lowKeypoints,277,,Sitting,,0.996,0.0,6.226
SitFloor_lowKeypoints,278,,Sitting,,0.978,0.0,6.2382
SitFloor_lowKeypoints,279,,Sitting,,0.994,0.0,6.7128
SitFloor_lowKeypoints,280,,Sitting,,0.923,0.0,6.3268
SitFloor_lowKeypoints,281,,Sitting,,0.756,0.0,6.2254
SitFloor_lowKeypoints,282,,Sitting,,0.87,0.0,6.0129
SitFloor_lowKeypoints,283,,Sitting,,0.724,0.0,4.244
SitFloor_lowKeypoints,284,,Sitting,,0.733,0.0,6.3129
SitFloor_lowKeypoints,285,,Sitting,,0.698,0.0,6.3941
SitFloor_lowKeypoints,286,,Standing,,0.875,0.0,5.3273
SitFloor_lowKeypoints,287,,Standing,,0.917,0.0,6.4356
SitFloor_lowKeypoints,288,,Standing,,0.919,0.0,6.9613
SitFloor_lowKeypoints,289,,Standing,,0.945,0.0,6.6983
SitFloor_lowKeypoints,290,,Standing,,0.975,0.0,7.0029
SitFloor_lowKeypoints,291,,Standing,,0.984,0.0,6.6537
SitFloor_lowKeypoints,292,,Standing,,0.991,0.0,6.4762
SitFloor_lowKeypoints,293,,Standing,,0.986,0.0,6.5812
SitFloor_lowKeypoints,294,,Standing,,0.993,0.0,7.779
SitFloor_lowKeypoints,295,,Standing,,0.99,0.0,7.296
SitFloor_lowKeypoints,296,,Standing,,0.969,0.0,8.0465
SitFloor_lowKeypoints,297,,Standing,,0.979,0.0,8.8811
SitFloor_lowKeypoints,298,,Standing,,0.997,0.0,7.5035
SitFloor_lowKeypoints,299,,Standing,,0.995,0.0,6.2534
SitFloor_lowKeypoints,300,,Standing,,0.995,0.0,6.6859
SitFloor_lowKeypoints,301,,Standing,,0.994,0.0,8.5325
SitFloor_lowKeypoints,302,,Standing,,0.981,0.0,10.047
SitFloor_lowKeypoints,303,,Standing,,0.989,0.0,8.4076
SitFloor_lowKeypoints,304,,Standing,,0.993,0.0,9.2071
SitFloor_lowKeypoints,305,,Standing,,0.997,0.0,6.9687
SitFloor_lowKeypoints,306,,Standing,,0.992,0.0,7.5083
Sitting_HalfLandmarks,31,,Standing,,0.95,0.0,8.9806
Sitting_HalfLandmarks,32,,Standing,,0.973,0.0,8.3726
Sitting_HalfLandmarks,33,,Standing,,0.982,0.0,7.3322
Sitting_HalfLandmarks,34,,Standing,,0.963,0.0,5.668
Sitting_HalfLandmarks,35,,Standing,,0.972,0.0,7.6134
Sitting_HalfLandmarks,36,,Standing,,1.0,0.0,8.0082
Sitting_HalfLandmarks,37,,Standing,,1.0,0.0,7.6026
Sitting_HalfLandmarks,38,,Standing,,1.0,0.0,7.0076
Sitting_HalfLandmarks,39,,Standing,,1.0,0.0,7.6691
Sitting_HalfLandmarks,40,,Standing,,1.0,0.0,6.9815
Sitting_HalfLandmarks,41,,Standing,,0.999,0.0,7.6428
Sitting_HalfLandmarks,42,,Standing,,1.0,0.0,7.5307
Sitting_HalfLandmarks,43,,Standing,,1.0,0.0,7.9497
Sitting_HalfLandmarks,44,,Standing,,1.0,0.0,7.752
Sitting_HalfLandmarks,45,,Standing,,1.0,0.0,6.877
Sitting_HalfLandmarks,46,,Standing,,1.0,0.0,9.6549
Sitting_HalfLandmarks,47,,Standing,,1.0,0.0,8.8265
Sitting_HalfLandmarks,48,,Standing,,1.0,0.0,9.6983
Sitting_HalfLandmarks,49,,Standing,,0.999,0.0,8.0448
Sitting_HalfLandmarks,50,,Standing,,0.999,0.0,7.3181
Sitting_HalfLandmarks,51,,Standing,,0.999,0.0,14.1971
Sitting_HalfLandmarks,52,,Standing,,0.993,0.0,8.8967
Sitting_HalfLandmarks,53,,Standing,,0.988,0.0,12.0678
Sitting_HalfLandmarks,54,,Standing,,0.964,0.0,7.9415
Sitting_HalfLandmarks,55,,Standing,,0.989,0.0,10.1896
Sitting_HalfLandmarks,56,,Standing,,0.973,0.0,10.196
Sitting_HalfLandmarks,57,,Standing,,0.996,0.0,8.7385
Sitting_HalfLandmarks,58,,Standing,,0.998,0.0,10.8011
Sitting_HalfLandmarks,59,,Standing,,0.999,0.0,9.7301
Sitting_HalfLandmarks,60,,Standing,,0.998,0.0,7.0127
Sitting_HalfLandmarks,61,,Standing,,0.998,0.0,8.8272
Sitting_HalfLandmarks,62,,Standing,,0.998,0.0,9.7598
Sitting_HalfLandmarks,63,,Standing,,0.996,0.0,10.1634
Sitting_HalfLandmarks,64,,Standing,,0.997,0.0,9.2114
Sitting_HalfLandmarks,65,,Standing,,0.998,0.0,10.4904
Sitting_HalfLandmarks,66,,Standing,,0.993,0.0,10.4483
Sitting_HalfLandmarks,67,,Standing,,0.989,0.0,10.2241
Sitting_HalfLandmarks,68,,Standing,,0.986,0.0,7.8972
Sitting_HalfLandmarks,69,,Standing,,0.975,0.0,6.7971
Sitting_HalfLandmarks,70,,Standing,,0.984,0.0,6.5691
Sitting_HalfLandmarks,71,,Standing,,0.983,0.0,16.3769
Sitting_HalfLandmarks,72,,Standing,,0.977,0.0,8.3548
Sitting_HalfLandmarks,73,,Standing,,0.961,0.0,7.9052
Sitting_HalfLandmarks,74,,Standing,,0.948,0.0,9.1889
Sitting_HalfLandmarks,75,,Standing,,0.81,0.0,8.3376
Sitting_HalfLandmarks,76,,Standing,,0.809,0.0,7.4972
Sitting_HalfLandmarks,77,,Standing,,0.667,0.0,8.4758
Sitting_HalfLandmarks,78,,Standing,,0.695,0.0,8.1726
Sitting_HalfLandmarks,79,,Standing,,0.645,0.0,7.9037
Sitting_HalfLandmarks,80,,Standing,,0.909,0.0,7.8206
Sitting_HalfLandmarks,81,,Standing,,0.895,0.0,11.0322
Sitting_HalfLandmarks,82,,Standing,,0.883,0.0,11.1573
Sitting_HalfLandmarks,83,,Standing,,0.849,0.0,9.9063
Sitting_HalfLandmarks,84,,Standing,,0.841,0.0,12.0398
Sitting_HalfLandmarks,85,,Standing,,0.716,0.0,13.9725
Sitting_HalfLandmarks,86,,Standing,,0.524,0.0,10.7479
Sitting_HalfLandmarks,87,Sitting,Lying,False,0.488,0.0,12.3623
Sitting_HalfLandmarks,88,Sitting,Standing,False,0.397,0.0,10.5388
Sitting_HalfLandmarks,89,Sitting,Standing,False,0.705,0.0,9.0884
Sitting_HalfLandmarks,90,Sitting,Standing,False,0.46,0.0,9.986
Sitting_HalfLandmarks,91,Sitting,Standing,False,0.633,0.0,9.5529
Sitting_HalfLandmarks,92,Sitting,Standing,False,0.804,0.0,8.5071
Sitting_HalfLandmarks,93,Sitting,Standing,False,0.518,0.0,7.5857
Sitting_HalfLandmarks,94,Sitting,Standing,False,0.605,0.0,8.6625
Sitting_HalfLandmarks,95,Sitting,Lying,False,0.404,0.0,8.0989
Sitting_HalfLandmarks,96,Sitting,Standing,False,0.52,0.0,8.8529
Sitting_HalfLandmarks,97,Sitting,Standing,False,0.444,0.0,11.2098
Sitting_HalfLandmarks,98,Sitting,Standing,False,0.576,0.0,8.941
Sitting_HalfLandmarks,99,Sitting,Standing,False,0.607,0.0,11.001
Sitting_HalfLandmarks,100,Sitting,Standing,False,0.427,0.0,9.5639
Sitting_HalfLandmarks,101,Sitting,Standing,False,0.569,0.0,9.8225
Sitting_HalfLandmarks,102,Sitting,Standing,False,0.687,0.0,11.0565
Sitting_HalfLandmarks,103,Sitting,Standing,False,0.777,0.0,11.3595
Sitting_HalfLandmarks,104,Sitting,Standing,False,0.639,0.0,9.4419
Sitting_HalfLandmarks,105,Sitting,Standing,False,0.732,0.0,8.698
Sitting_HalfLandmarks,106,Sitting,Standing,False,0.902,0.0,10.5544
Sitting_HalfLandmarks,107,Sitting,Standing,False,0.869,0.0,9.0711
Sitting_HalfLandmarks,108,Sitting,Standing,False,0.916,0.0,7.5107
Sitting_HalfLandmarks,109,Sitting,Standing,False,0.947,0.0,8.2119
Sitting_HalfLandmarks,110,Sitting,Standing,False,0.977,0.0,8.6376
Sitting_HalfLandmarks,111,Sitting,Standing,False,0.98,0.0,8.3014
Sitting_HalfLandmarks,112,Sitting,Standing,False,0.99,0.0,8.5174
Sitting_HalfLandmarks,113,Sitting,Standing,False,0.933,0.0,7.7146
Sitting_HalfLandmarks,114,Sitting,Standing,False,0.924,0.0,5.7134
Sitting_HalfLandmarks,115,Sitting,Standing,False,0.849,0.0,8.3182
Sitting_HalfLandmarks,116,Sitting,Standing,False,0.756,0.0,9.1222
Sitting_HalfLandmarks,117,Sitting,Standing,False,0.816,0.0,9.9493
Sitting_HalfLandmarks,118,Sitting,Standing,False,0.821,0.0,10.5596
Sitting_HalfLandmarks,119,Sitting,Standing,False,0.834,0.0,10.2051
Sitting_HalfLandmarks,120,Sitting,Standing,False,0.706,0.0,12.7071
Sitting_HalfLandmarks,121,Sitting,Standing,False,0.85,0.0,9.1817
Sitting_HalfLandmarks,122,Sitting,Standing,False,0.795,0.0,9.0608
Sitting_HalfLandmarks,123,Sitting,Standing,False,0.839,0.0,10.143
Sitting_HalfLandmarks,124,Sitting,Standing,False,0.955,0.0,8.981
Sitting_HalfLandmarks,125,Sitting,Standing,False,0.788,0.0,7.9914
Sitting_HalfLandmarks,126,Sitting,Standing,False,0.967,0.0,8.8606
Sitting_HalfLandmarks,127,Sitting,Standing,False,0.962,0.0,8.9729
Sitting_HalfLandmarks,128,Sitting,Standing,False,0.986,0.0,9.8404
Sitting_HalfLandmarks,129,Sitting,Standing,False,0.968,0.0,8.87
Sitting_HalfLandmarks,130,Sitting,Standing,False,0.953,0.0,8.4239
Sitting_HalfLandmarks,131,Sitting,Standing,False,0.933,0.0,10.2051
Sitting_HalfLandmarks,132,Sitting,Standing,False,0.939,0.0,8.9614
Sitting_HalfLandmarks,133,Sitting,Standing,False,0.933,0.0,11.534
Sitting_HalfLandmarks,134,Sitting,Standing,False,0.968,0.0,9.5831
Sitting_HalfLandmarks,135,Sitting,Standing,False,0.953,0.0,7.5524
Sitting_HalfLandmarks,136,Sitting,Standing,False,0.982,0.0,8.2418
Sitting_HalfLandmarks,137,Sitting,Standing,False,0.989,0.0,9.2839
Sitting_HalfLandmarks,138,Sitting,Standing,False,0.984,0.0,9.1683
Sitting_HalfLandmarks,139,Sitting,Standing,False,0.977,0.0,10.1081
Sitting_HalfLandmarks,140,Sitting,Standing,False,0.898,0.0,10.5608
Sitting_HalfLandmarks,141,Sitting,Standing,False,0.971,0.0,8.8564
Sitting_HalfLandmarks,142,Sitting,Standing,False,0.972,0.0,11.3474
Sitting_HalfLandmarks,143,Sitting,Standing,False,0.964,0.0,12.8089
Sitting_HalfLandmarks,144,Sitting,Standing,False,0.97,0.0,8.9062
Sitting_HalfLandmarks,145,Sitting,Standing,False,0.974,0.0,9.2769
Sitting_HalfLandmarks,146,Sitting,Standing,False,0.976,0.0,9.6062
Sitting_HalfLandmarks,147,Sitting,Standing,False,0.971,0.0,7.9397
Sitting_HalfLandmarks,148,Sitting,Standing,False,0.98,0.0,8.9552
Sitting_HalfLandmarks,149,Sitting,Standing,False,0.974,0.0,8.6812
Sitting_HalfLandmarks,150,Sitting,Standing,False,0.98,0.0,8.9947
Sitting_HalfLandmarks,151,Sitting,Standing,False,0.985,0.0,9.3758
Sitting_HalfLandmarks,152,Sitting,Standing,False,0.981,0.0,9.0522
Sitting_HalfLandmarks,153,Sitting,Standing,False,0.981,0.0,10.5326
Sitting_HalfLandmarks,154,Sitting,Standing,False,0.987,0.0,14.2801
Sitting_HalfLandmarks,155,Sitting,Standing,False,0.991,0.0,16.0429
Sitting_HalfLandmarks,156,Sitting,Standing,False,0.993,0.0,15.4446
Sitting_HalfLandmarks,157,Sitting,Standing,False,0.995,0.0,11.0143
Sitting_HalfLandmarks,158,Sitting,Standing,False,0.995,0.0,13.7534
Sitting_HalfLandmarks,159,Sitting,Standing,False,0.993,0.0,12.3771
Sitting_HalfLandmarks,160,Sitting,Standing,False,0.993,0.0,9.309
Sitting_HalfLandmarks,161,Sitting,Standing,False,0.992,0.0,8.7554
Sitting_HalfLandmarks,162,Sitting,Standing,False,0.993,0.0,8.5883
Sitting_HalfLandmarks,163,Sitting,Standing,False,0.988,0.0,9.0135
Sitting_HalfLandmarks,164,Sitting,Standing,False,0.988,0.0,8.1681
Sitting_HalfLandmarks,165,Sitting,Standing,False,0.989,0.0,9.4468
Sitting_HalfLandmarks,166,Sitting,Standing,False,0.985,0.0,7.279
Sitting_HalfLandmarks,167,Sitting,Standing,False,0.99,0.0,8.2865
Sitting_HalfLandmarks,168,Sitting,Standing,False,0.989,0.0,9.4077
Sitting_HalfLandmarks,169,Sitting,Standing,False,0.992,0.0,9.5973
Sitting_HalfLandmarks,170,Sitting,Standing,False,0.992,0.0,10.2614
Sitting_HalfLandmarks,171,Sitting,Standing,False,0.987,0.0,10.1135
Sitting_HalfLandmarks,172,Sitting,Standing,False,0.991,0.0,10.8227
Sitting_HalfLandmarks,173,Sitting,Standing,False,0.989,0.0,10.0247
Sitting_HalfLandmarks,174,Sitting,Standing,False,0.988,0.0,11.6753
Sitting_HalfLandmarks,175,,Standing,,0.988,0.0,7.4915
Sitting_HalfLandmarks,176,,Standing,,0.986,0.0,9.7552
Sitting_HalfLandmarks,177,,Standing,,0.975,0.0,9.2025
Sitting_HalfLandmarks,178,,Standing,,0.972,0.0,10.8969
Sitting_HalfLandmarks,179,,Standing,,0.97,0.0,8.5707
Sitting_HalfLandmarks,180,,Standing,,0.961,0.0,8.4921
Sitting_HalfLandmarks,181,,Standing,,0.964,0.0,8.3463
Sitting_HalfLandmarks,182,,Standing,,0.966,0.0,8.0331
Sitting_HalfLandmarks,183,,Standing,,0.979,0.0,8.5822
Sitting_HalfLandmarks,184,,Standing,,0.978,0.0,8.2651
Sitting_HalfLandmarks,185,,Standing,,0.985,0.0,8.2888
Sitting_HalfLandmarks,186,,Standing,,0.989,0.0,8.41
Sitting_HalfLandmarks,187,,Standing,,0.99,0.0,7.2429
Sitting_HalfLandmarks,188,,Standing,,0.995,0.0,8.7356
Sitting_HalfLandmarks,189,,Standing,,0.995,0.0,8.2182
Sitting_HalfLandmarks,190,,Standing,,0.994,0.0,8.2539
Sitting_HalfLandmarks,191,,Standing,,0.995,0.0,7.8619
Sitting_HalfLandmarks,192,,Standing,,0.996,0.0,8.5257
Sitting_HalfLandmarks,193,,Standing,,0.996,0.0,7.5901
Sitting_HalfLandmarks,194,,Standing,,0.998,0.0,8.5311
Sitting_HalfLandmarks,195,,Standing,,0.993,0.0,8.2526
Sitting_HalfLandmarks,196,,Standing,,0.994,0.0,8.0795
Sitting_HalfLandmarks,197,,Standing,,0.993,0.0,8.0896
Sitting_HalfLandmarks,198,,Standing,,0.993,0.0,8.1704
Sitting_HalfLandmarks,199,,Standing,,0.993,0.0,9.9515
Sitting_HalfLandmarks,200,,Standing,,0.996,0.0,8.7554
Sitting_HalfLandmarks,201,,Standing,,0.996,0.0,7.6802
Sitting_HalfLandmarks,202,,Standing,,0.998,0.0,8.1653
Sitting_HalfLandmarks,203,,Standing,,0.997,0.0,5.919
Sitting_HalfLandmarks,204,,Standing,,0.995,0.0,5.2342
Sitting_HalfLandmarks,205,,Standing,,0.999,0.0,6.0816
Sitting_HalfLandmarks,206,,Standing,,0.998,0.0,7.6323
Sitting_HalfLandmarks,207,,Standing,,0.998,0.0,7.2902
Sitting_HalfLandmarks,208,,Standing,,0.996,0.0,5.4001
Sitting_HalfLandmarks,209,,Standing,,0.999,0.0,5.2289
Sitting_HalfLandmarks,210,,Standing,,0.999,0.0,6.4867
Sitting_HalfLandmarks,211,,Standing,,0.999,0.0,7.9574
Sitting_HalfLandmarks,212,,Standing,,0.998,0.0,8.6887
Sitting_HalfLandmarks,213,,Standing,,0.991,0.0,8.1563
Sitting_HalfLandmarks,214,,Standing,,0.996,0.0,7.7119
Sitting_HalfLandmarks,215,,Standing,,0.995,0.0,7.3726
Sitting_HalfLandmarks,216,,Standing,,0.997,0.0,7.1453
Sitting_HalfLandmarks,217,,Standing,,0.996,0.0,5.5336
Sitting_HalfLandmarks,218,,Standing,,0.996,0.0,5.3149
Sitting_HalfLandmarks,219,,Standing,,0.998,0.0,6.8494
Sitting_HalfLandmarks,220,,Standing,,0.999,0.0,7.8703
Sitting_HalfLandmarks,221,,Standing,,0.998,0.0,7.7202
Sitting_HalfLandmarks,222,,Standing,,0.999,0.0,7.9896
Sitting_HalfLandmarks,223,,Standing,,0.999,0.0,7.9011
Sitting_HalfLandmarks,224,,Standing,,0.999,0.0,7.6792
Sitting_Lying_FewLandmarks_back,31,,Sitting,,0.984,0.0,6.6498
Sitting_Lying_FewLandmarks_back,32,,Sitting,,0.943,0.0,8.1697
Sitting_Lying_FewLandmarks_back,33,,Sitting,,0.962,0.0,8.2194
Sitting_Lying_FewLandmarks_back,34,,Sitting,,0.982,0.0,7.7726
Sitting_Lying_FewLandmarks_back,35,,Sitting,,0.995,0.0,7.7067
Sitting_Lying_FewLandmarks_back,36,,Sitting,,0.982,0.0,7.9213
Sitting_Lying_FewLandmarks_back,37,,Sitting,,0.954,0.0,7.573
Sitting_Lying_FewLandmarks_back,38,,Sitting,,0.952,0.0,9.0073
Sitting_Lying_FewLandmarks_back,39,,Sitting,,0.976,0.0,7.8092
Sitting_Lying_FewLandmarks_back,40,,Sitting,,0.994,0.0,8.2508
Sitting_Lying_FewLandmarks_back,41,,Sitting,,0.996,0.0,8.5854
Sitting_Lying_FewLandmarks_back,42,,Sitting,,0.996,0.0,8.3908
Sitting_Lying_FewLandmarks_back,43,,Sitting,,0.996,0.0,8.9006
Sitting_Lying_FewLandmarks_back,44,,Sitting,,0.994,0.0,7.1889
Sitting_Lying_FewLandmarks_back,45,,Sitting,,0.993,0.0,7.523
Sitting_Lying_FewLandmarks_back,46,,Sitting,,0.996,0.0,7.4991
Sitting_Lying_FewLandmarks_back,47,Sitting,Sitting,True,0.997,0.0,8.0209
Sitting_Lying_FewLandmarks_back,48,Sitting,Sitting,True,0.997,0.0,7.9117
Sitting_Lying_FewLandmarks_back,49,Sitting,Sitting,True,0.996,0.0,7.4962
Sitting_Lying_FewLandmarks_back,50,Sitting,Sitting,True,0.995,0.0,7.2424
Sitting_Lying_FewLandmarks_back,51,Sitting,Sitting,True,0.997,0.0,5.0721
Sitting_Lying_FewLandmarks_back,52,Sitting,Sitting,True,0.996,0.0,5.6457
Sitting_Lying_FewLandmarks_back,53,Sitting,Sitting,True,0.993,0.0,7.6492
Sitting_Lying_FewLandmarks_back,54,Sitting,Sitting,True,0.995,0.0,7.7642
Sitting_Lying_FewLandmarks_back,55,Sitting,Sitting,True,0.985,0.0,7.4639
Sitting_Lying_FewLandmarks_back,56,Sitting,Sitting,True,0.994,0.0,7.7562
Sitting_Lying_FewLandmarks_back,57,Sitting,Sitting,True,0.996,0.0,7.5672
Sitting_Lying_FewLandmarks_back,58,Sitting,Sitting,True,0.993,0.0,7.3199
Sitting_Lying_FewLandmarks_back,59,Sitting,Sitting,True,0.994,0.0,5.1763
Sitting_Lying_FewLandmarks_back,60,Sitting,Sitting,True,0.993,0.0,5.1575
Sitting_Lying_FewLandmarks_back,61,Sitting,Sitting,True,0.996,0.0,5.1894
Sitting_Lying_FewLandmarks_back,62,Sitting,Sitting,True,0.996,0.0,5.0862
Sitting_Lying_FewLandmarks_back,63,Sitting,Sitting,True,0.997,0.0,5.2825
Sitting_Lying_FewLandmarks_back,64,Sitting,Sitting,True,0.992,0.0,7.9432
Sitting_Lying_FewLandmarks_back,65,Sitting,Sitting,True,0.995,0.0,6.9915
Sitting_Lying_FewLandmarks_back,66,Sitting,Sitting,True,0.996,0.0,7.9842
Sitting_Lying_FewLandmarks_back,67,Sitting,Sitting,True,0.995,0.0,6.605
Sitting_Lying_FewLandmarks_back,68,Sitting,Sitting,True,0.996,0.0,5.8363
Sitting_Lying_FewLandmarks_back,69,Sitting,Sitting,True,0.994,0.0,6.8431
Sitting_Lying_FewLandmarks_back,70,Sitting,Sitting,True,0.996,0.0,7.0799
Sitting_Lying_FewLandmarks_back,71,Sitting,Sitting,True,0.994,0.0,7.8316
Sitting_Lying_FewLandmarks_back,72,Sitting,Sitting,True,0.986,0.0,7.9714
Sitting_Lying_FewLandmarks_back,73,Sitting,Sitting,True,0.989,0.0,5.411
Sitting_Lying_FewLandmarks_back,74,Sitting,Sitting,True,0.989,0.0,5.1864
Sitting_Lying_FewLandmarks_back,75,Sitting,Sitting,True,0.98,0.0,5.9628
Sitting_Lying_FewLandmarks_back,76,Sitting,Sitting,True,0.984,0.0,5.3613
Sitting_Lying_FewLandmarks_back,77,Sitting,Sitting,True,0.991,0.0,5.158
Sitting_Lying_FewLandmarks_back,78,Sitting,Sitting,True,0.993,0.0,5.9192
Sitting_Lying_FewLandmarks_back,79,Sitting,Sitting,True,0.997,0.0,7.3426
Sitting_Lying_FewLandmarks_back,80,Sitting,Sitting,True,0.993,0.0,7.4575
Sitting_Lying_FewLandmarks_back,81,Sitting,Sitting,True,0.996,0.0,7.2839
Sitting_Lying_FewLandmarks_back,82,Sitting,Sitting,True,0.995,0.0,7.4072
Sitting_Lying_FewLandmarks_back,83,Sitting,Sitting,True,0.995,0.0,7.5191
Sitting_Lying_FewLandmarks_back,84,Sitting,Sitting,True,0.998,0.0,6.2253
Sitting_Lying_FewLandmarks_back,85,Sitting,Sitting,True,0.996,0.0,7.4432
Sitting_Lying_FewLandmarks_back,86,Sitting,Sitting,True,0.991,0.0,8.4663
Sitting_Lying_FewLandmarks_back,87,Sitting,Sitting,True,0.993,0.0,7.6493
Sitting_Lying_FewLandmarks_back,88,Sitting,Sitting,True,0.989,0.0,7.0226
Sitting_Lying_FewLandmarks_back,89,Sitting,Sitting,True,0.985,0.0,7.3896
Sitting_Lying_FewLandmarks_back,90,Sitting,Sitting,True,0.99,0.0,7.6308
Sitting_Lying_FewLandmarks_back,91,Sitting,Sitting,True,0.988,0.0,6.1748
Sitting_Lying_FewLandmarks_back,92,Sitting,Sitting,True,0.981,0.0,7.7725
Sitting_Lying_FewLandmarks_back,93,Sitting,Sitting,True,0.958,0.0,7.5116
Sitting_Lying_FewLandmarks_back,94,Sitting,Sitting,True,0.945,0.0,7.471
Sitting_Lying_FewLandmarks_back,95,Sitting,Sitting,True,0.934,0.0,7.2993
Sitting_Lying_FewLandmarks_back,96,Sitting,Sitting,True,0.906,0.0,7.3381
Sitting_Lying_FewLandmarks_back,97,Sitting,Sitting,True,0.96,0.0,7.328
Sitting_Lying_FewLandmarks_back,98,Sitting,Sitting,True,0.976,0.0,6.7951
Sitting_Lying_FewLandmarks_back,99,Sitting,Sitting,True,0.986,0.0,7.3997
Sitting_Lying_FewLandmarks_back,100,Sitting,Sitting,True,0.98,0.0,7.7876
Sitting_Lying_FewLandmarks_back,101,Sitting,Sitting,True,0.988,0.0,7.4594
Sitting_Lying_FewLandmarks_back,102,Sitting,Sitting,True,0.958,0.0,6.5618
Sitting_Lying_FewLandmarks_back,103,Sitting,Sitting,True,0.962,0.0,7.71
Sitting_Lying_FewLandmarks_back,104,Sitting,Sitting,True,0.994,0.0,7.8994
Sitting_Lying_FewLandmarks_back,105,Sitting,Sitting,True,0.993,0.0,9.1936
Sitting_Lying_FewLandmarks_back,106,Sitting,Sitting,True,0.969,0.0,7.7398
Sitting_Lying_FewLandmarks_back,107,Sitting,Sitting,True,0.993,0.0,7.5201
Sitting_Lying_FewLandmarks_back,108,Sitting,Sitting,True,0.994,0.0,8.6225
Sitting_Lying_FewLandmarks_back,109,Sitting,Sitting,True,0.993,0.0,8.0233
Sitting_Lying_FewLandmarks_back,110,Sitting,Sitting,True,0.984,0.0,5.6601
Sitting_Lying_FewLandmarks_back,111,Sitting,Sitting,True,0.989,0.0,6.4015
Sitting_Lying_FewLandmarks_back,112,Sitting,Sitting,True,0.976,0.0,6.922
Sitting_Lying_FewLandmarks_back,113,Sitting,Sitting,True,0.99,0.0,8.4984
Sitting_Lying_FewLandmarks_back,114,Sitting,Sitting,True,0.993,0.0,6.6315
Sitting_Lying_FewLandmarks_back,115,Sitting,Sitting,True,0.989,0.0,6.5952
Sitting_Lying_FewLandmarks_back,116,Sitting,Sitting,True,0.997,0.0,7.9848
Sitting_Lying_FewLandmarks_back,117,Sitting,Sitting,True,0.996,0.0,7.5191
Sitting_Lying_FewLandmarks_back,118,Sitting,Sitting,True,0.997,0.0,6.9567
Sitting_Lying_FewLandmarks_back,119,Sitting,Sitting,True,0.997,0.0,6.8662
Sitting_Lying_FewLandmarks_back,120,Sitting,Sitting,True,0.997,0.0,8.0737
Sitting_Lying_FewLandmarks_back,121,Sitting,Sitting,True,0.998,0.0,7.6835
Sitting_Lying_FewLandmarks_back,122,Sitting,Sitting,True,0.998,0.0,7.6669
Sitting_Lying_FewLandmarks_back,123,Sitting,Sitting,True,0.997,0.0,7.6383
Sitting_Lying_FewLandmarks_back,124,Sitting,Sitting,True,0.998,0.0,7.3739
Sitting_Lying_FewLandmarks_back,125,Sitting,Sitting,True,0.995,0.0,7.6152
Sitting_Lying_FewLandmarks_back,126,Sitting,Sitting,True,0.996,0.0,7.6075
Sitting_Lying_FewLandmarks_back,127,Sitting,Sitting,True,0.996,0.0,7.5411
Sitting_Lying_FewLandmarks_back,128,Sitting,Sitting,True,0.99,0.0,7.4672
Sitting_Lying_FewLandmarks_back,129,Sitting,Sitting,True,0.995,0.0,7.6356
Sitting_Lying_FewLandmarks_back,130,Sitting,Sitting,True,0.994,0.0,8.4388
Sitting_Lying_FewLandmarks_back,131,Sitting,Sitting,True,0.985,0.0,6.9244
Sitting_Lying_FewLandmarks_back,132,Sitting,Sitting,True,0.98,0.0,7.185
Sitting_Lying_FewLandmarks_back,133,Sitting,Sitting,True,0.993,0.0,7.6434
Sitting_Lying_FewLandmarks_back,134,Sitting,Sitting,True,0.982,0.0,7.687
Sitting_Lying_FewLandmarks_back,135,Sitting,Sitting,True,0.991,0.0,10.9805
Sitting_Lying_FewLandmarks_back,136,Sitting,Sitting,True,0.973,0.0,8.9822
Sitting_Lying_FewLandmarks_back,137,Sitting,Sitting,True,0.989,0.0,12.8465
Sitting_Lying_FewLandmarks_back,138,Sitting,Sitting,True,0.967,0.0,9.4657
Sitting_Lying_FewLandmarks_back,139,Sitting,Sitting,True,0.992,0.0,9.6465
Sitting_Lying_FewLandmarks_back,140,Sitting,Sitting,True,0.987,0.0,9.339
Sitting_Lying_FewLandmarks_back,141,Sitting,Sitting,True,0.979,0.0,7.8717
Sitting_Lying_FewLandmarks_back,142,Sitting,Sitting,True,0.981,0.0,10.6995
Sitting_Lying_FewLandmarks_back,143,Sitting,Sitting,True,0.982,0.0,11.6114
Sitting_Lying_FewLandmarks_back,144,Sitting,Sitting,True,0.968,0.0,8.0468
Sitting_Lying_FewLandmarks_back,145,Sitting,Sitting,True,0.983,0.0,7.7558
Sitting_Lying_FewLandmarks_back,146,Sitting,Sitting,True,0.975,0.0,10.961
Sitting_Lying_FewLandmarks_back,147,Sitting,Sitting,True,0.95,0.0,7.7838
Sitting_Lying_FewLandmarks_back,148,,Sitting,,0.95,0.0,8.8182
Sitting_Lying_FewLandmarks_back,149,,Sitting,,0.966,0.0,6.4212
Sitting_Lying_FewLandmarks_back,150,,Sitting,,0.964,0.0,9.1717
Sitting_Lying_FewLandmarks_back,151,,Sitting,,0.964,0.0,6.2876
Sitting_Lying_FewLandmarks_back,152,,Sitting,,0.962,0.0,7.9433
Sitting_Lying_FewLandmarks_back,153,,Sitting,,0.961,0.0,7.2073
Sitting_Lying_FewLandmarks_back,154,,Sitting,,0.953,0.0,7.8143
Sitting_Lying_FewLandmarks_back,155,,Sitting,,0.967,0.0,9.5319
Sitting_Lying_FewLandmarks_back,156,,Sitting,,0.959,0.0,8.6506
Sitting_Lying_FewLandmarks_back,157,,Sitting,,0.973,0.0,9.4498
Sitting_Lying_FewLandmarks_back,158,,Sitting,,0.954,0.0,7.7205
Sitting_Lying_FewLandmarks_back,159,,Sitting,,0.97,0.0,8.2913
Sitting_Lying_FewLandmarks_back,160,,Sitting,,0.965,0.0,7.9495
Sitting_Lying_FewLandmarks_back,161,,Sitting,,0.976,0.0,7.8252
Sitting_Lying_FewLandmarks_back,162,,Sitting,,0.942,0.0,7.6913
Sitting_Lying_FewLandmarks_back,163,,Sitting,,0.966,0.0,7.1454
Sitting_Lying_FewLandmarks_back,164,,Sitting,,0.982,0.0,8.2163
Sitting_Lying_FewLandmarks_back,165,,Sitting,,0.981,0.0,8.0777
Sitting_Lying_FewLandmarks_back,166,,Sitting,,0.98,0.0,7.4783
Sitting_Lying_FewLandmarks_back,167,,Sitting,,0.961,0.0,7.527
Sitting_Lying_FewLandmarks_back,168,,Sitting,,0.964,0.0,7.9788
Sitting_Lying_FewLandmarks_back,169,,Sitting,,0.971,0.0,6.7732
Sitting_Lying_FewLandmarks_back,170,,Sitting,,0.975,0.0,8.5191
Sitting_Lying_FewLandmarks_back,171,,Sitting,,0.964,0.0,6.2627
Sitting_Lying_FewLandmarks_back,172,,Sitting,,0.97,0.0,5.2799
Sitting_Lying_FewLandmarks_back,173,,Sitting,,0.971,0.0,6.6021
Sitting_Lying_FewLandmarks_back,174,,Sitting,,0.977,0.0,8.7136
Sitting_Lying_FewLandmarks_back,175,,Sitting,,0.958,0.0,9.1862
Sitting_Lying_FewLandmarks_back,176,,Sitting,,0.97,0.0,7.9847
Sitting_Lying_FewLandmarks_back,177,,Sitting,,0.961,0.0,7.9503
Sitting_Lying_FewLandmarks_back,178,,Sitting,,0.946,0.0,7.9201
Sitting_Lying_FewLandmarks_back,179,,Sitting,,0.975,0.0,7.8763
Sitting_Lying_FewLandmarks_back,180,,Sitting,,0.97,0.0,7.4121
Sitting_Lying_FewLandmarks_back,181,,Sitting,,0.957,0.0,7.386
Sitting_Lying_FewLandmarks_back,182,,Sitting,,0.959,0.0,7.2779
Sitting_Lying_FewLandmarks_back,183,,Sitting,,0.983,0.0,6.938
Sitting_Lying_FewLandmarks_back,184,,Sitting,,0.994,0.0,7.5292
Sitting_Lying_FewLandmarks_back,185,,Sitting,,0.99,0.0,6.6146
Sitting_Lying_FewLandmarks_back,186,,Sitting,,0.995,0.0,7.4398
Sitting_Lying_FewLandmarks_back,187,,Sitting,,0.987,0.0,7.7608
Sitting_Lying_FewLandmarks_back,188,,Sitting,,0.98,0.0,7.6014
Sitting_Lying_FewLandmarks_back,189,,Sitting,,0.993,0.0,8.4795
Sitting_Lying_FewLandmarks_back,190,,Sitting,,0.989,0.0,7.6914
Sitting_Lying_FewLandmarks_back,191,,Sitting,,0.985,0.0,7.5903
Sitting_Lying_FewLandmarks_back,192,,Sitting,,0.995,0.0,7.4426
Sitting_Lying_FewLandmarks_back,193,,Sitting,,0.987,0.0,7.4723
Sitting_Lying_FewLandmarks_back,194,,Sitting,,0.989,0.0,7.3973
Sitting_Lying_FewLandmarks_back,195,,Sitting,,0.997,0.0,7.0272
Sitting_Lying_FewLandmarks_back,196,,Sitting,,0.992,0.0,7.4842
Sitting_Lying_FewLandmarks_back,197,,Sitting,,0.992,0.0,8.0233
Sitting_Lying_FewLandmarks_back,198,,Sitting,,0.984,0.0,7.9493
Sitting_Lying_FewLandmarks_back,199,,Sitting,,0.987,0.0,6.7862
Sitting_Lying_FewLandmarks_back,200,,Sitting,,0.974,0.0,6.6682
Sitting_Lying_FewLandmarks_back,201,,Sitting,,0.962,0.0,7.2557
Sitting_Lying_FewLandmarks_back,202,,Sitting,,0.968,0.0,7.5616
Sitting_Lying_FewLandmarks_back,203,,Sitting,,0.963,0.0,7.0439
Sitting_Lying_FewLandmarks_back,204,,Sitting,,0.791,0.0,7.4005
Sitting_Lying_FewLandmarks_back,205,,Sitting,,0.95,0.0,7.6886
Sitting_Lying_FewLandmarks_back,206,,Sitting,,0.828,0.0,6.6674
Sitting_Lying_FewLandmarks_back,207,Lying,Sitting,False,0.917,0.0,7.8442
Sitting_Lying_FewLandmarks_back,208,Lying,Sitting,False,0.749,0.0,8.0016
Sitting_Lying_FewLandmarks_back,209,Lying,Sitting,False,0.628,0.0,6.9899
Sitting_Lying_FewLandmarks_back,210,Lying,Sitting,False,0.472,0.0,7.6235
Sitting_Lying_FewLandmarks_back,211,Lying,Sitting,False,0.588,0.0,6.6934
Sitting_Lying_FewLandmarks_back,212,Lying,Sitting,False,0.564,0.0,8.1967
Sitting_Lying_FewLandmarks_back,213,Lying,Sitting,False,0.634,0.0,8.2785
Sitting_Lying_FewLandmarks_back,214,Lying,Sitting,False,0.717,0.0,7.6447
Sitting_Lying_FewLandmarks_back,215,Lying,Sitting,False,0.656,0.0,9.866
Sitting_Lying_FewLandmarks_back,216,Lying,Sitting,False,0.566,0.0,11.4121
Sitting_Lying_FewLandmarks_back,217,Lying,Sitting,False,0.687,0.0,7.4504
Sitting_Lying_FewLandmarks_back,218,Lying,Sitting,False,0.768,0.0,7.4713
Sitting_Lying_FewLandmarks_back,219,Lying,Sitting,False,0.829,0.0,7.38
Sitting_Lying_FewLandmarks_back,220,Lying,Sitting,False,0.797,0.0,7.4862
Sitting_Lying_FewLandmarks_back,221,Lying,Sitting,False,0.749,0.0,7.3179
Sitting_Lying_FewLandmarks_back,222,Lying,Sitting,False,0.726,0.0,7.4209
Sitting_Lying_FewLandmarks_back,223,Lying,Sitting,False,0.741,0.0,7.6242
Sitting_Lying_FewLandmarks_back,224,Lying,Sitting,False,0.775,0.0,7.3646
Sitting_Lying_FewLandmarks_back,225,Lying,Sitting,False,0.564,0.0,7.5738
Sitting_Lying_FewLandmarks_back,226,Lying,Sitting,False,0.528,0.0,7.3643
Sitting_Lying_FewLandmarks_back,227,Lying,Sitting,False,0.518,0.0,7.7263
Sitting_Lying_FewLandmarks_back,228,Lying,Sitting,False,0.564,0.0,7.5682
Sitting_Lying_FewLandmarks_back,229,Lying,Sitting,False,0.519,0.0,8.7772
Sitting_Lying_FewLandmarks_back,230,Lying,Lying,True,0.668,0.0,8.7566
Sitting_Lying_FewLandmarks_back,231,Lying,Lying,True,0.638,0.0,6.6448
Sitting_Lying_FewLandmarks_back,232,Lying,Lying,True,0.655,0.0,7.9567
Sitting_Lying_FewLandmarks_back,233,Lying,Lying,True,0.666,0.0,6.1692
Sitting_Lying_FewLandmarks_back,234,Lying,Lying,True,0.68,0.0,6.7991
Sitting_Lying_FewLandmarks_back,235,Lying,Lying,True,0.786,0.0,5.3721
Sitting_Lying_FewLandmarks_back,236,Lying,Lying,True,0.881,0.0,5.1825
Sitting_Lying_FewLandmarks_back,237,Lying,Lying,True,0.888,0.0,5.3616
Sitting_Lying_FewLandmarks_back,238,Lying,Lying,True,0.881,0.0,7.9575
Sitting_Lying_FewLandmarks_back,239,Lying,Lying,True,0.934,0.0,9.1095
Sitting_Lying_FewLandmarks_back,240,Lying,Lying,True,0.922,0.0,7.5874
Sitting_Lying_FewLandmarks_back,241,Lying,Lying,True,0.94,0.0,6.8516
Sitting_Lying_FewLandmarks_back,242,Lying,Lying,True,0.844,0.0,7.2683
Sitting_Lying_FewLandmarks_back,243,Lying,Lying,True,0.836,0.0,7.904
Sitting_Lying_FewLandmarks_back,244,Lying,Lying,True,0.921,0.0,8.7025
Sitting_Lying_FewLandmarks_back,245,Lying,Lying,True,0.891,0.0,7.5782
Sitting_Lying_FewLandmarks_back,246,Lying,Lying,True,0.959,0.0,7.9267
Sitting_Lying_FewLandmarks_back,247,Lying,Lying,True,0.918,0.0,8.9713
Sitting_Lying_FewLandmarks_back,248,Lying,Lying,True,0.912,0.0,8.0393
Sitting_Lying_FewLandmarks_back,249,Lying,Lying,True,0.918,0.0,6.3846
Sitting_Lying_FewLandmarks_back,250,Lying,Lying,True,0.867,0.0,7.8506
Sitting_Lying_FewLandmarks_back,251,Lying,Lying,True,0.958,0.0,7.6056
Sitting_Lying_FewLandmarks_back,252,Lying,Lying,True,0.962,0.0,7.5594
Sitting_Lying_FewLandmarks_back,253,Lying,Lying,True,0.931,0.0,7.5783
Sitting_Lying_FewLandmarks_back,254,Lying,Lying,True,0.933,0.0,7.8651
Sitting_Lying_FewLandmarks_back,255,Lying,Lying,True,0.925,0.0,8.4032
Sitting_Lying_FewLandmarks_back,256,Lying,Lying,True,0.911,0.0,8.4393
Sitting_Lying_FewLandmarks_back,257,Lying,Lying,True,0.94,0.0,8.2364
Sitting_Lying_FewLandmarks_back,258,Lying,Lying,True,0.954,0.0,10.5784
Sitting_Lying_FewLandmarks_back,259,Lying,Lying,True,0.903,0.0,10.1591
Sitting_Lying_FewLandmarks_back,260,Lying,Lying,True,0.878,0.0,8.3987
Sitting_Lying_FewLandmarks_back,261,Lying,Lying,True,0.86,0.0,8.219
Sitting_Lying_FewLandmarks_back,262,Lying,Lying,True,0.908,0.0,9.09
Sitting_Lying_FewLandmarks_back,263,Lying,Lying,True,0.933,0.0,7.9722
Sitting_Lying_FewLandmarks_back,264,Lying,Lying,True,0.877,0.0,8.5673
Sitting_Lying_FewLandmarks_back,265,Lying,Lying,True,0.884,0.0,9.0227
Sitting_Lying_FewLandmarks_back,266,Lying,Lying,True,0.863,0.0,15.2637
Sitting_Lying_FewLandmarks_back,267,Lying,Lying,True,0.934,0.0,21.0925
Sitting_Lying_FewLandmarks_back,268,Lying,Lying,True,0.885,0.0,22.1808
Sitting_Lying_FewLandmarks_back,269,Lying,Lying,True,0.908,0.0,17.3249
Sitting_Lying_FewLandmarks_back,270,Lying,Lying,True,0.895,0.0,18.7488
Sitting_Lying_FewLandmarks_back,271,Lying,Lying,True,0.952,0.0,19.3207
Sitting_Lying_FewLandmarks_back,272,Lying,Lying,True,0.95,0.0,18.6491
Sitting_Lying_FewLandmarks_back,273,Lying,Lying,True,0.959,0.0,19.5608
Sitting_Lying_FewLandmarks_back,274,Lying,Lying,True,0.937,0.0,15.3072
Sitting_Lying_FewLandmarks_back,275,Lying,Lying,True,0.917,0.0,14.0387
Sitting_Lying_FewLandmarks_back,276,Lying,Lying,True,0.931,0.0,24.0484
Sitting_Lying_FewLandmarks_back,277,Lying,Lying,True,0.915,0.0,11.0121
Sitting_Lying_FewLandmarks_back,278,Lying,Lying,True,0.901,0.0,9.7089
Sitting_Lying_FewLandmarks_back,279,Lying,Lying,True,0.903,0.0,10.0388
Sitting_Lying_FewLandmarks_back,280,Lying,Lying,True,0.95,0.0,9.1286
Sitting_Lying_FewLandmarks_back,281,Lying,Lying,True,0.928,0.0,8.4321
Sitting_Lying_FewLandmarks_back,282,Lying,Lying,True,0.907,0.0,8.4502
Sitting_Lying_FewLandmarks_back,283,Lying,Lying,True,0.933,0.0,8.3891
Sitting_Lying_FewLandmarks_back,284,Lying,Lying,True,0.916,0.0,7.5889
Sitting_Lying_FewLandmarks_back,285,Lying,Lying,True,0.906,0.0,8.7313
Sitting_Lying_FewLandmarks_back,286,Lying,Lying,True,0.879,0.0,8.8041
Sitting_Lying_FewLandmarks_back,287,Lying,Lying,True,0.909,0.0,8.5874
Sitting_Lying_FewLandmarks_back,288,Lying,Lying,True,0.952,0.0,8.1785
Sitting_Lying_FewLandmarks_back,289,Lying,Lying,True,0.911,0.0,7.3901
Sitting_Lying_FewLandmarks_back,290,Lying,Lying,True,0.912,0.0,8.0399
Sitting_Lying_FewLandmarks_back,291,Lying,Lying,True,0.946,0.0,9.516
Sitting_Lying_FewLandmarks_back,292,Lying,Lying,True,0.916,0.0,8.2063
Sitting_Lying_FewLandmarks_back,293,Lying,Lying,True,0.918,0.0,7.7832
Sitting_Lying_FewLandmarks_back,294,Lying,Lying,True,0.925,0.0,8.0456
Sitting_Lying_FewLandmarks_back,295,Lying,Lying,True,0.932,0.0,7.3989
Sitting_Lying_FewLandmarks_back,296,Lying,Lying,True,0.937,0.0,8.0356
Sitting_Lying_FewLandmarks_back,297,Lying,Lying,True,0.931,0.0,7.8847
Sitting_Lying_FewLandmarks_back,298,Lying,Lying,True,0.893,0.0,7.1686
Sitting_Lying_FewLandmarks_back,299,Lying,Lying,True,0.893,0.0,7.7744
Sitting_Lying_FewLandmarks_back,300,Lying,Lying,True,0.94,0.0,7.4108
Sitting_Lying_FewLandmarks_back,301,Lying,Lying,True,0.911,0.0,5.2177
Sitting_Lying_FewLandmarks_back,302,Lying,Lying,True,0.925,0.0,6.9349
Sitting_Lying_FewLandmarks_back,303,Lying,Lying,True,0.87,0.0,7.7555
Sitting_Lying_FewLandmarks_back,304,Lying,Lying,True,0.884,0.0,7.9009
Sitting_Lying_FewLandmarks_back,305,Lying,Lying,True,0.929,0.0,7.7481
Sitting_Lying_FewLandmarks_back,306,Lying,Lying,True,0.923,0.0,6.5843
Sitting_Lying_FewLandmarks_back,307,Lying,Lying,True,0.912,0.0,5.2912
Sitting_Lying_FewLandmarks_back,308,Lying,Lying,True,0.927,0.0,6.2273
Sitting_Lying_FewLandmarks_back,309,Lying,Lying,True,0.934,0.0,7.699
Sitting_Lying_FewLandmarks_back,310,Lying,Lying,True,0.909,0.0,7.7641
Sitting_Lying_FewLandmarks_back,311,Lying,Lying,True,0.906,0.0,7.7193
Sitting_Lying_FewLandmarks_back,312,Lying,Lying,True,0.912,0.0,7.6779
Sitting_Lying_FewLandmarks_back,313,Lying,Lying,True,0.919,0.0,7.6597
Sitting_Lying_FewLandmarks_back,314,Lying,Lying,True,0.913,0.0,7.6949
Sitting_Lying_FewLandmarks_back,315,Lying,Lying,True,0.874,0.0,7.8512
Sitting_Lying_FewLandmarks_back,316,Lying,Lying,True,0.904,0.0,7.4181
Sitting_Lying_FewLandmarks_back,317,Lying,Lying,True,0.895,0.0,6.5518
Sitting_Lying_FewLandmarks_back,318,Lying,Lying,True,0.937,0.0,8.0993
Sitting_Lying_FewLandmarks_back,319,Lying,Lying,True,0.882,0.0,7.4168
Sitting_Lying_FewLandmarks_back,320,Lying,Lying,True,0.872,0.0,8.1495
Sitting_Lying_FewLandmarks_back,321,Lying,Lying,True,0.913,0.0,8.0791
Sitting_Lying_FewLandmarks_back,322,Lying,Lying,True,0.889,0.0,8.2558
Sitting_Lying_FewLandmarks_back,323,Lying,Lying,True,0.9,0.0,7.9656
Sitting_Lying_FewLandmarks_back,324,Lying,Lying,True,0.906,0.0,9.0414
Sitting_Lying_FewLandmarks_back,325,Lying,Lying,True,0.908,0.0,10.02
Sitting_Lying_FewLandmarks_back,326,,Lying,,0.854,0.0,8.5532
Sitting_Lying_FewLandmarks_back,327,,Lying,,0.895,0.0,7.2493
Sitting_Lying_FewLandmarks_back,328,,Lying,,0.903,0.0,6.7371
Sitting_Lying_FewLandmarks_back,329,,Lying,,0.924,0.0,7.5314
Sitting_Lying_FewLandmarks_back,330,,Lying,,0.908,0.0,8.1505
Sitting_Lying_FewLandmarks_back,331,,Lying,,0.931,0.0,7.6274
Sitting_Lying_FewLandmarks_back,332,,Lying,,0.911,0.0,5.6098
Sitting_Lying_FewLandmarks_back,333,,Lying,,0.957,0.0,5.507
Sitting_Lying_FewLandmarks_back,334,,Lying,,0.921,0.0,7.3506
Sitting_Lying_FewLandmarks_back,335,,Lying,,0.931,0.0,8.5312
Sitting_Lying_FewLandmarks_back,336,,Lying,,0.941,0.0,7.4449
Sitting_Lying_FewLandmarks_back,337,,Lying,,0.923,0.0,8.1634
Sitting_Lying_FewLandmarks_back,338,,Lying,,0.913,0.0,8.7372
Sitting_Lying_FewLandmarks_back,339,,Lying,,0.902,0.0,8.6795
Sitting_Lying_FewLandmarks_back,340,,Lying,,0.92,0.0,8.3854
Sitting_Lying_FewLandmarks_back,341,,Lying,,0.952,0.0,6.8968
Sitting_Lying_FewLandmarks_back,342,,Lying,,0.863,0.0,12.5353
Sitting_Lying_FewLandmarks_back,343,,Lying,,0.931,0.0,9.2701
Sitting_Lying_FewLandmarks_back,344,,Lying,,0.886,0.0,8.8535
Sitting_Lying_FewLandmarks_back,345,,Lying,,0.877,0.0,7.1411
Sitting_Lying_FewLandmarks_back,346,,Lying,,0.89,0.0,8.6429
Sitting_Lying_FewLandmarks_back,347,,Lying,,0.949,0.0,10.7685
Sitting_Lying_FewLandmarks_back,348,,Lying,,0.897,0.0,10.6676
Sitting_Lying_FewLandmarks_back,349,,Lying,,0.881,0.0,9.8241
Sitting_Lying_FewLandmarks_back,350,,Lying,,0.747,0.0,9.835
Sitting_Lying_FewLandmarks_back,351,,Lying,,0.593,0.0,9.639
Sitting_Lying_FewLandmarks_back,352,,Lying,,0.702,0.0,8.4178
Sitting_Lying_FewLandmarks_back,353,,Lying,,0.557,0.0,8.2434
Sitting_Lying_FewLandmarks_back,354,,Lying,,0.451,0.0,10.1545
Sitting_Lying_FewLandmarks_back,355,,Lying,,0.665,0.0,12.1727
Sitting_Lying_FewLandmarks_back,356,,Lying,,0.468,0.0,8.6554
Sitting_Lying_FewLandmarks_back,357,,Lying,,0.453,0.0,7.2617
Sitting_Lying_FewLandmarks_back,358,,Sitting,,0.536,0.0,8.53
Sitting_Lying_FewLandmarks_back,359,,Sitting,,0.583,0.0,6.2159
Sitting_Lying_FewLandmarks_back,360,,Lying,,0.472,0.0,8.4271
Sitting_Lying_FewLandmarks_back,361,,Lying,,0.633,0.0,9.8783
Sitting_Lying_FewLandmarks_back,362,,Lying,,0.644,0.0,10.9615
Sitting_Lying_FewLandmarks_back,363,,Lying,,0.554,0.0,9.805
Sitting_Lying_FewLandmarks_back,364,,Lying,,0.473,0.0,9.1179
Sitting_Lying_FewLandmarks_back,365,,Lying,,0.369,0.0,9.9335
Sitting_Lying_FewLandmarks_back,366,,Lying,,0.38,0.0,8.0765
Sitting_Lying_FewLandmarks_back,367,,Lying,,0.399,0.0,7.874
Sitting_Lying_FewLandmarks_back,368,,Lying,,0.38,0.0,8.4851
Sitting_Lying_FewLandmarks_back,369,,Standing,,0.617,0.0,7.1789
Sitting_Lying_FewLandmarks_back,370,,Standing,,0.69,0.0,8.1001
Sitting_Lying_FewLandmarks_back,371,,Standing,,0.736,0.0,10.8076
Sitting_Lying_FewLandmarks_back,372,,Standing,,0.71,0.0,25.2012
Sitting_Lying_FewLandmarks_back,373,,Standing,,0.609,0.0,8.636
Sitting_Lying_FewLandmarks_back,374,,Standing,,0.8,0.0,9.7438
Sitting_Lying_FewLandmarks_back,375,,Standing,,0.517,0.0,10.7212
Sitting_Lying_FewLandmarks_back,376,,Standing,,0.617,0.0,9.5359
Sitting_Lying_FewLandmarks_back,377,,Standing,,0.637,0.0,9.779
Sitting_Lying_FewLandmarks_back,378,,Standing,,0.685,0.0,10.2091
Sitting_Lying_FewLandmarks_back,379,,Standing,,0.812,0.0,10.0681
Sitting_Lying_FewLandmarks_back,380,,Standing,,0.694,0.0,8.4964
Sitting_Lying_FewLandmarks_back,381,,Standing,,0.567,0.0,8.3346
Sitting_Lying_FewLandmarks_back,382,,Standing,,0.665,0.0,8.1227
Sitting_Lying_FewLandmarks_back,383,,Standing,,0.644,0.0,10.1221
Sitting_Lying_FewLandmarks_back,384,,Standing,,0.545,0.0,10.3898
Sitting_Lying_FewLandmarks_back,385,,Sitting,,0.617,0.0,11.1507
Sitting_Lying_FewLandmarks_back,386,,Sitting,,0.899,0.0,21.4042
Sitting_Lying_FewLandmarks_back,387,,Sitting,,0.879,0.0,20.8633
Sitting_Lying_FewLandmarks_back,388,,Sitting,,0.885,0.0,17.7225
Sitting_Lying_FewLandmarks_back,389,,Sitting,,0.846,0.0,11.9239
Sitting_Lying_FewLandmarks_back,390,,Sitting,,0.902,0.0,9.2104
Sitting_Lying_FewLandmarks_back,391,,Sitting,,0.921,0.0,12.9631
Sitting_Lying_FewLandmarks_back,392,,Sitting,,0.903,0.0,10.0023
Sitting_Lying_FewLandmarks_back,393,,Sitting,,0.923,0.0,11.0982
Sitting_Lying_FewLandmarks_back,394,,Sitting,,0.903,0.0,9.6864
Sitting_Lying_FewLandmarks_back,395,,Sitting,,0.952,0.0,8.9222
Sitting_Lying_FewLandmarks_back,396,,Sitting,,0.956,0.0,10.6563
Sitting_Lying_FewLandmarks_back,397,,Sitting,,0.936,0.0,10.7675
Sitting_Lying_FewLandmarks_back,398,,Sitting,,0.855,0.0,10.1453
Sitting_Lying_FewLandmarks_back,399,,Sitting,,0.938,0.0,10.085
Sitting_Lying_FewLandmarks_back,400,,Sitting,,0.946,0.0,19.5778
Sitting_Lying_FewLandmarks_back,401,,Sitting,,0.967,0.0,18.4675
Sitting_Lying_FewLandmarks_back,402,,Sitting,,0.962,0.0,9.779
Sitting_Lying_FewLandmarks_back,403,,Sitting,,0.952,0.0,12.8
Sitting_Lying_FewLandmarks_back,404,,Sitting,,0.922,0.0,10.1709
Sitting_Lying_FewLandmarks_back,405,,Sitting,,0.906,0.0,10.0376
Sitting_Lying_FewLandmarks_back,406,,Sitting,,0.914,0.0,14.5127
Sitting_Lying_FewLandmarks_back,407,,Sitting,,0.962,0.0,11.3598
Sitting_Lying_FewLandmarks_back,408,,Sitting,,0.952,0.0,10.3636
Sitting_Lying_FewLandmarks_back,409,,Sitting,,0.979,0.0,9.3593
Sitting_Lying_FewLandmarks_back,410,,Sitting,,0.99,0.0,10.0188
Sitting_Lying_FewLandmarks_back,411,,Sitting,,0.986,0.0,11.0391
Sitting_Lying_FewLandmarks_back,412,,Sitting,,0.989,0.0,9.7408
Sitting_Lying_FewLandmarks_back,413,,Sitting,,0.983,0.0,9.7217
Sitting_Lying_FewLandmarks_back,414,,Sitting,,0.985,0.0,11.2316
Sitting_Lying_FewLandmarks_back,415,Sitting,Sitting,True,0.978,0.0,14.8083
Sitting_Lying_FewLandmarks_back,416,Sitting,Sitting,True,0.993,0.0,9.2322
Sitting_Lying_FewLandmarks_back,417,Sitting,Sitting,True,0.987,0.0,9.668
Sitting_Lying_FewLandmarks_back,418,Sitting,Sitting,True,0.987,0.0,10.5354
Sitting_Lying_FewLandmarks_back,419,Sitting,Sitting,True,0.986,0.0,11.0524
Sitting_Lying_FewLandmarks_back,420,Sitting,Sitting,True,0.989,0.0,10.1234
Sitting_Lying_FewLandmarks_back,421,Sitting,Sitting,True,0.986,0.0,9.727
Sitting_Lying_FewLandmarks_back,422,Sitting,Sitting,True,0.984,0.0,9.216
Sitting_Lying_FewLandmarks_back,423,Sitting,Sitting,True,0.975,0.0,11.9905
Sitting_Lying_FewLandmarks_back,424,Sitting,Sitting,True,0.961,0.0,11.0072
Sitting_Lying_FewLandmarks_back,425,Sitting,Sitting,True,0.988,0.0,8.8544
Sitting_Lying_FewLandmarks_back,426,Sitting,Sitting,True,0.993,0.0,7.6347
Sitting_Lying_FewLandmarks_back,427,Sitting,Sitting,True,0.992,0.0,11.9355
Sitting_Lying_FewLandmarks_back,428,Sitting,Sitting,True,0.992,0.0,11.0034
Sitting_Lying_FewLandmarks_back,429,Sitting,Sitting,True,0.994,0.0,10.4363
Sitting_Lying_FewLandmarks_back,430,Sitting,Sitting,True,0.982,0.0,10.3963
Sitting_Lying_FewLandmarks_back,431,Sitting,Sitting,True,0.991,0.0,11.3518
Sitting_Lying_FewLandmarks_back,432,Sitting,Sitting,True,0.991,0.0,9.3231
Sitting_Lying_FewLandmarks_back,433,Sitting,Sitting,True,0.993,0.0,14.9111
Sitting_Lying_FewLandmarks_back,434,Sitting,Sitting,True,0.988,0.0,9.4518
Sitting_Lying_FewLandmarks_back,435,Sitting,Sitting,True,0.995,0.0,9.0238
Sitting_Lying_FewLandmarks_back,436,Sitting,Sitting,True,0.986,0.0,8.7441
Sitting_Lying_FewLandmarks_back,437,Sitting,Sitting,True,0.993,0.0,9.7934
Sitting_Lying_FewLandmarks_back,438,Sitting,Sitting,True,0.995,0.0,11.9449
Sitting_Lying_FewLandmarks_back,439,Sitting,Sitting,True,0.982,0.0,8.5599
Sitting_Lying_FewLandmarks_back,440,Sitting,Sitting,True,0.984,0.0,12.1074
Sitting_Lying_FewLandmarks_back,441,Sitting,Sitting,True,0.985,0.0,10.9666
Sitting_Lying_FewLandmarks_back,442,Sitting,Sitting,True,0.978,0.0,10.3243
Sitting_Lying_FewLandmarks_back,443,Sitting,Sitting,True,0.987,0.0,12.5065
Sitting_Lying_FewLandmarks_back,444,Sitting,Sitting,True,0.977,0.0,10.2662
Sitting_Lying_FewLandmarks_back,445,Sitting,Sitting,True,0.986,0.0,6.6511
Sitting_Lying_FewLandmarks_back,446,Sitting,Sitting,True,0.977,0.0,8.7262
Sitting_Lying_FewLandmarks_back,447,Sitting,Sitting,True,0.989,0.0,9.2153
Sitting_Lying_FewLandmarks_back,448,Sitting,Sitting,True,0.995,0.0,11.0802
Sitting_Lying_FewLandmarks_back,449,Sitting,Sitting,True,0.985,0.0,15.8721
Sitting_Lying_FewLandmarks_back,450,Sitting,Sitting,True,0.985,0.0,10.2076
Sitting_Lying_FewLandmarks_back,451,Sitting,Sitting,True,0.986,0.0,11.6601
Sitting_Lying_FewLandmarks_back,452,Sitting,Sitting,True,0.984,0.0,10.1838
Sitting_Lying_FewLandmarks_back,453,Sitting,Sitting,True,0.969,0.0,9.9449
Sitting_Lying_FewLandmarks_back,454,Sitting,Sitting,True,0.977,0.0,11.4733
Sitting_Lying_FewLandmarks_back,455,Sitting,Sitting,True,0.966,0.0,13.2226
Sitting_Lying_FewLandmarks_back,456,Sitting,Sitting,True,0.968,0.0,10.9379
Sitting_Lying_FewLandmarks_back,457,Sitting,Sitting,True,0.977,0.0,14.3989
Sitting_Lying_FewLandmarks_back,458,Sitting,Sitting,True,0.973,0.0,11.9354
Sitting_Lying_FewLandmarks_back,459,,Sitting,,0.965,0.0,10.3364
Sitting_Lying_FewLandmarks_back,460,,Sitting,,0.991,0.0,10.7472
Sitting_Lying_FewLandmarks_back,461,,Sitting,,0.97,0.0,10.9214
Sitting_Lying_FewLandmarks_back,462,,Sitting,,0.96,0.0,8.7583
Sitting_Lying_FewLandmarks_back,463,,Sitting,,0.966,0.0,8.8159
Sitting_Lying_FewLandmarks_back,464,,Sitting,,0.994,0.0,9.5229
Sitting_Lying_FewLandmarks_back,465,,Sitting,,0.993,0.0,8.5774
Sitting_Lying_FewLandmarks_back,466,,Sitting,,0.991,0.0,8.884
Sitting_Lying_FewLandmarks_back,467,,Sitting,,0.995,0.0,8.7039
Sitting_Lying_FewLandmarks_back,468,,Sitting,,0.985,0.0,11.109
Sitting_Lying_FewLandmarks_back,469,,Sitting,,0.989,0.0,10.1001
Sitting_Lying_FewLandmarks_back,470,,Sitting,,0.992,0.0,15.3581
Sitting_Lying_FewLandmarks_back,471,,Sitting,,0.982,0.0,12.7943
Sitting_Lying_FewLandmarks_back,472,,Sitting,,0.986,0.0,13.5698
Sitting_Lying_FewLandmarks_back,473,,Sitting,,0.982,0.0,11.5119
Sitting_Lying_FewLandmarks_back,474,,Sitting,,0.991,0.0,9.0778
Sitting_Lying_FewLandmarks_back,475,,Sitting,,0.992,0.0,10.764
Sitting_Lying_FewLandmarks_back,476,,Sitting,,0.988,0.0,24.9489
Sitting_Lying_FewLandmarks_back,477,,Sitting,,0.996,0.0,26.3652
Sitting_Lying_FewLandmarks_back,478,,Sitting,,0.996,0.0,27.8594
Sitting_Lying_FewLandmarks_back,479,,Sitting,,0.995,0.0,11.7463
Sitting_Lying_FewLandmarks_back,480,,Sitting,,0.995,0.0,10.3136
Sitting_Lying_FewLandmarks_back,481,,Sitting,,0.994,0.0,10.9839
Sitting_Lying_FewLandmarks_back,482,,Sitting,,0.996,0.0,13.9674
Sitting_Lying_FewLandmarks_back,483,,Sitting,,0.994,0.0,12.7873
Sitting_Lying_FewLandmarks_back,484,,Sitting,,0.986,0.0,13.348
Sitting_Lying_FewLandmarks_back,485,,Sitting,,0.994,0.0,14.4041
Sitting_Lying_FewLandmarks_back,486,,Sitting,,0.992,0.0,11.4318
Sitting_Lying_FewLandmarks_back,487,,Sitting,,0.994,0.0,12.1206
Sitting_Lying_FewLandmarks_back,488,,Sitting,,0.961,0.0,8.6128
Sitting_Lying_FewLandmarks_back,489,,Sitting,,0.967,0.0,9.3067
Sitting_Lying_FewLandmarks,31,,Standing,,0.997,0.0,9.9935
Sitting_Lying_FewLandmarks,32,,Standing,,0.997,0.0,12.3824
Sitting_Lying_FewLandmarks,33,,Standing,,0.992,0.0,10.3817
Sitting_Lying_FewLandmarks,34,,Standing,,0.997,0.0,15.5675
Sitting_Lying_FewLandmarks,35,,Standing,,0.992,0.0,22.2989
Sitting_Lying_FewLandmarks,36,,Standing,,0.988,0.0,8.9888
Sitting_Lying_FewLandmarks,37,,Standing,,0.996,0.0,8.1818
Sitting_Lying_FewLandmarks,38,,Standing,,0.998,0.0,8.7618
Sitting_Lying_FewLandmarks,39,,Standing,,0.996,0.0,9.2965
Sitting_Lying_FewLandmarks,40,,Standing,,0.992,0.0,7.7657
Sitting_Lying_FewLandmarks,41,,Standing,,0.99,0.0,8.2722
Sitting_Lying_FewLandmarks,42,,Standing,,0.993,0.0,8.778
Sitting_Lying_FewLandmarks,43,,Standing,,0.993,0.0,8.1889
Sitting_Lying_FewLandmarks,44,,Standing,,0.993,0.0,8.2206
Sitting_Lying_FewLandmarks,45,,Standing,,0.994,0.0,7.512
Sitting_Lying_FewLandmarks,46,,Standing,,0.99,0.0,8.4573
Sitting_Lying_FewLandmarks,47,,Standing,,0.977,0.0,8.4272
Sitting_Lying_FewLandmarks,48,,Standing,,0.994,0.0,5.5417
Sitting_Lying_FewLandmarks,49,,Standing,,0.984,0.0,7.1464
Sitting_Lying_FewLandmarks,50,,Standing,,0.959,0.0,9.7957
Sitting_Lying_FewLandmarks,51,,Standing,,0.98,0.0,8.6728
Sitting_Lying_FewLandmarks,52,,Standing,,0.991,0.0,7.7973
Sitting_Lying_FewLandmarks,53,,Standing,,0.993,0.0,8.6964
Sitting_Lying_FewLandmarks,54,,Standing,,0.986,0.0,7.8585
Sitting_Lying_FewLandmarks,55,,Standing,,0.997,0.0,10.4366
Sitting_Lying_FewLandmarks,56,,Standing,,0.996,0.0,9.5718
Sitting_Lying_FewLandmarks,57,,Standing,,0.993,0.0,10.814
Sitting_Lying_FewLandmarks,58,,Standing,,0.989,0.0,8.7328
Sitting_Lying_FewLandmarks,59,Sitting,Standing,False,0.998,0.0,9.3802
Sitting_Lying_FewLandmarks,60,Sitting,Standing,False,0.999,0.0,9.5647
Sitting_Lying_FewLandmarks,61,Sitting,Standing,False,0.999,0.0,10.3946
Sitting_Lying_FewLandmarks,62,Sitting,Standing,False,0.999,0.0,9.3727
Sitting_Lying_FewLandmarks,63,Sitting,Standing,False,0.998,0.0,8.9751
Sitting_Lying_FewLandmarks,64,Sitting,Standing,False,0.999,0.0,8.6324
Sitting_Lying_FewLandmarks,65,Sitting,Standing,False,0.997,0.0,9.0327
Sitting_Lying_FewLandmarks,66,Sitting,Standing,False,0.997,0.0,10.7009
Sitting_Lying_FewLandmarks,67,Sitting,Standing,False,0.994,0.0,14.9685
Sitting_Lying_FewLandmarks,68,Sitting,Standing,False,0.987,0.0,15.5557
Sitting_Lying_FewLandmarks,69,Sitting,Standing,False,0.967,0.0,13.358
Sitting_Lying_FewLandmarks,70,Sitting,Standing,False,0.984,0.0,9.3966
Sitting_Lying_FewLandmarks,71,Sitting,Standing,False,0.981,0.0,10.3577
Sitting_Lying_FewLandmarks,72,Sitting,Standing,False,0.99,0.0,11.1402
Sitting_Lying_FewLandmarks,73,Sitting,Standing,False,0.992,0.0,14.5543
Sitting_Lying_FewLandmarks,74,Sitting,Standing,False,0.991,0.0,15.1508
Sitting_Lying_FewLandmarks,75,Sitting,Standing,False,0.995,0.0,15.2721
Sitting_Lying_FewLandmarks,76,Sitting,Standing,False,0.995,0.0,12.2779
Sitting_Lying_FewLandmarks,77,Sitting,Standing,False,0.994,0.0,11.9919
Sitting_Lying_FewLandmarks,78,Sitting,Standing,False,0.995,0.0,13.409
Sitting_Lying_FewLandmarks,79,Sitting,Standing,False,0.993,0.0,13.5621
Sitting_Lying_FewLandmarks,80,Sitting,Standing,False,0.996,0.0,20.9838
Sitting_Lying_FewLandmarks,81,Sitting,Standing,False,0.997,0.0,12.9992
Sitting_Lying_FewLandmarks,82,Sitting,Standing,False,0.959,0.0,13.3367
Sitting_Lying_FewLandmarks,83,Sitting,Standing,False,0.993,0.0,14.6595
Sitting_Lying_FewLandmarks,84,Sitting,Standing,False,0.984,0.0,72.1383
Sitting_Lying_FewLandmarks,85,Sitting,Standing,False,0.987,0.0,13.6705
Sitting_Lying_FewLandmarks,86,Sitting,Standing,False,0.983,0.0,26.7915
Sitting_Lying_FewLandmarks,87,Sitting,Standing,False,0.984,0.0,12.1871
Sitting_Lying_FewLandmarks,88,Sitting,Standing,False,0.965,0.0,11.4546
Sitting_Lying_FewLandmarks,89,Sitting,Standing,False,0.927,0.0,10.5834
Sitting_Lying_FewLandmarks,90,Sitting,Standing,False,0.933,0.0,9.3438
Sitting_Lying_FewLandmarks,91,Sitting,Standing,False,0.968,0.0,11.0104
Sitting_Lying_FewLandmarks,92,Sitting,Standing,False,0.953,0.0,11.1646
Sitting_Lying_FewLandmarks,93,Sitting,Standing,False,0.92,0.0,9.6379
Sitting_Lying_FewLandmarks,94,Sitting,Standing,False,0.861,0.0,11.5203
Sitting_Lying_FewLandmarks,95,Sitting,Standing,False,0.801,0.0,11.4505
Sitting_Lying_FewLandmarks,96,Sitting,Standing,False,0.817,0.0,10.6349
Sitting_Lying_FewLandmarks,97,Sitting,Standing,False,0.92,0.0,13.7921
Sitting_Lying_FewLandmarks,98,Sitting,Standing,False,0.885,0.0,12.6651
Sitting_Lying_FewLandmarks,99,Sitting,Standing,False,0.896,0.0,12.0167
Sitting_Lying_FewLandmarks,100,Sitting,Standing,False,0.777,0.0,13.8793
Sitting_Lying_FewLandmarks,101,Sitting,Standing,False,0.827,0.0,15.3829
Sitting_Lying_FewLandmarks,102,Sitting,Standing,False,0.812,0.0,12.8715
Sitting_Lying_FewLandmarks,103,Sitting,Standing,False,0.847,0.0,12.8649
Sitting_Lying_FewLandmarks,104,Sitting,Standing,False,0.839,0.0,11.6681
Sitting_Lying_FewLandmarks,105,Sitting,Standing,False,0.884,0.0,12.6885
Sitting_Lying_FewLandmarks,106,Sitting,Standing,False,0.767,0.0,12.5672
Sitting_Lying_FewLandmarks,107,Sitting,Standing,False,0.759,0.0,10.2428
Sitting_Lying_FewLandmarks,108,Sitting,Standing,False,0.662,0.0,9.0187
Sitting_Lying_FewLandmarks,109,Sitting,Standing,False,0.856,0.0,8.8148
Sitting_Lying_FewLandmarks,110,Sitting,Standing,False,0.79,0.0,8.9338
Sitting_Lying_FewLandmarks,111,Sitting,Standing,False,0.854,0.0,9.4546
Sitting_Lying_FewLandmarks,112,,Standing,,0.818,0.0,9.2182
Sitting_Lying_FewLandmarks,113,,Standing,,0.874,0.0,9.4993
Sitting_Lying_FewLandmarks,114,,Standing,,0.861,0.0,12.8113
Sitting_Lying_FewLandmarks,115,,Standing,,0.867,0.0,12.306
Sitting_Lying_FewLandmarks,116,,Standing,,0.893,0.0,7.5269
Sitting_Lying_FewLandmarks,117,,Standing,,0.868,0.0,9.2748
Sitting_Lying_FewLandmarks,118,,Standing,,0.942,0.0,9.8502
Sitting_Lying_FewLandmarks,119,,Standing,,0.894,0.0,10.8866
Sitting_Lying_FewLandmarks,120,,Standing,,0.928,0.0,11.4346
Sitting_Lying_FewLandmarks,121,,Standing,,0.867,0.0,11.7646
Sitting_Lying_FewLandmarks,122,,Standing,,0.864,0.0,9.9445
Sitting_Lying_FewLandmarks,123,,Standing,,0.848,0.0,9.7587
Sitting_Lying_FewLandmarks,124,,Standing,,0.862,0.0,11.854
Sitting_Lying_FewLandmarks,125,,Standing,,0.835,0.0,8.2526
Sitting_Lying_FewLandmarks,126,,Standing,,0.867,0.0,10.019
Sitting_Lying_FewLandmarks,127,,Standing,,0.911,0.0,11.026
Sitting_Lying_FewLandmarks,128,,Standing,,0.852,0.0,9.4562
Sitting_Lying_FewLandmarks,129,,Standing,,0.81,0.0,10.4756
Sitting_Lying_FewLandmarks,130,,Standing,,0.82,0.0,8.7317
Sitting_Lying_FewLandmarks,131,,Standing,,0.78,0.0,10.5252
Sitting_Lying_FewLandmarks,132,,Standing,,0.736,0.0,7.9142
Sitting_Lying_FewLandmarks,133,,Standing,,0.756,0.0,11.4735
Sitting_Lying_FewLandmarks,134,,Standing,,0.676,0.0,9.9436
Sitting_Lying_FewLandmarks,135,,Standing,,0.712,0.0,9.0972
Sitting_Lying_FewLandmarks,136,,Standing,,0.69,0.0,14.1509
Sitting_Lying_FewLandmarks,137,,Standing,,0.696,0.0,11.3353
Sitting_Lying_FewLandmarks,138,,Standing,,0.77,0.0,11.2302
Sitting_Lying_FewLandmarks,139,,Standing,,0.688,0.0,9.8325
Sitting_Lying_FewLandmarks,140,,Standing,,0.757,0.0,10.8025
Sitting_Lying_FewLandmarks,141,,Standing,,0.722,0.0,9.3324
Sitting_Lying_FewLandmarks,142,,Standing,,0.762,0.0,18.3189
Sitting_Lying_FewLandmarks,143,,Standing,,0.786,0.0,17.6172
Sitting_Lying_FewLandmarks,144,,Standing,,0.675,0.0,15.0288
Sitting_Lying_FewLandmarks,145,,Standing,,0.41,0.0,8.8116
Sitting_Lying_FewLandmarks,146,,Lying,,0.454,0.0,10.0147
Sitting_Lying_FewLandmarks,147,,Sitting,,0.664,0.0,10.1538
Sitting_Lying_FewLandmarks,148,,Lying,,0.508,0.0,9.6188
Sitting_Lying_FewLandmarks,149,,Lying,,0.448,0.0,7.9629
Sitting_Lying_FewLandmarks,150,,Lying,,0.44,0.0,13.5768
Sitting_Lying_FewLandmarks,151,,Lying,,0.643,0.0,9.7748
Sitting_Lying_FewLandmarks,152,,Lying,,0.523,0.0,9.7091
Sitting_Lying_FewLandmarks,153,,Lying,,0.318,0.0,14.3748
Sitting_Lying_FewLandmarks,154,,Lying,,0.523,0.0,12.7712
Sitting_Lying_FewLandmarks,155,,Lying,,0.753,0.0,33.3489
Sitting_Lying_FewLandmarks,156,,Lying,,0.509,0.0,13.3247
Sitting_Lying_FewLandmarks,157,,Lying,,0.809,0.0,17.446
Sitting_Lying_FewLandmarks,158,,Lying,,0.737,0.0,11.3366
Sitting_Lying_FewLandmarks,159,,Lying,,0.804,0.0,11.4584
Sitting_Lying_FewLandmarks,160,,Lying,,0.871,0.0,9.8462
Sitting_Lying_FewLandmarks,161,,Lying,,0.876,0.0,11.8271
Sitting_Lying_FewLandmarks,162,,Lying,,0.951,0.0,11.1496
Sitting_Lying_FewLandmarks,163,,Lying,,0.856,0.0,11.8251
Sitting_Lying_FewLandmarks,164,,Lying,,0.884,0.0,10.3465
Sitting_Lying_FewLandmarks,165,,Lying,,0.858,0.0,13.5154
Sitting_Lying_FewLandmarks,166,,Lying,,0.793,0.0,10.1109
Sitting_Lying_FewLandmarks,167,,Lying,,0.9,0.0,8.2001
Sitting_Lying_FewLandmarks,168,,Lying,,0.899,0.0,10.2505
Sitting_Lying_FewLandmarks,169,,Lying,,0.941,0.0,13.6789
Sitting_Lying_FewLandmarks,170,,Lying,,0.923,0.0,19.5249
Sitting_Lying_FewLandmarks,171,,Lying,,0.889,0.0,13.5433
Sitting_Lying_FewLandmarks,172,,Lying,,0.957,0.0,21.9885
Sitting_Lying_FewLandmarks,173,,Lying,,0.982,0.0,20.1807
Sitting_Lying_FewLandmarks,174,,Lying,,0.978,0.0,13.6107
Sitting_Lying_FewLandmarks,175,,Lying,,0.967,0.0,10.1652
Sitting_Lying_FewLandmarks,176,,Lying,,0.971,0.0,11.8969
Sitting_Lying_FewLandmarks,177,Lying,Lying,True,0.922,0.0,10.4522
Sitting_Lying_FewLandmarks,178,Lying,Lying,True,0.971,0.0,11.3946
Sitting_Lying_FewLandmarks,179,Lying,Lying,True,0.924,0.0,11.9282
Sitting_Lying_FewLandmarks,180,Lying,Lying,True,0.988,0.0,10.8997
Sitting_Lying_FewLandmarks,181,Lying,Lying,True,0.973,0.0,10.5696
Sitting_Lying_FewLandmarks,182,Lying,Lying,True,0.94,0.0,9.4677
Sitting_Lying_FewLandmarks,183,Lying,Lying,True,0.898,0.0,10.4155
Sitting_Lying_FewLandmarks,184,Lying,Lying,True,0.955,0.0,11.4314
Sitting_Lying_FewLandmarks,185,Lying,Lying,True,0.945,0.0,11.766
Sitting_Lying_FewLandmarks,186,Lying,Lying,True,0.973,0.0,12.3046
Sitting_Lying_FewLandmarks,187,Lying,Lying,True,0.984,0.0,12.3476
Sitting_Lying_FewLandmarks,188,Lying,Lying,True,0.986,0.0,14.5957
Sitting_Lying_FewLandmarks,189,Lying,Lying,True,0.957,0.0,10.7689
Sitting_Lying_FewLandmarks,190,Lying,Lying,True,0.978,0.0,9.6811
Sitting_Lying_FewLandmarks,191,Lying,Lying,True,0.926,0.0,10.5234
Sitting_Lying_FewLandmarks,192,Lying,Lying,True,0.922,0.0,9.473
Sitting_Lying_FewLandmarks,193,Lying,Lying,True,0.965,0.0,9.7851
Sitting_Lying_FewLandmarks,194,Lying,Lying,True,0.89,0.0,8.4217
Sitting_Lying_FewLandmarks,195,Lying,Lying,True,0.971,0.0,10.2531
Sitting_Lying_FewLandmarks,196,Lying,Lying,True,0.984,0.0,9.481
Sitting_Lying_FewLandmarks,197,Lying,Lying,True,0.959,1.0,10.2508
Sitting_Lying_FewLandmarks,198,Lying,Lying,True,0.983,1.0,10.6798
Sitting_Lying_FewLandmarks,199,Lying,Lying,True,0.988,0.0,9.895
Sitting_Lying_FewLandmarks,200,Lying,Lying,True,0.938,1.0,9.1131
Sitting_Lying_FewLandmarks,201,Lying,Lying,True,0.955,1.0,15.3507
Sitting_Lying_FewLandmarks,202,Lying,Lying,True,0.858,1.0,14.3819
Sitting_Lying_FewLandmarks,203,Lying,Lying,True,0.616,1.0,13.5477
Sitting_Lying_FewLandmarks,204,Lying,Lying,True,0.831,1.0,12.3048
Sitting_Lying_FewLandmarks,205,Lying,Lying,True,0.908,1.0,11.0289
Sitting_Lying_FewLandmarks,206,Lying,Lying,True,0.673,1.0,10.0139
Sitting_Lying_FewLandmarks,207,Lying,Lying,True,0.859,1.0,9.0514
Sitting_Lying_FewLandmarks,208,Lying,Lying,True,0.976,0.0,9.5652
Sitting_Lying_FewLandmarks,209,Lying,Lying,True,0.857,0.0,11.3792
Sitting_Lying_FewLandmarks,210,Lying,Lying,True,0.569,1.0,10.7688
Sitting_Lying_FewLandmarks,211,Lying,Lying,True,0.745,0.0,8.1968
Sitting_Lying_FewLandmarks,212,Lying,Lying,True,0.634,0.0,10.7731
Sitting_Lying_FewLandmarks,213,Lying,Lying,True,0.572,1.0,12.2187
Sitting_Lying_FewLandmarks,214,Lying,Lying,True,0.886,0.0,12.5758
Sitting_Lying_FewLandmarks,215,Lying,Lying,True,0.669,0.0,13.0683
Sitting_Lying_FewLandmarks,216,Lying,Lying,True,0.528,0.0,14.6389
Sitting_Lying_FewLandmarks,217,Lying,Lying,True,0.812,1.0,10.616
Sitting_Lying_FewLandmarks,218,Lying,Lying,True,0.946,0.0,13.1653
Sitting_Lying_FewLandmarks,219,Lying,Lying,True,0.693,0.0,11.3247
Sitting_Lying_FewLandmarks,220,Lying,Lying,True,0.62,0.0,12.2283
Sitting_Lying_FewLandmarks,221,Lying,Lying,True,0.638,1.0,9.0016
Sitting_Lying_FewLandmarks,222,Lying,Lying,True,0.973,1.0,9.1373
Sitting_Lying_FewLandmarks,223,Lying,Lying,True,0.993,1.0,10.1611
Sitting_Lying_FewLandmarks,224,Lying,Lying,True,0.994,1.0,9.067
Sitting_Lying_FewLandmarks,225,Lying,Lying,True,0.991,1.0,11.3389
Sitting_Lying_FewLandmarks,226,Lying,Lying,True,0.99,0.0,10.975
Sitting_Lying_FewLandmarks,227,Lying,Lying,True,0.938,1.0,9.0645
Sitting_Lying_FewLandmarks,228,Lying,Lying,True,0.98,1.0,9.6864
Sitting_Lying_FewLandmarks,229,Lying,Lying,True,0.972,1.0,8.8708
Sitting_Lying_FewLandmarks,230,Lying,Lying,True,0.99,0.0,8.8721
Sitting_Lying_FewLandmarks,231,Lying,Lying,True,0.964,0.0,13.6206
Sitting_Lying_FewLandmarks,232,Lying,Lying,True,0.804,1.0,10.6579
Sitting_Lying_FewLandmarks,233,Lying,Lying,True,0.742,1.0,10.5173
Sitting_Lying_FewLandmarks,234,Lying,Lying,True,0.779,1.0,12.0333
Sitting_Lying_FewLandmarks,235,Lying,Lying,True,0.972,0.0,8.1895
Sitting_Lying_FewLandmarks,236,,Lying,,0.948,0.0,13.6473
Sitting_Lying_FewLandmarks,237,,Lying,,0.772,0.0,10.0568
Sitting_Lying_FewLandmarks,238,,Lying,,0.814,1.0,9.287
Sitting_Lying_FewLandmarks,239,,Lying,,0.755,1.0,9.5327
Sitting_Lying_FewLandmarks,240,,Lying,,0.992,1.0,8.789
Sitting_Lying_FewLandmarks,241,,Lying,,0.9,0.0,9.3087
Sitting_Lying_FewLandmarks,242,,Lying,,0.927,0.0,8.7433
Sitting_Lying_FewLandmarks,243,,Lying,,0.795,0.0,9.3475
Sitting_Lying_FewLandmarks,244,,Lying,,0.78,0.0,8.7826
Sitting_Lying_FewLandmarks,245,,Lying,,0.857,0.0,9.2571
Sitting_Lying_FewLandmarks,246,,Lying,,0.901,0.0,8.8498
Sitting_Lying_FewLandmarks,247,,Lying,,0.51,0.0,9.4327
Sitting_Lying_FewLandmarks,248,,Lying,,0.862,0.0,10.9435
Sitting_Lying_FewLandmarks,249,,Lying,,0.939,0.0,12.4937
Sitting_Lying_FewLandmarks,250,,Lying,,0.968,0.0,12.3525
Sitting_Lying_FewLandmarks,251,,Lying,,0.902,0.0,12.5656
Sitting_Lying_FewLandmarks,252,,Lying,,0.99,0.0,15.8457
Sitting_Lying_FewLandmarks,253,,Lying,,0.984,0.0,16.7454
Sitting_Lying_FewLandmarks,254,,Lying,,0.991,0.0,10.2495
Sitting_Lying_FewLandmarks,255,,Lying,,0.951,0.0,13.404
Sitting_Lying_FewLandmarks,256,,Lying,,0.973,0.0,10.1334
Sitting_Lying_FewLandmarks,257,,Lying,,0.945,0.0,12.4938
Sitting_Lying_FewLandmarks,258,,Lying,,0.957,0.0,10.9982
Sitting_Lying_FewLandmarks,259,,Lying,,0.947,0.0,12.0365
Sitting_Lying_FewLandmarks,260,,Lying,,0.94,0.0,9.9332
Sitting_Lying_FewLandmarks,261,,Lying,,0.941,0.0,10.6322
Sitting_Lying_FewLandmarks,262,,Lying,,0.941,0.0,12.5477
Sitting_Lying_FewLandmarks,263,,Lying,,0.965,0.0,17.3358
Sitting_Lying_FewLandmarks,264,,Lying,,0.979,0.0,14.647
Sitting_Lying_FewLandmarks,265,,Lying,,0.988,0.0,16.1412
Sitting_Lying_FewLandmarks,266,,Lying,,0.959,0.0,18.4229
Sitting_Lying_FewLandmarks,267,,Lying,,0.989,0.0,13.0802
Sitting_Lying_FewLandmarks,268,,Lying,,0.956,0.0,10.9999
Sitting_Lying_FewLandmarks,269,,Lying,,0.985,0.0,12.8129
Sitting_Lying_FewLandmarks,270,,Lying,,0.976,0.0,10.1225
Sitting_Lying_FewLandmarks,271,,Lying,,0.96,0.0,9.5082
Sitting_Lying_FewLandmarks,272,,Lying,,0.88,0.0,10.6102
Sitting_Lying_FewLandmarks,273,,Lying,,0.952,0.0,9.7333
Sitting_Lying_FewLandmarks,274,,Lying,,0.923,0.0,8.793
Sitting_Lying_FewLandmarks,275,,Lying,,0.889,0.0,8.4677
Sitting_Lying_FewLandmarks,276,,Lying,,0.97,0.0,7.1517
Sitting_Lying_FewLandmarks,277,,Lying,,0.975,0.0,8.6625
Sitting_Lying_FewLandmarks,278,,Lying,,0.989,0.0,9.5777
Sitting_Lying_FewLandmarks,279,,Lying,,0.985,0.0,8.4059
Sitting_Lying_FewLandmarks,280,,Lying,,0.99,0.0,9.0697
Sitting_Lying_FewLandmarks,281,,Lying,,0.987,0.0,8.6593
Sitting_Lying_FewLandmarks,282,,Lying,,0.99,0.0,11.4015
Sitting_Lying_FewLandmarks,283,,Lying,,0.978,0.0,11.7309
Sitting_Lying_FewLandmarks,284,,Lying,,0.988,0.0,9.5929
Sitting_Lying_FewLandmarks,285,,Lying,,0.994,0.0,10.9748
Sitting_Lying_FewLandmarks,286,,Lying,,0.979,0.0,11.3242
Sitting_Lying_FewLandmarks,287,,Lying,,0.96,0.0,10.0562
Sitting_Lying_FewLandmarks,288,,Lying,,0.981,0.0,12.0574
Sitting_Lying_FewLandmarks,289,,Lying,,0.979,0.0,9.0265
Sitting_Lying_FewLandmarks,290,,Lying,,0.976,0.0,9.6258
Sitting_Lying_FewLandmarks,291,,Lying,,0.985,0.0,9.9741
Sitting_Lying_FewLandmarks,292,,Lying,,0.959,0.0,10.8823
Sitting_Lying_FewLandmarks,293,,Lying,,0.973,0.0,9.8654
Sitting_Lying_FewLandmarks,294,,Lying,,0.976,0.0,9.2062
Sitting_Lying_FewLandmarks,295,,Lying,,0.855,0.0,9.8775
Sitting_Lying_FewLandmarks,296,,Lying,,0.973,0.0,10.129
Sitting_Lying_FewLandmarks,297,,Lying,,0.941,0.0,10.0228
Sitting_Lying_FewLandmarks,298,,Lying,,0.932,0.0,8.7391
Sitting_Lying_FewLandmarks,299,,Lying,,0.833,0.0,9.5722
Sitting_Lying_FewLandmarks,300,,Lying,,0.846,0.0,8.5375
Sitting_Lying_FewLandmarks,301,,Lying,,0.912,0.0,11.7474
Sitting_Lying_FewLandmarks,302,,Lying,,0.723,0.0,11.1523
Sitting_Lying_FewLandmarks,303,,Lying,,0.834,0.0,9.2344
Sitting_Lying_FewLandmarks,304,,Lying,,0.641,0.0,9.3383
Sitting_Lying_FewLandmarks,305,,Standing,,0.562,0.0,10.035
Sitting_Lying_FewLandmarks,306,,Standing,,0.544,0.0,12.9341
Sitting_Lying_FewLandmarks,307,,Standing,,0.617,0.0,12.1965
Sitting_Lying_FewLandmarks,308,,Standing,,0.641,0.0,9.5343
Sitting_Lying_FewLandmarks,309,,Lying,,0.53,0.0,9.5133
Sitting_Lying_FewLandmarks,310,,Standing,,0.609,0.0,11.3767
Sitting_Lying_FewLandmarks,311,,Standing,,0.509,0.0,9.2698
Sitting_Lying_FewLandmarks,312,,Lying,,0.613,0.0,10.7181
Sitting_Lying_FewLandmarks,313,,Lying,,0.523,0.0,8.1633
Sitting_Lying_FewLandmarks,314,,Lying,,0.631,0.0,8.1167
Sitting_Lying_FewLandmarks,315,,Standing,,0.562,0.0,11.4984
Sitting_Lying_FewLandmarks,316,,Standing,,0.795,0.0,9.261
Sitting_Lying_FewLandmarks,317,,Standing,,0.805,0.0,6.2558
Sitting_Lying_FewLandmarks,318,,Standing,,0.893,0.0,5.5064
Sitting_Lying_FewLandmarks,319,,Standing,,0.882,0.0,9.7056
Sitting_Lying_FewLandmarks,320,,Standing,,0.858,0.0,10.8809
Sitting_Lying_FewLandmarks,321,,Standing,,0.88,0.0,9.9246
Sitting_Lying_FewLandmarks,322,,Standing,,0.88,0.0,9.6055
Sitting_Lying_FewLandmarks,323,,Standing,,0.92,0.0,10.042
Sitting_Lying_FewLandmarks,324,,Standing,,0.925,0.0,11.8506
Sitting_Lying_FewLandmarks,325,Sitting,Standing,False,0.931,0.0,10.8457
Sitting_Lying_FewLandmarks,326,Sitting,Standing,False,0.903,0.0,10.299
Sitting_Lying_FewLandmarks,327,Sitting,Standing,False,0.935,0.0,9.9877
Sitting_Lying_FewLandmarks,328,Sitting,Standing,False,0.907,0.0,9.8683
Sitting_Lying_FewLandmarks,329,Sitting,Standing,False,0.902,0.0,9.5173
Sitting_Lying_FewLandmarks,330,Sitting,Standing,False,0.872,0.0,8.7064
Sitting_Lying_FewLandmarks,331,Sitting,Standing,False,0.926,0.0,10.2309
Sitting_Lying_FewLandmarks,332,Sitting,Standing,False,0.888,0.0,10.2347
Sitting_Lying_FewLandmarks,333,Sitting,Standing,False,0.885,0.0,9.1175
Sitting_Lying_FewLandmarks,334,Sitting,Standing,False,0.903,0.0,11.6141
Sitting_Lying_FewLandmarks,335,Sitting,Standing,False,0.883,0.0,9.9065
Sitting_Lying_FewLandmarks,336,Sitting,Standing,False,0.94,0.0,8.5153
Sitting_Lying_FewLandmarks,337,Sitting,Standing,False,0.957,0.0,8.2061
Sitting_Lying_FewLandmarks,338,Sitting,Standing,False,0.96,0.0,8.5544
Sitting_Lying_FewLandmarks,339,Sitting,Standing,False,0.96,0.0,8.2229
Sitting_Lying_FewLandmarks,340,Sitting,Standing,False,0.938,0.0,9.2419
Sitting_Lying_FewLandmarks,341,Sitting,Standing,False,0.951,0.0,11.3266
Sitting_Lying_FewLandmarks,342,Sitting,Standing,False,0.967,0.0,11.0328
Sitting_Lying_FewLandmarks,343,Sitting,Standing,False,0.982,0.0,10.5142
Sitting_Lying_FewLandmarks,344,Sitting,Standing,False,0.982,0.0,9.4993
Sitting_Lying_FewLandmarks,345,Sitting,Standing,False,0.981,0.0,9.9366
Sitting_Lying_FewLandmarks,346,Sitting,Standing,False,0.979,0.0,10.0084
Sitting_Lying_FewLandmarks,347,Sitting,Standing,False,0.976,0.0,9.0512
Sitting_Lying_FewLandmarks,348,Sitting,Standing,False,0.976,0.0,9.8856
Sitting_Lying_FewLandmarks,349,Sitting,Standing,False,0.956,0.0,11.3141
Sitting_Lying_FewLandmarks,350,Sitting,Standing,False,0.902,0.0,12.2621
Sitting_Lying_FewLandmarks,351,Sitting,Standing,False,0.949,0.0,10.5805
Sitting_Lying_FewLandmarks,352,Sitting,Standing,False,0.955,0.0,11.7803
Sitting_Lying_FewLandmarks,353,Sitting,Standing,False,0.962,0.0,9.9962
Sitting_Lying_FewLandmarks,354,,Standing,,0.966,0.0,10.6497
Sitting_Lying_FewLandmarks,355,,Standing,,0.976,0.0,9.5084
Sitting_Lying_FewLandmarks,356,,Standing,,0.978,0.0,9.8037
Sitting_Lying_FewLandmarks,357,,Standing,,0.961,0.0,10.7713
Sitting_Lying_FewLandmarks,358,,Standing,,0.904,0.0,9.2023
Sitting_Lying_FewLandmarks,359,,Standing,,0.955,0.0,9.3162
Sitting_Lying_FewLandmarks,360,,Standing,,0.958,0.0,9.238
Sitting_Lying_FewLandmarks,361,,Standing,,0.944,0.0,9.0468
Sitting_Lying_FewLandmarks,362,,Standing,,0.957,0.0,8.7342
Sitting_Lying_FewLandmarks,363,,Standing,,0.935,0.0,8.7635
Sitting_Lying_FewLandmarks,364,,Standing,,0.879,0.0,9.2031
Sitting_Lying_FewLandmarks,365,,Standing,,0.857,0.0,10.1495
Sitting_Lying_FewLandmarks,366,,Standing,,0.841,0.0,11.8711
Sitting_Lying_FewLandmarks,367,,Standing,,0.782,0.0,12.6741
Sitting_Lying_FewLandmarks,368,,Standing,,0.697,0.0,12.0791
Sitting_Lying_FewLandmarks,369,,Standing,,0.468,0.0,9.9808
Sitting_Lying_FewLandmarks,370,,Sitting,,0.452,0.0,10.1493
Sitting_Lying_FewLandmarks,371,,Sitting,,0.685,0.0,10.0471
Sitting_Lying_FewLandmarks,372,,Sitting,,0.521,0.0,7.5893
Sitting_Lying_FewLandmarks,373,,Sitting,,0.47,0.0,8.2874
Sitting_Lying_FewLandmarks,374,,Sitting,,0.383,0.0,9.0334
Sitting_Lying_FewLandmarks,375,,Sitting,,0.409,0.0,9.1449
Sitting_Lying_FewLandmarks,376,,Sitting,,0.58,0.0,8.8207
Sitting_Lying_FewLandmarks,377,,Sitting,,0.517,0.0,8.3357
Sitting_Lying_FewLandmarks,378,,Sitting,,0.617,0.0,10.92
Sitting_Lying_FewLandmarks,379,,Sitting,,0.653,0.0,9.596
Sitting_Lying_FewLandmarks,380,,Sitting,,0.814,0.0,8.7946
Sitting_Lying_FewLandmarks,381,,Sitting,,0.716,0.0,15.2757
Sitting_Lying_FewLandmarks,382,,Sitting,,0.462,0.0,12.254
Sitting_Lying_FewLandmarks,383,,Standing,,0.733,0.0,15.3255
Sitting_Lying_FewLandmarks,384,,Standing,,0.82,0.0,11.0633
Sitting_Lying_FewLandmarks,385,,Standing,,0.94,0.0,10.1672
Sitting_Lying_FewLandmarks,386,,Standing,,0.999,0.0,13.1608
Sitting_Lying_FewLandmarks,387,,Standing,,0.994,0.0,13.0327
Sitting_Lying_FewLandmarks,388,,Standing,,0.999,0.0,11.5113
Sitting_Lying_FewLandmarks,389,,Standing,,0.999,0.0,10.1648
Sitting_Lying_FewLandmarks,390,,Standing,,0.998,0.0,12.4118
Sitting_Lying_FewLandmarks,391,,Standing,,0.998,0.0,9.0705
Sitting_Lying_FewLandmarks,392,,Standing,,0.997,0.0,9.8365
Sitting_Lying_FewLandmarks,393,,Standing,,0.992,0.0,10.7926
Sitting_Lying_FewLandmarks,394,,Standing,,0.999,0.0,10.402
Sitting_Lying_FewLandmarks,395,,Standing,,0.999,0.0,10.7336
Sitting_Lying_FewLandmarks,396,,Standing,,0.999,0.0,10.6361
Sitting_Lying_FewLandmarks,397,,Standing,,0.998,0.0,9.8592
Sitting_Lying_FewLandmarks,398,,Standing,,0.999,0.0,7.6849
Sitting_Lying_FewLandmarks,399,,Standing,,0.999,0.0,9.0012
Sitting_Lying_FewLandmarks,400,,Standing,,0.999,0.0,9.0327
Sitting_Lying_FewLandmarks,401,,Standing,,0.999,0.0,9.2514
