frame_number,timestamp,gt_label,ignore,posture_label,fall_detected,confidence,other_labels,knee_angle,hip_angle,torso_angle,velocity,torso_angular_velocity,body_height,effective_max_bh,hip_height,lower_body_occluded,tracking_lost_after_fall,recent_label_history
1,0.03334549878345499,Standing,False,Unknown,False,0.0,missing_keypoints,,,,0.0,0.0,,,,,False,Unknown
2,0.06669099756690998,Standing,False,Unknown,False,0.0,missing_keypoints,,,,0.0,0.0,,,,,False,Unknown|Unknown
3,0.10003649635036496,Standing,False,Unknown,False,0.0,missing_keypoints,,,,0.0,0.0,,,,,False,Unknown|Unknown|Unknown
4,0.13338199513381996,Standing,False,Unknown,False,0.0,missing_keypoints,,,,0.0,0.0,,,,,False,Unknown|Unknown|Unknown|Unknown
5,0.16672749391727493,Standing,False,Unknown,False,0.0,missing_keypoints,,,,0.0,0.0,,,,,False,Unknown|Unknown|Unknown|Unknown|Unknown
6,0.20007299270072992,Standing,False,Unknown,False,0.0,missing_keypoints,,,,0.0,0.0,,,,,False,Unknown|Unknown|Unknown|Unknown|Unknown
7,0.2334184914841849,Standing,False,Unknown,False,0.0,missing_keypoints,,,,0.0,0.0,,,,,False,Unknown|Unknown|Unknown|Unknown|Unknown
8,0.2667639902676399,Standing,False,Unknown,False,0.0,missing_keypoints,,,,0.0,0.0,,,,,False,Unknown|Unknown|Unknown|Unknown|Unknown
9,0.30010948905109486,Standing,False,Unknown,False,0.0,missing_keypoints,,,,0.0,0.0,,,,,False,Unknown|Unknown|Unknown|Unknown|Unknown
10,0.33345498783454985,Standing,False,Unknown,False,0.0,missing_keypoints,,,,0.0,0.0,,,,,False,Unknown|Unknown|Unknown|Unknown|Unknown
11,0.36680048661800485,Standing,False,Unknown,False,0.0,missing_keypoints,,,,0.0,0.0,,,,,False,Unknown|Unknown|Unknown|Unknown|Unknown
12,0.40014598540145985,Standing,False,Unknown,False,0.0,missing_keypoints,,,,0.0,0.0,,,,,False,Unknown|Unknown|Unknown|Unknown|Unknown
13,0.43349148418491484,Standing,False,Unknown,False,0.0,missing_keypoints,,,,0.0,0.0,,,,,False,Unknown|Unknown|Unknown|Unknown|Unknown
14,0.4668369829683698,Standing,False,Unknown,False,0.0,missing_keypoints,,,,0.0,0.0,,,,,False,Unknown|Unknown|Unknown|Unknown|Unknown
15,0.5001824817518248,Standing,False,Unknown,False,0.0,missing_keypoints,,,,0.0,0.0,,,,,False,Unknown|Unknown|Unknown|Unknown|Unknown
16,0.5335279805352798,Standing,False,Unknown,False,0.0,missing_keypoints,,,,0.0,0.0,,,,,False,Unknown|Unknown|Unknown|Unknown|Unknown
17,0.5668734793187348,Standing,False,Unknown,False,0.0,missing_keypoints,,,,0.0,0.0,,,,,False,Unknown|Unknown|Unknown|Unknown|Unknown
18,0.6002189781021897,Standing,False,Unknown,False,0.0,missing_keypoints,,,,0.0,0.0,,,,,False,Unknown|Unknown|Unknown|Unknown|Unknown
19,0.6335644768856448,Standing,False,Unknown,False,0.0,missing_keypoints,,,,0.0,0.0,,,,,False,Unknown|Unknown|Unknown|Unknown|Unknown
20,0.6669099756690997,Standing,False,Unknown,False,0.0,missing_keypoints,,,,0.0,0.0,,,,,False,Unknown|Unknown|Unknown|Unknown|Unknown
21,0.7002554744525548,Standing,False,Unknown,False,0.0,missing_keypoints,,,,0.0,0.0,,,,,False,Unknown|Unknown|Unknown|Unknown|Unknown
22,0.7336009732360097,Standing,False,Unknown,False,0.0,missing_keypoints,,,,0.0,0.0,,,,,False,Unknown|Unknown|Unknown|Unknown|Unknown
23,0.7669464720194646,Standing,False,Unknown,False,0.0,missing_keypoints,,,,0.0,0.0,,,,,False,Unknown|Unknown|Unknown|Unknown|Unknown
24,0.8002919708029197,Standing,False,Unknown,False,0.0,missing_keypoints,,,,0.0,0.0,,,,,False,Unknown|Unknown|Unknown|Unknown|Unknown
25,0.8336374695863746,Standing,False,Unknown,False,0.0,missing_keypoints,,,,0.0,0.0,,,,,False,Unknown|Unknown|Unknown|Unknown|Unknown
26,0.8669829683698297,Standing,False,Unknown,False,0.0,missing_keypoints,,,,0.0,0.0,,,,,False,Unknown|Unknown|Unknown|Unknown|Unknown
27,0.9003284671532846,Standing,False,Unknown,False,0.0,missing_keypoints,,,,0.0,0.0,,,,,False,Unknown|Unknown|Unknown|Unknown|Unknown
28,0.9336739659367396,Standing,False,Unknown,False,0.0,missing_keypoints,,,,0.0,0.0,,,,,False,Unknown|Unknown|Unknown|Unknown|Unknown
29,0.9670194647201946,Standing,False,Unknown,False,0.0,missing_keypoints,,,,0.0,0.0,,,,,False,Unknown|Unknown|Unknown|Unknown|Unknown
30,1.0003649635036496,Transition,True,Unknown,False,0.0,missing_keypoints,,,,0.0,0.0,,,,,False,Unknown|Unknown|Unknown|Unknown|Unknown
31,1.0337104622871045,Transition,True,Unknown,False,0.0,missing_keypoints,,,,0.0,0.0,,,,,False,Unknown|Unknown|Unknown|Unknown|Unknown
32,1.0670559610705597,Transition,True,Unknown,False,0.0,missing_keypoints,,,,0.0,0.0,,,,,False,Unknown|Unknown|Unknown|Unknown|Unknown
33,1.1004014598540146,Transition,True,Unknown,False,0.0,missing_keypoints,,,,0.0,0.0,,,,,False,Unknown|Unknown|Unknown|Unknown|Unknown
34,1.1337469586374695,Transition,True,Unknown,False,0.0,missing_keypoints,,,,0.0,0.0,,,,,False,Unknown|Unknown|Unknown|Unknown|Unknown
35,1.1670924574209245,Transition,True,Unknown,False,0.0,missing_keypoints,,,,0.0,0.0,,,,,False,Unknown|Unknown|Unknown|Unknown|Unknown
36,1.2004379562043794,Transition,True,Unknown,False,0.0,missing_keypoints,,,,0.0,0.0,,,,,False,Unknown|Unknown|Unknown|Unknown|Unknown
37,1.2337834549878346,Transition,True,Unknown,False,0.0,missing_keypoints,,,,0.0,0.0,,,,,False,Unknown|Unknown|Unknown|Unknown|Unknown
38,1.2671289537712895,Transition,True,Unknown,False,0.0,missing_keypoints,,,,0.0,0.0,,,,,False,Unknown|Unknown|Unknown|Unknown|Unknown
39,1.3004744525547445,Transition,True,Unknown,False,0.0,missing_keypoints,,,,0.0,0.0,,,,,False,Unknown|Unknown|Unknown|Unknown|Unknown
40,1.3338199513381994,Transition,True,Unknown,False,0.0,missing_keypoints,,,,0.0,0.0,,,,,False,Unknown|Unknown|Unknown|Unknown|Unknown
41,1.3671654501216544,Transition,True,Unknown,False,0.0,missing_keypoints,,,,0.0,0.0,,,,,False,Unknown|Unknown|Unknown|Unknown|Unknown
42,1.4005109489051095,Transition,True,Unknown,False,0.0,missing_keypoints,,,,0.0,0.0,,,,,False,Unknown|Unknown|Unknown|Unknown|Unknown
43,1.4338564476885645,Transition,True,Unknown,False,0.0,missing_keypoints,,,,0.0,0.0,,,,,False,Unknown|Unknown|Unknown|Unknown|Unknown
44,1.4672019464720194,Transition,True,Unknown,False,0.0,missing_keypoints,,,,0.0,0.0,,,,,False,Unknown|Unknown|Unknown|Unknown|Unknown
45,1.5005474452554743,Transition,True,Unknown,False,0.0,missing_keypoints,,,,0.0,0.0,,,,,False,Unknown|Unknown|Unknown|Unknown|Unknown
46,1.5338929440389293,Transition,True,Unknown,False,0.0,missing_keypoints,,,,0.0,0.0,,,,,False,Unknown|Unknown|Unknown|Unknown|Unknown
47,1.5672384428223844,Transition,True,Unknown,False,0.0,missing_keypoints,,,,0.0,0.0,,,,,False,Unknown|Unknown|Unknown|Unknown|Unknown
48,1.6005839416058394,Transition,True,Unknown,False,0.0,missing_keypoints,,,,0.0,0.0,,,,,False,Unknown|Unknown|Unknown|Unknown|Unknown
49,1.6339294403892943,Transition,True,Unknown,False,0.0,missing_keypoints,,,,0.0,0.0,,,,,False,Unknown|Unknown|Unknown|Unknown|Unknown
50,1.6672749391727493,Transition,True,Unknown,False,0.0,missing_keypoints,,,,0.0,0.0,,,,,False,Unknown|Unknown|Unknown|Unknown|Unknown
51,1.7006204379562042,Transition,True,Unknown,False,0.0,missing_keypoints,,,,0.0,0.0,,,,,False,Unknown|Unknown|Unknown|Unknown|Unknown
52,1.7339659367396594,Transition,True,Unknown,False,0.0,missing_keypoints,,,,0.0,0.0,,,,,False,Unknown|Unknown|Unknown|Unknown|Unknown
53,1.7673114355231143,Transition,True,Unknown,False,0.0,missing_keypoints,,,,0.0,0.0,,,,,False,Unknown|Unknown|Unknown|Unknown|Unknown
54,1.8006569343065693,Transition,True,Unknown,False,0.0,missing_keypoints,,,,0.0,0.0,,,,,False,Unknown|Unknown|Unknown|Unknown|Unknown
55,1.8340024330900242,Transition,True,Unknown,False,0.0,missing_keypoints,,,,0.0,0.0,,,,,False,Unknown|Unknown|Unknown|Unknown|Unknown
56,1.8673479318734791,Transition,True,Unknown,False,0.0,missing_keypoints,,,,0.0,0.0,,,,,False,Unknown|Unknown|Unknown|Unknown|Unknown
57,1.9006934306569343,Transition,True,Unknown,False,0.0,missing_keypoints,,,,0.0,0.0,,,,,False,Unknown|Unknown|Unknown|Unknown|Unknown
58,1.9340389294403892,Transition,True,Unknown,False,0.0,missing_keypoints,,,,0.0,0.0,,,,,False,Unknown|Unknown|Unknown|Unknown|Unknown
59,1.9673844282238442,Transition,True,Unknown,False,0.0,missing_keypoints,,,,0.0,0.0,,,,,False,Unknown|Unknown|Unknown|Unknown|Unknown
60,2.000729927007299,Sitting,False,Unknown,False,0.0,missing_keypoints,,,,0.0,0.0,,,,,False,Unknown|Unknown|Unknown|Unknown|Unknown
61,2.0340754257907543,Sitting,False,Unknown,False,0.0,missing_keypoints,,,,0.0,0.0,,,,,False,Unknown|Unknown|Unknown|Unknown|Unknown
62,2.067420924574209,Sitting,False,Unknown,False,0.0,missing_keypoints,,,,0.0,0.0,,,,,False,Unknown|Unknown|Unknown|Unknown|Unknown
63,2.100766423357664,Sitting,False,Unknown,False,0.0,missing_keypoints,,,,0.0,0.0,,,,,False,Unknown|Unknown|Unknown|Unknown|Unknown
64,2.1341119221411193,Sitting,False,Unknown,False,0.0,missing_keypoints,,,,0.0,0.0,,,,,False,Unknown|Unknown|Unknown|Unknown|Unknown
65,2.167457420924574,Sitting,False,Unknown,False,0.0,missing_keypoints,,,,0.0,0.0,,,,,False,Unknown|Unknown|Unknown|Unknown|Unknown
66,2.200802919708029,Sitting,False,Unknown,False,0.0,missing_keypoints,,,,0.0,0.0,,,,,False,Unknown|Unknown|Unknown|Unknown|Unknown
67,2.234148418491484,Sitting,False,Unknown,False,0.0,missing_keypoints,,,,0.0,0.0,,,,,False,Unknown|Unknown|Unknown|Unknown|Unknown
68,2.267493917274939,Sitting,False,Unknown,False,0.0,missing_keypoints,,,,0.0,0.0,,,,,False,Unknown|Unknown|Unknown|Unknown|Unknown
69,2.3008394160583943,Sitting,False,Unknown,False,0.0,missing_keypoints,,,,0.0,0.0,,,,,False,Unknown|Unknown|Unknown|Unknown|Unknown
70,2.334184914841849,Sitting,False,Unknown,False,0.0,missing_keypoints,,,,0.0,0.0,,,,,False,Unknown|Unknown|Unknown|Unknown|Unknown
71,2.367530413625304,Sitting,False,Unknown,False,0.0,missing_keypoints,,,,0.0,0.0,,,,,False,Unknown|Unknown|Unknown|Unknown|Unknown
72,2.400875912408759,Sitting,False,Unknown,False,0.0,missing_keypoints,,,,0.0,0.0,,,,,False,Unknown|Unknown|Unknown|Unknown|Unknown
73,2.434221411192214,Sitting,False,Unknown,False,0.0,missing_keypoints,,,,0.0,0.0,,,,,False,Unknown|Unknown|Unknown|Unknown|Unknown
74,2.467566909975669,Sitting,False,Unknown,False,0.0,missing_keypoints,,,,0.0,0.0,,,,,False,Unknown|Unknown|Unknown|Unknown|Unknown
75,2.500912408759124,Sitting,False,Unknown,False,0.0,missing_keypoints,,,,0.0,0.0,,,,,False,Unknown|Unknown|Unknown|Unknown|Unknown
76,2.534257907542579,Sitting,False,Unknown,False,0.0,missing_keypoints,,,,0.0,0.0,,,,,False,Unknown|Unknown|Unknown|Unknown|Unknown
77,2.567603406326034,Sitting,False,Unknown,False,0.0,missing_keypoints,,,,0.0,0.0,,,,,False,Unknown|Unknown|Unknown|Unknown|Unknown
78,2.600948905109489,Sitting,False,Unknown,False,0.0,missing_keypoints,,,,0.0,0.0,,,,,False,Unknown|Unknown|Unknown|Unknown|Unknown
79,2.634294403892944,Sitting,False,Unknown,False,0.0,missing_keypoints,,,,0.0,0.0,,,,,False,Unknown|Unknown|Unknown|Unknown|Unknown
80,2.667639902676399,Sitting,False,Unknown,False,0.0,missing_keypoints,,,,0.0,0.0,,,,,False,Unknown|Unknown|Unknown|Unknown|Unknown
81,2.700985401459854,Sitting,False,Unknown,False,0.0,missing_keypoints,,,,0.0,0.0,,,,,False,Unknown|Unknown|Unknown|Unknown|Unknown
82,2.7343309002433087,Sitting,False,Unknown,False,0.0,missing_keypoints,,,,0.0,0.0,,,,,False,Unknown|Unknown|Unknown|Unknown|Unknown
83,2.767676399026764,Sitting,False,Unknown,False,0.0,missing_keypoints,,,,0.0,0.0,,,,,False,Unknown|Unknown|Unknown|Unknown|Unknown
84,2.801021897810219,Sitting,False,Unknown,False,0.0,missing_keypoints,,,,0.0,0.0,,,,,False,Unknown|Unknown|Unknown|Unknown|Unknown
85,2.8343673965936738,Sitting,False,Unknown,False,0.0,missing_keypoints,,,,0.0,0.0,,,,,False,Unknown|Unknown|Unknown|Unknown|Unknown
86,2.867712895377129,Sitting,False,Unknown,False,0.0,missing_keypoints,,,,0.0,0.0,,,,,False,Unknown|Unknown|Unknown|Unknown|Unknown
87,2.9010583941605836,Sitting,False,Unknown,False,0.0,missing_keypoints,,,,0.0,0.0,,,,,False,Unknown|Unknown|Unknown|Unknown|Unknown
88,2.934403892944039,Sitting,False,Unknown,False,0.0,missing_keypoints,,,,0.0,0.0,,,,,False,Unknown|Unknown|Unknown|Unknown|Unknown
89,2.967749391727494,Sitting,False,Unknown,False,0.0,missing_keypoints,,,,0.0,0.0,,,,,False,Unknown|Unknown|Unknown|Unknown|Unknown
90,3.0010948905109487,Transition,True,Unknown,False,0.0,missing_keypoints,,,,0.0,0.0,,,,,False,Unknown|Unknown|Unknown|Unknown|Unknown
91,3.034440389294404,Transition,True,Unknown,False,0.0,missing_keypoints,,,,0.0,0.0,,,,,False,Unknown|Unknown|Unknown|Unknown|Unknown
92,3.0677858880778586,Transition,True,Unknown,False,0.0,missing_keypoints,,,,0.0,0.0,,,,,False,Unknown|Unknown|Unknown|Unknown|Unknown
93,3.1011313868613137,Transition,True,Unknown,False,0.0,missing_keypoints,,,,0.0,0.0,,,,,False,Unknown|Unknown|Unknown|Unknown|Unknown
94,3.134476885644769,Transition,True,Unknown,False,0.0,missing_keypoints,,,,0.0,0.0,,,,,False,Unknown|Unknown|Unknown|Unknown|Unknown
95,3.1678223844282236,Transition,True,Unknown,False,0.0,missing_keypoints,,,,0.0,0.0,,,,,False,Unknown|Unknown|Unknown|Unknown|Unknown
96,3.2011678832116788,Transition,True,Unknown,False,0.0,missing_keypoints,,,,0.0,0.0,,,,,False,Unknown|Unknown|Unknown|Unknown|Unknown
97,3.2345133819951335,Lying,False,Unknown,False,0.0,missing_keypoints,,,,0.0,0.0,,,,,False,Unknown|Unknown|Unknown|Unknown|Unknown
98,3.2678588807785887,Lying,False,Unknown,False,0.0,missing_keypoints,,,,0.0,0.0,,,,,False,Unknown|Unknown|Unknown|Unknown|Unknown
99,3.301204379562044,Lying,False,Unknown,False,0.0,missing_keypoints,,,,0.0,0.0,,,,,False,Unknown|Unknown|Unknown|Unknown|Unknown
100,3.3345498783454985,Lying,False,Unknown,False,0.0,missing_keypoints,,,,0.0,0.0,,,,,False,Unknown|Unknown|Unknown|Unknown|Unknown
101,3.3678953771289537,Lying,False,Unknown,False,0.0,missing_keypoints,,,,0.0,0.0,,,,,False,Unknown|Unknown|Unknown|Unknown|Unknown
102,3.4012408759124084,Lying,False,Unknown,False,0.0,missing_keypoints,,,,0.0,0.0,,,,,False,Unknown|Unknown|Unknown|Unknown|Unknown
103,3.4345863746958636,Lying,False,Unknown,False,0.0,missing_keypoints,,,,0.0,0.0,,,,,False,Unknown|Unknown|Unknown|Unknown|Unknown
104,3.4679318734793187,Lying,False,Unknown,False,0.0,missing_keypoints,,,,0.0,0.0,,,,,False,Unknown|Unknown|Unknown|Unknown|Unknown
105,3.5012773722627735,Lying,False,Unknown,False,0.0,missing_keypoints,,,,0.0,0.0,,,,,False,Unknown|Unknown|Unknown|Unknown|Unknown
106,3.5346228710462286,Lying,False,Unknown,False,0.0,missing_keypoints,,,,0.0,0.0,,,,,False,Unknown|Unknown|Unknown|Unknown|Unknown
107,3.5679683698296834,Lying,False,Unknown,False,0.0,missing_keypoints,,,,0.0,0.0,,,,,False,Unknown|Unknown|Unknown|Unknown|Unknown
108,3.6013138686131385,Lying,False,Unknown,False,0.0,missing_keypoints,,,,0.0,0.0,,,,,False,Unknown|Unknown|Unknown|Unknown|Unknown
109,3.6346593673965937,Lying,False,Unknown,False,0.0,missing_keypoints,,,,0.0,0.0,,,,,False,Unknown|Unknown|Unknown|Unknown|Unknown
110,3.6680048661800484,Lying,False,Unknown,False,0.0,missing_keypoints,,,,0.0,0.0,,,,,False,Unknown|Unknown|Unknown|Unknown|Unknown
111,3.7013503649635036,Lying,False,Unknown,False,0.0,missing_keypoints,,,,0.0,0.0,,,,,False,Unknown|Unknown|Unknown|Unknown|Unknown
112,3.7346958637469583,Lying,False,Unknown,False,0.0,missing_keypoints,,,,0.0,0.0,,,,,False,Unknown|Unknown|Unknown|Unknown|Unknown
113,3.7680413625304134,Lying,False,Unknown,False,0.0,missing_keypoints,,,,0.0,0.0,,,,,False,Unknown|Unknown|Unknown|Unknown|Unknown
114,3.8013868613138686,Lying,False,Unknown,False,0.0,missing_keypoints,,,,0.0,0.0,,,,,False,Unknown|Unknown|Unknown|Unknown|Unknown
115,3.8347323600973233,Lying,False,Unknown,False,0.0,missing_keypoints,,,,0.0,0.0,,,,,False,Unknown|Unknown|Unknown|Unknown|Unknown
116,3.8680778588807785,Lying,False,Unknown,False,0.0,missing_keypoints,,,,0.0,0.0,,,,,False,Unknown|Unknown|Unknown|Unknown|Unknown
117,3.901423357664233,Lying,False,Unknown,False,0.0,missing_keypoints,,,,0.0,0.0,,,,,False,Unknown|Unknown|Unknown|Unknown|Unknown
118,3.9347688564476884,Lying,False,Unknown,False,0.0,missing_keypoints,,,,0.0,0.0,,,,,False,Unknown|Unknown|Unknown|Unknown|Unknown
119,3.9681143552311435,Lying,False,Unknown,False,0.0,missing_keypoints,,,,0.0,0.0,,,,,False,Unknown|Unknown|Unknown|Unknown|Unknown
120,4.001459854014598,Lying,False,Unknown,False,0.0,missing_keypoints,,,,0.0,0.0,,,,,False,Unknown|Unknown|Unknown|Unknown|Unknown
121,4.034805352798053,Lying,False,Unknown,False,0.0,missing_keypoints,,,,0.0,0.0,,,,,False,Unknown|Unknown|Unknown|Unknown|Unknown
122,4.068150851581509,Lying,False,Unknown,False,0.0,missing_keypoints,,,,0.0,0.0,,,,,False,Unknown|Unknown|Unknown|Unknown|Unknown
123,4.101496350364964,Lying,False,Unknown,False,0.0,missing_keypoints,,,,0.0,0.0,,,,,False,Unknown|Unknown|Unknown|Unknown|Unknown
124,4.134841849148418,Lying,False,Unknown,False,0.0,missing_keypoints,,,,0.0,0.0,,,,,False,Unknown|Unknown|Unknown|Unknown|Unknown
125,4.168187347931873,Lying,False,Unknown,False,0.0,missing_keypoints,,,,0.0,0.0,,,,,False,Unknown|Unknown|Unknown|Unknown|Unknown
126,4.201532846715328,Lying,False,Unknown,False,0.0,missing_keypoints,,,,0.0,0.0,,,,,False,Unknown|Unknown|Unknown|Unknown|Unknown
127,4.2348783454987835,Lying,False,Unknown,False,0.0,missing_keypoints,,,,0.0,0.0,,,,,False,Unknown|Unknown|Unknown|Unknown|Unknown
128,4.268223844282239,Lying,False,Unknown,False,0.0,missing_keypoints,,,,0.0,0.0,,,,,False,Unknown|Unknown|Unknown|Unknown|Unknown
129,4.301569343065693,Lying,False,Unknown,False,0.0,missing_keypoints,,,,0.0,0.0,,,,,False,Unknown|Unknown|Unknown|Unknown|Unknown
130,4.334914841849148,Lying,False,Unknown,False,0.0,missing_keypoints,,,,0.0,0.0,,,,,False,Unknown|Unknown|Unknown|Unknown|Unknown
131,4.368260340632603,Lying,False,Unknown,False,0.0,missing_keypoints,,,,0.0,0.0,,,,,False,Unknown|Unknown|Unknown|Unknown|Unknown
132,4.401605839416058,Lying,False,Unknown,False,0.0,missing_keypoints,,,,0.0,0.0,,,,,False,Unknown|Unknown|Unknown|Unknown|Unknown
133,4.434951338199514,Lying,False,Unknown,False,0.0,missing_keypoints,,,,0.0,0.0,,,,,False,Unknown|Unknown|Unknown|Unknown|Unknown
134,4.468296836982968,Lying,False,Unknown,False,0.0,missing_keypoints,,,,0.0,0.0,,,,,False,Unknown|Unknown|Unknown|Unknown|Unknown
135,4.501642335766423,Lying,False,Unknown,False,0.0,missing_keypoints,,,,0.0,0.0,,,,,False,Unknown|Unknown|Unknown|Unknown|Unknown
136,4.534987834549878,Lying,False,Unknown,False,0.0,missing_keypoints,,,,0.0,0.0,,,,,False,Unknown|Unknown|Unknown|Unknown|Unknown
137,4.568333333333333,Lying,False,Unknown,False,0.0,missing_keypoints,,,,0.0,0.0,,,,,False,Unknown|Unknown|Unknown|Unknown|Unknown
138,4.6016788321167885,Lying,False,Unknown,False,0.0,missing_keypoints,,,,0.0,0.0,,,,,False,Unknown|Unknown|Unknown|Unknown|Unknown
139,4.635024330900243,Lying,False,Unknown,False,0.0,missing_keypoints,,,,0.0,0.0,,,,,False,Unknown|Unknown|Unknown|Unknown|Unknown
140,4.668369829683698,Lying,False,Unknown,False,0.0,missing_keypoints,,,,0.0,0.0,,,,,False,Unknown|Unknown|Unknown|Unknown|Unknown
141,4.701715328467153,Lying,False,Unknown,False,0.0,missing_keypoints,,,,0.0,0.0,,,,,False,Unknown|Unknown|Unknown|Unknown|Unknown
142,4.735060827250608,Lying,False,Unknown,False,0.0,missing_keypoints,,,,0.0,0.0,,,,,False,Unknown|Unknown|Unknown|Unknown|Unknown
143,4.7684063260340634,Lying,False,Unknown,False,0.0,missing_keypoints,,,,0.0,0.0,,,,,False,Unknown|Unknown|Unknown|Unknown|Unknown
144,4.801751824817518,Lying,False,Unknown,False,0.0,missing_keypoints,,,,0.0,0.0,,,,,False,Unknown|Unknown|Unknown|Unknown|Unknown
145,4.835097323600973,Lying,False,Unknown,False,0.0,missing_keypoints,,,,0.0,0.0,,,,,False,Unknown|Unknown|Unknown|Unknown|Unknown
146,4.868442822384428,Lying,False,Unknown,False,0.0,missing_keypoints,,,,0.0,0.0,,,,,False,Unknown|Unknown|Unknown|Unknown|Unknown
147,4.901788321167883,Lying,False,Unknown,False,0.0,missing_keypoints,,,,0.0,0.0,,,,,False,Unknown|Unknown|Unknown|Unknown|Unknown
148,4.935133819951338,Lying,False,Unknown,False,0.62,horizontal_torso,,,93.71178415046543,0.0,0.0,0.27281619679609187,0.27281619679609187,0.5386220961809158,True,False,Unknown|Unknown|Unknown|Unknown|Lying
149,4.968479318734793,Lying,False,Lying,False,0.65,"horizontal_torso,slow_lie",,,95.18171156388847,0.22943204235121906,44.081734178539286,0.2740849443563537,0.2740849443563537,0.5407070368528366,True,False,Unknown|Unknown|Unknown|Lying|Lying
150,5.001824817518248,Lying,False,Lying,False,0.65,"horizontal_torso,slow_lie",,,96.24100650301308,0.5938395572514398,31.767254285312905,0.26690403803595764,0.26690403803595764,0.5423654615879059,True,False,Unknown|Unknown|Lying|Lying|Lying
151,5.035170316301703,Lying,False,Lying,False,0.65,"horizontal_torso,slow_lie",,,96.91882786438862,0.1284533078082333,20.327222147051707,0.26578241176283673,0.26578241176283673,0.5429341793060303,True,False,Unknown|Lying|Lying|Lying|Lying
152,5.068515815085158,Lying,False,Lying,False,0.65,"horizontal_torso,slow_lie",,,98.28745790421982,0.42031778409941867,41.04392166148277,0.26050496325803657,0.26050496325803657,0.5443590432405472,True,False,Lying|Lying|Lying|Lying|Lying
153,5.101861313868613,Lying,False,Lying,False,0.65,"horizontal_torso,slow_lie",,,98.94633609479683,0.18992769988923602,19.75913435440723,0.2579917773186798,0.2579917773186798,0.5447441190481186,True,False,Lying|Lying|Lying|Lying|Lying
154,5.135206812652068,Lying,False,Lying,False,0.65,"horizontal_torso,slow_lie",,,99.02042493620189,0.0707870917627791,2.2218543464049048,0.2572949921060608,0.2572949921060608,0.5450025498867035,True,False,Lying|Lying|Lying|Lying|Lying
155,5.168552311435523,Lying,False,Lying,False,0.65,"horizontal_torso,slow_lie",,,98.955032041395,0.04504945227735541,1.9610711248180976,0.2578941595310547,0.2578941595310547,0.5448828786611557,True,False,Lying|Lying|Lying|Lying|Lying
156,5.201897810218978,Lying,False,Lying,False,0.65,"horizontal_torso,slow_lie",,,98.87249217916603,0.05082606096020942,2.4752924754546783,0.25842950899828576,0.25842950899828576,0.5444475561380386,True,False,Lying|Lying|Lying|Lying|Lying
157,5.235243309002433,Lying,False,Lying,False,0.65,"horizontal_torso,slow_lie",,,98.65966634351621,0.057611348219836024,6.382445709746592,0.25784558555819165,0.25784558555819165,0.543955072760582,True,False,Lying|Lying|Lying|Lying|Lying
158,5.268588807785888,Lying,False,Lying,False,0.65,"horizontal_torso,slow_lie",,,98.46216116536378,0.05921355270964512,5.9229936680515545,0.2566960039530166,0.2566960039530166,0.5434776991605759,True,False,Lying|Lying|Lying|Lying|Lying
159,5.3019343065693425,Lying,False,Lying,False,0.65,"horizontal_torso,slow_lie",,,98.24715711790861,0.07165188484906622,6.447768223573561,0.2549556906224308,0.2549556906224308,0.5433732122182846,True,False,Lying|Lying|Lying|Lying|Lying
160,5.335279805352798,Lying,False,Lying,False,0.65,"horizontal_torso,slow_lie",,,98.11412355691105,0.1278811575949505,3.989550789492675,0.2549219609654114,0.2549219609654114,0.5422879010438919,True,False,Lying|Lying|Lying|Lying|Lying
161,5.368625304136253,Lying,False,Lying,False,0.65,"horizontal_torso,slow_lie",,,97.74323476804148,0.019679226486123982,11.122604321444431,0.254824428455834,0.254824428455834,0.5421419590711594,True,False,Lying|Lying|Lying|Lying|Lying
162,5.401970802919708,Lying,False,Lying,False,0.65,"horizontal_torso,slow_lie",,,97.79153169516678,0.09445334151682673,1.4483792082087572,0.25327958192046207,0.25327958192046207,0.5418882966041565,True,False,Lying|Lying|Lying|Lying|Lying
163,5.435316301703163,Lying,False,Lying,False,0.65,"horizontal_torso,slow_lie",,,98.13239236523104,0.09437021505288629,10.222089412361171,0.25234392546796264,0.25234392546796264,0.54249407351017,True,False,Lying|Lying|Lying|Lying|Lying
164,5.468661800486617,Lying,False,Lying,False,0.65,"horizontal_torso,slow_lie",,,99.17610299980599,0.2903455813416955,31.299895717644183,0.2505745253005452,0.2505745253005452,0.5443605929613113,True,False,Lying|Lying|Lying|Lying|Lying
165,5.502007299270073,Lying,False,Lying,False,0.65,"horizontal_torso,slow_lie",,,99.24295998738685,0.05171930319963805,2.004977883672711,0.25147042818518894,0.25147042818518894,0.5446592569351196,True,False,Lying|Lying|Lying|Lying|Lying
166,5.535352798053528,Lying,False,Lying,False,0.65,"horizontal_torso,slow_lie",,,99.52387837765401,0.1034573221287988,8.42447708134275,0.2529958180669377,0.2529958180669377,0.5443959385156631,True,False,Lying|Lying|Lying|Lying|Lying
167,5.568698296836983,Lying,False,Lying,False,0.65,"horizontal_torso,slow_lie",,,99.5641463095388,0.09386580374591016,1.207597227628336,0.2515067670392824,0.2515067670392824,0.5444610863924026,True,False,Lying|Lying|Lying|Lying|Lying
168,5.602043795620438,Lying,False,Lying,False,0.65,"horizontal_torso,slow_lie",,,99.56796964852782,0.10045808129802634,0.11465832356717727,0.25021415783160017,0.25021415783160017,0.5447210967540741,True,False,Lying|Lying|Lying|Lying|Lying
169,5.635389294403892,Lying,False,Lying,False,0.65,"horizontal_torso,slow_lie",,,99.5614205420996,0.035208413499668786,0.1964015134622534,0.24972530041382454,0.24972530041382454,0.5449072271585464,True,False,Lying|Lying|Lying|Lying|Lying
170,5.6687347931873475,Lying,False,Lying,False,0.65,"horizontal_torso,slow_lie",,,99.64974319696965,0.016677188137853002,2.648712962538662,0.2498798181073219,0.2498798181073219,0.5447744876146317,True,False,Lying|Lying|Lying|Lying|Lying
171,5.702080291970803,Lying,False,Lying,False,0.65,"horizontal_torso,slow_lie",,,99.81527325830754,0.20245142025875137,4.964090128410971,0.247522729814738,0.247522729814738,0.5454680323600769,True,False,Lying|Lying|Lying|Lying|Lying
172,5.735425790754258,Lying,False,Lying,False,0.65,"horizontal_torso,slow_lie",,,98.95186760483276,0.4800931198935351,25.892719706540316,0.2536513075141521,0.2536513075141521,0.5435916185379028,True,False,Lying|Lying|Lying|Lying|Lying
173,5.768771289537713,Lying,False,Lying,False,0.65,"horizontal_torso,slow_lie",,,98.5871590748516,0.08840176260819571,10.937264197172937,0.25227369786799425,0.25227369786799425,0.5430193394422531,True,False,Lying|Lying|Lying|Lying|Lying
174,5.802116788321167,Lying,False,Lying,False,0.65,"horizontal_torso,slow_lie",,,98.23579378461322,0.0905064303177786,10.537113045456108,0.25350999511659505,0.25350999511659505,0.5427085757255554,True,False,Lying|Lying|Lying|Lying|Lying
175,5.8354622871046224,Lying,False,Lying,False,0.65,"horizontal_torso,slow_lie",,,98.27101857850286,0.01807510902542607,1.0563582844685773,0.2533164038605545,0.2533164038605545,0.5426514148712158,True,False,Lying|Lying|Lying|Lying|Lying
176,5.868807785888078,Lying,False,Lying,False,0.65,"horizontal_torso,slow_lie",,,98.47928212571857,0.32603994545311515,6.245626990562241,0.2495518759119245,0.2495518759119245,0.5437341630458832,True,False,Lying|Lying|Lying|Lying|Lying
177,5.902153284671533,Lying,False,Lying,False,0.65,"horizontal_torso,slow_lie",,,98.35695906147079,0.29552125352604636,3.6683531124288495,0.2534120877944361,0.2534120877944361,0.5437791794538498,True,False,Lying|Lying|Lying|Lying|Lying
178,5.935498783454988,Lying,False,Lying,False,0.65,"horizontal_torso,slow_lie",,,97.7991613845562,0.09662622778263398,16.72782526172163,0.25445821394703555,0.25445821394703555,0.5435262322425842,True,False,Lying|Lying|Lying|Lying|Lying
179,5.968844282238442,Lying,False,Lying,False,0.65,"horizontal_torso,slow_lie",,,97.654828549974,0.023221556487698247,4.328405327492586,0.25451216381621955,0.25451216381621955,0.543648436665535,True,False,Lying|Lying|Lying|Lying|Lying
180,6.002189781021897,Lying,False,Lying,False,0.65,"horizontal_torso,slow_lie",,,97.8010404282594,0.14764173004137376,4.384756072623039,0.25682415196103664,0.25682415196103664,0.5434001535177231,True,False,Lying|Lying|Lying|Lying|Lying
181,6.0355352798053525,Lying,False,Lying,False,0.65,"horizontal_torso,slow_lie",,,97.86934653483715,0.10120296828825066,2.048435593101455,0.25571779873968037,0.25571779873968037,0.5428638160228729,True,False,Lying|Lying|Lying|Lying|Lying
182,6.068880778588808,Lying,False,Lying,False,0.65,"horizontal_torso,slow_lie",,,98.21818899299156,0.320485174254902,10.461455695108425,0.25157870094375423,0.25157870094375423,0.5434874445199966,True,False,Lying|Lying|Lying|Lying|Lying
183,6.102226277372263,Lying,False,Lying,False,0.65,"horizontal_torso,slow_lie",,,98.37630612156208,0.021759499577712872,4.741783279276539,0.2524434549812119,0.2524434549812119,0.5436677038669586,True,False,Lying|Lying|Lying|Lying|Lying
184,6.135571776155717,Lying,False,Lying,False,0.65,"horizontal_torso,slow_lie",,,98.73810917818221,0.3706335917187241,10.850131796488705,0.24769657758928879,0.24769657758928879,0.5441947430372238,True,False,Lying|Lying|Lying|Lying|Lying
185,6.168917274939172,Lying,False,Lying,False,0.65,"horizontal_torso,slow_lie",,,99.13222278119439,0.1123205118934197,11.819094552207375,0.24894543208850722,0.24894543208850722,0.5450909435749054,True,False,Lying|Lying|Lying|Lying|Lying
186,6.2022627737226275,Lying,False,Lying,False,0.65,"horizontal_torso,slow_lie",,,99.19577566625716,0.061595395063276805,1.9058909712368468,0.24947390242499393,0.24947390242499393,0.5455936193466187,True,False,Lying|Lying|Lying|Lying|Lying
187,6.235608272506083,Lying,False,Lying,False,0.65,"horizontal_torso,slow_lie",,,99.16934239420323,0.06968713099856305,0.7927088518181348,0.2505835772010119,0.2505835772010119,0.5452271401882172,True,False,Lying|Lying|Lying|Lying|Lying
188,6.268953771289538,Lying,False,Lying,False,0.65,"horizontal_torso,slow_lie",,,99.07487734837922,0.01435429043789353,2.8329174632373233,0.25062296837852177,0.25062296837852177,0.545342281460762,True,False,Lying|Lying|Lying|Lying|Lying
189,6.302299270072992,Lying,False,Lying,False,0.65,"horizontal_torso,slow_lie",,,98.63897958897043,0.03744113781092253,13.072161920249258,0.25053492986457593,0.25053492986457593,0.5456335842609406,True,False,Lying|Lying|Lying|Lying|Lying
190,6.335644768856447,Lying,False,Lying,False,0.65,"horizontal_torso,slow_lie",,,98.58505122313288,0.0899493770042941,1.617260733982689,0.25225032448983814,0.25225032448983814,0.5457949787378311,True,False,Lying|Lying|Lying|Lying|Lying
191,6.368990267639902,Lying,False,Lying,False,0.65,"horizontal_torso,slow_lie",,,98.73163125614543,0.054315801410955745,4.39579668501712,0.2530155706326693,0.2530155706326693,0.545907661318779,True,False,Lying|Lying|Lying|Lying|Lying
192,6.4023357664233576,Lying,False,Lying,False,0.65,"horizontal_torso,slow_lie",,,99.13507179115932,0.04870537321867465,12.098800429821674,0.25378737228159315,0.25378737228159315,0.5455351173877716,True,False,Lying|Lying|Lying|Lying|Lying
193,6.435681265206813,Lying,False,Lying,False,0.65,"horizontal_torso,slow_lie",,,99.2121137444731,0.09496324717338005,2.310415382120678,0.252578813052712,0.252578813052712,0.5456987768411636,True,False,Lying|Lying|Lying|Lying|Lying
194,6.469026763990267,Lying,False,Lying,False,0.65,"horizontal_torso,slow_lie",,,99.56189120204816,0.42902087274717193,10.489495444243126,0.246779947862272,0.246779947862272,0.5456982254981995,True,False,Lying|Lying|Lying|Lying|Lying
195,6.502372262773722,Lying,False,Lying,False,0.65,"horizontal_torso,slow_lie",,,99.48572182744755,0.09415353437239678,2.284247571021572,0.24746866735337317,0.24746866735337317,0.5450178384780884,True,False,Lying|Lying|Lying|Lying|Lying
196,6.535717761557177,Lying,False,Lying,False,0.65,"horizontal_torso,slow_lie",,,99.53012443614394,0.09939381631267692,1.3315922783082892,0.2460931404853644,0.2460931404853644,0.5446296334266663,True,False,Lying|Lying|Lying|Lying|Lying
197,6.5690632603406325,Lying,False,Lying,False,0.65,"horizontal_torso,slow_lie",,,99.08353368532514,0.20642792376719515,13.392834628714022,0.2473629421917256,0.2473629421917256,0.5432070642709732,True,False,Lying|Lying|Lying|Lying|Lying
198,6.602408759124088,Lying,False,Lying,False,0.65,"horizontal_torso,slow_lie",,,98.82546511454032,0.3456867612669987,7.739232586104217,0.25123589280663905,0.25123589280663905,0.5429408848285675,True,False,Lying|Lying|Lying|Lying|Lying
199,6.635754257907542,Lying,False,Lying,False,0.65,"horizontal_torso,slow_lie",,,98.83760420883088,0.25381022965121863,0.36403996741484934,0.25447871460276156,0.25447871460276156,0.5429984033107758,True,False,Lying|Lying|Lying|Lying|Lying
200,6.669099756690997,Lying,False,Lying,False,0.65,"horizontal_torso,slow_lie",,,98.91949316959996,0.07524916883161889,2.4557725557162207,0.25596784186354277,0.25596784186354277,0.5431379526853561,True,False,Lying|Lying|Lying|Lying|Lying
201,6.702445255474452,Lying,False,Lying,False,0.65,"horizontal_torso,slow_lie",,,98.9616832707769,0.0348713612144882,1.2652412684219712,0.25664384138188445,0.25664384138188445,0.5433313399553299,True,False,Lying|Lying|Lying|Lying|Lying
202,6.735790754257907,Lying,False,Lying,False,0.65,"horizontal_torso,slow_lie",,,98.96902374346453,0.015423165940240211,0.22013383981146425,0.2566152067885225,0.2566152067885225,0.5433842092752457,True,False,Lying|Lying|Lying|Lying|Lying
203,6.769136253041363,Lying,False,Lying,False,0.65,"horizontal_torso,slow_lie",,,98.92254210773628,0.10878806960919944,1.3939403344993095,0.25551849498264045,0.25551849498264045,0.5442918837070465,True,False,Lying|Lying|Lying|Lying|Lying
204,6.802481751824817,Lying,False,Lying,False,0.65,"horizontal_torso,slow_lie",,,98.41877632898118,0.16834888816927615,15.107459691233032,0.25686096958978916,0.25686096958978916,0.5431255400180817,True,False,Lying|Lying|Lying|Lying|Lying
205,6.835827250608272,Lying,False,Lying,False,0.65,"horizontal_torso,slow_lie",,,97.89191837791971,0.19336521353479785,15.799972118662108,0.25776690740769825,0.25776690740769825,0.5417444258928299,True,False,Lying|Lying|Lying|Lying|Lying
206,6.869172749391727,Lying,False,Lying,False,0.65,"horizontal_torso,slow_lie",,,97.45367414257592,0.06842911959347356,13.142530516329511,0.25536174644661386,0.25536174644661386,0.5420381426811218,True,False,Lying|Lying|Lying|Lying|Lying
207,6.902518248175182,Lying,False,Lying,False,0.65,"horizontal_torso,slow_lie",,,97.44388568614445,0.07460638147481448,0.2935465591632445,0.2563399736643294,0.2563399736643294,0.5418300032615662,True,False,Lying|Lying|Lying|Lying|Lying
208,6.9358637469586375,Lying,False,Lying,False,0.65,"horizontal_torso,slow_lie",,,97.40736555317613,0.07280782715652794,1.0952042794585581,0.2563710621521615,0.2563710621521615,0.5424474030733109,True,False,Lying|Lying|Lying|Lying|Lying
209,6.969209245742092,Lying,False,Lying,False,0.65,"horizontal_torso,slow_lie",,,97.20036686049843,0.36233177262433114,6.207695198142046,0.26161242177873645,0.26161242177873645,0.5415567010641098,True,False,Lying|Lying|Lying|Lying|Lying
210,7.002554744525547,Lying,False,Lying,False,0.65,"horizontal_torso,slow_lie",,,97.45857505894186,0.06860248506420917,7.743419887650336,0.26091387098586716,0.26091387098586716,0.541975200176239,True,False,Lying|Lying|Lying|Lying|Lying
211,7.035900243309002,Lying,False,Lying,False,0.65,"horizontal_torso,slow_lie",,,97.04211241294215,0.20640823217092852,12.489321233555785,0.263101589442186,0.263101589442186,0.5411572754383087,True,False,Lying|Lying|Lying|Lying|Lying
212,7.069245742092457,Lying,False,Lying,False,0.65,"horizontal_torso,slow_lie",,,96.8207256728296,0.11810328786486642,6.639179145294234,0.26219401461299124,0.26219401461299124,0.5404364764690399,True,False,Lying|Lying|Lying|Lying|Lying
213,7.102591240875912,Lying,False,Lying,False,0.65,"horizontal_torso,slow_lie",,,96.87628856820095,0.06351591466859444,1.666278730217123,0.26117547629013244,0.26117547629013244,0.540311872959137,True,False,Lying|Lying|Lying|Lying|Lying
214,7.135936739659367,Lying,False,Lying,False,0.65,"horizontal_torso,slow_lie",,,96.63141525833065,0.12515432366980478,7.343519179620251,0.2598769509053316,0.2598769509053316,0.5402360409498215,True,False,Lying|Lying|Lying|Lying|Lying
215,7.169282238442822,Lying,False,Lying,False,0.65,"horizontal_torso,slow_lie",,,96.62506297470962,0.012240467181910283,0.19049898345435978,0.2592609483722233,0.2592609483722233,0.5401699841022491,True,False,Lying|Lying|Lying|Lying|Lying
216,7.202627737226277,Lying,False,Lying,False,0.65,"horizontal_torso,slow_lie",,,96.89696340353187,0.16817400706745775,8.154036938777372,0.2573630884078673,0.2573630884078673,0.540623813867569,True,False,Lying|Lying|Lying|Lying|Lying
217,7.235973236009732,Lying,False,Lying,False,0.65,"horizontal_torso,slow_lie",,,97.36911203089105,0.4920273973384621,14.159291196250999,0.2520675096784178,0.2520675096784178,0.5419130176305771,True,False,Lying|Lying|Lying|Lying|Lying
218,7.269318734793187,Lying,False,Lying,False,0.65,"horizontal_torso,slow_lie",,,98.23203928490734,0.23501022866403182,25.878372958825018,0.25115874877553745,0.25115874877553745,0.5436500459909439,True,False,Lying|Lying|Lying|Lying|Lying
219,7.302664233576642,Lying,False,Lying,False,0.65,"horizontal_torso,slow_lie",,,98.31950364547288,0.09658691823198998,2.6229735273575407,0.25137379277645727,0.25137379277645727,0.544439509510994,True,False,Lying|Lying|Lying|Lying|Lying
220,7.336009732360097,Lying,False,Lying,False,0.65,"horizontal_torso,slow_lie",,,98.05658637454465,0.2648080467202667,7.884640521816916,0.25541453342935105,0.25541453342935105,0.5442185699939728,True,False,Lying|Lying|Lying|Lying|Lying
221,7.369355231143552,Lying,False,Lying,False,0.65,"horizontal_torso,slow_lie",,,97.74349364806207,0.07645075090295544,9.389355022571303,0.25621120579603734,0.25621120579603734,0.544120728969574,True,False,Lying|Lying|Lying|Lying|Lying
222,7.402700729927007,Lying,False,Lying,False,0.65,"horizontal_torso,slow_lie",,,97.61923856529971,0.2623724854835125,3.7262925220963017,0.2598301939508868,0.2598301939508868,0.5440228432416916,True,False,Lying|Lying|Lying|Lying|Lying
223,7.436046228710462,Lying,False,Lying,False,0.65,"horizontal_torso,slow_lie",,,97.48180510064384,0.225711231171923,4.1214997426897195,0.26273631589917884,0.26273631589917884,0.5437574088573456,True,False,Lying|Lying|Lying|Lying|Lying
224,7.4693917274939166,Lying,False,Lying,False,0.65,"horizontal_torso,slow_lie",,,97.49987928540872,0.019979300415947292,0.5420277226098321,0.26294539630238273,0.26294539630238273,0.5439198017120361,True,False,Lying|Lying|Lying|Lying|Lying
225,7.502737226277372,Lying,False,Lying,False,0.65,"horizontal_torso,slow_lie",,,98.0336148638355,0.4606887255389937,16.006225664604298,0.25623623395999584,0.25623623395999584,0.5444849580526352,True,False,Lying|Lying|Lying|Lying|Lying
226,7.536082725060827,Lying,False,Lying,False,0.65,"horizontal_torso,slow_lie",,,98.58416878243222,0.3062324654150473,16.510591794472855,0.25366752174126694,0.25366752174126694,0.5455354750156403,True,False,Lying|Lying|Lying|Lying|Lying
227,7.569428223844282,Lying,False,Lying,False,0.65,"horizontal_torso,slow_lie",,,98.91216289054822,0.08220351186142497,9.836233377283914,0.25454439522889366,0.25454439522889366,0.5448723137378693,True,False,Lying|Lying|Lying|Lying|Lying
228,7.602773722627737,Lying,False,Lying,False,0.65,"horizontal_torso,slow_lie",,,98.51220767330595,0.1037330617151768,11.994279043164553,0.2541363501626707,0.2541363501626707,0.5440841615200043,True,False,Lying|Lying|Lying|Lying|Lying
229,7.6361192214111915,Lying,False,Lying,False,0.65,"horizontal_torso,slow_lie",,,97.3303926960415,0.38161384912819996,35.441514458642835,0.25680650959907436,0.25680650959907436,0.5416924953460693,True,False,Lying|Lying|Lying|Lying|Lying
230,7.669464720194647,Lying,False,Lying,False,0.65,"horizontal_torso,slow_lie",,,97.20760197241431,0.11058677407406374,3.6823777753210485,0.257311909330196,0.257311909330196,0.5410040766000748,True,False,Lying|Lying|Lying|Lying|Lying
231,7.702810218978102,Lying,False,Lying,False,0.65,"horizontal_torso,slow_lie",,,97.18786772576478,0.04810773903263348,0.5918114099203606,0.2572926969023262,0.2572926969023262,0.5408854484558105,True,False,Lying|Lying|Lying|Lying|Lying
232,7.736155717761557,Lying,False,Lying,False,0.65,"horizontal_torso,slow_lie",,,97.47495534521896,0.08063200800204207,8.609486435291414,0.25745567344949843,0.25745567344949843,0.5415566265583038,True,False,Lying|Lying|Lying|Lying|Lying
233,7.769501216545012,Lying,False,Lying,False,0.65,"horizontal_torso,slow_lie",,,97.61157107894101,0.14680564025824122,4.096976764667159,0.25925565033640163,0.25925565033640163,0.5423000603914261,True,False,Lying|Lying|Lying|Lying|Lying
234,7.802846715328466,Lying,False,Lying,False,0.65,"horizontal_torso,slow_lie",,,97.71658449157461,0.020240760586561907,3.1492530165931383,0.2595407095654678,0.2595407095654678,0.542420819401741,True,False,Lying|Lying|Lying|Lying|Lying
235,7.836192214111922,Lying,False,Lying,False,0.65,"horizontal_torso,slow_lie",,,97.96029240011943,0.31721511789893697,7.308569895069001,0.25574188635450795,0.25574188635450795,0.5427566319704056,True,False,Lying|Lying|Lying|Lying|Lying
236,7.869537712895377,Lying,False,Lying,False,0.65,"horizontal_torso,slow_lie",,,97.96706496353293,0.02142062708212604,0.2031027773039686,0.25650529601467015,0.25650529601467015,0.5429236888885498,True,False,Lying|Lying|Lying|Lying|Lying
237,7.902883211678832,Lying,False,Lying,False,0.65,"horizontal_torso,slow_lie",,,98.05856970924418,0.008856051200560272,2.7441408600746215,0.2566391209493608,0.2566391209493608,0.5429118871688843,True,False,Lying|Lying|Lying|Lying|Lying
238,7.936228710462287,Lying,False,Lying,False,0.65,"horizontal_torso,slow_lie",,,98.52708804959546,0.3296513491678442,14.050422319180988,0.2519740446842859,0.2519740446842859,0.5443380773067474,True,False,Lying|Lying|Lying|Lying|Lying
239,7.969574209245741,Lying,False,Lying,False,0.65,"horizontal_torso,slow_lie",,,98.36616026224362,0.08818573112420452,4.826072280306955,0.25266261776918864,0.25266261776918864,0.5436886847019196,True,False,Lying|Lying|Lying|Lying|Lying
240,8.002919708029196,Lying,False,Lying,False,0.65,"horizontal_torso,slow_lie",,,98.3329709425957,0.03614214222544326,0.9953163353009647,0.2523870430383512,0.2523870430383512,0.5439067184925079,True,False,Lying|Lying|Lying|Lying|Lying
241,8.036265206812653,Lying,False,Lying,False,0.65,"horizontal_torso,slow_lie",,,98.20985495101212,0.18830420187138322,3.6921322539837704,0.25611278862767356,0.25611278862767356,0.5438793748617172,True,False,Lying|Lying|Lying|Lying|Lying
242,8.069610705596107,Lying,False,Lying,False,0.65,"horizontal_torso,slow_lie",,,98.19961635910788,0.02927715834285286,0.30704569665398956,0.2560323296247967,0.2560323296247967,0.543721541762352,True,False,Lying|Lying|Lying|Lying|Lying
243,8.102956204379561,Lying,False,Lying,False,0.65,"horizontal_torso,slow_lie",,,98.16953197671704,0.027183738755927583,0.9022022008489802,0.255939622026119,0.255939622026119,0.5436348766088486,True,False,Lying|Lying|Lying|Lying|Lying
244,8.136301703163017,Lying,False,Lying,False,0.65,"horizontal_torso,slow_lie",,,97.95162094819433,0.07696465285476732,6.534945838951452,0.25481859156818343,0.25481859156818343,0.5441966503858566,True,False,Lying|Lying|Lying|Lying|Lying
245,8.169647201946471,Lying,False,Lying,False,0.65,"horizontal_torso,slow_lie",,,98.01959227636334,0.028791928023157554,2.038395904958997,0.2546340138038008,0.2546340138038008,0.5444404929876328,True,False,Lying|Lying|Lying|Lying|Lying
246,8.202992700729927,Lying,False,Lying,False,0.65,"horizontal_torso,slow_lie",,,98.23666543160009,0.06540487399318001,6.509818810820883,0.2548378115162882,0.2548378115162882,0.5449955612421036,True,False,Lying|Lying|Lying|Lying|Lying
247,8.236338199513382,Lying,False,Lying,False,0.65,"horizontal_torso,slow_lie",,,98.44549305144007,0.02392881060055528,6.262542995566106,0.2548077455006218,0.2548077455006218,0.5450654029846191,True,False,Lying|Lying|Lying|Lying|Lying
248,8.269683698296836,Lying,False,Lying,False,0.65,"horizontal_torso,slow_lie",,,98.38245042681838,0.014704887765683254,1.890588742759135,0.25421371120647523,0.25421371120647523,0.5451688319444656,True,False,Lying|Lying|Lying|Lying|Lying
249,8.303029197080292,Lying,False,Lying,False,0.65,"horizontal_torso,slow_lie",,,98.618552571582,0.08496544940900276,7.080480226037571,0.25368711261365284,0.25368711261365284,0.5452837496995926,True,False,Lying|Lying|Lying|Lying|Lying
250,8.336374695863746,Lying,False,Lying,False,0.65,"horizontal_torso,slow_lie",,,98.45960211701468,0.16510935624912862,4.766773938501938,0.2561560234903555,0.2561560234903555,0.544978529214859,True,False,Lying|Lying|Lying|Lying|Lying
251,8.369720194647202,Lying,False,Lying,False,0.65,"horizontal_torso,slow_lie",,,98.31233966490653,0.08810444835443453,4.4162617888689,0.2571397966355246,0.2571397966355246,0.5448372662067413,True,False,Lying|Lying|Lying|Lying|Lying
252,8.403065693430657,Lying,False,Lying,False,0.65,"horizontal_torso,slow_lie",,,98.59220913884758,0.04224704964453363,8.393021071855026,0.257366447474687,0.257366447474687,0.5444747060537338,True,False,Lying|Lying|Lying|Lying|Lying
253,8.436411192214111,Lying,False,Lying,False,0.65,"horizontal_torso,slow_lie",,,99.00977122933229,0.38321921677177645,12.522292534784285,0.25142969193801074,0.25142969193801074,0.5441436022520065,True,False,Lying|Lying|Lying|Lying|Lying
254,8.469756690997567,Lying,False,Lying,False,0.65,"horizontal_torso,slow_lie",,,98.99114576530283,0.005751218603243105,0.558560066844637,0.25237187491337787,0.25237187491337787,0.5440962314605713,True,False,Lying|Lying|Lying|Lying|Lying
255,8.503102189781021,Lying,False,Lying,False,0.65,"horizontal_torso,slow_lie",,,99.05101176393055,0.008719585643286471,1.7953247308275109,0.2523787663095758,0.2523787663095758,0.5441393852233887,True,False,Lying|Lying|Lying|Lying|Lying
256,8.536447688564477,Lying,False,Lying,False,0.65,"horizontal_torso,slow_lie",,,99.41364323786357,0.1491083457301781,10.87497524892134,0.2530734886137347,0.2530734886137347,0.5453797280788422,True,False,Lying|Lying|Lying|Lying|Lying
257,8.569793187347932,Lying,False,Lying,False,0.65,"horizontal_torso,slow_lie",,,99.50577204334675,0.0574929104474197,2.762855822954379,0.2530551509147283,0.2530551509147283,0.5457969456911087,True,False,Lying|Lying|Lying|Lying|Lying
258,8.603138686131386,Lying,False,Lying,False,0.65,"horizontal_torso,slow_lie",,,99.3991524653613,0.007182435552960115,3.1974203978127007,0.2530926100431717,0.2530926100431717,0.5458026230335236,True,False,Lying|Lying|Lying|Lying|Lying
259,8.636484184914842,Lying,False,Lying,False,0.65,"horizontal_torso,slow_lie",,,99.25994978804927,0.07635421071345726,4.174556758499936,0.25413859901949687,0.25413859901949687,0.545651987195015,True,False,Lying|Lying|Lying|Lying|Lying
260,8.669829683698296,Lying,False,Lying,False,0.65,"horizontal_torso,slow_lie",,,99.16665671663728,0.05223441662791898,2.7977710580320694,0.2528771352381296,0.2528771352381296,0.5452479422092438,True,False,Lying|Lying|Lying|Lying|Lying
261,8.703175182481752,Lying,False,Lying,False,0.65,"horizontal_torso,slow_lie",,,98.94527864886906,0.17408503630631653,6.638919069882011,0.25413811131605507,0.25413811131605507,0.5445974469184875,True,False,Lying|Lying|Lying|Lying|Lying
262,8.736520681265207,Lying,False,Lying,False,0.65,"horizontal_torso,slow_lie",,,98.67446682367434,0.11544103550130412,8.121390744621316,0.2526483879067299,0.2526483879067299,0.5436259210109711,True,False,Lying|Lying|Lying|Lying|Lying
263,8.76986618004866,Lying,False,Lying,False,0.65,"horizontal_torso,slow_lie",,,98.36048170629037,0.04847493925738546,9.416116982474438,0.2530707703734857,0.2530707703734857,0.5433784127235413,True,False,Lying|Lying|Lying|Lying|Lying
264,8.803211678832117,Lying,False,Lying,False,0.65,"horizontal_torso,slow_lie",,,98.14943020120745,0.08475287502944776,6.329235212628795,0.25377974374995754,0.25377974374995754,0.5432780683040619,True,False,Lying|Lying|Lying|Lying|Lying
265,8.836557177615571,Lying,False,Lying,False,0.65,"horizontal_torso,slow_lie",,,98.05162307464902,0.11140526449907003,2.9331433064953023,0.255486469582554,0.255486469582554,0.5430463254451752,True,False,Lying|Lying|Lying|Lying|Lying
266,8.869902676399027,Lying,False,Lying,False,0.65,"horizontal_torso,slow_lie",,,97.91003563935158,0.11887218007858381,4.246073397099259,0.25744402503313885,0.25744402503313885,0.5431904643774033,True,False,Lying|Lying|Lying|Lying|Lying
267,8.903248175182481,Lying,False,Lying,False,0.65,"horizontal_torso,slow_lie",,,97.07139054641199,0.47255435718500144,25.150173892606883,0.26300522720120817,0.26300522720120817,0.5408440381288528,True,False,Lying|Lying|Lying|Lying|Lying
268,8.936593673965936,Lying,False,Lying,False,0.65,"horizontal_torso,slow_lie",,,97.12076122539335,0.42128129840164713,1.4805800117723464,0.2570337344356561,0.2570337344356561,0.5402052998542786,True,False,Lying|Lying|Lying|Lying|Lying
269,8.969939172749392,Lying,False,Lying,False,0.65,"horizontal_torso,slow_lie",,,97.28277526266517,0.15288909381943144,4.8586478889977815,0.2547443077523595,0.2547443077523595,0.5409463346004486,True,False,Lying|Lying|Lying|Lying|Lying
270,9.003284671532846,Lying,False,Lying,False,0.65,"horizontal_torso,slow_lie",,,97.56340790018972,0.2860821955525972,8.415907626602811,0.254774671926518,0.254774671926518,0.5431721359491348,True,False,Lying|Lying|Lying|Lying|Lying
271,9.036630170316302,Lying,False,Lying,False,0.65,"horizontal_torso,slow_lie",,,97.65816157519276,0.02020510458582973,2.84157317958785,0.25510404771828155,0.25510404771828155,0.543342188000679,True,False,Lying|Lying|Lying|Lying|Lying
272,9.069975669099756,Lying,False,Lying,False,0.65,"horizontal_torso,slow_lie",,,97.80284448834749,0.005949769957190725,4.338903853089612,0.25391211130784047,0.25391211130784047,0.5432945638895035,True,False,Lying|Lying|Lying|Lying|Lying
273,9.10332116788321,Lying,False,Lying,False,0.65,"horizontal_torso,slow_lie",,,97.36810615037857,0.2294149289547035,13.037391966817317,0.251533541772504,0.251533541772504,0.5419685244560242,True,False,Lying|Lying|Lying|Lying|Lying
274,9.136666666666667,Lying,False,Lying,False,0.65,"horizontal_torso,slow_lie",,,97.15123153203496,0.07039561636569197,6.503864876995317,0.2517044752584449,0.2517044752584449,0.5414458215236664,True,False,Lying|Lying|Lying|Lying|Lying
275,9.170012165450121,Lying,False,Lying,False,0.65,"horizontal_torso,slow_lie",,,96.76696327791154,0.12458273446390371,11.52384184200846,0.25351602305816556,0.25351602305816556,0.5411031246185303,True,False,Lying|Lying|Lying|Lying|Lying
276,9.203357664233577,Lying,False,Lying,False,0.65,"horizontal_torso,slow_lie",,,96.76834308574486,0.030624076390199883,0.04137913312609612,0.25315354864731954,0.25315354864731954,0.540913924574852,True,False,Lying|Lying|Lying|Lying|Lying
277,9.236703163017031,Lying,False,Lying,False,0.65,"horizontal_torso,slow_lie",,,96.88312559988701,0.011153866077657571,3.4422191399069204,0.25322080512829975,0.25322080512829975,0.540909081697464,True,False,Lying|Lying|Lying|Lying|Lying
278,9.270048661800486,Lying,False,Lying,False,0.65,"horizontal_torso,slow_lie",,,97.10733300527257,0.03399396500767032,6.723768231555309,0.2532797380108261,0.2532797380108261,0.5411630719900131,True,False,Lying|Lying|Lying|Lying|Lying
279,9.303394160583942,Lying,False,Lying,False,0.65,"horizontal_torso,slow_lie",,,96.84247244765402,0.1314388219780238,7.942917853427182,0.2541682223745461,0.2541682223745461,0.5406880378723145,True,False,Lying|Lying|Lying|Lying|Lying
280,9.336739659367396,Lying,False,Lying,False,0.65,"horizontal_torso,slow_lie",,,96.55130674861654,0.054436489017074305,8.731784188573952,0.2545060272331415,0.2545060272331415,0.5408940762281418,True,False,Lying|Lying|Lying|Lying|Lying
281,9.370085158150852,Lying,False,Lying,False,0.65,"horizontal_torso,slow_lie",,,96.7612798568749,0.14372146991608545,6.29689511084905,0.25684675678464997,0.25684675678464997,0.541625365614891,True,False,Lying|Lying|Lying|Lying|Lying
282,9.403430656934306,Lying,False,Lying,False,0.65,"horizontal_torso,slow_lie",,,96.8278955666244,0.05976110614822816,1.99774218949614,0.25813226256422733,0.25813226256422733,0.5416879653930664,True,False,Lying|Lying|Lying|Lying|Lying
283,9.43677615571776,Lying,False,Lying,False,0.65,"horizontal_torso,slow_lie",,,97.2484864663719,0.20125203832040534,12.613123662621243,0.2571817704060207,0.2571817704060207,0.5421580374240875,True,False,Lying|Lying|Lying|Lying|Lying
284,9.470121654501217,Lying,False,Lying,False,0.65,"horizontal_torso,slow_lie",,,97.84313267039633,0.027123249409993187,17.83287777118076,0.2585210742470136,0.2585210742470136,0.5421335697174072,True,False,Lying|Lying|Lying|Lying|Lying
285,9.50346715328467,Lying,False,Lying,False,0.65,"horizontal_torso,slow_lie",,,97.86945377431707,0.08943357254975487,0.7893450354923635,0.2570941330003603,0.2570941330003603,0.5425300300121307,True,False,Lying|Lying|Lying|Lying|Lying
286,9.536812652068127,Lying,False,Lying,False,0.65,"horizontal_torso,slow_lie",,,97.95163482202848,0.0578286384715079,2.4645319671208106,0.25702094769666833,0.25702094769666833,0.542645201086998,True,False,Lying|Lying|Lying|Lying|Lying
287,9.570158150851581,Lying,False,Lying,False,0.65,"horizontal_torso,slow_lie",,,97.9728141715268,0.04130128427889543,0.635148678862601,0.2571068515221954,0.2571068515221954,0.5429910272359848,True,False,Lying|Lying|Lying|Lying|Lying
288,9.603503649635035,Lying,False,Lying,False,0.65,"horizontal_torso,slow_lie",,,98.13634079845801,0.017957609530006715,4.904009023620952,0.2573371271551525,0.2573371271551525,0.5429887473583221,True,False,Lying|Lying|Lying|Lying|Lying
289,9.636849148418491,Lying,False,Lying,False,0.65,"horizontal_torso,slow_lie",,,98.99992468334356,0.22058909221932127,25.898064698135908,0.25643347661075355,0.25643347661075355,0.5447536706924438,True,False,Lying|Lying|Lying|Lying|Lying
290,9.670194647201946,Lying,False,Lying,False,0.65,"horizontal_torso,slow_lie",,,99.27516997668991,0.15719626230543196,8.254346265257206,0.2548975075173448,0.2548975075173448,0.545449361205101,True,False,Lying|Lying|Lying|Lying|Lying
291,9.703540145985402,Lying,False,Lying,False,0.65,"horizontal_torso,slow_lie",,,99.65444738780232,0.17246237786369456,11.374171176008483,0.25303238550631707,0.25303238550631707,0.546318918466568,True,False,Lying|Lying|Lying|Lying|Lying
292,9.736885644768856,Lying,False,Lying,False,0.65,"horizontal_torso,slow_lie",,,99.62200798927441,0.0830110361423938,0.9728269095200677,0.25222168751167734,0.25222168751167734,0.5467613488435745,True,False,Lying|Lying|Lying|Lying|Lying
293,9.77023114355231,Lying,False,Lying,False,0.65,"horizontal_torso,slow_lie",,,99.43434145099616,0.45277309475350236,5.6279421548604605,0.25831875340017996,0.25831875340017996,0.5465020537376404,True,False,Lying|Lying|Lying|Lying|Lying
294,9.803576642335766,Lying,False,Lying,False,0.65,"horizontal_torso,slow_lie",,,99.26352688914554,0.09504732857456225,5.122567305406956,0.25748299192655555,0.25748299192655555,0.5457932949066162,True,False,Lying|Lying|Lying|Lying|Lying
295,9.83692214111922,Lying,False,Lying,False,0.65,"horizontal_torso,slow_lie",,,98.6061368778419,0.209486699780937,19.714505264195473,0.25525902608445267,0.25525902608445267,0.5442995578050613,True,False,Lying|Lying|Lying|Lying|Lying
296,9.870267639902677,Lying,False,Lying,False,0.65,"horizontal_torso,slow_lie",,,98.11176567873494,0.10142084101598638,14.825725124622842,0.2561586833608309,0.2561586833608309,0.5437751412391663,True,False,Lying|Lying|Lying|Lying|Lying
297,9.903613138686131,Lying,False,Lying,False,0.65,"horizontal_torso,slow_lie",,,97.67220050355084,0.19018274858062634,13.18214425397074,0.2554907601781693,0.2554907601781693,0.5427857488393784,True,False,Lying|Lying|Lying|Lying|Lying
298,9.936958637469585,Lying,False,Lying,False,0.65,"horizontal_torso,slow_lie",,,97.37636226716572,0.09821732030550073,8.871909168499679,0.2547675438378297,0.2547675438378297,0.5420217216014862,True,False,Lying|Lying|Lying|Lying|Lying
299,9.970304136253041,Lying,False,Lying,False,0.65,"horizontal_torso,slow_lie",,,97.2674772378866,0.3455876407921553,3.265359141460618,0.2590039605485414,0.2590039605485414,0.5418655574321747,True,False,Lying|Lying|Lying|Lying|Lying
300,10.003649635036496,Lying,False,Lying,False,0.65,"horizontal_torso,slow_lie",,,97.09972796110478,0.11393581080560887,5.030642302614319,0.25802301129390304,0.25802301129390304,0.5410692095756531,True,False,Lying|Lying|Lying|Lying|Lying
301,10.036995133819952,Lying,False,Lying,False,0.65,"horizontal_torso,slow_lie",,,97.07078392949686,0.03436004239882497,0.8680041583987648,0.2576616074968371,0.2576616074968371,0.5408243983983994,True,False,Lying|Lying|Lying|Lying|Lying
302,10.070340632603406,Lying,False,Lying,False,0.65,"horizontal_torso,slow_lie",,,96.64205201615012,0.020802017930763292,12.857264967932359,0.2575518468222238,0.2575518468222238,0.5409820079803467,True,False,Lying|Lying|Lying|Lying|Lying
303,10.10368613138686,Lying,False,Lying,False,0.65,"horizontal_torso,slow_lie",,,96.58188749168781,0.2199295921745653,1.8042772385267678,0.26136305621889794,0.26136305621889794,0.54065802693367,True,False,Lying|Lying|Lying|Lying|Lying
304,10.137031630170316,Lying,False,Lying,False,0.65,"horizontal_torso,slow_lie",,,96.46549167506845,0.034017287040485,3.4906005567716325,0.2619369996384242,0.2619369996384242,0.5404333025217056,True,False,Lying|Lying|Lying|Lying|Lying
305,10.17037712895377,Lying,False,Lying,False,0.65,"horizontal_torso,slow_lie",,,96.75738425068982,0.28946082663115363,8.75358253049163,0.25801789913134504,0.25801789913134504,0.5405260324478149,True,False,Lying|Lying|Lying|Lying|Lying
306,10.203722627737227,Lying,False,Lying,False,0.65,"horizontal_torso,slow_lie",,,97.0844822149074,0.1124075335085347,9.809358868545619,0.25721112400470175,0.25721112400470175,0.5414810031652451,True,False,Lying|Lying|Lying|Lying|Lying
307,10.23706812652068,Lying,False,Lying,False,0.65,"horizontal_torso,slow_lie",,,97.12355822763595,0.07413187045626832,1.1718526983901822,0.2582582329787329,0.2582582329787329,0.5412060022354126,True,False,Lying|Lying|Lying|Lying|Lying
308,10.270413625304135,Lying,False,Lying,False,0.65,"horizontal_torso,slow_lie",,,97.14810161774484,0.03633321422367713,0.7360330780557084,0.25836234056511526,0.25836234056511526,0.5409418940544128,True,False,Lying|Lying|Lying|Lying|Lying
309,10.303759124087591,Lying,False,Lying,False,0.65,"horizontal_torso,slow_lie",,,97.74826358585351,0.27663621320119336,17.998290324162973,0.25459771300333883,0.25459771300333883,0.5420407205820084,True,False,Lying|Lying|Lying|Lying|Lying
310,10.337104622871045,Lying,False,Lying,False,0.65,"horizontal_torso,slow_lie",,,97.90065466277765,0.03597924968017685,4.570064401008804,0.2554697000641389,0.2554697000641389,0.542321965098381,True,False,Lying|Lying|Lying|Lying|Lying
311,10.370450121654502,Lying,False,Lying,False,0.65,"horizontal_torso,slow_lie",,,97.90821227385213,0.11991776681403091,0.22664561485655293,0.2544720113893043,0.2544720113893043,0.5432007312774658,True,False,Lying|Lying|Lying|Lying|Lying
312,10.403795620437956,Lying,False,Lying,False,0.65,"horizontal_torso,slow_lie",,,98.27435198278198,0.09564961925106509,10.980183901508335,0.254761576257634,0.254761576257634,0.5440119802951813,True,False,Lying|Lying|Lying|Lying|Lying
313,10.43714111922141,Lying,False,Lying,False,0.65,"horizontal_torso,slow_lie",,,98.33983041730943,0.05332071450709713,1.963636380210305,0.25519517913978856,0.25519517913978856,0.5441502779722214,True,False,Lying|Lying|Lying|Lying|Lying
314,10.470486618004866,Lying,False,Lying,False,0.65,"horizontal_torso,slow_lie",,,97.77404827159891,0.2782725914841299,16.96727193630164,0.25804811430325625,0.25804811430325625,0.5426921397447586,True,False,Lying|Lying|Lying|Lying|Lying
315,10.50383211678832,Lying,False,Lying,False,0.65,"horizontal_torso,slow_lie",,,98.33845386916947,0.18597372602931733,16.92599055830013,0.2559632628751801,0.2559632628751801,0.5437845885753632,True,False,Lying|Lying|Lying|Lying|Lying
316,10.537177615571776,Lying,False,Lying,False,0.65,"horizontal_torso,slow_lie",,,98.61104892422526,0.06027515747219691,8.174868123161286,0.255696324995713,0.255696324995713,0.5442392379045486,True,False,Lying|Lying|Lying|Lying|Lying
317,10.57052311435523,Lying,False,Lying,False,0.65,"horizontal_torso,slow_lie",,,98.7453022332076,0.01016335146624382,4.026129879003427,0.25616409678814556,0.25616409678814556,0.5442721545696259,True,False,Lying|Lying|Lying|Lying|Lying
318,10.603868613138685,Lying,False,Lying,False,0.65,"horizontal_torso,slow_lie",,,98.71475798919606,0.05266836885423658,0.915993016325576,0.25705062495529624,0.25705062495529624,0.5442579388618469,True,False,Lying|Lying|Lying|Lying|Lying
319,10.637214111922141,Lying,False,Lying,False,0.65,"horizontal_torso,slow_lie",,,98.47332477604124,0.15188646569740272,7.240353929706541,0.2565681910480387,0.2565681910480387,0.5429714620113373,True,False,Lying|Lying|Lying|Lying|Lying
320,10.670559610705595,Lying,False,Lying,False,0.65,"horizontal_torso,slow_lie",,,98.45828901672552,0.2076106128492311,0.4509082144299198,0.2538881360420276,0.2538881360420276,0.5427941083908081,True,False,Lying|Lying|Lying|Lying|Lying
321,10.703905109489051,Lying,False,Lying,False,0.65,"horizontal_torso,slow_lie",,,98.38223005495139,0.07139233255768372,2.2809363946854164,0.25352505023252336,0.25352505023252336,0.542900413274765,True,False,Lying|Lying|Lying|Lying|Lying
322,10.737250608272506,Lying,False,Lying,False,0.65,"horizontal_torso,slow_lie",,,98.30581045780815,0.026396063154610454,2.2917515086372484,0.2548343037962676,0.2548343037962676,0.5430286079645157,True,False,Lying|Lying|Lying|Lying|Lying
323,10.77059610705596,Lying,False,Lying,False,0.65,"horizontal_torso,slow_lie",,,98.39947229055095,0.07444274880068456,2.8088298618964016,0.2558972965632504,0.2558972965632504,0.5432820171117783,True,False,Lying|Lying|Lying|Lying|Lying
324,10.803941605839416,Lying,False,Lying,False,0.65,"horizontal_torso,slow_lie",,,98.63809247455538,0.05421998852089547,7.155993843547501,0.25552749545672476,0.25552749545672476,0.5436699092388153,True,False,Lying|Lying|Lying|Lying|Lying
325,10.83728710462287,Lying,False,Lying,False,0.65,"horizontal_torso,slow_lie",,,98.7832085574364,0.162073720092767,4.351894203874457,0.252865411308232,0.252865411308232,0.5442396253347397,True,False,Lying|Lying|Lying|Lying|Lying
326,10.870632603406326,Lying,False,Lying,False,0.65,"horizontal_torso,slow_lie",,,98.68341325212607,0.09551761924963995,2.9927669086130235,0.25425945322655724,0.25425945322655724,0.543898418545723,True,False,Lying|Lying|Lying|Lying|Lying
327,10.90397810218978,Lying,False,Lying,False,0.65,"horizontal_torso,slow_lie",,,99.00606509445704,0.06996543588988688,9.676023874354721,0.25430218313750125,0.25430218313750125,0.5444856584072113,True,False,Lying|Lying|Lying|Lying|Lying
328,10.937323600973235,Lying,False,Lying,False,0.65,"horizontal_torso,slow_lie",,,99.00414025702001,0.007190373711778372,0.057724055937220915,0.2547361819928115,0.2547361819928115,0.5444444119930267,True,False,Lying|Lying|Lying|Lying|Lying
329,10.970669099756691,Lying,False,Lying,False,0.65,"horizontal_torso,slow_lie",,,99.21233235261401,0.05658384025100676,6.243484223942469,0.25358797731983446,0.25358797731983446,0.5445584207773209,True,False,Lying|Lying|Lying|Lying|Lying
330,11.004014598540145,Lying,False,Lying,False,0.65,"horizontal_torso,slow_lie",,,99.64512514889199,0.2731518522214975,12.97904700986891,0.2521950983262352,0.2521950983262352,0.5452927500009537,True,False,Lying|Lying|Lying|Lying|Lying
331,11.037360097323601,Lying,False,Lying,False,0.65,"horizontal_torso,slow_lie",,,99.78793642403002,0.0328694812422709,4.2827751974993316,0.25201070489642735,0.25201070489642735,0.5454078018665314,True,False,Lying|Lying|Lying|Lying|Lying
332,11.070705596107056,Lying,False,Lying,False,0.65,"horizontal_torso,slow_lie",,,99.72630499953502,0.01058493929169829,1.848268184417911,0.2519530880887435,0.2519530880887435,0.5454404205083847,True,False,Lying|Lying|Lying|Lying|Lying
333,11.10405109489051,Lying,False,Lying,False,0.65,"horizontal_torso,slow_lie",,,99.55372526601354,0.07907793077319229,5.175503135886696,0.25235010072008385,0.25235010072008385,0.5451971739530563,True,False,Lying|Lying|Lying|Lying|Lying
334,11.137396593673966,Lying,False,Lying,False,0.65,"horizontal_torso,slow_lie",,,99.2366380456006,0.05954774034193903,9.509146121102937,0.2503395037485588,0.2503395037485588,0.5453281551599503,True,False,Lying|Lying|Lying|Lying|Lying
335,11.17074209245742,Lying,False,Lying,False,0.65,"horizontal_torso,slow_lie",,,99.28534882013474,0.031006604294793922,1.4607901009509905,0.25072178861513106,0.25072178861513106,0.5455857217311859,True,False,Lying|Lying|Lying|Lying|Lying
336,11.204087591240876,Lying,False,Lying,False,0.65,"horizontal_torso,slow_lie",,,98.84877994408306,0.12830758709022547,13.092288074223635,0.25200452344337887,0.25200452344337887,0.544856071472168,True,False,Lying|Lying|Lying|Lying|Lying
337,11.23743309002433,Lying,False,Lying,False,0.65,"horizontal_torso,slow_lie",,,97.90810890284094,0.26124650288625706,28.209835676798406,0.25471575443685424,0.25471575443685424,0.5436684787273407,True,False,Lying|Lying|Lying|Lying|Lying
338,11.270778588807785,Lying,False,Lying,False,0.65,"horizontal_torso,slow_lie",,,97.71241343666416,0.07112042007683796,5.868722115917928,0.2550757751352057,0.2550757751352057,0.5434951186180115,True,False,Lying|Lying|Lying|Lying|Lying
339,11.30412408759124,Lying,False,Lying,False,0.65,"horizontal_torso,slow_lie",,,97.43346929759572,0.13010161634316433,8.365271153383906,0.25374583065838346,0.25374583065838346,0.5438008457422256,True,False,Lying|Lying|Lying|Lying|Lying
340,11.337469586374695,Lying,False,Lying,False,0.65,"horizontal_torso,slow_lie",,,97.47084510102303,0.015069912556908151,1.120865027991575,0.25439306917023696,0.25439306917023696,0.5438650101423264,True,False,Lying|Lying|Lying|Lying|Lying
341,11.370815085158151,Lying,False,Lying,False,0.65,"horizontal_torso,slow_lie",,,97.59556099971972,0.009084839117240432,3.7401119565369503,0.25527848357835264,0.25527848357835264,0.5438972264528275,True,False,Lying|Lying|Lying|Lying|Lying
342,11.404160583941605,Lying,False,Lying,False,0.65,"horizontal_torso,slow_lie",,,97.01870384887094,0.2550675699514262,17.299400875509235,0.25813874726988884,0.25813874726988884,0.5423175245523453,True,False,Lying|Lying|Lying|Lying|Lying
343,11.43750608272506,Lying,False,Lying,False,0.65,"horizontal_torso,slow_lie",,,96.79969671729583,0.07252120674538019,6.567816933773997,0.25836679477393815,0.25836679477393815,0.5420385301113129,True,False,Lying|Lying|Lying|Lying|Lying
344,11.470851581508516,Lying,False,Lying,False,0.65,"horizontal_torso,slow_lie",,,96.76395966450117,0.005380771481293968,1.0717204449911855,0.257927144218128,0.257927144218128,0.5420660078525543,True,False,Lying|Lying|Lying|Lying|Lying
345,11.50419708029197,Lying,False,Lying,False,0.65,"horizontal_torso,slow_lie",,,97.04218438793563,0.00679863790016661,8.34369655830474,0.25790952105588577,0.25790952105588577,0.5421234220266342,True,False,Lying|Lying|Lying|Lying|Lying
346,11.537542579075426,Lying,False,Lying,False,0.65,"horizontal_torso,slow_lie",,,97.38346893135783,0.03493799870818127,10.234800973842825,0.25785410934216363,0.25785410934216363,0.542420893907547,True,False,Lying|Lying|Lying|Lying|Lying
347,11.57088807785888,Lying,False,Lying,False,0.65,"horizontal_torso,slow_lie",,,97.81488270436712,0.01564501281779697,12.937691405094833,0.2586017653126034,0.2586017653126034,0.542306125164032,True,False,Lying|Lying|Lying|Lying|Lying
348,11.604233576642335,Lying,False,Lying,False,0.65,"horizontal_torso,slow_lie",,,98.13418304849563,0.15673695207960509,9.575515610129095,0.25659190256391856,0.25659190256391856,0.5432069450616837,True,False,Lying|Lying|Lying|Lying|Lying
349,11.63757907542579,Lying,False,Lying,False,0.65,"horizontal_torso,slow_lie",,,98.3384967329788,0.06407717825974579,6.127174339480432,0.2574123998198677,0.2574123998198677,0.5429535806179047,True,False,Lying|Lying|Lying|Lying|Lying
350,11.670924574209245,Lying,False,Lying,False,0.65,"horizontal_torso,slow_lie",,,98.06811760287407,0.056912921937429986,8.108414627730461,0.2557318175271395,0.2557318175271395,0.5426254421472549,True,False,Lying|Lying|Lying|Lying|Lying
351,11.704270072992701,Lying,False,Lying,False,0.65,"horizontal_torso,slow_lie",,,98.15787793866116,0.009220326061998655,2.691827654760531,0.255919479016603,0.255919479016603,0.542703315615654,True,False,Lying|Lying|Lying|Lying|Lying
352,11.737615571776155,Lying,False,Lying,False,0.65,"horizontal_torso,slow_lie",,,98.26558437653655,0.04538350562318836,3.2300142989264886,0.25531352205669977,0.25531352205669977,0.5427469909191132,True,False,Lying|Lying|Lying|Lying|Lying
353,11.77096107055961,Lying,False,Lying,False,0.65,"horizontal_torso,slow_lie",,,98.69004040124926,0.17273684372051434,12.729035108130464,0.2536149414484482,0.2536149414484482,0.5436020642518997,True,False,Lying|Lying|Lying|Lying|Lying
354,11.804306569343066,Lying,False,Lying,False,0.65,"horizontal_torso,slow_lie",,,99.06301342483866,0.14562104534637527,11.185108551275928,0.2525241159582771,0.2525241159582771,0.5445436835289001,True,False,Lying|Lying|Lying|Lying|Lying
355,11.83765206812652,Lying,False,Lying,False,0.65,"horizontal_torso,slow_lie",,,99.19450314694039,0.0372295771144798,3.943252519796682,0.2528491474416598,0.2528491474416598,0.5448355823755264,True,False,Lying|Lying|Lying|Lying|Lying
356,11.870997566909976,Lying,False,Lying,False,0.65,"horizontal_torso,slow_lie",,,98.79093056299325,0.14126882546202615,12.102760452555165,0.2542290525007067,0.2542290525007067,0.5439175218343735,True,False,Lying|Lying|Lying|Lying|Lying
357,11.90434306569343,Lying,False,Lying,False,0.65,"horizontal_torso,slow_lie",,,98.41820067807977,0.08487636951438798,11.177817052130216,0.25469530613520214,0.25469530613520214,0.5433917194604874,True,False,Lying|Lying|Lying|Lying|Lying
358,11.937688564476884,Lying,False,Lying,False,0.65,"horizontal_torso,slow_lie",,,98.41163635967777,0.017851390585591174,0.19685770618180576,0.25565458244835054,0.25565458244835054,0.5434214472770691,True,False,Lying|Lying|Lying|Lying|Lying
359,11.97103406326034,Lying,False,Lying,False,0.65,"horizontal_torso,slow_lie",,,98.68624696661266,0.13157585720757345,8.23531261949904,0.25532089948143505,0.25532089948143505,0.5437443107366562,True,False,Lying|Lying|Lying|Lying|Lying
360,12.004379562043795,Lying,False,Lying,False,0.65,"horizontal_torso,slow_lie",,,98.87071811996428,0.2718134746192161,5.532115580264048,0.2519428597318203,0.2519428597318203,0.5447729527950287,True,False,Lying|Lying|Lying|Lying|Lying
361,12.03772506082725,Lying,False,Lying,False,0.65,"horizontal_torso,slow_lie",,,98.32695418367977,0.3269060847339854,16.30696664085552,0.2515459811260241,0.2515459811260241,0.5420368909835815,True,False,Lying|Lying|Lying|Lying|Lying
362,12.071070559610705,Lying,False,Lying,False,0.65,"horizontal_torso,slow_lie",,,98.13089701978392,0.02287316949768888,5.8795690887413,0.25161333074509656,0.25161333074509656,0.5418786853551865,True,False,Lying|Lying|Lying|Lying|Lying
363,12.10441605839416,Lying,False,Lying,False,0.65,"horizontal_torso,slow_lie",,,98.10897435276186,0.008891764557685967,0.6574400690305886,0.25169023632891663,0.25169023632891663,0.5418238788843155,True,False,Lying|Lying|Lying|Lying|Lying
364,12.137761557177615,Lying,False,Lying,False,0.65,"horizontal_torso,slow_lie",,,98.16913386851826,0.020579772181618203,1.804127032169143,0.251905399397261,0.251905399397261,0.541700929403305,True,False,Lying|Lying|Lying|Lying|Lying
365,12.17110705596107,Lying,False,Lying,False,0.65,"horizontal_torso,slow_lie",,,96.97334596288586,0.5455091167940233,35.86054937722926,0.2577538286642216,0.2577538286642216,0.5392865240573883,True,False,Lying|Lying|Lying|Lying|Lying
366,12.204452554744526,Lying,False,Lying,False,0.65,"horizontal_torso,slow_lie",,,96.36287947792758,0.15592705980476215,18.307313047635553,0.2570968666833627,0.2570968666833627,0.5393278449773788,True,False,Lying|Lying|Lying|Lying|Lying
367,12.23779805352798,Lying,False,Lying,False,0.65,"horizontal_torso,slow_lie",,,96.22558856241714,0.11248221055841018,4.117224828514375,0.2572981982872631,0.2572981982872631,0.5387918204069138,True,False,Lying|Lying|Lying|Lying|Lying
368,12.271143552311434,Lying,False,Lying,False,0.65,"horizontal_torso,slow_lie",,,96.01673984295128,0.18384275496030067,6.263175753409074,0.2588669415159361,0.2588669415159361,0.5387663692235947,True,False,Lying|Lying|Lying|Lying|Lying
369,12.30448905109489,Lying,False,Lying,False,0.65,"horizontal_torso,slow_lie",,,96.38168945934058,0.16523698684438964,10.944494150747609,0.2570969666178645,0.2570969666178645,0.5393799394369125,True,False,Lying|Lying|Lying|Lying|Lying
370,12.337834549878345,Lying,False,Lying,False,0.65,"horizontal_torso,slow_lie",,,96.81369944034556,0.21544369344641506,12.955571119522148,0.2566602145901737,0.2566602145901737,0.5411912500858307,True,False,Lying|Lying|Lying|Lying|Lying
371,12.3711800486618,Lying,False,Lying,False,0.65,"horizontal_torso,slow_lie",,,97.0069999983815,0.03594178703473973,5.796901083748284,0.25669446797802076,0.25669446797802076,0.5414987057447433,True,False,Lying|Lying|Lying|Lying|Lying
372,12.404525547445255,Lying,False,Lying,False,0.65,"horizontal_torso,slow_lie",,,97.11570256838763,0.07258235954939252,3.259887360271473,0.25664340645243017,0.25664340645243017,0.5421146303415298,True,False,Lying|Lying|Lying|Lying|Lying
373,12.43787104622871,Lying,False,Lying,False,0.65,"horizontal_torso,slow_lie",,,97.11363436162809,0.1063797314461441,0.06202356644825815,0.2579988936183116,0.2579988936183116,0.541482150554657,True,False,Lying|Lying|Lying|Lying|Lying
374,12.471216545012165,Lying,False,Lying,False,0.65,"horizontal_torso,slow_lie",,,97.57861760540257,0.18868897275196542,13.944408113192747,0.25597669848358295,0.25597669848358295,0.5426443517208099,True,False,Lying|Lying|Lying|Lying|Lying
375,12.50456204379562,Lying,False,Lying,False,0.65,"horizontal_torso,slow_lie",,,97.46482018365327,0.0902123103189204,3.412677149869534,0.2563511766886641,0.2563511766886641,0.541895791888237,True,False,Lying|Lying|Lying|Lying|Lying
376,12.537907542579076,Lying,False,Lying,False,0.65,"horizontal_torso,slow_lie",,,97.64454944128785,0.17373554422714899,5.389910608377141,0.2539629446842098,0.2539629446842098,0.5425647497177124,True,False,Lying|Lying|Lying|Lying|Lying
377,12.57125304136253,Lying,False,Lying,False,0.65,"horizontal_torso,slow_lie",,,97.43252511937861,0.1383051682333918,6.358409070025506,0.25568340196424777,0.25568340196424777,0.5419824421405792,True,False,Lying|Lying|Lying|Lying|Lying
378,12.604598540145984,Lying,False,Lying,False,0.65,"horizontal_torso,slow_lie",,,97.40244073335903,0.1327064680220623,0.9022023096715165,0.2536656408102718,0.2536656408102718,0.5421578586101532,True,False,Lying|Lying|Lying|Lying|Lying
379,12.63794403892944,Lying,False,Lying,False,0.65,"horizontal_torso,slow_lie",,,97.39649890416547,0.013325720540953602,0.17818984301737226,0.25419099624959435,0.25419099624959435,0.5421043932437897,True,False,Lying|Lying|Lying|Lying|Lying
380,12.671289537712894,Lying,False,Lying,False,0.65,"horizontal_torso,slow_lie",,,97.02575766837053,0.042391324063546724,11.118179344160728,0.25343010006192496,0.25343010006192496,0.5419112592935562,True,False,Lying|Lying|Lying|Lying|Lying
381,12.70463503649635,Lying,False,Lying,False,0.65,"horizontal_torso,slow_lie",,,96.778747510309,0.1612258350398968,7.407601237744232,0.2540618036071075,0.2540618036071075,0.5405523031949997,True,False,Lying|Lying|Lying|Lying|Lying
382,12.737980535279805,Lying,False,Lying,False,0.65,"horizontal_torso,slow_lie",,,96.75897581593989,0.0826479005897026,0.5929344316457639,0.2530938101879159,0.2530938101879159,0.5403928756713867,True,False,Lying|Lying|Lying|Lying|Lying
383,12.771326034063259,Lying,False,Lying,False,0.65,"horizontal_torso,slow_lie",,,96.65833001716464,0.02060281003793238,3.0182724039859448,0.25347463860381425,0.25347463860381425,0.5403316020965576,True,False,Lying|Lying|Lying|Lying|Lying
384,12.804671532846715,Lying,False,Lying,False,0.65,"horizontal_torso,slow_lie",,,96.77275957737888,0.037388228560375165,3.43163438511846,0.25410342645034106,0.25410342645034106,0.5404201298952103,True,False,Lying|Lying|Lying|Lying|Lying
385,12.83801703163017,Lying,False,Lying,False,0.65,"horizontal_torso,slow_lie",,,96.9919254093099,0.06459436216877903,6.572576207490115,0.25524590767779565,0.25524590767779565,0.5403829962015152,True,False,Lying|Lying|Lying|Lying|Lying
386,12.871362530413625,Lying,False,Lying,False,0.65,"horizontal_torso,slow_lie",,,96.87462521997871,0.11961325001991477,3.517721839848026,0.2566660776668607,0.2566660776668607,0.540941447019577,True,False,Lying|Lying|Lying|Lying|Lying
387,12.90470802919708,Lying,False,Lying,False,0.65,"horizontal_torso,slow_lie",,,97.2499141820523,0.04330777867790895,11.254561358062448,0.25834901600445415,0.25834901600445415,0.5408244729042053,True,False,Lying|Lying|Lying|Lying|Lying
388,12.938053527980534,Lying,False,Lying,False,0.65,"horizontal_torso,slow_lie",,,96.98363648572382,0.022916916442213105,7.985416504268854,0.2580122163192654,0.2580122163192654,0.5410150587558746,True,False,Lying|Lying|Lying|Lying|Lying
389,12.97139902676399,Lying,False,Lying,False,0.65,"horizontal_torso,slow_lie",,,96.96474172143508,0.007070067286631669,0.5666361271560884,0.25805077709506913,0.25805077709506913,0.5410750657320023,True,False,Lying|Lying|Lying|Lying|Lying
390,13.004744525547444,Lying,False,Lying,False,0.65,"horizontal_torso,slow_lie",,,97.22418958465263,0.16778806275594743,7.780596262854374,0.25597839756616614,0.25597839756616614,0.541965439915657,True,False,Lying|Lying|Lying|Lying|Lying
391,13.0380900243309,Lying,False,Lying,False,0.65,"horizontal_torso,slow_lie",,,97.7980234469494,0.09083717738303423,17.208735308570837,0.25601508962706165,0.25601508962706165,0.5427156537771225,True,False,Lying|Lying|Lying|Lying|Lying
392,13.071435523114355,Lying,False,Lying,False,0.65,"horizontal_torso,slow_lie",,,98.32894722879688,0.1334752331355594,15.921902542088123,0.2564084803895575,0.2564084803895575,0.5438173562288284,True,False,Lying|Lying|Lying|Lying|Lying
393,13.104781021897809,Lying,False,Lying,False,0.65,"horizontal_torso,slow_lie",,,98.5207384876593,0.11028803328585966,5.7516386276875355,0.2582969921516648,0.2582969921516648,0.5433215647935867,True,False,Lying|Lying|Lying|Lying|Lying
394,13.138126520681265,Lying,False,Lying,False,0.65,"horizontal_torso,slow_lie",,,98.18697845999485,0.09268862278746605,10.009147856263121,0.25651756746261556,0.25651756746261556,0.5433458685874939,True,False,Lying|Lying|Lying|Lying|Lying
395,13.17147201946472,Lying,False,Lying,False,0.65,"horizontal_torso,slow_lie",,,98.2871221350891,0.013547112649140469,3.003214189255108,0.25662819730673714,0.25662819730673714,0.5434608310461044,True,False,Lying|Lying|Lying|Lying|Lying
396,13.204817518248175,Lying,False,Lying,False,0.65,"horizontal_torso,slow_lie",,,98.26210735617737,0.02294174641463599,0.7501695828328699,0.2568632422668631,0.2568632422668631,0.5435886830091476,True,False,Lying|Lying|Lying|Lying|Lying
397,13.23816301703163,Lying,False,Lying,False,0.65,"horizontal_torso,slow_lie",,,98.32606544620111,0.02880446004922678,1.9180426851339107,0.25710949809103334,0.25710949809103334,0.5436340272426605,True,False,Lying|Lying|Lying|Lying|Lying
398,13.271508515815084,Lying,False,Lying,False,0.65,"horizontal_torso,slow_lie",,,98.02296359280216,0.14154947376156327,9.089738179275729,0.2550687982837838,0.2550687982837838,0.5435909777879715,True,False,Lying|Lying|Lying|Lying|Lying
399,13.30485401459854,Lying,False,Lying,False,0.65,"horizontal_torso,slow_lie",,,98.2402933920282,0.005713643607051186,6.517515321554451,0.2551301984087613,0.2551301984087613,0.5436276644468307,True,False,Lying|Lying|Lying|Lying|Lying
400,13.338199513381994,Lying,False,Lying,False,0.65,"horizontal_torso,slow_lie",,,98.27491284077259,0.1052257431229214,1.0382045555593087,0.25679153719950304,0.25679153719950304,0.5434150099754333,True,False,Lying|Lying|Lying|Lying|Lying
401,13.37154501216545,Lying,False,Lying,False,0.65,"horizontal_torso,slow_lie",,,98.23692574217922,0.05501232926873875,1.1391971924021407,0.256364375178558,0.256364375178558,0.5429659783840179,True,False,Lying|Lying|Lying|Lying|Lying
402,13.404890510948904,Lying,False,Lying,False,0.65,"horizontal_torso,slow_lie",,,98.21133476047028,0.011925236094716176,0.7674493602609593,0.25672382247088416,0.25672382247088416,0.5428929328918457,True,False,Lying|Lying|Lying|Lying|Lying
403,13.438236009732359,Lying,False,Lying,False,0.65,"horizontal_torso,slow_lie",,,97.82624725697706,0.2124841957673993,11.54841035649169,0.2539835321545165,0.2539835321545165,0.5424442291259766,True,False,Lying|Lying|Lying|Lying|Lying
404,13.471581508515815,Lying,False,Lying,False,0.65,"horizontal_torso,slow_lie",,,98.01893202938383,0.3362199603372085,5.778434254592002,0.24995249467867375,0.24995249467867375,0.5424815863370895,True,False,Lying|Lying|Lying|Lying|Lying
405,13.504927007299269,Lying,False,Lying,False,0.65,"horizontal_torso,slow_lie",,,98.3187780259124,0.04737819997768716,8.992098108226267,0.25042454158933153,0.25042454158933153,0.5425458401441574,True,False,Lying|Lying|Lying|Lying|Lying
406,13.538272506082725,Lying,False,Lying,False,0.65,"horizontal_torso,slow_lie",,,98.21684769767005,0.02410600398777735,3.0567942289385677,0.25042443175390394,0.25042443175390394,0.542345330119133,True,False,Lying|Lying|Lying|Lying|Lying
407,13.57161800486618,Lying,False,Lying,False,0.65,"horizontal_torso,slow_lie",,,98.20455285044396,0.29142120809721,0.3687108507786935,0.2467820687997186,0.2467820687997186,0.5424309074878693,True,False,Lying|Lying|Lying|Lying|Lying
408,13.604963503649634,Lying,False,Lying,False,0.65,"horizontal_torso,slow_lie",,,98.43522832804501,0.00974602714902489,6.917739605547978,0.24714668154930874,0.24714668154930874,0.5423531830310822,True,False,Lying|Lying|Lying|Lying|Lying
409,13.63830900243309,Lying,False,Lying,False,0.65,"horizontal_torso,slow_lie",,,98.82545679505374,0.01474856564016778,11.702582994569942,0.24714955983780962,0.24714955983780962,0.5423597544431686,True,False,Lying|Lying|Lying|Lying|Lying
410,13.671654501216544,Lying,False,Lying,False,0.65,"horizontal_torso,slow_lie",,,99.08491403415233,0.07506765855366722,7.7808774366672475,0.24628984630617654,0.24628984630617654,0.5428437739610672,True,False,Lying|Lying|Lying|Lying|Lying
411,13.705,Lying,False,Lying,False,0.65,"horizontal_torso,slow_lie",,,99.59451856785549,0.1491068393952729,15.282558435022958,0.24712259827884192,0.24712259827884192,0.5440618693828583,True,False,Lying|Lying|Lying|Lying|Lying
412,13.738345498783454,Lying,False,Lying,False,0.65,"horizontal_torso,slow_lie",,,99.29331204935454,0.11277776270943113,9.032898876606502,0.24866594435882183,0.24866594435882183,0.5444057136774063,True,False,Lying|Lying|Lying|Lying|Lying
413,13.771690997566909,Lying,False,Lying,False,0.65,"horizontal_torso,slow_lie",,,99.27824168645813,0.07780920348193127,0.45194594311743447,0.24966094464619365,0.24966094464619365,0.544385626912117,True,False,Lying|Lying|Lying|Lying|Lying
414,13.805036496350365,Lying,False,Lying,False,0.65,"horizontal_torso,slow_lie",,,98.95567695476325,0.05471724127816345,9.673411508689705,0.2491665206192403,0.2491665206192403,0.5445478409528732,True,False,Lying|Lying|Lying|Lying|Lying
415,13.838381995133819,Lying,False,Lying,False,0.65,"horizontal_torso,slow_lie",,,98.78151903537355,0.3260657808407505,5.222831438830212,0.2540250171171318,0.2540250171171318,0.5445361584424973,True,False,Lying|Lying|Lying|Lying|Lying
416,13.871727493917275,Lying,False,Lying,False,0.65,"horizontal_torso,slow_lie",,,98.21617205841007,0.10093832091199531,16.954221636773724,0.2545085247495103,0.2545085247495103,0.5440275818109512,True,False,Lying|Lying|Lying|Lying|Lying
417,13.90507299270073,Lying,False,Lying,False,0.65,"horizontal_torso,slow_lie",,,98.03596829548614,0.23839997744806393,5.404140573639856,0.2569216937212157,0.2569216937212157,0.5432997941970825,True,False,Lying|Lying|Lying|Lying|Lying
418,13.938418491484184,Lying,False,Lying,False,0.65,"horizontal_torso,slow_lie",,,97.82000080072369,0.11364008945482391,6.476661097947451,0.2578929844080642,0.2578929844080642,0.5431600958108902,True,False,Lying|Lying|Lying|Lying|Lying
419,13.97176399026764,Lying,False,Lying,False,0.65,"horizontal_torso,slow_lie",,,97.91351526376155,0.0713081901032843,2.804410383696496,0.25782486610624394,0.25782486610624394,0.5437709540128708,True,False,Lying|Lying|Lying|Lying|Lying
420,14.005109489051094,Lying,False,Lying,False,0.65,"horizontal_torso,slow_lie",,,98.01517683274575,0.04590960260697017,3.048734392740346,0.25882408978205823,0.25882408978205823,0.543409138917923,True,False,Lying|Lying|Lying|Lying|Lying
421,14.03845498783455,Lying,False,Lying,False,0.65,"horizontal_torso,slow_lie",,,97.62895832686712,0.2226745829539124,11.582328049333254,0.26198550876762416,0.26198550876762416,0.5427248924970627,True,False,Lying|Lying|Lying|Lying|Lying
422,14.071800486618004,Lying,False,Lying,False,0.65,"horizontal_torso,slow_lie",,,97.63785259098326,0.14977162154648344,0.26673057655835536,0.264360404218519,0.264360404218519,0.5424047112464905,True,False,Lying|Lying|Lying|Lying|Lying
423,14.105145985401458,Lying,False,Lying,False,0.65,"horizontal_torso,slow_lie",,,97.64537341718074,0.023614995655334155,0.22554247115384948,0.26308803301793265,0.26308803301793265,0.5422364622354507,True,False,Lying|Lying|Lying|Lying|Lying
424,14.138491484184915,Lying,False,Lying,False,0.65,"horizontal_torso,slow_lie",,,97.2242497806341,0.1232157580692832,12.629099935838244,0.26207025513647,0.26207025513647,0.5411614626646042,True,False,Lying|Lying|Lying|Lying|Lying
425,14.171836982968369,Lying,False,Lying,False,0.65,"horizontal_torso,slow_lie",,,97.05921177630225,0.35395375375027166,4.949333803749791,0.25610957593706524,0.25610957593706524,0.5409356653690338,True,False,Lying|Lying|Lying|Lying|Lying
426,14.205182481751825,Lying,False,Lying,False,0.65,"horizontal_torso,slow_lie",,,96.86555846708609,0.0845220490345587,5.807479758324631,0.2549595783230176,0.2549595783230176,0.541437417268753,True,False,Lying|Lying|Lying|Lying|Lying
427,14.23852798053528,Lying,False,Lying,False,0.65,"horizontal_torso,slow_lie",,,97.26317807435932,0.021026713084998816,11.924236307136093,0.2553239912846701,0.2553239912846701,0.5416158437728882,True,False,Lying|Lying|Lying|Lying|Lying
428,14.271873479318733,Lying,False,Lying,False,0.65,"horizontal_torso,slow_lie",,,97.22102209985087,0.029735607589593996,1.2642178418804744,0.25518698740778284,0.25518698740778284,0.5418670773506165,True,False,Lying|Lying|Lying|Lying|Lying
429,14.30521897810219,Lying,False,Lying,False,0.65,"horizontal_torso,slow_lie",,,96.83507573429756,0.36466458441496913,11.574166818125136,0.25930902943056516,0.25930902943056516,0.5402677804231644,True,False,Lying|Lying|Lying|Lying|Lying
430,14.338564476885644,Lying,False,Lying,False,0.65,"horizontal_torso,slow_lie",,,97.38170326147564,0.192974861717034,16.392843025917067,0.2565278439152724,0.2565278439152724,0.5409569591283798,True,False,Lying|Lying|Lying|Lying|Lying
431,14.3719099756691,Lying,False,Lying,False,0.65,"horizontal_torso,slow_lie",,,97.72309016814506,0.13485929785150197,10.237870750903337,0.2555411632608967,0.2555411632608967,0.5416418761014938,True,False,Lying|Lying|Lying|Lying|Lying
432,14.405255474452554,Lying,False,Lying,False,0.65,"horizontal_torso,slow_lie",,,97.80452358543087,0.02643746791342074,2.4421112371009044,0.25516299493078004,0.25516299493078004,0.541682705283165,True,False,Lying|Lying|Lying|Lying|Lying
433,14.438600973236008,Lying,False,Lying,False,0.65,"horizontal_torso,slow_lie",,,98.01222431498768,0.009343194771781008,6.228748620784295,0.25514374512508103,0.25514374512508103,0.541758269071579,True,False,Lying|Lying|Lying|Lying|Lying
434,14.471946472019464,Lying,False,Lying,False,0.65,"horizontal_torso,slow_lie",,,98.01241267861161,0.24602968817459253,0.005648847094996987,0.25101747393302465,0.25101747393302465,0.5419467687606812,True,False,Lying|Lying|Lying|Lying|Lying
435,14.505291970802919,Lying,False,Lying,False,0.65,"horizontal_torso,slow_lie",,,98.10445802660941,0.034940074513749,2.760353011827448,0.2514904767741053,0.2514904767741053,0.5422148555517197,True,False,Lying|Lying|Lying|Lying|Lying
436,14.538637469586375,Lying,False,Lying,False,0.65,"horizontal_torso,slow_lie",,,98.09590202795616,0.06531783323635255,0.2565863149570021,0.25167724489136817,0.25167724489136817,0.5427245646715164,True,False,Lying|Lying|Lying|Lying|Lying
437,14.571982968369829,Lying,False,Lying,False,0.65,"horizontal_torso,slow_lie",,,98.2444798430142,0.09149802007756914,4.455708280836098,0.25357623960833986,0.25357623960833986,0.5428205728530884,True,False,Lying|Lying|Lying|Lying|Lying
438,14.605328467153283,Lying,False,Lying,False,0.65,"horizontal_torso,slow_lie",,,98.18542013678145,0.011725942994735717,1.7711447837770473,0.253214443139609,0.253214443139609,0.5427454113960266,True,False,Lying|Lying|Lying|Lying|Lying
439,14.63867396593674,Lying,False,Lying,False,0.65,"horizontal_torso,slow_lie",,,97.68510035763093,0.4074650846417646,15.004117419252495,0.2594373729748536,0.2594373729748536,0.5414001494646072,True,False,Lying|Lying|Lying|Lying|Lying
440,14.672019464720194,Lying,False,Lying,False,0.65,"horizontal_torso,slow_lie",,,97.90229181720704,0.21832168043688754,6.51336664617181,0.25646713878102456,0.25646713878102456,0.5426039099693298,True,False,Lying|Lying|Lying|Lying|Lying
441,14.70536496350365,Lying,False,Lying,False,0.65,"horizontal_torso,slow_lie",,,97.98945802581743,0.030911321930595002,2.6140322319494094,0.25697566875415534,0.25697566875415534,0.5425871312618256,True,False,Lying|Lying|Lying|Lying|Lying
442,14.738710462287104,Lying,False,Lying,False,0.65,"horizontal_torso,slow_lie",,,97.93745312519766,0.2643538958218321,1.5595778296040412,0.25254713510120497,0.25254713510120497,0.5427466779947281,True,False,Lying|Lying|Lying|Lying|Lying
443,14.772055961070558,Lying,False,Lying,False,0.65,"horizontal_torso,slow_lie",,,97.94159335097216,0.03671510281093146,0.12416145883372916,0.2534846951253704,0.2534846951253704,0.542734757065773,True,False,Lying|Lying|Lying|Lying|Lying
444,14.805401459854014,Lying,False,Lying,False,0.65,"horizontal_torso,slow_lie",,,98.16970655393754,0.02404461426468712,6.840899410344536,0.25511020188992617,0.25511020188992617,0.5429385304450989,True,False,Lying|Lying|Lying|Lying|Lying
445,14.838746958637469,Lying,False,Lying,False,0.65,"horizontal_torso,slow_lie",,,98.50074565536053,0.13636660423310826,9.927549849314186,0.2556415921282375,0.2556415921282375,0.5430002808570862,True,False,Lying|Lying|Lying|Lying|Lying
446,14.872092457420925,Lying,False,Lying,False,0.65,"horizontal_torso,slow_lie",,,98.65715216777122,0.050942613152792346,4.690483517022165,0.2548519842450618,0.2548519842450618,0.5427460819482803,True,False,Lying|Lying|Lying|Lying|Lying
447,14.905437956204379,Lying,False,Lying,False,0.65,"horizontal_torso,slow_lie",,,98.868733893781,0.1880980519938068,6.345136037214343,0.2534275058531229,0.2534275058531229,0.5441469252109528,True,False,Lying|Lying|Lying|Lying|Lying
448,14.938783454987833,Lying,False,Lying,False,0.65,"horizontal_torso,slow_lie",,,99.00418180149089,0.020677028906294102,4.061954766053662,0.2533064689916549,0.2533064689916549,0.5441117882728577,True,False,Lying|Lying|Lying|Lying|Lying
449,14.97212895377129,Lying,False,Lying,False,0.65,"horizontal_torso,slow_lie",,,99.10442260961027,0.013732322325287373,3.0061271168963244,0.2530757575301708,0.2530757575301708,0.5439959317445755,True,False,Lying|Lying|Lying|Lying|Lying
450,15.005474452554743,Lying,False,Lying,False,0.65,"horizontal_torso,slow_lie",,,99.18480169181346,0.019948094715938298,2.410492724225723,0.25276701950288066,0.25276701950288066,0.5440269261598587,True,False,Lying|Lying|Lying|Lying|Lying
451,15.0388199513382,Lying,False,Lying,False,0.65,"horizontal_torso,slow_lie",,,99.23907541652741,0.002335526909652645,1.6276177203526652,0.25300600989903294,0.25300600989903294,0.5440087467432022,True,False,Lying|Lying|Lying|Lying|Lying
452,15.072165450121654,Lying,False,Lying,False,0.65,"horizontal_torso,slow_lie",,,98.89688426806293,0.13368811261091185,10.261989202400882,0.25193873361217733,0.25193873361217733,0.5430450737476349,True,False,Lying|Lying|Lying|Lying|Lying
453,15.105510948905108,Lying,False,Lying,False,0.65,"horizontal_torso,slow_lie",,,98.44723735397831,0.04478259050475395,13.484486077255351,0.2515711558025764,0.2515711558025764,0.5426710247993469,True,False,Lying|Lying|Lying|Lying|Lying
454,15.138856447688564,Lying,False,Lying,False,0.65,"horizontal_torso,slow_lie",,,98.22860780199277,0.08225105336181958,6.556493678661473,0.2499059476874688,0.2499059476874688,0.5426783114671707,True,False,Lying|Lying|Lying|Lying|Lying
455,15.172201946472018,Lying,False,Lying,False,0.65,"horizontal_torso,slow_lie",,,98.29415724017466,0.10006900278742513,1.9657657127148676,0.24877776646212282,0.24877776646212282,0.5432624220848083,True,False,Lying|Lying|Lying|Lying|Lying
456,15.205547445255474,Lying,False,Lying,False,0.65,"horizontal_torso,slow_lie",,,98.55164244190324,0.11336157367900054,7.721737899339294,0.24980608281668243,0.24980608281668243,0.5441051572561264,True,False,Lying|Lying|Lying|Lying|Lying
457,15.238892944038929,Lying,False,Lying,False,0.65,"horizontal_torso,slow_lie",,,98.61875774558092,0.10977050877771018,2.0127245393307316,0.2495510069675992,0.2495510069675992,0.5449909716844559,True,False,Lying|Lying|Lying|Lying|Lying
458,15.272238442822383,Lying,False,Lying,False,0.65,"horizontal_torso,slow_lie",,,98.76885882135933,0.10859768673225989,4.501389430494513,0.2516477241642732,0.2516477241642732,0.5449293851852417,True,False,Lying|Lying|Lying|Lying|Lying
459,15.305583941605839,Lying,False,Lying,False,0.65,"horizontal_torso,slow_lie",,,98.61450010091441,0.17650519032454148,4.62907217094924,0.2505230013000445,0.2505230013000445,0.5434613823890686,True,False,Lying|Lying|Lying|Lying|Lying
460,15.338929440389293,Lying,False,Lying,False,0.65,"horizontal_torso,slow_lie",,,98.99130971420733,0.12119584644432667,11.300164251250894,0.250461338751809,0.250461338751809,0.5444713532924652,True,False,Lying|Lying|Lying|Lying|Lying
461,15.37227493917275,Lying,False,Lying,False,0.65,"horizontal_torso,slow_lie",,,99.11981517436317,0.07436033945162947,3.8537573238998037,0.2514894526529551,0.2514894526529551,0.5444663614034653,True,False,Lying|Lying|Lying|Lying|Lying
462,15.405620437956204,Lying,False,Lying,False,0.65,"horizontal_torso,slow_lie",,,99.18684536613792,0.06005097749968222,2.0101721137848974,0.25099915760742886,0.25099915760742886,0.5446656048297882,True,False,Lying|Lying|Lying|Lying|Lying
463,15.438965936739658,Lying,False,Lying,False,0.65,"horizontal_torso,slow_lie",,,99.22422074256215,0.020018322502841097,1.1208522225728985,0.251421340027107,0.251421340027107,0.5446129888296127,True,False,Lying|Lying|Lying|Lying|Lying
464,15.472311435523114,Lying,False,Lying,False,0.65,"horizontal_torso,slow_lie",,,98.7569422065617,0.18435853472794236,14.01324175820348,0.2541666373855789,0.2541666373855789,0.5444124341011047,True,False,Lying|Lying|Lying|Lying|Lying
465,15.505656934306568,Lying,False,Lying,False,0.65,"horizontal_torso,slow_lie",,,98.68965508666318,0.07361633412273619,2.0178771454428106,0.25464711239577165,0.25464711239577165,0.5443035066127777,True,False,Lying|Lying|Lying|Lying|Lying
466,15.539002433090024,Lying,False,Lying,False,0.65,"horizontal_torso,slow_lie",,,98.16123409748768,0.11306404753195387,15.846846154770088,0.2533148237443903,0.2533148237443903,0.5434645563364029,True,False,Lying|Lying|Lying|Lying|Lying
467,15.572347931873479,Lying,False,Lying,False,0.65,"horizontal_torso,slow_lie",,,97.54413540267485,0.09350123441969281,18.506206754328808,0.2524757889388696,0.2524757889388696,0.5426790118217468,True,False,Lying|Lying|Lying|Lying|Lying
468,15.605693430656933,Lying,False,Lying,False,0.65,"horizontal_torso,slow_lie",,,97.2219289372877,0.27453026412267933,9.66266744065109,0.2545889994093908,0.2545889994093908,0.5412547290325165,True,False,Lying|Lying|Lying|Lying|Lying
469,15.639038929440389,Lying,False,Lying,False,0.65,"horizontal_torso,slow_lie",,,96.75255381820683,0.08881881722168207,14.076116303701538,0.2545193396142073,0.2545193396142073,0.5409176796674728,True,False,Lying|Lying|Lying|Lying|Lying
470,15.672384428223843,Lying,False,Lying,False,0.65,"horizontal_torso,slow_lie",,,96.47545031595958,0.07290041083447568,8.310072194354268,0.25458378510510127,0.25458378510510127,0.5403062552213669,True,False,Lying|Lying|Lying|Lying|Lying
471,15.7057299270073,Lying,False,Lying,False,0.65,"horizontal_torso,slow_lie",,,96.51152699533972,0.0643277860411007,1.0819055253731449,0.25467201148855234,0.25467201148855234,0.5408517271280289,True,False,Lying|Lying|Lying|Lying|Lying
472,15.739075425790753,Lying,False,Lying,False,0.65,"horizontal_torso,slow_lie",,,96.67346851131282,0.016605875743995756,4.8564730437755985,0.2548189462157476,0.2548189462157476,0.5407633930444717,True,False,Lying|Lying|Lying|Lying|Lying
473,15.772420924574208,Lying,False,Lying,False,0.65,"horizontal_torso,slow_lie",,,97.05039894003808,0.015015640063035074,11.303787391906965,0.2552218368856196,0.2552218368856196,0.5408459156751633,True,False,Lying|Lying|Lying|Lying|Lying
474,15.805766423357664,Lying,False,Lying,False,0.65,"horizontal_torso,slow_lie",,,97.2527478063504,0.03221464740843651,6.068251299114264,0.25600199380864946,0.25600199380864946,0.5405722260475159,True,False,Lying|Lying|Lying|Lying|Lying
475,15.839111922141118,Lying,False,Lying,False,0.65,"horizontal_torso,slow_lie",,,97.36320464638858,0.07518837195963453,3.312496260904332,0.2568643569955612,0.2568643569955612,0.5410967171192169,True,False,Lying|Lying|Lying|Lying|Lying
476,15.872457420924574,Lying,False,Lying,False,0.65,"horizontal_torso,slow_lie",,,96.90687257182265,0.2092960449720585,13.68496772321003,0.2579631460856662,0.2579631460856662,0.5394507646560669,True,False,Lying|Lying|Lying|Lying|Lying
477,15.905802919708028,Lying,False,Lying,False,0.65,"horizontal_torso,slow_lie",,,96.97198902213775,0.35518633759852536,1.9527808157247433,0.2523389440778645,0.2523389440778645,0.5397666096687317,True,False,Lying|Lying|Lying|Lying|Lying
478,15.939148418491483,Lying,False,Lying,False,0.65,"horizontal_torso,slow_lie",,,96.7298125761471,0.12130969421035091,7.262642780164888,0.2535776873736629,0.2535776873736629,0.5393519848585129,True,False,Lying|Lying|Lying|Lying|Lying
479,15.972493917274939,Lying,False,Lying,False,0.65,"horizontal_torso,slow_lie",,,96.57160562716899,0.07662626694236448,4.744476908427509,0.2547391744262654,0.2547391744262654,0.5395156145095825,True,False,Lying|Lying|Lying|Lying|Lying
480,16.005839416058393,Lying,False,Lying,False,0.65,"horizontal_torso,slow_lie",,,96.48276541862069,0.2011360333913325,2.6642339083074917,0.25166605021697286,0.25166605021697286,0.5391928404569626,True,False,Lying|Lying|Lying|Lying|Lying
481,16.039184914841847,Lying,False,Lying,False,0.65,"horizontal_torso,slow_lie",,,96.81657374748879,0.19579417902803994,10.010596363720747,0.2508010043266288,0.2508010043266288,0.5405799150466919,True,False,Lying|Lying|Lying|Lying|Lying
482,16.072530413625305,Lying,False,Lying,False,0.65,"horizontal_torso,slow_lie",,,97.51962958682458,0.16990302256851209,21.0839802967519,0.2528654692288042,0.2528654692288042,0.541763186454773,True,False,Lying|Lying|Lying|Lying|Lying
483,16.10587591240876,Lying,False,Lying,False,0.65,"horizontal_torso,slow_lie",,,97.66770674068943,0.021164379459619943,4.440693924732096,0.25238793114405883,0.25238793114405883,0.5419206917285919,True,False,Lying|Lying|Lying|Lying|Lying
484,16.139221411192214,Lying,False,Lying,False,0.65,"horizontal_torso,slow_lie",,,98.32219607396202,0.24471606445127853,19.62751667092606,0.2505972931277426,0.2505972931277426,0.5436265170574188,True,False,Lying|Lying|Lying|Lying|Lying
485,16.172566909975668,Lying,False,Lying,False,0.65,"horizontal_torso,slow_lie",,,98.12933693894867,0.17559359446670983,5.78366322440632,0.25302592451816497,0.25302592451816497,0.5429410189390182,True,False,Lying|Lying|Lying|Lying|Lying
486,16.205912408759122,Lying,False,Lying,False,0.65,"horizontal_torso,slow_lie",,,98.00190607470606,0.05570537057636133,3.821531207859517,0.25188891040090877,0.25188891040090877,0.543275460600853,True,False,Lying|Lying|Lying|Lying|Lying
487,16.23925790754258,Lying,False,Lying,False,0.65,"horizontal_torso,slow_lie",,,98.2892799815267,0.001680312198618788,8.618071922895009,0.2521222406509086,0.2521222406509086,0.5432895720005035,True,False,Lying|Lying|Lying|Lying|Lying
488,16.272603406326034,Lying,False,Lying,False,0.65,"horizontal_torso,slow_lie",,,97.93746909256201,0.08242016284722431,10.550476130207349,0.25089953359472034,0.25089953359472034,0.5434939563274384,True,False,Lying|Lying|Lying|Lying|Lying
489,16.30594890510949,Lying,False,Lying,False,0.65,"horizontal_torso,slow_lie",,,97.5501166704676,0.44613086932129997,11.61633312519559,0.25609744823204356,0.25609744823204356,0.5408262759447098,True,False,Lying|Lying|Lying|Lying|Lying
490,16.339294403892943,Lying,False,Lying,False,0.65,"horizontal_torso,slow_lie",,,98.08003777663974,0.34377119299516984,15.891833246023637,0.2515426031845455,0.2515426031845455,0.5419315993785858,True,False,Lying|Lying|Lying|Lying|Lying
491,16.372639902676397,Lying,False,Lying,False,0.65,"horizontal_torso,slow_lie",,,97.94828180501112,0.06282300995924082,3.951237091526046,0.2517246562516642,0.2517246562516642,0.5424573719501495,True,False,Lying|Lying|Lying|Lying|Lying
492,16.405985401459855,Lying,False,Lying,False,0.65,"horizontal_torso,slow_lie",,,97.78888783702492,0.05700903766331581,4.780074486853304,0.2517021004566993,0.2517021004566993,0.5429298281669617,True,False,Lying|Lying|Lying|Lying|Lying
493,16.43933090024331,Lying,False,Lying,False,0.65,"horizontal_torso,slow_lie",,,98.5588977131386,0.14437135668664836,23.091868594143257,0.2544139021314462,0.2544139021314462,0.5424886792898178,True,False,Lying|Lying|Lying|Lying|Lying
494,16.472676399026764,Lying,False,Lying,False,0.65,"horizontal_torso,slow_lie",,,98.81877667498735,0.18792333277583248,7.793524503453855,0.2519771996557375,0.2519771996557375,0.5430844128131866,True,False,Lying|Lying|Lying|Lying|Lying
495,16.506021897810218,Lying,False,Lying,False,0.65,"horizontal_torso,slow_lie",,,98.58769030995492,0.08419429364257004,6.9300617313629145,0.2528310125859647,0.2528310125859647,0.5425930768251419,True,False,Lying|Lying|Lying|Lying|Lying
496,16.539367396593672,Lying,False,Lying,False,0.65,"horizontal_torso,slow_lie",,,98.23672256232281,0.031115561923546163,10.525191118336442,0.25294823062869004,0.25294823062869004,0.5425610393285751,True,False,Lying|Lying|Lying|Lying|Lying
497,16.57271289537713,Lying,False,Lying,False,0.65,"horizontal_torso,slow_lie",,,97.65182316667322,0.27126755379156137,17.54058019788102,0.2561852132627365,0.2561852132627365,0.541276678442955,True,False,Lying|Lying|Lying|Lying|Lying
498,16.606058394160584,Lying,False,Lying,False,0.65,"horizontal_torso,slow_lie",,,98.19912105387364,0.2592134607507974,16.412946489556752,0.25462981368295057,0.25462981368295057,0.5433188229799271,True,False,Lying|Lying|Lying|Lying|Lying
499,16.63940389294404,Lying,False,Lying,False,0.65,"horizontal_torso,slow_lie",,,98.55800492939805,0.25736878081183623,10.762588313793268,0.2590452575245572,0.2590452575245572,0.5425012856721878,True,False,Lying|Lying|Lying|Lying|Lying
500,16.672749391727493,Lying,False,Lying,False,0.65,"horizontal_torso,slow_lie",,,98.29074817775741,0.07444618362292868,8.014777447961128,0.2568635491097697,0.2568635491097697,0.5423921048641205,True,False,Lying|Lying|Lying|Lying|Lying
501,16.706094890510947,Lying,False,Lying,False,0.65,"horizontal_torso,slow_lie",,,97.78858669569806,0.12802944678059472,15.059348349244598,0.2567805650533607,0.2567805650533607,0.5412958562374115,True,False,Lying|Lying|Lying|Lying|Lying
502,16.739440389294405,Lying,False,Lying,False,0.65,"horizontal_torso,slow_lie",,,96.5740806345666,0.38482891537641745,36.421889173658315,0.2599469894296908,0.2599469894296908,0.5389576107263565,True,False,Lying|Lying|Lying|Lying|Lying
503,16.77278588807786,Lying,False,Lying,False,0.65,"horizontal_torso,slow_lie",,,96.29684215382403,0.03585416960654331,8.314120071886022,0.25872863611708474,0.25872863611708474,0.5390844941139221,True,False,Lying|Lying|Lying|Lying|Lying
504,16.806131386861313,Lying,False,Lying,False,0.65,"horizontal_torso,slow_lie",,,95.89783621802758,0.03658088045778671,11.965810989591064,0.2583035905359585,0.2583035905359585,0.5393663793802261,True,False,Lying|Lying|Lying|Lying|Lying
505,16.839476885644768,Lying,False,Lying,False,0.65,"horizontal_torso,slow_lie",,,95.97253569960883,0.2045816034581553,2.2401668682884925,0.25845414804524863,0.25845414804524863,0.5411248505115509,True,False,Lying|Lying|Lying|Lying|Lying
506,16.872822384428222,Lying,False,Lying,False,0.65,"horizontal_torso,slow_lie",,,96.93994527757837,0.039541680338449216,29.01169912772657,0.2588108936030184,0.2588108936030184,0.5414569824934006,True,False,Lying|Lying|Lying|Lying|Lying
507,16.90616788321168,Lying,False,Lying,False,0.65,"horizontal_torso,slow_lie",,,97.24811783271745,0.32994637737079957,9.241803733101149,0.25467437244212976,0.25467437244212976,0.5420464426279068,True,False,Lying|Lying|Lying|Lying|Lying
508,16.939513381995134,Lying,False,Lying,False,0.65,"horizontal_torso,slow_lie",,,97.49851481522857,0.049728789713106396,7.509168902741515,0.25483355853538436,0.25483355853538436,0.5416281819343567,True,False,Lying|Lying|Lying|Lying|Lying
509,16.97285888077859,Lying,False,Lying,False,0.65,"horizontal_torso,slow_lie",,,97.44760450546268,0.19199341803743294,1.5267520841870783,0.2518078579754259,0.2518078579754259,0.5416910946369171,True,False,Lying|Lying|Lying|Lying|Lying
510,17.006204379562043,Lying,False,Lying,False,0.65,"horizontal_torso,slow_lie",,,97.3216468760176,0.05757527031225226,3.7773502883568013,0.2525275695873568,0.2525275695873568,0.5412353277206421,True,False,Lying|Lying|Lying|Lying|Lying
511,17.039549878345497,Lying,False,Lying,False,0.65,"horizontal_torso,slow_lie",,,97.31233300768606,0.14040835746455382,0.2793141104895737,0.2539217532415275,0.2539217532415275,0.5421356707811356,True,False,Lying|Lying|Lying|Lying|Lying
512,17.072895377128955,Lying,False,Lying,False,0.65,"horizontal_torso,slow_lie",,,97.31130287892715,0.11659270476530688,0.030892588100196062,0.25592846200226704,0.25592846200226704,0.5419865697622299,True,False,Lying|Lying|Lying|Lying|Lying
513,17.10624087591241,Lying,False,Lying,False,0.65,"horizontal_torso,slow_lie",,,97.46345038733227,0.05179467060496286,4.562760011273725,0.2554893919046548,0.2554893919046548,0.5422666072845459,True,False,Lying|Lying|Lying|Lying|Lying
514,17.139586374695863,Lying,False,Lying,False,0.65,"horizontal_torso,slow_lie",,,97.70798783613175,0.07596058154930775,7.333447023464951,0.2561452478140577,0.2561452478140577,0.5416527986526489,True,False,Lying|Lying|Lying|Lying|Lying
515,17.172931873479317,Lying,False,Lying,False,0.65,"horizontal_torso,slow_lie",,,97.73729669412891,0.038936561663292193,0.8789449570839224,0.25588123339876645,0.25588123339876645,0.5418045073747635,True,False,Lying|Lying|Lying|Lying|Lying
516,17.20627737226277,Lying,False,Lying,False,0.65,"horizontal_torso,slow_lie",,,97.44041150913142,0.15317999858359113,8.903306168111786,0.25758485113070334,0.25758485113070334,0.5409422069787979,True,False,Lying|Lying|Lying|Lying|Lying
517,17.23962287104623,Lying,False,Lying,False,0.65,"horizontal_torso,slow_lie",,,97.5558678264591,0.17326987315345682,3.46242586075696,0.2548660643846825,0.2548660643846825,0.541062206029892,True,False,Lying|Lying|Lying|Lying|Lying
518,17.272968369829684,Lying,False,Lying,False,0.65,"horizontal_torso,slow_lie",,,97.66255774552585,0.03733748034559466,3.1995298603743505,0.25474041757576904,0.25474041757576904,0.5411998331546783,True,False,Lying|Lying|Lying|Lying|Lying
519,17.306313868613138,Lying,False,Lying,False,0.65,"horizontal_torso,slow_lie",,,98.03569867495303,0.15821915775839693,11.190143888695674,0.2545201060167936,0.2545201060167936,0.5425424575805664,True,False,Lying|Lying|Lying|Lying|Lying
520,17.339659367396592,Lying,False,Lying,False,0.65,"horizontal_torso,slow_lie",,,98.00677538896973,0.04675282213647415,0.8673820167190863,0.2553960541020611,0.2553960541020611,0.5423637330532074,True,False,Lying|Lying|Lying|Lying|Lying
521,17.373004866180047,Lying,False,Lying,False,0.65,"horizontal_torso,slow_lie",,,97.96527053581003,0.07030221762912757,1.244691327882853,0.2557551357095134,0.2557551357095134,0.5428434610366821,True,False,Lying|Lying|Lying|Lying|Lying
522,17.406350364963505,Lying,False,Lying,False,0.65,"horizontal_torso,slow_lie",,,97.73461661314424,0.1533441247628331,6.917093193406314,0.25435728310689737,0.25435728310689737,0.5430043935775757,True,False,Lying|Lying|Lying|Lying|Lying
523,17.43969586374696,Lying,False,Lying,False,0.65,"horizontal_torso,slow_lie",,,97.60409192964127,0.12576383967127175,3.914311924094964,0.25609147801780474,0.25609147801780474,0.5432197749614716,True,False,Lying|Lying|Lying|Lying|Lying
524,17.473041362530413,Lying,False,Lying,False,0.65,"horizontal_torso,slow_lie",,,97.90079157857751,0.07951468494304743,8.897742116949821,0.25630674073534676,0.25630674073534676,0.5425442606210709,True,False,Lying|Lying|Lying|Lying|Lying
525,17.506386861313867,Lying,False,Lying,False,0.65,"horizontal_torso,slow_lie",,,97.90845590889151,0.09688335522685786,0.22984602400979037,0.2545937492838776,0.2545937492838776,0.5424837023019791,True,False,Lying|Lying|Lying|Lying|Lying
526,17.53973236009732,Lying,False,Lying,False,0.65,"horizontal_torso,slow_lie",,,97.41671766701916,0.3602393348343957,14.746765225066921,0.2596657705016408,0.2596657705016408,0.5408620834350586,True,False,Lying|Lying|Lying|Lying|Lying
527,17.57307785888078,Lying,False,Lying,False,0.65,"horizontal_torso,slow_lie",,,97.31421790105917,0.029844923385079082,3.073871128022801,0.25922578802475627,0.25922578802475627,0.5406428277492523,True,False,Lying|Lying|Lying|Lying|Lying
528,17.606423357664234,Lying,False,Lying,False,0.65,"horizontal_torso,slow_lie",,,97.33782253159846,0.03528987176846581,0.7078805656075076,0.2594630486109659,0.2594630486109659,0.5406867414712906,True,False,Lying|Lying|Lying|Lying|Lying
529,17.639768856447688,Lying,False,Lying,False,0.65,"horizontal_torso,slow_lie",,,97.60106246809728,0.1240961698242644,7.894316957389088,0.25935263915755424,0.25935263915755424,0.5417564213275909,True,False,Lying|Lying|Lying|Lying|Lying
530,17.673114355231142,Lying,False,Lying,False,0.65,"horizontal_torso,slow_lie",,,98.23162664374274,0.3483116417364804,18.910023800823772,0.254696110824516,0.254696110824516,0.5430362671613693,True,False,Lying|Lying|Lying|Lying|Lying
531,17.706459854014597,Lying,False,Lying,False,0.65,"horizontal_torso,slow_lie",,,98.27440758452586,0.05261106047813625,1.282959989920594,0.25519723759096374,0.25519723759096374,0.5425903499126434,True,False,Lying|Lying|Lying|Lying|Lying
532,17.739805352798054,Lying,False,Lying,False,0.65,"horizontal_torso,slow_lie",,,98.3520422436063,0.40887655362919206,2.3281900680087717,0.2494772781976134,0.2494772781976134,0.5424830913543701,True,False,Lying|Lying|Lying|Lying|Lying
533,17.77315085158151,Lying,False,Lying,False,0.65,"horizontal_torso,slow_lie",,,98.69628203664365,0.26579074459736074,10.323426117355142,0.24813462438835734,0.24813462438835734,0.5439775437116623,True,False,Lying|Lying|Lying|Lying|Lying
534,17.806496350364963,Lying,False,Lying,False,0.65,"horizontal_torso,slow_lie",,,98.80848636615967,0.11831926956497184,3.3649018191232742,0.250283354639023,0.250283354639023,0.5438514947891235,True,False,Lying|Lying|Lying|Lying|Lying
535,17.839841849148417,Lying,False,Lying,False,0.65,"horizontal_torso,slow_lie",,,98.55249574555256,0.0268250647500542,7.67691682375217,0.25053804806287716,0.25053804806287716,0.5436367094516754,True,False,Lying|Lying|Lying|Lying|Lying
536,17.87318734793187,Lying,False,Lying,False,0.65,"horizontal_torso,slow_lie",,,98.42961330147565,0.2508430795832432,3.6851283849405343,0.25430519262589985,0.25430519262589985,0.5435198843479156,True,False,Lying|Lying|Lying|Lying|Lying
537,17.90653284671533,Lying,False,Lying,False,0.65,"horizontal_torso,slow_lie",,,98.00433398785744,0.03473243160088417,12.753724764470864,0.25298435341185277,0.25298435341185277,0.5433656722307205,True,False,Lying|Lying|Lying|Lying|Lying
538,17.939878345498784,Lying,False,Lying,False,0.65,"horizontal_torso,slow_lie",,,98.06712142829869,0.06047590320085743,1.882936010314223,0.2538954072125454,0.2538954072125454,0.5431105047464371,True,False,Lying|Lying|Lying|Lying|Lying
539,17.973223844282238,Lying,False,Lying,False,0.65,"horizontal_torso,slow_lie",,,97.65330073604181,0.06452619829679601,12.41009153721854,0.25434493356987403,0.25434493356987403,0.5427482426166534,True,False,Lying|Lying|Lying|Lying|Lying
540,18.006569343065692,Lying,False,Lying,False,0.65,"horizontal_torso,slow_lie",,,96.36479636102305,0.42988616327436463,38.641028685350015,0.2572001421698582,0.2572001421698582,0.5398300588130951,True,False,Lying|Lying|Lying|Lying|Lying
541,18.039914841849146,Lying,False,Lying,False,0.65,"horizontal_torso,slow_lie",,,96.11532814094544,0.052213841858670465,7.481316194958242,0.2564765868880665,0.2564765868880665,0.5399612039327621,True,False,Lying|Lying|Lying|Lying|Lying
542,18.073260340632604,Lying,False,Lying,False,0.65,"horizontal_torso,slow_lie",,,96.56853515505861,0.01627543432870441,13.591250113133837,0.25678877053580645,0.25678877053580645,0.5400955528020859,True,False,Lying|Lying|Lying|Lying|Lying
543,18.10660583941606,Lying,False,Lying,False,0.65,"horizontal_torso,slow_lie",,,96.97185947329369,0.11625167148421935,12.095315198440051,0.25886697335573283,0.25886697335573283,0.5399659425020218,True,False,Lying|Lying|Lying|Lying|Lying
544,18.139951338199513,Lying,False,Lying,False,0.65,"horizontal_torso,slow_lie",,,97.44970311302463,0.11125739377778025,14.330079236002806,0.2582128602835998,0.2582128602835998,0.5408686548471451,True,False,Lying|Lying|Lying|Lying|Lying
545,18.173296836982967,Lying,False,Lying,False,0.65,"horizontal_torso,slow_lie",,,97.44903144803875,0.05108506794467503,0.020142598262959423,0.2587553055041835,0.2587553055041835,0.5405994057655334,True,False,Lying|Lying|Lying|Lying|Lying
546,18.20664233576642,Lying,False,Lying,False,0.65,"horizontal_torso,slow_lie",,,97.15439162953139,0.0511627322720653,8.835969748743445,0.25849220133567347,0.25849220133567347,0.5410401821136475,True,False,Lying|Lying|Lying|Lying|Lying
547,18.23998783454988,Lying,False,Lying,False,0.65,"horizontal_torso,slow_lie",,,96.78795802295816,0.04971989926478153,10.988997614124946,0.25829662162348027,0.25829662162348027,0.5408299714326859,True,False,Lying|Lying|Lying|Lying|Lying
548,18.273333333333333,Lying,False,Lying,False,0.65,"horizontal_torso,slow_lie",,,96.47325653849798,0.09843568518193434,9.437600154187495,0.2591791894829382,0.2591791894829382,0.5405696630477905,True,False,Lying|Lying|Lying|Lying|Lying
549,18.306678832116788,Lying,False,Lying,False,0.65,"horizontal_torso,slow_lie",,,96.63530561178021,0.011990449850230718,4.859698585844531,0.25913927182019897,0.25913927182019897,0.540577158331871,True,False,Lying|Lying|Lying|Lying|Lying
550,18.340024330900242,Lying,False,Lying,False,0.65,"horizontal_torso,slow_lie",,,96.86415003937935,0.10562575882177462,6.862828146169247,0.2579072005319243,0.2579072005319243,0.5401435941457748,True,False,Lying|Lying|Lying|Lying|Lying
551,18.373369829683696,Lying,False,Lying,False,0.65,"horizontal_torso,slow_lie",,,96.88821644309931,0.06887642316797539,0.7217287069611333,0.25727830835808657,0.25727830835808657,0.5396870523691177,True,False,Lying|Lying|Lying|Lying|Lying
552,18.406715328467154,Lying,False,Lying,False,0.65,"horizontal_torso,slow_lie",,,96.97202057796595,0.23515739405084563,2.5132068172335544,0.2534956786401136,0.2534956786401136,0.5397060215473175,True,False,Lying|Lying|Lying|Lying|Lying
553,18.44006082725061,Lying,False,Lying,False,0.65,"horizontal_torso,slow_lie",,,96.75276387690892,0.041734529455888306,6.5753012867160185,0.2536991427728392,0.2536991427728392,0.5399391651153564,True,False,Lying|Lying|Lying|Lying|Lying
554,18.473406326034063,Lying,False,Lying,False,0.65,"horizontal_torso,slow_lie",,,96.76146914522663,0.18689952979108598,0.26106277114773535,0.25531779428900103,0.25531779428900103,0.5402803122997284,True,False,Lying|Lying|Lying|Lying|Lying
555,18.506751824817517,Lying,False,Lying,False,0.65,"horizontal_torso,slow_lie",,,96.14030242339653,0.09346310131605175,18.62820304065478,0.25565695281121786,0.25565695281121786,0.5406562387943268,True,False,Lying|Lying|Lying|Lying|Lying
556,18.54009732360097,Lying,False,Lying,False,0.65,"horizontal_torso,slow_lie",,,96.54467637974946,0.3793719267368761,12.126792853780126,0.2505553548696512,0.2505553548696512,0.5412020981311798,True,False,Lying|Lying|Lying|Lying|Lying
557,18.57344282238443,Lying,False,Lying,False,0.65,"horizontal_torso,slow_lie",,,97.45131728297221,0.23825784939603392,27.189303993033125,0.24931010263979345,0.24931010263979345,0.5423612147569656,True,False,Lying|Lying|Lying|Lying|Lying
558,18.606788321167883,Lying,False,Lying,False,0.65,"horizontal_torso,slow_lie",,,97.97204398623762,0.03578699194775644,15.61610179073974,0.25129655446796134,0.25129655446796134,0.5426610559225082,True,False,Lying|Lying|Lying|Lying|Lying
559,18.640133819951338,Lying,False,Lying,False,0.65,"horizontal_torso,slow_lie",,,97.83996754432613,0.012578998354660451,3.960847692493621,0.25194209892556196,0.25194209892556196,0.5426523834466934,True,False,Lying|Lying|Lying|Lying|Lying
560,18.673479318734792,Lying,False,Lying,False,0.65,"horizontal_torso,slow_lie",,,97.20665150599181,0.23725005566581278,18.992549562598224,0.25498401909454793,0.25498401909454793,0.5423940867185593,True,False,Lying|Lying|Lying|Lying|Lying
561,18.706824817518246,Lying,False,Lying,False,0.65,"horizontal_torso,slow_lie",,,96.90185260540024,0.5332393328844571,9.140631021024538,0.2592527343467213,0.2592527343467213,0.5410392433404922,True,False,Lying|Lying|Lying|Lying|Lying
562,18.740170316301704,Lying,False,Lying,False,0.65,"horizontal_torso,slow_lie",,,97.08976610967237,0.10842496661049442,5.635348431655564,0.258406401482495,0.258406401482495,0.5409985780715942,True,False,Lying|Lying|Lying|Lying|Lying
563,18.773515815085158,Lying,False,Lying,False,0.65,"horizontal_torso,slow_lie",,,96.67783786309852,0.12287929189429453,12.353338879376597,0.25839522234144113,0.25839522234144113,0.5399424284696579,True,False,Lying|Lying|Lying|Lying|Lying
564,18.806861313868612,Lying,False,Lying,False,0.65,"horizontal_torso,slow_lie",,,96.3318013636712,0.11157799971781508,10.377307644263327,0.25944206232709627,0.25944206232709627,0.540206715464592,True,False,Lying|Lying|Lying|Lying|Lying
565,18.840206812652067,Lying,False,Lying,False,0.65,"horizontal_torso,slow_lie",,,96.54657074492064,0.06455717577088989,6.4407308058023744,0.2601591206583993,0.2601591206583993,0.5405228137969971,True,False,Lying|Lying|Lying|Lying|Lying
566,18.87355231143552,Lying,False,Lying,False,0.65,"horizontal_torso,slow_lie",,,96.92554419799929,0.1432273617325607,11.365055761789545,0.25939611610981,0.25939611610981,0.5414500385522842,True,False,Lying|Lying|Lying|Lying|Lying
567,18.90689781021898,Lying,False,Lying,False,0.65,"horizontal_torso,slow_lie",,,97.27951078287366,0.04599134228759002,10.615123413597525,0.25910848801201963,0.25910848801201963,0.5414661914110184,True,False,Lying|Lying|Lying|Lying|Lying
568,18.940243309002433,Lying,False,Lying,False,0.65,"horizontal_torso,slow_lie",,,97.6832967852567,0.17715132488387175,12.109160669787256,0.2593148992743948,0.2593148992743948,0.5429920554161072,True,False,Lying|Lying|Lying|Lying|Lying
569,18.973588807785887,Lying,False,Lying,False,0.65,"horizontal_torso,slow_lie",,,97.94446137574926,0.022945476828619932,7.8320792916776725,0.25952897339678493,0.25952897339678493,0.5431891828775406,True,False,Lying|Lying|Lying|Lying|Lying
570,19.00693430656934,Lying,False,Lying,False,0.65,"horizontal_torso,slow_lie",,,97.9300600830188,0.12503503738495178,0.4318811610519443,0.2574847970287973,0.2574847970287973,0.5432106703519821,True,False,Lying|Lying|Lying|Lying|Lying
571,19.040279805352796,Lying,False,Lying,False,0.65,"horizontal_torso,slow_lie",,,98.25479396713901,0.11394905495974236,9.738462340270539,0.2570242628870598,0.2570242628870598,0.5440831780433655,True,False,Lying|Lying|Lying|Lying|Lying
572,19.073625304136254,Lying,False,Lying,False,0.65,"horizontal_torso,slow_lie",,,98.25676631514357,0.08153952458700224,0.05914885296409135,0.257561373541718,0.257561373541718,0.5433950126171112,True,False,Lying|Lying|Lying|Lying|Lying
573,19.106970802919708,Lying,False,Lying,False,0.65,"horizontal_torso,slow_lie",,,97.86365820538555,0.057028166479862835,11.788940759616832,0.2579060602766021,0.2579060602766021,0.5432631969451904,True,False,Lying|Lying|Lying|Lying|Lying
574,19.140316301703162,Lying,False,Lying,False,0.65,"horizontal_torso,slow_lie",,,97.73305285170014,0.15596176243508822,3.9167311466402768,0.25917539214546853,0.25917539214546853,0.5429326444864273,True,False,Lying|Lying|Lying|Lying|Lying
575,19.173661800486617,Lying,False,Lying,False,0.65,"horizontal_torso,slow_lie",,,97.13892824711671,0.26429392818752817,17.817235496810945,0.26162498213869334,0.26162498213869334,0.541662186384201,True,False,Lying|Lying|Lying|Lying|Lying
576,19.20700729927007,Lying,False,Lying,False,0.65,"horizontal_torso,slow_lie",,,96.81983141576066,0.14720216826093374,9.569412454384452,0.26176995783420964,0.26176995783420964,0.5403815507888794,True,False,Lying|Lying|Lying|Lying|Lying
577,19.24035279805353,Lying,False,Lying,False,0.65,"horizontal_torso,slow_lie",,,96.94592940395654,0.06304437172493141,3.7815595146663563,0.2611625583057865,0.2611625583057865,0.5403134375810623,True,False,Lying|Lying|Lying|Lying|Lying
578,19.273698296836983,Lying,False,Lying,False,0.65,"horizontal_torso,slow_lie",,,96.76127489791888,0.3254991782329014,5.537614154066387,0.2666283424232907,0.2666283424232907,0.5402381271123886,True,False,Lying|Lying|Lying|Lying|Lying
579,19.307043795620437,Lying,False,Lying,False,0.65,"horizontal_torso,slow_lie",,,97.03521488329022,0.0645230853858575,8.21520131248625,0.2663411668447047,0.2663411668447047,0.5407789200544357,True,False,Lying|Lying|Lying|Lying|Lying
580,19.34038929440389,Lying,False,Lying,False,0.65,"horizontal_torso,slow_lie",,,97.38878978690104,0.38258032642168993,10.603377262608547,0.2631777154967984,0.2631777154967984,0.5424197018146515,True,False,Lying|Lying|Lying|Lying|Lying
581,19.373734793187346,Lying,False,Lying,False,0.65,"horizontal_torso,slow_lie",,,97.81067729143331,0.11577312733730491,12.652007614940862,0.26150370076357243,0.26150370076357243,0.5426108092069626,True,False,Lying|Lying|Lying|Lying|Lying
582,19.407080291970804,Lying,False,Lying,False,0.65,"horizontal_torso,slow_lie",,,97.89244440194528,0.5136335342267829,2.4521183816431344,0.25355058752222825,0.25355058752222825,0.5426351130008698,True,False,Lying|Lying|Lying|Lying|Lying
583,19.440425790754258,Lying,False,Lying,False,0.65,"horizontal_torso,slow_lie",,,98.1937505200154,0.12227629422486364,9.035885773573165,0.2524288804782898,0.2524288804782898,0.5431043952703476,True,False,Lying|Lying|Lying|Lying|Lying
584,19.473771289537712,Lying,False,Lying,False,0.65,"horizontal_torso,slow_lie",,,98.84881217995951,0.46946953537720826,19.64468020700729,0.24969696388101278,0.24969696388101278,0.5446407049894333,True,False,Lying|Lying|Lying|Lying|Lying
585,19.507116788321166,Lying,False,Lying,False,0.65,"horizontal_torso,slow_lie",,,98.29067736132954,0.20929841259934798,16.737935823197454,0.25067110239821644,0.25067110239821644,0.5430618673563004,True,False,Lying|Lying|Lying|Lying|Lying
586,19.54046228710462,Lying,False,Lying,False,0.65,"horizontal_torso,slow_lie",,,97.99966946839592,0.05396475029529976,8.727051732631939,0.25015789803380706,0.25015789803380706,0.5430305153131485,True,False,Lying|Lying|Lying|Lying|Lying
587,19.57380778588808,Lying,False,Lying,False,0.65,"horizontal_torso,slow_lie",,,98.0114862708318,0.16840267025210406,0.3543747392297495,0.250640882545428,0.250640882545428,0.542651429772377,True,False,Lying|Lying|Lying|Lying|Lying
588,19.607153284671533,Lying,False,Lying,False,0.65,"horizontal_torso,slow_lie",,,97.6107276164923,0.13540039423589073,12.018373362534634,0.2509559340153946,0.2509559340153946,0.5424406975507736,True,False,Lying|Lying|Lying|Lying|Lying
589,19.640498783454987,Lying,False,Lying,False,0.65,"horizontal_torso,slow_lie",,,97.39454432716397,0.41760549586640666,6.4831325730714715,0.25604848244045486,0.25604848244045486,0.5421387553215027,True,False,Lying|Lying|Lying|Lying|Lying
590,19.67384428223844,Lying,False,Lying,False,0.65,"horizontal_torso,slow_lie",,,96.94760943303282,0.30782135042227043,13.403155161466996,0.2598882740040851,0.2598882740040851,0.5412314236164093,True,False,Lying|Lying|Lying|Lying|Lying
591,19.707189781021896,Lying,False,Lying,False,0.65,"horizontal_torso,slow_lie",,,97.16213124830125,0.13301896173141817,6.433306535959517,0.2594790567122063,0.2594790567122063,0.5414897948503494,True,False,Lying|Lying|Lying|Lying|Lying
592,19.740535279805353,Lying,False,Lying,False,0.65,"horizontal_torso,slow_lie",,,97.19477806657596,0.025838824559445753,0.9790472317333896,0.25922417498349704,0.25922417498349704,0.5413383692502975,True,False,Lying|Lying|Lying|Lying|Lying
593,19.773880778588808,Lying,False,Lying,False,0.65,"horizontal_torso,slow_lie",,,97.3465113135935,0.044682709538725274,4.550336703699886,0.2590401607700473,0.2590401607700473,0.5416710823774338,True,False,Lying|Lying|Lying|Lying|Lying
594,19.807226277372262,Lying,False,Lying,False,0.65,"horizontal_torso,slow_lie",,,97.33033259779732,0.0827100984276258,0.485184399286908,0.2576501900111172,0.2576501900111172,0.5414692163467407,True,False,Lying|Lying|Lying|Lying|Lying
595,19.840571776155716,Lying,False,Lying,False,0.65,"horizontal_torso,slow_lie",,,97.65197376975459,0.4111489282893971,9.645714824840555,0.2521662856244838,0.2521662856244838,0.5425024181604385,True,False,Lying|Lying|Lying|Lying|Lying
596,19.87391727493917,Lying,False,Lying,False,0.65,"horizontal_torso,slow_lie",,,98.0890197049129,0.08922088975113006,13.106594626053921,0.25441732901616204,0.25441732901616204,0.5431725531816483,True,False,Lying|Lying|Lying|Lying|Lying
597,19.90726277372263,Lying,False,Lying,False,0.65,"horizontal_torso,slow_lie",,,98.68148579848875,0.20821142358679634,17.767498318836484,0.2541049965712737,0.2541049965712737,0.5445835143327713,True,False,Lying|Lying|Lying|Lying|Lying
598,19.940608272506083,Lying,False,Lying,False,0.65,"horizontal_torso,slow_lie",,,98.94303368361766,0.024742760018264393,7.843573935642645,0.25466610192541617,0.25466610192541617,0.5447554290294647,True,False,Lying|Lying|Lying|Lying|Lying
599,19.973953771289537,Lying,False,Lying,False,0.65,"horizontal_torso,slow_lie",,,99.01211368098352,0.014740910813456173,2.071643846579323,0.2553242966811066,0.2553242966811066,0.5446613430976868,True,False,Lying|Lying|Lying|Lying|Lying
600,20.00729927007299,Lying,False,Lying,False,0.65,"horizontal_torso,slow_lie",,,98.69126160997291,0.055414814207294785,9.622050433080028,0.25423140048503795,0.25423140048503795,0.5443438589572906,True,False,Lying|Lying|Lying|Lying|Lying
601,20.040644768856446,Lying,False,Lying,False,0.65,"horizontal_torso,slow_lie",,,98.76139141601593,0.008109066718505616,2.103126616831747,0.25450188708127774,0.25450188708127774,0.5443929135799408,True,False,Lying|Lying|Lying|Lying|Lying
602,20.073990267639903,Lying,False,Lying,False,0.65,"horizontal_torso,slow_lie",,,98.85777683173993,0.016286906966006907,2.890507541959936,0.2554482555998772,0.2554482555998772,0.5445299744606018,True,False,Lying|Lying|Lying|Lying|Lying
603,20.107335766423358,Lying,False,Lying,False,0.65,"horizontal_torso,slow_lie",,,98.66310194296939,0.012113183008996829,5.838115963859304,0.2553019385412347,0.2553019385412347,0.5444313436746597,True,False,Lying|Lying|Lying|Lying|Lying
604,20.140681265206812,Lying,False,Lying,False,0.65,"horizontal_torso,slow_lie",,,98.52934675072096,0.09908204433617666,4.011191828829309,0.2552277102358889,0.2552277102358889,0.5438839644193649,True,False,Lying|Lying|Lying|Lying|Lying
605,20.174026763990266,Lying,False,Lying,False,0.65,"horizontal_torso,slow_lie",,,98.10393390884272,0.042494658121336536,12.75772915081802,0.2552016599414056,0.2552016599414056,0.5436170995235443,True,False,Lying|Lying|Lying|Lying|Lying
606,20.20737226277372,Lying,False,Lying,False,0.65,"horizontal_torso,slow_lie",,,97.98017685895435,0.07756619498374742,3.7113569868019347,0.2544089423662433,0.2544089423662433,0.5430135577917099,True,False,Lying|Lying|Lying|Lying|Lying
607,20.24071776155718,Lying,False,Lying,False,0.65,"horizontal_torso,slow_lie",,,97.72960638389122,0.22861894814659645,7.514371780440488,0.2574690721526002,0.2574690721526002,0.5436469912528992,True,False,Lying|Lying|Lying|Lying|Lying
608,20.274063260340633,Lying,False,Lying,False,0.65,"horizontal_torso,slow_lie",,,97.67266125952824,0.19400436791011494,1.7077304715933193,0.25996237609426837,0.25996237609426837,0.5430753976106644,True,False,Lying|Lying|Lying|Lying|Lying
609,20.307408759124087,Lying,False,Lying,False,0.65,"horizontal_torso,slow_lie",,,98.08094410973375,0.16988498607583669,12.244016886863768,0.25795367302231226,0.25795367302231226,0.544199988245964,True,False,Lying|Lying|Lying|Lying|Lying
610,20.34075425790754,Lying,False,Lying,False,0.65,"horizontal_torso,slow_lie",,,98.15383364934995,0.038069570822767254,2.1858884189900296,0.2585962638370515,0.2585962638370515,0.5440905541181564,True,False,Lying|Lying|Lying|Lying|Lying
611,20.374099756690995,Lying,False,Lying,False,0.65,"horizontal_torso,slow_lie",,,97.92667551077668,0.044375597048206504,6.812257931675828,0.2582542419371218,0.2582542419371218,0.543727234005928,True,False,Lying|Lying|Lying|Lying|Lying
612,20.407445255474453,Lying,False,Lying,False,0.65,"horizontal_torso,slow_lie",,,97.47120152184178,0.13793293042821206,13.659234545948715,0.2575627499288812,0.2575627499288812,0.5435573011636734,True,False,Lying|Lying|Lying|Lying|Lying
613,20.440790754257907,Lying,False,Lying,False,0.65,"horizontal_torso,slow_lie",,,97.03744041991993,0.2212673152301355,13.008085581166172,0.25967286295031194,0.25967286295031194,0.5423186719417572,True,False,Lying|Lying|Lying|Lying|Lying
614,20.47413625304136,Lying,False,Lying,False,0.65,"horizontal_torso,slow_lie",,,97.26912040069689,0.021590321400493388,6.947863706627693,0.25990577097702905,0.25990577097702905,0.5423221588134766,True,False,Lying|Lying|Lying|Lying|Lying
615,20.507481751824816,Lying,False,Lying,False,0.65,"horizontal_torso,slow_lie",,,97.03376066675334,0.25154647700661764,7.058216027056015,0.26215952107288837,0.26215952107288837,0.5404530465602875,True,False,Lying|Lying|Lying|Lying|Lying
616,20.54082725060827,Lying,False,Lying,False,0.65,"horizontal_torso,slow_lie",,,97.17456036337288,0.11573107963561098,4.222449858491902,0.2610546948058194,0.2610546948058194,0.5404979139566422,True,False,Lying|Lying|Lying|Lying|Lying
617,20.574172749391728,Lying,False,Lying,False,0.65,"horizontal_torso,slow_lie",,,96.64742376866836,0.16431861538227682,15.808328378222358,0.2595159933010991,0.2595159933010991,0.5392825454473495,True,False,Lying|Lying|Lying|Lying|Lying
618,20.607518248175182,Lying,False,Lying,False,0.65,"horizontal_torso,slow_lie",,,96.61128924726465,0.07639921025476593,1.0836401530043902,0.25942877781365026,0.25942877781365026,0.53862664103508,True,False,Lying|Lying|Lying|Lying|Lying
619,20.640863746958637,Lying,False,Lying,False,0.65,"horizontal_torso,slow_lie",,,96.33625742761411,0.046770153056803994,8.247944390833474,0.2596780989928362,0.2596780989928362,0.5384442508220673,True,False,Lying|Lying|Lying|Lying|Lying
620,20.67420924574209,Lying,False,Lying,False,0.65,"horizontal_torso,slow_lie",,,96.42815063794353,0.03425161222435001,2.7557905469092376,0.25991549006921005,0.25991549006921005,0.5386794060468674,True,False,Lying|Lying|Lying|Lying|Lying
621,20.707554744525545,Lying,False,Lying,False,0.65,"horizontal_torso,slow_lie",,,96.54120070775635,0.10922998883386689,3.3902647714752105,0.25822549803946654,0.25822549803946654,0.5387661010026932,True,False,Lying|Lying|Lying|Lying|Lying
622,20.740900243309003,Lying,False,Lying,False,0.65,"horizontal_torso,slow_lie",,,96.53766613166438,0.06475199809479625,0.10599859713955871,0.25900684377884403,0.25900684377884403,0.5388071537017822,True,False,Lying|Lying|Lying|Lying|Lying
623,20.774245742092457,Lying,False,Lying,False,0.65,"horizontal_torso,slow_lie",,,96.53870192136849,0.07770342013538833,0.031062354497411862,0.2597718054642191,0.2597718054642191,0.5388742387294769,True,False,Lying|Lying|Lying|Lying|Lying
624,20.80759124087591,Lying,False,Lying,False,0.65,"horizontal_torso,slow_lie",,,96.5353051534963,0.04693670959263109,0.10186585884493615,0.2604883248097017,0.2604883248097017,0.5388930439949036,True,False,Lying|Lying|Lying|Lying|Lying
625,20.840936739659366,Lying,False,Lying,False,0.65,"horizontal_torso,slow_lie",,,96.60536619179567,0.05723676971736638,2.1010643371793027,0.2596334310222693,0.2596334310222693,0.5389754176139832,True,False,Lying|Lying|Lying|Lying|Lying
626,20.87428223844282,Lying,False,Lying,False,0.65,"horizontal_torso,slow_lie",,,96.6385236734593,0.019320506935589798,0.9943615442360282,0.2599487192743413,0.2599487192743413,0.5390712916851044,True,False,Lying|Lying|Lying|Lying|Lying
627,20.907627737226278,Lying,False,Lying,False,0.65,"horizontal_torso,slow_lie",,,96.62645021233013,0.03174199926354061,0.3620716909223764,0.25928051925751266,0.25928051925751266,0.5390722006559372,True,False,Lying|Lying|Lying|Lying|Lying
628,20.940973236009732,Lying,False,Lying,False,0.65,"horizontal_torso,slow_lie",,,96.62216138014988,0.04108041448648305,0.12861802452266383,0.25994465066169387,0.25994465066169387,0.5391552746295929,True,False,Lying|Lying|Lying|Lying|Lying
629,20.974318734793187,Lying,False,Lying,False,0.65,"horizontal_torso,slow_lie",,,96.5761334938892,0.055050384729000285,1.3803328167192637,0.26036583883549996,0.26036583883549996,0.5388922989368439,True,False,Lying|Lying|Lying|Lying|Lying
630,21.00766423357664,Lying,False,Lying,False,0.65,"horizontal_torso,slow_lie",,,96.68713885312877,0.289892395148002,3.328945833452338,0.2567739367143645,0.2567739367143645,0.5389234274625778,True,False,Lying|Lying|Lying|Lying|Lying
631,21.041009732360095,Lying,False,Lying,False,0.65,"horizontal_torso,slow_lie",,,96.64975288475146,0.0344581124610444,1.121169865237051,0.2569993628142966,0.2569993628142966,0.5389394313097,True,False,Lying|Lying|Lying|Lying|Lying
632,21.074355231143553,Lying,False,Lying,False,0.65,"horizontal_torso,slow_lie",,,96.61666992942526,0.0435946226450832,0.992126569797171,0.2577382809492922,0.2577382809492922,0.5389503538608551,True,False,Lying|Lying|Lying|Lying|Lying
633,21.107700729927007,Lying,False,Lying,False,0.65,"horizontal_torso,slow_lie",,,96.36879110143158,0.16995195230437224,7.43365182819424,0.2603800567349077,0.2603800567349077,0.5385455340147018,True,False,Lying|Lying|Lying|Lying|Lying
634,21.14104622871046,Lying,False,Lying,False,0.65,"horizontal_torso,slow_lie",,,96.37975867128264,0.2068941580425243,0.32890705646014823,0.2626466323980532,0.2626466323980532,0.5384029597043991,True,False,Lying|Lying|Lying|Lying|Lying
635,21.174391727493916,Lying,False,Lying,False,0.65,"horizontal_torso,slow_lie",,,96.98665959040821,0.1085146234854882,18.200385097454387,0.26285224717418637,0.26285224717418637,0.5393383055925369,True,False,Lying|Lying|Lying|Lying|Lying
636,21.20773722627737,Lying,False,Lying,False,0.65,"horizontal_torso,slow_lie",,,97.63082117476611,0.4646758157924605,19.31779723977408,0.25614323791564014,0.25614323791564014,0.5410936027765274,True,False,Lying|Lying|Lying|Lying|Lying
637,21.241082725060828,Lying,False,Lying,False,0.65,"horizontal_torso,slow_lie",,,97.75399229893382,0.055823021753343034,3.6937856280864825,0.25645884434994143,0.25645884434994143,0.54128398001194,True,False,Lying|Lying|Lying|Lying|Lying
638,21.274428223844282,Lying,False,Lying,False,0.65,"horizontal_torso,slow_lie",,,97.85552051291964,0.13324242014555224,3.044735202347405,0.256785615730717,0.256785615730717,0.5423618853092194,True,False,Lying|Lying|Lying|Lying|Lying
639,21.307773722627736,Lying,False,Lying,False,0.65,"horizontal_torso,slow_lie",,,98.00922168814594,0.05152109602067534,4.609353011164666,0.2575460433288093,0.2575460433288093,0.5424546003341675,True,False,Lying|Lying|Lying|Lying|Lying
640,21.34111922141119,Lying,False,Lying,False,0.65,"horizontal_torso,slow_lie",,,98.09970621006337,0.033467689715229225,2.713545312518448,0.25826140864317,0.25826140864317,0.5427425056695938,True,False,Lying|Lying|Lying|Lying|Lying
641,21.374464720194645,Lying,False,Lying,False,0.65,"horizontal_torso,slow_lie",,,97.99321098240787,0.03276880383663096,3.193691248917302,0.25898441574072456,0.25898441574072456,0.5426950305700302,True,False,Lying|Lying|Lying|Lying|Lying
642,21.407810218978103,Lying,False,Lying,False,0.65,"horizontal_torso,slow_lie",,,97.95147781131124,0.21924566425647818,1.2515383670716347,0.2562353372468245,0.2562353372468245,0.5430808365345001,True,False,Lying|Lying|Lying|Lying|Lying
643,21.441155717761557,Lying,False,Lying,False,0.65,"horizontal_torso,slow_lie",,,97.90756128477715,0.07112929715714729,1.3170151335652345,0.25601397247193186,0.25601397247193186,0.5425525009632111,True,False,Lying|Lying|Lying|Lying|Lying
644,21.47450121654501,Lying,False,Lying,False,0.65,"horizontal_torso,slow_lie",,,97.63786113602875,0.1472111964668162,8.08805261843081,0.2570915659979019,0.2570915659979019,0.5414512306451797,True,False,Lying|Lying|Lying|Lying|Lying
645,21.507846715328466,Lying,False,Lying,False,0.65,"horizontal_torso,slow_lie",,,97.66784553882893,0.2303924390255691,0.8992039073969235,0.25556263131463336,0.25556263131463336,0.543337881565094,True,False,Lying|Lying|Lying|Lying|Lying
646,21.54119221411192,Lying,False,Lying,False,0.65,"horizontal_torso,slow_lie",,,98.0502282844161,0.4537964602845964,11.467297222643431,0.26249851939791635,0.26249851939791635,0.5414382368326187,True,False,Lying|Lying|Lying|Lying|Lying
647,21.574537712895378,Lying,False,Lying,False,0.65,"horizontal_torso,slow_lie",,,97.78609700655215,0.1313222761908486,7.921047442690232,0.26002487229342836,0.26002487229342836,0.5407818406820297,True,False,Lying|Lying|Lying|Lying|Lying
648,21.607883211678832,Lying,False,Lying,False,0.65,"horizontal_torso,slow_lie",,,97.37444225499789,0.007316408055080021,12.34513702216761,0.2598016753684843,0.2598016753684843,0.5408390015363693,True,False,Lying|Lying|Lying|Lying|Lying
649,21.641228710462286,Lying,False,Lying,False,0.65,"horizontal_torso,slow_lie",,,96.9660794052349,0.18513350658882755,12.246415998000316,0.26063174184849897,0.26063174184849897,0.5399846285581589,True,False,Lying|Lying|Lying|Lying|Lying
650,21.67457420924574,Lying,False,Lying,False,0.65,"horizontal_torso,slow_lie",,,96.66579900252934,0.1258143630463528,9.005125538999271,0.2586151103390907,0.2586151103390907,0.5401318818330765,True,False,Lying|Lying|Lying|Lying|Lying
651,21.707919708029195,Lying,False,Lying,False,0.65,"horizontal_torso,slow_lie",,,96.81402388020406,0.021431202621812466,4.445124022204432,0.2590589232956642,0.2590589232956642,0.5401277989149094,True,False,Lying|Lying|Lying|Lying|Lying
652,21.741265206812653,Lying,False,Lying,False,0.65,"horizontal_torso,slow_lie",,,96.80048544222694,0.1023739041354066,0.40600496231996336,0.2584484653794251,0.2584484653794251,0.5403026938438416,True,False,Lying|Lying|Lying|Lying|Lying
653,21.774610705596107,Lying,False,Lying,False,0.65,"horizontal_torso,slow_lie",,,96.72523423011457,0.023448955487898545,2.2567127455810057,0.25821039765186043,0.25821039765186043,0.5404951274394989,True,False,Lying|Lying|Lying|Lying|Lying
654,21.80795620437956,Lying,False,Lying,False,0.65,"horizontal_torso,slow_lie",,,96.76969042020662,0.021947441666652613,1.3331991337345894,0.25785493631514866,0.25785493631514866,0.5405582785606384,True,False,Lying|Lying|Lying|Lying|Lying
655,21.841301703163015,Lying,False,Lying,False,0.65,"horizontal_torso,slow_lie",,,96.73400114756512,0.06900547398126004,1.070287563345729,0.25661084985357485,0.25661084985357485,0.5406221598386765,True,False,Lying|Lying|Lying|Lying|Lying
656,21.87464720194647,Lying,False,Lying,False,0.65,"horizontal_torso,slow_lie",,,96.85748210085141,0.09944895282159182,3.7030771105922042,0.25651340921871874,0.25651340921871874,0.5397718548774719,True,False,Lying|Lying|Lying|Lying|Lying
657,21.907992700729928,Lying,False,Lying,False,0.65,"horizontal_torso,slow_lie",,,96.93823429748967,0.1101093295899767,2.4216820735732387,0.2570830473832334,0.2570830473832334,0.5389232933521271,True,False,Lying|Lying|Lying|Lying|Lying
658,21.941338199513382,Lying,False,Lying,False,0.65,"horizontal_torso,slow_lie",,,96.6895113741009,0.08253027358668748,7.458965451498446,0.2555514540880748,0.2555514540880748,0.5385863482952118,True,False,Lying|Lying|Lying|Lying|Lying
659,21.974683698296836,Lying,False,Lying,False,0.65,"horizontal_torso,slow_lie",,,96.57027958875958,0.1167546015899818,3.5756485790066774,0.2565482061334873,0.2565482061334873,0.538600355386734,True,False,Lying|Lying|Lying|Lying|Lying
660,22.00802919708029,Lying,False,Lying,False,0.65,"horizontal_torso,slow_lie",,,96.64811267013796,0.02603224164569985,2.334140565232954,0.25595427345054195,0.25595427345054195,0.5388034135103226,True,False,Lying|Lying|Lying|Lying|Lying
661,22.041374695863745,Lying,False,Lying,False,0.65,"horizontal_torso,slow_lie",,,96.61488579321627,0.3471028033260614,0.9964426424526898,0.2503234835449532,0.2503234835449532,0.5388678312301636,True,False,Lying|Lying|Lying|Lying|Lying
662,22.074720194647202,Lying,False,Lying,False,0.65,"horizontal_torso,slow_lie",,,96.88407040421053,0.03212984645933337,8.072592128320391,0.2507380993121804,0.2507380993121804,0.5391334295272827,True,False,Lying|Lying|Lying|Lying|Lying
663,22.108065693430657,Lying,False,Lying,False,0.65,"horizontal_torso,slow_lie",,,96.9983507988823,0.019099466207908058,3.4271610514481545,0.251426145855623,0.251426145855623,0.5389955192804337,True,False,Lying|Lying|Lying|Lying|Lying
664,22.14141119221411,Lying,False,Lying,False,0.65,"horizontal_torso,slow_lie",,,96.95585011236912,0.06376302776990203,1.2745554291803731,0.2520080522982078,0.2520080522982078,0.5385102778673172,True,False,Lying|Lying|Lying|Lying|Lying
665,22.174756690997565,Lying,False,Lying,False,0.65,"horizontal_torso,slow_lie",,,96.24290169300643,0.21276644633524014,21.380649424156992,0.2508121903269656,0.2508121903269656,0.5367353409528732,True,False,Lying|Lying|Lying|Lying|Lying
666,22.20810218978102,Lying,False,Lying,False,0.65,"horizontal_torso,slow_lie",,,96.15494395747078,0.024171077147764015,2.637769376516177,0.25064237923265703,0.25064237923265703,0.5369136929512024,True,False,Lying|Lying|Lying|Lying|Lying
667,22.241447688564477,Lying,False,Lying,False,0.65,"horizontal_torso,slow_lie",,,96.31993168047026,0.11089952037863714,4.947825914103047,0.25197726814373766,0.25197726814373766,0.537638247013092,True,False,Lying|Lying|Lying|Lying|Lying
668,22.27479318734793,Lying,False,Lying,False,0.65,"horizontal_torso,slow_lie",,,96.53018589075754,0.17084148179345673,6.305325095080024,0.2544815320394794,0.2544815320394794,0.538209542632103,True,False,Lying|Lying|Lying|Lying|Lying
669,22.308138686131386,Lying,False,Lying,False,0.65,"horizontal_torso,slow_lie",,,96.58390267785808,0.16120435531353136,1.6109156875828352,0.25590039555176364,0.25590039555176364,0.5390458554029465,True,False,Lying|Lying|Lying|Lying|Lying
670,22.34148418491484,Lying,False,Lying,False,0.65,"horizontal_torso,slow_lie",,,96.90511332638454,0.11986734744336722,9.63280383395679,0.25699932303338846,0.25699932303338846,0.5396860986948013,True,False,Lying|Lying|Lying|Lying|Lying
671,22.374829683698295,Lying,False,Lying,False,0.65,"horizontal_torso,slow_lie",,,97.5897397570814,0.2744753950831599,20.531299745816714,0.25521702957494796,0.25521702957494796,0.5411086082458496,True,False,Lying|Lying|Lying|Lying|Lying
672,22.408175182481752,Lying,False,Lying,False,0.65,"horizontal_torso,slow_lie",,,98.48531073684163,0.518271260801039,26.857327448480124,0.24851041694586268,0.24851041694586268,0.5425412952899933,True,False,Lying|Lying|Lying|Lying|Lying
673,22.441520681265207,Lying,False,Lying,False,0.65,"horizontal_torso,slow_lie",,,99.10179275113732,0.3923592981085156,18.48771308832816,0.24468453026936027,0.24468453026936027,0.5446013659238815,True,False,Lying|Lying|Lying|Lying|Lying
674,22.47486618004866,Lying,False,Lying,False,0.65,"horizontal_torso,slow_lie",,,99.30808393096252,0.07150938619606922,6.186477556231969,0.24498063217709226,0.24498063217709226,0.544614776968956,True,False,Lying|Lying|Lying|Lying|Lying
675,22.508211678832115,Lying,False,Lying,False,0.65,"horizontal_torso,slow_lie",,,99.48660878280077,0.08758755340455918,5.353791616601332,0.24481136678371668,0.24481136678371668,0.5452795624732971,True,False,Lying|Lying|Lying|Lying|Lying
676,22.54155717761557,Lying,False,Lying,False,0.65,"horizontal_torso,slow_lie",,,99.40766346431634,0.03127345842229283,2.3674955050785154,0.24540116665952058,0.24540116665952058,0.5450998842716217,True,False,Lying|Lying|Lying|Lying|Lying
677,22.574902676399027,Lying,False,Lying,False,0.65,"horizontal_torso,slow_lie",,,99.55229269512081,0.04275356544703851,4.337293970130003,0.24542278786209706,0.24542278786209706,0.5454023331403732,True,False,Lying|Lying|Lying|Lying|Lying
678,22.60824817518248,Lying,False,Lying,False,0.65,"horizontal_torso,slow_lie",,,99.69707504435627,0.12002238507975563,4.34188584719253,0.24723255855971343,0.24723255855971343,0.545398160815239,True,False,Lying|Lying|Lying|Lying|Lying
679,22.641593673965936,Lying,False,Lying,False,0.65,"horizontal_torso,slow_lie",,,99.59128523869128,0.05001567376915935,3.17253630998242,0.24775245396191758,0.24775245396191758,0.5451613366603851,True,False,Lying|Lying|Lying|Lying|Lying
680,22.67493917274939,Lying,False,Lying,False,0.65,"horizontal_torso,slow_lie",,,99.57360544174469,0.045238133286079056,0.5302004046005667,0.2479227613203386,0.2479227613203386,0.544878751039505,True,False,Lying|Lying|Lying|Lying|Lying
681,22.708284671532844,Lying,False,Lying,False,0.65,"horizontal_torso,slow_lie",,,99.47155485796586,0.06320704972375264,3.060400578847242,0.24649362076720005,0.24649362076720005,0.5447879284620285,True,False,Lying|Lying|Lying|Lying|Lying
682,22.741630170316302,Lying,False,Lying,False,0.65,"horizontal_torso,slow_lie",,,99.19917401767043,0.09428418557582642,8.168444024911393,0.24621284360865817,0.24621284360865817,0.5441795885562897,True,False,Lying|Lying|Lying|Lying|Lying
683,22.774975669099756,Lying,False,Lying,False,0.65,"horizontal_torso,slow_lie",,,99.22263136013305,0.045802970422303156,0.7034635353620758,0.24574876512251356,0.24574876512251356,0.5441848635673523,True,False,Lying|Lying|Lying|Lying|Lying
684,22.80832116788321,Lying,False,Lying,False,0.65,"horizontal_torso,slow_lie",,,99.24996911168414,0.061382493465860076,0.8198333372854523,0.24597877529756607,0.24597877529756607,0.5446850061416626,True,False,Lying|Lying|Lying|Lying|Lying
685,22.841666666666665,Lying,False,Lying,False,0.65,"horizontal_torso,slow_lie",,,99.09316229842878,0.163957961780053,4.702488161105684,0.24854033720207883,0.24854033720207883,0.5445241928100586,True,False,Lying|Lying|Lying|Lying|Lying
