frame_number,timestamp,gt_label,ignore,posture_label,fall_detected,confidence,other_labels,knee_angle,hip_angle,torso_angle,velocity,torso_angular_velocity,body_height,effective_max_bh,hip_height,lower_body_occluded,tracking_lost_after_fall,recent_label_history
1,0.03334597875569044,Standing,False,Standing,False,0.55,angle_standing,171.68386804308784,170.4049857295485,2.913775173864195,0.0,0.0,0.26172678460404003,0.26172678460404003,0.23144859075546265,False,False,Standing
2,0.06669195751138088,Standing,False,Standing,False,0.62,angle_standing,171.36846824307497,170.15961035719846,2.992151173907604,0.09971061518787973,2.3503883516999644,0.2618173594267255,0.2618173594267255,0.23231899738311768,False,False,Standing|Standing
3,0.10003793626707132,Standing,False,Standing,False,0.62,angle_standing,170.0805347052667,169.77533991492191,3.285457766271766,0.1979022012994253,8.795860949623789,0.26166565421057175,0.2618173594267255,0.23398002982139587,False,False,Standing|Standing|Standing
4,0.13338391502276176,Standing,False,Standing,False,0.62,angle_standing,169.6599828303323,169.59713824680773,3.589861306851765,0.0071507667308182265,9.128643150954229,0.2618041041600013,0.2618173594267255,0.23391810059547424,False,False,Standing|Standing|Standing|Standing
5,0.16672989377845218,Standing,False,Standing,False,0.62,angle_standing,169.60443551445908,169.36394519243942,3.8836132057966997,0.04459534286770408,8.809215080988038,0.2618962685546911,0.2618962685546911,0.23430755734443665,False,False,Standing|Standing|Standing|Standing|Standing
6,0.20007587253414263,Standing,False,Standing,False,0.62,angle_standing,169.56275003641733,169.07207623355126,4.2066214015241306,0.09823838990118809,9.686571148322042,0.26200070903859696,0.26200070903859696,0.23516520857810974,False,False,Standing|Standing|Standing|Standing|Standing
7,0.23342185128983306,Standing,False,Standing,False,0.62,angle_standing,169.61854033922373,168.99431758623726,4.236700930581658,0.01633280104519549,0.9020436700300571,0.2620213773207183,0.2620213773207183,0.23502665758132935,False,False,Standing|Standing|Standing|Standing|Standing
8,0.2667678300455235,Standing,False,Standing,False,0.62,angle_standing,169.57798356047556,168.85106355367492,4.349397026564805,0.03107987450524022,3.3796007851146332,0.2619173021339056,0.2620213773207183,0.2352970540523529,False,False,Standing|Standing|Standing|Standing|Standing
9,0.30011380880121397,Standing,False,Standing,False,0.62,angle_standing,169.61913202805945,168.64684463749654,4.356856758992716,0.10416644138657265,0.22370710671187294,0.2617896462293655,0.2620213773207183,0.23618516325950623,False,False,Standing|Standing|Standing|Standing|Standing
10,0.33345978755690436,Standing,False,Standing,False,0.62,angle_standing,169.35296543144096,168.6718101203608,4.438556556988312,0.05846784826441581,2.4500644768645006,0.2620959658169512,0.2620959658169512,0.23669615387916565,False,False,Standing|Standing|Standing|Standing|Standing
11,0.3668057663125948,Standing,False,Standing,False,0.62,angle_standing,169.7648952426042,168.42934654539386,4.398057561700973,0.037821075075276045,1.2145091191970827,0.26190239207653004,0.2620959658169512,0.2364218831062317,False,False,Standing|Standing|Standing|Standing|Standing
12,0.40015174506828527,Standing,False,Standing,False,0.62,angle_standing,170.05515062554815,168.19342305490517,4.312799038540679,0.06546124595969821,2.556785745739881,0.2618256365508496,0.2620959658169512,0.23667049407958984,False,False,Standing|Standing|Standing|Standing|Standing
13,0.4334977238239757,Standing,False,Standing,False,0.62,angle_standing,170.04390152459456,167.81166353195704,4.032430087715585,0.11008822853177898,8.407878889362326,0.2620748559518123,0.2620959658169512,0.23693415522575378,False,False,Standing|Standing|Standing|Standing|Standing
14,0.4668437025796661,Standing,False,Standing,False,0.62,angle_standing,170.47436755971657,167.5318220459942,3.9299371066266775,0.09042257599313307,3.073623414679862,0.2618989823242262,0.2620959658169512,0.2369258999824524,False,False,Standing|Standing|Standing|Standing|Standing
15,0.5001896813353566,Standing,False,Standing,False,0.62,angle_standing,170.51774954231456,167.33162850250375,3.936621633596439,0.1461444669293064,0.20045976214210867,0.2620239263193815,0.2620959658169512,0.23690712451934814,False,False,Standing|Standing|Standing|Standing|Standing
16,0.533535660091047,Standing,False,Standing,False,0.62,angle_standing,171.0965222625245,167.14082149218245,3.4373054043312075,0.23415301813201445,14.973806374779862,0.26148605030453514,0.2620959658169512,0.23565402626991272,False,False,Standing|Standing|Standing|Standing|Standing
17,0.5668816388467375,Standing,False,Standing,False,0.62,angle_standing,171.8754779755692,166.71248151397566,3.0688595814715622,0.30499420311192244,11.04918303820278,0.2611280962843439,0.2620959658169512,0.23339194059371948,False,False,Standing|Standing|Standing|Standing|Standing
18,0.6002276176024279,Standing,False,Standing,False,0.62,angle_standing,173.19208079861414,165.88565678838876,2.9041236602406175,0.305701726887247,4.940203508131628,0.2612048292602285,0.2620959658169512,0.23296162486076355,False,False,Standing|Standing|Standing|Standing|Standing
19,0.6335735963581184,Standing,False,Standing,False,0.62,angle_standing,172.75527140671065,166.32147873666838,3.513639505379048,0.09791723944459782,18.27854115796248,0.26100270636592454,0.2620959658169512,0.23220083117485046,False,False,Standing|Standing|Standing|Standing|Standing
20,0.6669195751138087,Standing,False,Standing,False,0.62,angle_standing,172.3472687240582,167.59850204472406,4.702814999461606,0.23742234624124992,35.66173609103108,0.26101619882995747,0.2620959658169512,0.23098310828208923,False,False,Standing|Standing|Standing|Standing|Standing
21,0.7002655538694992,Standing,False,Standing,False,0.62,angle_standing,171.60392736966128,167.943335537525,4.55225795468852,0.3177701276856369,4.514998521295266,0.2607209727326952,0.2620959658169512,0.2310796082019806,False,False,Standing|Standing|Standing|Standing|Standing
22,0.7336115326251896,Standing,False,Standing,False,0.62,angle_standing,170.07404932504755,168.25510797007183,5.0330023166178535,0.35375925133745945,14.416861638745415,0.25963776383173137,0.2620959658169512,0.23110535740852356,False,False,Standing|Standing|Standing|Standing|Standing
23,0.7669575113808801,Standing,False,Standing,False,0.62,angle_standing,169.8435848897962,168.3040573176489,5.272001717559715,0.3462929905297158,7.167263036208727,0.25915675924480697,0.2620959658169512,0.23117244243621826,False,False,Standing|Standing|Standing|Standing|Standing
24,0.8003034901365705,Standing,False,Standing,False,0.62,angle_standing,169.234168767222,169.0757422322264,7.506726362729237,0.09793981759471433,67.01631586651716,0.2588149414373756,0.2620959658169512,0.23122021555900574,False,False,Standing|Standing|Standing|Standing|Standing
25,0.833649468892261,Standing,False,Standing,False,0.62,angle_standing,167.64084164464725,169.93554762228587,8.21220614564144,0.19242331856964262,21.156367551269245,0.25943858422103655,0.2620959658169512,0.231263667345047,False,False,Standing|Standing|Standing|Standing|Standing
26,0.8669954476479514,Standing,False,Standing,False,0.62,angle_standing,165.8364079242383,170.18221759536965,9.041345960804053,0.25562891015099487,24.864761692476062,0.2605282478708026,0.2620959658169512,0.231151282787323,False,False,Standing|Standing|Standing|Standing|Standing
27,0.9003414264036418,Standing,False,Standing,False,0.62,angle_standing,165.79417276762143,171.32374175835653,8.440751364110419,0.5960154793611718,18.01100519777502,0.2597832755624678,0.2620959658169512,0.23049679398536682,False,False,Standing|Standing|Standing|Standing|Standing
28,0.9336874051593322,Standing,False,Standing,False,0.62,angle_standing,169.52422896022028,171.68778627132747,8.218210818581154,0.29920210450949336,6.673684619057359,0.25683003848623015,0.2620959658169512,0.22882294654846191,False,False,Standing|Standing|Standing|Standing|Standing
29,0.9670333839150227,Standing,False,Standing,False,0.62,angle_standing,170.23105259498126,172.99170843698988,9.097360867660699,0.2136244812584828,26.36449976534334,0.25937774831151306,0.2620959658169512,0.22797536849975586,False,False,Standing|Standing|Standing|Standing|Standing
30,1.0003793626707131,Standing,False,Standing,False,0.62,angle_standing,173.59381852968596,172.90553980633123,10.461280842411371,0.07541368840911666,40.90208251925792,0.26316554239022616,0.26316554239022616,0.22766995429992676,False,False,Standing|Standing|Standing|Standing|Standing
31,1.0337253414264036,Standing,False,Standing,False,0.62,angle_standing,175.52059281679226,172.33844875477956,10.899603374496438,0.3778199340788487,13.144689358091425,0.26619419498574654,0.26619419498574654,0.22478631138801575,False,False,Standing|Standing|Standing|Standing|Standing
32,1.067071320182094,Standing,False,Standing,False,0.62,angle_standing,174.44161089005502,169.8277728144447,12.97491081216654,0.14094021043253985,62.23561326164261,0.27117965225518625,0.27117965225518625,0.22511634230613708,False,False,Standing|Standing|Standing|Standing|Standing
33,1.1004172989377845,Standing,False,Standing,False,0.62,angle_standing,177.64521683928763,169.2142600362167,13.074493472885795,0.3617200932977254,2.9863469130370475,0.28370026373345936,0.28370026373345936,0.2223081886768341,False,False,Standing|Standing|Standing|Standing|Standing
34,1.133763277693475,Standing,False,Standing,False,0.62,angle_standing,172.5382484421532,166.34154385132857,15.850133800842933,0.3594965795911737,83.23763258811164,0.2946998181205636,0.2946998181205636,0.21877789497375488,False,False,Standing|Standing|Standing|Standing|Standing
35,1.1671092564491654,Standing,False,Standing,False,0.62,angle_standing,171.6770112098411,163.45514918247295,16.947456099394206,0.2913703365341265,32.90718519887547,0.29976488476507973,0.29976488476507973,0.21686521172523499,False,False,Standing|Standing|Standing|Standing|Standing
36,1.2004552352048559,Standing,False,Standing,False,0.62,angle_standing,168.8392307837808,161.76524030523248,16.7509786402719,0.10873291072521911,5.892088535226381,0.29924329602483724,0.29976488476507973,0.21611645817756653,False,False,Standing|Standing|Standing|Standing|Standing
37,1.2338012139605463,Standing,False,Standing,False,0.62,angle_standing,167.93343925903372,160.8038473081927,16.759738165782018,0.38353658026941345,0.26268611199854763,0.3000232004581051,0.3000232004581051,0.2134578824043274,False,False,Standing|Standing|Standing|Standing|Standing
38,1.2671471927162368,Standing,False,Standing,False,0.62,angle_standing,166.17338631662446,160.44959369645156,17.22857007796376,0.6793923904327847,14.059623669067918,0.29955967410627005,0.3000232004581051,0.20724350214004517,False,False,Standing|Standing|Standing|Standing|Standing
39,1.300493171471927,Standing,False,Standing,False,0.62,angle_standing,176.44182720494234,156.23815911879416,16.62224488296424,0.21310062079369654,18.182857952431696,0.29813505537758567,0.3000232004581051,0.20685330033302307,False,False,Standing|Standing|Standing|Standing|Standing
40,1.3338391502276175,Standing,False,Standing,False,0.62,angle_standing,177.52853986611782,159.07502510626597,14.594803273618808,0.5955672566468884,60.80018296057512,0.300618373268886,0.300618373268886,0.20430448651313782,False,False,Standing|Standing|Standing|Standing|Standing
41,1.367185128983308,Standing,False,Standing,False,0.62,angle_standing,171.6878013512485,162.85313927960686,13.533703748425165,0.5720396235346352,31.820914088856014,0.29878363331635094,0.300618373268886,0.19917917251586914,False,False,Standing|Standing|Standing|Standing|Standing
42,1.4005311077389984,Standing,False,Standing,False,0.62,angle_standing,171.6905819631283,163.18158696539544,13.77927708776162,0.15838650722393965,7.364406399213856,0.2949997890288164,0.300618373268886,0.19765639305114746,False,False,Standing|Standing|Standing|Standing|Standing
43,1.4338770864946888,Standing,False,Standing,False,0.62,angle_standing,175.6918264880162,165.15218119863817,11.451899783179636,0.6623954430340702,69.79484157995574,0.2943720956654182,0.300618373268886,0.19489401578903198,False,False,Standing|Standing|Standing|Standing|Standing
44,1.4672230652503793,Standing,False,Standing,False,0.62,angle_standing,173.24099163635384,167.7462185789266,10.577021022764924,0.45663623157755906,26.23640969798838,0.2918702763335433,0.300618373268886,0.1911858320236206,False,False,Standing|Standing|Standing|Standing|Standing
45,1.5005690440060697,Standing,False,Standing,False,0.62,angle_standing,171.15144817342517,170.45304716172416,9.280035271856546,0.5076463239968013,38.89481728548901,0.28799844446172973,0.300618373268886,0.18918097019195557,False,False,Standing|Standing|Standing|Standing|Standing
46,1.5339150227617602,Standing,False,Standing,False,0.62,angle_standing,174.20951778401582,173.00387577755515,6.698969572739401,0.4983468730674063,77.40260731368365,0.2893037006257064,0.300618373268886,0.18772199749946594,False,False,Standing|Standing|Standing|Standing|Standing
47,1.5672610015174506,Standing,False,Standing,False,0.62,angle_standing,168.09721249504904,171.29350304965698,5.302141140098543,0.45205252136253815,41.88896187077701,0.281710931392335,0.300618373268886,0.18437883257865906,False,False,Standing|Standing|Standing|Standing|Standing
48,1.600606980273141,Standing,False,Standing,False,0.62,angle_standing,158.18873866547438,169.23335270525484,4.686370326905791,0.16012822294398218,18.466119039546022,0.28175174388967983,0.300618373268886,0.18540671467781067,False,False,Standing|Standing|Standing|Standing|Standing
49,1.6339529590288315,Standing,False,Standing,False,0.62,angle_standing,151.2212294838815,166.6892882083904,4.19811338507035,0.8998275730026439,14.642153568580442,0.2777354459780176,0.300618373268886,0.17708957195281982,False,False,Standing|Standing|Standing|Standing|Standing
50,1.667298937784522,Standing,False,Standing,False,0.62,angle_standing,144.47707091926725,162.56385128651067,3.678115036197571,0.34861265409464437,15.594034671543168,0.27663821480958856,0.300618373268886,0.1801239550113678,False,False,Standing|Standing|Standing|Standing|Standing
51,1.7006449165402124,Standing,False,Standing,False,0.62,angle_standing,146.12660373669314,163.11945191623124,2.265920398441237,0.32339243169772935,42.34977320962111,0.28121485648017,0.300618373268886,0.17838114500045776,False,False,Standing|Standing|Standing|Standing|Standing
52,1.733990895295903,Standing,False,Standing,False,0.62,angle_standing,159.14283654632214,165.14618957700378,0.8848727767135603,0.5199417764169467,41.41571707479129,0.29014801752693953,0.300618373268886,0.17381775379180908,False,False,Standing|Standing|Standing|Standing|Standing
53,1.7673368740515933,Standing,False,Standing,False,0.62,angle_standing,168.50512368501194,166.12340989247005,0.18817203374613292,0.3159948253585096,20.893096228238203,0.2985047337001603,0.300618373268886,0.1707359254360199,False,False,Standing|Standing|Standing|Standing|Standing
54,1.8006828528072836,Standing,False,Standing,False,0.62,angle_standing,172.35493530543215,163.9191914154921,0.5916533893922284,0.05100343518332156,12.099850437805626,0.3007117847554677,0.3007117847554677,0.1710619032382965,False,False,Standing|Standing|Standing|Standing|Standing
55,1.834028831562974,Standing,False,Standing,False,0.62,fallback_height_standing,,163.11886673230217,2.0714689642944477,0.1482590772694753,44.37763203005971,0.34567436578992955,0.34567436578992955,0.1693783700466156,False,False,Standing|Standing|Standing|Standing|Standing
56,1.8673748103186645,Standing,False,Standing,False,0.62,fallback_height_standing,,161.72780458718458,3.915366786545002,0.7778500253010212,55.29595744542047,0.3476386667694764,0.3476386667694764,0.16036170721054077,False,False,Standing|Standing|Standing|Standing|Standing
57,1.900720789074355,Standing,False,Standing,False,0.62,fallback_height_standing,,162.64630515617864,4.309207017309684,0.2058837996900286,11.81072637424006,0.3495901112537009,0.3495901112537009,0.15980365872383118,False,False,Standing|Standing|Standing|Standing|Standing
58,1.9340667678300454,Standing,False,Standing,False,0.62,fallback_height_standing,,162.37513257315518,6.537684088516064,0.13413208391362944,66.82895972354967,0.3345965736236348,0.3495901112537009,0.1608337163925171,False,False,Standing|Standing|Standing|Standing|Standing
59,1.9674127465857358,Standing,False,Standing,False,0.62,fallback_height_standing,,164.01423301360163,10.440407150497885,0.2867951192027242,117.0372922796823,0.33621737633045423,0.3495901112537009,0.1578541398048401,False,False,Standing|Standing|Standing|Standing|Standing
60,2.0007587253414263,Transition,True,Standing,False,0.62,fallback_height_standing,,165.90471629596226,12.920029226320157,0.3323605892465201,74.36045269473841,0.3266867821333661,0.3495901112537009,0.15696871280670166,False,False,Standing|Standing|Standing|Standing|Standing
61,2.0341047040971167,Transition,True,Standing,False,0.62,fallback_default,,169.22200591577683,16.455069434599046,0.19698217466863543,106.01098963621331,0.3190031978491541,0.3495901112537009,0.1562592089176178,False,False,Standing|Standing|Standing|Standing|Standing
62,2.067450682852807,Transition,True,Standing,False,0.62,fallback_default,,167.89725666961232,19.05195167644069,0.2165716751026196,77.87692365750367,0.30795466145046974,0.3495901112537009,0.15760579705238342,False,False,Standing|Standing|Standing|Standing|Standing
63,2.1007966616084977,Transition,True,Standing,False,0.62,fallback_height_sitting,,160.20563263173122,24.77598708132235,0.49629889039233605,171.65594228973885,0.29874842615354114,0.3495901112537009,0.15836161375045776,False,False,Standing|Standing|Standing|Standing|Sitting
64,2.134142640364188,Transition,True,Standing,False,0.62,fallback_default,,151.06497915427184,27.833363487928366,1.7209312841810838,91.68650975896996,0.3103599110994927,0.3495901112537009,0.14571955800056458,False,False,Standing|Standing|Standing|Sitting|Standing
65,2.1674886191198786,Transition,True,Standing,False,0.62,fallback_height_sitting,,146.85106817151677,31.693442646719745,0.3553071746598738,115.75846032507475,0.29912536804418766,0.3495901112537009,0.14924445748329163,False,False,Standing|Standing|Sitting|Standing|Sitting
66,2.200834597875569,Transition,True,Standing,False,0.62,fallback_height_sitting,,133.24351238902526,41.72168936060558,1.7249135997189413,300.7333144232429,0.27913425404249137,0.3495901112537009,0.1648714244365692,False,False,Standing|Sitting|Standing|Sitting|Sitting
67,2.2341805766312595,Transition,True,Standing,False,0.62,fallback_height_sitting,,117.07155632107911,60.70901641302654,4.380946198876088,569.4038010259571,0.2345720930149202,0.3495901112537009,0.19876405596733093,False,False,Sitting|Standing|Sitting|Sitting|Sitting
68,2.26752655538695,Transition,True,Standing,False,0.62,fallback_height_sitting,,109.8390569784855,69.73869939519854,0.1896800859891158,270.7877626963069,0.2178795109477512,0.3495901112537009,0.19873693585395813,False,False,Standing|Sitting|Sitting|Sitting|Sitting
69,2.3008725341426404,Transition,True,Standing,True,0.85,"horizontal_torso,pre_lying_fall",,,62.04501002708646,3.969859730533879,230.72315329173404,0.17117985613047054,0.3495901112537009,0.17624607682228088,True,False,Sitting|Sitting|Sitting|Sitting|Lying
70,2.334218512898331,Transition,True,Standing,False,0.0,posture_persistence,,,,0.0,0.0,,,,,False,Sitting|Sitting|Sitting|Lying|Unknown
71,2.3675644916540213,Transition,True,Standing,True,0.85,"horizontal_torso,pre_lying_fall",,,49.61102409898264,4.202591448843214,186.43906090148843,0.34821278235709613,0.3495901112537009,0.0810731053352356,True,False,Sitting|Sitting|Lying|Unknown|Lying
72,2.4009104704097117,Transition,True,Lying,True,0.95,"horizontal_torso,rapid_fall",,,56.049857207210295,3.414526070467749,193.09174144810117,0.25388369577817105,0.3495901112537009,0.10885018110275269,True,False,Sitting|Lying|Unknown|Lying|Lying
73,2.434256449165402,Transition,True,Lying,False,0.0,lying_persistence,,,,0.0,0.0,,,,,False,Lying|Unknown|Lying|Lying|Unknown
74,2.4676024279210926,Transition,True,Lying,False,0.65,"horizontal_torso,slow_lie",,,92.76820705677616,2.5291948276201914,550.5663834098725,0.3978144952312019,0.3978144952312019,0.15454638004302979,True,False,Unknown|Lying|Lying|Unknown|Lying
75,2.500948406676783,Transition,True,Lying,False,0.65,"horizontal_torso,slow_lie",,,93.38380064462561,0.368368741951662,18.460804295462335,0.3823356850164718,0.3823356850164718,0.1509222686290741,True,False,Lying|Lying|Unknown|Lying|Lying
76,2.5342943854324735,Transition,True,Lying,False,0.65,"horizontal_torso,slow_lie",,,93.25550432699855,0.09415463250150123,3.847429957507775,0.37900247542128157,0.37900247542128157,0.15073361992835999,True,False,Lying|Unknown|Lying|Lying|Lying
77,2.5676403641881635,Transition,True,Lying,False,0.65,"horizontal_torso,slow_lie",,,94.33822260350797,0.5233159444493305,32.46923068121594,0.3614048480085038,0.3614048480085038,0.14743855595588684,True,False,Unknown|Lying|Lying|Lying|Lying
78,2.600986342943854,Transition,True,Lying,False,0.65,"horizontal_torso,slow_lie",,,94.98423889765847,0.71109586177973,19.37313937862019,0.37783582182230246,0.37783582182230246,0.14186090230941772,True,False,Lying|Lying|Lying|Lying|Lying
79,2.6343323216995445,Transition,True,Lying,False,0.65,"horizontal_torso,slow_lie",,,96.87341204918125,0.05641838124610984,56.65370224589368,0.37372491036063743,0.37372491036063743,0.14116638898849487,True,False,Lying|Lying|Lying|Lying|Lying
80,2.667678300455235,Transition,True,Lying,False,0.65,"horizontal_torso,slow_lie",,,98.43753415619672,0.5401531676488094,46.90586887477545,0.36972810271187917,0.36972810271187917,0.13451430201530457,True,False,Lying|Lying|Lying|Lying|Lying
81,2.7010242792109254,Transition,True,Lying,False,0.65,"horizontal_torso,slow_lie",,,98.56714278365139,0.7108372248898042,3.886784322759002,0.368406681346215,0.368406681346215,0.12579786777496338,True,False,Lying|Lying|Lying|Lying|Lying
82,2.734370257966616,Transition,True,Lying,False,0.65,"horizontal_torso,slow_lie",,,97.71311483588806,0.556750245662892,25.611122529057234,0.38925430806658246,0.38925430806658246,0.12127161026000977,True,False,Lying|Lying|Lying|Lying|Lying
83,2.7677162367223063,Transition,True,Lying,False,0.65,"horizontal_torso,slow_lie",,,98.7778089969071,0.16860614029481405,31.9287122690122,0.38752197612074596,0.38752197612074596,0.1198786199092865,True,False,Lying|Lying|Lying|Lying|Lying
84,2.8010622154779967,Transition,True,Lying,False,0.65,"horizontal_torso,slow_lie",,,100.66204099233312,0.5332384793005875,56.505523776370744,0.37935354076088257,0.37935354076088257,0.11350169777870178,True,False,Lying|Lying|Lying|Lying|Lying
85,2.834408194233687,Transition,True,Lying,False,0.65,"horizontal_torso,slow_lie",,,99.85832111857643,0.09677016030619338,24.102452641895756,0.3940997353660446,0.3940997353660446,0.11256659030914307,True,False,Lying|Lying|Lying|Lying|Lying
86,2.8677541729893776,Transition,True,Lying,False,0.65,"horizontal_torso,slow_lie",,,98.53041861676627,0.6464915017641221,39.821968086138504,0.3907830214189672,0.3907830214189672,0.10428982973098755,True,False,Lying|Lying|Lying|Lying|Lying
87,2.901100151745068,Transition,True,Lying,False,0.65,"horizontal_torso,slow_lie",,,97.29519127248366,0.6819322421685087,37.0427676851985,0.388642247746603,0.388642247746603,0.09545907378196716,True,False,Lying|Lying|Lying|Lying|Lying
88,2.9344461305007585,Transition,True,Lying,False,0.0,lying_persistence,,,,0.0,0.0,,,,,False,Lying|Lying|Lying|Lying|Unknown
89,2.967792109256449,Transition,True,Lying,False,0.65,"horizontal_torso,slow_lie",,,94.3300219746835,1.3227194392225712,44.46067274744719,0.4839021353770431,0.4839021353770431,0.0870169997215271,True,False,Lying|Lying|Lying|Unknown|Lying
90,3.0011380880121394,Transition,True,Lying,False,0.65,"horizontal_torso,slow_lie",,,94.2767834202299,2.130081126373904,1.5965509617712066,0.45719990929896476,0.45719990929896476,0.08491772413253784,True,False,Lying|Lying|Unknown|Lying|Lying
91,3.03448406676783,Transition,True,Lying,False,0.65,"horizontal_torso,slow_lie",,,93.9495836083989,0.7488128808040512,9.812271945239326,0.4388728408006749,0.4388728408006749,0.08210864663124084,True,False,Lying|Unknown|Lying|Lying|Lying
92,3.0678300455235203,Transition,True,Lying,False,0.65,"horizontal_torso,slow_lie",,,93.99540662537835,0.7149874389564974,1.37416920088558,0.4198797024800801,0.4198797024800801,0.08204111456871033,True,False,Unknown|Lying|Lying|Lying|Lying
93,3.101176024279211,Transition,True,Lying,False,0.65,"horizontal_torso,slow_lie",,,94.5861706214816,1.3541440721388698,17.7161990185229,0.38831790331676097,0.38831790331676097,0.08153679966926575,True,False,Lying|Lying|Lying|Lying|Lying
94,3.1345220030349012,Transition,True,Lying,False,0.65,"horizontal_torso,slow_lie",,,94.4187611966246,1.021341403302101,5.020378201627397,0.36792794997961986,0.36792794997961986,0.08260545134544373,True,False,Lying|Lying|Lying|Lying|Lying
95,3.1678679817905917,Transition,True,Lying,False,0.65,"horizontal_torso,slow_lie",,,93.97096031635903,1.131954280896366,13.428931972469345,0.34440211273308496,0.3495901112537009,0.08141821622848511,True,False,Lying|Lying|Lying|Lying|Lying
96,3.201213960546282,Transition,True,Lying,False,0.0,lying_persistence,,,,0.0,0.0,,,,,False,Lying|Lying|Lying|Lying|Unknown
97,3.2345599393019726,Transition,True,Lying,False,0.65,"horizontal_torso,slow_lie",,,89.0705575745139,0.9310488354520858,73.47816625428754,0.3598960896078358,0.3598960896078358,0.07480543851852417,True,False,Lying|Lying|Lying|Unknown|Lying
98,3.267905918057663,Transition,True,Lying,False,0.65,"horizontal_torso,slow_lie",,,88.82869563659347,0.6270757797427657,7.253106579729932,0.3647828580399898,0.3647828580399898,0.07583314180374146,True,False,Lying|Lying|Unknown|Lying|Lying
99,3.3012518968133535,Transition,True,Lying,False,0.65,"horizontal_torso,slow_lie",,,87.67109584281953,1.290513317643661,34.7148243047566,0.34800255183757156,0.3495901112537009,0.07835692167282104,True,False,Lying|Unknown|Lying|Lying|Lying
100,3.334597875569044,Transition,True,Lying,False,0.65,"horizontal_torso,slow_lie",,,87.18133595787629,0.21532217139060914,14.687224763485549,0.3440685122451,0.3495901112537009,0.07872971892356873,True,False,Unknown|Lying|Lying|Lying|Lying
101,3.3679438543247344,Transition,True,Lying,False,0.65,"horizontal_torso,slow_lie",,,87.16200682726647,1.197129385090315,0.579654019197754,0.31226903246244536,0.3495901112537009,0.08104404807090759,True,False,Lying|Lying|Lying|Lying|Lying
102,3.401289833080425,Transition,True,Lying,False,0.65,"horizontal_torso,slow_lie",,,86.51161590426479,0.5744288162884336,19.50432847590931,0.2899240230576837,0.3495901112537009,0.08086833357810974,True,False,Lying|Lying|Lying|Lying|Lying
103,3.4346358118361153,Transition,True,Lying,False,0.65,"horizontal_torso,slow_lie",,,85.86434525973388,0.2947031221413108,19.410755619834664,0.26775758390225207,0.3495901112537009,0.08151498436927795,True,False,Lying|Lying|Lying|Lying|Lying
104,3.467981790591806,Transition,True,Lying,False,0.0,lying_persistence,,,,0.0,0.0,,,,,False,Lying|Lying|Lying|Lying|Unknown
105,3.5013277693474962,Transition,True,Lying,False,0.65,"horizontal_torso,slow_lie",,,85.57895137506158,5.052637122817697,4.279284869147834,0.5407202586788208,0.5407202586788208,0.06779566407203674,True,False,Lying|Lying|Lying|Unknown|Lying
106,3.5346737481031867,Transition,True,Lying,False,0.65,"horizontal_torso,slow_lie",,,85.7073108434749,0.9484177559014809,3.849323762656618,0.5302016480250812,0.5302016480250812,0.08063933253288269,True,False,Lying|Lying|Unknown|Lying|Lying
107,3.5680197268588767,Transition,True,Lying,True,0.9,"horizontal_torso,sustained_lying",,,86.2016842272035,2.2312539533223834,14.825577241281087,0.47607365458676276,0.47607365458676276,0.08293873071670532,True,False,Lying|Unknown|Lying|Lying|Lying
108,3.601365705614567,Transition,True,Lying,True,0.9,"horizontal_torso,sustained_lying",,,87.91092318961985,0.9345792291338556,51.2577236055688,0.46915623301446663,0.46915623301446663,0.09605589509010315,True,False,Unknown|Lying|Lying|Lying|Lying
109,3.6347116843702576,Transition,True,Lying,True,0.9,"horizontal_torso,sustained_lying",,,88.8302278679151,0.22389330387514628,27.568681820094113,0.4638048224556734,0.4638048224556734,0.09911540150642395,True,False,Lying|Lying|Lying|Lying|Lying
110,3.668057663125948,Transition,True,Lying,True,0.9,"horizontal_torso,sustained_lying",,,89.20413742935125,0.8731984746434959,11.213033036924822,0.43241979916292256,0.43241979916292256,0.10583338141441345,True,False,Lying|Lying|Lying|Lying|Lying
111,3.7014036418816385,Transition,True,Lying,True,0.9,"horizontal_torso,sustained_lying",,,89.47875762644699,0.6089002445500128,8.235481678548101,0.41464521711319685,0.41464521711319685,0.11057460308074951,True,False,Lying|Lying|Lying|Lying|Lying
112,3.734749620637329,Transition,True,Lying,True,0.9,"horizontal_torso,sustained_lying",,,90.18936292398845,0.48364540480674245,21.310074679400397,0.4155011220012359,0.4155011220012359,0.11698073148727417,True,False,Lying|Lying|Lying|Lying|Lying
113,3.7680955993930194,Transition,True,Lying,True,0.9,"horizontal_torso,sustained_lying",,,90.72586202654111,0.8534461447699416,16.08886956005454,0.41779991928827404,0.41779991928827404,0.12782812118530273,True,False,Lying|Lying|Lying|Lying|Lying
114,3.80144157814871,Transition,True,Lying,True,0.9,"horizontal_torso,sustained_lying",,,92.19010729550357,0.7377375109262517,43.91069998845321,0.4007449587446751,0.4007449587446751,0.13541123270988464,True,False,Lying|Lying|Lying|Lying|Lying
115,3.8347875569044003,Transition,True,Lying,True,0.9,"horizontal_torso,sustained_lying",,,93.48874058034713,0.447295085278907,38.94422456026877,0.40266571388803396,0.40266571388803396,0.13873636722564697,True,False,Lying|Lying|Lying|Lying|Lying
116,3.8681335356600908,Transition,True,Lying,True,0.9,"horizontal_torso,sustained_lying",,,94.00858859120326,1.4570935304822057,15.589526241374022,0.3537491742913189,0.3537491742913189,0.14148807525634766,True,False,Lying|Lying|Lying|Lying|Lying
117,3.9014795144157812,Transition,True,Lying,True,0.9,"horizontal_torso,sustained_lying",,,94.45331761655585,7.4340309086336145,13.336811272234554,0.2481381953497351,0.3495901112537009,0.13105663657188416,True,False,Lying|Lying|Lying|Lying|Lying
118,3.9348254931714717,Transition,True,Lying,True,0.9,"horizontal_torso,sustained_lying",,,95.57111160911185,3.09903984489895,33.521103121474646,0.29498747297065797,0.3495901112537009,0.14433228969573975,True,False,Lying|Lying|Lying|Lying|Lying
119,3.968171471927162,Transition,True,Lying,False,0.0,lying_persistence,,,,0.0,0.0,,,,,False,Lying|Lying|Lying|Lying|Unknown
120,4.001517450682853,Lying,False,Lying,True,0.9,"torso_only_standing,sustained_lying",,,28.604106486703422,11.150885590607853,720.0,0.182434144245767,0.3495901112537009,0.06019088625907898,True,False,Lying|Lying|Lying|Unknown|Standing
121,4.034863429438543,Lying,False,Lying,True,0.9,"torso_only_standing,sustained_lying",,,27.79486323357551,0.06535565160800086,24.268091185951988,0.1907733424238106,0.3495901112537009,0.06023398041725159,True,False,Lying|Lying|Unknown|Standing|Standing
122,4.0682094081942335,Lying,False,Lying,True,0.9,"torso_only_standing,sustained_lying",,,25.418303187319978,2.019318909068786,71.26976429954011,0.1752569403528423,0.3495901112537009,0.06953200697898865,True,False,Lying|Unknown|Standing|Standing|Standing
123,4.101555386949924,Lying,False,Lying,True,0.9,"torso_only_standing,sustained_lying",,,22.343964878389954,0.18263988152450034,92.19517386051808,0.18131859253654453,0.3495901112537009,0.06844770908355713,True,False,Unknown|Standing|Standing|Standing|Standing
124,4.134901365705614,Lying,False,Standing,False,0.62,torso_only_standing,,,17.53659122152336,0.6726746125074312,144.16651831058408,0.17556829124745102,0.3495901112537009,0.07041370868682861,True,False,Standing|Standing|Standing|Standing|Standing
125,4.168247344461305,Lying,False,Standing,False,0.62,torso_only_standing,,,15.621893424927013,0.6554499862648427,57.41915121533524,0.17400716329646843,0.3495901112537009,0.07421642541885376,True,False,Standing|Standing|Standing|Standing|Standing
126,4.201593323216995,Lying,False,Standing,False,0.62,torso_only_standing,,,13.634893525224145,0.17028297778675142,59.58739175900748,0.18372599349930277,0.3495901112537009,0.07403814792633057,True,False,Standing|Standing|Standing|Standing|Standing
127,4.234939301972686,Lying,False,Standing,False,0.62,fallback_height_sitting,,152.8033101485771,10.845665995632148,0.21787708488534455,83.64509406148467,0.2707990507461452,0.3495901112537009,0.07419604063034058,False,False,Standing|Standing|Standing|Standing|Sitting
128,4.268285280728376,Lying,False,Standing,False,0.62,fallback_height_sitting,,152.02703604904065,9.380774265108414,0.13403942892034795,43.930086480779984,0.276111930864121,0.3495901112537009,0.07470965385437012,False,False,Standing|Standing|Standing|Sitting|Sitting
129,4.301631259484067,Lying,False,Standing,False,0.62,fallback_height_sitting,,149.71133365472014,11.236579212000846,0.8095441983596012,55.65303572250795,0.2694092324279718,0.3495901112537009,0.07415458559989929,False,False,Standing|Standing|Sitting|Sitting|Sitting
130,4.334977238239757,Lying,False,Standing,False,0.62,fallback_height_sitting,,154.77223031235326,11.423444540984102,0.08915313934787607,5.603833984071241,0.2847063901878571,0.3495901112537009,0.07372552156448364,False,False,Standing|Sitting|Sitting|Sitting|Sitting
131,4.368323216995448,Lying,False,Sitting,False,0.62,fallback_height_sitting,,155.83899631898015,10.346228135316144,0.051577814024976736,32.304237148358766,0.2799643276649733,0.3495901112537009,0.07382035255432129,False,False,Sitting|Sitting|Sitting|Sitting|Sitting
132,4.401669195751138,Lying,False,Sitting,False,0.62,fallback_height_sitting,,154.05218622912048,8.803895563242838,0.03390145396287695,46.25243071655556,0.2710365118773679,0.3495901112537009,0.07396319508552551,False,False,Sitting|Sitting|Sitting|Sitting|Sitting
133,4.4350151745068285,Lying,False,Sitting,False,0.62,fallback_height_sitting,,151.99798305318905,8.171355039026958,0.13667821444599088,18.969019588544477,0.269300129694107,0.3495901112537009,0.07518893480300903,False,False,Sitting|Sitting|Sitting|Sitting|Sitting
134,4.468361153262519,Lying,False,Sitting,False,0.62,fallback_height_sitting,,150.2148740971804,8.65573421157035,0.13111869410100135,14.52586460551058,0.2674497353052134,0.3495901112537009,0.0763569176197052,False,False,Sitting|Sitting|Sitting|Sitting|Sitting
135,4.501707132018209,Lying,False,Sitting,False,0.62,fallback_height_sitting,,150.47361578065573,9.248093029182613,0.26245128569720216,17.764025520203926,0.25963852282139344,0.3495901112537009,0.07859843969345093,False,False,Sitting|Sitting|Sitting|Sitting|Sitting
136,4.5350531107739,Lying,False,Sitting,False,0.62,fallback_height_sitting,,149.7421592099364,9.492483580890253,0.09809295058409102,7.328936226408877,0.2502915279733761,0.3495901112537009,0.07940199971199036,False,False,Sitting|Sitting|Sitting|Sitting|Sitting
137,4.56839908952959,Lying,False,Sitting,False,0.62,fallback_height_sitting,,152.9292168139212,10.166471396869143,0.5171066422836504,20.211966813655902,0.23874264551576035,0.3495901112537009,0.08351591229438782,False,False,Sitting|Sitting|Sitting|Sitting|Sitting
138,4.601745068285281,Lying,False,Sitting,False,0.62,fallback_height_sitting,,150.9203132134748,10.052229599470229,0.12590980089036946,3.425954242816144,0.2298512369337919,0.3495901112537009,0.08421066403388977,False,False,Sitting|Sitting|Sitting|Sitting|Sitting
139,4.635091047040971,Lying,False,Sitting,False,0.62,fallback_height_sitting,,151.63800056455347,10.491961839377495,0.5382921694285101,13.186964555125764,0.20316467181066758,0.3495901112537009,0.08783575892448425,False,False,Sitting|Sitting|Sitting|Sitting|Sitting
140,4.668437025796662,Lying,False,Sitting,False,0.62,fallback_height_sitting,,150.61912340217788,10.694301577431185,0.27718864522292935,6.067890210574806,0.20702182755757,0.3495901112537009,0.08969607949256897,False,False,Sitting|Sitting|Sitting|Sitting|Sitting
141,4.701783004552352,Lying,False,Sitting,False,0.62,fallback_height_sitting,,146.9745345310708,12.577300478711875,0.6823028603619922,56.46854498038562,0.21008366565354375,0.3495901112537009,0.09362336993217468,False,False,Sitting|Sitting|Sitting|Sitting|Sitting
142,4.7351289833080425,Lying,False,Sitting,False,0.62,fallback_height_sitting,,144.80947991993003,14.42570348977593,0.1687658785642782,55.43106185625539,0.209556548456016,0.3495901112537009,0.09366708993911743,False,False,Sitting|Sitting|Sitting|Sitting|Sitting
143,4.768474962063733,Lying,False,Sitting,False,0.62,fallback_height_sitting,,144.55129682663988,16.646276406386264,0.23996146785204897,66.59192500779108,0.19737909965820333,0.3495901112537009,0.09523135423660278,False,False,Sitting|Sitting|Sitting|Sitting|Sitting
144,4.8018209408194235,Lying,False,Sitting,False,0.62,fallback_height_sitting,,144.28251918124,17.689652410266458,0.6516098614019475,31.289410082231978,0.18771665876258448,0.3495901112537009,0.09930574893951416,False,False,Sitting|Sitting|Sitting|Sitting|Sitting
145,4.835166919575114,Lying,False,Sitting,False,0.62,fallback_height_sitting,,131.95481310657527,19.357505856563836,0.3719561885374157,50.01662894698394,0.16167364409031987,0.3495901112537009,0.10093042254447937,False,False,Sitting|Sitting|Sitting|Sitting|Sitting
146,4.868512898330804,Lying,False,Sitting,False,0.62,fallback_height_sitting,,145.09847801420761,20.2695064542505,0.20905885459291373,27.34964249717912,0.1735952399136249,0.3495901112537009,0.10214057564735413,False,False,Sitting|Sitting|Sitting|Sitting|Sitting
147,4.901858877086495,Lying,False,Sitting,False,0.62,fallback_height_sitting,,143.73572358126586,21.67790223129375,0.14498296880732842,42.23585060621166,0.18059692004788372,0.3495901112537009,0.10128262639045715,False,False,Sitting|Sitting|Sitting|Sitting|Sitting
148,4.935204855842185,Lying,False,Sitting,False,0.62,fallback_height_sitting,,143.63658935972728,21.91718118241265,0.05225707720504362,7.175646361199365,0.17914670193034,0.3495901112537009,0.1014191210269928,False,False,Sitting|Sitting|Sitting|Sitting|Sitting
149,4.968550834597876,Lying,False,Sitting,False,0.62,fallback_height_sitting,,146.8453960278341,24.053526285301906,0.3312137977459479,64.06604881929549,0.18545515248035976,0.3495901112537009,0.10309448838233948,False,False,Sitting|Sitting|Sitting|Sitting|Sitting
150,5.001896813353566,Lying,False,Sitting,False,0.62,fallback_height_sitting,,146.17675598578217,24.97087958160758,0.2039482597166867,27.51016256042952,0.1799210715496562,0.3495901112537009,0.10228940844535828,False,False,Sitting|Sitting|Sitting|Sitting|Sitting
151,5.035242792109257,Lying,False,Sitting,False,0.62,fallback_height_sitting,,147.46799592198488,26.258327924174264,0.061021989114060815,38.60880353817721,0.17776468443892246,0.3495901112537009,0.10265108942985535,False,False,Sitting|Sitting|Sitting|Sitting|Sitting
152,5.068588770864947,Lying,False,Sitting,False,0.62,fallback_height_sitting,,155.7421057662508,27.914375876500745,0.3529257615455242,49.66259843381802,0.1849038091667206,0.3495901112537009,0.10164371132850647,False,False,Sitting|Sitting|Sitting|Sitting|Sitting
153,5.101934749620637,Lying,False,Sitting,False,0.62,fallback_height_sitting,,164.38473375986314,28.43401091345766,0.04958424364027176,15.583139447308977,0.1953337027044898,0.3495901112537009,0.10133588314056396,False,False,Sitting|Sitting|Sitting|Sitting|Sitting
154,5.135280728376327,Lying,False,Sitting,False,0.62,fallback_height_sitting,,165.28272709349187,27.378104852952724,0.23054496148511247,31.665169231979597,0.19046484533719646,0.3495901112537009,0.1013566255569458,False,False,Sitting|Sitting|Sitting|Sitting|Sitting
155,5.1686267071320176,Lying,False,Sitting,False,0.62,fallback_height_sitting,,158.1755079884309,27.592577105655597,0.386257220461109,6.431727623717543,0.16906134351418314,0.3495901112537009,0.10340061783790588,False,False,Sitting|Sitting|Sitting|Sitting|Sitting
156,5.201972685887708,Lying,False,Sitting,False,0.62,torso_only_standing,,,28.192428327920975,1.2029777866688813,17.988712421974263,0.12383347534883879,0.3495901112537009,0.10826888680458069,True,False,Sitting|Sitting|Sitting|Sitting|Standing
157,5.2353186646433985,Lying,False,Sitting,False,0.62,torso_only_standing,,,26.939581513729127,0.44108190678734466,37.5711513334438,0.12045632663201657,0.3495901112537009,0.10824787616729736,True,False,Sitting|Sitting|Sitting|Standing|Standing
158,5.268664643399089,Lying,False,Sitting,False,0.62,torso_only_standing,,,25.27828993206101,0.19880627178357244,49.819847659580816,0.12088206416294821,0.3495901112537009,0.10749849677085876,True,False,Sitting|Sitting|Standing|Standing|Standing
159,5.302010622154779,Lying,False,Sitting,False,0.62,torso_only_standing,,,23.60837458271162,0.4528416316749928,50.07846258117173,0.11940590615935329,0.3495901112537009,0.10587695240974426,True,False,Sitting|Standing|Standing|Standing|Standing
160,5.33535660091047,Lying,False,Standing,False,0.62,torso_only_standing,,,23.118933835712234,0.5467950891334398,14.677654255863239,0.11981178385254648,0.3495901112537009,0.10554257035255432,True,False,Standing|Standing|Standing|Standing|Standing
161,5.36870257966616,Lying,False,Standing,False,0.62,torso_only_standing,,,23.005269869688288,0.26031801128756277,3.408625875302862,0.1209086573726787,0.3495901112537009,0.10496458411216736,True,False,Standing|Standing|Standing|Standing|Standing
162,5.402048558421851,Lying,False,Standing,False,0.62,torso_only_standing,,,24.593428442990664,1.2053942179259451,47.62668941097909,0.1300069025967547,0.3495901112537009,0.1011388897895813,True,False,Standing|Standing|Standing|Standing|Standing
163,5.435394537177541,Lying,False,Standing,False,0.62,torso_only_standing,,,25.54422894815889,1.1779280373133838,28.51319831198452,0.13915438295856755,0.3495901112537009,0.09642738103866577,True,False,Standing|Standing|Standing|Standing|Standing
164,5.468740515933232,Lying,False,Standing,False,0.62,torso_only_standing,,,26.49265081008125,0.7622633796161277,28.441866075396437,0.14618752615569972,0.3495901112537009,0.09354901313781738,True,False,Standing|Standing|Standing|Standing|Standing
165,5.502086494688922,Lying,False,Standing,False,0.62,torso_only_standing,,,26.286551315221317,0.3904084124182929,6.180640141647177,0.14877441318604692,0.3495901112537009,0.09195899963378906,True,False,Standing|Standing|Standing|Standing|Standing
166,5.5354324734446125,Lying,False,Standing,False,0.62,torso_only_standing,,,26.026496875348496,0.2485044851703429,7.798674670133743,0.1469575959695848,0.3495901112537009,0.09103178977966309,True,False,Standing|Standing|Standing|Standing|Standing
167,5.568778452200303,Lying,False,Standing,False,0.62,torso_only_standing,,,19.190342297094332,1.6818210055149174,205.0068653956538,0.152146968506504,0.3495901112537009,0.08260166645050049,True,False,Standing|Standing|Standing|Standing|Standing
168,5.602124430955993,Lying,False,Standing,False,0.62,torso_only_standing,,,14.326035599483538,1.9405264894288068,145.8738618305125,0.14559987572018085,0.3495901112537009,0.08231684565544128,True,False,Standing|Standing|Standing|Standing|Standing
169,5.635470409711684,Lying,False,Standing,False,0.62,torso_only_standing,,,13.915825510156917,0.2980660091119284,12.301635898350058,0.143854827862518,0.3495901112537009,0.08334258198738098,True,False,Standing|Standing|Standing|Standing|Standing
170,5.668816388467374,Lying,False,Standing,False,0.62,torso_only_standing,,,19.92893665264639,0.8257233201073291,180.32492572926324,0.1492200594839278,0.3495901112537009,0.08050841093063354,True,False,Standing|Standing|Standing|Standing|Standing
171,5.702162367223065,Lying,False,Standing,False,0.62,torso_only_standing,,,15.20939492835629,1.0619263745075485,141.53255955891578,0.14568145995294604,0.3495901112537009,0.08119145035743713,True,False,Standing|Standing|Standing|Standing|Standing
172,5.735508345978755,Lying,False,Standing,False,0.62,torso_only_standing,,,14.74407289475315,0.6077240497480856,13.954367242069086,0.15301556880278963,0.3495901112537009,0.07855686545372009,True,False,Standing|Standing|Standing|Standing|Standing
173,5.768854324734446,Lying,False,Standing,False,0.0,posture_persistence,,,,0.0,0.0,,,,,False,Standing|Standing|Standing|Standing|Unknown
174,5.802200303490136,Lying,False,Standing,False,0.62,torso_only_standing,,,4.144713900070255,3.0921136735588775,158.93009277579125,0.11279106248178641,0.3495901112537009,0.10096427798271179,True,False,Standing|Standing|Standing|Unknown|Standing
175,5.835546282245827,Lying,False,Standing,False,0.62,fallback_height_sitting,,165.58234075060273,4.76191903650236,1.0216056501353106,18.509132419056066,0.21834773196688267,0.3495901112537009,0.09365352988243103,False,False,Standing|Standing|Unknown|Standing|Sitting
176,5.868892261001517,Lying,False,Standing,False,0.62,fallback_height_sitting,,168.59201565038148,13.370437840150514,1.4493801534437238,258.15762874193996,0.23141785091665873,0.3495901112537009,0.08346140384674072,False,False,Standing|Unknown|Standing|Sitting|Sitting
177,5.9022382397572075,Lying,False,Standing,False,0.62,fallback_height_sitting,,167.8124062972728,17.638624921332354,0.5007711267663557,127.99705513077734,0.2339723947854677,0.3495901112537009,0.08565255999565125,False,False,Unknown|Standing|Sitting|Sitting|Sitting
178,5.935584218512898,Lying,False,Standing,False,0.62,fallback_height_sitting,,169.17156165094514,18.032756940818246,0.2115370543758054,11.81947671632319,0.22907716054473737,0.3495901112537009,0.08694672584533691,False,False,Standing|Sitting|Sitting|Sitting|Sitting
179,5.968930197268588,Lying,False,Sitting,False,0.62,fallback_height_sitting,,169.69629653837353,18.303019233747186,0.09894192776117054,8.104794131520896,0.21960641548737456,0.3495901112537009,0.08636462688446045,False,False,Sitting|Sitting|Sitting|Sitting|Sitting
180,6.002276176024279,Lying,False,Sitting,False,0.62,fallback_height_sitting,,168.74116825578727,18.856608984404073,0.10533704399600498,16.60139457032483,0.2118288673808215,0.3495901112537009,0.08700653910636902,False,False,Sitting|Sitting|Sitting|Sitting|Sitting
181,6.035622154779969,Lying,False,Sitting,False,0.62,fallback_height_sitting,,169.5137354267664,19.281136902259732,0.08594066939271655,12.73100786652466,0.2066674055761038,0.3495901112537009,0.08755236864089966,False,False,Sitting|Sitting|Sitting|Sitting|Sitting
182,6.06896813353566,Lying,False,Sitting,False,0.62,fallback_height_sitting,,169.60107740310633,19.095287301582037,0.014759644819431922,5.573373690402783,0.20429899950164437,0.3495901112537009,0.08759564161300659,False,False,Sitting|Sitting|Sitting|Sitting|Sitting
183,6.10231411229135,Lying,False,Sitting,False,0.62,fallback_height_sitting,,168.8951287806861,19.223079689065514,0.07347433919279225,3.832317786193936,0.20544669176921032,0.3495901112537009,0.08711391687393188,False,False,Sitting|Sitting|Sitting|Sitting|Sitting
184,6.135660091047041,Lying,False,Sitting,False,0.62,fallback_height_sitting,,166.4615010463036,19.284254228878734,0.14474985227553425,1.8345402383122413,0.20140071241116358,0.3495901112537009,0.086162269115448,False,False,Sitting|Sitting|Sitting|Sitting|Sitting
185,6.169006069802731,Lying,False,Sitting,False,0.62,fallback_height_sitting,,165.26418748821018,19.69316417540272,0.11447564504474811,12.262646405429248,0.194389799610504,0.3495901112537009,0.08665227890014648,False,False,Sitting|Sitting|Sitting|Sitting|Sitting
186,6.202352048558422,Lying,False,Sitting,False,0.62,fallback_height_sitting,,162.50463285159526,20.13531494256399,0.09026455408982587,13.259492858215083,0.19907333114372083,0.3495901112537009,0.08671748638153076,False,False,Sitting|Sitting|Sitting|Sitting|Sitting
187,6.235698027314112,Lying,False,Sitting,False,0.62,fallback_height_sitting,,164.33101823522645,20.160428833881284,0.07956924990468209,0.7531310297199589,0.20124499307955063,0.3495901112537009,0.08622244000434875,False,False,Sitting|Sitting|Sitting|Sitting|Sitting
188,6.2690440060698025,Lying,False,Sitting,False,0.62,fallback_height_sitting,,163.93039125147192,20.341839840828136,0.15386891113966553,5.440266374424384,0.19732110486847518,0.3495901112537009,0.08723226189613342,False,False,Sitting|Sitting|Sitting|Sitting|Sitting
189,6.302389984825493,Lying,False,Sitting,False,0.62,fallback_height_sitting,,164.2863034923323,20.758046543072965,0.17521984274745664,12.481466065043994,0.19935622007114312,0.3495901112537009,0.08648622035980225,False,False,Sitting|Sitting|Sitting|Sitting|Sitting
190,6.335735963581183,Lying,False,Sitting,False,0.62,fallback_height_sitting,,164.8278617979742,20.91987354291474,0.18901274084462136,4.852968959987704,0.20212532534352778,0.3495901112537009,0.08530855178833008,False,False,Sitting|Sitting|Sitting|Sitting|Sitting
191,6.369081942336874,Lying,False,Sitting,False,0.62,fallback_height_sitting,,165.55711142302135,20.850845540733083,0.022057210242777923,2.0700547639459344,0.1978187742512962,0.3495901112537009,0.08545398712158203,False,False,Sitting|Sitting|Sitting|Sitting|Sitting
192,6.402427921092564,Lying,False,Sitting,False,0.62,fallback_height_sitting,,165.84419015217307,20.84958768095696,0.08233759242727041,0.03772148316104227,0.1959731403979418,0.3495901112537009,0.08493182063102722,False,False,Sitting|Sitting|Sitting|Sitting|Sitting
193,6.435773899848255,Lying,False,Sitting,False,0.62,fallback_height_sitting,,167.0934075574138,20.804453684705905,0.015523612114407961,1.3535064177222438,0.1981145606739926,0.3495901112537009,0.08503419160842896,False,False,Sitting|Sitting|Sitting|Sitting|Sitting
194,6.469119878603945,Lying,False,Sitting,False,0.62,fallback_height_sitting,,166.10000549965162,20.712682072160558,0.048886470639113666,2.75210433071144,0.19721833444422115,0.3495901112537009,0.08533072471618652,False,False,Sitting|Sitting|Sitting|Sitting|Sitting
195,6.502465857359636,Lying,False,Sitting,False,0.62,fallback_height_sitting,,166.54232342478662,20.741725686731233,0.008709963066770528,0.8709780205722313,0.20125837370651295,0.3495901112537009,0.08538463711738586,False,False,Sitting|Sitting|Sitting|Sitting|Sitting
196,6.535811836115326,Lying,False,Sitting,False,0.62,fallback_height_sitting,,165.58980757491423,20.539188901664037,0.10331597364183781,6.07379937926197,0.19679100051163062,0.3495901112537009,0.08604192733764648,False,False,Sitting|Sitting|Sitting|Sitting|Sitting
197,6.569157814871017,Lying,False,Sitting,False,0.62,fallback_height_sitting,,168.24799823354766,20.416030546870694,0.025757579574161287,3.6933495248606674,0.2037517350774122,0.3495901112537009,0.08617812395095825,False,False,Sitting|Sitting|Sitting|Sitting|Sitting
198,6.602503793626707,Lying,False,Sitting,False,0.62,fallback_height_sitting,,164.62456192379688,20.267753940935805,0.03663668935501209,4.446611299708388,0.2021185147588427,0.3495901112537009,0.08593320846557617,False,False,Sitting|Sitting|Sitting|Sitting|Sitting
199,6.6358497723823975,Lying,False,Sitting,False,0.62,fallback_height_sitting,,164.59283351100032,20.103978784154503,0.10086013131297747,4.911391504840862,0.20263459562677316,0.3495901112537009,0.08527442812919617,False,False,Sitting|Sitting|Sitting|Sitting|Sitting
200,6.669195751138088,Lying,False,Sitting,False,0.62,fallback_height_sitting,,166.02451617209914,19.88213871283013,0.12510502002439508,6.652678361900405,0.21149253140230465,0.3495901112537009,0.0844399631023407,False,False,Sitting|Sitting|Sitting|Sitting|Sitting
201,6.702541729893778,Lying,False,Sitting,False,0.62,fallback_height_sitting,,166.1131961970773,19.97477770014838,0.03971120331047105,2.7781157061536437,0.21320201508495112,0.3495901112537009,0.084157794713974,False,False,Sitting|Sitting|Sitting|Sitting|Sitting
202,6.735887708649469,Lying,False,Sitting,False,0.62,fallback_height_sitting,,166.80541981405094,20.06355820571979,0.0052274424672190895,2.6624051500140804,0.2150474726221507,0.3495901112537009,0.08419057726860046,False,False,Sitting|Sitting|Sitting|Sitting|Sitting
203,6.769233687405159,Lying,False,Sitting,False,0.62,fallback_height_sitting,,165.2842312422154,20.32684644857184,0.12235901159157825,7.895651969943124,0.2218397958474382,0.3495901112537009,0.08344417810440063,False,False,Sitting|Sitting|Sitting|Sitting|Sitting
204,6.80257966616085,Lying,False,Sitting,False,0.62,fallback_height_sitting,,167.66981015408524,20.321298638801846,0.0022631486117268775,0.1663711780853493,0.22046819348307004,0.3495901112537009,0.08342766761779785,False,False,Sitting|Sitting|Sitting|Sitting|Sitting
205,6.83592564491654,Lying,False,Sitting,False,0.62,fallback_height_sitting,,168.9980330929452,20.2741911854465,0.03562279270015598,1.4126876796892938,0.2181663974800453,0.3495901112537009,0.08363261818885803,False,False,Sitting|Sitting|Sitting|Sitting|Sitting
206,6.869271623672231,Lying,False,Sitting,False,0.62,fallback_height_sitting,,169.607951261849,19.818983571448243,0.10236455557609457,13.65104972126744,0.21585067993549295,0.3495901112537009,0.08368486166000366,False,False,Sitting|Sitting|Sitting|Sitting|Sitting
207,6.902617602427921,Lying,False,Sitting,False,0.62,fallback_height_sitting,,167.4885494521129,20.044904159359014,0.0601860327614275,6.775047437233132,0.21532342367191937,0.3495901112537009,0.0835680365562439,False,False,Sitting|Sitting|Sitting|Sitting|Sitting
208,6.935963581183612,Lying,False,Sitting,False,0.62,fallback_height_sitting,,168.9835289791128,20.020601841515266,0.09878498742929748,0.7287930584314036,0.21427198814316004,0.3495901112537009,0.08397388458251953,False,False,Sitting|Sitting|Sitting|Sitting|Sitting
209,6.969309559939302,Lying,False,Sitting,False,0.62,fallback_height_sitting,,169.04111511252705,19.720527720164927,0.016624253900754938,8.998809827980558,0.2155436881580049,0.3495901112537009,0.08389320969581604,False,False,Sitting|Sitting|Sitting|Sitting|Sitting
210,7.0026555386949925,Lying,False,Sitting,False,0.62,fallback_height_sitting,,166.82709228439853,19.468219858556594,0.02247705996416467,7.566365451644664,0.21092313597162055,0.3495901112537009,0.08373618125915527,False,False,Sitting|Sitting|Sitting|Sitting|Sitting
211,7.036001517450683,Lying,False,Sitting,False,0.62,fallback_height_sitting,,166.89370261898574,19.763900827754135,0.04881603760615732,8.867065242374487,0.20710139418699144,0.3495901112537009,0.08406847715377808,False,False,Sitting|Sitting|Sitting|Sitting|Sitting
212,7.069347496206373,Lying,False,Sitting,False,0.62,fallback_height_sitting,,165.03745457620033,19.237959792415833,0.02594965886066126,15.77224765815432,0.20511742015836013,0.3495901112537009,0.08402341604232788,False,False,Sitting|Sitting|Sitting|Sitting|Sitting
213,7.102693474962064,Lying,False,Sitting,False,0.62,fallback_height_sitting,,164.79258689363087,19.154660714336288,0.018035803334455692,2.4980246850703085,0.20800172804284545,0.3495901112537009,0.08389922976493835,False,False,Sitting|Sitting|Sitting|Sitting|Sitting
214,7.136039453717753,Lying,False,Sitting,False,0.62,fallback_height_sitting,,164.36430427288624,18.8855928634534,0.09326523591655093,8.068974458786233,0.2098051043920402,0.3495901112537009,0.08324992656707764,False,False,Sitting|Sitting|Sitting|Sitting|Sitting
215,7.169385432473444,Lying,False,Sitting,False,0.62,fallback_height_sitting,,165.78136407486943,18.73445964380811,0.07097620209742216,4.532277212570982,0.21285088714539596,0.3495901112537009,0.08274617791175842,False,False,Sitting|Sitting|Sitting|Sitting|Sitting
216,7.202731411229134,Lying,False,Sitting,False,0.62,fallback_height_sitting,,167.0452746835138,19.107549376714562,0.09477470774663366,11.188447507865897,0.21794354981870634,0.3495901112537009,0.08223915100097656,False,False,Sitting|Sitting|Sitting|Sitting|Sitting
217,7.236077389984825,Lying,False,Sitting,False,0.62,fallback_height_sitting,,167.3498077492418,19.988549955263025,0.0872713346057138,26.41999459674342,0.21734491210960816,0.3495901112537009,0.08281707763671875,False,False,Sitting|Sitting|Sitting|Sitting|Sitting
218,7.269423368740515,Lying,False,Sitting,False,0.62,fallback_height_sitting,,166.9105952001687,20.064066319253577,0.023730524958419274,2.264631802947606,0.21740982816811433,0.3495901112537009,0.0828808844089508,False,False,Sitting|Sitting|Sitting|Sitting|Sitting
219,7.302769347496206,Lying,False,Sitting,False,0.62,fallback_height_sitting,,167.98338559391212,19.972115258593288,0.15389416971993497,2.757485732656679,0.2084484496616919,0.3495901112537009,0.08387801051139832,False,False,Sitting|Sitting|Sitting|Sitting|Sitting
220,7.336115326251896,Lying,False,Sitting,False,0.62,fallback_height_sitting,,167.6995909591974,20.00858046348538,0.06477772791419277,1.0935412980154204,0.2170625861362049,0.3495901112537009,0.08346256613731384,False,False,Sitting|Sitting|Sitting|Sitting|Sitting
221,7.369461305007587,Lying,False,Sitting,False,0.62,fallback_height_sitting,,168.4225625717782,19.646111121180937,0.030277677067250635,10.869956613361916,0.21285541703211763,0.3495901112537009,0.08366861939430237,False,False,Sitting|Sitting|Sitting|Sitting|Sitting
222,7.402807283763277,Lying,False,Sitting,False,0.62,fallback_height_sitting,,169.21926292928597,19.912704465074277,0.11411121099390778,7.99476740048744,0.2073549188627668,0.3495901112537009,0.0844072699546814,False,False,Sitting|Sitting|Sitting|Sitting|Sitting
223,7.4361532625189675,Lying,False,Sitting,False,0.62,fallback_height_sitting,,169.5139109050151,19.86422916584533,0.08453190017017378,1.4537074945108626,0.21317786046842271,0.3495901112537009,0.0838257372379303,False,False,Sitting|Sitting|Sitting|Sitting|Sitting
224,7.469499241274658,Lying,False,Sitting,False,0.62,fallback_height_sitting,,169.18365551420888,19.355190232690862,0.0631768604869442,15.265376880491202,0.210922444784641,0.3495901112537009,0.08414450287818909,False,False,Sitting|Sitting|Sitting|Sitting|Sitting
225,7.502845220030348,Lying,False,Sitting,False,0.62,fallback_height_sitting,,167.1517571673279,19.897162543775814,0.14569129496991323,16.253003549714794,0.21546497319890928,0.3495901112537009,0.08389803767204285,False,False,Sitting|Sitting|Sitting|Sitting|Sitting
226,7.536191198786039,Lying,False,Sitting,False,0.62,fallback_height_sitting,,164.17562055399833,20.350496964019108,0.4047492521395488,13.594875219127683,0.19416417006855738,0.3495901112537009,0.08650720119476318,False,False,Sitting|Sitting|Sitting|Sitting|Sitting
227,7.569537177541729,Lying,False,Sitting,False,0.62,fallback_height_sitting,,160.42533377940117,19.71331898718048,0.305721435698957,19.108090408949092,0.1909313784479738,0.3495901112537009,0.08810853958129883,False,False,Sitting|Sitting|Sitting|Sitting|Sitting
228,7.60288315629742,Lying,False,Sitting,False,0.62,fallback_height_sitting,,162.44014635777796,19.52867257895676,0.42952082853493373,5.537291604979829,0.19680082600253612,0.3495901112537009,0.08530691266059875,False,False,Sitting|Sitting|Sitting|Sitting|Sitting
229,7.63622913505311,Lying,False,Sitting,False,0.62,fallback_height_sitting,,163.0905731438292,19.076576861628176,0.00847802618649273,13.55772822386965,0.20298547162984037,0.3495901112537009,0.08529168367385864,False,False,Sitting|Sitting|Sitting|Sitting|Sitting
230,7.669575113808801,Lying,False,Sitting,False,0.62,fallback_height_sitting,,163.36873389626135,19.411327417969346,0.06526995722382117,10.038708379013926,0.2029238396521071,0.3495901112537009,0.08513206243515015,False,False,Sitting|Sitting|Sitting|Sitting|Sitting
231,7.702921092564491,Lying,False,Sitting,False,0.62,fallback_height_sitting,,163.53794296718883,19.357176213076684,0.04896214919685932,1.6239200921166894,0.20889397591526984,0.3495901112537009,0.08479154109954834,False,False,Sitting|Sitting|Sitting|Sitting|Sitting
232,7.7362670713201815,Lying,False,Sitting,False,0.62,fallback_height_sitting,,164.84531352357982,19.487366267454433,0.06793317359265288,3.904220515810544,0.20597799446243306,0.3495901112537009,0.08499687910079956,False,False,Sitting|Sitting|Sitting|Sitting|Sitting
233,7.769613050075872,Lying,False,Sitting,False,0.62,fallback_height_sitting,,166.84967343513583,19.715628549964325,0.04639570472177891,6.845271634767632,0.21327801035383287,0.3495901112537009,0.0848127007484436,False,False,Sitting|Sitting|Sitting|Sitting|Sitting
234,7.8029590288315624,Lying,False,Sitting,False,0.62,fallback_height_sitting,,167.25485141395006,19.66970999828976,0.04401976393739338,1.3770341548822647,0.21337144817359488,0.3495901112537009,0.0850360095500946,False,False,Sitting|Sitting|Sitting|Sitting|Sitting
235,7.836305007587253,Lying,False,Sitting,False,0.62,fallback_height_sitting,,167.2817349240355,19.202404990975218,0.17797148445065133,14.01383389398334,0.2134472106340134,0.3495901112537009,0.08376932144165039,False,False,Sitting|Sitting|Sitting|Sitting|Sitting
236,7.869650986342943,Lying,False,Sitting,False,0.62,fallback_height_sitting,,166.67599685593194,19.21295247502681,0.06984503396663198,0.31630452741749354,0.20776669475993836,0.3495901112537009,0.08410203456878662,False,False,Sitting|Sitting|Sitting|Sitting|Sitting
237,7.902996965098634,Lying,False,Sitting,False,0.62,fallback_height_sitting,,164.70991928520834,19.32881568304568,0.07167911000510145,3.47457811533263,0.19649851762562603,0.3495901112537009,0.084384024143219,False,False,Sitting|Sitting|Sitting|Sitting|Sitting
238,7.936342943854324,Lying,False,Sitting,False,0.62,fallback_height_sitting,,164.08944437138712,19.525256535479283,0.22342830317553755,5.8909907510236525,0.19480381579118866,0.3495901112537009,0.08525538444519043,False,False,Sitting|Sitting|Sitting|Sitting|Sitting
239,7.969688922610015,Lying,False,Sitting,False,0.62,fallback_height_sitting,,164.17388410527425,19.48582612979639,0.04642469957739027,1.182463587942044,0.19566621949089713,0.3495901112537009,0.08543246984481812,False,False,Sitting|Sitting|Sitting|Sitting|Sitting
240,8.003034901365705,Lying,False,Sitting,False,0.62,fallback_height_sitting,,164.98844571418755,19.06605786444571,0.04187002664243114,12.588272439867929,0.2006088251227439,0.3495901112537009,0.0853080153465271,False,False,Sitting|Sitting|Sitting|Sitting|Sitting
241,8.036380880121396,Lying,False,Sitting,False,0.62,fallback_height_sitting,,166.3886233725466,19.037412940060147,0.13826396150495676,0.8590218507434069,0.2125635133441049,0.3495901112537009,0.08433583378791809,False,False,Sitting|Sitting|Sitting|Sitting|Sitting
242,8.069726858877086,Lying,False,Sitting,False,0.62,fallback_height_sitting,,166.66011540185804,18.58936051139726,0.1520554204971993,13.436475562632195,0.2102281565567789,0.3495901112537009,0.08343920111656189,False,False,Sitting|Sitting|Sitting|Sitting|Sitting
243,8.103072837632777,Lying,False,Sitting,False,0.62,fallback_height_sitting,,164.3768310223091,18.970585534208126,0.10762991979798472,11.432413653349762,0.2114182172990712,0.3495901112537009,0.08355429768562317,False,False,Sitting|Sitting|Sitting|Sitting|Sitting
244,8.136418816388467,Lying,False,Sitting,False,0.62,fallback_height_sitting,,167.560534210387,19.22292269499648,0.16871567668435627,7.567244093721285,0.2114785764154966,0.3495901112537009,0.08474352955818176,False,False,Sitting|Sitting|Sitting|Sitting|Sitting
245,8.169764795144157,Lying,False,Sitting,False,0.62,fallback_height_sitting,,167.67858247049207,19.328441888842647,0.023114789049996184,3.164375369493693,0.21180646069508496,0.3495901112537009,0.0848584771156311,False,False,Sitting|Sitting|Sitting|Sitting|Sitting
246,8.203110773899848,Lying,False,Sitting,False,0.62,fallback_height_sitting,,167.99632792053092,19.215618198745364,0.0675961755438732,3.383427156956062,0.2112781798876853,0.3495901112537009,0.0852283239364624,False,False,Sitting|Sitting|Sitting|Sitting|Sitting
247,8.236456752655538,Lying,False,Sitting,False,0.62,fallback_height_sitting,,167.78972419273316,19.16153633957957,0.030038924635432923,1.621840509226785,0.21005738977210864,0.3495901112537009,0.08515727519989014,False,False,Sitting|Sitting|Sitting|Sitting|Sitting
248,8.269802731411229,Lying,False,Sitting,False,0.62,fallback_height_sitting,,166.7137845300188,19.089086668267043,0.04504897316132354,2.1726659110332087,0.20693152122845154,0.3495901112537009,0.08487063646316528,False,False,Sitting|Sitting|Sitting|Sitting|Sitting
249,8.30314871016692,Lying,False,Sitting,False,0.62,fallback_height_sitting,,166.53715050124634,19.12537403352327,0.04622814913056903,1.0882081321434478,0.20752648565189674,0.3495901112537009,0.08461391925811768,False,False,Sitting|Sitting|Sitting|Sitting|Sitting
250,8.33649468892261,Lying,False,Sitting,False,0.62,fallback_height_sitting,,166.7078184031642,18.854111260371596,0.036968731733689766,8.134797156175297,0.20872873792905133,0.3495901112537009,0.08447548747062683,False,False,Sitting|Sitting|Sitting|Sitting|Sitting
251,8.3698406676783,Lying,False,Sitting,False,0.62,fallback_height_sitting,,166.15816633310277,18.940581201256965,0.09577903867394447,2.5931144957205032,0.21160664093716763,0.3495901112537009,0.08386942744255066,False,False,Sitting|Sitting|Sitting|Sitting|Sitting
252,8.40318664643399,Lying,False,Sitting,False,0.62,fallback_height_sitting,,164.55393409380264,18.800582822760983,0.024018581893872577,4.198358654327726,0.21545192992527346,0.3495901112537009,0.08383786678314209,False,False,Sitting|Sitting|Sitting|Sitting|Sitting
253,8.436532625189681,Lying,False,Sitting,False,0.62,fallback_height_sitting,,163.34292903896772,18.619211071959455,0.04149767888155111,5.439089136664706,0.213401546112366,0.3495901112537009,0.08398601412773132,False,False,Sitting|Sitting|Sitting|Sitting|Sitting
254,8.469878603945372,Lying,False,Sitting,False,0.62,fallback_height_sitting,,164.23022137681812,18.625149894751935,0.0033643399591048273,0.17809712037516584,0.21288644135088908,0.3495901112537009,0.08397817611694336,False,False,Sitting|Sitting|Sitting|Sitting|Sitting
255,8.503224582701062,Lying,False,Sitting,False,0.62,fallback_height_sitting,,162.96376548504696,19.09432651021436,0.0904316346591219,14.069960845949344,0.20800806275780465,0.3495901112537009,0.08460542559623718,False,False,Sitting|Sitting|Sitting|Sitting|Sitting
256,8.536570561456752,Lying,False,Sitting,False,0.62,fallback_height_sitting,,163.5497612768262,20.072590534121026,0.20735268271628718,29.3367914336516,0.20927026976588864,0.3495901112537009,0.08353111147880554,False,False,Sitting|Sitting|Sitting|Sitting|Sitting
257,8.569916540212443,Lying,False,Sitting,False,0.62,fallback_height_sitting,,164.1969113160012,19.91151582819283,0.06792698955799151,4.830408701100421,0.20514586101598126,0.3495901112537009,0.0839296281337738,False,False,Sitting|Sitting|Sitting|Sitting|Sitting
258,8.603262518968133,Lying,False,Sitting,False,0.62,fallback_height_sitting,,162.25855334624097,19.670046986746623,0.13658756714574985,7.241318157590438,0.20476439721183182,0.3495901112537009,0.08299770951271057,False,False,Sitting|Sitting|Sitting|Sitting|Sitting
259,8.636608497723824,Lying,False,Sitting,False,0.62,fallback_height_sitting,,163.7749300764175,19.555280700891075,0.02742141097458501,3.4416829296385174,0.20667765124407378,0.3495901112537009,0.08318522572517395,False,False,Sitting|Sitting|Sitting|Sitting|Sitting
260,8.669954476479514,Lying,False,Sitting,False,0.62,fallback_height_sitting,,163.14700961538693,19.192135046582415,0.05899306317080691,10.890238279381425,0.20430042292429865,0.3495901112537009,0.08341619372367859,False,False,Sitting|Sitting|Sitting|Sitting|Sitting
261,8.703300455235205,Lying,False,Sitting,False,0.62,fallback_height_sitting,,161.8970591315985,19.409880246126587,0.06286252245247226,6.529878794066412,0.2021524771747351,0.3495901112537009,0.08383846282958984,False,False,Sitting|Sitting|Sitting|Sitting|Sitting
262,8.736646433990895,Lying,False,Sitting,False,0.62,fallback_height_sitting,,163.79747641965287,20.017593422411817,0.2622042442900569,18.224481600544557,0.20229489703840692,0.3495901112537009,0.0854937732219696,False,False,Sitting|Sitting|Sitting|Sitting|Sitting
263,8.769992412746586,Lying,False,Sitting,False,0.62,fallback_height_sitting,,165.34508070905466,20.413719164623167,0.34556961551767595,11.879265716372213,0.21490962573386369,0.3495901112537009,0.08338463306427002,False,False,Sitting|Sitting|Sitting|Sitting|Sitting
264,8.803338391502276,Lying,False,Sitting,False,0.62,fallback_height_sitting,,165.43797385005172,20.473513557454698,0.016159165491025845,1.7931515301924417,0.21011490861192672,0.3495901112537009,0.0832718014717102,False,False,Sitting|Sitting|Sitting|Sitting|Sitting
265,8.836684370257966,Lying,False,Sitting,False,0.62,fallback_height_sitting,,166.28420994814144,20.437663859003845,0.0056870376824134615,1.0750831071268432,0.21089834406363347,0.3495901112537009,0.08323180675506592,False,False,Sitting|Sitting|Sitting|Sitting|Sitting
266,8.870030349013657,Lying,False,Sitting,False,0.62,fallback_height_sitting,,166.88856914780686,20.547203282649527,0.07298987490753159,3.2849365270764213,0.20875266392178957,0.3495901112537009,0.08373004198074341,False,False,Sitting|Sitting|Sitting|Sitting|Sitting
267,8.903376327769347,Lying,False,Sitting,False,0.62,fallback_height_sitting,,166.04095962879325,20.657603275197285,0.003381128065405462,3.3107438038212975,0.21391825563046601,0.3495901112537009,0.08373337984085083,False,False,Sitting|Sitting|Sitting|Sitting|Sitting
268,8.936722306525038,Lying,False,Sitting,False,0.62,fallback_height_sitting,,162.56003935006925,20.95174563563025,0.03085516447393759,8.820924483518697,0.20474548596346764,0.3495901112537009,0.08352324366569519,False,False,Sitting|Sitting|Sitting|Sitting|Sitting
269,8.970068285280728,Lying,False,Sitting,False,0.62,fallback_height_sitting,,162.87989568288702,20.69659338528678,0.041085065136636074,7.651664754327527,0.21014115343596673,0.3495901112537009,0.08326488733291626,False,False,Sitting|Sitting|Sitting|Sitting|Sitting
270,9.003414264036419,Lying,False,Sitting,False,0.62,fallback_height_sitting,,163.7335889137159,20.74592899812751,0.0491397395487782,1.4795071154513046,0.2110805986186725,0.3495901112537009,0.08291903138160706,False,False,Sitting|Sitting|Sitting|Sitting|Sitting
271,9.03676024279211,Lying,False,Sitting,False,0.62,fallback_height_sitting,,163.92100525381704,20.35841596102662,0.07276482010063066,11.620982546051758,0.20863912860186146,0.3495901112537009,0.08334541320800781,False,False,Sitting|Sitting|Sitting|Sitting|Sitting
272,9.0701062215478,Lying,False,Sitting,False,0.62,fallback_height_sitting,,162.1213881025639,20.620873486373597,0.09110999093851069,7.870739895502086,0.1968193470001401,0.3495901112537009,0.08394104242324829,False,False,Sitting|Sitting|Sitting|Sitting|Sitting
273,9.10345220030349,Lying,False,Sitting,False,0.62,fallback_height_sitting,,162.1817744846287,20.65430830503517,0.17834535976329172,1.0026641864835484,0.19141388001157517,0.3495901112537009,0.08507469296455383,False,False,Sitting|Sitting|Sitting|Sitting|Sitting
274,9.13679817905918,Lying,False,Sitting,False,0.62,fallback_height_sitting,,161.0191929451332,20.783913377441614,0.13453477975114495,3.886677711756416,0.19448534604983536,0.3495901112537009,0.0859399139881134,False,False,Sitting|Sitting|Sitting|Sitting|Sitting
275,9.170144157814871,Lying,False,Sitting,False,0.62,fallback_height_sitting,,155.35081206604377,21.115827532947453,0.16805470695518088,9.953648622450403,0.18380985707002956,0.3495901112537009,0.08696997165679932,False,False,Sitting|Sitting|Sitting|Sitting|Sitting
276,9.203490136570561,Lying,False,Sitting,False,0.62,fallback_height_sitting,,146.69780996841547,21.80112644620641,0.2212769020853861,20.55117105063267,0.17611277155422003,0.3495901112537009,0.08825349807739258,False,False,Sitting|Sitting|Sitting|Sitting|Sitting
277,9.236836115326252,Lying,False,Sitting,False,0.62,fallback_height_sitting,,149.59686321557942,21.92893468800522,0.077633542161405,3.832793235286276,0.17960239778655188,0.3495901112537009,0.08861404657363892,False,False,Sitting|Sitting|Sitting|Sitting|Sitting
278,9.270182094081942,Lying,False,Sitting,False,0.62,fallback_height_sitting,,154.55345523214845,21.89935542506034,0.0451987656700208,0.8870413779602803,0.1857219275895558,0.3495901112537009,0.08884939551353455,False,False,Sitting|Sitting|Sitting|Sitting|Sitting
279,9.303528072837633,Lying,False,Sitting,False,0.62,fallback_height_sitting,,154.49006632309607,21.76960880991935,0.11696258171789012,3.8909223835226827,0.18776396336325607,0.3495901112537009,0.08812195062637329,False,False,Sitting|Sitting|Sitting|Sitting|Sitting
280,9.336874051593323,Lying,False,Sitting,False,0.62,fallback_height_sitting,,160.19474733411303,21.58124336862595,0.06952484012868353,5.648820287251425,0.20393976796377727,0.3495901112537009,0.08765938878059387,False,False,Sitting|Sitting|Sitting|Sitting|Sitting
281,9.370220030349014,Lying,False,Sitting,False,0.62,fallback_height_sitting,,163.18588695126135,21.595013860259627,0.018566247963032963,0.41295808812705026,0.2042287482528009,0.3495901112537009,0.08763214945793152,False,False,Sitting|Sitting|Sitting|Sitting|Sitting
282,9.403566009104704,Lying,False,Sitting,False,0.62,fallback_height_sitting,,165.45960556223253,21.011189577801666,0.21995964613675437,17.508086559262622,0.21507086912248097,0.3495901112537009,0.08605480194091797,False,False,Sitting|Sitting|Sitting|Sitting|Sitting
283,9.436911987860395,Lying,False,Sitting,False,0.62,fallback_height_sitting,,167.05072408662033,20.993644372432666,0.06301246858593192,0.526156556913361,0.2152510498291085,0.3495901112537009,0.08573123812675476,False,False,Sitting|Sitting|Sitting|Sitting|Sitting
284,9.470257966616085,Lying,False,Sitting,False,0.62,fallback_height_sitting,,167.4003388928021,20.7438204142437,0.15811828272921416,7.491876607350548,0.21809209728558668,0.3495901112537009,0.08458241820335388,False,False,Sitting|Sitting|Sitting|Sitting|Sitting
285,9.503603945371776,Lying,False,Sitting,False,0.62,fallback_height_sitting,,166.62689653934245,20.40578361844844,0.009458257727138559,10.137258176522286,0.2160064628937035,0.3495901112537009,0.0846472680568695,False,False,Sitting|Sitting|Sitting|Sitting|Sitting
286,9.536949924127466,Lying,False,Sitting,False,0.62,fallback_height_sitting,,167.1512102398136,20.629326061466628,0.11561892472603151,6.703730145573913,0.21344968106511014,0.3495901112537009,0.08527964353561401,False,False,Sitting|Sitting|Sitting|Sitting|Sitting
287,9.570295902883156,Lying,False,Sitting,False,0.62,fallback_height_sitting,,165.0682522437009,20.589077759158233,0.27235287375356254,1.2069911818535823,0.2144678316585838,0.3495901112537009,0.08333221077919006,False,False,Sitting|Sitting|Sitting|Sitting|Sitting
288,9.603641881638847,Lying,False,Sitting,False,0.62,fallback_height_sitting,,164.61417753920102,20.544809874505724,0.04109299435208859,1.3275329231400899,0.21218196890274177,0.3495901112537009,0.08354026079177856,False,False,Sitting|Sitting|Sitting|Sitting|Sitting
289,9.636987860394537,Lying,False,Sitting,False,0.62,fallback_height_sitting,,164.2446151917686,20.579501716492114,0.021405873183858323,1.040360585621446,0.21527581576417254,0.3495901112537009,0.08341723680496216,False,False,Sitting|Sitting|Sitting|Sitting|Sitting
290,9.670333839150228,Lying,False,Sitting,False,0.62,fallback_height_sitting,,162.91589558193795,20.77017008466703,0.09461143758873182,5.717881894301205,0.21139942617491642,0.3495901112537009,0.08367142081260681,False,False,Sitting|Sitting|Sitting|Sitting|Sitting
291,9.703679817905918,Lying,False,Sitting,False,0.62,fallback_height_sitting,,164.19841215397972,21.00211121969206,0.027078079570838298,6.955595357519728,0.21120498086898543,0.3495901112537009,0.083860844373703,False,False,Sitting|Sitting|Sitting|Sitting|Sitting
292,9.737025796661609,Lying,False,Sitting,False,0.62,fallback_height_sitting,,165.22393022899732,20.765423449743142,0.04581187086596171,7.097940404839016,0.21339423634624677,0.3495901112537009,0.08384045958518982,False,False,Sitting|Sitting|Sitting|Sitting|Sitting
293,9.7703717754173,Lying,False,Sitting,False,0.62,fallback_height_sitting,,165.59224954653104,20.901920538084095,0.008733430503900037,4.0933597823293635,0.21362036907729826,0.3495901112537009,0.08388403058052063,False,False,Sitting|Sitting|Sitting|Sitting|Sitting
294,9.80371775417299,Lying,False,Sitting,False,0.62,fallback_height_sitting,,165.9763817935077,20.855591878674613,0.05766949738543983,1.389332721312808,0.21342160168259988,0.3495901112537009,0.08424943685531616,False,False,Sitting|Sitting|Sitting|Sitting|Sitting
295,9.83706373292868,Lying,False,Sitting,False,0.62,fallback_height_sitting,,166.24329085824087,20.910332151228463,0.16625805140491584,1.6415854203862295,0.2131779739731654,0.3495901112537009,0.08542773127555847,False,False,Sitting|Sitting|Sitting|Sitting|Sitting
296,9.87040971168437,Lying,False,Sitting,False,0.62,fallback_height_sitting,,165.472830923145,20.40674547520738,0.06804996969673878,15.101871194443392,0.2067361069841076,0.3495901112537009,0.08577939867973328,False,False,Sitting|Sitting|Sitting|Sitting|Sitting
297,9.903755690440061,Lying,False,Sitting,False,0.62,fallback_height_sitting,,166.39577102656074,20.422368982207455,0.003534305467478233,0.46852746817063473,0.21197052790610432,0.3495901112537009,0.0857706367969513,False,False,Sitting|Sitting|Sitting|Sitting|Sitting
298,9.937101669195751,Lying,False,Sitting,False,0.62,fallback_height_sitting,,167.6614808060752,20.655730306601228,0.024728943798677402,6.998184881706308,0.2142006660763831,0.3495901112537009,0.08572572469711304,False,False,Sitting|Sitting|Sitting|Sitting|Sitting
299,9.970447647951442,Lying,False,Sitting,False,0.62,fallback_height_sitting,,167.40511468352003,20.3768664758618,0.11033546249099337,8.362742409887755,0.21756598877333805,0.3495901112537009,0.08492708206176758,False,False,Sitting|Sitting|Sitting|Sitting|Sitting
300,10.003793626707132,Lying,False,Sitting,False,0.62,fallback_height_sitting,,168.93280343886283,19.730032322057653,0.07135978679263595,19.397665863796693,0.21359068798809147,0.3495901112537009,0.08478030562400818,False,False,Sitting|Sitting|Sitting|Sitting|Sitting
301,10.037139605462823,Lying,False,Sitting,False,0.62,fallback_height_sitting,,169.61003028342554,19.92871299976329,0.12440883292123561,5.958160027668526,0.21251907719679408,0.3495901112537009,0.08449968695640564,False,False,Sitting|Sitting|Sitting|Sitting|Sitting
302,10.070485584218513,Lying,False,Sitting,False,0.62,fallback_height_sitting,,169.42805858025034,19.91486349797977,0.20658053766206427,0.4153274937584024,0.2116444701722917,0.3495901112537009,0.08304190635681152,False,False,Sitting|Sitting|Sitting|Sitting|Sitting
303,10.103831562974204,Lying,False,Sitting,False,0.62,fallback_height_sitting,,169.33216170460304,20.282278272924685,0.11683280286738022,11.018263330543764,0.21258136277203976,0.3495901112537009,0.08303043246269226,False,False,Sitting|Sitting|Sitting|Sitting|Sitting
304,10.137177541729894,Lying,False,Sitting,False,0.62,fallback_height_sitting,,172.18682989405434,19.975003453766895,0.09635616297116364,9.214748843002667,0.21144602870580712,0.3495901112537009,0.08293783664703369,False,False,Sitting|Sitting|Sitting|Sitting|Sitting
305,10.170523520485583,Lying,False,Sitting,False,0.62,fallback_height_sitting,,172.51447081025984,20.626067442008075,0.09903250117926765,19.524512775925388,0.21003394629858796,0.3495901112537009,0.08299651741981506,False,False,Sitting|Sitting|Sitting|Sitting|Sitting
306,10.203869499241273,Lying,False,Sitting,False,0.62,fallback_height_sitting,,173.4198585020079,20.02304030443625,0.24083811910484618,18.083953750163026,0.21659267409158964,0.3495901112537009,0.08126351237297058,False,False,Sitting|Sitting|Sitting|Sitting|Sitting
307,10.237215477996964,Lying,False,Sitting,False,0.62,fallback_height_sitting,,174.496707374297,20.07956730110804,0.08066437290750447,1.695166817142599,0.21885692471157692,0.3495901112537009,0.08180367946624756,False,False,Sitting|Sitting|Sitting|Sitting|Sitting
308,10.270561456752654,Lying,False,Sitting,False,0.62,fallback_height_sitting,,173.1986762515086,20.165554160234606,0.08159486415216251,2.578627538767138,0.21846524842145054,0.3495901112537009,0.08167383074760437,False,False,Sitting|Sitting|Sitting|Sitting|Sitting
309,10.303907435508345,Lying,False,Sitting,False,0.62,fallback_height_sitting,,170.90810120115518,19.917504650362595,0.09975513777730428,7.438663344967251,0.2193027644209205,0.3495901112537009,0.08232912421226501,False,False,Sitting|Sitting|Sitting|Sitting|Sitting
310,10.337253414264035,Lying,False,Sitting,False,0.62,fallback_height_sitting,,170.9310007430034,20.157082137003844,0.012043977891203539,7.184599030561223,0.2215399656994117,0.3495901112537009,0.08224499225616455,False,False,Sitting|Sitting|Sitting|Sitting|Sitting
311,10.370599393019726,Lying,False,Sitting,False,0.62,fallback_height_sitting,,170.68333458665114,19.619127873624212,0.0663385351935266,16.13250783013321,0.22060323421577271,0.3495901112537009,0.0823177695274353,False,False,Sitting|Sitting|Sitting|Sitting|Sitting
312,10.403945371775416,Lying,False,Sitting,False,0.62,fallback_height_sitting,,171.05316720878892,19.230904870132022,0.02410443922975846,11.642273460812417,0.22157839304065327,0.3495901112537009,0.08216923475265503,False,False,Sitting|Sitting|Sitting|Sitting|Sitting
313,10.437291350531106,Lying,False,Sitting,False,0.62,fallback_height_sitting,,169.4824964423689,19.27023808335365,0.06713559202376011,1.1795489198203788,0.2187075668668979,0.3495901112537009,0.08250892162322998,False,False,Sitting|Sitting|Sitting|Sitting|Sitting
314,10.470637329286797,Lying,False,Sitting,False,0.62,fallback_height_sitting,,168.34120041295057,19.142595474000867,0.08597193459389774,3.8278261462336323,0.2174607280562315,0.3495901112537009,0.08276587724685669,False,False,Sitting|Sitting|Sitting|Sitting|Sitting
315,10.503983308042487,Lying,False,Sitting,False,0.62,fallback_height_sitting,,168.37682579745697,19.44890709388373,0.025914562305660395,9.185863822653298,0.21920786448555757,0.3495901112537009,0.0827283263206482,False,False,Sitting|Sitting|Sitting|Sitting|Sitting
316,10.537329286798178,Lying,False,Sitting,False,0.62,fallback_height_sitting,,168.06229485161197,18.690965484870055,0.12260777592231106,22.729625498976606,0.2227642924095221,0.3495901112537009,0.0824514627456665,False,False,Sitting|Sitting|Sitting|Sitting|Sitting
317,10.570675265553868,Lying,False,Sitting,False,0.62,fallback_height_sitting,,167.13726684363576,18.920601733492287,0.07804951004525962,6.886474987124025,0.22421948335455572,0.3495901112537009,0.08275368809700012,False,False,Sitting|Sitting|Sitting|Sitting|Sitting
318,10.604021244309559,Lying,False,Sitting,False,0.62,fallback_height_sitting,,168.07180830891065,18.685335161033418,0.02227258551936956,7.05532064848212,0.22474860054461374,0.3495901112537009,0.08265137672424316,False,False,Sitting|Sitting|Sitting|Sitting|Sitting
319,10.63736722306525,Lying,False,Sitting,False,0.62,fallback_height_sitting,,168.2117286899061,17.986703406025036,0.3909627805733437,20.95100462118423,0.22912332105528732,0.3495901112537009,0.07966431975364685,False,False,Sitting|Sitting|Sitting|Sitting|Sitting
320,10.67071320182094,Lying,False,Sitting,False,0.62,fallback_height_sitting,,169.21115608941642,18.54083902906917,0.31660254222542666,16.617764531789902,0.2220314408909717,0.3495901112537009,0.08199673891067505,False,False,Sitting|Sitting|Sitting|Sitting|Sitting
321,10.70405918057663,Lying,False,Sitting,False,0.62,fallback_height_sitting,,170.60506764560068,18.147663538976413,0.10612587096858425,11.790791716547236,0.22174104681614698,0.3495901112537009,0.0823473334312439,False,False,Sitting|Sitting|Sitting|Sitting|Sitting
322,10.73740515933232,Lying,False,Sitting,False,0.62,fallback_height_sitting,,168.67143580020587,18.95062632668418,0.13354419240127074,24.079748673466117,0.22315083039214934,0.3495901112537009,0.08281078934669495,False,False,Sitting|Sitting|Sitting|Sitting|Sitting
323,10.770751138088011,Lying,False,Sitting,False,0.62,fallback_height_sitting,,168.61659679816478,19.227652213596578,0.02053985965498134,8.307625004562917,0.22170254202071865,0.3495901112537009,0.08296263217926025,False,False,Sitting|Sitting|Sitting|Sitting|Sitting
324,10.804097116843701,Lying,False,Sitting,False,0.62,fallback_height_sitting,,168.87697052883934,19.513087316305615,0.09692281460237377,8.55980581047807,0.21761467266053003,0.3495901112537009,0.08366036415100098,False,False,Sitting|Sitting|Sitting|Sitting|Sitting
325,10.837443095599392,Lying,False,Sitting,False,0.62,fallback_height_sitting,,165.85474313070102,19.741164432716868,0.2507735356181085,6.839718758362486,0.20626406176780904,0.3495901112537009,0.08538106083869934,False,False,Sitting|Sitting|Sitting|Sitting|Sitting
326,10.870789074355082,Lying,False,Sitting,False,0.62,fallback_height_sitting,,165.64142476974604,19.593179440308298,0.04745975639316783,4.43786621147886,0.20929023414588893,0.3495901112537009,0.08505105972290039,False,False,Sitting|Sitting|Sitting|Sitting|Sitting
327,10.904135053110773,Lying,False,Sitting,False,0.62,fallback_height_sitting,,163.2720343087708,19.305350297113534,0.12644087059935294,8.63159978909437,0.21668011572618287,0.3495901112537009,0.08431121706962585,False,False,Sitting|Sitting|Sitting|Sitting|Sitting
328,10.937481031866463,Lying,False,Sitting,False,0.62,fallback_height_sitting,,162.74895492700182,19.432995780861926,0.0055903556774382105,3.827912345401145,0.21712793972910163,0.3495901112537009,0.08430206775665283,False,False,Sitting|Sitting|Sitting|Sitting|Sitting
329,10.970827010622154,Lying,False,Sitting,False,0.62,fallback_height_sitting,,163.39830365218307,19.490692581626064,0.1256024678101537,1.730247631561624,0.21334482482898867,0.3495901112537009,0.08516988158226013,False,False,Sitting|Sitting|Sitting|Sitting|Sitting
330,11.004172989377844,Lying,False,Sitting,False,0.62,fallback_height_sitting,,165.55451819996614,19.265040717510743,0.04317446318277052,6.766988780523152,0.22229897054263265,0.3495901112537009,0.08485794067382812,False,False,Sitting|Sitting|Sitting|Sitting|Sitting
331,11.037518968133535,Lying,False,Sitting,False,0.62,fallback_height_sitting,,167.0972101214173,19.01495439280229,0.14270155633726878,7.499744618105557,0.22099725166805823,0.3495901112537009,0.08380776643753052,False,False,Sitting|Sitting|Sitting|Sitting|Sitting
332,11.070864946889225,Lying,False,Sitting,False,0.62,fallback_height_sitting,,167.85366296259173,18.695849517801328,0.13192903423917124,9.569515932907162,0.2209443581369509,0.3495901112537009,0.0828428566455841,False,False,Sitting|Sitting|Sitting|Sitting|Sitting
333,11.104210925644916,Lying,False,Sitting,False,0.62,fallback_height_sitting,,167.3825107279315,18.858321763576456,0.177652065452978,4.872318997306439,0.22453499518788084,0.3495901112537009,0.08151355385780334,False,False,Sitting|Sitting|Sitting|Sitting|Sitting
334,11.137556904400606,Lying,False,Sitting,False,0.62,fallback_height_sitting,,170.27868790888562,19.089784337842314,0.022198135501771587,6.94124397912176,0.2252793094958772,0.3495901112537009,0.08161106705665588,False,False,Sitting|Sitting|Sitting|Sitting|Sitting
335,11.170902883156296,Lying,False,Sitting,False,0.62,fallback_height_sitting,,170.23918646139924,18.811803498646,0.09517570755812932,8.336262709004352,0.2245996480143877,0.3495901112537009,0.08153277635574341,False,False,Sitting|Sitting|Sitting|Sitting|Sitting
336,11.204248861911987,Lying,False,Sitting,False,0.62,fallback_height_sitting,,170.74033763105083,18.945439202816075,0.061371512547599656,4.00755080992398,0.2247320375845982,0.3495901112537009,0.08198884129524231,False,False,Sitting|Sitting|Sitting|Sitting|Sitting
337,11.237594840667677,Lying,False,Sitting,False,0.62,fallback_height_sitting,,172.17018046416706,18.905821255936154,0.10239698862190329,1.1880876902784285,0.21744984516609578,0.3495901112537009,0.08266863226890564,False,False,Sitting|Sitting|Sitting|Sitting|Sitting
338,11.270940819423368,Lying,False,Sitting,False,0.62,fallback_height_sitting,,172.06383033258925,19.12973623685104,0.10673004012740209,6.714902044273535,0.21719016260857177,0.3495901112537009,0.08241689205169678,False,False,Sitting|Sitting|Sitting|Sitting|Sitting
339,11.304286798179058,Lying,False,Sitting,False,0.62,fallback_height_sitting,,168.13367982130637,19.103387497350845,0.035796381031444696,0.7901624268773424,0.21878235776250554,0.3495901112537009,0.08266475796699524,False,False,Sitting|Sitting|Sitting|Sitting|Sitting
340,11.337632776934749,Lying,False,Sitting,False,0.62,fallback_height_sitting,,168.23663184163462,19.23786677833171,0.009830047273499405,4.032848517241893,0.21867408530974702,0.3495901112537009,0.08273634314537048,False,False,Sitting|Sitting|Sitting|Sitting|Sitting
341,11.37097875569044,Lying,False,Sitting,False,0.62,fallback_height_sitting,,157.83224883000491,19.22220462057203,0.17190351615672247,0.46968655124596925,0.2029653105198071,0.3495901112537009,0.08369120955467224,False,False,Sitting|Sitting|Sitting|Sitting|Sitting
342,11.40432473444613,Lying,False,Sitting,False,0.62,fallback_height_sitting,,160.42315109443422,19.257000228372842,0.11854787525344733,1.0434723795556702,0.20736291594920664,0.3495901112537009,0.08439281582832336,False,False,Sitting|Sitting|Sitting|Sitting|Sitting
343,11.43767071320182,Lying,False,Sitting,False,0.62,fallback_height_sitting,,164.4007366842232,18.305080262641464,0.16052191816839126,28.546769393264057,0.20735362530610812,0.3495901112537009,0.08427098393440247,False,False,Sitting|Sitting|Sitting|Sitting|Sitting
344,11.47101669195751,Lying,False,Sitting,False,0.62,fallback_height_sitting,,165.07213745673818,18.0802837603103,0.05432210273247375,6.741337658076737,0.20986806591549173,0.3495901112537009,0.08394154906272888,False,False,Sitting|Sitting|Sitting|Sitting|Sitting
345,11.504362670713201,Lying,False,Sitting,False,0.62,fallback_height_sitting,,166.27660951906466,17.882537118780913,0.05177383430795772,5.930149568503609,0.2083888266886652,0.3495901112537009,0.0841507613658905,False,False,Sitting|Sitting|Sitting|Sitting|Sitting
346,11.537708649468891,Lying,False,Sitting,False,0.62,fallback_height_sitting,,167.76226598921625,17.14357965814784,0.46355133540249127,22.160317021942916,0.22385256935545023,0.3495901112537009,0.08072733879089355,False,False,Sitting|Sitting|Sitting|Sitting|Sitting
347,11.571054628224582,Lying,False,Sitting,False,0.62,fallback_height_sitting,,172.80301034846013,15.899165705988171,0.0890878025041176,37.31826140947536,0.2216115123704183,0.3495901112537009,0.08084103465080261,False,False,Sitting|Sitting|Sitting|Sitting|Sitting
348,11.604400606980272,Lying,False,Sitting,False,0.62,fallback_height_sitting,,172.16874164192134,14.324319862006714,0.15284090668045605,47.22745898447234,0.22180111208520456,0.3495901112537009,0.08020970225334167,False,False,Sitting|Sitting|Sitting|Sitting|Sitting
349,11.637746585735963,Lying,False,Sitting,False,0.62,fallback_height_sitting,,173.14551186762276,14.793320394249365,0.19285683802462247,14.064680352578247,0.22134705854318673,0.3495901112537009,0.07929882407188416,False,False,Sitting|Sitting|Sitting|Sitting|Sitting
350,11.671092564491653,Lying,False,Sitting,False,0.62,torso_only_standing,,,18.581047729176667,0.45311434400657186,113.58872872432724,0.15547758573568723,0.3495901112537009,0.07863521575927734,True,False,Sitting|Sitting|Sitting|Sitting|Standing
351,11.704438543247344,Lying,False,Sitting,False,0.62,torso_only_standing,,,19.626274946552034,0.27711232920196344,31.344925426637822,0.1571763987804749,0.3495901112537009,0.07838863134384155,True,False,Sitting|Sitting|Sitting|Standing|Standing
352,11.737784522003034,Lying,False,Sitting,False,0.62,torso_only_standing,,,19.523308397370357,0.08847729285403955,3.087825069885086,0.15725515115139324,0.3495901112537009,0.07823055982589722,True,False,Sitting|Sitting|Standing|Standing|Standing
353,11.771130500758725,Lying,False,Sitting,False,0.62,torso_only_standing,,,19.79533657826201,0.07522810479091378,8.157750680664343,0.1593821301699917,0.3495901112537009,0.07858455181121826,True,False,Sitting|Standing|Standing|Standing|Standing
354,11.804476479514415,Lying,False,Standing,False,0.62,torso_only_standing,,,20.844760531845814,0.05108431713959088,31.470779768451745,0.16163860554103404,0.3495901112537009,0.07876113057136536,True,False,Standing|Standing|Standing|Standing|Standing
355,11.837822458270105,Lying,False,Standing,False,0.62,torso_only_standing,,,21.45605699704165,0.2229347952917509,18.33193950234608,0.16030904252265668,0.3495901112537009,0.0798082947731018,True,False,Standing|Standing|Standing|Standing|Standing
356,11.871168437025796,Lying,False,Standing,False,0.62,torso_only_standing,,,21.322949265545912,0.21907743954715905,3.991717636208922,0.15830364922023685,0.3495901112537009,0.0806378722190857,True,False,Standing|Standing|Standing|Standing|Standing
357,11.904514415781486,Lying,False,Standing,False,0.62,torso_only_standing,,,21.86839225160068,0.04358571183029786,16.357084314452475,0.1589329169907296,0.3495901112537009,0.08077174425125122,True,False,Standing|Standing|Standing|Standing|Standing
358,11.937860394537177,Lying,False,Standing,False,0.62,torso_only_standing,,,21.37660044365515,0.15843173788481743,14.748159337251668,0.158912327889335,0.3495901112537009,0.0806364119052887,True,False,Standing|Standing|Standing|Standing|Standing
359,11.971206373292867,Lying,False,Standing,False,0.62,torso_only_standing,,,21.146251947639296,0.2900654196010028,6.907834306004432,0.1617000072024091,0.3495901112537009,0.07911202311515808,True,False,Standing|Standing|Standing|Standing|Standing
360,12.004552352048558,Lying,False,Standing,False,0.62,fallback_height_sitting,,170.7158277545796,21.896270013909593,0.07233986131228456,22.492009359368616,0.23058203466520738,0.3495901112537009,0.07954105734825134,False,False,Standing|Standing|Standing|Standing|Sitting
361,12.037898330804248,Lying,False,Standing,False,0.62,fallback_height_sitting,,171.60997114146892,22.833401481122454,0.1762961389114056,28.10328268001253,0.2251565662045725,0.3495901112537009,0.08043777942657471,False,False,Standing|Standing|Standing|Sitting|Sitting
362,12.071244309559939,Lying,False,Standing,False,0.62,fallback_height_sitting,,171.54817060540722,22.888976551914627,0.045269040915210855,1.6666198704000956,0.2252400381230007,0.3495901112537009,0.08071714639663696,False,False,Standing|Standing|Sitting|Sitting|Sitting
363,12.104590288315629,Lying,False,Standing,False,0.62,fallback_height_sitting,,171.1923640796064,22.768287495345362,0.040372161115962354,3.6192986702682965,0.22445634185852753,0.3495901112537009,0.08068424463272095,False,False,Standing|Sitting|Sitting|Sitting|Sitting
364,12.13793626707132,Lying,False,Sitting,False,0.62,fallback_height_sitting,,172.19082693936485,22.98437411682919,0.06192981821849221,6.480140321176019,0.22290910191432273,0.3495901112537009,0.08110415935516357,False,False,Sitting|Sitting|Sitting|Sitting|Sitting
365,12.17128224582701,Lying,False,Sitting,False,0.62,fallback_height_sitting,,170.4059290083551,22.84323548852289,0.11221354182097004,4.2325531765120505,0.21758114468823933,0.3495901112537009,0.08181720972061157,False,False,Sitting|Sitting|Sitting|Sitting|Sitting
366,12.2046282245827,Lying,False,Sitting,False,0.62,fallback_height_sitting,,167.6750751133813,22.555641555181953,0.045240296695203824,8.624546169359588,0.21989741120603556,0.3495901112537009,0.08165973424911499,False,False,Sitting|Sitting|Sitting|Sitting|Sitting
367,12.237974203338391,Lying,False,Sitting,False,0.62,fallback_height_sitting,,170.41590102022224,22.697462188803204,0.02897885415199234,4.253005577083237,0.21938968998958708,0.3495901112537009,0.08150556683540344,False,False,Sitting|Sitting|Sitting|Sitting|Sitting
368,12.271320182094081,Lying,False,Sitting,False,0.62,fallback_height_sitting,,168.8940226839666,22.49556599608709,0.06696967667645781,6.05458889646955,0.21266412736845602,0.3495901112537009,0.08176416158676147,False,False,Sitting|Sitting|Sitting|Sitting|Sitting
369,12.304666160849772,Lying,False,Sitting,False,0.62,fallback_height_sitting,,166.9915192254898,22.766697962961686,0.1046518911179465,8.130874455988991,0.21087059655389576,0.3495901112537009,0.08228102326393127,False,False,Sitting|Sitting|Sitting|Sitting|Sitting
370,12.338012139605462,Lying,False,Sitting,False,0.62,fallback_height_sitting,,167.91988450230286,22.91875831319229,0.0787011914852568,4.560080582569599,0.21198943224088762,0.3495901112537009,0.08282893896102905,False,False,Sitting|Sitting|Sitting|Sitting|Sitting
371,12.371358118361153,Lying,False,Sitting,False,0.62,fallback_height_sitting,,169.29619303741308,22.90467233396028,0.01869554653216647,0.422419126912069,0.21345311008110718,0.3495901112537009,0.08269646763801575,False,False,Sitting|Sitting|Sitting|Sitting|Sitting
372,12.404704097116843,Lying,False,Sitting,False,0.62,fallback_height_sitting,,170.73001904987217,23.090913815381175,0.02388825609208543,5.585125654442257,0.21488562352698867,0.3495901112537009,0.08282691240310669,False,False,Sitting|Sitting|Sitting|Sitting|Sitting
373,12.438050075872534,Lying,False,Sitting,False,0.62,fallback_height_sitting,,169.9255232451332,23.291002560416945,0.009448295320844768,6.000386028604003,0.21456852268842813,0.3495901112537009,0.08285191655158997,False,False,Sitting|Sitting|Sitting|Sitting|Sitting
374,12.471396054628224,Lying,False,Sitting,False,0.62,fallback_height_sitting,,167.54762046324024,23.49612984658524,0.058610318322360466,6.151484941292677,0.2192467081551801,0.3495901112537009,0.08268135786056519,False,False,Sitting|Sitting|Sitting|Sitting|Sitting
375,12.504742033383915,Lying,False,Sitting,False,0.62,fallback_height_sitting,,167.92868064533923,23.813867389151998,0.13226721392341936,9.528511515426294,0.2197519152385598,0.3495901112537009,0.08218616247177124,False,False,Sitting|Sitting|Sitting|Sitting|Sitting
376,12.538088012139605,Lying,False,Sitting,False,0.62,fallback_height_sitting,,169.4226843726875,24.062206390827512,0.015295371809196495,7.447344805650238,0.2182101432927242,0.3495901112537009,0.08219319581985474,False,False,Sitting|Sitting|Sitting|Sitting|Sitting
377,12.571433990895295,Lying,False,Sitting,False,0.62,fallback_height_sitting,,170.35745344758772,23.94826212986479,0.007454192290389325,3.417031534672745,0.2183648149931105,0.3495901112537009,0.082171231508255,False,False,Sitting|Sitting|Sitting|Sitting|Sitting
378,12.604779969650986,Lying,False,Sitting,False,0.62,fallback_height_sitting,,166.69927649851184,23.883724963312233,0.016847928277692915,1.9353807853531617,0.22196776202710655,0.3495901112537009,0.0822610855102539,False,False,Sitting|Sitting|Sitting|Sitting|Sitting
379,12.638125948406676,Lying,False,Sitting,False,0.62,fallback_height_sitting,,167.83204039240417,23.934450205126275,0.0048214638754044475,1.52118017544728,0.22399647338147888,0.3495901112537009,0.08229342103004456,False,False,Sitting|Sitting|Sitting|Sitting|Sitting
380,12.671471927162367,Lying,False,Sitting,False,0.62,fallback_height_sitting,,166.64442525779185,24.116802560055717,0.025886557323412416,5.4684961045962375,0.2207730724735788,0.3495901112537009,0.08229604363441467,False,False,Sitting|Sitting|Sitting|Sitting|Sitting
381,12.704817905918057,Lying,False,Sitting,False,0.62,fallback_height_sitting,,168.2836920317452,24.171472982174393,0.0916255546279274,1.639490701988957,0.21948514033415323,0.3495901112537009,0.08229878544807434,False,False,Sitting|Sitting|Sitting|Sitting|Sitting
382,12.738163884673748,Lying,False,Sitting,False,0.62,fallback_height_sitting,,168.0283737477971,23.66600679930948,0.1208149225943778,15.15823501742792,0.222857372525059,0.3495901112537009,0.08148592710494995,False,False,Sitting|Sitting|Sitting|Sitting|Sitting
383,12.771509863429438,Lying,False,Sitting,False,0.62,fallback_height_sitting,,171.257435210013,23.46647060816429,0.024636914158317966,5.983815698051391,0.22418442331735763,0.3495901112537009,0.08134213089942932,False,False,Sitting|Sitting|Sitting|Sitting|Sitting
384,12.804855842185129,Lying,False,Sitting,False,0.62,fallback_height_sitting,,172.52646400349795,23.638006787666303,0.08426480322853544,5.14413389268835,0.22717780381545402,0.3495901112537009,0.08083435893058777,False,False,Sitting|Sitting|Sitting|Sitting|Sitting
385,12.838201820940819,Lying,False,Sitting,False,0.62,fallback_height_sitting,,170.57952103124836,23.67075541683196,0.003532835442401528,0.9820863080849809,0.2279144745914508,0.3495901112537009,0.08081883192062378,False,False,Sitting|Sitting|Sitting|Sitting|Sitting
386,12.87154779969651,Lying,False,Sitting,False,0.62,fallback_height_sitting,,172.80626493614164,23.900208582914747,0.04980274785372438,6.880984593790997,0.22671977980728591,0.3495901112537009,0.08068081736564636,False,False,Sitting|Sitting|Sitting|Sitting|Sitting
387,12.9048937784522,Lying,False,Sitting,False,0.62,fallback_height_sitting,,170.67776506511245,23.398954802228197,0.12070387916477174,15.031910874741136,0.21992246685874556,0.3495901112537009,0.08057689666748047,False,False,Sitting|Sitting|Sitting|Sitting|Sitting
388,12.93823975720789,Lying,False,Sitting,False,0.62,fallback_height_sitting,,168.8685148929172,23.593956366180723,0.09101554919264919,5.847828470749268,0.21486309758187996,0.3495901112537009,0.0799323320388794,False,False,Sitting|Sitting|Sitting|Sitting|Sitting
389,12.97158573596358,Lying,False,Sitting,False,0.62,fallback_height_sitting,,169.2808116288263,22.613992145229243,0.14126320790474334,29.387778002595,0.21439313076414623,0.3495901112537009,0.07905930280685425,False,False,Sitting|Sitting|Sitting|Sitting|Sitting
390,13.004931714719271,Lying,False,Sitting,False,0.62,fallback_height_sitting,,171.22882392911788,22.87556678198875,0.20522159475451143,7.8442632821166685,0.22572058040932402,0.3495901112537009,0.07827270030975342,False,False,Sitting|Sitting|Sitting|Sitting|Sitting
391,13.038277693474962,Lying,False,Sitting,False,0.62,fallback_height_sitting,,170.38869190620258,22.46909780203981,0.14053834037661808,12.189445177990962,0.2284200708359368,0.3495901112537009,0.0772053599357605,False,False,Sitting|Sitting|Sitting|Sitting|Sitting
392,13.071623672230652,Lying,False,Sitting,False,0.62,fallback_height_sitting,,169.22243344578789,22.627450740049103,0.09356477382971394,4.748786627901012,0.2222492964778825,0.3495901112537009,0.077826589345932,False,False,Sitting|Sitting|Sitting|Sitting|Sitting
393,13.104969650986343,Lying,False,Sitting,False,0.62,fallback_height_sitting,,169.89397135710556,22.755233184095317,0.23627090043483145,3.8320195961982018,0.2158313181616465,0.3495901112537009,0.07946693897247314,False,False,Sitting|Sitting|Sitting|Sitting|Sitting
394,13.138315629742033,Lying,False,Sitting,False,0.62,fallback_height_sitting,,170.48216182445296,22.728317805036074,0.0699367147980735,0.807155167237377,0.21431597579963452,0.3495901112537009,0.07945966720581055,False,False,Sitting|Sitting|Sitting|Sitting|Sitting
395,13.171661608497724,Lying,False,Sitting,False,0.62,fallback_height_sitting,,168.6722107334151,22.8170246168024,0.06484703331090755,2.6601951742438428,0.21168599518478648,0.3495901112537009,0.07991722226142883,False,False,Sitting|Sitting|Sitting|Sitting|Sitting
396,13.205007587253414,Lying,False,Sitting,False,0.62,fallback_height_sitting,,167.70352135379406,22.894552979614925,0.03971986711923299,2.3249688779729016,0.2123183823589826,0.3495901112537009,0.08015713095664978,False,False,Sitting|Sitting|Sitting|Sitting|Sitting
397,13.238353566009105,Lying,False,Sitting,False,0.62,fallback_height_sitting,,168.29201124343777,23.096603667264684,0.05045189509989918,6.059221986857395,0.2128100913640502,0.3495901112537009,0.08036366105079651,False,False,Sitting|Sitting|Sitting|Sitting|Sitting
398,13.271699544764795,Lying,False,Sitting,False,0.62,fallback_height_sitting,,169.17699979831832,23.198491237893148,0.06175470197716975,3.055467988357553,0.21247843849838838,0.3495901112537009,0.08041074872016907,False,False,Sitting|Sitting|Sitting|Sitting|Sitting
399,13.305045523520485,Lying,False,Sitting,False,0.62,fallback_height_sitting,,169.90168088781343,22.695012023644907,0.06385200234554822,15.098648563803897,0.21412918285706883,0.3495901112537009,0.08066505193710327,False,False,Sitting|Sitting|Sitting|Sitting|Sitting
400,13.338391502276176,Lying,False,Sitting,False,0.62,fallback_height_sitting,,164.3642663741328,23.046289389408297,0.09521439213146986,10.53432464337085,0.21156768431885886,0.3495901112537009,0.08128827810287476,False,False,Sitting|Sitting|Sitting|Sitting|Sitting
401,13.371737481031866,Lying,False,Sitting,False,0.62,torso_only_standing,,,22.64692329329557,0.36318897630609287,11.97643946931915,0.15277507770850032,0.3495901112537009,0.08275604248046875,True,False,Sitting|Sitting|Sitting|Sitting|Standing
402,13.405083459787557,Lying,False,Sitting,False,0.62,torso_only_standing,,,22.73308702842352,0.027165949514289304,2.583931806567434,0.1533407972372245,0.3495901112537009,0.08262774348258972,True,False,Sitting|Sitting|Sitting|Standing|Standing
403,13.438429438543247,Lying,False,Sitting,False,0.62,torso_only_standing,,,22.39768056788627,0.07866781958907416,10.058378042960076,0.15345515723158337,0.3495901112537009,0.08256271481513977,True,False,Sitting|Sitting|Standing|Standing|Standing
404,13.471775417298938,Lying,False,Sitting,False,0.62,torso_only_standing,,,22.359995840974488,0.024883523784574944,1.1301130846354355,0.15362880616370453,0.3495901112537009,0.08264341950416565,True,False,Sitting|Standing|Standing|Standing|Standing
405,13.505121396054628,Lying,False,Standing,False,0.62,torso_only_standing,,,22.025539669284814,0.05245961266324447,10.029880188554936,0.1534829754687301,0.3495901112537009,0.08255508542060852,True,False,Standing|Standing|Standing|Standing|Standing
406,13.538467374810319,Lying,False,Standing,False,0.62,torso_only_standing,,,22.779090332334768,0.16663004079053,22.597947073943985,0.15501114061018897,0.3495901112537009,0.0822245180606842,True,False,Standing|Standing|Standing|Standing|Standing
407,13.571813353566009,Lying,False,Standing,False,0.62,torso_only_standing,,,22.9360272767884,0.10008192715151545,4.706322930372898,0.1539974733173921,0.3495901112537009,0.08192482590675354,True,False,Standing|Standing|Standing|Standing|Standing
408,13.6051593323217,Lying,False,Standing,False,0.62,torso_only_standing,,,23.26975984468106,0.07954976107405791,10.008180306769653,0.15457447326803464,0.3495901112537009,0.0815192461013794,True,False,Standing|Standing|Standing|Standing|Standing
409,13.63850531107739,Lying,False,Standing,False,0.62,torso_only_standing,,,23.088289888511852,0.07811704663843157,5.4420341804554715,0.1546424452279879,0.3495901112537009,0.08115020394325256,True,False,Standing|Standing|Standing|Standing|Standing
410,13.67185128983308,Lying,False,Standing,False,0.62,torso_only_standing,,,23.290704769198356,0.12703809408443512,6.070143634694255,0.15348724001160843,0.3495901112537009,0.08130297064781189,True,False,Standing|Standing|Standing|Standing|Standing
411,13.70519726858877,Lying,False,Standing,False,0.62,torso_only_standing,,,23.5239719808978,0.24278268340526032,6.995362571555601,0.15356719181233536,0.3495901112537009,0.08076271414756775,True,False,Standing|Standing|Standing|Standing|Standing
412,13.738543247344461,Lying,False,Standing,False,0.62,torso_only_standing,,,22.77243452922091,0.0656936525934022,22.537573636180742,0.15368769416453684,0.3495901112537009,0.08042612671852112,True,False,Standing|Standing|Standing|Standing|Standing
413,13.771889226100152,Lying,False,Standing,False,0.62,torso_only_standing,,,22.74159989812398,0.02483845809029313,0.9246881407452453,0.15350900966613798,0.3495901112537009,0.08054786920547485,True,False,Standing|Standing|Standing|Standing|Standing
414,13.805235204855842,Lying,False,Standing,False,0.62,torso_only_standing,,,22.477846362182603,0.16673345487362054,7.909605469186201,0.15263083697944876,0.3495901112537009,0.08111914992332458,True,False,Standing|Standing|Standing|Standing|Standing
415,13.838581183611533,Lying,False,Standing,False,0.62,torso_only_standing,,,21.945867232764527,0.11229995148254705,15.953321787782114,0.15332473116014442,0.3495901112537009,0.08155924081802368,True,False,Standing|Standing|Standing|Standing|Standing
416,13.871927162367223,Lying,False,Standing,False,0.62,torso_only_standing,,,21.339512752236963,0.21128824611144656,18.183736185104188,0.15071384472737331,0.3495901112537009,0.08256644010543823,True,False,Standing|Standing|Standing|Standing|Standing
417,13.905273141122914,Lying,False,Standing,False,0.62,torso_only_standing,,,21.14546440124543,0.17412315791325536,5.819242926207978,0.14886373231862718,0.3495901112537009,0.08333516120910645,True,False,Standing|Standing|Standing|Standing|Standing
418,13.938619119878604,Lying,False,Standing,False,0.62,torso_only_standing,,,21.330729223216252,0.4906618323123234,5.555836981969136,0.14507866986270282,0.3495901112537009,0.08568155765533447,True,False,Standing|Standing|Standing|Standing|Standing
419,13.971965098634294,Lying,False,Standing,False,0.62,torso_only_standing,,,19.75949279193773,0.03721494613802724,47.11921766609989,0.14288641396596471,0.3495901112537009,0.08550426363945007,True,False,Standing|Standing|Standing|Standing|Standing
420,14.005311077389985,Lying,False,Standing,False,0.62,torso_only_standing,,,19.268254875690214,0.13261103937606378,14.731548887695723,0.1427941338427639,0.3495901112537009,0.08527833223342896,True,False,Standing|Standing|Standing|Standing|Standing
421,14.038657056145675,Lying,False,Standing,False,0.62,torso_only_standing,,,18.445475905799654,0.5512130194597052,24.674008698879593,0.14752091006331278,0.3495901112537009,0.08270019292831421,True,False,Standing|Standing|Standing|Standing|Standing
422,14.072003034901366,Lying,False,Standing,False,0.62,fallback_height_sitting,,164.41385394473332,18.767038424316947,0.04404220489658129,9.643217278857618,0.20490413838070182,0.3495901112537009,0.08266180753707886,False,False,Standing|Standing|Standing|Standing|Sitting
423,14.105349013657056,Lying,False,Standing,False,0.62,fallback_height_sitting,,161.7350788006467,18.932464559019877,0.05458106368284675,4.96090206003325,0.19786122421893493,0.3495901112537009,0.08298206329345703,False,False,Standing|Standing|Standing|Sitting|Sitting
424,14.138694992412747,Lying,False,Standing,False,0.62,torso_only_standing,,,19.685544199731133,0.23016341571641222,22.58382176239898,0.14414907716528966,0.3495901112537009,0.08217522501945496,True,False,Standing|Standing|Sitting|Sitting|Standing
425,14.172040971168437,Lying,False,Standing,False,0.62,fallback_height_sitting,,165.65785705728268,20.32019487880162,0.1348171147949487,19.032300227870305,0.2084688135063162,0.3495901112537009,0.0821288526058197,False,False,Standing|Sitting|Sitting|Standing|Sitting
426,14.205386949924128,Lying,False,Standing,False,0.62,fallback_height_sitting,,166.47314117556056,20.683615996644725,0.23662478553158392,10.898499051586219,0.20550975967270668,0.3495901112537009,0.08373352885246277,False,False,Sitting|Sitting|Standing|Sitting|Sitting
427,14.238732928679816,Lying,False,Standing,False,0.62,fallback_height_sitting,,165.77178380980178,20.326486035137137,0.21354687945373224,10.709835933265683,0.20406607812358812,0.3495901112537009,0.08253982663154602,False,False,Sitting|Standing|Sitting|Sitting|Sitting
428,14.272078907435507,Lying,False,Standing,False,0.62,fallback_height_sitting,,165.65775800961063,19.79870800522292,0.011285682669126572,15.827336596744871,0.203703789538467,0.3495901112537009,0.08259075880050659,False,False,Standing|Sitting|Sitting|Sitting|Sitting
429,14.305424886191197,Lying,False,Sitting,False,0.62,fallback_height_sitting,,166.9887904005281,20.25276638322884,0.2346538875986489,13.616585715854372,0.20360837419272843,0.3495901112537009,0.08401405811309814,False,False,Sitting|Sitting|Sitting|Sitting|Sitting
430,14.338770864946888,Lying,False,Sitting,False,0.62,fallback_height_sitting,,167.05419271960253,20.133257471851355,0.1632233549469804,3.583907740512471,0.20301185079220044,0.3495901112537009,0.08506354689598083,False,False,Sitting|Sitting|Sitting|Sitting|Sitting
431,14.372116843702578,Lying,False,Sitting,False,0.62,fallback_height_sitting,,169.75937456914875,19.01753583484216,0.2637907214128819,33.45895603135649,0.20971438737366574,0.3495901112537009,0.08498057723045349,False,False,Sitting|Sitting|Sitting|Sitting|Sitting
432,14.405462822458269,Lying,False,Sitting,False,0.62,fallback_height_sitting,,171.1102483024187,18.614309992942133,0.05362710159922594,12.09218793229207,0.20775154703135723,0.3495901112537009,0.08468195796012878,False,False,Sitting|Sitting|Sitting|Sitting|Sitting
433,14.438808801213959,Lying,False,Sitting,False,0.62,fallback_height_sitting,,171.7434123806323,18.813743291746345,0.04971577601262748,5.980730098383434,0.21019112242819288,0.3495901112537009,0.08459940552711487,False,False,Sitting|Sitting|Sitting|Sitting|Sitting
434,14.47215477996965,Lying,False,Sitting,False,0.62,torso_only_standing,,,19.242720705867942,0.15219416251978657,12.864442134522523,0.14457482249508097,0.3495901112537009,0.08406144380569458,True,False,Sitting|Sitting|Sitting|Sitting|Standing
435,14.50550075872534,Lying,False,Sitting,False,0.62,torso_only_standing,,,18.565304139866647,0.351326256094013,20.314790306933016,0.14757453693022282,0.3495901112537009,0.08233711123466492,True,False,Sitting|Sitting|Sitting|Standing|Standing
436,14.53884673748103,Lying,False,Sitting,False,0.62,torso_only_standing,,,19.45028501061125,0.1808674668074291,26.539358080577596,0.14762758638117976,0.3495901112537009,0.08268573880195618,True,False,Sitting|Sitting|Standing|Standing|Standing
437,14.57219271623672,Lying,False,Sitting,False,0.62,torso_only_standing,,,19.373716873320866,0.0887465559478704,2.296173036376004,0.14692265655465522,0.3495901112537009,0.08311471343040466,True,False,Sitting|Standing|Standing|Standing|Standing
438,14.605538694992411,Lying,False,Standing,False,0.62,torso_only_standing,,,19.24033697272664,0.20988088583517664,3.99987961281429,0.1447975319450721,0.3495901112537009,0.08400678634643555,True,False,Standing|Standing|Standing|Standing|Standing
439,14.638884673748102,Lying,False,Standing,False,0.62,torso_only_standing,,,20.407034185728985,0.18777382720932206,34.9876433842341,0.14551745985701697,0.3495901112537009,0.08399811387062073,True,False,Standing|Standing|Standing|Standing|Standing
440,14.672230652503792,Lying,False,Standing,False,0.62,fallback_height_sitting,,168.9054342994565,20.16731588081517,0.08515088247182741,7.18882197671008,0.21328687313536693,0.3495901112537009,0.08460050821304321,False,False,Standing|Standing|Standing|Standing|Sitting
441,14.705576631259483,Lying,False,Standing,False,0.62,fallback_height_sitting,,167.82614449935232,20.49350495678111,0.19315743052574214,9.781961367988783,0.2046339204808074,0.3495901112537009,0.08591535687446594,False,False,Standing|Standing|Standing|Sitting|Sitting
442,14.738922610015173,Lying,False,Standing,False,0.0,posture_persistence,,,,0.0,0.0,,,,,False,Standing|Standing|Sitting|Sitting|Unknown
443,14.772268588770864,Lying,False,Standing,False,0.0,posture_persistence,,,,0.0,0.0,,,,,False,Standing|Sitting|Sitting|Unknown|Unknown
444,14.805614567526554,Lying,False,Standing,False,0.62,fallback_height_sitting,,162.26638779352928,24.66048648438588,1.3093363994292608,41.65401329831693,0.18072224616385565,0.3495901112537009,0.10637727379798889,False,False,Sitting|Sitting|Unknown|Unknown|Sitting
445,14.838960546282244,Lying,False,Standing,False,0.62,fallback_height_sitting,,168.30550494816316,12.44536366809543,3.345917216094857,366.31471835883525,0.20856493749258395,0.3495901112537009,0.08517095446586609,False,False,Sitting|Unknown|Unknown|Sitting|Sitting
446,14.872306525037935,Lying,False,Standing,False,0.62,fallback_height_sitting,,164.95732569300034,18.133300389577858,0.8762665693286107,170.57339246675397,0.23719633410765445,0.3495901112537009,0.07827332615852356,False,False,Unknown|Unknown|Sitting|Sitting|Sitting
447,14.905652503793625,Lying,False,Standing,False,0.62,fallback_height_sitting,,168.68399508862035,20.378472319697803,0.05436758008059643,67.32961556082107,0.23952913953390403,0.3495901112537009,0.0779930055141449,False,False,Unknown|Sitting|Sitting|Sitting|Sitting
448,14.938998482549316,Lying,False,Sitting,False,0.62,fallback_height_sitting,,169.89565676389518,20.255172607489673,0.06625180787346824,3.6975886391425568,0.2379477755924676,0.3495901112537009,0.07778209447860718,False,False,Sitting|Sitting|Sitting|Sitting|Sitting
449,14.972344461305006,Lying,False,Sitting,False,0.62,fallback_height_sitting,,171.40592069905975,21.053542431633122,0.23085985420181962,23.942012018681822,0.2335477616601244,0.3495901112537009,0.07945382595062256,False,False,Sitting|Sitting|Sitting|Sitting|Sitting
450,15.005690440060697,Lying,False,Sitting,False,0.62,fallback_height_sitting,,169.91665024181054,21.846561062225167,0.1815315036582281,23.781537090337068,0.2317717049966565,0.3495901112537009,0.0802105963230133,False,False,Sitting|Sitting|Sitting|Sitting|Sitting
451,15.039036418816387,Lying,False,Sitting,False,0.62,fallback_height_sitting,,169.74648794532283,21.52754018128279,0.0980685291192933,9.566997066713316,0.23019314035656463,0.3495901112537009,0.08083456754684448,False,False,Sitting|Sitting|Sitting|Sitting|Sitting
452,15.072382397572078,Lying,False,Sitting,False,0.62,fallback_height_sitting,,172.26536725249096,20.05724983863503,0.16241623313374084,44.091983426842965,0.22682840104710233,0.3495901112537009,0.08017414808273315,False,False,Sitting|Sitting|Sitting|Sitting|Sitting
453,15.105728376327768,Lying,False,Sitting,False,0.62,fallback_height_sitting,,172.1446409387977,19.682832800828127,0.15286971654647413,11.22825155470987,0.2285721585296781,0.3495901112537009,0.07916176319122314,False,False,Sitting|Sitting|Sitting|Sitting|Sitting
454,15.139074355083459,Lying,False,Sitting,False,0.62,fallback_height_sitting,,171.84223997974453,19.878065034777034,0.1567432177682538,5.854745946408637,0.22780323431174457,0.3495901112537009,0.08035209774971008,False,False,Sitting|Sitting|Sitting|Sitting|Sitting
455,15.172420333839149,Lying,False,Sitting,False,0.62,fallback_height_sitting,,170.96823555064987,19.9650679731446,0.06146087847268539,2.6090983565062715,0.2163765140546767,0.3495901112537009,0.08079397678375244,False,False,Sitting|Sitting|Sitting|Sitting|Sitting
456,15.20576631259484,Lying,False,Sitting,False,0.62,fallback_height_sitting,,169.58976478897944,20.011426988435392,0.07479143947818749,1.3902430524064981,0.21816063522934198,0.3495901112537009,0.0813007652759552,False,False,Sitting|Sitting|Sitting|Sitting|Sitting
457,15.23911229135053,Lying,False,Sitting,False,0.62,fallback_height_sitting,,169.3007832381022,20.229098079250182,0.12785534253554,6.527656375287659,0.21270272397288542,0.3495901112537009,0.08208110928535461,False,False,Sitting|Sitting|Sitting|Sitting|Sitting
458,15.27245827010622,Lying,False,Sitting,False,0.62,fallback_height_sitting,,164.89071154509227,20.95694810439119,0.19900408804356426,21.82722032163481,0.20083297395122052,0.3495901112537009,0.08300748467445374,False,False,Sitting|Sitting|Sitting|Sitting|Sitting
459,15.30580424886191,Lying,False,Sitting,False,0.62,fallback_height_sitting,,165.47457765366613,20.74003077705469,0.05107190417043495,6.505052046177623,0.20493396975022604,0.3495901112537009,0.08333691954612732,False,False,Sitting|Sitting|Sitting|Sitting|Sitting
460,15.339150227617601,Lying,False,Sitting,False,0.62,fallback_height_sitting,,165.39687555940455,20.657418054342102,0.1434370078189051,2.4774418324275964,0.2080741926074007,0.3495901112537009,0.08422213792800903,False,False,Sitting|Sitting|Sitting|Sitting|Sitting
461,15.372496206373292,Lying,False,Sitting,False,0.62,fallback_height_sitting,,164.66083389824968,20.555262098665295,0.035195996734636616,3.063516486508107,0.2096958234655505,0.3495901112537009,0.08400654792785645,False,False,Sitting|Sitting|Sitting|Sitting|Sitting
462,15.405842185128982,Lying,False,Sitting,False,0.62,fallback_height_sitting,,162.8392256237421,20.729282819129622,0.028102725477189238,5.218641856017811,0.20663357817012634,0.3495901112537009,0.08404666185379028,False,False,Sitting|Sitting|Sitting|Sitting|Sitting
463,15.439188163884673,Lying,False,Sitting,False,0.62,fallback_height_sitting,,162.79690417577788,20.49799982397527,0.0383571263253937,6.935858648769871,0.20865593654986161,0.3495901112537009,0.08405083417892456,False,False,Sitting|Sitting|Sitting|Sitting|Sitting
464,15.472534142640363,Lying,False,Sitting,False,0.62,fallback_height_sitting,,164.7327324015617,19.87869985293944,0.12459051780401516,18.571953625147277,0.21309011831948,0.3495901112537009,0.08321446180343628,False,False,Sitting|Sitting|Sitting|Sitting|Sitting
465,15.505880121396054,Lying,False,Sitting,False,0.62,fallback_height_sitting,,166.38544122663293,19.56913501908816,0.14234694074990142,9.283423231307992,0.21568607746851112,0.3495901112537009,0.0822489857673645,False,False,Sitting|Sitting|Sitting|Sitting|Sitting
466,15.539226100151744,Lying,False,Sitting,False,0.62,fallback_height_sitting,,166.19112724257593,19.982869000033315,0.02692611364748927,12.407312557126547,0.21878931369053506,0.3495901112537009,0.08208432793617249,False,False,Sitting|Sitting|Sitting|Sitting|Sitting
467,15.572572078907434,Lying,False,Sitting,False,0.62,fallback_height_sitting,,166.9132119518764,19.94063324073772,0.054345501347193924,1.2665922810373598,0.2202767713869433,0.3495901112537009,0.08198100328445435,False,False,Sitting|Sitting|Sitting|Sitting|Sitting
468,15.605918057663125,Lying,False,Sitting,False,0.62,fallback_height_sitting,,166.95947159723522,20.195320330268387,0.03580780615829971,7.637715221875262,0.22109567969710112,0.3495901112537009,0.0817183256149292,False,False,Sitting|Sitting|Sitting|Sitting|Sitting
469,15.639264036418815,Lying,False,Sitting,False,0.62,fallback_height_sitting,,166.7177043670207,20.133638229695645,0.05577811700847274,1.849761286800328,0.222835561545542,0.3495901112537009,0.08131548762321472,False,False,Sitting|Sitting|Sitting|Sitting|Sitting
470,15.672610015174506,Lying,False,Sitting,False,0.62,fallback_height_sitting,,166.27944828291749,19.616777428403182,0.17240534848414413,15.499943938645412,0.21719150158204648,0.3495901112537009,0.08255442976951599,False,False,Sitting|Sitting|Sitting|Sitting|Sitting
471,15.705955993930196,Lying,False,Sitting,False,0.62,fallback_height_sitting,,166.13320075830012,18.94924199318974,0.2411510008630842,20.018468796616958,0.21995406681439625,0.3495901112537009,0.08081772923469543,False,False,Sitting|Sitting|Sitting|Sitting|Sitting
472,15.739301972685887,Lying,False,Sitting,False,0.62,fallback_height_sitting,,168.09714987418153,18.858424473146993,0.005115786420636334,2.7234924099281383,0.2171285892385461,0.3495901112537009,0.08083155751228333,False,False,Sitting|Sitting|Sitting|Sitting|Sitting
473,15.772647951441577,Lying,False,Sitting,False,0.62,fallback_height_sitting,,168.07886576049106,19.169504963718463,0.05766124721764701,9.32887568994761,0.2203376487393289,0.3495901112537009,0.08087283372879028,False,False,Sitting|Sitting|Sitting|Sitting|Sitting
474,15.805993930197268,Lying,False,Sitting,False,0.62,fallback_height_sitting,,169.28722079539082,19.662809792027698,0.35641766360031024,14.79353273518933,0.21891711866717473,0.3495901112537009,0.0834473967552185,False,False,Sitting|Sitting|Sitting|Sitting|Sitting
475,15.839339908952958,Lying,False,Sitting,False,0.62,fallback_height_sitting,,170.60181857884967,19.635306146520715,0.05775507298809362,0.8247964682184925,0.22015199171761257,0.3495901112537009,0.08386766910552979,False,False,Sitting|Sitting|Sitting|Sitting|Sitting
476,15.872685887708649,Lying,False,Sitting,False,0.62,fallback_height_sitting,,170.55640298345128,19.855999389312704,0.10859961709740736,6.618286552897388,0.21887674327696982,0.3495901112537009,0.08463078737258911,False,False,Sitting|Sitting|Sitting|Sitting|Sitting
477,15.906031866464339,Lying,False,Sitting,False,0.62,fallback_height_sitting,,169.71300740100463,19.83909237458312,0.10740744040790351,0.5070180981476666,0.21101365165261998,0.3495901112537009,0.08528119325637817,False,False,Sitting|Sitting|Sitting|Sitting|Sitting
478,15.93937784522003,Lying,False,Sitting,False,0.62,fallback_height_sitting,,170.27634980055038,20.241951795546594,0.1202237097437284,12.081199472806771,0.2073633982480591,0.3495901112537009,0.08606699109077454,False,False,Sitting|Sitting|Sitting|Sitting|Sitting
479,15.97272382397572,Lying,False,Sitting,False,0.62,fallback_height_sitting,,159.41350799022234,20.996243624287594,0.21941537195896926,22.62017361275625,0.19008332972737285,0.3495901112537009,0.08742719888687134,False,False,Sitting|Sitting|Sitting|Sitting|Sitting
480,16.00606980273141,Lying,False,Sitting,False,0.62,fallback_height_sitting,,160.28189196541297,21.00127404865611,0.007917991946072275,0.1508555021093338,0.1914956922702171,0.3495901112537009,0.08737701177597046,False,False,Sitting|Sitting|Sitting|Sitting|Sitting
481,16.0394157814871,Lying,False,Sitting,False,0.62,fallback_height_sitting,,161.08205217590267,21.24985740913004,0.22863944574028172,7.454672789639121,0.190229161095803,0.3495901112537009,0.08882135152816772,False,False,Sitting|Sitting|Sitting|Sitting|Sitting
482,16.07276176024279,Lying,False,Sitting,False,0.62,fallback_height_sitting,,159.53535092586765,21.018638287399714,0.05209351168861145,6.933943172709221,0.18924023216450042,0.3495901112537009,0.08852788805961609,False,False,Sitting|Sitting|Sitting|Sitting|Sitting
483,16.10610773899848,Lying,False,Sitting,False,0.62,fallback_height_sitting,,160.34956872944713,21.21794160687365,0.08192496024189358,5.976832197193392,0.19133292616283165,0.3495901112537009,0.08839815855026245,False,False,Sitting|Sitting|Sitting|Sitting|Sitting
484,16.139453717754172,Lying,False,Sitting,False,0.62,fallback_height_sitting,,159.65696404141784,20.655502480868616,0.031434784170604566,16.86677515528182,0.18893603235489514,0.3495901112537009,0.0882037878036499,False,False,Sitting|Sitting|Sitting|Sitting|Sitting
485,16.172799696509863,Lying,False,Sitting,False,0.62,fallback_height_sitting,,159.95959996217547,21.26153002377317,0.22020817865472772,18.173931775840725,0.19072128717832676,0.3495901112537009,0.08959132432937622,False,False,Sitting|Sitting|Sitting|Sitting|Sitting
486,16.206145675265553,Lying,False,Sitting,False,0.62,torso_only_standing,,,20.950947457280687,0.12279306661929204,9.313943632243241,0.13382052838719335,0.3495901112537009,0.08949321508407593,True,False,Sitting|Sitting|Sitting|Sitting|Standing
487,16.239491654021244,Lying,False,Sitting,False,0.62,fallback_height_sitting,,155.30727990721968,20.798249365946848,0.08866132819169216,4.5792055603640485,0.18336011438856925,0.3495901112537009,0.08919641375541687,False,False,Sitting|Sitting|Sitting|Standing|Sitting
488,16.272837632776934,Lying,False,Sitting,False,0.62,fallback_height_sitting,,155.55118976955833,20.540574498136348,0.07205058177537592,7.727314579618648,0.18487327313318125,0.3495901112537009,0.0890861451625824,False,False,Sitting|Sitting|Standing|Sitting|Sitting
489,16.306183611532624,Lying,False,Sitting,False,0.62,fallback_height_sitting,,156.9133467631001,20.90501117469833,0.16440367347459867,10.928954259583463,0.18873635377793807,0.3495901112537009,0.08808422088623047,False,False,Sitting|Standing|Sitting|Sitting|Sitting
490,16.339529590288315,Lying,False,Sitting,False,0.62,fallback_height_sitting,,160.44526778064983,21.24550714413282,0.11625914985458272,10.211005408752133,0.19092389165051898,0.3495901112537009,0.08877372741699219,False,False,Standing|Sitting|Sitting|Sitting|Sitting
491,16.372875569044005,Lying,False,Sitting,False,0.62,fallback_height_sitting,,160.2017508391663,20.933500052844735,0.2634853111780779,9.356663169913418,0.20885229702807656,0.3495901112537009,0.08694052696228027,False,False,Sitting|Sitting|Sitting|Sitting|Sitting
492,16.406221547799696,Lying,False,Sitting,False,0.62,fallback_height_sitting,,163.5726276377745,20.814284534898388,0.0183176172924011,3.575109275387626,0.21171839150834976,0.3495901112537009,0.08682107925415039,False,False,Sitting|Sitting|Sitting|Sitting|Sitting
493,16.439567526555386,Lying,False,Sitting,False,0.62,fallback_height_sitting,,163.65600515023482,20.674229263285692,0.17272494950970158,4.20006480058094,0.20978356232684214,0.3495901112537009,0.08567383885383606,False,False,Sitting|Sitting|Sitting|Sitting|Sitting
494,16.472913505311077,Lying,False,Sitting,False,0.62,fallback_height_sitting,,165.06706300686724,20.24602960747607,0.02427353982460917,12.841118233380667,0.2096918908608476,0.3495901112537009,0.08564794063568115,False,False,Sitting|Sitting|Sitting|Sitting|Sitting
495,16.506259484066767,Lying,False,Sitting,False,0.62,fallback_height_sitting,,166.55360124073903,20.097907969325945,0.35851511176643686,4.441964029166469,0.21157307615567958,0.3495901112537009,0.08320751786231995,False,False,Sitting|Sitting|Sitting|Sitting|Sitting
496,16.539605462822458,Lying,False,Sitting,False,0.62,fallback_height_sitting,,168.32651383496952,19.36385517189004,0.10058077374383852,22.013232924243944,0.21921260662084852,0.3495901112537009,0.08302810788154602,False,False,Sitting|Sitting|Sitting|Sitting|Sitting
497,16.572951441578148,Lying,False,Sitting,False,0.62,fallback_height_sitting,,169.27924654665205,19.199208477046426,0.058864420244247394,4.937527731601465,0.21899908377316954,0.3495901112537009,0.08275413513183594,False,False,Sitting|Sitting|Sitting|Sitting|Sitting
498,16.60629742033384,Lying,False,Sitting,False,0.62,fallback_height_sitting,,171.3780946931543,18.605778964431657,0.08021122589680599,17.79613418944858,0.21738228894244024,0.3495901112537009,0.08266839385032654,False,False,Sitting|Sitting|Sitting|Sitting|Sitting
499,16.63964339908953,Lying,False,Sitting,False,0.62,fallback_height_sitting,,171.39813842335136,18.493363154736112,0.028602561296177453,3.3711953851815233,0.21793513658481217,0.3495901112537009,0.08282989263534546,False,False,Sitting|Sitting|Sitting|Sitting|Sitting
500,16.67298937784522,Lying,False,Sitting,False,0.62,fallback_height_sitting,,171.42619801709776,18.563124266737983,0.09426002072266298,2.092039718281353,0.21777022238656207,0.3495901112537009,0.08233800530433655,False,False,Sitting|Sitting|Sitting|Sitting|Sitting
501,16.70633535660091,Lying,False,Sitting,False,0.62,fallback_height_sitting,,171.6023707019753,18.734337060217555,0.05299633056705177,5.134435991037004,0.2162627170025353,0.3495901112537009,0.08254590630531311,False,False,Sitting|Sitting|Sitting|Sitting|Sitting
502,16.7396813353566,Lying,False,Sitting,False,0.62,fallback_height_sitting,,168.68440860658984,18.587474581807147,0.08036250736808477,4.404203561886656,0.22224801542876566,0.3495901112537009,0.08195069432258606,False,False,Sitting|Sitting|Sitting|Sitting|Sitting
503,16.77302731411229,Lying,False,Sitting,False,0.62,fallback_height_sitting,,169.13506540035576,18.19965355227678,0.030074333757665182,11.630218815040386,0.22030654505679617,0.3495901112537009,0.08205148577690125,False,False,Sitting|Sitting|Sitting|Sitting|Sitting
504,16.80637329286798,Lying,False,Sitting,False,0.62,fallback_height_sitting,,170.49251219431784,17.485674263082508,0.043897365512914614,21.41125604455172,0.21756997530428576,0.3495901112537009,0.08210533857345581,False,False,Sitting|Sitting|Sitting|Sitting|Sitting
505,16.83971927162367,Lying,False,Sitting,False,0.62,fallback_height_sitting,,167.33143701157636,18.618549378311616,0.21882989570075576,33.97336523030635,0.21661950858354523,0.3495901112537009,0.08252698183059692,False,False,Sitting|Sitting|Sitting|Sitting|Sitting
506,16.873065250379362,Lying,False,Sitting,False,0.62,fallback_height_sitting,,166.93565990632595,18.897092534726035,0.16852461231939506,8.353125828309514,0.20611358590081688,0.3495901112537009,0.08360350131988525,False,False,Sitting|Sitting|Sitting|Sitting|Sitting
507,16.906411229135053,Lying,False,Sitting,False,0.62,fallback_height_sitting,,167.4854385143243,18.840487228169437,0.012103853004638798,1.6975152227894492,0.20829899573749683,0.3495901112537009,0.08359801769256592,False,False,Sitting|Sitting|Sitting|Sitting|Sitting
508,16.939757207890743,Lying,False,Sitting,False,0.62,fallback_height_sitting,,164.1062211817836,18.84150730851315,0.10117963146190206,0.030590805301832488,0.20020476821834388,0.3495901112537009,0.08419105410575867,False,False,Sitting|Sitting|Sitting|Sitting|Sitting
509,16.973103186646433,Lying,False,Sitting,False,0.62,fallback_height_sitting,,165.3528037471121,19.323804447088484,0.1535513975294205,14.463427272862097,0.20236983209493248,0.3495901112537009,0.08344921469688416,False,False,Sitting|Sitting|Sitting|Sitting|Sitting
510,17.006449165402124,Lying,False,Sitting,False,0.62,fallback_height_sitting,,166.91637729331993,19.226025544395895,0.0643573758802352,2.932254692806196,0.2036223705360527,0.3495901112537009,0.08361634612083435,False,False,Sitting|Sitting|Sitting|Sitting|Sitting
511,17.039795144157814,Lying,False,Sitting,False,0.62,fallback_height_sitting,,167.51346775463645,18.785667545277672,0.11850388021566084,13.205730212464578,0.2124290606445511,0.3495901112537009,0.08364793658256531,False,False,Sitting|Sitting|Sitting|Sitting|Sitting
512,17.073141122913505,Lying,False,Sitting,False,0.62,fallback_height_sitting,,167.50972984248162,18.825680130794737,0.04715491318744588,1.199922359760902,0.21305014036798814,0.3495901112537009,0.0836508572101593,False,False,Sitting|Sitting|Sitting|Sitting|Sitting
513,17.106487101669195,Lying,False,Sitting,False,0.62,fallback_height_sitting,,170.26191780313837,18.5091252566786,0.12577450329449602,9.493044916611307,0.21796306134874155,0.3495901112537009,0.08273723721504211,False,False,Sitting|Sitting|Sitting|Sitting|Sitting
514,17.139833080424886,Lying,False,Sitting,False,0.62,fallback_height_sitting,,169.0530473280237,18.745174954879218,0.030477223833996325,7.078805511454218,0.21156373778136284,0.3495901112537009,0.08276492357254028,False,False,Sitting|Sitting|Sitting|Sitting|Sitting
515,17.173179059180576,Lying,False,Sitting,False,0.62,fallback_height_sitting,,170.18476266048935,18.253360675253887,0.09138958516992376,14.74883323199512,0.21282006206359522,0.3495901112537009,0.08214107155799866,False,False,Sitting|Sitting|Sitting|Sitting|Sitting
516,17.206525037936267,Lying,False,Sitting,False,0.62,fallback_height_sitting,,168.85469162347664,18.45834027335399,0.08044396629811167,6.147055979429695,0.20895835671838653,0.3495901112537009,0.08262324333190918,False,False,Sitting|Sitting|Sitting|Sitting|Sitting
517,17.239871016691957,Lying,False,Sitting,False,0.62,fallback_height_sitting,,169.73528475008845,19.283899844256002,0.4126748971667958,24.757395095537007,0.19748989360140795,0.3495901112537009,0.08532872796058655,False,False,Sitting|Sitting|Sitting|Sitting|Sitting
518,17.273216995447648,Lying,False,Sitting,False,0.62,fallback_height_sitting,,167.4533549248098,19.40822705233464,0.08889364929824294,3.728401825885031,0.1999503350173952,0.3495901112537009,0.08592087030410767,False,False,Sitting|Sitting|Sitting|Sitting|Sitting
519,17.306562974203338,Lying,False,Sitting,False,0.62,fallback_height_sitting,,163.83299844158972,19.88517660906713,0.37797355185335574,14.303060654685325,0.1919700301499062,0.3495901112537009,0.08833351731300354,False,False,Sitting|Sitting|Sitting|Sitting|Sitting
520,17.33990895295903,Lying,False,Sitting,False,0.62,torso_only_standing,,,19.442099201308316,0.5075043692454285,13.287281534155099,0.1301215083277525,0.3495901112537009,0.09052017331123352,True,False,Sitting|Sitting|Sitting|Sitting|Standing
521,17.37325493171472,Lying,False,Sitting,False,0.62,torso_only_standing,,,19.024792912141663,0.23489463355210766,12.514441163177446,0.13294426664784165,0.3495901112537009,0.08950626850128174,True,False,Sitting|Sitting|Sitting|Standing|Standing
522,17.40660091047041,Lying,False,Sitting,False,0.62,torso_only_standing,,,18.857138898609836,0.0902867536587662,5.027713079293466,0.13280182789709644,0.3495901112537009,0.08916917443275452,True,False,Sitting|Sitting|Standing|Standing|Standing
523,17.4399468892261,Lying,False,Sitting,False,0.62,torso_only_standing,,,19.5289897417184,0.3132765713179378,20.147881938955372,0.13382730810730817,0.3495901112537009,0.08895474672317505,True,False,Sitting|Standing|Standing|Standing|Standing
524,17.47329286798179,Lying,False,Standing,False,0.62,torso_only_standing,,,19.469812871210973,0.10166529152346108,1.7746328857517861,0.13491000509814866,0.3495901112537009,0.0886450707912445,True,False,Standing|Standing|Standing|Standing|Standing
525,17.50663884673748,Lying,False,Standing,False,0.62,torso_only_standing,,,19.685712826405485,0.12364607754649494,6.4745424561175655,0.1334598203968503,0.3495901112537009,0.08919328451156616,True,False,Standing|Standing|Standing|Standing|Standing
526,17.53998482549317,Lying,False,Standing,False,0.62,torso_only_standing,,,19.272483644728382,0.11864413124745524,12.39217432196636,0.1331003462692183,0.3495901112537009,0.08914521336555481,True,False,Standing|Standing|Standing|Standing|Standing
527,17.57333080424886,Lying,False,Standing,False,0.62,torso_only_standing,,,19.50177170338564,0.19526089304406405,6.876033249380316,0.13159430676392114,0.3495901112537009,0.09000194072723389,True,False,Standing|Standing|Standing|Standing|Standing
528,17.606676783004552,Lying,False,Standing,False,0.62,torso_only_standing,,,19.838785666355975,0.06545553150079167,10.106584828097876,0.13139244008583992,0.3495901112537009,0.09028765559196472,True,False,Standing|Standing|Standing|Standing|Standing
529,17.640022761760243,Lying,False,Standing,False,0.62,torso_only_standing,,,20.041265209933268,0.1637455522748168,6.072082785776405,0.132471459743491,0.3495901112537009,0.08985009789466858,True,False,Standing|Standing|Standing|Standing|Standing
530,17.673368740515933,Lying,False,Standing,False,0.62,torso_only_standing,,,20.097270880886516,0.1992823453661016,1.679532976481915,0.1340752954073974,0.3495901112537009,0.08896362781524658,True,False,Standing|Standing|Standing|Standing|Standing
531,17.706714719271623,Lying,False,Standing,False,0.62,torso_only_standing,,,20.383991541549126,0.2274865866348252,8.59835792385255,0.13623439632052964,0.3495901112537009,0.08803403377532959,True,False,Standing|Standing|Standing|Standing|Standing
532,17.740060698027314,Lying,False,Standing,False,0.62,torso_only_standing,,,20.468036946468512,0.11193400676187597,2.520405999630296,0.13725456844973521,0.3495901112537009,0.08752235770225525,True,False,Standing|Standing|Standing|Standing|Standing
533,17.773406676783004,Lying,False,Standing,False,0.62,torso_only_standing,,,20.661212340087122,0.10419166183846602,5.793064136275941,0.13710201226990076,0.3495901112537009,0.08708760142326355,True,False,Standing|Standing|Standing|Standing|Standing
534,17.806752655538695,Lying,False,Standing,False,0.62,torso_only_standing,,,19.933989118619575,0.5005872374489524,21.808423342303218,0.14145594990575772,0.3495901112537009,0.08474317193031311,True,False,Standing|Standing|Standing|Standing|Standing
535,17.840098634294385,Lying,False,Standing,False,0.62,torso_only_standing,,,20.05134196660571,0.2508530248038863,3.5192503673658293,0.14272476783956473,0.3495901112537009,0.0835823118686676,True,False,Standing|Standing|Standing|Standing|Standing
536,17.873444613050076,Lying,False,Standing,False,0.62,torso_only_standing,,,20.04451721197884,0.014568391203974287,0.20466499654649645,0.1426365894719197,0.3495901112537009,0.08365148305892944,True,False,Standing|Standing|Standing|Standing|Standing
537,17.906790591805766,Lying,False,Standing,False,0.62,fallback_height_sitting,,169.84564205936772,20.039363201955236,0.02092648763245428,0.15456166578175395,0.21397616701701477,0.3495901112537009,0.08377635478973389,False,False,Standing|Standing|Standing|Standing|Sitting
538,17.940136570561457,Lying,False,Standing,False,0.62,fallback_height_sitting,,169.10714327165314,20.24941949577694,0.006007089747216042,6.299299095722559,0.2152746669358296,0.3495901112537009,0.08381593227386475,False,False,Standing|Standing|Standing|Sitting|Sitting
539,17.973482549317147,Lying,False,Standing,False,0.62,fallback_height_sitting,,169.7737779709689,20.29334883960775,0.006881245533372426,1.3173805499204674,0.21302551644652215,0.3495901112537009,0.08385926485061646,False,False,Standing|Standing|Sitting|Sitting|Sitting
540,18.006828528072838,Lying,False,Standing,False,0.62,fallback_height_sitting,,170.77647360942643,20.293097365648684,0.023177957153556493,0.007541357862273792,0.213581201664907,0.3495901112537009,0.08392289280891418,False,False,Standing|Sitting|Sitting|Sitting|Sitting
541,18.040174506828528,Lying,False,Sitting,False,0.62,fallback_height_sitting,,170.37686213457957,20.950634809831595,0.04371329129196824,19.71864280848864,0.2186791601647431,0.3495901112537009,0.08361014723777771,False,False,Sitting|Sitting|Sitting|Sitting|Sitting
542,18.07352048558422,Lying,False,Sitting,False,0.62,fallback_height_sitting,,168.96994931143462,21.074623058471733,0.008840135650141802,3.7182368989238324,0.2181782764237202,0.3495901112537009,0.08364585041999817,False,False,Sitting|Sitting|Sitting|Sitting|Sitting
543,18.10686646433991,Lying,False,Sitting,False,0.62,fallback_height_sitting,,168.63926072864933,21.237271772616797,0.0712021483257073,4.877611040800776,0.21364288732083006,0.3495901112537009,0.08383819460868835,False,False,Sitting|Sitting|Sitting|Sitting|Sitting
544,18.1402124430956,Lying,False,Sitting,False,0.62,fallback_height_sitting,,168.04091276161154,21.393986274451024,0.052637016350879175,4.69965218242345,0.21129421035337853,0.3495901112537009,0.08420887589454651,False,False,Sitting|Sitting|Sitting|Sitting|Sitting
545,18.17355842185129,Lying,False,Sitting,False,0.62,fallback_height_sitting,,167.52031928855743,21.418371203306556,0.06679941890073443,0.7312704489554439,0.20965011653606208,0.3495901112537009,0.08467525243759155,False,False,Sitting|Sitting|Sitting|Sitting|Sitting
546,18.20690440060698,Lying,False,Sitting,False,0.62,fallback_height_sitting,,166.5383856719563,21.077928224809025,0.09102670124399943,10.209416283498205,0.20684800959294597,0.3495901112537009,0.08516764640808105,False,False,Sitting|Sitting|Sitting|Sitting|Sitting
547,18.24025037936267,Lying,False,Sitting,False,0.62,fallback_height_sitting,,159.34670395207283,20.66529197787664,0.11936361335283298,12.374393025184997,0.19497112728219015,0.3495901112537009,0.08579182624816895,False,False,Sitting|Sitting|Sitting|Sitting|Sitting
548,18.27359635811836,Lying,False,Sitting,False,0.62,fallback_height_sitting,,158.04843333195984,20.29090026258278,0.25645654699514797,11.227492167401781,0.18590342713056945,0.3495901112537009,0.08736518025398254,False,False,Sitting|Sitting|Sitting|Sitting|Sitting
549,18.30694233687405,Lying,False,Sitting,False,0.62,fallback_height_sitting,,157.94178427377727,20.860667572281837,0.32557301968268193,17.086537296549622,0.18891008084371286,0.3495901112537009,0.08935505151748657,False,False,Sitting|Sitting|Sitting|Sitting|Sitting
550,18.340288315629742,Lying,False,Sitting,False,0.62,fallback_height_sitting,,151.00509380636984,20.661912128471577,0.21408950214991582,5.960402160225766,0.18321967378613335,0.3495901112537009,0.09049364924430847,False,False,Sitting|Sitting|Sitting|Sitting|Sitting
551,18.373634294385432,Lying,False,Sitting,False,0.62,fallback_height_sitting,,154.33239438846425,19.379051176049973,0.21159565227156585,38.47123402256368,0.18997110019578822,0.3495901112537009,0.08952438831329346,False,False,Sitting|Sitting|Sitting|Sitting|Sitting
552,18.406980273141123,Lying,False,Sitting,False,0.62,fallback_height_sitting,,154.42082708771096,19.50930660068246,0.29493274286433296,3.9061808797637845,0.19345691014435099,0.3495901112537009,0.08778825402259827,False,False,Sitting|Sitting|Sitting|Sitting|Sitting
553,18.440326251896813,Lying,False,Sitting,False,0.62,fallback_height_sitting,,155.2649443129405,19.36779963557547,0.01356183081340576,4.243599090125473,0.19173881499645412,0.3495901112537009,0.08771198987960815,False,False,Sitting|Sitting|Sitting|Sitting|Sitting
554,18.473672230652504,Lying,False,Sitting,False,0.62,fallback_height_sitting,,156.27764077102339,19.382892869465497,0.011710677857032207,0.452625307555321,0.18791995969503733,0.3495901112537009,0.08772653341293335,False,False,Sitting|Sitting|Sitting|Sitting|Sitting
555,18.507018209408194,Lying,False,Sitting,False,0.62,fallback_height_sitting,,161.64355795483672,18.532299121862277,0.1446229942769528,25.508135593652874,0.20055986254163655,0.3495901112537009,0.08680853247642517,False,False,Sitting|Sitting|Sitting|Sitting|Sitting
556,18.540364188163885,Lying,False,Sitting,False,0.62,fallback_height_sitting,,161.4323134433224,18.818413886185667,0.19145450076529927,8.5801879266946,0.1945465946545415,0.3495901112537009,0.08804669976234436,False,False,Sitting|Sitting|Sitting|Sitting|Sitting
557,18.573710166919575,Lying,False,Sitting,False,0.62,fallback_height_sitting,,159.95466831038553,18.729314846722332,0.12473409266013542,2.6719575429505187,0.19937808666414647,0.3495901112537009,0.08722063899040222,False,False,Sitting|Sitting|Sitting|Sitting|Sitting
558,18.607056145675266,Lying,False,Sitting,False,0.62,fallback_height_sitting,,160.02025774486793,19.595816738293262,0.1963135430206784,25.985198932661792,0.19618815048187774,0.3495901112537009,0.0871506929397583,False,False,Sitting|Sitting|Sitting|Sitting|Sitting
559,18.640402124430956,Lying,False,Sitting,False,0.62,fallback_height_sitting,,163.820749938446,19.16969470374501,0.04844105607185654,12.778813231731464,0.1963585109446922,0.3495901112537009,0.08708974719047546,False,False,Sitting|Sitting|Sitting|Sitting|Sitting
560,18.673748103186647,Lying,False,Sitting,False,0.62,fallback_height_sitting,,162.49537805159176,19.550118510226238,0.11756266886607859,11.408386278549703,0.19926420194420486,0.3495901112537009,0.08692899346351624,False,False,Sitting|Sitting|Sitting|Sitting|Sitting
561,18.707094081942337,Lying,False,Sitting,False,0.62,fallback_height_sitting,,161.11672961541495,19.415421297634918,0.10942593794431252,4.039383986242533,0.1946920699041947,0.3495901112537009,0.08751070499420166,False,False,Sitting|Sitting|Sitting|Sitting|Sitting
562,18.740440060698027,Lying,False,Sitting,False,0.62,fallback_height_sitting,,156.9335382153368,19.399722249505082,0.214837755998722,0.4707928426649278,0.19102346455767932,0.3495901112537009,0.08871915936470032,False,False,Sitting|Sitting|Sitting|Sitting|Sitting
563,18.773786039453718,Lying,False,Sitting,False,0.62,fallback_height_sitting,,155.96579612979946,19.818151133430103,0.2068669379757413,12.548106234657045,0.18522210154247648,0.3495901112537009,0.08998987078666687,False,False,Sitting|Sitting|Sitting|Sitting|Sitting
564,18.80713201820941,Lying,False,Sitting,False,0.62,torso_only_standing,,,20.758113591570677,0.5435965058822079,28.18818020089365,0.12859498445046605,0.3495901112537009,0.09231755137443542,True,False,Sitting|Sitting|Sitting|Sitting|Standing
565,18.8404779969651,Lying,False,Sitting,False,0.62,torso_only_standing,,,21.133246442907858,0.13388900296379738,11.249717817119553,0.1296988122900525,0.3495901112537009,0.09198862314224243,True,False,Sitting|Sitting|Sitting|Standing|Standing
566,18.87382397572079,Lying,False,Sitting,False,0.62,torso_only_standing,,,21.055615103982614,0.0781674493922881,2.3280569898400705,0.12951486255077604,0.3495901112537009,0.09166938066482544,True,False,Sitting|Sitting|Standing|Standing|Standing
567,18.90716995447648,Lying,False,Sitting,False,0.62,torso_only_standing,,,20.844670529698675,0.12621634652186017,6.325937404009821,0.12952542369193656,0.3495901112537009,0.09112581610679626,True,False,Sitting|Standing|Standing|Standing|Standing
568,18.94051593323217,Lying,False,Standing,False,0.62,torso_only_standing,,,20.54749588940275,0.3474034570902549,8.911858382480744,0.13212389719886644,0.3495901112537009,0.08961588144302368,True,False,Standing|Standing|Standing|Standing|Standing
569,18.97386191198786,Lying,False,Standing,False,0.62,torso_only_standing,,,20.3823131543776,0.23841807686396524,4.9536028387519835,0.13434079147906136,0.3495901112537009,0.08855229616165161,True,False,Standing|Standing|Standing|Standing|Standing
570,19.00720789074355,Lying,False,Standing,False,0.62,torso_only_standing,,,20.294575747500716,0.06437179629827226,2.631124056057606,0.13478839928588718,0.3495901112537009,0.08826518058776855,True,False,Standing|Standing|Standing|Standing|Standing
571,19.04055386949924,Lying,False,Standing,False,0.62,torso_only_standing,,,19.53184735177385,0.22853452202723426,22.873174643185685,0.13629960565035457,0.3495901112537009,0.08723905682563782,True,False,Standing|Standing|Standing|Standing|Standing
572,19.073899848254932,Lying,False,Standing,False,0.62,torso_only_standing,,,19.310280495498,0.11428327971156851,6.644485018693277,0.13555027971641195,0.3495901112537009,0.08706840872764587,True,False,Standing|Standing|Standing|Standing|Standing
573,19.107245827010622,Lying,False,Standing,False,0.62,torso_only_standing,,,19.043689533359483,0.12204746307155317,7.994695974938867,0.13488940248144327,0.3495901112537009,0.08761736750602722,True,False,Standing|Standing|Standing|Standing|Standing
574,19.140591805766313,Lying,False,Standing,False,0.62,torso_only_standing,,,18.449559426599375,0.3043759812145749,17.81714404345443,0.13866517843572354,0.3495901112537009,0.08621412515640259,True,False,Standing|Standing|Standing|Standing|Standing
575,19.173937784522003,Lying,False,Standing,False,0.62,fallback_height_sitting,,166.28672465209394,18.425508099955778,0.04193856199935336,0.721266177844404,0.207072597074567,0.3495901112537009,0.08619728684425354,False,False,Standing|Standing|Standing|Standing|Sitting
576,19.207283763277694,Lying,False,Standing,False,0.62,fallback_height_sitting,,165.90683336754623,18.3573360586397,0.2606255864744952,2.0443856758723795,0.20205853023007114,0.3495901112537009,0.08782818913459778,False,False,Standing|Standing|Standing|Sitting|Sitting
577,19.240629742033384,Lying,False,Standing,False,0.62,fallback_height_sitting,,166.2788052873248,18.27156763735295,0.022421300273537417,2.572076888644776,0.20105182371870828,0.3495901112537009,0.0878433883190155,False,False,Standing|Standing|Sitting|Sitting|Sitting
578,19.273975720789075,Lying,False,Standing,False,0.62,fallback_height_sitting,,166.17068276327552,18.70791630011246,0.022554685500606624,13.085495734175975,0.20188922850488947,0.3495901112537009,0.08770588040351868,False,False,Standing|Sitting|Sitting|Sitting|Sitting
579,19.307321699544765,Lying,False,Sitting,False,0.62,fallback_height_sitting,,165.15517424144844,18.95438375438401,0.018324315241368714,7.391219675310728,0.20091844388097535,0.3495901112537009,0.08782806992530823,False,False,Sitting|Sitting|Sitting|Sitting|Sitting
580,19.340667678300456,Lying,False,Sitting,False,0.62,fallback_height_sitting,,164.63673119046229,19.081998873730832,0.08191808183901893,3.8270017587965843,0.20143194783588514,0.3495901112537009,0.08730334043502808,False,False,Sitting|Sitting|Sitting|Sitting|Sitting
581,19.374013657056146,Lying,False,Sitting,False,0.62,fallback_height_sitting,,164.47875003620783,19.51308822303183,0.12486561039026335,12.927776163338201,0.20175430965845645,0.3495901112537009,0.08680069446563721,False,False,Sitting|Sitting|Sitting|Sitting|Sitting
582,19.407359635811837,Lying,False,Sitting,False,0.62,torso_only_standing,,,19.422752561603367,0.06116358368143979,2.7090421333950547,0.13595795196636656,0.3495901112537009,0.08691680431365967,True,False,Sitting|Sitting|Sitting|Sitting|Standing
583,19.440705614567527,Lying,False,Sitting,False,0.62,torso_only_standing,,,19.837412525767046,0.6313904266226938,12.435081519174714,0.13116642255006203,0.3495901112537009,0.0896463394165039,True,False,Sitting|Sitting|Sitting|Standing|Standing
584,19.474051593323217,Lying,False,Sitting,False,0.62,torso_only_standing,,,19.862349855536017,0.03489172272278583,0.7478361919340951,0.131595546867293,0.3495901112537009,0.08972123265266418,True,False,Sitting|Sitting|Standing|Standing|Standing
585,19.507397572078908,Lying,False,Sitting,False,0.62,torso_only_standing,,,19.906182374616638,0.018416268937219024,1.314476908947841,0.13139810994119022,0.3495901112537009,0.08964058756828308,True,False,Sitting|Standing|Standing|Standing|Standing
586,19.5407435508346,Lying,False,Standing,False,0.62,torso_only_standing,,,19.629140927222743,0.05602539826210798,8.308091641983012,0.13148828294905124,0.3495901112537009,0.08946278691291809,True,False,Standing|Standing|Standing|Standing|Standing
587,19.57408952959029,Lying,False,Standing,False,0.62,torso_only_standing,,,19.675335111291034,0.0436492647656798,1.3852999909444295,0.13193272471934178,0.3495901112537009,0.08937907218933105,True,False,Standing|Standing|Standing|Standing|Standing
588,19.60743550834598,Lying,False,Standing,False,0.62,torso_only_standing,,,19.346857950149573,0.02250521696941641,9.850577892706367,0.1326356859967857,0.3495901112537009,0.08940091729164124,True,False,Standing|Standing|Standing|Standing|Standing
589,19.64078148710167,Lying,False,Standing,False,0.62,torso_only_standing,,,18.539248823930418,0.2230317301068293,24.219085969439053,0.13228072606392582,0.3495901112537009,0.0892578661441803,True,False,Standing|Standing|Standing|Standing|Standing
590,19.67412746585736,Lying,False,Standing,False,0.62,torso_only_standing,,,19.36534758834859,0.1800867952615253,24.773564766852147,0.13266929769305974,0.3495901112537009,0.08929583430290222,True,False,Standing|Standing|Standing|Standing|Standing
591,19.70747344461305,Lying,False,Standing,False,0.62,torso_only_standing,,,19.83824520348956,0.0329470598341094,14.181548504113694,0.13304930660695724,0.3495901112537009,0.08933091163635254,True,False,Standing|Standing|Standing|Standing|Standing
592,19.74081942336874,Lying,False,Standing,False,0.62,torso_only_standing,,,20.441331770753326,0.18628509128767448,18.085735964815544,0.13219094030877765,0.3495901112537009,0.09015083312988281,True,False,Standing|Standing|Standing|Standing|Standing
593,19.77416540212443,Lying,False,Standing,False,0.62,torso_only_standing,,,20.817185655263735,0.17275714973439749,11.271340609436155,0.1340566933261383,0.3495901112537009,0.089514821767807,True,False,Standing|Standing|Standing|Standing|Standing
594,19.807511380880122,Lying,False,Standing,False,0.62,torso_only_standing,,,20.052349121049883,0.32561869652636255,22.936394814422236,0.135484838369074,0.3495901112537009,0.08804374933242798,True,False,Standing|Standing|Standing|Standing|Standing
595,19.840857359635812,Lying,False,Standing,False,0.62,torso_only_standing,,,20.287065087619226,0.13014397419918455,7.038808735799642,0.13555116210876883,0.3495901112537009,0.08783140778541565,True,False,Standing|Standing|Standing|Standing|Standing
596,19.874203338391503,Lying,False,Standing,False,0.62,torso_only_standing,,,19.91655712289588,0.09497041827257287,11.111023834024303,0.1351717772594916,0.3495901112537009,0.08773362636566162,True,False,Standing|Standing|Standing|Standing|Standing
597,19.907549317147193,Lying,False,Standing,False,0.62,torso_only_standing,,,20.077587239220676,0.08001441025463588,4.829071520274862,0.13558710724119086,0.3495901112537009,0.08755186200141907,True,False,Standing|Standing|Standing|Standing|Standing
598,19.940895295902884,Lying,False,Standing,False,0.62,torso_only_standing,,,20.12256860105836,0.05019678923197798,1.3489291217763122,0.13523573111671658,0.3495901112537009,0.08773499727249146,True,False,Standing|Standing|Standing|Standing|Standing
599,19.974241274658574,Lying,False,Standing,False,0.62,torso_only_standing,,,21.00244265869667,0.4576298417242558,26.38621178537631,0.132175680316975,0.3495901112537009,0.08960020542144775,True,False,Standing|Standing|Standing|Standing|Standing
600,20.007587253414265,Lying,False,Standing,False,0.62,torso_only_standing,,,20.832330494072263,0.1473118173964019,5.101429646756933,0.1329899704793845,0.3495901112537009,0.0889471173286438,True,False,Standing|Standing|Standing|Standing|Standing
601,20.040933232169955,Lying,False,Standing,False,0.62,torso_only_standing,,,20.60996365820746,0.16356009099073712,6.6684753053427,0.1323547687545292,0.3495901112537009,0.08920052647590637,True,False,Standing|Standing|Standing|Standing|Standing
602,20.074279210925646,Lying,False,Standing,False,0.62,torso_only_standing,,,20.514449352943636,0.021316551919506998,2.8643425332814187,0.1322718364047586,0.3495901112537009,0.08921560645103455,True,False,Standing|Standing|Standing|Standing|Standing
603,20.107625189681336,Lying,False,Standing,False,0.62,torso_only_standing,,,20.37401781625039,0.04249609378101476,4.211348472393582,0.1320152903088103,0.3495901112537009,0.08926299214363098,True,False,Standing|Standing|Standing|Standing|Standing
604,20.140971168437027,Lying,False,Standing,False,0.62,torso_only_standing,,,20.56609728421869,0.03129687498375641,5.760198834635204,0.13229360070795526,0.3495901112537009,0.08939886093139648,True,False,Standing|Standing|Standing|Standing|Standing
605,20.174317147192717,Lying,False,Standing,False,0.62,torso_only_standing,,,20.070237748439432,0.22345483426188575,14.87014489549625,0.13145431234281038,0.3495901112537009,0.08943843841552734,True,False,Standing|Standing|Standing|Standing|Standing
606,20.207663125948407,Lying,False,Standing,False,0.62,torso_only_standing,,,20.194433477796263,0.11469058071359381,3.724458960006905,0.13086847076428695,0.3495901112537009,0.0897337794303894,True,False,Standing|Standing|Standing|Standing|Standing
607,20.241009104704098,Lying,False,Standing,False,0.62,torso_only_standing,,,20.22412958824713,0.026082477893006925,0.8905454738166863,0.13079701696659835,0.3495901112537009,0.0897950828075409,True,False,Standing|Standing|Standing|Standing|Standing
608,20.27435508345979,Lying,False,Standing,False,0.62,torso_only_standing,,,20.09742163842697,0.04037232928249873,3.799796993469241,0.13075782023676355,0.3495901112537009,0.08978071808815002,True,False,Standing|Standing|Standing|Standing|Standing
609,20.30770106221548,Lying,False,Standing,False,0.62,torso_only_standing,,,20.777615234219496,0.4943003037400187,20.398069607612076,0.12720575319205635,0.3495901112537009,0.09183025360107422,True,False,Standing|Standing|Standing|Standing|Standing
610,20.341047040971166,Lying,False,Standing,False,0.62,torso_only_standing,,,20.584127501691636,0.38786694384542475,5.802430750210385,0.13029262504613395,0.3495901112537009,0.09027600288391113,True,False,Standing|Standing|Standing|Standing|Standing
611,20.374393019726856,Lying,False,Standing,False,0.62,torso_only_standing,,,20.45128375533085,0.03802315749364835,3.9838010854042794,0.13073465483957453,0.3495901112537009,0.090129554271698,True,False,Standing|Standing|Standing|Standing|Standing
612,20.407738998482547,Lying,False,Standing,False,0.62,torso_only_standing,,,20.56917851031716,0.05670710066070688,3.5355014123311954,0.13129491083002048,0.3495901112537009,0.089935302734375,True,False,Standing|Standing|Standing|Standing|Standing
613,20.441084977238237,Lying,False,Standing,False,0.62,torso_only_standing,,,20.561272439305522,0.0862465715476549,0.23709218642402907,0.1320574445225637,0.3495901112537009,0.08955606818199158,True,False,Standing|Standing|Standing|Standing|Standing
614,20.474430955993927,Lying,False,Standing,False,0.62,torso_only_standing,,,21.103582899074066,0.22828254180335394,16.263144163252342,0.12975715008993818,0.3495901112537009,0.09052616357803345,True,False,Standing|Standing|Standing|Standing|Standing
615,20.507776934749618,Lying,False,Standing,False,0.62,torso_only_standing,,,22.465929586118957,0.43066841710690656,40.85490178669318,0.13214575107377113,0.3495901112537009,0.08994364738464355,True,False,Standing|Standing|Standing|Standing|Standing
616,20.54112291350531,Lying,False,Standing,False,0.62,torso_only_standing,,,22.675454885716803,0.06574368659056405,6.28337530989673,0.13244631472130622,0.3495901112537009,0.090007483959198,True,False,Standing|Standing|Standing|Standing|Standing
617,20.574468892261,Lying,False,Standing,False,0.62,torso_only_standing,,,22.716514714343646,0.06021099777811184,1.2313277390256725,0.1329239274310535,0.3495901112537009,0.0900358259677887,True,False,Standing|Standing|Standing|Standing|Standing
618,20.60781487101669,Lying,False,Standing,False,0.62,torso_only_standing,,,22.271004450515182,0.1727465718104401,13.360239538701133,0.13426312258118214,0.3495901112537009,0.08926805853843689,True,False,Standing|Standing|Standing|Standing|Standing
619,20.64116084977238,Lying,False,Standing,False,0.62,torso_only_standing,,,21.670443332377012,0.17503151342703138,18.01000122198198,0.1347809353909348,0.3495901112537009,0.08848294615745544,True,False,Standing|Standing|Standing|Standing|Standing
620,20.67450682852807,Lying,False,Standing,False,0.62,torso_only_standing,,,20.62777869551306,0.3823136798328705,31.268077164657246,0.13784281368334217,0.3495901112537009,0.08685022592544556,True,False,Standing|Standing|Standing|Standing|Standing
621,20.70785280728376,Lying,False,Standing,False,0.62,torso_only_standing,,,20.249180156830317,0.5736390835153721,11.353649009871615,0.14296448518141439,0.3495901112537009,0.08423331379890442,True,False,Standing|Standing|Standing|Standing|Standing
622,20.74119878603945,Lying,False,Standing,False,0.62,torso_only_standing,,,20.22219716932695,0.09355904238438764,0.8091826514092605,0.14254190513215675,0.3495901112537009,0.0843782126903534,True,False,Standing|Standing|Standing|Standing|Standing
623,20.77454476479514,Lying,False,Standing,False,0.62,fallback_height_sitting,,166.22370198239838,20.40920201886459,0.04743517888856584,5.608018013438218,0.21562486384479956,0.3495901112537009,0.08403804898262024,False,False,Standing|Standing|Standing|Standing|Sitting
624,20.807890743550832,Lying,False,Standing,False,0.62,fallback_height_sitting,,166.36420814919848,20.42087601411377,0.07329425742511281,0.35008704751804476,0.21351940117231524,0.3495901112537009,0.08435392379760742,False,False,Standing|Standing|Standing|Sitting|Sitting
625,20.841236722306522,Lying,False,Standing,False,0.62,fallback_height_sitting,,167.80265715720603,19.99042863831514,0.1190104303832864,12.908524261719963,0.21643925712599316,0.3495901112537009,0.08446159958839417,False,False,Standing|Standing|Sitting|Sitting|Sitting
626,20.874582701062213,Lying,False,Standing,False,0.62,fallback_height_sitting,,168.62450181897577,19.892262263336438,0.2324249074128403,2.943874453286251,0.21927652278461496,0.3495901112537009,0.08276396989822388,False,False,Standing|Sitting|Sitting|Sitting|Sitting
627,20.907928679817903,Lying,False,Sitting,False,0.62,fallback_height_sitting,,171.44630539947994,19.50196273307477,0.06491506511464407,11.704545640156503,0.21612225749924077,0.3495901112537009,0.0829634964466095,False,False,Sitting|Sitting|Sitting|Sitting|Sitting
628,20.941274658573594,Lying,False,Sitting,False,0.62,fallback_height_sitting,,171.26449536808693,19.440785956316166,0.166778315410555,1.8346073212250227,0.22124535498972853,0.3495901112537009,0.0817754864692688,False,False,Sitting|Sitting|Sitting|Sitting|Sitting
629,20.974620637329284,Lying,False,Sitting,False,0.62,fallback_height_sitting,,171.45174376974614,19.159516596093262,0.07423780540115683,8.434880927731223,0.2194683260561447,0.3495901112537009,0.08208498358726501,False,False,Sitting|Sitting|Sitting|Sitting|Sitting
630,21.007966616084975,Lying,False,Sitting,False,0.62,fallback_height_sitting,,168.40288250473446,19.102142374259905,0.08757392842717532,1.7205739334781271,0.22211254353396515,0.3495901112537009,0.08161339163780212,False,False,Sitting|Sitting|Sitting|Sitting|Sitting
631,21.041312594840665,Lying,False,Sitting,False,0.62,fallback_height_sitting,,164.5957949851141,19.429215067244677,0.03985652563680048,9.808459826027946,0.22121786886081873,0.3495901112537009,0.081810861825943,False,False,Sitting|Sitting|Sitting|Sitting|Sitting
632,21.074658573596356,Lying,False,Sitting,False,0.62,fallback_height_sitting,,167.60485260787064,19.14475341054154,0.11515059563832566,8.530613504772102,0.22385661117406175,0.3495901112537009,0.08095183968544006,False,False,Sitting|Sitting|Sitting|Sitting|Sitting
633,21.108004552352046,Lying,False,Sitting,False,0.62,fallback_height_sitting,,168.70527372956303,18.981701089874143,0.034450776799635104,4.8897146448152276,0.22387961312038374,0.3495901112537009,0.0811050534248352,False,False,Sitting|Sitting|Sitting|Sitting|Sitting
634,21.141350531107737,Lying,False,Sitting,False,0.62,fallback_height_sitting,,169.01778722333376,19.070780720438542,0.06634306058255757,2.671375496789024,0.22221026981763659,0.3495901112537009,0.08070126175880432,False,False,Sitting|Sitting|Sitting|Sitting|Sitting
635,21.174696509863427,Lying,False,Sitting,False,0.62,fallback_height_sitting,,169.1621069192966,18.921626962531082,0.05309675679146607,4.472915879909706,0.2219299138349236,0.3495901112537009,0.0807790458202362,False,False,Sitting|Sitting|Sitting|Sitting|Sitting
636,21.208042488619117,Lying,False,Sitting,False,0.62,fallback_height_sitting,,168.70746447347176,19.00547040502038,0.02869032564811458,2.5143494243661646,0.21650103463356657,0.3495901112537009,0.08097347617149353,False,False,Sitting|Sitting|Sitting|Sitting|Sitting
637,21.241388467374808,Lying,False,Sitting,False,0.62,fallback_height_sitting,,169.1201973968004,19.36963964484812,0.0490828497765618,10.920934200067437,0.21901058445982652,0.3495901112537009,0.08133047819137573,False,False,Sitting|Sitting|Sitting|Sitting|Sitting
638,21.2747344461305,Lying,False,Sitting,False,0.62,fallback_height_sitting,,166.45395978156847,19.612382034011254,0.042714644653753145,7.279510100500793,0.21267506806186082,0.3495901112537009,0.0810275673866272,False,False,Sitting|Sitting|Sitting|Sitting|Sitting
639,21.30808042488619,Lying,False,Sitting,False,0.62,fallback_height_sitting,,165.43355406142288,20.099702767167873,0.3208851974431466,14.614077959053992,0.19770056270434921,0.3495901112537009,0.08313062787055969,False,False,Sitting|Sitting|Sitting|Sitting|Sitting
640,21.34142640364188,Lying,False,Sitting,False,0.62,fallback_height_sitting,,164.58605869935082,20.948488078968104,0.4180294604579543,25.45390309334936,0.1970938621781411,0.3495901112537009,0.08580875396728516,False,False,Sitting|Sitting|Sitting|Sitting|Sitting
641,21.37477238239757,Lying,False,Sitting,False,0.62,fallback_height_sitting,,165.53230368525197,19.960465723452707,0.04381581028075983,29.6294303656267,0.1973527290576414,0.3495901112537009,0.08559191226959229,False,False,Sitting|Sitting|Sitting|Sitting|Sitting
642,21.40811836115326,Lying,False,Sitting,False,0.62,fallback_height_sitting,,164.45815044827725,20.126604457423717,0.027886399743447494,4.982271931144289,0.19321809196971507,0.3495901112537009,0.08567410707473755,False,False,Sitting|Sitting|Sitting|Sitting|Sitting
643,21.44146433990895,Lying,False,Sitting,False,0.62,fallback_height_sitting,,163.63808252491788,19.94549629578305,0.05667124530061124,5.431184460577858,0.19424993765707402,0.3495901112537009,0.085791677236557,False,False,Sitting|Sitting|Sitting|Sitting|Sitting
644,21.47481031866464,Lying,False,Sitting,False,0.62,fallback_height_sitting,,162.296664321303,20.014240133866313,0.07144696138831148,2.061533073805187,0.1931938951785774,0.3495901112537009,0.08613914251327515,False,False,Sitting|Sitting|Sitting|Sitting|Sitting
645,21.50815629742033,Lying,False,Sitting,False,0.62,fallback_height_sitting,,160.8720252395178,19.811550643555165,0.18254160200944644,6.078378799319509,0.19311671705215402,0.3495901112537009,0.08508291840553284,False,False,Sitting|Sitting|Sitting|Sitting|Sitting
646,21.541502276176022,Lying,False,Sitting,False,0.62,fallback_height_sitting,,161.09671678644725,19.82481584914056,0.08616501391958808,0.3978052550978392,0.194583457417458,0.3495901112537009,0.08452656865119934,False,False,Sitting|Sitting|Sitting|Sitting|Sitting
647,21.574848254931712,Lying,False,Sitting,False,0.62,fallback_height_sitting,,163.70898946076488,20.049185934139405,0.02208286314423376,6.728549989271411,0.2055683881406763,0.3495901112537009,0.08450469374656677,False,False,Sitting|Sitting|Sitting|Sitting|Sitting
648,21.608194233687403,Lying,False,Sitting,False,0.62,fallback_height_sitting,,166.48110331958395,19.986147595489093,0.07459617037166204,1.8904329997977498,0.21415602304555403,0.3495901112537009,0.08439901471138,False,False,Sitting|Sitting|Sitting|Sitting|Sitting
649,21.641540212443093,Lying,False,Sitting,False,0.62,fallback_height_sitting,,166.70049642283502,19.874354638258616,0.08456081002061774,3.3525168971506076,0.21302310915162773,0.3495901112537009,0.08379951119422913,False,False,Sitting|Sitting|Sitting|Sitting|Sitting
650,21.674886191198784,Lying,False,Sitting,False,0.62,fallback_height_sitting,,168.11056148424473,19.87408886442075,0.024277608440356598,0.007970191542869206,0.21288909588245458,0.3495901112537009,0.08380702137947083,False,False,Sitting|Sitting|Sitting|Sitting|Sitting
651,21.708232169954474,Lying,False,Sitting,False,0.62,fallback_height_sitting,,168.12699193726965,20.080532293079145,0.05557381824268926,6.190954242816061,0.21225263165427236,0.3495901112537009,0.0841929018497467,False,False,Sitting|Sitting|Sitting|Sitting|Sitting
652,21.741578148710165,Lying,False,Sitting,False,0.62,fallback_height_sitting,,167.30241889381256,20.639173023437035,0.22369366853020356,16.752866498559705,0.21309431399102635,0.3495901112537009,0.08289960026741028,False,False,Sitting|Sitting|Sitting|Sitting|Sitting
653,21.774924127465855,Lying,False,Sitting,False,0.62,fallback_height_sitting,,168.2918608639255,20.521545338219262,0.1095720275708757,3.5274923576114814,0.213522563543448,0.3495901112537009,0.0821206271648407,False,False,Sitting|Sitting|Sitting|Sitting|Sitting
654,21.808270106221546,Lying,False,Sitting,False,0.62,fallback_height_sitting,,168.3889390598957,20.686118250077413,0.17232034900730847,4.935315081434435,0.21348126188511202,0.3495901112537009,0.0833289623260498,False,False,Sitting|Sitting|Sitting|Sitting|Sitting
655,21.841616084977236,Lying,False,Sitting,False,0.62,fallback_height_sitting,,167.53282534335318,20.44838632611876,0.10829388320130985,7.129253146245805,0.21414269561649735,0.3495901112537009,0.08255729079246521,False,False,Sitting|Sitting|Sitting|Sitting|Sitting
656,21.874962063732927,Lying,False,Sitting,False,0.62,fallback_height_sitting,,165.89607294577752,20.436829388537316,0.05784006969521707,0.34657664920013054,0.2059173391557824,0.3495901112537009,0.08286398649215698,False,False,Sitting|Sitting|Sitting|Sitting|Sitting
657,21.908308042488617,Lying,False,Sitting,False,0.62,fallback_height_sitting,,166.64248222743225,20.480864889285996,0.04731877118547878,1.32056404975566,0.21121679841754887,0.3495901112537009,0.08254879713058472,False,False,Sitting|Sitting|Sitting|Sitting|Sitting
658,21.941654021244307,Lying,False,Sitting,False,0.62,fallback_height_sitting,,165.91616153717155,20.1891574997809,0.07220823756562578,8.747903057285908,0.20860651592113558,0.3495901112537009,0.08287352323532104,False,False,Sitting|Sitting|Sitting|Sitting|Sitting
659,21.974999999999998,Lying,False,Sitting,False,0.62,fallback_height_sitting,,165.2985936321512,19.830731434134698,0.10518067624739506,10.748704312211494,0.20792264740920896,0.3495901112537009,0.08360257744789124,False,False,Sitting|Sitting|Sitting|Sitting|Sitting
