clip_name,frame_number,gt_label,pred_label,correct,confidence,nan_fraction,latency_ms
Bend_pickup_lowLight,31,,Standing,,0.98,0.0,988.736
Bend_pickup_lowLight,32,,Standing,,0.98,0.0,182.4397
Bend_pickup_lowLight,33,,Standing,,0.981,0.0,144.7141
Bend_pickup_lowLight,34,,Standing,,0.981,0.0,199.3002
Bend_pickup_lowLight,35,,Standing,,0.981,0.0,160.9823
Bend_pickup_lowLight,36,,Standing,,0.978,0.0,183.8061
Bend_pickup_lowLight,37,,Standing,,0.977,0.0,134.9021
Bend_pickup_lowLight,38,,Standing,,0.976,0.0,125.0608
Bend_pickup_lowLight,39,,Standing,,0.977,0.0,133.5102
Bend_pickup_lowLight,40,,Standing,,0.98,0.0,138.0778
Bend_pickup_lowLight,41,,Standing,,0.981,0.0,138.2971
Bend_pickup_lowLight,42,,Standing,,0.982,0.0,195.2359
Bend_pickup_lowLight,43,,Standing,,0.984,0.0,156.615
Bend_pickup_lowLight,44,,Standing,,0.987,0.0,138.9603
Bend_pickup_lowLight,45,,Standing,,0.989,0.0,138.2507
Bend_pickup_lowLight,46,,Standing,,0.989,0.0,139.5858
Bend_pickup_lowLight,47,,Standing,,0.988,0.0,143.1826
Bend_pickup_lowLight,48,,Standing,,0.981,0.0,114.8918
Bend_pickup_lowLight,49,,Standing,,0.972,0.0,119.8558
Bend_pickup_lowLight,50,,Standing,,0.956,0.0,124.2952
Bend_pickup_lowLight,51,,Standing,,0.939,0.0,109.1017
Bend_pickup_lowLight,52,,Standing,,0.895,0.0,139.4968
Bend_pickup_lowLight,53,,Standing,,0.811,0.0,143.2991
Bend_pickup_lowLight,54,,Standing,,0.705,0.0,123.077
Bend_pickup_lowLight,55,,Standing,,0.564,0.0,154.0962
Bend_pickup_lowLight,56,,Lying,,0.502,0.0,162.8914
Bend_pickup_lowLight,57,,Lying,,0.65,0.0,139.5216
Bend_pickup_lowLight,58,,Lying,,0.723,0.0,188.0872
Bend_pickup_lowLight,59,,Lying,,0.768,0.0,237.8192
Bend_pickup_lowLight,60,,Lying,,0.795,0.0,248.1445
Bend_pickup_lowLight,61,,Lying,,0.808,0.0,126.7171
Bend_pickup_lowLight,62,,Lying,,0.818,0.0,131.0407
Bend_pickup_lowLight,63,,Lying,,0.813,0.0,103.3783
Bend_pickup_lowLight,64,,Lying,,0.809,0.0,112.0614
Bend_pickup_lowLight,65,,Lying,,0.801,0.0,112.7403
Bend_pickup_lowLight,66,,Lying,,0.782,0.0,126.9569
Bend_pickup_lowLight,67,,Lying,,0.759,0.0,122.3742
Bend_pickup_lowLight,68,,Lying,,0.734,0.0,100.431
Bend_pickup_lowLight,69,,Lying,,0.775,0.0,84.868
Bend_pickup_lowLight,70,,Lying,,0.844,0.0,85.2122
Bend_pickup_lowLight,71,,Lying,,0.913,0.0,92.609
Bend_pickup_lowLight,72,,Lying,,0.952,0.0,92.1888
Bend_pickup_lowLight,73,,Lying,,0.968,0.0,81.1268
Bend_pickup_lowLight,74,,Lying,,0.971,0.0,72.2248
Bend_pickup_lowLight,75,,Lying,,0.964,0.0,70.0013
Bend_pickup_lowLight,76,,Lying,,0.962,0.0,77.6439
Bend_pickup_lowLight,77,,Lying,,0.966,0.0,95.9539
Bend_pickup_lowLight,78,,Lying,,0.972,0.0,101.418
Bend_pickup_lowLight,79,,Lying,,0.975,0.0,108.1149
Bend_pickup_lowLight,80,,Lying,,0.978,0.0,113.2921
Bend_pickup_lowLight,81,,Lying,,0.981,0.0,114.1348
Bend_pickup_lowLight,82,,Lying,,0.983,0.0,116.2771
Bend_pickup_lowLight,83,,Lying,,0.985,0.0,125.9674
Bend_pickup_lowLight,84,,Lying,,0.987,0.0,126.7858
Bend_pickup_lowLight,85,,Lying,,0.988,0.0,117.5711
Bend_pickup_lowLight,86,,Lying,,0.989,0.0,113.6562
Bend_pickup_lowLight,87,,Lying,,0.99,0.0,108.6251
Bend_pickup_lowLight,88,,Lying,,0.99,0.0,108.5114
Bend_pickup_lowLight,89,,Lying,,0.99,0.0,110.9689
Bend_pickup_lowLight,90,,Lying,,0.991,0.0,107.1886
Bend_pickup_lowLight,91,,Lying,,0.991,0.0,104.5147
Bend_pickup_lowLight,92,Standing,Lying,False,0.991,0.0,114.9604
Bend_pickup_lowLight,93,Standing,Lying,False,0.991,0.0,134.5213
Bend_pickup_lowLight,94,Standing,Lying,False,0.99,0.0,134.1768
Bend_pickup_lowLight,95,Standing,Lying,False,0.987,0.0,172.8169
Bend_pickup_lowLight,96,Standing,Lying,False,0.981,0.0,179.7807
Bend_pickup_lowLight,97,Standing,Lying,False,0.482,0.0,129.1345
Bend_pickup_lowLight,98,Standing,Standing,True,0.756,0.0,128.0796
Bend_pickup_lowLight,99,Standing,Standing,True,0.376,0.0,109.5443
Bend_pickup_lowLight,100,Standing,Standing,True,0.613,0.0,104.8149
Bend_pickup_lowLight,101,Standing,Standing,True,0.355,0.0,89.8633
Bend_pickup_lowLight,102,Standing,Standing,True,0.748,0.0,88.724
Bend_pickup_lowLight,103,Standing,Standing,True,0.643,0.0,112.9121
Bend_pickup_lowLight,104,Standing,Standing,True,0.59,0.0,107.6205
Bend_pickup_lowLight,105,Standing,Standing,True,0.832,0.0,112.8117
Bend_pickup_lowLight,106,Standing,Standing,True,0.963,0.0,88.1045
Bend_pickup_lowLight,107,Standing,Standing,True,0.982,0.0,85.5956
Bend_pickup_lowLight,108,Standing,Standing,True,0.984,0.0,93.1906
Bend_pickup_lowLight,109,Standing,Standing,True,0.985,0.0,86.2048
Bend_pickup_lowLight,110,Standing,Standing,True,0.985,0.0,87.8653
Bend_pickup_lowLight,111,Standing,Standing,True,0.986,0.0,88.6753
Bend_pickup_lowLight,112,Standing,Standing,True,0.986,0.0,92.8276
Bend_pickup_lowLight,113,Standing,Standing,True,0.986,0.0,87.5089
Bend_pickup_lowLight,114,Standing,Standing,True,0.986,0.0,87.9127
Bend_pickup_lowLight_leftRight,31,,Standing,,0.898,0.0,86.0321
Bend_pickup_lowLight_leftRight,32,,Standing,,0.881,0.0,101.8607
Bend_pickup_lowLight_leftRight,33,,Standing,,0.84,0.0,112.2898
Bend_pickup_lowLight_leftRight,34,,Standing,,0.794,0.0,89.6036
Bend_pickup_lowLight_leftRight,35,,Standing,,0.742,0.0,91.9828
Bend_pickup_lowLight_leftRight,36,,Standing,,0.699,0.0,87.3071
Bend_pickup_lowLight_leftRight,37,,Standing,,0.634,0.0,83.7587
Bend_pickup_lowLight_leftRight,38,,Standing,,0.552,0.0,85.6411
Bend_pickup_lowLight_leftRight,39,,Standing,,0.474,0.0,89.467
Bend_pickup_lowLight_leftRight,40,,Standing,,0.396,0.0,78.3333
Bend_pickup_lowLight_leftRight,41,,Standing,,0.328,0.0,72.7597
Bend_pickup_lowLight_leftRight,42,,Lying,,0.347,0.0,70.0334
Bend_pickup_lowLight_leftRight,43,,Lying,,0.439,0.0,111.0159
Bend_pickup_lowLight_leftRight,44,,Lying,,0.511,0.0,70.9333
Bend_pickup_lowLight_leftRight,45,,Lying,,0.574,0.0,71.9541
Bend_pickup_lowLight_leftRight,46,,Lying,,0.651,0.0,92.8845
Bend_pickup_lowLight_leftRight,47,,Lying,,0.725,0.0,83.438
Bend_pickup_lowLight_leftRight,48,,Lying,,0.777,0.0,93.1192
Bend_pickup_lowLight_leftRight,49,,Lying,,0.798,0.0,101.4282
Bend_pickup_lowLight_leftRight,50,,Lying,,0.813,0.0,95.275
Bend_pickup_lowLight_leftRight,51,,Lying,,0.819,0.0,84.5708
Bend_pickup_lowLight_leftRight,52,,Lying,,0.82,0.0,73.9044
Bend_pickup_lowLight_leftRight,53,,Lying,,0.814,0.0,74.6851
Bend_pickup_lowLight_leftRight,54,,Lying,,0.807,0.0,68.8031
Bend_pickup_lowLight_leftRight,55,,Lying,,0.799,0.0,66.8858
Bend_pickup_lowLight_leftRight,56,,Lying,,0.796,0.0,68.4147
Bend_pickup_lowLight_leftRight,57,,Lying,,0.787,0.0,64.2622
Bend_pickup_lowLight_leftRight,58,,Lying,,0.772,0.0,83.0478
Bend_pickup_lowLight_leftRight,59,,Lying,,0.736,0.0,89.2709
Bend_pickup_lowLight_leftRight,60,,Lying,,0.681,0.0,76.7472
Bend_pickup_lowLight_leftRight,61,,Lying,,0.618,0.0,74.4742
Bend_pickup_lowLight_leftRight,62,,Lying,,0.536,0.0,75.3062
Bend_pickup_lowLight_leftRight,63,,Lying,,0.522,0.0,68.4356
Bend_pickup_lowLight_leftRight,64,,Lying,,0.573,0.0,70.5883
Bend_pickup_lowLight_leftRight,65,,Lying,,0.622,0.0,97.6763
Bend_pickup_lowLight_leftRight,66,,Lying,,0.654,0.0,108.1964
Bend_pickup_lowLight_leftRight,67,,Lying,,0.684,0.0,110.24
Bend_pickup_lowLight_leftRight,68,,Lying,,0.703,0.0,126.237
Bend_pickup_lowLight_leftRight,69,,Lying,,0.712,0.0,107.0502
Bend_pickup_lowLight_leftRight,70,,Lying,,0.721,0.0,93.3815
Bend_pickup_lowLight_leftRight,71,,Lying,,0.735,0.0,88.1707
Bend_pickup_lowLight_leftRight,72,,Lying,,0.747,0.0,90.8343
Bend_pickup_lowLight_leftRight,73,,Lying,,0.765,0.0,101.3766
Bend_pickup_lowLight_leftRight,74,,Lying,,0.771,0.0,90.0579
Bend_pickup_lowLight_leftRight,75,,Lying,,0.782,0.0,93.7675
Bend_pickup_lowLight_leftRight,76,,Lying,,0.807,0.0,121.1705
Bend_pickup_lowLight_leftRight,77,,Lying,,0.82,0.0,155.3149
Bend_pickup_lowLight_leftRight,78,,Lying,,0.834,0.0,138.2128
Bend_pickup_lowLight_leftRight,79,,Lying,,0.839,0.0,148.3336
Bend_pickup_lowLight_leftRight,80,,Lying,,0.847,0.0,126.6711
Bend_pickup_lowLight_leftRight,81,,Lying,,0.857,0.0,116.7194
Bend_pickup_lowLight_leftRight,82,,Lying,,0.86,0.0,108.5585
Bend_pickup_lowLight_leftRight,83,,Lying,,0.867,0.0,91.6952
Bend_pickup_lowLight_leftRight,84,,Lying,,0.876,0.0,115.7144
Bend_pickup_lowLight_leftRight,85,,Lying,,0.884,0.0,111.8979
Bend_pickup_lowLight_leftRight,86,,Lying,,0.896,0.0,118.1816
Bend_pickup_lowLight_leftRight,87,,Lying,,0.906,0.0,92.6793
Bend_pickup_lowLight_leftRight,88,,Lying,,0.919,0.0,110.7484
Bend_pickup_lowLight_leftRight,89,,Lying,,0.934,0.0,126.1186
Bend_pickup_lowLight_leftRight,90,Standing,Lying,False,0.945,0.0,95.1375
Bend_pickup_lowLight_leftRight,91,Standing,Lying,False,0.957,0.0,102.4604
Bend_pickup_lowLight_leftRight,92,Standing,Lying,False,0.965,0.0,94.0118
Bend_pickup_lowLight_leftRight,93,Standing,Lying,False,0.97,0.0,100.9801
Bend_pickup_lowLight_leftRight,94,Standing,Lying,False,0.974,0.0,111.1808
Bend_pickup_lowLight_leftRight,95,Standing,Lying,False,0.978,0.0,129.8577
Bend_pickup_lowLight_leftRight,96,Standing,Lying,False,0.98,0.0,112.1588
Bend_pickup_lowLight_leftRight,97,Standing,Lying,False,0.982,0.0,110.8406
Bend_pickup_lowLight_leftRight,98,Standing,Lying,False,0.983,0.0,109.5823
Bend_pickup_lowLight_leftRight,99,Standing,Lying,False,0.984,0.0,119.2052
Bend_pickup_lowLight_leftRight,100,Standing,Lying,False,0.984,0.0,103.9176
Bend_pickup_lowLight_leftRight,101,Standing,Lying,False,0.981,0.0,105.5246
Bend_pickup_lowLight_leftRight,102,Standing,Lying,False,0.979,0.0,105.7784
Bend_pickup_lowLight_leftRight,103,Standing,Lying,False,0.972,0.0,106.3895
Bend_pickup_lowLight_leftRight,104,Standing,Lying,False,0.969,0.0,123.6813
Bend_pickup_lowLight_leftRight,105,Standing,Lying,False,0.962,0.0,121.971
Bend_pickup_lowLight_leftRight,106,Standing,Lying,False,0.942,0.0,110.244
Bend_pickup_lowLight_leftRight,107,Standing,Lying,False,0.861,0.0,104.8832
Bend_pickup_lowLight_leftRight,108,Standing,Lying,False,0.65,0.0,116.8238
Bend_pickup_lowLight_leftRight,109,Standing,Standing,True,0.637,0.0,136.4671
Bend_pickup_lowLight_leftRight,110,Standing,Standing,True,0.93,0.0,192.2101
Bend_pickup_lowLight_leftRight,111,Standing,Standing,True,0.955,0.0,187.6246
Bend_pickup_lowLight_leftRight,112,Standing,Standing,True,0.954,0.0,169.2961
Bend_pickup_lowLight_leftRight,113,Standing,Standing,True,0.951,0.0,118.5463
Bend_pickup_lowLight_leftRight,114,Standing,Standing,True,0.948,0.0,115.3342
Bend_pickup_lowLight_leftRight,115,Standing,Standing,True,0.952,0.0,90.593
Bend_pickup_lowLight_leftRight,116,Standing,Standing,True,0.961,0.0,88.9736
Bend_pickup_lowLight_leftRight,117,Standing,Standing,True,0.977,0.0,90.5941
Bend_pickup_lowLight_leftRight,118,Standing,Standing,True,0.982,0.0,86.2329
Bend_pickup_lowLight_leftRight,119,Standing,Standing,True,0.984,0.0,88.6725
Bend_pickup_lowLight_leftRight,120,Standing,Standing,True,0.985,0.0,85.5434
Bend_pickup_lowLight_leftRight,121,Standing,Standing,True,0.985,0.0,94.0757
Bend_pickup_lowLight_leftRight,122,Standing,Standing,True,0.986,0.0,264.4716
Bend_pickup_lowLight_leftRight,123,Standing,Standing,True,0.986,0.0,98.2323
Bend_pickup_lowLight_leftRight,124,Standing,Standing,True,0.986,0.0,91.3043
Bend_pickup_lowLight_leftRight,125,Standing,Standing,True,0.986,0.0,82.2628
Bend_pickup_lowLight_leftRight,126,Standing,Standing,True,0.986,0.0,77.0928
Bend_pickup_lowLight_leftRight,127,Standing,Standing,True,0.986,0.0,79.7487
Bend_pickup_lowLight_leftRight,128,Standing,Standing,True,0.986,0.0,81.3205
Bend_pickup_lowLight_leftRight,129,,Standing,,0.986,0.0,80.8273
Bend_pickup_lowLight_leftRight,130,,Standing,,0.985,0.0,89.9667
Bend_pickup_lowLight_leftRight,131,,Standing,,0.985,0.0,99.5174
Bend_pickup_lowLight_leftRight,132,,Standing,,0.985,0.0,76.7415
Bend_pickup_lowLight_leftRight,133,,Standing,,0.985,0.0,103.6725
Bend_pickup_lowLight_leftRight,134,,Standing,,0.985,0.0,107.1383
Bend_pickup_lowLight_leftRight,135,,Standing,,0.985,0.0,110.9403
Bend_pickup_lowLight_leftRight,136,,Standing,,0.985,0.0,133.3358
Bend_pickup_lowLight_leftRight,137,,Standing,,0.985,0.0,127.4976
Bend_pickup_lowLight_leftRight,138,,Standing,,0.985,0.0,123.2011
Bend_pickup_lowLight_leftRight,139,,Standing,,0.984,0.0,141.5629
Bend_pickup_lowLight_leftRight,140,,Standing,,0.984,0.0,135.6036
Bend_pickup_lowLight_leftRight,141,,Standing,,0.984,0.0,146.1032
Bend_pickup_lowLight_leftRight,142,,Standing,,0.983,0.0,168.7
Bend_pickup_lowLight_leftRight,143,,Standing,,0.983,0.0,208.2793
Bend_pickup_lowLight_leftRight,144,,Standing,,0.983,0.0,173.1508
Bend_pickup_lowLight_leftRight,145,,Standing,,0.983,0.0,177.1225
Bend_pickup_lowLight_leftRight,146,,Standing,,0.982,0.0,152.4039
Bend_pickup_lowLight_leftRight,147,,Standing,,0.982,0.0,150.4406
Bend_pickup_lowLight_leftRight,148,,Standing,,0.982,0.0,164.0569
Bend_pickup_lowLight_leftRight,149,,Standing,,0.982,0.0,156.6938
Bend_pickup_lowLight_leftRight,150,,Standing,,0.981,0.0,133.9755
Bend_pickup_lowLight_leftRight,151,,Standing,,0.981,0.0,143.2253
Bend_pickup_lowLight_leftRight,152,,Standing,,0.981,0.0,150.8209
Bend_pickup_lowLight_leftRight,153,,Standing,,0.981,0.0,153.8043
Bend_pickup_lowLight_leftRight,154,,Standing,,0.982,0.0,126.9473
Bend_pickup_lowLight_leftRight,155,,Standing,,0.982,0.0,125.9582
Bend_pickup_lowLight_leftRight,156,,Standing,,0.982,0.0,103.242
Bend_pickup_lowLight_leftRight,157,,Standing,,0.982,0.0,108.6046
Bend_pickup_lowLight_leftRight,158,,Standing,,0.982,0.0,97.7622
Bend_pickup_lowLight_leftRight,159,,Standing,,0.982,0.0,98.0148
Bend_pickup_lowLight_leftRight,160,,Standing,,0.982,0.0,99.0238
Bend_pickup_lowLight_leftRight,161,,Standing,,0.983,0.0,87.3667
Bend_pickup_lowLight_leftRight,162,,Standing,,0.982,0.0,106.0073
Bend_pickup_lowLight_leftRight,163,,Standing,,0.981,0.0,95.1943
Bend_pickup_lowLight_leftRight,164,,Standing,,0.98,0.0,86.9037
Bend_pickup_lowLight_leftRight,165,,Standing,,0.978,0.0,78.7791
Bend_pickup_lowLight_leftRight,166,,Standing,,0.976,0.0,84.034
Bend_pickup_lowLight_leftRight,167,,Standing,,0.973,0.0,72.8464
Bend_pickup_lowLight_leftRight,168,,Standing,,0.971,0.0,73.7674
Bend_pickup_lowLight_leftRight,169,,Standing,,0.966,0.0,87.0461
Bend_pickup_lowLight_leftRight,170,,Standing,,0.959,0.0,96.5585
Bend_pickup_lowLight_leftRight,171,,Standing,,0.948,0.0,96.6927
Bend_pickup_lowLight_leftRight,172,,Standing,,0.929,0.0,90.6692
Bend_pickup_lowLight_leftRight,173,,Standing,,0.903,0.0,94.6707
Bend_pickup_lowLight_leftRight,174,,Standing,,0.851,0.0,93.6351
Bend_pickup_lowLight_leftRight,175,,Standing,,0.745,0.0,98.9302
Bend_pickup_lowLight_leftRight,176,,Standing,,0.593,0.0,93.8359
Bend_pickup_lowLight_leftRight,177,,Lying,,0.454,0.0,110.1187
Bend_pickup_lowLight_leftRight,178,,Lying,,0.61,0.0,94.9086
Bend_pickup_lowLight_leftRight,179,,Lying,,0.755,0.0,93.3497
Bend_pickup_lowLight_leftRight,180,,Lying,,0.852,0.0,87.1054
Bend_pickup_lowLight_leftRight,181,,Lying,,0.909,0.0,96.2053
Bend_pickup_lowLight_leftRight,182,,Lying,,0.941,0.0,102.2823
Bend_pickup_lowLight_leftRight,183,,Lying,,0.961,0.0,95.1366
Bend_pickup_lowLight_leftRight,184,,Lying,,0.968,0.0,102.5345
Bend_pickup_lowLight_leftRight,185,,Lying,,0.971,0.0,87.8526
Bend_pickup_lowLight_leftRight,186,,Lying,,0.973,0.0,97.0726
Bend_pickup_lowLight_leftRight,187,,Lying,,0.974,0.0,87.8865
Bend_pickup_lowLight_leftRight,188,,Lying,,0.973,0.0,89.1193
Bend_pickup_lowLight_leftRight,189,,Lying,,0.972,0.0,97.129
Bend_pickup_lowLight_leftRight,190,,Lying,,0.97,0.0,100.2551
Bend_pickup_lowLight_leftRight,191,,Lying,,0.968,0.0,94.8001
Bend_pickup_lowLight_leftRight,192,,Lying,,0.967,0.0,92.8289
Bend_pickup_lowLight_leftRight,193,,Lying,,0.96,0.0,94.6344
Bend_pickup_lowLight_leftRight,194,,Lying,,0.955,0.0,87.0863
Bend_pickup_lowLight_leftRight,195,,Lying,,0.944,0.0,81.1395
Bend_pickup_lowLight_leftRight,196,,Lying,,0.935,0.0,68.5336
Bend_pickup_lowLight_leftRight,197,,Lying,,0.928,0.0,68.8348
Bend_pickup_lowLight_leftRight,198,,Lying,,0.919,0.0,69.3051
Bend_pickup_lowLight_leftRight,199,,Lying,,0.907,0.0,67.114
Bend_pickup_lowLight_leftRight,200,,Lying,,0.887,0.0,71.583
Bend_pickup_lowLight_leftRight,201,,Lying,,0.857,0.0,101.2557
Bend_pickup_lowLight_leftRight,202,,Lying,,0.84,0.0,126.6553
Bend_pickup_lowLight_leftRight,203,,Lying,,0.829,0.0,98.5503
Bend_pickup_lowLight_leftRight,204,,Lying,,0.804,0.0,104.2393
Bend_pickup_lowLight_leftRight,205,,Lying,,0.771,0.0,114.8694
Bend_pickup_lowLight_leftRight,206,Standing,Lying,False,0.775,0.0,94.9482
Bend_pickup_lowLight_leftRight,207,Standing,Lying,False,0.764,0.0,95.2348
Bend_pickup_lowLight_leftRight,208,Standing,Lying,False,0.757,0.0,87.7354
Bend_pickup_lowLight_leftRight,209,Standing,Lying,False,0.747,0.0,95.3962
Bend_pickup_lowLight_leftRight,210,Standing,Lying,False,0.736,0.0,97.4226
Bend_pickup_lowLight_leftRight,211,Standing,Lying,False,0.735,0.0,88.711
Bend_pickup_lowLight_leftRight,212,Standing,Lying,False,0.731,0.0,87.5249
Bend_pickup_lowLight_leftRight,213,Standing,Lying,False,0.734,0.0,103.2281
Bend_pickup_lowLight_leftRight,214,Standing,Lying,False,0.755,0.0,82.7753
Bend_pickup_lowLight_leftRight,215,Standing,Lying,False,0.767,0.0,81.3498
Bend_pickup_lowLight_leftRight,216,Standing,Lying,False,0.778,0.0,73.136
Bend_pickup_lowLight_leftRight,217,Standing,Lying,False,0.786,0.0,68.7036
Bend_pickup_lowLight_leftRight,218,Standing,Lying,False,0.781,0.0,71.7963
Bend_pickup_lowLight_leftRight,219,Standing,Lying,False,0.754,0.0,64.4646
Bend_pickup_lowLight_leftRight,220,Standing,Lying,False,0.697,0.0,64.6792
Bend_pickup_lowLight_leftRight,221,Standing,Lying,False,0.589,0.0,63.8341
Bend_pickup_lowLight_leftRight,222,Standing,Lying,False,0.518,0.0,72.0871
Bend_pickup_lowLight_leftRight,223,Standing,Lying,False,0.737,0.0,64.8538
Bend_pickup_lowLight_leftRight,224,Standing,Lying,False,0.806,0.0,66.2437
Bend_pickup_lowLight_leftRight,225,Standing,Lying,False,0.819,0.0,65.5823
Bend_pickup_lowLight_leftRight,226,Standing,Lying,False,0.815,0.0,62.5795
Bend_pickup_lowLight_leftRight,227,Standing,Lying,False,0.566,0.0,84.204
Bend_pickup_lowLight_leftRight,228,Standing,Standing,True,0.94,0.0,102.8095
Bend_pickup_lowLight_leftRight,229,Standing,Standing,True,0.977,0.0,84.4145
Bend_pickup_lowLight_leftRight,230,Standing,Standing,True,0.975,0.0,96.4644
Bend_pickup_lowLight_leftRight,231,Standing,Standing,True,0.983,0.0,98.4833
Bend_pickup_lowLight_leftRight,232,Standing,Standing,True,0.985,0.0,101.9393
Bend_pickup_lowLight_leftRight,233,,Standing,,0.985,0.0,98.5113
Bend_pickup_lowLight_leftRight,234,,Standing,,0.985,0.0,98.7781
Bend_pickup_lowLight_leftRight,235,,Standing,,0.985,0.0,99.7726
Bend_pickup_lowLight_leftRight,236,,Standing,,0.985,0.0,93.0369
Bend_pickup_lowLight_leftRight,237,,Standing,,0.985,0.0,90.8545
Bend_pickup_lowLight_leftRight,238,,Standing,,0.985,0.0,100.5635
Bend_pickup_lowLight_leftRight,239,,Standing,,0.985,0.0,106.4917
Bend_pickup_lowLight_leftRight,240,,Standing,,0.985,0.0,104.3985
Bend_pickup_lowLight_leftRight,241,,Standing,,0.985,0.0,96.0834
Bend_pickup_lowLight_leftRight,242,,Standing,,0.985,0.0,124.6172
Bend_pickup_normalLight_back,31,Standing,Standing,True,0.988,0.0,131.8608
Bend_pickup_normalLight_back,32,Standing,Standing,True,0.988,0.0,138.2436
Bend_pickup_normalLight_back,33,Standing,Standing,True,0.988,0.0,156.0527
Bend_pickup_normalLight_back,34,Standing,Standing,True,0.988,0.0,177.7042
Bend_pickup_normalLight_back,35,Standing,Standing,True,0.987,0.0,154.6716
Bend_pickup_normalLight_back,36,Standing,Standing,True,0.987,0.0,133.6064
Bend_pickup_normalLight_back,37,Standing,Standing,True,0.987,0.0,153.2018
Bend_pickup_normalLight_back,38,Standing,Standing,True,0.986,0.0,112.4705
Bend_pickup_normalLight_back,39,Standing,Standing,True,0.986,0.0,140.4249
Bend_pickup_normalLight_back,40,Standing,Standing,True,0.986,0.0,153.3279
Bend_pickup_normalLight_back,41,Standing,Standing,True,0.985,0.0,179.993
Bend_pickup_normalLight_back,42,Standing,Standing,True,0.985,0.0,151.9677
Bend_pickup_normalLight_back,43,Standing,Standing,True,0.985,0.0,159.1523
Bend_pickup_normalLight_back,44,Standing,Standing,True,0.985,0.0,141.8513
Bend_pickup_normalLight_back,45,Standing,Standing,True,0.985,0.0,147.5464
Bend_pickup_normalLight_back,46,Standing,Standing,True,0.985,0.0,150.9744
Bend_pickup_normalLight_back,47,Standing,Standing,True,0.985,0.0,158.6172
Bend_pickup_normalLight_back,48,Standing,Standing,True,0.984,0.0,110.8194
Bend_pickup_normalLight_back,49,Standing,Standing,True,0.985,0.0,114.041
Bend_pickup_normalLight_back,50,Standing,Standing,True,0.985,0.0,150.4016
Bend_pickup_normalLight_back,51,Standing,Standing,True,0.985,0.0,125.3562
Bend_pickup_normalLight_back,52,Standing,Standing,True,0.985,0.0,147.3198
Bend_pickup_normalLight_back,53,Standing,Standing,True,0.985,0.0,130.7422
Bend_pickup_normalLight_back,54,Standing,Standing,True,0.986,0.0,156.1035
Bend_pickup_normalLight_back,55,Standing,Standing,True,0.986,0.0,148.0937
Bend_pickup_normalLight_back,56,Standing,Standing,True,0.986,0.0,125.8253
Bend_pickup_normalLight_back,57,Standing,Standing,True,0.987,0.0,111.0846
Bend_pickup_normalLight_back,58,,Standing,,0.987,0.0,94.7344
Bend_pickup_normalLight_back,59,,Standing,,0.987,0.0,98.6271
Bend_pickup_normalLight_back,60,,Standing,,0.987,0.0,88.2301
Bend_pickup_normalLight_back,61,,Standing,,0.988,0.0,109.4868
Bend_pickup_normalLight_back,62,,Standing,,0.988,0.0,119.3
Bend_pickup_normalLight_back,63,,Standing,,0.988,0.0,115.705
Bend_pickup_normalLight_back,64,,Standing,,0.988,0.0,115.6144
Bend_pickup_normalLight_back,65,,Standing,,0.987,0.0,124.4464
Bend_pickup_normalLight_back,66,,Standing,,0.987,0.0,109.8725
Bend_pickup_normalLight_back,67,,Standing,,0.987,0.0,99.0061
Bend_pickup_normalLight_back,68,,Standing,,0.986,0.0,107.3914
Bend_pickup_normalLight_back,69,,Standing,,0.986,0.0,97.5951
Bend_pickup_normalLight_back,70,,Standing,,0.986,0.0,95.4522
Bend_pickup_normalLight_back,71,,Standing,,0.985,0.0,94.3938
Bend_pickup_normalLight_back,72,,Standing,,0.985,0.0,87.3923
Bend_pickup_normalLight_back,73,,Standing,,0.985,0.0,96.3821
Bend_pickup_normalLight_back,74,,Standing,,0.985,0.0,99.2778
Bend_pickup_normalLight_back,75,,Standing,,0.986,0.0,110.7634
Bend_pickup_normalLight_back,76,,Standing,,0.986,0.0,123.2922
Bend_pickup_normalLight_back,77,,Standing,,0.986,0.0,120.3063
Bend_pickup_normalLight_back,78,,Standing,,0.986,0.0,99.7908
Bend_pickup_normalLight_back,79,,Standing,,0.986,0.0,95.2368
Bend_pickup_normalLight_back,80,,Standing,,0.987,0.0,103.105
Bend_pickup_normalLight_back,81,,Standing,,0.987,0.0,154.4417
Bend_pickup_normalLight_back,82,,Standing,,0.988,0.0,130.6434
Bend_pickup_normalLight_back,83,,Standing,,0.988,0.0,102.2557
Bend_pickup_normalLight_back,84,,Standing,,0.988,0.0,109.3465
Bend_pickup_normalLight_back,85,,Standing,,0.988,0.0,89.5576
Bend_pickup_normalLight_back,86,,Standing,,0.988,0.0,92.6847
Bend_pickup_normalLight_back,87,,Standing,,0.988,0.0,83.0631
Bend_pickup_normalLight_back,88,,Standing,,0.988,0.0,84.6875
Bend_pickup_normalLight_back,89,,Standing,,0.988,0.0,84.5238
Bend_pickup_normalLight_back,90,,Standing,,0.988,0.0,84.3036
Bend_pickup_normalLight_back,91,,Standing,,0.988,0.0,85.5504
Bend_pickup_normalLight_back,92,,Standing,,0.989,0.0,99.3776
Bend_pickup_normalLight_back,93,,Standing,,0.989,0.0,83.5415
Bend_pickup_normalLight_back,94,,Standing,,0.989,0.0,92.18
Bend_pickup_normalLight_back,95,,Standing,,0.989,0.0,84.1694
Bend_pickup_normalLight_back,96,,Standing,,0.989,0.0,78.947
Bend_pickup_normalLight_back,97,,Standing,,0.988,0.0,92.9158
Bend_pickup_normalLight_back,98,,Standing,,0.989,0.0,98.9764
Bend_pickup_normalLight_back,99,,Standing,,0.989,0.0,112.9663
Bend_pickup_normalLight_back,100,,Standing,,0.989,1.0,113.804
Bend_pickup_normalLight_back,101,,Standing,,0.989,0.0,93.5361
Bend_pickup_normalLight_back,102,,Standing,,0.989,0.0,144.9632
Bend_pickup_normalLight_back,103,,Standing,,0.989,0.0,109.423
Bend_pickup_normalLight_back,104,,Standing,,0.989,0.0,116.2242
Bend_pickup_normalLight_back,105,,Standing,,0.988,0.0,83.665
Bend_pickup_normalLight_back,106,,Standing,,0.988,0.0,95.6438
Bend_pickup_normalLight_back,107,,Standing,,0.988,0.0,123.692
Bend_pickup_normalLight_back,108,,Standing,,0.988,0.0,130.866
Bend_pickup_normalLight_back,109,,Standing,,0.988,0.0,110.6301
Bend_pickup_normalLight_back,110,,Standing,,0.988,0.0,101.6198
Bend_pickup_normalLight_back,111,,Standing,,0.988,0.0,94.5135
Bend_pickup_normalLight_back,112,,Standing,,0.988,0.0,87.8817
Bend_pickup_normalLight_back,113,,Standing,,0.988,0.0,86.5619
Bend_pickup_normalLight_back,114,,Standing,,0.989,0.0,97.8114
Bend_pickup_normalLight_back,115,,Standing,,0.988,0.0,91.9519
Bend_pickup_normalLight_back,116,,Standing,,0.988,0.0,95.5969
Bend_pickup_normalLight_back,117,,Standing,,0.989,0.0,92.1614
Bend_pickup_normalLight_back,118,,Standing,,0.989,0.0,93.86
Bend_pickup_normalLight_back,119,,Standing,,0.989,0.0,86.3184
Bend_pickup_normalLight_back,120,,Standing,,0.989,0.0,109.4973
Bend_pickup_normalLight_back,121,,Standing,,0.989,0.0,122.5786
Bend_pickup_normalLight_back,122,,Standing,,0.989,0.0,112.692
Bend_pickup_normalLight_back,123,,Standing,,0.989,0.0,122.2583
Bend_pickup_normalLight_back,124,,Standing,,0.99,0.0,120.0477
Bend_pickup_normalLight_back,125,,Standing,,0.99,0.0,101.2008
Bend_pickup_normalLight_back,126,,Standing,,0.99,0.0,96.3646
Bend_pickup_normalLight_back,127,,Standing,,0.99,0.0,95.9777
Bend_pickup_normalLight_back,128,,Standing,,0.99,0.0,78.7497
Bend_pickup_normalLight_back,129,,Standing,,0.99,0.0,75.5069
Bend_pickup_normalLight_back,130,,Standing,,0.99,0.0,72.1328
Bend_pickup_normalLight_back,131,,Standing,,0.99,0.0,67.9454
Bend_pickup_normalLight_back,132,,Standing,,0.99,0.0,69.0237
Bend_pickup_normalLight_back,133,,Standing,,0.989,0.0,76.775
Bend_pickup_normalLight_back,134,,Standing,,0.989,0.0,84.9024
Bend_pickup_normalLight_back,135,,Standing,,0.989,0.0,86.0904
Bend_pickup_normalLight_back,136,,Standing,,0.988,0.0,78.1289
Bend_pickup_normalLight_back,137,,Standing,,0.988,0.0,112.9288
Bend_pickup_normalLight_back,138,,Standing,,0.988,0.0,95.6594
Bend_pickup_normalLight_back,139,,Standing,,0.988,0.0,93.6411
Bend_pickup_normalLight_back,140,,Standing,,0.988,0.0,116.5883
Bend_pickup_normalLight_back,141,,Standing,,0.988,0.0,113.425
Bend_pickup_normalLight_back,142,,Standing,,0.988,0.0,128.0082
Bend_pickup_normalLight_back,143,,Standing,,0.988,0.0,125.7738
Bend_pickup_normalLight_back,144,,Standing,,0.988,0.0,139.9507
Bend_pickup_normalLight_back,145,,Standing,,0.988,0.0,178.0361
Bend_pickup_normalLight_back,146,Standing,Standing,True,0.988,0.0,147.3005
Bend_pickup_normalLight_back,147,Standing,Standing,True,0.988,0.0,137.4809
Bend_pickup_normalLight_back,148,Standing,Standing,True,0.988,0.0,106.7858
Bend_pickup_normalLight_back,149,Standing,Standing,True,0.988,0.0,113.9197
Bend_pickup_normalLight_back,150,Standing,Standing,True,0.988,0.0,102.9313
Bend_pickup_normalLight_back,151,Standing,Standing,True,0.988,0.0,116.4116
Bend_pickup_normalLight_back,152,Standing,Standing,True,0.988,0.0,97.426
Bend_pickup_normalLight_back,153,Standing,Standing,True,0.988,0.0,83.1221
Bend_pickup_normalLight_back,154,Standing,Standing,True,0.988,0.0,82.9046
Bend_pickup_normalLight_back,155,Standing,Standing,True,0.988,0.0,77.2442
Bend_pickup_normalLight_back,156,Standing,Standing,True,0.988,0.0,73.5829
Bend_pickup_normalLight_back,157,Standing,Standing,True,0.988,0.0,76.1712
Bend_pickup_normalLight_back,158,Standing,Standing,True,0.988,0.0,85.3221
Bend_pickup_normalLight_back,159,Standing,Standing,True,0.988,0.0,73.3476
Bend_pickup_normalLight_back,160,Standing,Standing,True,0.988,0.0,91.6269
Bend_pickup_normalLight_back,161,Standing,Standing,True,0.987,0.0,88.8928
Bend_pickup_normalLight_back,162,Standing,Standing,True,0.987,0.0,88.2823
Bend_pickup_normalLight_back,163,Standing,Standing,True,0.987,0.0,86.8534
Bend_pickup_normalLight_back,164,Standing,Standing,True,0.987,0.0,85.0643
Bend_pickup_normalLight_back,165,Standing,Standing,True,0.987,0.0,105.6651
Bend_pickup_normalLight_back,166,Standing,Standing,True,0.987,0.0,92.4293
Bend_pickup_normalLight_back,167,Standing,Standing,True,0.987,0.0,84.272
Bend_pickup_normalLight_back,168,Standing,Standing,True,0.987,0.0,88.3683
Bend_pickup_normalLight_back,169,Standing,Standing,True,0.987,0.0,97.4313
Bend_pickup_normalLight_back,170,Standing,Standing,True,0.987,0.0,106.3404
Bend_pickup_normalLight_back,171,Standing,Standing,True,0.986,0.0,91.984
Bend_pickup_normalLight_back,172,Standing,Standing,True,0.986,0.0,95.9364
Bend_pickup_normalLight_back,173,Standing,Standing,True,0.986,0.0,88.6937
Bend_pickup_normalLight_back,174,Standing,Standing,True,0.986,0.0,94.8328
Bend_pickup_normalLight_back,175,,Standing,,0.985,0.0,102.0752
Bend_pickup_normalLight_back,176,,Standing,,0.985,0.0,112.8076
Bend_pickup_normalLight_back,177,,Standing,,0.985,0.0,102.4667
Bend_pickup_normalLight_back,178,,Standing,,0.985,0.0,101.6892
Bend_pickup_normalLight_back,179,,Standing,,0.985,0.0,168.7595
Bend_pickup_normalLight_back,180,,Standing,,0.985,0.0,216.5343
Bend_pickup_normalLight_back,181,,Standing,,0.985,0.0,284.1135
Bend_pickup_normalLight_back,182,,Standing,,0.985,0.0,158.9002
Bend_pickup_normalLight_back,183,,Standing,,0.986,0.0,146.4334
Bend_pickup_normalLight_back,184,,Standing,,0.986,0.0,178.6073
Bend_pickup_normalLight_back,185,,Standing,,0.986,0.0,110.9293
Bend_pickup_normalLight_back,186,,Standing,,0.985,0.0,156.5484
Bend_pickup_normalLight_back,187,,Standing,,0.985,0.0,107.817
Bend_pickup_normalLight_back,188,,Standing,,0.985,0.0,173.8665
Bend_pickup_normalLight_back,189,,Standing,,0.985,0.0,120.0236
Bend_pickup_normalLight_back,190,,Standing,,0.984,0.0,118.9011
Bend_pickup_normalLight_back,191,,Standing,,0.984,0.0,152.8492
Bend_pickup_normalLight_back,192,,Standing,,0.984,0.0,149.0217
Bend_pickup_normalLight_back,193,,Standing,,0.984,0.0,158.8733
Bend_pickup_normalLight_back,194,,Standing,,0.984,0.0,119.1189
Bend_pickup_normalLight_back,195,,Standing,,0.984,0.0,114.213
Bend_pickup_normalLight_back,196,,Standing,,0.982,0.0,136.7777
Bend_pickup_normalLight_back,197,,Standing,,0.98,0.0,105.1698
Bend_pickup_normalLight_back,198,,Standing,,0.977,0.0,107.4523
Bend_pickup_normalLight_back,199,,Standing,,0.973,0.0,117.5857
Bend_pickup_normalLight_back,200,,Standing,,0.966,0.0,124.1619
Bend_pickup_normalLight_back,201,,Standing,,0.96,0.0,110.3957
Bend_pickup_normalLight_back,202,,Standing,,0.953,0.0,121.2519
Bend_pickup_normalLight_back,203,,Standing,,0.948,0.0,126.7647
Bend_pickup_normalLight_back,204,,Standing,,0.937,0.0,141.5239
Bend_pickup_normalLight_back,205,,Standing,,0.924,0.0,140.3036
Bend_pickup_normalLight_back,206,,Standing,,0.906,0.0,151.07
Bend_pickup_normalLight_back,207,,Standing,,0.886,0.0,116.8445
Bend_pickup_normalLight_back,208,,Standing,,0.863,0.0,108.585
Bend_pickup_normalLight_back,209,,Standing,,0.838,0.0,102.2833
Bend_pickup_normalLight_back,210,,Standing,,0.806,0.0,103.703
Bend_pickup_normalLight_back,211,,Standing,,0.767,0.0,98.2229
Bend_pickup_normalLight_back,212,,Standing,,0.73,0.0,130.1204
Bend_pickup_normalLight_back,213,,Standing,,0.667,0.0,150.5277
Bend_pickup_normalLight_back,214,,Standing,,0.613,0.0,151.9631
Bend_pickup_normalLight_back,215,,Standing,,0.558,0.0,160.0015
Bend_pickup_normalLight_back,216,,Standing,,0.506,0.0,133.514
Bend_pickup_normalLight_back,217,,Standing,,0.444,0.0,163.2487
Bend_pickup_normalLight_back,218,,Standing,,0.376,0.0,160.8095
Bend_pickup_normalLight_back,219,,Lying,,0.381,0.0,177.0708
Bend_pickup_normalLight_back,220,,Lying,,0.513,0.0,193.6121
Bend_pickup_normalLight_back,221,,Lying,,0.605,0.0,139.7155
Bend_pickup_normalLight_back,222,,Lying,,0.676,0.0,145.1996
Bend_pickup_normalLight_back,223,,Lying,,0.726,0.0,151.0474
Bend_pickup_normalLight_back,224,,Lying,,0.767,0.0,140.2015
Bend_pickup_normalLight_back,225,,Lying,,0.789,0.0,157.5501
Bend_pickup_normalLight_back,226,,Lying,,0.803,0.0,143.527
Bend_pickup_normalLight_back,227,,Lying,,0.814,0.0,181.3923
Bend_pickup_normalLight_back,228,,Lying,,0.82,0.0,215.6134
Bend_pickup_normalLight_back,229,,Lying,,0.819,0.0,160.7168
Bend_pickup_normalLight_back,230,,Lying,,0.81,0.0,291.1632
Bend_pickup_normalLight_back,231,,Lying,,0.789,0.0,194.7779
Bend_pickup_normalLight_back,232,,Lying,,0.755,0.0,185.3332
Bend_pickup_normalLight_back,233,,Lying,,0.708,0.0,187.3634
Bend_pickup_normalLight_back,234,,Lying,,0.668,0.0,164.0632
Bend_pickup_normalLight_back,235,,Lying,,0.626,0.0,169.8503
Bend_pickup_normalLight_back,236,,Lying,,0.581,0.0,186.4508
Bend_pickup_normalLight_back,237,,Lying,,0.534,0.0,201.7796
Bend_pickup_normalLight_back,238,,Lying,,0.495,0.0,171.5905
Bend_pickup_normalLight_back,239,,Lying,,0.447,0.0,184.0615
Bend_pickup_normalLight_back,240,,Lying,,0.408,0.0,180.0351
Bend_pickup_normalLight_back,241,,Lying,,0.357,0.0,142.2099
Bend_pickup_normalLight_back,242,,Standing,,0.311,0.0,142.944
Bend_pickup_normalLight_back,243,,Standing,,0.358,0.0,176.7842
Bend_pickup_normalLight_back,244,,Standing,,0.391,0.0,140.2294
Bend_pickup_normalLight_back,245,,Standing,,0.415,0.0,194.449
Bend_pickup_normalLight_back,246,,Standing,,0.431,0.0,203.1683
Bend_pickup_normalLight_back,247,,Standing,,0.391,0.0,165.5686
Bend_pickup_normalLight_back,248,,Lying,,0.422,0.0,140.698
Bend_pickup_normalLight_back,249,,Lying,,0.513,0.0,161.686
Bend_pickup_normalLight_back,250,,Lying,,0.602,0.0,167.7465
Bend_pickup_normalLight_back,251,,Lying,,0.716,0.0,133.1216
Bend_pickup_normalLight_back,252,,Lying,,0.797,0.0,152.9773
Bend_pickup_normalLight_back,253,,Lying,,0.841,0.0,150.1884
Bend_pickup_normalLight_back,254,,Lying,,0.825,0.0,146.7754
Bend_pickup_normalLight_back,255,,Lying,,0.788,0.0,156.1918
Bend_pickup_normalLight_back,256,,Lying,,0.735,0.0,132.5212
Bend_pickup_normalLight_back,257,,Lying,,0.665,0.0,147.5012
Bend_pickup_normalLight_back,258,,Lying,,0.556,0.0,134.5997
Bend_pickup_normalLight_back,259,,Lying,,0.463,0.0,153.5299
Bend_pickup_normalLight_back,260,,Unknown,,0.396,0.0,170.6272
Bend_pickup_normalLight_back,261,,Unknown,,0.38,0.0,173.2266
Bend_pickup_normalLight_back,262,Standing,Standing,True,0.382,0.0,174.9921
Bend_pickup_normalLight_back,263,Standing,Standing,True,0.493,0.0,173.4189
Bend_pickup_normalLight_back,264,Standing,Standing,True,0.646,0.0,152.3908
Bend_pickup_normalLight_back,265,Standing,Standing,True,0.759,0.0,140.901
Bend_pickup_normalLight_back,266,Standing,Standing,True,0.86,0.0,140.5065
Bend_pickup_normalLight_back,267,Standing,Standing,True,0.928,0.0,149.969
Bend_pickup_normalLight_back,268,Standing,Standing,True,0.974,0.0,144.2413
Bend_pickup_normalLight_back,269,Standing,Standing,True,0.979,0.0,164.5126
Bend_pickup_normalLight_back,270,Standing,Standing,True,0.982,0.0,147.9882
Bend_pickup_normalLight_back,271,Standing,Standing,True,0.982,0.0,135.5534
Bend_pickup_normalLight_back,272,Standing,Standing,True,0.983,0.0,153.6603
Bend_pickup_normalLight_back,273,Standing,Standing,True,0.983,0.0,177.991
Bend_pickup_normalLight_back,274,Standing,Standing,True,0.983,0.0,166.2087
Bend_pickup_normalLight_back,275,Standing,Standing,True,0.983,0.0,165.0219
Bend_pickup_normalLight_back,276,Standing,Standing,True,0.982,0.0,172.4334
Bend_pickup_normalLight_back,277,Standing,Standing,True,0.982,0.0,129.3595
Bend_pickup_normalLight_back,278,Standing,Standing,True,0.983,0.0,147.4479
Bend_pickup_normalLight_back,279,Standing,Standing,True,0.984,0.0,168.9047
Bend_pickup_normalLight_back,280,Standing,Standing,True,0.984,0.0,153.7653
Bend_pickup_normalLight_back,281,Standing,Standing,True,0.984,0.0,165.0404
Bend_pickup_normalLight_back,282,Standing,Standing,True,0.985,0.0,156.816
Bend_pickup_normalLight_back,283,Standing,Standing,True,0.985,0.0,147.8451
Bend_pickup_normalLight_back,284,Standing,Standing,True,0.985,0.0,128.9056
Bend_pickup_normalLight_back,285,Standing,Standing,True,0.985,0.0,138.6021
Bend_pickup_normalLight_back,286,Standing,Standing,True,0.986,0.0,116.9534
Bend_pickup_normalLight_back,287,Standing,Standing,True,0.986,0.0,137.5952
Bend_pickup_normalLight_back,288,Standing,Standing,True,0.986,0.0,122.4647
Bend_pickup_normalLight_back,289,Standing,Standing,True,0.986,0.0,123.2837
Bend_pickup_normalLight_back,290,Standing,Standing,True,0.986,0.0,146.047
Bend_pickup_normalLight_back,291,Standing,Standing,True,0.986,0.0,152.0992
Bend_pickup_normalLight_back,292,,Standing,,0.986,0.0,144.1487
Bend_pickup_normalLight_back,293,,Standing,,0.986,0.0,147.9087
Bend_pickup_normalLight_back,294,,Standing,,0.986,0.0,128.6506
Bend_pickup_normalLight_back,295,,Standing,,0.986,0.0,130.9185
Bend_pickup_normalLight_back,296,,Standing,,0.986,0.0,127.7255
Bend_pickup_normalLight_back,297,,Standing,,0.986,0.0,139.1748
Bend_pickup_normalLight_back,298,,Standing,,0.985,0.0,106.7925
Bend_pickup_normalLight_back,299,,Standing,,0.985,0.0,128.6716
Bend_pickup_normalLight_back,300,,Standing,,0.985,0.0,119.8504
Bend_pickup_normalLight_back,301,,Standing,,0.984,0.0,158.8317
Bend_pickup_normalLight_back,302,,Standing,,0.984,0.0,135.9202
Bend_pickup_normalLight_back,303,,Standing,,0.984,0.0,115.9498
Bend_pickup_normalLight_back,304,,Standing,,0.983,0.0,148.7277
Bend_pickup_normalLight_back,305,,Standing,,0.983,0.0,104.6827
Bend_pickup_normalLight_back,306,,Standing,,0.983,0.0,103.4862
Bend_pickup_normalLight_back,307,,Standing,,0.982,0.0,126.1638
Bend_pickup_normalLight_back,308,,Standing,,0.982,0.0,98.9775
Bend_pickup_normalLight_back,309,,Standing,,0.982,0.0,104.3494
Bend_pickup_normalLight_back,310,,Standing,,0.982,0.0,99.8532
Bend_pickup_normalLight_back,311,,Standing,,0.982,0.0,110.195
Bend_pickup_normalLight_back,312,,Standing,,0.982,0.0,117.5583
Bend_pickup_normalLight_back,313,,Standing,,0.982,0.0,131.0303
Bend_pickup_normalLight_back,314,,Standing,,0.982,0.0,190.9228
Bend_pickup_normalLight_back,315,,Standing,,0.982,0.0,195.9379
Bend_pickup_normalLight_back,316,,Standing,,0.982,0.0,130.0219
Bend_pickup_normalLight_back,317,,Standing,,0.982,0.0,160.6999
Bend_pickup_normalLight_back,318,,Standing,,0.983,0.0,112.7343
Bend_pickup_normalLight_back,319,,Standing,,0.983,0.0,114.6247
Bend_pickup_normalLight_back,320,,Standing,,0.983,0.0,107.9457
Bend_pickup_normalLight_back,321,,Standing,,0.983,0.0,100.0967
Bend_pickup_normalLight_back,322,,Standing,,0.983,0.0,115.9689
Bend_pickup_normalLight_back,323,,Standing,,0.983,0.0,118.8262
Bend_pickup_normalLight_back,324,,Standing,,0.983,0.0,119.5061
Bend_pickup_normalLight_back,325,,Standing,,0.984,0.0,110.0724
Bend_pickup_normalLight_back,326,,Standing,,0.984,0.0,128.9348
Bend_pickup_normalLight_back,327,,Standing,,0.984,0.0,108.5294
Bend_pickup_normalLight_back,328,,Standing,,0.984,0.0,116.3779
Bend_pickup_normalLight_back,329,,Standing,,0.984,0.0,123.8457
Bend_pickup_normalLight_back,330,,Standing,,0.984,0.0,108.6026
Bend_pickup_normalLight_back,331,,Standing,,0.984,0.0,127.5384
Bend_pickup_normalLight_back,332,,Standing,,0.983,0.0,112.9702
Bend_pickup_normalLight_back,333,,Standing,,0.983,0.0,148.6034
Bend_pickup_normalLight_back,334,,Standing,,0.983,0.0,127.7001
Bend_pickup_normalLight_back,335,,Standing,,0.983,0.0,126.1363
Bend_pickup_normalLight_back,336,,Standing,,0.983,0.0,125.6128
Bend_pickup_normalLight_back,337,,Standing,,0.981,0.0,151.8834
Bend_pickup_normalLight_back,338,,Standing,,0.98,0.0,126.185
Bend_pickup_normalLight_back,339,,Standing,,0.977,0.0,131.7131
Bend_pickup_normalLight_back,340,,Standing,,0.97,0.0,144.562
Bend_pickup_normalLight_back,341,,Standing,,0.959,0.0,145.4757
Bend_pickup_normalLight_back,342,,Standing,,0.942,0.0,146.305
Bend_pickup_normalLight_back,343,,Standing,,0.916,0.0,126.2278
Bend_pickup_normalLight_back,344,,Standing,,0.869,0.0,146.0773
Bend_pickup_normalLight_back,345,,Standing,,0.796,0.0,167.5647
Bend_pickup_normalLight_back,346,,Standing,,0.69,0.0,166.5339
Bend_pickup_normalLight_back,347,,Standing,,0.576,0.0,175.3785
Bend_pickup_normalLight_back,348,,Sitting,,0.474,0.0,185.4821
Bend_pickup_normalLight_back,349,,Sitting,,0.599,0.0,150.4977
Bend_pickup_normalLight_back,350,,Sitting,,0.713,0.0,137.3242
Bend_pickup_normalLight_back,351,,Sitting,,0.799,0.0,142.2056
Bend_pickup_normalLight_back,352,,Sitting,,0.854,0.0,130.4481
Bend_pickup_normalLight_back,353,,Sitting,,0.875,0.0,137.6868
Bend_pickup_normalLight_back,354,,Sitting,,0.888,0.0,135.2324
Bend_pickup_normalLight_back,355,,Sitting,,0.904,0.0,129.4198
Bend_pickup_normalLight_back,356,,Sitting,,0.904,0.0,120.0891
Bend_pickup_normalLight_back,357,,Sitting,,0.915,0.0,147.0718
Bend_pickup_normalLight_back,358,,Sitting,,0.925,0.0,163.8108
Bend_pickup_normalLight_back,359,,Sitting,,0.926,0.0,143.1539
Bend_pickup_normalLight_back,360,,Sitting,,0.933,0.0,154.1995
Bend_pickup_normalLight_back,361,,Sitting,,0.934,0.0,132.278
Bend_pickup_normalLight_back,362,,Sitting,,0.94,0.0,141.6787
Bend_pickup_normalLight_back,363,,Sitting,,0.938,0.0,153.3813
Bend_pickup_normalLight_back,364,,Sitting,,0.939,0.0,126.4072
Bend_pickup_normalLight_back,365,,Sitting,,0.939,0.0,154.0625
Bend_pickup_normalLight_back,366,,Sitting,,0.938,0.0,206.3675
Bend_pickup_normalLight_back,367,,Sitting,,0.937,0.0,215.6352
Bend_pickup_normalLight_back,368,,Sitting,,0.934,0.0,117.1062
Bend_pickup_normalLight_back,369,,Sitting,,0.933,0.0,112.9032
Bend_pickup_normalLight_back,370,,Sitting,,0.931,0.0,120.0144
Bend_pickup_normalLight_back,371,,Sitting,,0.926,0.0,137.0367
Bend_pickup_normalLight_back,372,,Sitting,,0.924,0.0,109.3633
Bend_pickup_normalLight_back,373,,Sitting,,0.921,0.0,122.0674
Bend_pickup_normalLight_back,374,,Sitting,,0.909,0.0,120.8434
Bend_pickup_normalLight_back,375,,Sitting,,0.907,0.0,94.0512
Bend_pickup_normalLight_back,376,,Sitting,,0.899,0.0,94.9749
Bend_pickup_normalLight_back,377,,Sitting,,0.897,0.0,85.2672
Bend_pickup_normalLight_back,378,,Sitting,,0.89,0.0,83.7572
Bend_pickup_normalLight_back,379,,Sitting,,0.877,0.0,82.1384
Bend_pickup_normalLight_back,380,,Sitting,,0.858,0.0,101.8747
Bend_pickup_normalLight_back,381,,Sitting,,0.831,0.0,83.2145
Bend_pickup_normalLight_back,382,,Sitting,,0.804,0.0,95.4079
Bend_pickup_normalLight_back,383,,Sitting,,0.746,0.0,88.4991
Bend_pickup_normalLight_back,384,,Sitting,,0.68,0.0,88.1681
Bend_pickup_normalLight_back,385,,Sitting,,0.61,0.0,83.6613
Bend_pickup_normalLight_back,386,,Sitting,,0.532,0.0,82.0731
Bend_pickup_normalLight_back,387,,Sitting,,0.459,0.0,84.5579
Bend_pickup_normalLight_back,388,,Standing,,0.502,0.0,84.9041
Bend_pickup_normalLight_back,389,,Standing,,0.574,0.0,83.4337
Bend_pickup_normalLight_back,390,,Standing,,0.651,0.0,99.1073
Bend_pickup_normalLight_back,391,,Standing,,0.71,0.0,104.4512
Bend_pickup_normalLight_back,392,,Standing,,0.758,0.0,136.3058
Bend_pickup_normalLight_back,393,,Standing,,0.799,0.0,133.4916
Bend_pickup_normalLight_back,394,,Standing,,0.827,0.0,112.4922
Bend_pickup_normalLight_back,395,,Standing,,0.848,0.0,100.0103
Bend_pickup_normalLight_back,396,,Standing,,0.863,0.0,100.8143
Bend_pickup_normalLight_back,397,,Standing,,0.88,0.0,90.3188
Bend_pickup_normalLight_back,398,,Standing,,0.893,0.0,95.9789
Bend_pickup_normalLight_back,399,,Standing,,0.905,0.0,95.1343
Bend_pickup_normalLight_back,400,,Standing,,0.916,0.0,107.5612
Bend_pickup_normalLight_back,401,,Standing,,0.92,0.0,94.4116
Bend_pickup_normalLight_back,402,,Standing,,0.925,0.0,105.969
Bend_pickup_normalLight_back,403,,Standing,,0.93,0.0,88.7464
Bend_pickup_normalLight_back,404,,Standing,,0.938,0.0,110.5503
Bend_pickup_normalLight_back,405,,Standing,,0.943,0.0,105.1941
Bend_pickup_normalLight_back,406,,Standing,,0.95,0.0,87.0819
Bend_pickup_normalLight_back,407,,Standing,,0.954,0.0,91.7524
Bend_pickup_normalLight_back,408,,Standing,,0.958,0.0,84.6228
Bend_pickup_normalLight_back,409,,Standing,,0.96,0.0,94.0892
Bend_pickup_normalLight_back,410,,Standing,,0.963,0.0,99.8393
Bend_pickup_normalLight_back,411,,Standing,,0.964,0.0,98.3529
Bend_pickup_normalLight_back,412,,Standing,,0.964,0.0,92.2736
Bend_pickup_normalLight_back,413,,Standing,,0.961,0.0,90.5396
Bend_pickup_normalLight_back,414,,Standing,,0.96,0.0,93.8536
Bend_pickup_normalLight_back,415,,Standing,,0.96,0.0,109.2391
Bend_pickup_normalLight_back,416,,Standing,,0.964,0.0,92.0266
Bend_pickup_normalLight_back,417,,Standing,,0.969,0.0,82.1327
Bend_pickup_normalLight_back,418,,Standing,,0.971,0.0,77.4087
Bend_pickup_normalLight_back,419,,Standing,,0.975,0.0,85.2702
Bend_pickup_normalLight_back,420,,Standing,,0.977,0.0,71.6641
Bend_pickup_normalLight_back,421,,Standing,,0.978,0.0,67.0696
Bend_pickup_normalLight_back,422,,Standing,,0.98,0.0,67.521
Bend_pickup_normalLight_back,423,,Standing,,0.981,0.0,69.9891
Bend_pickup_normalLight_back,424,,Standing,,0.982,0.0,65.726
Bend_pickup_normalLight_back,425,,Standing,,0.982,0.0,65.2213
Bend_pickup_normalLight_back,426,,Standing,,0.983,0.0,64.5443
Bend_pickup_normalLight_back,427,,Standing,,0.983,0.0,71.4985
Bend_pickup_normalLight_back,428,,Standing,,0.983,0.0,66.1464
Bend_pickup_normalLight_back,429,,Standing,,0.983,0.0,65.5494
Bend_pickup_normalLight,31,,Standing,,0.982,0.0,69.2777
Bend_pickup_normalLight,32,,Standing,,0.982,0.0,72.6095
Bend_pickup_normalLight,33,,Standing,,0.981,0.0,82.5305
Bend_pickup_normalLight,34,,Standing,,0.982,0.0,74.3184
Bend_pickup_normalLight,35,,Standing,,0.983,0.0,66.9109
Bend_pickup_normalLight,36,,Standing,,0.984,0.0,67.8003
Bend_pickup_normalLight,37,,Standing,,0.984,0.0,76.321
Bend_pickup_normalLight,38,,Standing,,0.984,0.0,103.6905
Bend_pickup_normalLight,39,,Standing,,0.985,0.0,107.2039
Bend_pickup_normalLight,40,,Standing,,0.985,0.0,82.409
Bend_pickup_normalLight,41,,Standing,,0.985,0.0,90.9064
Bend_pickup_normalLight,42,,Standing,,0.985,0.0,89.9646
Bend_pickup_normalLight,43,,Standing,,0.986,0.0,84.1571
Bend_pickup_normalLight,44,,Standing,,0.987,0.0,68.508
Bend_pickup_normalLight,45,,Standing,,0.989,0.0,70.4793
Bend_pickup_normalLight,46,,Standing,,0.989,0.0,67.2048
Bend_pickup_normalLight,47,,Standing,,0.991,0.0,66.0135
Bend_pickup_normalLight,48,,Standing,,0.991,0.0,66.5588
Bend_pickup_normalLight,49,,Standing,,0.992,0.0,63.1094
Bend_pickup_normalLight,50,,Standing,,0.992,0.0,62.5326
Bend_pickup_normalLight,51,,Standing,,0.992,0.0,76.551
Bend_pickup_normalLight,52,,Standing,,0.993,0.0,70.0065
Bend_pickup_normalLight,53,,Standing,,0.991,0.0,68.5995
Bend_pickup_normalLight,54,,Standing,,0.992,0.0,66.117
Bend_pickup_normalLight,55,,Standing,,0.993,0.0,65.8287
Bend_pickup_normalLight,56,,Standing,,0.985,0.0,96.1126
Bend_pickup_normalLight,57,,Standing,,0.98,0.0,68.2277
Bend_pickup_normalLight,58,,Standing,,0.985,0.0,66.2862
Bend_pickup_normalLight,59,,Standing,,0.98,0.0,67.11
Bend_pickup_normalLight,60,,Standing,,0.981,0.0,66.3564
Bend_pickup_normalLight,61,,Standing,,0.981,0.0,64.8804
Bend_pickup_normalLight,62,,Standing,,0.972,0.0,63.3781
Bend_pickup_normalLight,63,,Standing,,0.97,0.0,63.8044
Bend_pickup_normalLight,64,,Standing,,0.978,0.0,62.7622
Bend_pickup_normalLight,65,,Standing,,0.977,0.0,62.0917
Bend_pickup_normalLight,66,,Standing,,0.985,0.0,67.5548
Bend_pickup_normalLight,67,,Standing,,0.987,0.0,67.1231
Bend_pickup_normalLight,68,,Standing,,0.989,0.0,67.6437
Bend_pickup_normalLight,69,,Standing,,0.989,0.0,64.1001
Bend_pickup_normalLight,70,,Standing,,0.981,0.0,66.6096
Bend_pickup_normalLight,71,,Standing,,0.977,0.0,66.4418
Bend_pickup_normalLight,72,,Standing,,0.978,0.0,63.0216
Bend_pickup_normalLight,73,,Standing,,0.979,0.0,62.7687
Bend_pickup_normalLight,74,,Standing,,0.981,0.0,66.0949
Bend_pickup_normalLight,75,,Standing,,0.982,0.0,71.1113
Bend_pickup_normalLight,76,,Standing,,0.982,0.0,92.5583
Bend_pickup_normalLight,77,,Standing,,0.983,0.0,84.6951
Bend_pickup_normalLight,78,,Standing,,0.986,0.0,101.8198
Bend_pickup_normalLight,79,,Standing,,0.989,0.0,84.3854
Bend_pickup_normalLight,80,,Standing,,0.991,0.0,88.787
Bend_pickup_normalLight,81,,Standing,,0.992,0.0,79.795
Bend_pickup_normalLight,82,Standing,Standing,True,0.993,0.0,81.5754
Bend_pickup_normalLight,83,Standing,Standing,True,0.994,0.0,95.4301
Bend_pickup_normalLight,84,Standing,Standing,True,0.994,0.0,101.6797
Bend_pickup_normalLight,85,Standing,Standing,True,0.994,0.0,100.61
Bend_pickup_normalLight,86,Standing,Standing,True,0.994,0.0,96.656
Bend_pickup_normalLight,87,Standing,Standing,True,0.993,0.0,110.883
Bend_pickup_normalLight,88,Standing,Standing,True,0.992,0.0,95.8739
Bend_pickup_normalLight,89,Standing,Standing,True,0.991,0.0,97.1095
Bend_pickup_normalLight,90,Standing,Standing,True,0.989,0.0,110.1421
Bend_pickup_normalLight,91,Standing,Standing,True,0.986,0.0,85.853
Bend_pickup_normalLight,92,Standing,Standing,True,0.985,0.0,93.0228
Bend_pickup_normalLight,93,Standing,Standing,True,0.985,0.0,86.4649
Bend_pickup_normalLight,94,Standing,Standing,True,0.98,0.0,95.2562
Bend_pickup_normalLight,95,Standing,Standing,True,0.978,0.0,91.6147
Bend_pickup_normalLight,96,Standing,Standing,True,0.972,0.0,81.4176
Bend_pickup_normalLight,97,Standing,Standing,True,0.96,0.0,91.2384
Bend_pickup_normalLight,98,Standing,Standing,True,0.928,0.0,90.8198
Bend_pickup_normalLight,99,Standing,Standing,True,0.919,0.0,88.1545
Bend_pickup_normalLight,100,Standing,Standing,True,0.889,0.0,93.5689
Bend_pickup_normalLight,101,Standing,Standing,True,0.831,0.0,88.9226
Bend_pickup_normalLight,102,Standing,Standing,True,0.729,0.0,113.9395
Bend_pickup_normalLight,103,Standing,Standing,True,0.756,0.0,91.2324
Bend_pickup_normalLight,104,Standing,Standing,True,0.649,0.0,104.3357
Bend_pickup_normalLight,105,Standing,Standing,True,0.589,0.0,97.6077
Bend_pickup_normalLight,106,Standing,Standing,True,0.585,0.0,82.27
Bend_pickup_normalLight,107,Standing,Standing,True,0.64,0.0,91.0079
Bend_pickup_normalLight,108,Standing,Standing,True,0.736,0.0,79.528
Bend_pickup_normalLight,109,Standing,Standing,True,0.8,0.0,77.4305
Bend_pickup_normalLight,110,,Standing,,0.912,0.0,83.8634
Bend_pickup_normalLight,111,,Standing,,0.962,0.0,81.1135
Bend_pickup_normalLight,112,,Standing,,0.971,0.0,78.6306
Bend_pickup_normalLight,113,,Standing,,0.975,0.0,160.9848
Bend_pickup_normalLight,114,,Standing,,0.983,0.0,156.3004
Bend_pickup_normalLight,115,,Standing,,0.984,0.0,108.3599
Bend_pickup_normalLight,116,,Standing,,0.985,0.0,119.8548
Bend_pickup_normalLight,117,,Standing,,0.985,0.0,109.2011
Bend_pickup_normalLight,118,,Standing,,0.985,0.0,113.2669
Bend_pickup_normalLight,119,,Standing,,0.985,0.0,118.7703
Bend_pickup_normalLight,120,,Standing,,0.985,0.0,112.9819
Bend_pickup_normalLight,121,,Standing,,0.985,0.0,113.4849
Bend_pickup_normalLight,122,,Standing,,0.985,0.0,121.1133
Bend_pickup_normalLight,123,,Standing,,0.985,0.0,133.5986
Bend_pickup_normalLight,124,,Standing,,0.985,0.0,129.6993
Bend_pickup_normalLight,125,,Standing,,0.986,0.0,107.3469
Bend_pickup_normalLight,126,,Standing,,0.986,0.0,104.3342
Bend_pickup_normalLight,127,,Standing,,0.986,0.0,110.5894
Bend_pickup_normalLight,128,,Standing,,0.986,0.0,107.1588
Bend_pickup_normalLight,129,,Standing,,0.986,0.0,105.0773
Bend_pickup_normalLight,130,,Standing,,0.986,0.0,112.1476
Bend_pickup_normalLight,131,,Standing,,0.986,0.0,121.8166
Bend_pickup_normalLight,132,,Standing,,0.986,0.0,130.7025
Bend_pickup_normalLight,133,,Standing,,0.986,0.0,119.5495
Bend_pickup_normalLight,134,,Standing,,0.986,0.0,114.3228
Bend_pickup_normalLight,135,,Standing,,0.986,0.0,119.5563
Bend_pickup_normalLight,136,,Standing,,0.986,0.0,118.6915
Bend_pickup_normalLight,137,,Standing,,0.986,0.0,116.9244
Bend_pickup_normalLight,138,,Standing,,0.986,0.0,103.875
Bend_pickup_normalLight,139,,Standing,,0.986,0.0,105.5116
Bend_pickup_normalLight,140,,Standing,,0.986,0.0,119.4895
Bend_pickup_normalLight_leftRight,31,,Standing,,0.472,0.0,123.537
Bend_pickup_normalLight_leftRight,32,,Standing,,0.487,0.0,121.8341
Bend_pickup_normalLight_leftRight,33,,Standing,,0.501,0.0,113.5127
Bend_pickup_normalLight_leftRight,34,,Standing,,0.5,0.0,112.4214
Bend_pickup_normalLight_leftRight,35,,Standing,,0.486,0.0,99.0834
Bend_pickup_normalLight_leftRight,36,,Standing,,0.444,0.0,96.3182
Bend_pickup_normalLight_leftRight,37,,Standing,,0.397,0.0,106.9356
Bend_pickup_normalLight_leftRight,38,,Standing,,0.343,0.0,125.5634
Bend_pickup_normalLight_leftRight,39,,Lying,,0.408,0.0,123.5183
Bend_pickup_normalLight_leftRight,40,,Lying,,0.475,0.0,140.0716
Bend_pickup_normalLight_leftRight,41,,Lying,,0.524,0.0,107.425
Bend_pickup_normalLight_leftRight,42,,Lying,,0.576,0.0,103.015
Bend_pickup_normalLight_leftRight,43,,Lying,,0.632,0.0,94.2532
Bend_pickup_normalLight_leftRight,44,,Lying,,0.687,0.0,98.3769
Bend_pickup_normalLight_leftRight,45,,Lying,,0.71,0.0,88.0881
Bend_pickup_normalLight_leftRight,46,,Lying,,0.715,0.0,90.7831
Bend_pickup_normalLight_leftRight,47,,Lying,,0.706,0.0,85.3094
Bend_pickup_normalLight_leftRight,48,,Lying,,0.685,0.0,94.9454
Bend_pickup_normalLight_leftRight,49,,Lying,,0.658,0.0,76.6302
Bend_pickup_normalLight_leftRight,50,,Lying,,0.651,0.0,80.7697
Bend_pickup_normalLight_leftRight,51,,Lying,,0.651,0.0,79.4895
Bend_pickup_normalLight_leftRight,52,,Lying,,0.666,0.0,93.8852
Bend_pickup_normalLight_leftRight,53,,Lying,,0.671,0.0,77.155
Bend_pickup_normalLight_leftRight,54,,Lying,,0.669,0.0,75.1741
Bend_pickup_normalLight_leftRight,55,,Lying,,0.671,0.0,77.0701
Bend_pickup_normalLight_leftRight,56,,Lying,,0.67,0.0,92.2542
Bend_pickup_normalLight_leftRight,57,,Lying,,0.654,0.0,99.672
Bend_pickup_normalLight_leftRight,58,,Lying,,0.624,0.0,113.2421
Bend_pickup_normalLight_leftRight,59,,Lying,,0.561,0.0,119.5337
Bend_pickup_normalLight_leftRight,60,,Lying,,0.506,0.0,108.4696
Bend_pickup_normalLight_leftRight,61,,Lying,,0.603,0.0,108.0694
Bend_pickup_normalLight_leftRight,62,,Lying,,0.658,0.0,122.6266
Bend_pickup_normalLight_leftRight,63,,Lying,,0.685,0.0,117.942
Bend_pickup_normalLight_leftRight,64,,Lying,,0.701,0.0,119.0511
Bend_pickup_normalLight_leftRight,65,,Lying,,0.717,0.0,141.8177
Bend_pickup_normalLight_leftRight,66,,Lying,,0.734,0.0,116.7774
Bend_pickup_normalLight_leftRight,67,,Lying,,0.751,0.0,150.7241
Bend_pickup_normalLight_leftRight,68,,Lying,,0.769,0.0,119.9744
Bend_pickup_normalLight_leftRight,69,,Lying,,0.782,0.0,119.1345
Bend_pickup_normalLight_leftRight,70,,Lying,,0.793,0.0,122.1991
Bend_pickup_normalLight_leftRight,71,,Lying,,0.803,0.0,118.9454
Bend_pickup_normalLight_leftRight,72,,Lying,,0.812,0.0,114.4342
Bend_pickup_normalLight_leftRight,73,,Lying,,0.821,0.0,115.4273
Bend_pickup_normalLight_leftRight,74,,Lying,,0.834,0.0,123.1976
Bend_pickup_normalLight_leftRight,75,,Lying,,0.845,0.0,121.5508
Bend_pickup_normalLight_leftRight,76,,Lying,,0.858,0.0,118.9919
Bend_pickup_normalLight_leftRight,77,,Lying,,0.865,0.0,119.1177
Bend_pickup_normalLight_leftRight,78,,Lying,,0.866,0.0,117.0274
Bend_pickup_normalLight_leftRight,79,,Lying,,0.869,0.0,113.2865
Bend_pickup_normalLight_leftRight,80,,Lying,,0.867,0.0,117.0225
Bend_pickup_normalLight_leftRight,81,,Lying,,0.876,0.0,112.4414
Bend_pickup_normalLight_leftRight,82,,Lying,,0.892,0.0,114.2382
Bend_pickup_normalLight_leftRight,83,,Lying,,0.91,0.0,134.3702
Bend_pickup_normalLight_leftRight,84,,Lying,,0.926,0.0,99.9414
Bend_pickup_normalLight_leftRight,85,,Lying,,0.943,0.0,101.1438
Bend_pickup_normalLight_leftRight,86,,Lying,,0.955,0.0,97.7493
Bend_pickup_normalLight_leftRight,87,Standing,Lying,False,0.964,0.0,106.3039
Bend_pickup_normalLight_leftRight,88,Standing,Lying,False,0.97,0.0,88.1416
Bend_pickup_normalLight_leftRight,89,Standing,Lying,False,0.974,0.0,79.3048
Bend_pickup_normalLight_leftRight,90,Standing,Lying,False,0.976,0.0,76.3961
Bend_pickup_normalLight_leftRight,91,Standing,Lying,False,0.978,0.0,76.5732
Bend_pickup_normalLight_leftRight,92,Standing,Lying,False,0.979,0.0,75.056
Bend_pickup_normalLight_leftRight,93,Standing,Lying,False,0.98,0.0,85.8167
Bend_pickup_normalLight_leftRight,94,Standing,Lying,False,0.98,0.0,101.6639
Bend_pickup_normalLight_leftRight,95,Standing,Lying,False,0.98,0.0,135.2228
Bend_pickup_normalLight_leftRight,96,Standing,Lying,False,0.979,0.0,103.3672
Bend_pickup_normalLight_leftRight,97,Standing,Lying,False,0.977,0.0,90.2933
Bend_pickup_normalLight_leftRight,98,Standing,Lying,False,0.977,0.0,81.4378
Bend_pickup_normalLight_leftRight,99,Standing,Lying,False,0.974,0.0,72.2252
Bend_pickup_normalLight_leftRight,100,Standing,Lying,False,0.967,0.0,69.539
Bend_pickup_normalLight_leftRight,101,Standing,Lying,False,0.956,0.0,67.095
Bend_pickup_normalLight_leftRight,102,Standing,Lying,False,0.908,0.0,64.6542
Bend_pickup_normalLight_leftRight,103,Standing,Lying,False,0.618,0.0,65.222
Bend_pickup_normalLight_leftRight,104,Standing,Standing,True,0.711,0.0,62.1415
Bend_pickup_normalLight_leftRight,105,Standing,Standing,True,0.932,0.0,67.4147
Bend_pickup_normalLight_leftRight,106,Standing,Standing,True,0.973,0.0,64.9579
Bend_pickup_normalLight_leftRight,107,Standing,Standing,True,0.98,0.0,61.1391
Bend_pickup_normalLight_leftRight,108,Standing,Standing,True,0.981,0.0,64.6096
Bend_pickup_normalLight_leftRight,109,Standing,Standing,True,0.98,0.0,83.0791
Bend_pickup_normalLight_leftRight,110,Standing,Standing,True,0.98,0.0,69.908
Bend_pickup_normalLight_leftRight,111,Standing,Standing,True,0.978,0.0,66.7076
Bend_pickup_normalLight_leftRight,112,Standing,Standing,True,0.977,0.0,63.591
Bend_pickup_normalLight_leftRight,113,Standing,Standing,True,0.975,0.0,66.7449
Bend_pickup_normalLight_leftRight,114,Standing,Standing,True,0.974,0.0,64.7468
Bend_pickup_normalLight_leftRight,115,Standing,Standing,True,0.972,0.0,64.2913
Bend_pickup_normalLight_leftRight,116,Standing,Standing,True,0.97,0.0,62.5637
Bend_pickup_normalLight_leftRight,117,Standing,Standing,True,0.968,0.0,63.2594
Bend_pickup_normalLight_leftRight,118,Standing,Standing,True,0.967,0.0,61.6127
Bend_pickup_normalLight_leftRight,119,Standing,Standing,True,0.963,0.0,62.7026
Bend_pickup_normalLight_leftRight,120,Standing,Standing,True,0.97,0.0,63.1807
Bend_pickup_normalLight_leftRight,121,Standing,Standing,True,0.979,0.0,66.0457
Bend_pickup_normalLight_leftRight,122,Standing,Standing,True,0.984,0.0,61.9078
Bend_pickup_normalLight_leftRight,123,Standing,Standing,True,0.985,0.0,61.2376
Bend_pickup_normalLight_leftRight,124,Standing,Standing,True,0.986,0.0,61.3545
Bend_pickup_normalLight_leftRight,125,Standing,Standing,True,0.986,0.0,89.8439
Bend_pickup_normalLight_leftRight,126,Standing,Standing,True,0.987,0.0,109.5571
Bend_pickup_normalLight_leftRight,127,Standing,Standing,True,0.987,0.0,91.502
Bend_pickup_normalLight_leftRight,128,Standing,Standing,True,0.987,0.0,93.4575
Bend_pickup_normalLight_leftRight,129,Standing,Standing,True,0.987,0.0,94.3275
Bend_pickup_normalLight_leftRight,130,Standing,Standing,True,0.987,0.0,87.7759
Bend_pickup_normalLight_leftRight,131,Standing,Standing,True,0.987,0.0,118.1714
Bend_pickup_normalLight_leftRight,132,Standing,Standing,True,0.987,0.0,127.3637
Bend_pickup_normalLight_leftRight,133,Standing,Standing,True,0.987,0.0,89.8968
Bend_pickup_normalLight_leftRight,134,Standing,Standing,True,0.987,0.0,110.1883
Bend_pickup_normalLight_leftRight,135,Standing,Standing,True,0.987,0.0,124.6431
Bend_pickup_normalLight_leftRight,136,Standing,Standing,True,0.987,0.0,113.0181
Bend_pickup_normalLight_leftRight,137,Standing,Standing,True,0.987,0.0,98.3566
Bend_pickup_normalLight_leftRight,138,Standing,Standing,True,0.987,0.0,96.9138
Bend_pickup_normalLight_leftRight,139,Standing,Standing,True,0.987,0.0,81.16
Bend_pickup_normalLight_leftRight,140,Standing,Standing,True,0.987,0.0,77.4376
Bend_pickup_normalLight_leftRight,141,Standing,Standing,True,0.987,0.0,83.9679
Bend_pickup_normalLight_leftRight,142,Standing,Standing,True,0.987,0.0,80.2424
Bend_pickup_normalLight_leftRight,143,Standing,Standing,True,0.986,0.0,68.4712
Bend_pickup_normalLight_leftRight,144,Standing,Standing,True,0.986,0.0,67.4135
Bend_pickup_normalLight_leftRight,145,Standing,Standing,True,0.986,0.0,71.1844
Bend_pickup_normalLight_leftRight,146,Standing,Standing,True,0.986,0.0,76.2866
Bend_pickup_normalLight_leftRight,147,Standing,Standing,True,0.986,0.0,81.1294
Bend_pickup_normalLight_leftRight,148,Standing,Standing,True,0.986,0.0,116.9701
Bend_pickup_normalLight_leftRight,149,Standing,Standing,True,0.986,0.0,124.3639
Bend_pickup_normalLight_leftRight,150,Standing,Standing,True,0.986,0.0,121.1322
Bend_pickup_normalLight_leftRight,151,Standing,Standing,True,0.986,0.0,108.788
Bend_pickup_normalLight_leftRight,152,Standing,Standing,True,0.986,0.0,125.6775
Bend_pickup_normalLight_leftRight,153,Standing,Standing,True,0.986,0.0,123.9956
Bend_pickup_normalLight_leftRight,154,Standing,Standing,True,0.986,0.0,148.8371
Bend_pickup_normalLight_leftRight,155,Standing,Standing,True,0.986,0.0,118.368
Bend_pickup_normalLight_leftRight,156,Standing,Standing,True,0.986,0.0,106.5576
Bend_pickup_normalLight_leftRight,157,Standing,Standing,True,0.986,0.0,118.5999
Bend_pickup_normalLight_leftRight,158,Standing,Standing,True,0.986,0.0,132.5743
Bend_pickup_normalLight_leftRight,159,Standing,Standing,True,0.986,0.0,118.8516
Bend_pickup_normalLight_leftRight,160,Standing,Standing,True,0.986,0.0,100.5662
Bend_pickup_normalLight_leftRight,161,Standing,Standing,True,0.986,0.0,112.4078
Bend_pickup_normalLight_leftRight,162,Standing,Standing,True,0.985,0.0,122.9781
Bend_pickup_normalLight_leftRight,163,Standing,Standing,True,0.985,0.0,117.265
Bend_pickup_normalLight_leftRight,164,Standing,Standing,True,0.985,0.0,113.1451
Bend_pickup_normalLight_leftRight,165,Standing,Standing,True,0.985,0.0,109.1257
Bend_pickup_normalLight_leftRight,166,Standing,Standing,True,0.985,0.0,99.9996
Bend_pickup_normalLight_leftRight,167,Standing,Standing,True,0.984,0.0,125.2683
Bend_pickup_normalLight_leftRight,168,Standing,Standing,True,0.984,0.0,117.4042
Bend_pickup_normalLight_leftRight,169,Standing,Standing,True,0.984,0.0,133.5499
Bend_pickup_normalLight_leftRight,170,Standing,Standing,True,0.983,0.0,117.0901
Bend_pickup_normalLight_leftRight,171,Standing,Standing,True,0.983,0.0,119.2201
Bend_pickup_normalLight_leftRight,172,Standing,Standing,True,0.982,0.0,163.0012
Bend_pickup_normalLight_leftRight,173,Standing,Standing,True,0.982,0.0,217.6068
Bend_pickup_normalLight_leftRight,174,,Standing,,0.981,0.0,193.8584
Bend_pickup_normalLight_leftRight,175,,Standing,,0.981,0.0,206.3833
Bend_pickup_normalLight_leftRight,176,,Standing,,0.981,0.0,169.4497
Bend_pickup_normalLight_leftRight,177,,Standing,,0.981,0.0,127.3046
Bend_pickup_normalLight_leftRight,178,,Standing,,0.981,0.0,146.1389
Bend_pickup_normalLight_leftRight,179,,Standing,,0.981,0.0,187.1154
Bend_pickup_normalLight_leftRight,180,,Standing,,0.981,0.0,157.8128
Bend_pickup_normalLight_leftRight,181,,Standing,,0.981,0.0,134.6992
Bend_pickup_normalLight_leftRight,182,,Standing,,0.981,0.0,106.7819
Bend_pickup_normalLight_leftRight,183,,Standing,,0.981,0.0,133.7327
Bend_pickup_normalLight_leftRight,184,,Standing,,0.982,0.0,173.4427
Bend_pickup_normalLight_leftRight,185,,Standing,,0.982,0.0,146.1685
Bend_pickup_normalLight_leftRight,186,,Standing,,0.982,0.0,137.8174
Bend_pickup_normalLight_leftRight,187,,Standing,,0.982,0.0,116.4326
Bend_pickup_normalLight_leftRight,188,,Standing,,0.981,0.0,189.0585
Bend_pickup_normalLight_leftRight,189,,Standing,,0.982,0.0,144.0848
Bend_pickup_normalLight_leftRight,190,,Standing,,0.982,0.0,171.3921
Bend_pickup_normalLight_leftRight,191,,Standing,,0.982,0.0,186.1121
Bend_pickup_normalLight_leftRight,192,,Standing,,0.982,0.0,138.9164
Bend_pickup_normalLight_leftRight,193,,Standing,,0.982,0.0,121.9524
Bend_pickup_normalLight_leftRight,194,,Standing,,0.982,0.0,130.5537
Bend_pickup_normalLight_leftRight,195,,Standing,,0.983,0.0,131.1499
Bend_pickup_normalLight_leftRight,196,,Standing,,0.983,0.0,226.5331
Bend_pickup_normalLight_leftRight,197,,Standing,,0.983,0.0,207.8281
Bend_pickup_normalLight_leftRight,198,,Standing,,0.983,0.0,227.4796
Bend_pickup_normalLight_leftRight,199,,Standing,,0.983,0.0,218.5413
Bend_pickup_normalLight_leftRight,200,,Standing,,0.983,0.0,223.6228
Bend_pickup_normalLight_leftRight,201,,Standing,,0.983,0.0,235.6521
Bend_pickup_normalLight_leftRight,202,,Standing,,0.983,0.0,139.2338
Bend_pickup_normalLight_leftRight,203,,Standing,,0.983,0.0,114.976
Bend_pickup_normalLight_leftRight,204,,Standing,,0.982,0.0,125.245
Bend_pickup_normalLight_leftRight,205,,Standing,,0.982,0.0,106.1305
Bend_pickup_normalLight_leftRight,206,,Standing,,0.981,0.0,117.4221
Bend_pickup_normalLight_leftRight,207,,Standing,,0.982,0.0,102.1263
Bend_pickup_normalLight_leftRight,208,,Standing,,0.98,0.0,117.1371
Bend_pickup_normalLight_leftRight,209,,Standing,,0.979,0.0,116.7011
Bend_pickup_normalLight_leftRight,210,,Standing,,0.979,0.0,99.6811
Bend_pickup_normalLight_leftRight,211,,Standing,,0.977,0.0,112.4461
Bend_pickup_normalLight_leftRight,212,,Standing,,0.975,0.0,111.0121
Bend_pickup_normalLight_leftRight,213,,Standing,,0.974,0.0,118.737
Bend_pickup_normalLight_leftRight,214,,Standing,,0.972,0.0,169.3239
Bend_pickup_normalLight_leftRight,215,,Standing,,0.97,0.0,132.2934
Bend_pickup_normalLight_leftRight,216,,Standing,,0.966,0.0,164.6553
Bend_pickup_normalLight_leftRight,217,,Standing,,0.963,0.0,150.7858
Bend_pickup_normalLight_leftRight,218,,Standing,,0.96,0.0,129.9311
Bend_pickup_normalLight_leftRight,219,,Standing,,0.955,0.0,136.229
Bend_pickup_normalLight_leftRight,220,,Standing,,0.945,0.0,136.9385
Bend_pickup_normalLight_leftRight,221,,Standing,,0.929,0.0,139.5179
Bend_pickup_normalLight_leftRight,222,,Standing,,0.899,0.0,127.7915
Bend_pickup_normalLight_leftRight,223,,Standing,,0.857,0.0,104.7793
Bend_pickup_normalLight_leftRight,224,,Standing,,0.789,0.0,100.1308
Bend_pickup_normalLight_leftRight,225,,Standing,,0.689,0.0,100.6338
Bend_pickup_normalLight_leftRight,226,,Standing,,0.548,0.0,92.2753
Bend_pickup_normalLight_leftRight,227,,Lying,,0.332,0.0,102.5418
Bend_pickup_normalLight_leftRight,228,,Lying,,0.509,0.0,84.4536
Bend_pickup_normalLight_leftRight,229,,Lying,,0.644,0.0,77.2745
Bend_pickup_normalLight_leftRight,230,,Lying,,0.764,0.0,73.5048
Bend_pickup_normalLight_leftRight,231,,Lying,,0.838,0.0,95.542
Bend_pickup_normalLight_leftRight,232,,Lying,,0.901,0.0,106.4735
Bend_pickup_normalLight_leftRight,233,,Lying,,0.938,0.0,95.3339
Bend_pickup_normalLight_leftRight,234,,Lying,,0.958,0.0,84.6736
Bend_pickup_normalLight_leftRight,235,,Lying,,0.967,0.0,121.3486
Bend_pickup_normalLight_leftRight,236,,Lying,,0.972,0.0,184.6198
Bend_pickup_normalLight_leftRight,237,,Lying,,0.975,0.0,120.6734
Bend_pickup_normalLight_leftRight,238,,Lying,,0.977,0.0,95.25
Bend_pickup_normalLight_leftRight,239,,Lying,,0.976,0.0,104.9334
Bend_pickup_normalLight_leftRight,240,,Lying,,0.976,0.0,93.5082
Bend_pickup_normalLight_leftRight,241,,Lying,,0.975,0.0,90.2711
Bend_pickup_normalLight_leftRight,242,,Lying,,0.977,0.0,95.9605
Bend_pickup_normalLight_leftRight,243,,Lying,,0.974,0.0,133.8239
Bend_pickup_normalLight_leftRight,244,,Lying,,0.976,0.0,92.1826
Bend_pickup_normalLight_leftRight,245,,Lying,,0.973,0.0,88.1094
Bend_pickup_normalLight_leftRight,246,,Lying,,0.972,0.0,78.3834
Bend_pickup_normalLight_leftRight,247,,Lying,,0.972,0.0,75.1769
Bend_pickup_normalLight_leftRight,248,,Lying,,0.969,0.0,74.2188
Bend_pickup_normalLight_leftRight,249,,Lying,,0.967,0.0,72.8283
Bend_pickup_normalLight_leftRight,250,,Lying,,0.962,0.0,70.0945
Bend_pickup_normalLight_leftRight,251,,Lying,,0.957,0.0,75.5214
Bend_pickup_normalLight_leftRight,252,,Lying,,0.953,0.0,83.7709
Bend_pickup_normalLight_leftRight,253,,Lying,,0.948,0.0,117.2942
Bend_pickup_normalLight_leftRight,254,,Lying,,0.942,0.0,93.6648
Bend_pickup_normalLight_leftRight,255,,Lying,,0.94,0.0,101.236
Bend_pickup_normalLight_leftRight,256,,Lying,,0.936,0.0,94.2553
Bend_pickup_normalLight_leftRight,257,,Lying,,0.93,0.0,109.3939
Bend_pickup_normalLight_leftRight,258,,Lying,,0.923,0.0,102.3502
Bend_pickup_normalLight_leftRight,259,,Lying,,0.913,0.0,111.4818
Bend_pickup_normalLight_leftRight,260,,Lying,,0.905,0.0,125.2156
Bend_pickup_normalLight_leftRight,261,Standing,Lying,False,0.902,0.0,100.6854
Bend_pickup_normalLight_leftRight,262,Standing,Lying,False,0.89,0.0,97.8778
Bend_pickup_normalLight_leftRight,263,Standing,Lying,False,0.879,0.0,112.1571
Bend_pickup_normalLight_leftRight,264,Standing,Lying,False,0.864,0.0,113.5365
Bend_pickup_normalLight_leftRight,265,Standing,Lying,False,0.849,0.0,106.4266
Bend_pickup_normalLight_leftRight,266,Standing,Lying,False,0.829,0.0,111.6516
Bend_pickup_normalLight_leftRight,267,Standing,Lying,False,0.829,0.0,126.0288
Bend_pickup_normalLight_leftRight,268,Standing,Lying,False,0.832,0.0,113.8271
Bend_pickup_normalLight_leftRight,269,Standing,Lying,False,0.838,0.0,117.7518
Bend_pickup_normalLight_leftRight,270,Standing,Lying,False,0.842,0.0,126.6975
Bend_pickup_normalLight_leftRight,271,Standing,Lying,False,0.846,0.0,118.7338
Bend_pickup_normalLight_leftRight,272,Standing,Lying,False,0.857,0.0,140.7287
Bend_pickup_normalLight_leftRight,273,Standing,Lying,False,0.864,0.0,159.6871
Bend_pickup_normalLight_leftRight,274,Standing,Lying,False,0.879,0.0,122.7587
Bend_pickup_normalLight_leftRight,275,Standing,Lying,False,0.889,0.0,93.4008
Bend_pickup_normalLight_leftRight,276,Standing,Lying,False,0.892,0.0,87.8417
Bend_pickup_normalLight_leftRight,277,Standing,Lying,False,0.893,0.0,83.3732
Bend_pickup_normalLight_leftRight,278,Standing,Lying,False,0.891,0.0,96.3307
Bend_pickup_normalLight_leftRight,279,Standing,Lying,False,0.883,0.0,81.4706
Bend_pickup_normalLight_leftRight,280,Standing,Lying,False,0.868,0.0,72.0712
Bend_pickup_normalLight_leftRight,281,Standing,Lying,False,0.835,0.0,71.0082
Bend_pickup_normalLight_leftRight,282,Standing,Lying,False,0.783,0.0,71.552
Bend_pickup_normalLight_leftRight,283,Standing,Lying,False,0.703,0.0,70.065
Bend_pickup_normalLight_leftRight,284,Standing,Lying,False,0.592,0.0,74.613
Bend_pickup_normalLight_leftRight,285,Standing,Lying,False,0.487,0.0,77.9842
Bend_pickup_normalLight_leftRight,286,Standing,Lying,False,0.666,0.0,117.4123
Bend_pickup_normalLight_leftRight,287,Standing,Lying,False,0.789,0.0,182.5181
Bend_pickup_normalLight_leftRight,288,Standing,Lying,False,0.601,0.0,160.2327
Bend_pickup_normalLight_leftRight,289,Standing,Standing,True,0.83,0.0,184.2945
Bend_pickup_normalLight_leftRight,290,Standing,Standing,True,0.949,0.0,250.614
Bend_pickup_normalLight_leftRight,291,Standing,Standing,True,0.956,0.0,437.1962
Bend_pickup_normalLight_leftRight,292,Standing,Standing,True,0.962,0.0,165.6139
Bend_pickup_normalLight_leftRight,293,Standing,Standing,True,0.975,0.0,137.1731
Bend_pickup_normalLight_leftRight,294,Standing,Standing,True,0.977,0.0,115.9888
Bend_pickup_normalLight_leftRight,295,Standing,Standing,True,0.979,0.0,133.8287
Bend_pickup_normalLight_leftRight,296,Standing,Standing,True,0.981,0.0,163.2419
Bend_pickup_normalLight_leftRight,297,Standing,Standing,True,0.982,0.0,162.2454
Bend_pickup_normalLight_leftRight,298,Standing,Standing,True,0.983,0.0,139.3756
Bend_pickup_normalLight_leftRight,299,Standing,Standing,True,0.984,0.0,174.9483
Bend_pickup_normalLight_leftRight,300,Standing,Standing,True,0.984,0.0,131.7313
Bend_pickup_normalLight_leftRight,301,Standing,Standing,True,0.984,0.0,135.2732
Bend_pickup_normalLight_leftRight,302,Standing,Standing,True,0.984,0.0,120.837
Bend_pickup_normalLight_leftRight,303,Standing,Standing,True,0.985,0.0,119.8988
Bend_pickup_normalLight_leftRight,304,Standing,Standing,True,0.985,0.0,123.893
Bend_pickup_normalLight_leftRight,305,Standing,Standing,True,0.985,0.0,166.9846
Bend_pickup_normalLight_leftRight,306,Standing,Standing,True,0.985,0.0,114.7023
Bend_pickup_normalLight_leftRight,307,Standing,Standing,True,0.985,0.0,133.8329
Bend_pickup_normalLight_leftRight,308,Standing,Standing,True,0.985,0.0,155.2213
Bend_pickup_normalLight_leftRight,309,Standing,Standing,True,0.985,0.0,144.4549
Bend_pickup_normalLight_leftRight,310,Standing,Standing,True,0.985,0.0,148.249
Bend_pickup_normalLight_leftRight,311,Standing,Standing,True,0.985,0.0,130.8349
Bend_pickup_normalLight_leftRight,312,Standing,Standing,True,0.986,0.0,122.3091
Bend_pickup_normalLight_leftRight,313,Standing,Standing,True,0.986,0.0,157.0018
Bend_pickup_normalLight_leftRight,314,Standing,Standing,True,0.986,0.0,218.3939
Bend_pickup_normalLight_leftRight,315,Standing,Standing,True,0.986,0.0,151.7332
Bend_pickup_normalLight_leftRight,316,Standing,Standing,True,0.986,0.0,184.8306
Bend_pickup_normalLight_leftRight,317,Standing,Standing,True,0.986,0.0,151.1672
Bend_pickup_normalLight_leftRight,318,Standing,Standing,True,0.986,0.0,182.4622
Bend_pickup_normalLight_leftRight,319,Standing,Standing,True,0.986,0.0,162.2585
Bend_pickup_normalLight_leftRight,320,Standing,Standing,True,0.985,0.0,149.7127
Bend_pickup_normalLight_leftRight,321,,Standing,,0.985,0.0,130.5704
Bend_pickup_normalLight_leftRight,322,,Standing,,0.985,0.0,149.6642
Bend_pickup_normalLight_leftRight,323,,Standing,,0.985,0.0,124.6281
Bend_pickup_normalLight_leftRight,324,,Standing,,0.985,0.0,118.1635
Bend_pickup_normalLight_leftRight,325,,Standing,,0.985,0.0,118.3196
Bend_pickup_normalLight_leftRight,326,,Standing,,0.985,0.0,101.7823
Bend_pickup_normalLight_leftRight,327,,Standing,,0.985,0.0,116.6223
Bend_pickup_normalLight_leftRight,328,,Standing,,0.985,0.0,125.5932
Bend_pickup_normalLight_leftRight,329,,Standing,,0.985,0.0,134.2649
Bend_pickup_normalLight_leftRight,330,,Standing,,0.985,0.0,133.1194
Bend_pickup_normalLight_leftRight,331,,Standing,,0.985,0.0,163.3531
Bend_pickup_normalLight_leftRight,332,,Standing,,0.985,0.0,164.0039
Bend_pickup_normalLight_leftRight,333,,Standing,,0.985,0.0,136.6604
Bend_pickup_squat_lowLight,31,,Standing,,0.923,0.0,132.9586
Bend_pickup_squat_lowLight,32,,Standing,,0.922,0.0,143.6141
Bend_pickup_squat_lowLight,33,,Standing,,0.927,0.0,154.6753
Bend_pickup_squat_lowLight,34,,Standing,,0.932,0.0,136.3453
Bend_pickup_squat_lowLight,35,,Standing,,0.932,0.0,124.1014
Bend_pickup_squat_lowLight,36,,Standing,,0.939,0.0,112.2604
Bend_pickup_squat_lowLight,37,,Standing,,0.95,0.0,115.9728
Bend_pickup_squat_lowLight,38,,Standing,,0.953,0.0,120.9778
Bend_pickup_squat_lowLight,39,,Standing,,0.958,0.0,118.3216
Bend_pickup_squat_lowLight,40,,Standing,,0.959,0.0,160.8648
Bend_pickup_squat_lowLight,41,,Standing,,0.962,0.0,171.8473
Bend_pickup_squat_lowLight,42,,Standing,,0.96,0.0,178.3718
Bend_pickup_squat_lowLight,43,,Standing,,0.964,0.0,180.3289
Bend_pickup_squat_lowLight,44,,Standing,,0.965,0.0,178.175
Bend_pickup_squat_lowLight,45,,Standing,,0.964,0.0,190.88
Bend_pickup_squat_lowLight,46,,Standing,,0.958,0.0,138.3236
Bend_pickup_squat_lowLight,47,,Standing,,0.951,0.0,136.0414
Bend_pickup_squat_lowLight,48,,Standing,,0.942,0.0,135.5815
Bend_pickup_squat_lowLight,49,,Standing,,0.921,0.0,129.1301
Bend_pickup_squat_lowLight,50,,Standing,,0.89,0.0,177.4202
Bend_pickup_squat_lowLight,51,,Standing,,0.852,0.0,115.3101
Bend_pickup_squat_lowLight,52,,Standing,,0.861,0.0,101.366
Bend_pickup_squat_lowLight,53,,Standing,,0.879,0.0,99.0168
Bend_pickup_squat_lowLight,54,,Standing,,0.901,0.0,114.3342
Bend_pickup_squat_lowLight,55,,Standing,,0.922,0.0,106.6115
Bend_pickup_squat_lowLight,56,,Standing,,0.94,0.0,94.0496
Bend_pickup_squat_lowLight,57,,Standing,,0.952,0.0,104.7103
Bend_pickup_squat_lowLight,58,,Standing,,0.961,0.0,99.182
Bend_pickup_squat_lowLight,59,,Standing,,0.972,0.0,107.0217
Bend_pickup_squat_lowLight,60,,Standing,,0.977,0.0,89.6126
Bend_pickup_squat_lowLight,61,,Standing,,0.978,0.0,81.2178
Bend_pickup_squat_lowLight,62,,Standing,,0.976,0.0,80.7063
Bend_pickup_squat_lowLight,63,,Standing,,0.968,0.0,89.9656
Bend_pickup_squat_lowLight,64,,Standing,,0.961,0.0,85.9051
Bend_pickup_squat_lowLight,65,,Standing,,0.942,0.0,88.0439
Bend_pickup_squat_lowLight,66,,Standing,,0.913,0.0,87.244
Bend_pickup_squat_lowLight,67,,Standing,,0.878,0.0,87.9456
Bend_pickup_squat_lowLight,68,,Standing,,0.842,0.0,77.3128
Bend_pickup_squat_lowLight,69,,Standing,,0.788,0.0,88.5219
Bend_pickup_squat_lowLight,70,,Standing,,0.694,0.0,83.9438
Bend_pickup_squat_lowLight,71,,Standing,,0.576,0.0,79.9871
Bend_pickup_squat_lowLight,72,,Standing,,0.497,0.0,79.4703
Bend_pickup_squat_lowLight,73,,Sitting,,0.491,0.0,79.7639
Bend_pickup_squat_lowLight,74,,Sitting,,0.504,0.0,77.2948
Bend_pickup_squat_lowLight,75,,Sitting,,0.497,0.0,84.9219
Bend_pickup_squat_lowLight,76,,Sitting,,0.508,0.0,82.5798
Bend_pickup_squat_lowLight,77,,Sitting,,0.513,0.0,113.1032
Bend_pickup_squat_lowLight,78,,Sitting,,0.501,0.0,145.2891
Bend_pickup_squat_lowLight,79,,Standing,,0.493,0.0,121.1711
Bend_pickup_squat_lowLight,80,,Standing,,0.558,0.0,95.0619
Bend_pickup_squat_lowLight,81,,Standing,,0.6,0.0,103.1964
Bend_pickup_squat_lowLight,82,,Standing,,0.647,0.0,102.1878
Bend_pickup_squat_lowLight,83,,Standing,,0.711,0.0,79.5378
Bend_pickup_squat_lowLight,84,,Standing,,0.732,0.0,82.8711
Bend_pickup_squat_lowLight,85,,Standing,,0.769,0.0,72.4386
Bend_pickup_squat_lowLight,86,,Standing,,0.831,0.0,76.4682
Bend_pickup_squat_lowLight,87,,Standing,,0.82,0.0,73.6092
Bend_pickup_squat_lowLight,88,,Standing,,0.816,0.0,69.6613
Bend_pickup_squat_lowLight,89,,Standing,,0.804,0.0,71.277
Bend_pickup_squat_lowLight,90,,Standing,,0.764,0.0,68.7748
Bend_pickup_squat_lowLight,91,,Standing,,0.712,0.0,81.0649
Bend_pickup_squat_lowLight,92,,Standing,,0.636,0.0,83.1963
Bend_pickup_squat_lowLight,93,,Standing,,0.578,0.0,90.6266
Bend_pickup_squat_lowLight,94,,Standing,,0.598,0.0,80.6535
Bend_pickup_squat_lowLight,95,,Standing,,0.58,0.0,78.4829
Bend_pickup_squat_lowLight,96,,Standing,,0.627,0.0,73.4047
Bend_pickup_squat_lowLight,97,,Standing,,0.568,0.0,73.7151
Bend_pickup_squat_lowLight,98,,Standing,,0.568,0.0,72.3446
Bend_pickup_squat_lowLight,99,,Standing,,0.56,0.0,65.6222
Bend_pickup_squat_lowLight,100,,Standing,,0.581,0.0,102.5819
Bend_pickup_squat_lowLight,101,,Standing,,0.595,0.0,101.4214
Bend_pickup_squat_lowLight,102,,Standing,,0.652,0.0,89.2029
Bend_pickup_squat_lowLight,103,,Standing,,0.746,0.0,123.125
Bend_pickup_squat_lowLight,104,,Standing,,0.832,0.0,106.6733
Bend_pickup_squat_lowLight,105,,Standing,,0.882,0.0,156.4837
Bend_pickup_squat_lowLight,106,,Standing,,0.913,0.0,162.9834
Bend_pickup_squat_lowLight,107,,Standing,,0.937,0.0,127.325
Bend_pickup_squat_lowLight,108,,Standing,,0.954,0.0,110.6837
Bend_pickup_squat_lowLight,109,,Standing,,0.964,0.0,131.1935
Bend_pickup_squat_lowLight,110,,Standing,,0.971,0.0,101.3055
Bend_pickup_squat_lowLight,111,,Standing,,0.976,0.0,101.2583
Bend_pickup_squat_lowLight,112,,Standing,,0.98,0.0,148.5176
Bend_pickup_squat_lowLight,113,,Standing,,0.982,0.0,150.5215
Bend_pickup_squat_lowLight,114,,Standing,,0.983,0.0,135.8512
Bend_pickup_squat_lowLight,115,,Standing,,0.984,0.0,97.8667
Bend_pickup_squat_lowLight,116,,Standing,,0.984,0.0,98.4191
Bend_pickup_squat_lowLight,117,Standing,Standing,True,0.985,0.0,109.4713
Bend_pickup_squat_lowLight,118,Standing,Standing,True,0.985,0.0,130.5991
Bend_pickup_squat_lowLight,119,Standing,Standing,True,0.984,0.0,133.191
Bend_pickup_squat_lowLight,120,Standing,Standing,True,0.984,0.0,113.0805
Bend_pickup_squat_lowLight,121,Standing,Standing,True,0.983,0.0,115.0606
Bend_pickup_squat_lowLight,122,Standing,Standing,True,0.981,0.0,114.1385
Bend_pickup_squat_lowLight,123,Standing,Standing,True,0.978,0.0,114.8536
Bend_pickup_squat_lowLight,124,Standing,Standing,True,0.972,0.0,107.8459
Bend_pickup_squat_lowLight,125,Standing,Standing,True,0.969,0.0,109.2067
Bend_pickup_squat_lowLight,126,Standing,Standing,True,0.956,0.0,115.5015
Bend_pickup_squat_lowLight,127,Standing,Standing,True,0.951,0.0,109.3706
Bend_pickup_squat_lowLight,128,Standing,Standing,True,0.932,0.0,99.4989
Bend_pickup_squat_lowLight,129,Standing,Standing,True,0.9,0.0,114.1288
Bend_pickup_squat_lowLight,130,Standing,Standing,True,0.879,0.0,107.7937
Bend_pickup_squat_lowLight,131,Standing,Standing,True,0.777,0.0,98.6217
Bend_pickup_squat_lowLight,132,Standing,Standing,True,0.615,0.0,100.7126
Bend_pickup_squat_lowLight,133,Standing,Standing,True,0.399,0.0,120.9451
Bend_pickup_squat_lowLight,134,Standing,Unknown,False,0.483,0.0,122.9973
Bend_pickup_squat_lowLight,135,Standing,Unknown,False,0.498,0.0,163.9098
Bend_pickup_squat_lowLight,136,Standing,Unknown,False,0.49,0.0,142.9594
Bend_pickup_squat_lowLight,137,Standing,Unknown,False,0.457,0.0,97.7747
Bend_pickup_squat_lowLight,138,Standing,Unknown,False,0.435,0.0,94.9806
Bend_pickup_squat_lowLight,139,Standing,Unknown,False,0.406,0.0,84.736
Bend_pickup_squat_lowLight,140,Standing,Unknown,False,0.369,0.0,80.6181
Bend_pickup_squat_lowLight,141,Standing,Standing,True,0.381,0.0,95.0735
Bend_pickup_squat_lowLight,142,Standing,Standing,True,0.509,0.0,83.438
Bend_pickup_squat_lowLight,143,Standing,Standing,True,0.596,0.0,91.0017
Bend_pickup_squat_lowLight,144,Standing,Standing,True,0.704,0.0,86.3116
Bend_pickup_squat_lowLight,145,Standing,Standing,True,0.783,0.0,84.2741
Bend_pickup_squat_lowLight,146,Standing,Standing,True,0.863,0.0,100.3072
Bend_pickup_squat_lowLight,147,Standing,Standing,True,0.906,0.0,122.8145
Bend_pickup_squat_lowLight,148,,Standing,,0.95,0.0,127.07
Bend_pickup_squat_lowLight,149,,Standing,,0.968,0.0,138.1733
Bend_pickup_squat_lowLight,150,,Standing,,0.977,0.0,134.4566
Bend_pickup_squat_lowLight,151,,Standing,,0.981,0.0,134.8658
Bend_pickup_squat_lowLight,152,,Standing,,0.983,0.0,134.0901
Bend_pickup_squat_lowLight,153,,Standing,,0.983,0.0,145.3552
Bend_pickup_squat_lowLight,154,,Standing,,0.984,0.0,168.2918
Bend_pickup_squat_lowLight,155,,Standing,,0.984,0.0,136.1586
Bend_pickup_squat_lowLight,156,,Standing,,0.985,0.0,136.8251
Bend_pickup_squat_lowLight,157,,Standing,,0.985,0.0,122.5145
Bend_pickup_squat_lowLight,158,,Standing,,0.985,0.0,122.3759
Bend_pickup_squat_lowLight,159,,Standing,,0.985,0.0,115.2056
Bend_pickup_squat_lowLight,160,,Standing,,0.985,0.0,104.3879
Bend_pickup_squat_lowLight,161,,Standing,,0.985,0.0,121.7511
Bend_pickup_squat_lowLight,162,,Standing,,0.986,0.0,131.8995
Bend_pickup_squat_lowLight,163,,Standing,,0.986,0.0,107.5485
Bend_pickup_squat_lowLight,164,,Standing,,0.986,0.0,109.7193
Bend_pickup_squat_lowLight,165,,Standing,,0.986,0.0,111.4464
Bend_pickup_squat_lowLight,166,,Standing,,0.986,0.0,116.504
Bend_pickup_squat_lowLight,167,,Standing,,0.986,0.0,128.0618
Bend_pickup_squat_lowLight,168,,Standing,,0.986,0.0,148.0463
Bend_pickup_squat_lowLight,169,,Standing,,0.986,0.0,151.8909
Bend_pickup_squat_lowLight,170,,Standing,,0.986,0.0,188.1854
Bend_pickup_squat_lowLight,171,,Standing,,0.986,0.0,194.4377
Bend_pickup_squat_lowLight,172,,Standing,,0.986,0.0,164.8647
Bend_pickup_squat_lowLight,173,,Standing,,0.986,0.0,144.9398
Bend_pickup_squat_lowLight,174,,Standing,,0.986,0.0,149.6135
Bend_pickup_squat_normalLight,31,,Standing,,0.984,0.0,172.4282
Bend_pickup_squat_normalLight,32,,Standing,,0.984,0.0,194.6
Bend_pickup_squat_normalLight,33,,Standing,,0.984,0.0,181.6872
Bend_pickup_squat_normalLight,34,,Standing,,0.984,0.0,147.5048
Bend_pickup_squat_normalLight,35,,Standing,,0.984,0.0,143.476
Bend_pickup_squat_normalLight,36,,Standing,,0.983,0.0,143.4279
Bend_pickup_squat_normalLight,37,,Standing,,0.983,0.0,187.453
Bend_pickup_squat_normalLight,38,,Standing,,0.983,0.0,191.8963
Bend_pickup_squat_normalLight,39,,Standing,,0.983,0.0,172.9761
Bend_pickup_squat_normalLight,40,,Standing,,0.982,0.0,168.9359
Bend_pickup_squat_normalLight,41,,Standing,,0.981,0.0,139.728
Bend_pickup_squat_normalLight,42,,Standing,,0.98,0.0,122.6098
Bend_pickup_squat_normalLight,43,,Standing,,0.98,0.0,122.0965
Bend_pickup_squat_normalLight,44,,Standing,,0.977,0.0,119.2508
Bend_pickup_squat_normalLight,45,,Standing,,0.973,0.0,137.7142
Bend_pickup_squat_normalLight,46,,Standing,,0.968,0.0,147.2339
Bend_pickup_squat_normalLight,47,,Standing,,0.964,0.0,121.8847
Bend_pickup_squat_normalLight,48,,Standing,,0.96,0.0,126.0419
Bend_pickup_squat_normalLight,49,,Standing,,0.958,0.0,163.7601
Bend_pickup_squat_normalLight,50,,Standing,,0.959,0.0,105.7331
Bend_pickup_squat_normalLight,51,,Standing,,0.964,0.0,146.8217
Bend_pickup_squat_normalLight,52,,Standing,,0.971,0.0,127.9276
Bend_pickup_squat_normalLight,53,,Standing,,0.978,0.0,139.0054
Bend_pickup_squat_normalLight,54,,Standing,,0.983,0.0,123.9652
Bend_pickup_squat_normalLight,55,,Standing,,0.985,0.0,120.5019
Bend_pickup_squat_normalLight,56,,Standing,,0.987,0.0,113.0784
Bend_pickup_squat_normalLight,57,,Standing,,0.989,0.0,103.5096
Bend_pickup_squat_normalLight,58,,Standing,,0.989,0.0,111.3571
Bend_pickup_squat_normalLight,59,,Standing,,0.989,0.0,115.9595
Bend_pickup_squat_normalLight,60,,Standing,,0.989,0.0,110.0481
Bend_pickup_squat_normalLight,61,,Standing,,0.987,0.0,115.5568
Bend_pickup_squat_normalLight,62,,Standing,,0.983,0.0,150.4104
Bend_pickup_squat_normalLight,63,,Standing,,0.979,0.0,169.9338
Bend_pickup_squat_normalLight,64,,Standing,,0.972,0.0,179.7126
Bend_pickup_squat_normalLight,65,,Standing,,0.963,0.0,183.373
Bend_pickup_squat_normalLight,66,,Standing,,0.95,0.0,225.7519
Bend_pickup_squat_normalLight,67,,Standing,,0.932,0.0,184.1203
Bend_pickup_squat_normalLight,68,,Standing,,0.911,0.0,150.7653
Bend_pickup_squat_normalLight,69,,Standing,,0.886,0.0,181.5859
Bend_pickup_squat_normalLight,70,,Standing,,0.856,0.0,119.7241
Bend_pickup_squat_normalLight,71,,Standing,,0.818,0.0,151.9039
Bend_pickup_squat_normalLight,72,,Standing,,0.762,0.0,151.3436
Bend_pickup_squat_normalLight,73,,Standing,,0.69,0.0,145.6403
Bend_pickup_squat_normalLight,74,,Standing,,0.633,0.0,172.5507
Bend_pickup_squat_normalLight,75,,Standing,,0.527,0.0,137.7684
Bend_pickup_squat_normalLight,76,,Sitting,,0.556,0.0,152.3425
Bend_pickup_squat_normalLight,77,,Sitting,,0.6,0.0,129.2789
Bend_pickup_squat_normalLight,78,,Sitting,,0.652,0.0,138.618
Bend_pickup_squat_normalLight,79,,Sitting,,0.673,0.0,131.035
Bend_pickup_squat_normalLight,80,,Sitting,,0.654,0.0,159.9849
Bend_pickup_squat_normalLight,81,,Sitting,,0.633,0.0,182.7133
Bend_pickup_squat_normalLight,82,,Sitting,,0.626,0.0,144.2537
Bend_pickup_squat_normalLight,83,,Sitting,,0.627,0.0,146.5675
Bend_pickup_squat_normalLight,84,,Sitting,,0.632,0.0,138.0091
Bend_pickup_squat_normalLight,85,,Sitting,,0.629,0.0,124.7285
Bend_pickup_squat_normalLight,86,,Sitting,,0.633,0.0,104.2518
Bend_pickup_squat_normalLight,87,,Sitting,,0.65,0.0,112.8975
Bend_pickup_squat_normalLight,88,,Sitting,,0.657,0.0,144.1556
Bend_pickup_squat_normalLight,89,,Sitting,,0.681,0.0,150.1276
Bend_pickup_squat_normalLight,90,,Sitting,,0.687,0.0,106.2339
Bend_pickup_squat_normalLight,91,,Sitting,,0.699,0.0,127.4696
Bend_pickup_squat_normalLight,92,,Sitting,,0.71,0.0,114.692
Bend_pickup_squat_normalLight,93,,Sitting,,0.726,0.0,109.5312
Bend_pickup_squat_normalLight,94,,Sitting,,0.732,0.0,131.6868
Bend_pickup_squat_normalLight,95,,Sitting,,0.738,0.0,159.335
Bend_pickup_squat_normalLight,96,,Sitting,,0.724,0.0,153.2424
Bend_pickup_squat_normalLight,97,,Sitting,,0.717,0.0,172.2148
Bend_pickup_squat_normalLight,98,,Sitting,,0.695,0.0,120.9145
Bend_pickup_squat_normalLight,99,,Sitting,,0.663,0.0,114.0948
Bend_pickup_squat_normalLight,100,,Sitting,,0.614,0.0,122.3737
Bend_pickup_squat_normalLight,101,,Sitting,,0.55,0.0,115.8051
Bend_pickup_squat_normalLight,102,,Sitting,,0.486,0.0,140.7906
Bend_pickup_squat_normalLight,103,,Standing,,0.546,0.0,117.9111
Bend_pickup_squat_normalLight,104,,Standing,,0.628,0.0,117.9097
Bend_pickup_squat_normalLight,105,,Standing,,0.701,0.0,121.8287
Bend_pickup_squat_normalLight,106,,Standing,,0.764,0.0,139.8149
Bend_pickup_squat_normalLight,107,,Standing,,0.815,0.0,103.8265
Bend_pickup_squat_normalLight,108,,Standing,,0.859,0.0,118.858
Bend_pickup_squat_normalLight,109,,Standing,,0.891,0.0,129.8258
Bend_pickup_squat_normalLight,110,,Standing,,0.915,0.0,118.4932
Bend_pickup_squat_normalLight,111,,Standing,,0.933,0.0,128.2147
Bend_pickup_squat_normalLight,112,,Standing,,0.946,0.0,152.0668
Bend_pickup_squat_normalLight,113,,Standing,,0.956,0.0,150.3523
Bend_pickup_squat_normalLight,114,,Standing,,0.963,0.0,118.8141
Bend_pickup_squat_normalLight,115,,Standing,,0.968,0.0,96.3339
Bend_pickup_squat_normalLight,116,,Standing,,0.972,0.0,109.2844
Bend_pickup_squat_normalLight,117,,Standing,,0.976,0.0,104.1047
Bend_pickup_squat_normalLight,118,,Standing,,0.978,0.0,114.8193
Bend_pickup_squat_normalLight,119,,Standing,,0.98,0.0,145.6506
Bend_pickup_squat_normalLight,120,,Standing,,0.982,0.0,102.2367
Bend_pickup_squat_normalLight,121,,Standing,,0.983,0.0,94.9496
Bend_pickup_squat_normalLight,122,,Standing,,0.983,0.0,99.7583
Bend_pickup_squat_normalLight,123,,Standing,,0.983,0.0,97.5259
Bend_pickup_squat_normalLight,124,,Standing,,0.983,0.0,88.6907
Bend_pickup_squat_normalLight,125,,Standing,,0.981,0.0,116.3098
Bend_pickup_squat_normalLight,126,,Standing,,0.98,0.0,85.0643
Bend_pickup_squat_normalLight,127,,Standing,,0.977,0.0,88.8028
Bend_pickup_squat_normalLight,128,,Standing,,0.974,0.0,94.7926
Bend_pickup_squat_normalLight,129,,Standing,,0.971,0.0,98.9022
Bend_pickup_squat_normalLight,130,,Standing,,0.967,0.0,84.0332
Bend_pickup_squat_normalLight,131,,Standing,,0.962,0.0,76.0009
Bend_pickup_squat_normalLight,132,,Standing,,0.953,0.0,71.906
Bend_pickup_squat_normalLight,133,,Standing,,0.929,0.0,71.0467
Bend_pickup_squat_normalLight,134,Standing,Standing,True,0.886,0.0,72.5399
Bend_pickup_squat_normalLight,135,Standing,Standing,True,0.841,0.0,71.9196
Bend_pickup_squat_normalLight,136,Standing,Standing,True,0.748,0.0,76.2781
Bend_pickup_squat_normalLight,137,Standing,Standing,True,0.627,0.0,76.4692
Bend_pickup_squat_normalLight,138,Standing,Standing,True,0.555,0.0,83.799
Bend_pickup_squat_normalLight,139,Standing,Standing,True,0.506,0.0,74.876
Bend_pickup_squat_normalLight,140,Standing,Standing,True,0.536,0.0,76.1671
Bend_pickup_squat_normalLight,141,Standing,Standing,True,0.553,0.0,74.1219
Bend_pickup_squat_normalLight,142,Standing,Standing,True,0.652,0.0,100.8915
Bend_pickup_squat_normalLight,143,Standing,Standing,True,0.757,0.0,187.4404
Bend_pickup_squat_normalLight,144,Standing,Standing,True,0.836,0.0,137.4181
Bend_pickup_squat_normalLight,145,Standing,Standing,True,0.934,0.0,118.6144
Bend_pickup_squat_normalLight,146,,Standing,,0.956,0.0,118.3095
Bend_pickup_squat_normalLight,147,,Standing,,0.964,0.0,156.2118
Bend_pickup_squat_normalLight,148,,Standing,,0.967,0.0,131.1626
Bend_pickup_squat_normalLight,149,,Standing,,0.972,0.0,109.4934
Bend_pickup_squat_normalLight,150,,Standing,,0.976,0.0,110.6418
Bend_pickup_squat_normalLight,151,,Standing,,0.978,0.0,102.5149
Bend_pickup_squat_normalLight,152,,Standing,,0.98,0.0,110.756
Bend_pickup_squat_normalLight,153,,Standing,,0.98,0.0,124.1801
Bend_pickup_squat_normalLight,154,,Standing,,0.981,0.0,108.0807
Bend_pickup_squat_normalLight,155,,Standing,,0.981,0.0,107.2411
Bend_pickup_squat_normalLight,156,,Standing,,0.981,0.0,138.6463
Bend_pickup_squat_normalLight,157,,Standing,,0.981,0.0,174.0979
Bend_pickup_squat_normalLight,158,,Standing,,0.981,0.0,150.3906
Bend_pickup_squat_normalLight,159,,Standing,,0.981,0.0,190.2683
Bend_pickup_squat_normalLight,160,,Standing,,0.982,0.0,165.9314
Kneeling,31,,Standing,,0.984,0.0,169.7704
Kneeling,32,,Standing,,0.984,0.0,173.5208
Kneeling,33,,Standing,,0.984,0.0,144.9476
Kneeling,34,,Standing,,0.984,0.0,124.556
Kneeling,35,,Standing,,0.983,0.0,113.3384
Kneeling,36,,Standing,,0.983,0.0,101.6632
Kneeling,37,,Standing,,0.983,0.0,107.8228
Kneeling,38,,Standing,,0.982,0.0,94.4246
Kneeling,39,,Standing,,0.981,0.0,86.8889
Kneeling,40,,Standing,,0.98,0.0,91.2142
Kneeling,41,,Standing,,0.981,0.0,85.8952
Kneeling,42,,Standing,,0.98,0.0,103.9086
Kneeling,43,,Standing,,0.98,0.0,93.2478
Kneeling,44,,Standing,,0.979,0.0,94.0348
Kneeling,45,,Standing,,0.979,0.0,121.7042
Kneeling,46,,Standing,,0.978,0.0,119.5064
Kneeling,47,,Standing,,0.978,0.0,121.6824
Kneeling,48,,Standing,,0.977,0.0,124.3578
Kneeling,49,,Standing,,0.976,0.0,104.6928
Kneeling,50,,Standing,,0.976,0.0,95.4959
Kneeling,51,,Standing,,0.975,0.0,101.7795
Kneeling,52,,Standing,,0.974,0.0,102.1637
Kneeling,53,,Standing,,0.973,0.0,88.4846
Kneeling,54,,Standing,,0.971,0.0,100.5421
Kneeling,55,,Standing,,0.969,0.0,87.2597
Kneeling,56,,Standing,,0.967,0.0,103.0612
Kneeling,57,Sitting,Standing,False,0.966,0.0,118.2768
Kneeling,58,Sitting,Standing,False,0.965,0.0,117.7772
Kneeling,59,Sitting,Standing,False,0.962,0.0,112.3718
Kneeling,60,Sitting,Standing,False,0.96,0.0,96.6669
Kneeling,61,Sitting,Standing,False,0.958,0.0,120.5431
Kneeling,62,Sitting,Standing,False,0.957,0.0,112.5159
Kneeling,63,Sitting,Standing,False,0.955,0.0,137.6459
Kneeling,64,Sitting,Standing,False,0.953,0.0,120.9402
Kneeling,65,Sitting,Standing,False,0.952,0.0,156.1564
Kneeling,66,Sitting,Standing,False,0.95,0.0,100.5103
Kneeling,67,Sitting,Standing,False,0.947,0.0,106.6834
Kneeling,68,Sitting,Standing,False,0.945,0.0,108.6141
Kneeling,69,Sitting,Standing,False,0.941,0.0,87.2193
Kneeling,70,Sitting,Standing,False,0.937,0.0,91.0915
Kneeling,71,Sitting,Standing,False,0.933,0.0,89.7485
Kneeling,72,Sitting,Standing,False,0.928,0.0,95.5395
Kneeling,73,Sitting,Standing,False,0.922,0.0,106.9486
Kneeling,74,Sitting,Standing,False,0.917,0.0,98.7238
Kneeling,75,Sitting,Standing,False,0.912,0.0,79.9263
Kneeling,76,Sitting,Standing,False,0.905,0.0,87.7858
Kneeling,77,Sitting,Standing,False,0.898,0.0,83.9698
Kneeling,78,Sitting,Standing,False,0.892,0.0,90.222
Kneeling,79,Sitting,Standing,False,0.885,0.0,106.9585
Kneeling,80,Sitting,Standing,False,0.878,0.0,180.0404
Kneeling,81,Sitting,Standing,False,0.873,0.0,207.1709
Kneeling,82,Sitting,Standing,False,0.87,0.0,196.4577
Kneeling,83,Sitting,Standing,False,0.866,0.0,263.4089
Kneeling,84,Sitting,Standing,False,0.864,0.0,182.5839
Kneeling,85,Sitting,Standing,False,0.862,0.0,217.002
Kneeling,86,Sitting,Standing,False,0.857,0.0,242.1258
Kneeling,87,Sitting,Standing,False,0.853,0.0,173.0591
Kneeling,88,Sitting,Standing,False,0.85,0.0,178.0713
Kneeling,89,Sitting,Standing,False,0.849,0.0,136.8098
Kneeling,90,Sitting,Standing,False,0.851,0.0,123.5182
Kneeling,91,Sitting,Standing,False,0.851,0.0,136.7842
Kneeling,92,Sitting,Standing,False,0.853,0.0,162.7534
Kneeling,93,Sitting,Standing,False,0.855,0.0,118.4737
Kneeling,94,Sitting,Standing,False,0.857,0.0,125.3123
Kneeling,95,Sitting,Standing,False,0.858,0.0,129.6231
Kneeling,96,Sitting,Standing,False,0.858,0.0,356.5591
Kneeling,97,Sitting,Standing,False,0.856,0.0,135.7664
Kneeling,98,Sitting,Standing,False,0.855,0.0,118.1856
Kneeling,99,Sitting,Standing,False,0.853,0.0,117.9035
Kneeling,100,Sitting,Standing,False,0.851,0.0,117.3758
Kneeling,101,Sitting,Standing,False,0.849,0.0,110.4901
Kneeling,102,Sitting,Standing,False,0.845,0.0,108.4608
Kneeling,103,Sitting,Standing,False,0.839,0.0,96.759
Kneeling,104,Sitting,Standing,False,0.832,0.0,108.0948
Kneeling,105,Sitting,Standing,False,0.826,0.0,110.9525
Kneeling,106,Sitting,Standing,False,0.817,0.0,101.6637
Kneeling,107,Sitting,Standing,False,0.809,0.0,88.9298
Kneeling,108,Sitting,Standing,False,0.8,0.0,117.6632
Kneeling,109,Sitting,Standing,False,0.792,0.0,110.6405
Kneeling,110,Sitting,Standing,False,0.784,0.0,136.1688
Kneeling,111,Sitting,Standing,False,0.776,0.0,147.5321
Kneeling,112,Sitting,Standing,False,0.77,0.0,115.3536
Kneeling,113,Sitting,Standing,False,0.764,0.0,107.2154
Kneeling,114,Sitting,Standing,False,0.758,0.0,130.979
Kneeling,115,Sitting,Standing,False,0.753,0.0,123.7452
Kneeling,116,Sitting,Standing,False,0.746,0.0,120.7748
Kneeling,117,Sitting,Standing,False,0.739,0.0,145.1228
Kneeling,118,Sitting,Standing,False,0.734,0.0,148.9853
Kneeling,119,Sitting,Standing,False,0.727,0.0,134.9677
Kneeling,120,Sitting,Standing,False,0.72,0.0,108.4166
Kneeling,121,Sitting,Standing,False,0.713,0.0,115.533
Kneeling,122,Sitting,Standing,False,0.707,0.0,101.0121
Kneeling,123,Sitting,Standing,False,0.7,0.0,92.314
Kneeling,124,Sitting,Standing,False,0.694,0.0,123.9416
Kneeling,125,Sitting,Standing,False,0.69,0.0,128.0897
Kneeling,126,Sitting,Standing,False,0.687,0.0,125.1932
Kneeling,127,Sitting,Standing,False,0.684,0.0,136.6394
Kneeling,128,,Standing,,0.679,0.0,128.9298
Kneeling,129,,Standing,,0.678,0.0,98.2862
Kneeling,130,,Standing,,0.678,0.0,109.5421
Kneeling,131,,Standing,,0.679,0.0,112.6421
Kneeling,132,,Standing,,0.681,0.0,112.5285
Kneeling,133,,Standing,,0.683,0.0,130.5465
Kneeling,134,,Standing,,0.683,0.0,118.1286
Kneeling,135,,Standing,,0.684,0.0,114.8188
Kneeling,136,,Standing,,0.686,0.0,104.757
Kneeling,137,,Standing,,0.688,0.0,109.6394
Kneeling,138,,Standing,,0.69,0.0,108.5811
Kneeling,139,,Standing,,0.693,0.0,100.0116
Kneeling,140,,Standing,,0.694,0.0,96.2452
Kneeling,141,,Standing,,0.7,0.0,92.9319
Kneeling,142,,Standing,,0.708,0.0,104.2815
Kneeling,143,,Standing,,0.721,0.0,98.5776
Kneeling,144,,Standing,,0.736,0.0,103.9915
Kneeling,145,,Standing,,0.756,0.0,102.7362
Kneeling,146,,Standing,,0.773,0.0,86.87
Kneeling,147,,Standing,,0.789,0.0,111.1332
Kneeling,148,,Standing,,0.806,0.0,104.1429
Kneeling,149,,Standing,,0.823,0.0,86.1913
Kneeling,150,,Standing,,0.838,0.0,102.8253
Kneeling,151,,Standing,,0.853,0.0,91.1717
Kneeling,152,,Standing,,0.869,0.0,88.8511
Kneeling,153,,Standing,,0.884,0.0,101.5172
Kneeling,154,,Standing,,0.898,0.0,86.5508
Kneeling,155,,Standing,,0.91,0.0,82.3075
Kneeling,156,Standing,Standing,True,0.921,0.0,75.5393
Kneeling,157,Standing,Standing,True,0.932,0.0,85.8125
Kneeling,158,Standing,Standing,True,0.94,0.0,75.975
Kneeling,159,Standing,Standing,True,0.947,0.0,83.4514
Kneeling,160,Standing,Standing,True,0.953,0.0,74.7293
Kneeling,161,Standing,Standing,True,0.958,0.0,75.9325
Kneeling,162,Standing,Standing,True,0.962,0.0,76.6294
Kneeling,163,Standing,Standing,True,0.966,0.0,96.6342
Kneeling,164,Standing,Standing,True,0.969,0.0,100.9772
Kneeling,165,Standing,Standing,True,0.971,0.0,83.1988
Kneeling,166,Standing,Standing,True,0.973,0.0,100.1289
Kneeling,167,Standing,Standing,True,0.975,0.0,96.5896
Kneeling,168,Standing,Standing,True,0.976,0.0,87.3646
Kneeling,169,Standing,Standing,True,0.977,0.0,87.3364
Kneeling,170,Standing,Standing,True,0.978,0.0,76.762
Kneeling,171,,Standing,,0.978,0.0,83.0617
Kneeling,172,,Standing,,0.979,0.0,92.4614
Kneeling,173,,Standing,,0.979,0.0,86.6905
Kneeling,174,,Standing,,0.979,0.0,85.063
Kneeling,175,,Standing,,0.979,0.0,91.4766
Kneeling,176,,Standing,,0.98,0.0,101.7393
Kneeling,177,,Standing,,0.98,0.0,86.7809
Kneeling,178,,Standing,,0.98,0.0,87.1222
Kneeling,179,,Standing,,0.981,0.0,85.3495
Kneeling,180,,Standing,,0.981,0.0,90.2609
Kneeling,181,,Standing,,0.981,0.0,81.2211
Kneeling,182,,Standing,,0.981,0.0,85.0736
Kneeling,183,,Standing,,0.982,0.0,81.1269
Kneeling,184,,Standing,,0.982,0.0,163.8746
Kneeling,185,,Standing,,0.982,0.0,96.9388
Kneeling,186,,Standing,,0.982,0.0,89.3195
Kneeling,187,,Standing,,0.982,0.0,92.8819
Kneeling,188,,Standing,,0.982,0.0,95.8606
Kneeling,189,,Standing,,0.982,0.0,106.0042
Kneeling,190,,Standing,,0.982,0.0,161.3842
LyingdownSlowly,31,,Standing,,0.95,0.0,125.0979
LyingdownSlowly,32,,Standing,,0.945,0.0,109.2845
LyingdownSlowly,33,,Standing,,0.939,0.0,90.7197
LyingdownSlowly,34,,Standing,,0.932,0.0,96.9451
LyingdownSlowly,35,,Standing,,0.922,0.0,120.7493
LyingdownSlowly,36,,Standing,,0.91,0.0,130.0553
LyingdownSlowly,37,,Standing,,0.901,0.0,122.6929
LyingdownSlowly,38,,Standing,,0.893,0.0,117.6913
LyingdownSlowly,39,,Standing,,0.89,0.0,128.4391
LyingdownSlowly,40,,Standing,,0.887,0.0,128.2954
LyingdownSlowly,41,,Standing,,0.891,0.0,102.8248
LyingdownSlowly,42,,Standing,,0.898,0.0,100.0888
LyingdownSlowly,43,,Standing,,0.905,0.0,132.1948
LyingdownSlowly,44,,Standing,,0.902,0.0,143.4117
LyingdownSlowly,45,,Standing,,0.896,0.0,102.3022
LyingdownSlowly,46,,Standing,,0.883,0.0,128.764
LyingdownSlowly,47,,Standing,,0.863,0.0,139.0715
LyingdownSlowly,48,,Standing,,0.829,0.0,159.6104
LyingdownSlowly,49,,Standing,,0.792,0.0,139.0267
LyingdownSlowly,50,,Standing,,0.762,0.0,145.3071
LyingdownSlowly,51,,Standing,,0.737,0.0,124.5625
LyingdownSlowly,52,,Standing,,0.663,0.0,169.3439
LyingdownSlowly,53,,Standing,,0.633,0.0,153.5211
LyingdownSlowly,54,,Standing,,0.527,0.0,135.288
LyingdownSlowly,55,,Standing,,0.448,0.0,152.8138
LyingdownSlowly,56,,Standing,,0.366,0.0,214.8085
LyingdownSlowly,57,,Lying,,0.363,0.0,160.355
LyingdownSlowly,58,,Lying,,0.368,0.0,189.0175
LyingdownSlowly,59,,Lying,,0.441,0.0,206.7164
LyingdownSlowly,60,,Lying,,0.497,0.0,200.6042
LyingdownSlowly,61,,Lying,,0.535,0.0,170.6022
LyingdownSlowly,62,,Lying,,0.572,0.0,178.5984
LyingdownSlowly,63,,Lying,,0.575,0.0,164.6493
LyingdownSlowly,64,,Lying,,0.549,0.0,145.4411
LyingdownSlowly,65,,Lying,,0.531,0.0,123.7878
LyingdownSlowly,66,,Lying,,0.543,0.0,144.5364
LyingdownSlowly,67,,Lying,,0.604,0.0,123.0853
LyingdownSlowly,68,,Lying,,0.671,0.0,132.7532
LyingdownSlowly,69,,Lying,,0.695,0.0,126.3337
LyingdownSlowly,70,,Lying,,0.686,0.0,142.4457
LyingdownSlowly,71,,Lying,,0.656,0.0,142.2064
LyingdownSlowly,72,,Lying,,0.619,0.0,123.199
LyingdownSlowly,73,,Lying,,0.601,0.0,134.3105
LyingdownSlowly,74,,Lying,,0.586,0.0,144.0232
LyingdownSlowly,75,,Lying,,0.57,0.0,129.2639
LyingdownSlowly,76,,Lying,,0.546,0.0,165.9078
LyingdownSlowly,77,,Lying,,0.517,0.0,179.3688
LyingdownSlowly,78,,Lying,,0.477,0.0,134.1303
LyingdownSlowly,79,,Lying,,0.432,0.0,108.2278
LyingdownSlowly,80,,Lying,,0.409,0.0,144.3491
LyingdownSlowly,81,,Lying,,0.474,0.0,121.4498
LyingdownSlowly,82,,Lying,,0.526,0.0,148.256
LyingdownSlowly,83,,Lying,,0.567,0.0,149.1297
LyingdownSlowly,84,,Lying,,0.471,0.0,147.3036
LyingdownSlowly,85,,Sitting,,0.716,0.0,129.6395
LyingdownSlowly,86,,Sitting,,0.791,0.0,128.493
LyingdownSlowly,87,,Sitting,,0.973,0.0,135.711
LyingdownSlowly,88,,Sitting,,0.988,0.0,147.6203
LyingdownSlowly,89,,Sitting,,0.995,0.0,151.8666
LyingdownSlowly,90,,Sitting,,0.996,0.0,151.2738
LyingdownSlowly,91,,Sitting,,0.997,0.0,123.4861
LyingdownSlowly,92,,Sitting,,0.997,0.0,162.5357
LyingdownSlowly,93,,Sitting,,0.996,0.0,147.0634
LyingdownSlowly,94,,Sitting,,0.995,0.0,117.0441
LyingdownSlowly,95,,Sitting,,0.993,0.0,131.3858
LyingdownSlowly,96,,Sitting,,0.992,0.0,119.1835
LyingdownSlowly,97,,Sitting,,0.99,0.0,121.8655
LyingdownSlowly,98,,Sitting,,0.989,0.0,121.7951
LyingdownSlowly,99,,Sitting,,0.988,0.0,103.793
LyingdownSlowly,100,,Sitting,,0.987,0.0,118.4414
LyingdownSlowly,101,,Sitting,,0.986,0.0,189.8551
LyingdownSlowly,102,,Sitting,,0.984,0.0,170.7614
LyingdownSlowly,103,,Sitting,,0.982,0.0,134.2133
LyingdownSlowly,104,,Sitting,,0.978,0.0,124.4909
LyingdownSlowly,105,,Sitting,,0.971,0.0,117.3877
LyingdownSlowly,106,,Sitting,,0.958,0.0,119.1932
LyingdownSlowly,107,,Sitting,,0.926,0.0,108.3836
LyingdownSlowly,108,,Sitting,,0.871,0.0,120.1919
LyingdownSlowly,109,,Sitting,,0.773,0.0,105.0066
LyingdownSlowly,110,,Sitting,,0.624,0.0,119.7055
LyingdownSlowly,111,,Lying,,0.499,0.0,150.0424
LyingdownSlowly,112,,Lying,,0.714,0.0,123.8295
LyingdownSlowly,113,,Lying,,0.861,0.0,163.5614
LyingdownSlowly,114,,Lying,,0.932,0.0,113.8482
LyingdownSlowly,115,,Lying,,0.962,0.0,126.1665
LyingdownSlowly,116,,Lying,,0.976,0.0,125.318
LyingdownSlowly,117,,Lying,,0.982,0.0,108.9077
LyingdownSlowly,118,Lying,Lying,True,0.985,0.0,135.7627
LyingdownSlowly,119,Lying,Lying,True,0.986,0.0,122.7324
LyingdownSlowly,120,Lying,Lying,True,0.987,0.0,109.5086
LyingdownSlowly,121,Lying,Lying,True,0.988,0.0,111.596
LyingdownSlowly,122,Lying,Lying,True,0.988,0.0,117.2054
LyingdownSlowly,123,Lying,Lying,True,0.989,0.0,122.336
LyingdownSlowly,124,Lying,Lying,True,0.989,0.0,126.4076
LyingdownSlowly,125,Lying,Lying,True,0.989,0.0,119.0823
LyingdownSlowly,126,Lying,Lying,True,0.989,0.0,125.0599
LyingdownSlowly,127,Lying,Lying,True,0.989,0.0,112.4677
LyingdownSlowly,128,Lying,Lying,True,0.989,0.0,97.0351
LyingdownSlowly,129,Lying,Lying,True,0.989,0.0,106.7227
LyingdownSlowly,130,Lying,Lying,True,0.989,0.0,103.8509
LyingdownSlowly,131,Lying,Lying,True,0.988,0.0,94.0088
LyingdownSlowly,132,Lying,Lying,True,0.987,0.0,84.0759
LyingdownSlowly,133,Lying,Lying,True,0.965,0.0,82.6571
LyingdownSlowly,134,Lying,Lying,True,0.641,0.0,82.5069
LyingdownSlowly,135,Lying,Lying,True,0.847,0.0,78.9627
LyingdownSlowly,136,Lying,Lying,True,0.876,0.0,81.883
LyingdownSlowly,137,Lying,Lying,True,0.895,0.0,82.698
LyingdownSlowly,138,Lying,Lying,True,0.909,0.0,74.4456
LyingdownSlowly,139,Lying,Lying,True,0.921,0.0,90.4619
LyingdownSlowly,140,Lying,Lying,True,0.928,0.0,94.1582
LyingdownSlowly,141,Lying,Lying,True,0.933,0.0,106.0228
LyingdownSlowly,142,Lying,Lying,True,0.933,0.0,106.319
LyingdownSlowly,143,Lying,Lying,True,0.932,0.0,81.7373
LyingdownSlowly,144,Lying,Lying,True,0.929,0.0,79.7484
LyingdownSlowly,145,Lying,Lying,True,0.931,0.0,78.7539
LyingdownSlowly,146,Lying,Lying,True,0.929,0.0,73.2846
LyingdownSlowly,147,Lying,Lying,True,0.931,0.0,82.7385
LyingdownSlowly,148,Lying,Lying,True,0.925,0.0,78.0527
LyingdownSlowly,149,Lying,Lying,True,0.926,0.0,74.1242
LyingdownSlowly,150,Lying,Lying,True,0.928,0.0,75.4102
LyingdownSlowly,151,Lying,Lying,True,0.933,0.0,75.1685
LyingdownSlowly,152,Lying,Lying,True,0.935,0.0,79.1244
LyingdownSlowly,153,Lying,Lying,True,0.939,0.0,77.9079
LyingdownSlowly,154,Lying,Lying,True,0.943,0.0,80.6631
LyingdownSlowly,155,Lying,Lying,True,0.946,0.0,87.2376
LyingdownSlowly,156,Lying,Lying,True,0.949,0.0,95.7554
LyingdownSlowly,157,Lying,Lying,True,0.951,0.0,99.3475
LyingdownSlowly,158,Lying,Lying,True,0.952,0.0,110.9707
LyingdownSlowly,159,Lying,Lying,True,0.953,0.0,136.6818
LyingdownSlowly,160,Lying,Lying,True,0.954,0.0,120.2198
LyingdownSlowly,161,Lying,Lying,True,0.954,0.0,115.2335
LyingdownSlowly,162,Lying,Lying,True,0.955,0.0,88.0094
LyingdownSlowly,163,Lying,Lying,True,0.956,0.0,107.3962
LyingdownSlowly,164,Lying,Lying,True,0.957,0.0,91.4364
LyingdownSlowly,165,Lying,Lying,True,0.957,0.0,95.8493
LyingdownSlowly,166,Lying,Lying,True,0.957,0.0,103.8934
LyingdownSlowly,167,Lying,Lying,True,0.958,0.0,101.8717
LyingdownSlowly,168,Lying,Lying,True,0.958,0.0,95.3773
LyingdownSlowly,169,Lying,Lying,True,0.958,0.0,102.2146
LyingdownSlowly,170,Lying,Lying,True,0.959,0.0,96.6643
LyingdownSlowly,171,Lying,Lying,True,0.959,0.0,95.7938
LyingdownSlowly,172,Lying,Lying,True,0.959,0.0,89.5677
LyingdownSlowly,173,Lying,Lying,True,0.959,0.0,90.6159
LyingdownSlowly,174,Lying,Lying,True,0.959,0.0,103.4476
LyingdownSlowly,175,Lying,Lying,True,0.959,0.0,95.6207
LyingdownSlowly,176,Lying,Lying,True,0.959,0.0,135.9788
LyingdownSlowly,177,Lying,Lying,True,0.959,0.0,95.5897
LyingdownSlowly,178,Lying,Lying,True,0.959,0.0,91.527
LyingdownSlowly,179,Lying,Lying,True,0.959,0.0,97.2085
LyingdownSlowly,180,Lying,Lying,True,0.959,0.0,92.446
LyingdownSlowly,181,Lying,Lying,True,0.958,0.0,95.822
LyingdownSlowly,182,Lying,Lying,True,0.958,0.0,97.619
LyingdownSlowly,183,Lying,Lying,True,0.959,0.0,95.8374
LyingdownSlowly,184,Lying,Lying,True,0.959,0.0,94.785
LyingdownSlowly,185,Lying,Lying,True,0.959,0.0,91.2205
LyingdownSlowly,186,Lying,Lying,True,0.959,0.0,89.9535
LyingdownSlowly,187,Lying,Lying,True,0.959,0.0,119.2208
LyingdownSlowly,188,Lying,Lying,True,0.959,0.0,161.8617
LyingdownSlowly,189,Lying,Lying,True,0.959,0.0,115.2372
LyingdownSlowly,190,Lying,Lying,True,0.958,0.0,107.094
LyingdownSlowly,191,Lying,Lying,True,0.959,0.0,111.867
LyingdownSlowly,192,Lying,Lying,True,0.958,0.0,115.5024
LyingdownSlowly,193,Lying,Lying,True,0.958,0.0,103.9629
LyingdownSlowly,194,Lying,Lying,True,0.958,0.0,107.5533
LyingdownSlowly,195,Lying,Lying,True,0.958,0.0,109.9699
LyingdownSlowly,196,Lying,Lying,True,0.958,0.0,143.7084
LyingdownSlowly,197,Lying,Lying,True,0.958,0.0,186.053
LyingdownSlowly,198,Lying,Lying,True,0.958,0.0,143.6574
LyingdownSlowly,199,Lying,Lying,True,0.958,0.0,119.5456
LyingdownSlowly,200,Lying,Lying,True,0.958,0.0,121.829
LyingdownSlowly,201,Lying,Lying,True,0.958,0.0,145.1631
LyingdownSlowly,202,Lying,Lying,True,0.957,0.0,151.4656
LyingdownSlowly,203,Lying,Lying,True,0.957,0.0,118.7975
LyingdownSlowly,204,Lying,Lying,True,0.957,0.0,147.1965
LyingdownSlowly,205,Lying,Lying,True,0.957,0.0,133.6179
LyingdownSlowly,206,Lying,Lying,True,0.957,0.0,110.8637
LyingdownSlowly,207,Lying,Lying,True,0.957,0.0,113.37
LyingdownSlowly,208,Lying,Lying,True,0.957,0.0,127.3294
LyingdownSlowly,209,Lying,Lying,True,0.957,0.0,111.9526
LyingdownSlowly,210,Lying,Lying,True,0.957,0.0,128.8313
LyingdownSlowly,211,Lying,Lying,True,0.957,0.0,130.849
LyingdownSlowly,212,Lying,Lying,True,0.957,0.0,131.9731
LyingdownSlowly,213,Lying,Lying,True,0.956,0.0,141.2464
LyingdownSlowly,214,Lying,Lying,True,0.956,0.0,139.5292
LyingdownSlowly,215,Lying,Lying,True,0.956,0.0,133.4991
LyingdownSlowly,216,Lying,Lying,True,0.956,0.0,135.8047
LyingdownSlowly,217,Lying,Lying,True,0.955,0.0,134.0592
LyingdownSlowly,218,Lying,Lying,True,0.954,0.0,127.5318
LyingdownSlowly,219,Lying,Lying,True,0.954,0.0,147.2125
LyingdownSlowly,220,Lying,Lying,True,0.955,0.0,128.14
LyingdownSlowly,221,Lying,Lying,True,0.955,0.0,155.2879
LyingdownSlowly,222,Lying,Lying,True,0.955,0.0,127.468
LyingdownSlowly,223,Lying,Lying,True,0.955,0.0,132.0189
LyingdownSlowly,224,Lying,Lying,True,0.955,0.0,122.4325
LyingdownSlowly,225,Lying,Lying,True,0.956,0.0,122.8119
LyingdownSlowly,226,Lying,Lying,True,0.956,0.0,147.2342
LyingdownSlowly,227,Lying,Lying,True,0.957,0.0,144.8651
LyingdownSlowly,228,Lying,Lying,True,0.957,0.0,180.1269
LyingdownSlowly,229,Lying,Lying,True,0.957,0.0,126.144
LyingdownSlowly,230,Lying,Lying,True,0.956,0.0,173.7397
LyingdownSlowly,231,Lying,Lying,True,0.956,0.0,179.5168
LyingdownSlowly,232,Lying,Lying,True,0.956,0.0,155.1011
LyingdownSlowly,233,Lying,Lying,True,0.957,0.0,146.6987
LyingdownSlowly,234,Lying,Lying,True,0.957,0.0,108.409
LyingdownSlowly,235,Lying,Lying,True,0.957,0.0,119.5901
LyingdownSlowly,236,,Lying,,0.958,0.0,130.0625
LyingdownSlowly,237,,Lying,,0.958,0.0,120.4314
LyingdownSlowly,238,,Lying,,0.958,0.0,113.4377
LyingdownSlowly,239,,Lying,,0.958,0.0,138.717
LyingdownSlowly,240,,Lying,,0.958,0.0,123.3528
LyingdownSlowly,241,,Lying,,0.958,0.0,122.9734
LyingdownSlowly,242,,Lying,,0.957,0.0,135.402
LyingdownSlowly,243,,Lying,,0.957,0.0,137.301
LyingdownSlowly,244,,Lying,,0.955,0.0,129.7125
LyingdownSlowly,245,,Lying,,0.954,0.0,190.2547
LyingdownSlowly,246,,Lying,,0.952,0.0,173.0629
LyingdownSlowly,247,,Lying,,0.949,0.0,113.5205
LyingdownSlowly,248,,Lying,,0.944,0.0,112.8812
LyingdownSlowly,249,,Lying,,0.94,0.0,99.5405
LyingdownSlowly,250,,Lying,,0.935,0.0,90.2907
LyingdownSlowly,251,,Lying,,0.927,0.0,98.2061
LyingdownSlowly,252,,Lying,,0.92,0.0,91.3817
LyingdownSlowly,253,,Lying,,0.911,0.0,98.6119
LyingdownSlowly,254,,Lying,,0.9,0.0,101.3084
LyingdownSlowly,255,,Lying,,0.885,0.0,107.2403
LyingdownSlowly,256,,Lying,,0.868,0.0,96.0296
LyingdownSlowly,257,,Lying,,0.85,0.0,95.5392
LyingdownSlowly,258,,Lying,,0.826,0.0,91.094
LyingdownSlowly,259,,Lying,,0.793,0.0,82.2457
LyingdownSlowly,260,,Lying,,0.772,0.0,75.4317
LyingdownSlowly,261,,Lying,,0.747,0.0,70.5544
LyingdownSlowly,262,,Lying,,0.712,0.0,68.359
LyingdownSlowly,263,,Lying,,0.626,0.0,65.765
LyingdownSlowly,264,,Lying,,0.546,0.0,65.4583
LyingdownSlowly,265,,Lying,,0.482,0.0,69.4022
LyingdownSlowly,266,,Lying,,0.506,0.0,68.2762
LyingdownSlowly,267,,Lying,,0.519,0.0,62.8965
LyingdownSlowly,268,,Lying,,0.466,0.0,63.7497
LyingdownSlowly,269,,Sitting,,0.461,0.0,60.6002
LyingdownSlowly,270,,Sitting,,0.542,0.0,63.7879
LyingdownSlowly,271,,Sitting,,0.632,0.0,72.4177
LyingdownSlowly,272,,Sitting,,0.685,0.0,73.2106
LyingdownSlowly,273,,Sitting,,0.749,0.0,67.1305
LyingdownSlowly,274,,Sitting,,0.795,0.0,67.4397
LyingdownSlowly,275,,Sitting,,0.845,0.0,65.0958
LyingdownSlowly,276,,Sitting,,0.91,0.0,63.0012
LyingdownSlowly,277,,Sitting,,0.98,0.0,62.4
LyingdownSlowly,278,,Sitting,,0.986,0.0,60.8213
LyingdownSlowly,279,,Sitting,,0.989,0.0,61.1321
LyingdownSlowly,280,,Sitting,,0.99,0.0,65.9992
LyingdownSlowly,281,,Sitting,,0.99,0.0,63.3543
LyingdownSlowly,282,,Sitting,,0.991,0.0,76.4539
LyingdownSlowly,283,,Sitting,,0.991,0.0,85.9224
LyingdownSlowly,284,,Sitting,,0.991,0.0,83.4286
LyingdownSlowly,285,,Sitting,,0.99,0.0,119.8548
LyingdownSlowly,286,,Sitting,,0.99,0.0,182.3943
LyingdownSlowly,287,,Sitting,,0.99,0.0,108.0321
LyingdownSlowly,288,,Sitting,,0.989,0.0,92.2893
LyingdownSlowly,289,,Sitting,,0.988,0.0,79.8958
LyingdownSlowly,290,,Sitting,,0.988,0.0,78.106
LyingdownSlowly,291,,Sitting,,0.988,0.0,73.7452
LyingdownSlowly,292,,Sitting,,0.988,0.0,74.0441
LyingdownSlowly,293,,Sitting,,0.988,0.0,71.675
LyingdownSlowly,294,,Sitting,,0.989,0.0,65.4774
LyingdownSlowly,295,,Sitting,,0.989,0.0,63.6865
LyingdownSlowly,296,,Sitting,,0.989,0.0,67.4731
LyingdownSlowly,297,,Sitting,,0.989,0.0,61.8308
LyingdownSlowly,298,,Sitting,,0.99,0.0,68.6784
LyingdownSlowly,299,,Sitting,,0.99,0.0,68.1667
LyingdownSlowly,300,,Sitting,,0.99,0.0,74.0705
LyingdownSlowly,301,,Sitting,,0.99,0.0,64.2566
LyingdownSlowly,302,,Sitting,,0.99,0.0,62.1804
LyingdownSlowly,303,,Sitting,,0.991,0.0,62.1419
LyingdownSlowly,304,,Sitting,,0.991,0.0,60.9906
LyingdownSlowly,305,,Sitting,,0.991,0.0,62.5037
LyingdownSlowly,306,,Sitting,,0.991,0.0,62.4187
LyingdownSlowly,307,,Sitting,,0.991,0.0,68.2175
LyingdownSlowly,308,,Sitting,,0.991,0.0,63.5644
LyingdownSlowly,309,,Sitting,,0.991,0.0,61.7299
LyingdownSlowly,310,,Sitting,,0.991,0.0,61.6831
LyingdownSlowly,311,,Sitting,,0.99,0.0,68.7707
LyingdownSlowly,312,,Sitting,,0.99,0.0,74.4391
LyingdownSlowly,313,,Sitting,,0.99,0.0,75.7228
LyingdownSlowly,314,,Sitting,,0.989,0.0,93.4058
LyingdownSlowly,315,,Sitting,,0.988,0.0,120.5272
LyingdownSlowly,316,,Sitting,,0.988,0.0,106.0043
LyingdownSlowly,317,,Sitting,,0.989,0.0,101.8564
LyingdownSlowly,318,,Sitting,,0.989,0.0,124.3372
LyingdownSlowly,319,,Sitting,,0.99,0.0,128.0785
LyingdownSlowly,320,,Sitting,,0.99,0.0,120.7825
LyingdownSlowly,321,,Sitting,,0.991,0.0,116.0908
LyingdownSlowly,322,,Sitting,,0.99,0.0,123.9576
LyingdownSlowly,323,,Sitting,,0.989,0.0,124.4686
LyingdownSlowly,324,,Sitting,,0.987,0.0,132.2191
LyingdownSlowly,325,,Sitting,,0.987,0.0,115.586
LyingdownSlowly,326,,Sitting,,0.987,0.0,114.1313
LyingdownSlowly,327,,Sitting,,0.986,0.0,115.4767
LyingdownSlowly,328,,Sitting,,0.986,0.0,121.9892
LyingdownSlowly,329,,Sitting,,0.985,0.0,118.8914
LyingdownSlowly,330,,Sitting,,0.983,0.0,139.7783
LyingdownSlowly,331,,Sitting,,0.982,0.0,128.8687
LyingdownSlowly,332,,Sitting,,0.983,0.0,144.7136
LyingdownSlowly,333,,Sitting,,0.982,0.0,124.0951
LyingdownSlowly,334,,Sitting,,0.983,0.0,110.191
LyingdownSlowly,335,,Sitting,,0.982,0.0,114.8479
LyingdownSlowly,336,,Sitting,,0.978,0.0,95.5543
LyingdownSlowly,337,,Sitting,,0.973,0.0,95.8132
LyingdownSlowly,338,,Sitting,,0.966,0.0,109.407
LyingdownSlowly,339,,Sitting,,0.938,0.0,104.771
LyingdownSlowly,340,,Sitting,,0.911,0.0,106.823
LyingdownSlowly,341,,Sitting,,0.936,0.0,109.5412
LyingdownSlowly,342,,Sitting,,0.943,0.0,116.7258
LyingdownSlowly,343,,Sitting,,0.964,0.0,111.9867
LyingdownSlowly,344,,Sitting,,0.962,0.0,124.1599
LyingdownSlowly,345,,Sitting,,0.968,0.0,123.4382
LyingdownSlowly,346,,Sitting,,0.966,0.0,121.1604
LyingdownSlowly,347,,Sitting,,0.96,0.0,112.79
LyingdownSlowly,348,,Sitting,,0.938,0.0,135.6852
LyingdownSlowly,349,,Sitting,,0.896,0.0,104.8292
LyingdownSlowly,350,,Sitting,,0.774,0.0,112.117
LyingdownSlowly,351,,Sitting,,0.5,0.0,104.2794
LyingdownSlowly,352,,Standing,,0.775,0.0,123.1621
LyingdownSlowly,353,,Standing,,0.913,0.0,109.4279
LyingdownSlowly,354,,Standing,,0.966,0.0,123.5046
LyingdownSlowly,355,,Standing,,0.982,0.0,119.7474
LyingdownSlowly,356,,Standing,,0.988,0.0,104.8103
LyingdownSlowly,357,,Standing,,0.99,0.0,98.3734
LyingdownSlowly,358,,Standing,,0.992,0.0,93.8691
LyingdownSlowly,359,,Standing,,0.992,0.0,104.2124
LyingdownSlowly,360,,Standing,,0.993,0.0,115.3779
LyingdownSlowly,361,,Standing,,0.993,0.0,110.3834
LyingdownSlowly,362,,Standing,,0.993,0.0,90.5363
LyingdownSlowly,363,,Standing,,0.993,0.0,98.5741
LyingdownSlowly,364,,Standing,,0.993,0.0,101.5016
LyingdownSlowly,365,,Standing,,0.993,0.0,96.286
LyingdownSlowly,366,,Standing,,0.993,0.0,87.2518
LyingdownSlowly,367,,Standing,,0.993,0.0,98.9661
LyingdownSlowly,368,,Standing,,0.993,0.0,126.8447
LyingdownSlowly,369,,Standing,,0.992,0.0,127.2583
LyingdownSlowly,370,,Standing,,0.991,0.0,119.9444
LyingdownSlowly,371,,Standing,,0.988,0.0,107.2479
LyingdownSlowly,372,,Standing,,0.986,0.0,123.4623
LyingdownSlowly,373,,Standing,,0.982,0.0,130.4027
LyingdownSlowly,374,,Standing,,0.978,0.0,179.3191
LyingdownSlowly,375,,Standing,,0.956,0.0,157.7857
LyingdownSlowly,376,,Standing,,0.945,0.0,115.1925
LyingdownSlowly,377,,Standing,,0.931,0.0,119.59
LyingdownSlowly,378,,Standing,,0.933,0.0,136.9535
LyingdownSlowly,379,,Standing,,0.917,0.0,143.9518
LyingdownSlowly,380,,Standing,,0.896,0.0,161.5078
LyingdownSlowly,381,,Standing,,0.858,0.0,188.1496
Moving_in_out_frame,31,Standing,Standing,True,0.987,0.0,180.002
Moving_in_out_frame,32,Standing,Standing,True,0.986,0.0,153.5171
Moving_in_out_frame,33,Standing,Standing,True,0.986,0.0,114.4258
Moving_in_out_frame,34,Standing,Standing,True,0.986,0.0,130.1118
Moving_in_out_frame,35,Standing,Standing,True,0.986,0.0,125.6052
Moving_in_out_frame,36,Standing,Standing,True,0.986,0.0,121.4478
Moving_in_out_frame,37,Standing,Standing,True,0.986,0.0,159.6435
Moving_in_out_frame,38,Standing,Standing,True,0.986,0.0,132.428
Moving_in_out_frame,39,Standing,Standing,True,0.986,0.0,151.7097
Moving_in_out_frame,40,Standing,Standing,True,0.986,0.0,159.7589
Moving_in_out_frame,41,Standing,Standing,True,0.985,0.0,150.9974
Moving_in_out_frame,42,Standing,Standing,True,0.985,0.0,128.5739
Moving_in_out_frame,43,Standing,Standing,True,0.985,0.0,121.6599
Moving_in_out_frame,44,Standing,Standing,True,0.985,0.0,122.9967
Moving_in_out_frame,45,Standing,Standing,True,0.985,0.0,125.951
Moving_in_out_frame,46,Standing,Standing,True,0.985,0.0,129.1424
Moving_in_out_frame,47,Standing,Standing,True,0.985,0.0,135.3546
Moving_in_out_frame,48,Standing,Standing,True,0.985,0.0,128.0365
Moving_in_out_frame,49,Standing,Standing,True,0.984,0.0,144.1006
Moving_in_out_frame,50,Standing,Standing,True,0.984,0.0,176.3593
Moving_in_out_frame,51,Standing,Standing,True,0.984,0.0,144.9158
Moving_in_out_frame,52,Standing,Standing,True,0.984,0.0,149.4679
Moving_in_out_frame,53,Standing,Standing,True,0.984,0.0,150.639
Moving_in_out_frame,54,Standing,Standing,True,0.983,0.0,130.9063
Moving_in_out_frame,55,Standing,Standing,True,0.983,0.0,141.7242
Moving_in_out_frame,56,Standing,Standing,True,0.983,0.0,134.1208
Moving_in_out_frame,57,Standing,Standing,True,0.984,0.0,138.5151
Moving_in_out_frame,58,Standing,Standing,True,0.982,0.0,175.9502
Moving_in_out_frame,59,Not in frame,Standing,False,0.983,0.0,173.447
Moving_in_out_frame,60,Not in frame,Standing,False,0.984,0.0,182.3437
Moving_in_out_frame,61,Not in frame,Standing,False,0.984,0.0,168.7271
Moving_in_out_frame,62,Not in frame,Standing,False,0.984,0.0,144.4803
Moving_in_out_frame,63,Not in frame,Standing,False,0.984,0.0,166.669
Moving_in_out_frame,64,Not in frame,Standing,False,0.985,0.0,167.16
Moving_in_out_frame,65,Not in frame,Standing,False,0.985,0.0,139.1189
Moving_in_out_frame,66,Not in frame,Standing,False,0.985,0.0,150.5688
Moving_in_out_frame,67,Not in frame,Standing,False,0.985,0.0,159.7901
Moving_in_out_frame,68,Not in frame,Standing,False,0.985,0.0,147.5304
Moving_in_out_frame,69,Not in frame,Standing,False,0.985,0.0,151.5431
Moving_in_out_frame,70,Not in frame,Standing,False,0.985,0.0,149.1178
Moving_in_out_frame,71,Not in frame,Standing,False,0.986,1.0,128.5666
Moving_in_out_frame,72,Not in frame,Standing,False,0.986,1.0,114.0012
Moving_in_out_frame,73,Not in frame,Standing,False,0.986,1.0,87.499
Moving_in_out_frame,74,Not in frame,Standing,False,0.986,1.0,114.0497
Moving_in_out_frame,75,Not in frame,Standing,False,0.986,1.0,99.4981
Moving_in_out_frame,76,Not in frame,Standing,False,0.987,0.0,87.0358
Moving_in_out_frame,77,Not in frame,Standing,False,0.979,0.0,75.4979
Moving_in_out_frame,78,Not in frame,Standing,False,0.937,0.0,70.3899
Moving_in_out_frame,79,Not in frame,Standing,False,0.748,0.0,67.9891
Moving_in_out_frame,80,Not in frame,Lying,False,0.479,0.0,67.135
Moving_in_out_frame,81,Not in frame,Lying,False,0.792,0.0,76.7551
Moving_in_out_frame,82,Not in frame,Lying,False,0.925,0.0,73.794
Moving_in_out_frame,83,Not in frame,Lying,False,0.973,0.0,72.7967
Moving_in_out_frame,84,Not in frame,Lying,False,0.988,0.0,67.1459
Moving_in_out_frame,85,Not in frame,Lying,False,0.993,0.0,70.4645
Moving_in_out_frame,86,Not in frame,Lying,False,0.994,0.0,66.5482
Moving_in_out_frame,87,Not in frame,Lying,False,0.995,0.0,71.7429
Moving_in_out_frame,88,Not in frame,Lying,False,0.995,0.0,77.0123
Moving_in_out_frame,89,Not in frame,Lying,False,0.996,0.0,76.7869
Moving_in_out_frame,90,Not in frame,Lying,False,0.995,0.0,72.3095
Moving_in_out_frame,91,Not in frame,Lying,False,0.996,0.0,81.7256
Moving_in_out_frame,92,Not in frame,Lying,False,0.996,0.0,74.4751
Moving_in_out_frame,93,Not in frame,Lying,False,0.996,0.0,74.2847
Moving_in_out_frame,94,Not in frame,Lying,False,0.996,0.0,71.7246
Moving_in_out_frame,95,Not in frame,Lying,False,0.996,0.0,114.7689
Moving_in_out_frame,96,Not in frame,Lying,False,0.996,0.0,118.1295
Moving_in_out_frame,97,Not in frame,Lying,False,0.996,0.0,127.8978
Moving_in_out_frame,98,Not in frame,Lying,False,0.996,0.0,103.0388
Moving_in_out_frame,99,Not in frame,Lying,False,0.996,0.0,89.3293
Moving_in_out_frame,100,Not in frame,Lying,False,0.996,0.0,104.1168
Moving_in_out_frame,101,Not in frame,Lying,False,0.996,0.0,112.413
Moving_in_out_frame,102,Not in frame,Lying,False,0.996,0.0,126.8684
Moving_in_out_frame,103,Not in frame,Lying,False,0.996,0.0,128.4418
Moving_in_out_frame,104,Not in frame,Lying,False,0.996,0.0,101.3954
Moving_in_out_frame,105,Not in frame,Lying,False,0.996,0.0,100.5565
Moving_in_out_frame,106,Not in frame,Lying,False,0.996,0.0,127.3909
Moving_in_out_frame,107,Not in frame,Lying,False,0.996,0.0,108.6272
Moving_in_out_frame,108,Not in frame,Lying,False,0.996,0.0,110.7104
Moving_in_out_frame,109,Not in frame,Lying,False,0.996,0.0,102.2363
Moving_in_out_frame,110,Not in frame,Lying,False,0.996,0.0,89.0453
Moving_in_out_frame,111,Not in frame,Lying,False,0.996,0.0,101.0466
Moving_in_out_frame,112,Not in frame,Lying,False,0.996,0.0,96.7351
Moving_in_out_frame,113,Not in frame,Lying,False,0.996,0.0,160.4537
Moving_in_out_frame,114,Not in frame,Lying,False,0.996,0.0,125.3128
Moving_in_out_frame,115,Not in frame,Lying,False,0.996,0.0,92.9478
Moving_in_out_frame,116,Not in frame,Lying,False,0.996,0.0,91.7095
Moving_in_out_frame,117,Standing,Lying,False,0.996,0.0,84.3163
Moving_in_out_frame,118,Standing,Lying,False,0.996,0.0,85.0457
Moving_in_out_frame,119,Standing,Lying,False,0.996,0.0,88.6497
Moving_in_out_frame,120,Standing,Lying,False,0.996,0.0,97.1259
Moving_in_out_frame,121,Standing,Lying,False,0.996,0.0,113.7887
Moving_in_out_frame,122,Standing,Lying,False,0.996,0.0,110.1309
Moving_in_out_frame,123,Standing,Lying,False,0.996,0.0,113.7394
Moving_in_out_frame,124,Standing,Lying,False,0.996,0.0,133.7415
Moving_in_out_frame,125,Standing,Lying,False,0.996,0.0,121.211
Moving_in_out_frame,126,Standing,Lying,False,0.996,0.0,130.9156
Moving_in_out_frame,127,Standing,Lying,False,0.996,0.0,139.004
Moving_in_out_frame,128,Standing,Lying,False,0.996,0.0,122.1871
Moving_in_out_frame,129,Standing,Lying,False,0.996,0.0,135.7205
Moving_in_out_frame,130,Standing,Lying,False,0.996,0.0,151.085
Moving_in_out_frame,131,Standing,Lying,False,0.996,0.0,122.3405
Moving_in_out_frame,132,Standing,Lying,False,0.996,0.0,145.9994
Moving_in_out_frame,133,Standing,Lying,False,0.996,0.0,132.1343
Moving_in_out_frame,134,Standing,Lying,False,0.996,0.0,119.712
Moving_in_out_frame,135,Standing,Lying,False,0.996,0.0,127.1134
Moving_in_out_frame,136,Standing,Lying,False,0.996,0.0,133.3126
Moving_in_out_frame,137,Standing,Lying,False,0.996,0.0,117.8673
Moving_in_out_frame,138,Standing,Lying,False,0.996,0.0,139.3707
Moving_in_out_frame,139,Standing,Lying,False,0.996,0.0,141.5198
Moving_in_out_frame,140,Standing,Lying,False,0.996,0.0,143.2579
Moving_in_out_frame,141,Standing,Lying,False,0.996,0.0,134.7855
Moving_in_out_frame,142,Standing,Lying,False,0.996,0.0,125.8683
Moving_in_out_frame,143,Standing,Lying,False,0.996,0.0,138.923
Moving_in_out_frame,144,Standing,Lying,False,0.996,0.0,129.5843
Moving_in_out_frame,145,Standing,Lying,False,0.996,0.0,141.6846
Moving_in_out_frame,146,Standing,Lying,False,0.996,0.0,173.4055
Moving_in_out_frame,147,Standing,Lying,False,0.996,0.0,153.2384
Moving_in_out_frame,148,Standing,Lying,False,0.996,0.0,154.3507
Moving_in_out_frame,149,Standing,Lying,False,0.996,0.0,184.4932
Moving_in_out_frame,150,Standing,Lying,False,0.996,0.0,150.219
Moving_in_out_frame,151,Standing,Lying,False,0.996,0.0,176.8563
Moving_in_out_frame,152,Standing,Lying,False,0.996,0.0,192.5109
Moving_in_out_frame,153,Standing,Lying,False,0.996,0.0,202.4309
Moving_in_out_frame,154,Standing,Lying,False,0.996,0.0,171.114
Moving_in_out_frame,155,Standing,Lying,False,0.996,0.0,163.1516
Moving_in_out_frame,156,Standing,Lying,False,0.996,0.0,148.2638
Moving_in_out_frame,157,Standing,Lying,False,0.996,0.0,172.8076
Moving_in_out_frame,158,Standing,Lying,False,0.996,0.0,151.1721
Moving_in_out_frame,159,Standing,Lying,False,0.996,0.0,141.7644
Moving_in_out_frame,160,Standing,Lying,False,0.996,0.0,138.1751
Moving_in_out_frame,161,Standing,Lying,False,0.996,0.0,147.2573
Moving_in_out_frame,162,Standing,Lying,False,0.996,0.0,148.5123
Moving_in_out_frame,163,Standing,Lying,False,0.996,0.0,154.7232
Moving_in_out_frame,164,Standing,Lying,False,0.996,0.0,221.8689
Moving_in_out_frame,165,Standing,Lying,False,0.996,0.0,142.6204
Moving_in_out_frame,166,Standing,Lying,False,0.996,0.0,136.1512
Moving_in_out_frame,167,Standing,Lying,False,0.996,1.0,136.756
Moving_in_out_frame,168,Standing,Lying,False,0.996,0.0,133.7203
Moving_in_out_frame,169,Standing,Lying,False,0.996,0.0,104.183
Moving_in_out_frame,170,Standing,Lying,False,0.996,0.0,97.2164
Moving_in_out_frame,171,Standing,Lying,False,0.996,0.0,99.6346
Moving_in_out_frame,172,Standing,Lying,False,0.996,0.0,111.3344
Moving_in_out_frame,173,Standing,Lying,False,0.995,0.0,117.8999
Moving_in_out_frame,174,Standing,Lying,False,0.995,0.0,106.2061
Moving_in_out_frame,175,Standing,Lying,False,0.995,0.0,111.0873
Moving_in_out_frame,176,Standing,Lying,False,0.995,0.0,94.7358
Moving_in_out_frame,177,Standing,Lying,False,0.995,0.0,127.0703
Moving_in_out_frame,178,Standing,Lying,False,0.995,0.0,114.2757
Moving_in_out_frame,179,Standing,Lying,False,0.995,0.0,102.4114
Moving_in_out_frame,180,Standing,Lying,False,0.995,0.0,114.7605
Moving_in_out_frame,181,Standing,Lying,False,0.994,0.0,106.9919
Moving_in_out_frame,182,Standing,Lying,False,0.994,0.0,114.7071
Moving_in_out_frame,183,Standing,Lying,False,0.994,0.0,135.2132
Moving_in_out_frame,184,Standing,Lying,False,0.993,0.0,132.8899
Moving_in_out_frame,185,Standing,Lying,False,0.992,0.0,138.0356
Moving_in_out_frame,186,Standing,Lying,False,0.991,0.0,117.0495
Moving_in_out_frame,187,Standing,Lying,False,0.988,0.0,128.3791
Moving_in_out_frame,188,Standing,Lying,False,0.985,0.0,142.1145
Moving_in_out_frame,189,Standing,Lying,False,0.98,0.0,130.0679
Moving_in_out_frame,190,Standing,Lying,False,0.973,0.0,100.7484
Moving_in_out_frame,191,Standing,Lying,False,0.965,0.0,88.552
Moving_in_out_frame,192,Standing,Lying,False,0.951,0.0,88.577
Moving_in_out_frame,193,Standing,Lying,False,0.93,0.0,103.1594
Moving_in_out_frame,194,Standing,Lying,False,0.789,0.0,114.7922
Moving_in_out_frame,195,Standing,Standing,True,0.892,0.0,114.3192
Moving_in_out_frame,196,Standing,Standing,True,0.983,0.0,101.2437
Moving_in_out_frame,197,Standing,Standing,True,0.984,0.0,100.3331
Moving_in_out_frame,198,Standing,Standing,True,0.984,0.0,84.1215
Moving_in_out_frame,199,Standing,Standing,True,0.985,0.0,100.6484
Moving_in_out_frame,200,Standing,Standing,True,0.985,0.0,79.9555
Moving_in_out_frame,201,Standing,Standing,True,0.985,0.0,83.6882
Moving_in_out_frame,202,Standing,Standing,True,0.985,0.0,85.919
Moving_in_out_frame,203,Standing,Standing,True,0.985,0.0,80.7223
Moving_in_out_frame,204,Standing,Standing,True,0.986,0.0,83.8518
Moving_in_out_frame,205,Standing,Standing,True,0.986,0.0,83.9126
Moving_in_out_frame,206,,Standing,,0.986,0.0,79.6562
Moving_in_out_frame,207,,Standing,,0.986,0.0,81.2131
Moving_in_out_frame,208,,Standing,,0.986,0.0,78.7087
Moving_in_out_frame,209,,Standing,,0.986,0.0,81.1299
Moving_in_out_frame,210,,Standing,,0.986,0.0,73.4917
Moving_in_out_frame_withFall,31,Standing,Standing,True,0.988,1.0,71.2865
Moving_in_out_frame_withFall,32,Standing,Standing,True,0.987,1.0,86.6045
Moving_in_out_frame_withFall,33,Standing,Standing,True,0.987,1.0,71.0623
Moving_in_out_frame_withFall,34,Standing,Standing,True,0.987,1.0,69.3285
Moving_in_out_frame_withFall,35,Standing,Standing,True,0.987,1.0,66.7764
Moving_in_out_frame_withFall,36,Standing,Standing,True,0.986,1.0,65.7405
Moving_in_out_frame_withFall,37,Standing,Standing,True,0.986,1.0,68.9964
Moving_in_out_frame_withFall,38,Standing,Standing,True,0.986,1.0,63.8042
Moving_in_out_frame_withFall,39,Standing,Standing,True,0.985,1.0,69.0714
Moving_in_out_frame_withFall,40,Standing,Standing,True,0.985,1.0,69.8621
Moving_in_out_frame_withFall,41,Standing,Standing,True,0.985,1.0,66.6113
Moving_in_out_frame_withFall,42,Standing,Standing,True,0.984,1.0,75.2651
Moving_in_out_frame_withFall,43,Standing,Standing,True,0.984,1.0,89.1266
Moving_in_out_frame_withFall,44,Standing,Standing,True,0.983,1.0,94.702
Moving_in_out_frame_withFall,45,Standing,Standing,True,0.982,1.0,80.3618
Moving_in_out_frame_withFall,46,Standing,Standing,True,0.981,1.0,83.8155
Moving_in_out_frame_withFall,47,Standing,Standing,True,0.981,1.0,87.3512
Moving_in_out_frame_withFall,48,Standing,Standing,True,0.979,1.0,87.0352
Moving_in_out_frame_withFall,49,Standing,Standing,True,0.973,1.0,78.9919
Moving_in_out_frame_withFall,50,Not in frame,Standing,False,0.955,1.0,79.9617
Moving_in_out_frame_withFall,51,Not in frame,Standing,False,0.898,1.0,75.8732
Moving_in_out_frame_withFall,52,Not in frame,Standing,False,0.64,1.0,76.2524
Moving_in_out_frame_withFall,53,Not in frame,Unknown,False,0.441,1.0,89.634
Moving_in_out_frame_withFall,54,Not in frame,Unknown,False,0.454,1.0,85.0594
Moving_in_out_frame_withFall,55,Not in frame,Unknown,False,0.454,1.0,94.5864
Moving_in_out_frame_withFall,56,Not in frame,Unknown,False,0.453,1.0,84.9096
Moving_in_out_frame_withFall,57,Not in frame,Unknown,False,0.452,1.0,88.89
Moving_in_out_frame_withFall,58,Not in frame,Unknown,False,0.452,1.0,110.086
Moving_in_out_frame_withFall,59,Not in frame,Unknown,False,0.454,1.0,113.5931
Moving_in_out_frame_withFall,60,Not in frame,Unknown,False,0.453,1.0,116.1529
Moving_in_out_frame_withFall,61,Not in frame,Unknown,False,0.453,1.0,116.2094
Moving_in_out_frame_withFall,62,Not in frame,Unknown,False,0.453,1.0,87.2859
Moving_in_out_frame_withFall,63,Not in frame,Unknown,False,0.453,1.0,79.7564
Moving_in_out_frame_withFall,64,Not in frame,Unknown,False,0.453,1.0,102.0088
Moving_in_out_frame_withFall,65,Not in frame,Unknown,False,0.453,1.0,82.982
Moving_in_out_frame_withFall,66,Not in frame,Unknown,False,0.453,1.0,89.0507
Moving_in_out_frame_withFall,67,Not in frame,Unknown,False,0.453,1.0,100.6482
Moving_in_out_frame_withFall,68,Not in frame,Unknown,False,0.453,1.0,82.1689
Moving_in_out_frame_withFall,69,Not in frame,Unknown,False,0.453,1.0,82.3741
Moving_in_out_frame_withFall,70,Not in frame,Unknown,False,0.453,1.0,94.6862
Moving_in_out_frame_withFall,71,Not in frame,Unknown,False,0.453,1.0,91.6332
Moving_in_out_frame_withFall,72,Not in frame,Unknown,False,0.453,1.0,97.5509
Moving_in_out_frame_withFall,73,Not in frame,Unknown,False,0.453,1.0,103.4378
Moving_in_out_frame_withFall,74,Not in frame,Unknown,False,0.453,1.0,105.096
Moving_in_out_frame_withFall,75,Not in frame,Unknown,False,0.453,1.0,131.036
Moving_in_out_frame_withFall,76,Not in frame,Unknown,False,0.453,1.0,122.3092
Moving_in_out_frame_withFall,77,Not in frame,Unknown,False,0.453,1.0,105.4889
Moving_in_out_frame_withFall,78,Not in frame,Unknown,False,0.453,1.0,92.5535
Moving_in_out_frame_withFall,79,Not in frame,Unknown,False,0.453,1.0,98.5871
Moving_in_out_frame_withFall,80,Not in frame,Unknown,False,0.453,1.0,86.4598
Moving_in_out_frame_withFall,81,Not in frame,Unknown,False,0.453,1.0,89.9026
Moving_in_out_frame_withFall,82,Not in frame,Unknown,False,0.453,1.0,98.8613
Moving_in_out_frame_withFall,83,Not in frame,Unknown,False,0.453,1.0,122.3568
Moving_in_out_frame_withFall,84,Not in frame,Unknown,False,0.453,1.0,136.1259
Moving_in_out_frame_withFall,85,Not in frame,Unknown,False,0.453,1.0,121.0565
Moving_in_out_frame_withFall,86,,Unknown,,0.453,1.0,121.9437
Moving_in_out_frame_withFall,87,,Unknown,,0.453,1.0,120.9731
Moving_in_out_frame_withFall,88,Standing,Unknown,False,0.453,1.0,152.5414
Moving_in_out_frame_withFall,89,Standing,Unknown,False,0.453,1.0,121.9984
Moving_in_out_frame_withFall,90,Standing,Unknown,False,0.453,1.0,190.0666
Moving_in_out_frame_withFall,91,Standing,Unknown,False,0.453,1.0,106.1583
Moving_in_out_frame_withFall,92,Standing,Unknown,False,0.453,1.0,137.1621
Moving_in_out_frame_withFall,93,Standing,Unknown,False,0.453,1.0,178.7565
Moving_in_out_frame_withFall,94,Standing,Unknown,False,0.453,1.0,98.4777
Moving_in_out_frame_withFall,95,Standing,Unknown,False,0.453,1.0,95.9122
Moving_in_out_frame_withFall,96,Standing,Unknown,False,0.453,1.0,89.3467
Moving_in_out_frame_withFall,97,Standing,Unknown,False,0.453,1.0,115.4765
Moving_in_out_frame_withFall,98,Standing,Unknown,False,0.453,1.0,112.032
Moving_in_out_frame_withFall,99,Standing,Unknown,False,0.453,1.0,92.8164
Moving_in_out_frame_withFall,100,Standing,Unknown,False,0.453,1.0,111.857
Moving_in_out_frame_withFall,101,Standing,Unknown,False,0.453,1.0,109.234
Moving_in_out_frame_withFall,102,Standing,Unknown,False,0.453,1.0,117.3792
Moving_in_out_frame_withFall,103,Standing,Unknown,False,0.453,1.0,158.8575
Moving_in_out_frame_withFall,104,Standing,Unknown,False,0.445,0.0,165.4398
Moving_in_out_frame_withFall,105,Standing,Unknown,False,0.452,0.0,179.9589
Moving_in_out_frame_withFall,106,Standing,Unknown,False,0.448,0.0,143.5406
Moving_in_out_frame_withFall,107,Standing,Unknown,False,0.433,0.0,172.2122
Moving_in_out_frame_withFall,108,Standing,Unknown,False,0.405,0.0,174.9298
Moving_in_out_frame_withFall,109,,Unknown,,0.375,0.0,152.5476
Moving_in_out_frame_withFall,110,,Standing,,0.346,0.0,124.4349
Moving_in_out_frame_withFall,111,,Standing,,0.425,0.0,102.4916
Moving_in_out_frame_withFall,112,,Standing,,0.509,0.0,126.5417
Moving_in_out_frame_withFall,113,,Standing,,0.589,0.0,114.3468
Moving_in_out_frame_withFall,114,,Standing,,0.654,0.0,119.5398
Moving_in_out_frame_withFall,115,,Standing,,0.712,0.0,115.0671
Moving_in_out_frame_withFall,116,,Standing,,0.754,0.0,121.8991
Moving_in_out_frame_withFall,117,,Standing,,0.795,0.0,113.7396
Moving_in_out_frame_withFall,118,,Standing,,0.829,0.0,121.8002
Moving_in_out_frame_withFall,119,,Standing,,0.86,0.0,126.0662
Moving_in_out_frame_withFall,120,,Standing,,0.887,0.0,120.3591
Moving_in_out_frame_withFall,121,,Standing,,0.91,0.0,122.5036
Moving_in_out_frame_withFall,122,,Standing,,0.93,0.0,110.1198
Moving_in_out_frame_withFall,123,,Standing,,0.945,0.0,104.4
Moving_in_out_frame_withFall,124,,Standing,,0.956,0.0,119.6561
Moving_in_out_frame_withFall,125,,Standing,,0.963,0.0,111.9457
Moving_in_out_frame_withFall,126,,Standing,,0.967,0.0,128.2539
Moving_in_out_frame_withFall,127,,Standing,,0.969,0.0,98.0625
Moving_in_out_frame_withFall,128,,Standing,,0.968,0.0,131.6666
Moving_in_out_frame_withFall,129,,Standing,,0.964,0.0,115.3841
Moving_in_out_frame_withFall,130,,Standing,,0.953,0.0,112.3952
Moving_in_out_frame_withFall,131,,Standing,,0.935,0.0,160.5797
Moving_in_out_frame_withFall,132,,Standing,,0.912,0.0,143.4761
Moving_in_out_frame_withFall,133,,Standing,,0.874,0.0,104.8995
Moving_in_out_frame_withFall,134,,Standing,,0.806,0.0,117.6958
Moving_in_out_frame_withFall,135,,Standing,,0.726,0.0,149.6517
Moving_in_out_frame_withFall,136,,Standing,,0.653,0.0,152.3441
Moving_in_out_frame_withFall,137,,Standing,,0.603,0.0,134.7822
Moving_in_out_frame_withFall,138,,Standing,,0.571,0.0,119.9705
Moving_in_out_frame_withFall,139,,Standing,,0.562,0.0,151.0111
Moving_in_out_frame_withFall,140,,Standing,,0.558,0.0,174.4469
Moving_in_out_frame_withFall,141,,Standing,,0.557,0.0,142.5631
Moving_in_out_frame_withFall,142,,Standing,,0.548,0.0,123.4188
Moving_in_out_frame_withFall,143,,Standing,,0.517,0.0,91.0198
Moving_in_out_frame_withFall,144,,Standing,,0.461,0.0,83.8805
Moving_in_out_frame_withFall,145,,Lying,,0.429,0.0,89.3217
Moving_in_out_frame_withFall,146,Lying,Lying,True,0.544,0.0,100.8678
Moving_in_out_frame_withFall,147,Lying,Lying,True,0.668,0.0,76.258
Moving_in_out_frame_withFall,148,Lying,Lying,True,0.774,0.0,98.6776
Moving_in_out_frame_withFall,149,Lying,Lying,True,0.838,1.0,123.0588
Moving_in_out_frame_withFall,150,Lying,Lying,True,0.869,0.0,104.1578
Moving_in_out_frame_withFall,151,Lying,Lying,True,0.897,0.0,101.5368
Moving_in_out_frame_withFall,152,Lying,Lying,True,0.917,0.0,84.2532
Moving_in_out_frame_withFall,153,Lying,Lying,True,0.931,0.0,86.7021
Moving_in_out_frame_withFall,154,Lying,Lying,True,0.939,0.0,90.2676
Moving_in_out_frame_withFall,155,Lying,Lying,True,0.943,0.0,85.3477
Moving_in_out_frame_withFall,156,Lying,Lying,True,0.946,0.0,92.297
Moving_in_out_frame_withFall,157,Lying,Lying,True,0.944,0.0,87.6965
Moving_in_out_frame_withFall,158,Lying,Lying,True,0.939,0.0,87.7269
Moving_in_out_frame_withFall,159,Lying,Lying,True,0.933,0.0,91.9023
Moving_in_out_frame_withFall,160,Lying,Lying,True,0.924,0.0,93.1252
Moving_in_out_frame_withFall,161,Lying,Lying,True,0.95,1.0,108.3854
Moving_in_out_frame_withFall,162,Lying,Lying,True,0.963,1.0,89.9232
Moving_in_out_frame_withFall,163,Lying,Lying,True,0.97,1.0,87.565
Moving_in_out_frame_withFall,164,Lying,Lying,True,0.974,1.0,89.9278
Moving_in_out_frame_withFall,165,Lying,Lying,True,0.977,1.0,87.1408
Moving_in_out_frame_withFall,166,Lying,Lying,True,0.982,0.0,101.3286
Moving_in_out_frame_withFall,167,Lying,Lying,True,0.985,0.0,96.1032
Moving_in_out_frame_withFall,168,Lying,Lying,True,0.985,1.0,115.1256
Moving_in_out_frame_withFall,169,Lying,Lying,True,0.985,1.0,111.5935
Moving_in_out_frame_withFall,170,Lying,Lying,True,0.984,1.0,96.7248
Moving_in_out_frame_withFall,171,Lying,Lying,True,0.984,1.0,90.6081
Moving_in_out_frame_withFall,172,Lying,Lying,True,0.983,1.0,126.1246
Moving_in_out_frame_withFall,173,Lying,Lying,True,0.982,1.0,92.0011
Moving_in_out_frame_withFall,174,Lying,Lying,True,0.982,0.0,91.5488
Moving_in_out_frame_withFall,175,Lying,Lying,True,0.98,0.0,90.0116
Moving_in_out_frame_withFall,176,Lying,Lying,True,0.979,0.0,94.6984
Moving_in_out_frame_withFall,177,Lying,Lying,True,0.977,1.0,86.0818
Moving_in_out_frame_withFall,178,Lying,Lying,True,0.976,1.0,119.9348
Moving_in_out_frame_withFall,179,Lying,Lying,True,0.971,1.0,103.3566
Moving_in_out_frame_withFall,180,Lying,Lying,True,0.967,1.0,86.4524
Moving_in_out_frame_withFall,181,Lying,Lying,True,0.966,0.0,133.2277
Moving_in_out_frame_withFall,182,Lying,Lying,True,0.96,1.0,181.8929
Moving_in_out_frame_withFall,183,Lying,Lying,True,0.957,0.0,206.5801
Moving_in_out_frame_withFall,184,Lying,Lying,True,0.949,0.0,160.4671
Moving_in_out_frame_withFall,185,Lying,Lying,True,0.941,0.0,129.0738
Moving_in_out_frame_withFall,186,Lying,Lying,True,0.92,0.0,111.0144
Moving_in_out_frame_withFall,187,Lying,Lying,True,0.899,1.0,128.3278
Moving_in_out_frame_withFall,188,Lying,Lying,True,0.807,0.0,118.4876
Moving_in_out_frame_withFall,189,Lying,Lying,True,0.82,0.0,156.2056
Moving_in_out_frame_withFall,190,Lying,Lying,True,0.904,0.0,136.2768
Moving_in_out_frame_withFall,191,Lying,Lying,True,0.921,0.0,151.1747
Moving_in_out_frame_withFall,192,Lying,Lying,True,0.938,0.0,125.6235
Moving_in_out_frame_withFall,193,Lying,Lying,True,0.945,0.0,135.9157
Moving_in_out_frame_withFall,194,Lying,Lying,True,0.948,1.0,174.2859
Moving_in_out_frame_withFall,195,Lying,Lying,True,0.946,0.0,160.0611
Moving_in_out_frame_withFall,196,Lying,Lying,True,0.956,0.0,133.0386
Moving_in_out_frame_withFall,197,Lying,Lying,True,0.967,0.0,118.3038
Moving_in_out_frame_withFall,198,Lying,Lying,True,0.962,0.0,96.3415
Moving_in_out_frame_withFall,199,Lying,Lying,True,0.953,0.0,105.8739
Moving_in_out_frame_withFall,200,Lying,Lying,True,0.928,0.0,122.472
Moving_in_out_frame_withFall,201,Lying,Lying,True,0.849,0.0,106.2906
Moving_in_out_frame_withFall,202,Lying,Lying,True,0.526,0.0,101.3235
Moving_in_out_frame_withFall,203,Lying,Lying,True,0.737,0.0,98.8769
Moving_in_out_frame_withFall,204,Lying,Lying,True,0.824,0.0,107.633
Moving_in_out_frame_withFall,205,,Lying,,0.874,0.0,89.6743
Moving_in_out_frame_withFall,206,,Lying,,0.948,0.0,78.6254
Moving_in_out_frame_withFall,207,,Lying,,0.936,0.0,84.6767
Moving_in_out_frame_withFall,208,,Lying,,0.927,0.0,80.5378
Moving_in_out_frame_withFall,209,,Lying,,0.928,0.0,80.6814
Moving_in_out_frame_withFall,210,,Lying,,0.936,0.0,71.7431
Moving_in_out_frame_withFall,211,,Lying,,0.933,0.0,69.7288
Moving_in_out_frame_withFall,212,,Lying,,0.936,0.0,69.5492
Moving_in_out_frame_withFall,213,,Lying,,0.926,0.0,80.7742
Moving_in_out_frame_withFall,214,,Lying,,0.924,0.0,67.4285
Moving_in_out_frame_withFall,215,,Lying,,0.912,0.0,71.4265
Moving_in_out_frame_withFall,216,,Lying,,0.897,0.0,67.4034
Moving_in_out_frame_withFall,217,,Lying,,0.885,0.0,96.4915
Sit_Stand_AnklesInvisible,31,Sitting,Unknown,False,0.381,0.0,88.8396
Sit_Stand_AnklesInvisible,32,Sitting,Unknown,False,0.5,0.0,81.4522
Sit_Stand_AnklesInvisible,33,Sitting,Unknown,False,0.564,0.0,83.3213
Sit_Stand_AnklesInvisible,34,Sitting,Unknown,False,0.589,0.0,117.718
Sit_Stand_AnklesInvisible,35,Sitting,Unknown,False,0.609,0.0,135.4992
Sit_Stand_AnklesInvisible,36,Sitting,Unknown,False,0.624,0.0,90.3268
Sit_Stand_AnklesInvisible,37,Sitting,Unknown,False,0.636,0.0,95.8364
Sit_Stand_AnklesInvisible,38,Sitting,Unknown,False,0.644,0.0,84.9977
Sit_Stand_AnklesInvisible,39,Sitting,Unknown,False,0.652,0.0,82.5215
Sit_Stand_AnklesInvisible,40,Sitting,Unknown,False,0.659,0.0,96.8798
Sit_Stand_AnklesInvisible,41,Sitting,Unknown,False,0.668,0.0,114.2755
Sit_Stand_AnklesInvisible,42,Sitting,Unknown,False,0.673,0.0,109.3192
Sit_Stand_AnklesInvisible,43,Sitting,Unknown,False,0.678,0.0,84.9408
Sit_Stand_AnklesInvisible,44,Sitting,Unknown,False,0.686,0.0,92.1218
Sit_Stand_AnklesInvisible,45,Sitting,Unknown,False,0.693,0.0,96.9083
Sit_Stand_AnklesInvisible,46,Sitting,Unknown,False,0.699,0.0,94.7442
Sit_Stand_AnklesInvisible,47,Sitting,Unknown,False,0.703,0.0,101.3582
Sit_Stand_AnklesInvisible,48,Sitting,Unknown,False,0.706,0.0,105.2869
Sit_Stand_AnklesInvisible,49,Sitting,Unknown,False,0.707,0.0,125.3421
Sit_Stand_AnklesInvisible,50,Sitting,Unknown,False,0.706,0.0,140.2992
Sit_Stand_AnklesInvisible,51,Sitting,Unknown,False,0.708,0.0,143.0139
Sit_Stand_AnklesInvisible,52,Sitting,Unknown,False,0.705,0.0,116.1799
Sit_Stand_AnklesInvisible,53,Sitting,Unknown,False,0.704,0.0,113.9119
Sit_Stand_AnklesInvisible,54,Sitting,Unknown,False,0.699,0.0,104.3618
Sit_Stand_AnklesInvisible,55,Sitting,Unknown,False,0.693,0.0,102.2531
Sit_Stand_AnklesInvisible,56,Sitting,Unknown,False,0.684,0.0,107.8284
Sit_Stand_AnklesInvisible,57,Sitting,Unknown,False,0.669,0.0,99.7601
Sit_Stand_AnklesInvisible,58,Sitting,Unknown,False,0.65,0.0,171.5362
Sit_Stand_AnklesInvisible,59,Sitting,Unknown,False,0.624,0.0,150.6148
Sit_Stand_AnklesInvisible,60,Sitting,Unknown,False,0.598,0.0,136.0494
Sit_Stand_AnklesInvisible,61,Sitting,Unknown,False,0.566,0.0,128.1616
Sit_Stand_AnklesInvisible,62,Sitting,Unknown,False,0.525,0.0,124.5576
Sit_Stand_AnklesInvisible,63,Sitting,Unknown,False,0.474,0.0,136.9198
Sit_Stand_AnklesInvisible,64,Sitting,Unknown,False,0.431,0.0,129.1611
Sit_Stand_AnklesInvisible,65,Sitting,Standing,False,0.45,0.0,136.191
Sit_Stand_AnklesInvisible,66,Sitting,Standing,False,0.496,0.0,119.5219
Sit_Stand_AnklesInvisible,67,Sitting,Standing,False,0.563,0.0,113.0903
Sit_Stand_AnklesInvisible,68,Sitting,Standing,False,0.622,0.0,95.6665
Sit_Stand_AnklesInvisible,69,Sitting,Standing,False,0.664,0.0,91.8574
Sit_Stand_AnklesInvisible,70,Sitting,Standing,False,0.701,0.0,84.2624
Sit_Stand_AnklesInvisible,71,Sitting,Standing,False,0.758,0.0,78.7506
Sit_Stand_AnklesInvisible,72,Sitting,Standing,False,0.813,0.0,76.6812
Sit_Stand_AnklesInvisible,73,Sitting,Standing,False,0.854,0.0,82.3998
Sit_Stand_AnklesInvisible,74,Sitting,Standing,False,0.883,0.0,80.9638
Sit_Stand_AnklesInvisible,75,Sitting,Standing,False,0.904,0.0,80.0815
Sit_Stand_AnklesInvisible,76,Sitting,Standing,False,0.924,0.0,75.2856
Sit_Stand_AnklesInvisible,77,Sitting,Standing,False,0.928,0.0,89.117
Sit_Stand_AnklesInvisible,78,Sitting,Standing,False,0.935,0.0,96.1755
Sit_Stand_AnklesInvisible,79,Sitting,Standing,False,0.94,0.0,103.7338
Sit_Stand_AnklesInvisible,80,Sitting,Standing,False,0.944,0.0,128.6542
Sit_Stand_AnklesInvisible,81,Sitting,Standing,False,0.947,0.0,114.4463
Sit_Stand_AnklesInvisible,82,Sitting,Standing,False,0.951,0.0,123.1888
Sit_Stand_AnklesInvisible,83,Sitting,Standing,False,0.955,0.0,119.6283
Sit_Stand_AnklesInvisible,84,Sitting,Standing,False,0.957,0.0,147.9107
Sit_Stand_AnklesInvisible,85,Sitting,Standing,False,0.959,0.0,148.4669
Sit_Stand_AnklesInvisible,86,Sitting,Standing,False,0.96,0.0,151.9726
Sit_Stand_AnklesInvisible,87,Sitting,Standing,False,0.96,0.0,151.1132
Sit_Stand_AnklesInvisible,88,Sitting,Standing,False,0.959,0.0,156.5512
Sit_Stand_AnklesInvisible,89,Sitting,Standing,False,0.959,0.0,193.7631
Sit_Stand_AnklesInvisible,90,Sitting,Standing,False,0.958,0.0,139.6358
Sit_Stand_AnklesInvisible,91,Sitting,Standing,False,0.956,0.0,105.4819
Sit_Stand_AnklesInvisible,92,Sitting,Standing,False,0.951,0.0,111.0587
Sit_Stand_AnklesInvisible,93,Sitting,Standing,False,0.944,0.0,106.6938
Sit_Stand_AnklesInvisible,94,Sitting,Standing,False,0.941,0.0,111.2829
Sit_Stand_AnklesInvisible,95,Sitting,Standing,False,0.937,0.0,119.6868
Sit_Stand_AnklesInvisible,96,Sitting,Standing,False,0.936,0.0,124.256
Sit_Stand_AnklesInvisible,97,Sitting,Standing,False,0.925,0.0,133.732
Sit_Stand_AnklesInvisible,98,Sitting,Standing,False,0.921,0.0,147.6011
Sit_Stand_AnklesInvisible,99,Sitting,Standing,False,0.92,0.0,158.9624
Sit_Stand_AnklesInvisible,100,Sitting,Standing,False,0.914,0.0,133.3472
Sit_Stand_AnklesInvisible,101,Sitting,Standing,False,0.896,0.0,100.2183
Sit_Stand_AnklesInvisible,102,Sitting,Standing,False,0.879,0.0,125.5701
Sit_Stand_AnklesInvisible,103,Sitting,Standing,False,0.873,0.0,125.6284
Sit_Stand_AnklesInvisible,104,Sitting,Standing,False,0.857,0.0,97.2165
Sit_Stand_AnklesInvisible,105,Sitting,Standing,False,0.858,0.0,122.7133
Sit_Stand_AnklesInvisible,106,Sitting,Standing,False,0.839,0.0,129.6336
Sit_Stand_AnklesInvisible,107,Sitting,Standing,False,0.839,0.0,118.4242
Sit_Stand_AnklesInvisible,108,Sitting,Standing,False,0.835,0.0,123.3638
Sit_Stand_AnklesInvisible,109,Sitting,Standing,False,0.814,0.0,98.5486
Sit_Stand_AnklesInvisible,110,Sitting,Standing,False,0.817,0.0,92.4835
Sit_Stand_AnklesInvisible,111,Sitting,Standing,False,0.822,0.0,88.3064
Sit_Stand_AnklesInvisible,112,Sitting,Standing,False,0.808,0.0,88.0827
Sit_Stand_AnklesInvisible,113,Sitting,Standing,False,0.796,0.0,89.4252
Sit_Stand_AnklesInvisible,114,Sitting,Standing,False,0.791,0.0,87.691
Sit_Stand_AnklesInvisible,115,Sitting,Standing,False,0.792,0.0,78.778
Sit_Stand_AnklesInvisible,116,Sitting,Standing,False,0.792,0.0,99.9559
Sit_Stand_AnklesInvisible,117,Sitting,Standing,False,0.793,0.0,92.0507
Sit_Stand_AnklesInvisible,118,Sitting,Standing,False,0.784,0.0,88.7369
Sit_Stand_AnklesInvisible,119,Sitting,Standing,False,0.769,0.0,121.6847
Sit_Stand_AnklesInvisible,120,Sitting,Standing,False,0.767,0.0,113.2138
Sit_Stand_AnklesInvisible,121,Sitting,Standing,False,0.799,0.0,124.3871
Sit_Stand_AnklesInvisible,122,Sitting,Standing,False,0.799,0.0,112.2534
Sit_Stand_AnklesInvisible,123,Sitting,Standing,False,0.809,0.0,105.6646
Sit_Stand_AnklesInvisible,124,Sitting,Standing,False,0.786,0.0,118.0628
Sit_Stand_AnklesInvisible,125,Sitting,Standing,False,0.794,0.0,113.5544
Sit_Stand_AnklesInvisible,126,Sitting,Standing,False,0.804,0.0,135.8605
Sit_Stand_AnklesInvisible,127,Sitting,Standing,False,0.805,0.0,146.2541
Sit_Stand_AnklesInvisible,128,Sitting,Standing,False,0.802,0.0,137.5003
Sit_Stand_AnklesInvisible,129,Sitting,Standing,False,0.812,0.0,249.538
Sit_Stand_AnklesInvisible,130,Sitting,Standing,False,0.811,0.0,103.9089
Sit_Stand_AnklesInvisible,131,Sitting,Standing,False,0.798,0.0,119.3626
Sit_Stand_AnklesInvisible,132,Sitting,Standing,False,0.792,0.0,134.9438
Sit_Stand_AnklesInvisible,133,Sitting,Standing,False,0.791,0.0,174.2458
Sit_Stand_AnklesInvisible,134,Sitting,Standing,False,0.803,0.0,161.2708
Sit_Stand_AnklesInvisible,135,Sitting,Standing,False,0.786,0.0,139.1669
Sit_Stand_AnklesInvisible,136,Sitting,Standing,False,0.786,0.0,138.7194
Sit_Stand_AnklesInvisible,137,Sitting,Standing,False,0.767,0.0,142.1751
Sit_Stand_AnklesInvisible,138,,Standing,,0.76,0.0,99.4921
Sit_Stand_AnklesInvisible,139,,Standing,,0.74,0.0,111.3265
Sit_Stand_AnklesInvisible,140,,Standing,,0.728,0.0,125.5281
Sit_Stand_AnklesInvisible,141,,Standing,,0.717,0.0,109.1569
Sit_Stand_AnklesInvisible,142,,Standing,,0.714,0.0,131.062
Sit_Stand_AnklesInvisible,143,,Standing,,0.684,0.0,132.4917
Sit_Stand_AnklesInvisible,144,,Standing,,0.626,0.0,137.658
Sit_Stand_AnklesInvisible,145,,Standing,,0.59,0.0,126.7594
Sit_Stand_AnklesInvisible,146,,Standing,,0.563,0.0,128.4411
Sit_Stand_AnklesInvisible,147,,Standing,,0.555,0.0,142.5231
Sit_Stand_AnklesInvisible,148,,Standing,,0.534,0.0,119.3458
Sit_Stand_AnklesInvisible,149,,Standing,,0.526,0.0,143.3708
Sit_Stand_AnklesInvisible,150,,Standing,,0.497,0.0,128.9126
Sit_Stand_AnklesInvisible,151,,Standing,,0.461,0.0,135.8927
Sit_Stand_AnklesInvisible,152,,Standing,,0.439,0.0,156.2165
Sit_Stand_AnklesInvisible,153,,Unknown,,0.441,0.0,128.6221
Sit_Stand_AnklesInvisible,154,,Unknown,,0.461,0.0,124.5978
Sit_Stand_AnklesInvisible,155,,Unknown,,0.479,0.0,122.4632
Sit_Stand_AnklesInvisible,156,,Unknown,,0.499,0.0,111.2624
Sit_Stand_AnklesInvisible,157,,Unknown,,0.515,0.0,113.5662
Sit_Stand_AnklesInvisible,158,,Unknown,,0.53,0.0,126.1468
Sit_Stand_AnklesInvisible,159,,Unknown,,0.546,0.0,133.0914
Sit_Stand_AnklesInvisible,160,,Unknown,,0.555,0.0,119.4086
Sit_Stand_AnklesInvisible,161,,Unknown,,0.559,0.0,106.4094
Sit_Stand_AnklesInvisible,162,,Unknown,,0.567,0.0,112.3498
Sit_Stand_AnklesInvisible,163,,Unknown,,0.571,0.0,116.8892
Sit_Stand_AnklesInvisible,164,,Unknown,,0.571,0.0,107.2746
Sit_Stand_AnklesInvisible,165,,Unknown,,0.57,0.0,104.4842
Sit_Stand_AnklesInvisible,166,,Unknown,,0.566,0.0,104.6424
Sit_Stand_AnklesInvisible,167,,Unknown,,0.568,0.0,120.5123
Sit_Stand_AnklesInvisible,168,Standing,Unknown,False,0.557,0.0,120.2739
Sit_Stand_AnklesInvisible,169,Standing,Unknown,False,0.537,0.0,126.4232
Sit_Stand_AnklesInvisible,170,Standing,Unknown,False,0.512,0.0,104.3447
Sit_Stand_AnklesInvisible,171,Standing,Unknown,False,0.489,0.0,121.6432
Sit_Stand_AnklesInvisible,172,Standing,Unknown,False,0.456,0.0,137.8581
Sit_Stand_AnklesInvisible,173,Standing,Unknown,False,0.42,0.0,87.7602
Sit_Stand_AnklesInvisible,174,Standing,Standing,True,0.457,0.0,93.4636
Sit_Stand_AnklesInvisible,175,Standing,Standing,True,0.502,0.0,98.3266
Sit_Stand_AnklesInvisible,176,Standing,Standing,True,0.548,0.0,95.7915
Sit_Stand_AnklesInvisible,177,Standing,Standing,True,0.595,0.0,95.3734
Sit_Stand_AnklesInvisible,178,Standing,Standing,True,0.651,0.0,147.5705
Sit_Stand_AnklesInvisible,179,Standing,Standing,True,0.705,0.0,167.8014
Sit_Stand_AnklesInvisible,180,Standing,Standing,True,0.756,0.0,152.8768
Sit_Stand_AnklesInvisible,181,Standing,Standing,True,0.81,0.0,195.5185
Sit_Stand_AnklesInvisible,182,Standing,Standing,True,0.856,0.0,131.7066
Sit_Stand_AnklesInvisible,183,Standing,Standing,True,0.896,0.0,104.8053
Sit_Stand_AnklesInvisible,184,Standing,Standing,True,0.924,0.0,118.1235
Sit_Stand_AnklesInvisible,185,Standing,Standing,True,0.944,0.0,103.1475
Sit_Stand_AnklesInvisible,186,,Standing,,0.958,0.0,99.5425
Sit_Stand_AnklesInvisible,187,,Standing,,0.967,0.0,102.7485
Sit_Stand_AnklesInvisible,188,,Standing,,0.973,0.0,105.531
Sit_Stand_AnklesInvisible,189,,Standing,,0.977,0.0,100.4256
Sit_Stand_AnklesInvisible,190,,Standing,,0.979,0.0,115.5833
Sit_Stand_AnklesInvisible,191,,Standing,,0.981,0.0,92.6211
Sit_Stand_AnklesInvisible,192,,Standing,,0.982,0.0,168.7486
Sit_Stand_AnklesInvisible,193,,Standing,,0.983,0.0,107.9104
Sit_Stand_AnklesInvisible,194,,Standing,,0.984,0.0,116.0518
Sit_Stand_AnklesInvisible,195,,Standing,,0.984,0.0,96.5851
Sit_Stand_AnklesInvisible,196,,Standing,,0.985,0.0,128.6773
Sit_Stand_AnklesInvisible,197,,Standing,,0.985,0.0,114.5933
Sit_Stand_AnklesInvisible,198,,Standing,,0.985,0.0,133.2146
Sit_Stand_AnklesInvisible,199,,Standing,,0.986,0.0,145.6694
Sit_Stand_AnklesInvisible,200,,Standing,,0.986,0.0,148.1546
Sit_Stand_AnklesInvisible,201,,Standing,,0.986,0.0,163.8032
Sit_Stand_AnklesInvisible,202,,Standing,,0.986,0.0,165.5823
Sit_Stand_AnklesInvisible,203,,Standing,,0.986,0.0,146.4826
Sit_Stand_AnklesInvisible,204,,Standing,,0.986,0.0,175.1036
Sit_Stand_AnklesInvisible,205,,Standing,,0.986,0.0,131.0255
Sit_Stand_AnklesInvisible,206,,Standing,,0.986,0.0,114.1926
Sit_Stand_AnklesInvisible,207,,Standing,,0.987,0.0,127.0703
Sit_Stand_AnklesInvisible,208,,Standing,,0.987,0.0,165.9744
SitFast_GetupFast,31,Sitting,Standing,False,0.984,0.0,141.6782
SitFast_GetupFast,32,Sitting,Standing,False,0.983,0.0,137.7034
SitFast_GetupFast,33,Sitting,Standing,False,0.981,0.0,159.4153
SitFast_GetupFast,34,Sitting,Standing,False,0.98,0.0,122.6745
SitFast_GetupFast,35,Sitting,Standing,False,0.977,0.0,142.5095
SitFast_GetupFast,36,Sitting,Standing,False,0.973,0.0,133.2596
SitFast_GetupFast,37,Sitting,Standing,False,0.969,0.0,124.0965
SitFast_GetupFast,38,Sitting,Standing,False,0.964,0.0,158.006
SitFast_GetupFast,39,Sitting,Standing,False,0.958,0.0,121.5139
SitFast_GetupFast,40,Sitting,Standing,False,0.95,0.0,115.4492
SitFast_GetupFast,41,Sitting,Standing,False,0.938,0.0,134.4096
SitFast_GetupFast,42,Sitting,Standing,False,0.92,0.0,145.7997
SitFast_GetupFast,43,Sitting,Standing,False,0.884,0.0,121.7569
SitFast_GetupFast,44,Sitting,Standing,False,0.837,0.0,114.3524
SitFast_GetupFast,45,Sitting,Standing,False,0.703,0.0,129.9396
SitFast_GetupFast,46,Sitting,Standing,False,0.638,0.0,121.2643
SitFast_GetupFast,47,Sitting,Standing,False,0.695,0.0,97.0339
SitFast_GetupFast,48,Sitting,Standing,False,0.721,0.0,124.8009
SitFast_GetupFast,49,Sitting,Standing,False,0.725,0.0,123.6178
SitFast_GetupFast,50,Sitting,Standing,False,0.732,0.0,122.7499
SitFast_GetupFast,51,Sitting,Standing,False,0.719,0.0,108.0395
SitFast_GetupFast,52,Sitting,Standing,False,0.713,0.0,105.872
SitFast_GetupFast,53,Sitting,Standing,False,0.71,0.0,92.538
SitFast_GetupFast,54,Sitting,Standing,False,0.722,0.0,101.3288
SitFast_GetupFast,55,Sitting,Standing,False,0.729,0.0,100.1376
SitFast_GetupFast,56,Sitting,Standing,False,0.753,0.0,97.2973
SitFast_GetupFast,57,Sitting,Standing,False,0.761,0.0,98.2229
SitFast_GetupFast,58,Sitting,Standing,False,0.782,0.0,92.7153
SitFast_GetupFast,59,Sitting,Standing,False,0.796,0.0,108.7497
SitFast_GetupFast,60,Sitting,Standing,False,0.81,0.0,113.9512
SitFast_GetupFast,61,Sitting,Standing,False,0.819,0.0,94.7882
SitFast_GetupFast,62,Sitting,Standing,False,0.831,0.0,100.5021
SitFast_GetupFast,63,Sitting,Standing,False,0.836,0.0,86.1713
SitFast_GetupFast,64,Sitting,Standing,False,0.836,0.0,88.4265
SitFast_GetupFast,65,Sitting,Standing,False,0.835,0.0,82.0919
SitFast_GetupFast,66,Sitting,Standing,False,0.834,0.0,98.1121
SitFast_GetupFast,67,Sitting,Standing,False,0.836,0.0,102.5159
SitFast_GetupFast,68,Sitting,Standing,False,0.838,0.0,90.8438
SitFast_GetupFast,69,Sitting,Standing,False,0.841,0.0,91.8408
SitFast_GetupFast,70,Sitting,Standing,False,0.843,0.0,78.9334
SitFast_GetupFast,71,Sitting,Standing,False,0.844,0.0,83.9692
SitFast_GetupFast,72,Sitting,Standing,False,0.845,0.0,97.4033
SitFast_GetupFast,73,Sitting,Standing,False,0.846,0.0,78.756
SitFast_GetupFast,74,Sitting,Standing,False,0.848,0.0,84.1503
SitFast_GetupFast,75,Sitting,Standing,False,0.85,0.0,85.405
SitFast_GetupFast,76,Sitting,Standing,False,0.85,0.0,81.0839
SitFast_GetupFast,77,Sitting,Standing,False,0.851,0.0,72.2797
SitFast_GetupFast,78,Sitting,Standing,False,0.852,0.0,67.4699
SitFast_GetupFast,79,Sitting,Standing,False,0.851,0.0,66.5216
SitFast_GetupFast,80,Sitting,Standing,False,0.85,0.0,67.2066
SitFast_GetupFast,81,Sitting,Standing,False,0.849,0.0,64.8987
SitFast_GetupFast,82,Sitting,Standing,False,0.85,0.0,64.8349
SitFast_GetupFast,83,Sitting,Standing,False,0.849,0.0,64.1568
SitFast_GetupFast,84,Sitting,Standing,False,0.848,0.0,65.9106
SitFast_GetupFast,85,Sitting,Standing,False,0.847,0.0,63.8259
SitFast_GetupFast,86,Sitting,Standing,False,0.846,0.0,65.5625
SitFast_GetupFast,87,Sitting,Standing,False,0.844,0.0,63.2726
SitFast_GetupFast,88,Sitting,Standing,False,0.842,0.0,63.3778
SitFast_GetupFast,89,Sitting,Standing,False,0.842,0.0,62.7253
SitFast_GetupFast,90,Sitting,Standing,False,0.84,0.0,70.1212
SitFast_GetupFast,91,Sitting,Standing,False,0.839,0.0,66.5549
SitFast_GetupFast,92,Sitting,Standing,False,0.84,0.0,65.8271
SitFast_GetupFast,93,Sitting,Standing,False,0.839,0.0,66.4035
SitFast_GetupFast,94,Sitting,Standing,False,0.839,0.0,95.5821
SitFast_GetupFast,95,Sitting,Standing,False,0.839,0.0,111.7138
SitFast_GetupFast,96,Sitting,Standing,False,0.839,0.0,86.4157
SitFast_GetupFast,97,Sitting,Standing,False,0.84,0.0,72.627
SitFast_GetupFast,98,Sitting,Standing,False,0.84,0.0,90.3146
SitFast_GetupFast,99,Sitting,Standing,False,0.841,0.0,113.9223
SitFast_GetupFast,100,Sitting,Standing,False,0.841,0.0,113.1308
SitFast_GetupFast,101,Sitting,Standing,False,0.842,0.0,108.2403
SitFast_GetupFast,102,Sitting,Standing,False,0.843,0.0,112.3529
SitFast_GetupFast,103,Sitting,Standing,False,0.844,0.0,150.1047
SitFast_GetupFast,104,Sitting,Standing,False,0.845,0.0,135.5213
SitFast_GetupFast,105,Sitting,Standing,False,0.847,0.0,106.361
SitFast_GetupFast,106,Sitting,Standing,False,0.848,0.0,84.1603
SitFast_GetupFast,107,Sitting,Standing,False,0.85,0.0,87.9152
SitFast_GetupFast,108,Sitting,Standing,False,0.853,0.0,88.3772
SitFast_GetupFast,109,Sitting,Standing,False,0.855,0.0,88.1444
SitFast_GetupFast,110,Sitting,Standing,False,0.86,0.0,87.8737
SitFast_GetupFast,111,,Standing,,0.865,0.0,95.7983
SitFast_GetupFast,112,,Standing,,0.87,0.0,108.3126
SitFast_GetupFast,113,,Standing,,0.876,0.0,89.5744
SitFast_GetupFast,114,,Standing,,0.882,0.0,85.2182
SitFast_GetupFast,115,,Standing,,0.888,0.0,86.1883
SitFast_GetupFast,116,,Standing,,0.892,0.0,101.2162
SitFast_GetupFast,117,,Standing,,0.895,0.0,92.1428
SitFast_GetupFast,118,,Standing,,0.898,0.0,94.2351
SitFast_GetupFast,119,,Standing,,0.899,0.0,95.671
SitFast_GetupFast,120,,Standing,,0.9,0.0,101.0332
SitFast_GetupFast,121,,Standing,,0.9,0.0,96.3469
SitFast_GetupFast,122,,Standing,,0.9,0.0,97.135
SitFast_GetupFast,123,,Standing,,0.899,0.0,98.5953
SitFast_GetupFast,124,,Standing,,0.897,0.0,96.3261
SitFast_GetupFast,125,,Standing,,0.896,0.0,88.2358
SitFast_GetupFast,126,,Standing,,0.894,0.0,85.5303
SitFast_GetupFast,127,,Standing,,0.891,0.0,90.8684
SitFast_GetupFast,128,,Standing,,0.889,0.0,90.3284
SitFast_GetupFast,129,,Standing,,0.885,0.0,89.6174
SitFast_GetupFast,130,,Standing,,0.881,0.0,87.0729
SitFast_GetupFast,131,,Standing,,0.876,0.0,84.027
SitFast_GetupFast,132,,Standing,,0.868,0.0,76.8219
SitFast_GetupFast,133,,Standing,,0.859,0.0,86.5089
SitFast_GetupFast,134,,Standing,,0.845,0.0,94.2614
SitFast_GetupFast,135,,Standing,,0.828,0.0,99.4961
SitFast_GetupFast,136,,Standing,,0.805,0.0,99.648
SitFast_GetupFast,137,,Standing,,0.772,0.0,96.1145
SitFast_GetupFast,138,,Standing,,0.729,0.0,105.0916
SitFast_GetupFast,139,,Standing,,0.681,0.0,142.0736
SitFast_GetupFast,140,,Standing,,0.626,0.0,112.262
SitFast_GetupFast,141,,Standing,,0.573,0.0,131.5848
SitFast_GetupFast,142,,Standing,,0.526,0.0,120.2207
SitFast_GetupFast,143,,Standing,,0.484,0.0,127.1275
SitFast_GetupFast,144,,Standing,,0.447,0.0,153.537
SitFast_GetupFast,145,,Standing,,0.413,0.0,129.5204
SitFast_GetupFast,146,,Unknown,,0.401,0.0,116.1104
SitFast_GetupFast,147,,Unknown,,0.427,0.0,121.9564
SitFast_GetupFast,148,,Unknown,,0.451,0.0,121.0656
SitFast_GetupFast,149,,Unknown,,0.471,0.0,102.8198
SitFast_GetupFast,150,,Unknown,,0.488,0.0,121.0896
SitFast_GetupFast,151,,Unknown,,0.503,0.0,124.3196
SitFast_GetupFast,152,,Unknown,,0.514,0.0,121.1867
SitFast_GetupFast,153,,Unknown,,0.52,0.0,116.9271
SitFast_GetupFast,154,,Unknown,,0.522,0.0,106.016
SitFast_GetupFast,155,,Unknown,,0.513,0.0,89.8701
SitFast_GetupFast,156,,Unknown,,0.494,0.0,98.7994
SitFast_GetupFast,157,,Unknown,,0.461,0.0,109.3496
SitFast_GetupFast,158,,Standing,,0.439,0.0,97.4803
SitFast_GetupFast,159,,Standing,,0.486,0.0,98.8928
SitFast_GetupFast,160,,Standing,,0.533,0.0,125.5071
SitFast_GetupFast,161,,Standing,,0.585,0.0,104.4635
SitFast_GetupFast,162,,Standing,,0.64,0.0,115.0066
SitFast_GetupFast,163,,Standing,,0.697,0.0,103.8856
SitFast_GetupFast,164,,Standing,,0.754,0.0,109.9009
SitFast_GetupFast,165,,Standing,,0.807,0.0,106.3855
SitFast_GetupFast,166,,Standing,,0.855,0.0,105.3919
SitFast_GetupFast,167,,Standing,,0.894,0.0,126.3653
SitFast_GetupFast,168,,Standing,,0.924,0.0,135.6025
SitFast_GetupFast,169,,Standing,,0.945,0.0,105.5991
SitFast_GetupFast,170,,Standing,,0.959,0.0,99.5053
SitFast_GetupFast,171,,Standing,,0.968,0.0,101.4144
SitFast_GetupFast,172,,Standing,,0.974,0.0,89.222
SitFast_GetupFast,173,,Standing,,0.978,0.0,78.3729
SitFast_GetupFast,174,,Standing,,0.981,0.0,80.6882
SitFloor_crossedLegs,31,,Standing,,0.953,0.0,76.2884
SitFloor_crossedLegs,32,,Standing,,0.943,0.0,71.4933
SitFloor_crossedLegs,33,,Standing,,0.929,0.0,70.0187
SitFloor_crossedLegs,34,,Standing,,0.911,0.0,74.8441
SitFloor_crossedLegs,35,,Standing,,0.895,0.0,74.1522
SitFloor_crossedLegs,36,,Standing,,0.871,0.0,119.9879
SitFloor_crossedLegs,37,,Standing,,0.836,0.0,70.1493
SitFloor_crossedLegs,38,,Standing,,0.792,0.0,67.7473
SitFloor_crossedLegs,39,,Standing,,0.75,0.0,70.2544
SitFloor_crossedLegs,40,,Standing,,0.686,0.0,83.5492
SitFloor_crossedLegs,41,,Standing,,0.596,0.0,85.9622
SitFloor_crossedLegs,42,,Standing,,0.462,0.0,84.6833
SitFloor_crossedLegs,43,,Sitting,,0.623,0.0,100.4184
SitFloor_crossedLegs,44,,Sitting,,0.811,0.0,105.265
SitFloor_crossedLegs,45,,Sitting,,0.907,0.0,108.8344
SitFloor_crossedLegs,46,,Sitting,,0.949,0.0,139.8408
SitFloor_crossedLegs,47,,Sitting,,0.969,0.0,104.7309
SitFloor_crossedLegs,48,,Sitting,,0.979,0.0,129.8515
SitFloor_crossedLegs,49,,Sitting,,0.985,0.0,219.6363
SitFloor_crossedLegs,50,,Sitting,,0.988,0.0,170.3703
SitFloor_crossedLegs,51,,Sitting,,0.99,0.0,120.4997
SitFloor_crossedLegs,52,,Sitting,,0.992,0.0,95.9659
SitFloor_crossedLegs,53,,Sitting,,0.993,0.0,90.3627
SitFloor_crossedLegs,54,,Sitting,,0.993,0.0,117.3092
SitFloor_crossedLegs,55,,Sitting,,0.993,0.0,112.9484
SitFloor_crossedLegs,56,,Sitting,,0.993,0.0,105.3185
SitFloor_crossedLegs,57,,Sitting,,0.993,0.0,107.5435
SitFloor_crossedLegs,58,,Sitting,,0.993,0.0,96.3643
SitFloor_crossedLegs,59,,Sitting,,0.993,0.0,107.091
SitFloor_crossedLegs,60,,Sitting,,0.993,0.0,98.7821
SitFloor_crossedLegs,61,,Sitting,,0.993,0.0,103.5579
SitFloor_crossedLegs,62,,Sitting,,0.993,0.0,95.5926
SitFloor_crossedLegs,63,,Sitting,,0.993,0.0,102.6164
SitFloor_crossedLegs,64,,Sitting,,0.993,0.0,135.4566
SitFloor_crossedLegs,65,,Sitting,,0.992,0.0,105.5743
SitFloor_crossedLegs,66,,Sitting,,0.993,0.0,103.4195
SitFloor_crossedLegs,67,,Sitting,,0.993,0.0,123.0648
SitFloor_crossedLegs,68,,Sitting,,0.993,0.0,180.7601
SitFloor_crossedLegs,69,,Sitting,,0.993,0.0,136.239
SitFloor_crossedLegs,70,,Sitting,,0.992,0.0,130.92
SitFloor_crossedLegs,71,,Sitting,,0.992,0.0,138.8431
SitFloor_crossedLegs,72,,Sitting,,0.991,0.0,135.1782
SitFloor_crossedLegs,73,,Sitting,,0.99,0.0,117.6659
SitFloor_crossedLegs,74,,Sitting,,0.989,0.0,103.9705
SitFloor_crossedLegs,75,,Sitting,,0.989,0.0,90.8857
SitFloor_crossedLegs,76,,Sitting,,0.988,0.0,109.7695
SitFloor_crossedLegs,77,,Sitting,,0.988,0.0,100.0315
SitFloor_crossedLegs,78,,Sitting,,0.988,0.0,94.5769
SitFloor_crossedLegs,79,,Sitting,,0.988,0.0,95.286
SitFloor_crossedLegs,80,,Sitting,,0.988,0.0,103.5508
SitFloor_crossedLegs,81,,Sitting,,0.987,0.0,100.271
SitFloor_crossedLegs,82,,Sitting,,0.987,0.0,137.3676
SitFloor_crossedLegs,83,,Sitting,,0.987,0.0,133.9167
SitFloor_crossedLegs,84,,Sitting,,0.986,0.0,149.842
SitFloor_crossedLegs,85,,Sitting,,0.985,0.0,141.4779
SitFloor_crossedLegs,86,,Sitting,,0.985,0.0,118.4406
SitFloor_crossedLegs,87,,Sitting,,0.984,0.0,100.7916
SitFloor_crossedLegs,88,Sitting,Sitting,True,0.983,0.0,117.3611
SitFloor_crossedLegs,89,Sitting,Sitting,True,0.982,0.0,91.8043
SitFloor_crossedLegs,90,Sitting,Sitting,True,0.982,0.0,97.5863
SitFloor_crossedLegs,91,Sitting,Sitting,True,0.982,0.0,98.8614
SitFloor_crossedLegs,92,Sitting,Sitting,True,0.983,0.0,100.9159
SitFloor_crossedLegs,93,Sitting,Sitting,True,0.982,0.0,95.8559
SitFloor_crossedLegs,94,Sitting,Sitting,True,0.981,0.0,99.6489
SitFloor_crossedLegs,95,Sitting,Sitting,True,0.981,0.0,94.6296
SitFloor_crossedLegs,96,Sitting,Sitting,True,0.98,0.0,133.1729
SitFloor_crossedLegs,97,Sitting,Sitting,True,0.979,0.0,131.6763
SitFloor_crossedLegs,98,Sitting,Sitting,True,0.978,0.0,138.9063
SitFloor_crossedLegs,99,Sitting,Sitting,True,0.977,0.0,130.746
SitFloor_crossedLegs,100,Sitting,Sitting,True,0.977,0.0,136.3151
SitFloor_crossedLegs,101,Sitting,Sitting,True,0.977,0.0,155.8969
SitFloor_crossedLegs,102,Sitting,Sitting,True,0.976,0.0,131.2088
SitFloor_crossedLegs,103,Sitting,Sitting,True,0.977,0.0,115.9382
SitFloor_crossedLegs,104,Sitting,Sitting,True,0.977,0.0,120.2768
SitFloor_crossedLegs,105,Sitting,Sitting,True,0.977,0.0,131.7049
SitFloor_crossedLegs,106,Sitting,Sitting,True,0.977,0.0,107.2194
SitFloor_crossedLegs,107,Sitting,Sitting,True,0.977,0.0,102.3074
SitFloor_crossedLegs,108,Sitting,Sitting,True,0.976,0.0,95.0126
SitFloor_crossedLegs,109,Sitting,Sitting,True,0.976,0.0,95.2388
SitFloor_crossedLegs,110,Sitting,Sitting,True,0.976,0.0,101.6177
SitFloor_crossedLegs,111,Sitting,Sitting,True,0.976,0.0,165.777
SitFloor_crossedLegs,112,Sitting,Sitting,True,0.977,0.0,91.593
SitFloor_crossedLegs,113,Sitting,Sitting,True,0.978,0.0,104.4234
SitFloor_crossedLegs,114,Sitting,Sitting,True,0.979,0.0,173.6685
SitFloor_crossedLegs,115,Sitting,Sitting,True,0.979,0.0,149.5177
SitFloor_crossedLegs,116,Sitting,Sitting,True,0.98,0.0,166.0974
SitFloor_crossedLegs,117,Sitting,Sitting,True,0.981,0.0,166.6473
SitFloor_crossedLegs,118,Sitting,Sitting,True,0.982,0.0,156.4282
SitFloor_crossedLegs,119,Sitting,Sitting,True,0.982,0.0,168.5494
SitFloor_crossedLegs,120,Sitting,Sitting,True,0.982,0.0,183.7099
SitFloor_crossedLegs,121,Sitting,Sitting,True,0.982,0.0,183.4491
SitFloor_crossedLegs,122,Sitting,Sitting,True,0.982,0.0,181.7628
SitFloor_crossedLegs,123,Sitting,Sitting,True,0.982,0.0,178.9167
SitFloor_crossedLegs,124,Sitting,Sitting,True,0.982,0.0,179.8325
SitFloor_crossedLegs,125,Sitting,Sitting,True,0.982,0.0,158.2768
SitFloor_crossedLegs,126,Sitting,Sitting,True,0.982,0.0,155.997
SitFloor_crossedLegs,127,Sitting,Sitting,True,0.983,0.0,151.8359
SitFloor_crossedLegs,128,Sitting,Sitting,True,0.983,0.0,172.4683
SitFloor_crossedLegs,129,Sitting,Sitting,True,0.982,0.0,164.0862
SitFloor_crossedLegs,130,Sitting,Sitting,True,0.982,0.0,168.1702
SitFloor_crossedLegs,131,Sitting,Sitting,True,0.982,0.0,164.0195
SitFloor_crossedLegs,132,Sitting,Sitting,True,0.981,0.0,144.5113
SitFloor_crossedLegs,133,Sitting,Sitting,True,0.981,0.0,127.1359
SitFloor_crossedLegs,134,Sitting,Sitting,True,0.98,0.0,122.3247
SitFloor_crossedLegs,135,Sitting,Sitting,True,0.98,0.0,123.4641
SitFloor_crossedLegs,136,Sitting,Sitting,True,0.98,0.0,110.9998
SitFloor_crossedLegs,137,Sitting,Sitting,True,0.98,0.0,109.9781
SitFloor_crossedLegs,138,Sitting,Sitting,True,0.98,0.0,130.5552
SitFloor_crossedLegs,139,Sitting,Sitting,True,0.979,0.0,107.7886
SitFloor_crossedLegs,140,Sitting,Sitting,True,0.979,0.0,117.4975
SitFloor_crossedLegs,141,Sitting,Sitting,True,0.98,0.0,113.9986
SitFloor_crossedLegs,142,Sitting,Sitting,True,0.979,0.0,135.2245
SitFloor_crossedLegs,143,Sitting,Sitting,True,0.978,0.0,104.7096
SitFloor_crossedLegs,144,Sitting,Sitting,True,0.978,0.0,115.0342
SitFloor_crossedLegs,145,Sitting,Sitting,True,0.978,0.0,99.9424
SitFloor_crossedLegs,146,Sitting,Sitting,True,0.977,0.0,134.6508
SitFloor_crossedLegs,147,Sitting,Sitting,True,0.977,0.0,141.5506
SitFloor_crossedLegs,148,Sitting,Sitting,True,0.977,0.0,146.7058
SitFloor_crossedLegs,149,Sitting,Sitting,True,0.978,0.0,134.8628
SitFloor_crossedLegs,150,Sitting,Sitting,True,0.978,0.0,139.0449
SitFloor_crossedLegs,151,Sitting,Sitting,True,0.978,0.0,133.1128
SitFloor_crossedLegs,152,Sitting,Sitting,True,0.978,0.0,100.3546
SitFloor_crossedLegs,153,Sitting,Sitting,True,0.978,0.0,122.4873
SitFloor_crossedLegs,154,Sitting,Sitting,True,0.978,0.0,134.9474
SitFloor_crossedLegs,155,Sitting,Sitting,True,0.977,0.0,124.8694
SitFloor_crossedLegs,156,Sitting,Sitting,True,0.977,0.0,137.4574
SitFloor_crossedLegs,157,Sitting,Sitting,True,0.977,0.0,125.6344
SitFloor_crossedLegs,158,Sitting,Sitting,True,0.976,0.0,125.3669
SitFloor_crossedLegs,159,Sitting,Sitting,True,0.976,0.0,118.9691
SitFloor_crossedLegs,160,Sitting,Sitting,True,0.976,0.0,115.0237
SitFloor_crossedLegs,161,Sitting,Sitting,True,0.975,0.0,102.4421
SitFloor_crossedLegs,162,Sitting,Sitting,True,0.974,0.0,195.6783
SitFloor_crossedLegs,163,Sitting,Sitting,True,0.973,0.0,137.3073
SitFloor_crossedLegs,164,Sitting,Sitting,True,0.97,0.0,110.9709
SitFloor_crossedLegs,165,Sitting,Sitting,True,0.967,0.0,100.1021
SitFloor_crossedLegs,166,Sitting,Sitting,True,0.962,0.0,130.1847
SitFloor_crossedLegs,167,Sitting,Sitting,True,0.954,0.0,118.6096
SitFloor_crossedLegs,168,Sitting,Sitting,True,0.943,0.0,121.3318
SitFloor_crossedLegs,169,Sitting,Sitting,True,0.926,0.0,149.4536
SitFloor_crossedLegs,170,Sitting,Sitting,True,0.904,0.0,210.8697
SitFloor_crossedLegs,171,Sitting,Sitting,True,0.874,0.0,178.0619
SitFloor_crossedLegs,172,Sitting,Sitting,True,0.842,0.0,159.3518
SitFloor_crossedLegs,173,Sitting,Sitting,True,0.802,0.0,179.4249
SitFloor_crossedLegs,174,Sitting,Sitting,True,0.77,0.0,123.0057
SitFloor_crossedLegs,175,Sitting,Sitting,True,0.74,0.0,141.1827
SitFloor_crossedLegs,176,Sitting,Sitting,True,0.721,0.0,140.6563
SitFloor_crossedLegs,177,Sitting,Sitting,True,0.707,0.0,135.5146
SitFloor_crossedLegs,178,Sitting,Sitting,True,0.714,0.0,128.5437
SitFloor_crossedLegs,179,Sitting,Sitting,True,0.73,0.0,99.2176
SitFloor_crossedLegs,180,Sitting,Sitting,True,0.756,0.0,107.6592
SitFloor_crossedLegs,181,Sitting,Sitting,True,0.776,0.0,110.4628
SitFloor_crossedLegs,182,Sitting,Sitting,True,0.812,0.0,90.3367
SitFloor_crossedLegs,183,Sitting,Sitting,True,0.836,0.0,106.987
SitFloor_crossedLegs,184,Sitting,Sitting,True,0.853,0.0,102.0121
SitFloor_crossedLegs,185,Sitting,Sitting,True,0.859,0.0,99.2876
SitFloor_crossedLegs,186,Sitting,Sitting,True,0.867,0.0,110.3352
SitFloor_crossedLegs,187,Sitting,Sitting,True,0.872,0.0,135.7574
SitFloor_crossedLegs,188,Sitting,Sitting,True,0.875,0.0,114.6974
SitFloor_crossedLegs,189,Sitting,Sitting,True,0.871,0.0,116.8553
SitFloor_crossedLegs,190,Sitting,Sitting,True,0.872,0.0,130.7086
SitFloor_crossedLegs,191,Sitting,Sitting,True,0.876,0.0,105.5317
SitFloor_crossedLegs,192,Sitting,Sitting,True,0.878,0.0,112.8445
SitFloor_crossedLegs,193,Sitting,Sitting,True,0.883,0.0,126.6943
SitFloor_crossedLegs,194,Sitting,Sitting,True,0.887,0.0,134.2338
SitFloor_crossedLegs,195,Sitting,Sitting,True,0.891,0.0,123.3128
SitFloor_crossedLegs,196,Sitting,Sitting,True,0.895,0.0,132.8051
SitFloor_crossedLegs,197,Sitting,Sitting,True,0.9,0.0,129.3892
SitFloor_crossedLegs,198,Sitting,Sitting,True,0.903,0.0,109.2745
SitFloor_crossedLegs,199,Sitting,Sitting,True,0.907,0.0,85.7612
SitFloor_crossedLegs,200,Sitting,Sitting,True,0.908,0.0,86.2366
SitFloor_crossedLegs,201,Sitting,Sitting,True,0.909,0.0,105.2066
SitFloor_crossedLegs,202,Sitting,Sitting,True,0.913,0.0,102.4866
SitFloor_crossedLegs,203,Sitting,Sitting,True,0.916,0.0,90.8097
SitFloor_crossedLegs,204,Sitting,Sitting,True,0.919,0.0,84.8276
SitFloor_crossedLegs,205,Sitting,Sitting,True,0.921,0.0,91.77
SitFloor_crossedLegs,206,,Sitting,,0.924,0.0,77.0806
SitFloor_crossedLegs,207,,Sitting,,0.927,0.0,110.9612
SitFloor_crossedLegs,208,,Sitting,,0.929,0.0,192.5832
SitFloor_crossedLegs,209,,Sitting,,0.93,0.0,103.6073
SitFloor_crossedLegs,210,,Sitting,,0.933,0.0,92.3883
SitFloor_crossedLegs,211,,Sitting,,0.934,0.0,106.1615
SitFloor_crossedLegs,212,,Sitting,,0.936,0.0,100.3798
SitFloor_crossedLegs,213,,Sitting,,0.936,0.0,132.7458
SitFloor_crossedLegs,214,,Sitting,,0.94,0.0,106.6798
SitFloor_crossedLegs,215,,Sitting,,0.941,0.0,88.4508
SitFloor_crossedLegs,216,,Sitting,,0.943,0.0,123.1952
SitFloor_crossedLegs,217,,Sitting,,0.944,0.0,196.0544
SitFloor_crossedLegs,218,,Sitting,,0.945,0.0,109.9494
SitFloor_crossedLegs,219,,Sitting,,0.947,0.0,97.5775
SitFloor_crossedLegs,220,,Sitting,,0.948,0.0,87.7517
SitFloor_crossedLegs,221,,Sitting,,0.949,0.0,83.8282
SitFloor_crossedLegs,222,,Sitting,,0.949,0.0,111.0499
SitFloor_crossedLegs,223,,Sitting,,0.95,0.0,105.3647
SitFloor_crossedLegs,224,,Sitting,,0.951,0.0,88.7454
SitFloor_crossedLegs,225,,Sitting,,0.952,0.0,86.0315
SitFloor_crossedLegs,226,,Sitting,,0.954,0.0,77.5411
SitFloor_crossedLegs,227,,Sitting,,0.957,0.0,99.503
SitFloor_crossedLegs,228,,Sitting,,0.958,0.0,111.2653
SitFloor_crossedLegs,229,,Sitting,,0.961,0.0,86.4748
SitFloor_crossedLegs,230,,Sitting,,0.963,0.0,147.3489
SitFloor_crossedLegs,231,,Sitting,,0.967,0.0,92.3285
SitFloor_crossedLegs,232,,Sitting,,0.971,0.0,97.9212
SitFloor_crossedLegs,233,,Sitting,,0.976,0.0,106.9923
SitFloor_crossedLegs,234,,Sitting,,0.981,0.0,85.2575
SitFloor_crossedLegs,235,,Sitting,,0.984,0.0,88.3398
SitFloor_crossedLegs,236,,Sitting,,0.987,0.0,90.1427
SitFloor_crossedLegs,237,,Sitting,,0.989,0.0,92.5525
SitFloor_crossedLegs,238,,Sitting,,0.99,0.0,111.2979
SitFloor_crossedLegs,239,,Sitting,,0.991,0.0,104.0104
SitFloor_crossedLegs,240,,Sitting,,0.991,0.0,79.3851
SitFloor_crossedLegs,241,,Sitting,,0.991,0.0,97.2426
SitFloor_crossedLegs,242,,Sitting,,0.991,0.0,88.7035
SitFloor_crossedLegs,243,,Sitting,,0.991,0.0,88.87
SitFloor_crossedLegs,244,,Sitting,,0.991,0.0,126.3916
SitFloor_crossedLegs,245,,Sitting,,0.991,0.0,103.3214
SitFloor_crossedLegs,246,,Sitting,,0.991,0.0,108.1776
SitFloor_crossedLegs,247,,Sitting,,0.991,0.0,125.6783
SitFloor_crossedLegs,248,,Sitting,,0.991,0.0,131.0218
SitFloor_crossedLegs,249,,Sitting,,0.991,0.0,124.0554
SitFloor_crossedLegs,250,,Sitting,,0.991,0.0,106.0193
SitFloor_crossedLegs,251,,Sitting,,0.992,0.0,117.3668
SitFloor_crossedLegs,252,,Sitting,,0.992,0.0,109.1237
SitFloor_crossedLegs,253,,Sitting,,0.992,0.0,87.0638
SitFloor_crossedLegs,254,,Sitting,,0.992,0.0,82.9013
SitFloor_crossedLegs,255,,Sitting,,0.993,0.0,101.4163
SitFloor_crossedLegs,256,,Sitting,,0.993,0.0,83.3725
SitFloor_crossedLegs,257,,Sitting,,0.993,0.0,94.184
SitFloor_crossedLegs,258,,Sitting,,0.994,0.0,91.4622
SitFloor_crossedLegs,259,,Sitting,,0.994,0.0,103.216
SitFloor_crossedLegs,260,,Sitting,,0.994,0.0,105.5506
SitFloor_crossedLegs,261,,Sitting,,0.994,0.0,105.2386
SitFloor_crossedLegs,262,,Sitting,,0.994,0.0,107.1618
SitFloor_crossedLegs,263,,Sitting,,0.994,0.0,94.1986
SitFloor_crossedLegs,264,,Sitting,,0.992,0.0,96.6752
SitFloor_crossedLegs,265,,Sitting,,0.993,0.0,137.5349
SitFloor_crossedLegs,266,,Sitting,,0.991,0.0,127.0781
SitFloor_crossedLegs,267,,Sitting,,0.991,0.0,137.8537
SitFloor_crossedLegs,268,,Sitting,,0.991,0.0,147.3494
SitFloor_crossedLegs,269,,Sitting,,0.991,0.0,127.7657
SitFloor_crossedLegs,270,,Sitting,,0.991,0.0,132.0027
SitFloor_crossedLegs,271,,Sitting,,0.99,0.0,114.0246
SitFloor_crossedLegs,272,,Sitting,,0.988,0.0,122.8426
SitFloor_crossedLegs,273,,Sitting,,0.983,0.0,112.7674
SitFloor_crossedLegs,274,,Sitting,,0.976,0.0,102.1532
SitFloor_crossedLegs,275,,Sitting,,0.966,0.0,116.1286
SitFloor_crossedLegs,276,,Sitting,,0.95,0.0,113.9807
SitFloor_crossedLegs,277,,Sitting,,0.918,0.0,130.223
SitFloor_crossedLegs,278,,Sitting,,0.85,0.0,128.3902
SitFloor_crossedLegs,279,,Sitting,,0.71,0.0,151.2062
SitFloor_crossedLegs,280,,Sitting,,0.535,0.0,145.6741
SitFloor_crossedLegs,281,,Sitting,,0.372,0.0,126.7691
SitFloor_crossedLegs,282,,Unknown,,0.448,0.0,121.9613
SitFloor_crossedLegs,283,,Unknown,,0.487,0.0,115.6745
SitFloor_crossedLegs,284,,Unknown,,0.444,0.0,133.5984
SitFloor_crossedLegs,285,,Unknown,,0.435,0.0,133.5595
SitFloor_crossedLegs,286,,Unknown,,0.413,0.0,140.0794
SitFloor_crossedLegs,287,,Unknown,,0.367,0.0,123.3278
SitFloor_crossedLegs,288,,Lying,,0.321,0.0,162.7333
SitFloor_crossedLegs,289,,Unknown,,0.343,0.0,133.1497
SitFloor_lowKeypoints_crossedLegs,31,,Lying,,0.651,0.0,122.6928
SitFloor_lowKeypoints_crossedLegs,32,,Lying,,0.677,0.0,134.0351
SitFloor_lowKeypoints_crossedLegs,33,,Lying,,0.706,0.0,144.0965
SitFloor_lowKeypoints_crossedLegs,34,,Lying,,0.704,0.0,114.644
SitFloor_lowKeypoints_crossedLegs,35,,Lying,,0.655,0.0,139.5207
SitFloor_lowKeypoints_crossedLegs,36,,Lying,,0.592,0.0,170.7917
SitFloor_lowKeypoints_crossedLegs,37,,Lying,,0.547,0.0,186.8787
SitFloor_lowKeypoints_crossedLegs,38,,Lying,,0.499,0.0,159.6713
SitFloor_lowKeypoints_crossedLegs,39,,Lying,,0.52,0.0,112.5409
SitFloor_lowKeypoints_crossedLegs,40,,Lying,,0.58,0.0,113.5919
SitFloor_lowKeypoints_crossedLegs,41,,Lying,,0.627,0.0,122.8814
SitFloor_lowKeypoints_crossedLegs,42,,Lying,,0.678,0.0,151.4088
SitFloor_lowKeypoints_crossedLegs,43,,Lying,,0.713,0.0,111.6854
SitFloor_lowKeypoints_crossedLegs,44,,Lying,,0.759,0.0,126.3334
SitFloor_lowKeypoints_crossedLegs,45,,Lying,,0.789,0.0,139.0662
SitFloor_lowKeypoints_crossedLegs,46,,Lying,,0.81,0.0,132.9558
SitFloor_lowKeypoints_crossedLegs,47,,Lying,,0.828,0.0,131.502
SitFloor_lowKeypoints_crossedLegs,48,,Lying,,0.846,0.0,134.225
SitFloor_lowKeypoints_crossedLegs,49,,Lying,,0.858,0.0,148.0271
SitFloor_lowKeypoints_crossedLegs,50,,Lying,,0.866,0.0,147.1156
SitFloor_lowKeypoints_crossedLegs,51,,Lying,,0.858,0.0,154.1024
SitFloor_lowKeypoints_crossedLegs,52,,Lying,,0.849,0.0,162.2141
SitFloor_lowKeypoints_crossedLegs,53,,Lying,,0.845,0.0,144.2915
SitFloor_lowKeypoints_crossedLegs,54,,Lying,,0.848,0.0,114.2255
SitFloor_lowKeypoints_crossedLegs,55,,Lying,,0.827,0.0,116.9948
SitFloor_lowKeypoints_crossedLegs,56,,Lying,,0.838,0.0,118.5662
SitFloor_lowKeypoints_crossedLegs,57,,Lying,,0.824,0.0,103.4379
SitFloor_lowKeypoints_crossedLegs,58,,Lying,,0.757,0.0,99.3115
SitFloor_lowKeypoints_crossedLegs,59,,Lying,,0.74,0.0,89.7512
SitFloor_lowKeypoints_crossedLegs,60,,Lying,,0.718,0.0,86.885
SitFloor_lowKeypoints_crossedLegs,61,,Lying,,0.56,0.0,84.1936
SitFloor_lowKeypoints_crossedLegs,62,,Lying,,0.639,0.0,98.9399
SitFloor_lowKeypoints_crossedLegs,63,,Lying,,0.577,0.0,89.3126
SitFloor_lowKeypoints_crossedLegs,64,,Sitting,,0.494,0.0,102.1784
SitFloor_lowKeypoints_crossedLegs,65,,Sitting,,0.703,0.0,93.4898
SitFloor_lowKeypoints_crossedLegs,66,,Sitting,,0.819,0.0,118.9098
SitFloor_lowKeypoints_crossedLegs,67,,Sitting,,0.882,0.0,116.3767
SitFloor_lowKeypoints_crossedLegs,68,,Sitting,,0.924,0.0,113.7219
SitFloor_lowKeypoints_crossedLegs,69,,Sitting,,0.923,0.0,93.3792
SitFloor_lowKeypoints_crossedLegs,70,,Sitting,,0.919,0.0,91.3821
SitFloor_lowKeypoints_crossedLegs,71,,Sitting,,0.91,0.0,96.3919
SitFloor_lowKeypoints_crossedLegs,72,,Sitting,,0.901,0.0,97.0394
SitFloor_lowKeypoints_crossedLegs,73,,Sitting,,0.89,0.0,82.041
SitFloor_lowKeypoints_crossedLegs,74,,Sitting,,0.877,0.0,75.9792
SitFloor_lowKeypoints_crossedLegs,75,,Sitting,,0.86,0.0,75.003
SitFloor_lowKeypoints_crossedLegs,76,,Sitting,,0.844,0.0,80.3117
SitFloor_lowKeypoints_crossedLegs,77,,Sitting,,0.823,0.0,68.8852
SitFloor_lowKeypoints_crossedLegs,78,,Sitting,,0.803,0.0,67.7478
SitFloor_lowKeypoints_crossedLegs,79,,Sitting,,0.781,0.0,69.9004
SitFloor_lowKeypoints_crossedLegs,80,,Sitting,,0.763,0.0,64.999
SitFloor_lowKeypoints_crossedLegs,81,,Sitting,,0.748,0.0,67.1496
SitFloor_lowKeypoints_crossedLegs,82,,Sitting,,0.736,0.0,63.9794
SitFloor_lowKeypoints_crossedLegs,83,,Sitting,,0.725,0.0,62.8535
SitFloor_lowKeypoints_crossedLegs,84,,Sitting,,0.712,0.0,67.3174
SitFloor_lowKeypoints_crossedLegs,85,,Sitting,,0.702,0.0,74.7512
SitFloor_lowKeypoints_crossedLegs,86,Sitting,Sitting,True,0.695,0.0,82.968
SitFloor_lowKeypoints_crossedLegs,87,Sitting,Sitting,True,0.686,0.0,69.5498
SitFloor_lowKeypoints_crossedLegs,88,Sitting,Sitting,True,0.674,0.0,65.6412
SitFloor_lowKeypoints_crossedLegs,89,Sitting,Sitting,True,0.663,0.0,74.3463
SitFloor_lowKeypoints_crossedLegs,90,Sitting,Sitting,True,0.653,0.0,68.6653
SitFloor_lowKeypoints_crossedLegs,91,Sitting,Sitting,True,0.647,0.0,67.0514
SitFloor_lowKeypoints_crossedLegs,92,Sitting,Sitting,True,0.65,0.0,65.8937
SitFloor_lowKeypoints_crossedLegs,93,Sitting,Sitting,True,0.642,0.0,64.8853
SitFloor_lowKeypoints_crossedLegs,94,Sitting,Sitting,True,0.635,0.0,67.4539
SitFloor_lowKeypoints_crossedLegs,95,Sitting,Sitting,True,0.629,0.0,62.9064
SitFloor_lowKeypoints_crossedLegs,96,Sitting,Sitting,True,0.62,0.0,61.964
SitFloor_lowKeypoints_crossedLegs,97,Sitting,Sitting,True,0.618,0.0,60.9623
SitFloor_lowKeypoints_crossedLegs,98,Sitting,Sitting,True,0.578,0.0,61.6309
SitFloor_lowKeypoints_crossedLegs,99,Sitting,Sitting,True,0.562,0.0,60.3801
SitFloor_lowKeypoints_crossedLegs,100,Sitting,Sitting,True,0.564,0.0,60.0788
SitFloor_lowKeypoints_crossedLegs,101,Sitting,Sitting,True,0.515,0.0,68.8742
SitFloor_lowKeypoints_crossedLegs,102,Sitting,Sitting,True,0.476,0.0,76.3921
SitFloor_lowKeypoints_crossedLegs,103,Sitting,Sitting,True,0.441,0.0,77.0459
SitFloor_lowKeypoints_crossedLegs,104,Sitting,Sitting,True,0.41,0.0,85.1196
SitFloor_lowKeypoints_crossedLegs,105,Sitting,Sitting,True,0.377,0.0,98.5187
SitFloor_lowKeypoints_crossedLegs,106,Sitting,Unknown,False,0.412,0.0,86.7389
SitFloor_lowKeypoints_crossedLegs,107,Sitting,Unknown,False,0.444,0.0,81.9441
SitFloor_lowKeypoints_crossedLegs,108,Sitting,Unknown,False,0.47,0.0,86.3034
SitFloor_lowKeypoints_crossedLegs,109,Sitting,Unknown,False,0.487,0.0,78.8559
SitFloor_lowKeypoints_crossedLegs,110,Sitting,Unknown,False,0.502,0.0,75.4348
SitFloor_lowKeypoints_crossedLegs,111,Sitting,Unknown,False,0.515,0.0,74.9485
SitFloor_lowKeypoints_crossedLegs,112,Sitting,Unknown,False,0.527,0.0,74.2366
SitFloor_lowKeypoints_crossedLegs,113,Sitting,Unknown,False,0.538,0.0,83.4874
SitFloor_lowKeypoints_crossedLegs,114,Sitting,Unknown,False,0.549,0.0,84.6709
SitFloor_lowKeypoints_crossedLegs,115,Sitting,Unknown,False,0.557,0.0,117.5788
SitFloor_lowKeypoints_crossedLegs,116,Sitting,Unknown,False,0.559,0.0,81.4925
SitFloor_lowKeypoints_crossedLegs,117,Sitting,Unknown,False,0.561,0.0,94.0862
SitFloor_lowKeypoints_crossedLegs,118,Sitting,Unknown,False,0.562,0.0,92.6304
SitFloor_lowKeypoints_crossedLegs,119,Sitting,Unknown,False,0.58,0.0,99.792
SitFloor_lowKeypoints_crossedLegs,120,Sitting,Unknown,False,0.585,0.0,87.8608
SitFloor_lowKeypoints_crossedLegs,121,Sitting,Unknown,False,0.597,0.0,76.6461
SitFloor_lowKeypoints_crossedLegs,122,Sitting,Unknown,False,0.595,0.0,69.0834
SitFloor_lowKeypoints_crossedLegs,123,Sitting,Unknown,False,0.594,0.0,68.7446
SitFloor_lowKeypoints_crossedLegs,124,Sitting,Unknown,False,0.587,0.0,77.7814
SitFloor_lowKeypoints_crossedLegs,125,Sitting,Unknown,False,0.594,0.0,73.4811
SitFloor_lowKeypoints_crossedLegs,126,Sitting,Unknown,False,0.588,0.0,86.2962
SitFloor_lowKeypoints_crossedLegs,127,Sitting,Unknown,False,0.584,0.0,130.8899
SitFloor_lowKeypoints_crossedLegs,128,Sitting,Unknown,False,0.579,0.0,83.77
SitFloor_lowKeypoints_crossedLegs,129,Sitting,Unknown,False,0.577,0.0,75.8239
SitFloor_lowKeypoints_crossedLegs,130,Sitting,Unknown,False,0.567,0.0,78.9992
SitFloor_lowKeypoints_crossedLegs,131,Sitting,Unknown,False,0.575,0.0,77.5243
SitFloor_lowKeypoints_crossedLegs,132,Sitting,Unknown,False,0.575,0.0,83.9598
SitFloor_lowKeypoints_crossedLegs,133,Sitting,Unknown,False,0.592,0.0,88.2231
SitFloor_lowKeypoints_crossedLegs,134,Sitting,Unknown,False,0.587,0.0,76.1463
SitFloor_lowKeypoints_crossedLegs,135,Sitting,Unknown,False,0.585,0.0,75.6955
SitFloor_lowKeypoints_crossedLegs,136,Sitting,Unknown,False,0.579,0.0,75.0475
SitFloor_lowKeypoints_crossedLegs,137,Sitting,Unknown,False,0.575,0.0,73.4097
SitFloor_lowKeypoints_crossedLegs,138,Sitting,Unknown,False,0.589,0.0,78.1434
SitFloor_lowKeypoints_crossedLegs,139,Sitting,Unknown,False,0.583,0.0,75.2158
SitFloor_lowKeypoints_crossedLegs,140,Sitting,Unknown,False,0.584,0.0,85.2567
SitFloor_lowKeypoints_crossedLegs,141,Sitting,Unknown,False,0.583,0.0,102.0499
SitFloor_lowKeypoints_crossedLegs,142,Sitting,Unknown,False,0.579,0.0,100.0534
SitFloor_lowKeypoints_crossedLegs,143,Sitting,Unknown,False,0.576,0.0,90.5924
SitFloor_lowKeypoints_crossedLegs,144,Sitting,Unknown,False,0.593,0.0,181.8084
SitFloor_lowKeypoints_crossedLegs,145,Sitting,Unknown,False,0.587,0.0,246.6625
SitFloor_lowKeypoints_crossedLegs,146,Sitting,Unknown,False,0.588,0.0,194.7243
SitFloor_lowKeypoints_crossedLegs,147,Sitting,Unknown,False,0.588,0.0,187.1034
SitFloor_lowKeypoints_crossedLegs,148,Sitting,Unknown,False,0.585,0.0,238.8866
SitFloor_lowKeypoints_crossedLegs,149,Sitting,Unknown,False,0.579,0.0,190.9113
SitFloor_lowKeypoints_crossedLegs,150,Sitting,Unknown,False,0.592,0.0,163.2645
SitFloor_lowKeypoints_crossedLegs,151,Sitting,Unknown,False,0.589,0.0,122.8792
SitFloor_lowKeypoints_crossedLegs,152,Sitting,Unknown,False,0.588,0.0,160.3488
SitFloor_lowKeypoints_crossedLegs,153,Sitting,Unknown,False,0.613,0.0,123.3157
SitFloor_lowKeypoints_crossedLegs,154,Sitting,Unknown,False,0.6,0.0,128.4811
SitFloor_lowKeypoints_crossedLegs,155,Sitting,Unknown,False,0.61,0.0,137.7102
SitFloor_lowKeypoints_crossedLegs,156,Sitting,Unknown,False,0.608,0.0,124.0501
SitFloor_lowKeypoints_crossedLegs,157,Sitting,Unknown,False,0.618,0.0,133.2596
SitFloor_lowKeypoints_crossedLegs,158,Sitting,Unknown,False,0.635,0.0,127.4623
SitFloor_lowKeypoints_crossedLegs,159,Sitting,Unknown,False,0.629,0.0,141.7841
SitFloor_lowKeypoints_crossedLegs,160,Sitting,Unknown,False,0.656,0.0,137.1008
SitFloor_lowKeypoints_crossedLegs,161,Sitting,Unknown,False,0.656,0.0,125.988
SitFloor_lowKeypoints_crossedLegs,162,Sitting,Unknown,False,0.663,0.0,108.7477
SitFloor_lowKeypoints_crossedLegs,163,Sitting,Unknown,False,0.654,0.0,121.7543
SitFloor_lowKeypoints_crossedLegs,164,Sitting,Unknown,False,0.653,0.0,109.414
SitFloor_lowKeypoints_crossedLegs,165,Sitting,Unknown,False,0.653,0.0,124.7308
SitFloor_lowKeypoints_crossedLegs,166,Sitting,Unknown,False,0.657,0.0,128.3698
SitFloor_lowKeypoints_crossedLegs,167,Sitting,Unknown,False,0.652,0.0,125.0422
SitFloor_lowKeypoints_crossedLegs,168,Sitting,Unknown,False,0.67,0.0,112.2378
SitFloor_lowKeypoints_crossedLegs,169,Sitting,Unknown,False,0.651,0.0,103.4959
SitFloor_lowKeypoints_crossedLegs,170,Sitting,Unknown,False,0.664,0.0,114.0553
SitFloor_lowKeypoints_crossedLegs,171,Sitting,Unknown,False,0.663,0.0,138.2458
SitFloor_lowKeypoints_crossedLegs,172,Sitting,Unknown,False,0.672,0.0,131.3323
SitFloor_lowKeypoints_crossedLegs,173,Sitting,Unknown,False,0.674,0.0,149.9773
SitFloor_lowKeypoints_crossedLegs,174,Sitting,Unknown,False,0.663,0.0,147.1422
SitFloor_lowKeypoints_crossedLegs,175,Sitting,Unknown,False,0.662,0.0,147.8494
SitFloor_lowKeypoints_crossedLegs,176,Sitting,Unknown,False,0.66,0.0,142.5742
SitFloor_lowKeypoints_crossedLegs,177,Sitting,Unknown,False,0.675,0.0,124.0373
SitFloor_lowKeypoints_crossedLegs,178,Sitting,Unknown,False,0.655,0.0,135.7371
SitFloor_lowKeypoints_crossedLegs,179,Sitting,Unknown,False,0.657,0.0,128.8585
SitFloor_lowKeypoints_crossedLegs,180,Sitting,Unknown,False,0.651,0.0,139.8183
SitFloor_lowKeypoints_crossedLegs,181,Sitting,Unknown,False,0.645,0.0,176.5003
SitFloor_lowKeypoints_crossedLegs,182,Sitting,Unknown,False,0.642,0.0,130.8077
SitFloor_lowKeypoints_crossedLegs,183,Sitting,Unknown,False,0.652,0.0,123.7836
SitFloor_lowKeypoints_crossedLegs,184,Sitting,Unknown,False,0.648,0.0,124.9422
SitFloor_lowKeypoints_crossedLegs,185,Sitting,Unknown,False,0.645,0.0,124.3152
SitFloor_lowKeypoints_crossedLegs,186,Sitting,Unknown,False,0.638,0.0,126.8993
SitFloor_lowKeypoints_crossedLegs,187,Sitting,Unknown,False,0.639,0.0,131.4575
SitFloor_lowKeypoints_crossedLegs,188,Sitting,Unknown,False,0.628,0.0,140.5851
SitFloor_lowKeypoints_crossedLegs,189,Sitting,Unknown,False,0.624,0.0,123.7197
SitFloor_lowKeypoints_crossedLegs,190,Sitting,Unknown,False,0.615,0.0,115.4864
SitFloor_lowKeypoints_crossedLegs,191,Sitting,Unknown,False,0.602,0.0,114.6743
SitFloor_lowKeypoints_crossedLegs,192,Sitting,Unknown,False,0.593,0.0,122.9696
SitFloor_lowKeypoints_crossedLegs,193,Sitting,Unknown,False,0.585,0.0,126.8534
SitFloor_lowKeypoints_crossedLegs,194,Sitting,Unknown,False,0.577,0.0,118.0346
SitFloor_lowKeypoints_crossedLegs,195,Sitting,Unknown,False,0.569,0.0,128.629
SitFloor_lowKeypoints_crossedLegs,196,Sitting,Unknown,False,0.558,0.0,110.315
SitFloor_lowKeypoints_crossedLegs,197,Sitting,Unknown,False,0.564,0.0,130.6398
SitFloor_lowKeypoints_crossedLegs,198,Sitting,Unknown,False,0.555,0.0,119.5984
SitFloor_lowKeypoints_crossedLegs,199,Sitting,Unknown,False,0.568,0.0,109.5641
SitFloor_lowKeypoints_crossedLegs,200,Sitting,Unknown,False,0.564,0.0,115.2265
SitFloor_lowKeypoints_crossedLegs,201,,Unknown,,0.562,0.0,128.7828
SitFloor_lowKeypoints_crossedLegs,202,,Unknown,,0.58,0.0,155.9693
SitFloor_lowKeypoints_crossedLegs,203,,Unknown,,0.593,0.0,158.8495
SitFloor_lowKeypoints_crossedLegs,204,,Unknown,,0.612,0.0,136.8342
SitFloor_lowKeypoints_crossedLegs,205,,Unknown,,0.607,0.0,124.9691
SitFloor_lowKeypoints_crossedLegs,206,,Unknown,,0.63,0.0,130.9793
SitFloor_lowKeypoints_crossedLegs,207,,Unknown,,0.616,0.0,110.6872
SitFloor_lowKeypoints_crossedLegs,208,,Unknown,,0.62,0.0,119.3659
SitFloor_lowKeypoints_crossedLegs,209,,Unknown,,0.616,0.0,128.5165
SitFloor_lowKeypoints_crossedLegs,210,,Unknown,,0.612,0.0,112.345
SitFloor_lowKeypoints_crossedLegs,211,,Unknown,,0.608,0.0,134.5086
SitFloor_lowKeypoints_crossedLegs,212,,Unknown,,0.608,0.0,124.6239
SitFloor_lowKeypoints_crossedLegs,213,,Unknown,,0.612,0.0,124.5283
SitFloor_lowKeypoints_crossedLegs,214,,Unknown,,0.613,0.0,105.5671
SitFloor_lowKeypoints_crossedLegs,215,,Unknown,,0.626,0.0,108.4363
SitFloor_lowKeypoints_crossedLegs,216,,Unknown,,0.635,0.0,114.979
SitFloor_lowKeypoints_crossedLegs,217,,Unknown,,0.647,0.0,125.0952
SitFloor_lowKeypoints_crossedLegs,218,,Unknown,,0.655,0.0,265.0713
SitFloor_lowKeypoints_crossedLegs,219,,Unknown,,0.662,0.0,224.4892
SitFloor_lowKeypoints_crossedLegs,220,,Unknown,,0.668,0.0,323.0668
SitFloor_lowKeypoints_crossedLegs,221,,Unknown,,0.653,0.0,675.5848
SitFloor_lowKeypoints_crossedLegs,222,,Unknown,,0.637,0.0,219.4431
SitFloor_lowKeypoints_crossedLegs,223,,Unknown,,0.635,0.0,158.792
SitFloor_lowKeypoints_crossedLegs,224,,Unknown,,0.621,0.0,121.4362
SitFloor_lowKeypoints_crossedLegs,225,,Unknown,,0.603,0.0,108.6008
SitFloor_lowKeypoints_crossedLegs,226,,Unknown,,0.578,0.0,98.2647
SitFloor_lowKeypoints_crossedLegs,227,,Unknown,,0.546,0.0,92.2999
SitFloor_lowKeypoints_crossedLegs,228,,Unknown,,0.509,0.0,78.516
SitFloor_lowKeypoints_crossedLegs,229,,Unknown,,0.473,0.0,83.1901
SitFloor_lowKeypoints_crossedLegs,230,,Unknown,,0.432,0.0,84.5709
SitFloor_lowKeypoints_crossedLegs,231,,Unknown,,0.384,0.0,76.8755
SitFloor_lowKeypoints_crossedLegs,232,,Unknown,,0.337,0.0,87.28
SitFloor_lowKeypoints_crossedLegs,233,,Sitting,,0.363,0.0,123.0211
SitFloor_lowKeypoints_crossedLegs,234,,Sitting,,0.411,0.0,78.5899
SitFloor_lowKeypoints_crossedLegs,235,,Sitting,,0.431,0.0,77.1935
SitFloor_lowKeypoints_crossedLegs,236,,Sitting,,0.449,0.0,75.3564
SitFloor_lowKeypoints_crossedLegs,237,,Sitting,,0.454,0.0,76.012
SitFloor_lowKeypoints_crossedLegs,238,,Sitting,,0.467,0.0,72.7258
SitFloor_lowKeypoints_crossedLegs,239,,Sitting,,0.459,0.0,81.5009
SitFloor_lowKeypoints_crossedLegs,240,,Sitting,,0.47,0.0,81.5998
SitFloor_lowKeypoints_crossedLegs,241,,Sitting,,0.462,0.0,76.85
SitFloor_lowKeypoints_crossedLegs,242,,Sitting,,0.462,0.0,85.9349
SitFloor_lowKeypoints_crossedLegs,243,,Sitting,,0.45,0.0,85.0541
SitFloor_lowKeypoints_crossedLegs,244,,Sitting,,0.473,0.0,91.7203
SitFloor_lowKeypoints_crossedLegs,245,,Sitting,,0.483,0.0,116.2762
SitFloor_lowKeypoints_crossedLegs,246,,Sitting,,0.512,0.0,94.126
SitFloor_lowKeypoints_crossedLegs,247,,Sitting,,0.532,0.0,85.954
SitFloor_lowKeypoints_crossedLegs,248,,Sitting,,0.556,0.0,100.6179
SitFloor_lowKeypoints_crossedLegs,249,,Sitting,,0.565,0.0,110.4285
SitFloor_lowKeypoints_crossedLegs,250,,Sitting,,0.542,0.0,101.1586
SitFloor_lowKeypoints_crossedLegs,251,,Sitting,,0.533,0.0,84.8053
SitFloor_lowKeypoints_crossedLegs,252,,Sitting,,0.556,0.0,80.1428
SitFloor_lowKeypoints_crossedLegs,253,,Sitting,,0.566,0.0,87.3103
SitFloor_lowKeypoints_crossedLegs,254,,Sitting,,0.569,0.0,79.2584
SitFloor_lowKeypoints_crossedLegs,255,,Sitting,,0.597,0.0,97.7774
SitFloor_lowKeypoints_crossedLegs,256,,Sitting,,0.66,0.0,111.5684
SitFloor_lowKeypoints_crossedLegs,257,,Sitting,,0.717,0.0,115.2319
SitFloor_lowKeypoints_crossedLegs,258,,Sitting,,0.771,0.0,96.9396
SitFloor_lowKeypoints_crossedLegs,259,,Sitting,,0.809,0.0,105.9649
SitFloor_lowKeypoints_crossedLegs,260,,Sitting,,0.854,0.0,86.4684
SitFloor_lowKeypoints_crossedLegs,261,,Sitting,,0.893,0.0,95.126
SitFloor_lowKeypoints_crossedLegs,262,,Sitting,,0.908,0.0,124.7561
SitFloor_lowKeypoints_crossedLegs,263,,Sitting,,0.919,0.0,139.8171
SitFloor_lowKeypoints_crossedLegs,264,,Sitting,,0.928,0.0,123.0352
SitFloor_lowKeypoints_crossedLegs,265,,Sitting,,0.935,0.0,117.9763
SitFloor_lowKeypoints_crossedLegs,266,,Sitting,,0.946,0.0,102.91
SitFloor_lowKeypoints_crossedLegs,267,,Sitting,,0.948,0.0,99.1995
SitFloor_lowKeypoints_crossedLegs,268,,Sitting,,0.952,0.0,112.1107
SitFloor_lowKeypoints_crossedLegs,269,,Sitting,,0.943,0.0,97.3453
SitFloor_lowKeypoints_crossedLegs,270,,Sitting,,0.939,0.0,115.7526
SitFloor_lowKeypoints_crossedLegs,271,,Sitting,,0.919,0.0,130.7314
SitFloor_lowKeypoints_crossedLegs,272,,Sitting,,0.887,0.0,116.3371
SitFloor_lowKeypoints_crossedLegs,273,,Sitting,,0.827,0.0,87.7964
SitFloor_lowKeypoints_crossedLegs,274,,Sitting,,0.744,0.0,86.9178
SitFloor_lowKeypoints_crossedLegs,275,,Sitting,,0.64,0.0,93.5905
SitFloor_lowKeypoints_crossedLegs,276,,Sitting,,0.486,0.0,91.8063
SitFloor_lowKeypoints_crossedLegs,277,,Lying,,0.591,0.0,101.3105
SitFloor_lowKeypoints_crossedLegs,278,,Lying,,0.719,0.0,100.404
SitFloor_lowKeypoints_crossedLegs,279,,Lying,,0.787,0.0,115.1428
SitFloor_lowKeypoints_crossedLegs,280,,Lying,,0.839,0.0,107.6668
SitFloor_lowKeypoints_crossedLegs,281,,Lying,,0.865,0.0,140.7583
SitFloor_lowKeypoints_crossedLegs,282,,Lying,,0.894,0.0,120.4919
SitFloor_lowKeypoints_crossedLegs,283,,Lying,,0.907,0.0,111.5244
SitFloor_lowKeypoints_crossedLegs,284,,Lying,,0.921,0.0,96.4586
SitFloor_lowKeypoints_crossedLegs,285,,Lying,,0.928,0.0,95.1976
SitFloor_lowKeypoints_crossedLegs,286,,Lying,,0.932,0.0,111.8347
SitFloor_lowKeypoints_crossedLegs,287,,Lying,,0.93,0.0,107.5385
SitFloor_lowKeypoints_crossedLegs,288,,Lying,,0.923,0.0,115.2641
SitFloor_lowKeypoints_crossedLegs,289,,Lying,,0.923,0.0,107.561
SitFloor_lowKeypoints_crossedLegs,290,,Lying,,0.913,0.0,99.9728
SitFloor_lowKeypoints_crossedLegs,291,,Lying,,0.9,0.0,95.4491
SitFloor_lowKeypoints_crossedLegs,292,,Lying,,0.871,0.0,84.7295
SitFloor_lowKeypoints_crossedLegs,293,,Lying,,0.835,0.0,88.8912
SitFloor_lowKeypoints_crossedLegs,294,,Lying,,0.779,0.0,86.1516
SitFloor_lowKeypoints_crossedLegs,295,,Lying,,0.696,0.0,83.5931
SitFloor_lowKeypoints_crossedLegs,296,,Lying,,0.565,0.0,85.269
SitFloor_lowKeypoints_crossedLegs,297,,Lying,,0.379,0.0,174.1439
SitFloor_lowKeypoints_crossedLegs,298,,Standing,,0.53,0.0,196.4387
SitFloor_lowKeypoints_crossedLegs,299,,Standing,,0.744,0.0,200.2828
SitFloor_lowKeypoints_crossedLegs,300,,Standing,,0.81,0.0,283.8231
SitFloor_lowKeypoints_crossedLegs,301,,Standing,,0.868,0.0,144.0022
SitFloor_lowKeypoints_crossedLegs,302,,Standing,,0.883,0.0,175.533
SitFloor_lowKeypoints_crossedLegs,303,,Standing,,0.941,0.0,186.1668
SitFloor_lowKeypoints_crossedLegs,304,,Standing,,0.941,0.0,120.6486
SitFloor_lowKeypoints_crossedLegs,305,,Standing,,0.921,0.0,108.1641
SitFloor_lowKeypoints_crossedLegs,306,,Standing,,0.97,0.0,98.4288
SitFloor_lowKeypoints_crossedLegs,307,,Standing,,0.944,0.0,124.9821
SitFloor_lowKeypoints_crossedLegs,308,,Standing,,0.975,0.0,127.9202
SitFloor_lowKeypoints_crossedLegs,309,,Standing,,0.979,0.0,196.6943
SitFloor_lowKeypoints_crossedLegs,310,,Standing,,0.981,0.0,152.8222
SitFloor_lowKeypoints_crossedLegs,311,,Standing,,0.98,0.0,188.8871
SitFloor_lowKeypoints_crossedLegs,312,,Standing,,0.983,0.0,163.356
SitFloor_lowKeypoints_crossedLegs,313,,Standing,,0.984,0.0,116.9512
SitFloor_lowKeypoints_crossedLegs,314,,Standing,,0.985,0.0,108.7453
SitFloor_lowKeypoints_crossedLegs,315,,Standing,,0.985,0.0,114.5983
SitFloor_lowKeypoints,31,Standing,Standing,True,0.988,0.0,105.0737
SitFloor_lowKeypoints,32,Standing,Standing,True,0.989,0.0,154.9769
SitFloor_lowKeypoints,33,Standing,Standing,True,0.989,0.0,126.6893
SitFloor_lowKeypoints,34,Standing,Standing,True,0.989,0.0,136.3016
SitFloor_lowKeypoints,35,Standing,Standing,True,0.989,0.0,120.3576
SitFloor_lowKeypoints,36,Standing,Standing,True,0.989,0.0,129.7528
SitFloor_lowKeypoints,37,Standing,Standing,True,0.989,0.0,114.6729
SitFloor_lowKeypoints,38,Standing,Standing,True,0.989,0.0,153.0029
SitFloor_lowKeypoints,39,Standing,Standing,True,0.989,0.0,115.9819
SitFloor_lowKeypoints,40,Standing,Standing,True,0.988,0.0,125.4132
SitFloor_lowKeypoints,41,Standing,Standing,True,0.988,0.0,122.3447
SitFloor_lowKeypoints,42,Standing,Standing,True,0.988,0.0,117.9936
SitFloor_lowKeypoints,43,Standing,Standing,True,0.988,0.0,118.8879
SitFloor_lowKeypoints,44,Standing,Standing,True,0.988,0.0,114.3833
SitFloor_lowKeypoints,45,Standing,Standing,True,0.988,0.0,114.1186
SitFloor_lowKeypoints,46,Standing,Standing,True,0.988,0.0,125.0266
SitFloor_lowKeypoints,47,Standing,Standing,True,0.988,0.0,133.074
SitFloor_lowKeypoints,48,Standing,Standing,True,0.988,0.0,141.9255
SitFloor_lowKeypoints,49,Standing,Standing,True,0.987,0.0,121.7626
SitFloor_lowKeypoints,50,Standing,Standing,True,0.987,0.0,127.8363
SitFloor_lowKeypoints,51,Standing,Standing,True,0.987,0.0,97.2887
SitFloor_lowKeypoints,52,Standing,Standing,True,0.986,0.0,145.0257
SitFloor_lowKeypoints,53,Standing,Standing,True,0.986,0.0,150.2632
SitFloor_lowKeypoints,54,Standing,Standing,True,0.984,0.0,132.3402
SitFloor_lowKeypoints,55,Standing,Standing,True,0.982,0.0,126.3862
SitFloor_lowKeypoints,56,Standing,Standing,True,0.978,0.0,137.3934
SitFloor_lowKeypoints,57,Standing,Standing,True,0.97,0.0,129.4708
SitFloor_lowKeypoints,58,,Standing,,0.959,0.0,132.3554
SitFloor_lowKeypoints,59,,Standing,,0.939,0.0,112.8092
SitFloor_lowKeypoints,60,,Standing,,0.907,0.0,114.2592
SitFloor_lowKeypoints,61,,Standing,,0.883,0.0,122.5952
SitFloor_lowKeypoints,62,,Standing,,0.887,0.0,123.1475
SitFloor_lowKeypoints,63,,Standing,,0.891,0.0,107.3055
SitFloor_lowKeypoints,64,,Standing,,0.889,0.0,102.2881
SitFloor_lowKeypoints,65,,Standing,,0.88,0.0,93.4074
SitFloor_lowKeypoints,66,,Standing,,0.906,0.0,94.8602
SitFloor_lowKeypoints,67,,Standing,,0.93,0.0,94.1708
SitFloor_lowKeypoints,68,,Standing,,0.927,0.0,89.5498
SitFloor_lowKeypoints,69,,Standing,,0.926,0.0,90.1283
SitFloor_lowKeypoints,70,,Standing,,0.924,0.0,86.626
SitFloor_lowKeypoints,71,,Standing,,0.909,0.0,175.3816
SitFloor_lowKeypoints,72,,Standing,,0.911,0.0,104.4694
SitFloor_lowKeypoints,73,,Standing,,0.9,0.0,102.5048
SitFloor_lowKeypoints,74,,Standing,,0.921,0.0,115.3146
SitFloor_lowKeypoints,75,,Standing,,0.933,0.0,159.3196
SitFloor_lowKeypoints,76,,Standing,,0.933,0.0,143.4286
SitFloor_lowKeypoints,77,,Standing,,0.935,0.0,201.5706
SitFloor_lowKeypoints,78,,Standing,,0.941,0.0,130.8627
SitFloor_lowKeypoints,79,,Standing,,0.929,0.0,153.271
SitFloor_lowKeypoints,80,,Standing,,0.905,0.0,146.0133
SitFloor_lowKeypoints,81,,Standing,,0.857,0.0,102.1456
SitFloor_lowKeypoints,82,,Standing,,0.737,0.0,84.4435
SitFloor_lowKeypoints,83,,Standing,,0.588,0.0,88.4373
SitFloor_lowKeypoints,84,,Sitting,,0.467,0.0,88.9856
SitFloor_lowKeypoints,85,,Sitting,,0.586,0.0,84.8012
SitFloor_lowKeypoints,86,,Sitting,,0.691,0.0,108.2627
SitFloor_lowKeypoints,87,,Sitting,,0.785,0.0,110.5863
SitFloor_lowKeypoints,88,,Sitting,,0.838,0.0,93.4157
SitFloor_lowKeypoints,89,,Sitting,,0.852,0.0,85.4544
SitFloor_lowKeypoints,90,,Sitting,,0.843,0.0,79.559
SitFloor_lowKeypoints,91,,Sitting,,0.808,0.0,76.7921
SitFloor_lowKeypoints,92,,Sitting,,0.749,0.0,77.1158
SitFloor_lowKeypoints,93,,Sitting,,0.704,0.0,70.9394
SitFloor_lowKeypoints,94,,Sitting,,0.64,0.0,72.527
SitFloor_lowKeypoints,95,,Sitting,,0.567,0.0,70.7856
SitFloor_lowKeypoints,96,,Sitting,,0.515,0.0,66.6697
SitFloor_lowKeypoints,97,,Lying,,0.513,0.0,64.6295
SitFloor_lowKeypoints,98,,Lying,,0.583,0.0,66.6372
SitFloor_lowKeypoints,99,,Lying,,0.635,0.0,75.7919
SitFloor_lowKeypoints,100,,Lying,,0.662,0.0,154.4311
SitFloor_lowKeypoints,101,,Lying,,0.664,0.0,121.9717
SitFloor_lowKeypoints,102,,Lying,,0.703,0.0,114.6113
SitFloor_lowKeypoints,103,,Lying,,0.73,0.0,84.9334
SitFloor_lowKeypoints,104,,Lying,,0.75,0.0,83.4652
SitFloor_lowKeypoints,105,,Lying,,0.758,0.0,74.5405
SitFloor_lowKeypoints,106,,Lying,,0.75,0.0,73.1098
SitFloor_lowKeypoints,107,,Lying,,0.721,0.0,79.209
SitFloor_lowKeypoints,108,,Lying,,0.659,0.0,73.4608
SitFloor_lowKeypoints,109,,Lying,,0.561,0.0,84.7997
SitFloor_lowKeypoints,110,,Sitting,,0.552,0.0,108.7969
SitFloor_lowKeypoints,111,,Sitting,,0.718,0.0,129.3707
SitFloor_lowKeypoints,112,,Sitting,,0.823,0.0,72.0834
SitFloor_lowKeypoints,113,,Sitting,,0.884,0.0,73.167
SitFloor_lowKeypoints,114,,Sitting,,0.905,0.0,83.9535
SitFloor_lowKeypoints,115,,Sitting,,0.925,0.0,76.6124
SitFloor_lowKeypoints,116,,Sitting,,0.929,0.0,76.1551
SitFloor_lowKeypoints,117,Sitting,Sitting,True,0.904,0.0,75.3056
SitFloor_lowKeypoints,118,Sitting,Sitting,True,0.9,0.0,76.3264
SitFloor_lowKeypoints,119,Sitting,Sitting,True,0.897,0.0,84.2696
SitFloor_lowKeypoints,120,Sitting,Sitting,True,0.895,0.0,104.9491
SitFloor_lowKeypoints,121,Sitting,Sitting,True,0.884,0.0,140.9146
SitFloor_lowKeypoints,122,Sitting,Sitting,True,0.886,0.0,86.1797
SitFloor_lowKeypoints,123,Sitting,Sitting,True,0.848,0.0,109.4286
SitFloor_lowKeypoints,124,Sitting,Sitting,True,0.807,0.0,87.6608
SitFloor_lowKeypoints,125,Sitting,Sitting,True,0.855,0.0,117.1955
SitFloor_lowKeypoints,126,Sitting,Sitting,True,0.881,0.0,91.9426
SitFloor_lowKeypoints,127,Sitting,Sitting,True,0.894,0.0,92.4534
SitFloor_lowKeypoints,128,Sitting,Sitting,True,0.888,0.0,96.6795
SitFloor_lowKeypoints,129,Sitting,Sitting,True,0.883,0.0,109.2509
SitFloor_lowKeypoints,130,Sitting,Sitting,True,0.877,0.0,101.5027
SitFloor_lowKeypoints,131,Sitting,Sitting,True,0.868,0.0,87.8522
SitFloor_lowKeypoints,132,Sitting,Sitting,True,0.869,0.0,85.5757
SitFloor_lowKeypoints,133,Sitting,Sitting,True,0.865,0.0,94.78
SitFloor_lowKeypoints,134,Sitting,Sitting,True,0.86,0.0,108.5974
SitFloor_lowKeypoints,135,Sitting,Sitting,True,0.856,0.0,82.1014
SitFloor_lowKeypoints,136,Sitting,Sitting,True,0.853,0.0,81.5038
SitFloor_lowKeypoints,137,Sitting,Sitting,True,0.849,0.0,75.332
SitFloor_lowKeypoints,138,Sitting,Sitting,True,0.843,0.0,73.3726
SitFloor_lowKeypoints,139,Sitting,Sitting,True,0.832,0.0,76.3164
SitFloor_lowKeypoints,140,Sitting,Sitting,True,0.827,0.0,73.5681
SitFloor_lowKeypoints,141,Sitting,Sitting,True,0.821,0.0,69.7663
SitFloor_lowKeypoints,142,Sitting,Sitting,True,0.809,0.0,72.1037
SitFloor_lowKeypoints,143,Sitting,Sitting,True,0.795,0.0,71.3808
SitFloor_lowKeypoints,144,Sitting,Sitting,True,0.783,0.0,74.8981
SitFloor_lowKeypoints,145,Sitting,Sitting,True,0.775,0.0,73.1783
SitFloor_lowKeypoints,146,Sitting,Sitting,True,0.764,0.0,73.4231
SitFloor_lowKeypoints,147,Sitting,Sitting,True,0.744,0.0,107.1262
SitFloor_lowKeypoints,148,Sitting,Sitting,True,0.719,0.0,92.1641
SitFloor_lowKeypoints,149,Sitting,Sitting,True,0.693,0.0,99.2284
SitFloor_lowKeypoints,150,Sitting,Sitting,True,0.666,0.0,90.1288
SitFloor_lowKeypoints,151,Sitting,Sitting,True,0.627,0.0,104.0685
SitFloor_lowKeypoints,152,Sitting,Sitting,True,0.592,0.0,144.0601
SitFloor_lowKeypoints,153,Sitting,Sitting,True,0.545,0.0,129.9169
SitFloor_lowKeypoints,154,Sitting,Sitting,True,0.488,0.0,214.8135
SitFloor_lowKeypoints,155,Sitting,Lying,False,0.477,0.0,133.9997
SitFloor_lowKeypoints,156,Sitting,Lying,False,0.55,0.0,154.3801
SitFloor_lowKeypoints,157,Sitting,Lying,False,0.627,0.0,128.9387
SitFloor_lowKeypoints,158,Sitting,Lying,False,0.696,0.0,143.0903
SitFloor_lowKeypoints,159,Sitting,Lying,False,0.755,0.0,156.9934
SitFloor_lowKeypoints,160,Sitting,Lying,False,0.8,0.0,152.1378
SitFloor_lowKeypoints,161,Sitting,Lying,False,0.837,0.0,134.7243
SitFloor_lowKeypoints,162,Sitting,Lying,False,0.865,0.0,214.3744
SitFloor_lowKeypoints,163,Sitting,Lying,False,0.885,0.0,125.6549
SitFloor_lowKeypoints,164,Sitting,Lying,False,0.901,0.0,362.5402
SitFloor_lowKeypoints,165,Sitting,Lying,False,0.913,0.0,186.6098
SitFloor_lowKeypoints,166,Sitting,Lying,False,0.922,0.0,132.6591
SitFloor_lowKeypoints,167,Sitting,Lying,False,0.929,0.0,109.5321
SitFloor_lowKeypoints,168,Sitting,Lying,False,0.935,0.0,121.3489
SitFloor_lowKeypoints,169,Sitting,Lying,False,0.938,0.0,104.8534
SitFloor_lowKeypoints,170,Sitting,Lying,False,0.942,0.0,128.3308
SitFloor_lowKeypoints,171,Sitting,Lying,False,0.943,0.0,122.2963
SitFloor_lowKeypoints,172,Sitting,Lying,False,0.943,0.0,140.0511
SitFloor_lowKeypoints,173,Sitting,Lying,False,0.946,0.0,128.3661
SitFloor_lowKeypoints,174,Sitting,Lying,False,0.948,0.0,114.8858
SitFloor_lowKeypoints,175,Sitting,Lying,False,0.949,0.0,115.4143
SitFloor_lowKeypoints,176,Sitting,Lying,False,0.95,0.0,109.6847
SitFloor_lowKeypoints,177,Sitting,Lying,False,0.95,0.0,152.0221
SitFloor_lowKeypoints,178,Sitting,Lying,False,0.949,0.0,118.2833
SitFloor_lowKeypoints,179,Sitting,Lying,False,0.948,0.0,115.8156
SitFloor_lowKeypoints,180,Sitting,Lying,False,0.947,0.0,126.8174
SitFloor_lowKeypoints,181,Sitting,Lying,False,0.948,0.0,113.807
SitFloor_lowKeypoints,182,Sitting,Lying,False,0.948,0.0,119.0716
SitFloor_lowKeypoints,183,Sitting,Lying,False,0.944,0.0,109.7141
SitFloor_lowKeypoints,184,Sitting,Lying,False,0.94,0.0,115.5033
SitFloor_lowKeypoints,185,Sitting,Lying,False,0.936,0.0,138.3017
SitFloor_lowKeypoints,186,Sitting,Lying,False,0.932,0.0,120.4212
SitFloor_lowKeypoints,187,Sitting,Lying,False,0.926,0.0,119.0637
SitFloor_lowKeypoints,188,Sitting,Lying,False,0.919,0.0,109.2352
SitFloor_lowKeypoints,189,Sitting,Lying,False,0.909,0.0,102.1221
SitFloor_lowKeypoints,190,Sitting,Lying,False,0.898,0.0,125.1959
SitFloor_lowKeypoints,191,Sitting,Lying,False,0.887,0.0,160.8067
SitFloor_lowKeypoints,192,Sitting,Lying,False,0.873,0.0,165.8787
SitFloor_lowKeypoints,193,Sitting,Lying,False,0.858,0.0,132.7961
SitFloor_lowKeypoints,194,Sitting,Lying,False,0.841,0.0,123.7307
SitFloor_lowKeypoints,195,Sitting,Lying,False,0.816,0.0,114.3115
SitFloor_lowKeypoints,196,Sitting,Lying,False,0.787,0.0,111.196
SitFloor_lowKeypoints,197,Sitting,Lying,False,0.754,0.0,114.2767
SitFloor_lowKeypoints,198,Sitting,Lying,False,0.715,0.0,111.3455
SitFloor_lowKeypoints,199,Sitting,Lying,False,0.673,0.0,218.6108
SitFloor_lowKeypoints,200,Sitting,Lying,False,0.629,0.0,204.7275
SitFloor_lowKeypoints,201,Sitting,Lying,False,0.581,0.0,293.7696
SitFloor_lowKeypoints,202,Sitting,Lying,False,0.531,0.0,151.7895
SitFloor_lowKeypoints,203,Sitting,Lying,False,0.482,0.0,135.351
SitFloor_lowKeypoints,204,,Sitting,,0.519,0.0,145.2335
SitFloor_lowKeypoints,205,,Sitting,,0.556,0.0,120.1486
SitFloor_lowKeypoints,206,,Sitting,,0.587,0.0,130.6191
SitFloor_lowKeypoints,207,,Sitting,,0.606,0.0,204.3239
SitFloor_lowKeypoints,208,,Sitting,,0.621,0.0,151.5732
SitFloor_lowKeypoints,209,,Sitting,,0.632,0.0,119.8041
SitFloor_lowKeypoints,210,,Sitting,,0.638,0.0,129.7067
SitFloor_lowKeypoints,211,,Sitting,,0.642,0.0,103.9383
SitFloor_lowKeypoints,212,,Sitting,,0.64,0.0,177.2733
SitFloor_lowKeypoints,213,,Sitting,,0.629,0.0,111.506
SitFloor_lowKeypoints,214,,Sitting,,0.617,0.0,143.9099
SitFloor_lowKeypoints,215,,Sitting,,0.606,0.0,110.0871
SitFloor_lowKeypoints,216,,Sitting,,0.595,0.0,92.5767
SitFloor_lowKeypoints,217,,Sitting,,0.58,0.0,89.2488
SitFloor_lowKeypoints,218,,Sitting,,0.567,0.0,92.9166
SitFloor_lowKeypoints,219,,Sitting,,0.548,0.0,160.0523
SitFloor_lowKeypoints,220,,Sitting,,0.519,0.0,121.5975
SitFloor_lowKeypoints,221,,Sitting,,0.477,0.0,126.7132
SitFloor_lowKeypoints,222,,Lying,,0.525,0.0,104.4633
SitFloor_lowKeypoints,223,,Lying,,0.577,0.0,116.1026
SitFloor_lowKeypoints,224,,Lying,,0.638,0.0,105.1322
SitFloor_lowKeypoints,225,,Lying,,0.707,0.0,91.3926
SitFloor_lowKeypoints,226,,Lying,,0.762,0.0,161.776
SitFloor_lowKeypoints,227,,Lying,,0.795,0.0,139.8721
SitFloor_lowKeypoints,228,,Lying,,0.82,0.0,89.2692
SitFloor_lowKeypoints,229,,Lying,,0.837,0.0,86.0522
SitFloor_lowKeypoints,230,,Lying,,0.846,0.0,87.9442
SitFloor_lowKeypoints,231,,Lying,,0.861,0.0,87.0809
SitFloor_lowKeypoints,232,,Lying,,0.874,0.0,111.5662
SitFloor_lowKeypoints,233,,Lying,,0.886,0.0,142.4692
SitFloor_lowKeypoints,234,,Lying,,0.894,0.0,97.0097
SitFloor_lowKeypoints,235,,Lying,,0.897,0.0,103.8462
SitFloor_lowKeypoints,236,,Lying,,0.899,0.0,92.3066
SitFloor_lowKeypoints,237,,Lying,,0.898,0.0,102.2618
SitFloor_lowKeypoints,238,,Lying,,0.893,0.0,80.5845
SitFloor_lowKeypoints,239,,Lying,,0.893,0.0,86.6128
SitFloor_lowKeypoints,240,,Lying,,0.887,0.0,103.5257
SitFloor_lowKeypoints,241,,Lying,,0.875,0.0,94.8973
SitFloor_lowKeypoints,242,,Lying,,0.864,0.0,103.5068
SitFloor_lowKeypoints,243,,Lying,,0.84,0.0,116.4346
SitFloor_lowKeypoints,244,,Lying,,0.806,0.0,110.4316
SitFloor_lowKeypoints,245,,Lying,,0.777,0.0,105.4296
SitFloor_lowKeypoints,246,,Lying,,0.737,0.0,91.6206
SitFloor_lowKeypoints,247,,Lying,,0.678,0.0,89.0649
SitFloor_lowKeypoints,248,,Lying,,0.609,0.0,86.5187
SitFloor_lowKeypoints,249,,Lying,,0.526,0.0,75.9953
SitFloor_lowKeypoints,250,,Sitting,,0.517,0.0,74.5512
SitFloor_lowKeypoints,251,,Sitting,,0.625,0.0,71.4073
SitFloor_lowKeypoints,252,,Sitting,,0.703,0.0,72.3387
SitFloor_lowKeypoints,253,,Sitting,,0.756,0.0,72.2546
SitFloor_lowKeypoints,254,,Sitting,,0.788,0.0,70.6925
SitFloor_lowKeypoints,255,,Sitting,,0.808,0.0,70.7821
SitFloor_lowKeypoints,256,,Sitting,,0.785,0.0,73.5091
SitFloor_lowKeypoints,257,,Sitting,,0.779,0.0,74.898
SitFloor_lowKeypoints,258,,Sitting,,0.771,0.0,69.2789
SitFloor_lowKeypoints,259,,Sitting,,0.776,0.0,71.8693
SitFloor_lowKeypoints,260,,Sitting,,0.785,0.0,79.3386
SitFloor_lowKeypoints,261,,Sitting,,0.805,0.0,75.0503
SitFloor_lowKeypoints,262,,Sitting,,0.824,0.0,86.5693
SitFloor_lowKeypoints,263,,Sitting,,0.845,0.0,85.9028
SitFloor_lowKeypoints,264,,Sitting,,0.86,0.0,90.8304
SitFloor_lowKeypoints,265,,Sitting,,0.873,0.0,104.6241
SitFloor_lowKeypoints,266,,Sitting,,0.882,0.0,93.7864
SitFloor_lowKeypoints,267,,Sitting,,0.888,0.0,92.182
SitFloor_lowKeypoints,268,,Sitting,,0.895,0.0,102.05
SitFloor_lowKeypoints,269,,Sitting,,0.891,0.0,94.7795
SitFloor_lowKeypoints,270,,Sitting,,0.873,0.0,101.362
SitFloor_lowKeypoints,271,,Sitting,,0.852,0.0,94.6493
SitFloor_lowKeypoints,272,,Sitting,,0.815,0.0,99.0938
SitFloor_lowKeypoints,273,,Sitting,,0.755,0.0,91.6107
SitFloor_lowKeypoints,274,,Sitting,,0.707,0.0,97.7289
SitFloor_lowKeypoints,275,,Sitting,,0.675,0.0,108.5575
SitFloor_lowKeypoints,276,,Sitting,,0.658,0.0,127.0261
SitFloor_lowKeypoints,277,,Sitting,,0.662,0.0,134.3978
SitFloor_lowKeypoints,278,,Sitting,,0.71,0.0,142.3929
SitFloor_lowKeypoints,279,,Sitting,,0.722,0.0,155.3848
SitFloor_lowKeypoints,280,,Sitting,,0.728,0.0,165.6633
SitFloor_lowKeypoints,281,,Sitting,,0.735,0.0,173.3324
SitFloor_lowKeypoints,282,,Sitting,,0.727,0.0,113.1161
SitFloor_lowKeypoints,283,,Sitting,,0.716,0.0,137.8078
SitFloor_lowKeypoints,284,,Sitting,,0.715,0.0,110.775
SitFloor_lowKeypoints,285,,Sitting,,0.696,0.0,121.6041
SitFloor_lowKeypoints,286,,Sitting,,0.648,0.0,150.6245
SitFloor_lowKeypoints,287,,Sitting,,0.522,0.0,161.4524
SitFloor_lowKeypoints,288,,Standing,,0.572,0.0,126.8089
SitFloor_lowKeypoints,289,,Standing,,0.759,0.0,133.086
SitFloor_lowKeypoints,290,,Standing,,0.879,0.0,124.587
SitFloor_lowKeypoints,291,,Standing,,0.933,0.0,116.4835
SitFloor_lowKeypoints,292,,Standing,,0.956,0.0,135.4399
SitFloor_lowKeypoints,293,,Standing,,0.967,0.0,110.9452
SitFloor_lowKeypoints,294,,Standing,,0.974,0.0,128.377
SitFloor_lowKeypoints,295,,Standing,,0.978,0.0,118.6227
SitFloor_lowKeypoints,296,,Standing,,0.981,0.0,116.0943
SitFloor_lowKeypoints,297,,Standing,,0.983,0.0,145.4625
SitFloor_lowKeypoints,298,,Standing,,0.984,0.0,157.6568
SitFloor_lowKeypoints,299,,Standing,,0.985,0.0,133.7299
SitFloor_lowKeypoints,300,,Standing,,0.986,0.0,143.6315
SitFloor_lowKeypoints,301,,Standing,,0.986,0.0,118.0956
SitFloor_lowKeypoints,302,,Standing,,0.986,0.0,114.7325
SitFloor_lowKeypoints,303,,Standing,,0.986,0.0,111.5114
SitFloor_lowKeypoints,304,,Standing,,0.985,0.0,118.1904
SitFloor_lowKeypoints,305,,Standing,,0.985,0.0,124.4687
SitFloor_lowKeypoints,306,,Standing,,0.984,0.0,141.3055
Sitting_HalfLandmarks,31,,Standing,,0.97,0.0,138.5769
Sitting_HalfLandmarks,32,,Standing,,0.976,0.0,128.1896
Sitting_HalfLandmarks,33,,Standing,,0.979,0.0,112.782
Sitting_HalfLandmarks,34,,Standing,,0.98,0.0,145.6962
Sitting_HalfLandmarks,35,,Standing,,0.981,0.0,145.9725
Sitting_HalfLandmarks,36,,Standing,,0.982,0.0,176.0009
Sitting_HalfLandmarks,37,,Standing,,0.981,0.0,133.3837
Sitting_HalfLandmarks,38,,Standing,,0.98,0.0,141.0919
Sitting_HalfLandmarks,39,,Standing,,0.98,0.0,147.4695
Sitting_HalfLandmarks,40,,Standing,,0.98,0.0,158.9592
Sitting_HalfLandmarks,41,,Standing,,0.979,0.0,151.5174
Sitting_HalfLandmarks,42,,Standing,,0.979,0.0,124.0225
Sitting_HalfLandmarks,43,,Standing,,0.979,0.0,118.1545
Sitting_HalfLandmarks,44,,Standing,,0.979,0.0,151.1945
Sitting_HalfLandmarks,45,,Standing,,0.978,0.0,123.0388
Sitting_HalfLandmarks,46,,Standing,,0.978,0.0,116.5807
Sitting_HalfLandmarks,47,,Standing,,0.978,0.0,117.2204
Sitting_HalfLandmarks,48,,Standing,,0.978,0.0,123.7798
Sitting_HalfLandmarks,49,,Standing,,0.977,0.0,141.7116
Sitting_HalfLandmarks,50,,Standing,,0.976,0.0,128.3503
Sitting_HalfLandmarks,51,,Standing,,0.976,0.0,132.677
Sitting_HalfLandmarks,52,,Standing,,0.976,0.0,135.9961
Sitting_HalfLandmarks,53,,Standing,,0.976,0.0,123.1066
Sitting_HalfLandmarks,54,,Standing,,0.976,0.0,101.3995
Sitting_HalfLandmarks,55,,Standing,,0.975,0.0,99.5358
Sitting_HalfLandmarks,56,,Standing,,0.975,0.0,97.8596
Sitting_HalfLandmarks,57,,Standing,,0.974,0.0,101.9431
Sitting_HalfLandmarks,58,,Standing,,0.975,0.0,117.8573
Sitting_HalfLandmarks,59,,Standing,,0.975,0.0,125.7738
Sitting_HalfLandmarks,60,,Standing,,0.976,0.0,112.1927
Sitting_HalfLandmarks,61,,Standing,,0.975,0.0,102.5674
Sitting_HalfLandmarks,62,,Standing,,0.975,0.0,107.8452
Sitting_HalfLandmarks,63,,Standing,,0.974,0.0,163.047
Sitting_HalfLandmarks,64,,Standing,,0.97,0.0,105.6914
Sitting_HalfLandmarks,65,,Standing,,0.965,0.0,107.8917
Sitting_HalfLandmarks,66,,Standing,,0.964,0.0,96.0548
Sitting_HalfLandmarks,67,,Standing,,0.957,0.0,122.1085
Sitting_HalfLandmarks,68,,Standing,,0.952,0.0,112.4309
Sitting_HalfLandmarks,69,,Standing,,0.952,0.0,101.4647
Sitting_HalfLandmarks,70,,Standing,,0.95,0.0,89.8783
Sitting_HalfLandmarks,71,,Standing,,0.947,0.0,78.3256
Sitting_HalfLandmarks,72,,Standing,,0.95,0.0,78.5819
Sitting_HalfLandmarks,73,,Standing,,0.944,0.0,82.0773
Sitting_HalfLandmarks,74,,Standing,,0.934,0.0,89.8816
Sitting_HalfLandmarks,75,,Standing,,0.9,0.0,100.0111
Sitting_HalfLandmarks,76,,Standing,,0.817,0.0,104.11
Sitting_HalfLandmarks,77,,Standing,,0.691,0.0,112.1605
Sitting_HalfLandmarks,78,,Standing,,0.458,0.0,128.5545
Sitting_HalfLandmarks,79,,Lying,,0.369,0.0,103.6111
Sitting_HalfLandmarks,80,,Lying,,0.457,0.0,124.8534
Sitting_HalfLandmarks,81,,Lying,,0.532,0.0,137.2118
Sitting_HalfLandmarks,82,,Lying,,0.663,0.0,124.1752
Sitting_HalfLandmarks,83,,Lying,,0.803,0.0,102.719
Sitting_HalfLandmarks,84,,Lying,,0.885,0.0,176.9033
Sitting_HalfLandmarks,85,,Lying,,0.95,0.0,157.9452
Sitting_HalfLandmarks,86,,Lying,,0.977,0.0,117.0449
Sitting_HalfLandmarks,87,Sitting,Lying,False,0.976,0.0,108.0197
Sitting_HalfLandmarks,88,Sitting,Lying,False,0.975,0.0,107.4181
Sitting_HalfLandmarks,89,Sitting,Lying,False,0.957,0.0,95.973
Sitting_HalfLandmarks,90,Sitting,Lying,False,0.923,0.0,93.0453
Sitting_HalfLandmarks,91,Sitting,Lying,False,0.861,0.0,82.6658
Sitting_HalfLandmarks,92,Sitting,Lying,False,0.68,0.0,84.6397
Sitting_HalfLandmarks,93,Sitting,Sitting,True,0.721,0.0,97.0173
Sitting_HalfLandmarks,94,Sitting,Sitting,True,0.941,0.0,92.0816
Sitting_HalfLandmarks,95,Sitting,Sitting,True,0.979,0.0,81.6014
Sitting_HalfLandmarks,96,Sitting,Sitting,True,0.988,0.0,97.6717
Sitting_HalfLandmarks,97,Sitting,Sitting,True,0.994,0.0,81.4849
Sitting_HalfLandmarks,98,Sitting,Sitting,True,0.994,0.0,79.7898
Sitting_HalfLandmarks,99,Sitting,Sitting,True,0.994,0.0,130.7259
Sitting_HalfLandmarks,100,Sitting,Sitting,True,0.994,0.0,160.3925
Sitting_HalfLandmarks,101,Sitting,Sitting,True,0.994,0.0,96.7481
Sitting_HalfLandmarks,102,Sitting,Sitting,True,0.993,0.0,103.3981
Sitting_HalfLandmarks,103,Sitting,Sitting,True,0.992,0.0,141.9988
Sitting_HalfLandmarks,104,Sitting,Sitting,True,0.991,0.0,137.0273
Sitting_HalfLandmarks,105,Sitting,Sitting,True,0.987,0.0,155.6679
Sitting_HalfLandmarks,106,Sitting,Sitting,True,0.983,0.0,125.0203
Sitting_HalfLandmarks,107,Sitting,Sitting,True,0.977,0.0,113.2612
Sitting_HalfLandmarks,108,Sitting,Sitting,True,0.975,0.0,142.6699
Sitting_HalfLandmarks,109,Sitting,Sitting,True,0.967,0.0,131.3317
Sitting_HalfLandmarks,110,Sitting,Sitting,True,0.964,0.0,117.3377
Sitting_HalfLandmarks,111,Sitting,Sitting,True,0.961,0.0,120.518
Sitting_HalfLandmarks,112,Sitting,Sitting,True,0.951,0.0,111.4945
Sitting_HalfLandmarks,113,Sitting,Sitting,True,0.942,0.0,116.9081
Sitting_HalfLandmarks,114,Sitting,Sitting,True,0.911,0.0,123.4399
Sitting_HalfLandmarks,115,Sitting,Sitting,True,0.915,0.0,109.7958
Sitting_HalfLandmarks,116,Sitting,Sitting,True,0.772,0.0,103.4
Sitting_HalfLandmarks,117,Sitting,Sitting,True,0.8,0.0,101.1928
Sitting_HalfLandmarks,118,Sitting,Sitting,True,0.514,0.0,104.6089
Sitting_HalfLandmarks,119,Sitting,Standing,False,0.509,0.0,114.6149
Sitting_HalfLandmarks,120,Sitting,Standing,False,0.479,0.0,151.3215
Sitting_HalfLandmarks,121,Sitting,Standing,False,0.575,0.0,174.7279
Sitting_HalfLandmarks,122,Sitting,Standing,False,0.583,0.0,127.7789
Sitting_HalfLandmarks,123,Sitting,Standing,False,0.602,0.0,85.8664
Sitting_HalfLandmarks,124,Sitting,Standing,False,0.46,0.0,81.066
Sitting_HalfLandmarks,125,Sitting,Standing,False,0.448,0.0,74.1954
Sitting_HalfLandmarks,126,Sitting,Unknown,False,0.376,0.0,73.757
Sitting_HalfLandmarks,127,Sitting,Unknown,False,0.377,0.0,81.5847
Sitting_HalfLandmarks,128,Sitting,Unknown,False,0.361,0.0,78.8304
Sitting_HalfLandmarks,129,Sitting,Unknown,False,0.371,0.0,80.0364
Sitting_HalfLandmarks,130,Sitting,Lying,False,0.368,0.0,71.638
Sitting_HalfLandmarks,131,Sitting,Unknown,False,0.358,0.0,69.8531
Sitting_HalfLandmarks,132,Sitting,Unknown,False,0.357,0.0,83.1993
Sitting_HalfLandmarks,133,Sitting,Lying,False,0.36,0.0,95.5848
Sitting_HalfLandmarks,134,Sitting,Lying,False,0.378,0.0,92.1542
Sitting_HalfLandmarks,135,Sitting,Lying,False,0.384,0.0,85.4043
Sitting_HalfLandmarks,136,Sitting,Lying,False,0.38,0.0,87.2359
Sitting_HalfLandmarks,137,Sitting,Lying,False,0.374,0.0,88.6415
Sitting_HalfLandmarks,138,Sitting,Lying,False,0.369,0.0,90.3435
Sitting_HalfLandmarks,139,Sitting,Lying,False,0.35,0.0,92.0953
Sitting_HalfLandmarks,140,Sitting,Lying,False,0.335,0.0,104.4115
Sitting_HalfLandmarks,141,Sitting,Standing,False,0.333,0.0,113.8531
Sitting_HalfLandmarks,142,Sitting,Standing,False,0.384,0.0,96.1494
Sitting_HalfLandmarks,143,Sitting,Standing,False,0.475,0.0,104.7911
Sitting_HalfLandmarks,144,Sitting,Standing,False,0.553,0.0,115.1385
Sitting_HalfLandmarks,145,Sitting,Standing,False,0.568,0.0,126.6993
Sitting_HalfLandmarks,146,Sitting,Standing,False,0.701,0.0,118.0116
Sitting_HalfLandmarks,147,Sitting,Standing,False,0.685,0.0,120.2131
Sitting_HalfLandmarks,148,Sitting,Standing,False,0.832,0.0,117.2242
Sitting_HalfLandmarks,149,Sitting,Standing,False,0.833,0.0,194.2158
Sitting_HalfLandmarks,150,Sitting,Standing,False,0.878,0.0,107.6824
Sitting_HalfLandmarks,151,Sitting,Standing,False,0.878,0.0,104.6835
Sitting_HalfLandmarks,152,Sitting,Standing,False,0.913,0.0,107.8081
Sitting_HalfLandmarks,153,Sitting,Standing,False,0.933,0.0,94.3485
Sitting_HalfLandmarks,154,Sitting,Standing,False,0.945,0.0,106.0696
Sitting_HalfLandmarks,155,Sitting,Standing,False,0.946,0.0,95.7723
Sitting_HalfLandmarks,156,Sitting,Standing,False,0.944,0.0,89.123
Sitting_HalfLandmarks,157,Sitting,Standing,False,0.953,0.0,104.0654
Sitting_HalfLandmarks,158,Sitting,Standing,False,0.957,0.0,121.1456
Sitting_HalfLandmarks,159,Sitting,Standing,False,0.966,0.0,93.7627
Sitting_HalfLandmarks,160,Sitting,Standing,False,0.968,0.0,105.4041
Sitting_HalfLandmarks,161,Sitting,Standing,False,0.97,0.0,102.1808
Sitting_HalfLandmarks,162,Sitting,Standing,False,0.972,0.0,103.9021
Sitting_HalfLandmarks,163,Sitting,Standing,False,0.973,0.0,119.1838
Sitting_HalfLandmarks,164,Sitting,Standing,False,0.974,0.0,125.2721
Sitting_HalfLandmarks,165,Sitting,Standing,False,0.976,0.0,112.4055
Sitting_HalfLandmarks,166,Sitting,Standing,False,0.976,0.0,141.5837
Sitting_HalfLandmarks,167,Sitting,Standing,False,0.977,0.0,95.5707
Sitting_HalfLandmarks,168,Sitting,Standing,False,0.977,0.0,102.2799
Sitting_HalfLandmarks,169,Sitting,Standing,False,0.977,0.0,103.1311
Sitting_HalfLandmarks,170,Sitting,Standing,False,0.976,0.0,89.9719
Sitting_HalfLandmarks,171,Sitting,Standing,False,0.976,0.0,108.3295
Sitting_HalfLandmarks,172,Sitting,Standing,False,0.975,0.0,106.0462
Sitting_HalfLandmarks,173,Sitting,Standing,False,0.974,0.0,112.8322
Sitting_HalfLandmarks,174,Sitting,Standing,False,0.974,0.0,123.9821
Sitting_HalfLandmarks,175,,Standing,,0.976,0.0,163.6896
Sitting_HalfLandmarks,176,,Standing,,0.974,0.0,160.6133
Sitting_HalfLandmarks,177,,Standing,,0.974,0.0,222.0161
Sitting_HalfLandmarks,178,,Standing,,0.974,0.0,112.0066
Sitting_HalfLandmarks,179,,Standing,,0.974,0.0,106.6594
Sitting_HalfLandmarks,180,,Standing,,0.971,0.0,138.2753
Sitting_HalfLandmarks,181,,Standing,,0.973,0.0,131.4094
Sitting_HalfLandmarks,182,,Standing,,0.974,0.0,132.4919
Sitting_HalfLandmarks,183,,Standing,,0.972,0.0,140.9753
Sitting_HalfLandmarks,184,,Standing,,0.97,0.0,148.1612
Sitting_HalfLandmarks,185,,Standing,,0.969,0.0,117.5349
Sitting_HalfLandmarks,186,,Standing,,0.971,0.0,104.5899
Sitting_HalfLandmarks,187,,Standing,,0.968,0.0,127.9152
Sitting_HalfLandmarks,188,,Standing,,0.968,0.0,140.5102
Sitting_HalfLandmarks,189,,Standing,,0.967,0.0,128.0086
Sitting_HalfLandmarks,190,,Standing,,0.974,0.0,109.2667
Sitting_HalfLandmarks,191,,Standing,,0.975,0.0,93.1575
Sitting_HalfLandmarks,192,,Standing,,0.974,0.0,98.19
Sitting_HalfLandmarks,193,,Standing,,0.972,0.0,119.7555
Sitting_HalfLandmarks,194,,Standing,,0.964,0.0,124.43
Sitting_HalfLandmarks,195,,Standing,,0.951,0.0,132.8927
Sitting_HalfLandmarks,196,,Standing,,0.956,0.0,114.796
Sitting_HalfLandmarks,197,,Standing,,0.958,0.0,127.5979
Sitting_HalfLandmarks,198,,Standing,,0.944,0.0,177.2686
Sitting_HalfLandmarks,199,,Standing,,0.946,0.0,164.9608
Sitting_HalfLandmarks,200,,Standing,,0.82,0.0,160.75
Sitting_HalfLandmarks,201,,Standing,,0.765,0.0,164.9602
Sitting_HalfLandmarks,202,,Standing,,0.633,0.0,143.7719
Sitting_HalfLandmarks,203,,Standing,,0.594,0.0,140.3488
Sitting_HalfLandmarks,204,,Standing,,0.583,0.0,164.4927
Sitting_HalfLandmarks,205,,Standing,,0.632,0.0,182.8575
Sitting_HalfLandmarks,206,,Standing,,0.611,0.0,162.0134
Sitting_HalfLandmarks,207,,Standing,,0.63,0.0,171.8379
Sitting_HalfLandmarks,208,,Standing,,0.631,0.0,171.7516
Sitting_HalfLandmarks,209,,Standing,,0.653,0.0,135.5341
Sitting_HalfLandmarks,210,,Standing,,0.685,0.0,114.0158
Sitting_HalfLandmarks,211,,Standing,,0.768,0.0,119.8124
Sitting_HalfLandmarks,212,,Standing,,0.778,0.0,117.0023
Sitting_HalfLandmarks,213,,Standing,,0.79,0.0,116.2236
Sitting_HalfLandmarks,214,,Standing,,0.86,0.0,120.2731
Sitting_HalfLandmarks,215,,Standing,,0.912,0.0,114.0413
Sitting_HalfLandmarks,216,,Standing,,0.957,0.0,108.0203
Sitting_HalfLandmarks,217,,Standing,,0.974,0.0,156.7224
Sitting_HalfLandmarks,218,,Standing,,0.978,0.0,114.3108
Sitting_HalfLandmarks,219,,Standing,,0.98,0.0,128.269
Sitting_HalfLandmarks,220,,Standing,,0.979,0.0,106.9656
Sitting_HalfLandmarks,221,,Standing,,0.98,0.0,106.6537
Sitting_HalfLandmarks,222,,Standing,,0.981,0.0,107.8674
Sitting_HalfLandmarks,223,,Standing,,0.982,0.0,105.5645
Sitting_HalfLandmarks,224,,Standing,,0.983,0.0,102.4591
Sitting_Lying_FewLandmarks_back,31,,Sitting,,0.982,0.0,95.8256
Sitting_Lying_FewLandmarks_back,32,,Sitting,,0.984,0.0,121.8129
Sitting_Lying_FewLandmarks_back,33,,Sitting,,0.986,0.0,98.8486
Sitting_Lying_FewLandmarks_back,34,,Sitting,,0.986,0.0,108.4704
Sitting_Lying_FewLandmarks_back,35,,Sitting,,0.987,0.0,115.3761
Sitting_Lying_FewLandmarks_back,36,,Sitting,,0.989,0.0,92.6201
Sitting_Lying_FewLandmarks_back,37,,Sitting,,0.99,0.0,113.6373
Sitting_Lying_FewLandmarks_back,38,,Sitting,,0.99,0.0,107.2374
Sitting_Lying_FewLandmarks_back,39,,Sitting,,0.99,0.0,89.7882
Sitting_Lying_FewLandmarks_back,40,,Sitting,,0.99,0.0,101.0489
Sitting_Lying_FewLandmarks_back,41,,Sitting,,0.989,0.0,87.9644
Sitting_Lying_FewLandmarks_back,42,,Sitting,,0.989,0.0,80.9376
Sitting_Lying_FewLandmarks_back,43,,Sitting,,0.989,0.0,75.4197
Sitting_Lying_FewLandmarks_back,44,,Sitting,,0.988,0.0,79.2801
Sitting_Lying_FewLandmarks_back,45,,Sitting,,0.987,0.0,83.6875
Sitting_Lying_FewLandmarks_back,46,,Sitting,,0.986,0.0,88.6367
Sitting_Lying_FewLandmarks_back,47,Sitting,Sitting,True,0.985,0.0,82.2454
Sitting_Lying_FewLandmarks_back,48,Sitting,Sitting,True,0.983,0.0,89.4059
Sitting_Lying_FewLandmarks_back,49,Sitting,Sitting,True,0.981,0.0,94.4952
Sitting_Lying_FewLandmarks_back,50,Sitting,Sitting,True,0.98,0.0,102.212
Sitting_Lying_FewLandmarks_back,51,Sitting,Sitting,True,0.979,0.0,87.187
Sitting_Lying_FewLandmarks_back,52,Sitting,Sitting,True,0.978,0.0,101.3057
Sitting_Lying_FewLandmarks_back,53,Sitting,Sitting,True,0.977,0.0,94.9666
Sitting_Lying_FewLandmarks_back,54,Sitting,Sitting,True,0.977,0.0,83.5775
Sitting_Lying_FewLandmarks_back,55,Sitting,Sitting,True,0.975,0.0,92.3953
Sitting_Lying_FewLandmarks_back,56,Sitting,Sitting,True,0.974,0.0,86.4881
Sitting_Lying_FewLandmarks_back,57,Sitting,Sitting,True,0.97,0.0,78.1364
Sitting_Lying_FewLandmarks_back,58,Sitting,Sitting,True,0.968,0.0,84.221
Sitting_Lying_FewLandmarks_back,59,Sitting,Sitting,True,0.966,0.0,88.1711
Sitting_Lying_FewLandmarks_back,60,Sitting,Sitting,True,0.963,0.0,95.021
Sitting_Lying_FewLandmarks_back,61,Sitting,Sitting,True,0.96,0.0,118.8457
Sitting_Lying_FewLandmarks_back,62,Sitting,Sitting,True,0.958,0.0,85.9962
Sitting_Lying_FewLandmarks_back,63,Sitting,Sitting,True,0.957,0.0,78.858
Sitting_Lying_FewLandmarks_back,64,Sitting,Sitting,True,0.955,0.0,81.9991
Sitting_Lying_FewLandmarks_back,65,Sitting,Sitting,True,0.954,0.0,122.596
Sitting_Lying_FewLandmarks_back,66,Sitting,Sitting,True,0.951,0.0,127.9282
Sitting_Lying_FewLandmarks_back,67,Sitting,Sitting,True,0.95,0.0,136.5395
Sitting_Lying_FewLandmarks_back,68,Sitting,Sitting,True,0.949,0.0,154.7754
Sitting_Lying_FewLandmarks_back,69,Sitting,Sitting,True,0.948,0.0,115.5955
Sitting_Lying_FewLandmarks_back,70,Sitting,Sitting,True,0.946,0.0,107.4767
Sitting_Lying_FewLandmarks_back,71,Sitting,Sitting,True,0.945,0.0,100.302
Sitting_Lying_FewLandmarks_back,72,Sitting,Sitting,True,0.942,0.0,140.0028
Sitting_Lying_FewLandmarks_back,73,Sitting,Sitting,True,0.94,0.0,100.635
Sitting_Lying_FewLandmarks_back,74,Sitting,Sitting,True,0.939,0.0,119.7033
Sitting_Lying_FewLandmarks_back,75,Sitting,Sitting,True,0.939,0.0,131.2249
Sitting_Lying_FewLandmarks_back,76,Sitting,Sitting,True,0.939,0.0,115.3092
Sitting_Lying_FewLandmarks_back,77,Sitting,Sitting,True,0.94,0.0,108.6084
Sitting_Lying_FewLandmarks_back,78,Sitting,Sitting,True,0.941,0.0,100.1207
Sitting_Lying_FewLandmarks_back,79,Sitting,Sitting,True,0.941,0.0,98.5456
Sitting_Lying_FewLandmarks_back,80,Sitting,Sitting,True,0.942,0.0,92.724
Sitting_Lying_FewLandmarks_back,81,Sitting,Sitting,True,0.941,0.0,88.7907
Sitting_Lying_FewLandmarks_back,82,Sitting,Sitting,True,0.944,0.0,89.6928
Sitting_Lying_FewLandmarks_back,83,Sitting,Sitting,True,0.944,0.0,90.6487
Sitting_Lying_FewLandmarks_back,84,Sitting,Sitting,True,0.944,0.0,94.1856
Sitting_Lying_FewLandmarks_back,85,Sitting,Sitting,True,0.94,0.0,94.185
Sitting_Lying_FewLandmarks_back,86,Sitting,Sitting,True,0.943,0.0,99.0072
Sitting_Lying_FewLandmarks_back,87,Sitting,Sitting,True,0.947,0.0,100.7011
Sitting_Lying_FewLandmarks_back,88,Sitting,Sitting,True,0.949,0.0,125.1755
Sitting_Lying_FewLandmarks_back,89,Sitting,Sitting,True,0.952,0.0,100.2679
Sitting_Lying_FewLandmarks_back,90,Sitting,Sitting,True,0.955,0.0,90.8105
Sitting_Lying_FewLandmarks_back,91,Sitting,Sitting,True,0.956,0.0,106.3091
Sitting_Lying_FewLandmarks_back,92,Sitting,Sitting,True,0.957,0.0,90.8998
Sitting_Lying_FewLandmarks_back,93,Sitting,Sitting,True,0.958,0.0,110.5341
Sitting_Lying_FewLandmarks_back,94,Sitting,Sitting,True,0.957,0.0,94.7589
Sitting_Lying_FewLandmarks_back,95,Sitting,Sitting,True,0.96,0.0,98.1734
Sitting_Lying_FewLandmarks_back,96,Sitting,Sitting,True,0.963,0.0,107.0565
Sitting_Lying_FewLandmarks_back,97,Sitting,Sitting,True,0.966,0.0,100.6019
Sitting_Lying_FewLandmarks_back,98,Sitting,Sitting,True,0.963,0.0,97.9806
Sitting_Lying_FewLandmarks_back,99,Sitting,Sitting,True,0.965,0.0,97.9402
Sitting_Lying_FewLandmarks_back,100,Sitting,Sitting,True,0.968,0.0,86.9019
Sitting_Lying_FewLandmarks_back,101,Sitting,Sitting,True,0.973,0.0,111.0716
Sitting_Lying_FewLandmarks_back,102,Sitting,Sitting,True,0.974,0.0,123.6367
Sitting_Lying_FewLandmarks_back,103,Sitting,Sitting,True,0.975,0.0,95.2988
Sitting_Lying_FewLandmarks_back,104,Sitting,Sitting,True,0.976,0.0,117.7751
Sitting_Lying_FewLandmarks_back,105,Sitting,Sitting,True,0.978,0.0,129.1629
Sitting_Lying_FewLandmarks_back,106,Sitting,Sitting,True,0.978,0.0,128.2588
Sitting_Lying_FewLandmarks_back,107,Sitting,Sitting,True,0.979,0.0,136.325
Sitting_Lying_FewLandmarks_back,108,Sitting,Sitting,True,0.98,0.0,121.3223
Sitting_Lying_FewLandmarks_back,109,Sitting,Sitting,True,0.982,0.0,110.4349
Sitting_Lying_FewLandmarks_back,110,Sitting,Sitting,True,0.983,0.0,105.2262
Sitting_Lying_FewLandmarks_back,111,Sitting,Sitting,True,0.984,0.0,91.8091
Sitting_Lying_FewLandmarks_back,112,Sitting,Sitting,True,0.985,0.0,100.3504
Sitting_Lying_FewLandmarks_back,113,Sitting,Sitting,True,0.985,0.0,148.1332
Sitting_Lying_FewLandmarks_back,114,Sitting,Sitting,True,0.985,0.0,133.7845
Sitting_Lying_FewLandmarks_back,115,Sitting,Sitting,True,0.984,0.0,194.2592
Sitting_Lying_FewLandmarks_back,116,Sitting,Sitting,True,0.984,0.0,152.4535
Sitting_Lying_FewLandmarks_back,117,Sitting,Sitting,True,0.983,0.0,172.5293
Sitting_Lying_FewLandmarks_back,118,Sitting,Sitting,True,0.982,0.0,154.8922
Sitting_Lying_FewLandmarks_back,119,Sitting,Sitting,True,0.981,0.0,181.1128
Sitting_Lying_FewLandmarks_back,120,Sitting,Sitting,True,0.98,0.0,175.5869
Sitting_Lying_FewLandmarks_back,121,Sitting,Sitting,True,0.979,0.0,126.6946
Sitting_Lying_FewLandmarks_back,122,Sitting,Sitting,True,0.979,0.0,158.2827
Sitting_Lying_FewLandmarks_back,123,Sitting,Sitting,True,0.978,0.0,159.2956
Sitting_Lying_FewLandmarks_back,124,Sitting,Sitting,True,0.977,0.0,123.1702
Sitting_Lying_FewLandmarks_back,125,Sitting,Sitting,True,0.975,0.0,131.6553
Sitting_Lying_FewLandmarks_back,126,Sitting,Sitting,True,0.969,0.0,129.2326
Sitting_Lying_FewLandmarks_back,127,Sitting,Sitting,True,0.966,0.0,191.3731
Sitting_Lying_FewLandmarks_back,128,Sitting,Sitting,True,0.963,0.0,121.7018
Sitting_Lying_FewLandmarks_back,129,Sitting,Sitting,True,0.96,0.0,164.986
Sitting_Lying_FewLandmarks_back,130,Sitting,Sitting,True,0.957,0.0,177.0329
Sitting_Lying_FewLandmarks_back,131,Sitting,Sitting,True,0.956,0.0,138.6125
Sitting_Lying_FewLandmarks_back,132,Sitting,Sitting,True,0.954,0.0,211.9684
Sitting_Lying_FewLandmarks_back,133,Sitting,Sitting,True,0.954,0.0,177.1599
Sitting_Lying_FewLandmarks_back,134,Sitting,Sitting,True,0.951,0.0,164.9773
Sitting_Lying_FewLandmarks_back,135,Sitting,Sitting,True,0.949,0.0,170.8189
Sitting_Lying_FewLandmarks_back,136,Sitting,Sitting,True,0.949,0.0,170.6741
Sitting_Lying_FewLandmarks_back,137,Sitting,Sitting,True,0.947,0.0,149.5339
Sitting_Lying_FewLandmarks_back,138,Sitting,Sitting,True,0.944,0.0,143.0804
Sitting_Lying_FewLandmarks_back,139,Sitting,Sitting,True,0.942,0.0,150.1263
Sitting_Lying_FewLandmarks_back,140,Sitting,Sitting,True,0.94,0.0,161.0496
Sitting_Lying_FewLandmarks_back,141,Sitting,Sitting,True,0.937,0.0,137.9873
Sitting_Lying_FewLandmarks_back,142,Sitting,Sitting,True,0.937,0.0,167.8594
Sitting_Lying_FewLandmarks_back,143,Sitting,Sitting,True,0.934,0.0,169.4083
Sitting_Lying_FewLandmarks_back,144,Sitting,Sitting,True,0.933,0.0,176.4642
Sitting_Lying_FewLandmarks_back,145,Sitting,Sitting,True,0.927,0.0,204.9697
Sitting_Lying_FewLandmarks_back,146,Sitting,Sitting,True,0.922,0.0,205.3829
Sitting_Lying_FewLandmarks_back,147,Sitting,Sitting,True,0.919,0.0,117.7383
Sitting_Lying_FewLandmarks_back,148,,Sitting,,0.914,0.0,110.3419
Sitting_Lying_FewLandmarks_back,149,,Sitting,,0.909,0.0,109.3394
Sitting_Lying_FewLandmarks_back,150,,Sitting,,0.908,0.0,94.5382
Sitting_Lying_FewLandmarks_back,151,,Sitting,,0.908,0.0,98.9618
Sitting_Lying_FewLandmarks_back,152,,Sitting,,0.905,0.0,96.9617
Sitting_Lying_FewLandmarks_back,153,,Sitting,,0.903,0.0,85.4978
Sitting_Lying_FewLandmarks_back,154,,Sitting,,0.9,0.0,96.1781
Sitting_Lying_FewLandmarks_back,155,,Sitting,,0.898,0.0,94.721
Sitting_Lying_FewLandmarks_back,156,,Sitting,,0.898,0.0,102.4144
Sitting_Lying_FewLandmarks_back,157,,Sitting,,0.897,0.0,89.716
Sitting_Lying_FewLandmarks_back,158,,Sitting,,0.897,0.0,83.2034
Sitting_Lying_FewLandmarks_back,159,,Sitting,,0.895,0.0,87.1259
Sitting_Lying_FewLandmarks_back,160,,Sitting,,0.896,0.0,86.4361
Sitting_Lying_FewLandmarks_back,161,,Sitting,,0.894,0.0,82.8735
Sitting_Lying_FewLandmarks_back,162,,Sitting,,0.895,0.0,76.2332
Sitting_Lying_FewLandmarks_back,163,,Sitting,,0.89,0.0,72.8739
Sitting_Lying_FewLandmarks_back,164,,Sitting,,0.898,0.0,68.6527
Sitting_Lying_FewLandmarks_back,165,,Sitting,,0.899,0.0,67.1105
Sitting_Lying_FewLandmarks_back,166,,Sitting,,0.905,0.0,72.6734
Sitting_Lying_FewLandmarks_back,167,,Sitting,,0.905,0.0,69.6032
Sitting_Lying_FewLandmarks_back,168,,Sitting,,0.906,0.0,65.8052
Sitting_Lying_FewLandmarks_back,169,,Sitting,,0.908,0.0,136.127
Sitting_Lying_FewLandmarks_back,170,,Sitting,,0.909,0.0,96.244
Sitting_Lying_FewLandmarks_back,171,,Sitting,,0.907,0.0,223.432
Sitting_Lying_FewLandmarks_back,172,,Sitting,,0.908,0.0,128.9969
Sitting_Lying_FewLandmarks_back,173,,Sitting,,0.907,0.0,119.2019
Sitting_Lying_FewLandmarks_back,174,,Sitting,,0.912,0.0,100.9211
Sitting_Lying_FewLandmarks_back,175,,Sitting,,0.913,0.0,115.0824
Sitting_Lying_FewLandmarks_back,176,,Sitting,,0.917,0.0,126.6541
Sitting_Lying_FewLandmarks_back,177,,Sitting,,0.919,0.0,125.3394
Sitting_Lying_FewLandmarks_back,178,,Sitting,,0.916,0.0,107.5382
Sitting_Lying_FewLandmarks_back,179,,Sitting,,0.916,0.0,103.4551
Sitting_Lying_FewLandmarks_back,180,,Sitting,,0.92,0.0,117.7421
Sitting_Lying_FewLandmarks_back,181,,Sitting,,0.924,0.0,103.8802
Sitting_Lying_FewLandmarks_back,182,,Sitting,,0.927,0.0,121.1014
Sitting_Lying_FewLandmarks_back,183,,Sitting,,0.928,0.0,121.5205
Sitting_Lying_FewLandmarks_back,184,,Sitting,,0.925,0.0,132.8276
Sitting_Lying_FewLandmarks_back,185,,Sitting,,0.923,0.0,146.6302
Sitting_Lying_FewLandmarks_back,186,,Sitting,,0.921,0.0,128.4418
Sitting_Lying_FewLandmarks_back,187,,Sitting,,0.917,0.0,103.9455
Sitting_Lying_FewLandmarks_back,188,,Sitting,,0.91,0.0,101.6818
Sitting_Lying_FewLandmarks_back,189,,Sitting,,0.904,0.0,140.7508
Sitting_Lying_FewLandmarks_back,190,,Sitting,,0.896,0.0,104.5234
Sitting_Lying_FewLandmarks_back,191,,Sitting,,0.888,0.0,120.0296
Sitting_Lying_FewLandmarks_back,192,,Sitting,,0.875,0.0,115.4607
Sitting_Lying_FewLandmarks_back,193,,Sitting,,0.858,0.0,94.6499
Sitting_Lying_FewLandmarks_back,194,,Sitting,,0.841,0.0,94.1558
Sitting_Lying_FewLandmarks_back,195,,Sitting,,0.821,0.0,98.9386
Sitting_Lying_FewLandmarks_back,196,,Sitting,,0.812,0.0,85.4305
Sitting_Lying_FewLandmarks_back,197,,Sitting,,0.794,0.0,85.0352
Sitting_Lying_FewLandmarks_back,198,,Sitting,,0.775,0.0,81.5031
Sitting_Lying_FewLandmarks_back,199,,Sitting,,0.75,0.0,83.5725
Sitting_Lying_FewLandmarks_back,200,,Sitting,,0.728,0.0,111.637
Sitting_Lying_FewLandmarks_back,201,,Sitting,,0.696,0.0,105.5556
Sitting_Lying_FewLandmarks_back,202,,Sitting,,0.668,0.0,96.5054
Sitting_Lying_FewLandmarks_back,203,,Sitting,,0.639,0.0,98.7873
Sitting_Lying_FewLandmarks_back,204,,Sitting,,0.606,0.0,85.9089
Sitting_Lying_FewLandmarks_back,205,,Sitting,,0.562,0.0,115.3162
Sitting_Lying_FewLandmarks_back,206,,Sitting,,0.54,0.0,123.659
Sitting_Lying_FewLandmarks_back,207,Lying,Sitting,False,0.487,0.0,129.7632
Sitting_Lying_FewLandmarks_back,208,Lying,Sitting,False,0.442,0.0,155.433
Sitting_Lying_FewLandmarks_back,209,Lying,Sitting,False,0.416,0.0,156.8405
Sitting_Lying_FewLandmarks_back,210,Lying,Sitting,False,0.402,0.0,147.9701
Sitting_Lying_FewLandmarks_back,211,Lying,Sitting,False,0.389,0.0,130.0745
Sitting_Lying_FewLandmarks_back,212,Lying,Lying,True,0.377,0.0,102.9101
Sitting_Lying_FewLandmarks_back,213,Lying,Lying,True,0.432,0.0,135.9957
Sitting_Lying_FewLandmarks_back,214,Lying,Lying,True,0.465,0.0,129.4798
Sitting_Lying_FewLandmarks_back,215,Lying,Lying,True,0.496,0.0,147.5795
Sitting_Lying_FewLandmarks_back,216,Lying,Lying,True,0.516,0.0,138.8617
Sitting_Lying_FewLandmarks_back,217,Lying,Lying,True,0.526,0.0,123.0584
Sitting_Lying_FewLandmarks_back,218,Lying,Lying,True,0.542,0.0,111.2641
Sitting_Lying_FewLandmarks_back,219,Lying,Lying,True,0.56,0.0,115.3133
Sitting_Lying_FewLandmarks_back,220,Lying,Lying,True,0.577,0.0,127.0069
Sitting_Lying_FewLandmarks_back,221,Lying,Lying,True,0.594,0.0,108.4754
Sitting_Lying_FewLandmarks_back,222,Lying,Lying,True,0.606,0.0,109.868
Sitting_Lying_FewLandmarks_back,223,Lying,Lying,True,0.632,0.0,114.7111
Sitting_Lying_FewLandmarks_back,224,Lying,Lying,True,0.654,0.0,117.5187
Sitting_Lying_FewLandmarks_back,225,Lying,Lying,True,0.66,0.0,107.06
Sitting_Lying_FewLandmarks_back,226,Lying,Lying,True,0.67,0.0,89.7324
Sitting_Lying_FewLandmarks_back,227,Lying,Lying,True,0.669,0.0,94.1013
Sitting_Lying_FewLandmarks_back,228,Lying,Lying,True,0.672,0.0,128.4072
Sitting_Lying_FewLandmarks_back,229,Lying,Lying,True,0.671,0.0,113.2624
Sitting_Lying_FewLandmarks_back,230,Lying,Lying,True,0.671,0.0,103.45
Sitting_Lying_FewLandmarks_back,231,Lying,Lying,True,0.666,0.0,103.9059
Sitting_Lying_FewLandmarks_back,232,Lying,Lying,True,0.661,0.0,136.3661
Sitting_Lying_FewLandmarks_back,233,Lying,Lying,True,0.659,0.0,149.6702
Sitting_Lying_FewLandmarks_back,234,Lying,Lying,True,0.657,0.0,175.6132
Sitting_Lying_FewLandmarks_back,235,Lying,Lying,True,0.658,0.0,139.8896
Sitting_Lying_FewLandmarks_back,236,Lying,Lying,True,0.659,0.0,116.409
Sitting_Lying_FewLandmarks_back,237,Lying,Lying,True,0.662,0.0,115.7807
Sitting_Lying_FewLandmarks_back,238,Lying,Lying,True,0.665,0.0,117.6234
Sitting_Lying_FewLandmarks_back,239,Lying,Lying,True,0.666,0.0,105.7792
Sitting_Lying_FewLandmarks_back,240,Lying,Lying,True,0.672,0.0,94.3671
Sitting_Lying_FewLandmarks_back,241,Lying,Lying,True,0.682,0.0,97.7631
Sitting_Lying_FewLandmarks_back,242,Lying,Lying,True,0.689,0.0,125.4036
Sitting_Lying_FewLandmarks_back,243,Lying,Lying,True,0.691,0.0,87.1678
Sitting_Lying_FewLandmarks_back,244,Lying,Lying,True,0.699,0.0,110.7052
Sitting_Lying_FewLandmarks_back,245,Lying,Lying,True,0.711,0.0,113.3307
Sitting_Lying_FewLandmarks_back,246,Lying,Lying,True,0.72,0.0,112.8888
Sitting_Lying_FewLandmarks_back,247,Lying,Lying,True,0.729,0.0,137.972
Sitting_Lying_FewLandmarks_back,248,Lying,Lying,True,0.742,0.0,112.4091
Sitting_Lying_FewLandmarks_back,249,Lying,Lying,True,0.74,0.0,101.858
Sitting_Lying_FewLandmarks_back,250,Lying,Lying,True,0.728,0.0,98.2588
Sitting_Lying_FewLandmarks_back,251,Lying,Lying,True,0.734,0.0,110.3281
Sitting_Lying_FewLandmarks_back,252,Lying,Lying,True,0.735,0.0,138.8761
Sitting_Lying_FewLandmarks_back,253,Lying,Lying,True,0.729,0.0,160.6758
Sitting_Lying_FewLandmarks_back,254,Lying,Lying,True,0.722,0.0,148.0291
Sitting_Lying_FewLandmarks_back,255,Lying,Lying,True,0.718,0.0,167.837
Sitting_Lying_FewLandmarks_back,256,Lying,Lying,True,0.713,0.0,157.8095
Sitting_Lying_FewLandmarks_back,257,Lying,Lying,True,0.711,0.0,196.7945
Sitting_Lying_FewLandmarks_back,258,Lying,Lying,True,0.713,0.0,151.6439
Sitting_Lying_FewLandmarks_back,259,Lying,Lying,True,0.72,0.0,108.0371
Sitting_Lying_FewLandmarks_back,260,Lying,Lying,True,0.719,0.0,94.7888
Sitting_Lying_FewLandmarks_back,261,Lying,Lying,True,0.715,0.0,98.3666
Sitting_Lying_FewLandmarks_back,262,Lying,Lying,True,0.713,0.0,83.8197
Sitting_Lying_FewLandmarks_back,263,Lying,Lying,True,0.709,0.0,87.4939
Sitting_Lying_FewLandmarks_back,264,Lying,Lying,True,0.708,0.0,77.9391
Sitting_Lying_FewLandmarks_back,265,Lying,Lying,True,0.702,0.0,76.8911
Sitting_Lying_FewLandmarks_back,266,Lying,Lying,True,0.7,0.0,80.3175
Sitting_Lying_FewLandmarks_back,267,Lying,Lying,True,0.698,0.0,79.4472
Sitting_Lying_FewLandmarks_back,268,Lying,Lying,True,0.702,0.0,97.1931
Sitting_Lying_FewLandmarks_back,269,Lying,Lying,True,0.697,0.0,158.4967
Sitting_Lying_FewLandmarks_back,270,Lying,Lying,True,0.695,0.0,124.9673
Sitting_Lying_FewLandmarks_back,271,Lying,Lying,True,0.691,0.0,117.5689
Sitting_Lying_FewLandmarks_back,272,Lying,Lying,True,0.695,0.0,110.2346
Sitting_Lying_FewLandmarks_back,273,Lying,Lying,True,0.692,0.0,111.0848
Sitting_Lying_FewLandmarks_back,274,Lying,Lying,True,0.687,0.0,92.2079
Sitting_Lying_FewLandmarks_back,275,Lying,Lying,True,0.685,0.0,116.1791
Sitting_Lying_FewLandmarks_back,276,Lying,Lying,True,0.688,0.0,115.0636
Sitting_Lying_FewLandmarks_back,277,Lying,Lying,True,0.682,0.0,154.9433
Sitting_Lying_FewLandmarks_back,278,Lying,Lying,True,0.677,0.0,110.4227
Sitting_Lying_FewLandmarks_back,279,Lying,Lying,True,0.692,0.0,98.5252
Sitting_Lying_FewLandmarks_back,280,Lying,Lying,True,0.687,0.0,98.1078
Sitting_Lying_FewLandmarks_back,281,Lying,Lying,True,0.684,0.0,89.1889
Sitting_Lying_FewLandmarks_back,282,Lying,Lying,True,0.686,0.0,87.2191
Sitting_Lying_FewLandmarks_back,283,Lying,Lying,True,0.689,0.0,90.1265
Sitting_Lying_FewLandmarks_back,284,Lying,Lying,True,0.688,0.0,81.9305
Sitting_Lying_FewLandmarks_back,285,Lying,Lying,True,0.687,0.0,103.961
Sitting_Lying_FewLandmarks_back,286,Lying,Lying,True,0.686,0.0,91.6168
Sitting_Lying_FewLandmarks_back,287,Lying,Lying,True,0.681,0.0,78.1225
Sitting_Lying_FewLandmarks_back,288,Lying,Lying,True,0.689,0.0,75.2489
Sitting_Lying_FewLandmarks_back,289,Lying,Lying,True,0.686,0.0,85.1515
Sitting_Lying_FewLandmarks_back,290,Lying,Lying,True,0.685,0.0,83.2887
Sitting_Lying_FewLandmarks_back,291,Lying,Lying,True,0.687,0.0,87.5437
Sitting_Lying_FewLandmarks_back,292,Lying,Lying,True,0.686,0.0,79.2717
Sitting_Lying_FewLandmarks_back,293,Lying,Lying,True,0.683,0.0,78.3045
Sitting_Lying_FewLandmarks_back,294,Lying,Lying,True,0.681,0.0,83.7979
Sitting_Lying_FewLandmarks_back,295,Lying,Lying,True,0.683,0.0,95.4339
Sitting_Lying_FewLandmarks_back,296,Lying,Lying,True,0.685,0.0,107.3191
Sitting_Lying_FewLandmarks_back,297,Lying,Lying,True,0.684,0.0,138.6392
Sitting_Lying_FewLandmarks_back,298,Lying,Lying,True,0.687,0.0,127.3931
Sitting_Lying_FewLandmarks_back,299,Lying,Lying,True,0.685,0.0,128.6173
Sitting_Lying_FewLandmarks_back,300,Lying,Lying,True,0.685,0.0,173.6799
Sitting_Lying_FewLandmarks_back,301,Lying,Lying,True,0.68,0.0,123.6444
Sitting_Lying_FewLandmarks_back,302,Lying,Lying,True,0.68,0.0,117.439
Sitting_Lying_FewLandmarks_back,303,Lying,Lying,True,0.674,0.0,94.7746
Sitting_Lying_FewLandmarks_back,304,Lying,Lying,True,0.677,0.0,92.5569
Sitting_Lying_FewLandmarks_back,305,Lying,Lying,True,0.683,0.0,101.5846
Sitting_Lying_FewLandmarks_back,306,Lying,Lying,True,0.681,0.0,106.4591
Sitting_Lying_FewLandmarks_back,307,Lying,Lying,True,0.682,0.0,88.8808
Sitting_Lying_FewLandmarks_back,308,Lying,Lying,True,0.681,0.0,93.8378
Sitting_Lying_FewLandmarks_back,309,Lying,Lying,True,0.681,0.0,93.7168
Sitting_Lying_FewLandmarks_back,310,Lying,Lying,True,0.682,0.0,107.4189
Sitting_Lying_FewLandmarks_back,311,Lying,Lying,True,0.684,0.0,107.707
Sitting_Lying_FewLandmarks_back,312,Lying,Lying,True,0.684,0.0,99.6952
Sitting_Lying_FewLandmarks_back,313,Lying,Lying,True,0.689,0.0,113.9272
Sitting_Lying_FewLandmarks_back,314,Lying,Lying,True,0.686,0.0,130.0256
Sitting_Lying_FewLandmarks_back,315,Lying,Lying,True,0.687,0.0,107.6154
Sitting_Lying_FewLandmarks_back,316,Lying,Lying,True,0.684,0.0,109.8083
Sitting_Lying_FewLandmarks_back,317,Lying,Lying,True,0.685,0.0,101.7483
Sitting_Lying_FewLandmarks_back,318,Lying,Lying,True,0.682,0.0,128.5531
Sitting_Lying_FewLandmarks_back,319,Lying,Lying,True,0.689,0.0,107.6399
Sitting_Lying_FewLandmarks_back,320,Lying,Lying,True,0.69,0.0,104.7306
Sitting_Lying_FewLandmarks_back,321,Lying,Lying,True,0.692,0.0,102.2533
Sitting_Lying_FewLandmarks_back,322,Lying,Lying,True,0.69,0.0,100.6385
Sitting_Lying_FewLandmarks_back,323,Lying,Lying,True,0.69,0.0,124.4814
Sitting_Lying_FewLandmarks_back,324,Lying,Lying,True,0.688,0.0,162.475
Sitting_Lying_FewLandmarks_back,325,Lying,Lying,True,0.685,0.0,174.8694
Sitting_Lying_FewLandmarks_back,326,,Lying,,0.68,0.0,148.8311
Sitting_Lying_FewLandmarks_back,327,,Lying,,0.673,0.0,102.7898
Sitting_Lying_FewLandmarks_back,328,,Lying,,0.671,0.0,97.5709
Sitting_Lying_FewLandmarks_back,329,,Lying,,0.675,0.0,100.331
Sitting_Lying_FewLandmarks_back,330,,Lying,,0.673,0.0,93.1103
Sitting_Lying_FewLandmarks_back,331,,Lying,,0.68,0.0,96.3588
Sitting_Lying_FewLandmarks_back,332,,Lying,,0.685,0.0,100.3002
Sitting_Lying_FewLandmarks_back,333,,Lying,,0.688,0.0,90.0966
Sitting_Lying_FewLandmarks_back,334,,Lying,,0.692,0.0,96.8063
Sitting_Lying_FewLandmarks_back,335,,Lying,,0.691,0.0,109.3377
Sitting_Lying_FewLandmarks_back,336,,Lying,,0.697,0.0,142.815
Sitting_Lying_FewLandmarks_back,337,,Lying,,0.695,0.0,109.8185
Sitting_Lying_FewLandmarks_back,338,,Lying,,0.691,0.0,104.1688
Sitting_Lying_FewLandmarks_back,339,,Lying,,0.695,0.0,95.8603
Sitting_Lying_FewLandmarks_back,340,,Lying,,0.69,0.0,97.1244
Sitting_Lying_FewLandmarks_back,341,,Lying,,0.69,0.0,115.7208
Sitting_Lying_FewLandmarks_back,342,,Lying,,0.696,0.0,109.1131
Sitting_Lying_FewLandmarks_back,343,,Lying,,0.695,0.0,104.4448
Sitting_Lying_FewLandmarks_back,344,,Lying,,0.694,0.0,127.66
Sitting_Lying_FewLandmarks_back,345,,Lying,,0.689,0.0,122.9237
Sitting_Lying_FewLandmarks_back,346,,Lying,,0.688,0.0,113.3032
Sitting_Lying_FewLandmarks_back,347,,Lying,,0.689,0.0,130.4583
Sitting_Lying_FewLandmarks_back,348,,Lying,,0.688,0.0,137.3364
Sitting_Lying_FewLandmarks_back,349,,Lying,,0.689,0.0,106.5337
Sitting_Lying_FewLandmarks_back,350,,Lying,,0.688,0.0,117.69
Sitting_Lying_FewLandmarks_back,351,,Lying,,0.7,0.0,107.3483
Sitting_Lying_FewLandmarks_back,352,,Lying,,0.71,0.0,94.0518
Sitting_Lying_FewLandmarks_back,353,,Lying,,0.722,0.0,96.8065
Sitting_Lying_FewLandmarks_back,354,,Lying,,0.727,0.0,138.8238
Sitting_Lying_FewLandmarks_back,355,,Lying,,0.717,0.0,121.8549
Sitting_Lying_FewLandmarks_back,356,,Lying,,0.703,0.0,121.9004
Sitting_Lying_FewLandmarks_back,357,,Lying,,0.691,0.0,146.4772
Sitting_Lying_FewLandmarks_back,358,,Lying,,0.687,0.0,147.9822
Sitting_Lying_FewLandmarks_back,359,,Lying,,0.675,0.0,279.2656
Sitting_Lying_FewLandmarks_back,360,,Lying,,0.671,0.0,142.4139
Sitting_Lying_FewLandmarks_back,361,,Lying,,0.664,0.0,164.0516
Sitting_Lying_FewLandmarks_back,362,,Lying,,0.654,0.0,139.9991
Sitting_Lying_FewLandmarks_back,363,,Lying,,0.645,0.0,121.0707
Sitting_Lying_FewLandmarks_back,364,,Lying,,0.628,0.0,124.776
Sitting_Lying_FewLandmarks_back,365,,Lying,,0.605,0.0,123.6539
Sitting_Lying_FewLandmarks_back,366,,Lying,,0.57,0.0,130.2239
Sitting_Lying_FewLandmarks_back,367,,Lying,,0.55,0.0,129.7158
Sitting_Lying_FewLandmarks_back,368,,Lying,,0.533,0.0,123.1655
Sitting_Lying_FewLandmarks_back,369,,Lying,,0.51,0.0,114.4109
Sitting_Lying_FewLandmarks_back,370,,Lying,,0.481,0.0,125.8585
Sitting_Lying_FewLandmarks_back,371,,Lying,,0.451,0.0,118.0748
Sitting_Lying_FewLandmarks_back,372,,Lying,,0.421,0.0,125.2319
Sitting_Lying_FewLandmarks_back,373,,Lying,,0.384,0.0,124.6944
Sitting_Lying_FewLandmarks_back,374,,Lying,,0.336,0.0,116.2085
Sitting_Lying_FewLandmarks_back,375,,Sitting,,0.344,0.0,139.3503
Sitting_Lying_FewLandmarks_back,376,,Sitting,,0.41,0.0,119.602
Sitting_Lying_FewLandmarks_back,377,,Sitting,,0.469,0.0,120.3797
Sitting_Lying_FewLandmarks_back,378,,Sitting,,0.527,0.0,162.4798
Sitting_Lying_FewLandmarks_back,379,,Sitting,,0.571,0.0,117.5947
Sitting_Lying_FewLandmarks_back,380,,Sitting,,0.609,0.0,141.6182
Sitting_Lying_FewLandmarks_back,381,,Sitting,,0.636,0.0,138.2723
Sitting_Lying_FewLandmarks_back,382,,Sitting,,0.663,0.0,117.8176
Sitting_Lying_FewLandmarks_back,383,,Sitting,,0.68,0.0,113.8852
Sitting_Lying_FewLandmarks_back,384,,Sitting,,0.693,0.0,110.8271
Sitting_Lying_FewLandmarks_back,385,,Sitting,,0.714,0.0,121.3877
Sitting_Lying_FewLandmarks_back,386,,Sitting,,0.74,0.0,112.3633
Sitting_Lying_FewLandmarks_back,387,,Sitting,,0.759,0.0,101.9943
Sitting_Lying_FewLandmarks_back,388,,Sitting,,0.763,0.0,103.5644
Sitting_Lying_FewLandmarks_back,389,,Sitting,,0.779,0.0,99.6225
Sitting_Lying_FewLandmarks_back,390,,Sitting,,0.787,0.0,113.559
Sitting_Lying_FewLandmarks_back,391,,Sitting,,0.8,0.0,111.3022
Sitting_Lying_FewLandmarks_back,392,,Sitting,,0.815,0.0,92.4151
Sitting_Lying_FewLandmarks_back,393,,Sitting,,0.832,0.0,106.5206
Sitting_Lying_FewLandmarks_back,394,,Sitting,,0.845,0.0,117.9295
Sitting_Lying_FewLandmarks_back,395,,Sitting,,0.859,0.0,111.9714
Sitting_Lying_FewLandmarks_back,396,,Sitting,,0.863,0.0,135.1762
Sitting_Lying_FewLandmarks_back,397,,Sitting,,0.864,0.0,166.8035
Sitting_Lying_FewLandmarks_back,398,,Sitting,,0.868,0.0,119.8207
Sitting_Lying_FewLandmarks_back,399,,Sitting,,0.873,0.0,89.7309
Sitting_Lying_FewLandmarks_back,400,,Sitting,,0.876,0.0,128.9187
Sitting_Lying_FewLandmarks_back,401,,Sitting,,0.877,0.0,112.3601
Sitting_Lying_FewLandmarks_back,402,,Sitting,,0.882,0.0,111.1759
Sitting_Lying_FewLandmarks_back,403,,Sitting,,0.88,0.0,115.7454
Sitting_Lying_FewLandmarks_back,404,,Sitting,,0.88,0.0,103.0439
Sitting_Lying_FewLandmarks_back,405,,Sitting,,0.876,0.0,108.1767
Sitting_Lying_FewLandmarks_back,406,,Sitting,,0.88,0.0,133.7492
Sitting_Lying_FewLandmarks_back,407,,Sitting,,0.888,0.0,191.052
Sitting_Lying_FewLandmarks_back,408,,Sitting,,0.893,0.0,185.3429
Sitting_Lying_FewLandmarks_back,409,,Sitting,,0.904,0.0,106.57
Sitting_Lying_FewLandmarks_back,410,,Sitting,,0.915,0.0,96.4676
Sitting_Lying_FewLandmarks_back,411,,Sitting,,0.925,0.0,139.7786
Sitting_Lying_FewLandmarks_back,412,,Sitting,,0.931,0.0,145.2807
Sitting_Lying_FewLandmarks_back,413,,Sitting,,0.935,0.0,176.4385
Sitting_Lying_FewLandmarks_back,414,,Sitting,,0.94,0.0,129.9962
Sitting_Lying_FewLandmarks_back,415,Sitting,Sitting,True,0.944,0.0,161.6406
Sitting_Lying_FewLandmarks_back,416,Sitting,Sitting,True,0.945,0.0,126.0342
Sitting_Lying_FewLandmarks_back,417,Sitting,Sitting,True,0.949,0.0,168.8568
Sitting_Lying_FewLandmarks_back,418,Sitting,Sitting,True,0.952,0.0,155.9936
Sitting_Lying_FewLandmarks_back,419,Sitting,Sitting,True,0.954,0.0,132.1687
Sitting_Lying_FewLandmarks_back,420,Sitting,Sitting,True,0.956,0.0,129.5222
Sitting_Lying_FewLandmarks_back,421,Sitting,Sitting,True,0.958,0.0,144.9042
Sitting_Lying_FewLandmarks_back,422,Sitting,Sitting,True,0.959,0.0,187.0964
Sitting_Lying_FewLandmarks_back,423,Sitting,Sitting,True,0.959,0.0,176.8093
Sitting_Lying_FewLandmarks_back,424,Sitting,Sitting,True,0.958,0.0,167.4844
Sitting_Lying_FewLandmarks_back,425,Sitting,Sitting,True,0.958,0.0,167.45
Sitting_Lying_FewLandmarks_back,426,Sitting,Sitting,True,0.958,0.0,134.1008
Sitting_Lying_FewLandmarks_back,427,Sitting,Sitting,True,0.958,0.0,123.6618
Sitting_Lying_FewLandmarks_back,428,Sitting,Sitting,True,0.958,0.0,126.0608
Sitting_Lying_FewLandmarks_back,429,Sitting,Sitting,True,0.959,0.0,134.1438
Sitting_Lying_FewLandmarks_back,430,Sitting,Sitting,True,0.958,0.0,145.4942
Sitting_Lying_FewLandmarks_back,431,Sitting,Sitting,True,0.958,0.0,134.9584
Sitting_Lying_FewLandmarks_back,432,Sitting,Sitting,True,0.956,0.0,139.4642
Sitting_Lying_FewLandmarks_back,433,Sitting,Sitting,True,0.957,0.0,237.871
Sitting_Lying_FewLandmarks_back,434,Sitting,Sitting,True,0.956,0.0,216.8718
Sitting_Lying_FewLandmarks_back,435,Sitting,Sitting,True,0.956,0.0,328.4108
Sitting_Lying_FewLandmarks_back,436,Sitting,Sitting,True,0.955,0.0,414.1835
Sitting_Lying_FewLandmarks_back,437,Sitting,Sitting,True,0.955,0.0,347.1167
Sitting_Lying_FewLandmarks_back,438,Sitting,Sitting,True,0.955,0.0,436.6614
Sitting_Lying_FewLandmarks_back,439,Sitting,Sitting,True,0.955,0.0,342.3424
Sitting_Lying_FewLandmarks_back,440,Sitting,Sitting,True,0.956,0.0,155.8709
Sitting_Lying_FewLandmarks_back,441,Sitting,Sitting,True,0.956,0.0,143.2367
Sitting_Lying_FewLandmarks_back,442,Sitting,Sitting,True,0.957,0.0,133.2831
Sitting_Lying_FewLandmarks_back,443,Sitting,Sitting,True,0.956,0.0,136.4071
Sitting_Lying_FewLandmarks_back,444,Sitting,Sitting,True,0.955,0.0,147.8236
Sitting_Lying_FewLandmarks_back,445,Sitting,Sitting,True,0.955,0.0,144.1214
Sitting_Lying_FewLandmarks_back,446,Sitting,Sitting,True,0.955,0.0,117.4359
Sitting_Lying_FewLandmarks_back,447,Sitting,Sitting,True,0.954,0.0,100.5117
Sitting_Lying_FewLandmarks_back,448,Sitting,Sitting,True,0.954,0.0,103.7732
Sitting_Lying_FewLandmarks_back,449,Sitting,Sitting,True,0.955,0.0,106.2904
Sitting_Lying_FewLandmarks_back,450,Sitting,Sitting,True,0.954,0.0,119.3801
Sitting_Lying_FewLandmarks_back,451,Sitting,Sitting,True,0.954,0.0,97.7438
Sitting_Lying_FewLandmarks_back,452,Sitting,Sitting,True,0.954,0.0,99.3432
Sitting_Lying_FewLandmarks_back,453,Sitting,Sitting,True,0.955,0.0,135.1588
Sitting_Lying_FewLandmarks_back,454,Sitting,Sitting,True,0.955,0.0,92.3814
Sitting_Lying_FewLandmarks_back,455,Sitting,Sitting,True,0.954,0.0,102.2266
Sitting_Lying_FewLandmarks_back,456,Sitting,Sitting,True,0.952,0.0,146.0896
Sitting_Lying_FewLandmarks_back,457,Sitting,Sitting,True,0.952,0.0,146.9019
Sitting_Lying_FewLandmarks_back,458,Sitting,Sitting,True,0.953,0.0,140.3757
Sitting_Lying_FewLandmarks_back,459,,Sitting,,0.952,0.0,118.7741
Sitting_Lying_FewLandmarks_back,460,,Sitting,,0.953,0.0,115.4911
Sitting_Lying_FewLandmarks_back,461,,Sitting,,0.953,0.0,140.0624
Sitting_Lying_FewLandmarks_back,462,,Sitting,,0.953,0.0,134.6216
Sitting_Lying_FewLandmarks_back,463,,Sitting,,0.951,0.0,141.8558
Sitting_Lying_FewLandmarks_back,464,,Sitting,,0.955,0.0,128.7333
Sitting_Lying_FewLandmarks_back,465,,Sitting,,0.956,0.0,137.2136
Sitting_Lying_FewLandmarks_back,466,,Sitting,,0.955,0.0,108.8078
Sitting_Lying_FewLandmarks_back,467,,Sitting,,0.956,0.0,111.6693
Sitting_Lying_FewLandmarks_back,468,,Sitting,,0.957,0.0,173.609
Sitting_Lying_FewLandmarks_back,469,,Sitting,,0.958,0.0,165.9295
Sitting_Lying_FewLandmarks_back,470,,Sitting,,0.958,0.0,184.4642
Sitting_Lying_FewLandmarks_back,471,,Sitting,,0.958,0.0,160.991
Sitting_Lying_FewLandmarks_back,472,,Sitting,,0.959,0.0,120.6615
Sitting_Lying_FewLandmarks_back,473,,Sitting,,0.958,0.0,158.479
Sitting_Lying_FewLandmarks_back,474,,Sitting,,0.959,0.0,163.3466
Sitting_Lying_FewLandmarks_back,475,,Sitting,,0.958,0.0,189.9729
Sitting_Lying_FewLandmarks_back,476,,Sitting,,0.96,0.0,173.5273
Sitting_Lying_FewLandmarks_back,477,,Sitting,,0.957,0.0,146.9154
Sitting_Lying_FewLandmarks_back,478,,Sitting,,0.957,0.0,144.3602
Sitting_Lying_FewLandmarks_back,479,,Sitting,,0.954,0.0,123.7324
Sitting_Lying_FewLandmarks_back,480,,Sitting,,0.951,0.0,156.2915
Sitting_Lying_FewLandmarks_back,481,,Sitting,,0.948,0.0,166.3201
Sitting_Lying_FewLandmarks_back,482,,Sitting,,0.944,0.0,157.9473
Sitting_Lying_FewLandmarks_back,483,,Sitting,,0.938,0.0,200.3593
Sitting_Lying_FewLandmarks_back,484,,Sitting,,0.931,0.0,147.835
Sitting_Lying_FewLandmarks_back,485,,Sitting,,0.92,0.0,149.2514
Sitting_Lying_FewLandmarks_back,486,,Sitting,,0.907,0.0,156.0226
Sitting_Lying_FewLandmarks_back,487,,Sitting,,0.888,0.0,149.342
Sitting_Lying_FewLandmarks_back,488,,Sitting,,0.865,0.0,189.0897
Sitting_Lying_FewLandmarks_back,489,,Sitting,,0.834,0.0,160.2296
Sitting_Lying_FewLandmarks,31,,Standing,,0.984,0.0,140.5958
Sitting_Lying_FewLandmarks,32,,Standing,,0.984,0.0,128.1807
Sitting_Lying_FewLandmarks,33,,Standing,,0.983,0.0,135.2664
Sitting_Lying_FewLandmarks,34,,Standing,,0.983,0.0,142.4535
Sitting_Lying_FewLandmarks,35,,Standing,,0.983,0.0,120.0081
Sitting_Lying_FewLandmarks,36,,Standing,,0.983,0.0,147.9409
Sitting_Lying_FewLandmarks,37,,Standing,,0.983,0.0,134.5357
Sitting_Lying_FewLandmarks,38,,Standing,,0.984,0.0,167.7815
Sitting_Lying_FewLandmarks,39,,Standing,,0.984,0.0,174.8641
Sitting_Lying_FewLandmarks,40,,Standing,,0.984,0.0,134.8368
Sitting_Lying_FewLandmarks,41,,Standing,,0.984,0.0,128.5308
Sitting_Lying_FewLandmarks,42,,Standing,,0.984,0.0,135.5562
Sitting_Lying_FewLandmarks,43,,Standing,,0.984,0.0,179.0821
Sitting_Lying_FewLandmarks,44,,Standing,,0.984,0.0,112.7638
Sitting_Lying_FewLandmarks,45,,Standing,,0.984,0.0,119.9609
Sitting_Lying_FewLandmarks,46,,Standing,,0.985,0.0,139.4458
Sitting_Lying_FewLandmarks,47,,Standing,,0.985,0.0,131.3673
Sitting_Lying_FewLandmarks,48,,Standing,,0.984,0.0,109.4006
Sitting_Lying_FewLandmarks,49,,Standing,,0.984,0.0,119.2225
Sitting_Lying_FewLandmarks,50,,Standing,,0.983,0.0,113.3533
Sitting_Lying_FewLandmarks,51,,Standing,,0.982,0.0,96.2569
Sitting_Lying_FewLandmarks,52,,Standing,,0.981,0.0,147.2293
Sitting_Lying_FewLandmarks,53,,Standing,,0.98,0.0,103.6433
Sitting_Lying_FewLandmarks,54,,Standing,,0.98,0.0,133.1772
Sitting_Lying_FewLandmarks,55,,Standing,,0.979,0.0,92.4284
Sitting_Lying_FewLandmarks,56,,Standing,,0.979,0.0,94.8216
Sitting_Lying_FewLandmarks,57,,Standing,,0.979,0.0,78.8735
Sitting_Lying_FewLandmarks,58,,Standing,,0.978,0.0,119.1912
Sitting_Lying_FewLandmarks,59,Sitting,Standing,False,0.976,0.0,86.8103
Sitting_Lying_FewLandmarks,60,Sitting,Standing,False,0.973,0.0,94.523
Sitting_Lying_FewLandmarks,61,Sitting,Standing,False,0.967,0.0,115.6471
Sitting_Lying_FewLandmarks,62,Sitting,Standing,False,0.952,0.0,94.1812
Sitting_Lying_FewLandmarks,63,Sitting,Standing,False,0.922,0.0,99.8973
Sitting_Lying_FewLandmarks,64,Sitting,Standing,False,0.841,0.0,136.9889
Sitting_Lying_FewLandmarks,65,Sitting,Standing,False,0.731,0.0,110.974
Sitting_Lying_FewLandmarks,66,Sitting,Standing,False,0.697,0.0,94.1606
Sitting_Lying_FewLandmarks,67,Sitting,Standing,False,0.706,0.0,91.2602
Sitting_Lying_FewLandmarks,68,Sitting,Standing,False,0.744,0.0,83.8006
Sitting_Lying_FewLandmarks,69,Sitting,Standing,False,0.783,0.0,106.22
Sitting_Lying_FewLandmarks,70,Sitting,Standing,False,0.838,0.0,90.7762
Sitting_Lying_FewLandmarks,71,Sitting,Standing,False,0.868,0.0,92.5383
Sitting_Lying_FewLandmarks,72,Sitting,Standing,False,0.893,0.0,86.3286
Sitting_Lying_FewLandmarks,73,Sitting,Standing,False,0.934,0.0,82.8178
Sitting_Lying_FewLandmarks,74,Sitting,Standing,False,0.954,0.0,80.5413
Sitting_Lying_FewLandmarks,75,Sitting,Standing,False,0.974,0.0,74.8678
Sitting_Lying_FewLandmarks,76,Sitting,Standing,False,0.981,0.0,70.6823
Sitting_Lying_FewLandmarks,77,Sitting,Standing,False,0.982,0.0,82.4403
Sitting_Lying_FewLandmarks,78,Sitting,Standing,False,0.983,0.0,74.1879
Sitting_Lying_FewLandmarks,79,Sitting,Standing,False,0.985,0.0,70.0818
Sitting_Lying_FewLandmarks,80,Sitting,Standing,False,0.985,0.0,77.5841
Sitting_Lying_FewLandmarks,81,Sitting,Standing,False,0.985,0.0,75.9181
Sitting_Lying_FewLandmarks,82,Sitting,Standing,False,0.985,0.0,76.4673
Sitting_Lying_FewLandmarks,83,Sitting,Standing,False,0.985,0.0,84.605
Sitting_Lying_FewLandmarks,84,Sitting,Standing,False,0.986,0.0,89.5231
Sitting_Lying_FewLandmarks,85,Sitting,Standing,False,0.986,0.0,102.2881
Sitting_Lying_FewLandmarks,86,Sitting,Standing,False,0.986,0.0,85.7419
Sitting_Lying_FewLandmarks,87,Sitting,Standing,False,0.987,0.0,96.4468
Sitting_Lying_FewLandmarks,88,Sitting,Standing,False,0.987,0.0,108.6721
Sitting_Lying_FewLandmarks,89,Sitting,Standing,False,0.987,0.0,107.4103
Sitting_Lying_FewLandmarks,90,Sitting,Standing,False,0.987,0.0,110.6564
Sitting_Lying_FewLandmarks,91,Sitting,Standing,False,0.987,0.0,130.3708
Sitting_Lying_FewLandmarks,92,Sitting,Standing,False,0.987,0.0,189.7731
Sitting_Lying_FewLandmarks,93,Sitting,Standing,False,0.987,0.0,185.2478
Sitting_Lying_FewLandmarks,94,Sitting,Standing,False,0.987,0.0,142.1397
Sitting_Lying_FewLandmarks,95,Sitting,Standing,False,0.987,0.0,112.6472
Sitting_Lying_FewLandmarks,96,Sitting,Standing,False,0.987,0.0,91.9765
Sitting_Lying_FewLandmarks,97,Sitting,Standing,False,0.987,0.0,90.1348
Sitting_Lying_FewLandmarks,98,Sitting,Standing,False,0.987,0.0,86.16
Sitting_Lying_FewLandmarks,99,Sitting,Standing,False,0.987,0.0,86.1011
Sitting_Lying_FewLandmarks,100,Sitting,Standing,False,0.987,0.0,81.8413
Sitting_Lying_FewLandmarks,101,Sitting,Standing,False,0.987,0.0,80.7135
Sitting_Lying_FewLandmarks,102,Sitting,Standing,False,0.987,0.0,77.8809
Sitting_Lying_FewLandmarks,103,Sitting,Standing,False,0.987,0.0,77.0343
Sitting_Lying_FewLandmarks,104,Sitting,Standing,False,0.987,0.0,91.4359
Sitting_Lying_FewLandmarks,105,Sitting,Standing,False,0.987,0.0,78.6515
Sitting_Lying_FewLandmarks,106,Sitting,Standing,False,0.987,0.0,78.8882
Sitting_Lying_FewLandmarks,107,Sitting,Standing,False,0.987,0.0,85.499
Sitting_Lying_FewLandmarks,108,Sitting,Standing,False,0.987,0.0,78.0633
Sitting_Lying_FewLandmarks,109,Sitting,Standing,False,0.987,0.0,77.2306
Sitting_Lying_FewLandmarks,110,Sitting,Standing,False,0.987,0.0,74.6327
Sitting_Lying_FewLandmarks,111,Sitting,Standing,False,0.987,0.0,77.5859
Sitting_Lying_FewLandmarks,112,,Standing,,0.987,0.0,79.3021
Sitting_Lying_FewLandmarks,113,,Standing,,0.987,0.0,74.751
Sitting_Lying_FewLandmarks,114,,Standing,,0.987,0.0,76.8935
Sitting_Lying_FewLandmarks,115,,Standing,,0.987,0.0,74.4675
Sitting_Lying_FewLandmarks,116,,Standing,,0.987,0.0,79.0585
Sitting_Lying_FewLandmarks,117,,Standing,,0.987,0.0,95.517
Sitting_Lying_FewLandmarks,118,,Standing,,0.987,0.0,89.9937
Sitting_Lying_FewLandmarks,119,,Standing,,0.987,0.0,93.9422
Sitting_Lying_FewLandmarks,120,,Standing,,0.987,0.0,96.2549
Sitting_Lying_FewLandmarks,121,,Standing,,0.987,0.0,83.9233
Sitting_Lying_FewLandmarks,122,,Standing,,0.987,0.0,88.8831
Sitting_Lying_FewLandmarks,123,,Standing,,0.987,0.0,92.2858
Sitting_Lying_FewLandmarks,124,,Standing,,0.987,0.0,103.077
Sitting_Lying_FewLandmarks,125,,Standing,,0.987,0.0,97.9608
Sitting_Lying_FewLandmarks,126,,Standing,,0.987,0.0,99.9997
Sitting_Lying_FewLandmarks,127,,Standing,,0.987,0.0,107.9701
Sitting_Lying_FewLandmarks,128,,Standing,,0.987,0.0,114.2531
Sitting_Lying_FewLandmarks,129,,Standing,,0.987,0.0,121.3917
Sitting_Lying_FewLandmarks,130,,Standing,,0.987,0.0,120.231
Sitting_Lying_FewLandmarks,131,,Standing,,0.987,0.0,121.2218
Sitting_Lying_FewLandmarks,132,,Standing,,0.987,0.0,110.6748
Sitting_Lying_FewLandmarks,133,,Standing,,0.987,0.0,119.8305
Sitting_Lying_FewLandmarks,134,,Standing,,0.987,0.0,116.0361
Sitting_Lying_FewLandmarks,135,,Standing,,0.987,0.0,112.7667
Sitting_Lying_FewLandmarks,136,,Standing,,0.987,0.0,132.2682
Sitting_Lying_FewLandmarks,137,,Standing,,0.987,0.0,125.2062
Sitting_Lying_FewLandmarks,138,,Standing,,0.987,0.0,165.3412
Sitting_Lying_FewLandmarks,139,,Standing,,0.987,0.0,162.8553
Sitting_Lying_FewLandmarks,140,,Standing,,0.987,0.0,141.0961
Sitting_Lying_FewLandmarks,141,,Standing,,0.987,0.0,145.6625
Sitting_Lying_FewLandmarks,142,,Standing,,0.988,0.0,128.6457
Sitting_Lying_FewLandmarks,143,,Standing,,0.986,0.0,129.1446
Sitting_Lying_FewLandmarks,144,,Standing,,0.983,0.0,118.4336
Sitting_Lying_FewLandmarks,145,,Standing,,0.98,0.0,108.9838
Sitting_Lying_FewLandmarks,146,,Standing,,0.979,0.0,119.5164
Sitting_Lying_FewLandmarks,147,,Standing,,0.974,0.0,132.9975
Sitting_Lying_FewLandmarks,148,,Standing,,0.968,0.0,163.4529
Sitting_Lying_FewLandmarks,149,,Standing,,0.96,0.0,168.642
Sitting_Lying_FewLandmarks,150,,Standing,,0.952,0.0,177.7184
Sitting_Lying_FewLandmarks,151,,Standing,,0.948,0.0,205.6165
Sitting_Lying_FewLandmarks,152,,Standing,,0.944,0.0,186.1057
Sitting_Lying_FewLandmarks,153,,Standing,,0.941,0.0,160.0681
Sitting_Lying_FewLandmarks,154,,Standing,,0.936,0.0,190.5348
Sitting_Lying_FewLandmarks,155,,Standing,,0.93,0.0,160.7413
Sitting_Lying_FewLandmarks,156,,Standing,,0.923,0.0,154.2644
Sitting_Lying_FewLandmarks,157,,Standing,,0.918,0.0,161.9443
Sitting_Lying_FewLandmarks,158,,Standing,,0.913,0.0,166.0437
Sitting_Lying_FewLandmarks,159,,Standing,,0.906,0.0,166.3777
Sitting_Lying_FewLandmarks,160,,Standing,,0.894,0.0,170.0258
Sitting_Lying_FewLandmarks,161,,Standing,,0.875,0.0,198.1537
Sitting_Lying_FewLandmarks,162,,Standing,,0.861,0.0,308.5266
Sitting_Lying_FewLandmarks,163,,Standing,,0.842,0.0,189.8348
Sitting_Lying_FewLandmarks,164,,Standing,,0.826,0.0,208.0047
Sitting_Lying_FewLandmarks,165,,Standing,,0.798,0.0,231.4456
Sitting_Lying_FewLandmarks,166,,Standing,,0.774,0.0,160.2411
Sitting_Lying_FewLandmarks,167,,Standing,,0.725,0.0,150.383
Sitting_Lying_FewLandmarks,168,,Standing,,0.684,0.0,137.8688
Sitting_Lying_FewLandmarks,169,,Standing,,0.621,0.0,128.9042
Sitting_Lying_FewLandmarks,170,,Standing,,0.575,0.0,137.7387
Sitting_Lying_FewLandmarks,171,,Standing,,0.518,0.0,179.1168
Sitting_Lying_FewLandmarks,172,,Standing,,0.393,0.0,292.3774
Sitting_Lying_FewLandmarks,173,,Standing,,0.347,0.0,225.2074
Sitting_Lying_FewLandmarks,174,,Lying,,0.291,0.0,203.2317
Sitting_Lying_FewLandmarks,175,,Standing,,0.321,0.0,193.0291
Sitting_Lying_FewLandmarks,176,,Lying,,0.323,0.0,178.4418
Sitting_Lying_FewLandmarks,177,Lying,Lying,True,0.349,0.0,144.093
Sitting_Lying_FewLandmarks,178,Lying,Lying,True,0.352,0.0,156.3821
Sitting_Lying_FewLandmarks,179,Lying,Lying,True,0.476,0.0,127.9642
Sitting_Lying_FewLandmarks,180,Lying,Lying,True,0.363,0.0,119.8152
Sitting_Lying_FewLandmarks,181,Lying,Lying,True,0.447,0.0,105.3618
Sitting_Lying_FewLandmarks,182,Lying,Lying,True,0.458,0.0,117.9675
Sitting_Lying_FewLandmarks,183,Lying,Lying,True,0.448,0.0,108.759
Sitting_Lying_FewLandmarks,184,Lying,Lying,True,0.437,0.0,101.4566
Sitting_Lying_FewLandmarks,185,Lying,Lying,True,0.569,0.0,182.023
Sitting_Lying_FewLandmarks,186,Lying,Lying,True,0.601,0.0,214.8071
Sitting_Lying_FewLandmarks,187,Lying,Lying,True,0.605,0.0,149.8185
Sitting_Lying_FewLandmarks,188,Lying,Lying,True,0.662,0.0,143.6392
Sitting_Lying_FewLandmarks,189,Lying,Lying,True,0.739,0.0,169.6672
Sitting_Lying_FewLandmarks,190,Lying,Lying,True,0.766,0.0,165.9189
Sitting_Lying_FewLandmarks,191,Lying,Lying,True,0.737,0.0,161.8863
Sitting_Lying_FewLandmarks,192,Lying,Lying,True,0.78,0.0,137.2204
Sitting_Lying_FewLandmarks,193,Lying,Lying,True,0.775,0.0,165.7662
Sitting_Lying_FewLandmarks,194,Lying,Lying,True,0.79,0.0,175.4339
Sitting_Lying_FewLandmarks,195,Lying,Lying,True,0.754,0.0,136.9262
Sitting_Lying_FewLandmarks,196,Lying,Lying,True,0.782,0.0,135.8132
Sitting_Lying_FewLandmarks,197,Lying,Lying,True,0.76,1.0,147.5583
Sitting_Lying_FewLandmarks,198,Lying,Lying,True,0.789,1.0,143.3423
Sitting_Lying_FewLandmarks,199,Lying,Lying,True,0.753,0.0,140.2917
Sitting_Lying_FewLandmarks,200,Lying,Lying,True,0.878,1.0,125.5241
Sitting_Lying_FewLandmarks,201,Lying,Lying,True,0.887,1.0,137.6217
Sitting_Lying_FewLandmarks,202,Lying,Lying,True,0.889,1.0,130.1132
Sitting_Lying_FewLandmarks,203,Lying,Lying,True,0.872,1.0,120.7719
Sitting_Lying_FewLandmarks,204,Lying,Lying,True,0.89,1.0,132.182
Sitting_Lying_FewLandmarks,205,Lying,Lying,True,0.895,1.0,105.1401
Sitting_Lying_FewLandmarks,206,Lying,Lying,True,0.9,1.0,103.3265
Sitting_Lying_FewLandmarks,207,Lying,Lying,True,0.91,1.0,107.7579
Sitting_Lying_FewLandmarks,208,Lying,Lying,True,0.91,0.0,97.8022
Sitting_Lying_FewLandmarks,209,Lying,Lying,True,0.92,0.0,88.3069
Sitting_Lying_FewLandmarks,210,Lying,Lying,True,0.898,1.0,96.5716
Sitting_Lying_FewLandmarks,211,Lying,Lying,True,0.913,0.0,102.1054
Sitting_Lying_FewLandmarks,212,Lying,Lying,True,0.914,0.0,98.0633
Sitting_Lying_FewLandmarks,213,Lying,Lying,True,0.916,1.0,82.3014
Sitting_Lying_FewLandmarks,214,Lying,Lying,True,0.91,0.0,96.6902
Sitting_Lying_FewLandmarks,215,Lying,Lying,True,0.922,0.0,82.6592
Sitting_Lying_FewLandmarks,216,Lying,Lying,True,0.932,0.0,83.1798
Sitting_Lying_FewLandmarks,217,Lying,Lying,True,0.955,1.0,86.5037
Sitting_Lying_FewLandmarks,218,Lying,Lying,True,0.968,0.0,90.7178
Sitting_Lying_FewLandmarks,219,Lying,Lying,True,0.982,0.0,81.34
Sitting_Lying_FewLandmarks,220,Lying,Lying,True,0.984,0.0,74.7121
Sitting_Lying_FewLandmarks,221,Lying,Lying,True,0.987,1.0,69.7003
Sitting_Lying_FewLandmarks,222,Lying,Lying,True,0.988,1.0,70.3022
Sitting_Lying_FewLandmarks,223,Lying,Lying,True,0.987,1.0,67.9875
Sitting_Lying_FewLandmarks,224,Lying,Lying,True,0.978,1.0,75.3286
Sitting_Lying_FewLandmarks,225,Lying,Lying,True,0.719,1.0,71.8971
Sitting_Lying_FewLandmarks,226,Lying,Lying,True,0.684,0.0,66.2221
Sitting_Lying_FewLandmarks,227,Lying,Lying,True,0.694,1.0,67.2967
Sitting_Lying_FewLandmarks,228,Lying,Lying,True,0.716,1.0,66.526
Sitting_Lying_FewLandmarks,229,Lying,Lying,True,0.499,1.0,73.9329
Sitting_Lying_FewLandmarks,230,Lying,Lying,True,0.48,0.0,75.9301
Sitting_Lying_FewLandmarks,231,Lying,Lying,True,0.512,0.0,86.0894
Sitting_Lying_FewLandmarks,232,Lying,Lying,True,0.623,1.0,101.7128
Sitting_Lying_FewLandmarks,233,Lying,Lying,True,0.771,1.0,100.101
Sitting_Lying_FewLandmarks,234,Lying,Lying,True,0.712,1.0,104.7625
Sitting_Lying_FewLandmarks,235,Lying,Standing,False,0.407,0.0,95.7777
Sitting_Lying_FewLandmarks,236,,Standing,,0.503,0.0,102.4079
Sitting_Lying_FewLandmarks,237,,Standing,,0.546,0.0,114.0194
Sitting_Lying_FewLandmarks,238,,Standing,,0.668,1.0,96.7403
Sitting_Lying_FewLandmarks,239,,Standing,,0.487,1.0,128.2276
Sitting_Lying_FewLandmarks,240,,Standing,,0.56,1.0,136.3046
Sitting_Lying_FewLandmarks,241,,Standing,,0.644,0.0,148.4821
Sitting_Lying_FewLandmarks,242,,Standing,,0.741,0.0,152.5935
Sitting_Lying_FewLandmarks,243,,Standing,,0.761,0.0,145.4475
Sitting_Lying_FewLandmarks,244,,Standing,,0.848,0.0,177.0472
Sitting_Lying_FewLandmarks,245,,Standing,,0.865,0.0,254.5622
Sitting_Lying_FewLandmarks,246,,Standing,,0.888,0.0,145.3566
Sitting_Lying_FewLandmarks,247,,Standing,,0.879,0.0,152.9838
Sitting_Lying_FewLandmarks,248,,Standing,,0.902,0.0,125.0976
Sitting_Lying_FewLandmarks,249,,Standing,,0.912,0.0,143.6707
Sitting_Lying_FewLandmarks,250,,Standing,,0.842,0.0,187.6941
Sitting_Lying_FewLandmarks,251,,Standing,,0.893,0.0,151.6838
Sitting_Lying_FewLandmarks,252,,Standing,,0.913,0.0,120.4961
Sitting_Lying_FewLandmarks,253,,Standing,,0.923,0.0,114.6293
Sitting_Lying_FewLandmarks,254,,Standing,,0.92,0.0,144.794
Sitting_Lying_FewLandmarks,255,,Standing,,0.909,0.0,157.0173
Sitting_Lying_FewLandmarks,256,,Standing,,0.932,0.0,180.5431
Sitting_Lying_FewLandmarks,257,,Standing,,0.929,0.0,133.5835
Sitting_Lying_FewLandmarks,258,,Standing,,0.918,0.0,142.7068
Sitting_Lying_FewLandmarks,259,,Standing,,0.908,0.0,139.8134
Sitting_Lying_FewLandmarks,260,,Standing,,0.934,0.0,141.2156
Sitting_Lying_FewLandmarks,261,,Standing,,0.934,0.0,145.2718
Sitting_Lying_FewLandmarks,262,,Standing,,0.923,0.0,149.7612
Sitting_Lying_FewLandmarks,263,,Standing,,0.915,0.0,142.8128
Sitting_Lying_FewLandmarks,264,,Standing,,0.899,0.0,129.1401
Sitting_Lying_FewLandmarks,265,,Standing,,0.913,0.0,123.3362
Sitting_Lying_FewLandmarks,266,,Standing,,0.912,0.0,126.0156
Sitting_Lying_FewLandmarks,267,,Standing,,0.913,0.0,125.6198
Sitting_Lying_FewLandmarks,268,,Standing,,0.906,0.0,110.4607
Sitting_Lying_FewLandmarks,269,,Standing,,0.893,0.0,117.3877
Sitting_Lying_FewLandmarks,270,,Standing,,0.879,0.0,152.3875
Sitting_Lying_FewLandmarks,271,,Standing,,0.908,0.0,126.7097
Sitting_Lying_FewLandmarks,272,,Standing,,0.916,0.0,117.3807
Sitting_Lying_FewLandmarks,273,,Standing,,0.931,0.0,111.1018
Sitting_Lying_FewLandmarks,274,,Standing,,0.943,0.0,102.7468
Sitting_Lying_FewLandmarks,275,,Standing,,0.949,0.0,126.3018
Sitting_Lying_FewLandmarks,276,,Standing,,0.956,0.0,131.7794
Sitting_Lying_FewLandmarks,277,,Standing,,0.958,0.0,121.501
Sitting_Lying_FewLandmarks,278,,Standing,,0.962,0.0,112.6515
Sitting_Lying_FewLandmarks,279,,Standing,,0.965,0.0,132.2969
Sitting_Lying_FewLandmarks,280,,Standing,,0.965,0.0,125.0767
Sitting_Lying_FewLandmarks,281,,Standing,,0.968,0.0,106.7209
Sitting_Lying_FewLandmarks,282,,Standing,,0.969,0.0,164.6195
Sitting_Lying_FewLandmarks,283,,Standing,,0.97,0.0,126.47
Sitting_Lying_FewLandmarks,284,,Standing,,0.971,0.0,123.2104
Sitting_Lying_FewLandmarks,285,,Standing,,0.971,0.0,108.0102
Sitting_Lying_FewLandmarks,286,,Standing,,0.972,0.0,116.8338
Sitting_Lying_FewLandmarks,287,,Standing,,0.97,0.0,113.3356
Sitting_Lying_FewLandmarks,288,,Standing,,0.969,0.0,124.5217
Sitting_Lying_FewLandmarks,289,,Standing,,0.967,0.0,120.0594
Sitting_Lying_FewLandmarks,290,,Standing,,0.968,0.0,129.8184
Sitting_Lying_FewLandmarks,291,,Standing,,0.969,0.0,109.56
Sitting_Lying_FewLandmarks,292,,Standing,,0.972,0.0,127.3487
Sitting_Lying_FewLandmarks,293,,Standing,,0.968,0.0,126.5773
Sitting_Lying_FewLandmarks,294,,Standing,,0.965,0.0,104.5489
Sitting_Lying_FewLandmarks,295,,Standing,,0.971,0.0,132.0121
Sitting_Lying_FewLandmarks,296,,Standing,,0.974,0.0,110.0081
Sitting_Lying_FewLandmarks,297,,Standing,,0.976,0.0,88.1344
Sitting_Lying_FewLandmarks,298,,Standing,,0.979,0.0,96.6069
Sitting_Lying_FewLandmarks,299,,Standing,,0.982,0.0,115.5607
Sitting_Lying_FewLandmarks,300,,Standing,,0.984,0.0,91.7188
Sitting_Lying_FewLandmarks,301,,Standing,,0.986,0.0,86.2122
Sitting_Lying_FewLandmarks,302,,Standing,,0.987,0.0,92.4397
Sitting_Lying_FewLandmarks,303,,Standing,,0.988,0.0,78.2921
Sitting_Lying_FewLandmarks,304,,Standing,,0.988,0.0,74.8715
Sitting_Lying_FewLandmarks,305,,Standing,,0.989,0.0,81.6632
Sitting_Lying_FewLandmarks,306,,Standing,,0.989,0.0,78.5741
Sitting_Lying_FewLandmarks,307,,Standing,,0.989,0.0,92.6743
Sitting_Lying_FewLandmarks,308,,Standing,,0.989,0.0,101.7256
Sitting_Lying_FewLandmarks,309,,Standing,,0.989,0.0,99.8156
Sitting_Lying_FewLandmarks,310,,Standing,,0.989,0.0,92.5608
Sitting_Lying_FewLandmarks,311,,Standing,,0.989,0.0,103.254
Sitting_Lying_FewLandmarks,312,,Standing,,0.989,0.0,122.3241
Sitting_Lying_FewLandmarks,313,,Standing,,0.989,0.0,134.2978
Sitting_Lying_FewLandmarks,314,,Standing,,0.989,0.0,93.1357
Sitting_Lying_FewLandmarks,315,,Standing,,0.989,0.0,103.1947
Sitting_Lying_FewLandmarks,316,,Standing,,0.989,0.0,115.877
Sitting_Lying_FewLandmarks,317,,Standing,,0.99,0.0,99.5014
Sitting_Lying_FewLandmarks,318,,Standing,,0.99,0.0,90.9643
Sitting_Lying_FewLandmarks,319,,Standing,,0.99,0.0,88.6575
Sitting_Lying_FewLandmarks,320,,Standing,,0.99,0.0,86.6782
Sitting_Lying_FewLandmarks,321,,Standing,,0.99,0.0,84.9413
Sitting_Lying_FewLandmarks,322,,Standing,,0.99,0.0,82.9846
Sitting_Lying_FewLandmarks,323,,Standing,,0.99,0.0,90.2646
Sitting_Lying_FewLandmarks,324,,Standing,,0.99,0.0,79.9134
Sitting_Lying_FewLandmarks,325,Sitting,Standing,False,0.99,0.0,88.6301
Sitting_Lying_FewLandmarks,326,Sitting,Standing,False,0.99,0.0,83.7516
Sitting_Lying_FewLandmarks,327,Sitting,Standing,False,0.99,0.0,109.54
Sitting_Lying_FewLandmarks,328,Sitting,Standing,False,0.99,0.0,104.6791
Sitting_Lying_FewLandmarks,329,Sitting,Standing,False,0.99,0.0,105.8237
Sitting_Lying_FewLandmarks,330,Sitting,Standing,False,0.99,0.0,106.8636
Sitting_Lying_FewLandmarks,331,Sitting,Standing,False,0.99,0.0,118.8584
Sitting_Lying_FewLandmarks,332,Sitting,Standing,False,0.99,0.0,103.0101
Sitting_Lying_FewLandmarks,333,Sitting,Standing,False,0.99,0.0,99.409
Sitting_Lying_FewLandmarks,334,Sitting,Standing,False,0.99,0.0,89.2231
Sitting_Lying_FewLandmarks,335,Sitting,Standing,False,0.99,0.0,98.3483
Sitting_Lying_FewLandmarks,336,Sitting,Standing,False,0.99,0.0,108.7487
Sitting_Lying_FewLandmarks,337,Sitting,Standing,False,0.99,0.0,142.1114
Sitting_Lying_FewLandmarks,338,Sitting,Standing,False,0.99,0.0,120.4285
Sitting_Lying_FewLandmarks,339,Sitting,Standing,False,0.99,0.0,83.603
Sitting_Lying_FewLandmarks,340,Sitting,Standing,False,0.99,0.0,78.6202
Sitting_Lying_FewLandmarks,341,Sitting,Standing,False,0.99,0.0,75.7837
Sitting_Lying_FewLandmarks,342,Sitting,Standing,False,0.99,0.0,71.9291
Sitting_Lying_FewLandmarks,343,Sitting,Standing,False,0.99,0.0,70.4546
Sitting_Lying_FewLandmarks,344,Sitting,Standing,False,0.99,0.0,69.0324
Sitting_Lying_FewLandmarks,345,Sitting,Standing,False,0.99,0.0,71.5077
Sitting_Lying_FewLandmarks,346,Sitting,Standing,False,0.99,0.0,68.6837
Sitting_Lying_FewLandmarks,347,Sitting,Standing,False,0.99,0.0,68.1798
Sitting_Lying_FewLandmarks,348,Sitting,Standing,False,0.99,0.0,68.8557
Sitting_Lying_FewLandmarks,349,Sitting,Standing,False,0.99,0.0,72.6891
Sitting_Lying_FewLandmarks,350,Sitting,Standing,False,0.99,0.0,69.6381
Sitting_Lying_FewLandmarks,351,Sitting,Standing,False,0.99,0.0,65.907
Sitting_Lying_FewLandmarks,352,Sitting,Standing,False,0.99,0.0,75.8018
Sitting_Lying_FewLandmarks,353,Sitting,Standing,False,0.99,0.0,67.528
Sitting_Lying_FewLandmarks,354,,Standing,,0.99,0.0,68.3356
Sitting_Lying_FewLandmarks,355,,Standing,,0.99,0.0,68.9905
Sitting_Lying_FewLandmarks,356,,Standing,,0.99,0.0,69.2494
Sitting_Lying_FewLandmarks,357,,Standing,,0.99,0.0,63.7018
Sitting_Lying_FewLandmarks,358,,Standing,,0.99,0.0,64.8857
Sitting_Lying_FewLandmarks,359,,Standing,,0.99,0.0,68.1709
Sitting_Lying_FewLandmarks,360,,Standing,,0.989,0.0,63.9371
Sitting_Lying_FewLandmarks,361,,Standing,,0.989,0.0,75.0352
Sitting_Lying_FewLandmarks,362,,Standing,,0.989,0.0,69.0114
Sitting_Lying_FewLandmarks,363,,Standing,,0.989,0.0,65.4665
Sitting_Lying_FewLandmarks,364,,Standing,,0.988,0.0,73.1629
Sitting_Lying_FewLandmarks,365,,Standing,,0.988,0.0,68.3168
Sitting_Lying_FewLandmarks,366,,Standing,,0.987,0.0,68.1331
Sitting_Lying_FewLandmarks,367,,Standing,,0.986,0.0,78.4074
Sitting_Lying_FewLandmarks,368,,Standing,,0.984,0.0,70.6813
Sitting_Lying_FewLandmarks,369,,Standing,,0.981,0.0,64.2529
Sitting_Lying_FewLandmarks,370,,Standing,,0.978,0.0,64.1835
Sitting_Lying_FewLandmarks,371,,Standing,,0.973,0.0,69.525
Sitting_Lying_FewLandmarks,372,,Standing,,0.967,0.0,68.2438
Sitting_Lying_FewLandmarks,373,,Standing,,0.958,0.0,63.5182
Sitting_Lying_FewLandmarks,374,,Standing,,0.945,0.0,65.7607
Sitting_Lying_FewLandmarks,375,,Standing,,0.926,0.0,65.229
Sitting_Lying_FewLandmarks,376,,Standing,,0.902,0.0,68.409
Sitting_Lying_FewLandmarks,377,,Standing,,0.869,0.0,66.7683
Sitting_Lying_FewLandmarks,378,,Standing,,0.828,0.0,69.9671
Sitting_Lying_FewLandmarks,379,,Standing,,0.766,0.0,65.8721
Sitting_Lying_FewLandmarks,380,,Standing,,0.687,0.0,63.8014
Sitting_Lying_FewLandmarks,381,,Standing,,0.583,0.0,65.9051
Sitting_Lying_FewLandmarks,382,,Standing,,0.469,0.0,61.8864
Sitting_Lying_FewLandmarks,383,,Lying,,0.447,0.0,64.3639
Sitting_Lying_FewLandmarks,384,,Lying,,0.516,0.0,66.2489
Sitting_Lying_FewLandmarks,385,,Lying,,0.548,0.0,64.6796
Sitting_Lying_FewLandmarks,386,,Lying,,0.537,0.0,84.4721
Sitting_Lying_FewLandmarks,387,,Lying,,0.508,0.0,76.5961
Sitting_Lying_FewLandmarks,388,,Lying,,0.451,0.0,90.6658
Sitting_Lying_FewLandmarks,389,,Lying,,0.516,0.0,85.3964
Sitting_Lying_FewLandmarks,390,,Lying,,0.605,0.0,71.7951
Sitting_Lying_FewLandmarks,391,,Lying,,0.694,0.0,79.0172
Sitting_Lying_FewLandmarks,392,,Lying,,0.766,0.0,73.2212
Sitting_Lying_FewLandmarks,393,,Lying,,0.815,0.0,79.4677
Sitting_Lying_FewLandmarks,394,,Lying,,0.832,0.0,82.4149
Sitting_Lying_FewLandmarks,395,,Lying,,0.832,0.0,69.1765
Sitting_Lying_FewLandmarks,396,,Lying,,0.84,0.0,66.7634
Sitting_Lying_FewLandmarks,397,,Lying,,0.836,0.0,68.7481
Sitting_Lying_FewLandmarks,398,,Lying,,0.884,0.0,65.5472
Sitting_Lying_FewLandmarks,399,,Lying,,0.903,0.0,69.7952
Sitting_Lying_FewLandmarks,400,,Lying,,0.909,0.0,64.8936
Sitting_Lying_FewLandmarks,401,,Lying,,0.914,0.0,68.3512
