clip_name,frame_number,gt_label,pred_label,correct,confidence,nan_fraction,latency_ms
Bend_pickup_lowLight,31,,Standing,,0.936,0.0,37.3784
Bend_pickup_lowLight,32,,Standing,,0.922,0.0,26.1814
Bend_pickup_lowLight,33,,Standing,,0.928,0.0,37.6342
Bend_pickup_lowLight,34,,Standing,,0.941,0.0,31.9459
Bend_pickup_lowLight,35,,Standing,,0.934,0.0,34.552
Bend_pickup_lowLight,36,,Standing,,0.954,0.0,36.2483
Bend_pickup_lowLight,37,,Standing,,0.959,0.0,31.5577
Bend_pickup_lowLight,38,,Standing,,0.965,0.0,32.4436
Bend_pickup_lowLight,39,,Standing,,0.956,0.0,27.1281
Bend_pickup_lowLight,40,,Standing,,0.962,0.0,33.6801
Bend_pickup_lowLight,41,,Standing,,0.957,0.0,40.0942
Bend_pickup_lowLight,42,,Standing,,0.941,0.0,40.4945
Bend_pickup_lowLight,43,,Standing,,0.878,0.0,41.4177
Bend_pickup_lowLight,44,,Standing,,0.842,0.0,44.0888
Bend_pickup_lowLight,45,,Standing,,0.795,0.0,40.1868
Bend_pickup_lowLight,46,,Standing,,0.689,0.0,34.946
Bend_pickup_lowLight,47,,Standing,,0.689,0.0,38.0394
Bend_pickup_lowLight,48,,Standing,,0.675,0.0,39.7833
Bend_pickup_lowLight,49,,Standing,,0.619,0.0,39.0852
Bend_pickup_lowLight,50,,Standing,,0.521,0.0,39.9944
Bend_pickup_lowLight,51,,Standing,,0.43,0.0,40.0381
Bend_pickup_lowLight,52,,Standing,,0.376,0.0,41.4411
Bend_pickup_lowLight,53,,Standing,,0.316,0.0,43.009
Bend_pickup_lowLight,54,,Lying,,0.358,0.0,41.7737
Bend_pickup_lowLight,55,,Lying,,0.418,0.0,41.5728
Bend_pickup_lowLight,56,,Lying,,0.453,0.0,41.7529
Bend_pickup_lowLight,57,,Lying,,0.474,0.0,41.6501
Bend_pickup_lowLight,58,,Lying,,0.504,0.0,31.353
Bend_pickup_lowLight,59,,Lying,,0.552,0.0,33.1385
Bend_pickup_lowLight,60,,Lying,,0.56,0.0,30.1204
Bend_pickup_lowLight,61,,Lying,,0.578,0.0,34.565
Bend_pickup_lowLight,62,,Lying,,0.562,0.0,34.0896
Bend_pickup_lowLight,63,,Lying,,0.565,0.0,38.8017
Bend_pickup_lowLight,64,,Lying,,0.579,0.0,39.4784
Bend_pickup_lowLight,65,,Lying,,0.579,0.0,40.6382
Bend_pickup_lowLight,66,,Lying,,0.574,0.0,42.204
Bend_pickup_lowLight,67,,Lying,,0.574,0.0,39.9732
Bend_pickup_lowLight,68,,Lying,,0.577,0.0,40.4382
Bend_pickup_lowLight,69,,Lying,,0.536,0.0,42.5296
Bend_pickup_lowLight,70,,Lying,,0.52,0.0,37.5599
Bend_pickup_lowLight,71,,Lying,,0.481,0.0,45.4516
Bend_pickup_lowLight,72,,Lying,,0.47,0.0,40.4521
Bend_pickup_lowLight,73,,Lying,,0.444,0.0,42.4378
Bend_pickup_lowLight,74,,Lying,,0.445,0.0,48.4062
Bend_pickup_lowLight,75,,Lying,,0.472,0.0,49.3968
Bend_pickup_lowLight,76,,Lying,,0.468,0.0,48.6935
Bend_pickup_lowLight,77,,Lying,,0.432,0.0,49.1531
Bend_pickup_lowLight,78,,Lying,,0.443,0.0,46.5835
Bend_pickup_lowLight,79,,Lying,,0.407,0.0,49.6985
Bend_pickup_lowLight,80,,Standing,,0.41,0.0,46.4696
Bend_pickup_lowLight,81,,Standing,,0.423,0.0,48.3863
Bend_pickup_lowLight,82,,Standing,,0.467,0.0,47.4147
Bend_pickup_lowLight,83,,Standing,,0.497,0.0,54.5854
Bend_pickup_lowLight,84,,Standing,,0.519,0.0,42.0972
Bend_pickup_lowLight,85,,Standing,,0.546,0.0,36.7366
Bend_pickup_lowLight,86,,Standing,,0.562,0.0,44.9491
Bend_pickup_lowLight,87,,Standing,,0.604,0.0,43.7382
Bend_pickup_lowLight,88,,Standing,,0.607,0.0,53.6381
Bend_pickup_lowLight,89,,Standing,,0.615,0.0,46.4716
Bend_pickup_lowLight,90,,Standing,,0.63,0.0,46.6104
Bend_pickup_lowLight,91,,Standing,,0.654,0.0,51.2668
Bend_pickup_lowLight,92,Standing,Standing,True,0.669,0.0,42.8512
Bend_pickup_lowLight,93,Standing,Standing,True,0.677,0.0,44.0783
Bend_pickup_lowLight,94,Standing,Standing,True,0.699,0.0,44.4669
Bend_pickup_lowLight,95,Standing,Standing,True,0.701,0.0,49.0826
Bend_pickup_lowLight,96,Standing,Standing,True,0.735,0.0,49.3112
Bend_pickup_lowLight,97,Standing,Standing,True,0.755,0.0,46.4331
Bend_pickup_lowLight,98,Standing,Standing,True,0.775,0.0,56.5815
Bend_pickup_lowLight,99,Standing,Standing,True,0.794,0.0,44.5481
Bend_pickup_lowLight,100,Standing,Standing,True,0.852,0.0,48.1492
Bend_pickup_lowLight,101,Standing,Standing,True,0.871,0.0,43.8692
Bend_pickup_lowLight,102,Standing,Standing,True,0.901,0.0,42.9488
Bend_pickup_lowLight,103,Standing,Standing,True,0.913,0.0,37.5547
Bend_pickup_lowLight,104,Standing,Standing,True,0.933,0.0,41.4448
Bend_pickup_lowLight,105,Standing,Standing,True,0.93,0.0,48.1826
Bend_pickup_lowLight,106,Standing,Standing,True,0.941,0.0,50.0819
Bend_pickup_lowLight,107,Standing,Standing,True,0.943,0.0,44.9446
Bend_pickup_lowLight,108,Standing,Standing,True,0.947,0.0,40.7514
Bend_pickup_lowLight,109,Standing,Standing,True,0.956,0.0,46.5995
Bend_pickup_lowLight,110,Standing,Standing,True,0.963,0.0,44.4066
Bend_pickup_lowLight,111,Standing,Standing,True,0.969,0.0,52.2452
Bend_pickup_lowLight,112,Standing,Standing,True,0.974,0.0,51.4758
Bend_pickup_lowLight,113,Standing,Standing,True,0.972,0.0,44.4471
Bend_pickup_lowLight,114,Standing,Standing,True,0.978,0.0,37.9732
Bend_pickup_lowLight_leftRight,31,,Standing,,0.726,0.0,43.8636
Bend_pickup_lowLight_leftRight,32,,Standing,,0.671,0.0,49.9765
Bend_pickup_lowLight_leftRight,33,,Standing,,0.658,0.0,54.8374
Bend_pickup_lowLight_leftRight,34,,Standing,,0.688,0.0,45.4135
Bend_pickup_lowLight_leftRight,35,,Standing,,0.706,0.0,40.9193
Bend_pickup_lowLight_leftRight,36,,Standing,,0.669,0.0,51.6923
Bend_pickup_lowLight_leftRight,37,,Standing,,0.646,0.0,43.7075
Bend_pickup_lowLight_leftRight,38,,Standing,,0.635,0.0,39.9464
Bend_pickup_lowLight_leftRight,39,,Standing,,0.617,0.0,45.7001
Bend_pickup_lowLight_leftRight,40,,Standing,,0.576,0.0,42.729
Bend_pickup_lowLight_leftRight,41,,Standing,,0.512,0.0,42.3856
Bend_pickup_lowLight_leftRight,42,,Standing,,0.449,0.0,60.6368
Bend_pickup_lowLight_leftRight,43,,Standing,,0.38,0.0,47.2114
Bend_pickup_lowLight_leftRight,44,,Lying,,0.38,0.0,46.2974
Bend_pickup_lowLight_leftRight,45,,Lying,,0.445,0.0,43.7772
Bend_pickup_lowLight_leftRight,46,,Lying,,0.508,0.0,49.1164
Bend_pickup_lowLight_leftRight,47,,Lying,,0.55,0.0,46.5028
Bend_pickup_lowLight_leftRight,48,,Lying,,0.541,0.0,45.3581
Bend_pickup_lowLight_leftRight,49,,Lying,,0.549,0.0,42.786
Bend_pickup_lowLight_leftRight,50,,Lying,,0.533,0.0,44.316
Bend_pickup_lowLight_leftRight,51,,Lying,,0.527,0.0,69.4266
Bend_pickup_lowLight_leftRight,52,,Lying,,0.548,0.0,51.7455
Bend_pickup_lowLight_leftRight,53,,Lying,,0.511,0.0,43.1501
Bend_pickup_lowLight_leftRight,54,,Lying,,0.537,0.0,50.539
Bend_pickup_lowLight_leftRight,55,,Lying,,0.542,0.0,56.4277
Bend_pickup_lowLight_leftRight,56,,Lying,,0.512,0.0,52.3059
Bend_pickup_lowLight_leftRight,57,,Lying,,0.482,0.0,50.669
Bend_pickup_lowLight_leftRight,58,,Lying,,0.498,0.0,51.4505
Bend_pickup_lowLight_leftRight,59,,Lying,,0.545,0.0,47.4038
Bend_pickup_lowLight_leftRight,60,,Lying,,0.551,0.0,53.0637
Bend_pickup_lowLight_leftRight,61,,Lying,,0.572,0.0,50.9292
Bend_pickup_lowLight_leftRight,62,,Lying,,0.579,0.0,55.7481
Bend_pickup_lowLight_leftRight,63,,Lying,,0.588,0.0,55.9229
Bend_pickup_lowLight_leftRight,64,,Lying,,0.577,0.0,62.5074
Bend_pickup_lowLight_leftRight,65,,Lying,,0.577,0.0,65.3639
Bend_pickup_lowLight_leftRight,66,,Lying,,0.582,0.0,58.5184
Bend_pickup_lowLight_leftRight,67,,Lying,,0.595,0.0,63.6957
Bend_pickup_lowLight_leftRight,68,,Lying,,0.607,0.0,60.4508
Bend_pickup_lowLight_leftRight,69,,Lying,,0.613,0.0,53.3382
Bend_pickup_lowLight_leftRight,70,,Lying,,0.634,0.0,42.0974
Bend_pickup_lowLight_leftRight,71,,Lying,,0.666,0.0,52.6408
Bend_pickup_lowLight_leftRight,72,,Lying,,0.682,0.0,52.802
Bend_pickup_lowLight_leftRight,73,,Lying,,0.677,0.0,52.4744
Bend_pickup_lowLight_leftRight,74,,Lying,,0.685,0.0,53.7624
Bend_pickup_lowLight_leftRight,75,,Lying,,0.715,0.0,58.835
Bend_pickup_lowLight_leftRight,76,,Lying,,0.729,0.0,55.4602
Bend_pickup_lowLight_leftRight,77,,Lying,,0.742,0.0,49.0415
Bend_pickup_lowLight_leftRight,78,,Lying,,0.711,0.0,50.727
Bend_pickup_lowLight_leftRight,79,,Lying,,0.7,0.0,53.8635
Bend_pickup_lowLight_leftRight,80,,Lying,,0.734,0.0,53.3479
Bend_pickup_lowLight_leftRight,81,,Lying,,0.743,0.0,50.2218
Bend_pickup_lowLight_leftRight,82,,Lying,,0.735,0.0,46.116
Bend_pickup_lowLight_leftRight,83,,Lying,,0.698,0.0,48.9825
Bend_pickup_lowLight_leftRight,84,,Lying,,0.673,0.0,38.9096
Bend_pickup_lowLight_leftRight,85,,Lying,,0.656,0.0,50.8526
Bend_pickup_lowLight_leftRight,86,,Lying,,0.602,0.0,54.4297
Bend_pickup_lowLight_leftRight,87,,Lying,,0.587,0.0,67.2744
Bend_pickup_lowLight_leftRight,88,,Lying,,0.555,0.0,44.2912
Bend_pickup_lowLight_leftRight,89,,Lying,,0.501,0.0,48.4525
Bend_pickup_lowLight_leftRight,90,Standing,Lying,False,0.48,0.0,53.2898
Bend_pickup_lowLight_leftRight,91,Standing,Lying,False,0.475,0.0,49.8249
Bend_pickup_lowLight_leftRight,92,Standing,Lying,False,0.438,0.0,48.1023
Bend_pickup_lowLight_leftRight,93,Standing,Lying,False,0.419,0.0,55.0688
Bend_pickup_lowLight_leftRight,94,Standing,Lying,False,0.387,0.0,47.5357
Bend_pickup_lowLight_leftRight,95,Standing,Lying,False,0.37,0.0,57.7564
Bend_pickup_lowLight_leftRight,96,Standing,Lying,False,0.349,0.0,54.2892
Bend_pickup_lowLight_leftRight,97,Standing,Standing,True,0.378,0.0,45.0182
Bend_pickup_lowLight_leftRight,98,Standing,Standing,True,0.392,0.0,50.7547
Bend_pickup_lowLight_leftRight,99,Standing,Standing,True,0.439,0.0,50.3391
Bend_pickup_lowLight_leftRight,100,Standing,Standing,True,0.431,0.0,54.0885
Bend_pickup_lowLight_leftRight,101,Standing,Standing,True,0.457,0.0,38.3361
Bend_pickup_lowLight_leftRight,102,Standing,Standing,True,0.485,0.0,44.6207
Bend_pickup_lowLight_leftRight,103,Standing,Standing,True,0.528,0.0,34.1205
Bend_pickup_lowLight_leftRight,104,Standing,Standing,True,0.601,0.0,39.7525
Bend_pickup_lowLight_leftRight,105,Standing,Standing,True,0.632,0.0,44.8495
Bend_pickup_lowLight_leftRight,106,Standing,Standing,True,0.659,0.0,47.3126
Bend_pickup_lowLight_leftRight,107,Standing,Standing,True,0.689,0.0,37.5043
Bend_pickup_lowLight_leftRight,108,Standing,Standing,True,0.724,0.0,35.4622
Bend_pickup_lowLight_leftRight,109,Standing,Standing,True,0.757,0.0,59.418
Bend_pickup_lowLight_leftRight,110,Standing,Standing,True,0.776,0.0,41.0747
Bend_pickup_lowLight_leftRight,111,Standing,Standing,True,0.769,0.0,41.0972
Bend_pickup_lowLight_leftRight,112,Standing,Standing,True,0.787,0.0,50.8476
Bend_pickup_lowLight_leftRight,113,Standing,Standing,True,0.795,0.0,48.514
Bend_pickup_lowLight_leftRight,114,Standing,Standing,True,0.823,0.0,35.5061
Bend_pickup_lowLight_leftRight,115,Standing,Standing,True,0.828,0.0,37.9773
Bend_pickup_lowLight_leftRight,116,Standing,Standing,True,0.818,0.0,42.6024
Bend_pickup_lowLight_leftRight,117,Standing,Standing,True,0.799,0.0,41.1733
Bend_pickup_lowLight_leftRight,118,Standing,Standing,True,0.789,0.0,45.333
Bend_pickup_lowLight_leftRight,119,Standing,Standing,True,0.793,0.0,35.4153
Bend_pickup_lowLight_leftRight,120,Standing,Standing,True,0.796,0.0,34.8836
Bend_pickup_lowLight_leftRight,121,Standing,Standing,True,0.82,0.0,37.8166
Bend_pickup_lowLight_leftRight,122,Standing,Standing,True,0.824,0.0,31.0266
Bend_pickup_lowLight_leftRight,123,Standing,Standing,True,0.848,0.0,30.1175
Bend_pickup_lowLight_leftRight,124,Standing,Standing,True,0.865,0.0,30.2535
Bend_pickup_lowLight_leftRight,125,Standing,Standing,True,0.869,0.0,44.8725
Bend_pickup_lowLight_leftRight,126,Standing,Standing,True,0.884,0.0,35.9817
Bend_pickup_lowLight_leftRight,127,Standing,Standing,True,0.898,0.0,40.9486
Bend_pickup_lowLight_leftRight,128,Standing,Standing,True,0.913,0.0,42.6936
Bend_pickup_lowLight_leftRight,129,,Standing,,0.942,0.0,38.3529
Bend_pickup_lowLight_leftRight,130,,Standing,,0.949,0.0,32.9657
Bend_pickup_lowLight_leftRight,131,,Standing,,0.952,0.0,34.7693
Bend_pickup_lowLight_leftRight,132,,Standing,,0.949,0.0,29.098
Bend_pickup_lowLight_leftRight,133,,Standing,,0.948,0.0,35.7104
Bend_pickup_lowLight_leftRight,134,,Standing,,0.949,0.0,27.5152
Bend_pickup_lowLight_leftRight,135,,Standing,,0.95,0.0,25.8674
Bend_pickup_lowLight_leftRight,136,,Standing,,0.948,0.0,25.0299
Bend_pickup_lowLight_leftRight,137,,Standing,,0.939,0.0,25.0652
Bend_pickup_lowLight_leftRight,138,,Standing,,0.923,0.0,24.6152
Bend_pickup_lowLight_leftRight,139,,Standing,,0.921,0.0,23.5158
Bend_pickup_lowLight_leftRight,140,,Standing,,0.917,0.0,26.2031
Bend_pickup_lowLight_leftRight,141,,Standing,,0.909,0.0,22.6323
Bend_pickup_lowLight_leftRight,142,,Standing,,0.901,0.0,22.3685
Bend_pickup_lowLight_leftRight,143,,Standing,,0.879,0.0,23.5289
Bend_pickup_lowLight_leftRight,144,,Standing,,0.875,0.0,24.5511
Bend_pickup_lowLight_leftRight,145,,Standing,,0.879,0.0,23.4552
Bend_pickup_lowLight_leftRight,146,,Standing,,0.879,0.0,22.467
Bend_pickup_lowLight_leftRight,147,,Standing,,0.882,0.0,22.3336
Bend_pickup_lowLight_leftRight,148,,Standing,,0.885,0.0,22.1716
Bend_pickup_lowLight_leftRight,149,,Standing,,0.894,0.0,23.0426
Bend_pickup_lowLight_leftRight,150,,Standing,,0.903,0.0,22.2306
Bend_pickup_lowLight_leftRight,151,,Standing,,0.897,0.0,22.2143
Bend_pickup_lowLight_leftRight,152,,Standing,,0.893,0.0,22.4446
Bend_pickup_lowLight_leftRight,153,,Standing,,0.904,0.0,21.4797
Bend_pickup_lowLight_leftRight,154,,Standing,,0.901,0.0,22.1595
Bend_pickup_lowLight_leftRight,155,,Standing,,0.895,0.0,20.7434
Bend_pickup_lowLight_leftRight,156,,Standing,,0.902,0.0,21.0012
Bend_pickup_lowLight_leftRight,157,,Standing,,0.898,0.0,21.582
Bend_pickup_lowLight_leftRight,158,,Standing,,0.9,0.0,20.4737
Bend_pickup_lowLight_leftRight,159,,Standing,,0.9,0.0,20.1158
Bend_pickup_lowLight_leftRight,160,,Standing,,0.902,0.0,22.7793
Bend_pickup_lowLight_leftRight,161,,Standing,,0.861,0.0,23.8795
Bend_pickup_lowLight_leftRight,162,,Standing,,0.857,0.0,32.8798
Bend_pickup_lowLight_leftRight,163,,Standing,,0.813,0.0,34.2822
Bend_pickup_lowLight_leftRight,164,,Standing,,0.804,0.0,34.8263
Bend_pickup_lowLight_leftRight,165,,Standing,,0.686,0.0,30.6729
Bend_pickup_lowLight_leftRight,166,,Standing,,0.707,0.0,30.5233
Bend_pickup_lowLight_leftRight,167,,Standing,,0.612,0.0,31.016
Bend_pickup_lowLight_leftRight,168,,Standing,,0.563,0.0,27.3345
Bend_pickup_lowLight_leftRight,169,,Standing,,0.515,0.0,37.2796
Bend_pickup_lowLight_leftRight,170,,Standing,,0.509,0.0,37.3233
Bend_pickup_lowLight_leftRight,171,,Standing,,0.498,0.0,36.5258
Bend_pickup_lowLight_leftRight,172,,Standing,,0.504,0.0,37.0946
Bend_pickup_lowLight_leftRight,173,,Standing,,0.565,0.0,28.5925
Bend_pickup_lowLight_leftRight,174,,Standing,,0.6,0.0,31.2678
Bend_pickup_lowLight_leftRight,175,,Standing,,0.646,0.0,35.094
Bend_pickup_lowLight_leftRight,176,,Standing,,0.669,0.0,36.0502
Bend_pickup_lowLight_leftRight,177,,Standing,,0.688,0.0,29.6243
Bend_pickup_lowLight_leftRight,178,,Standing,,0.666,0.0,32.5923
Bend_pickup_lowLight_leftRight,179,,Standing,,0.684,0.0,28.3773
Bend_pickup_lowLight_leftRight,180,,Standing,,0.716,0.0,29.5932
Bend_pickup_lowLight_leftRight,181,,Standing,,0.709,0.0,27.8513
Bend_pickup_lowLight_leftRight,182,,Standing,,0.678,0.0,30.7253
Bend_pickup_lowLight_leftRight,183,,Standing,,0.655,0.0,32.4146
Bend_pickup_lowLight_leftRight,184,,Standing,,0.572,0.0,28.4903
Bend_pickup_lowLight_leftRight,185,,Standing,,0.517,0.0,27.1215
Bend_pickup_lowLight_leftRight,186,,Standing,,0.449,0.0,28.0543
Bend_pickup_lowLight_leftRight,187,,Standing,,0.37,0.0,25.7086
Bend_pickup_lowLight_leftRight,188,,Lying,,0.413,0.0,26.2063
Bend_pickup_lowLight_leftRight,189,,Lying,,0.436,0.0,26.0217
Bend_pickup_lowLight_leftRight,190,,Lying,,0.472,0.0,30.6375
Bend_pickup_lowLight_leftRight,191,,Lying,,0.5,0.0,26.6059
Bend_pickup_lowLight_leftRight,192,,Lying,,0.522,0.0,29.8143
Bend_pickup_lowLight_leftRight,193,,Lying,,0.508,0.0,25.8119
Bend_pickup_lowLight_leftRight,194,,Lying,,0.51,0.0,32.0361
Bend_pickup_lowLight_leftRight,195,,Lying,,0.523,0.0,29.3637
Bend_pickup_lowLight_leftRight,196,,Lying,,0.455,0.0,24.6412
Bend_pickup_lowLight_leftRight,197,,Lying,,0.419,0.0,24.929
Bend_pickup_lowLight_leftRight,198,,Lying,,0.352,0.0,23.9975
Bend_pickup_lowLight_leftRight,199,,Lying,,0.323,0.0,23.0574
Bend_pickup_lowLight_leftRight,200,,Standing,,0.312,0.0,23.2142
Bend_pickup_lowLight_leftRight,201,,Standing,,0.366,0.0,22.3647
Bend_pickup_lowLight_leftRight,202,,Standing,,0.405,0.0,22.681
Bend_pickup_lowLight_leftRight,203,,Standing,,0.419,0.0,23.1426
Bend_pickup_lowLight_leftRight,204,,Standing,,0.471,0.0,25.4092
Bend_pickup_lowLight_leftRight,205,,Standing,,0.455,0.0,21.7474
Bend_pickup_lowLight_leftRight,206,Standing,Standing,True,0.489,0.0,22.8955
Bend_pickup_lowLight_leftRight,207,Standing,Standing,True,0.485,0.0,22.0154
Bend_pickup_lowLight_leftRight,208,Standing,Standing,True,0.492,0.0,23.8081
Bend_pickup_lowLight_leftRight,209,Standing,Standing,True,0.49,0.0,21.3465
Bend_pickup_lowLight_leftRight,210,Standing,Standing,True,0.526,0.0,24.529
Bend_pickup_lowLight_leftRight,211,Standing,Standing,True,0.52,0.0,22.9358
Bend_pickup_lowLight_leftRight,212,Standing,Standing,True,0.525,0.0,21.2009
Bend_pickup_lowLight_leftRight,213,Standing,Standing,True,0.535,0.0,20.5141
Bend_pickup_lowLight_leftRight,214,Standing,Standing,True,0.54,0.0,21.9677
Bend_pickup_lowLight_leftRight,215,Standing,Standing,True,0.581,0.0,21.1913
Bend_pickup_lowLight_leftRight,216,Standing,Standing,True,0.597,0.0,21.5472
Bend_pickup_lowLight_leftRight,217,Standing,Standing,True,0.614,0.0,21.2966
Bend_pickup_lowLight_leftRight,218,Standing,Standing,True,0.637,0.0,20.0062
Bend_pickup_lowLight_leftRight,219,Standing,Standing,True,0.643,0.0,21.2421
Bend_pickup_lowLight_leftRight,220,Standing,Standing,True,0.667,0.0,20.1254
Bend_pickup_lowLight_leftRight,221,Standing,Standing,True,0.704,0.0,19.8266
Bend_pickup_lowLight_leftRight,222,Standing,Standing,True,0.709,0.0,19.3964
Bend_pickup_lowLight_leftRight,223,Standing,Standing,True,0.718,0.0,19.9989
Bend_pickup_lowLight_leftRight,224,Standing,Standing,True,0.727,0.0,19.9367
Bend_pickup_lowLight_leftRight,225,Standing,Standing,True,0.761,0.0,21.0336
Bend_pickup_lowLight_leftRight,226,Standing,Standing,True,0.781,0.0,24.5445
Bend_pickup_lowLight_leftRight,227,Standing,Standing,True,0.783,0.0,20.5687
Bend_pickup_lowLight_leftRight,228,Standing,Standing,True,0.784,0.0,21.5291
Bend_pickup_lowLight_leftRight,229,Standing,Standing,True,0.803,0.0,23.9945
Bend_pickup_lowLight_leftRight,230,Standing,Standing,True,0.818,0.0,21.0757
Bend_pickup_lowLight_leftRight,231,Standing,Standing,True,0.839,0.0,19.9415
Bend_pickup_lowLight_leftRight,232,Standing,Standing,True,0.839,0.0,20.3482
Bend_pickup_lowLight_leftRight,233,,Standing,,0.851,0.0,20.3367
Bend_pickup_lowLight_leftRight,234,,Standing,,0.868,0.0,20.3427
Bend_pickup_lowLight_leftRight,235,,Standing,,0.878,0.0,25.8659
Bend_pickup_lowLight_leftRight,236,,Standing,,0.885,0.0,21.7531
Bend_pickup_lowLight_leftRight,237,,Standing,,0.895,0.0,27.1901
Bend_pickup_lowLight_leftRight,238,,Standing,,0.907,0.0,26.761
Bend_pickup_lowLight_leftRight,239,,Standing,,0.91,0.0,25.3146
Bend_pickup_lowLight_leftRight,240,,Standing,,0.907,0.0,28.5916
Bend_pickup_lowLight_leftRight,241,,Standing,,0.913,0.0,23.4425
Bend_pickup_lowLight_leftRight,242,,Standing,,0.914,0.0,24.5513
Bend_pickup_normalLight_back,31,Standing,Standing,True,0.946,0.0,26.1721
Bend_pickup_normalLight_back,32,Standing,Standing,True,0.949,0.0,28.1364
Bend_pickup_normalLight_back,33,Standing,Standing,True,0.945,0.0,36.1278
Bend_pickup_normalLight_back,34,Standing,Standing,True,0.932,0.0,24.9795
Bend_pickup_normalLight_back,35,Standing,Standing,True,0.927,0.0,26.2306
Bend_pickup_normalLight_back,36,Standing,Standing,True,0.898,0.0,27.6121
Bend_pickup_normalLight_back,37,Standing,Standing,True,0.907,0.0,35.2134
Bend_pickup_normalLight_back,38,Standing,Standing,True,0.925,0.0,28.7112
Bend_pickup_normalLight_back,39,Standing,Standing,True,0.918,0.0,26.5893
Bend_pickup_normalLight_back,40,Standing,Standing,True,0.91,0.0,29.5492
Bend_pickup_normalLight_back,41,Standing,Standing,True,0.914,0.0,33.2278
Bend_pickup_normalLight_back,42,Standing,Standing,True,0.925,0.0,24.2608
Bend_pickup_normalLight_back,43,Standing,Standing,True,0.93,0.0,25.3327
Bend_pickup_normalLight_back,44,Standing,Standing,True,0.929,0.0,24.6861
Bend_pickup_normalLight_back,45,Standing,Standing,True,0.926,0.0,25.0358
Bend_pickup_normalLight_back,46,Standing,Standing,True,0.93,0.0,23.8805
Bend_pickup_normalLight_back,47,Standing,Standing,True,0.92,0.0,24.041
Bend_pickup_normalLight_back,48,Standing,Standing,True,0.919,0.0,23.8005
Bend_pickup_normalLight_back,49,Standing,Standing,True,0.911,0.0,22.0959
Bend_pickup_normalLight_back,50,Standing,Standing,True,0.911,0.0,22.9117
Bend_pickup_normalLight_back,51,Standing,Standing,True,0.912,0.0,24.1816
Bend_pickup_normalLight_back,52,Standing,Standing,True,0.907,0.0,22.9458
Bend_pickup_normalLight_back,53,Standing,Standing,True,0.911,0.0,24.1808
Bend_pickup_normalLight_back,54,Standing,Standing,True,0.919,0.0,21.9241
Bend_pickup_normalLight_back,55,Standing,Standing,True,0.924,0.0,24.1559
Bend_pickup_normalLight_back,56,Standing,Standing,True,0.928,0.0,22.8107
Bend_pickup_normalLight_back,57,Standing,Standing,True,0.937,0.0,21.6965
Bend_pickup_normalLight_back,58,,Standing,,0.94,0.0,21.436
Bend_pickup_normalLight_back,59,,Standing,,0.944,0.0,22.3247
Bend_pickup_normalLight_back,60,,Standing,,0.943,0.0,21.6765
Bend_pickup_normalLight_back,61,,Standing,,0.948,0.0,21.9311
Bend_pickup_normalLight_back,62,,Standing,,0.951,0.0,21.4347
Bend_pickup_normalLight_back,63,,Standing,,0.945,0.0,26.2943
Bend_pickup_normalLight_back,64,,Standing,,0.943,0.0,24.5949
Bend_pickup_normalLight_back,65,,Standing,,0.937,0.0,21.5403
Bend_pickup_normalLight_back,66,,Standing,,0.934,0.0,22.5123
Bend_pickup_normalLight_back,67,,Standing,,0.894,0.0,20.5471
Bend_pickup_normalLight_back,68,,Standing,,0.84,0.0,21.3144
Bend_pickup_normalLight_back,69,,Standing,,0.743,0.0,20.7532
Bend_pickup_normalLight_back,70,,Standing,,0.661,0.0,21.3566
Bend_pickup_normalLight_back,71,,Standing,,0.585,0.0,21.972
Bend_pickup_normalLight_back,72,,Standing,,0.53,0.0,20.0451
Bend_pickup_normalLight_back,73,,Standing,,0.525,0.0,24.0272
Bend_pickup_normalLight_back,74,,Standing,,0.545,0.0,24.1175
Bend_pickup_normalLight_back,75,,Standing,,0.569,0.0,20.2812
Bend_pickup_normalLight_back,76,,Standing,,0.602,0.0,21.0623
Bend_pickup_normalLight_back,77,,Standing,,0.642,0.0,20.4016
Bend_pickup_normalLight_back,78,,Standing,,0.692,0.0,20.3213
Bend_pickup_normalLight_back,79,,Standing,,0.759,0.0,21.8006
Bend_pickup_normalLight_back,80,,Standing,,0.822,0.0,19.7618
Bend_pickup_normalLight_back,81,,Standing,,0.863,0.0,19.4963
Bend_pickup_normalLight_back,82,,Standing,,0.906,0.0,19.7442
Bend_pickup_normalLight_back,83,,Standing,,0.909,0.0,20.0479
Bend_pickup_normalLight_back,84,,Standing,,0.929,0.0,19.5368
Bend_pickup_normalLight_back,85,,Standing,,0.936,0.0,25.434
Bend_pickup_normalLight_back,86,,Standing,,0.946,0.0,29.5537
Bend_pickup_normalLight_back,87,,Standing,,0.937,0.0,25.7698
Bend_pickup_normalLight_back,88,,Standing,,0.942,0.0,32.0027
Bend_pickup_normalLight_back,89,,Standing,,0.931,0.0,36.6963
Bend_pickup_normalLight_back,90,,Standing,,0.928,0.0,32.2886
Bend_pickup_normalLight_back,91,,Standing,,0.928,0.0,25.7548
Bend_pickup_normalLight_back,92,,Standing,,0.91,0.0,27.7546
Bend_pickup_normalLight_back,93,,Standing,,0.875,0.0,30.8075
Bend_pickup_normalLight_back,94,,Standing,,0.812,0.0,31.7971
Bend_pickup_normalLight_back,95,,Standing,,0.769,0.0,35.4238
Bend_pickup_normalLight_back,96,,Standing,,0.759,0.0,30.9542
Bend_pickup_normalLight_back,97,,Standing,,0.777,0.0,28.8543
Bend_pickup_normalLight_back,98,,Standing,,0.719,0.0,39.7427
Bend_pickup_normalLight_back,99,,Standing,,0.704,0.0,39.6352
Bend_pickup_normalLight_back,100,,Standing,,0.64,1.0,32.2274
Bend_pickup_normalLight_back,101,,Standing,,0.574,0.0,28.8412
Bend_pickup_normalLight_back,102,,Standing,,0.562,0.0,26.4644
Bend_pickup_normalLight_back,103,,Standing,,0.581,0.0,26.0287
Bend_pickup_normalLight_back,104,,Standing,,0.56,0.0,27.4622
Bend_pickup_normalLight_back,105,,Standing,,0.567,0.0,26.4481
Bend_pickup_normalLight_back,106,,Standing,,0.579,0.0,28.7515
Bend_pickup_normalLight_back,107,,Standing,,0.559,0.0,26.7514
Bend_pickup_normalLight_back,108,,Standing,,0.573,0.0,25.2024
Bend_pickup_normalLight_back,109,,Standing,,0.562,0.0,25.6605
Bend_pickup_normalLight_back,110,,Standing,,0.568,0.0,25.9085
Bend_pickup_normalLight_back,111,,Standing,,0.552,0.0,25.656
Bend_pickup_normalLight_back,112,,Standing,,0.557,0.0,31.6815
Bend_pickup_normalLight_back,113,,Standing,,0.547,0.0,24.8027
Bend_pickup_normalLight_back,114,,Standing,,0.56,0.0,27.6587
Bend_pickup_normalLight_back,115,,Standing,,0.568,0.0,27.7324
Bend_pickup_normalLight_back,116,,Standing,,0.586,0.0,25.9606
Bend_pickup_normalLight_back,117,,Standing,,0.605,0.0,25.2567
Bend_pickup_normalLight_back,118,,Standing,,0.636,0.0,31.8957
Bend_pickup_normalLight_back,119,,Standing,,0.635,0.0,25.6224
Bend_pickup_normalLight_back,120,,Standing,,0.649,0.0,23.7513
Bend_pickup_normalLight_back,121,,Standing,,0.629,0.0,29.0424
Bend_pickup_normalLight_back,122,,Standing,,0.621,0.0,24.8862
Bend_pickup_normalLight_back,123,,Standing,,0.616,0.0,25.9462
Bend_pickup_normalLight_back,124,,Standing,,0.637,0.0,24.9302
Bend_pickup_normalLight_back,125,,Standing,,0.636,0.0,25.9244
Bend_pickup_normalLight_back,126,,Standing,,0.624,0.0,25.3744
Bend_pickup_normalLight_back,127,,Standing,,0.632,0.0,24.6405
Bend_pickup_normalLight_back,128,,Standing,,0.615,0.0,24.482
Bend_pickup_normalLight_back,129,,Standing,,0.606,0.0,27.9068
Bend_pickup_normalLight_back,130,,Standing,,0.676,0.0,30.3987
Bend_pickup_normalLight_back,131,,Standing,,0.719,0.0,25.6966
Bend_pickup_normalLight_back,132,,Standing,,0.733,0.0,23.4884
Bend_pickup_normalLight_back,133,,Standing,,0.745,0.0,26.2583
Bend_pickup_normalLight_back,134,,Standing,,0.772,0.0,24.8032
Bend_pickup_normalLight_back,135,,Standing,,0.785,0.0,25.8896
Bend_pickup_normalLight_back,136,,Standing,,0.794,0.0,28.9395
Bend_pickup_normalLight_back,137,,Standing,,0.812,0.0,34.4849
Bend_pickup_normalLight_back,138,,Standing,,0.815,0.0,36.8441
Bend_pickup_normalLight_back,139,,Standing,,0.819,0.0,36.3701
Bend_pickup_normalLight_back,140,,Standing,,0.815,0.0,35.4494
Bend_pickup_normalLight_back,141,,Standing,,0.845,0.0,38.6366
Bend_pickup_normalLight_back,142,,Standing,,0.856,0.0,35.5957
Bend_pickup_normalLight_back,143,,Standing,,0.866,0.0,36.5093
Bend_pickup_normalLight_back,144,,Standing,,0.9,0.0,33.8174
Bend_pickup_normalLight_back,145,,Standing,,0.905,0.0,32.9833
Bend_pickup_normalLight_back,146,Standing,Standing,True,0.909,0.0,30.1515
Bend_pickup_normalLight_back,147,Standing,Standing,True,0.922,0.0,33.826
Bend_pickup_normalLight_back,148,Standing,Standing,True,0.918,0.0,38.1577
Bend_pickup_normalLight_back,149,Standing,Standing,True,0.914,0.0,43.6972
Bend_pickup_normalLight_back,150,Standing,Standing,True,0.911,0.0,34.0358
Bend_pickup_normalLight_back,151,Standing,Standing,True,0.913,0.0,33.2233
Bend_pickup_normalLight_back,152,Standing,Standing,True,0.904,0.0,26.741
Bend_pickup_normalLight_back,153,Standing,Standing,True,0.897,0.0,25.9573
Bend_pickup_normalLight_back,154,Standing,Standing,True,0.9,0.0,38.5535
Bend_pickup_normalLight_back,155,Standing,Standing,True,0.921,0.0,35.312
Bend_pickup_normalLight_back,156,Standing,Standing,True,0.931,0.0,33.0764
Bend_pickup_normalLight_back,157,Standing,Standing,True,0.94,0.0,34.5768
Bend_pickup_normalLight_back,158,Standing,Standing,True,0.946,0.0,28.1644
Bend_pickup_normalLight_back,159,Standing,Standing,True,0.947,0.0,28.6365
Bend_pickup_normalLight_back,160,Standing,Standing,True,0.946,0.0,29.3057
Bend_pickup_normalLight_back,161,Standing,Standing,True,0.945,0.0,28.4155
Bend_pickup_normalLight_back,162,Standing,Standing,True,0.945,0.0,31.6603
Bend_pickup_normalLight_back,163,Standing,Standing,True,0.94,0.0,37.0999
Bend_pickup_normalLight_back,164,Standing,Standing,True,0.948,0.0,36.7929
Bend_pickup_normalLight_back,165,Standing,Standing,True,0.949,0.0,31.4543
Bend_pickup_normalLight_back,166,Standing,Standing,True,0.949,0.0,33.64
Bend_pickup_normalLight_back,167,Standing,Standing,True,0.947,0.0,27.7382
Bend_pickup_normalLight_back,168,Standing,Standing,True,0.948,0.0,32.6072
Bend_pickup_normalLight_back,169,Standing,Standing,True,0.942,0.0,32.6909
Bend_pickup_normalLight_back,170,Standing,Standing,True,0.952,0.0,51.4804
Bend_pickup_normalLight_back,171,Standing,Standing,True,0.932,0.0,73.2229
Bend_pickup_normalLight_back,172,Standing,Standing,True,0.904,0.0,60.6001
Bend_pickup_normalLight_back,173,Standing,Standing,True,0.84,0.0,49.0076
Bend_pickup_normalLight_back,174,Standing,Standing,True,0.799,0.0,39.8831
Bend_pickup_normalLight_back,175,,Standing,,0.768,0.0,43.4116
Bend_pickup_normalLight_back,176,,Standing,,0.757,0.0,34.7795
Bend_pickup_normalLight_back,177,,Standing,,0.749,0.0,38.317
Bend_pickup_normalLight_back,178,,Standing,,0.76,0.0,39.995
Bend_pickup_normalLight_back,179,,Standing,,0.796,0.0,29.4695
Bend_pickup_normalLight_back,180,,Standing,,0.828,0.0,28.0745
Bend_pickup_normalLight_back,181,,Standing,,0.856,0.0,32.3459
Bend_pickup_normalLight_back,182,,Standing,,0.872,0.0,33.9496
Bend_pickup_normalLight_back,183,,Standing,,0.894,0.0,44.4796
Bend_pickup_normalLight_back,184,,Standing,,0.918,0.0,48.255
Bend_pickup_normalLight_back,185,,Standing,,0.92,0.0,49.0889
Bend_pickup_normalLight_back,186,,Standing,,0.933,0.0,40.1282
Bend_pickup_normalLight_back,187,,Standing,,0.933,0.0,30.6192
Bend_pickup_normalLight_back,188,,Standing,,0.924,0.0,29.2197
Bend_pickup_normalLight_back,189,,Standing,,0.927,0.0,30.1011
Bend_pickup_normalLight_back,190,,Standing,,0.913,0.0,30.263
Bend_pickup_normalLight_back,191,,Standing,,0.909,0.0,28.4895
Bend_pickup_normalLight_back,192,,Standing,,0.907,0.0,28.7547
Bend_pickup_normalLight_back,193,,Standing,,0.914,0.0,27.4325
Bend_pickup_normalLight_back,194,,Standing,,0.907,0.0,33.5356
Bend_pickup_normalLight_back,195,,Standing,,0.895,0.0,33.6053
Bend_pickup_normalLight_back,196,,Standing,,0.868,0.0,39.6576
Bend_pickup_normalLight_back,197,,Standing,,0.844,0.0,48.4752
Bend_pickup_normalLight_back,198,,Standing,,0.83,0.0,49.7153
Bend_pickup_normalLight_back,199,,Standing,,0.806,0.0,41.7106
Bend_pickup_normalLight_back,200,,Standing,,0.757,0.0,50.3619
Bend_pickup_normalLight_back,201,,Standing,,0.729,0.0,34.7304
Bend_pickup_normalLight_back,202,,Standing,,0.684,0.0,36.2228
Bend_pickup_normalLight_back,203,,Standing,,0.671,0.0,32.23
Bend_pickup_normalLight_back,204,,Standing,,0.64,0.0,28.7665
Bend_pickup_normalLight_back,205,,Standing,,0.627,0.0,33.208
Bend_pickup_normalLight_back,206,,Standing,,0.624,0.0,35.544
Bend_pickup_normalLight_back,207,,Standing,,0.593,0.0,27.6567
Bend_pickup_normalLight_back,208,,Standing,,0.536,0.0,31.5013
Bend_pickup_normalLight_back,209,,Standing,,0.45,0.0,29.3513
Bend_pickup_normalLight_back,210,,Standing,,0.395,0.0,30.9977
Bend_pickup_normalLight_back,211,,Sitting,,0.368,0.0,34.5162
Bend_pickup_normalLight_back,212,,Sitting,,0.397,0.0,38.8298
Bend_pickup_normalLight_back,213,,Sitting,,0.456,0.0,32.266
Bend_pickup_normalLight_back,214,,Sitting,,0.494,0.0,37.9974
Bend_pickup_normalLight_back,215,,Sitting,,0.523,0.0,35.7846
Bend_pickup_normalLight_back,216,,Sitting,,0.528,0.0,46.3827
Bend_pickup_normalLight_back,217,,Sitting,,0.54,0.0,30.8418
Bend_pickup_normalLight_back,218,,Sitting,,0.528,0.0,31.0186
Bend_pickup_normalLight_back,219,,Sitting,,0.485,0.0,29.4942
Bend_pickup_normalLight_back,220,,Sitting,,0.421,0.0,32.7541
Bend_pickup_normalLight_back,221,,Sitting,,0.391,0.0,29.1116
Bend_pickup_normalLight_back,222,,Lying,,0.359,0.0,27.8257
Bend_pickup_normalLight_back,223,,Lying,,0.384,0.0,31.1772
Bend_pickup_normalLight_back,224,,Lying,,0.407,0.0,39.5286
Bend_pickup_normalLight_back,225,,Lying,,0.417,0.0,30.8224
Bend_pickup_normalLight_back,226,,Lying,,0.416,0.0,33.9194
Bend_pickup_normalLight_back,227,,Lying,,0.443,0.0,32.598
Bend_pickup_normalLight_back,228,,Lying,,0.452,0.0,39.2921
Bend_pickup_normalLight_back,229,,Lying,,0.464,0.0,35.1758
Bend_pickup_normalLight_back,230,,Lying,,0.482,0.0,52.9691
Bend_pickup_normalLight_back,231,,Lying,,0.468,0.0,31.3359
Bend_pickup_normalLight_back,232,,Lying,,0.481,0.0,34.9519
Bend_pickup_normalLight_back,233,,Lying,,0.5,0.0,32.4697
Bend_pickup_normalLight_back,234,,Lying,,0.479,0.0,29.2694
Bend_pickup_normalLight_back,235,,Lying,,0.478,0.0,36.4088
Bend_pickup_normalLight_back,236,,Lying,,0.424,0.0,27.9122
Bend_pickup_normalLight_back,237,,Lying,,0.389,0.0,32.7948
Bend_pickup_normalLight_back,238,,Lying,,0.395,0.0,29.288
Bend_pickup_normalLight_back,239,,Lying,,0.35,0.0,41.104
Bend_pickup_normalLight_back,240,,Lying,,0.338,0.0,36.1467
Bend_pickup_normalLight_back,241,,Lying,,0.338,0.0,38.9704
Bend_pickup_normalLight_back,242,,Lying,,0.308,0.0,39.9903
Bend_pickup_normalLight_back,243,,Lying,,0.316,0.0,42.7725
Bend_pickup_normalLight_back,244,,Lying,,0.335,0.0,47.9869
Bend_pickup_normalLight_back,245,,Lying,,0.321,0.0,40.8057
Bend_pickup_normalLight_back,246,,Lying,,0.307,0.0,29.021
Bend_pickup_normalLight_back,247,,Lying,,0.285,0.0,30.7268
Bend_pickup_normalLight_back,248,,Standing,,0.28,0.0,32.0261
Bend_pickup_normalLight_back,249,,Standing,,0.324,0.0,31.0182
Bend_pickup_normalLight_back,250,,Standing,,0.349,0.0,30.1816
Bend_pickup_normalLight_back,251,,Standing,,0.432,0.0,39.8095
Bend_pickup_normalLight_back,252,,Standing,,0.495,0.0,29.8787
Bend_pickup_normalLight_back,253,,Standing,,0.479,0.0,34.4596
Bend_pickup_normalLight_back,254,,Standing,,0.475,0.0,30.1926
Bend_pickup_normalLight_back,255,,Standing,,0.442,0.0,36.5459
Bend_pickup_normalLight_back,256,,Standing,,0.418,0.0,37.5612
Bend_pickup_normalLight_back,257,,Standing,,0.459,0.0,28.6537
Bend_pickup_normalLight_back,258,,Standing,,0.465,0.0,33.434
Bend_pickup_normalLight_back,259,,Standing,,0.498,0.0,41.3734
Bend_pickup_normalLight_back,260,,Standing,,0.507,0.0,35.5255
Bend_pickup_normalLight_back,261,,Standing,,0.548,0.0,38.925
Bend_pickup_normalLight_back,262,Standing,Standing,True,0.59,0.0,30.2133
Bend_pickup_normalLight_back,263,Standing,Standing,True,0.652,0.0,35.2696
Bend_pickup_normalLight_back,264,Standing,Standing,True,0.707,0.0,32.3929
Bend_pickup_normalLight_back,265,Standing,Standing,True,0.707,0.0,38.2054
Bend_pickup_normalLight_back,266,Standing,Standing,True,0.711,0.0,34.9873
Bend_pickup_normalLight_back,267,Standing,Standing,True,0.743,0.0,35.9633
Bend_pickup_normalLight_back,268,Standing,Standing,True,0.761,0.0,45.8142
Bend_pickup_normalLight_back,269,Standing,Standing,True,0.752,0.0,50.7888
Bend_pickup_normalLight_back,270,Standing,Standing,True,0.764,0.0,49.8247
Bend_pickup_normalLight_back,271,Standing,Standing,True,0.775,0.0,36.4521
Bend_pickup_normalLight_back,272,Standing,Standing,True,0.78,0.0,29.9038
Bend_pickup_normalLight_back,273,Standing,Standing,True,0.765,0.0,31.7646
Bend_pickup_normalLight_back,274,Standing,Standing,True,0.779,0.0,38.6878
Bend_pickup_normalLight_back,275,Standing,Standing,True,0.76,0.0,32.9187
Bend_pickup_normalLight_back,276,Standing,Standing,True,0.75,0.0,46.704
Bend_pickup_normalLight_back,277,Standing,Standing,True,0.716,0.0,45.2579
Bend_pickup_normalLight_back,278,Standing,Standing,True,0.696,0.0,36.4749
Bend_pickup_normalLight_back,279,Standing,Standing,True,0.7,0.0,43.9214
Bend_pickup_normalLight_back,280,Standing,Standing,True,0.715,0.0,31.5543
Bend_pickup_normalLight_back,281,Standing,Standing,True,0.746,0.0,31.5406
Bend_pickup_normalLight_back,282,Standing,Standing,True,0.769,0.0,41.8092
Bend_pickup_normalLight_back,283,Standing,Standing,True,0.79,0.0,47.0873
Bend_pickup_normalLight_back,284,Standing,Standing,True,0.812,0.0,37.3697
Bend_pickup_normalLight_back,285,Standing,Standing,True,0.84,0.0,56.3289
Bend_pickup_normalLight_back,286,Standing,Standing,True,0.834,0.0,50.9451
Bend_pickup_normalLight_back,287,Standing,Standing,True,0.866,0.0,54.2413
Bend_pickup_normalLight_back,288,Standing,Standing,True,0.873,0.0,56.0754
Bend_pickup_normalLight_back,289,Standing,Standing,True,0.879,0.0,52.1977
Bend_pickup_normalLight_back,290,Standing,Standing,True,0.884,0.0,48.8501
Bend_pickup_normalLight_back,291,Standing,Standing,True,0.881,0.0,48.2161
Bend_pickup_normalLight_back,292,,Standing,,0.876,0.0,49.1259
Bend_pickup_normalLight_back,293,,Standing,,0.875,0.0,54.889
Bend_pickup_normalLight_back,294,,Standing,,0.869,0.0,59.4223
Bend_pickup_normalLight_back,295,,Standing,,0.856,0.0,56.6378
Bend_pickup_normalLight_back,296,,Standing,,0.816,0.0,52.6947
Bend_pickup_normalLight_back,297,,Standing,,0.763,0.0,57.606
Bend_pickup_normalLight_back,298,,Standing,,0.716,0.0,54.2638
Bend_pickup_normalLight_back,299,,Standing,,0.655,0.0,40.3236
Bend_pickup_normalLight_back,300,,Standing,,0.625,0.0,40.227
Bend_pickup_normalLight_back,301,,Standing,,0.581,0.0,34.9698
Bend_pickup_normalLight_back,302,,Standing,,0.54,0.0,38.492
Bend_pickup_normalLight_back,303,,Standing,,0.537,0.0,52.2706
Bend_pickup_normalLight_back,304,,Standing,,0.517,0.0,50.1766
Bend_pickup_normalLight_back,305,,Standing,,0.473,0.0,45.916
Bend_pickup_normalLight_back,306,,Standing,,0.451,0.0,45.632
Bend_pickup_normalLight_back,307,,Standing,,0.431,0.0,41.2982
Bend_pickup_normalLight_back,308,,Standing,,0.44,0.0,44.7833
Bend_pickup_normalLight_back,309,,Standing,,0.445,0.0,45.437
Bend_pickup_normalLight_back,310,,Standing,,0.451,0.0,47.7082
Bend_pickup_normalLight_back,311,,Standing,,0.475,0.0,43.8672
Bend_pickup_normalLight_back,312,,Standing,,0.509,0.0,40.3017
Bend_pickup_normalLight_back,313,,Standing,,0.563,0.0,33.9699
Bend_pickup_normalLight_back,314,,Standing,,0.623,0.0,49.1226
Bend_pickup_normalLight_back,315,,Standing,,0.683,0.0,43.2666
Bend_pickup_normalLight_back,316,,Standing,,0.755,0.0,43.94
Bend_pickup_normalLight_back,317,,Standing,,0.771,0.0,50.3269
Bend_pickup_normalLight_back,318,,Standing,,0.811,0.0,43.2048
Bend_pickup_normalLight_back,319,,Standing,,0.835,0.0,35.7439
Bend_pickup_normalLight_back,320,,Standing,,0.854,0.0,33.6982
Bend_pickup_normalLight_back,321,,Standing,,0.859,0.0,30.4609
Bend_pickup_normalLight_back,322,,Standing,,0.86,0.0,31.0671
Bend_pickup_normalLight_back,323,,Standing,,0.87,0.0,33.352
Bend_pickup_normalLight_back,324,,Standing,,0.848,0.0,32.3136
Bend_pickup_normalLight_back,325,,Standing,,0.821,0.0,30.8176
Bend_pickup_normalLight_back,326,,Standing,,0.811,0.0,32.5637
Bend_pickup_normalLight_back,327,,Standing,,0.773,0.0,29.3906
Bend_pickup_normalLight_back,328,,Standing,,0.763,0.0,32.623
Bend_pickup_normalLight_back,329,,Standing,,0.76,0.0,31.8484
Bend_pickup_normalLight_back,330,,Standing,,0.746,0.0,31.6113
Bend_pickup_normalLight_back,331,,Standing,,0.729,0.0,29.009
Bend_pickup_normalLight_back,332,,Standing,,0.695,0.0,40.539
Bend_pickup_normalLight_back,333,,Standing,,0.696,0.0,37.2493
Bend_pickup_normalLight_back,334,,Standing,,0.633,0.0,29.2065
Bend_pickup_normalLight_back,335,,Standing,,0.619,0.0,32.8779
Bend_pickup_normalLight_back,336,,Standing,,0.619,0.0,29.1455
Bend_pickup_normalLight_back,337,,Standing,,0.602,0.0,31.3209
Bend_pickup_normalLight_back,338,,Standing,,0.561,0.0,43.3224
Bend_pickup_normalLight_back,339,,Standing,,0.489,0.0,33.7514
Bend_pickup_normalLight_back,340,,Standing,,0.4,0.0,36.8144
Bend_pickup_normalLight_back,341,,Sitting,,0.428,0.0,47.4754
Bend_pickup_normalLight_back,342,,Sitting,,0.531,0.0,45.1
Bend_pickup_normalLight_back,343,,Sitting,,0.583,0.0,35.6015
Bend_pickup_normalLight_back,344,,Sitting,,0.625,0.0,34.7028
Bend_pickup_normalLight_back,345,,Sitting,,0.618,0.0,27.715
Bend_pickup_normalLight_back,346,,Sitting,,0.622,0.0,28.5014
Bend_pickup_normalLight_back,347,,Sitting,,0.621,0.0,26.7629
Bend_pickup_normalLight_back,348,,Sitting,,0.609,0.0,28.7081
Bend_pickup_normalLight_back,349,,Sitting,,0.637,0.0,27.7494
Bend_pickup_normalLight_back,350,,Sitting,,0.638,0.0,28.7579
Bend_pickup_normalLight_back,351,,Sitting,,0.631,0.0,27.5337
Bend_pickup_normalLight_back,352,,Sitting,,0.608,0.0,30.6099
Bend_pickup_normalLight_back,353,,Sitting,,0.638,0.0,45.2098
Bend_pickup_normalLight_back,354,,Sitting,,0.64,0.0,36.198
Bend_pickup_normalLight_back,355,,Sitting,,0.631,0.0,28.0534
Bend_pickup_normalLight_back,356,,Sitting,,0.635,0.0,31.297
Bend_pickup_normalLight_back,357,,Sitting,,0.647,0.0,23.4711
Bend_pickup_normalLight_back,358,,Sitting,,0.646,0.0,24.6815
Bend_pickup_normalLight_back,359,,Sitting,,0.633,0.0,24.2538
Bend_pickup_normalLight_back,360,,Sitting,,0.619,0.0,23.4995
Bend_pickup_normalLight_back,361,,Sitting,,0.627,0.0,27.6356
Bend_pickup_normalLight_back,362,,Sitting,,0.62,0.0,28.7713
Bend_pickup_normalLight_back,363,,Sitting,,0.634,0.0,28.0085
Bend_pickup_normalLight_back,364,,Sitting,,0.624,0.0,24.4458
Bend_pickup_normalLight_back,365,,Sitting,,0.634,0.0,24.7507
Bend_pickup_normalLight_back,366,,Sitting,,0.603,0.0,24.5804
Bend_pickup_normalLight_back,367,,Sitting,,0.591,0.0,25.9813
Bend_pickup_normalLight_back,368,,Sitting,,0.587,0.0,25.7333
Bend_pickup_normalLight_back,369,,Sitting,,0.578,0.0,23.9404
Bend_pickup_normalLight_back,370,,Sitting,,0.573,0.0,24.2578
Bend_pickup_normalLight_back,371,,Sitting,,0.553,0.0,23.597
Bend_pickup_normalLight_back,372,,Sitting,,0.546,0.0,26.292
Bend_pickup_normalLight_back,373,,Sitting,,0.555,0.0,25.7271
Bend_pickup_normalLight_back,374,,Sitting,,0.527,0.0,23.7547
Bend_pickup_normalLight_back,375,,Sitting,,0.535,0.0,25.3174
Bend_pickup_normalLight_back,376,,Sitting,,0.539,0.0,24.9029
Bend_pickup_normalLight_back,377,,Sitting,,0.537,0.0,24.3218
Bend_pickup_normalLight_back,378,,Sitting,,0.54,0.0,28.4487
Bend_pickup_normalLight_back,379,,Sitting,,0.549,0.0,28.3111
Bend_pickup_normalLight_back,380,,Sitting,,0.541,0.0,37.2426
Bend_pickup_normalLight_back,381,,Sitting,,0.558,0.0,33.722
Bend_pickup_normalLight_back,382,,Sitting,,0.572,0.0,27.8778
Bend_pickup_normalLight_back,383,,Sitting,,0.598,0.0,24.3917
Bend_pickup_normalLight_back,384,,Sitting,,0.595,0.0,30.97
Bend_pickup_normalLight_back,385,,Sitting,,0.616,0.0,29.1572
Bend_pickup_normalLight_back,386,,Sitting,,0.627,0.0,32.5007
Bend_pickup_normalLight_back,387,,Sitting,,0.64,0.0,37.8086
Bend_pickup_normalLight_back,388,,Sitting,,0.633,0.0,32.426
Bend_pickup_normalLight_back,389,,Sitting,,0.647,0.0,25.6943
Bend_pickup_normalLight_back,390,,Sitting,,0.643,0.0,28.2168
Bend_pickup_normalLight_back,391,,Sitting,,0.623,0.0,26.9819
Bend_pickup_normalLight_back,392,,Sitting,,0.595,0.0,27.687
Bend_pickup_normalLight_back,393,,Sitting,,0.579,0.0,30.414
Bend_pickup_normalLight_back,394,,Sitting,,0.529,0.0,27.6738
Bend_pickup_normalLight_back,395,,Sitting,,0.453,0.0,27.528
Bend_pickup_normalLight_back,396,,Sitting,,0.406,0.0,30.7491
Bend_pickup_normalLight_back,397,,Sitting,,0.347,0.0,27.8951
Bend_pickup_normalLight_back,398,,Sitting,,0.278,0.0,37.9556
Bend_pickup_normalLight_back,399,,Lying,,0.306,0.0,30.0196
Bend_pickup_normalLight_back,400,,Lying,,0.317,0.0,25.4207
Bend_pickup_normalLight_back,401,,Lying,,0.361,0.0,25.8011
Bend_pickup_normalLight_back,402,,Lying,,0.384,0.0,26.3195
Bend_pickup_normalLight_back,403,,Lying,,0.396,0.0,26.2446
Bend_pickup_normalLight_back,404,,Lying,,0.406,0.0,24.2837
Bend_pickup_normalLight_back,405,,Lying,,0.399,0.0,26.3591
Bend_pickup_normalLight_back,406,,Lying,,0.395,0.0,26.4887
Bend_pickup_normalLight_back,407,,Standing,,0.435,0.0,28.965
Bend_pickup_normalLight_back,408,,Standing,,0.508,0.0,28.7383
Bend_pickup_normalLight_back,409,,Standing,,0.529,0.0,31.894
Bend_pickup_normalLight_back,410,,Standing,,0.577,0.0,28.3637
Bend_pickup_normalLight_back,411,,Standing,,0.618,0.0,26.9025
Bend_pickup_normalLight_back,412,,Standing,,0.663,0.0,27.5748
Bend_pickup_normalLight_back,413,,Standing,,0.703,0.0,25.0615
Bend_pickup_normalLight_back,414,,Standing,,0.734,0.0,27.859
Bend_pickup_normalLight_back,415,,Standing,,0.753,0.0,26.7017
Bend_pickup_normalLight_back,416,,Standing,,0.752,0.0,26.4443
Bend_pickup_normalLight_back,417,,Standing,,0.73,0.0,26.6297
Bend_pickup_normalLight_back,418,,Standing,,0.683,0.0,25.7341
Bend_pickup_normalLight_back,419,,Standing,,0.639,0.0,23.7033
Bend_pickup_normalLight_back,420,,Standing,,0.614,0.0,26.2711
Bend_pickup_normalLight_back,421,,Standing,,0.573,0.0,23.3298
Bend_pickup_normalLight_back,422,,Standing,,0.542,0.0,23.2953
Bend_pickup_normalLight_back,423,,Standing,,0.552,0.0,22.4704
Bend_pickup_normalLight_back,424,,Standing,,0.592,0.0,22.5016
Bend_pickup_normalLight_back,425,,Standing,,0.641,0.0,22.001
Bend_pickup_normalLight_back,426,,Standing,,0.672,0.0,22.3807
Bend_pickup_normalLight_back,427,,Standing,,0.75,0.0,24.1573
Bend_pickup_normalLight_back,428,,Standing,,0.804,0.0,22.9438
Bend_pickup_normalLight_back,429,,Standing,,0.833,0.0,22.3715
Bend_pickup_normalLight,31,,Standing,,0.937,0.0,21.5342
Bend_pickup_normalLight,32,,Standing,,0.954,0.0,23.6999
Bend_pickup_normalLight,33,,Standing,,0.961,0.0,22.2537
Bend_pickup_normalLight,34,,Standing,,0.956,0.0,22.5955
Bend_pickup_normalLight,35,,Standing,,0.963,0.0,20.7293
Bend_pickup_normalLight,36,,Standing,,0.964,0.0,22.2472
Bend_pickup_normalLight,37,,Standing,,0.97,0.0,21.6431
Bend_pickup_normalLight,38,,Standing,,0.973,0.0,20.7663
Bend_pickup_normalLight,39,,Standing,,0.984,0.0,21.2041
Bend_pickup_normalLight,40,,Standing,,0.988,0.0,23.7646
Bend_pickup_normalLight,41,,Standing,,0.984,0.0,22.0973
Bend_pickup_normalLight,42,,Standing,,0.974,0.0,20.9935
Bend_pickup_normalLight,43,,Standing,,0.977,0.0,20.2545
Bend_pickup_normalLight,44,,Standing,,0.972,0.0,20.9801
Bend_pickup_normalLight,45,,Standing,,0.949,0.0,19.3518
Bend_pickup_normalLight,46,,Standing,,0.938,0.0,21.0531
Bend_pickup_normalLight,47,,Standing,,0.93,0.0,20.0444
Bend_pickup_normalLight,48,,Standing,,0.908,0.0,19.7917
Bend_pickup_normalLight,49,,Standing,,0.922,0.0,19.8968
Bend_pickup_normalLight,50,,Standing,,0.901,0.0,22.1691
Bend_pickup_normalLight,51,,Standing,,0.799,0.0,24.5556
Bend_pickup_normalLight,52,,Standing,,0.725,0.0,22.0284
Bend_pickup_normalLight,53,,Standing,,0.669,0.0,23.82
Bend_pickup_normalLight,54,,Standing,,0.602,0.0,24.4602
Bend_pickup_normalLight,55,,Standing,,0.526,0.0,22.8403
Bend_pickup_normalLight,56,,Standing,,0.491,0.0,22.7124
Bend_pickup_normalLight,57,,Standing,,0.47,0.0,21.6475
Bend_pickup_normalLight,58,,Standing,,0.434,0.0,21.1417
Bend_pickup_normalLight,59,,Standing,,0.401,0.0,21.8265
Bend_pickup_normalLight,60,,Standing,,0.416,0.0,23.0254
Bend_pickup_normalLight,61,,Standing,,0.423,0.0,21.111
Bend_pickup_normalLight,62,,Standing,,0.418,0.0,22.0235
Bend_pickup_normalLight,63,,Standing,,0.416,0.0,21.2867
Bend_pickup_normalLight,64,,Standing,,0.454,0.0,25.7054
Bend_pickup_normalLight,65,,Standing,,0.427,0.0,25.4244
Bend_pickup_normalLight,66,,Standing,,0.446,0.0,23.7204
Bend_pickup_normalLight,67,,Standing,,0.46,0.0,22.1967
Bend_pickup_normalLight,68,,Standing,,0.464,0.0,39.1231
Bend_pickup_normalLight,69,,Standing,,0.429,0.0,39.2879
Bend_pickup_normalLight,70,,Standing,,0.406,0.0,35.1758
Bend_pickup_normalLight,71,,Standing,,0.465,0.0,32.6243
Bend_pickup_normalLight,72,,Standing,,0.44,0.0,35.7998
Bend_pickup_normalLight,73,,Standing,,0.464,0.0,32.7081
Bend_pickup_normalLight,74,,Standing,,0.473,0.0,26.4514
Bend_pickup_normalLight,75,,Standing,,0.523,0.0,23.8536
Bend_pickup_normalLight,76,,Standing,,0.51,0.0,23.484
Bend_pickup_normalLight,77,,Standing,,0.508,0.0,23.841
Bend_pickup_normalLight,78,,Standing,,0.511,0.0,25.1824
Bend_pickup_normalLight,79,,Standing,,0.487,0.0,28.6275
Bend_pickup_normalLight,80,,Standing,,0.464,0.0,28.5408
Bend_pickup_normalLight,81,,Standing,,0.484,0.0,26.374
Bend_pickup_normalLight,82,Standing,Standing,True,0.532,0.0,29.1669
Bend_pickup_normalLight,83,Standing,Standing,True,0.538,0.0,25.1659
Bend_pickup_normalLight,84,Standing,Standing,True,0.541,0.0,22.4013
Bend_pickup_normalLight,85,Standing,Standing,True,0.532,0.0,22.3558
Bend_pickup_normalLight,86,Standing,Standing,True,0.55,0.0,22.3281
Bend_pickup_normalLight,87,Standing,Standing,True,0.553,0.0,22.11
Bend_pickup_normalLight,88,Standing,Standing,True,0.522,0.0,23.4372
Bend_pickup_normalLight,89,Standing,Standing,True,0.599,0.0,21.6934
Bend_pickup_normalLight,90,Standing,Standing,True,0.59,0.0,21.7401
Bend_pickup_normalLight,91,Standing,Standing,True,0.58,0.0,21.5352
Bend_pickup_normalLight,92,Standing,Standing,True,0.59,0.0,20.9882
Bend_pickup_normalLight,93,Standing,Standing,True,0.598,0.0,20.7142
Bend_pickup_normalLight,94,Standing,Standing,True,0.6,0.0,22.0843
Bend_pickup_normalLight,95,Standing,Standing,True,0.678,0.0,21.9183
Bend_pickup_normalLight,96,Standing,Standing,True,0.727,0.0,20.8809
Bend_pickup_normalLight,97,Standing,Standing,True,0.746,0.0,20.86
Bend_pickup_normalLight,98,Standing,Standing,True,0.779,0.0,21.7785
Bend_pickup_normalLight,99,Standing,Standing,True,0.795,0.0,22.4321
Bend_pickup_normalLight,100,Standing,Standing,True,0.804,0.0,27.658
Bend_pickup_normalLight,101,Standing,Standing,True,0.808,0.0,21.5995
Bend_pickup_normalLight,102,Standing,Standing,True,0.825,0.0,25.9698
Bend_pickup_normalLight,103,Standing,Standing,True,0.819,0.0,22.8501
Bend_pickup_normalLight,104,Standing,Standing,True,0.841,0.0,25.0104
Bend_pickup_normalLight,105,Standing,Standing,True,0.856,0.0,25.0912
Bend_pickup_normalLight,106,Standing,Standing,True,0.875,0.0,22.5159
Bend_pickup_normalLight,107,Standing,Standing,True,0.896,0.0,23.2195
Bend_pickup_normalLight,108,Standing,Standing,True,0.922,0.0,23.9037
Bend_pickup_normalLight,109,Standing,Standing,True,0.931,0.0,24.738
Bend_pickup_normalLight,110,,Standing,,0.945,0.0,22.8879
Bend_pickup_normalLight,111,,Standing,,0.945,0.0,31.1821
Bend_pickup_normalLight,112,,Standing,,0.956,0.0,26.6257
Bend_pickup_normalLight,113,,Standing,,0.956,0.0,25.9867
Bend_pickup_normalLight,114,,Standing,,0.961,0.0,26.7179
Bend_pickup_normalLight,115,,Standing,,0.964,0.0,28.9648
Bend_pickup_normalLight,116,,Standing,,0.978,0.0,25.391
Bend_pickup_normalLight,117,,Standing,,0.977,0.0,26.4428
Bend_pickup_normalLight,118,,Standing,,0.979,0.0,26.6447
Bend_pickup_normalLight,119,,Standing,,0.985,0.0,24.1711
Bend_pickup_normalLight,120,,Standing,,0.981,0.0,24.4521
Bend_pickup_normalLight,121,,Standing,,0.983,0.0,29.8728
Bend_pickup_normalLight,122,,Standing,,0.978,0.0,27.3977
Bend_pickup_normalLight,123,,Standing,,0.978,0.0,27.1576
Bend_pickup_normalLight,124,,Standing,,0.98,0.0,30.862
Bend_pickup_normalLight,125,,Standing,,0.982,0.0,34.6532
Bend_pickup_normalLight,126,,Standing,,0.982,0.0,32.0348
Bend_pickup_normalLight,127,,Standing,,0.978,0.0,24.9944
Bend_pickup_normalLight,128,,Standing,,0.979,0.0,27.7031
Bend_pickup_normalLight,129,,Standing,,0.978,0.0,28.2864
Bend_pickup_normalLight,130,,Standing,,0.973,0.0,31.4712
Bend_pickup_normalLight,131,,Standing,,0.979,0.0,30.1577
Bend_pickup_normalLight,132,,Standing,,0.982,0.0,28.7752
Bend_pickup_normalLight,133,,Standing,,0.988,0.0,25.6254
Bend_pickup_normalLight,134,,Standing,,0.989,0.0,25.5
Bend_pickup_normalLight,135,,Standing,,0.993,0.0,26.0218
Bend_pickup_normalLight,136,,Standing,,0.995,0.0,24.4233
Bend_pickup_normalLight,137,,Standing,,0.999,0.0,30.5318
Bend_pickup_normalLight,138,,Standing,,0.993,0.0,27.7512
Bend_pickup_normalLight,139,,Standing,,0.992,0.0,26.8837
Bend_pickup_normalLight,140,,Standing,,0.992,0.0,25.8272
Bend_pickup_normalLight_leftRight,31,,Standing,,0.701,0.0,24.9748
Bend_pickup_normalLight_leftRight,32,,Standing,,0.663,0.0,26.2158
Bend_pickup_normalLight_leftRight,33,,Standing,,0.636,0.0,29.9843
Bend_pickup_normalLight_leftRight,34,,Standing,,0.573,0.0,24.7497
Bend_pickup_normalLight_leftRight,35,,Standing,,0.556,0.0,23.3736
Bend_pickup_normalLight_leftRight,36,,Standing,,0.479,0.0,23.629
Bend_pickup_normalLight_leftRight,37,,Standing,,0.463,0.0,26.4982
Bend_pickup_normalLight_leftRight,38,,Standing,,0.375,0.0,45.8817
Bend_pickup_normalLight_leftRight,39,,Standing,,0.349,0.0,38.1833
Bend_pickup_normalLight_leftRight,40,,Lying,,0.368,0.0,27.0223
Bend_pickup_normalLight_leftRight,41,,Lying,,0.38,0.0,27.1047
Bend_pickup_normalLight_leftRight,42,,Lying,,0.446,0.0,28.0933
Bend_pickup_normalLight_leftRight,43,,Lying,,0.446,0.0,27.7273
Bend_pickup_normalLight_leftRight,44,,Lying,,0.474,0.0,25.7835
Bend_pickup_normalLight_leftRight,45,,Lying,,0.481,0.0,25.4315
Bend_pickup_normalLight_leftRight,46,,Lying,,0.477,0.0,24.299
Bend_pickup_normalLight_leftRight,47,,Lying,,0.471,0.0,25.3877
Bend_pickup_normalLight_leftRight,48,,Lying,,0.482,0.0,24.0604
Bend_pickup_normalLight_leftRight,49,,Lying,,0.502,0.0,24.3955
Bend_pickup_normalLight_leftRight,50,,Lying,,0.488,0.0,24.884
Bend_pickup_normalLight_leftRight,51,,Lying,,0.468,0.0,23.8961
Bend_pickup_normalLight_leftRight,52,,Lying,,0.463,0.0,25.7803
Bend_pickup_normalLight_leftRight,53,,Lying,,0.457,0.0,22.7541
Bend_pickup_normalLight_leftRight,54,,Lying,,0.482,0.0,21.218
Bend_pickup_normalLight_leftRight,55,,Lying,,0.495,0.0,22.7146
Bend_pickup_normalLight_leftRight,56,,Lying,,0.526,0.0,21.1278
Bend_pickup_normalLight_leftRight,57,,Lying,,0.527,0.0,22.0206
Bend_pickup_normalLight_leftRight,58,,Lying,,0.539,0.0,21.4875
Bend_pickup_normalLight_leftRight,59,,Lying,,0.561,0.0,20.9183
Bend_pickup_normalLight_leftRight,60,,Lying,,0.587,0.0,20.7035
Bend_pickup_normalLight_leftRight,61,,Lying,,0.594,0.0,23.5874
Bend_pickup_normalLight_leftRight,62,,Lying,,0.595,0.0,21.6476
Bend_pickup_normalLight_leftRight,63,,Lying,,0.619,0.0,21.4871
Bend_pickup_normalLight_leftRight,64,,Lying,,0.638,0.0,21.1238
Bend_pickup_normalLight_leftRight,65,,Lying,,0.642,0.0,29.1575
Bend_pickup_normalLight_leftRight,66,,Lying,,0.647,0.0,21.3251
Bend_pickup_normalLight_leftRight,67,,Lying,,0.657,0.0,20.7173
Bend_pickup_normalLight_leftRight,68,,Lying,,0.69,0.0,20.3991
Bend_pickup_normalLight_leftRight,69,,Lying,,0.709,0.0,20.541
Bend_pickup_normalLight_leftRight,70,,Lying,,0.712,0.0,22.5709
Bend_pickup_normalLight_leftRight,71,,Lying,,0.723,0.0,19.9651
Bend_pickup_normalLight_leftRight,72,,Lying,,0.723,0.0,19.9109
Bend_pickup_normalLight_leftRight,73,,Lying,,0.738,0.0,20.2287
Bend_pickup_normalLight_leftRight,74,,Lying,,0.736,0.0,21.0399
Bend_pickup_normalLight_leftRight,75,,Lying,,0.732,0.0,23.1439
Bend_pickup_normalLight_leftRight,76,,Lying,,0.718,0.0,19.7018
Bend_pickup_normalLight_leftRight,77,,Lying,,0.704,0.0,20.0009
Bend_pickup_normalLight_leftRight,78,,Lying,,0.687,0.0,19.4131
Bend_pickup_normalLight_leftRight,79,,Lying,,0.678,0.0,19.2487
Bend_pickup_normalLight_leftRight,80,,Lying,,0.671,0.0,19.6261
Bend_pickup_normalLight_leftRight,81,,Lying,,0.672,0.0,22.4811
Bend_pickup_normalLight_leftRight,82,,Lying,,0.666,0.0,21.7833
Bend_pickup_normalLight_leftRight,83,,Lying,,0.668,0.0,19.4579
Bend_pickup_normalLight_leftRight,84,,Lying,,0.649,0.0,20.4957
Bend_pickup_normalLight_leftRight,85,,Lying,,0.647,0.0,20.0645
Bend_pickup_normalLight_leftRight,86,,Lying,,0.62,0.0,19.5507
Bend_pickup_normalLight_leftRight,87,Standing,Lying,False,0.594,0.0,20.1838
Bend_pickup_normalLight_leftRight,88,Standing,Lying,False,0.562,0.0,23.9814
Bend_pickup_normalLight_leftRight,89,Standing,Lying,False,0.553,0.0,32.2602
Bend_pickup_normalLight_leftRight,90,Standing,Lying,False,0.537,0.0,36.2397
Bend_pickup_normalLight_leftRight,91,Standing,Lying,False,0.485,0.0,33.9357
Bend_pickup_normalLight_leftRight,92,Standing,Lying,False,0.472,0.0,36.3411
Bend_pickup_normalLight_leftRight,93,Standing,Lying,False,0.401,0.0,34.0669
Bend_pickup_normalLight_leftRight,94,Standing,Lying,False,0.374,0.0,28.9811
Bend_pickup_normalLight_leftRight,95,Standing,Standing,True,0.392,0.0,22.3619
Bend_pickup_normalLight_leftRight,96,Standing,Standing,True,0.42,0.0,38.3593
Bend_pickup_normalLight_leftRight,97,Standing,Standing,True,0.462,0.0,38.643
Bend_pickup_normalLight_leftRight,98,Standing,Standing,True,0.475,0.0,40.5833
Bend_pickup_normalLight_leftRight,99,Standing,Standing,True,0.511,0.0,29.8939
Bend_pickup_normalLight_leftRight,100,Standing,Standing,True,0.54,0.0,21.1452
Bend_pickup_normalLight_leftRight,101,Standing,Standing,True,0.537,0.0,23.7166
Bend_pickup_normalLight_leftRight,102,Standing,Standing,True,0.568,0.0,23.0355
Bend_pickup_normalLight_leftRight,103,Standing,Standing,True,0.589,0.0,21.113
Bend_pickup_normalLight_leftRight,104,Standing,Standing,True,0.632,0.0,20.7295
Bend_pickup_normalLight_leftRight,105,Standing,Standing,True,0.646,0.0,21.2517
Bend_pickup_normalLight_leftRight,106,Standing,Standing,True,0.654,0.0,25.7836
Bend_pickup_normalLight_leftRight,107,Standing,Standing,True,0.662,0.0,23.8369
Bend_pickup_normalLight_leftRight,108,Standing,Standing,True,0.685,0.0,22.8092
Bend_pickup_normalLight_leftRight,109,Standing,Standing,True,0.723,0.0,23.4366
Bend_pickup_normalLight_leftRight,110,Standing,Standing,True,0.77,0.0,23.0624
Bend_pickup_normalLight_leftRight,111,Standing,Standing,True,0.78,0.0,21.6109
Bend_pickup_normalLight_leftRight,112,Standing,Standing,True,0.8,0.0,24.1962
Bend_pickup_normalLight_leftRight,113,Standing,Standing,True,0.808,0.0,22.2062
Bend_pickup_normalLight_leftRight,114,Standing,Standing,True,0.845,0.0,21.4194
Bend_pickup_normalLight_leftRight,115,Standing,Standing,True,0.855,0.0,26.6871
Bend_pickup_normalLight_leftRight,116,Standing,Standing,True,0.877,0.0,22.8604
Bend_pickup_normalLight_leftRight,117,Standing,Standing,True,0.885,0.0,23.199
Bend_pickup_normalLight_leftRight,118,Standing,Standing,True,0.91,0.0,24.0701
Bend_pickup_normalLight_leftRight,119,Standing,Standing,True,0.922,0.0,27.8749
Bend_pickup_normalLight_leftRight,120,Standing,Standing,True,0.922,0.0,23.2467
Bend_pickup_normalLight_leftRight,121,Standing,Standing,True,0.921,0.0,24.8383
Bend_pickup_normalLight_leftRight,122,Standing,Standing,True,0.922,0.0,23.5133
Bend_pickup_normalLight_leftRight,123,Standing,Standing,True,0.931,0.0,24.5573
Bend_pickup_normalLight_leftRight,124,Standing,Standing,True,0.933,0.0,22.6031
Bend_pickup_normalLight_leftRight,125,Standing,Standing,True,0.929,0.0,25.8494
Bend_pickup_normalLight_leftRight,126,Standing,Standing,True,0.927,0.0,23.8229
Bend_pickup_normalLight_leftRight,127,Standing,Standing,True,0.93,0.0,24.0208
Bend_pickup_normalLight_leftRight,128,Standing,Standing,True,0.925,0.0,29.8305
Bend_pickup_normalLight_leftRight,129,Standing,Standing,True,0.926,0.0,35.052
Bend_pickup_normalLight_leftRight,130,Standing,Standing,True,0.93,0.0,28.0618
Bend_pickup_normalLight_leftRight,131,Standing,Standing,True,0.93,0.0,24.8737
Bend_pickup_normalLight_leftRight,132,Standing,Standing,True,0.94,0.0,24.8477
Bend_pickup_normalLight_leftRight,133,Standing,Standing,True,0.938,0.0,24.5576
Bend_pickup_normalLight_leftRight,134,Standing,Standing,True,0.948,0.0,25.154
Bend_pickup_normalLight_leftRight,135,Standing,Standing,True,0.947,0.0,28.2641
Bend_pickup_normalLight_leftRight,136,Standing,Standing,True,0.946,0.0,28.0253
Bend_pickup_normalLight_leftRight,137,Standing,Standing,True,0.956,0.0,30.8891
Bend_pickup_normalLight_leftRight,138,Standing,Standing,True,0.954,0.0,26.6752
Bend_pickup_normalLight_leftRight,139,Standing,Standing,True,0.959,0.0,23.7157
Bend_pickup_normalLight_leftRight,140,Standing,Standing,True,0.959,0.0,23.8615
Bend_pickup_normalLight_leftRight,141,Standing,Standing,True,0.957,0.0,27.9135
Bend_pickup_normalLight_leftRight,142,Standing,Standing,True,0.948,0.0,25.9596
Bend_pickup_normalLight_leftRight,143,Standing,Standing,True,0.948,0.0,24.0256
Bend_pickup_normalLight_leftRight,144,Standing,Standing,True,0.941,0.0,23.9462
Bend_pickup_normalLight_leftRight,145,Standing,Standing,True,0.939,0.0,25.6989
Bend_pickup_normalLight_leftRight,146,Standing,Standing,True,0.937,0.0,28.7396
Bend_pickup_normalLight_leftRight,147,Standing,Standing,True,0.935,0.0,43.9758
Bend_pickup_normalLight_leftRight,148,Standing,Standing,True,0.938,0.0,29.1007
Bend_pickup_normalLight_leftRight,149,Standing,Standing,True,0.945,0.0,26.1051
Bend_pickup_normalLight_leftRight,150,Standing,Standing,True,0.952,0.0,23.6208
Bend_pickup_normalLight_leftRight,151,Standing,Standing,True,0.955,0.0,24.4193
Bend_pickup_normalLight_leftRight,152,Standing,Standing,True,0.95,0.0,24.6732
Bend_pickup_normalLight_leftRight,153,Standing,Standing,True,0.955,0.0,27.4861
Bend_pickup_normalLight_leftRight,154,Standing,Standing,True,0.956,0.0,24.7759
Bend_pickup_normalLight_leftRight,155,Standing,Standing,True,0.956,0.0,28.1134
Bend_pickup_normalLight_leftRight,156,Standing,Standing,True,0.952,0.0,24.097
Bend_pickup_normalLight_leftRight,157,Standing,Standing,True,0.955,0.0,28.9797
Bend_pickup_normalLight_leftRight,158,Standing,Standing,True,0.957,0.0,28.484
Bend_pickup_normalLight_leftRight,159,Standing,Standing,True,0.955,0.0,25.8752
Bend_pickup_normalLight_leftRight,160,Standing,Standing,True,0.952,0.0,28.8273
Bend_pickup_normalLight_leftRight,161,Standing,Standing,True,0.954,0.0,37.5727
Bend_pickup_normalLight_leftRight,162,Standing,Standing,True,0.948,0.0,25.5383
Bend_pickup_normalLight_leftRight,163,Standing,Standing,True,0.943,0.0,25.3728
Bend_pickup_normalLight_leftRight,164,Standing,Standing,True,0.932,0.0,24.9742
Bend_pickup_normalLight_leftRight,165,Standing,Standing,True,0.919,0.0,28.8084
Bend_pickup_normalLight_leftRight,166,Standing,Standing,True,0.92,0.0,28.1962
Bend_pickup_normalLight_leftRight,167,Standing,Standing,True,0.915,0.0,27.2041
Bend_pickup_normalLight_leftRight,168,Standing,Standing,True,0.914,0.0,26.1304
Bend_pickup_normalLight_leftRight,169,Standing,Standing,True,0.903,0.0,26.9858
Bend_pickup_normalLight_leftRight,170,Standing,Standing,True,0.892,0.0,28.0045
Bend_pickup_normalLight_leftRight,171,Standing,Standing,True,0.893,0.0,27.0964
Bend_pickup_normalLight_leftRight,172,Standing,Standing,True,0.891,0.0,26.7462
Bend_pickup_normalLight_leftRight,173,Standing,Standing,True,0.879,0.0,31.1996
Bend_pickup_normalLight_leftRight,174,,Standing,,0.873,0.0,28.9094
Bend_pickup_normalLight_leftRight,175,,Standing,,0.871,0.0,32.3337
Bend_pickup_normalLight_leftRight,176,,Standing,,0.865,0.0,40.0057
Bend_pickup_normalLight_leftRight,177,,Standing,,0.871,0.0,36.5262
Bend_pickup_normalLight_leftRight,178,,Standing,,0.871,0.0,29.7403
Bend_pickup_normalLight_leftRight,179,,Standing,,0.885,0.0,27.2509
Bend_pickup_normalLight_leftRight,180,,Standing,,0.895,0.0,27.6808
Bend_pickup_normalLight_leftRight,181,,Standing,,0.898,0.0,35.8994
Bend_pickup_normalLight_leftRight,182,,Standing,,0.898,0.0,33.5762
Bend_pickup_normalLight_leftRight,183,,Standing,,0.901,0.0,32.1513
Bend_pickup_normalLight_leftRight,184,,Standing,,0.899,0.0,33.0715
Bend_pickup_normalLight_leftRight,185,,Standing,,0.897,0.0,39.2009
Bend_pickup_normalLight_leftRight,186,,Standing,,0.887,0.0,42.9313
Bend_pickup_normalLight_leftRight,187,,Standing,,0.886,0.0,43.6036
Bend_pickup_normalLight_leftRight,188,,Standing,,0.884,0.0,45.988
Bend_pickup_normalLight_leftRight,189,,Standing,,0.857,0.0,40.9441
Bend_pickup_normalLight_leftRight,190,,Standing,,0.86,0.0,31.6446
Bend_pickup_normalLight_leftRight,191,,Standing,,0.859,0.0,31.9355
Bend_pickup_normalLight_leftRight,192,,Standing,,0.849,0.0,35.093
Bend_pickup_normalLight_leftRight,193,,Standing,,0.859,0.0,31.1106
Bend_pickup_normalLight_leftRight,194,,Standing,,0.866,0.0,31.6266
Bend_pickup_normalLight_leftRight,195,,Standing,,0.872,0.0,30.9163
Bend_pickup_normalLight_leftRight,196,,Standing,,0.876,0.0,30.3818
Bend_pickup_normalLight_leftRight,197,,Standing,,0.877,0.0,30.9588
Bend_pickup_normalLight_leftRight,198,,Standing,,0.88,0.0,29.5539
Bend_pickup_normalLight_leftRight,199,,Standing,,0.885,0.0,34.4543
Bend_pickup_normalLight_leftRight,200,,Standing,,0.891,0.0,76.7129
Bend_pickup_normalLight_leftRight,201,,Standing,,0.9,0.0,36.5903
Bend_pickup_normalLight_leftRight,202,,Standing,,0.899,0.0,31.1756
Bend_pickup_normalLight_leftRight,203,,Standing,,0.907,0.0,31.0396
Bend_pickup_normalLight_leftRight,204,,Standing,,0.898,0.0,37.6743
Bend_pickup_normalLight_leftRight,205,,Standing,,0.896,0.0,35.663
Bend_pickup_normalLight_leftRight,206,,Standing,,0.909,0.0,31.7511
Bend_pickup_normalLight_leftRight,207,,Standing,,0.914,0.0,33.8434
Bend_pickup_normalLight_leftRight,208,,Standing,,0.902,0.0,31.7118
Bend_pickup_normalLight_leftRight,209,,Standing,,0.893,0.0,31.1467
Bend_pickup_normalLight_leftRight,210,,Standing,,0.856,0.0,35.5802
Bend_pickup_normalLight_leftRight,211,,Standing,,0.81,0.0,35.9776
Bend_pickup_normalLight_leftRight,212,,Standing,,0.773,0.0,30.7791
Bend_pickup_normalLight_leftRight,213,,Standing,,0.706,0.0,31.1732
Bend_pickup_normalLight_leftRight,214,,Standing,,0.578,0.0,36.9885
Bend_pickup_normalLight_leftRight,215,,Standing,,0.526,0.0,39.968
Bend_pickup_normalLight_leftRight,216,,Standing,,0.506,0.0,39.209
Bend_pickup_normalLight_leftRight,217,,Standing,,0.473,0.0,47.2291
Bend_pickup_normalLight_leftRight,218,,Standing,,0.476,0.0,38.4952
Bend_pickup_normalLight_leftRight,219,,Standing,,0.519,0.0,39.9653
Bend_pickup_normalLight_leftRight,220,,Standing,,0.582,0.0,38.2629
Bend_pickup_normalLight_leftRight,221,,Standing,,0.639,0.0,35.245
Bend_pickup_normalLight_leftRight,222,,Standing,,0.668,0.0,32.4821
Bend_pickup_normalLight_leftRight,223,,Standing,,0.709,0.0,28.6941
Bend_pickup_normalLight_leftRight,224,,Standing,,0.713,0.0,38.0499
Bend_pickup_normalLight_leftRight,225,,Standing,,0.715,0.0,42.9387
Bend_pickup_normalLight_leftRight,226,,Standing,,0.709,0.0,52.5846
Bend_pickup_normalLight_leftRight,227,,Standing,,0.692,0.0,36.1665
Bend_pickup_normalLight_leftRight,228,,Standing,,0.687,0.0,32.7391
Bend_pickup_normalLight_leftRight,229,,Standing,,0.683,0.0,35.1696
Bend_pickup_normalLight_leftRight,230,,Standing,,0.668,0.0,36.9539
Bend_pickup_normalLight_leftRight,231,,Standing,,0.649,0.0,27.9892
Bend_pickup_normalLight_leftRight,232,,Standing,,0.656,0.0,37.2799
Bend_pickup_normalLight_leftRight,233,,Standing,,0.657,0.0,44.4467
Bend_pickup_normalLight_leftRight,234,,Standing,,0.607,0.0,39.2556
Bend_pickup_normalLight_leftRight,235,,Standing,,0.567,0.0,37.2892
Bend_pickup_normalLight_leftRight,236,,Standing,,0.516,0.0,33.3981
Bend_pickup_normalLight_leftRight,237,,Standing,,0.431,0.0,32.9707
Bend_pickup_normalLight_leftRight,238,,Standing,,0.377,0.0,35.3699
Bend_pickup_normalLight_leftRight,239,,Standing,,0.326,0.0,30.7572
Bend_pickup_normalLight_leftRight,240,,Lying,,0.303,0.0,39.0704
Bend_pickup_normalLight_leftRight,241,,Lying,,0.371,0.0,37.3188
Bend_pickup_normalLight_leftRight,242,,Lying,,0.423,0.0,34.4458
Bend_pickup_normalLight_leftRight,243,,Lying,,0.449,0.0,33.0505
Bend_pickup_normalLight_leftRight,244,,Lying,,0.479,0.0,31.0965
Bend_pickup_normalLight_leftRight,245,,Lying,,0.491,0.0,36.3226
Bend_pickup_normalLight_leftRight,246,,Lying,,0.513,0.0,34.4545
Bend_pickup_normalLight_leftRight,247,,Lying,,0.509,0.0,37.1029
Bend_pickup_normalLight_leftRight,248,,Lying,,0.531,0.0,30.8528
Bend_pickup_normalLight_leftRight,249,,Lying,,0.531,0.0,27.1687
Bend_pickup_normalLight_leftRight,250,,Lying,,0.522,0.0,30.1033
Bend_pickup_normalLight_leftRight,251,,Lying,,0.518,0.0,27.9374
Bend_pickup_normalLight_leftRight,252,,Lying,,0.498,0.0,37.1579
Bend_pickup_normalLight_leftRight,253,,Lying,,0.496,0.0,44.975
Bend_pickup_normalLight_leftRight,254,,Lying,,0.47,0.0,30.2211
Bend_pickup_normalLight_leftRight,255,,Lying,,0.419,0.0,28.7343
Bend_pickup_normalLight_leftRight,256,,Lying,,0.411,0.0,29.0723
Bend_pickup_normalLight_leftRight,257,,Lying,,0.372,0.0,27.6013
Bend_pickup_normalLight_leftRight,258,,Lying,,0.346,0.0,26.8619
Bend_pickup_normalLight_leftRight,259,,Standing,,0.309,0.0,30.3046
Bend_pickup_normalLight_leftRight,260,,Standing,,0.323,0.0,34.5331
Bend_pickup_normalLight_leftRight,261,Standing,Standing,True,0.318,0.0,42.3279
Bend_pickup_normalLight_leftRight,262,Standing,Standing,True,0.338,0.0,37.1781
Bend_pickup_normalLight_leftRight,263,Standing,Standing,True,0.391,0.0,42.0842
Bend_pickup_normalLight_leftRight,264,Standing,Standing,True,0.418,0.0,31.8829
Bend_pickup_normalLight_leftRight,265,Standing,Standing,True,0.408,0.0,28.4474
Bend_pickup_normalLight_leftRight,266,Standing,Standing,True,0.44,0.0,32.4718
Bend_pickup_normalLight_leftRight,267,Standing,Standing,True,0.433,0.0,32.5832
Bend_pickup_normalLight_leftRight,268,Standing,Standing,True,0.443,0.0,28.7815
Bend_pickup_normalLight_leftRight,269,Standing,Standing,True,0.478,0.0,28.8632
Bend_pickup_normalLight_leftRight,270,Standing,Standing,True,0.509,0.0,37.3692
Bend_pickup_normalLight_leftRight,271,Standing,Standing,True,0.489,0.0,38.3066
Bend_pickup_normalLight_leftRight,272,Standing,Standing,True,0.506,0.0,29.6019
Bend_pickup_normalLight_leftRight,273,Standing,Standing,True,0.511,0.0,31.7969
Bend_pickup_normalLight_leftRight,274,Standing,Standing,True,0.527,0.0,32.4357
Bend_pickup_normalLight_leftRight,275,Standing,Standing,True,0.577,0.0,42.9269
Bend_pickup_normalLight_leftRight,276,Standing,Standing,True,0.609,0.0,43.5195
Bend_pickup_normalLight_leftRight,277,Standing,Standing,True,0.616,0.0,34.5146
Bend_pickup_normalLight_leftRight,278,Standing,Standing,True,0.644,0.0,38.2386
Bend_pickup_normalLight_leftRight,279,Standing,Standing,True,0.663,0.0,34.5133
Bend_pickup_normalLight_leftRight,280,Standing,Standing,True,0.681,0.0,27.4106
Bend_pickup_normalLight_leftRight,281,Standing,Standing,True,0.705,0.0,28.7374
Bend_pickup_normalLight_leftRight,282,Standing,Standing,True,0.73,0.0,29.4741
Bend_pickup_normalLight_leftRight,283,Standing,Standing,True,0.736,0.0,28.6636
Bend_pickup_normalLight_leftRight,284,Standing,Standing,True,0.74,0.0,33.5328
Bend_pickup_normalLight_leftRight,285,Standing,Standing,True,0.717,0.0,32.2031
Bend_pickup_normalLight_leftRight,286,Standing,Standing,True,0.721,0.0,30.0422
Bend_pickup_normalLight_leftRight,287,Standing,Standing,True,0.755,0.0,29.9157
Bend_pickup_normalLight_leftRight,288,Standing,Standing,True,0.753,0.0,40.3495
Bend_pickup_normalLight_leftRight,289,Standing,Standing,True,0.744,0.0,50.2782
Bend_pickup_normalLight_leftRight,290,Standing,Standing,True,0.759,0.0,45.3334
Bend_pickup_normalLight_leftRight,291,Standing,Standing,True,0.771,0.0,34.3069
Bend_pickup_normalLight_leftRight,292,Standing,Standing,True,0.786,0.0,34.1299
Bend_pickup_normalLight_leftRight,293,Standing,Standing,True,0.805,0.0,33.3143
Bend_pickup_normalLight_leftRight,294,Standing,Standing,True,0.836,0.0,32.2274
Bend_pickup_normalLight_leftRight,295,Standing,Standing,True,0.839,0.0,37.3313
Bend_pickup_normalLight_leftRight,296,Standing,Standing,True,0.85,0.0,35.555
Bend_pickup_normalLight_leftRight,297,Standing,Standing,True,0.868,0.0,41.4354
Bend_pickup_normalLight_leftRight,298,Standing,Standing,True,0.877,0.0,58.4196
Bend_pickup_normalLight_leftRight,299,Standing,Standing,True,0.885,0.0,56.0211
Bend_pickup_normalLight_leftRight,300,Standing,Standing,True,0.901,0.0,52.1004
Bend_pickup_normalLight_leftRight,301,Standing,Standing,True,0.899,0.0,42.0874
Bend_pickup_normalLight_leftRight,302,Standing,Standing,True,0.901,0.0,33.6573
Bend_pickup_normalLight_leftRight,303,Standing,Standing,True,0.909,0.0,35.1495
Bend_pickup_normalLight_leftRight,304,Standing,Standing,True,0.922,0.0,39.1489
Bend_pickup_normalLight_leftRight,305,Standing,Standing,True,0.914,0.0,32.9399
Bend_pickup_normalLight_leftRight,306,Standing,Standing,True,0.917,0.0,31.173
Bend_pickup_normalLight_leftRight,307,Standing,Standing,True,0.919,0.0,30.7592
Bend_pickup_normalLight_leftRight,308,Standing,Standing,True,0.922,0.0,33.8397
Bend_pickup_normalLight_leftRight,309,Standing,Standing,True,0.911,0.0,31.3288
Bend_pickup_normalLight_leftRight,310,Standing,Standing,True,0.913,0.0,28.1414
Bend_pickup_normalLight_leftRight,311,Standing,Standing,True,0.926,0.0,43.6272
Bend_pickup_normalLight_leftRight,312,Standing,Standing,True,0.945,0.0,36.9509
Bend_pickup_normalLight_leftRight,313,Standing,Standing,True,0.947,0.0,33.6935
Bend_pickup_normalLight_leftRight,314,Standing,Standing,True,0.944,0.0,44.8537
Bend_pickup_normalLight_leftRight,315,Standing,Standing,True,0.945,0.0,34.9551
Bend_pickup_normalLight_leftRight,316,Standing,Standing,True,0.94,0.0,36.1684
Bend_pickup_normalLight_leftRight,317,Standing,Standing,True,0.938,0.0,36.4666
Bend_pickup_normalLight_leftRight,318,Standing,Standing,True,0.935,0.0,30.3606
Bend_pickup_normalLight_leftRight,319,Standing,Standing,True,0.924,0.0,32.6173
Bend_pickup_normalLight_leftRight,320,Standing,Standing,True,0.921,0.0,33.8981
Bend_pickup_normalLight_leftRight,321,,Standing,,0.918,0.0,32.4015
Bend_pickup_normalLight_leftRight,322,,Standing,,0.917,0.0,30.0477
Bend_pickup_normalLight_leftRight,323,,Standing,,0.926,0.0,30.9342
Bend_pickup_normalLight_leftRight,324,,Standing,,0.931,0.0,26.3254
Bend_pickup_normalLight_leftRight,325,,Standing,,0.949,0.0,28.7998
Bend_pickup_normalLight_leftRight,326,,Standing,,0.957,0.0,29.2844
Bend_pickup_normalLight_leftRight,327,,Standing,,0.963,0.0,27.7073
Bend_pickup_normalLight_leftRight,328,,Standing,,0.966,0.0,29.0356
Bend_pickup_normalLight_leftRight,329,,Standing,,0.971,0.0,27.1006
Bend_pickup_normalLight_leftRight,330,,Standing,,0.974,0.0,39.0204
Bend_pickup_normalLight_leftRight,331,,Standing,,0.975,0.0,35.3961
Bend_pickup_normalLight_leftRight,332,,Standing,,0.974,0.0,29.4526
Bend_pickup_normalLight_leftRight,333,,Standing,,0.974,0.0,31.8633
Bend_pickup_squat_lowLight,31,,Standing,,0.944,0.0,29.0723
Bend_pickup_squat_lowLight,32,,Standing,,0.937,0.0,33.0289
Bend_pickup_squat_lowLight,33,,Standing,,0.933,0.0,31.3934
Bend_pickup_squat_lowLight,34,,Standing,,0.923,0.0,30.7148
Bend_pickup_squat_lowLight,35,,Standing,,0.918,0.0,27.4431
Bend_pickup_squat_lowLight,36,,Standing,,0.917,0.0,31.8953
Bend_pickup_squat_lowLight,37,,Standing,,0.917,0.0,25.5205
Bend_pickup_squat_lowLight,38,,Standing,,0.919,0.0,24.5284
Bend_pickup_squat_lowLight,39,,Standing,,0.909,0.0,24.7
Bend_pickup_squat_lowLight,40,,Standing,,0.906,0.0,24.6194
Bend_pickup_squat_lowLight,41,,Standing,,0.901,0.0,23.8814
Bend_pickup_squat_lowLight,42,,Standing,,0.902,0.0,23.4153
Bend_pickup_squat_lowLight,43,,Standing,,0.893,0.0,24.7065
Bend_pickup_squat_lowLight,44,,Standing,,0.895,0.0,22.8309
Bend_pickup_squat_lowLight,45,,Standing,,0.901,0.0,22.8994
Bend_pickup_squat_lowLight,46,,Standing,,0.914,0.0,23.765
Bend_pickup_squat_lowLight,47,,Standing,,0.916,0.0,22.3432
Bend_pickup_squat_lowLight,48,,Standing,,0.928,0.0,21.2977
Bend_pickup_squat_lowLight,49,,Standing,,0.936,0.0,23.3457
Bend_pickup_squat_lowLight,50,,Standing,,0.946,0.0,21.6808
Bend_pickup_squat_lowLight,51,,Standing,,0.959,0.0,21.5084
Bend_pickup_squat_lowLight,52,,Standing,,0.958,0.0,25.5813
Bend_pickup_squat_lowLight,53,,Standing,,0.957,0.0,21.3412
Bend_pickup_squat_lowLight,54,,Standing,,0.952,0.0,21.5633
Bend_pickup_squat_lowLight,55,,Standing,,0.951,0.0,22.4236
Bend_pickup_squat_lowLight,56,,Standing,,0.947,0.0,21.3174
Bend_pickup_squat_lowLight,57,,Standing,,0.927,0.0,21.3864
Bend_pickup_squat_lowLight,58,,Standing,,0.905,0.0,22.8083
Bend_pickup_squat_lowLight,59,,Standing,,0.88,0.0,28.0585
Bend_pickup_squat_lowLight,60,,Standing,,0.868,0.0,29.2008
Bend_pickup_squat_lowLight,61,,Standing,,0.847,0.0,31.0259
Bend_pickup_squat_lowLight,62,,Standing,,0.777,0.0,29.7443
Bend_pickup_squat_lowLight,63,,Standing,,0.748,0.0,22.164
Bend_pickup_squat_lowLight,64,,Standing,,0.752,0.0,29.1472
Bend_pickup_squat_lowLight,65,,Standing,,0.63,0.0,35.3164
Bend_pickup_squat_lowLight,66,,Standing,,0.605,0.0,38.1599
Bend_pickup_squat_lowLight,67,,Standing,,0.619,0.0,21.8331
Bend_pickup_squat_lowLight,68,,Standing,,0.585,0.0,21.9043
Bend_pickup_squat_lowLight,69,,Standing,,0.485,0.0,23.0354
Bend_pickup_squat_lowLight,70,,Standing,,0.448,0.0,21.4659
Bend_pickup_squat_lowLight,71,,Standing,,0.417,0.0,20.9876
Bend_pickup_squat_lowLight,72,,Sitting,,0.409,0.0,25.193
Bend_pickup_squat_lowLight,73,,Sitting,,0.452,0.0,20.9919
Bend_pickup_squat_lowLight,74,,Sitting,,0.521,0.0,24.7746
Bend_pickup_squat_lowLight,75,,Sitting,,0.512,0.0,28.6237
Bend_pickup_squat_lowLight,76,,Sitting,,0.54,0.0,34.2952
Bend_pickup_squat_lowLight,77,,Sitting,,0.559,0.0,29.5399
Bend_pickup_squat_lowLight,78,,Sitting,,0.58,0.0,27.0233
Bend_pickup_squat_lowLight,79,,Sitting,,0.576,0.0,28.8253
Bend_pickup_squat_lowLight,80,,Sitting,,0.561,0.0,25.9319
Bend_pickup_squat_lowLight,81,,Sitting,,0.537,0.0,23.9436
Bend_pickup_squat_lowLight,82,,Sitting,,0.515,0.0,31.8124
Bend_pickup_squat_lowLight,83,,Sitting,,0.455,0.0,27.5463
Bend_pickup_squat_lowLight,84,,Sitting,,0.387,0.0,25.7797
Bend_pickup_squat_lowLight,85,,Sitting,,0.371,0.0,26.3368
Bend_pickup_squat_lowLight,86,,Standing,,0.341,0.0,28.0121
Bend_pickup_squat_lowLight,87,,Standing,,0.348,0.0,34.2732
Bend_pickup_squat_lowLight,88,,Standing,,0.37,0.0,26.7006
Bend_pickup_squat_lowLight,89,,Standing,,0.377,0.0,30.1744
Bend_pickup_squat_lowLight,90,,Standing,,0.387,0.0,30.6405
Bend_pickup_squat_lowLight,91,,Standing,,0.39,0.0,37.9784
Bend_pickup_squat_lowLight,92,,Standing,,0.407,0.0,27.2049
Bend_pickup_squat_lowLight,93,,Standing,,0.389,0.0,31.1411
Bend_pickup_squat_lowLight,94,,Standing,,0.401,0.0,43.4941
Bend_pickup_squat_lowLight,95,,Standing,,0.395,0.0,44.9676
Bend_pickup_squat_lowLight,96,,Standing,,0.386,0.0,43.3827
Bend_pickup_squat_lowLight,97,,Standing,,0.379,0.0,31.8751
Bend_pickup_squat_lowLight,98,,Standing,,0.41,0.0,36.1662
Bend_pickup_squat_lowLight,99,,Standing,,0.405,0.0,42.1294
Bend_pickup_squat_lowLight,100,,Standing,,0.418,0.0,32.6976
Bend_pickup_squat_lowLight,101,,Standing,,0.388,0.0,42.2385
Bend_pickup_squat_lowLight,102,,Standing,,0.382,0.0,28.247
Bend_pickup_squat_lowLight,103,,Standing,,0.429,0.0,35.6739
Bend_pickup_squat_lowLight,104,,Standing,,0.477,0.0,38.8164
Bend_pickup_squat_lowLight,105,,Standing,,0.474,0.0,51.8162
Bend_pickup_squat_lowLight,106,,Standing,,0.537,0.0,52.6118
Bend_pickup_squat_lowLight,107,,Standing,,0.608,0.0,43.2187
Bend_pickup_squat_lowLight,108,,Standing,,0.639,0.0,41.0296
Bend_pickup_squat_lowLight,109,,Standing,,0.693,0.0,37.8787
Bend_pickup_squat_lowLight,110,,Standing,,0.708,0.0,34.8401
Bend_pickup_squat_lowLight,111,,Standing,,0.73,0.0,29.8445
Bend_pickup_squat_lowLight,112,,Standing,,0.71,0.0,37.945
Bend_pickup_squat_lowLight,113,,Standing,,0.708,0.0,36.4994
Bend_pickup_squat_lowLight,114,,Standing,,0.657,0.0,39.0405
Bend_pickup_squat_lowLight,115,,Standing,,0.695,0.0,29.1205
Bend_pickup_squat_lowLight,116,,Standing,,0.688,0.0,33.0722
Bend_pickup_squat_lowLight,117,Standing,Standing,True,0.692,0.0,40.8555
Bend_pickup_squat_lowLight,118,Standing,Standing,True,0.695,0.0,30.563
Bend_pickup_squat_lowLight,119,Standing,Standing,True,0.696,0.0,31.6553
Bend_pickup_squat_lowLight,120,Standing,Standing,True,0.695,0.0,38.0611
Bend_pickup_squat_lowLight,121,Standing,Standing,True,0.694,0.0,45.4064
Bend_pickup_squat_lowLight,122,Standing,Standing,True,0.69,0.0,42.7927
Bend_pickup_squat_lowLight,123,Standing,Standing,True,0.675,0.0,41.7076
Bend_pickup_squat_lowLight,124,Standing,Standing,True,0.676,0.0,40.7782
Bend_pickup_squat_lowLight,125,Standing,Standing,True,0.675,0.0,40.8528
Bend_pickup_squat_lowLight,126,Standing,Standing,True,0.67,0.0,32.1981
Bend_pickup_squat_lowLight,127,Standing,Standing,True,0.695,0.0,28.9825
Bend_pickup_squat_lowLight,128,Standing,Standing,True,0.704,0.0,44.9852
Bend_pickup_squat_lowLight,129,Standing,Standing,True,0.714,0.0,42.8106
Bend_pickup_squat_lowLight,130,Standing,Standing,True,0.734,0.0,42.5956
Bend_pickup_squat_lowLight,131,Standing,Standing,True,0.753,0.0,33.9882
Bend_pickup_squat_lowLight,132,Standing,Standing,True,0.761,0.0,35.1292
Bend_pickup_squat_lowLight,133,Standing,Standing,True,0.784,0.0,28.5069
Bend_pickup_squat_lowLight,134,Standing,Standing,True,0.79,0.0,27.3912
Bend_pickup_squat_lowLight,135,Standing,Standing,True,0.826,0.0,27.3877
Bend_pickup_squat_lowLight,136,Standing,Standing,True,0.843,0.0,24.4102
Bend_pickup_squat_lowLight,137,Standing,Standing,True,0.857,0.0,26.9346
Bend_pickup_squat_lowLight,138,Standing,Standing,True,0.878,0.0,25.9017
Bend_pickup_squat_lowLight,139,Standing,Standing,True,0.886,0.0,24.7935
Bend_pickup_squat_lowLight,140,Standing,Standing,True,0.89,0.0,25.7718
Bend_pickup_squat_lowLight,141,Standing,Standing,True,0.897,0.0,29.0844
Bend_pickup_squat_lowLight,142,Standing,Standing,True,0.901,0.0,25.5348
Bend_pickup_squat_lowLight,143,Standing,Standing,True,0.905,0.0,24.8697
Bend_pickup_squat_lowLight,144,Standing,Standing,True,0.919,0.0,25.5126
Bend_pickup_squat_lowLight,145,Standing,Standing,True,0.919,0.0,25.3541
Bend_pickup_squat_lowLight,146,Standing,Standing,True,0.933,0.0,27.6166
Bend_pickup_squat_lowLight,147,Standing,Standing,True,0.945,0.0,25.9417
Bend_pickup_squat_lowLight,148,,Standing,,0.95,0.0,35.8001
Bend_pickup_squat_lowLight,149,,Standing,,0.954,0.0,35.087
Bend_pickup_squat_lowLight,150,,Standing,,0.952,0.0,34.3794
Bend_pickup_squat_lowLight,151,,Standing,,0.953,0.0,35.9342
Bend_pickup_squat_lowLight,152,,Standing,,0.954,0.0,36.9389
Bend_pickup_squat_lowLight,153,,Standing,,0.952,0.0,33.1418
Bend_pickup_squat_lowLight,154,,Standing,,0.954,0.0,28.8549
Bend_pickup_squat_lowLight,155,,Standing,,0.953,0.0,32.6775
Bend_pickup_squat_lowLight,156,,Standing,,0.953,0.0,31.107
Bend_pickup_squat_lowLight,157,,Standing,,0.966,0.0,40.8655
Bend_pickup_squat_lowLight,158,,Standing,,0.972,0.0,31.7543
Bend_pickup_squat_lowLight,159,,Standing,,0.982,0.0,47.2147
Bend_pickup_squat_lowLight,160,,Standing,,0.994,0.0,38.193
Bend_pickup_squat_lowLight,161,,Standing,,0.995,0.0,28.9909
Bend_pickup_squat_lowLight,162,,Standing,,0.996,0.0,28.0019
Bend_pickup_squat_lowLight,163,,Standing,,0.998,0.0,28.5795
Bend_pickup_squat_lowLight,164,,Standing,,0.999,0.0,33.6562
Bend_pickup_squat_lowLight,165,,Standing,,0.999,0.0,29.927
Bend_pickup_squat_lowLight,166,,Standing,,0.999,0.0,32.1161
Bend_pickup_squat_lowLight,167,,Standing,,0.999,0.0,27.6714
Bend_pickup_squat_lowLight,168,,Standing,,0.998,0.0,29.9351
Bend_pickup_squat_lowLight,169,,Standing,,0.998,0.0,29.713
Bend_pickup_squat_lowLight,170,,Standing,,0.998,0.0,28.4876
Bend_pickup_squat_lowLight,171,,Standing,,0.998,0.0,34.4628
Bend_pickup_squat_lowLight,172,,Standing,,0.993,0.0,41.5693
Bend_pickup_squat_lowLight,173,,Standing,,0.988,0.0,39.7631
Bend_pickup_squat_lowLight,174,,Standing,,0.978,0.0,43.895
Bend_pickup_squat_normalLight,31,,Standing,,0.947,0.0,33.9506
Bend_pickup_squat_normalLight,32,,Standing,,0.94,0.0,28.5116
Bend_pickup_squat_normalLight,33,,Standing,,0.931,0.0,28.7806
Bend_pickup_squat_normalLight,34,,Standing,,0.926,0.0,29.3144
Bend_pickup_squat_normalLight,35,,Standing,,0.924,0.0,33.3454
Bend_pickup_squat_normalLight,36,,Standing,,0.917,0.0,35.7709
Bend_pickup_squat_normalLight,37,,Standing,,0.914,0.0,41.9453
Bend_pickup_squat_normalLight,38,,Standing,,0.91,0.0,28.537
Bend_pickup_squat_normalLight,39,,Standing,,0.914,0.0,26.4803
Bend_pickup_squat_normalLight,40,,Standing,,0.905,0.0,28.4883
Bend_pickup_squat_normalLight,41,,Standing,,0.908,0.0,28.8577
Bend_pickup_squat_normalLight,42,,Standing,,0.919,0.0,25.921
Bend_pickup_squat_normalLight,43,,Standing,,0.928,0.0,25.341
Bend_pickup_squat_normalLight,44,,Standing,,0.946,0.0,32.5444
Bend_pickup_squat_normalLight,45,,Standing,,0.957,0.0,28.5721
Bend_pickup_squat_normalLight,46,,Standing,,0.965,0.0,26.4993
Bend_pickup_squat_normalLight,47,,Standing,,0.961,0.0,25.5068
Bend_pickup_squat_normalLight,48,,Standing,,0.959,0.0,25.6692
Bend_pickup_squat_normalLight,49,,Standing,,0.959,0.0,24.9322
Bend_pickup_squat_normalLight,50,,Standing,,0.955,0.0,25.0861
Bend_pickup_squat_normalLight,51,,Standing,,0.96,0.0,25.1479
Bend_pickup_squat_normalLight,52,,Standing,,0.939,0.0,24.9536
Bend_pickup_squat_normalLight,53,,Standing,,0.913,0.0,25.1027
Bend_pickup_squat_normalLight,54,,Standing,,0.901,0.0,29.851
Bend_pickup_squat_normalLight,55,,Standing,,0.897,0.0,26.6798
Bend_pickup_squat_normalLight,56,,Standing,,0.891,0.0,24.8552
Bend_pickup_squat_normalLight,57,,Standing,,0.895,0.0,26.1165
Bend_pickup_squat_normalLight,58,,Standing,,0.883,0.0,25.0021
Bend_pickup_squat_normalLight,59,,Standing,,0.871,0.0,23.3742
Bend_pickup_squat_normalLight,60,,Standing,,0.861,0.0,24.2392
Bend_pickup_squat_normalLight,61,,Standing,,0.829,0.0,24.1668
Bend_pickup_squat_normalLight,62,,Standing,,0.812,0.0,29.1649
Bend_pickup_squat_normalLight,63,,Standing,,0.78,0.0,26.5009
Bend_pickup_squat_normalLight,64,,Standing,,0.746,0.0,23.7345
Bend_pickup_squat_normalLight,65,,Standing,,0.718,0.0,24.2036
Bend_pickup_squat_normalLight,66,,Standing,,0.7,0.0,26.5101
Bend_pickup_squat_normalLight,67,,Standing,,0.667,0.0,31.1066
Bend_pickup_squat_normalLight,68,,Standing,,0.592,0.0,27.3574
Bend_pickup_squat_normalLight,69,,Standing,,0.551,0.0,36.8155
Bend_pickup_squat_normalLight,70,,Standing,,0.457,0.0,38.6031
Bend_pickup_squat_normalLight,71,,Standing,,0.4,0.0,28.6129
Bend_pickup_squat_normalLight,72,,Standing,,0.368,0.0,35.3132
Bend_pickup_squat_normalLight,73,,Sitting,,0.379,0.0,38.9563
Bend_pickup_squat_normalLight,74,,Sitting,,0.391,0.0,38.3406
Bend_pickup_squat_normalLight,75,,Sitting,,0.399,0.0,33.7722
Bend_pickup_squat_normalLight,76,,Sitting,,0.416,0.0,39.8486
Bend_pickup_squat_normalLight,77,,Sitting,,0.446,0.0,33.8826
Bend_pickup_squat_normalLight,78,,Sitting,,0.45,0.0,37.69
Bend_pickup_squat_normalLight,79,,Sitting,,0.467,0.0,48.3848
Bend_pickup_squat_normalLight,80,,Sitting,,0.506,0.0,33.3556
Bend_pickup_squat_normalLight,81,,Sitting,,0.501,0.0,27.7657
Bend_pickup_squat_normalLight,82,,Sitting,,0.482,0.0,33.3066
Bend_pickup_squat_normalLight,83,,Sitting,,0.493,0.0,30.7398
Bend_pickup_squat_normalLight,84,,Sitting,,0.493,0.0,27.5638
Bend_pickup_squat_normalLight,85,,Sitting,,0.469,0.0,26.4218
Bend_pickup_squat_normalLight,86,,Sitting,,0.475,0.0,26.45
Bend_pickup_squat_normalLight,87,,Sitting,,0.477,0.0,24.6051
Bend_pickup_squat_normalLight,88,,Sitting,,0.471,0.0,24.7312
Bend_pickup_squat_normalLight,89,,Sitting,,0.47,0.0,26.8515
Bend_pickup_squat_normalLight,90,,Sitting,,0.462,0.0,24.04
Bend_pickup_squat_normalLight,91,,Sitting,,0.475,0.0,26.2075
Bend_pickup_squat_normalLight,92,,Sitting,,0.451,0.0,22.5982
Bend_pickup_squat_normalLight,93,,Sitting,,0.464,0.0,22.8193
Bend_pickup_squat_normalLight,94,,Sitting,,0.485,0.0,21.7715
Bend_pickup_squat_normalLight,95,,Sitting,,0.475,0.0,21.5553
Bend_pickup_squat_normalLight,96,,Sitting,,0.475,0.0,22.8675
Bend_pickup_squat_normalLight,97,,Sitting,,0.469,0.0,21.7054
Bend_pickup_squat_normalLight,98,,Sitting,,0.466,0.0,21.5395
Bend_pickup_squat_normalLight,99,,Sitting,,0.474,0.0,21.9694
Bend_pickup_squat_normalLight,100,,Sitting,,0.471,0.0,21.0027
Bend_pickup_squat_normalLight,101,,Sitting,,0.47,0.0,21.5813
Bend_pickup_squat_normalLight,102,,Sitting,,0.466,0.0,21.1258
Bend_pickup_squat_normalLight,103,,Sitting,,0.462,0.0,20.5722
Bend_pickup_squat_normalLight,104,,Sitting,,0.442,0.0,20.9915
Bend_pickup_squat_normalLight,105,,Sitting,,0.429,0.0,21.6348
Bend_pickup_squat_normalLight,106,,Sitting,,0.407,0.0,20.3866
Bend_pickup_squat_normalLight,107,,Sitting,,0.39,0.0,20.3685
Bend_pickup_squat_normalLight,108,,Standing,,0.338,0.0,19.9984
Bend_pickup_squat_normalLight,109,,Standing,,0.388,0.0,20.3708
Bend_pickup_squat_normalLight,110,,Standing,,0.421,0.0,19.8017
Bend_pickup_squat_normalLight,111,,Standing,,0.457,0.0,20.5786
Bend_pickup_squat_normalLight,112,,Standing,,0.502,0.0,19.6065
Bend_pickup_squat_normalLight,113,,Standing,,0.521,0.0,20.9399
Bend_pickup_squat_normalLight,114,,Standing,,0.566,0.0,20.4187
Bend_pickup_squat_normalLight,115,,Standing,,0.577,0.0,20.6145
Bend_pickup_squat_normalLight,116,,Standing,,0.595,0.0,22.8452
Bend_pickup_squat_normalLight,117,,Standing,,0.606,0.0,27.7522
Bend_pickup_squat_normalLight,118,,Standing,,0.614,0.0,20.5488
Bend_pickup_squat_normalLight,119,,Standing,,0.622,0.0,20.7153
Bend_pickup_squat_normalLight,120,,Standing,,0.637,0.0,21.4906
Bend_pickup_squat_normalLight,121,,Standing,,0.638,0.0,20.4168
Bend_pickup_squat_normalLight,122,,Standing,,0.663,0.0,23.4984
Bend_pickup_squat_normalLight,123,,Standing,,0.666,0.0,20.309
Bend_pickup_squat_normalLight,124,,Standing,,0.656,0.0,21.771
Bend_pickup_squat_normalLight,125,,Standing,,0.666,0.0,19.653
Bend_pickup_squat_normalLight,126,,Standing,,0.654,0.0,19.6503
Bend_pickup_squat_normalLight,127,,Standing,,0.641,0.0,23.6705
Bend_pickup_squat_normalLight,128,,Standing,,0.639,0.0,22.1393
Bend_pickup_squat_normalLight,129,,Standing,,0.647,0.0,22.9443
Bend_pickup_squat_normalLight,130,,Standing,,0.648,0.0,28.7785
Bend_pickup_squat_normalLight,131,,Standing,,0.656,0.0,25.7658
Bend_pickup_squat_normalLight,132,,Standing,,0.659,0.0,27.646
Bend_pickup_squat_normalLight,133,,Standing,,0.673,0.0,23.4743
Bend_pickup_squat_normalLight,134,Standing,Standing,True,0.667,0.0,34.1563
Bend_pickup_squat_normalLight,135,Standing,Standing,True,0.701,0.0,26.8685
Bend_pickup_squat_normalLight,136,Standing,Standing,True,0.714,0.0,34.2182
Bend_pickup_squat_normalLight,137,Standing,Standing,True,0.714,0.0,32.3222
Bend_pickup_squat_normalLight,138,Standing,Standing,True,0.713,0.0,39.9974
Bend_pickup_squat_normalLight,139,Standing,Standing,True,0.725,0.0,42.327
Bend_pickup_squat_normalLight,140,Standing,Standing,True,0.746,0.0,43.1274
Bend_pickup_squat_normalLight,141,Standing,Standing,True,0.771,0.0,26.0788
Bend_pickup_squat_normalLight,142,Standing,Standing,True,0.773,0.0,24.9613
Bend_pickup_squat_normalLight,143,Standing,Standing,True,0.785,0.0,23.9489
Bend_pickup_squat_normalLight,144,Standing,Standing,True,0.788,0.0,41.4768
Bend_pickup_squat_normalLight,145,Standing,Standing,True,0.809,0.0,28.2427
Bend_pickup_squat_normalLight,146,,Standing,,0.82,0.0,24.1835
Bend_pickup_squat_normalLight,147,,Standing,,0.833,0.0,30.442
Bend_pickup_squat_normalLight,148,,Standing,,0.841,0.0,33.0129
Bend_pickup_squat_normalLight,149,,Standing,,0.853,0.0,23.6189
Bend_pickup_squat_normalLight,150,,Standing,,0.87,0.0,22.4414
Bend_pickup_squat_normalLight,151,,Standing,,0.895,0.0,27.263
Bend_pickup_squat_normalLight,152,,Standing,,0.923,0.0,21.84
Bend_pickup_squat_normalLight,153,,Standing,,0.942,0.0,24.3582
Bend_pickup_squat_normalLight,154,,Standing,,0.948,0.0,28.9919
Bend_pickup_squat_normalLight,155,,Standing,,0.947,0.0,21.8871
Bend_pickup_squat_normalLight,156,,Standing,,0.947,0.0,22.4427
Bend_pickup_squat_normalLight,157,,Standing,,0.956,0.0,23.549
Bend_pickup_squat_normalLight,158,,Standing,,0.961,0.0,21.7348
Bend_pickup_squat_normalLight,159,,Standing,,0.962,0.0,22.9211
Bend_pickup_squat_normalLight,160,,Standing,,0.972,0.0,21.7937
Kneeling,31,,Standing,,0.919,0.0,22.6195
Kneeling,32,,Standing,,0.918,0.0,21.4193
Kneeling,33,,Standing,,0.924,0.0,21.6963
Kneeling,34,,Standing,,0.93,0.0,20.817
Kneeling,35,,Standing,,0.938,0.0,20.8486
Kneeling,36,,Standing,,0.936,0.0,20.265
Kneeling,37,,Standing,,0.936,0.0,20.7719
Kneeling,38,,Standing,,0.938,0.0,20.0636
Kneeling,39,,Standing,,0.927,0.0,20.4388
Kneeling,40,,Standing,,0.912,0.0,20.1781
Kneeling,41,,Standing,,0.918,0.0,19.4463
Kneeling,42,,Standing,,0.898,0.0,20.9355
Kneeling,43,,Standing,,0.867,0.0,19.6797
Kneeling,44,,Standing,,0.86,0.0,24.0842
Kneeling,45,,Standing,,0.834,0.0,23.1343
Kneeling,46,,Standing,,0.816,0.0,20.4887
Kneeling,47,,Standing,,0.808,0.0,19.6364
Kneeling,48,,Standing,,0.783,0.0,20.5103
Kneeling,49,,Standing,,0.768,0.0,21.8363
Kneeling,50,,Standing,,0.779,0.0,23.4989
Kneeling,51,,Standing,,0.761,0.0,27.8601
Kneeling,52,,Standing,,0.73,0.0,37.2217
Kneeling,53,,Standing,,0.676,0.0,35.1462
Kneeling,54,,Standing,,0.628,0.0,41.6579
Kneeling,55,,Standing,,0.562,0.0,39.8038
Kneeling,56,,Standing,,0.488,0.0,35.4816
Kneeling,57,Sitting,Standing,False,0.424,0.0,45.3853
Kneeling,58,Sitting,Sitting,True,0.434,0.0,47.556
Kneeling,59,Sitting,Sitting,True,0.471,0.0,45.974
Kneeling,60,Sitting,Sitting,True,0.486,0.0,40.7422
Kneeling,61,Sitting,Sitting,True,0.508,0.0,35.4993
Kneeling,62,Sitting,Sitting,True,0.501,0.0,28.8789
Kneeling,63,Sitting,Sitting,True,0.506,0.0,29.5144
Kneeling,64,Sitting,Sitting,True,0.527,0.0,26.4179
Kneeling,65,Sitting,Sitting,True,0.461,0.0,26.0977
Kneeling,66,Sitting,Sitting,True,0.445,0.0,27.3214
Kneeling,67,Sitting,Sitting,True,0.463,0.0,25.9057
Kneeling,68,Sitting,Sitting,True,0.419,0.0,23.9895
Kneeling,69,Sitting,Sitting,True,0.409,0.0,24.1741
Kneeling,70,Sitting,Sitting,True,0.41,0.0,23.3422
Kneeling,71,Sitting,Sitting,True,0.388,0.0,23.4701
Kneeling,72,Sitting,Sitting,True,0.402,0.0,22.042
Kneeling,73,Sitting,Sitting,True,0.444,0.0,22.5893
Kneeling,74,Sitting,Sitting,True,0.406,0.0,22.8632
Kneeling,75,Sitting,Sitting,True,0.419,0.0,21.4856
Kneeling,76,Sitting,Sitting,True,0.435,0.0,22.087
Kneeling,77,Sitting,Sitting,True,0.431,0.0,22.7928
Kneeling,78,Sitting,Sitting,True,0.465,0.0,21.9349
Kneeling,79,Sitting,Sitting,True,0.479,0.0,23.8115
Kneeling,80,Sitting,Sitting,True,0.479,0.0,22.7614
Kneeling,81,Sitting,Sitting,True,0.474,0.0,21.0613
Kneeling,82,Sitting,Sitting,True,0.486,0.0,25.5967
Kneeling,83,Sitting,Sitting,True,0.483,0.0,21.9301
Kneeling,84,Sitting,Sitting,True,0.48,0.0,22.415
Kneeling,85,Sitting,Sitting,True,0.476,0.0,22.1017
Kneeling,86,Sitting,Sitting,True,0.48,0.0,20.6185
Kneeling,87,Sitting,Sitting,True,0.482,0.0,20.6135
Kneeling,88,Sitting,Sitting,True,0.476,0.0,20.768
Kneeling,89,Sitting,Sitting,True,0.478,0.0,20.8182
Kneeling,90,Sitting,Sitting,True,0.48,0.0,20.4023
Kneeling,91,Sitting,Sitting,True,0.482,0.0,20.6587
Kneeling,92,Sitting,Sitting,True,0.484,0.0,20.3911
Kneeling,93,Sitting,Sitting,True,0.485,0.0,20.4536
Kneeling,94,Sitting,Sitting,True,0.485,0.0,20.4188
Kneeling,95,Sitting,Sitting,True,0.491,0.0,20.076
Kneeling,96,Sitting,Sitting,True,0.502,0.0,19.6417
Kneeling,97,Sitting,Sitting,True,0.497,0.0,20.1572
Kneeling,98,Sitting,Sitting,True,0.509,0.0,19.8792
Kneeling,99,Sitting,Sitting,True,0.51,0.0,23.9285
Kneeling,100,Sitting,Sitting,True,0.505,0.0,21.4872
Kneeling,101,Sitting,Sitting,True,0.503,0.0,30.8745
Kneeling,102,Sitting,Sitting,True,0.516,0.0,36.3973
Kneeling,103,Sitting,Sitting,True,0.513,0.0,21.8072
Kneeling,104,Sitting,Sitting,True,0.518,0.0,23.0298
Kneeling,105,Sitting,Sitting,True,0.51,0.0,24.5335
Kneeling,106,Sitting,Sitting,True,0.51,0.0,23.5677
Kneeling,107,Sitting,Sitting,True,0.518,0.0,22.6751
Kneeling,108,Sitting,Sitting,True,0.519,0.0,24.6576
Kneeling,109,Sitting,Sitting,True,0.521,0.0,26.3774
Kneeling,110,Sitting,Sitting,True,0.514,0.0,25.0206
Kneeling,111,Sitting,Sitting,True,0.508,0.0,26.4263
Kneeling,112,Sitting,Sitting,True,0.511,0.0,23.8348
Kneeling,113,Sitting,Sitting,True,0.514,0.0,26.61
Kneeling,114,Sitting,Sitting,True,0.513,0.0,23.9869
Kneeling,115,Sitting,Sitting,True,0.512,0.0,24.5823
Kneeling,116,Sitting,Sitting,True,0.509,0.0,25.4585
Kneeling,117,Sitting,Sitting,True,0.503,0.0,25.6381
Kneeling,118,Sitting,Sitting,True,0.505,0.0,24.4418
Kneeling,119,Sitting,Sitting,True,0.503,0.0,25.4129
Kneeling,120,Sitting,Sitting,True,0.492,0.0,28.0615
Kneeling,121,Sitting,Sitting,True,0.49,0.0,26.4769
Kneeling,122,Sitting,Sitting,True,0.491,0.0,31.3793
Kneeling,123,Sitting,Sitting,True,0.49,0.0,42.617
Kneeling,124,Sitting,Sitting,True,0.492,0.0,39.8106
Kneeling,125,Sitting,Sitting,True,0.492,0.0,28.4291
Kneeling,126,Sitting,Sitting,True,0.499,0.0,30.5108
Kneeling,127,Sitting,Sitting,True,0.493,0.0,30.8357
Kneeling,128,,Sitting,,0.488,0.0,43.8914
Kneeling,129,,Sitting,,0.49,0.0,37.0566
Kneeling,130,,Sitting,,0.492,0.0,32.4058
Kneeling,131,,Sitting,,0.492,0.0,32.3409
Kneeling,132,,Sitting,,0.494,0.0,29.9945
Kneeling,133,,Sitting,,0.488,0.0,28.7201
Kneeling,134,,Sitting,,0.492,0.0,27.4692
Kneeling,135,,Sitting,,0.479,0.0,35.3531
Kneeling,136,,Sitting,,0.48,0.0,53.8921
Kneeling,137,,Sitting,,0.488,0.0,52.4203
Kneeling,138,,Sitting,,0.494,0.0,31.8207
Kneeling,139,,Sitting,,0.487,0.0,36.2048
Kneeling,140,,Sitting,,0.491,0.0,39.4893
Kneeling,141,,Sitting,,0.495,0.0,34.1778
Kneeling,142,,Sitting,,0.495,0.0,30.7316
Kneeling,143,,Sitting,,0.483,0.0,34.7411
Kneeling,144,,Sitting,,0.493,0.0,36.1249
Kneeling,145,,Sitting,,0.49,0.0,45.5143
Kneeling,146,,Sitting,,0.5,0.0,32.6175
Kneeling,147,,Sitting,,0.501,0.0,30.7293
Kneeling,148,,Sitting,,0.508,0.0,33.2872
Kneeling,149,,Sitting,,0.502,0.0,37.8256
Kneeling,150,,Sitting,,0.495,0.0,33.8421
Kneeling,151,,Sitting,,0.486,0.0,40.4567
Kneeling,152,,Sitting,,0.471,0.0,33.7683
Kneeling,153,,Sitting,,0.441,0.0,38.8259
Kneeling,154,,Sitting,,0.402,0.0,29.7781
Kneeling,155,,Standing,,0.407,0.0,38.3864
Kneeling,156,Standing,Standing,True,0.486,0.0,43.0888
Kneeling,157,Standing,Standing,True,0.523,0.0,40.4512
Kneeling,158,Standing,Standing,True,0.584,0.0,31.1486
Kneeling,159,Standing,Standing,True,0.622,0.0,33.1126
Kneeling,160,Standing,Standing,True,0.663,0.0,34.8195
Kneeling,161,Standing,Standing,True,0.701,0.0,42.2327
Kneeling,162,Standing,Standing,True,0.73,0.0,39.3778
Kneeling,163,Standing,Standing,True,0.759,0.0,48.1622
Kneeling,164,Standing,Standing,True,0.796,0.0,34.2716
Kneeling,165,Standing,Standing,True,0.828,0.0,38.3395
Kneeling,166,Standing,Standing,True,0.854,0.0,43.1353
Kneeling,167,Standing,Standing,True,0.867,0.0,30.1237
Kneeling,168,Standing,Standing,True,0.879,0.0,29.8839
Kneeling,169,Standing,Standing,True,0.885,0.0,40.5659
Kneeling,170,Standing,Standing,True,0.885,0.0,46.8536
Kneeling,171,,Standing,,0.896,0.0,44.1898
Kneeling,172,,Standing,,0.903,0.0,52.5348
Kneeling,173,,Standing,,0.905,0.0,52.1028
Kneeling,174,,Standing,,0.912,0.0,35.9434
Kneeling,175,,Standing,,0.909,0.0,37.3691
Kneeling,176,,Standing,,0.93,0.0,42.884
Kneeling,177,,Standing,,0.936,0.0,40.2827
Kneeling,178,,Standing,,0.945,0.0,38.1288
Kneeling,179,,Standing,,0.95,0.0,35.6633
Kneeling,180,,Standing,,0.972,0.0,32.1367
Kneeling,181,,Standing,,0.978,0.0,41.1631
Kneeling,182,,Standing,,0.97,0.0,44.3929
Kneeling,183,,Standing,,0.975,0.0,51.209
Kneeling,184,,Standing,,0.992,0.0,46.1611
Kneeling,185,,Standing,,0.992,0.0,41.8424
Kneeling,186,,Standing,,0.992,0.0,38.5368
Kneeling,187,,Standing,,0.992,0.0,32.1055
Kneeling,188,,Standing,,0.994,0.0,41.2345
Kneeling,189,,Standing,,0.995,0.0,49.7976
Kneeling,190,,Standing,,0.996,0.0,41.2584
LyingdownSlowly,31,,Standing,,0.904,0.0,46.7365
LyingdownSlowly,32,,Standing,,0.903,0.0,49.8201
LyingdownSlowly,33,,Standing,,0.902,0.0,49.5909
LyingdownSlowly,34,,Standing,,0.897,0.0,50.1616
LyingdownSlowly,35,,Standing,,0.886,0.0,49.7636
LyingdownSlowly,36,,Standing,,0.851,0.0,42.4327
LyingdownSlowly,37,,Standing,,0.786,0.0,52.0977
LyingdownSlowly,38,,Standing,,0.742,0.0,40.2513
LyingdownSlowly,39,,Standing,,0.715,0.0,58.2138
LyingdownSlowly,40,,Standing,,0.743,0.0,43.9541
LyingdownSlowly,41,,Standing,,0.73,0.0,43.7247
LyingdownSlowly,42,,Standing,,0.749,0.0,43.9631
LyingdownSlowly,43,,Standing,,0.721,0.0,43.2874
LyingdownSlowly,44,,Standing,,0.727,0.0,50.2587
LyingdownSlowly,45,,Standing,,0.703,0.0,56.7546
LyingdownSlowly,46,,Standing,,0.669,0.0,36.4913
LyingdownSlowly,47,,Standing,,0.577,0.0,39.5654
LyingdownSlowly,48,,Standing,,0.559,0.0,37.9712
LyingdownSlowly,49,,Standing,,0.56,0.0,45.7672
LyingdownSlowly,50,,Standing,,0.568,0.0,38.9493
LyingdownSlowly,51,,Standing,,0.532,0.0,39.3595
LyingdownSlowly,52,,Standing,,0.456,0.0,43.2233
LyingdownSlowly,53,,Standing,,0.425,0.0,35.5501
LyingdownSlowly,54,,Standing,,0.366,0.0,45.418
LyingdownSlowly,55,,Standing,,0.339,0.0,39.09
LyingdownSlowly,56,,Standing,,0.3,0.0,45.6584
LyingdownSlowly,57,,Standing,,0.311,0.0,38.7401
LyingdownSlowly,58,,Lying,,0.303,0.0,31.7542
LyingdownSlowly,59,,Lying,,0.32,0.0,32.4846
LyingdownSlowly,60,,Lying,,0.331,0.0,31.458
LyingdownSlowly,61,,Lying,,0.333,0.0,50.5082
LyingdownSlowly,62,,Lying,,0.333,0.0,40.9053
LyingdownSlowly,63,,Lying,,0.317,0.0,43.7736
LyingdownSlowly,64,,Lying,,0.316,0.0,39.9535
LyingdownSlowly,65,,Lying,,0.317,0.0,33.9438
LyingdownSlowly,66,,Lying,,0.306,0.0,36.3836
LyingdownSlowly,67,,Lying,,0.296,0.0,38.8842
LyingdownSlowly,68,,Lying,,0.291,0.0,38.5522
LyingdownSlowly,69,,Lying,,0.329,0.0,32.9485
LyingdownSlowly,70,,Lying,,0.314,0.0,30.4951
LyingdownSlowly,71,,Lying,,0.314,0.0,44.1285
LyingdownSlowly,72,,Sitting,,0.311,0.0,37.1724
LyingdownSlowly,73,,Sitting,,0.323,0.0,33.4707
LyingdownSlowly,74,,Sitting,,0.368,0.0,34.4203
LyingdownSlowly,75,,Sitting,,0.387,0.0,30.4164
LyingdownSlowly,76,,Sitting,,0.427,0.0,31.6745
LyingdownSlowly,77,,Sitting,,0.452,0.0,31.5764
LyingdownSlowly,78,,Sitting,,0.465,0.0,32.3524
LyingdownSlowly,79,,Sitting,,0.481,0.0,29.9883
LyingdownSlowly,80,,Sitting,,0.492,0.0,31.1635
LyingdownSlowly,81,,Sitting,,0.524,0.0,35.8948
LyingdownSlowly,82,,Sitting,,0.534,0.0,37.6711
LyingdownSlowly,83,,Sitting,,0.523,0.0,27.2516
LyingdownSlowly,84,,Sitting,,0.535,0.0,27.2712
LyingdownSlowly,85,,Sitting,,0.55,0.0,39.8519
LyingdownSlowly,86,,Sitting,,0.542,0.0,36.2377
LyingdownSlowly,87,,Sitting,,0.54,0.0,36.0161
LyingdownSlowly,88,,Sitting,,0.55,0.0,28.7492
LyingdownSlowly,89,,Sitting,,0.559,0.0,32.5698
LyingdownSlowly,90,,Sitting,,0.554,0.0,34.6175
LyingdownSlowly,91,,Sitting,,0.552,0.0,41.7064
LyingdownSlowly,92,,Sitting,,0.563,0.0,45.25
LyingdownSlowly,93,,Sitting,,0.53,0.0,39.1169
LyingdownSlowly,94,,Sitting,,0.517,0.0,36.0266
LyingdownSlowly,95,,Sitting,,0.465,0.0,35.6594
LyingdownSlowly,96,,Sitting,,0.424,0.0,29.1066
LyingdownSlowly,97,,Sitting,,0.401,0.0,27.1455
LyingdownSlowly,98,,Sitting,,0.368,0.0,30.9085
LyingdownSlowly,99,,Sitting,,0.34,0.0,26.954
LyingdownSlowly,100,,Lying,,0.333,0.0,27.2613
LyingdownSlowly,101,,Lying,,0.359,0.0,26.7473
LyingdownSlowly,102,,Lying,,0.383,0.0,27.8382
LyingdownSlowly,103,,Lying,,0.41,0.0,35.2679
LyingdownSlowly,104,,Lying,,0.443,0.0,40.1929
LyingdownSlowly,105,,Lying,,0.479,0.0,29.1046
LyingdownSlowly,106,,Lying,,0.486,0.0,27.45
LyingdownSlowly,107,,Lying,,0.51,0.0,27.9665
LyingdownSlowly,108,,Lying,,0.528,0.0,31.4481
LyingdownSlowly,109,,Lying,,0.543,0.0,31.1512
LyingdownSlowly,110,,Lying,,0.55,0.0,29.0267
LyingdownSlowly,111,,Lying,,0.545,0.0,25.2497
LyingdownSlowly,112,,Lying,,0.559,0.0,26.1077
LyingdownSlowly,113,,Lying,,0.578,0.0,30.5671
LyingdownSlowly,114,,Lying,,0.589,0.0,30.6137
LyingdownSlowly,115,,Lying,,0.619,0.0,26.2792
LyingdownSlowly,116,,Lying,,0.614,0.0,25.6951
LyingdownSlowly,117,,Lying,,0.622,0.0,30.1599
LyingdownSlowly,118,Lying,Lying,True,0.636,0.0,29.0123
LyingdownSlowly,119,Lying,Lying,True,0.622,0.0,34.3518
LyingdownSlowly,120,Lying,Lying,True,0.622,0.0,28.09
LyingdownSlowly,121,Lying,Lying,True,0.619,0.0,27.2971
LyingdownSlowly,122,Lying,Lying,True,0.597,0.0,30.373
LyingdownSlowly,123,Lying,Lying,True,0.563,0.0,26.2893
LyingdownSlowly,124,Lying,Lying,True,0.503,0.0,39.4758
LyingdownSlowly,125,Lying,Lying,True,0.485,0.0,25.688
LyingdownSlowly,126,Lying,Lying,True,0.489,0.0,31.0922
LyingdownSlowly,127,Lying,Lying,True,0.543,0.0,26.7196
LyingdownSlowly,128,Lying,Lying,True,0.534,0.0,24.485
LyingdownSlowly,129,Lying,Lying,True,0.541,0.0,29.7448
LyingdownSlowly,130,Lying,Lying,True,0.557,0.0,29.6812
LyingdownSlowly,131,Lying,Lying,True,0.569,0.0,22.4606
LyingdownSlowly,132,Lying,Lying,True,0.579,0.0,23.474
LyingdownSlowly,133,Lying,Lying,True,0.586,0.0,27.6598
LyingdownSlowly,134,Lying,Lying,True,0.583,0.0,31.4111
LyingdownSlowly,135,Lying,Lying,True,0.592,0.0,25.0823
LyingdownSlowly,136,Lying,Lying,True,0.584,0.0,28.3065
LyingdownSlowly,137,Lying,Lying,True,0.587,0.0,23.293
LyingdownSlowly,138,Lying,Lying,True,0.607,0.0,24.2952
LyingdownSlowly,139,Lying,Lying,True,0.588,0.0,22.7399
LyingdownSlowly,140,Lying,Lying,True,0.581,0.0,22.0934
LyingdownSlowly,141,Lying,Lying,True,0.562,0.0,22.8609
LyingdownSlowly,142,Lying,Lying,True,0.563,0.0,22.9173
LyingdownSlowly,143,Lying,Lying,True,0.562,0.0,22.7739
LyingdownSlowly,144,Lying,Lying,True,0.558,0.0,29.9299
LyingdownSlowly,145,Lying,Lying,True,0.545,0.0,24.5134
LyingdownSlowly,146,Lying,Lying,True,0.546,0.0,25.6619
LyingdownSlowly,147,Lying,Lying,True,0.534,0.0,22.8238
LyingdownSlowly,148,Lying,Lying,True,0.506,0.0,24.4485
LyingdownSlowly,149,Lying,Lying,True,0.497,0.0,23.8259
LyingdownSlowly,150,Lying,Lying,True,0.487,0.0,29.5167
LyingdownSlowly,151,Lying,Lying,True,0.489,0.0,25.0852
LyingdownSlowly,152,Lying,Lying,True,0.5,0.0,29.7517
LyingdownSlowly,153,Lying,Lying,True,0.515,0.0,25.17
LyingdownSlowly,154,Lying,Lying,True,0.496,0.0,24.3193
LyingdownSlowly,155,Lying,Lying,True,0.512,0.0,25.8567
LyingdownSlowly,156,Lying,Lying,True,0.517,0.0,24.5192
LyingdownSlowly,157,Lying,Lying,True,0.518,0.0,25.2476
LyingdownSlowly,158,Lying,Lying,True,0.497,0.0,23.6703
LyingdownSlowly,159,Lying,Lying,True,0.501,0.0,23.1452
LyingdownSlowly,160,Lying,Lying,True,0.515,0.0,25.5045
LyingdownSlowly,161,Lying,Lying,True,0.515,0.0,28.1836
LyingdownSlowly,162,Lying,Lying,True,0.506,0.0,24.896
LyingdownSlowly,163,Lying,Lying,True,0.524,0.0,24.2259
LyingdownSlowly,164,Lying,Lying,True,0.547,0.0,24.427
LyingdownSlowly,165,Lying,Lying,True,0.542,0.0,24.6065
LyingdownSlowly,166,Lying,Lying,True,0.557,0.0,24.6559
LyingdownSlowly,167,Lying,Lying,True,0.554,0.0,24.6089
LyingdownSlowly,168,Lying,Lying,True,0.574,0.0,23.8541
LyingdownSlowly,169,Lying,Lying,True,0.573,0.0,27.1095
LyingdownSlowly,170,Lying,Lying,True,0.588,0.0,27.1202
LyingdownSlowly,171,Lying,Lying,True,0.576,0.0,23.5061
LyingdownSlowly,172,Lying,Lying,True,0.573,0.0,27.077
LyingdownSlowly,173,Lying,Lying,True,0.582,0.0,24.8021
LyingdownSlowly,174,Lying,Lying,True,0.582,0.0,24.309
LyingdownSlowly,175,Lying,Lying,True,0.576,0.0,23.7126
LyingdownSlowly,176,Lying,Lying,True,0.575,0.0,23.6491
LyingdownSlowly,177,Lying,Lying,True,0.566,0.0,24.0108
LyingdownSlowly,178,Lying,Lying,True,0.572,0.0,23.599
LyingdownSlowly,179,Lying,Lying,True,0.57,0.0,23.4698
LyingdownSlowly,180,Lying,Lying,True,0.571,0.0,23.3065
LyingdownSlowly,181,Lying,Lying,True,0.566,0.0,23.429
LyingdownSlowly,182,Lying,Lying,True,0.567,0.0,23.7453
LyingdownSlowly,183,Lying,Lying,True,0.576,0.0,28.0148
LyingdownSlowly,184,Lying,Lying,True,0.588,0.0,27.6046
LyingdownSlowly,185,Lying,Lying,True,0.571,0.0,24.3534
LyingdownSlowly,186,Lying,Lying,True,0.576,0.0,27.6628
LyingdownSlowly,187,Lying,Lying,True,0.576,0.0,24.3671
LyingdownSlowly,188,Lying,Lying,True,0.589,0.0,23.6321
LyingdownSlowly,189,Lying,Lying,True,0.581,0.0,24.3923
LyingdownSlowly,190,Lying,Lying,True,0.578,0.0,31.3461
LyingdownSlowly,191,Lying,Lying,True,0.584,0.0,26.4151
LyingdownSlowly,192,Lying,Lying,True,0.576,0.0,25.6089
LyingdownSlowly,193,Lying,Lying,True,0.569,0.0,32.8265
LyingdownSlowly,194,Lying,Lying,True,0.574,0.0,40.6687
LyingdownSlowly,195,Lying,Lying,True,0.566,0.0,42.1648
LyingdownSlowly,196,Lying,Lying,True,0.564,0.0,41.6541
LyingdownSlowly,197,Lying,Lying,True,0.554,0.0,44.4082
LyingdownSlowly,198,Lying,Lying,True,0.547,0.0,44.6284
LyingdownSlowly,199,Lying,Lying,True,0.545,0.0,41.379
LyingdownSlowly,200,Lying,Lying,True,0.561,0.0,44.101
LyingdownSlowly,201,Lying,Lying,True,0.547,0.0,37.6992
LyingdownSlowly,202,Lying,Lying,True,0.541,0.0,48.7711
LyingdownSlowly,203,Lying,Lying,True,0.546,0.0,61.43
LyingdownSlowly,204,Lying,Lying,True,0.564,0.0,44.8372
LyingdownSlowly,205,Lying,Lying,True,0.563,0.0,63.4994
LyingdownSlowly,206,Lying,Lying,True,0.555,0.0,64.8804
LyingdownSlowly,207,Lying,Lying,True,0.547,0.0,55.3965
LyingdownSlowly,208,Lying,Lying,True,0.549,0.0,54.5446
LyingdownSlowly,209,Lying,Lying,True,0.561,0.0,46.5623
LyingdownSlowly,210,Lying,Lying,True,0.55,0.0,38.8783
LyingdownSlowly,211,Lying,Lying,True,0.554,0.0,53.2289
LyingdownSlowly,212,Lying,Lying,True,0.541,0.0,50.4092
LyingdownSlowly,213,Lying,Lying,True,0.551,0.0,53.8989
LyingdownSlowly,214,Lying,Lying,True,0.549,0.0,37.5846
LyingdownSlowly,215,Lying,Lying,True,0.56,0.0,31.4305
LyingdownSlowly,216,Lying,Lying,True,0.554,0.0,36.7528
LyingdownSlowly,217,Lying,Lying,True,0.564,0.0,30.4288
LyingdownSlowly,218,Lying,Lying,True,0.562,0.0,34.5911
LyingdownSlowly,219,Lying,Lying,True,0.556,0.0,32.9973
LyingdownSlowly,220,Lying,Lying,True,0.563,0.0,33.5254
LyingdownSlowly,221,Lying,Lying,True,0.549,0.0,28.9512
LyingdownSlowly,222,Lying,Lying,True,0.548,0.0,28.4642
LyingdownSlowly,223,Lying,Lying,True,0.555,0.0,27.9286
LyingdownSlowly,224,Lying,Lying,True,0.541,0.0,28.1656
LyingdownSlowly,225,Lying,Lying,True,0.548,0.0,27.2848
LyingdownSlowly,226,Lying,Lying,True,0.54,0.0,28.049
LyingdownSlowly,227,Lying,Lying,True,0.555,0.0,26.8903
LyingdownSlowly,228,Lying,Lying,True,0.556,0.0,30.7079
LyingdownSlowly,229,Lying,Lying,True,0.557,0.0,25.9732
LyingdownSlowly,230,Lying,Lying,True,0.572,0.0,27.2431
LyingdownSlowly,231,Lying,Lying,True,0.559,0.0,26.5317
LyingdownSlowly,232,Lying,Lying,True,0.574,0.0,25.1007
LyingdownSlowly,233,Lying,Lying,True,0.562,0.0,29.5329
LyingdownSlowly,234,Lying,Lying,True,0.557,0.0,32.4218
LyingdownSlowly,235,Lying,Lying,True,0.561,0.0,25.1779
LyingdownSlowly,236,,Lying,,0.566,0.0,24.3412
LyingdownSlowly,237,,Lying,,0.545,0.0,24.3502
LyingdownSlowly,238,,Lying,,0.542,0.0,35.7699
LyingdownSlowly,239,,Lying,,0.559,0.0,25.2798
LyingdownSlowly,240,,Lying,,0.557,0.0,25.3294
LyingdownSlowly,241,,Lying,,0.542,0.0,26.2136
LyingdownSlowly,242,,Lying,,0.548,0.0,24.6011
LyingdownSlowly,243,,Lying,,0.545,0.0,23.6315
LyingdownSlowly,244,,Lying,,0.551,0.0,30.0381
LyingdownSlowly,245,,Lying,,0.548,0.0,30.7453
LyingdownSlowly,246,,Lying,,0.546,0.0,25.2734
LyingdownSlowly,247,,Lying,,0.533,0.0,30.35
LyingdownSlowly,248,,Lying,,0.547,0.0,28.8641
LyingdownSlowly,249,,Lying,,0.544,0.0,25.9411
LyingdownSlowly,250,,Lying,,0.54,0.0,27.5102
LyingdownSlowly,251,,Lying,,0.532,0.0,30.4732
LyingdownSlowly,252,,Lying,,0.538,0.0,30.7124
LyingdownSlowly,253,,Lying,,0.54,0.0,28.1028
LyingdownSlowly,254,,Lying,,0.54,0.0,26.9895
LyingdownSlowly,255,,Lying,,0.529,0.0,27.4474
LyingdownSlowly,256,,Lying,,0.527,0.0,28.1634
LyingdownSlowly,257,,Lying,,0.526,0.0,26.9892
LyingdownSlowly,258,,Lying,,0.526,0.0,26.9552
LyingdownSlowly,259,,Lying,,0.528,0.0,28.93
LyingdownSlowly,260,,Lying,,0.529,0.0,30.5109
LyingdownSlowly,261,,Lying,,0.545,0.0,50.5282
LyingdownSlowly,262,,Lying,,0.552,0.0,47.6362
LyingdownSlowly,263,,Lying,,0.561,0.0,43.3006
LyingdownSlowly,264,,Lying,,0.567,0.0,26.126
LyingdownSlowly,265,,Lying,,0.588,0.0,25.7902
LyingdownSlowly,266,,Lying,,0.584,0.0,24.8692
LyingdownSlowly,267,,Lying,,0.586,0.0,36.5749
LyingdownSlowly,268,,Lying,,0.574,0.0,26.4469
LyingdownSlowly,269,,Lying,,0.576,0.0,26.3731
LyingdownSlowly,270,,Lying,,0.569,0.0,35.1852
LyingdownSlowly,271,,Lying,,0.552,0.0,29.1931
LyingdownSlowly,272,,Lying,,0.525,0.0,55.6725
LyingdownSlowly,273,,Lying,,0.49,0.0,42.5237
LyingdownSlowly,274,,Lying,,0.439,0.0,37.7019
LyingdownSlowly,275,,Lying,,0.394,0.0,34.0786
LyingdownSlowly,276,,Lying,,0.366,0.0,28.8822
LyingdownSlowly,277,,Lying,,0.332,0.0,29.5926
LyingdownSlowly,278,,Lying,,0.326,0.0,48.5283
LyingdownSlowly,279,,Lying,,0.331,0.0,38.1478
LyingdownSlowly,280,,Sitting,,0.34,0.0,30.5749
LyingdownSlowly,281,,Sitting,,0.35,0.0,31.701
LyingdownSlowly,282,,Sitting,,0.348,0.0,26.5672
LyingdownSlowly,283,,Sitting,,0.359,0.0,26.0174
LyingdownSlowly,284,,Sitting,,0.371,0.0,31.5452
LyingdownSlowly,285,,Sitting,,0.388,0.0,26.9667
LyingdownSlowly,286,,Sitting,,0.402,0.0,27.5847
LyingdownSlowly,287,,Sitting,,0.442,0.0,26.3252
LyingdownSlowly,288,,Sitting,,0.463,0.0,26.7914
LyingdownSlowly,289,,Sitting,,0.471,0.0,26.558
LyingdownSlowly,290,,Sitting,,0.481,0.0,29.0238
LyingdownSlowly,291,,Sitting,,0.504,0.0,27.1519
LyingdownSlowly,292,,Sitting,,0.501,0.0,24.77
LyingdownSlowly,293,,Sitting,,0.512,0.0,25.5803
LyingdownSlowly,294,,Sitting,,0.509,0.0,25.7477
LyingdownSlowly,295,,Sitting,,0.53,0.0,25.1889
LyingdownSlowly,296,,Sitting,,0.526,0.0,23.5442
LyingdownSlowly,297,,Sitting,,0.525,0.0,27.688
LyingdownSlowly,298,,Sitting,,0.516,0.0,26.5537
LyingdownSlowly,299,,Sitting,,0.511,0.0,24.1863
LyingdownSlowly,300,,Sitting,,0.513,0.0,23.1211
LyingdownSlowly,301,,Sitting,,0.517,0.0,22.8834
LyingdownSlowly,302,,Sitting,,0.517,0.0,22.3129
LyingdownSlowly,303,,Sitting,,0.52,0.0,22.4479
LyingdownSlowly,304,,Sitting,,0.535,0.0,22.0938
LyingdownSlowly,305,,Sitting,,0.537,0.0,21.6805
LyingdownSlowly,306,,Sitting,,0.54,0.0,21.0821
LyingdownSlowly,307,,Sitting,,0.541,0.0,21.3937
LyingdownSlowly,308,,Sitting,,0.54,0.0,22.3078
LyingdownSlowly,309,,Sitting,,0.535,0.0,21.6887
LyingdownSlowly,310,,Sitting,,0.538,0.0,22.0713
LyingdownSlowly,311,,Sitting,,0.538,0.0,20.6272
LyingdownSlowly,312,,Sitting,,0.544,0.0,21.6992
LyingdownSlowly,313,,Sitting,,0.578,0.0,21.7203
LyingdownSlowly,314,,Sitting,,0.595,0.0,20.7603
LyingdownSlowly,315,,Sitting,,0.624,0.0,21.0139
LyingdownSlowly,316,,Sitting,,0.647,0.0,21.76
LyingdownSlowly,317,,Sitting,,0.656,0.0,20.5667
LyingdownSlowly,318,,Sitting,,0.661,0.0,20.3872
LyingdownSlowly,319,,Sitting,,0.661,0.0,22.0261
LyingdownSlowly,320,,Sitting,,0.653,0.0,26.4688
LyingdownSlowly,321,,Sitting,,0.654,0.0,27.082
LyingdownSlowly,322,,Sitting,,0.647,0.0,26.055
LyingdownSlowly,323,,Sitting,,0.63,0.0,22.4782
LyingdownSlowly,324,,Sitting,,0.63,0.0,22.5921
LyingdownSlowly,325,,Sitting,,0.633,0.0,22.3936
LyingdownSlowly,326,,Sitting,,0.61,0.0,21.78
LyingdownSlowly,327,,Sitting,,0.609,0.0,21.1878
LyingdownSlowly,328,,Sitting,,0.582,0.0,21.0221
LyingdownSlowly,329,,Sitting,,0.601,0.0,21.5128
LyingdownSlowly,330,,Sitting,,0.607,0.0,20.6556
LyingdownSlowly,331,,Sitting,,0.578,0.0,20.8381
LyingdownSlowly,332,,Sitting,,0.5,0.0,22.7791
LyingdownSlowly,333,,Sitting,,0.433,0.0,21.3361
LyingdownSlowly,334,,Sitting,,0.35,0.0,23.5255
LyingdownSlowly,335,,Sitting,,0.327,0.0,21.3091
LyingdownSlowly,336,,Sitting,,0.322,0.0,21.0366
LyingdownSlowly,337,,Sitting,,0.367,0.0,21.6038
LyingdownSlowly,338,,Sitting,,0.394,0.0,20.7185
LyingdownSlowly,339,,Sitting,,0.412,0.0,21.2021
LyingdownSlowly,340,,Sitting,,0.403,0.0,20.7208
LyingdownSlowly,341,,Sitting,,0.421,0.0,21.5146
LyingdownSlowly,342,,Sitting,,0.478,0.0,24.3836
LyingdownSlowly,343,,Sitting,,0.487,0.0,20.5747
LyingdownSlowly,344,,Sitting,,0.52,0.0,40.5897
LyingdownSlowly,345,,Sitting,,0.471,0.0,40.1469
LyingdownSlowly,346,,Sitting,,0.417,0.0,22.3471
LyingdownSlowly,347,,Sitting,,0.368,0.0,22.6345
LyingdownSlowly,348,,Sitting,,0.337,0.0,22.7279
LyingdownSlowly,349,,Sitting,,0.308,0.0,21.487
LyingdownSlowly,350,,Sitting,,0.281,0.0,21.5455
LyingdownSlowly,351,,Lying,,0.289,0.0,21.9796
LyingdownSlowly,352,,Lying,,0.325,0.0,25.4232
LyingdownSlowly,353,,Lying,,0.359,0.0,34.0484
LyingdownSlowly,354,,Lying,,0.363,0.0,34.2835
LyingdownSlowly,355,,Lying,,0.377,0.0,21.4607
LyingdownSlowly,356,,Lying,,0.374,0.0,21.2718
LyingdownSlowly,357,,Lying,,0.361,0.0,21.7981
LyingdownSlowly,358,,Standing,,0.383,0.0,20.7736
LyingdownSlowly,359,,Standing,,0.401,0.0,27.2421
LyingdownSlowly,360,,Standing,,0.419,0.0,21.8285
LyingdownSlowly,361,,Standing,,0.424,0.0,31.1313
LyingdownSlowly,362,,Standing,,0.453,0.0,27.6841
LyingdownSlowly,363,,Standing,,0.494,0.0,37.5166
LyingdownSlowly,364,,Standing,,0.483,0.0,23.2144
LyingdownSlowly,365,,Standing,,0.532,0.0,22.8977
LyingdownSlowly,366,,Standing,,0.546,0.0,23.2552
LyingdownSlowly,367,,Standing,,0.537,0.0,21.961
LyingdownSlowly,368,,Standing,,0.559,0.0,21.8743
LyingdownSlowly,369,,Standing,,0.565,0.0,21.7062
LyingdownSlowly,370,,Standing,,0.548,0.0,21.3423
LyingdownSlowly,371,,Standing,,0.552,0.0,21.8812
LyingdownSlowly,372,,Standing,,0.562,0.0,21.0978
LyingdownSlowly,373,,Standing,,0.582,0.0,26.3207
LyingdownSlowly,374,,Standing,,0.568,0.0,25.5265
LyingdownSlowly,375,,Standing,,0.578,0.0,20.9667
LyingdownSlowly,376,,Standing,,0.586,0.0,21.6227
LyingdownSlowly,377,,Standing,,0.601,0.0,20.8332
LyingdownSlowly,378,,Standing,,0.623,0.0,21.6827
LyingdownSlowly,379,,Standing,,0.641,0.0,22.3999
LyingdownSlowly,380,,Standing,,0.669,0.0,21.1118
LyingdownSlowly,381,,Standing,,0.713,0.0,21.4202
Moving_in_out_frame,31,Standing,Standing,True,0.982,0.0,23.8573
Moving_in_out_frame,32,Standing,Standing,True,0.984,0.0,21.3878
Moving_in_out_frame,33,Standing,Standing,True,0.984,0.0,23.6807
Moving_in_out_frame,34,Standing,Standing,True,0.982,0.0,23.7095
Moving_in_out_frame,35,Standing,Standing,True,0.986,0.0,20.7346
Moving_in_out_frame,36,Standing,Standing,True,0.983,0.0,20.7037
Moving_in_out_frame,37,Standing,Standing,True,0.979,0.0,21.987
Moving_in_out_frame,38,Standing,Standing,True,0.984,0.0,20.8658
Moving_in_out_frame,39,Standing,Standing,True,0.984,0.0,20.0933
Moving_in_out_frame,40,Standing,Standing,True,0.98,0.0,23.5523
Moving_in_out_frame,41,Standing,Standing,True,0.979,0.0,20.0696
Moving_in_out_frame,42,Standing,Standing,True,0.971,0.0,19.8334
Moving_in_out_frame,43,Standing,Standing,True,0.963,0.0,21.0431
Moving_in_out_frame,44,Standing,Standing,True,0.965,0.0,19.8483
Moving_in_out_frame,45,Standing,Standing,True,0.969,0.0,20.2732
Moving_in_out_frame,46,Standing,Standing,True,0.962,0.0,19.9753
Moving_in_out_frame,47,Standing,Standing,True,0.959,0.0,20.1267
Moving_in_out_frame,48,Standing,Standing,True,0.943,0.0,19.7987
Moving_in_out_frame,49,Standing,Standing,True,0.924,0.0,21.2915
Moving_in_out_frame,50,Standing,Standing,True,0.921,0.0,20.9337
Moving_in_out_frame,51,Standing,Standing,True,0.903,0.0,19.3119
Moving_in_out_frame,52,Standing,Standing,True,0.917,0.0,19.0837
Moving_in_out_frame,53,Standing,Standing,True,0.925,0.0,19.0857
Moving_in_out_frame,54,Standing,Standing,True,0.932,0.0,19.6567
Moving_in_out_frame,55,Standing,Standing,True,0.924,0.0,19.1044
Moving_in_out_frame,56,Standing,Standing,True,0.925,0.0,20.4413
Moving_in_out_frame,57,Standing,Standing,True,0.923,0.0,18.8589
Moving_in_out_frame,58,Standing,Standing,True,0.913,0.0,23.8319
Moving_in_out_frame,59,Not in frame,Standing,False,0.915,0.0,19.7543
Moving_in_out_frame,60,Not in frame,Standing,False,0.903,0.0,25.4432
Moving_in_out_frame,61,Not in frame,Standing,False,0.913,0.0,24.4114
Moving_in_out_frame,62,Not in frame,Standing,False,0.897,0.0,27.7916
Moving_in_out_frame,63,Not in frame,Standing,False,0.9,0.0,23.2955
Moving_in_out_frame,64,Not in frame,Standing,False,0.884,0.0,29.1231
Moving_in_out_frame,65,Not in frame,Standing,False,0.876,0.0,26.1074
Moving_in_out_frame,66,Not in frame,Standing,False,0.869,0.0,21.6944
Moving_in_out_frame,67,Not in frame,Standing,False,0.871,0.0,21.8024
Moving_in_out_frame,68,Not in frame,Standing,False,0.884,0.0,22.0367
Moving_in_out_frame,69,Not in frame,Standing,False,0.884,0.0,23.3766
Moving_in_out_frame,70,Not in frame,Standing,False,0.883,0.0,21.3015
Moving_in_out_frame,71,Not in frame,Standing,False,0.854,1.0,23.2007
Moving_in_out_frame,72,Not in frame,Standing,False,0.792,1.0,23.7998
Moving_in_out_frame,73,Not in frame,Standing,False,0.718,1.0,21.3494
Moving_in_out_frame,74,Not in frame,Standing,False,0.647,1.0,21.588
Moving_in_out_frame,75,Not in frame,Standing,False,0.562,1.0,22.6481
Moving_in_out_frame,76,Not in frame,Standing,False,0.467,0.0,23.6972
Moving_in_out_frame,77,Not in frame,Standing,False,0.331,0.0,23.068
Moving_in_out_frame,78,Not in frame,Lying,False,0.252,0.0,25.605
Moving_in_out_frame,79,Not in frame,Lying,False,0.331,0.0,27.4828
Moving_in_out_frame,80,Not in frame,Lying,False,0.416,0.0,22.3453
Moving_in_out_frame,81,Not in frame,Lying,False,0.47,0.0,23.2904
Moving_in_out_frame,82,Not in frame,Lying,False,0.519,0.0,24.0036
Moving_in_out_frame,83,Not in frame,Lying,False,0.546,0.0,24.0352
Moving_in_out_frame,84,Not in frame,Lying,False,0.594,0.0,22.5949
Moving_in_out_frame,85,Not in frame,Lying,False,0.619,0.0,23.3618
Moving_in_out_frame,86,Not in frame,Lying,False,0.633,0.0,27.9645
Moving_in_out_frame,87,Not in frame,Lying,False,0.665,0.0,24.1605
Moving_in_out_frame,88,Not in frame,Lying,False,0.663,0.0,23.3229
Moving_in_out_frame,89,Not in frame,Lying,False,0.69,0.0,24.9804
Moving_in_out_frame,90,Not in frame,Lying,False,0.684,0.0,23.8688
Moving_in_out_frame,91,Not in frame,Lying,False,0.694,0.0,24.4426
Moving_in_out_frame,92,Not in frame,Lying,False,0.712,0.0,23.8129
Moving_in_out_frame,93,Not in frame,Lying,False,0.712,0.0,25.7711
Moving_in_out_frame,94,Not in frame,Lying,False,0.716,0.0,24.2355
Moving_in_out_frame,95,Not in frame,Lying,False,0.742,0.0,25.2865
Moving_in_out_frame,96,Not in frame,Lying,False,0.748,0.0,29.0506
Moving_in_out_frame,97,Not in frame,Lying,False,0.782,0.0,28.1312
Moving_in_out_frame,98,Not in frame,Lying,False,0.767,0.0,33.9029
Moving_in_out_frame,99,Not in frame,Lying,False,0.776,0.0,39.0477
Moving_in_out_frame,100,Not in frame,Lying,False,0.837,0.0,34.0043
Moving_in_out_frame,101,Not in frame,Lying,False,0.834,0.0,30.9276
Moving_in_out_frame,102,Not in frame,Lying,False,0.844,0.0,25.4915
Moving_in_out_frame,103,Not in frame,Lying,False,0.862,0.0,31.1098
Moving_in_out_frame,104,Not in frame,Lying,False,0.865,0.0,30.0289
Moving_in_out_frame,105,Not in frame,Lying,False,0.891,0.0,39.306
Moving_in_out_frame,106,Not in frame,Lying,False,0.883,0.0,32.9631
Moving_in_out_frame,107,Not in frame,Lying,False,0.88,0.0,35.9457
Moving_in_out_frame,108,Not in frame,Lying,False,0.892,0.0,38.2083
Moving_in_out_frame,109,Not in frame,Lying,False,0.886,0.0,36.0903
Moving_in_out_frame,110,Not in frame,Lying,False,0.868,0.0,29.397
Moving_in_out_frame,111,Not in frame,Lying,False,0.891,0.0,26.2579
Moving_in_out_frame,112,Not in frame,Lying,False,0.896,0.0,25.7271
Moving_in_out_frame,113,Not in frame,Lying,False,0.88,0.0,24.6655
Moving_in_out_frame,114,Not in frame,Lying,False,0.872,0.0,36.8045
Moving_in_out_frame,115,Not in frame,Lying,False,0.87,0.0,30.7278
Moving_in_out_frame,116,Not in frame,Lying,False,0.878,0.0,27.1968
Moving_in_out_frame,117,Standing,Lying,False,0.9,0.0,26.8527
Moving_in_out_frame,118,Standing,Lying,False,0.892,0.0,27.7377
Moving_in_out_frame,119,Standing,Lying,False,0.866,0.0,25.1154
Moving_in_out_frame,120,Standing,Lying,False,0.891,0.0,32.3704
Moving_in_out_frame,121,Standing,Lying,False,0.89,0.0,26.8792
Moving_in_out_frame,122,Standing,Lying,False,0.87,0.0,29.7327
Moving_in_out_frame,123,Standing,Lying,False,0.887,0.0,29.1642
Moving_in_out_frame,124,Standing,Lying,False,0.889,0.0,37.4259
Moving_in_out_frame,125,Standing,Lying,False,0.869,0.0,34.0372
Moving_in_out_frame,126,Standing,Lying,False,0.886,0.0,35.1745
Moving_in_out_frame,127,Standing,Lying,False,0.872,0.0,34.9292
Moving_in_out_frame,128,Standing,Lying,False,0.886,0.0,31.1463
Moving_in_out_frame,129,Standing,Lying,False,0.871,0.0,27.6667
Moving_in_out_frame,130,Standing,Lying,False,0.882,0.0,27.4834
Moving_in_out_frame,131,Standing,Lying,False,0.858,0.0,29.0015
Moving_in_out_frame,132,Standing,Lying,False,0.88,0.0,30.9308
Moving_in_out_frame,133,Standing,Lying,False,0.864,0.0,41.4159
Moving_in_out_frame,134,Standing,Lying,False,0.885,0.0,27.6319
Moving_in_out_frame,135,Standing,Lying,False,0.872,0.0,25.2527
Moving_in_out_frame,136,Standing,Lying,False,0.88,0.0,29.4547
Moving_in_out_frame,137,Standing,Lying,False,0.89,0.0,30.0721
Moving_in_out_frame,138,Standing,Lying,False,0.894,0.0,32.2918
Moving_in_out_frame,139,Standing,Lying,False,0.907,0.0,26.5415
Moving_in_out_frame,140,Standing,Lying,False,0.899,0.0,27.7909
Moving_in_out_frame,141,Standing,Lying,False,0.886,0.0,33.4579
Moving_in_out_frame,142,Standing,Lying,False,0.878,0.0,37.8446
Moving_in_out_frame,143,Standing,Lying,False,0.881,0.0,47.0153
Moving_in_out_frame,144,Standing,Lying,False,0.886,0.0,35.4714
Moving_in_out_frame,145,Standing,Lying,False,0.86,0.0,33.6571
Moving_in_out_frame,146,Standing,Lying,False,0.881,0.0,33.0099
Moving_in_out_frame,147,Standing,Lying,False,0.874,0.0,32.5305
Moving_in_out_frame,148,Standing,Lying,False,0.876,0.0,33.4017
Moving_in_out_frame,149,Standing,Lying,False,0.885,0.0,30.297
Moving_in_out_frame,150,Standing,Lying,False,0.9,0.0,31.1894
Moving_in_out_frame,151,Standing,Lying,False,0.895,0.0,37.6865
Moving_in_out_frame,152,Standing,Lying,False,0.898,0.0,34.4236
Moving_in_out_frame,153,Standing,Lying,False,0.883,0.0,32.239
Moving_in_out_frame,154,Standing,Lying,False,0.885,0.0,33.5314
Moving_in_out_frame,155,Standing,Lying,False,0.882,0.0,36.746
Moving_in_out_frame,156,Standing,Lying,False,0.886,0.0,50.0883
Moving_in_out_frame,157,Standing,Lying,False,0.886,0.0,42.069
Moving_in_out_frame,158,Standing,Lying,False,0.895,0.0,39.1067
Moving_in_out_frame,159,Standing,Lying,False,0.885,0.0,31.0872
Moving_in_out_frame,160,Standing,Lying,False,0.883,0.0,42.7031
Moving_in_out_frame,161,Standing,Lying,False,0.88,0.0,33.2575
Moving_in_out_frame,162,Standing,Lying,False,0.879,0.0,35.6127
Moving_in_out_frame,163,Standing,Lying,False,0.879,0.0,41.9731
Moving_in_out_frame,164,Standing,Lying,False,0.876,0.0,37.1311
Moving_in_out_frame,165,Standing,Lying,False,0.854,0.0,30.1126
Moving_in_out_frame,166,Standing,Lying,False,0.877,0.0,34.0332
Moving_in_out_frame,167,Standing,Lying,False,0.865,1.0,38.5004
Moving_in_out_frame,168,Standing,Lying,False,0.805,0.0,34.3587
Moving_in_out_frame,169,Standing,Lying,False,0.71,0.0,33.9447
Moving_in_out_frame,170,Standing,Lying,False,0.644,0.0,34.0767
Moving_in_out_frame,171,Standing,Lying,False,0.617,0.0,31.9106
Moving_in_out_frame,172,Standing,Lying,False,0.589,0.0,42.8792
Moving_in_out_frame,173,Standing,Lying,False,0.537,0.0,48.6917
Moving_in_out_frame,174,Standing,Lying,False,0.512,0.0,42.677
Moving_in_out_frame,175,Standing,Lying,False,0.458,0.0,31.7143
Moving_in_out_frame,176,Standing,Lying,False,0.45,0.0,41.1292
Moving_in_out_frame,177,Standing,Lying,False,0.414,0.0,40.9528
Moving_in_out_frame,178,Standing,Standing,True,0.407,0.0,35.2653
Moving_in_out_frame,179,Standing,Standing,True,0.432,0.0,45.1442
Moving_in_out_frame,180,Standing,Standing,True,0.458,0.0,48.8613
Moving_in_out_frame,181,Standing,Standing,True,0.523,0.0,46.131
Moving_in_out_frame,182,Standing,Standing,True,0.561,0.0,46.1804
Moving_in_out_frame,183,Standing,Standing,True,0.558,0.0,33.6424
Moving_in_out_frame,184,Standing,Standing,True,0.564,0.0,34.9592
Moving_in_out_frame,185,Standing,Standing,True,0.558,0.0,44.284
Moving_in_out_frame,186,Standing,Standing,True,0.598,0.0,46.9394
Moving_in_out_frame,187,Standing,Standing,True,0.604,0.0,36.1874
Moving_in_out_frame,188,Standing,Standing,True,0.634,0.0,42.3746
Moving_in_out_frame,189,Standing,Standing,True,0.642,0.0,42.7185
Moving_in_out_frame,190,Standing,Standing,True,0.665,0.0,32.6608
Moving_in_out_frame,191,Standing,Standing,True,0.648,0.0,30.3775
Moving_in_out_frame,192,Standing,Standing,True,0.684,0.0,35.0758
Moving_in_out_frame,193,Standing,Standing,True,0.7,0.0,43.561
Moving_in_out_frame,194,Standing,Standing,True,0.768,0.0,48.7659
Moving_in_out_frame,195,Standing,Standing,True,0.786,0.0,58.605
Moving_in_out_frame,196,Standing,Standing,True,0.808,0.0,59.6528
Moving_in_out_frame,197,Standing,Standing,True,0.95,0.0,61.2027
Moving_in_out_frame,198,Standing,Standing,True,0.97,0.0,62.8828
Moving_in_out_frame,199,Standing,Standing,True,0.979,0.0,65.0566
Moving_in_out_frame,200,Standing,Standing,True,0.981,0.0,49.3508
Moving_in_out_frame,201,Standing,Standing,True,0.981,0.0,46.0889
Moving_in_out_frame,202,Standing,Standing,True,0.979,0.0,32.9785
Moving_in_out_frame,203,Standing,Standing,True,0.982,0.0,37.1789
Moving_in_out_frame,204,Standing,Standing,True,0.991,0.0,43.7219
Moving_in_out_frame,205,Standing,Standing,True,0.994,0.0,42.1416
Moving_in_out_frame,206,,Standing,,0.993,0.0,41.821
Moving_in_out_frame,207,,Standing,,0.991,0.0,41.9121
Moving_in_out_frame,208,,Standing,,0.99,0.0,43.4092
Moving_in_out_frame,209,,Standing,,0.99,0.0,43.1091
Moving_in_out_frame,210,,Standing,,0.99,0.0,42.0261
Moving_in_out_frame_withFall,31,Standing,Standing,True,0.84,1.0,39.7782
Moving_in_out_frame_withFall,32,Standing,Standing,True,0.793,1.0,39.3556
Moving_in_out_frame_withFall,33,Standing,Standing,True,0.689,1.0,43.9366
Moving_in_out_frame_withFall,34,Standing,Standing,True,0.652,1.0,38.3338
Moving_in_out_frame_withFall,35,Standing,Standing,True,0.596,1.0,40.7247
Moving_in_out_frame_withFall,36,Standing,Standing,True,0.51,1.0,32.3747
Moving_in_out_frame_withFall,37,Standing,Standing,True,0.419,1.0,31.8027
Moving_in_out_frame_withFall,38,Standing,Standing,True,0.368,1.0,31.4863
Moving_in_out_frame_withFall,39,Standing,Unknown,False,0.318,1.0,32.0485
Moving_in_out_frame_withFall,40,Standing,Unknown,False,0.324,1.0,40.3233
Moving_in_out_frame_withFall,41,Standing,Unknown,False,0.337,1.0,36.6436
Moving_in_out_frame_withFall,42,Standing,Lying,False,0.333,1.0,46.1246
Moving_in_out_frame_withFall,43,Standing,Unknown,False,0.345,1.0,52.6966
Moving_in_out_frame_withFall,44,Standing,Unknown,False,0.358,1.0,41.6395
Moving_in_out_frame_withFall,45,Standing,Unknown,False,0.367,1.0,37.6121
Moving_in_out_frame_withFall,46,Standing,Unknown,False,0.386,1.0,35.1173
Moving_in_out_frame_withFall,47,Standing,Unknown,False,0.42,1.0,30.5757
Moving_in_out_frame_withFall,48,Standing,Unknown,False,0.423,1.0,31.6721
Moving_in_out_frame_withFall,49,Standing,Unknown,False,0.448,1.0,41.9063
Moving_in_out_frame_withFall,50,Not in frame,Unknown,False,0.459,1.0,40.2179
Moving_in_out_frame_withFall,51,Not in frame,Unknown,False,0.501,1.0,36.3745
Moving_in_out_frame_withFall,52,Not in frame,Unknown,False,0.479,1.0,38.184
Moving_in_out_frame_withFall,53,Not in frame,Unknown,False,0.481,1.0,36.6267
Moving_in_out_frame_withFall,54,Not in frame,Unknown,False,0.495,1.0,43.6538
Moving_in_out_frame_withFall,55,Not in frame,Unknown,False,0.483,1.0,37.8606
Moving_in_out_frame_withFall,56,Not in frame,Unknown,False,0.468,1.0,34.0902
Moving_in_out_frame_withFall,57,Not in frame,Unknown,False,0.464,1.0,43.6008
Moving_in_out_frame_withFall,58,Not in frame,Unknown,False,0.482,1.0,42.2545
Moving_in_out_frame_withFall,59,Not in frame,Unknown,False,0.507,1.0,32.9261
Moving_in_out_frame_withFall,60,Not in frame,Lying,False,0.495,1.0,37.2378
Moving_in_out_frame_withFall,61,Not in frame,Lying,False,0.495,1.0,36.4556
Moving_in_out_frame_withFall,62,Not in frame,Lying,False,0.495,1.0,32.394
Moving_in_out_frame_withFall,63,Not in frame,Lying,False,0.495,1.0,32.8901
Moving_in_out_frame_withFall,64,Not in frame,Lying,False,0.495,1.0,29.6476
Moving_in_out_frame_withFall,65,Not in frame,Lying,False,0.495,1.0,28.2761
Moving_in_out_frame_withFall,66,Not in frame,Lying,False,0.495,1.0,37.6101
Moving_in_out_frame_withFall,67,Not in frame,Lying,False,0.495,1.0,40.9577
Moving_in_out_frame_withFall,68,Not in frame,Lying,False,0.495,1.0,43.2301
Moving_in_out_frame_withFall,69,Not in frame,Lying,False,0.495,1.0,37.4554
Moving_in_out_frame_withFall,70,Not in frame,Lying,False,0.495,1.0,57.5486
Moving_in_out_frame_withFall,71,Not in frame,Lying,False,0.495,1.0,36.6223
Moving_in_out_frame_withFall,72,Not in frame,Lying,False,0.495,1.0,38.109
Moving_in_out_frame_withFall,73,Not in frame,Lying,False,0.495,1.0,32.8536
Moving_in_out_frame_withFall,74,Not in frame,Lying,False,0.495,1.0,26.3923
Moving_in_out_frame_withFall,75,Not in frame,Lying,False,0.495,1.0,26.1685
Moving_in_out_frame_withFall,76,Not in frame,Lying,False,0.495,1.0,28.2043
Moving_in_out_frame_withFall,77,Not in frame,Lying,False,0.495,1.0,28.4567
Moving_in_out_frame_withFall,78,Not in frame,Lying,False,0.495,1.0,25.796
Moving_in_out_frame_withFall,79,Not in frame,Lying,False,0.495,1.0,26.627
Moving_in_out_frame_withFall,80,Not in frame,Lying,False,0.495,1.0,25.6598
Moving_in_out_frame_withFall,81,Not in frame,Lying,False,0.495,1.0,27.0825
Moving_in_out_frame_withFall,82,Not in frame,Lying,False,0.495,1.0,28.9217
Moving_in_out_frame_withFall,83,Not in frame,Lying,False,0.495,1.0,27.0811
Moving_in_out_frame_withFall,84,Not in frame,Lying,False,0.495,1.0,25.6963
Moving_in_out_frame_withFall,85,Not in frame,Lying,False,0.495,1.0,40.3104
Moving_in_out_frame_withFall,86,,Lying,,0.495,1.0,28.4538
Moving_in_out_frame_withFall,87,,Lying,,0.495,1.0,25.1706
Moving_in_out_frame_withFall,88,Standing,Lying,False,0.495,1.0,32.5314
Moving_in_out_frame_withFall,89,Standing,Lying,False,0.495,1.0,29.509
Moving_in_out_frame_withFall,90,Standing,Lying,False,0.495,1.0,25.4021
Moving_in_out_frame_withFall,91,Standing,Lying,False,0.495,1.0,26.0782
Moving_in_out_frame_withFall,92,Standing,Lying,False,0.495,1.0,24.2232
Moving_in_out_frame_withFall,93,Standing,Lying,False,0.495,1.0,29.1297
Moving_in_out_frame_withFall,94,Standing,Lying,False,0.495,1.0,28.6903
Moving_in_out_frame_withFall,95,Standing,Lying,False,0.495,1.0,33.2794
Moving_in_out_frame_withFall,96,Standing,Lying,False,0.495,1.0,39.2623
Moving_in_out_frame_withFall,97,Standing,Lying,False,0.495,1.0,35.5486
Moving_in_out_frame_withFall,98,Standing,Lying,False,0.495,1.0,32.323
Moving_in_out_frame_withFall,99,Standing,Lying,False,0.495,1.0,32.8854
Moving_in_out_frame_withFall,100,Standing,Lying,False,0.495,1.0,28.7501
Moving_in_out_frame_withFall,101,Standing,Lying,False,0.495,1.0,34.1149
Moving_in_out_frame_withFall,102,Standing,Lying,False,0.495,1.0,26.5628
Moving_in_out_frame_withFall,103,Standing,Lying,False,0.495,1.0,27.4528
Moving_in_out_frame_withFall,104,Standing,Unknown,False,0.614,0.0,31.8065
Moving_in_out_frame_withFall,105,Standing,Unknown,False,0.62,0.0,34.4549
Moving_in_out_frame_withFall,106,Standing,Unknown,False,0.616,0.0,30.9716
Moving_in_out_frame_withFall,107,Standing,Unknown,False,0.541,0.0,30.8043
Moving_in_out_frame_withFall,108,Standing,Lying,False,0.384,0.0,29.7188
Moving_in_out_frame_withFall,109,,Lying,,0.414,0.0,30.4419
Moving_in_out_frame_withFall,110,,Lying,,0.429,0.0,35.9326
Moving_in_out_frame_withFall,111,,Lying,,0.457,0.0,28.444
Moving_in_out_frame_withFall,112,,Lying,,0.47,0.0,30.1396
Moving_in_out_frame_withFall,113,,Lying,,0.488,0.0,36.2561
Moving_in_out_frame_withFall,114,,Lying,,0.494,0.0,40.3023
Moving_in_out_frame_withFall,115,,Lying,,0.509,0.0,39.7167
Moving_in_out_frame_withFall,116,,Lying,,0.483,0.0,30.7919
Moving_in_out_frame_withFall,117,,Lying,,0.487,0.0,33.513
Moving_in_out_frame_withFall,118,,Lying,,0.482,0.0,37.6377
Moving_in_out_frame_withFall,119,,Lying,,0.476,0.0,35.6807
Moving_in_out_frame_withFall,120,,Lying,,0.456,0.0,33.3803
Moving_in_out_frame_withFall,121,,Lying,,0.463,0.0,34.0211
Moving_in_out_frame_withFall,122,,Lying,,0.456,0.0,34.8039
Moving_in_out_frame_withFall,123,,Lying,,0.457,0.0,36.7445
Moving_in_out_frame_withFall,124,,Lying,,0.438,0.0,30.4569
Moving_in_out_frame_withFall,125,,Lying,,0.418,0.0,37.0543
Moving_in_out_frame_withFall,126,,Lying,,0.418,0.0,41.9817
Moving_in_out_frame_withFall,127,,Standing,,0.387,0.0,39.3322
Moving_in_out_frame_withFall,128,,Standing,,0.424,0.0,29.1487
Moving_in_out_frame_withFall,129,,Standing,,0.46,0.0,40.9156
Moving_in_out_frame_withFall,130,,Standing,,0.494,0.0,43.0777
Moving_in_out_frame_withFall,131,,Standing,,0.466,0.0,46.0998
Moving_in_out_frame_withFall,132,,Standing,,0.509,0.0,36.4328
Moving_in_out_frame_withFall,133,,Standing,,0.488,0.0,46.7848
Moving_in_out_frame_withFall,134,,Standing,,0.493,0.0,42.8836
Moving_in_out_frame_withFall,135,,Standing,,0.533,0.0,40.1269
Moving_in_out_frame_withFall,136,,Standing,,0.505,0.0,36.2361
Moving_in_out_frame_withFall,137,,Standing,,0.534,0.0,33.6461
Moving_in_out_frame_withFall,138,,Standing,,0.53,0.0,27.6311
Moving_in_out_frame_withFall,139,,Standing,,0.531,0.0,42.3766
Moving_in_out_frame_withFall,140,,Standing,,0.505,0.0,29.2194
Moving_in_out_frame_withFall,141,,Standing,,0.515,0.0,23.7121
Moving_in_out_frame_withFall,142,,Standing,,0.486,0.0,24.976
Moving_in_out_frame_withFall,143,,Standing,,0.457,0.0,22.8482
Moving_in_out_frame_withFall,144,,Standing,,0.438,0.0,23.091
Moving_in_out_frame_withFall,145,,Standing,,0.428,0.0,24.2979
Moving_in_out_frame_withFall,146,Lying,Standing,False,0.391,0.0,22.2394
Moving_in_out_frame_withFall,147,Lying,Standing,False,0.329,0.0,23.1686
Moving_in_out_frame_withFall,148,Lying,Standing,False,0.301,0.0,21.9229
Moving_in_out_frame_withFall,149,Lying,Sitting,False,0.242,1.0,22.2719
Moving_in_out_frame_withFall,150,Lying,Unknown,False,0.224,0.0,21.2575
Moving_in_out_frame_withFall,151,Lying,Lying,True,0.288,0.0,21.6272
Moving_in_out_frame_withFall,152,Lying,Lying,True,0.365,0.0,25.3694
Moving_in_out_frame_withFall,153,Lying,Lying,True,0.409,0.0,28.0769
Moving_in_out_frame_withFall,154,Lying,Lying,True,0.467,0.0,28.0029
Moving_in_out_frame_withFall,155,Lying,Lying,True,0.511,0.0,21.7113
Moving_in_out_frame_withFall,156,Lying,Lying,True,0.553,0.0,22.612
Moving_in_out_frame_withFall,157,Lying,Lying,True,0.571,0.0,21.5504
Moving_in_out_frame_withFall,158,Lying,Lying,True,0.55,0.0,24.9486
Moving_in_out_frame_withFall,159,Lying,Lying,True,0.56,0.0,23.2688
Moving_in_out_frame_withFall,160,Lying,Lying,True,0.537,0.0,22.6686
Moving_in_out_frame_withFall,161,Lying,Lying,True,0.524,1.0,22.0705
Moving_in_out_frame_withFall,162,Lying,Lying,True,0.456,1.0,21.988
Moving_in_out_frame_withFall,163,Lying,Lying,True,0.469,1.0,22.7012
Moving_in_out_frame_withFall,164,Lying,Lying,True,0.44,1.0,21.3852
Moving_in_out_frame_withFall,165,Lying,Lying,True,0.468,1.0,22.226
Moving_in_out_frame_withFall,166,Lying,Lying,True,0.438,0.0,21.3992
Moving_in_out_frame_withFall,167,Lying,Lying,True,0.425,0.0,21.9939
Moving_in_out_frame_withFall,168,Lying,Lying,True,0.431,1.0,21.9918
Moving_in_out_frame_withFall,169,Lying,Lying,True,0.456,1.0,20.4295
Moving_in_out_frame_withFall,170,Lying,Lying,True,0.462,1.0,23.1103
Moving_in_out_frame_withFall,171,Lying,Lying,True,0.467,1.0,20.3079
Moving_in_out_frame_withFall,172,Lying,Lying,True,0.487,1.0,20.3467
Moving_in_out_frame_withFall,173,Lying,Lying,True,0.478,1.0,22.6937
Moving_in_out_frame_withFall,174,Lying,Lying,True,0.483,0.0,25.5332
Moving_in_out_frame_withFall,175,Lying,Lying,True,0.43,0.0,30.6099
Moving_in_out_frame_withFall,176,Lying,Lying,True,0.45,0.0,26.6237
Moving_in_out_frame_withFall,177,Lying,Lying,True,0.428,1.0,26.9583
Moving_in_out_frame_withFall,178,Lying,Lying,True,0.477,1.0,25.5433
Moving_in_out_frame_withFall,179,Lying,Lying,True,0.473,1.0,24.3979
Moving_in_out_frame_withFall,180,Lying,Lying,True,0.49,1.0,27.7375
Moving_in_out_frame_withFall,181,Lying,Lying,True,0.494,0.0,23.013
Moving_in_out_frame_withFall,182,Lying,Lying,True,0.514,1.0,28.0953
Moving_in_out_frame_withFall,183,Lying,Lying,True,0.525,0.0,22.5334
Moving_in_out_frame_withFall,184,Lying,Lying,True,0.57,0.0,24.0809
Moving_in_out_frame_withFall,185,Lying,Lying,True,0.575,0.0,22.6872
Moving_in_out_frame_withFall,186,Lying,Lying,True,0.583,0.0,23.0798
Moving_in_out_frame_withFall,187,Lying,Lying,True,0.584,1.0,22.1715
Moving_in_out_frame_withFall,188,Lying,Lying,True,0.553,0.0,24.638
Moving_in_out_frame_withFall,189,Lying,Lying,True,0.604,0.0,22.4942
Moving_in_out_frame_withFall,190,Lying,Lying,True,0.604,0.0,21.0484
Moving_in_out_frame_withFall,191,Lying,Lying,True,0.621,0.0,22.0976
Moving_in_out_frame_withFall,192,Lying,Lying,True,0.683,0.0,20.9598
Moving_in_out_frame_withFall,193,Lying,Lying,True,0.693,0.0,29.067
Moving_in_out_frame_withFall,194,Lying,Lying,True,0.705,1.0,21.4789
Moving_in_out_frame_withFall,195,Lying,Lying,True,0.619,0.0,20.9812
Moving_in_out_frame_withFall,196,Lying,Lying,True,0.572,0.0,24.8653
Moving_in_out_frame_withFall,197,Lying,Lying,True,0.532,0.0,23.5025
Moving_in_out_frame_withFall,198,Lying,Lying,True,0.456,0.0,20.2272
Moving_in_out_frame_withFall,199,Lying,Lying,True,0.381,0.0,21.2444
Moving_in_out_frame_withFall,200,Lying,Lying,True,0.353,0.0,20.9396
Moving_in_out_frame_withFall,201,Lying,Lying,True,0.327,0.0,20.1481
Moving_in_out_frame_withFall,202,Lying,Sitting,False,0.328,0.0,21.2036
Moving_in_out_frame_withFall,203,Lying,Sitting,False,0.365,0.0,26.5541
Moving_in_out_frame_withFall,204,Lying,Sitting,False,0.339,0.0,22.7008
Moving_in_out_frame_withFall,205,,Sitting,,0.336,0.0,21.6919
Moving_in_out_frame_withFall,206,,Sitting,,0.326,0.0,23.2143
Moving_in_out_frame_withFall,207,,Sitting,,0.342,0.0,22.9285
Moving_in_out_frame_withFall,208,,Sitting,,0.377,0.0,20.3837
Moving_in_out_frame_withFall,209,,Sitting,,0.317,0.0,22.1742
Moving_in_out_frame_withFall,210,,Sitting,,0.338,0.0,21.0741
Moving_in_out_frame_withFall,211,,Sitting,,0.375,0.0,20.4516
Moving_in_out_frame_withFall,212,,Sitting,,0.302,0.0,20.5432
Moving_in_out_frame_withFall,213,,Lying,,0.31,0.0,20.1088
Moving_in_out_frame_withFall,214,,Sitting,,0.297,0.0,20.0871
Moving_in_out_frame_withFall,215,,Sitting,,0.299,0.0,20.1058
Moving_in_out_frame_withFall,216,,Sitting,,0.298,0.0,20.6827
Moving_in_out_frame_withFall,217,,Sitting,,0.348,0.0,20.1972
Sit_Stand_AnklesInvisible,31,Sitting,Standing,False,0.879,0.0,19.6797
Sit_Stand_AnklesInvisible,32,Sitting,Standing,False,0.893,0.0,19.4722
Sit_Stand_AnklesInvisible,33,Sitting,Standing,False,0.891,0.0,19.2379
Sit_Stand_AnklesInvisible,34,Sitting,Standing,False,0.891,0.0,19.2292
Sit_Stand_AnklesInvisible,35,Sitting,Standing,False,0.884,0.0,20.7751
Sit_Stand_AnklesInvisible,36,Sitting,Standing,False,0.84,0.0,22.9645
Sit_Stand_AnklesInvisible,37,Sitting,Standing,False,0.842,0.0,22.328
Sit_Stand_AnklesInvisible,38,Sitting,Standing,False,0.808,0.0,24.1686
Sit_Stand_AnklesInvisible,39,Sitting,Standing,False,0.773,0.0,21.1965
Sit_Stand_AnklesInvisible,40,Sitting,Standing,False,0.771,0.0,21.9235
Sit_Stand_AnklesInvisible,41,Sitting,Standing,False,0.76,0.0,20.7518
Sit_Stand_AnklesInvisible,42,Sitting,Standing,False,0.761,0.0,23.9852
Sit_Stand_AnklesInvisible,43,Sitting,Standing,False,0.772,0.0,23.1171
Sit_Stand_AnklesInvisible,44,Sitting,Standing,False,0.803,0.0,22.8632
Sit_Stand_AnklesInvisible,45,Sitting,Standing,False,0.794,0.0,26.2268
Sit_Stand_AnklesInvisible,46,Sitting,Standing,False,0.816,0.0,22.4779
Sit_Stand_AnklesInvisible,47,Sitting,Standing,False,0.819,0.0,22.2444
Sit_Stand_AnklesInvisible,48,Sitting,Standing,False,0.796,0.0,22.7313
Sit_Stand_AnklesInvisible,49,Sitting,Standing,False,0.774,0.0,23.7235
Sit_Stand_AnklesInvisible,50,Sitting,Standing,False,0.761,0.0,25.4296
Sit_Stand_AnklesInvisible,51,Sitting,Standing,False,0.714,0.0,36.3199
Sit_Stand_AnklesInvisible,52,Sitting,Standing,False,0.678,0.0,23.2886
Sit_Stand_AnklesInvisible,53,Sitting,Standing,False,0.675,0.0,23.7781
Sit_Stand_AnklesInvisible,54,Sitting,Standing,False,0.659,0.0,26.7073
Sit_Stand_AnklesInvisible,55,Sitting,Standing,False,0.655,0.0,24.7539
Sit_Stand_AnklesInvisible,56,Sitting,Standing,False,0.634,0.0,29.5222
Sit_Stand_AnklesInvisible,57,Sitting,Standing,False,0.637,0.0,25.5094
Sit_Stand_AnklesInvisible,58,Sitting,Standing,False,0.628,0.0,27.4116
Sit_Stand_AnklesInvisible,59,Sitting,Standing,False,0.632,0.0,31.2291
Sit_Stand_AnklesInvisible,60,Sitting,Standing,False,0.63,0.0,30.9717
Sit_Stand_AnklesInvisible,61,Sitting,Standing,False,0.622,0.0,32.8549
Sit_Stand_AnklesInvisible,62,Sitting,Standing,False,0.633,0.0,35.9074
Sit_Stand_AnklesInvisible,63,Sitting,Standing,False,0.653,0.0,39.2762
Sit_Stand_AnklesInvisible,64,Sitting,Standing,False,0.645,0.0,30.6241
Sit_Stand_AnklesInvisible,65,Sitting,Standing,False,0.66,0.0,35.8176
Sit_Stand_AnklesInvisible,66,Sitting,Standing,False,0.677,0.0,37.8702
Sit_Stand_AnklesInvisible,67,Sitting,Standing,False,0.683,0.0,38.3908
Sit_Stand_AnklesInvisible,68,Sitting,Standing,False,0.721,0.0,29.778
Sit_Stand_AnklesInvisible,69,Sitting,Standing,False,0.722,0.0,32.515
Sit_Stand_AnklesInvisible,70,Sitting,Standing,False,0.735,0.0,44.2591
Sit_Stand_AnklesInvisible,71,Sitting,Standing,False,0.752,0.0,37.626
Sit_Stand_AnklesInvisible,72,Sitting,Standing,False,0.756,0.0,32.9179
Sit_Stand_AnklesInvisible,73,Sitting,Standing,False,0.759,0.0,42.8468
Sit_Stand_AnklesInvisible,74,Sitting,Standing,False,0.764,0.0,37.2111
Sit_Stand_AnklesInvisible,75,Sitting,Standing,False,0.775,0.0,29.7694
Sit_Stand_AnklesInvisible,76,Sitting,Standing,False,0.786,0.0,34.8881
Sit_Stand_AnklesInvisible,77,Sitting,Standing,False,0.809,0.0,29.3688
Sit_Stand_AnklesInvisible,78,Sitting,Standing,False,0.801,0.0,30.0954
Sit_Stand_AnklesInvisible,79,Sitting,Standing,False,0.8,0.0,27.2206
Sit_Stand_AnklesInvisible,80,Sitting,Standing,False,0.794,0.0,32.0901
Sit_Stand_AnklesInvisible,81,Sitting,Standing,False,0.801,0.0,38.2019
Sit_Stand_AnklesInvisible,82,Sitting,Standing,False,0.798,0.0,25.6459
Sit_Stand_AnklesInvisible,83,Sitting,Standing,False,0.799,0.0,27.1078
Sit_Stand_AnklesInvisible,84,Sitting,Standing,False,0.806,0.0,25.8726
Sit_Stand_AnklesInvisible,85,Sitting,Standing,False,0.799,0.0,25.2511
Sit_Stand_AnklesInvisible,86,Sitting,Standing,False,0.793,0.0,26.1291
Sit_Stand_AnklesInvisible,87,Sitting,Standing,False,0.806,0.0,26.0314
Sit_Stand_AnklesInvisible,88,Sitting,Standing,False,0.803,0.0,27.8133
Sit_Stand_AnklesInvisible,89,Sitting,Standing,False,0.814,0.0,24.8145
Sit_Stand_AnklesInvisible,90,Sitting,Standing,False,0.779,0.0,25.3486
Sit_Stand_AnklesInvisible,91,Sitting,Standing,False,0.773,0.0,27.5021
Sit_Stand_AnklesInvisible,92,Sitting,Standing,False,0.75,0.0,25.417
Sit_Stand_AnklesInvisible,93,Sitting,Standing,False,0.755,0.0,27.0914
Sit_Stand_AnklesInvisible,94,Sitting,Standing,False,0.775,0.0,24.9625
Sit_Stand_AnklesInvisible,95,Sitting,Standing,False,0.761,0.0,30.5898
Sit_Stand_AnklesInvisible,96,Sitting,Standing,False,0.754,0.0,32.0409
Sit_Stand_AnklesInvisible,97,Sitting,Standing,False,0.765,0.0,27.1963
Sit_Stand_AnklesInvisible,98,Sitting,Standing,False,0.763,0.0,27.3567
Sit_Stand_AnklesInvisible,99,Sitting,Standing,False,0.76,0.0,25.1964
Sit_Stand_AnklesInvisible,100,Sitting,Standing,False,0.769,0.0,25.0191
Sit_Stand_AnklesInvisible,101,Sitting,Standing,False,0.783,0.0,25.5511
Sit_Stand_AnklesInvisible,102,Sitting,Standing,False,0.779,0.0,26.2762
Sit_Stand_AnklesInvisible,103,Sitting,Standing,False,0.776,0.0,25.7984
Sit_Stand_AnklesInvisible,104,Sitting,Standing,False,0.778,0.0,27.9302
Sit_Stand_AnklesInvisible,105,Sitting,Standing,False,0.783,0.0,26.44
Sit_Stand_AnklesInvisible,106,Sitting,Standing,False,0.78,0.0,26.8656
Sit_Stand_AnklesInvisible,107,Sitting,Standing,False,0.778,0.0,26.2375
Sit_Stand_AnklesInvisible,108,Sitting,Standing,False,0.762,0.0,26.3903
Sit_Stand_AnklesInvisible,109,Sitting,Standing,False,0.768,0.0,25.5884
Sit_Stand_AnklesInvisible,110,Sitting,Standing,False,0.778,0.0,28.9321
Sit_Stand_AnklesInvisible,111,Sitting,Standing,False,0.779,0.0,33.8366
Sit_Stand_AnklesInvisible,112,Sitting,Standing,False,0.778,0.0,36.6732
Sit_Stand_AnklesInvisible,113,Sitting,Standing,False,0.765,0.0,42.6682
Sit_Stand_AnklesInvisible,114,Sitting,Standing,False,0.766,0.0,31.7796
Sit_Stand_AnklesInvisible,115,Sitting,Standing,False,0.763,0.0,36.9382
Sit_Stand_AnklesInvisible,116,Sitting,Standing,False,0.772,0.0,29.994
Sit_Stand_AnklesInvisible,117,Sitting,Standing,False,0.774,0.0,31.0981
Sit_Stand_AnklesInvisible,118,Sitting,Standing,False,0.771,0.0,31.391
Sit_Stand_AnklesInvisible,119,Sitting,Standing,False,0.767,0.0,34.5517
Sit_Stand_AnklesInvisible,120,Sitting,Standing,False,0.773,0.0,34.0741
Sit_Stand_AnklesInvisible,121,Sitting,Standing,False,0.764,0.0,32.9292
Sit_Stand_AnklesInvisible,122,Sitting,Standing,False,0.776,0.0,28.0493
Sit_Stand_AnklesInvisible,123,Sitting,Standing,False,0.781,0.0,32.5297
Sit_Stand_AnklesInvisible,124,Sitting,Standing,False,0.778,0.0,29.4863
Sit_Stand_AnklesInvisible,125,Sitting,Standing,False,0.767,0.0,27.3221
Sit_Stand_AnklesInvisible,126,Sitting,Standing,False,0.769,0.0,27.9362
Sit_Stand_AnklesInvisible,127,Sitting,Standing,False,0.78,0.0,29.6143
Sit_Stand_AnklesInvisible,128,Sitting,Standing,False,0.783,0.0,27.565
Sit_Stand_AnklesInvisible,129,Sitting,Standing,False,0.779,0.0,28.8364
Sit_Stand_AnklesInvisible,130,Sitting,Standing,False,0.783,0.0,26.7769
Sit_Stand_AnklesInvisible,131,Sitting,Standing,False,0.781,0.0,26.5863
Sit_Stand_AnklesInvisible,132,Sitting,Standing,False,0.781,0.0,28.5169
Sit_Stand_AnklesInvisible,133,Sitting,Standing,False,0.76,0.0,26.8726
Sit_Stand_AnklesInvisible,134,Sitting,Standing,False,0.768,0.0,25.4851
Sit_Stand_AnklesInvisible,135,Sitting,Standing,False,0.775,0.0,28.3935
Sit_Stand_AnklesInvisible,136,Sitting,Standing,False,0.788,0.0,27.4545
Sit_Stand_AnklesInvisible,137,Sitting,Standing,False,0.786,0.0,26.7084
Sit_Stand_AnklesInvisible,138,,Standing,,0.754,0.0,30.3909
Sit_Stand_AnklesInvisible,139,,Standing,,0.737,0.0,27.864
Sit_Stand_AnklesInvisible,140,,Standing,,0.732,0.0,26.824
Sit_Stand_AnklesInvisible,141,,Standing,,0.724,0.0,24.9421
Sit_Stand_AnklesInvisible,142,,Standing,,0.717,0.0,23.953
Sit_Stand_AnklesInvisible,143,,Standing,,0.705,0.0,25.8702
Sit_Stand_AnklesInvisible,144,,Standing,,0.703,0.0,25.857
Sit_Stand_AnklesInvisible,145,,Standing,,0.689,0.0,32.7557
Sit_Stand_AnklesInvisible,146,,Standing,,0.683,0.0,26.9117
Sit_Stand_AnklesInvisible,147,,Standing,,0.663,0.0,24.5982
Sit_Stand_AnklesInvisible,148,,Standing,,0.666,0.0,26.493
Sit_Stand_AnklesInvisible,149,,Standing,,0.676,0.0,24.6901
Sit_Stand_AnklesInvisible,150,,Standing,,0.675,0.0,34.5011
Sit_Stand_AnklesInvisible,151,,Standing,,0.671,0.0,29.1528
Sit_Stand_AnklesInvisible,152,,Standing,,0.667,0.0,48.2223
Sit_Stand_AnklesInvisible,153,,Standing,,0.661,0.0,34.7192
Sit_Stand_AnklesInvisible,154,,Standing,,0.64,0.0,50.6818
Sit_Stand_AnklesInvisible,155,,Standing,,0.627,0.0,54.8435
Sit_Stand_AnklesInvisible,156,,Standing,,0.621,0.0,61.3317
Sit_Stand_AnklesInvisible,157,,Standing,,0.618,0.0,57.9624
Sit_Stand_AnklesInvisible,158,,Standing,,0.596,0.0,52.0751
Sit_Stand_AnklesInvisible,159,,Standing,,0.575,0.0,45.0136
Sit_Stand_AnklesInvisible,160,,Standing,,0.578,0.0,46.2914
Sit_Stand_AnklesInvisible,161,,Standing,,0.584,0.0,47.3825
Sit_Stand_AnklesInvisible,162,,Standing,,0.571,0.0,42.3244
Sit_Stand_AnklesInvisible,163,,Standing,,0.593,0.0,36.2866
Sit_Stand_AnklesInvisible,164,,Standing,,0.616,0.0,32.5969
Sit_Stand_AnklesInvisible,165,,Standing,,0.636,0.0,28.957
Sit_Stand_AnklesInvisible,166,,Standing,,0.66,0.0,31.6509
Sit_Stand_AnklesInvisible,167,,Standing,,0.665,0.0,34.437
Sit_Stand_AnklesInvisible,168,Standing,Standing,True,0.697,0.0,42.6949
Sit_Stand_AnklesInvisible,169,Standing,Standing,True,0.747,0.0,32.2645
Sit_Stand_AnklesInvisible,170,Standing,Standing,True,0.795,0.0,27.8209
Sit_Stand_AnklesInvisible,171,Standing,Standing,True,0.815,0.0,27.1421
Sit_Stand_AnklesInvisible,172,Standing,Standing,True,0.838,0.0,29.9929
Sit_Stand_AnklesInvisible,173,Standing,Standing,True,0.863,0.0,28.0429
Sit_Stand_AnklesInvisible,174,Standing,Standing,True,0.866,0.0,26.064
Sit_Stand_AnklesInvisible,175,Standing,Standing,True,0.868,0.0,28.0484
Sit_Stand_AnklesInvisible,176,Standing,Standing,True,0.873,0.0,26.4626
Sit_Stand_AnklesInvisible,177,Standing,Standing,True,0.883,0.0,24.8692
Sit_Stand_AnklesInvisible,178,Standing,Standing,True,0.882,0.0,25.264
Sit_Stand_AnklesInvisible,179,Standing,Standing,True,0.882,0.0,25.716
Sit_Stand_AnklesInvisible,180,Standing,Standing,True,0.88,0.0,24.8698
Sit_Stand_AnklesInvisible,181,Standing,Standing,True,0.866,0.0,26.1242
Sit_Stand_AnklesInvisible,182,Standing,Standing,True,0.867,0.0,26.5341
Sit_Stand_AnklesInvisible,183,Standing,Standing,True,0.875,0.0,23.5892
Sit_Stand_AnklesInvisible,184,Standing,Standing,True,0.864,0.0,27.0567
Sit_Stand_AnklesInvisible,185,Standing,Standing,True,0.879,0.0,24.6599
Sit_Stand_AnklesInvisible,186,,Standing,,0.878,0.0,28.8297
Sit_Stand_AnklesInvisible,187,,Standing,,0.911,0.0,31.8976
Sit_Stand_AnklesInvisible,188,,Standing,,0.921,0.0,29.3784
Sit_Stand_AnklesInvisible,189,,Standing,,0.925,0.0,28.9349
Sit_Stand_AnklesInvisible,190,,Standing,,0.947,0.0,28.1476
Sit_Stand_AnklesInvisible,191,,Standing,,0.955,0.0,25.4404
Sit_Stand_AnklesInvisible,192,,Standing,,0.97,0.0,27.2897
Sit_Stand_AnklesInvisible,193,,Standing,,0.973,0.0,24.2006
Sit_Stand_AnklesInvisible,194,,Standing,,0.985,0.0,25.5844
Sit_Stand_AnklesInvisible,195,,Standing,,0.983,0.0,23.5786
Sit_Stand_AnklesInvisible,196,,Standing,,0.988,0.0,23.8327
Sit_Stand_AnklesInvisible,197,,Standing,,0.99,0.0,22.7663
Sit_Stand_AnklesInvisible,198,,Standing,,0.992,0.0,23.9202
Sit_Stand_AnklesInvisible,199,,Standing,,0.991,0.0,23.2241
Sit_Stand_AnklesInvisible,200,,Standing,,0.994,0.0,25.3137
Sit_Stand_AnklesInvisible,201,,Standing,,0.999,0.0,22.399
Sit_Stand_AnklesInvisible,202,,Standing,,1.0,0.0,23.3245
Sit_Stand_AnklesInvisible,203,,Standing,,0.995,0.0,24.5011
Sit_Stand_AnklesInvisible,204,,Standing,,0.996,0.0,21.9433
Sit_Stand_AnklesInvisible,205,,Standing,,0.996,0.0,23.1164
Sit_Stand_AnklesInvisible,206,,Standing,,0.993,0.0,25.5336
Sit_Stand_AnklesInvisible,207,,Standing,,0.991,0.0,23.5495
Sit_Stand_AnklesInvisible,208,,Standing,,0.99,0.0,28.0161
SitFast_GetupFast,31,Sitting,Standing,False,0.937,0.0,21.9885
SitFast_GetupFast,32,Sitting,Standing,False,0.924,0.0,23.6523
SitFast_GetupFast,33,Sitting,Standing,False,0.909,0.0,21.0641
SitFast_GetupFast,34,Sitting,Standing,False,0.887,0.0,21.0315
SitFast_GetupFast,35,Sitting,Standing,False,0.87,0.0,21.3769
SitFast_GetupFast,36,Sitting,Standing,False,0.863,0.0,20.4626
SitFast_GetupFast,37,Sitting,Standing,False,0.864,0.0,21.0432
SitFast_GetupFast,38,Sitting,Standing,False,0.855,0.0,21.1345
SitFast_GetupFast,39,Sitting,Standing,False,0.835,0.0,20.5109
SitFast_GetupFast,40,Sitting,Standing,False,0.826,0.0,20.6796
SitFast_GetupFast,41,Sitting,Standing,False,0.821,0.0,20.008
SitFast_GetupFast,42,Sitting,Standing,False,0.812,0.0,19.6399
SitFast_GetupFast,43,Sitting,Standing,False,0.815,0.0,20.1294
SitFast_GetupFast,44,Sitting,Standing,False,0.792,0.0,19.7745
SitFast_GetupFast,45,Sitting,Standing,False,0.779,0.0,20.4372
SitFast_GetupFast,46,Sitting,Standing,False,0.759,0.0,19.8626
SitFast_GetupFast,47,Sitting,Standing,False,0.717,0.0,22.1619
SitFast_GetupFast,48,Sitting,Standing,False,0.684,0.0,20.9111
SitFast_GetupFast,49,Sitting,Standing,False,0.651,0.0,21.4147
SitFast_GetupFast,50,Sitting,Standing,False,0.628,0.0,20.4952
SitFast_GetupFast,51,Sitting,Standing,False,0.626,0.0,20.344
SitFast_GetupFast,52,Sitting,Standing,False,0.618,0.0,19.4857
SitFast_GetupFast,53,Sitting,Standing,False,0.607,0.0,22.9671
SitFast_GetupFast,54,Sitting,Standing,False,0.607,0.0,34.3785
SitFast_GetupFast,55,Sitting,Standing,False,0.604,0.0,22.3765
SitFast_GetupFast,56,Sitting,Standing,False,0.623,0.0,23.4142
SitFast_GetupFast,57,Sitting,Standing,False,0.634,0.0,20.4141
SitFast_GetupFast,58,Sitting,Standing,False,0.641,0.0,22.95
SitFast_GetupFast,59,Sitting,Standing,False,0.636,0.0,21.0991
SitFast_GetupFast,60,Sitting,Standing,False,0.637,0.0,19.7144
SitFast_GetupFast,61,Sitting,Standing,False,0.645,0.0,19.8502
SitFast_GetupFast,62,Sitting,Standing,False,0.639,0.0,21.1059
SitFast_GetupFast,63,Sitting,Standing,False,0.644,0.0,21.0789
SitFast_GetupFast,64,Sitting,Standing,False,0.631,0.0,21.9675
SitFast_GetupFast,65,Sitting,Standing,False,0.639,0.0,23.7305
SitFast_GetupFast,66,Sitting,Standing,False,0.645,0.0,28.1705
SitFast_GetupFast,67,Sitting,Standing,False,0.65,0.0,29.3611
SitFast_GetupFast,68,Sitting,Standing,False,0.649,0.0,26.5021
SitFast_GetupFast,69,Sitting,Standing,False,0.636,0.0,29.7592
SitFast_GetupFast,70,Sitting,Standing,False,0.646,0.0,31.759
SitFast_GetupFast,71,Sitting,Standing,False,0.638,0.0,25.1186
SitFast_GetupFast,72,Sitting,Standing,False,0.639,0.0,33.0097
SitFast_GetupFast,73,Sitting,Standing,False,0.64,0.0,24.8094
SitFast_GetupFast,74,Sitting,Standing,False,0.631,0.0,25.7211
SitFast_GetupFast,75,Sitting,Standing,False,0.633,0.0,33.3245
SitFast_GetupFast,76,Sitting,Standing,False,0.638,0.0,25.9098
SitFast_GetupFast,77,Sitting,Standing,False,0.631,0.0,26.8816
SitFast_GetupFast,78,Sitting,Standing,False,0.641,0.0,29.2489
SitFast_GetupFast,79,Sitting,Standing,False,0.637,0.0,30.8222
SitFast_GetupFast,80,Sitting,Standing,False,0.64,0.0,35.1204
SitFast_GetupFast,81,Sitting,Standing,False,0.633,0.0,30.9512
SitFast_GetupFast,82,Sitting,Standing,False,0.641,0.0,39.2837
SitFast_GetupFast,83,Sitting,Standing,False,0.635,0.0,28.8142
SitFast_GetupFast,84,Sitting,Standing,False,0.625,0.0,27.6363
SitFast_GetupFast,85,Sitting,Standing,False,0.629,0.0,32.5274
SitFast_GetupFast,86,Sitting,Standing,False,0.636,0.0,32.5087
SitFast_GetupFast,87,Sitting,Standing,False,0.631,0.0,26.2849
SitFast_GetupFast,88,Sitting,Standing,False,0.634,0.0,32.5215
SitFast_GetupFast,89,Sitting,Standing,False,0.635,0.0,31.2055
SitFast_GetupFast,90,Sitting,Standing,False,0.634,0.0,46.1333
SitFast_GetupFast,91,Sitting,Standing,False,0.628,0.0,39.8151
SitFast_GetupFast,92,Sitting,Standing,False,0.63,0.0,42.3736
SitFast_GetupFast,93,Sitting,Standing,False,0.63,0.0,35.0912
SitFast_GetupFast,94,Sitting,Standing,False,0.643,0.0,28.585
SitFast_GetupFast,95,Sitting,Standing,False,0.637,0.0,26.5009
SitFast_GetupFast,96,Sitting,Standing,False,0.643,0.0,25.5808
SitFast_GetupFast,97,Sitting,Standing,False,0.643,0.0,27.0476
SitFast_GetupFast,98,Sitting,Standing,False,0.637,0.0,27.9457
SitFast_GetupFast,99,Sitting,Standing,False,0.64,0.0,50.8286
SitFast_GetupFast,100,Sitting,Standing,False,0.638,0.0,63.74
SitFast_GetupFast,101,Sitting,Standing,False,0.643,0.0,75.1576
SitFast_GetupFast,102,Sitting,Standing,False,0.631,0.0,82.5196
SitFast_GetupFast,103,Sitting,Standing,False,0.636,0.0,95.9122
SitFast_GetupFast,104,Sitting,Standing,False,0.619,0.0,64.5514
SitFast_GetupFast,105,Sitting,Standing,False,0.624,0.0,98.7319
SitFast_GetupFast,106,Sitting,Standing,False,0.594,0.0,71.565
SitFast_GetupFast,107,Sitting,Standing,False,0.584,0.0,204.3726
SitFast_GetupFast,108,Sitting,Standing,False,0.603,0.0,152.0443
SitFast_GetupFast,109,Sitting,Standing,False,0.618,0.0,202.8378
SitFast_GetupFast,110,Sitting,Standing,False,0.619,0.0,208.8233
SitFast_GetupFast,111,,Standing,,0.589,0.0,121.5155
SitFast_GetupFast,112,,Standing,,0.56,0.0,150.5109
SitFast_GetupFast,113,,Standing,,0.544,0.0,131.3643
SitFast_GetupFast,114,,Standing,,0.516,0.0,67.4142
SitFast_GetupFast,115,,Standing,,0.496,0.0,56.2782
SitFast_GetupFast,116,,Standing,,0.489,0.0,54.9762
SitFast_GetupFast,117,,Standing,,0.479,0.0,55.3564
SitFast_GetupFast,118,,Standing,,0.474,0.0,51.3071
SitFast_GetupFast,119,,Standing,,0.479,0.0,44.5206
SitFast_GetupFast,120,,Standing,,0.471,0.0,47.4027
SitFast_GetupFast,121,,Standing,,0.46,0.0,45.9427
SitFast_GetupFast,122,,Standing,,0.44,0.0,47.306
SitFast_GetupFast,123,,Sitting,,0.412,0.0,38.6989
SitFast_GetupFast,124,,Sitting,,0.413,0.0,42.6889
SitFast_GetupFast,125,,Sitting,,0.432,0.0,34.1224
SitFast_GetupFast,126,,Sitting,,0.426,0.0,49.698
SitFast_GetupFast,127,,Sitting,,0.436,0.0,47.6962
SitFast_GetupFast,128,,Sitting,,0.454,0.0,37.8317
SitFast_GetupFast,129,,Sitting,,0.479,0.0,40.9662
SitFast_GetupFast,130,,Sitting,,0.498,0.0,45.2504
SitFast_GetupFast,131,,Sitting,,0.519,0.0,34.3478
SitFast_GetupFast,132,,Sitting,,0.568,0.0,36.7309
SitFast_GetupFast,133,,Sitting,,0.579,0.0,35.1042
SitFast_GetupFast,134,,Sitting,,0.607,0.0,31.7975
SitFast_GetupFast,135,,Sitting,,0.631,0.0,34.5113
SitFast_GetupFast,136,,Sitting,,0.661,0.0,32.3053
SitFast_GetupFast,137,,Sitting,,0.661,0.0,40.3359
SitFast_GetupFast,138,,Sitting,,0.692,0.0,42.4928
SitFast_GetupFast,139,,Sitting,,0.716,0.0,37.1531
SitFast_GetupFast,140,,Sitting,,0.712,0.0,29.5251
SitFast_GetupFast,141,,Sitting,,0.697,0.0,32.3494
SitFast_GetupFast,142,,Sitting,,0.683,0.0,32.8823
SitFast_GetupFast,143,,Sitting,,0.652,0.0,28.9351
SitFast_GetupFast,144,,Sitting,,0.634,0.0,37.8731
SitFast_GetupFast,145,,Sitting,,0.579,0.0,28.5361
SitFast_GetupFast,146,,Sitting,,0.529,0.0,28.7818
SitFast_GetupFast,147,,Sitting,,0.494,0.0,30.069
SitFast_GetupFast,148,,Sitting,,0.456,0.0,34.6235
SitFast_GetupFast,149,,Sitting,,0.428,0.0,30.451
SitFast_GetupFast,150,,Sitting,,0.388,0.0,29.5078
SitFast_GetupFast,151,,Sitting,,0.363,0.0,31.894
SitFast_GetupFast,152,,Standing,,0.369,0.0,29.8399
SitFast_GetupFast,153,,Standing,,0.399,0.0,33.3575
SitFast_GetupFast,154,,Standing,,0.426,0.0,35.4886
SitFast_GetupFast,155,,Standing,,0.482,0.0,35.0053
SitFast_GetupFast,156,,Standing,,0.542,0.0,37.2941
SitFast_GetupFast,157,,Standing,,0.574,0.0,29.9314
SitFast_GetupFast,158,,Standing,,0.616,0.0,37.2468
SitFast_GetupFast,159,,Standing,,0.653,0.0,30.2293
SitFast_GetupFast,160,,Standing,,0.711,0.0,38.2742
SitFast_GetupFast,161,,Standing,,0.735,0.0,33.0025
SitFast_GetupFast,162,,Standing,,0.772,0.0,36.7584
SitFast_GetupFast,163,,Standing,,0.798,0.0,30.5528
SitFast_GetupFast,164,,Standing,,0.797,0.0,43.019
SitFast_GetupFast,165,,Standing,,0.816,0.0,37.6014
SitFast_GetupFast,166,,Standing,,0.8,0.0,35.9478
SitFast_GetupFast,167,,Standing,,0.806,0.0,47.2628
SitFast_GetupFast,168,,Standing,,0.792,0.0,55.6756
SitFast_GetupFast,169,,Standing,,0.794,0.0,45.9771
SitFast_GetupFast,170,,Standing,,0.797,0.0,45.5636
SitFast_GetupFast,171,,Standing,,0.807,0.0,32.7691
SitFast_GetupFast,172,,Standing,,0.828,0.0,34.1322
SitFast_GetupFast,173,,Standing,,0.839,0.0,34.6737
SitFast_GetupFast,174,,Standing,,0.85,0.0,38.7441
SitFloor_crossedLegs,31,,Standing,,0.917,0.0,46.2192
SitFloor_crossedLegs,32,,Standing,,0.897,0.0,33.6734
SitFloor_crossedLegs,33,,Standing,,0.853,0.0,40.79
SitFloor_crossedLegs,34,,Standing,,0.797,0.0,35.8323
SitFloor_crossedLegs,35,,Standing,,0.699,0.0,47.5724
SitFloor_crossedLegs,36,,Standing,,0.642,0.0,36.6837
SitFloor_crossedLegs,37,,Standing,,0.602,0.0,34.6714
SitFloor_crossedLegs,38,,Standing,,0.596,0.0,43.3302
SitFloor_crossedLegs,39,,Standing,,0.574,0.0,42.091
SitFloor_crossedLegs,40,,Standing,,0.574,0.0,34.7088
SitFloor_crossedLegs,41,,Standing,,0.502,0.0,49.6251
SitFloor_crossedLegs,42,,Standing,,0.41,0.0,34.995
SitFloor_crossedLegs,43,,Standing,,0.348,0.0,41.3579
SitFloor_crossedLegs,44,,Standing,,0.316,0.0,33.588
SitFloor_crossedLegs,45,,Sitting,,0.335,0.0,34.5168
SitFloor_crossedLegs,46,,Sitting,,0.39,0.0,42.264
SitFloor_crossedLegs,47,,Sitting,,0.37,0.0,42.8003
SitFloor_crossedLegs,48,,Sitting,,0.4,0.0,42.4745
SitFloor_crossedLegs,49,,Sitting,,0.414,0.0,35.623
SitFloor_crossedLegs,50,,Sitting,,0.415,0.0,32.4363
SitFloor_crossedLegs,51,,Sitting,,0.424,0.0,43.5663
SitFloor_crossedLegs,52,,Sitting,,0.416,0.0,44.9521
SitFloor_crossedLegs,53,,Sitting,,0.392,0.0,38.3211
SitFloor_crossedLegs,54,,Sitting,,0.398,0.0,31.8671
SitFloor_crossedLegs,55,,Sitting,,0.404,0.0,31.3796
SitFloor_crossedLegs,56,,Sitting,,0.42,0.0,30.9033
SitFloor_crossedLegs,57,,Sitting,,0.436,0.0,31.889
SitFloor_crossedLegs,58,,Sitting,,0.466,0.0,31.1254
SitFloor_crossedLegs,59,,Sitting,,0.51,0.0,31.7354
SitFloor_crossedLegs,60,,Sitting,,0.515,0.0,36.668
SitFloor_crossedLegs,61,,Sitting,,0.548,0.0,30.4668
SitFloor_crossedLegs,62,,Sitting,,0.564,0.0,28.9845
SitFloor_crossedLegs,63,,Sitting,,0.563,0.0,29.2752
SitFloor_crossedLegs,64,,Sitting,,0.583,0.0,28.3233
SitFloor_crossedLegs,65,,Sitting,,0.556,0.0,34.0698
SitFloor_crossedLegs,66,,Sitting,,0.58,0.0,31.2298
SitFloor_crossedLegs,67,,Sitting,,0.571,0.0,34.5312
SitFloor_crossedLegs,68,,Sitting,,0.567,0.0,27.8294
SitFloor_crossedLegs,69,,Sitting,,0.561,0.0,27.1733
SitFloor_crossedLegs,70,,Sitting,,0.574,0.0,35.1674
SitFloor_crossedLegs,71,,Sitting,,0.578,0.0,38.0822
SitFloor_crossedLegs,72,,Sitting,,0.594,0.0,32.1423
SitFloor_crossedLegs,73,,Sitting,,0.583,0.0,39.356
SitFloor_crossedLegs,74,,Sitting,,0.583,0.0,38.3534
SitFloor_crossedLegs,75,,Sitting,,0.571,0.0,31.8767
SitFloor_crossedLegs,76,,Sitting,,0.566,0.0,27.8875
SitFloor_crossedLegs,77,,Sitting,,0.55,0.0,28.2172
SitFloor_crossedLegs,78,,Sitting,,0.551,0.0,26.088
SitFloor_crossedLegs,79,,Sitting,,0.538,0.0,26.1242
SitFloor_crossedLegs,80,,Sitting,,0.53,0.0,29.4443
SitFloor_crossedLegs,81,,Sitting,,0.526,0.0,30.8776
SitFloor_crossedLegs,82,,Sitting,,0.521,0.0,26.5129
SitFloor_crossedLegs,83,,Sitting,,0.522,0.0,24.5139
SitFloor_crossedLegs,84,,Sitting,,0.536,0.0,27.0245
SitFloor_crossedLegs,85,,Sitting,,0.561,0.0,28.9186
SitFloor_crossedLegs,86,,Sitting,,0.586,0.0,28.1701
SitFloor_crossedLegs,87,,Sitting,,0.575,0.0,26.0501
SitFloor_crossedLegs,88,Sitting,Sitting,True,0.586,0.0,26.7932
SitFloor_crossedLegs,89,Sitting,Sitting,True,0.586,0.0,26.451
SitFloor_crossedLegs,90,Sitting,Sitting,True,0.584,0.0,25.4574
SitFloor_crossedLegs,91,Sitting,Sitting,True,0.595,0.0,25.3344
SitFloor_crossedLegs,92,Sitting,Sitting,True,0.594,0.0,28.9314
SitFloor_crossedLegs,93,Sitting,Sitting,True,0.594,0.0,26.7038
SitFloor_crossedLegs,94,Sitting,Sitting,True,0.601,0.0,25.9498
SitFloor_crossedLegs,95,Sitting,Sitting,True,0.601,0.0,25.7624
SitFloor_crossedLegs,96,Sitting,Sitting,True,0.602,0.0,28.5304
SitFloor_crossedLegs,97,Sitting,Sitting,True,0.609,0.0,30.7094
SitFloor_crossedLegs,98,Sitting,Sitting,True,0.602,0.0,30.6113
SitFloor_crossedLegs,99,Sitting,Sitting,True,0.621,0.0,38.1255
SitFloor_crossedLegs,100,Sitting,Sitting,True,0.627,0.0,48.875
SitFloor_crossedLegs,101,Sitting,Sitting,True,0.623,0.0,52.3264
SitFloor_crossedLegs,102,Sitting,Sitting,True,0.623,0.0,50.8082
SitFloor_crossedLegs,103,Sitting,Sitting,True,0.633,0.0,41.5121
SitFloor_crossedLegs,104,Sitting,Sitting,True,0.623,0.0,39.0966
SitFloor_crossedLegs,105,Sitting,Sitting,True,0.608,0.0,31.7286
SitFloor_crossedLegs,106,Sitting,Sitting,True,0.601,0.0,35.7741
SitFloor_crossedLegs,107,Sitting,Sitting,True,0.611,0.0,37.0718
SitFloor_crossedLegs,108,Sitting,Sitting,True,0.607,0.0,35.0669
SitFloor_crossedLegs,109,Sitting,Sitting,True,0.609,0.0,39.1924
SitFloor_crossedLegs,110,Sitting,Sitting,True,0.612,0.0,32.4961
SitFloor_crossedLegs,111,Sitting,Sitting,True,0.633,0.0,46.0249
SitFloor_crossedLegs,112,Sitting,Sitting,True,0.641,0.0,44.763
SitFloor_crossedLegs,113,Sitting,Sitting,True,0.648,0.0,45.0592
SitFloor_crossedLegs,114,Sitting,Sitting,True,0.66,0.0,37.2396
SitFloor_crossedLegs,115,Sitting,Sitting,True,0.652,0.0,37.1668
SitFloor_crossedLegs,116,Sitting,Sitting,True,0.668,0.0,35.972
SitFloor_crossedLegs,117,Sitting,Sitting,True,0.653,0.0,43.9604
SitFloor_crossedLegs,118,Sitting,Sitting,True,0.66,0.0,43.954
SitFloor_crossedLegs,119,Sitting,Sitting,True,0.672,0.0,40.7559
SitFloor_crossedLegs,120,Sitting,Sitting,True,0.681,0.0,37.1545
SitFloor_crossedLegs,121,Sitting,Sitting,True,0.681,0.0,30.1662
SitFloor_crossedLegs,122,Sitting,Sitting,True,0.672,0.0,40.0653
SitFloor_crossedLegs,123,Sitting,Sitting,True,0.657,0.0,42.417
SitFloor_crossedLegs,124,Sitting,Sitting,True,0.654,0.0,38.85
SitFloor_crossedLegs,125,Sitting,Sitting,True,0.649,0.0,46.046
SitFloor_crossedLegs,126,Sitting,Sitting,True,0.653,0.0,35.4784
SitFloor_crossedLegs,127,Sitting,Sitting,True,0.645,0.0,44.9269
SitFloor_crossedLegs,128,Sitting,Sitting,True,0.642,0.0,36.4711
SitFloor_crossedLegs,129,Sitting,Sitting,True,0.644,0.0,39.7632
SitFloor_crossedLegs,130,Sitting,Sitting,True,0.64,0.0,26.1673
SitFloor_crossedLegs,131,Sitting,Sitting,True,0.65,0.0,39.5247
SitFloor_crossedLegs,132,Sitting,Sitting,True,0.654,0.0,41.0527
SitFloor_crossedLegs,133,Sitting,Sitting,True,0.657,0.0,41.7011
SitFloor_crossedLegs,134,Sitting,Sitting,True,0.663,0.0,38.9447
SitFloor_crossedLegs,135,Sitting,Sitting,True,0.657,0.0,41.6829
SitFloor_crossedLegs,136,Sitting,Sitting,True,0.656,0.0,46.2385
SitFloor_crossedLegs,137,Sitting,Sitting,True,0.642,0.0,44.8965
SitFloor_crossedLegs,138,Sitting,Sitting,True,0.632,0.0,41.2377
SitFloor_crossedLegs,139,Sitting,Sitting,True,0.632,0.0,48.2722
SitFloor_crossedLegs,140,Sitting,Sitting,True,0.623,0.0,42.4588
SitFloor_crossedLegs,141,Sitting,Sitting,True,0.593,0.0,46.8229
SitFloor_crossedLegs,142,Sitting,Sitting,True,0.585,0.0,43.3839
SitFloor_crossedLegs,143,Sitting,Sitting,True,0.583,0.0,47.207
SitFloor_crossedLegs,144,Sitting,Sitting,True,0.578,0.0,36.0081
SitFloor_crossedLegs,145,Sitting,Sitting,True,0.578,0.0,42.8423
SitFloor_crossedLegs,146,Sitting,Sitting,True,0.591,0.0,33.3561
SitFloor_crossedLegs,147,Sitting,Sitting,True,0.589,0.0,34.8339
SitFloor_crossedLegs,148,Sitting,Sitting,True,0.597,0.0,32.0962
SitFloor_crossedLegs,149,Sitting,Sitting,True,0.621,0.0,29.5587
SitFloor_crossedLegs,150,Sitting,Sitting,True,0.602,0.0,35.8717
SitFloor_crossedLegs,151,Sitting,Sitting,True,0.609,0.0,37.8761
SitFloor_crossedLegs,152,Sitting,Sitting,True,0.621,0.0,32.2689
SitFloor_crossedLegs,153,Sitting,Sitting,True,0.615,0.0,27.4714
SitFloor_crossedLegs,154,Sitting,Sitting,True,0.613,0.0,53.7814
SitFloor_crossedLegs,155,Sitting,Sitting,True,0.621,0.0,30.6481
SitFloor_crossedLegs,156,Sitting,Sitting,True,0.622,0.0,28.6746
SitFloor_crossedLegs,157,Sitting,Sitting,True,0.607,0.0,28.5347
SitFloor_crossedLegs,158,Sitting,Sitting,True,0.607,0.0,26.3496
SitFloor_crossedLegs,159,Sitting,Sitting,True,0.617,0.0,30.2223
SitFloor_crossedLegs,160,Sitting,Sitting,True,0.617,0.0,36.0325
SitFloor_crossedLegs,161,Sitting,Sitting,True,0.613,0.0,27.5735
SitFloor_crossedLegs,162,Sitting,Sitting,True,0.605,0.0,30.6244
SitFloor_crossedLegs,163,Sitting,Sitting,True,0.598,0.0,27.3215
SitFloor_crossedLegs,164,Sitting,Sitting,True,0.611,0.0,31.6204
SitFloor_crossedLegs,165,Sitting,Sitting,True,0.602,0.0,30.3464
SitFloor_crossedLegs,166,Sitting,Sitting,True,0.584,0.0,35.556
SitFloor_crossedLegs,167,Sitting,Sitting,True,0.59,0.0,35.212
SitFloor_crossedLegs,168,Sitting,Sitting,True,0.587,0.0,26.2114
SitFloor_crossedLegs,169,Sitting,Sitting,True,0.604,0.0,34.9877
SitFloor_crossedLegs,170,Sitting,Sitting,True,0.607,0.0,48.0954
SitFloor_crossedLegs,171,Sitting,Sitting,True,0.606,0.0,30.7817
SitFloor_crossedLegs,172,Sitting,Sitting,True,0.616,0.0,34.0929
SitFloor_crossedLegs,173,Sitting,Sitting,True,0.625,0.0,29.3012
SitFloor_crossedLegs,174,Sitting,Sitting,True,0.622,0.0,35.689
SitFloor_crossedLegs,175,Sitting,Sitting,True,0.62,0.0,39.1478
SitFloor_crossedLegs,176,Sitting,Sitting,True,0.623,0.0,37.6102
SitFloor_crossedLegs,177,Sitting,Sitting,True,0.628,0.0,42.403
SitFloor_crossedLegs,178,Sitting,Sitting,True,0.63,0.0,37.012
SitFloor_crossedLegs,179,Sitting,Sitting,True,0.624,0.0,29.5965
SitFloor_crossedLegs,180,Sitting,Sitting,True,0.635,0.0,39.8929
SitFloor_crossedLegs,181,Sitting,Sitting,True,0.636,0.0,30.1396
SitFloor_crossedLegs,182,Sitting,Sitting,True,0.63,0.0,38.8037
SitFloor_crossedLegs,183,Sitting,Sitting,True,0.627,0.0,35.2376
SitFloor_crossedLegs,184,Sitting,Sitting,True,0.629,0.0,36.0996
SitFloor_crossedLegs,185,Sitting,Sitting,True,0.623,0.0,28.7993
SitFloor_crossedLegs,186,Sitting,Sitting,True,0.616,0.0,39.3884
SitFloor_crossedLegs,187,Sitting,Sitting,True,0.619,0.0,46.7312
SitFloor_crossedLegs,188,Sitting,Sitting,True,0.619,0.0,47.5478
SitFloor_crossedLegs,189,Sitting,Sitting,True,0.619,0.0,46.5553
SitFloor_crossedLegs,190,Sitting,Sitting,True,0.617,0.0,48.3211
SitFloor_crossedLegs,191,Sitting,Sitting,True,0.617,0.0,36.1713
SitFloor_crossedLegs,192,Sitting,Sitting,True,0.613,0.0,43.9629
SitFloor_crossedLegs,193,Sitting,Sitting,True,0.612,0.0,46.9257
SitFloor_crossedLegs,194,Sitting,Sitting,True,0.613,0.0,37.2114
SitFloor_crossedLegs,195,Sitting,Sitting,True,0.609,0.0,53.0376
SitFloor_crossedLegs,196,Sitting,Sitting,True,0.611,0.0,47.902
SitFloor_crossedLegs,197,Sitting,Sitting,True,0.612,0.0,33.8765
SitFloor_crossedLegs,198,Sitting,Sitting,True,0.611,0.0,28.0207
SitFloor_crossedLegs,199,Sitting,Sitting,True,0.611,0.0,37.3409
SitFloor_crossedLegs,200,Sitting,Sitting,True,0.614,0.0,32.2501
SitFloor_crossedLegs,201,Sitting,Sitting,True,0.613,0.0,35.3757
SitFloor_crossedLegs,202,Sitting,Sitting,True,0.612,0.0,29.2132
SitFloor_crossedLegs,203,Sitting,Sitting,True,0.61,0.0,29.4058
SitFloor_crossedLegs,204,Sitting,Sitting,True,0.609,0.0,27.9589
SitFloor_crossedLegs,205,Sitting,Sitting,True,0.606,0.0,27.6943
SitFloor_crossedLegs,206,,Sitting,,0.609,0.0,26.5921
SitFloor_crossedLegs,207,,Sitting,,0.599,0.0,27.6783
SitFloor_crossedLegs,208,,Sitting,,0.607,0.0,29.7983
SitFloor_crossedLegs,209,,Sitting,,0.61,0.0,28.7713
SitFloor_crossedLegs,210,,Sitting,,0.609,0.0,33.5027
SitFloor_crossedLegs,211,,Sitting,,0.609,0.0,27.6575
SitFloor_crossedLegs,212,,Sitting,,0.614,0.0,28.7586
SitFloor_crossedLegs,213,,Sitting,,0.616,0.0,27.2628
SitFloor_crossedLegs,214,,Sitting,,0.612,0.0,26.0079
SitFloor_crossedLegs,215,,Sitting,,0.617,0.0,34.154
SitFloor_crossedLegs,216,,Sitting,,0.613,0.0,30.5352
SitFloor_crossedLegs,217,,Sitting,,0.611,0.0,27.6367
SitFloor_crossedLegs,218,,Sitting,,0.609,0.0,25.9786
SitFloor_crossedLegs,219,,Sitting,,0.607,0.0,25.2215
SitFloor_crossedLegs,220,,Sitting,,0.606,0.0,27.1832
SitFloor_crossedLegs,221,,Sitting,,0.609,0.0,26.7893
SitFloor_crossedLegs,222,,Sitting,,0.605,0.0,26.0521
SitFloor_crossedLegs,223,,Sitting,,0.616,0.0,28.4255
SitFloor_crossedLegs,224,,Sitting,,0.615,0.0,29.9465
SitFloor_crossedLegs,225,,Sitting,,0.614,0.0,35.9965
SitFloor_crossedLegs,226,,Sitting,,0.617,0.0,31.1293
SitFloor_crossedLegs,227,,Sitting,,0.62,0.0,26.7518
SitFloor_crossedLegs,228,,Sitting,,0.621,0.0,26.9297
SitFloor_crossedLegs,229,,Sitting,,0.621,0.0,25.3586
SitFloor_crossedLegs,230,,Sitting,,0.616,0.0,24.8794
SitFloor_crossedLegs,231,,Sitting,,0.6,0.0,26.6624
SitFloor_crossedLegs,232,,Sitting,,0.596,0.0,24.7603
SitFloor_crossedLegs,233,,Sitting,,0.589,0.0,24.8794
SitFloor_crossedLegs,234,,Sitting,,0.573,0.0,25.9214
SitFloor_crossedLegs,235,,Sitting,,0.546,0.0,23.6633
SitFloor_crossedLegs,236,,Sitting,,0.545,0.0,24.8459
SitFloor_crossedLegs,237,,Sitting,,0.535,0.0,29.7585
SitFloor_crossedLegs,238,,Sitting,,0.535,0.0,23.56
SitFloor_crossedLegs,239,,Sitting,,0.529,0.0,26.7612
SitFloor_crossedLegs,240,,Sitting,,0.544,0.0,35.9608
SitFloor_crossedLegs,241,,Sitting,,0.543,0.0,26.743
SitFloor_crossedLegs,242,,Sitting,,0.536,0.0,23.7228
SitFloor_crossedLegs,243,,Sitting,,0.52,0.0,26.9326
SitFloor_crossedLegs,244,,Sitting,,0.522,0.0,25.4456
SitFloor_crossedLegs,245,,Sitting,,0.533,0.0,29.7415
SitFloor_crossedLegs,246,,Sitting,,0.539,0.0,32.4517
SitFloor_crossedLegs,247,,Sitting,,0.522,0.0,24.3558
SitFloor_crossedLegs,248,,Sitting,,0.491,0.0,28.3785
SitFloor_crossedLegs,249,,Sitting,,0.445,0.0,24.76
SitFloor_crossedLegs,250,,Sitting,,0.394,0.0,23.2271
SitFloor_crossedLegs,251,,Sitting,,0.369,0.0,25.2265
SitFloor_crossedLegs,252,,Sitting,,0.345,0.0,24.1461
SitFloor_crossedLegs,253,,Sitting,,0.307,0.0,36.1794
SitFloor_crossedLegs,254,,Sitting,,0.303,0.0,38.3309
SitFloor_crossedLegs,255,,Sitting,,0.302,0.0,27.5826
SitFloor_crossedLegs,256,,Sitting,,0.307,0.0,34.8285
SitFloor_crossedLegs,257,,Sitting,,0.335,0.0,29.2728
SitFloor_crossedLegs,258,,Sitting,,0.328,0.0,24.6216
SitFloor_crossedLegs,259,,Sitting,,0.34,0.0,24.4548
SitFloor_crossedLegs,260,,Sitting,,0.342,0.0,27.8085
SitFloor_crossedLegs,261,,Sitting,,0.357,0.0,29.1488
SitFloor_crossedLegs,262,,Sitting,,0.355,0.0,32.7224
SitFloor_crossedLegs,263,,Sitting,,0.345,0.0,29.5119
SitFloor_crossedLegs,264,,Sitting,,0.327,0.0,31.0727
SitFloor_crossedLegs,265,,Sitting,,0.335,0.0,25.1378
SitFloor_crossedLegs,266,,Sitting,,0.317,0.0,25.2391
SitFloor_crossedLegs,267,,Lying,,0.288,0.0,27.4347
SitFloor_crossedLegs,268,,Sitting,,0.288,0.0,24.0693
SitFloor_crossedLegs,269,,Lying,,0.28,0.0,23.5516
SitFloor_crossedLegs,270,,Lying,,0.277,0.0,23.9856
SitFloor_crossedLegs,271,,Standing,,0.284,0.0,24.3407
SitFloor_crossedLegs,272,,Sitting,,0.3,0.0,24.4178
SitFloor_crossedLegs,273,,Sitting,,0.285,0.0,26.0476
SitFloor_crossedLegs,274,,Sitting,,0.297,0.0,24.8965
SitFloor_crossedLegs,275,,Sitting,,0.282,0.0,24.1072
SitFloor_crossedLegs,276,,Sitting,,0.294,0.0,24.9245
SitFloor_crossedLegs,277,,Sitting,,0.27,0.0,23.6876
SitFloor_crossedLegs,278,,Standing,,0.257,0.0,25.6404
SitFloor_crossedLegs,279,,Standing,,0.248,0.0,25.5073
SitFloor_crossedLegs,280,,Standing,,0.265,0.0,23.7751
SitFloor_crossedLegs,281,,Standing,,0.311,0.0,24.8676
SitFloor_crossedLegs,282,,Standing,,0.345,0.0,28.5278
SitFloor_crossedLegs,283,,Standing,,0.355,0.0,22.7474
SitFloor_crossedLegs,284,,Standing,,0.374,0.0,23.3893
SitFloor_crossedLegs,285,,Standing,,0.385,0.0,23.2853
SitFloor_crossedLegs,286,,Standing,,0.425,0.0,25.217
SitFloor_crossedLegs,287,,Standing,,0.485,0.0,27.011
SitFloor_crossedLegs,288,,Standing,,0.531,0.0,23.9259
SitFloor_crossedLegs,289,,Standing,,0.538,0.0,23.5172
SitFloor_lowKeypoints_crossedLegs,31,,Lying,,0.5,0.0,23.4797
SitFloor_lowKeypoints_crossedLegs,32,,Lying,,0.518,0.0,22.589
SitFloor_lowKeypoints_crossedLegs,33,,Lying,,0.538,0.0,22.7016
SitFloor_lowKeypoints_crossedLegs,34,,Lying,,0.581,0.0,22.0078
SitFloor_lowKeypoints_crossedLegs,35,,Lying,,0.575,0.0,22.7941
SitFloor_lowKeypoints_crossedLegs,36,,Lying,,0.595,0.0,21.4321
SitFloor_lowKeypoints_crossedLegs,37,,Lying,,0.579,0.0,21.4855
SitFloor_lowKeypoints_crossedLegs,38,,Lying,,0.628,0.0,22.2946
SitFloor_lowKeypoints_crossedLegs,39,,Lying,,0.594,0.0,21.0971
SitFloor_lowKeypoints_crossedLegs,40,,Lying,,0.592,0.0,21.1475
SitFloor_lowKeypoints_crossedLegs,41,,Lying,,0.564,0.0,22.7247
SitFloor_lowKeypoints_crossedLegs,42,,Lying,,0.536,0.0,21.6321
SitFloor_lowKeypoints_crossedLegs,43,,Lying,,0.51,0.0,23.5879
SitFloor_lowKeypoints_crossedLegs,44,,Lying,,0.494,0.0,22.3955
SitFloor_lowKeypoints_crossedLegs,45,,Lying,,0.452,0.0,23.4351
SitFloor_lowKeypoints_crossedLegs,46,,Lying,,0.506,0.0,27.3348
SitFloor_lowKeypoints_crossedLegs,47,,Lying,,0.507,0.0,25.5121
SitFloor_lowKeypoints_crossedLegs,48,,Lying,,0.536,0.0,24.4143
SitFloor_lowKeypoints_crossedLegs,49,,Lying,,0.566,0.0,23.2623
SitFloor_lowKeypoints_crossedLegs,50,,Lying,,0.513,0.0,24.307
SitFloor_lowKeypoints_crossedLegs,51,,Lying,,0.478,0.0,22.7269
SitFloor_lowKeypoints_crossedLegs,52,,Lying,,0.425,0.0,22.5793
SitFloor_lowKeypoints_crossedLegs,53,,Lying,,0.377,0.0,25.5911
SitFloor_lowKeypoints_crossedLegs,54,,Sitting,,0.394,0.0,26.0346
SitFloor_lowKeypoints_crossedLegs,55,,Sitting,,0.464,0.0,23.3015
SitFloor_lowKeypoints_crossedLegs,56,,Sitting,,0.492,0.0,23.3872
SitFloor_lowKeypoints_crossedLegs,57,,Sitting,,0.57,0.0,32.419
SitFloor_lowKeypoints_crossedLegs,58,,Sitting,,0.608,0.0,23.8576
SitFloor_lowKeypoints_crossedLegs,59,,Sitting,,0.585,0.0,25.4034
SitFloor_lowKeypoints_crossedLegs,60,,Sitting,,0.575,0.0,23.1611
SitFloor_lowKeypoints_crossedLegs,61,,Sitting,,0.57,0.0,24.3421
SitFloor_lowKeypoints_crossedLegs,62,,Sitting,,0.578,0.0,29.7474
SitFloor_lowKeypoints_crossedLegs,63,,Sitting,,0.593,0.0,30.957
SitFloor_lowKeypoints_crossedLegs,64,,Sitting,,0.558,0.0,24.2034
SitFloor_lowKeypoints_crossedLegs,65,,Sitting,,0.54,0.0,25.9289
SitFloor_lowKeypoints_crossedLegs,66,,Sitting,,0.516,0.0,26.5327
SitFloor_lowKeypoints_crossedLegs,67,,Sitting,,0.466,0.0,28.6345
SitFloor_lowKeypoints_crossedLegs,68,,Sitting,,0.407,0.0,37.8081
SitFloor_lowKeypoints_crossedLegs,69,,Sitting,,0.367,0.0,23.0163
SitFloor_lowKeypoints_crossedLegs,70,,Sitting,,0.337,0.0,25.127
SitFloor_lowKeypoints_crossedLegs,71,,Sitting,,0.322,0.0,33.0177
SitFloor_lowKeypoints_crossedLegs,72,,Standing,,0.33,0.0,31.0477
SitFloor_lowKeypoints_crossedLegs,73,,Standing,,0.349,0.0,31.6109
SitFloor_lowKeypoints_crossedLegs,74,,Standing,,0.363,0.0,32.6508
SitFloor_lowKeypoints_crossedLegs,75,,Standing,,0.367,0.0,30.5884
SitFloor_lowKeypoints_crossedLegs,76,,Standing,,0.379,0.0,26.4339
SitFloor_lowKeypoints_crossedLegs,77,,Standing,,0.374,0.0,24.571
SitFloor_lowKeypoints_crossedLegs,78,,Standing,,0.388,0.0,25.1467
SitFloor_lowKeypoints_crossedLegs,79,,Standing,,0.394,0.0,25.5506
SitFloor_lowKeypoints_crossedLegs,80,,Standing,,0.4,0.0,24.8653
SitFloor_lowKeypoints_crossedLegs,81,,Standing,,0.404,0.0,24.1374
SitFloor_lowKeypoints_crossedLegs,82,,Standing,,0.414,0.0,24.3361
SitFloor_lowKeypoints_crossedLegs,83,,Standing,,0.425,0.0,23.5047
SitFloor_lowKeypoints_crossedLegs,84,,Standing,,0.435,0.0,28.8729
SitFloor_lowKeypoints_crossedLegs,85,,Standing,,0.44,0.0,24.8954
SitFloor_lowKeypoints_crossedLegs,86,Sitting,Standing,False,0.44,0.0,26.5048
SitFloor_lowKeypoints_crossedLegs,87,Sitting,Standing,False,0.447,0.0,25.5726
SitFloor_lowKeypoints_crossedLegs,88,Sitting,Standing,False,0.461,0.0,24.3954
SitFloor_lowKeypoints_crossedLegs,89,Sitting,Standing,False,0.465,0.0,25.8877
SitFloor_lowKeypoints_crossedLegs,90,Sitting,Standing,False,0.465,0.0,23.5238
SitFloor_lowKeypoints_crossedLegs,91,Sitting,Standing,False,0.457,0.0,22.8441
SitFloor_lowKeypoints_crossedLegs,92,Sitting,Standing,False,0.414,0.0,23.5793
SitFloor_lowKeypoints_crossedLegs,93,Sitting,Standing,False,0.399,0.0,23.8225
SitFloor_lowKeypoints_crossedLegs,94,Sitting,Standing,False,0.401,0.0,23.7059
SitFloor_lowKeypoints_crossedLegs,95,Sitting,Standing,False,0.363,0.0,25.0849
SitFloor_lowKeypoints_crossedLegs,96,Sitting,Standing,False,0.355,0.0,26.1994
SitFloor_lowKeypoints_crossedLegs,97,Sitting,Standing,False,0.345,0.0,30.4489
SitFloor_lowKeypoints_crossedLegs,98,Sitting,Standing,False,0.331,0.0,37.1464
SitFloor_lowKeypoints_crossedLegs,99,Sitting,Sitting,True,0.325,0.0,40.9501
SitFloor_lowKeypoints_crossedLegs,100,Sitting,Sitting,True,0.327,0.0,30.0589
SitFloor_lowKeypoints_crossedLegs,101,Sitting,Sitting,True,0.334,0.0,29.5091
SitFloor_lowKeypoints_crossedLegs,102,Sitting,Sitting,True,0.319,0.0,35.6889
SitFloor_lowKeypoints_crossedLegs,103,Sitting,Sitting,True,0.314,0.0,29.8507
SitFloor_lowKeypoints_crossedLegs,104,Sitting,Sitting,True,0.3,0.0,24.657
SitFloor_lowKeypoints_crossedLegs,105,Sitting,Sitting,True,0.298,0.0,26.8159
SitFloor_lowKeypoints_crossedLegs,106,Sitting,Sitting,True,0.329,0.0,29.1059
SitFloor_lowKeypoints_crossedLegs,107,Sitting,Sitting,True,0.373,0.0,28.5267
SitFloor_lowKeypoints_crossedLegs,108,Sitting,Sitting,True,0.353,0.0,29.7156
SitFloor_lowKeypoints_crossedLegs,109,Sitting,Sitting,True,0.349,0.0,24.5727
SitFloor_lowKeypoints_crossedLegs,110,Sitting,Sitting,True,0.407,0.0,25.495
SitFloor_lowKeypoints_crossedLegs,111,Sitting,Sitting,True,0.439,0.0,27.8004
SitFloor_lowKeypoints_crossedLegs,112,Sitting,Sitting,True,0.454,0.0,31.3005
SitFloor_lowKeypoints_crossedLegs,113,Sitting,Sitting,True,0.45,0.0,25.7497
SitFloor_lowKeypoints_crossedLegs,114,Sitting,Sitting,True,0.457,0.0,27.611
SitFloor_lowKeypoints_crossedLegs,115,Sitting,Sitting,True,0.481,0.0,26.0769
SitFloor_lowKeypoints_crossedLegs,116,Sitting,Sitting,True,0.509,0.0,29.8223
SitFloor_lowKeypoints_crossedLegs,117,Sitting,Sitting,True,0.526,0.0,27.3253
SitFloor_lowKeypoints_crossedLegs,118,Sitting,Sitting,True,0.558,0.0,26.3972
SitFloor_lowKeypoints_crossedLegs,119,Sitting,Sitting,True,0.583,0.0,26.4461
SitFloor_lowKeypoints_crossedLegs,120,Sitting,Sitting,True,0.611,0.0,28.0222
SitFloor_lowKeypoints_crossedLegs,121,Sitting,Sitting,True,0.597,0.0,33.9702
SitFloor_lowKeypoints_crossedLegs,122,Sitting,Sitting,True,0.582,0.0,30.1325
SitFloor_lowKeypoints_crossedLegs,123,Sitting,Sitting,True,0.597,0.0,25.6368
SitFloor_lowKeypoints_crossedLegs,124,Sitting,Sitting,True,0.634,0.0,27.8427
SitFloor_lowKeypoints_crossedLegs,125,Sitting,Sitting,True,0.622,0.0,31.7098
SitFloor_lowKeypoints_crossedLegs,126,Sitting,Sitting,True,0.61,0.0,27.9015
SitFloor_lowKeypoints_crossedLegs,127,Sitting,Sitting,True,0.623,0.0,26.5586
SitFloor_lowKeypoints_crossedLegs,128,Sitting,Sitting,True,0.619,0.0,27.544
SitFloor_lowKeypoints_crossedLegs,129,Sitting,Sitting,True,0.618,0.0,28.6402
SitFloor_lowKeypoints_crossedLegs,130,Sitting,Sitting,True,0.641,0.0,30.5098
SitFloor_lowKeypoints_crossedLegs,131,Sitting,Sitting,True,0.65,0.0,26.6441
SitFloor_lowKeypoints_crossedLegs,132,Sitting,Sitting,True,0.63,0.0,30.1227
SitFloor_lowKeypoints_crossedLegs,133,Sitting,Sitting,True,0.65,0.0,41.9415
SitFloor_lowKeypoints_crossedLegs,134,Sitting,Sitting,True,0.634,0.0,32.1804
SitFloor_lowKeypoints_crossedLegs,135,Sitting,Sitting,True,0.638,0.0,37.0025
SitFloor_lowKeypoints_crossedLegs,136,Sitting,Sitting,True,0.644,0.0,31.8282
SitFloor_lowKeypoints_crossedLegs,137,Sitting,Sitting,True,0.644,0.0,38.1836
SitFloor_lowKeypoints_crossedLegs,138,Sitting,Sitting,True,0.616,0.0,32.2893
SitFloor_lowKeypoints_crossedLegs,139,Sitting,Sitting,True,0.654,0.0,29.6573
SitFloor_lowKeypoints_crossedLegs,140,Sitting,Sitting,True,0.659,0.0,35.7901
SitFloor_lowKeypoints_crossedLegs,141,Sitting,Sitting,True,0.654,0.0,30.7676
SitFloor_lowKeypoints_crossedLegs,142,Sitting,Sitting,True,0.633,0.0,26.326
SitFloor_lowKeypoints_crossedLegs,143,Sitting,Sitting,True,0.636,0.0,29.055
SitFloor_lowKeypoints_crossedLegs,144,Sitting,Sitting,True,0.659,0.0,29.6953
SitFloor_lowKeypoints_crossedLegs,145,Sitting,Sitting,True,0.638,0.0,30.6275
SitFloor_lowKeypoints_crossedLegs,146,Sitting,Sitting,True,0.583,0.0,25.7067
SitFloor_lowKeypoints_crossedLegs,147,Sitting,Sitting,True,0.547,0.0,26.5053
SitFloor_lowKeypoints_crossedLegs,148,Sitting,Sitting,True,0.546,0.0,29.9086
SitFloor_lowKeypoints_crossedLegs,149,Sitting,Sitting,True,0.541,0.0,40.1965
SitFloor_lowKeypoints_crossedLegs,150,Sitting,Sitting,True,0.498,0.0,32.2437
SitFloor_lowKeypoints_crossedLegs,151,Sitting,Sitting,True,0.479,0.0,26.9629
SitFloor_lowKeypoints_crossedLegs,152,Sitting,Sitting,True,0.45,0.0,27.7166
SitFloor_lowKeypoints_crossedLegs,153,Sitting,Sitting,True,0.43,0.0,33.9709
SitFloor_lowKeypoints_crossedLegs,154,Sitting,Sitting,True,0.408,0.0,32.411
SitFloor_lowKeypoints_crossedLegs,155,Sitting,Sitting,True,0.394,0.0,27.331
SitFloor_lowKeypoints_crossedLegs,156,Sitting,Sitting,True,0.395,0.0,28.0166
SitFloor_lowKeypoints_crossedLegs,157,Sitting,Sitting,True,0.384,0.0,37.0643
SitFloor_lowKeypoints_crossedLegs,158,Sitting,Sitting,True,0.342,0.0,37.6721
SitFloor_lowKeypoints_crossedLegs,159,Sitting,Sitting,True,0.349,0.0,46.4493
SitFloor_lowKeypoints_crossedLegs,160,Sitting,Sitting,True,0.314,0.0,49.2569
SitFloor_lowKeypoints_crossedLegs,161,Sitting,Sitting,True,0.328,0.0,60.2006
SitFloor_lowKeypoints_crossedLegs,162,Sitting,Sitting,True,0.323,0.0,56.2896
SitFloor_lowKeypoints_crossedLegs,163,Sitting,Sitting,True,0.309,0.0,52.9886
SitFloor_lowKeypoints_crossedLegs,164,Sitting,Sitting,True,0.333,0.0,42.1827
SitFloor_lowKeypoints_crossedLegs,165,Sitting,Sitting,True,0.344,0.0,39.2346
SitFloor_lowKeypoints_crossedLegs,166,Sitting,Sitting,True,0.378,0.0,37.2983
SitFloor_lowKeypoints_crossedLegs,167,Sitting,Sitting,True,0.381,0.0,34.4351
SitFloor_lowKeypoints_crossedLegs,168,Sitting,Sitting,True,0.383,0.0,33.9612
SitFloor_lowKeypoints_crossedLegs,169,Sitting,Sitting,True,0.43,0.0,34.9119
SitFloor_lowKeypoints_crossedLegs,170,Sitting,Sitting,True,0.473,0.0,30.2565
SitFloor_lowKeypoints_crossedLegs,171,Sitting,Sitting,True,0.454,0.0,32.9973
SitFloor_lowKeypoints_crossedLegs,172,Sitting,Sitting,True,0.461,0.0,45.2512
SitFloor_lowKeypoints_crossedLegs,173,Sitting,Sitting,True,0.45,0.0,42.0706
SitFloor_lowKeypoints_crossedLegs,174,Sitting,Sitting,True,0.467,0.0,40.0155
SitFloor_lowKeypoints_crossedLegs,175,Sitting,Sitting,True,0.445,0.0,41.6895
SitFloor_lowKeypoints_crossedLegs,176,Sitting,Sitting,True,0.404,0.0,28.7682
SitFloor_lowKeypoints_crossedLegs,177,Sitting,Sitting,True,0.385,0.0,36.8943
SitFloor_lowKeypoints_crossedLegs,178,Sitting,Sitting,True,0.384,0.0,29.7212
SitFloor_lowKeypoints_crossedLegs,179,Sitting,Sitting,True,0.402,0.0,35.4001
SitFloor_lowKeypoints_crossedLegs,180,Sitting,Sitting,True,0.367,0.0,30.7718
SitFloor_lowKeypoints_crossedLegs,181,Sitting,Sitting,True,0.378,0.0,40.1325
SitFloor_lowKeypoints_crossedLegs,182,Sitting,Sitting,True,0.422,0.0,40.1092
SitFloor_lowKeypoints_crossedLegs,183,Sitting,Sitting,True,0.441,0.0,38.7768
SitFloor_lowKeypoints_crossedLegs,184,Sitting,Sitting,True,0.473,0.0,38.0498
SitFloor_lowKeypoints_crossedLegs,185,Sitting,Sitting,True,0.503,0.0,30.9948
SitFloor_lowKeypoints_crossedLegs,186,Sitting,Sitting,True,0.532,0.0,26.6865
SitFloor_lowKeypoints_crossedLegs,187,Sitting,Sitting,True,0.552,0.0,29.3621
SitFloor_lowKeypoints_crossedLegs,188,Sitting,Sitting,True,0.556,0.0,29.9465
SitFloor_lowKeypoints_crossedLegs,189,Sitting,Sitting,True,0.598,0.0,34.3647
SitFloor_lowKeypoints_crossedLegs,190,Sitting,Sitting,True,0.591,0.0,29.3947
SitFloor_lowKeypoints_crossedLegs,191,Sitting,Sitting,True,0.602,0.0,31.1322
SitFloor_lowKeypoints_crossedLegs,192,Sitting,Sitting,True,0.602,0.0,43.2671
SitFloor_lowKeypoints_crossedLegs,193,Sitting,Sitting,True,0.618,0.0,34.672
SitFloor_lowKeypoints_crossedLegs,194,Sitting,Sitting,True,0.624,0.0,40.4681
SitFloor_lowKeypoints_crossedLegs,195,Sitting,Sitting,True,0.63,0.0,47.6886
SitFloor_lowKeypoints_crossedLegs,196,Sitting,Sitting,True,0.625,0.0,54.9516
SitFloor_lowKeypoints_crossedLegs,197,Sitting,Sitting,True,0.619,0.0,44.752
SitFloor_lowKeypoints_crossedLegs,198,Sitting,Sitting,True,0.597,0.0,40.4371
SitFloor_lowKeypoints_crossedLegs,199,Sitting,Sitting,True,0.597,0.0,32.759
SitFloor_lowKeypoints_crossedLegs,200,Sitting,Sitting,True,0.597,0.0,43.4256
SitFloor_lowKeypoints_crossedLegs,201,,Sitting,,0.591,0.0,47.1356
SitFloor_lowKeypoints_crossedLegs,202,,Sitting,,0.599,0.0,39.3582
SitFloor_lowKeypoints_crossedLegs,203,,Sitting,,0.598,0.0,43.8789
SitFloor_lowKeypoints_crossedLegs,204,,Sitting,,0.592,0.0,37.5881
SitFloor_lowKeypoints_crossedLegs,205,,Sitting,,0.6,0.0,38.0853
SitFloor_lowKeypoints_crossedLegs,206,,Sitting,,0.597,0.0,43.2365
SitFloor_lowKeypoints_crossedLegs,207,,Sitting,,0.577,0.0,42.287
SitFloor_lowKeypoints_crossedLegs,208,,Sitting,,0.59,0.0,57.0946
SitFloor_lowKeypoints_crossedLegs,209,,Sitting,,0.577,0.0,32.5372
SitFloor_lowKeypoints_crossedLegs,210,,Sitting,,0.584,0.0,33.6099
SitFloor_lowKeypoints_crossedLegs,211,,Sitting,,0.569,0.0,34.447
SitFloor_lowKeypoints_crossedLegs,212,,Sitting,,0.577,0.0,38.8502
SitFloor_lowKeypoints_crossedLegs,213,,Sitting,,0.574,0.0,41.1846
SitFloor_lowKeypoints_crossedLegs,214,,Sitting,,0.565,0.0,30.1389
SitFloor_lowKeypoints_crossedLegs,215,,Sitting,,0.559,0.0,38.0102
SitFloor_lowKeypoints_crossedLegs,216,,Sitting,,0.533,0.0,57.5507
SitFloor_lowKeypoints_crossedLegs,217,,Sitting,,0.534,0.0,67.8672
SitFloor_lowKeypoints_crossedLegs,218,,Sitting,,0.506,0.0,28.5441
SitFloor_lowKeypoints_crossedLegs,219,,Sitting,,0.473,0.0,33.13
SitFloor_lowKeypoints_crossedLegs,220,,Sitting,,0.453,0.0,63.5564
SitFloor_lowKeypoints_crossedLegs,221,,Sitting,,0.436,0.0,50.8955
SitFloor_lowKeypoints_crossedLegs,222,,Sitting,,0.386,0.0,38.0913
SitFloor_lowKeypoints_crossedLegs,223,,Sitting,,0.374,0.0,40.2389
SitFloor_lowKeypoints_crossedLegs,224,,Sitting,,0.355,0.0,39.9294
SitFloor_lowKeypoints_crossedLegs,225,,Sitting,,0.338,0.0,32.7437
SitFloor_lowKeypoints_crossedLegs,226,,Sitting,,0.326,0.0,28.9045
SitFloor_lowKeypoints_crossedLegs,227,,Sitting,,0.323,0.0,31.9607
SitFloor_lowKeypoints_crossedLegs,228,,Sitting,,0.326,0.0,30.8238
SitFloor_lowKeypoints_crossedLegs,229,,Sitting,,0.317,0.0,29.6584
SitFloor_lowKeypoints_crossedLegs,230,,Sitting,,0.33,0.0,26.3782
SitFloor_lowKeypoints_crossedLegs,231,,Sitting,,0.323,0.0,24.6535
SitFloor_lowKeypoints_crossedLegs,232,,Sitting,,0.308,0.0,23.0804
SitFloor_lowKeypoints_crossedLegs,233,,Sitting,,0.316,0.0,23.3142
SitFloor_lowKeypoints_crossedLegs,234,,Standing,,0.318,0.0,22.8304
SitFloor_lowKeypoints_crossedLegs,235,,Sitting,,0.319,0.0,25.2587
SitFloor_lowKeypoints_crossedLegs,236,,Sitting,,0.317,0.0,25.5931
SitFloor_lowKeypoints_crossedLegs,237,,Standing,,0.322,0.0,28.5972
SitFloor_lowKeypoints_crossedLegs,238,,Standing,,0.332,0.0,25.2053
SitFloor_lowKeypoints_crossedLegs,239,,Standing,,0.31,0.0,24.1658
SitFloor_lowKeypoints_crossedLegs,240,,Standing,,0.304,0.0,23.4293
SitFloor_lowKeypoints_crossedLegs,241,,Standing,,0.315,0.0,25.2241
SitFloor_lowKeypoints_crossedLegs,242,,Standing,,0.317,0.0,25.1588
SitFloor_lowKeypoints_crossedLegs,243,,Standing,,0.305,0.0,41.802
SitFloor_lowKeypoints_crossedLegs,244,,Standing,,0.31,0.0,27.0472
SitFloor_lowKeypoints_crossedLegs,245,,Standing,,0.309,0.0,27.5627
SitFloor_lowKeypoints_crossedLegs,246,,Standing,,0.32,0.0,27.998
SitFloor_lowKeypoints_crossedLegs,247,,Sitting,,0.302,0.0,24.9389
SitFloor_lowKeypoints_crossedLegs,248,,Sitting,,0.314,0.0,24.669
SitFloor_lowKeypoints_crossedLegs,249,,Sitting,,0.31,0.0,30.0883
SitFloor_lowKeypoints_crossedLegs,250,,Standing,,0.3,0.0,24.4058
SitFloor_lowKeypoints_crossedLegs,251,,Sitting,,0.294,0.0,26.8047
SitFloor_lowKeypoints_crossedLegs,252,,Sitting,,0.291,0.0,26.4226
SitFloor_lowKeypoints_crossedLegs,253,,Sitting,,0.306,0.0,29.7952
SitFloor_lowKeypoints_crossedLegs,254,,Sitting,,0.304,0.0,37.56
SitFloor_lowKeypoints_crossedLegs,255,,Sitting,,0.32,0.0,40.8731
SitFloor_lowKeypoints_crossedLegs,256,,Sitting,,0.375,0.0,43.8153
SitFloor_lowKeypoints_crossedLegs,257,,Sitting,,0.406,0.0,46.7265
SitFloor_lowKeypoints_crossedLegs,258,,Sitting,,0.471,0.0,37.7066
SitFloor_lowKeypoints_crossedLegs,259,,Sitting,,0.5,0.0,48.8994
SitFloor_lowKeypoints_crossedLegs,260,,Sitting,,0.535,0.0,38.5322
SitFloor_lowKeypoints_crossedLegs,261,,Sitting,,0.563,0.0,51.1532
SitFloor_lowKeypoints_crossedLegs,262,,Sitting,,0.547,0.0,47.3747
SitFloor_lowKeypoints_crossedLegs,263,,Sitting,,0.55,0.0,43.1267
SitFloor_lowKeypoints_crossedLegs,264,,Sitting,,0.55,0.0,42.7842
SitFloor_lowKeypoints_crossedLegs,265,,Sitting,,0.552,0.0,55.1557
SitFloor_lowKeypoints_crossedLegs,266,,Sitting,,0.552,0.0,57.0788
SitFloor_lowKeypoints_crossedLegs,267,,Sitting,,0.567,0.0,46.7568
SitFloor_lowKeypoints_crossedLegs,268,,Sitting,,0.577,0.0,37.8527
SitFloor_lowKeypoints_crossedLegs,269,,Sitting,,0.571,0.0,43.2183
SitFloor_lowKeypoints_crossedLegs,270,,Sitting,,0.556,0.0,53.684
SitFloor_lowKeypoints_crossedLegs,271,,Sitting,,0.554,0.0,51.2219
SitFloor_lowKeypoints_crossedLegs,272,,Sitting,,0.517,0.0,40.006
SitFloor_lowKeypoints_crossedLegs,273,,Sitting,,0.546,0.0,39.6415
SitFloor_lowKeypoints_crossedLegs,274,,Sitting,,0.551,0.0,44.0731
SitFloor_lowKeypoints_crossedLegs,275,,Sitting,,0.54,0.0,54.6621
SitFloor_lowKeypoints_crossedLegs,276,,Sitting,,0.541,0.0,43.7688
SitFloor_lowKeypoints_crossedLegs,277,,Sitting,,0.519,0.0,45.3149
SitFloor_lowKeypoints_crossedLegs,278,,Sitting,,0.508,0.0,38.4706
SitFloor_lowKeypoints_crossedLegs,279,,Sitting,,0.497,0.0,38.0499
SitFloor_lowKeypoints_crossedLegs,280,,Sitting,,0.505,0.0,31.3113
SitFloor_lowKeypoints_crossedLegs,281,,Sitting,,0.404,0.0,47.021
SitFloor_lowKeypoints_crossedLegs,282,,Sitting,,0.445,0.0,41.9383
SitFloor_lowKeypoints_crossedLegs,283,,Sitting,,0.426,0.0,45.6197
SitFloor_lowKeypoints_crossedLegs,284,,Sitting,,0.452,0.0,44.425
SitFloor_lowKeypoints_crossedLegs,285,,Sitting,,0.414,0.0,35.0332
SitFloor_lowKeypoints_crossedLegs,286,,Sitting,,0.457,0.0,41.75
SitFloor_lowKeypoints_crossedLegs,287,,Sitting,,0.382,0.0,40.0818
SitFloor_lowKeypoints_crossedLegs,288,,Sitting,,0.362,0.0,38.2372
SitFloor_lowKeypoints_crossedLegs,289,,Sitting,,0.355,0.0,34.5054
SitFloor_lowKeypoints_crossedLegs,290,,Sitting,,0.374,0.0,38.0289
SitFloor_lowKeypoints_crossedLegs,291,,Sitting,,0.368,0.0,41.7762
SitFloor_lowKeypoints_crossedLegs,292,,Sitting,,0.339,0.0,38.3084
SitFloor_lowKeypoints_crossedLegs,293,,Sitting,,0.311,0.0,40.3083
SitFloor_lowKeypoints_crossedLegs,294,,Standing,,0.285,0.0,44.0586
SitFloor_lowKeypoints_crossedLegs,295,,Standing,,0.327,0.0,45.0776
SitFloor_lowKeypoints_crossedLegs,296,,Standing,,0.329,0.0,51.9526
SitFloor_lowKeypoints_crossedLegs,297,,Standing,,0.345,0.0,43.5625
SitFloor_lowKeypoints_crossedLegs,298,,Standing,,0.336,0.0,33.5642
SitFloor_lowKeypoints_crossedLegs,299,,Standing,,0.325,0.0,34.775
SitFloor_lowKeypoints_crossedLegs,300,,Standing,,0.334,0.0,44.2576
SitFloor_lowKeypoints_crossedLegs,301,,Standing,,0.357,0.0,44.436
SitFloor_lowKeypoints_crossedLegs,302,,Standing,,0.37,0.0,37.9189
SitFloor_lowKeypoints_crossedLegs,303,,Standing,,0.388,0.0,43.5074
SitFloor_lowKeypoints_crossedLegs,304,,Standing,,0.417,0.0,53.0133
SitFloor_lowKeypoints_crossedLegs,305,,Standing,,0.445,0.0,42.6248
SitFloor_lowKeypoints_crossedLegs,306,,Standing,,0.521,0.0,40.5111
SitFloor_lowKeypoints_crossedLegs,307,,Standing,,0.567,0.0,33.9667
SitFloor_lowKeypoints_crossedLegs,308,,Standing,,0.586,0.0,32.9725
SitFloor_lowKeypoints_crossedLegs,309,,Standing,,0.627,0.0,35.4897
SitFloor_lowKeypoints_crossedLegs,310,,Standing,,0.637,0.0,29.5172
SitFloor_lowKeypoints_crossedLegs,311,,Standing,,0.642,0.0,29.6872
SitFloor_lowKeypoints_crossedLegs,312,,Standing,,0.661,0.0,30.8363
SitFloor_lowKeypoints_crossedLegs,313,,Standing,,0.66,0.0,32.273
SitFloor_lowKeypoints_crossedLegs,314,,Standing,,0.636,0.0,33.1179
SitFloor_lowKeypoints_crossedLegs,315,,Standing,,0.642,0.0,29.2885
SitFloor_lowKeypoints,31,Standing,Standing,True,0.984,0.0,28.5472
SitFloor_lowKeypoints,32,Standing,Standing,True,0.985,0.0,31.243
SitFloor_lowKeypoints,33,Standing,Standing,True,0.984,0.0,41.4245
SitFloor_lowKeypoints,34,Standing,Standing,True,0.982,0.0,35.2843
SitFloor_lowKeypoints,35,Standing,Standing,True,0.982,0.0,31.7447
SitFloor_lowKeypoints,36,Standing,Standing,True,0.981,0.0,39.1117
SitFloor_lowKeypoints,37,Standing,Standing,True,0.979,0.0,42.0717
SitFloor_lowKeypoints,38,Standing,Standing,True,0.979,0.0,41.991
SitFloor_lowKeypoints,39,Standing,Standing,True,0.977,0.0,59.5322
SitFloor_lowKeypoints,40,Standing,Standing,True,0.976,0.0,69.9829
SitFloor_lowKeypoints,41,Standing,Standing,True,0.965,0.0,94.3104
SitFloor_lowKeypoints,42,Standing,Standing,True,0.954,0.0,59.3551
SitFloor_lowKeypoints,43,Standing,Standing,True,0.957,0.0,43.0654
SitFloor_lowKeypoints,44,Standing,Standing,True,0.957,0.0,29.1798
SitFloor_lowKeypoints,45,Standing,Standing,True,0.958,0.0,33.2435
SitFloor_lowKeypoints,46,Standing,Standing,True,0.956,0.0,27.8514
SitFloor_lowKeypoints,47,Standing,Standing,True,0.961,0.0,29.2437
SitFloor_lowKeypoints,48,Standing,Standing,True,0.955,0.0,28.0674
SitFloor_lowKeypoints,49,Standing,Standing,True,0.952,0.0,28.0864
SitFloor_lowKeypoints,50,Standing,Standing,True,0.955,0.0,29.025
SitFloor_lowKeypoints,51,Standing,Standing,True,0.961,0.0,28.67
SitFloor_lowKeypoints,52,Standing,Standing,True,0.956,0.0,27.1497
SitFloor_lowKeypoints,53,Standing,Standing,True,0.954,0.0,25.7843
SitFloor_lowKeypoints,54,Standing,Standing,True,0.953,0.0,28.6452
SitFloor_lowKeypoints,55,Standing,Standing,True,0.949,0.0,27.4837
SitFloor_lowKeypoints,56,Standing,Standing,True,0.951,0.0,25.9382
SitFloor_lowKeypoints,57,Standing,Standing,True,0.95,0.0,26.4222
SitFloor_lowKeypoints,58,,Standing,,0.948,0.0,27.9259
SitFloor_lowKeypoints,59,,Standing,,0.946,0.0,27.7308
SitFloor_lowKeypoints,60,,Standing,,0.941,0.0,35.4203
SitFloor_lowKeypoints,61,,Standing,,0.941,0.0,24.0031
SitFloor_lowKeypoints,62,,Standing,,0.922,0.0,41.312
SitFloor_lowKeypoints,63,,Standing,,0.884,0.0,33.8139
SitFloor_lowKeypoints,64,,Standing,,0.868,0.0,39.7199
SitFloor_lowKeypoints,65,,Standing,,0.866,0.0,37.4267
SitFloor_lowKeypoints,66,,Standing,,0.84,0.0,23.9993
SitFloor_lowKeypoints,67,,Standing,,0.838,0.0,24.6108
SitFloor_lowKeypoints,68,,Standing,,0.82,0.0,24.0794
SitFloor_lowKeypoints,69,,Standing,,0.811,0.0,28.5936
SitFloor_lowKeypoints,70,,Standing,,0.799,0.0,27.0998
SitFloor_lowKeypoints,71,,Standing,,0.806,0.0,30.3902
SitFloor_lowKeypoints,72,,Standing,,0.812,0.0,29.6735
SitFloor_lowKeypoints,73,,Standing,,0.814,0.0,36.6827
SitFloor_lowKeypoints,74,,Standing,,0.827,0.0,38.7984
SitFloor_lowKeypoints,75,,Standing,,0.805,0.0,29.4106
SitFloor_lowKeypoints,76,,Standing,,0.703,0.0,32.5719
SitFloor_lowKeypoints,77,,Standing,,0.634,0.0,45.4024
SitFloor_lowKeypoints,78,,Standing,,0.563,0.0,36.1022
SitFloor_lowKeypoints,79,,Standing,,0.492,0.0,40.2293
SitFloor_lowKeypoints,80,,Standing,,0.4,0.0,38.289
SitFloor_lowKeypoints,81,,Standing,,0.343,0.0,42.8096
SitFloor_lowKeypoints,82,,Sitting,,0.265,0.0,31.1441
SitFloor_lowKeypoints,83,,Sitting,,0.253,0.0,34.4859
SitFloor_lowKeypoints,84,,Lying,,0.32,0.0,34.4974
SitFloor_lowKeypoints,85,,Lying,,0.361,0.0,45.863
SitFloor_lowKeypoints,86,,Lying,,0.39,0.0,40.9572
SitFloor_lowKeypoints,87,,Lying,,0.421,0.0,43.6982
SitFloor_lowKeypoints,88,,Lying,,0.45,0.0,32.0483
SitFloor_lowKeypoints,89,,Lying,,0.465,0.0,28.5316
SitFloor_lowKeypoints,90,,Lying,,0.522,0.0,34.5121
SitFloor_lowKeypoints,91,,Lying,,0.519,0.0,36.6784
SitFloor_lowKeypoints,92,,Lying,,0.519,0.0,28.1712
SitFloor_lowKeypoints,93,,Lying,,0.56,0.0,31.3506
SitFloor_lowKeypoints,94,,Lying,,0.546,0.0,29.4111
SitFloor_lowKeypoints,95,,Lying,,0.542,0.0,28.4596
SitFloor_lowKeypoints,96,,Lying,,0.554,0.0,34.0296
SitFloor_lowKeypoints,97,,Lying,,0.591,0.0,38.6183
SitFloor_lowKeypoints,98,,Lying,,0.598,0.0,27.7036
SitFloor_lowKeypoints,99,,Lying,,0.592,0.0,30.152
SitFloor_lowKeypoints,100,,Lying,,0.591,0.0,30.2474
SitFloor_lowKeypoints,101,,Lying,,0.58,0.0,26.121
SitFloor_lowKeypoints,102,,Lying,,0.596,0.0,25.0455
SitFloor_lowKeypoints,103,,Lying,,0.617,0.0,24.9116
SitFloor_lowKeypoints,104,,Lying,,0.617,0.0,23.2428
SitFloor_lowKeypoints,105,,Lying,,0.583,0.0,24.8836
SitFloor_lowKeypoints,106,,Lying,,0.541,0.0,23.7084
SitFloor_lowKeypoints,107,,Lying,,0.493,0.0,22.0919
SitFloor_lowKeypoints,108,,Lying,,0.439,0.0,22.3892
SitFloor_lowKeypoints,109,,Lying,,0.417,0.0,25.5188
SitFloor_lowKeypoints,110,,Lying,,0.371,0.0,23.0253
SitFloor_lowKeypoints,111,,Lying,,0.334,0.0,23.3559
SitFloor_lowKeypoints,112,,Lying,,0.337,0.0,22.7635
SitFloor_lowKeypoints,113,,Sitting,,0.35,0.0,22.5902
SitFloor_lowKeypoints,114,,Sitting,,0.398,0.0,23.7049
SitFloor_lowKeypoints,115,,Sitting,,0.481,0.0,23.1978
SitFloor_lowKeypoints,116,,Sitting,,0.529,0.0,23.0846
SitFloor_lowKeypoints,117,Sitting,Sitting,True,0.584,0.0,23.2494
SitFloor_lowKeypoints,118,Sitting,Sitting,True,0.655,0.0,23.3767
SitFloor_lowKeypoints,119,Sitting,Sitting,True,0.692,0.0,22.6376
SitFloor_lowKeypoints,120,Sitting,Sitting,True,0.674,0.0,23.1188
SitFloor_lowKeypoints,121,Sitting,Sitting,True,0.66,0.0,24.2664
SitFloor_lowKeypoints,122,Sitting,Sitting,True,0.625,0.0,23.0128
SitFloor_lowKeypoints,123,Sitting,Sitting,True,0.578,0.0,23.3296
SitFloor_lowKeypoints,124,Sitting,Sitting,True,0.573,0.0,22.9572
SitFloor_lowKeypoints,125,Sitting,Sitting,True,0.552,0.0,25.7981
SitFloor_lowKeypoints,126,Sitting,Sitting,True,0.495,0.0,22.5128
SitFloor_lowKeypoints,127,Sitting,Sitting,True,0.458,0.0,23.4964
SitFloor_lowKeypoints,128,Sitting,Sitting,True,0.419,0.0,23.5377
SitFloor_lowKeypoints,129,Sitting,Sitting,True,0.397,0.0,22.9382
SitFloor_lowKeypoints,130,Sitting,Sitting,True,0.366,0.0,28.4831
SitFloor_lowKeypoints,131,Sitting,Sitting,True,0.34,0.0,23.3159
SitFloor_lowKeypoints,132,Sitting,Standing,False,0.331,0.0,24.0971
SitFloor_lowKeypoints,133,Sitting,Standing,False,0.335,0.0,22.5185
SitFloor_lowKeypoints,134,Sitting,Standing,False,0.347,0.0,27.9576
SitFloor_lowKeypoints,135,Sitting,Standing,False,0.359,0.0,28.4586
SitFloor_lowKeypoints,136,Sitting,Standing,False,0.366,0.0,29.8911
SitFloor_lowKeypoints,137,Sitting,Standing,False,0.372,0.0,27.4541
SitFloor_lowKeypoints,138,Sitting,Standing,False,0.374,0.0,28.6625
SitFloor_lowKeypoints,139,Sitting,Standing,False,0.39,0.0,26.282
SitFloor_lowKeypoints,140,Sitting,Standing,False,0.382,0.0,33.3616
SitFloor_lowKeypoints,141,Sitting,Standing,False,0.394,0.0,35.7497
SitFloor_lowKeypoints,142,Sitting,Standing,False,0.41,0.0,26.9026
SitFloor_lowKeypoints,143,Sitting,Standing,False,0.41,0.0,25.0142
SitFloor_lowKeypoints,144,Sitting,Standing,False,0.423,0.0,30.8531
SitFloor_lowKeypoints,145,Sitting,Standing,False,0.417,0.0,35.7497
SitFloor_lowKeypoints,146,Sitting,Standing,False,0.444,0.0,28.9917
SitFloor_lowKeypoints,147,Sitting,Standing,False,0.467,0.0,27.6856
SitFloor_lowKeypoints,148,Sitting,Standing,False,0.497,0.0,29.956
SitFloor_lowKeypoints,149,Sitting,Standing,False,0.5,0.0,38.1184
SitFloor_lowKeypoints,150,Sitting,Standing,False,0.52,0.0,34.6681
SitFloor_lowKeypoints,151,Sitting,Standing,False,0.537,0.0,33.7417
SitFloor_lowKeypoints,152,Sitting,Standing,False,0.553,0.0,29.7269
SitFloor_lowKeypoints,153,Sitting,Standing,False,0.552,0.0,26.4574
SitFloor_lowKeypoints,154,Sitting,Standing,False,0.563,0.0,29.8325
SitFloor_lowKeypoints,155,Sitting,Standing,False,0.573,0.0,44.1976
SitFloor_lowKeypoints,156,Sitting,Standing,False,0.573,0.0,34.0431
SitFloor_lowKeypoints,157,Sitting,Standing,False,0.583,0.0,52.1662
SitFloor_lowKeypoints,158,Sitting,Standing,False,0.58,0.0,49.4387
SitFloor_lowKeypoints,159,Sitting,Standing,False,0.573,0.0,44.0916
SitFloor_lowKeypoints,160,Sitting,Standing,False,0.565,0.0,41.6229
SitFloor_lowKeypoints,161,Sitting,Standing,False,0.569,0.0,36.1602
SitFloor_lowKeypoints,162,Sitting,Standing,False,0.561,0.0,30.1029
SitFloor_lowKeypoints,163,Sitting,Standing,False,0.55,0.0,33.0476
SitFloor_lowKeypoints,164,Sitting,Standing,False,0.538,0.0,36.1594
SitFloor_lowKeypoints,165,Sitting,Standing,False,0.531,0.0,28.514
SitFloor_lowKeypoints,166,Sitting,Standing,False,0.516,0.0,26.6393
SitFloor_lowKeypoints,167,Sitting,Standing,False,0.503,0.0,25.039
SitFloor_lowKeypoints,168,Sitting,Standing,False,0.475,0.0,31.7209
SitFloor_lowKeypoints,169,Sitting,Standing,False,0.469,0.0,26.4851
SitFloor_lowKeypoints,170,Sitting,Standing,False,0.463,0.0,25.1652
SitFloor_lowKeypoints,171,Sitting,Standing,False,0.449,0.0,27.0784
SitFloor_lowKeypoints,172,Sitting,Standing,False,0.456,0.0,23.6988
SitFloor_lowKeypoints,173,Sitting,Standing,False,0.457,0.0,25.5368
SitFloor_lowKeypoints,174,Sitting,Standing,False,0.462,0.0,23.4186
SitFloor_lowKeypoints,175,Sitting,Standing,False,0.456,0.0,26.4266
SitFloor_lowKeypoints,176,Sitting,Standing,False,0.495,0.0,32.0858
SitFloor_lowKeypoints,177,Sitting,Standing,False,0.518,0.0,34.3814
SitFloor_lowKeypoints,178,Sitting,Standing,False,0.515,0.0,29.0587
SitFloor_lowKeypoints,179,Sitting,Standing,False,0.538,0.0,33.5897
SitFloor_lowKeypoints,180,Sitting,Standing,False,0.54,0.0,25.7083
SitFloor_lowKeypoints,181,Sitting,Standing,False,0.543,0.0,95.674
SitFloor_lowKeypoints,182,Sitting,Standing,False,0.54,0.0,39.9409
SitFloor_lowKeypoints,183,Sitting,Standing,False,0.547,0.0,28.7329
SitFloor_lowKeypoints,184,Sitting,Standing,False,0.551,0.0,32.417
SitFloor_lowKeypoints,185,Sitting,Standing,False,0.549,0.0,34.6532
SitFloor_lowKeypoints,186,Sitting,Standing,False,0.546,0.0,33.7927
SitFloor_lowKeypoints,187,Sitting,Standing,False,0.539,0.0,30.9656
SitFloor_lowKeypoints,188,Sitting,Standing,False,0.551,0.0,29.1512
SitFloor_lowKeypoints,189,Sitting,Standing,False,0.549,0.0,26.3495
SitFloor_lowKeypoints,190,Sitting,Standing,False,0.552,0.0,25.9537
SitFloor_lowKeypoints,191,Sitting,Standing,False,0.553,0.0,31.8147
SitFloor_lowKeypoints,192,Sitting,Standing,False,0.553,0.0,28.5625
SitFloor_lowKeypoints,193,Sitting,Standing,False,0.556,0.0,26.8331
SitFloor_lowKeypoints,194,Sitting,Standing,False,0.55,0.0,34.2764
SitFloor_lowKeypoints,195,Sitting,Standing,False,0.556,0.0,32.4415
SitFloor_lowKeypoints,196,Sitting,Standing,False,0.547,0.0,27.5366
SitFloor_lowKeypoints,197,Sitting,Standing,False,0.542,0.0,33.0418
SitFloor_lowKeypoints,198,Sitting,Standing,False,0.534,0.0,31.7513
SitFloor_lowKeypoints,199,Sitting,Standing,False,0.531,0.0,36.7208
SitFloor_lowKeypoints,200,Sitting,Standing,False,0.537,0.0,25.241
SitFloor_lowKeypoints,201,Sitting,Standing,False,0.539,0.0,27.0282
SitFloor_lowKeypoints,202,Sitting,Standing,False,0.54,0.0,28.7956
SitFloor_lowKeypoints,203,Sitting,Standing,False,0.537,0.0,24.4946
SitFloor_lowKeypoints,204,,Standing,,0.545,0.0,24.7261
SitFloor_lowKeypoints,205,,Standing,,0.547,0.0,27.8271
SitFloor_lowKeypoints,206,,Standing,,0.551,0.0,24.5075
SitFloor_lowKeypoints,207,,Standing,,0.552,0.0,26.7076
SitFloor_lowKeypoints,208,,Standing,,0.553,0.0,26.5016
SitFloor_lowKeypoints,209,,Standing,,0.554,0.0,25.5113
SitFloor_lowKeypoints,210,,Standing,,0.552,0.0,28.3304
SitFloor_lowKeypoints,211,,Standing,,0.54,0.0,29.2196
SitFloor_lowKeypoints,212,,Standing,,0.54,0.0,30.1674
SitFloor_lowKeypoints,213,,Standing,,0.537,0.0,28.0877
SitFloor_lowKeypoints,214,,Standing,,0.521,0.0,31.7958
SitFloor_lowKeypoints,215,,Standing,,0.515,0.0,30.8755
SitFloor_lowKeypoints,216,,Standing,,0.521,0.0,27.8108
SitFloor_lowKeypoints,217,,Standing,,0.52,0.0,29.1346
SitFloor_lowKeypoints,218,,Standing,,0.528,0.0,26.9313
SitFloor_lowKeypoints,219,,Standing,,0.519,0.0,29.8148
SitFloor_lowKeypoints,220,,Standing,,0.524,0.0,28.0864
SitFloor_lowKeypoints,221,,Standing,,0.529,0.0,30.6827
SitFloor_lowKeypoints,222,,Standing,,0.512,0.0,33.7929
SitFloor_lowKeypoints,223,,Standing,,0.508,0.0,36.7385
SitFloor_lowKeypoints,224,,Standing,,0.5,0.0,31.1378
SitFloor_lowKeypoints,225,,Standing,,0.499,0.0,68.1131
SitFloor_lowKeypoints,226,,Standing,,0.477,0.0,46.3168
SitFloor_lowKeypoints,227,,Standing,,0.467,0.0,38.1114
SitFloor_lowKeypoints,228,,Standing,,0.441,0.0,30.5213
SitFloor_lowKeypoints,229,,Standing,,0.411,0.0,29.7094
SitFloor_lowKeypoints,230,,Standing,,0.418,0.0,26.5412
SitFloor_lowKeypoints,231,,Standing,,0.391,0.0,27.0466
SitFloor_lowKeypoints,232,,Standing,,0.379,0.0,30.2928
SitFloor_lowKeypoints,233,,Standing,,0.363,0.0,33.0276
SitFloor_lowKeypoints,234,,Standing,,0.36,0.0,33.4399
SitFloor_lowKeypoints,235,,Standing,,0.348,0.0,30.4134
SitFloor_lowKeypoints,236,,Standing,,0.338,0.0,28.2548
SitFloor_lowKeypoints,237,,Sitting,,0.342,0.0,31.6022
SitFloor_lowKeypoints,238,,Sitting,,0.375,0.0,29.5497
SitFloor_lowKeypoints,239,,Sitting,,0.398,0.0,30.506
SitFloor_lowKeypoints,240,,Sitting,,0.461,0.0,32.055
SitFloor_lowKeypoints,241,,Sitting,,0.51,0.0,36.9784
SitFloor_lowKeypoints,242,,Sitting,,0.569,0.0,31.3747
SitFloor_lowKeypoints,243,,Sitting,,0.6,0.0,33.4762
SitFloor_lowKeypoints,244,,Sitting,,0.639,0.0,28.9106
SitFloor_lowKeypoints,245,,Sitting,,0.674,0.0,30.353
SitFloor_lowKeypoints,246,,Sitting,,0.694,0.0,26.9304
SitFloor_lowKeypoints,247,,Sitting,,0.71,0.0,27.0196
SitFloor_lowKeypoints,248,,Sitting,,0.728,0.0,28.935
SitFloor_lowKeypoints,249,,Sitting,,0.742,0.0,34.017
SitFloor_lowKeypoints,250,,Sitting,,0.748,0.0,29.602
SitFloor_lowKeypoints,251,,Sitting,,0.728,0.0,34.69
SitFloor_lowKeypoints,252,,Sitting,,0.699,0.0,34.816
SitFloor_lowKeypoints,253,,Sitting,,0.627,0.0,40.6393
SitFloor_lowKeypoints,254,,Sitting,,0.604,0.0,45.9391
SitFloor_lowKeypoints,255,,Sitting,,0.586,0.0,44.4408
SitFloor_lowKeypoints,256,,Sitting,,0.562,0.0,29.4196
SitFloor_lowKeypoints,257,,Sitting,,0.559,0.0,35.1134
SitFloor_lowKeypoints,258,,Sitting,,0.569,0.0,37.652
SitFloor_lowKeypoints,259,,Sitting,,0.551,0.0,42.7592
SitFloor_lowKeypoints,260,,Sitting,,0.56,0.0,30.5662
SitFloor_lowKeypoints,261,,Sitting,,0.549,0.0,32.7688
SitFloor_lowKeypoints,262,,Sitting,,0.546,0.0,46.3899
SitFloor_lowKeypoints,263,,Sitting,,0.553,0.0,47.2506
SitFloor_lowKeypoints,264,,Sitting,,0.539,0.0,44.2862
SitFloor_lowKeypoints,265,,Sitting,,0.541,0.0,40.385
SitFloor_lowKeypoints,266,,Sitting,,0.531,0.0,51.2889
SitFloor_lowKeypoints,267,,Sitting,,0.547,0.0,54.9701
SitFloor_lowKeypoints,268,,Sitting,,0.573,0.0,52.3804
SitFloor_lowKeypoints,269,,Sitting,,0.595,0.0,52.3722
SitFloor_lowKeypoints,270,,Sitting,,0.591,0.0,46.2255
SitFloor_lowKeypoints,271,,Sitting,,0.587,0.0,48.0622
SitFloor_lowKeypoints,272,,Sitting,,0.643,0.0,46.7143
SitFloor_lowKeypoints,273,,Sitting,,0.653,0.0,46.7672
SitFloor_lowKeypoints,274,,Sitting,,0.607,0.0,64.6617
SitFloor_lowKeypoints,275,,Sitting,,0.536,0.0,71.5716
SitFloor_lowKeypoints,276,,Sitting,,0.527,0.0,48.3611
SitFloor_lowKeypoints,277,,Sitting,,0.507,0.0,33.7914
SitFloor_lowKeypoints,278,,Sitting,,0.443,0.0,35.6471
SitFloor_lowKeypoints,279,,Sitting,,0.439,0.0,33.8159
SitFloor_lowKeypoints,280,,Sitting,,0.429,0.0,29.7545
SitFloor_lowKeypoints,281,,Sitting,,0.422,0.0,44.411
SitFloor_lowKeypoints,282,,Sitting,,0.394,0.0,27.9632
SitFloor_lowKeypoints,283,,Sitting,,0.404,0.0,27.2752
SitFloor_lowKeypoints,284,,Sitting,,0.351,0.0,43.2882
SitFloor_lowKeypoints,285,,Standing,,0.374,0.0,38.8039
SitFloor_lowKeypoints,286,,Standing,,0.422,0.0,41.5268
SitFloor_lowKeypoints,287,,Standing,,0.476,0.0,43.1786
SitFloor_lowKeypoints,288,,Standing,,0.501,0.0,47.7143
SitFloor_lowKeypoints,289,,Standing,,0.541,0.0,37.1146
SitFloor_lowKeypoints,290,,Standing,,0.572,0.0,40.2441
SitFloor_lowKeypoints,291,,Standing,,0.572,0.0,39.4755
SitFloor_lowKeypoints,292,,Standing,,0.607,0.0,49.9499
SitFloor_lowKeypoints,293,,Standing,,0.66,0.0,31.3558
SitFloor_lowKeypoints,294,,Standing,,0.713,0.0,36.6854
SitFloor_lowKeypoints,295,,Standing,,0.699,0.0,33.9735
SitFloor_lowKeypoints,296,,Standing,,0.708,0.0,33.5371
SitFloor_lowKeypoints,297,,Standing,,0.714,0.0,32.9097
SitFloor_lowKeypoints,298,,Standing,,0.716,0.0,43.8153
SitFloor_lowKeypoints,299,,Standing,,0.745,0.0,38.5055
SitFloor_lowKeypoints,300,,Standing,,0.747,0.0,30.9488
SitFloor_lowKeypoints,301,,Standing,,0.765,0.0,29.7634
SitFloor_lowKeypoints,302,,Standing,,0.799,0.0,29.8548
SitFloor_lowKeypoints,303,,Standing,,0.824,0.0,33.0097
SitFloor_lowKeypoints,304,,Standing,,0.865,0.0,38.1012
SitFloor_lowKeypoints,305,,Standing,,0.88,0.0,44.4459
SitFloor_lowKeypoints,306,,Standing,,0.899,0.0,37.6354
Sitting_HalfLandmarks,31,,Standing,,0.732,0.0,38.7697
Sitting_HalfLandmarks,32,,Standing,,0.773,0.0,35.228
Sitting_HalfLandmarks,33,,Standing,,0.792,0.0,48.9357
Sitting_HalfLandmarks,34,,Standing,,0.827,0.0,42.1471
Sitting_HalfLandmarks,35,,Standing,,0.868,0.0,44.5617
Sitting_HalfLandmarks,36,,Standing,,0.952,0.0,52.594
Sitting_HalfLandmarks,37,,Standing,,0.954,0.0,46.8953
Sitting_HalfLandmarks,38,,Standing,,0.966,0.0,41.9615
Sitting_HalfLandmarks,39,,Standing,,0.953,0.0,35.3084
Sitting_HalfLandmarks,40,,Standing,,0.948,0.0,48.3723
Sitting_HalfLandmarks,41,,Standing,,0.944,0.0,35.01
Sitting_HalfLandmarks,42,,Standing,,0.913,0.0,52.9685
Sitting_HalfLandmarks,43,,Standing,,0.899,0.0,57.58
Sitting_HalfLandmarks,44,,Standing,,0.914,0.0,44.2227
Sitting_HalfLandmarks,45,,Standing,,0.936,0.0,43.597
Sitting_HalfLandmarks,46,,Standing,,0.91,0.0,65.333
Sitting_HalfLandmarks,47,,Standing,,0.892,0.0,59.5324
Sitting_HalfLandmarks,48,,Standing,,0.877,0.0,53.3291
Sitting_HalfLandmarks,49,,Standing,,0.843,0.0,42.1274
Sitting_HalfLandmarks,50,,Standing,,0.846,0.0,72.6532
Sitting_HalfLandmarks,51,,Standing,,0.835,0.0,90.8421
Sitting_HalfLandmarks,52,,Standing,,0.817,0.0,58.1664
Sitting_HalfLandmarks,53,,Standing,,0.847,0.0,49.9782
Sitting_HalfLandmarks,54,,Standing,,0.841,0.0,49.8786
Sitting_HalfLandmarks,55,,Standing,,0.835,0.0,51.1775
Sitting_HalfLandmarks,56,,Standing,,0.801,0.0,50.4004
Sitting_HalfLandmarks,57,,Standing,,0.781,0.0,45.1922
Sitting_HalfLandmarks,58,,Standing,,0.782,0.0,49.6017
Sitting_HalfLandmarks,59,,Standing,,0.775,0.0,50.0607
Sitting_HalfLandmarks,60,,Standing,,0.777,0.0,58.0588
Sitting_HalfLandmarks,61,,Standing,,0.82,0.0,50.2485
Sitting_HalfLandmarks,62,,Standing,,0.81,0.0,55.5748
Sitting_HalfLandmarks,63,,Standing,,0.834,0.0,48.5035
Sitting_HalfLandmarks,64,,Standing,,0.819,0.0,45.9148
Sitting_HalfLandmarks,65,,Standing,,0.838,0.0,56.6009
Sitting_HalfLandmarks,66,,Standing,,0.816,0.0,49.5683
Sitting_HalfLandmarks,67,,Standing,,0.799,0.0,45.9851
Sitting_HalfLandmarks,68,,Standing,,0.785,0.0,55.4418
Sitting_HalfLandmarks,69,,Standing,,0.758,0.0,51.6802
Sitting_HalfLandmarks,70,,Standing,,0.724,0.0,48.9098
Sitting_HalfLandmarks,71,,Standing,,0.719,0.0,45.7775
Sitting_HalfLandmarks,72,,Standing,,0.713,0.0,39.1772
Sitting_HalfLandmarks,73,,Standing,,0.705,0.0,42.4788
Sitting_HalfLandmarks,74,,Standing,,0.688,0.0,42.9027
Sitting_HalfLandmarks,75,,Standing,,0.68,0.0,43.3203
Sitting_HalfLandmarks,76,,Standing,,0.672,0.0,44.5605
Sitting_HalfLandmarks,77,,Standing,,0.65,0.0,41.51
Sitting_HalfLandmarks,78,,Standing,,0.641,0.0,46.4568
Sitting_HalfLandmarks,79,,Standing,,0.633,0.0,53.4041
Sitting_HalfLandmarks,80,,Standing,,0.602,0.0,41.5831
Sitting_HalfLandmarks,81,,Standing,,0.558,0.0,39.3401
Sitting_HalfLandmarks,82,,Standing,,0.527,0.0,36.9544
Sitting_HalfLandmarks,83,,Standing,,0.466,0.0,40.1419
Sitting_HalfLandmarks,84,,Sitting,,0.398,0.0,30.0823
Sitting_HalfLandmarks,85,,Sitting,,0.453,0.0,27.8941
Sitting_HalfLandmarks,86,,Sitting,,0.522,0.0,26.2908
Sitting_HalfLandmarks,87,Sitting,Sitting,True,0.554,0.0,33.6647
Sitting_HalfLandmarks,88,Sitting,Sitting,True,0.588,0.0,29.8563
Sitting_HalfLandmarks,89,Sitting,Sitting,True,0.558,0.0,26.4663
Sitting_HalfLandmarks,90,Sitting,Sitting,True,0.58,0.0,27.0262
Sitting_HalfLandmarks,91,Sitting,Sitting,True,0.588,0.0,25.3844
Sitting_HalfLandmarks,92,Sitting,Sitting,True,0.58,0.0,31.4062
Sitting_HalfLandmarks,93,Sitting,Sitting,True,0.59,0.0,28.4193
Sitting_HalfLandmarks,94,Sitting,Sitting,True,0.603,0.0,25.2454
Sitting_HalfLandmarks,95,Sitting,Sitting,True,0.619,0.0,37.8745
Sitting_HalfLandmarks,96,Sitting,Sitting,True,0.656,0.0,26.0989
Sitting_HalfLandmarks,97,Sitting,Sitting,True,0.682,0.0,29.2482
Sitting_HalfLandmarks,98,Sitting,Sitting,True,0.689,0.0,31.7872
Sitting_HalfLandmarks,99,Sitting,Sitting,True,0.678,0.0,27.0629
Sitting_HalfLandmarks,100,Sitting,Sitting,True,0.688,0.0,36.913
Sitting_HalfLandmarks,101,Sitting,Sitting,True,0.666,0.0,34.7937
Sitting_HalfLandmarks,102,Sitting,Sitting,True,0.627,0.0,30.1397
Sitting_HalfLandmarks,103,Sitting,Sitting,True,0.613,0.0,25.7206
Sitting_HalfLandmarks,104,Sitting,Sitting,True,0.61,0.0,31.4487
Sitting_HalfLandmarks,105,Sitting,Sitting,True,0.598,0.0,36.1521
Sitting_HalfLandmarks,106,Sitting,Sitting,True,0.612,0.0,28.2606
Sitting_HalfLandmarks,107,Sitting,Sitting,True,0.601,0.0,34.1812
Sitting_HalfLandmarks,108,Sitting,Sitting,True,0.578,0.0,32.1462
Sitting_HalfLandmarks,109,Sitting,Sitting,True,0.565,0.0,53.2127
Sitting_HalfLandmarks,110,Sitting,Sitting,True,0.544,0.0,50.6619
Sitting_HalfLandmarks,111,Sitting,Sitting,True,0.473,0.0,47.281
Sitting_HalfLandmarks,112,Sitting,Sitting,True,0.477,0.0,41.2332
Sitting_HalfLandmarks,113,Sitting,Sitting,True,0.428,0.0,36.773
Sitting_HalfLandmarks,114,Sitting,Sitting,True,0.4,0.0,48.5036
Sitting_HalfLandmarks,115,Sitting,Sitting,True,0.44,0.0,73.4239
Sitting_HalfLandmarks,116,Sitting,Sitting,True,0.449,0.0,103.0035
Sitting_HalfLandmarks,117,Sitting,Sitting,True,0.46,0.0,76.6671
Sitting_HalfLandmarks,118,Sitting,Sitting,True,0.481,0.0,63.6778
Sitting_HalfLandmarks,119,Sitting,Sitting,True,0.496,0.0,44.6484
Sitting_HalfLandmarks,120,Sitting,Sitting,True,0.519,0.0,43.7515
Sitting_HalfLandmarks,121,Sitting,Sitting,True,0.551,0.0,47.2722
Sitting_HalfLandmarks,122,Sitting,Sitting,True,0.551,0.0,46.8029
Sitting_HalfLandmarks,123,Sitting,Sitting,True,0.538,0.0,51.0071
Sitting_HalfLandmarks,124,Sitting,Sitting,True,0.547,0.0,42.174
Sitting_HalfLandmarks,125,Sitting,Sitting,True,0.545,0.0,62.8255
Sitting_HalfLandmarks,126,Sitting,Sitting,True,0.547,0.0,40.0568
Sitting_HalfLandmarks,127,Sitting,Sitting,True,0.547,0.0,61.9303
Sitting_HalfLandmarks,128,Sitting,Sitting,True,0.541,0.0,79.2881
Sitting_HalfLandmarks,129,Sitting,Sitting,True,0.534,0.0,101.0398
Sitting_HalfLandmarks,130,Sitting,Sitting,True,0.532,0.0,153.7638
Sitting_HalfLandmarks,131,Sitting,Sitting,True,0.518,0.0,64.1733
Sitting_HalfLandmarks,132,Sitting,Sitting,True,0.517,0.0,145.2947
Sitting_HalfLandmarks,133,Sitting,Sitting,True,0.501,0.0,70.5088
Sitting_HalfLandmarks,134,Sitting,Sitting,True,0.482,0.0,56.1039
Sitting_HalfLandmarks,135,Sitting,Sitting,True,0.465,0.0,42.791
Sitting_HalfLandmarks,136,Sitting,Sitting,True,0.457,0.0,37.1591
Sitting_HalfLandmarks,137,Sitting,Sitting,True,0.431,0.0,43.9228
Sitting_HalfLandmarks,138,Sitting,Sitting,True,0.427,0.0,52.927
Sitting_HalfLandmarks,139,Sitting,Sitting,True,0.42,0.0,85.9354
Sitting_HalfLandmarks,140,Sitting,Sitting,True,0.407,0.0,133.4844
Sitting_HalfLandmarks,141,Sitting,Sitting,True,0.416,0.0,92.6336
Sitting_HalfLandmarks,142,Sitting,Sitting,True,0.415,0.0,187.9412
Sitting_HalfLandmarks,143,Sitting,Sitting,True,0.415,0.0,185.9411
Sitting_HalfLandmarks,144,Sitting,Sitting,True,0.418,0.0,58.5792
Sitting_HalfLandmarks,145,Sitting,Sitting,True,0.412,0.0,72.3119
Sitting_HalfLandmarks,146,Sitting,Sitting,True,0.42,0.0,80.6415
Sitting_HalfLandmarks,147,Sitting,Sitting,True,0.423,0.0,62.5436
Sitting_HalfLandmarks,148,Sitting,Sitting,True,0.408,0.0,69.7661
Sitting_HalfLandmarks,149,Sitting,Sitting,True,0.412,0.0,91.2046
Sitting_HalfLandmarks,150,Sitting,Sitting,True,0.423,0.0,64.5391
Sitting_HalfLandmarks,151,Sitting,Sitting,True,0.417,0.0,57.6806
Sitting_HalfLandmarks,152,Sitting,Sitting,True,0.415,0.0,62.7953
Sitting_HalfLandmarks,153,Sitting,Sitting,True,0.41,0.0,46.7776
Sitting_HalfLandmarks,154,Sitting,Sitting,True,0.413,0.0,40.7759
Sitting_HalfLandmarks,155,Sitting,Sitting,True,0.414,0.0,39.6982
Sitting_HalfLandmarks,156,Sitting,Sitting,True,0.408,0.0,58.867
Sitting_HalfLandmarks,157,Sitting,Sitting,True,0.41,0.0,60.6741
Sitting_HalfLandmarks,158,Sitting,Sitting,True,0.406,0.0,41.1961
Sitting_HalfLandmarks,159,Sitting,Sitting,True,0.41,0.0,38.7678
Sitting_HalfLandmarks,160,Sitting,Sitting,True,0.409,0.0,56.69
Sitting_HalfLandmarks,161,Sitting,Sitting,True,0.411,0.0,136.6641
Sitting_HalfLandmarks,162,Sitting,Sitting,True,0.401,0.0,120.1598
Sitting_HalfLandmarks,163,Sitting,Sitting,True,0.411,0.0,134.0838
Sitting_HalfLandmarks,164,Sitting,Sitting,True,0.408,0.0,54.1974
Sitting_HalfLandmarks,165,Sitting,Sitting,True,0.417,0.0,65.786
Sitting_HalfLandmarks,166,Sitting,Sitting,True,0.423,0.0,64.5183
Sitting_HalfLandmarks,167,Sitting,Sitting,True,0.416,0.0,44.3053
Sitting_HalfLandmarks,168,Sitting,Sitting,True,0.427,0.0,60.7973
Sitting_HalfLandmarks,169,Sitting,Sitting,True,0.422,0.0,45.2411
Sitting_HalfLandmarks,170,Sitting,Sitting,True,0.416,0.0,34.5393
Sitting_HalfLandmarks,171,Sitting,Sitting,True,0.41,0.0,35.5142
Sitting_HalfLandmarks,172,Sitting,Sitting,True,0.414,0.0,35.8252
Sitting_HalfLandmarks,173,Sitting,Sitting,True,0.42,0.0,40.8444
Sitting_HalfLandmarks,174,Sitting,Sitting,True,0.413,0.0,32.4911
Sitting_HalfLandmarks,175,,Sitting,,0.418,0.0,31.1453
Sitting_HalfLandmarks,176,,Sitting,,0.415,0.0,41.1593
Sitting_HalfLandmarks,177,,Sitting,,0.413,0.0,48.0714
Sitting_HalfLandmarks,178,,Sitting,,0.424,0.0,41.9824
Sitting_HalfLandmarks,179,,Sitting,,0.423,0.0,43.5798
Sitting_HalfLandmarks,180,,Sitting,,0.424,0.0,52.6412
Sitting_HalfLandmarks,181,,Sitting,,0.415,0.0,51.9017
Sitting_HalfLandmarks,182,,Sitting,,0.406,0.0,89.5807
Sitting_HalfLandmarks,183,,Sitting,,0.414,0.0,55.8397
Sitting_HalfLandmarks,184,,Sitting,,0.415,0.0,56.6919
Sitting_HalfLandmarks,185,,Sitting,,0.418,0.0,44.0183
Sitting_HalfLandmarks,186,,Sitting,,0.418,0.0,44.4679
Sitting_HalfLandmarks,187,,Sitting,,0.406,0.0,56.7077
Sitting_HalfLandmarks,188,,Sitting,,0.395,0.0,52.3485
Sitting_HalfLandmarks,189,,Standing,,0.406,0.0,44.3535
Sitting_HalfLandmarks,190,,Standing,,0.421,0.0,46.3866
Sitting_HalfLandmarks,191,,Standing,,0.452,0.0,49.082
Sitting_HalfLandmarks,192,,Standing,,0.47,0.0,49.6927
Sitting_HalfLandmarks,193,,Standing,,0.471,0.0,59.3586
Sitting_HalfLandmarks,194,,Standing,,0.489,0.0,59.501
Sitting_HalfLandmarks,195,,Standing,,0.504,0.0,50.1337
Sitting_HalfLandmarks,196,,Standing,,0.548,0.0,56.1256
Sitting_HalfLandmarks,197,,Standing,,0.59,0.0,48.8606
Sitting_HalfLandmarks,198,,Standing,,0.615,0.0,66.1753
Sitting_HalfLandmarks,199,,Standing,,0.65,0.0,50.6543
Sitting_HalfLandmarks,200,,Standing,,0.713,0.0,63.6841
Sitting_HalfLandmarks,201,,Standing,,0.747,0.0,60.5194
Sitting_HalfLandmarks,202,,Standing,,0.771,0.0,53.3463
Sitting_HalfLandmarks,203,,Standing,,0.805,0.0,52.3478
Sitting_HalfLandmarks,204,,Standing,,0.821,0.0,57.87
Sitting_HalfLandmarks,205,,Standing,,0.853,0.0,84.7911
Sitting_HalfLandmarks,206,,Standing,,0.874,0.0,45.3263
Sitting_HalfLandmarks,207,,Standing,,0.874,0.0,54.7497
Sitting_HalfLandmarks,208,,Standing,,0.865,0.0,54.7679
Sitting_HalfLandmarks,209,,Standing,,0.885,0.0,49.6949
Sitting_HalfLandmarks,210,,Standing,,0.874,0.0,37.8379
Sitting_HalfLandmarks,211,,Standing,,0.862,0.0,37.0141
Sitting_HalfLandmarks,212,,Standing,,0.858,0.0,34.7262
Sitting_HalfLandmarks,213,,Standing,,0.85,0.0,35.687
Sitting_HalfLandmarks,214,,Standing,,0.862,0.0,34.5448
Sitting_HalfLandmarks,215,,Standing,,0.899,0.0,37.8241
Sitting_HalfLandmarks,216,,Standing,,0.891,0.0,44.4204
Sitting_HalfLandmarks,217,,Standing,,0.913,0.0,34.415
Sitting_HalfLandmarks,218,,Standing,,0.919,0.0,38.0818
Sitting_HalfLandmarks,219,,Standing,,0.943,0.0,45.3603
Sitting_HalfLandmarks,220,,Standing,,0.945,0.0,40.7383
Sitting_HalfLandmarks,221,,Standing,,0.947,0.0,40.7126
Sitting_HalfLandmarks,222,,Standing,,0.954,0.0,35.385
Sitting_HalfLandmarks,223,,Standing,,0.944,0.0,43.725
Sitting_HalfLandmarks,224,,Standing,,0.954,0.0,36.7754
Sitting_Lying_FewLandmarks_back,31,,Sitting,,0.647,0.0,43.6543
Sitting_Lying_FewLandmarks_back,32,,Sitting,,0.659,0.0,42.4141
Sitting_Lying_FewLandmarks_back,33,,Sitting,,0.682,0.0,29.244
Sitting_Lying_FewLandmarks_back,34,,Sitting,,0.695,0.0,30.1192
Sitting_Lying_FewLandmarks_back,35,,Sitting,,0.695,0.0,29.3903
Sitting_Lying_FewLandmarks_back,36,,Sitting,,0.694,0.0,28.5212
Sitting_Lying_FewLandmarks_back,37,,Sitting,,0.705,0.0,27.6642
Sitting_Lying_FewLandmarks_back,38,,Sitting,,0.711,0.0,25.3198
Sitting_Lying_FewLandmarks_back,39,,Sitting,,0.722,0.0,28.0214
Sitting_Lying_FewLandmarks_back,40,,Sitting,,0.726,0.0,34.1005
Sitting_Lying_FewLandmarks_back,41,,Sitting,,0.725,0.0,28.9839
Sitting_Lying_FewLandmarks_back,42,,Sitting,,0.73,0.0,25.8553
Sitting_Lying_FewLandmarks_back,43,,Sitting,,0.73,0.0,34.9445
Sitting_Lying_FewLandmarks_back,44,,Sitting,,0.734,0.0,31.2261
Sitting_Lying_FewLandmarks_back,45,,Sitting,,0.736,0.0,30.24
Sitting_Lying_FewLandmarks_back,46,,Sitting,,0.738,0.0,30.1514
Sitting_Lying_FewLandmarks_back,47,Sitting,Sitting,True,0.743,0.0,27.1081
Sitting_Lying_FewLandmarks_back,48,Sitting,Sitting,True,0.737,0.0,25.2502
Sitting_Lying_FewLandmarks_back,49,Sitting,Sitting,True,0.749,0.0,25.4946
Sitting_Lying_FewLandmarks_back,50,Sitting,Sitting,True,0.752,0.0,34.7273
Sitting_Lying_FewLandmarks_back,51,Sitting,Sitting,True,0.755,0.0,33.4303
Sitting_Lying_FewLandmarks_back,52,Sitting,Sitting,True,0.756,0.0,38.7609
Sitting_Lying_FewLandmarks_back,53,Sitting,Sitting,True,0.739,0.0,30.5793
Sitting_Lying_FewLandmarks_back,54,Sitting,Sitting,True,0.752,0.0,28.5149
Sitting_Lying_FewLandmarks_back,55,Sitting,Sitting,True,0.76,0.0,27.4541
Sitting_Lying_FewLandmarks_back,56,Sitting,Sitting,True,0.745,0.0,28.996
Sitting_Lying_FewLandmarks_back,57,Sitting,Sitting,True,0.749,0.0,42.5615
Sitting_Lying_FewLandmarks_back,58,Sitting,Sitting,True,0.758,0.0,39.0406
Sitting_Lying_FewLandmarks_back,59,Sitting,Sitting,True,0.759,0.0,29.8657
Sitting_Lying_FewLandmarks_back,60,Sitting,Sitting,True,0.768,0.0,29.665
Sitting_Lying_FewLandmarks_back,61,Sitting,Sitting,True,0.762,0.0,34.1187
Sitting_Lying_FewLandmarks_back,62,Sitting,Sitting,True,0.76,0.0,31.4836
Sitting_Lying_FewLandmarks_back,63,Sitting,Sitting,True,0.757,0.0,30.8435
Sitting_Lying_FewLandmarks_back,64,Sitting,Sitting,True,0.755,0.0,34.9672
Sitting_Lying_FewLandmarks_back,65,Sitting,Sitting,True,0.749,0.0,34.365
Sitting_Lying_FewLandmarks_back,66,Sitting,Sitting,True,0.748,0.0,31.615
Sitting_Lying_FewLandmarks_back,67,Sitting,Sitting,True,0.747,0.0,36.8836
Sitting_Lying_FewLandmarks_back,68,Sitting,Sitting,True,0.742,0.0,32.2966
Sitting_Lying_FewLandmarks_back,69,Sitting,Sitting,True,0.755,0.0,31.4235
Sitting_Lying_FewLandmarks_back,70,Sitting,Sitting,True,0.724,0.0,40.7545
Sitting_Lying_FewLandmarks_back,71,Sitting,Sitting,True,0.756,0.0,40.7932
Sitting_Lying_FewLandmarks_back,72,Sitting,Sitting,True,0.766,0.0,45.0912
Sitting_Lying_FewLandmarks_back,73,Sitting,Sitting,True,0.776,0.0,44.4052
Sitting_Lying_FewLandmarks_back,74,Sitting,Sitting,True,0.777,0.0,45.8445
Sitting_Lying_FewLandmarks_back,75,Sitting,Sitting,True,0.77,0.0,43.0005
Sitting_Lying_FewLandmarks_back,76,Sitting,Sitting,True,0.787,0.0,31.9758
Sitting_Lying_FewLandmarks_back,77,Sitting,Sitting,True,0.77,0.0,43.6437
Sitting_Lying_FewLandmarks_back,78,Sitting,Sitting,True,0.777,0.0,40.7853
Sitting_Lying_FewLandmarks_back,79,Sitting,Sitting,True,0.771,0.0,56.4903
Sitting_Lying_FewLandmarks_back,80,Sitting,Sitting,True,0.782,0.0,55.918
Sitting_Lying_FewLandmarks_back,81,Sitting,Sitting,True,0.771,0.0,54.8126
Sitting_Lying_FewLandmarks_back,82,Sitting,Sitting,True,0.782,0.0,55.7538
Sitting_Lying_FewLandmarks_back,83,Sitting,Sitting,True,0.779,0.0,47.8429
Sitting_Lying_FewLandmarks_back,84,Sitting,Sitting,True,0.786,0.0,55.9854
Sitting_Lying_FewLandmarks_back,85,Sitting,Sitting,True,0.779,0.0,44.6981
Sitting_Lying_FewLandmarks_back,86,Sitting,Sitting,True,0.774,0.0,38.8884
Sitting_Lying_FewLandmarks_back,87,Sitting,Sitting,True,0.778,0.0,29.133
Sitting_Lying_FewLandmarks_back,88,Sitting,Sitting,True,0.785,0.0,29.2457
Sitting_Lying_FewLandmarks_back,89,Sitting,Sitting,True,0.789,0.0,31.1357
Sitting_Lying_FewLandmarks_back,90,Sitting,Sitting,True,0.778,0.0,37.4329
Sitting_Lying_FewLandmarks_back,91,Sitting,Sitting,True,0.775,0.0,45.3027
Sitting_Lying_FewLandmarks_back,92,Sitting,Sitting,True,0.785,0.0,33.9484
Sitting_Lying_FewLandmarks_back,93,Sitting,Sitting,True,0.766,0.0,29.3594
Sitting_Lying_FewLandmarks_back,94,Sitting,Sitting,True,0.766,0.0,30.2569
Sitting_Lying_FewLandmarks_back,95,Sitting,Sitting,True,0.77,0.0,34.1536
Sitting_Lying_FewLandmarks_back,96,Sitting,Sitting,True,0.769,0.0,28.227
Sitting_Lying_FewLandmarks_back,97,Sitting,Sitting,True,0.763,0.0,35.8222
Sitting_Lying_FewLandmarks_back,98,Sitting,Sitting,True,0.769,0.0,30.7171
Sitting_Lying_FewLandmarks_back,99,Sitting,Sitting,True,0.753,0.0,40.8058
Sitting_Lying_FewLandmarks_back,100,Sitting,Sitting,True,0.744,0.0,35.1208
Sitting_Lying_FewLandmarks_back,101,Sitting,Sitting,True,0.744,0.0,35.7473
Sitting_Lying_FewLandmarks_back,102,Sitting,Sitting,True,0.749,0.0,33.6026
Sitting_Lying_FewLandmarks_back,103,Sitting,Sitting,True,0.749,0.0,34.708
Sitting_Lying_FewLandmarks_back,104,Sitting,Sitting,True,0.743,0.0,36.8141
Sitting_Lying_FewLandmarks_back,105,Sitting,Sitting,True,0.744,0.0,37.9303
Sitting_Lying_FewLandmarks_back,106,Sitting,Sitting,True,0.755,0.0,33.6379
Sitting_Lying_FewLandmarks_back,107,Sitting,Sitting,True,0.749,0.0,34.0984
Sitting_Lying_FewLandmarks_back,108,Sitting,Sitting,True,0.752,0.0,47.348
Sitting_Lying_FewLandmarks_back,109,Sitting,Sitting,True,0.762,0.0,59.7512
Sitting_Lying_FewLandmarks_back,110,Sitting,Sitting,True,0.756,0.0,56.1173
Sitting_Lying_FewLandmarks_back,111,Sitting,Sitting,True,0.747,0.0,53.4784
Sitting_Lying_FewLandmarks_back,112,Sitting,Sitting,True,0.742,0.0,52.6819
Sitting_Lying_FewLandmarks_back,113,Sitting,Sitting,True,0.741,0.0,34.2756
Sitting_Lying_FewLandmarks_back,114,Sitting,Sitting,True,0.741,0.0,40.385
Sitting_Lying_FewLandmarks_back,115,Sitting,Sitting,True,0.729,0.0,33.5623
Sitting_Lying_FewLandmarks_back,116,Sitting,Sitting,True,0.732,0.0,44.0992
Sitting_Lying_FewLandmarks_back,117,Sitting,Sitting,True,0.726,0.0,31.8356
Sitting_Lying_FewLandmarks_back,118,Sitting,Sitting,True,0.715,0.0,34.9354
Sitting_Lying_FewLandmarks_back,119,Sitting,Sitting,True,0.724,0.0,38.2392
Sitting_Lying_FewLandmarks_back,120,Sitting,Sitting,True,0.737,0.0,40.0395
Sitting_Lying_FewLandmarks_back,121,Sitting,Sitting,True,0.735,0.0,33.6521
Sitting_Lying_FewLandmarks_back,122,Sitting,Sitting,True,0.733,0.0,29.6407
Sitting_Lying_FewLandmarks_back,123,Sitting,Sitting,True,0.741,0.0,27.9341
Sitting_Lying_FewLandmarks_back,124,Sitting,Sitting,True,0.741,0.0,29.4832
Sitting_Lying_FewLandmarks_back,125,Sitting,Sitting,True,0.75,0.0,33.7631
Sitting_Lying_FewLandmarks_back,126,Sitting,Sitting,True,0.737,0.0,30.7778
Sitting_Lying_FewLandmarks_back,127,Sitting,Sitting,True,0.75,0.0,29.4416
Sitting_Lying_FewLandmarks_back,128,Sitting,Sitting,True,0.744,0.0,31.4849
Sitting_Lying_FewLandmarks_back,129,Sitting,Sitting,True,0.738,0.0,34.602
Sitting_Lying_FewLandmarks_back,130,Sitting,Sitting,True,0.741,0.0,41.8502
Sitting_Lying_FewLandmarks_back,131,Sitting,Sitting,True,0.742,0.0,32.0539
Sitting_Lying_FewLandmarks_back,132,Sitting,Sitting,True,0.747,0.0,38.1619
Sitting_Lying_FewLandmarks_back,133,Sitting,Sitting,True,0.747,0.0,37.3322
Sitting_Lying_FewLandmarks_back,134,Sitting,Sitting,True,0.751,0.0,75.528
Sitting_Lying_FewLandmarks_back,135,Sitting,Sitting,True,0.751,0.0,48.6301
Sitting_Lying_FewLandmarks_back,136,Sitting,Sitting,True,0.728,0.0,74.7993
Sitting_Lying_FewLandmarks_back,137,Sitting,Sitting,True,0.729,0.0,65.7503
Sitting_Lying_FewLandmarks_back,138,Sitting,Sitting,True,0.735,0.0,54.5149
Sitting_Lying_FewLandmarks_back,139,Sitting,Sitting,True,0.736,0.0,50.1877
Sitting_Lying_FewLandmarks_back,140,Sitting,Sitting,True,0.742,0.0,59.339
Sitting_Lying_FewLandmarks_back,141,Sitting,Sitting,True,0.767,0.0,54.6295
Sitting_Lying_FewLandmarks_back,142,Sitting,Sitting,True,0.76,0.0,54.08
Sitting_Lying_FewLandmarks_back,143,Sitting,Sitting,True,0.768,0.0,69.8533
Sitting_Lying_FewLandmarks_back,144,Sitting,Sitting,True,0.77,0.0,58.8177
Sitting_Lying_FewLandmarks_back,145,Sitting,Sitting,True,0.768,0.0,60.6661
Sitting_Lying_FewLandmarks_back,146,Sitting,Sitting,True,0.772,0.0,55.7721
Sitting_Lying_FewLandmarks_back,147,Sitting,Sitting,True,0.764,0.0,59.5268
Sitting_Lying_FewLandmarks_back,148,,Sitting,,0.765,0.0,52.1795
Sitting_Lying_FewLandmarks_back,149,,Sitting,,0.755,0.0,37.2869
Sitting_Lying_FewLandmarks_back,150,,Sitting,,0.743,0.0,45.1781
Sitting_Lying_FewLandmarks_back,151,,Sitting,,0.751,0.0,32.1649
Sitting_Lying_FewLandmarks_back,152,,Sitting,,0.748,0.0,40.1478
Sitting_Lying_FewLandmarks_back,153,,Sitting,,0.745,0.0,40.8643
Sitting_Lying_FewLandmarks_back,154,,Sitting,,0.74,0.0,44.7912
Sitting_Lying_FewLandmarks_back,155,,Sitting,,0.731,0.0,61.9181
Sitting_Lying_FewLandmarks_back,156,,Sitting,,0.73,0.0,60.0941
Sitting_Lying_FewLandmarks_back,157,,Sitting,,0.732,0.0,39.0266
Sitting_Lying_FewLandmarks_back,158,,Sitting,,0.73,0.0,33.5743
Sitting_Lying_FewLandmarks_back,159,,Sitting,,0.727,0.0,34.7271
Sitting_Lying_FewLandmarks_back,160,,Sitting,,0.732,0.0,49.4902
Sitting_Lying_FewLandmarks_back,161,,Sitting,,0.73,0.0,37.0554
Sitting_Lying_FewLandmarks_back,162,,Sitting,,0.728,0.0,31.6543
Sitting_Lying_FewLandmarks_back,163,,Sitting,,0.727,0.0,39.7463
Sitting_Lying_FewLandmarks_back,164,,Sitting,,0.727,0.0,46.6372
Sitting_Lying_FewLandmarks_back,165,,Sitting,,0.728,0.0,47.174
Sitting_Lying_FewLandmarks_back,166,,Sitting,,0.731,0.0,40.3174
Sitting_Lying_FewLandmarks_back,167,,Sitting,,0.726,0.0,36.2646
Sitting_Lying_FewLandmarks_back,168,,Sitting,,0.736,0.0,48.8585
Sitting_Lying_FewLandmarks_back,169,,Sitting,,0.733,0.0,49.7548
Sitting_Lying_FewLandmarks_back,170,,Sitting,,0.738,0.0,45.1459
Sitting_Lying_FewLandmarks_back,171,,Sitting,,0.742,0.0,34.0479
Sitting_Lying_FewLandmarks_back,172,,Sitting,,0.736,0.0,41.671
Sitting_Lying_FewLandmarks_back,173,,Sitting,,0.742,0.0,36.1401
Sitting_Lying_FewLandmarks_back,174,,Sitting,,0.742,0.0,45.669
Sitting_Lying_FewLandmarks_back,175,,Sitting,,0.742,0.0,62.3063
Sitting_Lying_FewLandmarks_back,176,,Sitting,,0.739,0.0,77.0634
Sitting_Lying_FewLandmarks_back,177,,Sitting,,0.742,0.0,47.3399
Sitting_Lying_FewLandmarks_back,178,,Sitting,,0.739,0.0,41.8892
Sitting_Lying_FewLandmarks_back,179,,Sitting,,0.719,0.0,43.3306
Sitting_Lying_FewLandmarks_back,180,,Sitting,,0.717,0.0,47.0446
Sitting_Lying_FewLandmarks_back,181,,Sitting,,0.709,0.0,50.1628
Sitting_Lying_FewLandmarks_back,182,,Sitting,,0.7,0.0,51.1385
Sitting_Lying_FewLandmarks_back,183,,Sitting,,0.691,0.0,37.7982
Sitting_Lying_FewLandmarks_back,184,,Sitting,,0.706,0.0,38.9876
Sitting_Lying_FewLandmarks_back,185,,Sitting,,0.681,0.0,40.519
Sitting_Lying_FewLandmarks_back,186,,Sitting,,0.65,0.0,30.5712
Sitting_Lying_FewLandmarks_back,187,,Sitting,,0.579,0.0,46.0029
Sitting_Lying_FewLandmarks_back,188,,Sitting,,0.543,0.0,51.9854
Sitting_Lying_FewLandmarks_back,189,,Sitting,,0.49,0.0,96.7388
Sitting_Lying_FewLandmarks_back,190,,Sitting,,0.431,0.0,134.5712
Sitting_Lying_FewLandmarks_back,191,,Sitting,,0.411,0.0,63.72
Sitting_Lying_FewLandmarks_back,192,,Sitting,,0.379,0.0,47.5713
Sitting_Lying_FewLandmarks_back,193,,Sitting,,0.351,0.0,61.9519
Sitting_Lying_FewLandmarks_back,194,,Standing,,0.323,0.0,51.6123
Sitting_Lying_FewLandmarks_back,195,,Standing,,0.332,0.0,52.4604
Sitting_Lying_FewLandmarks_back,196,,Standing,,0.347,0.0,79.8374
Sitting_Lying_FewLandmarks_back,197,,Standing,,0.334,0.0,68.0475
Sitting_Lying_FewLandmarks_back,198,,Standing,,0.318,0.0,64.1263
Sitting_Lying_FewLandmarks_back,199,,Standing,,0.309,0.0,55.5433
Sitting_Lying_FewLandmarks_back,200,,Standing,,0.283,0.0,53.3166
Sitting_Lying_FewLandmarks_back,201,,Standing,,0.278,0.0,43.2421
Sitting_Lying_FewLandmarks_back,202,,Standing,,0.255,0.0,49.8254
Sitting_Lying_FewLandmarks_back,203,,Lying,,0.254,0.0,51.9998
Sitting_Lying_FewLandmarks_back,204,,Lying,,0.24,0.0,59.2624
Sitting_Lying_FewLandmarks_back,205,,Lying,,0.266,0.0,53.7968
Sitting_Lying_FewLandmarks_back,206,,Lying,,0.281,0.0,48.8402
Sitting_Lying_FewLandmarks_back,207,Lying,Lying,True,0.291,0.0,49.3107
Sitting_Lying_FewLandmarks_back,208,Lying,Lying,True,0.293,0.0,60.3959
Sitting_Lying_FewLandmarks_back,209,Lying,Lying,True,0.324,0.0,67.1651
Sitting_Lying_FewLandmarks_back,210,Lying,Lying,True,0.311,0.0,69.4672
Sitting_Lying_FewLandmarks_back,211,Lying,Lying,True,0.35,0.0,66.3148
Sitting_Lying_FewLandmarks_back,212,Lying,Lying,True,0.348,0.0,52.7258
Sitting_Lying_FewLandmarks_back,213,Lying,Lying,True,0.376,0.0,49.2332
Sitting_Lying_FewLandmarks_back,214,Lying,Lying,True,0.413,0.0,41.9154
Sitting_Lying_FewLandmarks_back,215,Lying,Lying,True,0.44,0.0,34.0007
Sitting_Lying_FewLandmarks_back,216,Lying,Lying,True,0.467,0.0,44.9886
Sitting_Lying_FewLandmarks_back,217,Lying,Lying,True,0.503,0.0,43.3457
Sitting_Lying_FewLandmarks_back,218,Lying,Lying,True,0.547,0.0,42.4603
Sitting_Lying_FewLandmarks_back,219,Lying,Lying,True,0.578,0.0,29.394
Sitting_Lying_FewLandmarks_back,220,Lying,Lying,True,0.583,0.0,28.2555
Sitting_Lying_FewLandmarks_back,221,Lying,Lying,True,0.566,0.0,31.3521
Sitting_Lying_FewLandmarks_back,222,Lying,Lying,True,0.543,0.0,28.3688
Sitting_Lying_FewLandmarks_back,223,Lying,Lying,True,0.506,0.0,30.3726
Sitting_Lying_FewLandmarks_back,224,Lying,Lying,True,0.502,0.0,37.5732
Sitting_Lying_FewLandmarks_back,225,Lying,Lying,True,0.479,0.0,37.0815
Sitting_Lying_FewLandmarks_back,226,Lying,Lying,True,0.484,0.0,30.1479
Sitting_Lying_FewLandmarks_back,227,Lying,Lying,True,0.471,0.0,32.6288
Sitting_Lying_FewLandmarks_back,228,Lying,Lying,True,0.456,0.0,36.1383
Sitting_Lying_FewLandmarks_back,229,Lying,Lying,True,0.459,0.0,46.4144
Sitting_Lying_FewLandmarks_back,230,Lying,Lying,True,0.428,0.0,47.3319
Sitting_Lying_FewLandmarks_back,231,Lying,Lying,True,0.407,0.0,35.3065
Sitting_Lying_FewLandmarks_back,232,Lying,Lying,True,0.4,0.0,45.2589
Sitting_Lying_FewLandmarks_back,233,Lying,Lying,True,0.389,0.0,49.0027
Sitting_Lying_FewLandmarks_back,234,Lying,Lying,True,0.406,0.0,55.3557
Sitting_Lying_FewLandmarks_back,235,Lying,Lying,True,0.416,0.0,52.3897
Sitting_Lying_FewLandmarks_back,236,Lying,Lying,True,0.439,0.0,49.3581
Sitting_Lying_FewLandmarks_back,237,Lying,Lying,True,0.436,0.0,48.7286
Sitting_Lying_FewLandmarks_back,238,Lying,Lying,True,0.441,0.0,60.7413
Sitting_Lying_FewLandmarks_back,239,Lying,Lying,True,0.442,0.0,68.6548
Sitting_Lying_FewLandmarks_back,240,Lying,Lying,True,0.448,0.0,65.8082
Sitting_Lying_FewLandmarks_back,241,Lying,Lying,True,0.449,0.0,56.7282
Sitting_Lying_FewLandmarks_back,242,Lying,Lying,True,0.454,0.0,55.1733
Sitting_Lying_FewLandmarks_back,243,Lying,Lying,True,0.455,0.0,33.836
Sitting_Lying_FewLandmarks_back,244,Lying,Lying,True,0.466,0.0,35.4509
Sitting_Lying_FewLandmarks_back,245,Lying,Lying,True,0.457,0.0,37.0184
Sitting_Lying_FewLandmarks_back,246,Lying,Lying,True,0.462,0.0,40.6187
Sitting_Lying_FewLandmarks_back,247,Lying,Lying,True,0.483,0.0,32.5605
Sitting_Lying_FewLandmarks_back,248,Lying,Lying,True,0.499,0.0,34.4002
Sitting_Lying_FewLandmarks_back,249,Lying,Lying,True,0.504,0.0,34.3132
Sitting_Lying_FewLandmarks_back,250,Lying,Lying,True,0.511,0.0,38.8005
Sitting_Lying_FewLandmarks_back,251,Lying,Lying,True,0.52,0.0,37.3476
Sitting_Lying_FewLandmarks_back,252,Lying,Lying,True,0.519,0.0,31.9098
Sitting_Lying_FewLandmarks_back,253,Lying,Lying,True,0.51,0.0,35.9828
Sitting_Lying_FewLandmarks_back,254,Lying,Lying,True,0.513,0.0,44.1301
Sitting_Lying_FewLandmarks_back,255,Lying,Lying,True,0.499,0.0,37.7053
Sitting_Lying_FewLandmarks_back,256,Lying,Lying,True,0.499,0.0,33.4068
Sitting_Lying_FewLandmarks_back,257,Lying,Lying,True,0.499,0.0,41.6546
Sitting_Lying_FewLandmarks_back,258,Lying,Lying,True,0.509,0.0,44.6466
Sitting_Lying_FewLandmarks_back,259,Lying,Lying,True,0.506,0.0,48.1675
Sitting_Lying_FewLandmarks_back,260,Lying,Lying,True,0.508,0.0,47.5938
Sitting_Lying_FewLandmarks_back,261,Lying,Lying,True,0.521,0.0,46.2686
Sitting_Lying_FewLandmarks_back,262,Lying,Lying,True,0.517,0.0,48.5831
Sitting_Lying_FewLandmarks_back,263,Lying,Lying,True,0.513,0.0,40.4636
Sitting_Lying_FewLandmarks_back,264,Lying,Lying,True,0.521,0.0,40.252
Sitting_Lying_FewLandmarks_back,265,Lying,Lying,True,0.518,0.0,34.4684
Sitting_Lying_FewLandmarks_back,266,Lying,Lying,True,0.507,0.0,40.3501
Sitting_Lying_FewLandmarks_back,267,Lying,Lying,True,0.512,0.0,48.2648
Sitting_Lying_FewLandmarks_back,268,Lying,Lying,True,0.515,0.0,32.3272
Sitting_Lying_FewLandmarks_back,269,Lying,Lying,True,0.515,0.0,41.1999
Sitting_Lying_FewLandmarks_back,270,Lying,Lying,True,0.529,0.0,59.5114
Sitting_Lying_FewLandmarks_back,271,Lying,Lying,True,0.518,0.0,61.3722
Sitting_Lying_FewLandmarks_back,272,Lying,Lying,True,0.505,0.0,49.8097
Sitting_Lying_FewLandmarks_back,273,Lying,Lying,True,0.518,0.0,47.0237
Sitting_Lying_FewLandmarks_back,274,Lying,Lying,True,0.519,0.0,52.2693
Sitting_Lying_FewLandmarks_back,275,Lying,Lying,True,0.522,0.0,54.071
Sitting_Lying_FewLandmarks_back,276,Lying,Lying,True,0.512,0.0,51.7026
Sitting_Lying_FewLandmarks_back,277,Lying,Lying,True,0.497,0.0,46.5248
Sitting_Lying_FewLandmarks_back,278,Lying,Lying,True,0.513,0.0,46.1628
Sitting_Lying_FewLandmarks_back,279,Lying,Lying,True,0.514,0.0,34.8642
Sitting_Lying_FewLandmarks_back,280,Lying,Lying,True,0.522,0.0,38.6527
Sitting_Lying_FewLandmarks_back,281,Lying,Lying,True,0.513,0.0,32.9894
Sitting_Lying_FewLandmarks_back,282,Lying,Lying,True,0.515,0.0,38.3344
Sitting_Lying_FewLandmarks_back,283,Lying,Lying,True,0.514,0.0,33.8227
Sitting_Lying_FewLandmarks_back,284,Lying,Lying,True,0.509,0.0,28.736
Sitting_Lying_FewLandmarks_back,285,Lying,Lying,True,0.518,0.0,35.6584
Sitting_Lying_FewLandmarks_back,286,Lying,Lying,True,0.51,0.0,46.2459
Sitting_Lying_FewLandmarks_back,287,Lying,Lying,True,0.523,0.0,40.1698
Sitting_Lying_FewLandmarks_back,288,Lying,Lying,True,0.511,0.0,30.8625
Sitting_Lying_FewLandmarks_back,289,Lying,Lying,True,0.509,0.0,36.7574
Sitting_Lying_FewLandmarks_back,290,Lying,Lying,True,0.52,0.0,37.3431
Sitting_Lying_FewLandmarks_back,291,Lying,Lying,True,0.52,0.0,35.3561
Sitting_Lying_FewLandmarks_back,292,Lying,Lying,True,0.511,0.0,39.0833
Sitting_Lying_FewLandmarks_back,293,Lying,Lying,True,0.511,0.0,39.7007
Sitting_Lying_FewLandmarks_back,294,Lying,Lying,True,0.511,0.0,42.0362
Sitting_Lying_FewLandmarks_back,295,Lying,Lying,True,0.508,0.0,42.7936
Sitting_Lying_FewLandmarks_back,296,Lying,Lying,True,0.516,0.0,45.67
Sitting_Lying_FewLandmarks_back,297,Lying,Lying,True,0.507,0.0,37.2944
Sitting_Lying_FewLandmarks_back,298,Lying,Lying,True,0.501,0.0,33.1446
Sitting_Lying_FewLandmarks_back,299,Lying,Lying,True,0.503,0.0,30.6233
Sitting_Lying_FewLandmarks_back,300,Lying,Lying,True,0.513,0.0,33.0867
Sitting_Lying_FewLandmarks_back,301,Lying,Lying,True,0.512,0.0,29.2929
Sitting_Lying_FewLandmarks_back,302,Lying,Lying,True,0.518,0.0,28.2031
Sitting_Lying_FewLandmarks_back,303,Lying,Lying,True,0.513,0.0,27.7868
Sitting_Lying_FewLandmarks_back,304,Lying,Lying,True,0.511,0.0,26.2675
Sitting_Lying_FewLandmarks_back,305,Lying,Lying,True,0.509,0.0,27.6729
Sitting_Lying_FewLandmarks_back,306,Lying,Lying,True,0.513,0.0,26.1949
Sitting_Lying_FewLandmarks_back,307,Lying,Lying,True,0.511,0.0,24.8762
Sitting_Lying_FewLandmarks_back,308,Lying,Lying,True,0.505,0.0,25.4467
Sitting_Lying_FewLandmarks_back,309,Lying,Lying,True,0.514,0.0,24.6787
Sitting_Lying_FewLandmarks_back,310,Lying,Lying,True,0.511,0.0,26.0618
Sitting_Lying_FewLandmarks_back,311,Lying,Lying,True,0.509,0.0,28.3578
Sitting_Lying_FewLandmarks_back,312,Lying,Lying,True,0.504,0.0,27.0505
Sitting_Lying_FewLandmarks_back,313,Lying,Lying,True,0.503,0.0,24.4484
Sitting_Lying_FewLandmarks_back,314,Lying,Lying,True,0.505,0.0,26.2148
Sitting_Lying_FewLandmarks_back,315,Lying,Lying,True,0.502,0.0,25.0005
Sitting_Lying_FewLandmarks_back,316,Lying,Lying,True,0.502,0.0,26.6109
Sitting_Lying_FewLandmarks_back,317,Lying,Lying,True,0.504,0.0,23.3562
Sitting_Lying_FewLandmarks_back,318,Lying,Lying,True,0.502,0.0,22.9251
Sitting_Lying_FewLandmarks_back,319,Lying,Lying,True,0.506,0.0,23.4296
Sitting_Lying_FewLandmarks_back,320,Lying,Lying,True,0.499,0.0,24.2677
Sitting_Lying_FewLandmarks_back,321,Lying,Lying,True,0.507,0.0,23.583
Sitting_Lying_FewLandmarks_back,322,Lying,Lying,True,0.514,0.0,26.6242
Sitting_Lying_FewLandmarks_back,323,Lying,Lying,True,0.506,0.0,30.2491
Sitting_Lying_FewLandmarks_back,324,Lying,Lying,True,0.509,0.0,23.2451
Sitting_Lying_FewLandmarks_back,325,Lying,Lying,True,0.521,0.0,24.6648
Sitting_Lying_FewLandmarks_back,326,,Lying,,0.516,0.0,23.6146
Sitting_Lying_FewLandmarks_back,327,,Lying,,0.511,0.0,22.7071
Sitting_Lying_FewLandmarks_back,328,,Lying,,0.514,0.0,27.5356
Sitting_Lying_FewLandmarks_back,329,,Lying,,0.512,0.0,30.5731
Sitting_Lying_FewLandmarks_back,330,,Lying,,0.519,0.0,25.4049
Sitting_Lying_FewLandmarks_back,331,,Lying,,0.516,0.0,26.6552
Sitting_Lying_FewLandmarks_back,332,,Lying,,0.529,0.0,26.4271
Sitting_Lying_FewLandmarks_back,333,,Lying,,0.511,0.0,25.8865
Sitting_Lying_FewLandmarks_back,334,,Lying,,0.513,0.0,29.1124
Sitting_Lying_FewLandmarks_back,335,,Lying,,0.516,0.0,26.839
Sitting_Lying_FewLandmarks_back,336,,Lying,,0.513,0.0,31.669
Sitting_Lying_FewLandmarks_back,337,,Lying,,0.516,0.0,36.1075
Sitting_Lying_FewLandmarks_back,338,,Lying,,0.519,0.0,36.3752
Sitting_Lying_FewLandmarks_back,339,,Lying,,0.519,0.0,35.4545
Sitting_Lying_FewLandmarks_back,340,,Lying,,0.518,0.0,39.9166
Sitting_Lying_FewLandmarks_back,341,,Lying,,0.519,0.0,28.4344
Sitting_Lying_FewLandmarks_back,342,,Lying,,0.524,0.0,33.0881
Sitting_Lying_FewLandmarks_back,343,,Lying,,0.512,0.0,39.5289
Sitting_Lying_FewLandmarks_back,344,,Lying,,0.508,0.0,52.3779
Sitting_Lying_FewLandmarks_back,345,,Lying,,0.505,0.0,41.4231
Sitting_Lying_FewLandmarks_back,346,,Lying,,0.499,0.0,38.8745
Sitting_Lying_FewLandmarks_back,347,,Lying,,0.51,0.0,39.7234
Sitting_Lying_FewLandmarks_back,348,,Lying,,0.501,0.0,43.3986
Sitting_Lying_FewLandmarks_back,349,,Lying,,0.492,0.0,33.3104
Sitting_Lying_FewLandmarks_back,350,,Lying,,0.485,0.0,33.0801
Sitting_Lying_FewLandmarks_back,351,,Lying,,0.481,0.0,35.2902
Sitting_Lying_FewLandmarks_back,352,,Lying,,0.492,0.0,56.3417
Sitting_Lying_FewLandmarks_back,353,,Lying,,0.48,0.0,62.9885
Sitting_Lying_FewLandmarks_back,354,,Lying,,0.478,0.0,50.5395
Sitting_Lying_FewLandmarks_back,355,,Lying,,0.489,0.0,43.7329
Sitting_Lying_FewLandmarks_back,356,,Lying,,0.478,0.0,47.4514
Sitting_Lying_FewLandmarks_back,357,,Lying,,0.481,0.0,42.2229
Sitting_Lying_FewLandmarks_back,358,,Lying,,0.478,0.0,40.819
Sitting_Lying_FewLandmarks_back,359,,Lying,,0.477,0.0,37.1457
Sitting_Lying_FewLandmarks_back,360,,Lying,,0.472,0.0,37.2356
Sitting_Lying_FewLandmarks_back,361,,Lying,,0.473,0.0,33.8592
Sitting_Lying_FewLandmarks_back,362,,Lying,,0.479,0.0,30.9839
Sitting_Lying_FewLandmarks_back,363,,Lying,,0.467,0.0,32.6001
Sitting_Lying_FewLandmarks_back,364,,Lying,,0.468,0.0,34.0881
Sitting_Lying_FewLandmarks_back,365,,Lying,,0.459,0.0,31.8897
Sitting_Lying_FewLandmarks_back,366,,Lying,,0.451,0.0,32.3054
Sitting_Lying_FewLandmarks_back,367,,Lying,,0.458,0.0,37.8487
Sitting_Lying_FewLandmarks_back,368,,Lying,,0.457,0.0,35.7572
Sitting_Lying_FewLandmarks_back,369,,Lying,,0.454,0.0,35.9139
Sitting_Lying_FewLandmarks_back,370,,Lying,,0.444,0.0,46.7056
Sitting_Lying_FewLandmarks_back,371,,Lying,,0.436,0.0,37.1335
Sitting_Lying_FewLandmarks_back,372,,Lying,,0.449,0.0,35.4142
Sitting_Lying_FewLandmarks_back,373,,Lying,,0.446,0.0,37.7528
Sitting_Lying_FewLandmarks_back,374,,Lying,,0.457,0.0,39.1876
Sitting_Lying_FewLandmarks_back,375,,Lying,,0.448,0.0,39.2866
Sitting_Lying_FewLandmarks_back,376,,Lying,,0.442,0.0,54.7778
Sitting_Lying_FewLandmarks_back,377,,Lying,,0.422,0.0,31.8656
Sitting_Lying_FewLandmarks_back,378,,Lying,,0.421,0.0,50.4366
Sitting_Lying_FewLandmarks_back,379,,Lying,,0.414,0.0,66.9463
Sitting_Lying_FewLandmarks_back,380,,Lying,,0.415,0.0,89.5384
Sitting_Lying_FewLandmarks_back,381,,Lying,,0.397,0.0,84.8739
Sitting_Lying_FewLandmarks_back,382,,Lying,,0.376,0.0,69.8145
Sitting_Lying_FewLandmarks_back,383,,Lying,,0.366,0.0,70.4428
Sitting_Lying_FewLandmarks_back,384,,Lying,,0.372,0.0,62.8655
Sitting_Lying_FewLandmarks_back,385,,Lying,,0.363,0.0,43.9581
Sitting_Lying_FewLandmarks_back,386,,Lying,,0.359,0.0,47.0283
Sitting_Lying_FewLandmarks_back,387,,Lying,,0.326,0.0,41.8177
Sitting_Lying_FewLandmarks_back,388,,Lying,,0.312,0.0,40.3176
Sitting_Lying_FewLandmarks_back,389,,Lying,,0.312,0.0,51.7291
Sitting_Lying_FewLandmarks_back,390,,Lying,,0.29,0.0,44.508
Sitting_Lying_FewLandmarks_back,391,,Lying,,0.286,0.0,54.6943
Sitting_Lying_FewLandmarks_back,392,,Standing,,0.285,0.0,42.3541
Sitting_Lying_FewLandmarks_back,393,,Standing,,0.302,0.0,46.6266
Sitting_Lying_FewLandmarks_back,394,,Standing,,0.331,0.0,47.6929
Sitting_Lying_FewLandmarks_back,395,,Standing,,0.328,0.0,44.3867
Sitting_Lying_FewLandmarks_back,396,,Standing,,0.39,0.0,34.3427
Sitting_Lying_FewLandmarks_back,397,,Standing,,0.384,0.0,35.6949
Sitting_Lying_FewLandmarks_back,398,,Standing,,0.392,0.0,30.6328
Sitting_Lying_FewLandmarks_back,399,,Standing,,0.376,0.0,35.8944
Sitting_Lying_FewLandmarks_back,400,,Standing,,0.367,0.0,28.8853
Sitting_Lying_FewLandmarks_back,401,,Standing,,0.328,0.0,45.4091
Sitting_Lying_FewLandmarks_back,402,,Sitting,,0.376,0.0,37.6816
Sitting_Lying_FewLandmarks_back,403,,Sitting,,0.449,0.0,50.1448
Sitting_Lying_FewLandmarks_back,404,,Sitting,,0.478,0.0,31.3086
Sitting_Lying_FewLandmarks_back,405,,Sitting,,0.528,0.0,31.8624
Sitting_Lying_FewLandmarks_back,406,,Sitting,,0.608,0.0,29.6984
Sitting_Lying_FewLandmarks_back,407,,Sitting,,0.619,0.0,33.4547
Sitting_Lying_FewLandmarks_back,408,,Sitting,,0.654,0.0,48.0202
Sitting_Lying_FewLandmarks_back,409,,Sitting,,0.689,0.0,30.7363
Sitting_Lying_FewLandmarks_back,410,,Sitting,,0.706,0.0,26.3091
Sitting_Lying_FewLandmarks_back,411,,Sitting,,0.709,0.0,29.0466
Sitting_Lying_FewLandmarks_back,412,,Sitting,,0.728,0.0,29.1342
Sitting_Lying_FewLandmarks_back,413,,Sitting,,0.728,0.0,30.2349
Sitting_Lying_FewLandmarks_back,414,,Sitting,,0.738,0.0,28.5882
Sitting_Lying_FewLandmarks_back,415,Sitting,Sitting,True,0.73,0.0,30.5696
Sitting_Lying_FewLandmarks_back,416,Sitting,Sitting,True,0.748,0.0,47.224
Sitting_Lying_FewLandmarks_back,417,Sitting,Sitting,True,0.758,0.0,42.7747
Sitting_Lying_FewLandmarks_back,418,Sitting,Sitting,True,0.758,0.0,42.1845
Sitting_Lying_FewLandmarks_back,419,Sitting,Sitting,True,0.757,0.0,38.9439
Sitting_Lying_FewLandmarks_back,420,Sitting,Sitting,True,0.755,0.0,39.1608
Sitting_Lying_FewLandmarks_back,421,Sitting,Sitting,True,0.772,0.0,43.8283
Sitting_Lying_FewLandmarks_back,422,Sitting,Sitting,True,0.777,0.0,40.4681
Sitting_Lying_FewLandmarks_back,423,Sitting,Sitting,True,0.776,0.0,34.7493
Sitting_Lying_FewLandmarks_back,424,Sitting,Sitting,True,0.782,0.0,33.6268
Sitting_Lying_FewLandmarks_back,425,Sitting,Sitting,True,0.772,0.0,31.3769
Sitting_Lying_FewLandmarks_back,426,Sitting,Sitting,True,0.764,0.0,30.335
Sitting_Lying_FewLandmarks_back,427,Sitting,Sitting,True,0.76,0.0,37.8997
Sitting_Lying_FewLandmarks_back,428,Sitting,Sitting,True,0.764,0.0,30.3738
Sitting_Lying_FewLandmarks_back,429,Sitting,Sitting,True,0.779,0.0,30.2428
Sitting_Lying_FewLandmarks_back,430,Sitting,Sitting,True,0.778,0.0,30.8166
Sitting_Lying_FewLandmarks_back,431,Sitting,Sitting,True,0.78,0.0,29.0924
Sitting_Lying_FewLandmarks_back,432,Sitting,Sitting,True,0.774,0.0,26.6134
Sitting_Lying_FewLandmarks_back,433,Sitting,Sitting,True,0.779,0.0,34.7446
Sitting_Lying_FewLandmarks_back,434,Sitting,Sitting,True,0.782,0.0,31.165
Sitting_Lying_FewLandmarks_back,435,Sitting,Sitting,True,0.777,0.0,31.3511
Sitting_Lying_FewLandmarks_back,436,Sitting,Sitting,True,0.774,0.0,29.8578
Sitting_Lying_FewLandmarks_back,437,Sitting,Sitting,True,0.783,0.0,29.3125
Sitting_Lying_FewLandmarks_back,438,Sitting,Sitting,True,0.783,0.0,41.9835
Sitting_Lying_FewLandmarks_back,439,Sitting,Sitting,True,0.783,0.0,48.3445
Sitting_Lying_FewLandmarks_back,440,Sitting,Sitting,True,0.78,0.0,29.9449
Sitting_Lying_FewLandmarks_back,441,Sitting,Sitting,True,0.803,0.0,29.1847
Sitting_Lying_FewLandmarks_back,442,Sitting,Sitting,True,0.796,0.0,28.5836
Sitting_Lying_FewLandmarks_back,443,Sitting,Sitting,True,0.797,0.0,28.0249
Sitting_Lying_FewLandmarks_back,444,Sitting,Sitting,True,0.8,0.0,28.2276
Sitting_Lying_FewLandmarks_back,445,Sitting,Sitting,True,0.791,0.0,31.8127
Sitting_Lying_FewLandmarks_back,446,Sitting,Sitting,True,0.791,0.0,33.0914
Sitting_Lying_FewLandmarks_back,447,Sitting,Sitting,True,0.801,0.0,28.5316
Sitting_Lying_FewLandmarks_back,448,Sitting,Sitting,True,0.802,0.0,26.2302
Sitting_Lying_FewLandmarks_back,449,Sitting,Sitting,True,0.787,0.0,37.6233
Sitting_Lying_FewLandmarks_back,450,Sitting,Sitting,True,0.792,0.0,27.0655
Sitting_Lying_FewLandmarks_back,451,Sitting,Sitting,True,0.786,0.0,29.0061
Sitting_Lying_FewLandmarks_back,452,Sitting,Sitting,True,0.782,0.0,28.5635
Sitting_Lying_FewLandmarks_back,453,Sitting,Sitting,True,0.782,0.0,30.0832
Sitting_Lying_FewLandmarks_back,454,Sitting,Sitting,True,0.781,0.0,28.6271
Sitting_Lying_FewLandmarks_back,455,Sitting,Sitting,True,0.787,0.0,30.1038
Sitting_Lying_FewLandmarks_back,456,Sitting,Sitting,True,0.78,0.0,30.1081
Sitting_Lying_FewLandmarks_back,457,Sitting,Sitting,True,0.781,0.0,27.6314
Sitting_Lying_FewLandmarks_back,458,Sitting,Sitting,True,0.786,0.0,30.5798
Sitting_Lying_FewLandmarks_back,459,,Sitting,,0.788,0.0,32.2438
Sitting_Lying_FewLandmarks_back,460,,Sitting,,0.788,0.0,25.686
Sitting_Lying_FewLandmarks_back,461,,Sitting,,0.786,0.0,27.5915
Sitting_Lying_FewLandmarks_back,462,,Sitting,,0.781,0.0,26.2132
Sitting_Lying_FewLandmarks_back,463,,Sitting,,0.775,0.0,26.1331
Sitting_Lying_FewLandmarks_back,464,,Sitting,,0.781,0.0,24.3814
Sitting_Lying_FewLandmarks_back,465,,Sitting,,0.771,0.0,26.6387
Sitting_Lying_FewLandmarks_back,466,,Sitting,,0.756,0.0,24.5845
Sitting_Lying_FewLandmarks_back,467,,Sitting,,0.756,0.0,31.0005
Sitting_Lying_FewLandmarks_back,468,,Sitting,,0.755,0.0,25.9907
Sitting_Lying_FewLandmarks_back,469,,Sitting,,0.758,0.0,23.5767
Sitting_Lying_FewLandmarks_back,470,,Sitting,,0.751,0.0,29.1923
Sitting_Lying_FewLandmarks_back,471,,Sitting,,0.75,0.0,26.3536
Sitting_Lying_FewLandmarks_back,472,,Sitting,,0.752,0.0,23.9371
Sitting_Lying_FewLandmarks_back,473,,Sitting,,0.756,0.0,28.3333
Sitting_Lying_FewLandmarks_back,474,,Sitting,,0.764,0.0,23.6493
Sitting_Lying_FewLandmarks_back,475,,Sitting,,0.762,0.0,24.6818
Sitting_Lying_FewLandmarks_back,476,,Sitting,,0.766,0.0,24.1083
Sitting_Lying_FewLandmarks_back,477,,Sitting,,0.757,0.0,24.1447
Sitting_Lying_FewLandmarks_back,478,,Sitting,,0.756,0.0,22.3294
Sitting_Lying_FewLandmarks_back,479,,Sitting,,0.747,0.0,24.5783
Sitting_Lying_FewLandmarks_back,480,,Sitting,,0.731,0.0,22.6113
Sitting_Lying_FewLandmarks_back,481,,Sitting,,0.708,0.0,23.1805
Sitting_Lying_FewLandmarks_back,482,,Sitting,,0.697,0.0,24.4074
Sitting_Lying_FewLandmarks_back,483,,Sitting,,0.67,0.0,22.5475
Sitting_Lying_FewLandmarks_back,484,,Sitting,,0.64,0.0,25.891
Sitting_Lying_FewLandmarks_back,485,,Sitting,,0.611,0.0,22.0245
Sitting_Lying_FewLandmarks_back,486,,Sitting,,0.533,0.0,23.9624
Sitting_Lying_FewLandmarks_back,487,,Sitting,,0.476,0.0,26.3136
Sitting_Lying_FewLandmarks_back,488,,Sitting,,0.408,0.0,26.6775
Sitting_Lying_FewLandmarks_back,489,,Sitting,,0.352,0.0,23.3917
Sitting_Lying_FewLandmarks,31,,Standing,,0.816,0.0,24.1933
Sitting_Lying_FewLandmarks,32,,Standing,,0.832,0.0,21.412
Sitting_Lying_FewLandmarks,33,,Standing,,0.836,0.0,22.5331
Sitting_Lying_FewLandmarks,34,,Standing,,0.845,0.0,25.1386
Sitting_Lying_FewLandmarks,35,,Standing,,0.855,0.0,25.9688
Sitting_Lying_FewLandmarks,36,,Standing,,0.857,0.0,26.1779
Sitting_Lying_FewLandmarks,37,,Standing,,0.889,0.0,29.5092
Sitting_Lying_FewLandmarks,38,,Standing,,0.9,0.0,30.6231
Sitting_Lying_FewLandmarks,39,,Standing,,0.906,0.0,26.5095
Sitting_Lying_FewLandmarks,40,,Standing,,0.925,0.0,29.3849
Sitting_Lying_FewLandmarks,41,,Standing,,0.928,0.0,31.4879
Sitting_Lying_FewLandmarks,42,,Standing,,0.917,0.0,35.5137
Sitting_Lying_FewLandmarks,43,,Standing,,0.902,0.0,30.297
Sitting_Lying_FewLandmarks,44,,Standing,,0.909,0.0,31.0068
Sitting_Lying_FewLandmarks,45,,Standing,,0.92,0.0,30.2995
Sitting_Lying_FewLandmarks,46,,Standing,,0.878,0.0,45.5073
Sitting_Lying_FewLandmarks,47,,Standing,,0.848,0.0,33.8283
Sitting_Lying_FewLandmarks,48,,Standing,,0.848,0.0,36.5606
Sitting_Lying_FewLandmarks,49,,Standing,,0.788,0.0,37.0507
Sitting_Lying_FewLandmarks,50,,Standing,,0.753,0.0,39.1999
Sitting_Lying_FewLandmarks,51,,Standing,,0.678,0.0,45.4415
Sitting_Lying_FewLandmarks,52,,Standing,,0.672,0.0,38.1395
Sitting_Lying_FewLandmarks,53,,Standing,,0.626,0.0,40.558
Sitting_Lying_FewLandmarks,54,,Standing,,0.558,0.0,34.0815
Sitting_Lying_FewLandmarks,55,,Standing,,0.543,0.0,40.2401
Sitting_Lying_FewLandmarks,56,,Standing,,0.521,0.0,41.0787
Sitting_Lying_FewLandmarks,57,,Standing,,0.481,0.0,33.9189
Sitting_Lying_FewLandmarks,58,,Standing,,0.49,0.0,40.7096
Sitting_Lying_FewLandmarks,59,Sitting,Standing,False,0.405,0.0,44.5595
Sitting_Lying_FewLandmarks,60,Sitting,Standing,False,0.412,0.0,47.1174
Sitting_Lying_FewLandmarks,61,Sitting,Standing,False,0.45,0.0,29.9499
Sitting_Lying_FewLandmarks,62,Sitting,Standing,False,0.425,0.0,27.9636
Sitting_Lying_FewLandmarks,63,Sitting,Standing,False,0.449,0.0,27.2549
Sitting_Lying_FewLandmarks,64,Sitting,Standing,False,0.403,0.0,28.5787
Sitting_Lying_FewLandmarks,65,Sitting,Standing,False,0.414,0.0,27.4889
Sitting_Lying_FewLandmarks,66,Sitting,Standing,False,0.384,0.0,25.1142
Sitting_Lying_FewLandmarks,67,Sitting,Sitting,True,0.401,0.0,26.1624
Sitting_Lying_FewLandmarks,68,Sitting,Sitting,True,0.404,0.0,24.1419
Sitting_Lying_FewLandmarks,69,Sitting,Sitting,True,0.415,0.0,25.3886
Sitting_Lying_FewLandmarks,70,Sitting,Sitting,True,0.436,0.0,26.0306
Sitting_Lying_FewLandmarks,71,Sitting,Sitting,True,0.436,0.0,25.7911
Sitting_Lying_FewLandmarks,72,Sitting,Sitting,True,0.437,0.0,26.8635
Sitting_Lying_FewLandmarks,73,Sitting,Sitting,True,0.447,0.0,23.8127
Sitting_Lying_FewLandmarks,74,Sitting,Sitting,True,0.405,0.0,26.0703
Sitting_Lying_FewLandmarks,75,Sitting,Sitting,True,0.364,0.0,23.6401
Sitting_Lying_FewLandmarks,76,Sitting,Standing,False,0.395,0.0,25.5301
Sitting_Lying_FewLandmarks,77,Sitting,Standing,False,0.427,0.0,23.3963
Sitting_Lying_FewLandmarks,78,Sitting,Standing,False,0.466,0.0,25.0652
Sitting_Lying_FewLandmarks,79,Sitting,Standing,False,0.496,0.0,25.8392
Sitting_Lying_FewLandmarks,80,Sitting,Standing,False,0.502,0.0,25.1447
Sitting_Lying_FewLandmarks,81,Sitting,Standing,False,0.494,0.0,22.6445
Sitting_Lying_FewLandmarks,82,Sitting,Standing,False,0.468,0.0,24.1652
Sitting_Lying_FewLandmarks,83,Sitting,Standing,False,0.463,0.0,22.5348
Sitting_Lying_FewLandmarks,84,Sitting,Standing,False,0.427,0.0,22.4895
Sitting_Lying_FewLandmarks,85,Sitting,Standing,False,0.421,0.0,23.697
Sitting_Lying_FewLandmarks,86,Sitting,Sitting,True,0.408,0.0,22.4232
Sitting_Lying_FewLandmarks,87,Sitting,Sitting,True,0.432,0.0,24.0002
Sitting_Lying_FewLandmarks,88,Sitting,Sitting,True,0.462,0.0,26.4553
Sitting_Lying_FewLandmarks,89,Sitting,Sitting,True,0.466,0.0,28.1205
Sitting_Lying_FewLandmarks,90,Sitting,Sitting,True,0.456,0.0,28.0872
Sitting_Lying_FewLandmarks,91,Sitting,Sitting,True,0.461,0.0,26.3848
Sitting_Lying_FewLandmarks,92,Sitting,Sitting,True,0.47,0.0,35.4574
Sitting_Lying_FewLandmarks,93,Sitting,Sitting,True,0.467,0.0,40.7076
Sitting_Lying_FewLandmarks,94,Sitting,Sitting,True,0.47,0.0,40.2572
Sitting_Lying_FewLandmarks,95,Sitting,Sitting,True,0.482,0.0,34.0982
Sitting_Lying_FewLandmarks,96,Sitting,Sitting,True,0.486,0.0,38.9252
Sitting_Lying_FewLandmarks,97,Sitting,Sitting,True,0.469,0.0,39.6105
Sitting_Lying_FewLandmarks,98,Sitting,Sitting,True,0.47,0.0,34.4412
Sitting_Lying_FewLandmarks,99,Sitting,Sitting,True,0.476,0.0,41.6904
Sitting_Lying_FewLandmarks,100,Sitting,Sitting,True,0.484,0.0,36.6842
Sitting_Lying_FewLandmarks,101,Sitting,Sitting,True,0.482,0.0,34.1045
Sitting_Lying_FewLandmarks,102,Sitting,Sitting,True,0.48,0.0,36.4777
Sitting_Lying_FewLandmarks,103,Sitting,Sitting,True,0.482,0.0,31.2634
Sitting_Lying_FewLandmarks,104,Sitting,Sitting,True,0.485,0.0,47.2539
Sitting_Lying_FewLandmarks,105,Sitting,Sitting,True,0.484,0.0,41.6952
Sitting_Lying_FewLandmarks,106,Sitting,Sitting,True,0.487,0.0,56.3701
Sitting_Lying_FewLandmarks,107,Sitting,Sitting,True,0.485,0.0,54.0524
Sitting_Lying_FewLandmarks,108,Sitting,Sitting,True,0.498,0.0,45.192
Sitting_Lying_FewLandmarks,109,Sitting,Sitting,True,0.489,0.0,50.5655
Sitting_Lying_FewLandmarks,110,Sitting,Sitting,True,0.489,0.0,48.3167
Sitting_Lying_FewLandmarks,111,Sitting,Sitting,True,0.489,0.0,55.8786
Sitting_Lying_FewLandmarks,112,,Sitting,,0.487,0.0,48.9072
Sitting_Lying_FewLandmarks,113,,Sitting,,0.486,0.0,41.0357
Sitting_Lying_FewLandmarks,114,,Sitting,,0.479,0.0,54.5845
Sitting_Lying_FewLandmarks,115,,Sitting,,0.476,0.0,47.7535
Sitting_Lying_FewLandmarks,116,,Sitting,,0.483,0.0,44.0998
Sitting_Lying_FewLandmarks,117,,Sitting,,0.48,0.0,41.8053
Sitting_Lying_FewLandmarks,118,,Sitting,,0.495,0.0,34.1092
Sitting_Lying_FewLandmarks,119,,Sitting,,0.496,0.0,47.8456
Sitting_Lying_FewLandmarks,120,,Sitting,,0.501,0.0,35.4429
Sitting_Lying_FewLandmarks,121,,Sitting,,0.503,0.0,39.5748
Sitting_Lying_FewLandmarks,122,,Sitting,,0.502,0.0,34.1542
Sitting_Lying_FewLandmarks,123,,Sitting,,0.504,0.0,34.4236
Sitting_Lying_FewLandmarks,124,,Sitting,,0.488,0.0,40.028
Sitting_Lying_FewLandmarks,125,,Sitting,,0.502,0.0,38.3099
Sitting_Lying_FewLandmarks,126,,Sitting,,0.498,0.0,32.7309
Sitting_Lying_FewLandmarks,127,,Sitting,,0.509,0.0,36.9945
Sitting_Lying_FewLandmarks,128,,Sitting,,0.505,0.0,38.0134
Sitting_Lying_FewLandmarks,129,,Sitting,,0.501,0.0,56.8287
Sitting_Lying_FewLandmarks,130,,Sitting,,0.516,0.0,54.2649
Sitting_Lying_FewLandmarks,131,,Sitting,,0.505,0.0,38.5035
Sitting_Lying_FewLandmarks,132,,Sitting,,0.518,0.0,45.3517
Sitting_Lying_FewLandmarks,133,,Sitting,,0.516,0.0,53.7573
Sitting_Lying_FewLandmarks,134,,Sitting,,0.526,0.0,58.5917
Sitting_Lying_FewLandmarks,135,,Sitting,,0.525,0.0,42.5204
Sitting_Lying_FewLandmarks,136,,Sitting,,0.525,0.0,39.8446
Sitting_Lying_FewLandmarks,137,,Sitting,,0.528,0.0,41.1705
Sitting_Lying_FewLandmarks,138,,Sitting,,0.522,0.0,41.8144
Sitting_Lying_FewLandmarks,139,,Sitting,,0.509,0.0,47.7741
Sitting_Lying_FewLandmarks,140,,Sitting,,0.499,0.0,33.3345
Sitting_Lying_FewLandmarks,141,,Sitting,,0.458,0.0,33.058
Sitting_Lying_FewLandmarks,142,,Sitting,,0.408,0.0,37.7675
Sitting_Lying_FewLandmarks,143,,Sitting,,0.375,0.0,45.7793
Sitting_Lying_FewLandmarks,144,,Sitting,,0.364,0.0,46.3601
Sitting_Lying_FewLandmarks,145,,Sitting,,0.332,0.0,53.6955
Sitting_Lying_FewLandmarks,146,,Standing,,0.342,0.0,42.5057
Sitting_Lying_FewLandmarks,147,,Standing,,0.332,0.0,36.8023
Sitting_Lying_FewLandmarks,148,,Standing,,0.332,0.0,40.7588
Sitting_Lying_FewLandmarks,149,,Standing,,0.339,0.0,33.7011
Sitting_Lying_FewLandmarks,150,,Standing,,0.363,0.0,37.2873
Sitting_Lying_FewLandmarks,151,,Standing,,0.35,0.0,33.5861
Sitting_Lying_FewLandmarks,152,,Standing,,0.305,0.0,31.1688
Sitting_Lying_FewLandmarks,153,,Standing,,0.269,0.0,35.4057
Sitting_Lying_FewLandmarks,154,,Lying,,0.269,0.0,38.6323
Sitting_Lying_FewLandmarks,155,,Lying,,0.302,0.0,30.9486
Sitting_Lying_FewLandmarks,156,,Lying,,0.329,0.0,32.4562
Sitting_Lying_FewLandmarks,157,,Lying,,0.357,0.0,37.2366
Sitting_Lying_FewLandmarks,158,,Lying,,0.379,0.0,48.5331
Sitting_Lying_FewLandmarks,159,,Lying,,0.391,0.0,32.3572
Sitting_Lying_FewLandmarks,160,,Lying,,0.403,0.0,38.0358
Sitting_Lying_FewLandmarks,161,,Lying,,0.436,0.0,35.2343
Sitting_Lying_FewLandmarks,162,,Lying,,0.437,0.0,31.4184
Sitting_Lying_FewLandmarks,163,,Lying,,0.473,0.0,33.3801
Sitting_Lying_FewLandmarks,164,,Lying,,0.471,0.0,45.8194
Sitting_Lying_FewLandmarks,165,,Lying,,0.475,0.0,43.4817
Sitting_Lying_FewLandmarks,166,,Lying,,0.508,0.0,39.8261
Sitting_Lying_FewLandmarks,167,,Lying,,0.519,0.0,48.2426
Sitting_Lying_FewLandmarks,168,,Lying,,0.535,0.0,44.1222
Sitting_Lying_FewLandmarks,169,,Lying,,0.562,0.0,40.141
Sitting_Lying_FewLandmarks,170,,Lying,,0.566,0.0,34.1664
Sitting_Lying_FewLandmarks,171,,Lying,,0.591,0.0,42.5308
Sitting_Lying_FewLandmarks,172,,Lying,,0.593,0.0,53.1284
Sitting_Lying_FewLandmarks,173,,Lying,,0.581,0.0,61.8203
Sitting_Lying_FewLandmarks,174,,Lying,,0.578,0.0,52.0395
Sitting_Lying_FewLandmarks,175,,Lying,,0.575,0.0,42.6092
Sitting_Lying_FewLandmarks,176,,Lying,,0.588,0.0,47.7904
Sitting_Lying_FewLandmarks,177,Lying,Lying,True,0.588,0.0,50.1574
Sitting_Lying_FewLandmarks,178,Lying,Lying,True,0.583,0.0,43.4998
Sitting_Lying_FewLandmarks,179,Lying,Lying,True,0.565,0.0,42.1702
Sitting_Lying_FewLandmarks,180,Lying,Lying,True,0.571,0.0,55.1752
Sitting_Lying_FewLandmarks,181,Lying,Lying,True,0.569,0.0,49.2395
Sitting_Lying_FewLandmarks,182,Lying,Lying,True,0.574,0.0,42.6339
Sitting_Lying_FewLandmarks,183,Lying,Lying,True,0.587,0.0,52.4276
Sitting_Lying_FewLandmarks,184,Lying,Lying,True,0.563,0.0,38.8488
Sitting_Lying_FewLandmarks,185,Lying,Lying,True,0.558,0.0,37.5849
Sitting_Lying_FewLandmarks,186,Lying,Lying,True,0.537,0.0,36.173
Sitting_Lying_FewLandmarks,187,Lying,Lying,True,0.544,0.0,41.3274
Sitting_Lying_FewLandmarks,188,Lying,Lying,True,0.55,0.0,32.846
Sitting_Lying_FewLandmarks,189,Lying,Lying,True,0.496,0.0,35.9372
Sitting_Lying_FewLandmarks,190,Lying,Lying,True,0.508,0.0,36.1631
Sitting_Lying_FewLandmarks,191,Lying,Lying,True,0.495,0.0,50.855
Sitting_Lying_FewLandmarks,192,Lying,Lying,True,0.503,0.0,62.5081
Sitting_Lying_FewLandmarks,193,Lying,Lying,True,0.495,0.0,53.1616
Sitting_Lying_FewLandmarks,194,Lying,Lying,True,0.482,0.0,87.9884
Sitting_Lying_FewLandmarks,195,Lying,Lying,True,0.478,0.0,82.3977
Sitting_Lying_FewLandmarks,196,Lying,Lying,True,0.476,0.0,69.0785
Sitting_Lying_FewLandmarks,197,Lying,Lying,True,0.456,1.0,77.5231
Sitting_Lying_FewLandmarks,198,Lying,Lying,True,0.47,1.0,74.0714
Sitting_Lying_FewLandmarks,199,Lying,Lying,True,0.474,0.0,59.3447
Sitting_Lying_FewLandmarks,200,Lying,Lying,True,0.49,1.0,43.5471
Sitting_Lying_FewLandmarks,201,Lying,Lying,True,0.472,1.0,45.9425
Sitting_Lying_FewLandmarks,202,Lying,Lying,True,0.49,1.0,49.6774
Sitting_Lying_FewLandmarks,203,Lying,Lying,True,0.492,1.0,47.413
Sitting_Lying_FewLandmarks,204,Lying,Lying,True,0.511,1.0,54.0575
Sitting_Lying_FewLandmarks,205,Lying,Lying,True,0.518,1.0,57.905
Sitting_Lying_FewLandmarks,206,Lying,Lying,True,0.51,1.0,45.9331
Sitting_Lying_FewLandmarks,207,Lying,Lying,True,0.524,1.0,43.1553
Sitting_Lying_FewLandmarks,208,Lying,Lying,True,0.506,0.0,60.8946
Sitting_Lying_FewLandmarks,209,Lying,Lying,True,0.496,0.0,46.8881
Sitting_Lying_FewLandmarks,210,Lying,Lying,True,0.489,1.0,52.706
Sitting_Lying_FewLandmarks,211,Lying,Lying,True,0.491,0.0,57.6349
Sitting_Lying_FewLandmarks,212,Lying,Lying,True,0.474,0.0,82.298
Sitting_Lying_FewLandmarks,213,Lying,Lying,True,0.44,1.0,39.5025
Sitting_Lying_FewLandmarks,214,Lying,Lying,True,0.458,0.0,50.3141
Sitting_Lying_FewLandmarks,215,Lying,Lying,True,0.438,0.0,63.6962
Sitting_Lying_FewLandmarks,216,Lying,Lying,True,0.429,0.0,59.2965
Sitting_Lying_FewLandmarks,217,Lying,Lying,True,0.414,1.0,46.2516
Sitting_Lying_FewLandmarks,218,Lying,Lying,True,0.426,0.0,36.9913
Sitting_Lying_FewLandmarks,219,Lying,Lying,True,0.44,0.0,33.6227
Sitting_Lying_FewLandmarks,220,Lying,Lying,True,0.435,0.0,31.4363
Sitting_Lying_FewLandmarks,221,Lying,Lying,True,0.436,1.0,31.684
Sitting_Lying_FewLandmarks,222,Lying,Lying,True,0.447,1.0,31.8975
Sitting_Lying_FewLandmarks,223,Lying,Lying,True,0.465,1.0,28.1425
Sitting_Lying_FewLandmarks,224,Lying,Lying,True,0.508,1.0,30.2232
Sitting_Lying_FewLandmarks,225,Lying,Lying,True,0.495,1.0,33.0612
Sitting_Lying_FewLandmarks,226,Lying,Lying,True,0.458,0.0,31.7258
Sitting_Lying_FewLandmarks,227,Lying,Lying,True,0.478,1.0,36.0477
Sitting_Lying_FewLandmarks,228,Lying,Lying,True,0.491,1.0,26.7757
Sitting_Lying_FewLandmarks,229,Lying,Lying,True,0.488,1.0,30.0218
Sitting_Lying_FewLandmarks,230,Lying,Lying,True,0.457,0.0,29.6672
Sitting_Lying_FewLandmarks,231,Lying,Lying,True,0.413,0.0,29.1502
Sitting_Lying_FewLandmarks,232,Lying,Lying,True,0.45,1.0,25.7385
Sitting_Lying_FewLandmarks,233,Lying,Lying,True,0.435,1.0,28.0306
Sitting_Lying_FewLandmarks,234,Lying,Lying,True,0.426,1.0,28.3819
Sitting_Lying_FewLandmarks,235,Lying,Lying,True,0.465,0.0,27.8503
Sitting_Lying_FewLandmarks,236,,Lying,,0.424,0.0,31.3319
Sitting_Lying_FewLandmarks,237,,Lying,,0.42,0.0,32.6157
Sitting_Lying_FewLandmarks,238,,Lying,,0.402,1.0,33.4724
Sitting_Lying_FewLandmarks,239,,Lying,,0.424,1.0,27.406
Sitting_Lying_FewLandmarks,240,,Lying,,0.429,1.0,35.2394
Sitting_Lying_FewLandmarks,241,,Lying,,0.439,0.0,32.672
Sitting_Lying_FewLandmarks,242,,Lying,,0.388,0.0,42.9142
Sitting_Lying_FewLandmarks,243,,Lying,,0.398,0.0,43.1066
Sitting_Lying_FewLandmarks,244,,Lying,,0.428,0.0,32.8604
Sitting_Lying_FewLandmarks,245,,Lying,,0.444,0.0,35.3929
Sitting_Lying_FewLandmarks,246,,Lying,,0.403,0.0,29.1657
Sitting_Lying_FewLandmarks,247,,Lying,,0.39,0.0,53.2505
Sitting_Lying_FewLandmarks,248,,Lying,,0.375,0.0,40.4062
Sitting_Lying_FewLandmarks,249,,Lying,,0.393,0.0,36.3752
Sitting_Lying_FewLandmarks,250,,Lying,,0.435,0.0,30.7981
Sitting_Lying_FewLandmarks,251,,Lying,,0.401,0.0,31.4652
Sitting_Lying_FewLandmarks,252,,Lying,,0.351,0.0,36.1067
Sitting_Lying_FewLandmarks,253,,Lying,,0.362,0.0,33.2874
Sitting_Lying_FewLandmarks,254,,Lying,,0.351,0.0,37.9676
Sitting_Lying_FewLandmarks,255,,Lying,,0.379,0.0,27.6209
Sitting_Lying_FewLandmarks,256,,Lying,,0.378,0.0,27.2761
Sitting_Lying_FewLandmarks,257,,Lying,,0.366,0.0,27.457
Sitting_Lying_FewLandmarks,258,,Lying,,0.314,0.0,26.986
Sitting_Lying_FewLandmarks,259,,Lying,,0.279,0.0,28.5347
Sitting_Lying_FewLandmarks,260,,Lying,,0.266,0.0,28.9557
Sitting_Lying_FewLandmarks,261,,Lying,,0.323,0.0,31.1304
Sitting_Lying_FewLandmarks,262,,Lying,,0.321,0.0,34.3319
Sitting_Lying_FewLandmarks,263,,Lying,,0.29,0.0,32.8385
Sitting_Lying_FewLandmarks,264,,Lying,,0.333,0.0,28.9085
Sitting_Lying_FewLandmarks,265,,Lying,,0.345,0.0,28.7475
Sitting_Lying_FewLandmarks,266,,Lying,,0.333,0.0,30.612
Sitting_Lying_FewLandmarks,267,,Lying,,0.338,0.0,28.455
Sitting_Lying_FewLandmarks,268,,Lying,,0.355,0.0,26.1743
Sitting_Lying_FewLandmarks,269,,Lying,,0.351,0.0,26.3362
Sitting_Lying_FewLandmarks,270,,Lying,,0.372,0.0,26.6058
Sitting_Lying_FewLandmarks,271,,Lying,,0.366,0.0,25.2916
Sitting_Lying_FewLandmarks,272,,Lying,,0.36,0.0,26.3052
Sitting_Lying_FewLandmarks,273,,Lying,,0.352,0.0,24.4967
Sitting_Lying_FewLandmarks,274,,Lying,,0.338,0.0,30.3199
Sitting_Lying_FewLandmarks,275,,Lying,,0.349,0.0,33.8547
Sitting_Lying_FewLandmarks,276,,Lying,,0.34,0.0,24.0221
Sitting_Lying_FewLandmarks,277,,Lying,,0.336,0.0,23.544
Sitting_Lying_FewLandmarks,278,,Lying,,0.322,0.0,25.4143
Sitting_Lying_FewLandmarks,279,,Lying,,0.322,0.0,23.1883
Sitting_Lying_FewLandmarks,280,,Lying,,0.324,0.0,23.8738
Sitting_Lying_FewLandmarks,281,,Lying,,0.318,0.0,22.6512
Sitting_Lying_FewLandmarks,282,,Lying,,0.324,0.0,23.0116
Sitting_Lying_FewLandmarks,283,,Lying,,0.305,0.0,25.0764
Sitting_Lying_FewLandmarks,284,,Lying,,0.313,0.0,23.7687
Sitting_Lying_FewLandmarks,285,,Lying,,0.31,0.0,26.8448
Sitting_Lying_FewLandmarks,286,,Lying,,0.285,0.0,28.9732
Sitting_Lying_FewLandmarks,287,,Lying,,0.248,0.0,21.9686
Sitting_Lying_FewLandmarks,288,,Sitting,,0.3,0.0,23.7856
Sitting_Lying_FewLandmarks,289,,Sitting,,0.378,0.0,23.1812
Sitting_Lying_FewLandmarks,290,,Sitting,,0.412,0.0,22.0792
Sitting_Lying_FewLandmarks,291,,Sitting,,0.484,0.0,24.0662
Sitting_Lying_FewLandmarks,292,,Sitting,,0.522,0.0,22.824
Sitting_Lying_FewLandmarks,293,,Sitting,,0.551,0.0,24.4012
Sitting_Lying_FewLandmarks,294,,Sitting,,0.598,0.0,22.8273
Sitting_Lying_FewLandmarks,295,,Sitting,,0.605,0.0,24.9447
Sitting_Lying_FewLandmarks,296,,Sitting,,0.59,0.0,23.1193
Sitting_Lying_FewLandmarks,297,,Sitting,,0.598,0.0,22.2002
Sitting_Lying_FewLandmarks,298,,Sitting,,0.615,0.0,23.1109
Sitting_Lying_FewLandmarks,299,,Sitting,,0.577,0.0,23.0407
Sitting_Lying_FewLandmarks,300,,Sitting,,0.561,0.0,22.0704
Sitting_Lying_FewLandmarks,301,,Sitting,,0.552,0.0,22.65
Sitting_Lying_FewLandmarks,302,,Sitting,,0.552,0.0,27.2521
Sitting_Lying_FewLandmarks,303,,Sitting,,0.552,0.0,25.8277
Sitting_Lying_FewLandmarks,304,,Sitting,,0.532,0.0,24.2687
Sitting_Lying_FewLandmarks,305,,Sitting,,0.528,0.0,25.6361
Sitting_Lying_FewLandmarks,306,,Sitting,,0.531,0.0,27.1904
Sitting_Lying_FewLandmarks,307,,Sitting,,0.519,0.0,24.2362
Sitting_Lying_FewLandmarks,308,,Sitting,,0.526,0.0,27.0321
Sitting_Lying_FewLandmarks,309,,Sitting,,0.522,0.0,24.8098
Sitting_Lying_FewLandmarks,310,,Sitting,,0.52,0.0,29.3241
Sitting_Lying_FewLandmarks,311,,Sitting,,0.512,0.0,28.5369
Sitting_Lying_FewLandmarks,312,,Sitting,,0.506,0.0,25.8986
Sitting_Lying_FewLandmarks,313,,Sitting,,0.505,0.0,26.834
Sitting_Lying_FewLandmarks,314,,Sitting,,0.504,0.0,25.785
Sitting_Lying_FewLandmarks,315,,Sitting,,0.488,0.0,29.5893
Sitting_Lying_FewLandmarks,316,,Sitting,,0.478,0.0,32.2368
Sitting_Lying_FewLandmarks,317,,Sitting,,0.472,0.0,27.1655
Sitting_Lying_FewLandmarks,318,,Sitting,,0.47,0.0,29.0298
Sitting_Lying_FewLandmarks,319,,Sitting,,0.46,0.0,35.5994
Sitting_Lying_FewLandmarks,320,,Sitting,,0.466,0.0,44.6402
Sitting_Lying_FewLandmarks,321,,Sitting,,0.461,0.0,35.4038
Sitting_Lying_FewLandmarks,322,,Sitting,,0.455,0.0,25.4665
Sitting_Lying_FewLandmarks,323,,Sitting,,0.461,0.0,29.812
Sitting_Lying_FewLandmarks,324,,Sitting,,0.456,0.0,30.0953
Sitting_Lying_FewLandmarks,325,Sitting,Sitting,True,0.463,0.0,31.8025
Sitting_Lying_FewLandmarks,326,Sitting,Sitting,True,0.472,0.0,33.4276
Sitting_Lying_FewLandmarks,327,Sitting,Sitting,True,0.47,0.0,32.2515
Sitting_Lying_FewLandmarks,328,Sitting,Sitting,True,0.463,0.0,31.1459
Sitting_Lying_FewLandmarks,329,Sitting,Sitting,True,0.461,0.0,28.7267
Sitting_Lying_FewLandmarks,330,Sitting,Sitting,True,0.459,0.0,27.8032
Sitting_Lying_FewLandmarks,331,Sitting,Sitting,True,0.466,0.0,34.578
Sitting_Lying_FewLandmarks,332,Sitting,Sitting,True,0.467,0.0,27.8892
Sitting_Lying_FewLandmarks,333,Sitting,Sitting,True,0.464,0.0,27.5221
Sitting_Lying_FewLandmarks,334,Sitting,Sitting,True,0.464,0.0,28.4665
Sitting_Lying_FewLandmarks,335,Sitting,Sitting,True,0.462,0.0,26.3586
Sitting_Lying_FewLandmarks,336,Sitting,Sitting,True,0.456,0.0,27.2839
Sitting_Lying_FewLandmarks,337,Sitting,Sitting,True,0.466,0.0,24.8123
Sitting_Lying_FewLandmarks,338,Sitting,Sitting,True,0.463,0.0,25.4068
Sitting_Lying_FewLandmarks,339,Sitting,Sitting,True,0.463,0.0,23.0393
Sitting_Lying_FewLandmarks,340,Sitting,Sitting,True,0.451,0.0,25.5641
Sitting_Lying_FewLandmarks,341,Sitting,Sitting,True,0.456,0.0,23.1024
Sitting_Lying_FewLandmarks,342,Sitting,Sitting,True,0.467,0.0,25.082
Sitting_Lying_FewLandmarks,343,Sitting,Sitting,True,0.46,0.0,23.1513
Sitting_Lying_FewLandmarks,344,Sitting,Sitting,True,0.461,0.0,22.2135
Sitting_Lying_FewLandmarks,345,Sitting,Sitting,True,0.465,0.0,26.669
Sitting_Lying_FewLandmarks,346,Sitting,Sitting,True,0.458,0.0,22.9254
Sitting_Lying_FewLandmarks,347,Sitting,Sitting,True,0.465,0.0,23.8624
Sitting_Lying_FewLandmarks,348,Sitting,Sitting,True,0.467,0.0,23.0206
Sitting_Lying_FewLandmarks,349,Sitting,Sitting,True,0.465,0.0,23.9681
Sitting_Lying_FewLandmarks,350,Sitting,Sitting,True,0.457,0.0,28.7813
Sitting_Lying_FewLandmarks,351,Sitting,Sitting,True,0.469,0.0,23.5023
Sitting_Lying_FewLandmarks,352,Sitting,Sitting,True,0.475,0.0,22.3309
Sitting_Lying_FewLandmarks,353,Sitting,Sitting,True,0.462,0.0,25.0995
Sitting_Lying_FewLandmarks,354,,Sitting,,0.465,0.0,21.7574
Sitting_Lying_FewLandmarks,355,,Sitting,,0.465,0.0,21.8294
Sitting_Lying_FewLandmarks,356,,Sitting,,0.468,0.0,23.4923
Sitting_Lying_FewLandmarks,357,,Sitting,,0.472,0.0,21.2839
Sitting_Lying_FewLandmarks,358,,Sitting,,0.472,0.0,23.8044
Sitting_Lying_FewLandmarks,359,,Sitting,,0.474,0.0,22.9437
Sitting_Lying_FewLandmarks,360,,Sitting,,0.496,0.0,22.0026
Sitting_Lying_FewLandmarks,361,,Sitting,,0.51,0.0,25.1001
Sitting_Lying_FewLandmarks,362,,Sitting,,0.517,0.0,22.9087
Sitting_Lying_FewLandmarks,363,,Sitting,,0.527,0.0,25.0199
Sitting_Lying_FewLandmarks,364,,Sitting,,0.537,0.0,29.5322
Sitting_Lying_FewLandmarks,365,,Sitting,,0.536,0.0,23.4592
Sitting_Lying_FewLandmarks,366,,Sitting,,0.551,0.0,27.4758
Sitting_Lying_FewLandmarks,367,,Sitting,,0.558,0.0,31.3767
Sitting_Lying_FewLandmarks,368,,Sitting,,0.561,0.0,28.1997
Sitting_Lying_FewLandmarks,369,,Sitting,,0.571,0.0,28.7753
Sitting_Lying_FewLandmarks,370,,Sitting,,0.543,0.0,34.1355
Sitting_Lying_FewLandmarks,371,,Sitting,,0.548,0.0,36.8191
Sitting_Lying_FewLandmarks,372,,Sitting,,0.535,0.0,40.3631
Sitting_Lying_FewLandmarks,373,,Sitting,,0.514,0.0,34.6907
Sitting_Lying_FewLandmarks,374,,Sitting,,0.494,0.0,33.2741
Sitting_Lying_FewLandmarks,375,,Sitting,,0.489,0.0,31.6134
Sitting_Lying_FewLandmarks,376,,Sitting,,0.452,0.0,28.6535
Sitting_Lying_FewLandmarks,377,,Sitting,,0.427,0.0,35.7946
Sitting_Lying_FewLandmarks,378,,Sitting,,0.339,0.0,35.8749
Sitting_Lying_FewLandmarks,379,,Sitting,,0.276,0.0,32.6919
Sitting_Lying_FewLandmarks,380,,Lying,,0.231,0.0,37.6835
Sitting_Lying_FewLandmarks,381,,Lying,,0.258,0.0,46.3925
Sitting_Lying_FewLandmarks,382,,Lying,,0.293,0.0,46.0842
Sitting_Lying_FewLandmarks,383,,Lying,,0.306,0.0,46.6658
Sitting_Lying_FewLandmarks,384,,Lying,,0.323,0.0,47.7649
Sitting_Lying_FewLandmarks,385,,Lying,,0.305,0.0,45.6628
Sitting_Lying_FewLandmarks,386,,Lying,,0.285,0.0,45.7222
Sitting_Lying_FewLandmarks,387,,Standing,,0.278,0.0,49.8835
Sitting_Lying_FewLandmarks,388,,Standing,,0.324,0.0,44.2797
Sitting_Lying_FewLandmarks,389,,Standing,,0.36,0.0,41.9516
Sitting_Lying_FewLandmarks,390,,Standing,,0.4,0.0,54.3013
Sitting_Lying_FewLandmarks,391,,Standing,,0.428,0.0,50.7436
Sitting_Lying_FewLandmarks,392,,Standing,,0.481,0.0,52.7416
Sitting_Lying_FewLandmarks,393,,Standing,,0.502,0.0,58.2174
Sitting_Lying_FewLandmarks,394,,Standing,,0.516,0.0,59.4127
Sitting_Lying_FewLandmarks,395,,Standing,,0.521,0.0,56.4629
Sitting_Lying_FewLandmarks,396,,Standing,,0.536,0.0,61.9637
Sitting_Lying_FewLandmarks,397,,Standing,,0.537,0.0,59.0584
Sitting_Lying_FewLandmarks,398,,Standing,,0.514,0.0,56.4801
Sitting_Lying_FewLandmarks,399,,Standing,,0.524,0.0,52.2093
Sitting_Lying_FewLandmarks,400,,Standing,,0.538,0.0,60.6438
Sitting_Lying_FewLandmarks,401,,Standing,,0.579,0.0,50.9847
