clip_name,frame_number,gt_label,pred_label,correct,confidence,nan_fraction,latency_ms
Bend_pickup_lowLight,31,,Standing,,0.995,0.0,378.7956
Bend_pickup_lowLight,32,,Standing,,0.995,0.0,77.2953
Bend_pickup_lowLight,33,,Standing,,0.996,0.0,86.5833
Bend_pickup_lowLight,34,,Standing,,0.996,0.0,85.8367
Bend_pickup_lowLight,35,,Standing,,0.996,0.0,74.3989
Bend_pickup_lowLight,36,,Standing,,0.995,0.0,71.9149
Bend_pickup_lowLight,37,,Standing,,0.995,0.0,75.5165
Bend_pickup_lowLight,38,,Standing,,0.995,0.0,71.1859
Bend_pickup_lowLight,39,,Standing,,0.995,0.0,78.0094
Bend_pickup_lowLight,40,,Standing,,0.995,0.0,94.0813
Bend_pickup_lowLight,41,,Standing,,0.994,0.0,98.0603
Bend_pickup_lowLight,42,,Standing,,0.994,0.0,102.4555
Bend_pickup_lowLight,43,,Standing,,0.994,0.0,89.7635
Bend_pickup_lowLight,44,,Standing,,0.994,0.0,83.5668
Bend_pickup_lowLight,45,,Standing,,0.994,0.0,89.7937
Bend_pickup_lowLight,46,,Standing,,0.989,0.0,79.2802
Bend_pickup_lowLight,47,,Lying,,0.537,0.0,79.9655
Bend_pickup_lowLight,48,,Lying,,0.866,0.0,89.6693
Bend_pickup_lowLight,49,,Lying,,0.935,0.0,85.7876
Bend_pickup_lowLight,50,,Lying,,0.957,0.0,110.02
Bend_pickup_lowLight,51,,Lying,,0.982,0.0,87.7927
Bend_pickup_lowLight,52,,Lying,,0.992,0.0,89.0222
Bend_pickup_lowLight,53,,Lying,,0.996,0.0,87.7464
Bend_pickup_lowLight,54,,Lying,,0.998,0.0,103.063
Bend_pickup_lowLight,55,,Lying,,0.999,0.0,95.9143
Bend_pickup_lowLight,56,,Lying,,0.999,0.0,104.4303
Bend_pickup_lowLight,57,,Lying,,1.0,0.0,107.1275
Bend_pickup_lowLight,58,,Lying,,1.0,0.0,122.707
Bend_pickup_lowLight,59,,Lying,,1.0,0.0,104.9419
Bend_pickup_lowLight,60,,Lying,,1.0,0.0,121.9151
Bend_pickup_lowLight,61,,Lying,,1.0,0.0,95.7758
Bend_pickup_lowLight,62,,Lying,,1.0,0.0,111.6852
Bend_pickup_lowLight,63,,Lying,,1.0,0.0,148.2828
Bend_pickup_lowLight,64,,Lying,,1.0,0.0,172.5803
Bend_pickup_lowLight,65,,Lying,,1.0,0.0,243.5809
Bend_pickup_lowLight,66,,Lying,,1.0,0.0,150.5274
Bend_pickup_lowLight,67,,Lying,,1.0,0.0,127.0412
Bend_pickup_lowLight,68,,Lying,,1.0,0.0,140.1861
Bend_pickup_lowLight,69,,Lying,,1.0,0.0,115.8021
Bend_pickup_lowLight,70,,Lying,,1.0,0.0,94.2976
Bend_pickup_lowLight,71,,Lying,,1.0,0.0,106.9574
Bend_pickup_lowLight,72,,Lying,,1.0,0.0,96.601
Bend_pickup_lowLight,73,,Lying,,1.0,0.0,119.8986
Bend_pickup_lowLight,74,,Lying,,1.0,0.0,106.1982
Bend_pickup_lowLight,75,,Lying,,1.0,0.0,91.194
Bend_pickup_lowLight,76,,Lying,,1.0,0.0,95.5351
Bend_pickup_lowLight,77,,Lying,,1.0,0.0,137.3519
Bend_pickup_lowLight,78,,Lying,,1.0,0.0,180.724
Bend_pickup_lowLight,79,,Lying,,1.0,0.0,184.9489
Bend_pickup_lowLight,80,,Lying,,1.0,0.0,152.0174
Bend_pickup_lowLight,81,,Lying,,1.0,0.0,157.5145
Bend_pickup_lowLight,82,,Lying,,1.0,0.0,161.4382
Bend_pickup_lowLight,83,,Lying,,1.0,0.0,154.4373
Bend_pickup_lowLight,84,,Lying,,1.0,0.0,141.5515
Bend_pickup_lowLight,85,,Lying,,1.0,0.0,134.2787
Bend_pickup_lowLight,86,,Lying,,1.0,0.0,137.1386
Bend_pickup_lowLight,87,,Lying,,1.0,0.0,141.1513
Bend_pickup_lowLight,88,,Lying,,1.0,0.0,222.0389
Bend_pickup_lowLight,89,,Lying,,1.0,0.0,294.061
Bend_pickup_lowLight,90,,Lying,,0.999,0.0,482.1725
Bend_pickup_lowLight,91,,Lying,,0.998,0.0,389.8064
Bend_pickup_lowLight,92,Standing,Lying,False,0.997,0.0,260.5568
Bend_pickup_lowLight,93,Standing,Lying,False,0.994,0.0,212.5881
Bend_pickup_lowLight,94,Standing,Lying,False,0.99,0.0,189.0744
Bend_pickup_lowLight,95,Standing,Lying,False,0.979,0.0,197.7486
Bend_pickup_lowLight,96,Standing,Lying,False,0.964,0.0,189.4831
Bend_pickup_lowLight,97,Standing,Lying,False,0.924,0.0,153.2837
Bend_pickup_lowLight,98,Standing,Lying,False,0.845,0.0,148.1861
Bend_pickup_lowLight,99,Standing,Standing,True,0.696,0.0,154.9992
Bend_pickup_lowLight,100,Standing,Standing,True,0.962,0.0,157.8583
Bend_pickup_lowLight,101,Standing,Standing,True,0.98,0.0,131.9703
Bend_pickup_lowLight,102,Standing,Standing,True,0.995,0.0,194.6361
Bend_pickup_lowLight,103,Standing,Standing,True,0.995,0.0,204.5661
Bend_pickup_lowLight,104,Standing,Standing,True,0.994,0.0,355.1327
Bend_pickup_lowLight,105,Standing,Standing,True,0.994,0.0,247.6836
Bend_pickup_lowLight,106,Standing,Standing,True,0.995,0.0,191.6307
Bend_pickup_lowLight,107,Standing,Standing,True,0.995,0.0,299.0911
Bend_pickup_lowLight,108,Standing,Standing,True,0.996,0.0,219.3909
Bend_pickup_lowLight,109,Standing,Standing,True,0.996,0.0,253.921
Bend_pickup_lowLight,110,Standing,Standing,True,0.997,0.0,188.8931
Bend_pickup_lowLight,111,Standing,Standing,True,0.997,0.0,167.3501
Bend_pickup_lowLight,112,Standing,Standing,True,0.998,0.0,202.735
Bend_pickup_lowLight,113,Standing,Standing,True,0.998,0.0,186.9948
Bend_pickup_lowLight,114,Standing,Standing,True,0.998,0.0,318.1338
Bend_pickup_lowLight_leftRight,31,,Standing,,0.931,0.0,184.16
Bend_pickup_lowLight_leftRight,32,,Standing,,0.912,0.0,182.7345
Bend_pickup_lowLight_leftRight,33,,Standing,,0.885,0.0,209.0584
Bend_pickup_lowLight_leftRight,34,,Standing,,0.851,0.0,199.2664
Bend_pickup_lowLight_leftRight,35,,Standing,,0.797,0.0,149.6291
Bend_pickup_lowLight_leftRight,36,,Standing,,0.737,0.0,179.0248
Bend_pickup_lowLight_leftRight,37,,Standing,,0.645,0.0,250.5826
Bend_pickup_lowLight_leftRight,38,,Standing,,0.561,0.0,159.7732
Bend_pickup_lowLight_leftRight,39,,Standing,,0.457,0.0,144.2955
Bend_pickup_lowLight_leftRight,40,,Sitting,,0.366,0.0,138.1214
Bend_pickup_lowLight_leftRight,41,,Sitting,,0.397,0.0,139.2201
Bend_pickup_lowLight_leftRight,42,,Sitting,,0.401,0.0,106.2712
Bend_pickup_lowLight_leftRight,43,,Sitting,,0.389,0.0,130.9317
Bend_pickup_lowLight_leftRight,44,,Lying,,0.468,0.0,168.8114
Bend_pickup_lowLight_leftRight,45,,Lying,,0.56,0.0,171.7429
Bend_pickup_lowLight_leftRight,46,,Lying,,0.653,0.0,168.8235
Bend_pickup_lowLight_leftRight,47,,Lying,,0.723,0.0,122.6813
Bend_pickup_lowLight_leftRight,48,,Lying,,0.784,0.0,116.4705
Bend_pickup_lowLight_leftRight,49,,Lying,,0.834,0.0,114.5933
Bend_pickup_lowLight_leftRight,50,,Lying,,0.866,0.0,122.6138
Bend_pickup_lowLight_leftRight,51,,Lying,,0.89,0.0,137.2774
Bend_pickup_lowLight_leftRight,52,,Lying,,0.903,0.0,118.3542
Bend_pickup_lowLight_leftRight,53,,Lying,,0.919,0.0,121.1692
Bend_pickup_lowLight_leftRight,54,,Lying,,0.933,0.0,134.4731
Bend_pickup_lowLight_leftRight,55,,Lying,,0.927,0.0,129.5311
Bend_pickup_lowLight_leftRight,56,,Lying,,0.942,0.0,116.3031
Bend_pickup_lowLight_leftRight,57,,Lying,,0.94,0.0,122.6127
Bend_pickup_lowLight_leftRight,58,,Lying,,0.96,0.0,129.4374
Bend_pickup_lowLight_leftRight,59,,Lying,,0.958,0.0,121.5984
Bend_pickup_lowLight_leftRight,60,,Lying,,0.961,0.0,140.1535
Bend_pickup_lowLight_leftRight,61,,Lying,,0.953,0.0,130.0617
Bend_pickup_lowLight_leftRight,62,,Lying,,0.939,0.0,144.3491
Bend_pickup_lowLight_leftRight,63,,Lying,,0.939,0.0,132.9365
Bend_pickup_lowLight_leftRight,64,,Lying,,0.965,0.0,106.2279
Bend_pickup_lowLight_leftRight,65,,Lying,,0.943,0.0,119.8692
Bend_pickup_lowLight_leftRight,66,,Lying,,0.919,0.0,124.3427
Bend_pickup_lowLight_leftRight,67,,Lying,,0.875,0.0,119.5905
Bend_pickup_lowLight_leftRight,68,,Lying,,0.822,0.0,132.042
Bend_pickup_lowLight_leftRight,69,,Lying,,0.788,0.0,186.589
Bend_pickup_lowLight_leftRight,70,,Lying,,0.709,0.0,169.5936
Bend_pickup_lowLight_leftRight,71,,Lying,,0.646,0.0,142.2126
Bend_pickup_lowLight_leftRight,72,,Lying,,0.717,0.0,131.8129
Bend_pickup_lowLight_leftRight,73,,Lying,,0.624,0.0,136.2552
Bend_pickup_lowLight_leftRight,74,,Lying,,0.611,0.0,135.6025
Bend_pickup_lowLight_leftRight,75,,Lying,,0.599,0.0,132.0358
Bend_pickup_lowLight_leftRight,76,,Lying,,0.51,0.0,123.0591
Bend_pickup_lowLight_leftRight,77,,Lying,,0.535,0.0,157.574
Bend_pickup_lowLight_leftRight,78,,Lying,,0.581,0.0,118.8985
Bend_pickup_lowLight_leftRight,79,,Lying,,0.61,0.0,173.7688
Bend_pickup_lowLight_leftRight,80,,Lying,,0.666,0.0,216.7571
Bend_pickup_lowLight_leftRight,81,,Lying,,0.725,0.0,179.6825
Bend_pickup_lowLight_leftRight,82,,Lying,,0.744,0.0,262.3975
Bend_pickup_lowLight_leftRight,83,,Lying,,0.809,0.0,159.5976
Bend_pickup_lowLight_leftRight,84,,Lying,,0.815,0.0,164.8357
Bend_pickup_lowLight_leftRight,85,,Lying,,0.834,0.0,193.4336
Bend_pickup_lowLight_leftRight,86,,Lying,,0.849,0.0,166.1498
Bend_pickup_lowLight_leftRight,87,,Lying,,0.857,0.0,134.3124
Bend_pickup_lowLight_leftRight,88,,Lying,,0.861,0.0,188.6251
Bend_pickup_lowLight_leftRight,89,,Lying,,0.855,0.0,160.1034
Bend_pickup_lowLight_leftRight,90,Standing,Lying,False,0.853,0.0,269.0002
Bend_pickup_lowLight_leftRight,91,Standing,Lying,False,0.886,0.0,241.9019
Bend_pickup_lowLight_leftRight,92,Standing,Lying,False,0.865,0.0,152.5662
Bend_pickup_lowLight_leftRight,93,Standing,Lying,False,0.837,0.0,135.9807
Bend_pickup_lowLight_leftRight,94,Standing,Lying,False,0.856,0.0,191.4609
Bend_pickup_lowLight_leftRight,95,Standing,Lying,False,0.84,0.0,155.8002
Bend_pickup_lowLight_leftRight,96,Standing,Lying,False,0.815,0.0,174.1313
Bend_pickup_lowLight_leftRight,97,Standing,Lying,False,0.782,0.0,209.1945
Bend_pickup_lowLight_leftRight,98,Standing,Lying,False,0.711,0.0,176.1206
Bend_pickup_lowLight_leftRight,99,Standing,Lying,False,0.625,0.0,144.0069
Bend_pickup_lowLight_leftRight,100,Standing,Lying,False,0.521,0.0,145.2263
Bend_pickup_lowLight_leftRight,101,Standing,Standing,True,0.415,0.0,143.0787
Bend_pickup_lowLight_leftRight,102,Standing,Standing,True,0.58,0.0,149.2048
Bend_pickup_lowLight_leftRight,103,Standing,Standing,True,0.7,0.0,151.8261
Bend_pickup_lowLight_leftRight,104,Standing,Standing,True,0.818,0.0,167.6071
Bend_pickup_lowLight_leftRight,105,Standing,Standing,True,0.879,0.0,181.7724
Bend_pickup_lowLight_leftRight,106,Standing,Standing,True,0.903,0.0,217.5838
Bend_pickup_lowLight_leftRight,107,Standing,Standing,True,0.941,0.0,194.7421
Bend_pickup_lowLight_leftRight,108,Standing,Standing,True,0.923,0.0,183.8552
Bend_pickup_lowLight_leftRight,109,Standing,Standing,True,0.952,0.0,210.2395
Bend_pickup_lowLight_leftRight,110,Standing,Standing,True,0.971,0.0,198.0928
Bend_pickup_lowLight_leftRight,111,Standing,Standing,True,0.97,0.0,159.5133
Bend_pickup_lowLight_leftRight,112,Standing,Standing,True,0.983,0.0,174.0067
Bend_pickup_lowLight_leftRight,113,Standing,Standing,True,0.987,0.0,183.2962
Bend_pickup_lowLight_leftRight,114,Standing,Standing,True,0.991,0.0,177.6237
Bend_pickup_lowLight_leftRight,115,Standing,Standing,True,0.994,0.0,163.0826
Bend_pickup_lowLight_leftRight,116,Standing,Standing,True,0.995,0.0,195.3923
Bend_pickup_lowLight_leftRight,117,Standing,Standing,True,0.996,0.0,166.7764
Bend_pickup_lowLight_leftRight,118,Standing,Standing,True,0.996,0.0,172.8579
Bend_pickup_lowLight_leftRight,119,Standing,Standing,True,0.996,0.0,229.3516
Bend_pickup_lowLight_leftRight,120,Standing,Standing,True,0.997,0.0,212.6849
Bend_pickup_lowLight_leftRight,121,Standing,Standing,True,0.996,0.0,168.1929
Bend_pickup_lowLight_leftRight,122,Standing,Standing,True,0.996,0.0,216.7941
Bend_pickup_lowLight_leftRight,123,Standing,Standing,True,0.996,0.0,158.4809
Bend_pickup_lowLight_leftRight,124,Standing,Standing,True,0.997,0.0,157.0804
Bend_pickup_lowLight_leftRight,125,Standing,Standing,True,0.996,0.0,190.3681
Bend_pickup_lowLight_leftRight,126,Standing,Standing,True,0.997,0.0,152.557
Bend_pickup_lowLight_leftRight,127,Standing,Standing,True,0.997,0.0,154.8282
Bend_pickup_lowLight_leftRight,128,Standing,Standing,True,0.997,0.0,129.1505
Bend_pickup_lowLight_leftRight,129,,Standing,,0.996,0.0,146.5718
Bend_pickup_lowLight_leftRight,130,,Standing,,0.996,0.0,113.7748
Bend_pickup_lowLight_leftRight,131,,Standing,,0.996,0.0,119.8879
Bend_pickup_lowLight_leftRight,132,,Standing,,0.997,0.0,140.4256
Bend_pickup_lowLight_leftRight,133,,Standing,,0.997,0.0,141.7233
Bend_pickup_lowLight_leftRight,134,,Standing,,0.997,0.0,131.2817
Bend_pickup_lowLight_leftRight,135,,Standing,,0.997,0.0,147.547
Bend_pickup_lowLight_leftRight,136,,Standing,,0.997,0.0,115.1882
Bend_pickup_lowLight_leftRight,137,,Standing,,0.997,0.0,111.5709
Bend_pickup_lowLight_leftRight,138,,Standing,,0.997,0.0,107.2333
Bend_pickup_lowLight_leftRight,139,,Standing,,0.997,0.0,129.484
Bend_pickup_lowLight_leftRight,140,,Standing,,0.997,0.0,145.2465
Bend_pickup_lowLight_leftRight,141,,Standing,,0.997,0.0,160.4698
Bend_pickup_lowLight_leftRight,142,,Standing,,0.997,0.0,155.6025
Bend_pickup_lowLight_leftRight,143,,Standing,,0.997,0.0,140.6801
Bend_pickup_lowLight_leftRight,144,,Standing,,0.997,0.0,119.1874
Bend_pickup_lowLight_leftRight,145,,Standing,,0.996,0.0,114.6553
Bend_pickup_lowLight_leftRight,146,,Standing,,0.996,0.0,123.6574
Bend_pickup_lowLight_leftRight,147,,Standing,,0.995,0.0,119.5137
Bend_pickup_lowLight_leftRight,148,,Standing,,0.995,0.0,108.2559
Bend_pickup_lowLight_leftRight,149,,Standing,,0.994,0.0,106.3147
Bend_pickup_lowLight_leftRight,150,,Standing,,0.994,0.0,102.1034
Bend_pickup_lowLight_leftRight,151,,Standing,,0.993,0.0,104.6503
Bend_pickup_lowLight_leftRight,152,,Standing,,0.992,0.0,131.7046
Bend_pickup_lowLight_leftRight,153,,Standing,,0.991,0.0,125.1
Bend_pickup_lowLight_leftRight,154,,Standing,,0.991,0.0,114.2518
Bend_pickup_lowLight_leftRight,155,,Standing,,0.99,0.0,128.4595
Bend_pickup_lowLight_leftRight,156,,Standing,,0.989,0.0,121.7362
Bend_pickup_lowLight_leftRight,157,,Standing,,0.988,0.0,136.3152
Bend_pickup_lowLight_leftRight,158,,Standing,,0.988,0.0,125.1717
Bend_pickup_lowLight_leftRight,159,,Standing,,0.987,0.0,108.8167
Bend_pickup_lowLight_leftRight,160,,Standing,,0.987,0.0,160.3912
Bend_pickup_lowLight_leftRight,161,,Standing,,0.985,0.0,105.4484
Bend_pickup_lowLight_leftRight,162,,Standing,,0.983,0.0,95.4919
Bend_pickup_lowLight_leftRight,163,,Standing,,0.98,0.0,92.3813
Bend_pickup_lowLight_leftRight,164,,Standing,,0.975,0.0,88.0054
Bend_pickup_lowLight_leftRight,165,,Standing,,0.969,0.0,100.2746
Bend_pickup_lowLight_leftRight,166,,Standing,,0.959,0.0,93.6429
Bend_pickup_lowLight_leftRight,167,,Standing,,0.953,0.0,87.9679
Bend_pickup_lowLight_leftRight,168,,Standing,,0.937,0.0,103.1448
Bend_pickup_lowLight_leftRight,169,,Standing,,0.909,0.0,115.3552
Bend_pickup_lowLight_leftRight,170,,Standing,,0.868,0.0,103.2674
Bend_pickup_lowLight_leftRight,171,,Standing,,0.795,0.0,95.2669
Bend_pickup_lowLight_leftRight,172,,Standing,,0.685,0.0,101.0233
Bend_pickup_lowLight_leftRight,173,,Standing,,0.555,0.0,96.7532
Bend_pickup_lowLight_leftRight,174,,Standing,,0.423,0.0,86.307
Bend_pickup_lowLight_leftRight,175,,Lying,,0.397,0.0,98.9807
Bend_pickup_lowLight_leftRight,176,,Lying,,0.452,0.0,94.8258
Bend_pickup_lowLight_leftRight,177,,Lying,,0.452,0.0,91.8034
Bend_pickup_lowLight_leftRight,178,,Lying,,0.454,0.0,110.8276
Bend_pickup_lowLight_leftRight,179,,Lying,,0.448,0.0,104.3537
Bend_pickup_lowLight_leftRight,180,,Lying,,0.507,0.0,102.2671
Bend_pickup_lowLight_leftRight,181,,Lying,,0.592,0.0,116.4838
Bend_pickup_lowLight_leftRight,182,,Lying,,0.66,0.0,127.2253
Bend_pickup_lowLight_leftRight,183,,Lying,,0.725,0.0,113.4398
Bend_pickup_lowLight_leftRight,184,,Lying,,0.751,0.0,214.9813
Bend_pickup_lowLight_leftRight,185,,Lying,,0.78,0.0,147.5356
Bend_pickup_lowLight_leftRight,186,,Lying,,0.814,0.0,167.8422
Bend_pickup_lowLight_leftRight,187,,Lying,,0.829,0.0,138.1122
Bend_pickup_lowLight_leftRight,188,,Lying,,0.875,0.0,120.6465
Bend_pickup_lowLight_leftRight,189,,Lying,,0.89,0.0,110.8972
Bend_pickup_lowLight_leftRight,190,,Lying,,0.886,0.0,120.0025
Bend_pickup_lowLight_leftRight,191,,Lying,,0.982,0.0,119.6622
Bend_pickup_lowLight_leftRight,192,,Lying,,0.945,0.0,141.5728
Bend_pickup_lowLight_leftRight,193,,Lying,,0.978,0.0,102.629
Bend_pickup_lowLight_leftRight,194,,Lying,,0.98,0.0,100.2516
Bend_pickup_lowLight_leftRight,195,,Lying,,0.956,0.0,98.9347
Bend_pickup_lowLight_leftRight,196,,Lying,,0.927,0.0,97.0203
Bend_pickup_lowLight_leftRight,197,,Lying,,0.924,0.0,100.332
Bend_pickup_lowLight_leftRight,198,,Lying,,0.943,0.0,85.3594
Bend_pickup_lowLight_leftRight,199,,Lying,,0.593,0.0,77.5071
Bend_pickup_lowLight_leftRight,200,,Lying,,0.612,0.0,73.6917
Bend_pickup_lowLight_leftRight,201,,Lying,,0.444,0.0,89.9452
Bend_pickup_lowLight_leftRight,202,,Lying,,0.456,0.0,74.74
Bend_pickup_lowLight_leftRight,203,,Lying,,0.638,0.0,74.7472
Bend_pickup_lowLight_leftRight,204,,Lying,,0.479,0.0,80.8484
Bend_pickup_lowLight_leftRight,205,,Lying,,0.534,0.0,70.4308
Bend_pickup_lowLight_leftRight,206,Standing,Lying,False,0.551,0.0,77.3305
Bend_pickup_lowLight_leftRight,207,Standing,Lying,False,0.604,0.0,83.8855
Bend_pickup_lowLight_leftRight,208,Standing,Lying,False,0.531,0.0,71.919
Bend_pickup_lowLight_leftRight,209,Standing,Lying,False,0.684,0.0,68.3965
Bend_pickup_lowLight_leftRight,210,Standing,Lying,False,0.764,0.0,91.1539
Bend_pickup_lowLight_leftRight,211,Standing,Lying,False,0.784,0.0,99.1709
Bend_pickup_lowLight_leftRight,212,Standing,Lying,False,0.754,0.0,80.4735
Bend_pickup_lowLight_leftRight,213,Standing,Lying,False,0.722,0.0,75.849
Bend_pickup_lowLight_leftRight,214,Standing,Lying,False,0.62,0.0,78.9466
Bend_pickup_lowLight_leftRight,215,Standing,Lying,False,0.52,0.0,70.3332
Bend_pickup_lowLight_leftRight,216,Standing,Standing,True,0.61,0.0,68.4382
Bend_pickup_lowLight_leftRight,217,Standing,Standing,True,0.784,0.0,72.9254
Bend_pickup_lowLight_leftRight,218,Standing,Standing,True,0.91,0.0,71.8385
Bend_pickup_lowLight_leftRight,219,Standing,Standing,True,0.968,0.0,96.6484
Bend_pickup_lowLight_leftRight,220,Standing,Standing,True,0.97,0.0,87.2805
Bend_pickup_lowLight_leftRight,221,Standing,Standing,True,0.979,0.0,97.3058
Bend_pickup_lowLight_leftRight,222,Standing,Standing,True,0.99,0.0,93.3217
Bend_pickup_lowLight_leftRight,223,Standing,Standing,True,0.993,0.0,98.1037
Bend_pickup_lowLight_leftRight,224,Standing,Standing,True,0.994,0.0,75.9086
Bend_pickup_lowLight_leftRight,225,Standing,Standing,True,0.995,0.0,101.7311
Bend_pickup_lowLight_leftRight,226,Standing,Standing,True,0.994,0.0,183.6578
Bend_pickup_lowLight_leftRight,227,Standing,Standing,True,0.996,0.0,110.3729
Bend_pickup_lowLight_leftRight,228,Standing,Standing,True,0.996,0.0,117.2186
Bend_pickup_lowLight_leftRight,229,Standing,Standing,True,0.997,0.0,103.9132
Bend_pickup_lowLight_leftRight,230,Standing,Standing,True,0.996,0.0,107.9751
Bend_pickup_lowLight_leftRight,231,Standing,Standing,True,0.996,0.0,101.7923
Bend_pickup_lowLight_leftRight,232,Standing,Standing,True,0.997,0.0,126.6227
Bend_pickup_lowLight_leftRight,233,,Standing,,0.998,0.0,108.0701
Bend_pickup_lowLight_leftRight,234,,Standing,,0.998,0.0,93.701
Bend_pickup_lowLight_leftRight,235,,Standing,,0.998,0.0,103.2435
Bend_pickup_lowLight_leftRight,236,,Standing,,0.998,0.0,104.0527
Bend_pickup_lowLight_leftRight,237,,Standing,,0.998,0.0,101.7847
Bend_pickup_lowLight_leftRight,238,,Standing,,0.998,0.0,111.4315
Bend_pickup_lowLight_leftRight,239,,Standing,,0.998,0.0,91.3445
Bend_pickup_lowLight_leftRight,240,,Standing,,0.998,0.0,96.5266
Bend_pickup_lowLight_leftRight,241,,Standing,,0.998,0.0,88.0186
Bend_pickup_lowLight_leftRight,242,,Standing,,0.998,0.0,77.3037
Bend_pickup_normalLight_back,31,Standing,Standing,True,0.995,0.0,86.0327
Bend_pickup_normalLight_back,32,Standing,Standing,True,0.994,0.0,73.0364
Bend_pickup_normalLight_back,33,Standing,Standing,True,0.994,0.0,71.8808
Bend_pickup_normalLight_back,34,Standing,Standing,True,0.993,0.0,68.2559
Bend_pickup_normalLight_back,35,Standing,Standing,True,0.992,0.0,66.9899
Bend_pickup_normalLight_back,36,Standing,Standing,True,0.992,0.0,71.6113
Bend_pickup_normalLight_back,37,Standing,Standing,True,0.992,0.0,80.9573
Bend_pickup_normalLight_back,38,Standing,Standing,True,0.992,0.0,73.1259
Bend_pickup_normalLight_back,39,Standing,Standing,True,0.992,0.0,79.6633
Bend_pickup_normalLight_back,40,Standing,Standing,True,0.992,0.0,74.8994
Bend_pickup_normalLight_back,41,Standing,Standing,True,0.992,0.0,74.5621
Bend_pickup_normalLight_back,42,Standing,Standing,True,0.993,0.0,91.1463
Bend_pickup_normalLight_back,43,Standing,Standing,True,0.992,0.0,88.2636
Bend_pickup_normalLight_back,44,Standing,Standing,True,0.992,0.0,91.5904
Bend_pickup_normalLight_back,45,Standing,Standing,True,0.991,0.0,88.7403
Bend_pickup_normalLight_back,46,Standing,Standing,True,0.991,0.0,89.807
Bend_pickup_normalLight_back,47,Standing,Standing,True,0.99,0.0,84.9588
Bend_pickup_normalLight_back,48,Standing,Standing,True,0.989,0.0,74.8002
Bend_pickup_normalLight_back,49,Standing,Standing,True,0.988,0.0,92.2131
Bend_pickup_normalLight_back,50,Standing,Standing,True,0.987,0.0,85.9343
Bend_pickup_normalLight_back,51,Standing,Standing,True,0.986,0.0,88.8758
Bend_pickup_normalLight_back,52,Standing,Standing,True,0.984,0.0,86.3766
Bend_pickup_normalLight_back,53,Standing,Standing,True,0.983,0.0,75.7199
Bend_pickup_normalLight_back,54,Standing,Standing,True,0.982,0.0,80.9963
Bend_pickup_normalLight_back,55,Standing,Standing,True,0.981,0.0,95.3751
Bend_pickup_normalLight_back,56,Standing,Standing,True,0.981,0.0,83.4106
Bend_pickup_normalLight_back,57,Standing,Standing,True,0.978,0.0,87.5082
Bend_pickup_normalLight_back,58,,Standing,,0.977,0.0,86.9142
Bend_pickup_normalLight_back,59,,Standing,,0.981,0.0,89.2518
Bend_pickup_normalLight_back,60,,Standing,,0.981,0.0,106.0151
Bend_pickup_normalLight_back,61,,Standing,,0.982,0.0,106.1761
Bend_pickup_normalLight_back,62,,Standing,,0.983,0.0,109.645
Bend_pickup_normalLight_back,63,,Standing,,0.983,0.0,107.2301
Bend_pickup_normalLight_back,64,,Standing,,0.985,0.0,114.7478
Bend_pickup_normalLight_back,65,,Standing,,0.983,0.0,117.1286
Bend_pickup_normalLight_back,66,,Standing,,0.984,0.0,113.0998
Bend_pickup_normalLight_back,67,,Standing,,0.985,0.0,113.7272
Bend_pickup_normalLight_back,68,,Standing,,0.985,0.0,99.8237
Bend_pickup_normalLight_back,69,,Standing,,0.985,0.0,93.975
Bend_pickup_normalLight_back,70,,Standing,,0.985,0.0,94.4277
Bend_pickup_normalLight_back,71,,Standing,,0.984,0.0,102.2049
Bend_pickup_normalLight_back,72,,Standing,,0.984,0.0,105.1014
Bend_pickup_normalLight_back,73,,Standing,,0.985,0.0,128.2142
Bend_pickup_normalLight_back,74,,Standing,,0.986,0.0,138.4352
Bend_pickup_normalLight_back,75,,Standing,,0.987,0.0,169.5257
Bend_pickup_normalLight_back,76,,Standing,,0.988,0.0,157.1736
Bend_pickup_normalLight_back,77,,Standing,,0.988,0.0,131.8882
Bend_pickup_normalLight_back,78,,Standing,,0.989,0.0,105.6967
Bend_pickup_normalLight_back,79,,Standing,,0.99,0.0,108.4312
Bend_pickup_normalLight_back,80,,Standing,,0.99,0.0,122.4225
Bend_pickup_normalLight_back,81,,Standing,,0.991,0.0,116.4099
Bend_pickup_normalLight_back,82,,Standing,,0.991,0.0,111.1456
Bend_pickup_normalLight_back,83,,Standing,,0.991,0.0,138.2139
Bend_pickup_normalLight_back,84,,Standing,,0.992,0.0,138.8876
Bend_pickup_normalLight_back,85,,Standing,,0.993,0.0,137.7916
Bend_pickup_normalLight_back,86,,Standing,,0.994,0.0,122.0045
Bend_pickup_normalLight_back,87,,Standing,,0.994,0.0,112.7628
Bend_pickup_normalLight_back,88,,Standing,,0.994,0.0,121.8329
Bend_pickup_normalLight_back,89,,Standing,,0.994,0.0,128.5065
Bend_pickup_normalLight_back,90,,Standing,,0.995,0.0,228.902
Bend_pickup_normalLight_back,91,,Standing,,0.996,0.0,148.5222
Bend_pickup_normalLight_back,92,,Standing,,0.996,0.0,210.1012
Bend_pickup_normalLight_back,93,,Standing,,0.997,0.0,160.6338
Bend_pickup_normalLight_back,94,,Standing,,0.997,0.0,147.802
Bend_pickup_normalLight_back,95,,Standing,,0.997,0.0,140.9713
Bend_pickup_normalLight_back,96,,Standing,,0.996,0.0,129.565
Bend_pickup_normalLight_back,97,,Standing,,0.997,0.0,119.167
Bend_pickup_normalLight_back,98,,Standing,,0.997,0.0,118.1924
Bend_pickup_normalLight_back,99,,Standing,,0.997,0.0,144.7742
Bend_pickup_normalLight_back,100,,Standing,,0.997,1.0,155.4633
Bend_pickup_normalLight_back,101,,Standing,,0.997,0.0,331.701
Bend_pickup_normalLight_back,102,,Standing,,0.998,0.0,180.6058
Bend_pickup_normalLight_back,103,,Standing,,0.998,0.0,171.1231
Bend_pickup_normalLight_back,104,,Standing,,0.997,0.0,176.3831
Bend_pickup_normalLight_back,105,,Standing,,0.997,0.0,164.8896
Bend_pickup_normalLight_back,106,,Standing,,0.998,0.0,148.7455
Bend_pickup_normalLight_back,107,,Standing,,0.997,0.0,127.1607
Bend_pickup_normalLight_back,108,,Standing,,0.998,0.0,146.2244
Bend_pickup_normalLight_back,109,,Standing,,0.998,0.0,140.2157
Bend_pickup_normalLight_back,110,,Standing,,0.998,0.0,130.9539
Bend_pickup_normalLight_back,111,,Standing,,0.998,0.0,148.5805
Bend_pickup_normalLight_back,112,,Standing,,0.998,0.0,158.0104
Bend_pickup_normalLight_back,113,,Standing,,0.997,0.0,147.0951
Bend_pickup_normalLight_back,114,,Standing,,0.998,0.0,152.013
Bend_pickup_normalLight_back,115,,Standing,,0.998,0.0,176.7835
Bend_pickup_normalLight_back,116,,Standing,,0.998,0.0,146.4177
Bend_pickup_normalLight_back,117,,Standing,,0.997,0.0,125.1431
Bend_pickup_normalLight_back,118,,Standing,,0.997,0.0,142.8094
Bend_pickup_normalLight_back,119,,Standing,,0.997,0.0,132.6495
Bend_pickup_normalLight_back,120,,Standing,,0.997,0.0,108.5356
Bend_pickup_normalLight_back,121,,Standing,,0.997,0.0,121.1678
Bend_pickup_normalLight_back,122,,Standing,,0.997,0.0,132.6979
Bend_pickup_normalLight_back,123,,Standing,,0.997,0.0,169.3328
Bend_pickup_normalLight_back,124,,Standing,,0.996,0.0,157.2255
Bend_pickup_normalLight_back,125,,Standing,,0.997,0.0,141.5512
Bend_pickup_normalLight_back,126,,Standing,,0.996,0.0,137.4216
Bend_pickup_normalLight_back,127,,Standing,,0.995,0.0,129.635
Bend_pickup_normalLight_back,128,,Standing,,0.996,0.0,123.5887
Bend_pickup_normalLight_back,129,,Standing,,0.996,0.0,117.7572
Bend_pickup_normalLight_back,130,,Standing,,0.997,0.0,199.5269
Bend_pickup_normalLight_back,131,,Standing,,0.997,0.0,178.2854
Bend_pickup_normalLight_back,132,,Standing,,0.996,0.0,175.4736
Bend_pickup_normalLight_back,133,,Standing,,0.997,0.0,269.7176
Bend_pickup_normalLight_back,134,,Standing,,0.997,0.0,200.9979
Bend_pickup_normalLight_back,135,,Standing,,0.997,0.0,195.0654
Bend_pickup_normalLight_back,136,,Standing,,0.996,0.0,146.6936
Bend_pickup_normalLight_back,137,,Standing,,0.997,0.0,138.7482
Bend_pickup_normalLight_back,138,,Standing,,0.996,0.0,140.6649
Bend_pickup_normalLight_back,139,,Standing,,0.996,0.0,108.6519
Bend_pickup_normalLight_back,140,,Standing,,0.996,0.0,135.894
Bend_pickup_normalLight_back,141,,Standing,,0.996,0.0,204.6901
Bend_pickup_normalLight_back,142,,Standing,,0.996,0.0,199.6219
Bend_pickup_normalLight_back,143,,Standing,,0.995,0.0,198.8742
Bend_pickup_normalLight_back,144,,Standing,,0.996,0.0,217.3653
Bend_pickup_normalLight_back,145,,Standing,,0.996,0.0,217.7952
Bend_pickup_normalLight_back,146,Standing,Standing,True,0.996,0.0,213.5506
Bend_pickup_normalLight_back,147,Standing,Standing,True,0.995,0.0,126.9079
Bend_pickup_normalLight_back,148,Standing,Standing,True,0.995,0.0,119.8905
Bend_pickup_normalLight_back,149,Standing,Standing,True,0.996,0.0,123.6759
Bend_pickup_normalLight_back,150,Standing,Standing,True,0.996,0.0,99.1768
Bend_pickup_normalLight_back,151,Standing,Standing,True,0.996,0.0,95.1881
Bend_pickup_normalLight_back,152,Standing,Standing,True,0.996,0.0,104.3042
Bend_pickup_normalLight_back,153,Standing,Standing,True,0.996,0.0,89.8586
Bend_pickup_normalLight_back,154,Standing,Standing,True,0.996,0.0,79.5441
Bend_pickup_normalLight_back,155,Standing,Standing,True,0.996,0.0,77.069
Bend_pickup_normalLight_back,156,Standing,Standing,True,0.996,0.0,73.7003
Bend_pickup_normalLight_back,157,Standing,Standing,True,0.996,0.0,72.2414
Bend_pickup_normalLight_back,158,Standing,Standing,True,0.995,0.0,68.0987
Bend_pickup_normalLight_back,159,Standing,Standing,True,0.995,0.0,65.787
Bend_pickup_normalLight_back,160,Standing,Standing,True,0.995,0.0,67.0679
Bend_pickup_normalLight_back,161,Standing,Standing,True,0.995,0.0,89.7125
Bend_pickup_normalLight_back,162,Standing,Standing,True,0.995,0.0,76.561
Bend_pickup_normalLight_back,163,Standing,Standing,True,0.995,0.0,72.7264
Bend_pickup_normalLight_back,164,Standing,Standing,True,0.995,0.0,75.452
Bend_pickup_normalLight_back,165,Standing,Standing,True,0.996,0.0,76.6197
Bend_pickup_normalLight_back,166,Standing,Standing,True,0.996,0.0,74.7941
Bend_pickup_normalLight_back,167,Standing,Standing,True,0.996,0.0,81.4587
Bend_pickup_normalLight_back,168,Standing,Standing,True,0.996,0.0,90.7592
Bend_pickup_normalLight_back,169,Standing,Standing,True,0.995,0.0,88.734
Bend_pickup_normalLight_back,170,Standing,Standing,True,0.995,0.0,83.4679
Bend_pickup_normalLight_back,171,Standing,Standing,True,0.995,0.0,80.4467
Bend_pickup_normalLight_back,172,Standing,Standing,True,0.995,0.0,91.0767
Bend_pickup_normalLight_back,173,Standing,Standing,True,0.994,0.0,96.0029
Bend_pickup_normalLight_back,174,Standing,Standing,True,0.994,0.0,90.9968
Bend_pickup_normalLight_back,175,,Standing,,0.994,0.0,108.2974
Bend_pickup_normalLight_back,176,,Standing,,0.993,0.0,170.0055
Bend_pickup_normalLight_back,177,,Standing,,0.993,0.0,113.1682
Bend_pickup_normalLight_back,178,,Standing,,0.992,0.0,107.0463
Bend_pickup_normalLight_back,179,,Standing,,0.992,0.0,91.4065
Bend_pickup_normalLight_back,180,,Standing,,0.992,0.0,90.1638
Bend_pickup_normalLight_back,181,,Standing,,0.991,0.0,89.1485
Bend_pickup_normalLight_back,182,,Standing,,0.991,0.0,79.1987
Bend_pickup_normalLight_back,183,,Standing,,0.99,0.0,88.6563
Bend_pickup_normalLight_back,184,,Standing,,0.989,0.0,111.6659
Bend_pickup_normalLight_back,185,,Standing,,0.989,0.0,105.2267
Bend_pickup_normalLight_back,186,,Standing,,0.987,0.0,94.174
Bend_pickup_normalLight_back,187,,Standing,,0.986,0.0,103.5489
Bend_pickup_normalLight_back,188,,Standing,,0.984,0.0,96.7497
Bend_pickup_normalLight_back,189,,Standing,,0.982,0.0,95.2096
Bend_pickup_normalLight_back,190,,Standing,,0.979,0.0,92.3102
Bend_pickup_normalLight_back,191,,Standing,,0.974,0.0,94.7349
Bend_pickup_normalLight_back,192,,Standing,,0.973,0.0,89.6508
Bend_pickup_normalLight_back,193,,Standing,,0.974,0.0,91.457
Bend_pickup_normalLight_back,194,,Standing,,0.973,0.0,81.3808
Bend_pickup_normalLight_back,195,,Standing,,0.973,0.0,115.3173
Bend_pickup_normalLight_back,196,,Standing,,0.973,0.0,105.766
Bend_pickup_normalLight_back,197,,Standing,,0.967,0.0,120.7049
Bend_pickup_normalLight_back,198,,Standing,,0.965,0.0,210.2361
Bend_pickup_normalLight_back,199,,Standing,,0.959,0.0,116.309
Bend_pickup_normalLight_back,200,,Standing,,0.947,0.0,115.1106
Bend_pickup_normalLight_back,201,,Standing,,0.931,0.0,159.5466
Bend_pickup_normalLight_back,202,,Standing,,0.904,0.0,147.6489
Bend_pickup_normalLight_back,203,,Standing,,0.893,0.0,115.0095
Bend_pickup_normalLight_back,204,,Standing,,0.837,0.0,150.2182
Bend_pickup_normalLight_back,205,,Standing,,0.776,0.0,112.3324
Bend_pickup_normalLight_back,206,,Standing,,0.69,0.0,106.8025
Bend_pickup_normalLight_back,207,,Standing,,0.588,0.0,121.8864
Bend_pickup_normalLight_back,208,,Standing,,0.471,0.0,177.0851
Bend_pickup_normalLight_back,209,,Sitting,,0.527,0.0,234.4189
Bend_pickup_normalLight_back,210,,Sitting,,0.602,0.0,152.0297
Bend_pickup_normalLight_back,211,,Sitting,,0.663,0.0,129.0597
Bend_pickup_normalLight_back,212,,Sitting,,0.713,0.0,149.3611
Bend_pickup_normalLight_back,213,,Sitting,,0.758,0.0,211.9808
Bend_pickup_normalLight_back,214,,Sitting,,0.801,0.0,149.8515
Bend_pickup_normalLight_back,215,,Sitting,,0.835,0.0,156.4495
Bend_pickup_normalLight_back,216,,Sitting,,0.856,0.0,160.0189
Bend_pickup_normalLight_back,217,,Sitting,,0.878,0.0,167.2932
Bend_pickup_normalLight_back,218,,Sitting,,0.89,0.0,141.6321
Bend_pickup_normalLight_back,219,,Sitting,,0.899,0.0,132.7513
Bend_pickup_normalLight_back,220,,Sitting,,0.906,0.0,120.8335
Bend_pickup_normalLight_back,221,,Sitting,,0.908,0.0,114.1205
Bend_pickup_normalLight_back,222,,Sitting,,0.911,0.0,102.5606
Bend_pickup_normalLight_back,223,,Sitting,,0.91,0.0,102.9128
Bend_pickup_normalLight_back,224,,Sitting,,0.908,0.0,105.5425
Bend_pickup_normalLight_back,225,,Sitting,,0.899,0.0,106.1655
Bend_pickup_normalLight_back,226,,Sitting,,0.878,0.0,154.5095
Bend_pickup_normalLight_back,227,,Sitting,,0.858,0.0,189.7335
Bend_pickup_normalLight_back,228,,Sitting,,0.83,0.0,152.2389
Bend_pickup_normalLight_back,229,,Sitting,,0.826,0.0,137.3156
Bend_pickup_normalLight_back,230,,Sitting,,0.784,0.0,114.4035
Bend_pickup_normalLight_back,231,,Sitting,,0.782,0.0,117.2064
Bend_pickup_normalLight_back,232,,Sitting,,0.783,0.0,129.8066
Bend_pickup_normalLight_back,233,,Sitting,,0.785,0.0,120.3738
Bend_pickup_normalLight_back,234,,Sitting,,0.794,0.0,118.4825
Bend_pickup_normalLight_back,235,,Sitting,,0.804,0.0,160.99
Bend_pickup_normalLight_back,236,,Sitting,,0.8,0.0,117.0386
Bend_pickup_normalLight_back,237,,Sitting,,0.811,0.0,144.4339
Bend_pickup_normalLight_back,238,,Sitting,,0.831,0.0,109.9671
Bend_pickup_normalLight_back,239,,Sitting,,0.851,0.0,128.7563
Bend_pickup_normalLight_back,240,,Sitting,,0.875,0.0,119.3483
Bend_pickup_normalLight_back,241,,Sitting,,0.889,0.0,111.902
Bend_pickup_normalLight_back,242,,Sitting,,0.891,0.0,137.2796
Bend_pickup_normalLight_back,243,,Sitting,,0.901,0.0,143.6229
Bend_pickup_normalLight_back,244,,Sitting,,0.896,0.0,177.2139
Bend_pickup_normalLight_back,245,,Sitting,,0.884,0.0,126.303
Bend_pickup_normalLight_back,246,,Sitting,,0.863,0.0,127.5302
Bend_pickup_normalLight_back,247,,Sitting,,0.841,0.0,176.3914
Bend_pickup_normalLight_back,248,,Sitting,,0.81,0.0,118.4379
Bend_pickup_normalLight_back,249,,Sitting,,0.771,0.0,135.2653
Bend_pickup_normalLight_back,250,,Sitting,,0.724,0.0,134.0079
Bend_pickup_normalLight_back,251,,Sitting,,0.664,0.0,123.3882
Bend_pickup_normalLight_back,252,,Sitting,,0.563,0.0,127.6859
Bend_pickup_normalLight_back,253,,Sitting,,0.455,0.0,113.7432
Bend_pickup_normalLight_back,254,,Standing,,0.539,0.0,110.1978
Bend_pickup_normalLight_back,255,,Standing,,0.699,0.0,111.2556
Bend_pickup_normalLight_back,256,,Standing,,0.776,0.0,96.8342
Bend_pickup_normalLight_back,257,,Standing,,0.857,0.0,98.3677
Bend_pickup_normalLight_back,258,,Standing,,0.939,0.0,85.848
Bend_pickup_normalLight_back,259,,Standing,,0.954,0.0,74.5828
Bend_pickup_normalLight_back,260,,Standing,,0.974,0.0,73.796
Bend_pickup_normalLight_back,261,,Standing,,0.983,0.0,75.264
Bend_pickup_normalLight_back,262,Standing,Standing,True,0.987,0.0,74.1753
Bend_pickup_normalLight_back,263,Standing,Standing,True,0.989,0.0,71.3627
Bend_pickup_normalLight_back,264,Standing,Standing,True,0.991,0.0,81.3055
Bend_pickup_normalLight_back,265,Standing,Standing,True,0.992,0.0,96.5955
Bend_pickup_normalLight_back,266,Standing,Standing,True,0.993,0.0,103.0146
Bend_pickup_normalLight_back,267,Standing,Standing,True,0.993,0.0,105.8946
Bend_pickup_normalLight_back,268,Standing,Standing,True,0.993,0.0,104.6388
Bend_pickup_normalLight_back,269,Standing,Standing,True,0.993,0.0,119.1592
Bend_pickup_normalLight_back,270,Standing,Standing,True,0.993,0.0,99.0291
Bend_pickup_normalLight_back,271,Standing,Standing,True,0.992,0.0,111.151
Bend_pickup_normalLight_back,272,Standing,Standing,True,0.991,0.0,115.0458
Bend_pickup_normalLight_back,273,Standing,Standing,True,0.99,0.0,118.2528
Bend_pickup_normalLight_back,274,Standing,Standing,True,0.987,0.0,122.85
Bend_pickup_normalLight_back,275,Standing,Standing,True,0.987,0.0,127.9752
Bend_pickup_normalLight_back,276,Standing,Standing,True,0.985,0.0,128.2067
Bend_pickup_normalLight_back,277,Standing,Standing,True,0.985,0.0,106.9341
Bend_pickup_normalLight_back,278,Standing,Standing,True,0.985,0.0,110.2002
Bend_pickup_normalLight_back,279,Standing,Standing,True,0.984,0.0,105.4799
Bend_pickup_normalLight_back,280,Standing,Standing,True,0.983,0.0,101.1572
Bend_pickup_normalLight_back,281,Standing,Standing,True,0.985,0.0,92.2757
Bend_pickup_normalLight_back,282,Standing,Standing,True,0.984,0.0,80.75
Bend_pickup_normalLight_back,283,Standing,Standing,True,0.986,0.0,77.9306
Bend_pickup_normalLight_back,284,Standing,Standing,True,0.986,0.0,76.3704
Bend_pickup_normalLight_back,285,Standing,Standing,True,0.986,0.0,81.4526
Bend_pickup_normalLight_back,286,Standing,Standing,True,0.986,0.0,72.3308
Bend_pickup_normalLight_back,287,Standing,Standing,True,0.986,0.0,71.2508
Bend_pickup_normalLight_back,288,Standing,Standing,True,0.983,0.0,70.6113
Bend_pickup_normalLight_back,289,Standing,Standing,True,0.985,0.0,70.6584
Bend_pickup_normalLight_back,290,Standing,Standing,True,0.986,0.0,73.8397
Bend_pickup_normalLight_back,291,Standing,Standing,True,0.985,0.0,87.2121
Bend_pickup_normalLight_back,292,,Standing,,0.987,0.0,78.7927
Bend_pickup_normalLight_back,293,,Standing,,0.986,0.0,90.8766
Bend_pickup_normalLight_back,294,,Standing,,0.986,0.0,92.8137
Bend_pickup_normalLight_back,295,,Standing,,0.987,0.0,106.5658
Bend_pickup_normalLight_back,296,,Standing,,0.987,0.0,106.0089
Bend_pickup_normalLight_back,297,,Standing,,0.987,0.0,107.4105
Bend_pickup_normalLight_back,298,,Standing,,0.986,0.0,93.8354
Bend_pickup_normalLight_back,299,,Standing,,0.986,0.0,80.1335
Bend_pickup_normalLight_back,300,,Standing,,0.985,0.0,73.939
Bend_pickup_normalLight_back,301,,Standing,,0.983,0.0,75.5068
Bend_pickup_normalLight_back,302,,Standing,,0.98,0.0,73.6961
Bend_pickup_normalLight_back,303,,Standing,,0.977,0.0,125.3613
Bend_pickup_normalLight_back,304,,Standing,,0.973,0.0,67.107
Bend_pickup_normalLight_back,305,,Standing,,0.968,0.0,67.729
Bend_pickup_normalLight_back,306,,Standing,,0.963,0.0,66.4117
Bend_pickup_normalLight_back,307,,Standing,,0.961,0.0,70.2058
Bend_pickup_normalLight_back,308,,Standing,,0.954,0.0,69.0299
Bend_pickup_normalLight_back,309,,Standing,,0.958,0.0,70.9983
Bend_pickup_normalLight_back,310,,Standing,,0.953,0.0,72.8101
Bend_pickup_normalLight_back,311,,Standing,,0.95,0.0,81.0828
Bend_pickup_normalLight_back,312,,Standing,,0.946,0.0,90.2828
Bend_pickup_normalLight_back,313,,Standing,,0.943,0.0,103.7069
Bend_pickup_normalLight_back,314,,Standing,,0.94,0.0,106.193
Bend_pickup_normalLight_back,315,,Standing,,0.939,0.0,118.3386
Bend_pickup_normalLight_back,316,,Standing,,0.941,0.0,142.4411
Bend_pickup_normalLight_back,317,,Standing,,0.943,0.0,84.2796
Bend_pickup_normalLight_back,318,,Standing,,0.946,0.0,82.2181
Bend_pickup_normalLight_back,319,,Standing,,0.95,0.0,71.9508
Bend_pickup_normalLight_back,320,,Standing,,0.951,0.0,74.8864
Bend_pickup_normalLight_back,321,,Standing,,0.956,0.0,78.1396
Bend_pickup_normalLight_back,322,,Standing,,0.956,0.0,98.5966
Bend_pickup_normalLight_back,323,,Standing,,0.955,0.0,135.809
Bend_pickup_normalLight_back,324,,Standing,,0.955,0.0,80.4962
Bend_pickup_normalLight_back,325,,Standing,,0.958,0.0,90.3814
Bend_pickup_normalLight_back,326,,Standing,,0.962,0.0,79.2098
Bend_pickup_normalLight_back,327,,Standing,,0.961,0.0,89.822
Bend_pickup_normalLight_back,328,,Standing,,0.965,0.0,78.2189
Bend_pickup_normalLight_back,329,,Standing,,0.966,0.0,76.1433
Bend_pickup_normalLight_back,330,,Standing,,0.966,0.0,74.0312
Bend_pickup_normalLight_back,331,,Standing,,0.971,0.0,71.316
Bend_pickup_normalLight_back,332,,Standing,,0.971,0.0,69.748
Bend_pickup_normalLight_back,333,,Standing,,0.972,0.0,75.0836
Bend_pickup_normalLight_back,334,,Standing,,0.976,0.0,81.3377
Bend_pickup_normalLight_back,335,,Standing,,0.979,0.0,65.203
Bend_pickup_normalLight_back,336,,Standing,,0.982,0.0,75.7528
Bend_pickup_normalLight_back,337,,Standing,,0.982,0.0,70.8833
Bend_pickup_normalLight_back,338,,Standing,,0.982,0.0,72.2945
Bend_pickup_normalLight_back,339,,Standing,,0.983,0.0,70.4341
Bend_pickup_normalLight_back,340,,Standing,,0.98,0.0,75.0165
Bend_pickup_normalLight_back,341,,Standing,,0.976,0.0,94.1991
Bend_pickup_normalLight_back,342,,Standing,,0.968,0.0,96.2296
Bend_pickup_normalLight_back,343,,Standing,,0.966,0.0,81.1601
Bend_pickup_normalLight_back,344,,Standing,,0.958,0.0,84.8104
Bend_pickup_normalLight_back,345,,Standing,,0.944,0.0,86.2969
Bend_pickup_normalLight_back,346,,Standing,,0.928,0.0,91.4908
Bend_pickup_normalLight_back,347,,Standing,,0.908,0.0,105.6589
Bend_pickup_normalLight_back,348,,Standing,,0.871,0.0,125.348
Bend_pickup_normalLight_back,349,,Standing,,0.825,0.0,114.0688
Bend_pickup_normalLight_back,350,,Standing,,0.76,0.0,154.806
Bend_pickup_normalLight_back,351,,Standing,,0.671,0.0,137.6409
Bend_pickup_normalLight_back,352,,Standing,,0.524,0.0,101.8052
Bend_pickup_normalLight_back,353,,Standing,,0.425,0.0,113.7614
Bend_pickup_normalLight_back,354,,Standing,,0.312,0.0,112.7748
Bend_pickup_normalLight_back,355,,Sitting,,0.336,0.0,107.2943
Bend_pickup_normalLight_back,356,,Sitting,,0.382,0.0,109.0407
Bend_pickup_normalLight_back,357,,Lying,,0.407,0.0,122.1475
Bend_pickup_normalLight_back,358,,Lying,,0.526,0.0,137.6518
Bend_pickup_normalLight_back,359,,Lying,,0.536,0.0,146.4214
Bend_pickup_normalLight_back,360,,Lying,,0.643,0.0,142.1367
Bend_pickup_normalLight_back,361,,Lying,,0.686,0.0,145.6075
Bend_pickup_normalLight_back,362,,Lying,,0.748,0.0,146.5484
Bend_pickup_normalLight_back,363,,Lying,,0.788,0.0,143.7308
Bend_pickup_normalLight_back,364,,Lying,,0.857,0.0,135.4257
Bend_pickup_normalLight_back,365,,Lying,,0.882,0.0,154.3147
Bend_pickup_normalLight_back,366,,Lying,,0.947,0.0,146.1686
Bend_pickup_normalLight_back,367,,Lying,,0.927,0.0,155.247
Bend_pickup_normalLight_back,368,,Lying,,0.945,0.0,162.9136
Bend_pickup_normalLight_back,369,,Lying,,0.961,0.0,124.7735
Bend_pickup_normalLight_back,370,,Lying,,0.97,0.0,130.2472
Bend_pickup_normalLight_back,371,,Lying,,0.978,0.0,106.1386
Bend_pickup_normalLight_back,372,,Lying,,0.988,0.0,99.9654
Bend_pickup_normalLight_back,373,,Lying,,0.984,0.0,112.8235
Bend_pickup_normalLight_back,374,,Lying,,0.988,0.0,103.1047
Bend_pickup_normalLight_back,375,,Lying,,0.991,0.0,94.4787
Bend_pickup_normalLight_back,376,,Lying,,0.992,0.0,86.619
Bend_pickup_normalLight_back,377,,Lying,,0.997,0.0,98.2289
Bend_pickup_normalLight_back,378,,Lying,,0.996,0.0,100.5029
Bend_pickup_normalLight_back,379,,Lying,,0.998,0.0,104.1098
Bend_pickup_normalLight_back,380,,Lying,,0.998,0.0,116.441
Bend_pickup_normalLight_back,381,,Lying,,0.997,0.0,126.3016
Bend_pickup_normalLight_back,382,,Lying,,0.997,0.0,124.9308
Bend_pickup_normalLight_back,383,,Lying,,0.997,0.0,138.6257
Bend_pickup_normalLight_back,384,,Lying,,0.997,0.0,118.2835
Bend_pickup_normalLight_back,385,,Lying,,0.996,0.0,110.0071
Bend_pickup_normalLight_back,386,,Lying,,0.995,0.0,123.5578
Bend_pickup_normalLight_back,387,,Lying,,0.994,0.0,134.2508
Bend_pickup_normalLight_back,388,,Lying,,0.992,0.0,125.2202
Bend_pickup_normalLight_back,389,,Lying,,0.99,0.0,135.0913
Bend_pickup_normalLight_back,390,,Lying,,0.989,0.0,143.1397
Bend_pickup_normalLight_back,391,,Lying,,0.989,0.0,124.844
Bend_pickup_normalLight_back,392,,Lying,,0.987,0.0,118.7535
Bend_pickup_normalLight_back,393,,Lying,,0.985,0.0,125.6499
Bend_pickup_normalLight_back,394,,Lying,,0.98,0.0,108.3522
Bend_pickup_normalLight_back,395,,Lying,,0.977,0.0,116.5864
Bend_pickup_normalLight_back,396,,Lying,,0.967,0.0,144.0996
Bend_pickup_normalLight_back,397,,Lying,,0.971,0.0,128.7669
Bend_pickup_normalLight_back,398,,Lying,,0.919,0.0,173.0081
Bend_pickup_normalLight_back,399,,Lying,,0.865,0.0,137.2156
Bend_pickup_normalLight_back,400,,Lying,,0.76,0.0,124.5805
Bend_pickup_normalLight_back,401,,Lying,,0.72,0.0,118.9442
Bend_pickup_normalLight_back,402,,Lying,,0.607,0.0,108.448
Bend_pickup_normalLight_back,403,,Lying,,0.414,0.0,102.2196
Bend_pickup_normalLight_back,404,,Standing,,0.748,0.0,107.298
Bend_pickup_normalLight_back,405,,Standing,,0.805,0.0,142.4498
Bend_pickup_normalLight_back,406,,Standing,,0.827,0.0,137.6076
Bend_pickup_normalLight_back,407,,Standing,,0.833,0.0,132.2234
Bend_pickup_normalLight_back,408,,Standing,,0.845,0.0,142.7662
Bend_pickup_normalLight_back,409,,Standing,,0.869,0.0,125.953
Bend_pickup_normalLight_back,410,,Standing,,0.855,0.0,145.248
Bend_pickup_normalLight_back,411,,Standing,,0.904,0.0,177.8918
Bend_pickup_normalLight_back,412,,Standing,,0.923,0.0,140.599
Bend_pickup_normalLight_back,413,,Standing,,0.942,0.0,108.3251
Bend_pickup_normalLight_back,414,,Standing,,0.947,0.0,110.4517
Bend_pickup_normalLight_back,415,,Standing,,0.937,0.0,101.7939
Bend_pickup_normalLight_back,416,,Standing,,0.929,0.0,88.9997
Bend_pickup_normalLight_back,417,,Standing,,0.932,0.0,86.9723
Bend_pickup_normalLight_back,418,,Standing,,0.922,0.0,83.688
Bend_pickup_normalLight_back,419,,Standing,,0.926,0.0,75.0016
Bend_pickup_normalLight_back,420,,Standing,,0.941,0.0,77.9193
Bend_pickup_normalLight_back,421,,Standing,,0.942,0.0,83.4252
Bend_pickup_normalLight_back,422,,Standing,,0.941,0.0,82.447
Bend_pickup_normalLight_back,423,,Standing,,0.954,0.0,88.2638
Bend_pickup_normalLight_back,424,,Standing,,0.958,0.0,100.8851
Bend_pickup_normalLight_back,425,,Standing,,0.961,0.0,85.3513
Bend_pickup_normalLight_back,426,,Standing,,0.969,0.0,102.0398
Bend_pickup_normalLight_back,427,,Standing,,0.971,0.0,103.0918
Bend_pickup_normalLight_back,428,,Standing,,0.972,0.0,114.0476
Bend_pickup_normalLight_back,429,,Standing,,0.973,0.0,110.505
Bend_pickup_normalLight,31,,Standing,,0.996,0.0,116.098
Bend_pickup_normalLight,32,,Standing,,0.996,0.0,114.8584
Bend_pickup_normalLight,33,,Standing,,0.996,0.0,131.4434
Bend_pickup_normalLight,34,,Standing,,0.996,0.0,136.845
Bend_pickup_normalLight,35,,Standing,,0.996,0.0,130.8553
Bend_pickup_normalLight,36,,Standing,,0.997,0.0,120.0462
Bend_pickup_normalLight,37,,Standing,,0.997,0.0,117.0335
Bend_pickup_normalLight,38,,Standing,,0.996,0.0,98.9246
Bend_pickup_normalLight,39,,Standing,,0.996,0.0,103.3247
Bend_pickup_normalLight,40,,Standing,,0.996,0.0,90.6579
Bend_pickup_normalLight,41,,Standing,,0.995,0.0,89.4647
Bend_pickup_normalLight,42,,Standing,,0.995,0.0,86.0293
Bend_pickup_normalLight,43,,Standing,,0.996,0.0,86.048
Bend_pickup_normalLight,44,,Standing,,0.996,0.0,84.3524
Bend_pickup_normalLight,45,,Standing,,0.996,0.0,85.2099
Bend_pickup_normalLight,46,,Standing,,0.995,0.0,86.3934
Bend_pickup_normalLight,47,,Standing,,0.995,0.0,89.1529
Bend_pickup_normalLight,48,,Standing,,0.995,0.0,100.9342
Bend_pickup_normalLight,49,,Standing,,0.994,0.0,128.488
Bend_pickup_normalLight,50,,Standing,,0.994,0.0,118.5637
Bend_pickup_normalLight,51,,Standing,,0.993,0.0,116.4758
Bend_pickup_normalLight,52,,Standing,,0.99,0.0,128.0253
Bend_pickup_normalLight,53,,Standing,,0.989,0.0,109.3266
Bend_pickup_normalLight,54,,Standing,,0.984,0.0,124.8843
Bend_pickup_normalLight,55,,Standing,,0.975,0.0,112.7659
Bend_pickup_normalLight,56,,Standing,,0.913,0.0,135.1627
Bend_pickup_normalLight,57,,Standing,,0.879,0.0,133.6559
Bend_pickup_normalLight,58,,Standing,,0.784,0.0,102.4951
Bend_pickup_normalLight,59,,Standing,,0.661,0.0,104.5061
Bend_pickup_normalLight,60,,Standing,,0.538,0.0,110.2407
Bend_pickup_normalLight,61,,Lying,,0.62,0.0,127.5547
Bend_pickup_normalLight,62,,Lying,,0.72,0.0,107.8785
Bend_pickup_normalLight,63,,Lying,,0.896,0.0,105.7273
Bend_pickup_normalLight,64,,Lying,,0.935,0.0,99.8435
Bend_pickup_normalLight,65,,Lying,,0.972,0.0,93.4181
Bend_pickup_normalLight,66,,Lying,,0.977,0.0,89.8978
Bend_pickup_normalLight,67,,Lying,,0.99,0.0,104.6909
Bend_pickup_normalLight,68,,Lying,,0.992,0.0,84.323
Bend_pickup_normalLight,69,,Lying,,0.995,0.0,87.1411
Bend_pickup_normalLight,70,,Lying,,0.996,0.0,91.3645
Bend_pickup_normalLight,71,,Lying,,0.998,0.0,79.3493
Bend_pickup_normalLight,72,,Lying,,0.998,0.0,72.9163
Bend_pickup_normalLight,73,,Lying,,0.999,0.0,77.4967
Bend_pickup_normalLight,74,,Lying,,0.999,0.0,81.492
Bend_pickup_normalLight,75,,Lying,,0.999,0.0,69.705
Bend_pickup_normalLight,76,,Lying,,0.999,0.0,68.9497
Bend_pickup_normalLight,77,,Lying,,1.0,0.0,70.7032
Bend_pickup_normalLight,78,,Lying,,1.0,0.0,69.8649
Bend_pickup_normalLight,79,,Lying,,1.0,0.0,69.5035
Bend_pickup_normalLight,80,,Lying,,1.0,0.0,74.0205
Bend_pickup_normalLight,81,,Lying,,0.999,0.0,70.1905
Bend_pickup_normalLight,82,Standing,Lying,False,0.998,0.0,69.3105
Bend_pickup_normalLight,83,Standing,Lying,False,0.997,0.0,70.5221
Bend_pickup_normalLight,84,Standing,Lying,False,0.997,0.0,69.4703
Bend_pickup_normalLight,85,Standing,Lying,False,0.997,0.0,71.7539
Bend_pickup_normalLight,86,Standing,Lying,False,0.978,0.0,76.9036
Bend_pickup_normalLight,87,Standing,Lying,False,0.967,0.0,71.5035
Bend_pickup_normalLight,88,Standing,Lying,False,0.938,0.0,80.1846
Bend_pickup_normalLight,89,Standing,Lying,False,0.923,0.0,67.6109
Bend_pickup_normalLight,90,Standing,Lying,False,0.922,0.0,67.8675
Bend_pickup_normalLight,91,Standing,Lying,False,0.866,0.0,71.4761
Bend_pickup_normalLight,92,Standing,Lying,False,0.785,0.0,67.0891
Bend_pickup_normalLight,93,Standing,Standing,True,0.592,0.0,66.6691
Bend_pickup_normalLight,94,Standing,Standing,True,0.644,0.0,69.3412
Bend_pickup_normalLight,95,Standing,Standing,True,0.84,0.0,72.6383
Bend_pickup_normalLight,96,Standing,Standing,True,0.875,0.0,68.7321
Bend_pickup_normalLight,97,Standing,Standing,True,0.921,0.0,72.3862
Bend_pickup_normalLight,98,Standing,Standing,True,0.934,0.0,67.3555
Bend_pickup_normalLight,99,Standing,Standing,True,0.974,0.0,71.5314
Bend_pickup_normalLight,100,Standing,Standing,True,0.988,0.0,86.4268
Bend_pickup_normalLight,101,Standing,Standing,True,0.99,0.0,83.3714
Bend_pickup_normalLight,102,Standing,Standing,True,0.992,0.0,76.863
Bend_pickup_normalLight,103,Standing,Standing,True,0.994,0.0,127.0126
Bend_pickup_normalLight,104,Standing,Standing,True,0.994,0.0,71.0071
Bend_pickup_normalLight,105,Standing,Standing,True,0.994,0.0,70.6442
Bend_pickup_normalLight,106,Standing,Standing,True,0.994,0.0,69.2234
Bend_pickup_normalLight,107,Standing,Standing,True,0.996,0.0,69.9742
Bend_pickup_normalLight,108,Standing,Standing,True,0.996,0.0,116.6522
Bend_pickup_normalLight,109,Standing,Standing,True,0.996,0.0,77.5232
Bend_pickup_normalLight,110,,Standing,,0.997,0.0,80.8326
Bend_pickup_normalLight,111,,Standing,,0.997,0.0,94.7695
Bend_pickup_normalLight,112,,Standing,,0.996,0.0,102.8638
Bend_pickup_normalLight,113,,Standing,,0.994,0.0,113.6001
Bend_pickup_normalLight,114,,Standing,,0.996,0.0,164.5522
Bend_pickup_normalLight,115,,Standing,,0.997,0.0,155.0534
Bend_pickup_normalLight,116,,Standing,,0.997,0.0,172.4455
Bend_pickup_normalLight,117,,Standing,,0.998,0.0,189.5752
Bend_pickup_normalLight,118,,Standing,,0.998,0.0,146.8311
Bend_pickup_normalLight,119,,Standing,,0.998,0.0,108.9365
Bend_pickup_normalLight,120,,Standing,,0.998,0.0,125.3158
Bend_pickup_normalLight,121,,Standing,,0.998,0.0,181.1996
Bend_pickup_normalLight,122,,Standing,,0.998,0.0,160.0758
Bend_pickup_normalLight,123,,Standing,,0.998,0.0,121.0537
Bend_pickup_normalLight,124,,Standing,,0.998,0.0,108.882
Bend_pickup_normalLight,125,,Standing,,0.998,0.0,130.1859
Bend_pickup_normalLight,126,,Standing,,0.998,0.0,104.1193
Bend_pickup_normalLight,127,,Standing,,0.998,0.0,122.69
Bend_pickup_normalLight,128,,Standing,,0.998,0.0,115.6629
Bend_pickup_normalLight,129,,Standing,,0.998,0.0,106.0126
Bend_pickup_normalLight,130,,Standing,,0.998,0.0,113.2231
Bend_pickup_normalLight,131,,Standing,,0.998,0.0,134.7483
Bend_pickup_normalLight,132,,Standing,,0.998,0.0,119.8645
Bend_pickup_normalLight,133,,Standing,,0.998,0.0,175.7542
Bend_pickup_normalLight,134,,Standing,,0.998,0.0,133.8255
Bend_pickup_normalLight,135,,Standing,,0.998,0.0,121.8896
Bend_pickup_normalLight,136,,Standing,,0.998,0.0,118.2132
Bend_pickup_normalLight,137,,Standing,,0.998,0.0,117.7985
Bend_pickup_normalLight,138,,Standing,,0.998,0.0,115.4732
Bend_pickup_normalLight,139,,Standing,,0.998,0.0,122.8475
Bend_pickup_normalLight,140,,Standing,,0.998,0.0,166.7805
Bend_pickup_normalLight_leftRight,31,,Sitting,,0.432,0.0,112.0315
Bend_pickup_normalLight_leftRight,32,,Sitting,,0.51,0.0,119.6183
Bend_pickup_normalLight_leftRight,33,,Sitting,,0.577,0.0,224.1914
Bend_pickup_normalLight_leftRight,34,,Sitting,,0.632,0.0,131.944
Bend_pickup_normalLight_leftRight,35,,Sitting,,0.674,0.0,134.5432
Bend_pickup_normalLight_leftRight,36,,Sitting,,0.697,0.0,158.0623
Bend_pickup_normalLight_leftRight,37,,Sitting,,0.71,0.0,152.0061
Bend_pickup_normalLight_leftRight,38,,Sitting,,0.713,0.0,160.0188
Bend_pickup_normalLight_leftRight,39,,Sitting,,0.715,0.0,159.8828
Bend_pickup_normalLight_leftRight,40,,Sitting,,0.702,0.0,165.5544
Bend_pickup_normalLight_leftRight,41,,Sitting,,0.67,0.0,133.1482
Bend_pickup_normalLight_leftRight,42,,Sitting,,0.626,0.0,165.9761
Bend_pickup_normalLight_leftRight,43,,Sitting,,0.571,0.0,189.9725
Bend_pickup_normalLight_leftRight,44,,Sitting,,0.494,0.0,142.4001
Bend_pickup_normalLight_leftRight,45,,Lying,,0.459,0.0,135.1174
Bend_pickup_normalLight_leftRight,46,,Lying,,0.565,0.0,154.1669
Bend_pickup_normalLight_leftRight,47,,Lying,,0.664,0.0,150.2809
Bend_pickup_normalLight_leftRight,48,,Lying,,0.714,0.0,174.877
Bend_pickup_normalLight_leftRight,49,,Lying,,0.759,0.0,164.8204
Bend_pickup_normalLight_leftRight,50,,Lying,,0.805,0.0,145.55
Bend_pickup_normalLight_leftRight,51,,Lying,,0.85,0.0,151.3706
Bend_pickup_normalLight_leftRight,52,,Lying,,0.878,0.0,162.6504
Bend_pickup_normalLight_leftRight,53,,Lying,,0.918,0.0,150.7007
Bend_pickup_normalLight_leftRight,54,,Lying,,0.907,0.0,154.0739
Bend_pickup_normalLight_leftRight,55,,Lying,,0.897,0.0,158.4867
Bend_pickup_normalLight_leftRight,56,,Lying,,0.916,0.0,156.4869
Bend_pickup_normalLight_leftRight,57,,Lying,,0.808,0.0,161.7711
Bend_pickup_normalLight_leftRight,58,,Lying,,0.748,0.0,238.3783
Bend_pickup_normalLight_leftRight,59,,Lying,,0.708,0.0,150.5128
Bend_pickup_normalLight_leftRight,60,,Lying,,0.721,0.0,139.5229
Bend_pickup_normalLight_leftRight,61,,Lying,,0.704,0.0,146.8056
Bend_pickup_normalLight_leftRight,62,,Lying,,0.623,0.0,123.9401
Bend_pickup_normalLight_leftRight,63,,Lying,,0.627,0.0,130.1063
Bend_pickup_normalLight_leftRight,64,,Lying,,0.603,0.0,113.3684
Bend_pickup_normalLight_leftRight,65,,Lying,,0.591,0.0,129.68
Bend_pickup_normalLight_leftRight,66,,Lying,,0.513,0.0,126.5629
Bend_pickup_normalLight_leftRight,67,,Lying,,0.548,0.0,126.193
Bend_pickup_normalLight_leftRight,68,,Lying,,0.548,0.0,115.3811
Bend_pickup_normalLight_leftRight,69,,Lying,,0.606,0.0,98.8969
Bend_pickup_normalLight_leftRight,70,,Lying,,0.629,0.0,107.0679
Bend_pickup_normalLight_leftRight,71,,Lying,,0.637,0.0,108.648
Bend_pickup_normalLight_leftRight,72,,Lying,,0.657,0.0,97.0565
Bend_pickup_normalLight_leftRight,73,,Lying,,0.699,0.0,98.8172
Bend_pickup_normalLight_leftRight,74,,Lying,,0.727,0.0,95.8311
Bend_pickup_normalLight_leftRight,75,,Lying,,0.7,0.0,92.942
Bend_pickup_normalLight_leftRight,76,,Lying,,0.773,0.0,96.8191
Bend_pickup_normalLight_leftRight,77,,Lying,,0.794,0.0,83.5114
Bend_pickup_normalLight_leftRight,78,,Lying,,0.779,0.0,133.5602
Bend_pickup_normalLight_leftRight,79,,Lying,,0.796,0.0,158.5563
Bend_pickup_normalLight_leftRight,80,,Lying,,0.811,0.0,147.4526
Bend_pickup_normalLight_leftRight,81,,Lying,,0.817,0.0,140.2844
Bend_pickup_normalLight_leftRight,82,,Lying,,0.871,0.0,123.5943
Bend_pickup_normalLight_leftRight,83,,Lying,,0.881,0.0,114.7841
Bend_pickup_normalLight_leftRight,84,,Lying,,0.888,0.0,92.5933
Bend_pickup_normalLight_leftRight,85,,Lying,,0.917,0.0,90.1246
Bend_pickup_normalLight_leftRight,86,,Lying,,0.929,0.0,83.3322
Bend_pickup_normalLight_leftRight,87,Standing,Lying,False,0.926,0.0,76.005
Bend_pickup_normalLight_leftRight,88,Standing,Lying,False,0.926,0.0,76.7808
Bend_pickup_normalLight_leftRight,89,Standing,Lying,False,0.931,0.0,76.8083
Bend_pickup_normalLight_leftRight,90,Standing,Lying,False,0.919,0.0,80.3682
Bend_pickup_normalLight_leftRight,91,Standing,Lying,False,0.909,0.0,72.8222
Bend_pickup_normalLight_leftRight,92,Standing,Lying,False,0.896,0.0,78.1709
Bend_pickup_normalLight_leftRight,93,Standing,Lying,False,0.868,0.0,71.4921
Bend_pickup_normalLight_leftRight,94,Standing,Lying,False,0.813,0.0,119.5546
Bend_pickup_normalLight_leftRight,95,Standing,Lying,False,0.731,0.0,76.3934
Bend_pickup_normalLight_leftRight,96,Standing,Lying,False,0.607,0.0,77.0992
Bend_pickup_normalLight_leftRight,97,Standing,Standing,True,0.463,0.0,72.9891
Bend_pickup_normalLight_leftRight,98,Standing,Standing,True,0.625,0.0,70.3799
Bend_pickup_normalLight_leftRight,99,Standing,Standing,True,0.779,0.0,68.3874
Bend_pickup_normalLight_leftRight,100,Standing,Standing,True,0.866,0.0,70.0047
Bend_pickup_normalLight_leftRight,101,Standing,Standing,True,0.926,0.0,66.7733
Bend_pickup_normalLight_leftRight,102,Standing,Standing,True,0.954,0.0,65.8274
Bend_pickup_normalLight_leftRight,103,Standing,Standing,True,0.963,0.0,89.9636
Bend_pickup_normalLight_leftRight,104,Standing,Standing,True,0.976,0.0,75.1383
Bend_pickup_normalLight_leftRight,105,Standing,Standing,True,0.978,0.0,72.8938
Bend_pickup_normalLight_leftRight,106,Standing,Standing,True,0.979,0.0,74.8831
Bend_pickup_normalLight_leftRight,107,Standing,Standing,True,0.984,0.0,73.0658
Bend_pickup_normalLight_leftRight,108,Standing,Standing,True,0.989,0.0,68.8865
Bend_pickup_normalLight_leftRight,109,Standing,Standing,True,0.992,0.0,83.137
Bend_pickup_normalLight_leftRight,110,Standing,Standing,True,0.996,0.0,96.4124
Bend_pickup_normalLight_leftRight,111,Standing,Standing,True,0.996,0.0,91.4916
Bend_pickup_normalLight_leftRight,112,Standing,Standing,True,0.995,0.0,83.6552
Bend_pickup_normalLight_leftRight,113,Standing,Standing,True,0.996,0.0,83.4608
Bend_pickup_normalLight_leftRight,114,Standing,Standing,True,0.996,0.0,87.3308
Bend_pickup_normalLight_leftRight,115,Standing,Standing,True,0.996,0.0,81.8436
Bend_pickup_normalLight_leftRight,116,Standing,Standing,True,0.996,0.0,85.9345
Bend_pickup_normalLight_leftRight,117,Standing,Standing,True,0.996,0.0,113.7723
Bend_pickup_normalLight_leftRight,118,Standing,Standing,True,0.997,0.0,89.7507
Bend_pickup_normalLight_leftRight,119,Standing,Standing,True,0.996,0.0,92.3973
Bend_pickup_normalLight_leftRight,120,Standing,Standing,True,0.996,0.0,90.452
Bend_pickup_normalLight_leftRight,121,Standing,Standing,True,0.997,0.0,86.1189
Bend_pickup_normalLight_leftRight,122,Standing,Standing,True,0.997,0.0,109.5481
Bend_pickup_normalLight_leftRight,123,Standing,Standing,True,0.997,0.0,105.3146
Bend_pickup_normalLight_leftRight,124,Standing,Standing,True,0.996,0.0,128.5445
Bend_pickup_normalLight_leftRight,125,Standing,Standing,True,0.997,0.0,124.0881
Bend_pickup_normalLight_leftRight,126,Standing,Standing,True,0.997,0.0,123.7989
Bend_pickup_normalLight_leftRight,127,Standing,Standing,True,0.997,0.0,170.7732
Bend_pickup_normalLight_leftRight,128,Standing,Standing,True,0.997,0.0,111.222
Bend_pickup_normalLight_leftRight,129,Standing,Standing,True,0.997,0.0,171.482
Bend_pickup_normalLight_leftRight,130,Standing,Standing,True,0.997,0.0,112.228
Bend_pickup_normalLight_leftRight,131,Standing,Standing,True,0.997,0.0,133.8634
Bend_pickup_normalLight_leftRight,132,Standing,Standing,True,0.997,0.0,157.2335
Bend_pickup_normalLight_leftRight,133,Standing,Standing,True,0.997,0.0,109.828
Bend_pickup_normalLight_leftRight,134,Standing,Standing,True,0.997,0.0,95.3011
Bend_pickup_normalLight_leftRight,135,Standing,Standing,True,0.997,0.0,105.7938
Bend_pickup_normalLight_leftRight,136,Standing,Standing,True,0.997,0.0,136.8385
Bend_pickup_normalLight_leftRight,137,Standing,Standing,True,0.997,0.0,115.8013
Bend_pickup_normalLight_leftRight,138,Standing,Standing,True,0.997,0.0,98.2871
Bend_pickup_normalLight_leftRight,139,Standing,Standing,True,0.997,0.0,100.5242
Bend_pickup_normalLight_leftRight,140,Standing,Standing,True,0.997,0.0,101.8192
Bend_pickup_normalLight_leftRight,141,Standing,Standing,True,0.997,0.0,89.6529
Bend_pickup_normalLight_leftRight,142,Standing,Standing,True,0.997,0.0,98.6161
Bend_pickup_normalLight_leftRight,143,Standing,Standing,True,0.997,0.0,136.4853
Bend_pickup_normalLight_leftRight,144,Standing,Standing,True,0.997,0.0,102.7167
Bend_pickup_normalLight_leftRight,145,Standing,Standing,True,0.997,0.0,96.3794
Bend_pickup_normalLight_leftRight,146,Standing,Standing,True,0.997,0.0,75.4476
Bend_pickup_normalLight_leftRight,147,Standing,Standing,True,0.997,0.0,77.0439
Bend_pickup_normalLight_leftRight,148,Standing,Standing,True,0.997,0.0,72.4678
Bend_pickup_normalLight_leftRight,149,Standing,Standing,True,0.997,0.0,68.7598
Bend_pickup_normalLight_leftRight,150,Standing,Standing,True,0.997,0.0,68.3131
Bend_pickup_normalLight_leftRight,151,Standing,Standing,True,0.997,0.0,69.0311
Bend_pickup_normalLight_leftRight,152,Standing,Standing,True,0.997,0.0,67.3348
Bend_pickup_normalLight_leftRight,153,Standing,Standing,True,0.997,0.0,71.0179
Bend_pickup_normalLight_leftRight,154,Standing,Standing,True,0.998,0.0,64.8313
Bend_pickup_normalLight_leftRight,155,Standing,Standing,True,0.997,0.0,75.5918
Bend_pickup_normalLight_leftRight,156,Standing,Standing,True,0.997,0.0,76.9843
Bend_pickup_normalLight_leftRight,157,Standing,Standing,True,0.997,0.0,157.4124
Bend_pickup_normalLight_leftRight,158,Standing,Standing,True,0.998,0.0,109.4209
Bend_pickup_normalLight_leftRight,159,Standing,Standing,True,0.998,0.0,98.0154
Bend_pickup_normalLight_leftRight,160,Standing,Standing,True,0.998,0.0,102.6092
Bend_pickup_normalLight_leftRight,161,Standing,Standing,True,0.998,0.0,95.5161
Bend_pickup_normalLight_leftRight,162,Standing,Standing,True,0.998,0.0,94.1235
Bend_pickup_normalLight_leftRight,163,Standing,Standing,True,0.997,0.0,98.6737
Bend_pickup_normalLight_leftRight,164,Standing,Standing,True,0.997,0.0,101.1004
Bend_pickup_normalLight_leftRight,165,Standing,Standing,True,0.997,0.0,92.6596
Bend_pickup_normalLight_leftRight,166,Standing,Standing,True,0.997,0.0,117.4247
Bend_pickup_normalLight_leftRight,167,Standing,Standing,True,0.997,0.0,107.5233
Bend_pickup_normalLight_leftRight,168,Standing,Standing,True,0.997,0.0,126.9631
Bend_pickup_normalLight_leftRight,169,Standing,Standing,True,0.997,0.0,112.7852
Bend_pickup_normalLight_leftRight,170,Standing,Standing,True,0.997,0.0,168.9288
Bend_pickup_normalLight_leftRight,171,Standing,Standing,True,0.997,0.0,119.366
Bend_pickup_normalLight_leftRight,172,Standing,Standing,True,0.997,0.0,121.6603
Bend_pickup_normalLight_leftRight,173,Standing,Standing,True,0.997,0.0,119.3579
Bend_pickup_normalLight_leftRight,174,,Standing,,0.996,0.0,123.2063
Bend_pickup_normalLight_leftRight,175,,Standing,,0.996,0.0,122.0964
Bend_pickup_normalLight_leftRight,176,,Standing,,0.996,0.0,127.0711
Bend_pickup_normalLight_leftRight,177,,Standing,,0.996,0.0,115.8898
Bend_pickup_normalLight_leftRight,178,,Standing,,0.995,0.0,143.3781
Bend_pickup_normalLight_leftRight,179,,Standing,,0.995,0.0,172.1681
Bend_pickup_normalLight_leftRight,180,,Standing,,0.995,0.0,141.1378
Bend_pickup_normalLight_leftRight,181,,Standing,,0.995,0.0,172.7989
Bend_pickup_normalLight_leftRight,182,,Standing,,0.994,0.0,130.1971
Bend_pickup_normalLight_leftRight,183,,Standing,,0.994,0.0,129.8271
Bend_pickup_normalLight_leftRight,184,,Standing,,0.994,0.0,128.8362
Bend_pickup_normalLight_leftRight,185,,Standing,,0.994,0.0,108.6412
Bend_pickup_normalLight_leftRight,186,,Standing,,0.993,0.0,121.2124
Bend_pickup_normalLight_leftRight,187,,Standing,,0.993,0.0,129.8842
Bend_pickup_normalLight_leftRight,188,,Standing,,0.992,0.0,131.1771
Bend_pickup_normalLight_leftRight,189,,Standing,,0.992,0.0,130.0486
Bend_pickup_normalLight_leftRight,190,,Standing,,0.991,0.0,129.6142
Bend_pickup_normalLight_leftRight,191,,Standing,,0.991,0.0,120.6604
Bend_pickup_normalLight_leftRight,192,,Standing,,0.99,0.0,127.7575
Bend_pickup_normalLight_leftRight,193,,Standing,,0.99,0.0,131.2389
Bend_pickup_normalLight_leftRight,194,,Standing,,0.991,0.0,123.725
Bend_pickup_normalLight_leftRight,195,,Standing,,0.991,0.0,139.2261
Bend_pickup_normalLight_leftRight,196,,Standing,,0.991,0.0,146.6514
Bend_pickup_normalLight_leftRight,197,,Standing,,0.991,0.0,129.2662
Bend_pickup_normalLight_leftRight,198,,Standing,,0.992,0.0,116.9155
Bend_pickup_normalLight_leftRight,199,,Standing,,0.992,0.0,129.2922
Bend_pickup_normalLight_leftRight,200,,Standing,,0.991,0.0,121.2105
Bend_pickup_normalLight_leftRight,201,,Standing,,0.991,0.0,129.2167
Bend_pickup_normalLight_leftRight,202,,Standing,,0.991,0.0,131.7594
Bend_pickup_normalLight_leftRight,203,,Standing,,0.991,0.0,106.2388
Bend_pickup_normalLight_leftRight,204,,Standing,,0.991,0.0,97.9727
Bend_pickup_normalLight_leftRight,205,,Standing,,0.99,0.0,101.9371
Bend_pickup_normalLight_leftRight,206,,Standing,,0.99,0.0,94.354
Bend_pickup_normalLight_leftRight,207,,Standing,,0.989,0.0,88.248
Bend_pickup_normalLight_leftRight,208,,Standing,,0.988,0.0,83.9466
Bend_pickup_normalLight_leftRight,209,,Standing,,0.984,0.0,81.4193
Bend_pickup_normalLight_leftRight,210,,Standing,,0.979,0.0,99.48
Bend_pickup_normalLight_leftRight,211,,Standing,,0.972,0.0,85.0667
Bend_pickup_normalLight_leftRight,212,,Standing,,0.964,0.0,114.4181
Bend_pickup_normalLight_leftRight,213,,Standing,,0.951,0.0,102.1877
Bend_pickup_normalLight_leftRight,214,,Standing,,0.928,0.0,103.629
Bend_pickup_normalLight_leftRight,215,,Standing,,0.893,0.0,109.6251
Bend_pickup_normalLight_leftRight,216,,Standing,,0.865,0.0,94.6601
Bend_pickup_normalLight_leftRight,217,,Standing,,0.813,0.0,83.6202
Bend_pickup_normalLight_leftRight,218,,Standing,,0.73,0.0,76.5219
Bend_pickup_normalLight_leftRight,219,,Standing,,0.639,0.0,72.2673
Bend_pickup_normalLight_leftRight,220,,Standing,,0.547,0.0,73.736
Bend_pickup_normalLight_leftRight,221,,Standing,,0.469,0.0,70.7033
Bend_pickup_normalLight_leftRight,222,,Lying,,0.475,0.0,78.8045
Bend_pickup_normalLight_leftRight,223,,Lying,,0.528,0.0,69.3145
Bend_pickup_normalLight_leftRight,224,,Lying,,0.542,0.0,74.4011
Bend_pickup_normalLight_leftRight,225,,Lying,,0.549,0.0,92.9871
Bend_pickup_normalLight_leftRight,226,,Lying,,0.552,0.0,94.6046
Bend_pickup_normalLight_leftRight,227,,Lying,,0.533,0.0,92.2461
Bend_pickup_normalLight_leftRight,228,,Lying,,0.469,0.0,95.7642
Bend_pickup_normalLight_leftRight,229,,Lying,,0.482,0.0,89.2244
Bend_pickup_normalLight_leftRight,230,,Lying,,0.558,0.0,85.0862
Bend_pickup_normalLight_leftRight,231,,Lying,,0.571,0.0,92.5479
Bend_pickup_normalLight_leftRight,232,,Lying,,0.639,0.0,101.2278
Bend_pickup_normalLight_leftRight,233,,Lying,,0.729,0.0,93.2909
Bend_pickup_normalLight_leftRight,234,,Lying,,0.723,0.0,101.0925
Bend_pickup_normalLight_leftRight,235,,Lying,,0.79,0.0,94.1916
Bend_pickup_normalLight_leftRight,236,,Lying,,0.831,0.0,99.9283
Bend_pickup_normalLight_leftRight,237,,Lying,,0.959,0.0,106.4449
Bend_pickup_normalLight_leftRight,238,,Lying,,0.912,0.0,117.1314
Bend_pickup_normalLight_leftRight,239,,Lying,,0.904,0.0,146.3281
Bend_pickup_normalLight_leftRight,240,,Lying,,0.964,0.0,99.6503
Bend_pickup_normalLight_leftRight,241,,Lying,,0.968,0.0,90.5306
Bend_pickup_normalLight_leftRight,242,,Lying,,0.972,0.0,91.8308
Bend_pickup_normalLight_leftRight,243,,Lying,,0.983,0.0,93.1832
Bend_pickup_normalLight_leftRight,244,,Lying,,0.963,0.0,111.4623
Bend_pickup_normalLight_leftRight,245,,Lying,,0.97,0.0,100.8678
Bend_pickup_normalLight_leftRight,246,,Lying,,0.935,0.0,86.7161
Bend_pickup_normalLight_leftRight,247,,Lying,,0.943,0.0,94.6451
Bend_pickup_normalLight_leftRight,248,,Lying,,0.941,0.0,88.9414
Bend_pickup_normalLight_leftRight,249,,Lying,,0.897,0.0,96.9886
Bend_pickup_normalLight_leftRight,250,,Lying,,0.942,0.0,109.8983
Bend_pickup_normalLight_leftRight,251,,Lying,,0.889,0.0,87.3676
Bend_pickup_normalLight_leftRight,252,,Lying,,0.822,0.0,79.8077
Bend_pickup_normalLight_leftRight,253,,Lying,,0.9,0.0,81.6584
Bend_pickup_normalLight_leftRight,254,,Lying,,0.841,0.0,81.4016
Bend_pickup_normalLight_leftRight,255,,Lying,,0.866,0.0,84.3251
Bend_pickup_normalLight_leftRight,256,,Lying,,0.887,0.0,96.5312
Bend_pickup_normalLight_leftRight,257,,Lying,,0.805,0.0,93.4998
Bend_pickup_normalLight_leftRight,258,,Lying,,0.818,0.0,92.74
Bend_pickup_normalLight_leftRight,259,,Lying,,0.748,0.0,100.4026
Bend_pickup_normalLight_leftRight,260,,Lying,,0.669,0.0,100.9723
Bend_pickup_normalLight_leftRight,261,Standing,Lying,False,0.553,0.0,103.1327
Bend_pickup_normalLight_leftRight,262,Standing,Lying,False,0.56,0.0,96.692
Bend_pickup_normalLight_leftRight,263,Standing,Lying,False,0.654,0.0,87.6812
Bend_pickup_normalLight_leftRight,264,Standing,Lying,False,0.798,0.0,84.866
Bend_pickup_normalLight_leftRight,265,Standing,Lying,False,0.763,0.0,90.0483
Bend_pickup_normalLight_leftRight,266,Standing,Lying,False,0.876,0.0,83.0982
Bend_pickup_normalLight_leftRight,267,Standing,Lying,False,0.852,0.0,84.3645
Bend_pickup_normalLight_leftRight,268,Standing,Lying,False,0.83,0.0,94.1428
Bend_pickup_normalLight_leftRight,269,Standing,Lying,False,0.79,0.0,84.1364
Bend_pickup_normalLight_leftRight,270,Standing,Lying,False,0.81,0.0,86.614
Bend_pickup_normalLight_leftRight,271,Standing,Lying,False,0.783,0.0,94.2998
Bend_pickup_normalLight_leftRight,272,Standing,Lying,False,0.756,0.0,103.6329
Bend_pickup_normalLight_leftRight,273,Standing,Lying,False,0.717,0.0,99.4279
Bend_pickup_normalLight_leftRight,274,Standing,Lying,False,0.585,0.0,162.0123
Bend_pickup_normalLight_leftRight,275,Standing,Lying,False,0.5,0.0,158.028
Bend_pickup_normalLight_leftRight,276,Standing,Standing,True,0.528,0.0,125.0131
Bend_pickup_normalLight_leftRight,277,Standing,Standing,True,0.606,0.0,101.8064
Bend_pickup_normalLight_leftRight,278,Standing,Standing,True,0.717,0.0,99.6873
Bend_pickup_normalLight_leftRight,279,Standing,Standing,True,0.889,0.0,104.6942
Bend_pickup_normalLight_leftRight,280,Standing,Standing,True,0.928,0.0,98.089
Bend_pickup_normalLight_leftRight,281,Standing,Standing,True,0.955,0.0,84.3199
Bend_pickup_normalLight_leftRight,282,Standing,Standing,True,0.978,0.0,82.6313
Bend_pickup_normalLight_leftRight,283,Standing,Standing,True,0.987,0.0,93.4001
Bend_pickup_normalLight_leftRight,284,Standing,Standing,True,0.99,0.0,84.0044
Bend_pickup_normalLight_leftRight,285,Standing,Standing,True,0.992,0.0,97.7172
Bend_pickup_normalLight_leftRight,286,Standing,Standing,True,0.994,0.0,94.7952
Bend_pickup_normalLight_leftRight,287,Standing,Standing,True,0.994,0.0,87.461
Bend_pickup_normalLight_leftRight,288,Standing,Standing,True,0.995,0.0,90.677
Bend_pickup_normalLight_leftRight,289,Standing,Standing,True,0.995,0.0,101.5415
Bend_pickup_normalLight_leftRight,290,Standing,Standing,True,0.996,0.0,91.287
Bend_pickup_normalLight_leftRight,291,Standing,Standing,True,0.996,0.0,88.9254
Bend_pickup_normalLight_leftRight,292,Standing,Standing,True,0.995,0.0,92.4134
Bend_pickup_normalLight_leftRight,293,Standing,Standing,True,0.995,0.0,127.539
Bend_pickup_normalLight_leftRight,294,Standing,Standing,True,0.995,0.0,99.4361
Bend_pickup_normalLight_leftRight,295,Standing,Standing,True,0.995,0.0,86.1883
Bend_pickup_normalLight_leftRight,296,Standing,Standing,True,0.995,0.0,111.8032
Bend_pickup_normalLight_leftRight,297,Standing,Standing,True,0.996,0.0,95.726
Bend_pickup_normalLight_leftRight,298,Standing,Standing,True,0.996,0.0,96.3372
Bend_pickup_normalLight_leftRight,299,Standing,Standing,True,0.996,0.0,88.0847
Bend_pickup_normalLight_leftRight,300,Standing,Standing,True,0.996,0.0,117.1003
Bend_pickup_normalLight_leftRight,301,Standing,Standing,True,0.996,0.0,96.3844
Bend_pickup_normalLight_leftRight,302,Standing,Standing,True,0.996,0.0,108.7606
Bend_pickup_normalLight_leftRight,303,Standing,Standing,True,0.996,0.0,104.2638
Bend_pickup_normalLight_leftRight,304,Standing,Standing,True,0.997,0.0,115.6734
Bend_pickup_normalLight_leftRight,305,Standing,Standing,True,0.997,0.0,104.5185
Bend_pickup_normalLight_leftRight,306,Standing,Standing,True,0.997,0.0,102.9402
Bend_pickup_normalLight_leftRight,307,Standing,Standing,True,0.997,0.0,94.9945
Bend_pickup_normalLight_leftRight,308,Standing,Standing,True,0.997,0.0,96.0179
Bend_pickup_normalLight_leftRight,309,Standing,Standing,True,0.997,0.0,100.7391
Bend_pickup_normalLight_leftRight,310,Standing,Standing,True,0.997,0.0,100.6554
Bend_pickup_normalLight_leftRight,311,Standing,Standing,True,0.997,0.0,132.7763
Bend_pickup_normalLight_leftRight,312,Standing,Standing,True,0.997,0.0,108.9194
Bend_pickup_normalLight_leftRight,313,Standing,Standing,True,0.997,0.0,98.9326
Bend_pickup_normalLight_leftRight,314,Standing,Standing,True,0.998,0.0,102.7613
Bend_pickup_normalLight_leftRight,315,Standing,Standing,True,0.998,0.0,118.5706
Bend_pickup_normalLight_leftRight,316,Standing,Standing,True,0.998,0.0,112.2011
Bend_pickup_normalLight_leftRight,317,Standing,Standing,True,0.998,0.0,124.6914
Bend_pickup_normalLight_leftRight,318,Standing,Standing,True,0.998,0.0,169.9351
Bend_pickup_normalLight_leftRight,319,Standing,Standing,True,0.998,0.0,119.1513
Bend_pickup_normalLight_leftRight,320,Standing,Standing,True,0.998,0.0,112.2954
Bend_pickup_normalLight_leftRight,321,,Standing,,0.998,0.0,106.1346
Bend_pickup_normalLight_leftRight,322,,Standing,,0.998,0.0,103.9045
Bend_pickup_normalLight_leftRight,323,,Standing,,0.998,0.0,110.3896
Bend_pickup_normalLight_leftRight,324,,Standing,,0.998,0.0,98.2981
Bend_pickup_normalLight_leftRight,325,,Standing,,0.998,0.0,107.9608
Bend_pickup_normalLight_leftRight,326,,Standing,,0.998,0.0,111.6011
Bend_pickup_normalLight_leftRight,327,,Standing,,0.998,0.0,137.7102
Bend_pickup_normalLight_leftRight,328,,Standing,,0.998,0.0,117.3214
Bend_pickup_normalLight_leftRight,329,,Standing,,0.998,0.0,125.5628
Bend_pickup_normalLight_leftRight,330,,Standing,,0.998,0.0,114.7912
Bend_pickup_normalLight_leftRight,331,,Standing,,0.998,0.0,117.2299
Bend_pickup_normalLight_leftRight,332,,Standing,,0.998,0.0,103.1621
Bend_pickup_normalLight_leftRight,333,,Standing,,0.998,0.0,117.582
Bend_pickup_squat_lowLight,31,,Standing,,0.994,0.0,116.7134
Bend_pickup_squat_lowLight,32,,Standing,,0.994,0.0,117.8369
Bend_pickup_squat_lowLight,33,,Standing,,0.994,0.0,116.2224
Bend_pickup_squat_lowLight,34,,Standing,,0.994,0.0,127.9625
Bend_pickup_squat_lowLight,35,,Standing,,0.994,0.0,131.7874
Bend_pickup_squat_lowLight,36,,Standing,,0.995,0.0,132.0708
Bend_pickup_squat_lowLight,37,,Standing,,0.995,0.0,118.8057
Bend_pickup_squat_lowLight,38,,Standing,,0.995,0.0,157.8471
Bend_pickup_squat_lowLight,39,,Standing,,0.995,0.0,109.6354
Bend_pickup_squat_lowLight,40,,Standing,,0.995,0.0,101.2022
Bend_pickup_squat_lowLight,41,,Standing,,0.995,0.0,93.2752
Bend_pickup_squat_lowLight,42,,Standing,,0.995,0.0,95.0531
Bend_pickup_squat_lowLight,43,,Standing,,0.995,0.0,83.274
Bend_pickup_squat_lowLight,44,,Standing,,0.995,0.0,88.7556
Bend_pickup_squat_lowLight,45,,Standing,,0.995,0.0,88.3951
Bend_pickup_squat_lowLight,46,,Standing,,0.994,0.0,90.9517
Bend_pickup_squat_lowLight,47,,Standing,,0.994,0.0,91.5256
Bend_pickup_squat_lowLight,48,,Standing,,0.994,0.0,107.1938
Bend_pickup_squat_lowLight,49,,Standing,,0.993,0.0,113.0999
Bend_pickup_squat_lowLight,50,,Standing,,0.992,0.0,121.0881
Bend_pickup_squat_lowLight,51,,Standing,,0.99,0.0,129.1624
Bend_pickup_squat_lowLight,52,,Standing,,0.99,0.0,130.4287
Bend_pickup_squat_lowLight,53,,Standing,,0.99,0.0,125.0148
Bend_pickup_squat_lowLight,54,,Standing,,0.99,0.0,112.1605
Bend_pickup_squat_lowLight,55,,Standing,,0.99,0.0,135.8862
Bend_pickup_squat_lowLight,56,,Standing,,0.99,0.0,148.4794
Bend_pickup_squat_lowLight,57,,Standing,,0.99,0.0,164.3901
Bend_pickup_squat_lowLight,58,,Standing,,0.989,0.0,118.4681
Bend_pickup_squat_lowLight,59,,Standing,,0.99,0.0,132.0913
Bend_pickup_squat_lowLight,60,,Standing,,0.989,0.0,127.4254
Bend_pickup_squat_lowLight,61,,Standing,,0.987,0.0,135.2532
Bend_pickup_squat_lowLight,62,,Standing,,0.983,0.0,186.1671
Bend_pickup_squat_lowLight,63,,Standing,,0.976,0.0,164.9218
Bend_pickup_squat_lowLight,64,,Standing,,0.973,0.0,130.7271
Bend_pickup_squat_lowLight,65,,Standing,,0.969,0.0,151.8557
Bend_pickup_squat_lowLight,66,,Standing,,0.956,0.0,153.3135
Bend_pickup_squat_lowLight,67,,Standing,,0.94,0.0,145.1552
Bend_pickup_squat_lowLight,68,,Standing,,0.916,0.0,131.3406
Bend_pickup_squat_lowLight,69,,Standing,,0.887,0.0,119.1693
Bend_pickup_squat_lowLight,70,,Standing,,0.842,0.0,133.5227
Bend_pickup_squat_lowLight,71,,Standing,,0.723,0.0,107.6601
Bend_pickup_squat_lowLight,72,,Standing,,0.62,0.0,97.9014
Bend_pickup_squat_lowLight,73,,Standing,,0.546,0.0,100.5872
Bend_pickup_squat_lowLight,74,,Standing,,0.504,0.0,102.1194
Bend_pickup_squat_lowLight,75,,Sitting,,0.577,0.0,101.9483
Bend_pickup_squat_lowLight,76,,Sitting,,0.666,0.0,87.8995
Bend_pickup_squat_lowLight,77,,Sitting,,0.751,0.0,93.3361
Bend_pickup_squat_lowLight,78,,Sitting,,0.787,0.0,91.3435
Bend_pickup_squat_lowLight,79,,Sitting,,0.827,0.0,89.1738
Bend_pickup_squat_lowLight,80,,Sitting,,0.86,0.0,112.558
Bend_pickup_squat_lowLight,81,,Sitting,,0.893,0.0,87.9373
Bend_pickup_squat_lowLight,82,,Sitting,,0.926,0.0,99.2405
Bend_pickup_squat_lowLight,83,,Sitting,,0.932,0.0,90.6677
Bend_pickup_squat_lowLight,84,,Sitting,,0.95,0.0,105.7057
Bend_pickup_squat_lowLight,85,,Sitting,,0.958,0.0,85.1155
Bend_pickup_squat_lowLight,86,,Sitting,,0.97,0.0,83.5761
Bend_pickup_squat_lowLight,87,,Sitting,,0.974,0.0,85.9927
Bend_pickup_squat_lowLight,88,,Sitting,,0.976,0.0,101.5358
Bend_pickup_squat_lowLight,89,,Sitting,,0.979,0.0,82.9588
Bend_pickup_squat_lowLight,90,,Sitting,,0.984,0.0,85.6588
Bend_pickup_squat_lowLight,91,,Sitting,,0.983,0.0,109.1799
Bend_pickup_squat_lowLight,92,,Sitting,,0.982,0.0,81.9485
Bend_pickup_squat_lowLight,93,,Sitting,,0.98,0.0,96.1405
Bend_pickup_squat_lowLight,94,,Sitting,,0.976,0.0,103.561
Bend_pickup_squat_lowLight,95,,Sitting,,0.979,0.0,89.2947
Bend_pickup_squat_lowLight,96,,Sitting,,0.975,0.0,88.434
Bend_pickup_squat_lowLight,97,,Sitting,,0.975,0.0,86.5847
Bend_pickup_squat_lowLight,98,,Sitting,,0.97,0.0,82.8056
Bend_pickup_squat_lowLight,99,,Sitting,,0.964,0.0,92.6814
Bend_pickup_squat_lowLight,100,,Sitting,,0.943,0.0,107.9591
Bend_pickup_squat_lowLight,101,,Sitting,,0.915,0.0,140.3395
Bend_pickup_squat_lowLight,102,,Sitting,,0.919,0.0,132.8172
Bend_pickup_squat_lowLight,103,,Sitting,,0.904,0.0,165.0758
Bend_pickup_squat_lowLight,104,,Sitting,,0.885,0.0,155.929
Bend_pickup_squat_lowLight,105,,Sitting,,0.853,0.0,127.4216
Bend_pickup_squat_lowLight,106,,Sitting,,0.842,0.0,120.419
Bend_pickup_squat_lowLight,107,,Sitting,,0.818,0.0,120.8999
Bend_pickup_squat_lowLight,108,,Sitting,,0.759,0.0,133.7095
Bend_pickup_squat_lowLight,109,,Sitting,,0.751,0.0,117.1547
Bend_pickup_squat_lowLight,110,,Sitting,,0.722,0.0,149.6002
Bend_pickup_squat_lowLight,111,,Sitting,,0.679,0.0,158.6527
Bend_pickup_squat_lowLight,112,,Sitting,,0.577,0.0,133.0948
Bend_pickup_squat_lowLight,113,,Sitting,,0.53,0.0,108.313
Bend_pickup_squat_lowLight,114,,Standing,,0.622,0.0,98.5711
Bend_pickup_squat_lowLight,115,,Standing,,0.596,0.0,95.2384
Bend_pickup_squat_lowLight,116,,Standing,,0.64,0.0,88.1019
Bend_pickup_squat_lowLight,117,Standing,Standing,True,0.797,0.0,129.8201
Bend_pickup_squat_lowLight,118,Standing,Standing,True,0.794,0.0,101.9247
Bend_pickup_squat_lowLight,119,Standing,Standing,True,0.837,0.0,135.0877
Bend_pickup_squat_lowLight,120,Standing,Standing,True,0.872,0.0,108.2546
Bend_pickup_squat_lowLight,121,Standing,Standing,True,0.878,0.0,145.741
Bend_pickup_squat_lowLight,122,Standing,Standing,True,0.907,0.0,104.6333
Bend_pickup_squat_lowLight,123,Standing,Standing,True,0.881,0.0,107.3033
Bend_pickup_squat_lowLight,124,Standing,Standing,True,0.809,0.0,114.5377
Bend_pickup_squat_lowLight,125,Standing,Standing,True,0.912,0.0,104.5902
Bend_pickup_squat_lowLight,126,Standing,Standing,True,0.894,0.0,121.9663
Bend_pickup_squat_lowLight,127,Standing,Standing,True,0.949,0.0,126.4465
Bend_pickup_squat_lowLight,128,Standing,Standing,True,0.95,0.0,113.4461
Bend_pickup_squat_lowLight,129,Standing,Standing,True,0.956,0.0,114.2406
Bend_pickup_squat_lowLight,130,Standing,Standing,True,0.972,0.0,124.0951
Bend_pickup_squat_lowLight,131,Standing,Standing,True,0.977,0.0,114.5422
Bend_pickup_squat_lowLight,132,Standing,Standing,True,0.981,0.0,92.7088
Bend_pickup_squat_lowLight,133,Standing,Standing,True,0.98,0.0,80.5005
Bend_pickup_squat_lowLight,134,Standing,Standing,True,0.973,0.0,81.5737
Bend_pickup_squat_lowLight,135,Standing,Standing,True,0.976,0.0,77.648
Bend_pickup_squat_lowLight,136,Standing,Standing,True,0.972,0.0,74.2807
Bend_pickup_squat_lowLight,137,Standing,Standing,True,0.975,0.0,72.9156
Bend_pickup_squat_lowLight,138,Standing,Standing,True,0.977,0.0,76.6029
Bend_pickup_squat_lowLight,139,Standing,Standing,True,0.978,0.0,72.5802
Bend_pickup_squat_lowLight,140,Standing,Standing,True,0.979,0.0,67.2763
Bend_pickup_squat_lowLight,141,Standing,Standing,True,0.979,0.0,73.9471
Bend_pickup_squat_lowLight,142,Standing,Standing,True,0.984,0.0,71.9892
Bend_pickup_squat_lowLight,143,Standing,Standing,True,0.986,0.0,68.2991
Bend_pickup_squat_lowLight,144,Standing,Standing,True,0.99,0.0,85.0678
Bend_pickup_squat_lowLight,145,Standing,Standing,True,0.991,0.0,96.3648
Bend_pickup_squat_lowLight,146,Standing,Standing,True,0.994,0.0,159.3112
Bend_pickup_squat_lowLight,147,Standing,Standing,True,0.994,0.0,107.719
Bend_pickup_squat_lowLight,148,,Standing,,0.996,0.0,101.7693
Bend_pickup_squat_lowLight,149,,Standing,,0.996,0.0,106.7918
Bend_pickup_squat_lowLight,150,,Standing,,0.997,0.0,103.4323
Bend_pickup_squat_lowLight,151,,Standing,,0.997,0.0,119.6434
Bend_pickup_squat_lowLight,152,,Standing,,0.997,0.0,120.456
Bend_pickup_squat_lowLight,153,,Standing,,0.998,0.0,161.8377
Bend_pickup_squat_lowLight,154,,Standing,,0.998,0.0,171.5522
Bend_pickup_squat_lowLight,155,,Standing,,0.998,0.0,129.8802
Bend_pickup_squat_lowLight,156,,Standing,,0.998,0.0,125.141
Bend_pickup_squat_lowLight,157,,Standing,,0.998,0.0,112.4123
Bend_pickup_squat_lowLight,158,,Standing,,0.998,0.0,111.5965
Bend_pickup_squat_lowLight,159,,Standing,,0.998,0.0,115.2521
Bend_pickup_squat_lowLight,160,,Standing,,0.998,0.0,119.6148
Bend_pickup_squat_lowLight,161,,Standing,,0.998,0.0,110.7098
Bend_pickup_squat_lowLight,162,,Standing,,0.998,0.0,106.0292
Bend_pickup_squat_lowLight,163,,Standing,,0.998,0.0,115.6797
Bend_pickup_squat_lowLight,164,,Standing,,0.998,0.0,97.4532
Bend_pickup_squat_lowLight,165,,Standing,,0.998,0.0,100.3639
Bend_pickup_squat_lowLight,166,,Standing,,0.998,0.0,117.0268
Bend_pickup_squat_lowLight,167,,Standing,,0.998,0.0,101.7388
Bend_pickup_squat_lowLight,168,,Standing,,0.998,0.0,109.1635
Bend_pickup_squat_lowLight,169,,Standing,,0.998,0.0,114.3878
Bend_pickup_squat_lowLight,170,,Standing,,0.998,0.0,128.461
Bend_pickup_squat_lowLight,171,,Standing,,0.998,0.0,99.4531
Bend_pickup_squat_lowLight,172,,Standing,,0.998,0.0,126.3309
Bend_pickup_squat_lowLight,173,,Standing,,0.998,0.0,110.2874
Bend_pickup_squat_lowLight,174,,Standing,,0.998,0.0,105.828
Bend_pickup_squat_normalLight,31,,Standing,,0.997,0.0,101.7912
Bend_pickup_squat_normalLight,32,,Standing,,0.998,0.0,95.5076
Bend_pickup_squat_normalLight,33,,Standing,,0.998,0.0,127.0441
Bend_pickup_squat_normalLight,34,,Standing,,0.997,0.0,103.9776
Bend_pickup_squat_normalLight,35,,Standing,,0.997,0.0,108.7504
Bend_pickup_squat_normalLight,36,,Standing,,0.997,0.0,136.4507
Bend_pickup_squat_normalLight,37,,Standing,,0.997,0.0,125.2589
Bend_pickup_squat_normalLight,38,,Standing,,0.997,0.0,134.1275
Bend_pickup_squat_normalLight,39,,Standing,,0.997,0.0,140.5543
Bend_pickup_squat_normalLight,40,,Standing,,0.997,0.0,129.9168
Bend_pickup_squat_normalLight,41,,Standing,,0.997,0.0,133.1193
Bend_pickup_squat_normalLight,42,,Standing,,0.997,0.0,96.0368
Bend_pickup_squat_normalLight,43,,Standing,,0.997,0.0,81.9692
Bend_pickup_squat_normalLight,44,,Standing,,0.997,0.0,77.3698
Bend_pickup_squat_normalLight,45,,Standing,,0.997,0.0,77.6439
Bend_pickup_squat_normalLight,46,,Standing,,0.996,0.0,85.1321
Bend_pickup_squat_normalLight,47,,Standing,,0.996,0.0,78.0318
Bend_pickup_squat_normalLight,48,,Standing,,0.995,0.0,133.0498
Bend_pickup_squat_normalLight,49,,Standing,,0.995,0.0,95.8546
Bend_pickup_squat_normalLight,50,,Standing,,0.995,0.0,94.2672
Bend_pickup_squat_normalLight,51,,Standing,,0.994,0.0,91.5681
Bend_pickup_squat_normalLight,52,,Standing,,0.993,0.0,89.3184
Bend_pickup_squat_normalLight,53,,Standing,,0.992,0.0,87.3362
Bend_pickup_squat_normalLight,54,,Standing,,0.991,0.0,85.9543
Bend_pickup_squat_normalLight,55,,Standing,,0.99,0.0,90.3955
Bend_pickup_squat_normalLight,56,,Standing,,0.988,0.0,83.6412
Bend_pickup_squat_normalLight,57,,Standing,,0.986,0.0,93.2272
Bend_pickup_squat_normalLight,58,,Standing,,0.983,0.0,138.1447
Bend_pickup_squat_normalLight,59,,Standing,,0.977,0.0,92.2476
Bend_pickup_squat_normalLight,60,,Standing,,0.97,0.0,91.6607
Bend_pickup_squat_normalLight,61,,Standing,,0.96,0.0,90.1101
Bend_pickup_squat_normalLight,62,,Standing,,0.942,0.0,102.2202
Bend_pickup_squat_normalLight,63,,Standing,,0.916,0.0,110.3855
Bend_pickup_squat_normalLight,64,,Standing,,0.881,0.0,101.0027
Bend_pickup_squat_normalLight,65,,Standing,,0.834,0.0,95.7541
Bend_pickup_squat_normalLight,66,,Standing,,0.769,0.0,94.1708
Bend_pickup_squat_normalLight,67,,Standing,,0.671,0.0,96.5853
Bend_pickup_squat_normalLight,68,,Standing,,0.578,0.0,122.9224
Bend_pickup_squat_normalLight,69,,Sitting,,0.507,0.0,95.3498
Bend_pickup_squat_normalLight,70,,Sitting,,0.592,0.0,151.2754
Bend_pickup_squat_normalLight,71,,Sitting,,0.687,0.0,121.401
Bend_pickup_squat_normalLight,72,,Sitting,,0.771,0.0,121.6945
Bend_pickup_squat_normalLight,73,,Sitting,,0.825,0.0,98.2274
Bend_pickup_squat_normalLight,74,,Sitting,,0.841,0.0,106.4072
Bend_pickup_squat_normalLight,75,,Sitting,,0.884,0.0,97.3663
Bend_pickup_squat_normalLight,76,,Sitting,,0.91,0.0,119.4216
Bend_pickup_squat_normalLight,77,,Sitting,,0.92,0.0,117.606
Bend_pickup_squat_normalLight,78,,Sitting,,0.937,0.0,118.3433
Bend_pickup_squat_normalLight,79,,Sitting,,0.944,0.0,96.0007
Bend_pickup_squat_normalLight,80,,Sitting,,0.95,0.0,88.8017
Bend_pickup_squat_normalLight,81,,Sitting,,0.954,0.0,96.8717
Bend_pickup_squat_normalLight,82,,Sitting,,0.961,0.0,86.1002
Bend_pickup_squat_normalLight,83,,Sitting,,0.965,0.0,88.1997
Bend_pickup_squat_normalLight,84,,Sitting,,0.968,0.0,89.9029
Bend_pickup_squat_normalLight,85,,Sitting,,0.97,0.0,82.5538
Bend_pickup_squat_normalLight,86,,Sitting,,0.97,0.0,95.3783
Bend_pickup_squat_normalLight,87,,Sitting,,0.971,0.0,98.4762
Bend_pickup_squat_normalLight,88,,Sitting,,0.971,0.0,96.6736
Bend_pickup_squat_normalLight,89,,Sitting,,0.973,0.0,100.9808
Bend_pickup_squat_normalLight,90,,Sitting,,0.973,0.0,100.7994
Bend_pickup_squat_normalLight,91,,Sitting,,0.973,0.0,90.3652
Bend_pickup_squat_normalLight,92,,Sitting,,0.974,0.0,105.8704
Bend_pickup_squat_normalLight,93,,Sitting,,0.973,0.0,89.0922
Bend_pickup_squat_normalLight,94,,Sitting,,0.974,0.0,85.8033
Bend_pickup_squat_normalLight,95,,Sitting,,0.974,0.0,75.8993
Bend_pickup_squat_normalLight,96,,Sitting,,0.973,0.0,73.6618
Bend_pickup_squat_normalLight,97,,Sitting,,0.972,0.0,76.9007
Bend_pickup_squat_normalLight,98,,Sitting,,0.971,0.0,93.9155
Bend_pickup_squat_normalLight,99,,Sitting,,0.971,0.0,86.8342
Bend_pickup_squat_normalLight,100,,Sitting,,0.97,0.0,76.577
Bend_pickup_squat_normalLight,101,,Sitting,,0.965,0.0,79.4811
Bend_pickup_squat_normalLight,102,,Sitting,,0.965,0.0,83.3526
Bend_pickup_squat_normalLight,103,,Sitting,,0.964,0.0,72.8682
Bend_pickup_squat_normalLight,104,,Sitting,,0.959,0.0,70.5662
Bend_pickup_squat_normalLight,105,,Sitting,,0.953,0.0,89.7508
Bend_pickup_squat_normalLight,106,,Sitting,,0.948,0.0,129.8028
Bend_pickup_squat_normalLight,107,,Sitting,,0.937,0.0,92.0154
Bend_pickup_squat_normalLight,108,,Sitting,,0.923,0.0,77.1767
Bend_pickup_squat_normalLight,109,,Sitting,,0.916,0.0,79.5383
Bend_pickup_squat_normalLight,110,,Sitting,,0.896,0.0,74.7615
Bend_pickup_squat_normalLight,111,,Sitting,,0.859,0.0,91.1646
Bend_pickup_squat_normalLight,112,,Sitting,,0.834,0.0,95.3588
Bend_pickup_squat_normalLight,113,,Sitting,,0.794,0.0,103.3175
Bend_pickup_squat_normalLight,114,,Sitting,,0.742,0.0,96.501
Bend_pickup_squat_normalLight,115,,Sitting,,0.698,0.0,105.9027
Bend_pickup_squat_normalLight,116,,Sitting,,0.645,0.0,90.5671
Bend_pickup_squat_normalLight,117,,Sitting,,0.583,0.0,107.6181
Bend_pickup_squat_normalLight,118,,Sitting,,0.529,0.0,88.8887
Bend_pickup_squat_normalLight,119,,Standing,,0.564,0.0,90.1718
Bend_pickup_squat_normalLight,120,,Standing,,0.665,0.0,89.8594
Bend_pickup_squat_normalLight,121,,Standing,,0.751,0.0,86.9011
Bend_pickup_squat_normalLight,122,,Standing,,0.784,0.0,88.6833
Bend_pickup_squat_normalLight,123,,Standing,,0.846,0.0,91.6395
Bend_pickup_squat_normalLight,124,,Standing,,0.888,0.0,84.4715
Bend_pickup_squat_normalLight,125,,Standing,,0.917,0.0,89.3939
Bend_pickup_squat_normalLight,126,,Standing,,0.944,0.0,96.0801
Bend_pickup_squat_normalLight,127,,Standing,,0.963,0.0,86.8986
Bend_pickup_squat_normalLight,128,,Standing,,0.975,0.0,85.7084
Bend_pickup_squat_normalLight,129,,Standing,,0.983,0.0,114.9647
Bend_pickup_squat_normalLight,130,,Standing,,0.987,0.0,88.5109
Bend_pickup_squat_normalLight,131,,Standing,,0.99,0.0,98.755
Bend_pickup_squat_normalLight,132,,Standing,,0.992,0.0,100.7363
Bend_pickup_squat_normalLight,133,,Standing,,0.994,0.0,94.5576
Bend_pickup_squat_normalLight,134,Standing,Standing,True,0.994,0.0,110.6505
Bend_pickup_squat_normalLight,135,Standing,Standing,True,0.995,0.0,106.3009
Bend_pickup_squat_normalLight,136,Standing,Standing,True,0.995,0.0,102.9383
Bend_pickup_squat_normalLight,137,Standing,Standing,True,0.996,0.0,94.6844
Bend_pickup_squat_normalLight,138,Standing,Standing,True,0.996,0.0,99.5938
Bend_pickup_squat_normalLight,139,Standing,Standing,True,0.996,0.0,90.6078
Bend_pickup_squat_normalLight,140,Standing,Standing,True,0.996,0.0,99.2425
Bend_pickup_squat_normalLight,141,Standing,Standing,True,0.996,0.0,101.131
Bend_pickup_squat_normalLight,142,Standing,Standing,True,0.996,0.0,98.5214
Bend_pickup_squat_normalLight,143,Standing,Standing,True,0.997,0.0,111.0548
Bend_pickup_squat_normalLight,144,Standing,Standing,True,0.997,0.0,137.6031
Bend_pickup_squat_normalLight,145,Standing,Standing,True,0.997,0.0,140.2005
Bend_pickup_squat_normalLight,146,,Standing,,0.997,0.0,113.4473
Bend_pickup_squat_normalLight,147,,Standing,,0.997,0.0,104.2779
Bend_pickup_squat_normalLight,148,,Standing,,0.997,0.0,107.7814
Bend_pickup_squat_normalLight,149,,Standing,,0.997,0.0,98.5931
Bend_pickup_squat_normalLight,150,,Standing,,0.997,0.0,102.702
Bend_pickup_squat_normalLight,151,,Standing,,0.997,0.0,104.1727
Bend_pickup_squat_normalLight,152,,Standing,,0.997,0.0,99.2725
Bend_pickup_squat_normalLight,153,,Standing,,0.997,0.0,106.0852
Bend_pickup_squat_normalLight,154,,Standing,,0.997,0.0,120.2143
Bend_pickup_squat_normalLight,155,,Standing,,0.997,0.0,126.2397
Bend_pickup_squat_normalLight,156,,Standing,,0.997,0.0,116.5231
Bend_pickup_squat_normalLight,157,,Standing,,0.997,0.0,114.0676
Bend_pickup_squat_normalLight,158,,Standing,,0.997,0.0,121.6714
Bend_pickup_squat_normalLight,159,,Standing,,0.997,0.0,155.1418
Bend_pickup_squat_normalLight,160,,Standing,,0.997,0.0,113.2767
Kneeling,31,,Standing,,0.997,0.0,155.9474
Kneeling,32,,Standing,,0.996,0.0,137.8791
Kneeling,33,,Standing,,0.996,0.0,117.7372
Kneeling,34,,Standing,,0.996,0.0,177.3335
Kneeling,35,,Standing,,0.996,0.0,121.5473
Kneeling,36,,Standing,,0.996,0.0,110.9446
Kneeling,37,,Standing,,0.996,0.0,98.6437
Kneeling,38,,Standing,,0.995,0.0,107.7106
Kneeling,39,,Standing,,0.995,0.0,117.6926
Kneeling,40,,Standing,,0.995,0.0,95.5566
Kneeling,41,,Standing,,0.994,0.0,98.1825
Kneeling,42,,Standing,,0.994,0.0,101.7196
Kneeling,43,,Standing,,0.993,0.0,117.0038
Kneeling,44,,Standing,,0.993,0.0,98.6152
Kneeling,45,,Standing,,0.992,0.0,108.051
Kneeling,46,,Standing,,0.992,0.0,112.7893
Kneeling,47,,Standing,,0.992,0.0,115.8775
Kneeling,48,,Standing,,0.991,0.0,113.5906
Kneeling,49,,Standing,,0.99,0.0,99.6488
Kneeling,50,,Standing,,0.989,0.0,104.6384
Kneeling,51,,Standing,,0.988,0.0,95.7073
Kneeling,52,,Standing,,0.987,0.0,104.017
Kneeling,53,,Standing,,0.986,0.0,111.696
Kneeling,54,,Standing,,0.983,0.0,105.0582
Kneeling,55,,Standing,,0.98,0.0,98.3771
Kneeling,56,,Standing,,0.973,0.0,125.2583
Kneeling,57,Sitting,Standing,False,0.968,0.0,100.6806
Kneeling,58,Sitting,Standing,False,0.959,0.0,102.724
Kneeling,59,Sitting,Standing,False,0.949,0.0,108.8303
Kneeling,60,Sitting,Standing,False,0.934,0.0,100.0376
Kneeling,61,Sitting,Standing,False,0.917,0.0,97.5581
Kneeling,62,Sitting,Standing,False,0.897,0.0,86.4526
Kneeling,63,Sitting,Standing,False,0.874,0.0,77.393
Kneeling,64,Sitting,Standing,False,0.848,0.0,89.0552
Kneeling,65,Sitting,Standing,False,0.828,0.0,138.9742
Kneeling,66,Sitting,Standing,False,0.798,0.0,78.2275
Kneeling,67,Sitting,Standing,False,0.751,0.0,74.9733
Kneeling,68,Sitting,Standing,False,0.685,0.0,72.4283
Kneeling,69,Sitting,Standing,False,0.671,0.0,71.7973
Kneeling,70,Sitting,Standing,False,0.647,0.0,70.3138
Kneeling,71,Sitting,Standing,False,0.583,0.0,70.0569
Kneeling,72,Sitting,Standing,False,0.554,0.0,106.7052
Kneeling,73,Sitting,Standing,False,0.5,0.0,181.7522
Kneeling,74,Sitting,Standing,False,0.482,0.0,104.8242
Kneeling,75,Sitting,Standing,False,0.441,0.0,118.5442
Kneeling,76,Sitting,Standing,False,0.427,0.0,106.4903
Kneeling,77,Sitting,Standing,False,0.402,0.0,103.8832
Kneeling,78,Sitting,Standing,False,0.389,0.0,108.9509
Kneeling,79,Sitting,Standing,False,0.358,0.0,112.8959
Kneeling,80,Sitting,Lying,False,0.351,0.0,131.1731
Kneeling,81,Sitting,Lying,False,0.361,0.0,105.8688
Kneeling,82,Sitting,Lying,False,0.355,0.0,117.8996
Kneeling,83,Sitting,Lying,False,0.367,0.0,140.947
Kneeling,84,Sitting,Lying,False,0.295,0.0,119.7256
Kneeling,85,Sitting,Unknown,False,0.312,0.0,128.2313
Kneeling,86,Sitting,Unknown,False,0.316,0.0,120.2379
Kneeling,87,Sitting,Unknown,False,0.331,0.0,130.4279
Kneeling,88,Sitting,Unknown,False,0.343,0.0,99.7856
Kneeling,89,Sitting,Unknown,False,0.345,0.0,94.7766
Kneeling,90,Sitting,Unknown,False,0.363,0.0,97.4252
Kneeling,91,Sitting,Unknown,False,0.36,0.0,118.2416
Kneeling,92,Sitting,Unknown,False,0.362,0.0,91.5566
Kneeling,93,Sitting,Unknown,False,0.361,0.0,93.8528
Kneeling,94,Sitting,Unknown,False,0.36,0.0,101.7358
Kneeling,95,Sitting,Unknown,False,0.36,0.0,96.9048
Kneeling,96,Sitting,Unknown,False,0.358,0.0,116.0995
Kneeling,97,Sitting,Unknown,False,0.356,0.0,115.2067
Kneeling,98,Sitting,Unknown,False,0.355,0.0,117.3433
Kneeling,99,Sitting,Unknown,False,0.356,0.0,114.4766
Kneeling,100,Sitting,Unknown,False,0.355,0.0,130.4264
Kneeling,101,Sitting,Unknown,False,0.354,0.0,92.4557
Kneeling,102,Sitting,Unknown,False,0.35,0.0,93.711
Kneeling,103,Sitting,Unknown,False,0.357,0.0,103.903
Kneeling,104,Sitting,Unknown,False,0.36,0.0,107.8706
Kneeling,105,Sitting,Unknown,False,0.366,0.0,107.2973
Kneeling,106,Sitting,Unknown,False,0.373,0.0,114.2098
Kneeling,107,Sitting,Unknown,False,0.373,0.0,115.6442
Kneeling,108,Sitting,Unknown,False,0.379,0.0,99.9232
Kneeling,109,Sitting,Unknown,False,0.383,0.0,92.4237
Kneeling,110,Sitting,Unknown,False,0.39,0.0,139.5531
Kneeling,111,Sitting,Unknown,False,0.392,0.0,117.0049
Kneeling,112,Sitting,Unknown,False,0.397,0.0,91.0221
Kneeling,113,Sitting,Unknown,False,0.396,0.0,85.7552
Kneeling,114,Sitting,Unknown,False,0.4,0.0,82.1883
Kneeling,115,Sitting,Unknown,False,0.396,0.0,79.3485
Kneeling,116,Sitting,Unknown,False,0.392,0.0,90.9501
Kneeling,117,Sitting,Unknown,False,0.382,0.0,166.1249
Kneeling,118,Sitting,Unknown,False,0.373,0.0,128.1339
Kneeling,119,Sitting,Lying,False,0.368,0.0,124.3602
Kneeling,120,Sitting,Lying,False,0.398,0.0,116.5749
Kneeling,121,Sitting,Lying,False,0.434,0.0,150.099
Kneeling,122,Sitting,Lying,False,0.482,0.0,117.0381
Kneeling,123,Sitting,Lying,False,0.535,0.0,118.6514
Kneeling,124,Sitting,Lying,False,0.554,0.0,161.8279
Kneeling,125,Sitting,Lying,False,0.591,0.0,144.2145
Kneeling,126,Sitting,Lying,False,0.633,0.0,120.8327
Kneeling,127,Sitting,Lying,False,0.66,0.0,118.2506
Kneeling,128,,Lying,,0.669,0.0,96.863
Kneeling,129,,Lying,,0.7,0.0,102.2146
Kneeling,130,,Lying,,0.72,0.0,118.2307
Kneeling,131,,Lying,,0.756,0.0,116.244
Kneeling,132,,Lying,,0.769,0.0,115.818
Kneeling,133,,Lying,,0.788,0.0,127.6533
Kneeling,134,,Lying,,0.81,0.0,104.439
Kneeling,135,,Lying,,0.816,0.0,107.0642
Kneeling,136,,Lying,,0.81,0.0,117.3055
Kneeling,137,,Lying,,0.785,0.0,123.6719
Kneeling,138,,Lying,,0.79,0.0,123.3101
Kneeling,139,,Lying,,0.801,0.0,140.0486
Kneeling,140,,Lying,,0.799,0.0,135.0661
Kneeling,141,,Lying,,0.794,0.0,112.8362
Kneeling,142,,Lying,,0.799,0.0,116.0572
Kneeling,143,,Lying,,0.777,0.0,122.4417
Kneeling,144,,Lying,,0.759,0.0,119.5136
Kneeling,145,,Lying,,0.744,0.0,108.5693
Kneeling,146,,Lying,,0.721,0.0,127.2017
Kneeling,147,,Lying,,0.702,0.0,136.7414
Kneeling,148,,Lying,,0.694,0.0,173.7502
Kneeling,149,,Lying,,0.659,0.0,140.3541
Kneeling,150,,Lying,,0.612,0.0,131.5207
Kneeling,151,,Lying,,0.577,0.0,209.3924
Kneeling,152,,Lying,,0.536,0.0,175.9011
Kneeling,153,,Lying,,0.489,0.0,151.2532
Kneeling,154,,Lying,,0.447,0.0,130.7573
Kneeling,155,,Lying,,0.402,0.0,131.6443
Kneeling,156,Standing,Lying,False,0.359,0.0,210.5346
Kneeling,157,Standing,Unknown,False,0.324,0.0,202.5747
Kneeling,158,Standing,Unknown,False,0.323,0.0,158.3992
Kneeling,159,Standing,Unknown,False,0.323,0.0,122.6245
Kneeling,160,Standing,Unknown,False,0.318,0.0,131.0778
Kneeling,161,Standing,Unknown,False,0.306,0.0,146.1396
Kneeling,162,Standing,Standing,True,0.353,0.0,188.2193
Kneeling,163,Standing,Standing,True,0.427,0.0,268.8437
Kneeling,164,Standing,Standing,True,0.515,0.0,172.3907
Kneeling,165,Standing,Standing,True,0.583,0.0,180.1725
Kneeling,166,Standing,Standing,True,0.653,0.0,125.2785
Kneeling,167,Standing,Standing,True,0.709,0.0,112.2221
Kneeling,168,Standing,Standing,True,0.748,0.0,131.9755
Kneeling,169,Standing,Standing,True,0.794,0.0,112.7974
Kneeling,170,Standing,Standing,True,0.831,0.0,122.4771
Kneeling,171,,Standing,,0.867,0.0,145.5081
Kneeling,172,,Standing,,0.883,0.0,138.6652
Kneeling,173,,Standing,,0.892,0.0,127.1851
Kneeling,174,,Standing,,0.907,0.0,114.9985
Kneeling,175,,Standing,,0.914,0.0,106.3899
Kneeling,176,,Standing,,0.944,0.0,135.7311
Kneeling,177,,Standing,,0.945,0.0,121.42
Kneeling,178,,Standing,,0.957,0.0,108.8043
Kneeling,179,,Standing,,0.967,0.0,101.8694
Kneeling,180,,Standing,,0.974,0.0,97.5703
Kneeling,181,,Standing,,0.977,0.0,115.8133
Kneeling,182,,Standing,,0.98,0.0,106.5939
Kneeling,183,,Standing,,0.984,0.0,99.9824
Kneeling,184,,Standing,,0.985,0.0,118.8614
Kneeling,185,,Standing,,0.987,0.0,97.7042
Kneeling,186,,Standing,,0.985,0.0,97.593
Kneeling,187,,Standing,,0.987,0.0,118.9923
Kneeling,188,,Standing,,0.989,0.0,99.8188
Kneeling,189,,Standing,,0.989,0.0,117.6597
Kneeling,190,,Standing,,0.99,0.0,100.7811
LyingdownSlowly,31,,Standing,,0.988,0.0,91.9445
LyingdownSlowly,32,,Standing,,0.987,0.0,95.9067
LyingdownSlowly,33,,Standing,,0.986,0.0,105.7839
LyingdownSlowly,34,,Standing,,0.985,0.0,112.1872
LyingdownSlowly,35,,Standing,,0.983,0.0,89.2949
LyingdownSlowly,36,,Standing,,0.98,0.0,101.0045
LyingdownSlowly,37,,Standing,,0.975,0.0,115.8061
LyingdownSlowly,38,,Standing,,0.97,0.0,98.3354
LyingdownSlowly,39,,Standing,,0.964,0.0,115.2998
LyingdownSlowly,40,,Standing,,0.957,0.0,98.4456
LyingdownSlowly,41,,Standing,,0.95,0.0,83.4473
LyingdownSlowly,42,,Standing,,0.947,0.0,82.2831
LyingdownSlowly,43,,Standing,,0.942,0.0,81.8802
LyingdownSlowly,44,,Standing,,0.936,0.0,80.9183
LyingdownSlowly,45,,Standing,,0.926,0.0,84.0848
LyingdownSlowly,46,,Standing,,0.919,0.0,71.6127
LyingdownSlowly,47,,Standing,,0.903,0.0,70.1116
LyingdownSlowly,48,,Standing,,0.885,0.0,68.5911
LyingdownSlowly,49,,Standing,,0.857,0.0,73.3878
LyingdownSlowly,50,,Standing,,0.82,0.0,79.3469
LyingdownSlowly,51,,Standing,,0.763,0.0,68.732
LyingdownSlowly,52,,Standing,,0.687,0.0,69.1172
LyingdownSlowly,53,,Standing,,0.618,0.0,80.6785
LyingdownSlowly,54,,Standing,,0.524,0.0,76.6614
LyingdownSlowly,55,,Standing,,0.468,0.0,79.1243
LyingdownSlowly,56,,Sitting,,0.476,0.0,84.7667
LyingdownSlowly,57,,Sitting,,0.562,0.0,86.6139
LyingdownSlowly,58,,Sitting,,0.63,0.0,77.5765
LyingdownSlowly,59,,Sitting,,0.704,0.0,82.0966
LyingdownSlowly,60,,Sitting,,0.766,0.0,90.3111
LyingdownSlowly,61,,Sitting,,0.762,0.0,79.9425
LyingdownSlowly,62,,Sitting,,0.765,0.0,81.7532
LyingdownSlowly,63,,Sitting,,0.742,0.0,88.3912
LyingdownSlowly,64,,Sitting,,0.754,0.0,107.5542
LyingdownSlowly,65,,Sitting,,0.74,0.0,105.2184
LyingdownSlowly,66,,Sitting,,0.727,0.0,86.5504
LyingdownSlowly,67,,Sitting,,0.731,0.0,89.4281
LyingdownSlowly,68,,Sitting,,0.752,0.0,83.4366
LyingdownSlowly,69,,Sitting,,0.714,0.0,84.6919
LyingdownSlowly,70,,Sitting,,0.693,0.0,86.1196
LyingdownSlowly,71,,Sitting,,0.69,0.0,84.3657
LyingdownSlowly,72,,Sitting,,0.625,0.0,92.629
LyingdownSlowly,73,,Sitting,,0.63,0.0,79.5274
LyingdownSlowly,74,,Sitting,,0.573,0.0,79.2629
LyingdownSlowly,75,,Sitting,,0.608,0.0,72.2845
LyingdownSlowly,76,,Sitting,,0.601,0.0,72.9001
LyingdownSlowly,77,,Sitting,,0.581,0.0,75.0551
LyingdownSlowly,78,,Lying,,0.549,0.0,68.7394
LyingdownSlowly,79,,Lying,,0.534,0.0,73.5022
LyingdownSlowly,80,,Lying,,0.497,0.0,88.5148
LyingdownSlowly,81,,Sitting,,0.496,0.0,70.728
LyingdownSlowly,82,,Sitting,,0.595,0.0,68.109
LyingdownSlowly,83,,Lying,,0.551,0.0,75.3904
LyingdownSlowly,84,,Sitting,,0.524,0.0,79.2578
LyingdownSlowly,85,,Sitting,,0.544,0.0,75.5525
LyingdownSlowly,86,,Lying,,0.552,0.0,89.465
LyingdownSlowly,87,,Sitting,,0.527,0.0,76.8347
LyingdownSlowly,88,,Lying,,0.542,0.0,95.6535
LyingdownSlowly,89,,Lying,,0.51,0.0,88.6741
LyingdownSlowly,90,,Sitting,,0.509,0.0,81.7122
LyingdownSlowly,91,,Lying,,0.498,0.0,81.6317
LyingdownSlowly,92,,Lying,,0.499,0.0,92.1425
LyingdownSlowly,93,,Lying,,0.521,0.0,101.1292
LyingdownSlowly,94,,Lying,,0.547,0.0,140.271
LyingdownSlowly,95,,Lying,,0.598,0.0,108.1171
LyingdownSlowly,96,,Lying,,0.668,0.0,96.9904
LyingdownSlowly,97,,Lying,,0.77,0.0,86.1232
LyingdownSlowly,98,,Lying,,0.821,0.0,81.6899
LyingdownSlowly,99,,Lying,,0.846,0.0,97.9243
LyingdownSlowly,100,,Lying,,0.872,0.0,142.0756
LyingdownSlowly,101,,Lying,,0.898,0.0,142.0491
LyingdownSlowly,102,,Lying,,0.905,0.0,125.7409
LyingdownSlowly,103,,Lying,,0.913,0.0,119.9701
LyingdownSlowly,104,,Lying,,0.927,0.0,102.4601
LyingdownSlowly,105,,Lying,,0.943,0.0,143.3155
LyingdownSlowly,106,,Lying,,0.945,0.0,91.5785
LyingdownSlowly,107,,Lying,,0.96,0.0,85.0517
LyingdownSlowly,108,,Lying,,0.974,0.0,100.9383
LyingdownSlowly,109,,Lying,,0.984,0.0,84.0861
LyingdownSlowly,110,,Lying,,0.988,0.0,82.9222
LyingdownSlowly,111,,Lying,,0.993,0.0,86.2769
LyingdownSlowly,112,,Lying,,0.992,0.0,87.1491
LyingdownSlowly,113,,Lying,,0.993,0.0,84.3987
LyingdownSlowly,114,,Lying,,0.994,0.0,74.7533
LyingdownSlowly,115,,Lying,,0.995,0.0,96.6126
LyingdownSlowly,116,,Lying,,0.996,0.0,83.9733
LyingdownSlowly,117,,Lying,,0.997,0.0,98.933
LyingdownSlowly,118,Lying,Lying,True,0.997,0.0,81.2687
LyingdownSlowly,119,Lying,Lying,True,0.997,0.0,81.7967
LyingdownSlowly,120,Lying,Lying,True,0.997,0.0,86.922
LyingdownSlowly,121,Lying,Lying,True,0.996,0.0,77.3604
LyingdownSlowly,122,Lying,Lying,True,0.996,0.0,89.6264
LyingdownSlowly,123,Lying,Lying,True,0.995,0.0,94.6326
LyingdownSlowly,124,Lying,Lying,True,0.994,0.0,82.667
LyingdownSlowly,125,Lying,Lying,True,0.991,0.0,78.7115
LyingdownSlowly,126,Lying,Lying,True,0.989,0.0,77.9843
LyingdownSlowly,127,Lying,Lying,True,0.986,0.0,89.2705
LyingdownSlowly,128,Lying,Lying,True,0.982,0.0,81.5349
LyingdownSlowly,129,Lying,Lying,True,0.975,0.0,83.8302
LyingdownSlowly,130,Lying,Lying,True,0.967,0.0,71.1216
LyingdownSlowly,131,Lying,Lying,True,0.955,0.0,69.3865
LyingdownSlowly,132,Lying,Lying,True,0.944,0.0,71.7081
LyingdownSlowly,133,Lying,Lying,True,0.91,0.0,68.8591
LyingdownSlowly,134,Lying,Lying,True,0.876,0.0,69.0357
LyingdownSlowly,135,Lying,Lying,True,0.845,0.0,87.2512
LyingdownSlowly,136,Lying,Lying,True,0.787,0.0,106.3325
LyingdownSlowly,137,Lying,Lying,True,0.738,0.0,88.6581
LyingdownSlowly,138,Lying,Lying,True,0.697,0.0,82.8269
LyingdownSlowly,139,Lying,Lying,True,0.601,0.0,74.3131
LyingdownSlowly,140,Lying,Lying,True,0.641,0.0,81.0526
LyingdownSlowly,141,Lying,Lying,True,0.695,0.0,81.5635
LyingdownSlowly,142,Lying,Lying,True,0.762,0.0,90.8338
LyingdownSlowly,143,Lying,Lying,True,0.841,0.0,73.3917
LyingdownSlowly,144,Lying,Lying,True,0.883,0.0,81.04
LyingdownSlowly,145,Lying,Lying,True,0.902,0.0,93.9938
LyingdownSlowly,146,Lying,Lying,True,0.918,0.0,96.7481
LyingdownSlowly,147,Lying,Lying,True,0.929,0.0,90.1843
LyingdownSlowly,148,Lying,Lying,True,0.943,0.0,82.6541
LyingdownSlowly,149,Lying,Lying,True,0.938,0.0,105.5344
LyingdownSlowly,150,Lying,Lying,True,0.943,0.0,81.3373
LyingdownSlowly,151,Lying,Lying,True,0.95,0.0,81.8225
LyingdownSlowly,152,Lying,Lying,True,0.954,0.0,93.8567
LyingdownSlowly,153,Lying,Lying,True,0.956,0.0,91.0629
LyingdownSlowly,154,Lying,Lying,True,0.961,0.0,102.0044
LyingdownSlowly,155,Lying,Lying,True,0.963,0.0,110.5409
LyingdownSlowly,156,Lying,Lying,True,0.965,0.0,101.681
LyingdownSlowly,157,Lying,Lying,True,0.969,0.0,124.1683
LyingdownSlowly,158,Lying,Lying,True,0.974,0.0,113.4476
LyingdownSlowly,159,Lying,Lying,True,0.971,0.0,136.027
LyingdownSlowly,160,Lying,Lying,True,0.973,0.0,118.8597
LyingdownSlowly,161,Lying,Lying,True,0.971,0.0,116.9739
LyingdownSlowly,162,Lying,Lying,True,0.975,0.0,110.547
LyingdownSlowly,163,Lying,Lying,True,0.971,0.0,126.0067
LyingdownSlowly,164,Lying,Lying,True,0.968,0.0,111.8522
LyingdownSlowly,165,Lying,Lying,True,0.968,0.0,123.1365
LyingdownSlowly,166,Lying,Lying,True,0.964,0.0,105.7647
LyingdownSlowly,167,Lying,Lying,True,0.965,0.0,110.6767
LyingdownSlowly,168,Lying,Lying,True,0.965,0.0,115.6091
LyingdownSlowly,169,Lying,Lying,True,0.961,0.0,108.7769
LyingdownSlowly,170,Lying,Lying,True,0.961,0.0,125.4103
LyingdownSlowly,171,Lying,Lying,True,0.963,0.0,118.4886
LyingdownSlowly,172,Lying,Lying,True,0.955,0.0,115.626
LyingdownSlowly,173,Lying,Lying,True,0.951,0.0,122.9554
LyingdownSlowly,174,Lying,Lying,True,0.957,0.0,108.4447
LyingdownSlowly,175,Lying,Lying,True,0.963,0.0,122.585
LyingdownSlowly,176,Lying,Lying,True,0.964,0.0,104.2195
LyingdownSlowly,177,Lying,Lying,True,0.96,0.0,113.6291
LyingdownSlowly,178,Lying,Lying,True,0.958,0.0,128.4471
LyingdownSlowly,179,Lying,Lying,True,0.957,0.0,112.5579
LyingdownSlowly,180,Lying,Lying,True,0.957,0.0,123.5363
LyingdownSlowly,181,Lying,Lying,True,0.966,0.0,111.5965
LyingdownSlowly,182,Lying,Lying,True,0.971,0.0,112.4834
LyingdownSlowly,183,Lying,Lying,True,0.971,0.0,110.2175
LyingdownSlowly,184,Lying,Lying,True,0.976,0.0,115.5668
LyingdownSlowly,185,Lying,Lying,True,0.971,0.0,106.729
LyingdownSlowly,186,Lying,Lying,True,0.962,0.0,108.2425
LyingdownSlowly,187,Lying,Lying,True,0.97,0.0,118.7453
LyingdownSlowly,188,Lying,Lying,True,0.969,0.0,132.1415
LyingdownSlowly,189,Lying,Lying,True,0.972,0.0,140.4282
LyingdownSlowly,190,Lying,Lying,True,0.975,0.0,103.9785
LyingdownSlowly,191,Lying,Lying,True,0.971,0.0,127.2684
LyingdownSlowly,192,Lying,Lying,True,0.972,0.0,148.341
LyingdownSlowly,193,Lying,Lying,True,0.974,0.0,186.5396
LyingdownSlowly,194,Lying,Lying,True,0.976,0.0,107.2562
LyingdownSlowly,195,Lying,Lying,True,0.973,0.0,132.4035
LyingdownSlowly,196,Lying,Lying,True,0.964,0.0,124.2833
LyingdownSlowly,197,Lying,Lying,True,0.971,0.0,113.5441
LyingdownSlowly,198,Lying,Lying,True,0.973,0.0,136.6344
LyingdownSlowly,199,Lying,Lying,True,0.976,0.0,122.8476
LyingdownSlowly,200,Lying,Lying,True,0.975,0.0,136.3062
LyingdownSlowly,201,Lying,Lying,True,0.976,0.0,201.2966
LyingdownSlowly,202,Lying,Lying,True,0.978,0.0,131.1475
LyingdownSlowly,203,Lying,Lying,True,0.979,0.0,126.8244
LyingdownSlowly,204,Lying,Lying,True,0.977,0.0,143.4828
LyingdownSlowly,205,Lying,Lying,True,0.978,0.0,109.4231
LyingdownSlowly,206,Lying,Lying,True,0.979,0.0,106.9738
LyingdownSlowly,207,Lying,Lying,True,0.977,0.0,96.1327
LyingdownSlowly,208,Lying,Lying,True,0.973,0.0,108.0365
LyingdownSlowly,209,Lying,Lying,True,0.976,0.0,100.8451
LyingdownSlowly,210,Lying,Lying,True,0.976,0.0,127.0676
LyingdownSlowly,211,Lying,Lying,True,0.97,0.0,95.5501
LyingdownSlowly,212,Lying,Lying,True,0.97,0.0,80.8172
LyingdownSlowly,213,Lying,Lying,True,0.975,0.0,74.4689
LyingdownSlowly,214,Lying,Lying,True,0.974,0.0,78.3726
LyingdownSlowly,215,Lying,Lying,True,0.974,0.0,72.376
LyingdownSlowly,216,Lying,Lying,True,0.974,0.0,71.0011
LyingdownSlowly,217,Lying,Lying,True,0.976,0.0,67.0719
LyingdownSlowly,218,Lying,Lying,True,0.973,0.0,67.8442
LyingdownSlowly,219,Lying,Lying,True,0.969,0.0,67.1864
LyingdownSlowly,220,Lying,Lying,True,0.971,0.0,65.5199
LyingdownSlowly,221,Lying,Lying,True,0.973,0.0,69.9104
LyingdownSlowly,222,Lying,Lying,True,0.975,0.0,62.9194
LyingdownSlowly,223,Lying,Lying,True,0.973,0.0,70.9787
LyingdownSlowly,224,Lying,Lying,True,0.971,0.0,66.5071
LyingdownSlowly,225,Lying,Lying,True,0.982,0.0,70.7064
LyingdownSlowly,226,Lying,Lying,True,0.981,0.0,148.7555
LyingdownSlowly,227,Lying,Lying,True,0.97,0.0,76.4122
LyingdownSlowly,228,Lying,Lying,True,0.974,0.0,71.2742
LyingdownSlowly,229,Lying,Lying,True,0.977,0.0,69.3693
LyingdownSlowly,230,Lying,Lying,True,0.98,0.0,67.5743
LyingdownSlowly,231,Lying,Lying,True,0.973,0.0,67.0244
LyingdownSlowly,232,Lying,Lying,True,0.965,0.0,63.6273
LyingdownSlowly,233,Lying,Lying,True,0.97,0.0,64.8417
LyingdownSlowly,234,Lying,Lying,True,0.971,0.0,61.7846
LyingdownSlowly,235,Lying,Lying,True,0.971,0.0,63.3321
LyingdownSlowly,236,,Lying,,0.966,0.0,62.0683
LyingdownSlowly,237,,Lying,,0.973,0.0,66.6251
LyingdownSlowly,238,,Lying,,0.977,0.0,63.7312
LyingdownSlowly,239,,Lying,,0.976,0.0,68.694
LyingdownSlowly,240,,Lying,,0.978,0.0,64.7425
LyingdownSlowly,241,,Lying,,0.978,0.0,75.1228
LyingdownSlowly,242,,Lying,,0.973,0.0,66.7947
LyingdownSlowly,243,,Lying,,0.973,0.0,66.6207
LyingdownSlowly,244,,Lying,,0.98,0.0,67.9124
LyingdownSlowly,245,,Lying,,0.978,0.0,67.5388
LyingdownSlowly,246,,Lying,,0.978,0.0,69.6553
LyingdownSlowly,247,,Lying,,0.981,0.0,67.583
LyingdownSlowly,248,,Lying,,0.979,0.0,66.6571
LyingdownSlowly,249,,Lying,,0.984,0.0,65.7554
LyingdownSlowly,250,,Lying,,0.985,0.0,64.367
LyingdownSlowly,251,,Lying,,0.987,0.0,67.1637
LyingdownSlowly,252,,Lying,,0.987,0.0,82.0261
LyingdownSlowly,253,,Lying,,0.987,0.0,94.7098
LyingdownSlowly,254,,Lying,,0.99,0.0,83.5624
LyingdownSlowly,255,,Lying,,0.991,0.0,92.0332
LyingdownSlowly,256,,Lying,,0.992,0.0,83.0665
LyingdownSlowly,257,,Lying,,0.991,0.0,90.0283
LyingdownSlowly,258,,Lying,,0.992,0.0,79.8826
LyingdownSlowly,259,,Lying,,0.993,0.0,71.5171
LyingdownSlowly,260,,Lying,,0.991,0.0,69.1499
LyingdownSlowly,261,,Lying,,0.99,0.0,67.7367
LyingdownSlowly,262,,Lying,,0.99,0.0,67.87
LyingdownSlowly,263,,Lying,,0.99,0.0,87.1999
LyingdownSlowly,264,,Lying,,0.99,0.0,85.5339
LyingdownSlowly,265,,Lying,,0.99,0.0,87.5535
LyingdownSlowly,266,,Lying,,0.99,0.0,78.9367
LyingdownSlowly,267,,Lying,,0.99,0.0,73.9796
LyingdownSlowly,268,,Lying,,0.988,0.0,76.2162
LyingdownSlowly,269,,Lying,,0.988,0.0,73.5339
LyingdownSlowly,270,,Lying,,0.987,0.0,78.0566
LyingdownSlowly,271,,Lying,,0.986,0.0,87.094
LyingdownSlowly,272,,Lying,,0.985,0.0,75.5514
LyingdownSlowly,273,,Lying,,0.985,0.0,73.9847
LyingdownSlowly,274,,Lying,,0.985,0.0,74.3138
LyingdownSlowly,275,,Lying,,0.986,0.0,75.5468
LyingdownSlowly,276,,Lying,,0.986,0.0,88.3885
LyingdownSlowly,277,,Lying,,0.985,0.0,85.8699
LyingdownSlowly,278,,Lying,,0.985,0.0,92.5935
LyingdownSlowly,279,,Lying,,0.984,0.0,77.8734
LyingdownSlowly,280,,Lying,,0.983,0.0,77.0748
LyingdownSlowly,281,,Lying,,0.981,0.0,79.0798
LyingdownSlowly,282,,Lying,,0.979,0.0,85.7008
LyingdownSlowly,283,,Lying,,0.975,0.0,101.3353
LyingdownSlowly,284,,Lying,,0.967,0.0,93.2987
LyingdownSlowly,285,,Lying,,0.964,0.0,87.1859
LyingdownSlowly,286,,Lying,,0.966,0.0,95.4
LyingdownSlowly,287,,Lying,,0.958,0.0,104.817
LyingdownSlowly,288,,Lying,,0.951,0.0,99.9747
LyingdownSlowly,289,,Lying,,0.919,0.0,94.147
LyingdownSlowly,290,,Lying,,0.917,0.0,98.1564
LyingdownSlowly,291,,Lying,,0.918,0.0,90.0021
LyingdownSlowly,292,,Lying,,0.915,0.0,95.4408
LyingdownSlowly,293,,Lying,,0.923,0.0,124.1761
LyingdownSlowly,294,,Lying,,0.939,0.0,95.6932
LyingdownSlowly,295,,Lying,,0.941,0.0,95.9147
LyingdownSlowly,296,,Lying,,0.95,0.0,99.5477
LyingdownSlowly,297,,Lying,,0.954,0.0,92.9798
LyingdownSlowly,298,,Lying,,0.962,0.0,112.8236
LyingdownSlowly,299,,Lying,,0.97,0.0,107.8663
LyingdownSlowly,300,,Lying,,0.976,0.0,127.2621
LyingdownSlowly,301,,Lying,,0.979,0.0,126.5937
LyingdownSlowly,302,,Lying,,0.975,0.0,112.3587
LyingdownSlowly,303,,Lying,,0.969,0.0,126.0318
LyingdownSlowly,304,,Lying,,0.965,0.0,170.7948
LyingdownSlowly,305,,Lying,,0.966,0.0,157.8855
LyingdownSlowly,306,,Lying,,0.962,0.0,115.0465
LyingdownSlowly,307,,Lying,,0.959,0.0,129.1422
LyingdownSlowly,308,,Lying,,0.951,0.0,113.8256
LyingdownSlowly,309,,Lying,,0.947,0.0,95.0616
LyingdownSlowly,310,,Lying,,0.943,0.0,114.488
LyingdownSlowly,311,,Lying,,0.938,0.0,98.0298
LyingdownSlowly,312,,Lying,,0.932,0.0,89.6156
LyingdownSlowly,313,,Lying,,0.917,0.0,97.3954
LyingdownSlowly,314,,Lying,,0.899,0.0,118.5686
LyingdownSlowly,315,,Lying,,0.89,0.0,95.004
LyingdownSlowly,316,,Lying,,0.882,0.0,100.2079
LyingdownSlowly,317,,Lying,,0.868,0.0,93.0099
LyingdownSlowly,318,,Lying,,0.869,0.0,107.5457
LyingdownSlowly,319,,Lying,,0.868,0.0,87.2418
LyingdownSlowly,320,,Lying,,0.879,0.0,116.581
LyingdownSlowly,321,,Lying,,0.89,0.0,112.8684
LyingdownSlowly,322,,Lying,,0.881,0.0,121.8093
LyingdownSlowly,323,,Lying,,0.874,0.0,108.1015
LyingdownSlowly,324,,Lying,,0.862,0.0,203.6889
LyingdownSlowly,325,,Lying,,0.838,0.0,208.3967
LyingdownSlowly,326,,Lying,,0.844,0.0,150.8352
LyingdownSlowly,327,,Lying,,0.833,0.0,273.7502
LyingdownSlowly,328,,Lying,,0.842,0.0,145.1571
LyingdownSlowly,329,,Lying,,0.837,0.0,144.0065
LyingdownSlowly,330,,Lying,,0.79,0.0,123.3854
LyingdownSlowly,331,,Lying,,0.745,0.0,177.6242
LyingdownSlowly,332,,Lying,,0.669,0.0,127.0336
LyingdownSlowly,333,,Lying,,0.558,0.0,145.636
LyingdownSlowly,334,,Lying,,0.502,0.0,139.3798
LyingdownSlowly,335,,Lying,,0.666,0.0,125.3037
LyingdownSlowly,336,,Lying,,0.762,0.0,160.17
LyingdownSlowly,337,,Lying,,0.936,0.0,127.5131
LyingdownSlowly,338,,Lying,,0.966,0.0,155.9707
LyingdownSlowly,339,,Lying,,0.956,0.0,144.2598
LyingdownSlowly,340,,Lying,,0.964,0.0,129.0774
LyingdownSlowly,341,,Lying,,0.982,0.0,134.7887
LyingdownSlowly,342,,Lying,,0.982,0.0,140.097
LyingdownSlowly,343,,Lying,,0.982,0.0,160.0559
LyingdownSlowly,344,,Lying,,0.974,0.0,133.5416
LyingdownSlowly,345,,Lying,,0.971,0.0,132.7831
LyingdownSlowly,346,,Lying,,0.933,0.0,128.8296
LyingdownSlowly,347,,Lying,,0.889,0.0,144.5082
LyingdownSlowly,348,,Lying,,0.819,0.0,125.2729
LyingdownSlowly,349,,Lying,,0.701,0.0,139.5913
LyingdownSlowly,350,,Lying,,0.574,0.0,156.8508
LyingdownSlowly,351,,Sitting,,0.496,0.0,147.0618
LyingdownSlowly,352,,Sitting,,0.537,0.0,128.0546
LyingdownSlowly,353,,Sitting,,0.644,0.0,120.261
LyingdownSlowly,354,,Sitting,,0.634,0.0,142.1931
LyingdownSlowly,355,,Sitting,,0.669,0.0,135.5743
LyingdownSlowly,356,,Sitting,,0.684,0.0,112.8758
LyingdownSlowly,357,,Sitting,,0.656,0.0,130.9045
LyingdownSlowly,358,,Sitting,,0.673,0.0,134.4935
LyingdownSlowly,359,,Sitting,,0.59,0.0,118.4476
LyingdownSlowly,360,,Sitting,,0.537,0.0,130.2832
LyingdownSlowly,361,,Sitting,,0.489,0.0,140.1372
LyingdownSlowly,362,,Standing,,0.596,0.0,134.6596
LyingdownSlowly,363,,Standing,,0.665,0.0,114.8761
LyingdownSlowly,364,,Standing,,0.715,0.0,111.5516
LyingdownSlowly,365,,Standing,,0.766,0.0,114.3285
LyingdownSlowly,366,,Standing,,0.838,0.0,111.1883
LyingdownSlowly,367,,Standing,,0.889,0.0,120.1798
LyingdownSlowly,368,,Standing,,0.908,0.0,120.2357
LyingdownSlowly,369,,Standing,,0.943,0.0,163.1982
LyingdownSlowly,370,,Standing,,0.957,0.0,108.9011
LyingdownSlowly,371,,Standing,,0.967,0.0,130.1331
LyingdownSlowly,372,,Standing,,0.976,0.0,111.5089
LyingdownSlowly,373,,Standing,,0.979,0.0,97.7559
LyingdownSlowly,374,,Standing,,0.985,0.0,98.3456
LyingdownSlowly,375,,Standing,,0.987,0.0,90.3994
LyingdownSlowly,376,,Standing,,0.991,0.0,88.2312
LyingdownSlowly,377,,Standing,,0.993,0.0,91.9969
LyingdownSlowly,378,,Standing,,0.994,0.0,101.7557
LyingdownSlowly,379,,Standing,,0.994,0.0,111.3153
LyingdownSlowly,380,,Standing,,0.995,0.0,98.5061
LyingdownSlowly,381,,Standing,,0.996,0.0,126.4313
Moving_in_out_frame,31,Standing,Standing,True,0.998,0.0,143.7153
Moving_in_out_frame,32,Standing,Standing,True,0.997,0.0,96.0447
Moving_in_out_frame,33,Standing,Standing,True,0.997,0.0,89.3509
Moving_in_out_frame,34,Standing,Standing,True,0.997,0.0,80.9445
Moving_in_out_frame,35,Standing,Standing,True,0.997,0.0,78.5658
Moving_in_out_frame,36,Standing,Standing,True,0.997,0.0,85.0475
Moving_in_out_frame,37,Standing,Standing,True,0.996,0.0,77.3955
Moving_in_out_frame,38,Standing,Standing,True,0.996,0.0,72.8266
Moving_in_out_frame,39,Standing,Standing,True,0.996,0.0,77.1641
Moving_in_out_frame,40,Standing,Standing,True,0.996,0.0,129.2414
Moving_in_out_frame,41,Standing,Standing,True,0.996,0.0,77.2861
Moving_in_out_frame,42,Standing,Standing,True,0.996,0.0,92.8442
Moving_in_out_frame,43,Standing,Standing,True,0.996,0.0,94.3986
Moving_in_out_frame,44,Standing,Standing,True,0.996,0.0,77.4186
Moving_in_out_frame,45,Standing,Standing,True,0.996,0.0,96.1665
Moving_in_out_frame,46,Standing,Standing,True,0.996,0.0,79.1379
Moving_in_out_frame,47,Standing,Standing,True,0.996,0.0,75.0643
Moving_in_out_frame,48,Standing,Standing,True,0.996,0.0,78.4379
Moving_in_out_frame,49,Standing,Standing,True,0.996,0.0,71.387
Moving_in_out_frame,50,Standing,Standing,True,0.996,0.0,71.1545
Moving_in_out_frame,51,Standing,Standing,True,0.995,0.0,70.1074
Moving_in_out_frame,52,Standing,Standing,True,0.995,0.0,69.863
Moving_in_out_frame,53,Standing,Standing,True,0.995,0.0,67.2388
Moving_in_out_frame,54,Standing,Standing,True,0.994,0.0,70.1156
Moving_in_out_frame,55,Standing,Standing,True,0.994,0.0,68.6635
Moving_in_out_frame,56,Standing,Standing,True,0.995,0.0,90.8846
Moving_in_out_frame,57,Standing,Standing,True,0.995,0.0,74.8279
Moving_in_out_frame,58,Standing,Standing,True,0.995,0.0,84.7005
Moving_in_out_frame,59,Not in frame,Standing,False,0.995,0.0,72.1706
Moving_in_out_frame,60,Not in frame,Standing,False,0.996,0.0,70.7266
Moving_in_out_frame,61,Not in frame,Standing,False,0.996,0.0,81.5317
Moving_in_out_frame,62,Not in frame,Standing,False,0.996,0.0,76.7691
Moving_in_out_frame,63,Not in frame,Standing,False,0.996,0.0,68.0696
Moving_in_out_frame,64,Not in frame,Standing,False,0.997,0.0,71.732
Moving_in_out_frame,65,Not in frame,Standing,False,0.997,0.0,68.2083
Moving_in_out_frame,66,Not in frame,Standing,False,0.997,0.0,69.7714
Moving_in_out_frame,67,Not in frame,Standing,False,0.997,0.0,71.7597
Moving_in_out_frame,68,Not in frame,Standing,False,0.997,0.0,69.3349
Moving_in_out_frame,69,Not in frame,Standing,False,0.998,0.0,70.4448
Moving_in_out_frame,70,Not in frame,Standing,False,0.998,0.0,69.547
Moving_in_out_frame,71,Not in frame,Standing,False,0.997,1.0,69.0269
Moving_in_out_frame,72,Not in frame,Standing,False,0.997,1.0,71.8904
Moving_in_out_frame,73,Not in frame,Standing,False,0.997,1.0,87.1699
Moving_in_out_frame,74,Not in frame,Standing,False,0.997,1.0,93.3505
Moving_in_out_frame,75,Not in frame,Standing,False,0.996,1.0,79.1379
Moving_in_out_frame,76,Not in frame,Standing,False,0.995,0.0,79.2044
Moving_in_out_frame,77,Not in frame,Standing,False,0.992,0.0,80.0894
Moving_in_out_frame,78,Not in frame,Standing,False,0.986,0.0,81.7532
Moving_in_out_frame,79,Not in frame,Standing,False,0.977,0.0,104.3342
Moving_in_out_frame,80,Not in frame,Standing,False,0.952,0.0,113.1744
Moving_in_out_frame,81,Not in frame,Standing,False,0.908,0.0,113.2355
Moving_in_out_frame,82,Not in frame,Standing,False,0.835,0.0,125.6029
Moving_in_out_frame,83,Not in frame,Standing,False,0.706,0.0,95.7344
Moving_in_out_frame,84,Not in frame,Standing,False,0.498,0.0,95.5744
Moving_in_out_frame,85,Not in frame,Lying,False,0.598,0.0,104.7954
Moving_in_out_frame,86,Not in frame,Lying,False,0.766,0.0,84.6876
Moving_in_out_frame,87,Not in frame,Lying,False,0.846,0.0,86.6469
Moving_in_out_frame,88,Not in frame,Lying,False,0.91,0.0,85.6548
Moving_in_out_frame,89,Not in frame,Lying,False,0.94,0.0,83.5461
Moving_in_out_frame,90,Not in frame,Lying,False,0.955,0.0,89.303
Moving_in_out_frame,91,Not in frame,Lying,False,0.964,0.0,88.5092
Moving_in_out_frame,92,Not in frame,Lying,False,0.973,0.0,94.1572
Moving_in_out_frame,93,Not in frame,Lying,False,0.978,0.0,99.7985
Moving_in_out_frame,94,Not in frame,Lying,False,0.982,0.0,99.8637
Moving_in_out_frame,95,Not in frame,Lying,False,0.987,0.0,105.1095
Moving_in_out_frame,96,Not in frame,Lying,False,0.99,0.0,98.621
Moving_in_out_frame,97,Not in frame,Lying,False,0.99,0.0,91.2817
Moving_in_out_frame,98,Not in frame,Lying,False,0.992,0.0,121.9524
Moving_in_out_frame,99,Not in frame,Lying,False,0.993,0.0,99.4884
Moving_in_out_frame,100,Not in frame,Lying,False,0.992,0.0,103.2332
Moving_in_out_frame,101,Not in frame,Lying,False,0.989,0.0,109.8244
Moving_in_out_frame,102,Not in frame,Lying,False,0.988,0.0,141.4187
Moving_in_out_frame,103,Not in frame,Lying,False,0.985,0.0,156.8129
Moving_in_out_frame,104,Not in frame,Lying,False,0.986,0.0,122.9012
Moving_in_out_frame,105,Not in frame,Lying,False,0.991,0.0,103.7404
Moving_in_out_frame,106,Not in frame,Lying,False,0.991,0.0,114.5267
Moving_in_out_frame,107,Not in frame,Lying,False,0.994,0.0,127.5088
Moving_in_out_frame,108,Not in frame,Lying,False,0.995,0.0,145.4392
Moving_in_out_frame,109,Not in frame,Lying,False,0.992,0.0,112.0822
Moving_in_out_frame,110,Not in frame,Lying,False,0.988,0.0,108.8936
Moving_in_out_frame,111,Not in frame,Lying,False,0.994,0.0,148.5296
Moving_in_out_frame,112,Not in frame,Lying,False,0.996,0.0,106.1532
Moving_in_out_frame,113,Not in frame,Lying,False,0.993,0.0,134.1478
Moving_in_out_frame,114,Not in frame,Lying,False,0.991,0.0,128.8574
Moving_in_out_frame,115,Not in frame,Lying,False,0.991,0.0,124.0077
Moving_in_out_frame,116,Not in frame,Lying,False,0.99,0.0,109.2676
Moving_in_out_frame,117,Standing,Lying,False,0.991,0.0,124.0456
Moving_in_out_frame,118,Standing,Lying,False,0.986,0.0,119.7289
Moving_in_out_frame,119,Standing,Lying,False,0.984,0.0,214.1999
Moving_in_out_frame,120,Standing,Lying,False,0.993,0.0,124.5221
Moving_in_out_frame,121,Standing,Lying,False,0.994,0.0,103.2187
Moving_in_out_frame,122,Standing,Lying,False,0.991,0.0,119.6747
Moving_in_out_frame,123,Standing,Lying,False,0.99,0.0,106.3365
Moving_in_out_frame,124,Standing,Lying,False,0.996,0.0,100.7606
Moving_in_out_frame,125,Standing,Lying,False,0.988,0.0,99.0485
Moving_in_out_frame,126,Standing,Lying,False,0.987,0.0,384.0959
Moving_in_out_frame,127,Standing,Lying,False,0.996,0.0,128.9328
Moving_in_out_frame,128,Standing,Lying,False,0.994,0.0,103.0758
Moving_in_out_frame,129,Standing,Lying,False,0.994,0.0,106.0291
Moving_in_out_frame,130,Standing,Lying,False,0.995,0.0,182.1374
Moving_in_out_frame,131,Standing,Lying,False,0.995,0.0,179.2217
Moving_in_out_frame,132,Standing,Lying,False,0.994,0.0,109.9178
Moving_in_out_frame,133,Standing,Lying,False,0.995,0.0,110.4091
Moving_in_out_frame,134,Standing,Lying,False,0.995,0.0,118.5803
Moving_in_out_frame,135,Standing,Lying,False,0.995,0.0,106.3495
Moving_in_out_frame,136,Standing,Lying,False,0.993,0.0,116.7942
Moving_in_out_frame,137,Standing,Lying,False,0.99,0.0,121.03
Moving_in_out_frame,138,Standing,Lying,False,0.989,0.0,95.7258
Moving_in_out_frame,139,Standing,Lying,False,0.988,0.0,134.6181
Moving_in_out_frame,140,Standing,Lying,False,0.99,0.0,111.054
Moving_in_out_frame,141,Standing,Lying,False,0.99,0.0,115.086
Moving_in_out_frame,142,Standing,Lying,False,0.986,0.0,107.7179
Moving_in_out_frame,143,Standing,Lying,False,0.991,0.0,105.1236
Moving_in_out_frame,144,Standing,Lying,False,0.989,0.0,117.4561
Moving_in_out_frame,145,Standing,Lying,False,0.989,0.0,132.4378
Moving_in_out_frame,146,Standing,Lying,False,0.986,0.0,128.4584
Moving_in_out_frame,147,Standing,Lying,False,0.987,0.0,120.4746
Moving_in_out_frame,148,Standing,Lying,False,0.987,0.0,146.0765
Moving_in_out_frame,149,Standing,Lying,False,0.986,0.0,137.5129
Moving_in_out_frame,150,Standing,Lying,False,0.987,0.0,120.0695
Moving_in_out_frame,151,Standing,Lying,False,0.981,0.0,127.5013
Moving_in_out_frame,152,Standing,Lying,False,0.994,0.0,173.0656
Moving_in_out_frame,153,Standing,Lying,False,0.992,0.0,129.8772
Moving_in_out_frame,154,Standing,Lying,False,0.982,0.0,138.8761
Moving_in_out_frame,155,Standing,Lying,False,0.98,0.0,115.8421
Moving_in_out_frame,156,Standing,Lying,False,0.983,0.0,124.6699
Moving_in_out_frame,157,Standing,Lying,False,0.982,0.0,127.0693
Moving_in_out_frame,158,Standing,Lying,False,0.982,0.0,130.657
Moving_in_out_frame,159,Standing,Lying,False,0.98,0.0,110.3496
Moving_in_out_frame,160,Standing,Lying,False,0.977,0.0,112.4993
Moving_in_out_frame,161,Standing,Lying,False,0.972,0.0,130.2962
Moving_in_out_frame,162,Standing,Lying,False,0.971,0.0,138.2749
Moving_in_out_frame,163,Standing,Lying,False,0.974,0.0,131.1623
Moving_in_out_frame,164,Standing,Lying,False,0.97,0.0,145.4331
Moving_in_out_frame,165,Standing,Lying,False,0.978,0.0,133.2466
Moving_in_out_frame,166,Standing,Lying,False,0.976,0.0,102.5419
Moving_in_out_frame,167,Standing,Lying,False,0.975,1.0,94.8765
Moving_in_out_frame,168,Standing,Lying,False,0.976,0.0,100.2204
Moving_in_out_frame,169,Standing,Lying,False,0.977,0.0,117.3618
Moving_in_out_frame,170,Standing,Lying,False,0.985,0.0,101.2462
Moving_in_out_frame,171,Standing,Lying,False,0.985,0.0,90.5446
Moving_in_out_frame,172,Standing,Lying,False,0.978,0.0,82.9159
Moving_in_out_frame,173,Standing,Lying,False,0.981,0.0,85.3339
Moving_in_out_frame,174,Standing,Lying,False,0.982,0.0,108.1344
Moving_in_out_frame,175,Standing,Lying,False,0.979,0.0,93.382
Moving_in_out_frame,176,Standing,Lying,False,0.983,0.0,102.8388
Moving_in_out_frame,177,Standing,Lying,False,0.978,0.0,87.2729
Moving_in_out_frame,178,Standing,Lying,False,0.971,0.0,81.6574
Moving_in_out_frame,179,Standing,Lying,False,0.979,0.0,93.7067
Moving_in_out_frame,180,Standing,Lying,False,0.982,0.0,104.0213
Moving_in_out_frame,181,Standing,Lying,False,0.961,0.0,96.7562
Moving_in_out_frame,182,Standing,Lying,False,0.967,0.0,108.416
Moving_in_out_frame,183,Standing,Lying,False,0.955,0.0,98.5531
Moving_in_out_frame,184,Standing,Lying,False,0.959,0.0,108.3002
Moving_in_out_frame,185,Standing,Lying,False,0.967,0.0,136.0188
Moving_in_out_frame,186,Standing,Lying,False,0.931,0.0,123.7483
Moving_in_out_frame,187,Standing,Lying,False,0.897,0.0,136.9737
Moving_in_out_frame,188,Standing,Lying,False,0.838,0.0,125.6713
Moving_in_out_frame,189,Standing,Lying,False,0.8,0.0,108.0122
Moving_in_out_frame,190,Standing,Lying,False,0.628,0.0,93.8682
Moving_in_out_frame,191,Standing,Standing,True,0.493,0.0,80.0315
Moving_in_out_frame,192,Standing,Standing,True,0.675,0.0,79.6278
Moving_in_out_frame,193,Standing,Standing,True,0.91,0.0,78.6983
Moving_in_out_frame,194,Standing,Standing,True,0.982,0.0,79.2002
Moving_in_out_frame,195,Standing,Standing,True,0.983,0.0,93.1664
Moving_in_out_frame,196,Standing,Standing,True,0.997,0.0,82.6632
Moving_in_out_frame,197,Standing,Standing,True,0.998,0.0,71.7026
Moving_in_out_frame,198,Standing,Standing,True,0.998,0.0,76.7298
Moving_in_out_frame,199,Standing,Standing,True,0.998,0.0,72.1596
Moving_in_out_frame,200,Standing,Standing,True,0.998,0.0,79.9439
Moving_in_out_frame,201,Standing,Standing,True,0.998,0.0,72.9863
Moving_in_out_frame,202,Standing,Standing,True,0.998,0.0,78.1797
Moving_in_out_frame,203,Standing,Standing,True,0.998,0.0,75.1038
Moving_in_out_frame,204,Standing,Standing,True,0.998,0.0,68.7758
Moving_in_out_frame,205,Standing,Standing,True,0.998,0.0,68.2579
Moving_in_out_frame,206,,Standing,,0.998,0.0,71.1891
Moving_in_out_frame,207,,Standing,,0.998,0.0,72.597
Moving_in_out_frame,208,,Standing,,0.997,0.0,73.0035
Moving_in_out_frame,209,,Standing,,0.998,0.0,75.1357
Moving_in_out_frame,210,,Standing,,0.998,0.0,72.2718
Moving_in_out_frame_withFall,31,Standing,Standing,True,0.986,1.0,72.7712
Moving_in_out_frame_withFall,32,Standing,Standing,True,0.987,1.0,71.4531
Moving_in_out_frame_withFall,33,Standing,Standing,True,0.986,1.0,70.5113
Moving_in_out_frame_withFall,34,Standing,Standing,True,0.983,1.0,75.5699
Moving_in_out_frame_withFall,35,Standing,Standing,True,0.979,1.0,87.2312
Moving_in_out_frame_withFall,36,Standing,Standing,True,0.977,1.0,76.5313
Moving_in_out_frame_withFall,37,Standing,Standing,True,0.975,1.0,82.7287
Moving_in_out_frame_withFall,38,Standing,Standing,True,0.968,1.0,81.4778
Moving_in_out_frame_withFall,39,Standing,Standing,True,0.96,1.0,90.9242
Moving_in_out_frame_withFall,40,Standing,Standing,True,0.954,1.0,94.4116
Moving_in_out_frame_withFall,41,Standing,Standing,True,0.948,1.0,95.57
Moving_in_out_frame_withFall,42,Standing,Standing,True,0.918,1.0,92.7171
Moving_in_out_frame_withFall,43,Standing,Standing,True,0.902,1.0,113.5962
Moving_in_out_frame_withFall,44,Standing,Standing,True,0.878,1.0,115.9732
Moving_in_out_frame_withFall,45,Standing,Standing,True,0.829,1.0,125.7739
Moving_in_out_frame_withFall,46,Standing,Standing,True,0.771,1.0,169.2696
Moving_in_out_frame_withFall,47,Standing,Standing,True,0.734,1.0,132.7554
Moving_in_out_frame_withFall,48,Standing,Standing,True,0.695,1.0,98.9269
Moving_in_out_frame_withFall,49,Standing,Standing,True,0.569,1.0,109.6563
Moving_in_out_frame_withFall,50,Not in frame,Standing,False,0.45,1.0,101.1418
Moving_in_out_frame_withFall,51,Not in frame,Lying,False,0.387,1.0,106.5801
Moving_in_out_frame_withFall,52,Not in frame,Lying,False,0.427,1.0,91.407
Moving_in_out_frame_withFall,53,Not in frame,Lying,False,0.452,1.0,95.777
Moving_in_out_frame_withFall,54,Not in frame,Lying,False,0.489,1.0,113.465
Moving_in_out_frame_withFall,55,Not in frame,Lying,False,0.526,1.0,98.1534
Moving_in_out_frame_withFall,56,Not in frame,Lying,False,0.594,1.0,147.5765
Moving_in_out_frame_withFall,57,Not in frame,Lying,False,0.606,1.0,116.6263
Moving_in_out_frame_withFall,58,Not in frame,Lying,False,0.615,1.0,161.3721
Moving_in_out_frame_withFall,59,Not in frame,Lying,False,0.654,1.0,133.5663
Moving_in_out_frame_withFall,60,Not in frame,Lying,False,0.689,1.0,118.0743
Moving_in_out_frame_withFall,61,Not in frame,Lying,False,0.689,1.0,138.2642
Moving_in_out_frame_withFall,62,Not in frame,Lying,False,0.689,1.0,127.643
Moving_in_out_frame_withFall,63,Not in frame,Lying,False,0.689,1.0,120.1549
Moving_in_out_frame_withFall,64,Not in frame,Lying,False,0.689,1.0,188.0561
Moving_in_out_frame_withFall,65,Not in frame,Lying,False,0.689,1.0,128.3579
Moving_in_out_frame_withFall,66,Not in frame,Lying,False,0.689,1.0,128.4803
Moving_in_out_frame_withFall,67,Not in frame,Lying,False,0.689,1.0,127.7048
Moving_in_out_frame_withFall,68,Not in frame,Lying,False,0.689,1.0,145.2918
Moving_in_out_frame_withFall,69,Not in frame,Lying,False,0.689,1.0,107.487
Moving_in_out_frame_withFall,70,Not in frame,Lying,False,0.689,1.0,115.132
Moving_in_out_frame_withFall,71,Not in frame,Lying,False,0.689,1.0,111.2212
Moving_in_out_frame_withFall,72,Not in frame,Lying,False,0.689,1.0,124.5007
Moving_in_out_frame_withFall,73,Not in frame,Lying,False,0.689,1.0,113.0895
Moving_in_out_frame_withFall,74,Not in frame,Lying,False,0.689,1.0,127.5208
Moving_in_out_frame_withFall,75,Not in frame,Lying,False,0.689,1.0,133.1952
Moving_in_out_frame_withFall,76,Not in frame,Lying,False,0.689,1.0,167.0269
Moving_in_out_frame_withFall,77,Not in frame,Lying,False,0.689,1.0,131.4343
Moving_in_out_frame_withFall,78,Not in frame,Lying,False,0.689,1.0,142.9228
Moving_in_out_frame_withFall,79,Not in frame,Lying,False,0.689,1.0,148.4127
Moving_in_out_frame_withFall,80,Not in frame,Lying,False,0.689,1.0,146.9268
Moving_in_out_frame_withFall,81,Not in frame,Lying,False,0.689,1.0,143.5104
Moving_in_out_frame_withFall,82,Not in frame,Lying,False,0.689,1.0,139.965
Moving_in_out_frame_withFall,83,Not in frame,Lying,False,0.689,1.0,152.396
Moving_in_out_frame_withFall,84,Not in frame,Lying,False,0.689,1.0,147.3381
Moving_in_out_frame_withFall,85,Not in frame,Lying,False,0.689,1.0,169.569
Moving_in_out_frame_withFall,86,,Lying,,0.689,1.0,151.165
Moving_in_out_frame_withFall,87,,Lying,,0.689,1.0,120.7948
Moving_in_out_frame_withFall,88,Standing,Lying,False,0.689,1.0,124.9455
Moving_in_out_frame_withFall,89,Standing,Lying,False,0.689,1.0,168.4721
Moving_in_out_frame_withFall,90,Standing,Lying,False,0.689,1.0,137.8623
Moving_in_out_frame_withFall,91,Standing,Lying,False,0.689,1.0,118.6741
Moving_in_out_frame_withFall,92,Standing,Lying,False,0.689,1.0,138.7767
Moving_in_out_frame_withFall,93,Standing,Lying,False,0.689,1.0,122.7899
Moving_in_out_frame_withFall,94,Standing,Lying,False,0.689,1.0,150.6271
Moving_in_out_frame_withFall,95,Standing,Lying,False,0.689,1.0,137.4629
Moving_in_out_frame_withFall,96,Standing,Lying,False,0.689,1.0,160.2251
Moving_in_out_frame_withFall,97,Standing,Lying,False,0.689,1.0,142.5869
Moving_in_out_frame_withFall,98,Standing,Lying,False,0.689,1.0,127.4586
Moving_in_out_frame_withFall,99,Standing,Lying,False,0.689,1.0,120.3122
Moving_in_out_frame_withFall,100,Standing,Lying,False,0.689,1.0,138.123
Moving_in_out_frame_withFall,101,Standing,Lying,False,0.689,1.0,105.8841
Moving_in_out_frame_withFall,102,Standing,Lying,False,0.689,1.0,112.4308
Moving_in_out_frame_withFall,103,Standing,Lying,False,0.689,1.0,120.1789
Moving_in_out_frame_withFall,104,Standing,Lying,False,0.686,0.0,101.4386
Moving_in_out_frame_withFall,105,Standing,Lying,False,0.683,0.0,108.2728
Moving_in_out_frame_withFall,106,Standing,Lying,False,0.678,0.0,99.0407
Moving_in_out_frame_withFall,107,Standing,Lying,False,0.67,0.0,107.4257
Moving_in_out_frame_withFall,108,Standing,Lying,False,0.662,0.0,105.0111
Moving_in_out_frame_withFall,109,,Lying,,0.647,0.0,94.2942
Moving_in_out_frame_withFall,110,,Lying,,0.626,0.0,117.0761
Moving_in_out_frame_withFall,111,,Lying,,0.6,0.0,124.1972
Moving_in_out_frame_withFall,112,,Lying,,0.572,0.0,132.6725
Moving_in_out_frame_withFall,113,,Lying,,0.535,0.0,114.3836
Moving_in_out_frame_withFall,114,,Lying,,0.495,0.0,94.0246
Moving_in_out_frame_withFall,115,,Lying,,0.446,0.0,151.9038
Moving_in_out_frame_withFall,116,,Standing,,0.485,0.0,121.0611
Moving_in_out_frame_withFall,117,,Standing,,0.561,0.0,92.6795
Moving_in_out_frame_withFall,118,,Standing,,0.636,0.0,102.733
Moving_in_out_frame_withFall,119,,Standing,,0.7,0.0,93.7896
Moving_in_out_frame_withFall,120,,Standing,,0.748,0.0,117.5363
Moving_in_out_frame_withFall,121,,Standing,,0.786,0.0,93.6659
Moving_in_out_frame_withFall,122,,Standing,,0.82,0.0,105.132
Moving_in_out_frame_withFall,123,,Standing,,0.848,0.0,114.7642
Moving_in_out_frame_withFall,124,,Standing,,0.876,0.0,118.2344
Moving_in_out_frame_withFall,125,,Standing,,0.901,0.0,158.2404
Moving_in_out_frame_withFall,126,,Standing,,0.921,0.0,276.2368
Moving_in_out_frame_withFall,127,,Standing,,0.936,0.0,159.1056
Moving_in_out_frame_withFall,128,,Standing,,0.948,0.0,152.6375
Moving_in_out_frame_withFall,129,,Standing,,0.96,0.0,188.5726
Moving_in_out_frame_withFall,130,,Standing,,0.968,0.0,182.3105
Moving_in_out_frame_withFall,131,,Standing,,0.968,0.0,158.2309
Moving_in_out_frame_withFall,132,,Standing,,0.971,0.0,145.3435
Moving_in_out_frame_withFall,133,,Standing,,0.972,0.0,142.05
Moving_in_out_frame_withFall,134,,Standing,,0.965,0.0,173.4148
Moving_in_out_frame_withFall,135,,Standing,,0.945,0.0,148.6146
Moving_in_out_frame_withFall,136,,Standing,,0.922,0.0,134.0312
Moving_in_out_frame_withFall,137,,Standing,,0.893,0.0,130.914
Moving_in_out_frame_withFall,138,,Standing,,0.833,0.0,126.2526
Moving_in_out_frame_withFall,139,,Standing,,0.742,0.0,112.4415
Moving_in_out_frame_withFall,140,,Standing,,0.632,0.0,133.3282
Moving_in_out_frame_withFall,141,,Standing,,0.52,0.0,93.855
Moving_in_out_frame_withFall,142,,Lying,,0.428,0.0,95.2751
Moving_in_out_frame_withFall,143,,Lying,,0.521,0.0,111.6875
Moving_in_out_frame_withFall,144,,Lying,,0.55,0.0,95.2276
Moving_in_out_frame_withFall,145,,Lying,,0.561,0.0,107.746
Moving_in_out_frame_withFall,146,Lying,Lying,True,0.522,0.0,91.1146
Moving_in_out_frame_withFall,147,Lying,Lying,True,0.487,0.0,96.173
Moving_in_out_frame_withFall,148,Lying,Lying,True,0.613,0.0,86.8581
Moving_in_out_frame_withFall,149,Lying,Lying,True,0.656,1.0,85.2944
Moving_in_out_frame_withFall,150,Lying,Lying,True,0.768,0.0,89.6791
Moving_in_out_frame_withFall,151,Lying,Lying,True,0.835,0.0,91.6608
Moving_in_out_frame_withFall,152,Lying,Lying,True,0.88,0.0,93.2469
Moving_in_out_frame_withFall,153,Lying,Lying,True,0.903,0.0,92.4692
Moving_in_out_frame_withFall,154,Lying,Lying,True,0.946,0.0,100.9957
Moving_in_out_frame_withFall,155,Lying,Lying,True,0.977,0.0,82.1286
Moving_in_out_frame_withFall,156,Lying,Lying,True,0.984,0.0,84.62
Moving_in_out_frame_withFall,157,Lying,Lying,True,0.986,0.0,83.9127
Moving_in_out_frame_withFall,158,Lying,Lying,True,0.991,0.0,83.7482
Moving_in_out_frame_withFall,159,Lying,Lying,True,0.991,0.0,124.5799
Moving_in_out_frame_withFall,160,Lying,Lying,True,0.994,0.0,103.3173
Moving_in_out_frame_withFall,161,Lying,Lying,True,0.996,1.0,107.3874
Moving_in_out_frame_withFall,162,Lying,Lying,True,0.999,1.0,105.794
Moving_in_out_frame_withFall,163,Lying,Lying,True,0.999,1.0,78.0585
Moving_in_out_frame_withFall,164,Lying,Lying,True,0.999,1.0,77.9696
Moving_in_out_frame_withFall,165,Lying,Lying,True,0.998,1.0,71.5011
Moving_in_out_frame_withFall,166,Lying,Lying,True,0.997,0.0,74.9882
Moving_in_out_frame_withFall,167,Lying,Lying,True,0.995,0.0,70.8218
Moving_in_out_frame_withFall,168,Lying,Lying,True,0.993,1.0,72.6583
Moving_in_out_frame_withFall,169,Lying,Lying,True,0.991,1.0,80.6373
Moving_in_out_frame_withFall,170,Lying,Lying,True,0.99,1.0,70.2921
Moving_in_out_frame_withFall,171,Lying,Lying,True,0.987,1.0,80.4569
Moving_in_out_frame_withFall,172,Lying,Lying,True,0.983,1.0,79.0097
Moving_in_out_frame_withFall,173,Lying,Lying,True,0.977,1.0,85.5912
Moving_in_out_frame_withFall,174,Lying,Lying,True,0.957,0.0,73.0808
Moving_in_out_frame_withFall,175,Lying,Lying,True,0.942,0.0,72.8252
Moving_in_out_frame_withFall,176,Lying,Lying,True,0.924,0.0,70.4598
Moving_in_out_frame_withFall,177,Lying,Lying,True,0.944,1.0,71.3975
Moving_in_out_frame_withFall,178,Lying,Lying,True,0.903,1.0,70.8894
Moving_in_out_frame_withFall,179,Lying,Lying,True,0.935,1.0,73.4744
Moving_in_out_frame_withFall,180,Lying,Lying,True,0.923,1.0,67.9756
Moving_in_out_frame_withFall,181,Lying,Lying,True,0.885,0.0,66.1788
Moving_in_out_frame_withFall,182,Lying,Lying,True,0.85,1.0,67.3127
Moving_in_out_frame_withFall,183,Lying,Lying,True,0.769,0.0,71.2095
Moving_in_out_frame_withFall,184,Lying,Lying,True,0.757,0.0,67.8934
Moving_in_out_frame_withFall,185,Lying,Lying,True,0.695,0.0,73.2855
Moving_in_out_frame_withFall,186,Lying,Lying,True,0.56,0.0,90.1944
Moving_in_out_frame_withFall,187,Lying,Lying,True,0.508,1.0,85.3238
Moving_in_out_frame_withFall,188,Lying,Lying,True,0.52,0.0,78.886
Moving_in_out_frame_withFall,189,Lying,Lying,True,0.674,0.0,80.4636
Moving_in_out_frame_withFall,190,Lying,Lying,True,0.829,0.0,86.9093
Moving_in_out_frame_withFall,191,Lying,Lying,True,0.807,0.0,84.4996
Moving_in_out_frame_withFall,192,Lying,Lying,True,0.802,0.0,86.1431
Moving_in_out_frame_withFall,193,Lying,Lying,True,0.796,0.0,100.9328
Moving_in_out_frame_withFall,194,Lying,Lying,True,0.816,1.0,85.0117
Moving_in_out_frame_withFall,195,Lying,Lying,True,0.816,0.0,92.0101
Moving_in_out_frame_withFall,196,Lying,Lying,True,0.831,0.0,110.3833
Moving_in_out_frame_withFall,197,Lying,Lying,True,0.789,0.0,98.4159
Moving_in_out_frame_withFall,198,Lying,Lying,True,0.731,0.0,105.1125
Moving_in_out_frame_withFall,199,Lying,Lying,True,0.688,0.0,93.4323
Moving_in_out_frame_withFall,200,Lying,Lying,True,0.623,0.0,92.4614
Moving_in_out_frame_withFall,201,Lying,Lying,True,0.576,0.0,87.9618
Moving_in_out_frame_withFall,202,Lying,Lying,True,0.608,0.0,89.2673
Moving_in_out_frame_withFall,203,Lying,Lying,True,0.734,0.0,93.4715
Moving_in_out_frame_withFall,204,Lying,Lying,True,0.72,0.0,93.1939
Moving_in_out_frame_withFall,205,,Lying,,0.866,0.0,100.9517
Moving_in_out_frame_withFall,206,,Lying,,0.559,0.0,103.8554
Moving_in_out_frame_withFall,207,,Lying,,0.509,0.0,125.8738
Moving_in_out_frame_withFall,208,,Lying,,0.63,0.0,126.3324
Moving_in_out_frame_withFall,209,,Lying,,0.711,0.0,117.8852
Moving_in_out_frame_withFall,210,,Lying,,0.775,0.0,119.2191
Moving_in_out_frame_withFall,211,,Lying,,0.765,0.0,121.1594
Moving_in_out_frame_withFall,212,,Lying,,0.812,0.0,112.4905
Moving_in_out_frame_withFall,213,,Lying,,0.782,0.0,127.8412
Moving_in_out_frame_withFall,214,,Lying,,0.66,0.0,130.0835
Moving_in_out_frame_withFall,215,,Lying,,0.541,0.0,117.3915
Moving_in_out_frame_withFall,216,,Lying,,0.483,0.0,125.6765
Moving_in_out_frame_withFall,217,,Lying,,0.433,0.0,126.7411
Sit_Stand_AnklesInvisible,31,Sitting,Standing,False,0.942,0.0,151.9555
Sit_Stand_AnklesInvisible,32,Sitting,Standing,False,0.936,0.0,166.7993
Sit_Stand_AnklesInvisible,33,Sitting,Standing,False,0.927,0.0,170.3559
Sit_Stand_AnklesInvisible,34,Sitting,Standing,False,0.921,0.0,193.9897
Sit_Stand_AnklesInvisible,35,Sitting,Standing,False,0.904,0.0,132.0994
Sit_Stand_AnklesInvisible,36,Sitting,Standing,False,0.886,0.0,126.2721
Sit_Stand_AnklesInvisible,37,Sitting,Standing,False,0.864,0.0,113.3568
Sit_Stand_AnklesInvisible,38,Sitting,Standing,False,0.854,0.0,129.5911
Sit_Stand_AnklesInvisible,39,Sitting,Standing,False,0.844,0.0,156.2174
Sit_Stand_AnklesInvisible,40,Sitting,Standing,False,0.847,0.0,123.8415
Sit_Stand_AnklesInvisible,41,Sitting,Standing,False,0.833,0.0,142.9495
Sit_Stand_AnklesInvisible,42,Sitting,Standing,False,0.836,0.0,127.2382
Sit_Stand_AnklesInvisible,43,Sitting,Standing,False,0.791,0.0,111.6676
Sit_Stand_AnklesInvisible,44,Sitting,Standing,False,0.798,0.0,144.6636
Sit_Stand_AnklesInvisible,45,Sitting,Standing,False,0.796,0.0,154.708
Sit_Stand_AnklesInvisible,46,Sitting,Standing,False,0.749,0.0,152.817
Sit_Stand_AnklesInvisible,47,Sitting,Standing,False,0.804,0.0,133.5298
Sit_Stand_AnklesInvisible,48,Sitting,Standing,False,0.859,0.0,113.9906
Sit_Stand_AnklesInvisible,49,Sitting,Standing,False,0.854,0.0,128.4533
Sit_Stand_AnklesInvisible,50,Sitting,Standing,False,0.863,0.0,149.2826
Sit_Stand_AnklesInvisible,51,Sitting,Standing,False,0.926,0.0,115.2729
Sit_Stand_AnklesInvisible,52,Sitting,Standing,False,0.932,0.0,133.2299
Sit_Stand_AnklesInvisible,53,Sitting,Standing,False,0.926,0.0,133.9291
Sit_Stand_AnklesInvisible,54,Sitting,Standing,False,0.954,0.0,119.5448
Sit_Stand_AnklesInvisible,55,Sitting,Standing,False,0.965,0.0,152.0825
Sit_Stand_AnklesInvisible,56,Sitting,Standing,False,0.957,0.0,142.4073
Sit_Stand_AnklesInvisible,57,Sitting,Standing,False,0.971,0.0,154.2736
Sit_Stand_AnklesInvisible,58,Sitting,Standing,False,0.971,0.0,209.2329
Sit_Stand_AnklesInvisible,59,Sitting,Standing,False,0.975,0.0,217.5306
Sit_Stand_AnklesInvisible,60,Sitting,Standing,False,0.972,0.0,165.7892
Sit_Stand_AnklesInvisible,61,Sitting,Standing,False,0.968,0.0,135.8557
Sit_Stand_AnklesInvisible,62,Sitting,Standing,False,0.963,0.0,135.3812
Sit_Stand_AnklesInvisible,63,Sitting,Standing,False,0.969,0.0,133.4769
Sit_Stand_AnklesInvisible,64,Sitting,Standing,False,0.967,0.0,161.9623
Sit_Stand_AnklesInvisible,65,Sitting,Standing,False,0.977,0.0,162.5205
Sit_Stand_AnklesInvisible,66,Sitting,Standing,False,0.977,0.0,159.1914
Sit_Stand_AnklesInvisible,67,Sitting,Standing,False,0.983,0.0,146.1573
Sit_Stand_AnklesInvisible,68,Sitting,Standing,False,0.987,0.0,228.2936
Sit_Stand_AnklesInvisible,69,Sitting,Standing,False,0.986,0.0,125.0932
Sit_Stand_AnklesInvisible,70,Sitting,Standing,False,0.985,0.0,130.9839
Sit_Stand_AnklesInvisible,71,Sitting,Standing,False,0.987,0.0,120.8095
Sit_Stand_AnklesInvisible,72,Sitting,Standing,False,0.989,0.0,102.3586
Sit_Stand_AnklesInvisible,73,Sitting,Standing,False,0.989,0.0,94.515
Sit_Stand_AnklesInvisible,74,Sitting,Standing,False,0.989,0.0,112.5245
Sit_Stand_AnklesInvisible,75,Sitting,Standing,False,0.989,0.0,135.195
Sit_Stand_AnklesInvisible,76,Sitting,Standing,False,0.99,0.0,89.6575
Sit_Stand_AnklesInvisible,77,Sitting,Standing,False,0.988,0.0,81.1361
Sit_Stand_AnklesInvisible,78,Sitting,Standing,False,0.988,0.0,77.3023
Sit_Stand_AnklesInvisible,79,Sitting,Standing,False,0.987,0.0,79.0427
Sit_Stand_AnklesInvisible,80,Sitting,Standing,False,0.985,0.0,77.9428
Sit_Stand_AnklesInvisible,81,Sitting,Standing,False,0.981,0.0,81.8539
Sit_Stand_AnklesInvisible,82,Sitting,Standing,False,0.982,0.0,73.2899
Sit_Stand_AnklesInvisible,83,Sitting,Standing,False,0.985,0.0,77.1528
Sit_Stand_AnklesInvisible,84,Sitting,Standing,False,0.985,0.0,71.094
Sit_Stand_AnklesInvisible,85,Sitting,Standing,False,0.987,0.0,75.456
Sit_Stand_AnklesInvisible,86,Sitting,Standing,False,0.988,0.0,74.0552
Sit_Stand_AnklesInvisible,87,Sitting,Standing,False,0.988,0.0,77.0421
Sit_Stand_AnklesInvisible,88,Sitting,Standing,False,0.988,0.0,112.9941
Sit_Stand_AnklesInvisible,89,Sitting,Standing,False,0.988,0.0,107.4185
Sit_Stand_AnklesInvisible,90,Sitting,Standing,False,0.988,0.0,118.1541
Sit_Stand_AnklesInvisible,91,Sitting,Standing,False,0.988,0.0,126.3687
Sit_Stand_AnklesInvisible,92,Sitting,Standing,False,0.987,0.0,124.4367
Sit_Stand_AnklesInvisible,93,Sitting,Standing,False,0.984,0.0,119.9831
Sit_Stand_AnklesInvisible,94,Sitting,Standing,False,0.985,0.0,98.9272
Sit_Stand_AnklesInvisible,95,Sitting,Standing,False,0.983,0.0,103.0705
Sit_Stand_AnklesInvisible,96,Sitting,Standing,False,0.985,0.0,93.8196
Sit_Stand_AnklesInvisible,97,Sitting,Standing,False,0.982,0.0,87.9152
Sit_Stand_AnklesInvisible,98,Sitting,Standing,False,0.981,0.0,88.5714
Sit_Stand_AnklesInvisible,99,Sitting,Standing,False,0.982,0.0,117.5593
Sit_Stand_AnklesInvisible,100,Sitting,Standing,False,0.982,0.0,93.4411
Sit_Stand_AnklesInvisible,101,Sitting,Standing,False,0.98,0.0,88.9636
Sit_Stand_AnklesInvisible,102,Sitting,Standing,False,0.977,0.0,89.3042
Sit_Stand_AnklesInvisible,103,Sitting,Standing,False,0.978,0.0,92.6749
Sit_Stand_AnklesInvisible,104,Sitting,Standing,False,0.975,0.0,101.8634
Sit_Stand_AnklesInvisible,105,Sitting,Standing,False,0.976,0.0,93.9223
Sit_Stand_AnklesInvisible,106,Sitting,Standing,False,0.974,0.0,87.5876
Sit_Stand_AnklesInvisible,107,Sitting,Standing,False,0.976,0.0,82.2732
Sit_Stand_AnklesInvisible,108,Sitting,Standing,False,0.977,0.0,98.1788
Sit_Stand_AnklesInvisible,109,Sitting,Standing,False,0.974,0.0,86.0657
Sit_Stand_AnklesInvisible,110,Sitting,Standing,False,0.976,0.0,105.0482
Sit_Stand_AnklesInvisible,111,Sitting,Standing,False,0.978,0.0,131.5344
Sit_Stand_AnklesInvisible,112,Sitting,Standing,False,0.977,0.0,83.9222
Sit_Stand_AnklesInvisible,113,Sitting,Standing,False,0.977,0.0,83.7861
Sit_Stand_AnklesInvisible,114,Sitting,Standing,False,0.976,0.0,108.8694
Sit_Stand_AnklesInvisible,115,Sitting,Standing,False,0.976,0.0,99.8738
Sit_Stand_AnklesInvisible,116,Sitting,Standing,False,0.975,0.0,107.0428
Sit_Stand_AnklesInvisible,117,Sitting,Standing,False,0.976,0.0,145.989
Sit_Stand_AnklesInvisible,118,Sitting,Standing,False,0.973,0.0,194.9135
Sit_Stand_AnklesInvisible,119,Sitting,Standing,False,0.97,0.0,152.1351
Sit_Stand_AnklesInvisible,120,Sitting,Standing,False,0.971,0.0,113.1637
Sit_Stand_AnklesInvisible,121,Sitting,Standing,False,0.979,0.0,128.6586
Sit_Stand_AnklesInvisible,122,Sitting,Standing,False,0.978,0.0,119.1319
Sit_Stand_AnklesInvisible,123,Sitting,Standing,False,0.98,0.0,142.3937
Sit_Stand_AnklesInvisible,124,Sitting,Standing,False,0.976,0.0,120.381
Sit_Stand_AnklesInvisible,125,Sitting,Standing,False,0.976,0.0,103.3296
Sit_Stand_AnklesInvisible,126,Sitting,Standing,False,0.978,0.0,126.1569
Sit_Stand_AnklesInvisible,127,Sitting,Standing,False,0.976,0.0,160.2971
Sit_Stand_AnklesInvisible,128,Sitting,Standing,False,0.976,0.0,112.5245
Sit_Stand_AnklesInvisible,129,Sitting,Standing,False,0.977,0.0,126.8013
Sit_Stand_AnklesInvisible,130,Sitting,Standing,False,0.976,0.0,150.9812
Sit_Stand_AnklesInvisible,131,Sitting,Standing,False,0.974,0.0,122.4416
Sit_Stand_AnklesInvisible,132,Sitting,Standing,False,0.973,0.0,103.1514
Sit_Stand_AnklesInvisible,133,Sitting,Standing,False,0.972,0.0,87.7455
Sit_Stand_AnklesInvisible,134,Sitting,Standing,False,0.977,0.0,93.6941
Sit_Stand_AnklesInvisible,135,Sitting,Standing,False,0.974,0.0,128.1245
Sit_Stand_AnklesInvisible,136,Sitting,Standing,False,0.975,0.0,96.7423
Sit_Stand_AnklesInvisible,137,Sitting,Standing,False,0.973,0.0,139.9019
Sit_Stand_AnklesInvisible,138,,Standing,,0.973,0.0,108.1751
Sit_Stand_AnklesInvisible,139,,Standing,,0.969,0.0,103.7252
Sit_Stand_AnklesInvisible,140,,Standing,,0.968,0.0,108.6378
Sit_Stand_AnklesInvisible,141,,Standing,,0.967,0.0,97.0909
Sit_Stand_AnklesInvisible,142,,Standing,,0.967,0.0,107.5407
Sit_Stand_AnklesInvisible,143,,Standing,,0.965,0.0,108.3462
Sit_Stand_AnklesInvisible,144,,Standing,,0.95,0.0,103.4703
Sit_Stand_AnklesInvisible,145,,Standing,,0.938,0.0,114.2948
Sit_Stand_AnklesInvisible,146,,Standing,,0.933,0.0,113.2216
Sit_Stand_AnklesInvisible,147,,Standing,,0.934,0.0,112.8888
Sit_Stand_AnklesInvisible,148,,Standing,,0.925,0.0,126.0006
Sit_Stand_AnklesInvisible,149,,Standing,,0.927,0.0,110.6782
Sit_Stand_AnklesInvisible,150,,Standing,,0.919,0.0,114.9823
Sit_Stand_AnklesInvisible,151,,Standing,,0.894,0.0,116.424
Sit_Stand_AnklesInvisible,152,,Standing,,0.878,0.0,103.3285
Sit_Stand_AnklesInvisible,153,,Standing,,0.859,0.0,97.1886
Sit_Stand_AnklesInvisible,154,,Standing,,0.832,0.0,101.7306
Sit_Stand_AnklesInvisible,155,,Standing,,0.811,0.0,96.1158
Sit_Stand_AnklesInvisible,156,,Standing,,0.784,0.0,102.6467
Sit_Stand_AnklesInvisible,157,,Standing,,0.754,0.0,87.6992
Sit_Stand_AnklesInvisible,158,,Standing,,0.743,0.0,91.2293
Sit_Stand_AnklesInvisible,159,,Standing,,0.71,0.0,88.3024
Sit_Stand_AnklesInvisible,160,,Standing,,0.681,0.0,88.3695
Sit_Stand_AnklesInvisible,161,,Standing,,0.706,0.0,100.603
Sit_Stand_AnklesInvisible,162,,Standing,,0.693,0.0,100.7186
Sit_Stand_AnklesInvisible,163,,Standing,,0.64,0.0,101.8784
Sit_Stand_AnklesInvisible,164,,Standing,,0.654,0.0,119.662
Sit_Stand_AnklesInvisible,165,,Standing,,0.676,0.0,113.4238
Sit_Stand_AnklesInvisible,166,,Standing,,0.704,0.0,111.4755
Sit_Stand_AnklesInvisible,167,,Standing,,0.684,0.0,112.9026
Sit_Stand_AnklesInvisible,168,Standing,Standing,True,0.701,0.0,113.7267
Sit_Stand_AnklesInvisible,169,Standing,Standing,True,0.705,0.0,111.1724
Sit_Stand_AnklesInvisible,170,Standing,Standing,True,0.754,0.0,117.894
Sit_Stand_AnklesInvisible,171,Standing,Standing,True,0.805,0.0,104.5561
Sit_Stand_AnklesInvisible,172,Standing,Standing,True,0.869,0.0,135.1571
Sit_Stand_AnklesInvisible,173,Standing,Standing,True,0.891,0.0,100.0832
Sit_Stand_AnklesInvisible,174,Standing,Standing,True,0.915,0.0,120.0475
Sit_Stand_AnklesInvisible,175,Standing,Standing,True,0.93,0.0,107.4936
Sit_Stand_AnklesInvisible,176,Standing,Standing,True,0.942,0.0,111.7264
Sit_Stand_AnklesInvisible,177,Standing,Standing,True,0.945,0.0,93.3895
Sit_Stand_AnklesInvisible,178,Standing,Standing,True,0.95,0.0,95.643
Sit_Stand_AnklesInvisible,179,Standing,Standing,True,0.96,0.0,99.1985
Sit_Stand_AnklesInvisible,180,Standing,Standing,True,0.962,0.0,117.5989
Sit_Stand_AnklesInvisible,181,Standing,Standing,True,0.967,0.0,128.3629
Sit_Stand_AnklesInvisible,182,Standing,Standing,True,0.971,0.0,118.9152
Sit_Stand_AnklesInvisible,183,Standing,Standing,True,0.98,0.0,100.1231
Sit_Stand_AnklesInvisible,184,Standing,Standing,True,0.983,0.0,107.4376
Sit_Stand_AnklesInvisible,185,Standing,Standing,True,0.985,0.0,113.151
Sit_Stand_AnklesInvisible,186,,Standing,,0.989,0.0,101.5991
Sit_Stand_AnklesInvisible,187,,Standing,,0.991,0.0,116.2353
Sit_Stand_AnklesInvisible,188,,Standing,,0.992,0.0,93.0437
Sit_Stand_AnklesInvisible,189,,Standing,,0.994,0.0,113.2049
Sit_Stand_AnklesInvisible,190,,Standing,,0.994,0.0,123.568
Sit_Stand_AnklesInvisible,191,,Standing,,0.994,0.0,109.9621
Sit_Stand_AnklesInvisible,192,,Standing,,0.995,0.0,137.5176
Sit_Stand_AnklesInvisible,193,,Standing,,0.996,0.0,110.5966
Sit_Stand_AnklesInvisible,194,,Standing,,0.996,0.0,118.5021
Sit_Stand_AnklesInvisible,195,,Standing,,0.997,0.0,132.9747
Sit_Stand_AnklesInvisible,196,,Standing,,0.997,0.0,223.92
Sit_Stand_AnklesInvisible,197,,Standing,,0.998,0.0,129.2494
Sit_Stand_AnklesInvisible,198,,Standing,,0.998,0.0,130.0282
Sit_Stand_AnklesInvisible,199,,Standing,,0.997,0.0,112.9771
Sit_Stand_AnklesInvisible,200,,Standing,,0.997,0.0,136.5439
Sit_Stand_AnklesInvisible,201,,Standing,,0.998,0.0,140.6885
Sit_Stand_AnklesInvisible,202,,Standing,,0.998,0.0,136.377
Sit_Stand_AnklesInvisible,203,,Standing,,0.998,0.0,169.0764
Sit_Stand_AnklesInvisible,204,,Standing,,0.998,0.0,156.7839
Sit_Stand_AnklesInvisible,205,,Standing,,0.998,0.0,98.3542
Sit_Stand_AnklesInvisible,206,,Standing,,0.998,0.0,104.0617
Sit_Stand_AnklesInvisible,207,,Standing,,0.998,0.0,100.4455
Sit_Stand_AnklesInvisible,208,,Standing,,0.998,0.0,90.7154
SitFast_GetupFast,31,Sitting,Standing,False,0.996,0.0,92.3559
SitFast_GetupFast,32,Sitting,Standing,False,0.996,0.0,100.5225
SitFast_GetupFast,33,Sitting,Standing,False,0.995,0.0,88.8938
SitFast_GetupFast,34,Sitting,Standing,False,0.995,0.0,94.2219
SitFast_GetupFast,35,Sitting,Standing,False,0.994,0.0,97.0341
SitFast_GetupFast,36,Sitting,Standing,False,0.994,0.0,90.632
SitFast_GetupFast,37,Sitting,Standing,False,0.993,0.0,111.9587
SitFast_GetupFast,38,Sitting,Standing,False,0.993,0.0,107.3372
SitFast_GetupFast,39,Sitting,Standing,False,0.993,0.0,117.5367
SitFast_GetupFast,40,Sitting,Standing,False,0.993,0.0,103.8242
SitFast_GetupFast,41,Sitting,Standing,False,0.992,0.0,89.1134
SitFast_GetupFast,42,Sitting,Standing,False,0.992,0.0,101.8669
SitFast_GetupFast,43,Sitting,Standing,False,0.991,0.0,96.9049
SitFast_GetupFast,44,Sitting,Standing,False,0.991,0.0,87.1281
SitFast_GetupFast,45,Sitting,Standing,False,0.988,0.0,101.3341
SitFast_GetupFast,46,Sitting,Standing,False,0.986,0.0,149.6801
SitFast_GetupFast,47,Sitting,Standing,False,0.988,0.0,132.5043
SitFast_GetupFast,48,Sitting,Standing,False,0.989,0.0,114.5054
SitFast_GetupFast,49,Sitting,Standing,False,0.988,0.0,122.1503
SitFast_GetupFast,50,Sitting,Standing,False,0.989,0.0,122.3361
SitFast_GetupFast,51,Sitting,Standing,False,0.987,0.0,117.5922
SitFast_GetupFast,52,Sitting,Standing,False,0.986,0.0,115.2953
SitFast_GetupFast,53,Sitting,Standing,False,0.983,0.0,113.4531
SitFast_GetupFast,54,Sitting,Standing,False,0.983,0.0,98.5193
SitFast_GetupFast,55,Sitting,Standing,False,0.979,0.0,158.62
SitFast_GetupFast,56,Sitting,Standing,False,0.982,0.0,98.9593
SitFast_GetupFast,57,Sitting,Standing,False,0.978,0.0,97.6722
SitFast_GetupFast,58,Sitting,Standing,False,0.981,0.0,101.9701
SitFast_GetupFast,59,Sitting,Standing,False,0.981,0.0,92.8209
SitFast_GetupFast,60,Sitting,Standing,False,0.981,0.0,86.5649
SitFast_GetupFast,61,Sitting,Standing,False,0.982,0.0,86.555
SitFast_GetupFast,62,Sitting,Standing,False,0.983,0.0,80.8802
SitFast_GetupFast,63,Sitting,Standing,False,0.983,0.0,71.7129
SitFast_GetupFast,64,Sitting,Standing,False,0.981,0.0,82.3627
SitFast_GetupFast,65,Sitting,Standing,False,0.978,0.0,99.0919
SitFast_GetupFast,66,Sitting,Standing,False,0.974,0.0,102.183
SitFast_GetupFast,67,Sitting,Standing,False,0.972,0.0,101.8734
SitFast_GetupFast,68,Sitting,Standing,False,0.97,0.0,102.9666
SitFast_GetupFast,69,Sitting,Standing,False,0.97,0.0,116.4688
SitFast_GetupFast,70,Sitting,Standing,False,0.969,0.0,104.7347
SitFast_GetupFast,71,Sitting,Standing,False,0.968,0.0,89.237
SitFast_GetupFast,72,Sitting,Standing,False,0.964,0.0,91.8075
SitFast_GetupFast,73,Sitting,Standing,False,0.963,0.0,88.9325
SitFast_GetupFast,74,Sitting,Standing,False,0.963,0.0,88.9935
SitFast_GetupFast,75,Sitting,Standing,False,0.964,0.0,83.0049
SitFast_GetupFast,76,Sitting,Standing,False,0.964,0.0,87.3631
SitFast_GetupFast,77,Sitting,Standing,False,0.963,0.0,98.8965
SitFast_GetupFast,78,Sitting,Standing,False,0.963,0.0,91.3891
SitFast_GetupFast,79,Sitting,Standing,False,0.962,0.0,92.8559
SitFast_GetupFast,80,Sitting,Standing,False,0.961,0.0,84.3637
SitFast_GetupFast,81,Sitting,Standing,False,0.961,0.0,104.7697
SitFast_GetupFast,82,Sitting,Standing,False,0.961,0.0,89.1974
SitFast_GetupFast,83,Sitting,Standing,False,0.961,0.0,87.8464
SitFast_GetupFast,84,Sitting,Standing,False,0.961,0.0,79.7131
SitFast_GetupFast,85,Sitting,Standing,False,0.96,0.0,83.8839
SitFast_GetupFast,86,Sitting,Standing,False,0.96,0.0,83.292
SitFast_GetupFast,87,Sitting,Standing,False,0.959,0.0,91.7459
SitFast_GetupFast,88,Sitting,Standing,False,0.957,0.0,103.6053
SitFast_GetupFast,89,Sitting,Standing,False,0.958,0.0,91.579
SitFast_GetupFast,90,Sitting,Standing,False,0.957,0.0,83.4226
SitFast_GetupFast,91,Sitting,Standing,False,0.958,0.0,84.4856
SitFast_GetupFast,92,Sitting,Standing,False,0.959,0.0,81.0646
SitFast_GetupFast,93,Sitting,Standing,False,0.959,0.0,84.2636
SitFast_GetupFast,94,Sitting,Standing,False,0.958,0.0,82.9694
SitFast_GetupFast,95,Sitting,Standing,False,0.958,0.0,82.3281
SitFast_GetupFast,96,Sitting,Standing,False,0.958,0.0,79.8359
SitFast_GetupFast,97,Sitting,Standing,False,0.958,0.0,88.3219
SitFast_GetupFast,98,Sitting,Standing,False,0.959,0.0,104.3024
SitFast_GetupFast,99,Sitting,Standing,False,0.96,0.0,101.0271
SitFast_GetupFast,100,Sitting,Standing,False,0.96,0.0,97.432
SitFast_GetupFast,101,Sitting,Standing,False,0.962,0.0,106.3818
SitFast_GetupFast,102,Sitting,Standing,False,0.962,0.0,88.9789
SitFast_GetupFast,103,Sitting,Standing,False,0.963,0.0,97.1519
SitFast_GetupFast,104,Sitting,Standing,False,0.964,0.0,110.9805
SitFast_GetupFast,105,Sitting,Standing,False,0.965,0.0,105.6913
SitFast_GetupFast,106,Sitting,Standing,False,0.964,0.0,93.7961
SitFast_GetupFast,107,Sitting,Standing,False,0.963,0.0,116.1073
SitFast_GetupFast,108,Sitting,Standing,False,0.964,0.0,95.6767
SitFast_GetupFast,109,Sitting,Standing,False,0.964,0.0,114.4595
SitFast_GetupFast,110,Sitting,Standing,False,0.964,0.0,90.0395
SitFast_GetupFast,111,,Standing,,0.963,0.0,105.0126
SitFast_GetupFast,112,,Standing,,0.963,0.0,94.4588
SitFast_GetupFast,113,,Standing,,0.962,0.0,159.1811
SitFast_GetupFast,114,,Standing,,0.962,0.0,105.8612
SitFast_GetupFast,115,,Standing,,0.96,0.0,93.3247
SitFast_GetupFast,116,,Standing,,0.959,0.0,87.2888
SitFast_GetupFast,117,,Standing,,0.957,0.0,88.055
SitFast_GetupFast,118,,Standing,,0.954,0.0,87.226
SitFast_GetupFast,119,,Standing,,0.951,0.0,88.7393
SitFast_GetupFast,120,,Standing,,0.948,0.0,89.869
SitFast_GetupFast,121,,Standing,,0.943,0.0,89.8677
SitFast_GetupFast,122,,Standing,,0.936,0.0,103.4479
SitFast_GetupFast,123,,Standing,,0.929,0.0,115.4016
SitFast_GetupFast,124,,Standing,,0.921,0.0,155.375
SitFast_GetupFast,125,,Standing,,0.913,0.0,158.2404
SitFast_GetupFast,126,,Standing,,0.907,0.0,115.2114
SitFast_GetupFast,127,,Standing,,0.896,0.0,118.0941
SitFast_GetupFast,128,,Standing,,0.888,0.0,104.3611
SitFast_GetupFast,129,,Standing,,0.878,0.0,113.2939
SitFast_GetupFast,130,,Standing,,0.875,0.0,106.2479
SitFast_GetupFast,131,,Standing,,0.869,0.0,109.4669
SitFast_GetupFast,132,,Standing,,0.86,0.0,127.7037
SitFast_GetupFast,133,,Standing,,0.858,0.0,106.6232
SitFast_GetupFast,134,,Standing,,0.848,0.0,124.4727
SitFast_GetupFast,135,,Standing,,0.842,0.0,97.3524
SitFast_GetupFast,136,,Standing,,0.837,0.0,108.1665
SitFast_GetupFast,137,,Standing,,0.823,0.0,108.8787
SitFast_GetupFast,138,,Standing,,0.79,0.0,149.2353
SitFast_GetupFast,139,,Standing,,0.756,0.0,104.2979
SitFast_GetupFast,140,,Standing,,0.697,0.0,161.3707
SitFast_GetupFast,141,,Standing,,0.638,0.0,103.1794
SitFast_GetupFast,142,,Standing,,0.575,0.0,99.8006
SitFast_GetupFast,143,,Standing,,0.499,0.0,118.9983
SitFast_GetupFast,144,,Standing,,0.427,0.0,113.8079
SitFast_GetupFast,145,,Standing,,0.369,0.0,143.9791
SitFast_GetupFast,146,,Sitting,,0.376,0.0,105.1991
SitFast_GetupFast,147,,Sitting,,0.416,0.0,116.326
SitFast_GetupFast,148,,Sitting,,0.451,0.0,113.6505
SitFast_GetupFast,149,,Sitting,,0.479,0.0,105.8632
SitFast_GetupFast,150,,Sitting,,0.505,0.0,108.8038
SitFast_GetupFast,151,,Sitting,,0.53,0.0,108.2004
SitFast_GetupFast,152,,Sitting,,0.547,0.0,116.7372
SitFast_GetupFast,153,,Sitting,,0.562,0.0,106.4166
SitFast_GetupFast,154,,Sitting,,0.566,0.0,107.0563
SitFast_GetupFast,155,,Sitting,,0.567,0.0,117.9255
SitFast_GetupFast,156,,Sitting,,0.562,0.0,97.26
SitFast_GetupFast,157,,Sitting,,0.546,0.0,110.5392
SitFast_GetupFast,158,,Sitting,,0.526,0.0,98.8963
SitFast_GetupFast,159,,Sitting,,0.497,0.0,95.1199
SitFast_GetupFast,160,,Sitting,,0.465,0.0,100.6725
SitFast_GetupFast,161,,Sitting,,0.433,0.0,103.6233
SitFast_GetupFast,162,,Sitting,,0.383,0.0,124.9826
SitFast_GetupFast,163,,Standing,,0.469,0.0,124.7774
SitFast_GetupFast,164,,Standing,,0.58,0.0,122.2444
SitFast_GetupFast,165,,Standing,,0.685,0.0,107.8163
SitFast_GetupFast,166,,Standing,,0.785,0.0,113.1595
SitFast_GetupFast,167,,Standing,,0.862,0.0,120.0927
SitFast_GetupFast,168,,Standing,,0.915,0.0,98.9002
SitFast_GetupFast,169,,Standing,,0.947,0.0,106.1902
SitFast_GetupFast,170,,Standing,,0.965,0.0,108.1683
SitFast_GetupFast,171,,Standing,,0.975,0.0,134.5794
SitFast_GetupFast,172,,Standing,,0.983,0.0,132.0797
SitFast_GetupFast,173,,Standing,,0.988,0.0,95.0442
SitFast_GetupFast,174,,Standing,,0.992,0.0,93.165
SitFloor_crossedLegs,31,,Standing,,0.99,0.0,97.4694
SitFloor_crossedLegs,32,,Standing,,0.988,0.0,91.6655
SitFloor_crossedLegs,33,,Standing,,0.985,0.0,89.8543
SitFloor_crossedLegs,34,,Standing,,0.981,0.0,104.2351
SitFloor_crossedLegs,35,,Standing,,0.974,0.0,96.7657
SitFloor_crossedLegs,36,,Standing,,0.962,0.0,114.4234
SitFloor_crossedLegs,37,,Standing,,0.946,0.0,99.4897
SitFloor_crossedLegs,38,,Standing,,0.918,0.0,117.9868
SitFloor_crossedLegs,39,,Standing,,0.882,0.0,102.7968
SitFloor_crossedLegs,40,,Standing,,0.817,0.0,116.4172
SitFloor_crossedLegs,41,,Standing,,0.729,0.0,103.7665
SitFloor_crossedLegs,42,,Standing,,0.631,0.0,104.0077
SitFloor_crossedLegs,43,,Standing,,0.517,0.0,109.6379
SitFloor_crossedLegs,44,,Standing,,0.436,0.0,97.9486
SitFloor_crossedLegs,45,,Standing,,0.353,0.0,106.6896
SitFloor_crossedLegs,46,,Standing,,0.272,0.0,136.7555
SitFloor_crossedLegs,47,,Sitting,,0.334,0.0,132.8075
SitFloor_crossedLegs,48,,Sitting,,0.398,0.0,118.5655
SitFloor_crossedLegs,49,,Sitting,,0.48,0.0,126.9577
SitFloor_crossedLegs,50,,Sitting,,0.562,0.0,115.6579
SitFloor_crossedLegs,51,,Sitting,,0.642,0.0,129.7726
SitFloor_crossedLegs,52,,Sitting,,0.711,0.0,117.5561
SitFloor_crossedLegs,53,,Sitting,,0.771,0.0,105.0691
SitFloor_crossedLegs,54,,Sitting,,0.824,0.0,106.3295
SitFloor_crossedLegs,55,,Sitting,,0.861,0.0,107.8572
SitFloor_crossedLegs,56,,Sitting,,0.887,0.0,97.2348
SitFloor_crossedLegs,57,,Sitting,,0.916,0.0,95.8338
SitFloor_crossedLegs,58,,Sitting,,0.932,0.0,87.6489
SitFloor_crossedLegs,59,,Sitting,,0.945,0.0,84.6345
SitFloor_crossedLegs,60,,Sitting,,0.959,0.0,88.9703
SitFloor_crossedLegs,61,,Sitting,,0.961,0.0,92.0381
SitFloor_crossedLegs,62,,Sitting,,0.969,0.0,83.9552
SitFloor_crossedLegs,63,,Sitting,,0.977,0.0,105.5807
SitFloor_crossedLegs,64,,Sitting,,0.975,0.0,106.1363
SitFloor_crossedLegs,65,,Sitting,,0.977,0.0,90.497
SitFloor_crossedLegs,66,,Sitting,,0.975,0.0,100.994
SitFloor_crossedLegs,67,,Sitting,,0.981,0.0,138.1826
SitFloor_crossedLegs,68,,Sitting,,0.982,0.0,87.1777
SitFloor_crossedLegs,69,,Sitting,,0.979,0.0,104.2778
SitFloor_crossedLegs,70,,Sitting,,0.981,0.0,96.3359
SitFloor_crossedLegs,71,,Sitting,,0.983,0.0,137.9061
SitFloor_crossedLegs,72,,Sitting,,0.98,0.0,127.5094
SitFloor_crossedLegs,73,,Sitting,,0.981,0.0,88.7911
SitFloor_crossedLegs,74,,Sitting,,0.983,0.0,98.3369
SitFloor_crossedLegs,75,,Sitting,,0.985,0.0,97.7921
SitFloor_crossedLegs,76,,Sitting,,0.984,0.0,96.3736
SitFloor_crossedLegs,77,,Sitting,,0.984,0.0,76.5609
SitFloor_crossedLegs,78,,Sitting,,0.983,0.0,73.7093
SitFloor_crossedLegs,79,,Sitting,,0.984,0.0,78.4753
SitFloor_crossedLegs,80,,Sitting,,0.986,0.0,70.8232
SitFloor_crossedLegs,81,,Sitting,,0.984,0.0,71.7365
SitFloor_crossedLegs,82,,Sitting,,0.982,0.0,71.3363
SitFloor_crossedLegs,83,,Sitting,,0.981,0.0,71.393
SitFloor_crossedLegs,84,,Sitting,,0.981,0.0,83.3714
SitFloor_crossedLegs,85,,Sitting,,0.982,0.0,129.4247
SitFloor_crossedLegs,86,,Sitting,,0.981,0.0,78.0421
SitFloor_crossedLegs,87,,Sitting,,0.978,0.0,81.0433
SitFloor_crossedLegs,88,Sitting,Sitting,True,0.974,0.0,96.9676
SitFloor_crossedLegs,89,Sitting,Sitting,True,0.981,0.0,84.3104
SitFloor_crossedLegs,90,Sitting,Sitting,True,0.979,0.0,82.5883
SitFloor_crossedLegs,91,Sitting,Sitting,True,0.981,0.0,84.2808
SitFloor_crossedLegs,92,Sitting,Sitting,True,0.98,0.0,81.7389
SitFloor_crossedLegs,93,Sitting,Sitting,True,0.976,0.0,125.965
SitFloor_crossedLegs,94,Sitting,Sitting,True,0.975,0.0,137.1628
SitFloor_crossedLegs,95,Sitting,Sitting,True,0.979,0.0,116.6393
SitFloor_crossedLegs,96,Sitting,Sitting,True,0.978,0.0,110.8423
SitFloor_crossedLegs,97,Sitting,Sitting,True,0.976,0.0,119.1653
SitFloor_crossedLegs,98,Sitting,Sitting,True,0.977,0.0,123.5105
SitFloor_crossedLegs,99,Sitting,Sitting,True,0.974,0.0,121.6457
SitFloor_crossedLegs,100,Sitting,Sitting,True,0.974,0.0,125.1543
SitFloor_crossedLegs,101,Sitting,Sitting,True,0.974,0.0,132.8676
SitFloor_crossedLegs,102,Sitting,Sitting,True,0.975,0.0,132.857
SitFloor_crossedLegs,103,Sitting,Sitting,True,0.976,0.0,129.3262
SitFloor_crossedLegs,104,Sitting,Sitting,True,0.977,0.0,140.6298
SitFloor_crossedLegs,105,Sitting,Sitting,True,0.979,0.0,139.0354
SitFloor_crossedLegs,106,Sitting,Sitting,True,0.98,0.0,130.6762
SitFloor_crossedLegs,107,Sitting,Sitting,True,0.979,0.0,160.47
SitFloor_crossedLegs,108,Sitting,Sitting,True,0.979,0.0,132.2732
SitFloor_crossedLegs,109,Sitting,Sitting,True,0.977,0.0,134.3378
SitFloor_crossedLegs,110,Sitting,Sitting,True,0.977,0.0,107.8529
SitFloor_crossedLegs,111,Sitting,Sitting,True,0.978,0.0,121.3441
SitFloor_crossedLegs,112,Sitting,Sitting,True,0.977,0.0,131.8659
SitFloor_crossedLegs,113,Sitting,Sitting,True,0.977,0.0,125.2139
SitFloor_crossedLegs,114,Sitting,Sitting,True,0.979,0.0,120.1377
SitFloor_crossedLegs,115,Sitting,Sitting,True,0.978,0.0,155.0964
SitFloor_crossedLegs,116,Sitting,Sitting,True,0.979,0.0,151.9338
SitFloor_crossedLegs,117,Sitting,Sitting,True,0.981,0.0,125.6008
SitFloor_crossedLegs,118,Sitting,Sitting,True,0.982,0.0,112.2523
SitFloor_crossedLegs,119,Sitting,Sitting,True,0.983,0.0,120.1281
SitFloor_crossedLegs,120,Sitting,Sitting,True,0.983,0.0,125.1774
SitFloor_crossedLegs,121,Sitting,Sitting,True,0.982,0.0,119.3894
SitFloor_crossedLegs,122,Sitting,Sitting,True,0.982,0.0,160.6462
SitFloor_crossedLegs,123,Sitting,Sitting,True,0.982,0.0,138.0097
SitFloor_crossedLegs,124,Sitting,Sitting,True,0.981,0.0,132.6192
SitFloor_crossedLegs,125,Sitting,Sitting,True,0.982,0.0,136.301
SitFloor_crossedLegs,126,Sitting,Sitting,True,0.982,0.0,126.5088
SitFloor_crossedLegs,127,Sitting,Sitting,True,0.982,0.0,125.2568
SitFloor_crossedLegs,128,Sitting,Sitting,True,0.982,0.0,128.7445
SitFloor_crossedLegs,129,Sitting,Sitting,True,0.982,0.0,118.435
SitFloor_crossedLegs,130,Sitting,Sitting,True,0.982,0.0,117.8864
SitFloor_crossedLegs,131,Sitting,Sitting,True,0.981,0.0,128.0835
SitFloor_crossedLegs,132,Sitting,Sitting,True,0.981,0.0,128.7089
SitFloor_crossedLegs,133,Sitting,Sitting,True,0.98,0.0,135.7125
SitFloor_crossedLegs,134,Sitting,Sitting,True,0.979,0.0,140.7037
SitFloor_crossedLegs,135,Sitting,Sitting,True,0.979,0.0,146.0274
SitFloor_crossedLegs,136,Sitting,Sitting,True,0.979,0.0,143.077
SitFloor_crossedLegs,137,Sitting,Sitting,True,0.978,0.0,148.5642
SitFloor_crossedLegs,138,Sitting,Sitting,True,0.978,0.0,129.1922
SitFloor_crossedLegs,139,Sitting,Sitting,True,0.978,0.0,122.8798
SitFloor_crossedLegs,140,Sitting,Sitting,True,0.979,0.0,126.7384
SitFloor_crossedLegs,141,Sitting,Sitting,True,0.979,0.0,105.4778
SitFloor_crossedLegs,142,Sitting,Sitting,True,0.98,0.0,108.1352
SitFloor_crossedLegs,143,Sitting,Sitting,True,0.979,0.0,98.6345
SitFloor_crossedLegs,144,Sitting,Sitting,True,0.978,0.0,107.9147
SitFloor_crossedLegs,145,Sitting,Sitting,True,0.979,0.0,112.2153
SitFloor_crossedLegs,146,Sitting,Sitting,True,0.978,0.0,135.295
SitFloor_crossedLegs,147,Sitting,Sitting,True,0.977,0.0,116.1932
SitFloor_crossedLegs,148,Sitting,Sitting,True,0.976,0.0,116.1592
SitFloor_crossedLegs,149,Sitting,Sitting,True,0.975,0.0,119.3288
SitFloor_crossedLegs,150,Sitting,Sitting,True,0.975,0.0,121.3873
SitFloor_crossedLegs,151,Sitting,Sitting,True,0.974,0.0,114.5213
SitFloor_crossedLegs,152,Sitting,Sitting,True,0.973,0.0,117.8834
SitFloor_crossedLegs,153,Sitting,Sitting,True,0.972,0.0,111.4942
SitFloor_crossedLegs,154,Sitting,Sitting,True,0.971,0.0,103.4139
SitFloor_crossedLegs,155,Sitting,Sitting,True,0.97,0.0,99.5965
SitFloor_crossedLegs,156,Sitting,Sitting,True,0.969,0.0,138.885
SitFloor_crossedLegs,157,Sitting,Sitting,True,0.969,0.0,186.2561
SitFloor_crossedLegs,158,Sitting,Sitting,True,0.968,0.0,117.2105
SitFloor_crossedLegs,159,Sitting,Sitting,True,0.968,0.0,117.3007
SitFloor_crossedLegs,160,Sitting,Sitting,True,0.968,0.0,113.7252
SitFloor_crossedLegs,161,Sitting,Sitting,True,0.968,0.0,111.5145
SitFloor_crossedLegs,162,Sitting,Sitting,True,0.968,0.0,83.4684
SitFloor_crossedLegs,163,Sitting,Sitting,True,0.968,0.0,89.3201
SitFloor_crossedLegs,164,Sitting,Sitting,True,0.967,0.0,77.3646
SitFloor_crossedLegs,165,Sitting,Sitting,True,0.965,0.0,81.3716
SitFloor_crossedLegs,166,Sitting,Sitting,True,0.963,0.0,77.8133
SitFloor_crossedLegs,167,Sitting,Sitting,True,0.961,0.0,69.1784
SitFloor_crossedLegs,168,Sitting,Sitting,True,0.958,0.0,75.8866
SitFloor_crossedLegs,169,Sitting,Sitting,True,0.954,0.0,76.7844
SitFloor_crossedLegs,170,Sitting,Sitting,True,0.95,0.0,71.0701
SitFloor_crossedLegs,171,Sitting,Sitting,True,0.949,0.0,72.3734
SitFloor_crossedLegs,172,Sitting,Sitting,True,0.949,0.0,72.3742
SitFloor_crossedLegs,173,Sitting,Sitting,True,0.949,0.0,76.5909
SitFloor_crossedLegs,174,Sitting,Sitting,True,0.95,0.0,114.8857
SitFloor_crossedLegs,175,Sitting,Sitting,True,0.951,0.0,66.5202
SitFloor_crossedLegs,176,Sitting,Sitting,True,0.952,0.0,65.321
SitFloor_crossedLegs,177,Sitting,Sitting,True,0.954,0.0,66.6068
SitFloor_crossedLegs,178,Sitting,Sitting,True,0.954,0.0,66.5348
SitFloor_crossedLegs,179,Sitting,Sitting,True,0.955,0.0,79.3289
SitFloor_crossedLegs,180,Sitting,Sitting,True,0.951,0.0,76.0423
SitFloor_crossedLegs,181,Sitting,Sitting,True,0.952,0.0,68.6493
SitFloor_crossedLegs,182,Sitting,Sitting,True,0.952,0.0,94.1738
SitFloor_crossedLegs,183,Sitting,Sitting,True,0.953,0.0,90.8237
SitFloor_crossedLegs,184,Sitting,Sitting,True,0.953,0.0,91.7173
SitFloor_crossedLegs,185,Sitting,Sitting,True,0.953,0.0,84.8846
SitFloor_crossedLegs,186,Sitting,Sitting,True,0.953,0.0,96.084
SitFloor_crossedLegs,187,Sitting,Sitting,True,0.953,0.0,95.972
SitFloor_crossedLegs,188,Sitting,Sitting,True,0.953,0.0,99.715
SitFloor_crossedLegs,189,Sitting,Sitting,True,0.952,0.0,108.7533
SitFloor_crossedLegs,190,Sitting,Sitting,True,0.952,0.0,112.116
SitFloor_crossedLegs,191,Sitting,Sitting,True,0.954,0.0,115.3805
SitFloor_crossedLegs,192,Sitting,Sitting,True,0.952,0.0,118.0002
SitFloor_crossedLegs,193,Sitting,Sitting,True,0.953,0.0,122.6014
SitFloor_crossedLegs,194,Sitting,Sitting,True,0.953,0.0,112.5722
SitFloor_crossedLegs,195,Sitting,Sitting,True,0.953,0.0,121.8118
SitFloor_crossedLegs,196,Sitting,Sitting,True,0.953,0.0,169.4803
SitFloor_crossedLegs,197,Sitting,Sitting,True,0.953,0.0,151.6865
SitFloor_crossedLegs,198,Sitting,Sitting,True,0.953,0.0,142.0139
SitFloor_crossedLegs,199,Sitting,Sitting,True,0.954,0.0,136.306
SitFloor_crossedLegs,200,Sitting,Sitting,True,0.954,0.0,141.0824
SitFloor_crossedLegs,201,Sitting,Sitting,True,0.954,0.0,167.3004
SitFloor_crossedLegs,202,Sitting,Sitting,True,0.955,0.0,134.9931
SitFloor_crossedLegs,203,Sitting,Sitting,True,0.955,0.0,141.4109
SitFloor_crossedLegs,204,Sitting,Sitting,True,0.955,0.0,173.5438
SitFloor_crossedLegs,205,Sitting,Sitting,True,0.956,0.0,128.4439
SitFloor_crossedLegs,206,,Sitting,,0.956,0.0,116.6155
SitFloor_crossedLegs,207,,Sitting,,0.957,0.0,134.273
SitFloor_crossedLegs,208,,Sitting,,0.956,0.0,117.1385
SitFloor_crossedLegs,209,,Sitting,,0.956,0.0,133.9135
SitFloor_crossedLegs,210,,Sitting,,0.957,0.0,118.7798
SitFloor_crossedLegs,211,,Sitting,,0.956,0.0,130.9704
SitFloor_crossedLegs,212,,Sitting,,0.957,0.0,290.6964
SitFloor_crossedLegs,213,,Sitting,,0.957,0.0,105.599
SitFloor_crossedLegs,214,,Sitting,,0.958,0.0,111.6853
SitFloor_crossedLegs,215,,Sitting,,0.958,0.0,106.0327
SitFloor_crossedLegs,216,,Sitting,,0.958,0.0,118.7067
SitFloor_crossedLegs,217,,Sitting,,0.958,0.0,111.5299
SitFloor_crossedLegs,218,,Sitting,,0.958,0.0,124.3602
SitFloor_crossedLegs,219,,Sitting,,0.958,0.0,138.8324
SitFloor_crossedLegs,220,,Sitting,,0.958,0.0,108.0104
SitFloor_crossedLegs,221,,Sitting,,0.958,0.0,91.2343
SitFloor_crossedLegs,222,,Sitting,,0.958,0.0,100.5492
SitFloor_crossedLegs,223,,Sitting,,0.958,0.0,83.8102
SitFloor_crossedLegs,224,,Sitting,,0.959,0.0,90.6491
SitFloor_crossedLegs,225,,Sitting,,0.959,0.0,123.7856
SitFloor_crossedLegs,226,,Sitting,,0.959,0.0,119.0633
SitFloor_crossedLegs,227,,Sitting,,0.96,0.0,126.8853
SitFloor_crossedLegs,228,,Sitting,,0.96,0.0,110.2076
SitFloor_crossedLegs,229,,Sitting,,0.961,0.0,101.1945
SitFloor_crossedLegs,230,,Sitting,,0.963,0.0,114.3694
SitFloor_crossedLegs,231,,Sitting,,0.964,0.0,105.4755
SitFloor_crossedLegs,232,,Sitting,,0.965,0.0,88.8324
SitFloor_crossedLegs,233,,Sitting,,0.966,0.0,105.6027
SitFloor_crossedLegs,234,,Sitting,,0.967,0.0,118.0403
SitFloor_crossedLegs,235,,Sitting,,0.968,0.0,92.0749
SitFloor_crossedLegs,236,,Sitting,,0.969,0.0,97.3934
SitFloor_crossedLegs,237,,Sitting,,0.97,0.0,107.7921
SitFloor_crossedLegs,238,,Sitting,,0.971,0.0,96.0555
SitFloor_crossedLegs,239,,Sitting,,0.971,0.0,129.481
SitFloor_crossedLegs,240,,Sitting,,0.972,0.0,114.4277
SitFloor_crossedLegs,241,,Sitting,,0.973,0.0,84.8352
SitFloor_crossedLegs,242,,Sitting,,0.973,0.0,95.4905
SitFloor_crossedLegs,243,,Sitting,,0.974,0.0,102.2314
SitFloor_crossedLegs,244,,Sitting,,0.974,0.0,98.2385
SitFloor_crossedLegs,245,,Sitting,,0.975,0.0,88.9031
SitFloor_crossedLegs,246,,Sitting,,0.975,0.0,107.1157
SitFloor_crossedLegs,247,,Sitting,,0.975,0.0,170.6153
SitFloor_crossedLegs,248,,Sitting,,0.975,0.0,169.9002
SitFloor_crossedLegs,249,,Sitting,,0.976,0.0,140.417
SitFloor_crossedLegs,250,,Sitting,,0.976,0.0,101.7433
SitFloor_crossedLegs,251,,Sitting,,0.976,0.0,109.8383
SitFloor_crossedLegs,252,,Sitting,,0.977,0.0,104.6105
SitFloor_crossedLegs,253,,Sitting,,0.978,0.0,105.7327
SitFloor_crossedLegs,254,,Sitting,,0.979,0.0,114.2274
SitFloor_crossedLegs,255,,Sitting,,0.98,0.0,112.7631
SitFloor_crossedLegs,256,,Sitting,,0.981,0.0,99.0787
SitFloor_crossedLegs,257,,Sitting,,0.983,0.0,127.2431
SitFloor_crossedLegs,258,,Sitting,,0.984,0.0,115.8234
SitFloor_crossedLegs,259,,Sitting,,0.985,0.0,112.7165
SitFloor_crossedLegs,260,,Sitting,,0.986,0.0,115.6019
SitFloor_crossedLegs,261,,Sitting,,0.986,0.0,132.6226
SitFloor_crossedLegs,262,,Sitting,,0.987,0.0,112.4516
SitFloor_crossedLegs,263,,Sitting,,0.987,0.0,125.2833
SitFloor_crossedLegs,264,,Sitting,,0.987,0.0,104.6445
SitFloor_crossedLegs,265,,Sitting,,0.986,0.0,122.6192
SitFloor_crossedLegs,266,,Sitting,,0.985,0.0,140.5447
SitFloor_crossedLegs,267,,Sitting,,0.983,0.0,125.6298
SitFloor_crossedLegs,268,,Sitting,,0.981,0.0,105.179
SitFloor_crossedLegs,269,,Sitting,,0.979,0.0,131.338
SitFloor_crossedLegs,270,,Sitting,,0.971,0.0,109.6156
SitFloor_crossedLegs,271,,Sitting,,0.968,0.0,117.9235
SitFloor_crossedLegs,272,,Sitting,,0.968,0.0,109.353
SitFloor_crossedLegs,273,,Sitting,,0.955,0.0,107.6932
SitFloor_crossedLegs,274,,Sitting,,0.949,0.0,112.4632
SitFloor_crossedLegs,275,,Sitting,,0.943,0.0,113.4203
SitFloor_crossedLegs,276,,Sitting,,0.927,0.0,161.0988
SitFloor_crossedLegs,277,,Sitting,,0.9,0.0,130.9612
SitFloor_crossedLegs,278,,Sitting,,0.893,0.0,150.2064
SitFloor_crossedLegs,279,,Sitting,,0.843,0.0,123.1619
SitFloor_crossedLegs,280,,Sitting,,0.806,0.0,127.6552
SitFloor_crossedLegs,281,,Sitting,,0.793,0.0,123.4508
SitFloor_crossedLegs,282,,Sitting,,0.776,0.0,96.0927
SitFloor_crossedLegs,283,,Sitting,,0.718,0.0,96.1261
SitFloor_crossedLegs,284,,Sitting,,0.671,0.0,122.9455
SitFloor_crossedLegs,285,,Sitting,,0.602,0.0,101.4486
SitFloor_crossedLegs,286,,Sitting,,0.532,0.0,97.9232
SitFloor_crossedLegs,287,,Sitting,,0.488,0.0,95.7691
SitFloor_crossedLegs,288,,Sitting,,0.458,0.0,91.9095
SitFloor_crossedLegs,289,,Sitting,,0.383,0.0,102.1177
SitFloor_lowKeypoints_crossedLegs,31,,Lying,,0.81,0.0,90.745
SitFloor_lowKeypoints_crossedLegs,32,,Lying,,0.867,0.0,95.3685
SitFloor_lowKeypoints_crossedLegs,33,,Lying,,0.897,0.0,95.6679
SitFloor_lowKeypoints_crossedLegs,34,,Lying,,0.916,0.0,102.0067
SitFloor_lowKeypoints_crossedLegs,35,,Lying,,0.932,0.0,102.9937
SitFloor_lowKeypoints_crossedLegs,36,,Lying,,0.946,0.0,109.5162
SitFloor_lowKeypoints_crossedLegs,37,,Lying,,0.948,0.0,97.5554
SitFloor_lowKeypoints_crossedLegs,38,,Lying,,0.946,0.0,88.4016
SitFloor_lowKeypoints_crossedLegs,39,,Lying,,0.943,0.0,101.9615
SitFloor_lowKeypoints_crossedLegs,40,,Lying,,0.925,0.0,95.9332
SitFloor_lowKeypoints_crossedLegs,41,,Lying,,0.942,0.0,94.3008
SitFloor_lowKeypoints_crossedLegs,42,,Lying,,0.94,0.0,93.2959
SitFloor_lowKeypoints_crossedLegs,43,,Lying,,0.937,0.0,100.7371
SitFloor_lowKeypoints_crossedLegs,44,,Lying,,0.946,0.0,108.2516
SitFloor_lowKeypoints_crossedLegs,45,,Lying,,0.944,0.0,88.3078
SitFloor_lowKeypoints_crossedLegs,46,,Lying,,0.909,0.0,106.321
SitFloor_lowKeypoints_crossedLegs,47,,Lying,,0.873,0.0,146.7487
SitFloor_lowKeypoints_crossedLegs,48,,Lying,,0.811,0.0,91.9095
SitFloor_lowKeypoints_crossedLegs,49,,Lying,,0.743,0.0,80.8693
SitFloor_lowKeypoints_crossedLegs,50,,Lying,,0.695,0.0,73.653
SitFloor_lowKeypoints_crossedLegs,51,,Lying,,0.685,0.0,71.6958
SitFloor_lowKeypoints_crossedLegs,52,,Lying,,0.67,0.0,73.9079
SitFloor_lowKeypoints_crossedLegs,53,,Lying,,0.721,0.0,71.6788
SitFloor_lowKeypoints_crossedLegs,54,,Lying,,0.633,0.0,64.5744
SitFloor_lowKeypoints_crossedLegs,55,,Lying,,0.695,0.0,76.0892
SitFloor_lowKeypoints_crossedLegs,56,,Lying,,0.585,0.0,64.2162
SitFloor_lowKeypoints_crossedLegs,57,,Lying,,0.621,0.0,63.8055
SitFloor_lowKeypoints_crossedLegs,58,,Lying,,0.724,0.0,63.4151
SitFloor_lowKeypoints_crossedLegs,59,,Lying,,0.673,0.0,63.9178
SitFloor_lowKeypoints_crossedLegs,60,,Lying,,0.577,0.0,69.2015
SitFloor_lowKeypoints_crossedLegs,61,,Lying,,0.693,0.0,62.4247
SitFloor_lowKeypoints_crossedLegs,62,,Lying,,0.509,0.0,84.455
SitFloor_lowKeypoints_crossedLegs,63,,Lying,,0.638,0.0,88.0495
SitFloor_lowKeypoints_crossedLegs,64,,Lying,,0.572,0.0,135.2856
SitFloor_lowKeypoints_crossedLegs,65,,Lying,,0.679,0.0,91.5339
SitFloor_lowKeypoints_crossedLegs,66,,Lying,,0.615,0.0,91.7313
SitFloor_lowKeypoints_crossedLegs,67,,Lying,,0.477,0.0,97.4966
SitFloor_lowKeypoints_crossedLegs,68,,Lying,,0.511,0.0,98.4685
SitFloor_lowKeypoints_crossedLegs,69,,Lying,,0.485,0.0,102.8452
SitFloor_lowKeypoints_crossedLegs,70,,Lying,,0.394,0.0,101.1709
SitFloor_lowKeypoints_crossedLegs,71,,Sitting,,0.431,0.0,89.8631
SitFloor_lowKeypoints_crossedLegs,72,,Sitting,,0.486,0.0,75.3925
SitFloor_lowKeypoints_crossedLegs,73,,Sitting,,0.492,0.0,78.3479
SitFloor_lowKeypoints_crossedLegs,74,,Sitting,,0.472,0.0,68.8876
SitFloor_lowKeypoints_crossedLegs,75,,Lying,,0.436,0.0,73.6873
SitFloor_lowKeypoints_crossedLegs,76,,Sitting,,0.433,0.0,68.4095
SitFloor_lowKeypoints_crossedLegs,77,,Lying,,0.43,0.0,64.3506
SitFloor_lowKeypoints_crossedLegs,78,,Lying,,0.487,0.0,65.8529
SitFloor_lowKeypoints_crossedLegs,79,,Lying,,0.554,0.0,65.9565
SitFloor_lowKeypoints_crossedLegs,80,,Lying,,0.709,0.0,68.2215
SitFloor_lowKeypoints_crossedLegs,81,,Lying,,0.756,0.0,61.5831
SitFloor_lowKeypoints_crossedLegs,82,,Lying,,0.773,0.0,64.8809
SitFloor_lowKeypoints_crossedLegs,83,,Lying,,0.799,0.0,64.568
SitFloor_lowKeypoints_crossedLegs,84,,Lying,,0.697,0.0,88.3259
SitFloor_lowKeypoints_crossedLegs,85,,Lying,,0.643,0.0,84.9007
SitFloor_lowKeypoints_crossedLegs,86,Sitting,Lying,False,0.733,0.0,89.1923
SitFloor_lowKeypoints_crossedLegs,87,Sitting,Lying,False,0.778,0.0,75.5161
SitFloor_lowKeypoints_crossedLegs,88,Sitting,Lying,False,0.828,0.0,67.1346
SitFloor_lowKeypoints_crossedLegs,89,Sitting,Lying,False,0.855,0.0,89.7239
SitFloor_lowKeypoints_crossedLegs,90,Sitting,Lying,False,0.868,0.0,107.0841
SitFloor_lowKeypoints_crossedLegs,91,Sitting,Lying,False,0.896,0.0,79.2084
SitFloor_lowKeypoints_crossedLegs,92,Sitting,Lying,False,0.919,0.0,84.3187
SitFloor_lowKeypoints_crossedLegs,93,Sitting,Lying,False,0.933,0.0,85.8767
SitFloor_lowKeypoints_crossedLegs,94,Sitting,Lying,False,0.939,0.0,84.5285
SitFloor_lowKeypoints_crossedLegs,95,Sitting,Lying,False,0.943,0.0,89.5738
SitFloor_lowKeypoints_crossedLegs,96,Sitting,Lying,False,0.94,0.0,88.6554
SitFloor_lowKeypoints_crossedLegs,97,Sitting,Lying,False,0.94,0.0,105.1495
SitFloor_lowKeypoints_crossedLegs,98,Sitting,Lying,False,0.931,0.0,97.5269
SitFloor_lowKeypoints_crossedLegs,99,Sitting,Lying,False,0.922,0.0,85.5971
SitFloor_lowKeypoints_crossedLegs,100,Sitting,Lying,False,0.929,0.0,100.0733
SitFloor_lowKeypoints_crossedLegs,101,Sitting,Lying,False,0.918,0.0,79.452
SitFloor_lowKeypoints_crossedLegs,102,Sitting,Lying,False,0.908,0.0,91.8048
SitFloor_lowKeypoints_crossedLegs,103,Sitting,Lying,False,0.906,0.0,73.8521
SitFloor_lowKeypoints_crossedLegs,104,Sitting,Lying,False,0.917,0.0,86.5629
SitFloor_lowKeypoints_crossedLegs,105,Sitting,Lying,False,0.88,0.0,79.5778
SitFloor_lowKeypoints_crossedLegs,106,Sitting,Lying,False,0.836,0.0,80.8557
SitFloor_lowKeypoints_crossedLegs,107,Sitting,Lying,False,0.837,0.0,81.242
SitFloor_lowKeypoints_crossedLegs,108,Sitting,Lying,False,0.839,0.0,83.7218
SitFloor_lowKeypoints_crossedLegs,109,Sitting,Lying,False,0.842,0.0,83.2084
SitFloor_lowKeypoints_crossedLegs,110,Sitting,Lying,False,0.846,0.0,91.9887
SitFloor_lowKeypoints_crossedLegs,111,Sitting,Lying,False,0.857,0.0,78.3274
SitFloor_lowKeypoints_crossedLegs,112,Sitting,Lying,False,0.868,0.0,73.1173
SitFloor_lowKeypoints_crossedLegs,113,Sitting,Lying,False,0.882,0.0,75.3507
SitFloor_lowKeypoints_crossedLegs,114,Sitting,Lying,False,0.813,0.0,101.1278
SitFloor_lowKeypoints_crossedLegs,115,Sitting,Lying,False,0.846,0.0,101.2616
SitFloor_lowKeypoints_crossedLegs,116,Sitting,Lying,False,0.866,0.0,95.0749
SitFloor_lowKeypoints_crossedLegs,117,Sitting,Lying,False,0.862,0.0,96.8054
SitFloor_lowKeypoints_crossedLegs,118,Sitting,Lying,False,0.879,0.0,77.0314
SitFloor_lowKeypoints_crossedLegs,119,Sitting,Lying,False,0.898,0.0,79.3654
SitFloor_lowKeypoints_crossedLegs,120,Sitting,Lying,False,0.905,0.0,88.4595
SitFloor_lowKeypoints_crossedLegs,121,Sitting,Lying,False,0.89,0.0,113.0393
SitFloor_lowKeypoints_crossedLegs,122,Sitting,Lying,False,0.875,0.0,115.1618
SitFloor_lowKeypoints_crossedLegs,123,Sitting,Lying,False,0.863,0.0,101.9432
SitFloor_lowKeypoints_crossedLegs,124,Sitting,Lying,False,0.857,0.0,124.3401
SitFloor_lowKeypoints_crossedLegs,125,Sitting,Lying,False,0.881,0.0,102.8926
SitFloor_lowKeypoints_crossedLegs,126,Sitting,Lying,False,0.892,0.0,109.3785
SitFloor_lowKeypoints_crossedLegs,127,Sitting,Lying,False,0.882,0.0,98.2679
SitFloor_lowKeypoints_crossedLegs,128,Sitting,Lying,False,0.907,0.0,134.8033
SitFloor_lowKeypoints_crossedLegs,129,Sitting,Lying,False,0.902,0.0,108.8682
SitFloor_lowKeypoints_crossedLegs,130,Sitting,Lying,False,0.897,0.0,121.1547
SitFloor_lowKeypoints_crossedLegs,131,Sitting,Lying,False,0.894,0.0,159.9626
SitFloor_lowKeypoints_crossedLegs,132,Sitting,Lying,False,0.915,0.0,120.4034
SitFloor_lowKeypoints_crossedLegs,133,Sitting,Lying,False,0.924,0.0,130.3543
SitFloor_lowKeypoints_crossedLegs,134,Sitting,Lying,False,0.924,0.0,124.9264
SitFloor_lowKeypoints_crossedLegs,135,Sitting,Lying,False,0.914,0.0,102.2539
SitFloor_lowKeypoints_crossedLegs,136,Sitting,Lying,False,0.913,0.0,112.4269
SitFloor_lowKeypoints_crossedLegs,137,Sitting,Lying,False,0.913,0.0,116.8088
SitFloor_lowKeypoints_crossedLegs,138,Sitting,Lying,False,0.921,0.0,115.9654
SitFloor_lowKeypoints_crossedLegs,139,Sitting,Lying,False,0.922,0.0,106.2866
SitFloor_lowKeypoints_crossedLegs,140,Sitting,Lying,False,0.919,0.0,103.4698
SitFloor_lowKeypoints_crossedLegs,141,Sitting,Lying,False,0.924,0.0,105.3497
SitFloor_lowKeypoints_crossedLegs,142,Sitting,Lying,False,0.925,0.0,100.8395
SitFloor_lowKeypoints_crossedLegs,143,Sitting,Lying,False,0.928,0.0,107.1619
SitFloor_lowKeypoints_crossedLegs,144,Sitting,Lying,False,0.925,0.0,98.6025
SitFloor_lowKeypoints_crossedLegs,145,Sitting,Lying,False,0.926,0.0,92.4061
SitFloor_lowKeypoints_crossedLegs,146,Sitting,Lying,False,0.927,0.0,95.2084
SitFloor_lowKeypoints_crossedLegs,147,Sitting,Lying,False,0.929,0.0,78.1346
SitFloor_lowKeypoints_crossedLegs,148,Sitting,Lying,False,0.909,0.0,87.2605
SitFloor_lowKeypoints_crossedLegs,149,Sitting,Lying,False,0.91,0.0,72.5108
SitFloor_lowKeypoints_crossedLegs,150,Sitting,Lying,False,0.919,0.0,82.2037
SitFloor_lowKeypoints_crossedLegs,151,Sitting,Lying,False,0.908,0.0,68.4014
SitFloor_lowKeypoints_crossedLegs,152,Sitting,Lying,False,0.907,0.0,67.1255
SitFloor_lowKeypoints_crossedLegs,153,Sitting,Lying,False,0.916,0.0,63.7896
SitFloor_lowKeypoints_crossedLegs,154,Sitting,Lying,False,0.902,0.0,62.6878
SitFloor_lowKeypoints_crossedLegs,155,Sitting,Lying,False,0.899,0.0,69.3251
SitFloor_lowKeypoints_crossedLegs,156,Sitting,Lying,False,0.899,0.0,65.9152
SitFloor_lowKeypoints_crossedLegs,157,Sitting,Lying,False,0.895,0.0,69.8427
SitFloor_lowKeypoints_crossedLegs,158,Sitting,Lying,False,0.882,0.0,75.8787
SitFloor_lowKeypoints_crossedLegs,159,Sitting,Lying,False,0.897,0.0,83.9654
SitFloor_lowKeypoints_crossedLegs,160,Sitting,Lying,False,0.88,0.0,86.0935
SitFloor_lowKeypoints_crossedLegs,161,Sitting,Lying,False,0.873,0.0,99.71
SitFloor_lowKeypoints_crossedLegs,162,Sitting,Lying,False,0.869,0.0,99.8159
SitFloor_lowKeypoints_crossedLegs,163,Sitting,Lying,False,0.869,0.0,96.665
SitFloor_lowKeypoints_crossedLegs,164,Sitting,Lying,False,0.872,0.0,83.7248
SitFloor_lowKeypoints_crossedLegs,165,Sitting,Lying,False,0.862,0.0,87.1138
SitFloor_lowKeypoints_crossedLegs,166,Sitting,Lying,False,0.855,0.0,98.1352
SitFloor_lowKeypoints_crossedLegs,167,Sitting,Lying,False,0.833,0.0,104.3945
SitFloor_lowKeypoints_crossedLegs,168,Sitting,Lying,False,0.835,0.0,95.6833
SitFloor_lowKeypoints_crossedLegs,169,Sitting,Lying,False,0.838,0.0,97.6533
SitFloor_lowKeypoints_crossedLegs,170,Sitting,Lying,False,0.811,0.0,102.0015
SitFloor_lowKeypoints_crossedLegs,171,Sitting,Lying,False,0.825,0.0,91.7924
SitFloor_lowKeypoints_crossedLegs,172,Sitting,Lying,False,0.831,0.0,99.5591
SitFloor_lowKeypoints_crossedLegs,173,Sitting,Lying,False,0.815,0.0,124.4671
SitFloor_lowKeypoints_crossedLegs,174,Sitting,Lying,False,0.822,0.0,93.6976
SitFloor_lowKeypoints_crossedLegs,175,Sitting,Lying,False,0.816,0.0,94.7564
SitFloor_lowKeypoints_crossedLegs,176,Sitting,Lying,False,0.811,0.0,111.9685
SitFloor_lowKeypoints_crossedLegs,177,Sitting,Lying,False,0.795,0.0,101.941
SitFloor_lowKeypoints_crossedLegs,178,Sitting,Lying,False,0.808,0.0,108.8363
SitFloor_lowKeypoints_crossedLegs,179,Sitting,Lying,False,0.811,0.0,116.9406
SitFloor_lowKeypoints_crossedLegs,180,Sitting,Lying,False,0.813,0.0,115.7049
SitFloor_lowKeypoints_crossedLegs,181,Sitting,Lying,False,0.822,0.0,129.6026
SitFloor_lowKeypoints_crossedLegs,182,Sitting,Lying,False,0.808,0.0,151.1985
SitFloor_lowKeypoints_crossedLegs,183,Sitting,Lying,False,0.819,0.0,115.9006
SitFloor_lowKeypoints_crossedLegs,184,Sitting,Lying,False,0.826,0.0,110.2987
SitFloor_lowKeypoints_crossedLegs,185,Sitting,Lying,False,0.835,0.0,125.231
SitFloor_lowKeypoints_crossedLegs,186,Sitting,Lying,False,0.833,0.0,120.9738
SitFloor_lowKeypoints_crossedLegs,187,Sitting,Lying,False,0.832,0.0,107.4192
SitFloor_lowKeypoints_crossedLegs,188,Sitting,Lying,False,0.84,0.0,126.1848
SitFloor_lowKeypoints_crossedLegs,189,Sitting,Lying,False,0.855,0.0,130.16
SitFloor_lowKeypoints_crossedLegs,190,Sitting,Lying,False,0.832,0.0,126.4891
SitFloor_lowKeypoints_crossedLegs,191,Sitting,Lying,False,0.86,0.0,179.002
SitFloor_lowKeypoints_crossedLegs,192,Sitting,Lying,False,0.871,0.0,147.4035
SitFloor_lowKeypoints_crossedLegs,193,Sitting,Lying,False,0.877,0.0,116.5684
SitFloor_lowKeypoints_crossedLegs,194,Sitting,Lying,False,0.87,0.0,333.2347
SitFloor_lowKeypoints_crossedLegs,195,Sitting,Lying,False,0.872,0.0,223.612
SitFloor_lowKeypoints_crossedLegs,196,Sitting,Lying,False,0.876,0.0,145.7919
SitFloor_lowKeypoints_crossedLegs,197,Sitting,Lying,False,0.885,0.0,137.0303
SitFloor_lowKeypoints_crossedLegs,198,Sitting,Lying,False,0.897,0.0,120.8826
SitFloor_lowKeypoints_crossedLegs,199,Sitting,Lying,False,0.896,0.0,117.8955
SitFloor_lowKeypoints_crossedLegs,200,Sitting,Lying,False,0.894,0.0,127.0256
SitFloor_lowKeypoints_crossedLegs,201,,Lying,,0.908,0.0,122.6214
SitFloor_lowKeypoints_crossedLegs,202,,Lying,,0.918,0.0,107.9767
SitFloor_lowKeypoints_crossedLegs,203,,Lying,,0.931,0.0,109.0467
SitFloor_lowKeypoints_crossedLegs,204,,Lying,,0.937,0.0,87.9817
SitFloor_lowKeypoints_crossedLegs,205,,Lying,,0.936,0.0,104.0248
SitFloor_lowKeypoints_crossedLegs,206,,Lying,,0.934,0.0,82.8028
SitFloor_lowKeypoints_crossedLegs,207,,Lying,,0.948,0.0,126.7932
SitFloor_lowKeypoints_crossedLegs,208,,Lying,,0.941,0.0,84.3945
SitFloor_lowKeypoints_crossedLegs,209,,Lying,,0.94,0.0,83.9358
SitFloor_lowKeypoints_crossedLegs,210,,Lying,,0.943,0.0,90.8148
SitFloor_lowKeypoints_crossedLegs,211,,Lying,,0.934,0.0,88.0316
SitFloor_lowKeypoints_crossedLegs,212,,Lying,,0.933,0.0,79.1894
SitFloor_lowKeypoints_crossedLegs,213,,Lying,,0.942,0.0,80.0766
SitFloor_lowKeypoints_crossedLegs,214,,Lying,,0.939,0.0,81.6784
SitFloor_lowKeypoints_crossedLegs,215,,Lying,,0.942,0.0,79.4068
SitFloor_lowKeypoints_crossedLegs,216,,Lying,,0.937,0.0,83.1628
SitFloor_lowKeypoints_crossedLegs,217,,Lying,,0.948,0.0,82.2392
SitFloor_lowKeypoints_crossedLegs,218,,Lying,,0.936,0.0,78.2262
SitFloor_lowKeypoints_crossedLegs,219,,Lying,,0.926,0.0,85.2479
SitFloor_lowKeypoints_crossedLegs,220,,Lying,,0.923,0.0,80.1546
SitFloor_lowKeypoints_crossedLegs,221,,Lying,,0.922,0.0,86.4277
SitFloor_lowKeypoints_crossedLegs,222,,Lying,,0.915,0.0,84.5282
SitFloor_lowKeypoints_crossedLegs,223,,Lying,,0.917,0.0,85.5487
SitFloor_lowKeypoints_crossedLegs,224,,Lying,,0.918,0.0,70.0047
SitFloor_lowKeypoints_crossedLegs,225,,Lying,,0.925,0.0,67.3747
SitFloor_lowKeypoints_crossedLegs,226,,Lying,,0.909,0.0,68.9754
SitFloor_lowKeypoints_crossedLegs,227,,Lying,,0.918,0.0,72.997
SitFloor_lowKeypoints_crossedLegs,228,,Lying,,0.91,0.0,75.5752
SitFloor_lowKeypoints_crossedLegs,229,,Lying,,0.915,0.0,65.3165
SitFloor_lowKeypoints_crossedLegs,230,,Lying,,0.923,0.0,70.3382
SitFloor_lowKeypoints_crossedLegs,231,,Lying,,0.936,0.0,64.5218
SitFloor_lowKeypoints_crossedLegs,232,,Lying,,0.903,0.0,63.7374
SitFloor_lowKeypoints_crossedLegs,233,,Lying,,0.91,0.0,62.8278
SitFloor_lowKeypoints_crossedLegs,234,,Lying,,0.917,0.0,63.469
SitFloor_lowKeypoints_crossedLegs,235,,Lying,,0.915,0.0,66.0809
SitFloor_lowKeypoints_crossedLegs,236,,Lying,,0.918,0.0,64.5446
SitFloor_lowKeypoints_crossedLegs,237,,Lying,,0.937,0.0,61.2172
SitFloor_lowKeypoints_crossedLegs,238,,Lying,,0.944,0.0,71.6931
SitFloor_lowKeypoints_crossedLegs,239,,Lying,,0.948,0.0,79.2091
SitFloor_lowKeypoints_crossedLegs,240,,Lying,,0.942,0.0,86.0584
SitFloor_lowKeypoints_crossedLegs,241,,Lying,,0.942,0.0,85.5798
SitFloor_lowKeypoints_crossedLegs,242,,Lying,,0.944,0.0,67.7204
SitFloor_lowKeypoints_crossedLegs,243,,Lying,,0.949,0.0,74.813
SitFloor_lowKeypoints_crossedLegs,244,,Lying,,0.952,0.0,71.8073
SitFloor_lowKeypoints_crossedLegs,245,,Lying,,0.957,0.0,82.4547
SitFloor_lowKeypoints_crossedLegs,246,,Lying,,0.961,0.0,79.8675
SitFloor_lowKeypoints_crossedLegs,247,,Lying,,0.961,0.0,78.1701
SitFloor_lowKeypoints_crossedLegs,248,,Lying,,0.952,0.0,82.5345
SitFloor_lowKeypoints_crossedLegs,249,,Lying,,0.966,0.0,75.4209
SitFloor_lowKeypoints_crossedLegs,250,,Lying,,0.969,0.0,70.0668
SitFloor_lowKeypoints_crossedLegs,251,,Lying,,0.982,0.0,83.472
SitFloor_lowKeypoints_crossedLegs,252,,Lying,,0.983,0.0,107.8438
SitFloor_lowKeypoints_crossedLegs,253,,Lying,,0.985,0.0,82.5051
SitFloor_lowKeypoints_crossedLegs,254,,Lying,,0.984,0.0,87.5797
SitFloor_lowKeypoints_crossedLegs,255,,Lying,,0.983,0.0,87.7484
SitFloor_lowKeypoints_crossedLegs,256,,Lying,,0.979,0.0,78.6976
SitFloor_lowKeypoints_crossedLegs,257,,Lying,,0.976,0.0,78.8138
SitFloor_lowKeypoints_crossedLegs,258,,Lying,,0.966,0.0,80.2853
SitFloor_lowKeypoints_crossedLegs,259,,Lying,,0.964,0.0,85.0896
SitFloor_lowKeypoints_crossedLegs,260,,Lying,,0.957,0.0,76.257
SitFloor_lowKeypoints_crossedLegs,261,,Lying,,0.933,0.0,83.8617
SitFloor_lowKeypoints_crossedLegs,262,,Lying,,0.919,0.0,74.9775
SitFloor_lowKeypoints_crossedLegs,263,,Lying,,0.897,0.0,89.2317
SitFloor_lowKeypoints_crossedLegs,264,,Lying,,0.886,0.0,91.2392
SitFloor_lowKeypoints_crossedLegs,265,,Lying,,0.864,0.0,79.8612
SitFloor_lowKeypoints_crossedLegs,266,,Lying,,0.823,0.0,79.5687
SitFloor_lowKeypoints_crossedLegs,267,,Lying,,0.771,0.0,69.3618
SitFloor_lowKeypoints_crossedLegs,268,,Lying,,0.794,0.0,82.9595
SitFloor_lowKeypoints_crossedLegs,269,,Lying,,0.779,0.0,70.0671
SitFloor_lowKeypoints_crossedLegs,270,,Lying,,0.85,0.0,81.1654
SitFloor_lowKeypoints_crossedLegs,271,,Lying,,0.823,0.0,81.0917
SitFloor_lowKeypoints_crossedLegs,272,,Lying,,0.888,0.0,71.6319
SitFloor_lowKeypoints_crossedLegs,273,,Lying,,0.888,0.0,71.183
SitFloor_lowKeypoints_crossedLegs,274,,Lying,,0.917,0.0,69.0721
SitFloor_lowKeypoints_crossedLegs,275,,Lying,,0.93,0.0,63.7688
SitFloor_lowKeypoints_crossedLegs,276,,Lying,,0.951,0.0,64.5474
SitFloor_lowKeypoints_crossedLegs,277,,Lying,,0.963,0.0,64.5254
SitFloor_lowKeypoints_crossedLegs,278,,Lying,,0.958,0.0,66.4807
SitFloor_lowKeypoints_crossedLegs,279,,Lying,,0.958,0.0,68.7601
SitFloor_lowKeypoints_crossedLegs,280,,Lying,,0.942,0.0,74.9695
SitFloor_lowKeypoints_crossedLegs,281,,Lying,,0.932,0.0,71.5205
SitFloor_lowKeypoints_crossedLegs,282,,Lying,,0.948,0.0,66.2859
SitFloor_lowKeypoints_crossedLegs,283,,Lying,,0.951,0.0,70.336
SitFloor_lowKeypoints_crossedLegs,284,,Lying,,0.953,0.0,82.0949
SitFloor_lowKeypoints_crossedLegs,285,,Lying,,0.966,0.0,72.6687
SitFloor_lowKeypoints_crossedLegs,286,,Lying,,0.944,0.0,72.07
SitFloor_lowKeypoints_crossedLegs,287,,Lying,,0.902,0.0,79.802
SitFloor_lowKeypoints_crossedLegs,288,,Lying,,0.848,0.0,83.2621
SitFloor_lowKeypoints_crossedLegs,289,,Lying,,0.863,0.0,79.5299
SitFloor_lowKeypoints_crossedLegs,290,,Lying,,0.856,0.0,93.8093
SitFloor_lowKeypoints_crossedLegs,291,,Lying,,0.725,0.0,81.7193
SitFloor_lowKeypoints_crossedLegs,292,,Lying,,0.615,0.0,75.0754
SitFloor_lowKeypoints_crossedLegs,293,,Lying,,0.536,0.0,79.866
SitFloor_lowKeypoints_crossedLegs,294,,Sitting,,0.553,0.0,72.9139
SitFloor_lowKeypoints_crossedLegs,295,,Sitting,,0.56,0.0,73.5128
SitFloor_lowKeypoints_crossedLegs,296,,Sitting,,0.637,0.0,76.9992
SitFloor_lowKeypoints_crossedLegs,297,,Sitting,,0.684,0.0,73.8506
SitFloor_lowKeypoints_crossedLegs,298,,Sitting,,0.744,0.0,81.6902
SitFloor_lowKeypoints_crossedLegs,299,,Sitting,,0.786,0.0,82.602
SitFloor_lowKeypoints_crossedLegs,300,,Sitting,,0.782,0.0,79.1525
SitFloor_lowKeypoints_crossedLegs,301,,Sitting,,0.747,0.0,77.05
SitFloor_lowKeypoints_crossedLegs,302,,Sitting,,0.585,0.0,75.2209
SitFloor_lowKeypoints_crossedLegs,303,,Sitting,,0.487,0.0,85.2629
SitFloor_lowKeypoints_crossedLegs,304,,Standing,,0.583,0.0,97.3656
SitFloor_lowKeypoints_crossedLegs,305,,Standing,,0.795,0.0,151.745
SitFloor_lowKeypoints_crossedLegs,306,,Standing,,0.925,0.0,171.8826
SitFloor_lowKeypoints_crossedLegs,307,,Standing,,0.955,0.0,101.209
SitFloor_lowKeypoints_crossedLegs,308,,Standing,,0.976,0.0,99.7959
SitFloor_lowKeypoints_crossedLegs,309,,Standing,,0.985,0.0,98.1064
SitFloor_lowKeypoints_crossedLegs,310,,Standing,,0.99,0.0,98.2671
SitFloor_lowKeypoints_crossedLegs,311,,Standing,,0.99,0.0,88.7852
SitFloor_lowKeypoints_crossedLegs,312,,Standing,,0.992,0.0,95.808
SitFloor_lowKeypoints_crossedLegs,313,,Standing,,0.994,0.0,112.905
SitFloor_lowKeypoints_crossedLegs,314,,Standing,,0.997,0.0,119.2095
SitFloor_lowKeypoints_crossedLegs,315,,Standing,,0.996,0.0,111.753
SitFloor_lowKeypoints,31,Standing,Standing,True,0.995,0.0,113.0216
SitFloor_lowKeypoints,32,Standing,Standing,True,0.995,0.0,95.6064
SitFloor_lowKeypoints,33,Standing,Standing,True,0.995,0.0,95.7609
SitFloor_lowKeypoints,34,Standing,Standing,True,0.995,0.0,97.7583
SitFloor_lowKeypoints,35,Standing,Standing,True,0.995,0.0,96.2118
SitFloor_lowKeypoints,36,Standing,Standing,True,0.995,0.0,96.8196
SitFloor_lowKeypoints,37,Standing,Standing,True,0.995,0.0,96.1248
SitFloor_lowKeypoints,38,Standing,Standing,True,0.995,0.0,117.4439
SitFloor_lowKeypoints,39,Standing,Standing,True,0.995,0.0,114.3368
SitFloor_lowKeypoints,40,Standing,Standing,True,0.994,0.0,106.4697
SitFloor_lowKeypoints,41,Standing,Standing,True,0.994,0.0,133.2629
SitFloor_lowKeypoints,42,Standing,Standing,True,0.994,0.0,125.8312
SitFloor_lowKeypoints,43,Standing,Standing,True,0.993,0.0,117.3899
SitFloor_lowKeypoints,44,Standing,Standing,True,0.993,0.0,104.1864
SitFloor_lowKeypoints,45,Standing,Standing,True,0.993,0.0,92.6403
SitFloor_lowKeypoints,46,Standing,Standing,True,0.993,0.0,101.2789
SitFloor_lowKeypoints,47,Standing,Standing,True,0.993,0.0,117.2924
SitFloor_lowKeypoints,48,Standing,Standing,True,0.993,0.0,96.4634
SitFloor_lowKeypoints,49,Standing,Standing,True,0.993,0.0,84.6866
SitFloor_lowKeypoints,50,Standing,Standing,True,0.993,0.0,101.9952
SitFloor_lowKeypoints,51,Standing,Standing,True,0.994,0.0,95.9842
SitFloor_lowKeypoints,52,Standing,Standing,True,0.994,0.0,108.5387
SitFloor_lowKeypoints,53,Standing,Standing,True,0.993,0.0,125.3398
SitFloor_lowKeypoints,54,Standing,Standing,True,0.992,0.0,115.8631
SitFloor_lowKeypoints,55,Standing,Standing,True,0.992,0.0,133.7129
SitFloor_lowKeypoints,56,Standing,Standing,True,0.992,0.0,135.0058
SitFloor_lowKeypoints,57,Standing,Standing,True,0.992,0.0,150.8531
SitFloor_lowKeypoints,58,,Standing,,0.991,0.0,91.6855
SitFloor_lowKeypoints,59,,Standing,,0.991,0.0,119.6648
SitFloor_lowKeypoints,60,,Standing,,0.991,0.0,104.0452
SitFloor_lowKeypoints,61,,Standing,,0.991,0.0,114.0789
SitFloor_lowKeypoints,62,,Standing,,0.991,0.0,113.4753
SitFloor_lowKeypoints,63,,Standing,,0.991,0.0,136.4435
SitFloor_lowKeypoints,64,,Standing,,0.992,0.0,126.69
SitFloor_lowKeypoints,65,,Standing,,0.992,0.0,114.1525
SitFloor_lowKeypoints,66,,Standing,,0.992,0.0,106.1282
SitFloor_lowKeypoints,67,,Standing,,0.992,0.0,117.0465
SitFloor_lowKeypoints,68,,Standing,,0.992,0.0,105.2368
SitFloor_lowKeypoints,69,,Standing,,0.992,0.0,116.8514
SitFloor_lowKeypoints,70,,Standing,,0.991,0.0,131.0459
SitFloor_lowKeypoints,71,,Standing,,0.991,0.0,137.1349
SitFloor_lowKeypoints,72,,Standing,,0.991,0.0,116.629
SitFloor_lowKeypoints,73,,Standing,,0.99,0.0,119.8918
SitFloor_lowKeypoints,74,,Standing,,0.989,0.0,110.9173
SitFloor_lowKeypoints,75,,Standing,,0.988,0.0,106.7525
SitFloor_lowKeypoints,76,,Standing,,0.986,0.0,116.3707
SitFloor_lowKeypoints,77,,Standing,,0.983,0.0,129.8156
SitFloor_lowKeypoints,78,,Standing,,0.978,0.0,138.5144
SitFloor_lowKeypoints,79,,Standing,,0.971,0.0,122.0697
SitFloor_lowKeypoints,80,,Standing,,0.957,0.0,106.6679
SitFloor_lowKeypoints,81,,Standing,,0.938,0.0,123.0968
SitFloor_lowKeypoints,82,,Standing,,0.899,0.0,111.4045
SitFloor_lowKeypoints,83,,Standing,,0.845,0.0,116.6098
SitFloor_lowKeypoints,84,,Standing,,0.77,0.0,120.6191
SitFloor_lowKeypoints,85,,Standing,,0.676,0.0,104.8035
SitFloor_lowKeypoints,86,,Standing,,0.526,0.0,152.8209
SitFloor_lowKeypoints,87,,Standing,,0.376,0.0,116.2379
SitFloor_lowKeypoints,88,,Sitting,,0.339,0.0,121.3176
SitFloor_lowKeypoints,89,,Lying,,0.349,0.0,89.1107
SitFloor_lowKeypoints,90,,Lying,,0.402,0.0,87.1894
SitFloor_lowKeypoints,91,,Lying,,0.454,0.0,92.8304
SitFloor_lowKeypoints,92,,Lying,,0.573,0.0,91.9265
SitFloor_lowKeypoints,93,,Lying,,0.644,0.0,94.7604
SitFloor_lowKeypoints,94,,Lying,,0.732,0.0,92.5068
SitFloor_lowKeypoints,95,,Lying,,0.797,0.0,87.3618
SitFloor_lowKeypoints,96,,Lying,,0.843,0.0,94.617
SitFloor_lowKeypoints,97,,Lying,,0.88,0.0,92.8998
SitFloor_lowKeypoints,98,,Lying,,0.906,0.0,102.0112
SitFloor_lowKeypoints,99,,Lying,,0.915,0.0,103.9808
SitFloor_lowKeypoints,100,,Lying,,0.923,0.0,107.3048
SitFloor_lowKeypoints,101,,Lying,,0.921,0.0,100.2423
SitFloor_lowKeypoints,102,,Lying,,0.937,0.0,101.6043
SitFloor_lowKeypoints,103,,Lying,,0.937,0.0,103.6473
SitFloor_lowKeypoints,104,,Lying,,0.95,0.0,104.2139
SitFloor_lowKeypoints,105,,Lying,,0.952,0.0,88.495
SitFloor_lowKeypoints,106,,Lying,,0.953,0.0,88.861
SitFloor_lowKeypoints,107,,Lying,,0.957,0.0,86.1304
SitFloor_lowKeypoints,108,,Lying,,0.927,0.0,85.3635
SitFloor_lowKeypoints,109,,Lying,,0.914,0.0,79.813
SitFloor_lowKeypoints,110,,Lying,,0.9,0.0,75.3591
SitFloor_lowKeypoints,111,,Lying,,0.887,0.0,97.9013
SitFloor_lowKeypoints,112,,Lying,,0.798,0.0,132.4133
SitFloor_lowKeypoints,113,,Lying,,0.788,0.0,105.1734
SitFloor_lowKeypoints,114,,Lying,,0.771,0.0,84.8254
SitFloor_lowKeypoints,115,,Lying,,0.791,0.0,73.575
SitFloor_lowKeypoints,116,,Lying,,0.766,0.0,71.2382
SitFloor_lowKeypoints,117,Sitting,Lying,False,0.72,0.0,70.8735
SitFloor_lowKeypoints,118,Sitting,Lying,False,0.746,0.0,70.413
SitFloor_lowKeypoints,119,Sitting,Lying,False,0.83,0.0,68.0889
SitFloor_lowKeypoints,120,Sitting,Lying,False,0.842,0.0,64.0871
SitFloor_lowKeypoints,121,Sitting,Lying,False,0.831,0.0,62.9746
SitFloor_lowKeypoints,122,Sitting,Lying,False,0.852,0.0,72.8892
SitFloor_lowKeypoints,123,Sitting,Lying,False,0.83,0.0,80.1035
SitFloor_lowKeypoints,124,Sitting,Lying,False,0.781,0.0,85.5515
SitFloor_lowKeypoints,125,Sitting,Lying,False,0.824,0.0,66.4258
SitFloor_lowKeypoints,126,Sitting,Lying,False,0.86,0.0,81.8169
SitFloor_lowKeypoints,127,Sitting,Lying,False,0.826,0.0,68.5781
SitFloor_lowKeypoints,128,Sitting,Lying,False,0.847,0.0,71.9015
SitFloor_lowKeypoints,129,Sitting,Lying,False,0.804,0.0,66.4857
SitFloor_lowKeypoints,130,Sitting,Lying,False,0.814,0.0,63.4711
SitFloor_lowKeypoints,131,Sitting,Lying,False,0.805,0.0,63.5756
SitFloor_lowKeypoints,132,Sitting,Lying,False,0.601,0.0,65.2147
SitFloor_lowKeypoints,133,Sitting,Lying,False,0.643,0.0,62.0911
SitFloor_lowKeypoints,134,Sitting,Lying,False,0.549,0.0,70.9364
SitFloor_lowKeypoints,135,Sitting,Lying,False,0.534,0.0,65.0686
SitFloor_lowKeypoints,136,Sitting,Lying,False,0.522,0.0,65.0806
SitFloor_lowKeypoints,137,Sitting,Lying,False,0.643,0.0,63.5807
SitFloor_lowKeypoints,138,Sitting,Lying,False,0.694,0.0,68.7466
SitFloor_lowKeypoints,139,Sitting,Lying,False,0.68,0.0,62.9097
SitFloor_lowKeypoints,140,Sitting,Lying,False,0.698,0.0,62.4869
SitFloor_lowKeypoints,141,Sitting,Lying,False,0.668,0.0,61.4646
SitFloor_lowKeypoints,142,Sitting,Lying,False,0.636,0.0,95.1739
SitFloor_lowKeypoints,143,Sitting,Lying,False,0.713,0.0,75.8034
SitFloor_lowKeypoints,144,Sitting,Lying,False,0.695,0.0,65.6696
SitFloor_lowKeypoints,145,Sitting,Lying,False,0.589,0.0,69.5031
SitFloor_lowKeypoints,146,Sitting,Lying,False,0.517,0.0,74.5905
SitFloor_lowKeypoints,147,Sitting,Lying,False,0.512,0.0,69.3598
SitFloor_lowKeypoints,148,Sitting,Lying,False,0.474,0.0,64.3627
SitFloor_lowKeypoints,149,Sitting,Lying,False,0.526,0.0,65.7696
SitFloor_lowKeypoints,150,Sitting,Lying,False,0.574,0.0,64.3832
SitFloor_lowKeypoints,151,Sitting,Lying,False,0.652,0.0,65.6164
SitFloor_lowKeypoints,152,Sitting,Lying,False,0.746,0.0,61.1784
SitFloor_lowKeypoints,153,Sitting,Lying,False,0.813,0.0,66.2719
SitFloor_lowKeypoints,154,Sitting,Lying,False,0.844,0.0,75.8156
SitFloor_lowKeypoints,155,Sitting,Lying,False,0.875,0.0,78.7576
SitFloor_lowKeypoints,156,Sitting,Lying,False,0.901,0.0,79.9441
SitFloor_lowKeypoints,157,Sitting,Lying,False,0.919,0.0,97.0444
SitFloor_lowKeypoints,158,Sitting,Lying,False,0.935,0.0,69.7807
SitFloor_lowKeypoints,159,Sitting,Lying,False,0.947,0.0,67.7856
SitFloor_lowKeypoints,160,Sitting,Lying,False,0.95,0.0,67.1746
SitFloor_lowKeypoints,161,Sitting,Lying,False,0.958,0.0,66.8053
SitFloor_lowKeypoints,162,Sitting,Lying,False,0.963,0.0,64.326
SitFloor_lowKeypoints,163,Sitting,Lying,False,0.959,0.0,64.9056
SitFloor_lowKeypoints,164,Sitting,Lying,False,0.958,0.0,64.608
SitFloor_lowKeypoints,165,Sitting,Lying,False,0.956,0.0,68.0707
SitFloor_lowKeypoints,166,Sitting,Lying,False,0.958,0.0,63.15
SitFloor_lowKeypoints,167,Sitting,Lying,False,0.956,0.0,75.5266
SitFloor_lowKeypoints,168,Sitting,Lying,False,0.931,0.0,88.0866
SitFloor_lowKeypoints,169,Sitting,Lying,False,0.937,0.0,71.2275
SitFloor_lowKeypoints,170,Sitting,Lying,False,0.803,0.0,84.2632
SitFloor_lowKeypoints,171,Sitting,Lying,False,0.731,0.0,77.0866
SitFloor_lowKeypoints,172,Sitting,Lying,False,0.854,0.0,90.6224
SitFloor_lowKeypoints,173,Sitting,Lying,False,0.822,0.0,82.6384
SitFloor_lowKeypoints,174,Sitting,Lying,False,0.626,0.0,96.3222
SitFloor_lowKeypoints,175,Sitting,Lying,False,0.565,0.0,89.8561
SitFloor_lowKeypoints,176,Sitting,Lying,False,0.567,0.0,108.3362
SitFloor_lowKeypoints,177,Sitting,Lying,False,0.651,0.0,111.6135
SitFloor_lowKeypoints,178,Sitting,Lying,False,0.66,0.0,122.6076
SitFloor_lowKeypoints,179,Sitting,Lying,False,0.641,0.0,114.562
SitFloor_lowKeypoints,180,Sitting,Lying,False,0.624,0.0,119.8723
SitFloor_lowKeypoints,181,Sitting,Lying,False,0.719,0.0,122.837
SitFloor_lowKeypoints,182,Sitting,Lying,False,0.723,0.0,112.8095
SitFloor_lowKeypoints,183,Sitting,Lying,False,0.739,0.0,106.7864
SitFloor_lowKeypoints,184,Sitting,Lying,False,0.767,0.0,110.5054
SitFloor_lowKeypoints,185,Sitting,Lying,False,0.774,0.0,116.4837
SitFloor_lowKeypoints,186,Sitting,Lying,False,0.796,0.0,112.5097
SitFloor_lowKeypoints,187,Sitting,Lying,False,0.776,0.0,115.0006
SitFloor_lowKeypoints,188,Sitting,Lying,False,0.769,0.0,97.5011
SitFloor_lowKeypoints,189,Sitting,Lying,False,0.753,0.0,114.38
SitFloor_lowKeypoints,190,Sitting,Lying,False,0.735,0.0,100.5408
SitFloor_lowKeypoints,191,Sitting,Lying,False,0.727,0.0,97.7904
SitFloor_lowKeypoints,192,Sitting,Lying,False,0.717,0.0,98.167
SitFloor_lowKeypoints,193,Sitting,Lying,False,0.71,0.0,95.3036
SitFloor_lowKeypoints,194,Sitting,Lying,False,0.695,0.0,144.6059
SitFloor_lowKeypoints,195,Sitting,Lying,False,0.691,0.0,88.8737
SitFloor_lowKeypoints,196,Sitting,Lying,False,0.682,0.0,93.814
SitFloor_lowKeypoints,197,Sitting,Lying,False,0.669,0.0,121.2479
SitFloor_lowKeypoints,198,Sitting,Lying,False,0.657,0.0,112.7292
SitFloor_lowKeypoints,199,Sitting,Lying,False,0.642,0.0,104.5019
SitFloor_lowKeypoints,200,Sitting,Lying,False,0.608,0.0,100.9298
SitFloor_lowKeypoints,201,Sitting,Lying,False,0.563,0.0,116.9538
SitFloor_lowKeypoints,202,Sitting,Lying,False,0.553,0.0,100.6789
SitFloor_lowKeypoints,203,Sitting,Lying,False,0.53,0.0,94.3495
SitFloor_lowKeypoints,204,,Lying,,0.493,0.0,108.7035
SitFloor_lowKeypoints,205,,Lying,,0.437,0.0,86.3076
SitFloor_lowKeypoints,206,,Lying,,0.456,0.0,88.9272
SitFloor_lowKeypoints,207,,Lying,,0.45,0.0,145.7827
SitFloor_lowKeypoints,208,,Lying,,0.418,0.0,114.2859
SitFloor_lowKeypoints,209,,Lying,,0.387,0.0,108.541
SitFloor_lowKeypoints,210,,Lying,,0.378,0.0,92.7776
SitFloor_lowKeypoints,211,,Lying,,0.487,0.0,113.0992
SitFloor_lowKeypoints,212,,Lying,,0.481,0.0,92.8917
SitFloor_lowKeypoints,213,,Lying,,0.412,0.0,122.427
SitFloor_lowKeypoints,214,,Lying,,0.397,0.0,114.5616
SitFloor_lowKeypoints,215,,Lying,,0.394,0.0,99.4525
SitFloor_lowKeypoints,216,,Lying,,0.401,0.0,110.8443
SitFloor_lowKeypoints,217,,Lying,,0.413,0.0,121.2342
SitFloor_lowKeypoints,218,,Lying,,0.403,0.0,119.7324
SitFloor_lowKeypoints,219,,Lying,,0.394,0.0,132.6028
SitFloor_lowKeypoints,220,,Lying,,0.39,0.0,120.579
SitFloor_lowKeypoints,221,,Lying,,0.387,0.0,121.0897
SitFloor_lowKeypoints,222,,Lying,,0.397,0.0,128.5229
SitFloor_lowKeypoints,223,,Lying,,0.4,0.0,133.9355
SitFloor_lowKeypoints,224,,Lying,,0.429,0.0,154.359
SitFloor_lowKeypoints,225,,Lying,,0.402,0.0,131.4847
SitFloor_lowKeypoints,226,,Lying,,0.407,0.0,104.2647
SitFloor_lowKeypoints,227,,Lying,,0.422,0.0,112.7914
SitFloor_lowKeypoints,228,,Lying,,0.437,0.0,115.3972
SitFloor_lowKeypoints,229,,Lying,,0.435,0.0,153.6753
SitFloor_lowKeypoints,230,,Lying,,0.448,0.0,95.5464
SitFloor_lowKeypoints,231,,Lying,,0.49,0.0,100.3715
SitFloor_lowKeypoints,232,,Lying,,0.543,0.0,97.8281
SitFloor_lowKeypoints,233,,Lying,,0.584,0.0,108.3915
SitFloor_lowKeypoints,234,,Lying,,0.632,0.0,110.2575
SitFloor_lowKeypoints,235,,Lying,,0.675,0.0,94.462
SitFloor_lowKeypoints,236,,Lying,,0.711,0.0,96.6976
SitFloor_lowKeypoints,237,,Lying,,0.728,0.0,105.4648
SitFloor_lowKeypoints,238,,Lying,,0.764,0.0,104.3621
SitFloor_lowKeypoints,239,,Lying,,0.807,0.0,95.8418
SitFloor_lowKeypoints,240,,Lying,,0.835,0.0,98.4487
SitFloor_lowKeypoints,241,,Lying,,0.856,0.0,89.1342
SitFloor_lowKeypoints,242,,Lying,,0.865,0.0,102.5068
SitFloor_lowKeypoints,243,,Lying,,0.87,0.0,99.132
SitFloor_lowKeypoints,244,,Lying,,0.841,0.0,125.4762
SitFloor_lowKeypoints,245,,Lying,,0.856,0.0,98.146
SitFloor_lowKeypoints,246,,Lying,,0.863,0.0,117.4509
SitFloor_lowKeypoints,247,,Lying,,0.872,0.0,101.0165
SitFloor_lowKeypoints,248,,Lying,,0.877,0.0,99.0595
SitFloor_lowKeypoints,249,,Lying,,0.868,0.0,95.0538
SitFloor_lowKeypoints,250,,Lying,,0.868,0.0,76.4779
SitFloor_lowKeypoints,251,,Lying,,0.869,0.0,76.6913
SitFloor_lowKeypoints,252,,Lying,,0.879,0.0,67.9835
SitFloor_lowKeypoints,253,,Lying,,0.883,0.0,67.402
SitFloor_lowKeypoints,254,,Lying,,0.888,0.0,67.7009
SitFloor_lowKeypoints,255,,Lying,,0.882,0.0,66.9072
SitFloor_lowKeypoints,256,,Lying,,0.911,0.0,65.162
SitFloor_lowKeypoints,257,,Lying,,0.906,0.0,65.045
SitFloor_lowKeypoints,258,,Lying,,0.906,0.0,67.8032
SitFloor_lowKeypoints,259,,Lying,,0.905,0.0,65.2368
SitFloor_lowKeypoints,260,,Lying,,0.899,0.0,69.3379
SitFloor_lowKeypoints,261,,Lying,,0.901,0.0,77.7388
SitFloor_lowKeypoints,262,,Lying,,0.916,0.0,81.6185
SitFloor_lowKeypoints,263,,Lying,,0.924,0.0,81.3227
SitFloor_lowKeypoints,264,,Lying,,0.94,0.0,82.3724
SitFloor_lowKeypoints,265,,Lying,,0.952,0.0,74.2295
SitFloor_lowKeypoints,266,,Lying,,0.958,0.0,73.6581
SitFloor_lowKeypoints,267,,Lying,,0.96,0.0,78.1915
SitFloor_lowKeypoints,268,,Lying,,0.97,0.0,84.1893
SitFloor_lowKeypoints,269,,Lying,,0.974,0.0,78.8185
SitFloor_lowKeypoints,270,,Lying,,0.979,0.0,100.0914
SitFloor_lowKeypoints,271,,Lying,,0.984,0.0,97.3721
SitFloor_lowKeypoints,272,,Lying,,0.987,0.0,107.0473
SitFloor_lowKeypoints,273,,Lying,,0.99,0.0,107.4552
SitFloor_lowKeypoints,274,,Lying,,0.993,0.0,98.7998
SitFloor_lowKeypoints,275,,Lying,,0.992,0.0,99.9868
SitFloor_lowKeypoints,276,,Lying,,0.993,0.0,98.6733
SitFloor_lowKeypoints,277,,Lying,,0.992,0.0,84.8099
SitFloor_lowKeypoints,278,,Lying,,0.989,0.0,82.9852
SitFloor_lowKeypoints,279,,Lying,,0.989,0.0,85.2569
SitFloor_lowKeypoints,280,,Lying,,0.983,0.0,81.9634
SitFloor_lowKeypoints,281,,Lying,,0.976,0.0,77.0017
SitFloor_lowKeypoints,282,,Lying,,0.974,0.0,76.9676
SitFloor_lowKeypoints,283,,Lying,,0.955,0.0,81.8724
SitFloor_lowKeypoints,284,,Lying,,0.929,0.0,82.6413
SitFloor_lowKeypoints,285,,Lying,,0.91,0.0,77.8347
SitFloor_lowKeypoints,286,,Lying,,0.834,0.0,87.15
SitFloor_lowKeypoints,287,,Lying,,0.807,0.0,87.1832
SitFloor_lowKeypoints,288,,Lying,,0.722,0.0,104.7896
SitFloor_lowKeypoints,289,,Lying,,0.605,0.0,89.8517
SitFloor_lowKeypoints,290,,Lying,,0.551,0.0,101.0982
SitFloor_lowKeypoints,291,,Lying,,0.493,0.0,99.8968
SitFloor_lowKeypoints,292,,Lying,,0.448,0.0,92.6924
SitFloor_lowKeypoints,293,,Lying,,0.39,0.0,84.9488
SitFloor_lowKeypoints,294,,Standing,,0.421,0.0,92.4533
SitFloor_lowKeypoints,295,,Standing,,0.534,0.0,88.835
SitFloor_lowKeypoints,296,,Standing,,0.691,0.0,92.9201
SitFloor_lowKeypoints,297,,Standing,,0.829,0.0,107.4257
SitFloor_lowKeypoints,298,,Standing,,0.906,0.0,101.2327
SitFloor_lowKeypoints,299,,Standing,,0.945,0.0,111.8504
SitFloor_lowKeypoints,300,,Standing,,0.971,0.0,124.7724
SitFloor_lowKeypoints,301,,Standing,,0.979,0.0,99.848
SitFloor_lowKeypoints,302,,Standing,,0.993,0.0,106.8842
SitFloor_lowKeypoints,303,,Standing,,0.994,0.0,103.9437
SitFloor_lowKeypoints,304,,Standing,,0.994,0.0,100.6837
SitFloor_lowKeypoints,305,,Standing,,0.995,0.0,93.1089
SitFloor_lowKeypoints,306,,Standing,,0.996,0.0,82.4379
Sitting_HalfLandmarks,31,,Standing,,0.971,0.0,85.5273
Sitting_HalfLandmarks,32,,Standing,,0.98,0.0,92.15
Sitting_HalfLandmarks,33,,Standing,,0.986,0.0,78.0341
Sitting_HalfLandmarks,34,,Standing,,0.991,0.0,81.7981
Sitting_HalfLandmarks,35,,Standing,,0.993,0.0,71.6595
Sitting_HalfLandmarks,36,,Standing,,0.995,0.0,77.9324
Sitting_HalfLandmarks,37,,Standing,,0.995,0.0,77.9919
Sitting_HalfLandmarks,38,,Standing,,0.995,0.0,69.1409
Sitting_HalfLandmarks,39,,Standing,,0.996,0.0,70.7672
Sitting_HalfLandmarks,40,,Standing,,0.996,0.0,67.1934
Sitting_HalfLandmarks,41,,Standing,,0.996,0.0,64.2765
Sitting_HalfLandmarks,42,,Standing,,0.996,0.0,64.1153
Sitting_HalfLandmarks,43,,Standing,,0.996,0.0,62.6363
Sitting_HalfLandmarks,44,,Standing,,0.996,0.0,64.2789
Sitting_HalfLandmarks,45,,Standing,,0.995,0.0,63.8198
Sitting_HalfLandmarks,46,,Standing,,0.995,0.0,62.7912
Sitting_HalfLandmarks,47,,Standing,,0.993,0.0,66.2406
Sitting_HalfLandmarks,48,,Standing,,0.992,0.0,67.4604
Sitting_HalfLandmarks,49,,Standing,,0.991,0.0,66.5593
Sitting_HalfLandmarks,50,,Standing,,0.987,0.0,65.7448
Sitting_HalfLandmarks,51,,Standing,,0.984,0.0,62.4075
Sitting_HalfLandmarks,52,,Standing,,0.983,0.0,67.5953
Sitting_HalfLandmarks,53,,Standing,,0.979,0.0,66.923
Sitting_HalfLandmarks,54,,Standing,,0.977,0.0,62.6902
Sitting_HalfLandmarks,55,,Standing,,0.965,0.0,62.1529
Sitting_HalfLandmarks,56,,Standing,,0.962,0.0,60.8321
Sitting_HalfLandmarks,57,,Standing,,0.946,0.0,62.6012
Sitting_HalfLandmarks,58,,Standing,,0.946,0.0,62.5039
Sitting_HalfLandmarks,59,,Standing,,0.938,0.0,61.4137
Sitting_HalfLandmarks,60,,Standing,,0.937,0.0,63.2269
Sitting_HalfLandmarks,61,,Standing,,0.931,0.0,71.8856
Sitting_HalfLandmarks,62,,Standing,,0.931,0.0,94.8554
Sitting_HalfLandmarks,63,,Standing,,0.925,0.0,108.9119
Sitting_HalfLandmarks,64,,Standing,,0.91,0.0,84.6194
Sitting_HalfLandmarks,65,,Standing,,0.893,0.0,76.0947
Sitting_HalfLandmarks,66,,Standing,,0.906,0.0,71.6906
Sitting_HalfLandmarks,67,,Standing,,0.876,0.0,70.8254
Sitting_HalfLandmarks,68,,Standing,,0.866,0.0,65.8891
Sitting_HalfLandmarks,69,,Standing,,0.872,0.0,67.33
Sitting_HalfLandmarks,70,,Standing,,0.834,0.0,115.4579
Sitting_HalfLandmarks,71,,Standing,,0.782,0.0,73.6454
Sitting_HalfLandmarks,72,,Standing,,0.745,0.0,68.5723
Sitting_HalfLandmarks,73,,Standing,,0.864,0.0,67.0931
Sitting_HalfLandmarks,74,,Standing,,0.934,0.0,76.2644
Sitting_HalfLandmarks,75,,Standing,,0.916,0.0,75.1395
Sitting_HalfLandmarks,76,,Standing,,0.849,0.0,94.6544
Sitting_HalfLandmarks,77,,Standing,,0.908,0.0,82.813
Sitting_HalfLandmarks,78,,Standing,,0.875,0.0,87.5493
Sitting_HalfLandmarks,79,,Standing,,0.866,0.0,76.2563
Sitting_HalfLandmarks,80,,Standing,,0.903,0.0,85.3992
Sitting_HalfLandmarks,81,,Standing,,0.898,0.0,80.2011
Sitting_HalfLandmarks,82,,Standing,,0.88,0.0,79.3488
Sitting_HalfLandmarks,83,,Standing,,0.821,0.0,129.4317
Sitting_HalfLandmarks,84,,Standing,,0.76,0.0,97.713
Sitting_HalfLandmarks,85,,Standing,,0.628,0.0,87.679
Sitting_HalfLandmarks,86,,Sitting,,0.602,0.0,105.0229
Sitting_HalfLandmarks,87,Sitting,Sitting,True,0.59,0.0,113.2715
Sitting_HalfLandmarks,88,Sitting,Sitting,True,0.647,0.0,98.6225
Sitting_HalfLandmarks,89,Sitting,Sitting,True,0.539,0.0,89.276
Sitting_HalfLandmarks,90,Sitting,Sitting,True,0.601,0.0,83.1439
Sitting_HalfLandmarks,91,Sitting,Sitting,True,0.707,0.0,96.7071
Sitting_HalfLandmarks,92,Sitting,Sitting,True,0.723,0.0,110.7853
Sitting_HalfLandmarks,93,Sitting,Sitting,True,0.771,0.0,115.6926
Sitting_HalfLandmarks,94,Sitting,Sitting,True,0.839,0.0,102.2742
Sitting_HalfLandmarks,95,Sitting,Sitting,True,0.872,0.0,119.3037
Sitting_HalfLandmarks,96,Sitting,Sitting,True,0.918,0.0,98.6673
Sitting_HalfLandmarks,97,Sitting,Sitting,True,0.933,0.0,111.1566
Sitting_HalfLandmarks,98,Sitting,Sitting,True,0.938,0.0,106.7305
Sitting_HalfLandmarks,99,Sitting,Sitting,True,0.953,0.0,107.0322
Sitting_HalfLandmarks,100,Sitting,Sitting,True,0.959,0.0,120.9349
Sitting_HalfLandmarks,101,Sitting,Sitting,True,0.963,0.0,107.7725
Sitting_HalfLandmarks,102,Sitting,Sitting,True,0.965,0.0,106.7012
Sitting_HalfLandmarks,103,Sitting,Sitting,True,0.968,0.0,109.1255
Sitting_HalfLandmarks,104,Sitting,Sitting,True,0.969,0.0,146.4162
Sitting_HalfLandmarks,105,Sitting,Sitting,True,0.962,0.0,106.7363
Sitting_HalfLandmarks,106,Sitting,Sitting,True,0.953,0.0,126.5009
Sitting_HalfLandmarks,107,Sitting,Sitting,True,0.939,0.0,133.8903
Sitting_HalfLandmarks,108,Sitting,Sitting,True,0.944,0.0,135.0518
Sitting_HalfLandmarks,109,Sitting,Sitting,True,0.895,0.0,131.2546
Sitting_HalfLandmarks,110,Sitting,Sitting,True,0.856,0.0,122.2044
Sitting_HalfLandmarks,111,Sitting,Sitting,True,0.799,0.0,129.9153
Sitting_HalfLandmarks,112,Sitting,Sitting,True,0.835,0.0,116.6488
Sitting_HalfLandmarks,113,Sitting,Sitting,True,0.63,0.0,120.3949
Sitting_HalfLandmarks,114,Sitting,Sitting,True,0.601,0.0,115.3145
Sitting_HalfLandmarks,115,Sitting,Standing,False,0.628,0.0,115.6306
Sitting_HalfLandmarks,116,Sitting,Standing,False,0.722,0.0,128.2046
Sitting_HalfLandmarks,117,Sitting,Standing,False,0.747,0.0,110.143
Sitting_HalfLandmarks,118,Sitting,Standing,False,0.835,0.0,127.8421
Sitting_HalfLandmarks,119,Sitting,Standing,False,0.87,0.0,171.987
Sitting_HalfLandmarks,120,Sitting,Standing,False,0.932,0.0,111.2374
Sitting_HalfLandmarks,121,Sitting,Standing,False,0.962,0.0,107.9806
Sitting_HalfLandmarks,122,Sitting,Standing,False,0.978,0.0,113.6363
Sitting_HalfLandmarks,123,Sitting,Standing,False,0.982,0.0,110.3966
Sitting_HalfLandmarks,124,Sitting,Standing,False,0.993,0.0,110.6461
Sitting_HalfLandmarks,125,Sitting,Standing,False,0.994,0.0,153.8946
Sitting_HalfLandmarks,126,Sitting,Standing,False,0.997,0.0,148.5175
Sitting_HalfLandmarks,127,Sitting,Standing,False,0.997,0.0,112.5861
Sitting_HalfLandmarks,128,Sitting,Standing,False,0.997,0.0,111.8023
Sitting_HalfLandmarks,129,Sitting,Standing,False,0.998,0.0,100.4715
Sitting_HalfLandmarks,130,Sitting,Standing,False,0.998,0.0,102.4701
Sitting_HalfLandmarks,131,Sitting,Standing,False,0.998,0.0,114.6381
Sitting_HalfLandmarks,132,Sitting,Standing,False,0.998,0.0,117.6646
Sitting_HalfLandmarks,133,Sitting,Standing,False,0.998,0.0,109.8525
Sitting_HalfLandmarks,134,Sitting,Standing,False,0.998,0.0,129.3613
Sitting_HalfLandmarks,135,Sitting,Standing,False,0.997,0.0,119.5278
Sitting_HalfLandmarks,136,Sitting,Standing,False,0.997,0.0,117.4231
Sitting_HalfLandmarks,137,Sitting,Standing,False,0.997,0.0,106.3891
Sitting_HalfLandmarks,138,Sitting,Standing,False,0.997,0.0,110.1091
Sitting_HalfLandmarks,139,Sitting,Standing,False,0.997,0.0,99.9061
Sitting_HalfLandmarks,140,Sitting,Standing,False,0.997,0.0,117.0198
Sitting_HalfLandmarks,141,Sitting,Standing,False,0.997,0.0,111.4806
Sitting_HalfLandmarks,142,Sitting,Standing,False,0.997,0.0,107.9754
Sitting_HalfLandmarks,143,Sitting,Standing,False,0.997,0.0,92.1776
Sitting_HalfLandmarks,144,Sitting,Standing,False,0.997,0.0,90.5682
Sitting_HalfLandmarks,145,Sitting,Standing,False,0.997,0.0,76.1942
Sitting_HalfLandmarks,146,Sitting,Standing,False,0.997,0.0,71.5365
Sitting_HalfLandmarks,147,Sitting,Standing,False,0.997,0.0,69.4374
Sitting_HalfLandmarks,148,Sitting,Standing,False,0.997,0.0,69.5411
Sitting_HalfLandmarks,149,Sitting,Standing,False,0.997,0.0,65.6341
Sitting_HalfLandmarks,150,Sitting,Standing,False,0.997,0.0,74.9796
Sitting_HalfLandmarks,151,Sitting,Standing,False,0.997,0.0,78.4363
Sitting_HalfLandmarks,152,Sitting,Standing,False,0.997,0.0,71.7311
Sitting_HalfLandmarks,153,Sitting,Standing,False,0.997,0.0,73.9633
Sitting_HalfLandmarks,154,Sitting,Standing,False,0.997,0.0,70.8226
Sitting_HalfLandmarks,155,Sitting,Standing,False,0.997,0.0,77.725
Sitting_HalfLandmarks,156,Sitting,Standing,False,0.997,0.0,86.4815
Sitting_HalfLandmarks,157,Sitting,Standing,False,0.997,0.0,108.7971
Sitting_HalfLandmarks,158,Sitting,Standing,False,0.997,0.0,111.7934
Sitting_HalfLandmarks,159,Sitting,Standing,False,0.997,0.0,125.708
Sitting_HalfLandmarks,160,Sitting,Standing,False,0.997,0.0,151.2576
Sitting_HalfLandmarks,161,Sitting,Standing,False,0.997,0.0,139.3309
Sitting_HalfLandmarks,162,Sitting,Standing,False,0.997,0.0,114.6422
Sitting_HalfLandmarks,163,Sitting,Standing,False,0.996,0.0,102.6959
Sitting_HalfLandmarks,164,Sitting,Standing,False,0.997,0.0,120.7525
Sitting_HalfLandmarks,165,Sitting,Standing,False,0.997,0.0,130.7216
Sitting_HalfLandmarks,166,Sitting,Standing,False,0.997,0.0,107.5271
Sitting_HalfLandmarks,167,Sitting,Standing,False,0.997,0.0,98.5608
Sitting_HalfLandmarks,168,Sitting,Standing,False,0.997,0.0,124.8841
Sitting_HalfLandmarks,169,Sitting,Standing,False,0.997,0.0,140.2487
Sitting_HalfLandmarks,170,Sitting,Standing,False,0.997,0.0,102.8277
Sitting_HalfLandmarks,171,Sitting,Standing,False,0.997,0.0,90.3584
Sitting_HalfLandmarks,172,Sitting,Standing,False,0.997,0.0,83.2005
Sitting_HalfLandmarks,173,Sitting,Standing,False,0.997,0.0,98.2175
Sitting_HalfLandmarks,174,Sitting,Standing,False,0.997,0.0,76.1498
Sitting_HalfLandmarks,175,,Standing,,0.997,0.0,78.4292
Sitting_HalfLandmarks,176,,Standing,,0.997,0.0,95.7631
Sitting_HalfLandmarks,177,,Standing,,0.997,0.0,77.6079
Sitting_HalfLandmarks,178,,Standing,,0.997,0.0,72.1515
Sitting_HalfLandmarks,179,,Standing,,0.997,0.0,75.9214
Sitting_HalfLandmarks,180,,Standing,,0.997,0.0,76.5971
Sitting_HalfLandmarks,181,,Standing,,0.997,0.0,95.9253
Sitting_HalfLandmarks,182,,Standing,,0.997,0.0,84.2472
Sitting_HalfLandmarks,183,,Standing,,0.997,0.0,83.4484
Sitting_HalfLandmarks,184,,Standing,,0.997,0.0,84.8695
Sitting_HalfLandmarks,185,,Standing,,0.997,0.0,80.3514
Sitting_HalfLandmarks,186,,Standing,,0.997,0.0,84.7639
Sitting_HalfLandmarks,187,,Standing,,0.997,0.0,86.338
Sitting_HalfLandmarks,188,,Standing,,0.997,0.0,91.3884
Sitting_HalfLandmarks,189,,Standing,,0.996,0.0,101.3252
Sitting_HalfLandmarks,190,,Standing,,0.997,0.0,77.2273
Sitting_HalfLandmarks,191,,Standing,,0.997,0.0,89.195
Sitting_HalfLandmarks,192,,Standing,,0.997,0.0,99.8525
Sitting_HalfLandmarks,193,,Standing,,0.997,0.0,105.3081
Sitting_HalfLandmarks,194,,Standing,,0.996,0.0,98.3391
Sitting_HalfLandmarks,195,,Standing,,0.996,0.0,91.2042
Sitting_HalfLandmarks,196,,Standing,,0.996,0.0,87.1408
Sitting_HalfLandmarks,197,,Standing,,0.996,0.0,75.6602
Sitting_HalfLandmarks,198,,Standing,,0.996,0.0,71.4965
Sitting_HalfLandmarks,199,,Standing,,0.996,0.0,70.2228
Sitting_HalfLandmarks,200,,Standing,,0.996,0.0,67.985
Sitting_HalfLandmarks,201,,Standing,,0.996,0.0,79.7891
Sitting_HalfLandmarks,202,,Standing,,0.996,0.0,80.8268
Sitting_HalfLandmarks,203,,Standing,,0.996,0.0,79.4211
Sitting_HalfLandmarks,204,,Standing,,0.996,0.0,93.4379
Sitting_HalfLandmarks,205,,Standing,,0.996,0.0,86.6938
Sitting_HalfLandmarks,206,,Standing,,0.996,0.0,65.0686
Sitting_HalfLandmarks,207,,Standing,,0.996,0.0,65.1203
Sitting_HalfLandmarks,208,,Standing,,0.995,0.0,80.9121
Sitting_HalfLandmarks,209,,Standing,,0.995,0.0,91.1757
Sitting_HalfLandmarks,210,,Standing,,0.994,0.0,80.4477
Sitting_HalfLandmarks,211,,Standing,,0.995,0.0,78.8002
Sitting_HalfLandmarks,212,,Standing,,0.994,0.0,83.6603
Sitting_HalfLandmarks,213,,Standing,,0.992,0.0,87.3526
Sitting_HalfLandmarks,214,,Standing,,0.992,0.0,90.5253
Sitting_HalfLandmarks,215,,Standing,,0.991,0.0,89.2584
Sitting_HalfLandmarks,216,,Standing,,0.992,0.0,81.9252
Sitting_HalfLandmarks,217,,Standing,,0.993,0.0,73.2475
Sitting_HalfLandmarks,218,,Standing,,0.993,0.0,69.9632
Sitting_HalfLandmarks,219,,Standing,,0.992,0.0,66.0775
Sitting_HalfLandmarks,220,,Standing,,0.99,0.0,64.9403
Sitting_HalfLandmarks,221,,Standing,,0.991,0.0,71.0792
Sitting_HalfLandmarks,222,,Standing,,0.991,0.0,66.9014
Sitting_HalfLandmarks,223,,Standing,,0.991,0.0,61.9557
Sitting_HalfLandmarks,224,,Standing,,0.991,0.0,69.6808
Sitting_Lying_FewLandmarks_back,31,,Sitting,,0.83,0.0,66.8846
Sitting_Lying_FewLandmarks_back,32,,Sitting,,0.857,0.0,62.1297
Sitting_Lying_FewLandmarks_back,33,,Sitting,,0.868,0.0,60.6071
Sitting_Lying_FewLandmarks_back,34,,Sitting,,0.889,0.0,62.7611
Sitting_Lying_FewLandmarks_back,35,,Sitting,,0.904,0.0,66.209
Sitting_Lying_FewLandmarks_back,36,,Sitting,,0.92,0.0,85.7026
Sitting_Lying_FewLandmarks_back,37,,Sitting,,0.933,0.0,86.5209
Sitting_Lying_FewLandmarks_back,38,,Sitting,,0.94,0.0,85.8721
Sitting_Lying_FewLandmarks_back,39,,Sitting,,0.95,0.0,91.8602
Sitting_Lying_FewLandmarks_back,40,,Sitting,,0.953,0.0,106.8151
Sitting_Lying_FewLandmarks_back,41,,Sitting,,0.96,0.0,87.9673
Sitting_Lying_FewLandmarks_back,42,,Sitting,,0.966,0.0,77.7291
Sitting_Lying_FewLandmarks_back,43,,Sitting,,0.966,0.0,82.7714
Sitting_Lying_FewLandmarks_back,44,,Sitting,,0.968,0.0,80.3529
Sitting_Lying_FewLandmarks_back,45,,Sitting,,0.969,0.0,72.5161
Sitting_Lying_FewLandmarks_back,46,,Sitting,,0.968,0.0,76.7042
Sitting_Lying_FewLandmarks_back,47,Sitting,Sitting,True,0.967,0.0,98.884
Sitting_Lying_FewLandmarks_back,48,Sitting,Sitting,True,0.965,0.0,92.6453
Sitting_Lying_FewLandmarks_back,49,Sitting,Sitting,True,0.968,0.0,91.8529
Sitting_Lying_FewLandmarks_back,50,Sitting,Sitting,True,0.965,0.0,83.426
Sitting_Lying_FewLandmarks_back,51,Sitting,Sitting,True,0.961,0.0,79.4794
Sitting_Lying_FewLandmarks_back,52,Sitting,Sitting,True,0.953,0.0,89.1886
Sitting_Lying_FewLandmarks_back,53,Sitting,Sitting,True,0.938,0.0,95.8189
Sitting_Lying_FewLandmarks_back,54,Sitting,Sitting,True,0.929,0.0,98.8074
Sitting_Lying_FewLandmarks_back,55,Sitting,Sitting,True,0.922,0.0,85.5875
Sitting_Lying_FewLandmarks_back,56,Sitting,Sitting,True,0.938,0.0,77.1577
Sitting_Lying_FewLandmarks_back,57,Sitting,Sitting,True,0.923,0.0,87.7538
Sitting_Lying_FewLandmarks_back,58,Sitting,Sitting,True,0.906,0.0,88.3971
Sitting_Lying_FewLandmarks_back,59,Sitting,Sitting,True,0.844,0.0,74.4374
Sitting_Lying_FewLandmarks_back,60,Sitting,Sitting,True,0.851,0.0,82.1811
Sitting_Lying_FewLandmarks_back,61,Sitting,Sitting,True,0.843,0.0,89.3159
Sitting_Lying_FewLandmarks_back,62,Sitting,Sitting,True,0.815,0.0,92.5314
Sitting_Lying_FewLandmarks_back,63,Sitting,Sitting,True,0.694,0.0,108.7615
Sitting_Lying_FewLandmarks_back,64,Sitting,Sitting,True,0.705,0.0,115.0232
Sitting_Lying_FewLandmarks_back,65,Sitting,Sitting,True,0.717,0.0,91.9158
Sitting_Lying_FewLandmarks_back,66,Sitting,Sitting,True,0.632,0.0,92.2329
Sitting_Lying_FewLandmarks_back,67,Sitting,Sitting,True,0.596,0.0,95.0789
Sitting_Lying_FewLandmarks_back,68,Sitting,Sitting,True,0.531,0.0,100.1592
Sitting_Lying_FewLandmarks_back,69,Sitting,Sitting,True,0.497,0.0,102.5418
Sitting_Lying_FewLandmarks_back,70,Sitting,Sitting,True,0.444,0.0,103.6312
Sitting_Lying_FewLandmarks_back,71,Sitting,Lying,False,0.455,0.0,106.0911
Sitting_Lying_FewLandmarks_back,72,Sitting,Lying,False,0.494,0.0,85.5433
Sitting_Lying_FewLandmarks_back,73,Sitting,Lying,False,0.541,0.0,112.8877
Sitting_Lying_FewLandmarks_back,74,Sitting,Lying,False,0.551,0.0,94.8311
Sitting_Lying_FewLandmarks_back,75,Sitting,Lying,False,0.579,0.0,108.1098
Sitting_Lying_FewLandmarks_back,76,Sitting,Lying,False,0.611,0.0,101.5478
Sitting_Lying_FewLandmarks_back,77,Sitting,Lying,False,0.597,0.0,123.6324
Sitting_Lying_FewLandmarks_back,78,Sitting,Lying,False,0.63,0.0,167.7953
Sitting_Lying_FewLandmarks_back,79,Sitting,Lying,False,0.674,0.0,126.5689
Sitting_Lying_FewLandmarks_back,80,Sitting,Lying,False,0.679,0.0,133.5667
Sitting_Lying_FewLandmarks_back,81,Sitting,Lying,False,0.696,0.0,120.9512
Sitting_Lying_FewLandmarks_back,82,Sitting,Lying,False,0.723,0.0,138.3416
Sitting_Lying_FewLandmarks_back,83,Sitting,Lying,False,0.688,0.0,133.0499
Sitting_Lying_FewLandmarks_back,84,Sitting,Lying,False,0.693,0.0,135.6708
Sitting_Lying_FewLandmarks_back,85,Sitting,Lying,False,0.7,0.0,128.8299
Sitting_Lying_FewLandmarks_back,86,Sitting,Lying,False,0.748,0.0,133.9759
Sitting_Lying_FewLandmarks_back,87,Sitting,Lying,False,0.768,0.0,150.2873
Sitting_Lying_FewLandmarks_back,88,Sitting,Lying,False,0.801,0.0,131.5154
Sitting_Lying_FewLandmarks_back,89,Sitting,Lying,False,0.81,0.0,176.0287
Sitting_Lying_FewLandmarks_back,90,Sitting,Lying,False,0.833,0.0,155.1908
Sitting_Lying_FewLandmarks_back,91,Sitting,Lying,False,0.854,0.0,145.7802
Sitting_Lying_FewLandmarks_back,92,Sitting,Lying,False,0.849,0.0,140.5427
Sitting_Lying_FewLandmarks_back,93,Sitting,Lying,False,0.842,0.0,111.2164
Sitting_Lying_FewLandmarks_back,94,Sitting,Lying,False,0.819,0.0,161.0391
Sitting_Lying_FewLandmarks_back,95,Sitting,Lying,False,0.838,0.0,121.9161
Sitting_Lying_FewLandmarks_back,96,Sitting,Lying,False,0.768,0.0,117.0473
Sitting_Lying_FewLandmarks_back,97,Sitting,Lying,False,0.733,0.0,131.641
Sitting_Lying_FewLandmarks_back,98,Sitting,Lying,False,0.66,0.0,129.861
Sitting_Lying_FewLandmarks_back,99,Sitting,Lying,False,0.636,0.0,103.3865
Sitting_Lying_FewLandmarks_back,100,Sitting,Lying,False,0.577,0.0,120.9502
Sitting_Lying_FewLandmarks_back,101,Sitting,Lying,False,0.536,0.0,103.2117
Sitting_Lying_FewLandmarks_back,102,Sitting,Sitting,True,0.566,0.0,127.0644
Sitting_Lying_FewLandmarks_back,103,Sitting,Sitting,True,0.678,0.0,102.9212
Sitting_Lying_FewLandmarks_back,104,Sitting,Sitting,True,0.732,0.0,115.7956
Sitting_Lying_FewLandmarks_back,105,Sitting,Sitting,True,0.764,0.0,93.9214
Sitting_Lying_FewLandmarks_back,106,Sitting,Sitting,True,0.83,0.0,109.6417
Sitting_Lying_FewLandmarks_back,107,Sitting,Sitting,True,0.847,0.0,128.4701
Sitting_Lying_FewLandmarks_back,108,Sitting,Sitting,True,0.888,0.0,121.7994
Sitting_Lying_FewLandmarks_back,109,Sitting,Sitting,True,0.909,0.0,131.5634
Sitting_Lying_FewLandmarks_back,110,Sitting,Sitting,True,0.934,0.0,128.9468
Sitting_Lying_FewLandmarks_back,111,Sitting,Sitting,True,0.947,0.0,98.9528
Sitting_Lying_FewLandmarks_back,112,Sitting,Sitting,True,0.953,0.0,84.7568
Sitting_Lying_FewLandmarks_back,113,Sitting,Sitting,True,0.963,0.0,85.3446
Sitting_Lying_FewLandmarks_back,114,Sitting,Sitting,True,0.971,0.0,94.1234
Sitting_Lying_FewLandmarks_back,115,Sitting,Sitting,True,0.978,0.0,89.0839
Sitting_Lying_FewLandmarks_back,116,Sitting,Sitting,True,0.979,0.0,79.6004
Sitting_Lying_FewLandmarks_back,117,Sitting,Sitting,True,0.979,0.0,84.8358
Sitting_Lying_FewLandmarks_back,118,Sitting,Sitting,True,0.979,0.0,79.7146
Sitting_Lying_FewLandmarks_back,119,Sitting,Sitting,True,0.98,0.0,79.6325
Sitting_Lying_FewLandmarks_back,120,Sitting,Sitting,True,0.979,0.0,86.5595
Sitting_Lying_FewLandmarks_back,121,Sitting,Sitting,True,0.979,0.0,89.8731
Sitting_Lying_FewLandmarks_back,122,Sitting,Sitting,True,0.977,0.0,86.0022
Sitting_Lying_FewLandmarks_back,123,Sitting,Sitting,True,0.973,0.0,100.0248
Sitting_Lying_FewLandmarks_back,124,Sitting,Sitting,True,0.977,0.0,78.913
Sitting_Lying_FewLandmarks_back,125,Sitting,Sitting,True,0.974,0.0,70.7892
Sitting_Lying_FewLandmarks_back,126,Sitting,Sitting,True,0.964,0.0,71.1438
Sitting_Lying_FewLandmarks_back,127,Sitting,Sitting,True,0.945,0.0,71.5975
Sitting_Lying_FewLandmarks_back,128,Sitting,Sitting,True,0.953,0.0,68.5278
Sitting_Lying_FewLandmarks_back,129,Sitting,Sitting,True,0.941,0.0,66.4988
Sitting_Lying_FewLandmarks_back,130,Sitting,Sitting,True,0.928,0.0,66.3865
Sitting_Lying_FewLandmarks_back,131,Sitting,Sitting,True,0.875,0.0,64.0639
Sitting_Lying_FewLandmarks_back,132,Sitting,Sitting,True,0.841,0.0,63.5676
Sitting_Lying_FewLandmarks_back,133,Sitting,Sitting,True,0.791,0.0,63.0428
Sitting_Lying_FewLandmarks_back,134,Sitting,Sitting,True,0.759,0.0,66.0489
Sitting_Lying_FewLandmarks_back,135,Sitting,Sitting,True,0.64,0.0,67.7015
Sitting_Lying_FewLandmarks_back,136,Sitting,Sitting,True,0.555,0.0,66.9837
Sitting_Lying_FewLandmarks_back,137,Sitting,Lying,False,0.464,0.0,64.4529
Sitting_Lying_FewLandmarks_back,138,Sitting,Lying,False,0.49,0.0,63.3358
Sitting_Lying_FewLandmarks_back,139,Sitting,Lying,False,0.617,0.0,60.2392
Sitting_Lying_FewLandmarks_back,140,Sitting,Lying,False,0.714,0.0,61.7949
Sitting_Lying_FewLandmarks_back,141,Sitting,Lying,False,0.758,0.0,62.3792
Sitting_Lying_FewLandmarks_back,142,Sitting,Lying,False,0.815,0.0,63.7888
Sitting_Lying_FewLandmarks_back,143,Sitting,Lying,False,0.847,0.0,63.2385
Sitting_Lying_FewLandmarks_back,144,Sitting,Lying,False,0.886,0.0,61.5054
Sitting_Lying_FewLandmarks_back,145,Sitting,Lying,False,0.906,0.0,61.1823
Sitting_Lying_FewLandmarks_back,146,Sitting,Lying,False,0.928,0.0,60.7713
Sitting_Lying_FewLandmarks_back,147,Sitting,Lying,False,0.951,0.0,61.7634
Sitting_Lying_FewLandmarks_back,148,,Lying,,0.956,0.0,59.6446
Sitting_Lying_FewLandmarks_back,149,,Lying,,0.967,0.0,82.424
Sitting_Lying_FewLandmarks_back,150,,Lying,,0.973,0.0,77.0657
Sitting_Lying_FewLandmarks_back,151,,Lying,,0.979,0.0,100.2186
Sitting_Lying_FewLandmarks_back,152,,Lying,,0.986,0.0,103.8822
Sitting_Lying_FewLandmarks_back,153,,Lying,,0.992,0.0,110.9068
Sitting_Lying_FewLandmarks_back,154,,Lying,,0.991,0.0,115.078
Sitting_Lying_FewLandmarks_back,155,,Lying,,0.989,0.0,110.2804
Sitting_Lying_FewLandmarks_back,156,,Lying,,0.99,0.0,88.8924
Sitting_Lying_FewLandmarks_back,157,,Lying,,0.988,0.0,88.466
Sitting_Lying_FewLandmarks_back,158,,Lying,,0.99,0.0,89.26
Sitting_Lying_FewLandmarks_back,159,,Lying,,0.99,0.0,93.7997
Sitting_Lying_FewLandmarks_back,160,,Lying,,0.993,0.0,113.7268
Sitting_Lying_FewLandmarks_back,161,,Lying,,0.992,0.0,116.8829
Sitting_Lying_FewLandmarks_back,162,,Lying,,0.993,0.0,103.2399
Sitting_Lying_FewLandmarks_back,163,,Lying,,0.993,0.0,106.3401
Sitting_Lying_FewLandmarks_back,164,,Lying,,0.994,0.0,123.989
Sitting_Lying_FewLandmarks_back,165,,Lying,,0.992,0.0,104.7445
Sitting_Lying_FewLandmarks_back,166,,Lying,,0.994,0.0,110.5519
Sitting_Lying_FewLandmarks_back,167,,Lying,,0.993,0.0,96.4887
Sitting_Lying_FewLandmarks_back,168,,Lying,,0.992,0.0,98.0032
Sitting_Lying_FewLandmarks_back,169,,Lying,,0.993,0.0,89.3883
Sitting_Lying_FewLandmarks_back,170,,Lying,,0.995,0.0,87.2795
Sitting_Lying_FewLandmarks_back,171,,Lying,,0.992,0.0,86.1473
Sitting_Lying_FewLandmarks_back,172,,Lying,,0.993,0.0,86.9227
Sitting_Lying_FewLandmarks_back,173,,Lying,,0.992,0.0,84.8201
Sitting_Lying_FewLandmarks_back,174,,Lying,,0.994,0.0,85.4933
Sitting_Lying_FewLandmarks_back,175,,Lying,,0.994,0.0,81.052
Sitting_Lying_FewLandmarks_back,176,,Lying,,0.995,0.0,78.6634
Sitting_Lying_FewLandmarks_back,177,,Lying,,0.996,0.0,76.1918
Sitting_Lying_FewLandmarks_back,178,,Lying,,0.995,0.0,96.5711
Sitting_Lying_FewLandmarks_back,179,,Lying,,0.995,0.0,135.2088
Sitting_Lying_FewLandmarks_back,180,,Lying,,0.996,0.0,123.0683
Sitting_Lying_FewLandmarks_back,181,,Lying,,0.994,0.0,90.6244
Sitting_Lying_FewLandmarks_back,182,,Lying,,0.995,0.0,81.892
Sitting_Lying_FewLandmarks_back,183,,Lying,,0.993,0.0,86.6422
Sitting_Lying_FewLandmarks_back,184,,Lying,,0.992,0.0,81.7998
Sitting_Lying_FewLandmarks_back,185,,Lying,,0.992,0.0,91.4502
Sitting_Lying_FewLandmarks_back,186,,Lying,,0.992,0.0,80.0851
Sitting_Lying_FewLandmarks_back,187,,Lying,,0.991,0.0,81.2962
Sitting_Lying_FewLandmarks_back,188,,Lying,,0.991,0.0,75.9722
Sitting_Lying_FewLandmarks_back,189,,Lying,,0.99,0.0,77.498
Sitting_Lying_FewLandmarks_back,190,,Lying,,0.992,0.0,79.6524
Sitting_Lying_FewLandmarks_back,191,,Lying,,0.991,0.0,90.5999
Sitting_Lying_FewLandmarks_back,192,,Lying,,0.99,0.0,81.2587
Sitting_Lying_FewLandmarks_back,193,,Lying,,0.991,0.0,81.4095
Sitting_Lying_FewLandmarks_back,194,,Lying,,0.994,0.0,81.4869
Sitting_Lying_FewLandmarks_back,195,,Lying,,0.994,0.0,79.643
Sitting_Lying_FewLandmarks_back,196,,Lying,,0.996,0.0,80.0336
Sitting_Lying_FewLandmarks_back,197,,Lying,,0.997,0.0,90.5308
Sitting_Lying_FewLandmarks_back,198,,Lying,,0.997,0.0,85.8865
Sitting_Lying_FewLandmarks_back,199,,Lying,,0.996,0.0,79.0695
Sitting_Lying_FewLandmarks_back,200,,Lying,,0.996,0.0,80.8555
Sitting_Lying_FewLandmarks_back,201,,Lying,,0.996,0.0,84.2477
Sitting_Lying_FewLandmarks_back,202,,Lying,,0.997,0.0,67.813
Sitting_Lying_FewLandmarks_back,203,,Lying,,0.995,0.0,69.7093
Sitting_Lying_FewLandmarks_back,204,,Lying,,0.995,0.0,96.5838
Sitting_Lying_FewLandmarks_back,205,,Lying,,0.996,0.0,85.2197
Sitting_Lying_FewLandmarks_back,206,,Lying,,0.996,0.0,74.8155
Sitting_Lying_FewLandmarks_back,207,Lying,Lying,True,0.997,0.0,74.6804
Sitting_Lying_FewLandmarks_back,208,Lying,Lying,True,0.992,0.0,74.0272
Sitting_Lying_FewLandmarks_back,209,Lying,Lying,True,0.994,0.0,83.2585
Sitting_Lying_FewLandmarks_back,210,Lying,Lying,True,0.996,0.0,87.5536
Sitting_Lying_FewLandmarks_back,211,Lying,Lying,True,0.998,0.0,79.9391
Sitting_Lying_FewLandmarks_back,212,Lying,Lying,True,0.999,0.0,103.7916
Sitting_Lying_FewLandmarks_back,213,Lying,Lying,True,0.999,0.0,90.842
Sitting_Lying_FewLandmarks_back,214,Lying,Lying,True,0.999,0.0,113.5251
Sitting_Lying_FewLandmarks_back,215,Lying,Lying,True,0.999,0.0,98.4913
Sitting_Lying_FewLandmarks_back,216,Lying,Lying,True,0.999,0.0,85.9326
Sitting_Lying_FewLandmarks_back,217,Lying,Lying,True,0.999,0.0,82.5725
Sitting_Lying_FewLandmarks_back,218,Lying,Lying,True,0.999,0.0,101.2283
Sitting_Lying_FewLandmarks_back,219,Lying,Lying,True,1.0,0.0,112.0787
Sitting_Lying_FewLandmarks_back,220,Lying,Lying,True,1.0,0.0,109.6363
Sitting_Lying_FewLandmarks_back,221,Lying,Lying,True,1.0,0.0,115.3579
Sitting_Lying_FewLandmarks_back,222,Lying,Lying,True,1.0,0.0,97.7891
Sitting_Lying_FewLandmarks_back,223,Lying,Lying,True,1.0,0.0,92.3057
Sitting_Lying_FewLandmarks_back,224,Lying,Lying,True,1.0,0.0,86.2978
Sitting_Lying_FewLandmarks_back,225,Lying,Lying,True,1.0,0.0,106.3954
Sitting_Lying_FewLandmarks_back,226,Lying,Lying,True,1.0,0.0,104.0781
Sitting_Lying_FewLandmarks_back,227,Lying,Lying,True,1.0,0.0,94.0819
Sitting_Lying_FewLandmarks_back,228,Lying,Lying,True,1.0,0.0,92.8539
Sitting_Lying_FewLandmarks_back,229,Lying,Lying,True,1.0,0.0,94.0454
Sitting_Lying_FewLandmarks_back,230,Lying,Lying,True,1.0,0.0,90.6094
Sitting_Lying_FewLandmarks_back,231,Lying,Lying,True,1.0,0.0,94.4094
Sitting_Lying_FewLandmarks_back,232,Lying,Lying,True,1.0,0.0,83.1318
Sitting_Lying_FewLandmarks_back,233,Lying,Lying,True,1.0,0.0,91.2365
Sitting_Lying_FewLandmarks_back,234,Lying,Lying,True,1.0,0.0,104.4304
Sitting_Lying_FewLandmarks_back,235,Lying,Lying,True,1.0,0.0,95.3568
Sitting_Lying_FewLandmarks_back,236,Lying,Lying,True,1.0,0.0,103.1163
Sitting_Lying_FewLandmarks_back,237,Lying,Lying,True,1.0,0.0,101.7692
Sitting_Lying_FewLandmarks_back,238,Lying,Lying,True,1.0,0.0,94.8012
Sitting_Lying_FewLandmarks_back,239,Lying,Lying,True,1.0,0.0,91.0527
Sitting_Lying_FewLandmarks_back,240,Lying,Lying,True,1.0,0.0,103.9551
Sitting_Lying_FewLandmarks_back,241,Lying,Lying,True,1.0,0.0,102.6515
Sitting_Lying_FewLandmarks_back,242,Lying,Lying,True,1.0,0.0,102.021
Sitting_Lying_FewLandmarks_back,243,Lying,Lying,True,1.0,0.0,89.69
Sitting_Lying_FewLandmarks_back,244,Lying,Lying,True,1.0,0.0,92.9974
Sitting_Lying_FewLandmarks_back,245,Lying,Lying,True,1.0,0.0,109.3328
Sitting_Lying_FewLandmarks_back,246,Lying,Lying,True,1.0,0.0,101.2051
Sitting_Lying_FewLandmarks_back,247,Lying,Lying,True,1.0,0.0,95.675
Sitting_Lying_FewLandmarks_back,248,Lying,Lying,True,1.0,0.0,89.3249
Sitting_Lying_FewLandmarks_back,249,Lying,Lying,True,1.0,0.0,104.3656
Sitting_Lying_FewLandmarks_back,250,Lying,Lying,True,1.0,0.0,113.8261
Sitting_Lying_FewLandmarks_back,251,Lying,Lying,True,1.0,0.0,108.6912
Sitting_Lying_FewLandmarks_back,252,Lying,Lying,True,1.0,0.0,95.1626
Sitting_Lying_FewLandmarks_back,253,Lying,Lying,True,1.0,0.0,99.9484
Sitting_Lying_FewLandmarks_back,254,Lying,Lying,True,1.0,0.0,108.8001
Sitting_Lying_FewLandmarks_back,255,Lying,Lying,True,1.0,0.0,88.8494
Sitting_Lying_FewLandmarks_back,256,Lying,Lying,True,1.0,0.0,97.2515
Sitting_Lying_FewLandmarks_back,257,Lying,Lying,True,1.0,0.0,97.5917
Sitting_Lying_FewLandmarks_back,258,Lying,Lying,True,1.0,0.0,95.9265
Sitting_Lying_FewLandmarks_back,259,Lying,Lying,True,1.0,0.0,87.9773
Sitting_Lying_FewLandmarks_back,260,Lying,Lying,True,1.0,0.0,98.2381
Sitting_Lying_FewLandmarks_back,261,Lying,Lying,True,1.0,0.0,85.5255
Sitting_Lying_FewLandmarks_back,262,Lying,Lying,True,1.0,0.0,88.7562
Sitting_Lying_FewLandmarks_back,263,Lying,Lying,True,1.0,0.0,105.7066
Sitting_Lying_FewLandmarks_back,264,Lying,Lying,True,1.0,0.0,100.6622
Sitting_Lying_FewLandmarks_back,265,Lying,Lying,True,1.0,0.0,92.5968
Sitting_Lying_FewLandmarks_back,266,Lying,Lying,True,1.0,0.0,94.7822
Sitting_Lying_FewLandmarks_back,267,Lying,Lying,True,1.0,0.0,93.4867
Sitting_Lying_FewLandmarks_back,268,Lying,Lying,True,1.0,0.0,104.6457
Sitting_Lying_FewLandmarks_back,269,Lying,Lying,True,1.0,0.0,109.1583
Sitting_Lying_FewLandmarks_back,270,Lying,Lying,True,1.0,0.0,100.3015
Sitting_Lying_FewLandmarks_back,271,Lying,Lying,True,1.0,0.0,112.0618
Sitting_Lying_FewLandmarks_back,272,Lying,Lying,True,1.0,0.0,132.4885
Sitting_Lying_FewLandmarks_back,273,Lying,Lying,True,1.0,0.0,122.8573
Sitting_Lying_FewLandmarks_back,274,Lying,Lying,True,1.0,0.0,110.4362
Sitting_Lying_FewLandmarks_back,275,Lying,Lying,True,1.0,0.0,86.4723
Sitting_Lying_FewLandmarks_back,276,Lying,Lying,True,1.0,0.0,95.1256
Sitting_Lying_FewLandmarks_back,277,Lying,Lying,True,1.0,0.0,82.5622
Sitting_Lying_FewLandmarks_back,278,Lying,Lying,True,1.0,0.0,76.7839
Sitting_Lying_FewLandmarks_back,279,Lying,Lying,True,1.0,0.0,85.3414
Sitting_Lying_FewLandmarks_back,280,Lying,Lying,True,1.0,0.0,78.5592
Sitting_Lying_FewLandmarks_back,281,Lying,Lying,True,1.0,0.0,90.6986
Sitting_Lying_FewLandmarks_back,282,Lying,Lying,True,1.0,0.0,84.7762
Sitting_Lying_FewLandmarks_back,283,Lying,Lying,True,1.0,0.0,79.8928
Sitting_Lying_FewLandmarks_back,284,Lying,Lying,True,1.0,0.0,75.5114
Sitting_Lying_FewLandmarks_back,285,Lying,Lying,True,1.0,0.0,103.3571
Sitting_Lying_FewLandmarks_back,286,Lying,Lying,True,1.0,0.0,149.2905
Sitting_Lying_FewLandmarks_back,287,Lying,Lying,True,1.0,0.0,143.4145
Sitting_Lying_FewLandmarks_back,288,Lying,Lying,True,1.0,0.0,106.254
Sitting_Lying_FewLandmarks_back,289,Lying,Lying,True,1.0,0.0,120.0316
Sitting_Lying_FewLandmarks_back,290,Lying,Lying,True,1.0,0.0,116.5428
Sitting_Lying_FewLandmarks_back,291,Lying,Lying,True,1.0,0.0,96.4624
Sitting_Lying_FewLandmarks_back,292,Lying,Lying,True,1.0,0.0,96.4439
Sitting_Lying_FewLandmarks_back,293,Lying,Lying,True,1.0,0.0,87.6834
Sitting_Lying_FewLandmarks_back,294,Lying,Lying,True,1.0,0.0,81.7597
Sitting_Lying_FewLandmarks_back,295,Lying,Lying,True,1.0,0.0,91.1061
Sitting_Lying_FewLandmarks_back,296,Lying,Lying,True,1.0,0.0,81.5592
Sitting_Lying_FewLandmarks_back,297,Lying,Lying,True,1.0,0.0,99.5939
Sitting_Lying_FewLandmarks_back,298,Lying,Lying,True,1.0,0.0,100.5054
Sitting_Lying_FewLandmarks_back,299,Lying,Lying,True,1.0,0.0,92.7097
Sitting_Lying_FewLandmarks_back,300,Lying,Lying,True,1.0,0.0,100.3778
Sitting_Lying_FewLandmarks_back,301,Lying,Lying,True,1.0,0.0,88.0099
Sitting_Lying_FewLandmarks_back,302,Lying,Lying,True,1.0,0.0,89.3665
Sitting_Lying_FewLandmarks_back,303,Lying,Lying,True,1.0,0.0,85.4321
Sitting_Lying_FewLandmarks_back,304,Lying,Lying,True,1.0,0.0,86.5932
Sitting_Lying_FewLandmarks_back,305,Lying,Lying,True,1.0,0.0,87.1283
Sitting_Lying_FewLandmarks_back,306,Lying,Lying,True,1.0,0.0,90.7693
Sitting_Lying_FewLandmarks_back,307,Lying,Lying,True,1.0,0.0,100.0861
Sitting_Lying_FewLandmarks_back,308,Lying,Lying,True,1.0,0.0,126.1697
Sitting_Lying_FewLandmarks_back,309,Lying,Lying,True,1.0,0.0,108.2514
Sitting_Lying_FewLandmarks_back,310,Lying,Lying,True,1.0,0.0,112.6342
Sitting_Lying_FewLandmarks_back,311,Lying,Lying,True,1.0,0.0,105.2896
Sitting_Lying_FewLandmarks_back,312,Lying,Lying,True,1.0,0.0,85.2723
Sitting_Lying_FewLandmarks_back,313,Lying,Lying,True,1.0,0.0,92.1237
Sitting_Lying_FewLandmarks_back,314,Lying,Lying,True,1.0,0.0,82.5589
Sitting_Lying_FewLandmarks_back,315,Lying,Lying,True,1.0,0.0,82.8986
Sitting_Lying_FewLandmarks_back,316,Lying,Lying,True,1.0,0.0,73.1491
Sitting_Lying_FewLandmarks_back,317,Lying,Lying,True,1.0,0.0,70.6053
Sitting_Lying_FewLandmarks_back,318,Lying,Lying,True,1.0,0.0,70.398
Sitting_Lying_FewLandmarks_back,319,Lying,Lying,True,1.0,0.0,73.9347
Sitting_Lying_FewLandmarks_back,320,Lying,Lying,True,1.0,0.0,67.4782
Sitting_Lying_FewLandmarks_back,321,Lying,Lying,True,1.0,0.0,64.6546
Sitting_Lying_FewLandmarks_back,322,Lying,Lying,True,1.0,0.0,63.3681
Sitting_Lying_FewLandmarks_back,323,Lying,Lying,True,1.0,0.0,90.1795
Sitting_Lying_FewLandmarks_back,324,Lying,Lying,True,1.0,0.0,106.4083
Sitting_Lying_FewLandmarks_back,325,Lying,Lying,True,1.0,0.0,86.2511
Sitting_Lying_FewLandmarks_back,326,,Lying,,1.0,0.0,76.9348
Sitting_Lying_FewLandmarks_back,327,,Lying,,1.0,0.0,77.3846
Sitting_Lying_FewLandmarks_back,328,,Lying,,1.0,0.0,95.0736
Sitting_Lying_FewLandmarks_back,329,,Lying,,1.0,0.0,79.8886
Sitting_Lying_FewLandmarks_back,330,,Lying,,1.0,0.0,103.2091
Sitting_Lying_FewLandmarks_back,331,,Lying,,1.0,0.0,115.3616
Sitting_Lying_FewLandmarks_back,332,,Lying,,1.0,0.0,79.6371
Sitting_Lying_FewLandmarks_back,333,,Lying,,1.0,0.0,84.8748
Sitting_Lying_FewLandmarks_back,334,,Lying,,1.0,0.0,95.1878
Sitting_Lying_FewLandmarks_back,335,,Lying,,1.0,0.0,96.8531
Sitting_Lying_FewLandmarks_back,336,,Lying,,1.0,0.0,96.7279
Sitting_Lying_FewLandmarks_back,337,,Lying,,1.0,0.0,114.5412
Sitting_Lying_FewLandmarks_back,338,,Lying,,1.0,0.0,107.6823
Sitting_Lying_FewLandmarks_back,339,,Lying,,1.0,0.0,112.1392
Sitting_Lying_FewLandmarks_back,340,,Lying,,1.0,0.0,111.1794
Sitting_Lying_FewLandmarks_back,341,,Lying,,1.0,0.0,116.5442
Sitting_Lying_FewLandmarks_back,342,,Lying,,1.0,0.0,102.3397
Sitting_Lying_FewLandmarks_back,343,,Lying,,1.0,0.0,93.712
Sitting_Lying_FewLandmarks_back,344,,Lying,,1.0,0.0,94.251
Sitting_Lying_FewLandmarks_back,345,,Lying,,1.0,0.0,85.73
Sitting_Lying_FewLandmarks_back,346,,Lying,,1.0,0.0,95.2306
Sitting_Lying_FewLandmarks_back,347,,Lying,,1.0,0.0,82.7245
Sitting_Lying_FewLandmarks_back,348,,Lying,,1.0,0.0,84.1405
Sitting_Lying_FewLandmarks_back,349,,Lying,,1.0,0.0,81.4809
Sitting_Lying_FewLandmarks_back,350,,Lying,,1.0,0.0,75.1756
Sitting_Lying_FewLandmarks_back,351,,Lying,,1.0,0.0,89.8682
Sitting_Lying_FewLandmarks_back,352,,Lying,,1.0,0.0,77.1901
Sitting_Lying_FewLandmarks_back,353,,Lying,,1.0,0.0,97.3058
Sitting_Lying_FewLandmarks_back,354,,Lying,,1.0,0.0,104.2756
Sitting_Lying_FewLandmarks_back,355,,Lying,,1.0,0.0,102.3387
Sitting_Lying_FewLandmarks_back,356,,Lying,,1.0,0.0,108.532
Sitting_Lying_FewLandmarks_back,357,,Lying,,1.0,0.0,102.234
Sitting_Lying_FewLandmarks_back,358,,Lying,,1.0,0.0,86.7694
Sitting_Lying_FewLandmarks_back,359,,Lying,,1.0,0.0,79.5517
Sitting_Lying_FewLandmarks_back,360,,Lying,,1.0,0.0,78.7359
Sitting_Lying_FewLandmarks_back,361,,Lying,,1.0,0.0,85.9569
Sitting_Lying_FewLandmarks_back,362,,Lying,,1.0,0.0,86.7927
Sitting_Lying_FewLandmarks_back,363,,Lying,,1.0,0.0,86.6416
Sitting_Lying_FewLandmarks_back,364,,Lying,,1.0,0.0,81.1453
Sitting_Lying_FewLandmarks_back,365,,Lying,,1.0,0.0,90.3264
Sitting_Lying_FewLandmarks_back,366,,Lying,,1.0,0.0,93.4437
Sitting_Lying_FewLandmarks_back,367,,Lying,,1.0,0.0,89.7471
Sitting_Lying_FewLandmarks_back,368,,Lying,,1.0,0.0,83.7913
Sitting_Lying_FewLandmarks_back,369,,Lying,,1.0,0.0,79.8153
Sitting_Lying_FewLandmarks_back,370,,Lying,,1.0,0.0,88.9455
Sitting_Lying_FewLandmarks_back,371,,Lying,,1.0,0.0,89.7338
Sitting_Lying_FewLandmarks_back,372,,Lying,,1.0,0.0,85.5212
Sitting_Lying_FewLandmarks_back,373,,Lying,,1.0,0.0,77.5623
Sitting_Lying_FewLandmarks_back,374,,Lying,,1.0,0.0,82.1888
Sitting_Lying_FewLandmarks_back,375,,Lying,,1.0,0.0,84.7497
Sitting_Lying_FewLandmarks_back,376,,Lying,,1.0,0.0,75.8535
Sitting_Lying_FewLandmarks_back,377,,Lying,,1.0,0.0,87.7254
Sitting_Lying_FewLandmarks_back,378,,Lying,,1.0,0.0,82.8853
Sitting_Lying_FewLandmarks_back,379,,Lying,,0.999,0.0,106.0052
Sitting_Lying_FewLandmarks_back,380,,Lying,,0.999,0.0,101.6348
Sitting_Lying_FewLandmarks_back,381,,Lying,,0.999,0.0,105.8522
Sitting_Lying_FewLandmarks_back,382,,Lying,,0.999,0.0,98.3417
Sitting_Lying_FewLandmarks_back,383,,Lying,,0.999,0.0,89.9702
Sitting_Lying_FewLandmarks_back,384,,Lying,,0.999,0.0,89.2926
Sitting_Lying_FewLandmarks_back,385,,Lying,,0.999,0.0,95.7745
Sitting_Lying_FewLandmarks_back,386,,Lying,,0.999,0.0,103.5426
Sitting_Lying_FewLandmarks_back,387,,Lying,,0.999,0.0,97.5501
Sitting_Lying_FewLandmarks_back,388,,Lying,,0.999,0.0,109.4152
Sitting_Lying_FewLandmarks_back,389,,Lying,,0.999,0.0,114.0759
Sitting_Lying_FewLandmarks_back,390,,Lying,,0.999,0.0,91.205
Sitting_Lying_FewLandmarks_back,391,,Lying,,0.998,0.0,111.0265
Sitting_Lying_FewLandmarks_back,392,,Lying,,0.998,0.0,126.1522
Sitting_Lying_FewLandmarks_back,393,,Lying,,0.999,0.0,156.9009
Sitting_Lying_FewLandmarks_back,394,,Lying,,0.999,0.0,128.3073
Sitting_Lying_FewLandmarks_back,395,,Lying,,0.999,0.0,129.9586
Sitting_Lying_FewLandmarks_back,396,,Lying,,0.999,0.0,104.4418
Sitting_Lying_FewLandmarks_back,397,,Lying,,0.999,0.0,113.7581
Sitting_Lying_FewLandmarks_back,398,,Lying,,0.999,0.0,124.5981
Sitting_Lying_FewLandmarks_back,399,,Lying,,0.999,0.0,104.7702
Sitting_Lying_FewLandmarks_back,400,,Lying,,0.999,0.0,108.3282
Sitting_Lying_FewLandmarks_back,401,,Lying,,0.999,0.0,90.0612
Sitting_Lying_FewLandmarks_back,402,,Lying,,0.999,0.0,87.6468
Sitting_Lying_FewLandmarks_back,403,,Lying,,0.999,0.0,121.9561
Sitting_Lying_FewLandmarks_back,404,,Lying,,0.999,0.0,89.7766
Sitting_Lying_FewLandmarks_back,405,,Lying,,0.999,0.0,88.9575
Sitting_Lying_FewLandmarks_back,406,,Lying,,0.999,0.0,99.1599
Sitting_Lying_FewLandmarks_back,407,,Lying,,0.998,0.0,92.3504
Sitting_Lying_FewLandmarks_back,408,,Lying,,0.998,0.0,120.2788
Sitting_Lying_FewLandmarks_back,409,,Lying,,0.998,0.0,114.9255
Sitting_Lying_FewLandmarks_back,410,,Lying,,0.998,0.0,127.6116
Sitting_Lying_FewLandmarks_back,411,,Lying,,0.998,0.0,131.7663
Sitting_Lying_FewLandmarks_back,412,,Lying,,0.998,0.0,138.3192
Sitting_Lying_FewLandmarks_back,413,,Lying,,0.998,0.0,98.9887
Sitting_Lying_FewLandmarks_back,414,,Lying,,0.997,0.0,101.9811
Sitting_Lying_FewLandmarks_back,415,Sitting,Lying,False,0.997,0.0,101.4745
Sitting_Lying_FewLandmarks_back,416,Sitting,Lying,False,0.996,0.0,97.7619
Sitting_Lying_FewLandmarks_back,417,Sitting,Lying,False,0.997,0.0,95.2983
Sitting_Lying_FewLandmarks_back,418,Sitting,Lying,False,0.996,0.0,97.4504
Sitting_Lying_FewLandmarks_back,419,Sitting,Lying,False,0.995,0.0,103.2908
Sitting_Lying_FewLandmarks_back,420,Sitting,Lying,False,0.993,0.0,97.6168
Sitting_Lying_FewLandmarks_back,421,Sitting,Lying,False,0.992,0.0,83.953
Sitting_Lying_FewLandmarks_back,422,Sitting,Lying,False,0.988,0.0,82.8136
Sitting_Lying_FewLandmarks_back,423,Sitting,Lying,False,0.981,0.0,85.3616
Sitting_Lying_FewLandmarks_back,424,Sitting,Lying,False,0.974,0.0,79.6823
Sitting_Lying_FewLandmarks_back,425,Sitting,Lying,False,0.97,0.0,78.5302
Sitting_Lying_FewLandmarks_back,426,Sitting,Lying,False,0.957,0.0,85.2306
Sitting_Lying_FewLandmarks_back,427,Sitting,Lying,False,0.94,0.0,91.465
Sitting_Lying_FewLandmarks_back,428,Sitting,Lying,False,0.904,0.0,105.5608
Sitting_Lying_FewLandmarks_back,429,Sitting,Lying,False,0.83,0.0,112.5781
Sitting_Lying_FewLandmarks_back,430,Sitting,Lying,False,0.77,0.0,123.5038
Sitting_Lying_FewLandmarks_back,431,Sitting,Lying,False,0.752,0.0,95.8215
Sitting_Lying_FewLandmarks_back,432,Sitting,Lying,False,0.756,0.0,96.0962
Sitting_Lying_FewLandmarks_back,433,Sitting,Lying,False,0.732,0.0,89.9749
Sitting_Lying_FewLandmarks_back,434,Sitting,Lying,False,0.633,0.0,83.5929
Sitting_Lying_FewLandmarks_back,435,Sitting,Lying,False,0.645,0.0,82.6207
Sitting_Lying_FewLandmarks_back,436,Sitting,Lying,False,0.539,0.0,92.4734
Sitting_Lying_FewLandmarks_back,437,Sitting,Lying,False,0.506,0.0,76.8214
Sitting_Lying_FewLandmarks_back,438,Sitting,Sitting,True,0.552,0.0,73.8112
Sitting_Lying_FewLandmarks_back,439,Sitting,Sitting,True,0.564,0.0,70.2043
Sitting_Lying_FewLandmarks_back,440,Sitting,Sitting,True,0.541,0.0,67.8968
Sitting_Lying_FewLandmarks_back,441,Sitting,Sitting,True,0.539,0.0,86.7099
Sitting_Lying_FewLandmarks_back,442,Sitting,Sitting,True,0.522,0.0,76.281
Sitting_Lying_FewLandmarks_back,443,Sitting,Sitting,True,0.499,0.0,78.2442
Sitting_Lying_FewLandmarks_back,444,Sitting,Sitting,True,0.477,0.0,75.3803
Sitting_Lying_FewLandmarks_back,445,Sitting,Lying,False,0.491,0.0,82.8791
Sitting_Lying_FewLandmarks_back,446,Sitting,Lying,False,0.495,0.0,88.7635
Sitting_Lying_FewLandmarks_back,447,Sitting,Lying,False,0.522,0.0,85.5377
Sitting_Lying_FewLandmarks_back,448,Sitting,Lying,False,0.564,0.0,88.7832
Sitting_Lying_FewLandmarks_back,449,Sitting,Lying,False,0.588,0.0,110.2113
Sitting_Lying_FewLandmarks_back,450,Sitting,Lying,False,0.623,0.0,117.8451
Sitting_Lying_FewLandmarks_back,451,Sitting,Lying,False,0.667,0.0,128.87
Sitting_Lying_FewLandmarks_back,452,Sitting,Lying,False,0.689,0.0,124.0769
Sitting_Lying_FewLandmarks_back,453,Sitting,Lying,False,0.719,0.0,118.9735
Sitting_Lying_FewLandmarks_back,454,Sitting,Lying,False,0.725,0.0,94.2854
Sitting_Lying_FewLandmarks_back,455,Sitting,Lying,False,0.745,0.0,82.2858
Sitting_Lying_FewLandmarks_back,456,Sitting,Lying,False,0.759,0.0,88.0546
Sitting_Lying_FewLandmarks_back,457,Sitting,Lying,False,0.787,0.0,88.3064
Sitting_Lying_FewLandmarks_back,458,Sitting,Lying,False,0.803,0.0,79.3261
Sitting_Lying_FewLandmarks_back,459,,Lying,,0.816,0.0,82.9596
Sitting_Lying_FewLandmarks_back,460,,Lying,,0.822,0.0,79.0056
Sitting_Lying_FewLandmarks_back,461,,Lying,,0.831,0.0,86.0041
Sitting_Lying_FewLandmarks_back,462,,Lying,,0.848,0.0,78.6208
Sitting_Lying_FewLandmarks_back,463,,Lying,,0.861,0.0,83.3704
Sitting_Lying_FewLandmarks_back,464,,Lying,,0.869,0.0,81.2242
Sitting_Lying_FewLandmarks_back,465,,Lying,,0.878,0.0,77.4987
Sitting_Lying_FewLandmarks_back,466,,Lying,,0.894,0.0,79.4569
Sitting_Lying_FewLandmarks_back,467,,Lying,,0.884,0.0,79.7122
Sitting_Lying_FewLandmarks_back,468,,Lying,,0.902,0.0,77.0966
Sitting_Lying_FewLandmarks_back,469,,Lying,,0.875,0.0,80.276
Sitting_Lying_FewLandmarks_back,470,,Lying,,0.874,0.0,83.3839
Sitting_Lying_FewLandmarks_back,471,,Lying,,0.869,0.0,80.4976
Sitting_Lying_FewLandmarks_back,472,,Lying,,0.865,0.0,77.9334
Sitting_Lying_FewLandmarks_back,473,,Lying,,0.848,0.0,75.1141
Sitting_Lying_FewLandmarks_back,474,,Lying,,0.828,0.0,78.6175
Sitting_Lying_FewLandmarks_back,475,,Lying,,0.795,0.0,75.9487
Sitting_Lying_FewLandmarks_back,476,,Lying,,0.781,0.0,75.9144
Sitting_Lying_FewLandmarks_back,477,,Lying,,0.723,0.0,78.165
Sitting_Lying_FewLandmarks_back,478,,Lying,,0.67,0.0,89.9628
Sitting_Lying_FewLandmarks_back,479,,Lying,,0.606,0.0,111.6407
Sitting_Lying_FewLandmarks_back,480,,Lying,,0.558,0.0,102.7223
Sitting_Lying_FewLandmarks_back,481,,Lying,,0.571,0.0,87.3708
Sitting_Lying_FewLandmarks_back,482,,Lying,,0.55,0.0,108.2557
Sitting_Lying_FewLandmarks_back,483,,Lying,,0.53,0.0,92.8028
Sitting_Lying_FewLandmarks_back,484,,Sitting,,0.523,0.0,87.9806
Sitting_Lying_FewLandmarks_back,485,,Sitting,,0.542,0.0,86.7249
Sitting_Lying_FewLandmarks_back,486,,Sitting,,0.541,0.0,115.1663
Sitting_Lying_FewLandmarks_back,487,,Sitting,,0.5,0.0,119.654
Sitting_Lying_FewLandmarks_back,488,,Sitting,,0.458,0.0,106.7168
Sitting_Lying_FewLandmarks_back,489,,Sitting,,0.418,0.0,112.1964
Sitting_Lying_FewLandmarks,31,,Standing,,0.998,0.0,115.8674
Sitting_Lying_FewLandmarks,32,,Standing,,0.998,0.0,100.5403
Sitting_Lying_FewLandmarks,33,,Standing,,0.998,0.0,99.6802
Sitting_Lying_FewLandmarks,34,,Standing,,0.998,0.0,93.2441
Sitting_Lying_FewLandmarks,35,,Standing,,0.998,0.0,82.6574
Sitting_Lying_FewLandmarks,36,,Standing,,0.998,0.0,85.3069
Sitting_Lying_FewLandmarks,37,,Standing,,0.998,0.0,105.8212
Sitting_Lying_FewLandmarks,38,,Standing,,0.997,0.0,142.2256
Sitting_Lying_FewLandmarks,39,,Standing,,0.998,0.0,117.9582
Sitting_Lying_FewLandmarks,40,,Standing,,0.998,0.0,93.5432
Sitting_Lying_FewLandmarks,41,,Standing,,0.998,0.0,82.5185
Sitting_Lying_FewLandmarks,42,,Standing,,0.998,0.0,73.4898
Sitting_Lying_FewLandmarks,43,,Standing,,0.997,0.0,70.7072
Sitting_Lying_FewLandmarks,44,,Standing,,0.997,0.0,73.7954
Sitting_Lying_FewLandmarks,45,,Standing,,0.997,0.0,81.3675
Sitting_Lying_FewLandmarks,46,,Standing,,0.996,0.0,68.4678
Sitting_Lying_FewLandmarks,47,,Standing,,0.996,0.0,67.4899
Sitting_Lying_FewLandmarks,48,,Standing,,0.995,0.0,68.2616
Sitting_Lying_FewLandmarks,49,,Standing,,0.994,0.0,63.7592
Sitting_Lying_FewLandmarks,50,,Standing,,0.993,0.0,62.1151
Sitting_Lying_FewLandmarks,51,,Standing,,0.992,0.0,67.8642
Sitting_Lying_FewLandmarks,52,,Standing,,0.991,0.0,74.3766
Sitting_Lying_FewLandmarks,53,,Standing,,0.992,0.0,64.8257
Sitting_Lying_FewLandmarks,54,,Standing,,0.991,0.0,64.6689
Sitting_Lying_FewLandmarks,55,,Standing,,0.991,0.0,64.2811
Sitting_Lying_FewLandmarks,56,,Standing,,0.99,0.0,63.3198
Sitting_Lying_FewLandmarks,57,,Standing,,0.99,0.0,62.4397
Sitting_Lying_FewLandmarks,58,,Standing,,0.989,0.0,61.9363
Sitting_Lying_FewLandmarks,59,Sitting,Standing,False,0.988,0.0,63.6736
Sitting_Lying_FewLandmarks,60,Sitting,Standing,False,0.987,0.0,69.7857
Sitting_Lying_FewLandmarks,61,Sitting,Standing,False,0.986,0.0,66.158
Sitting_Lying_FewLandmarks,62,Sitting,Standing,False,0.986,0.0,60.5152
Sitting_Lying_FewLandmarks,63,Sitting,Standing,False,0.987,0.0,65.3625
Sitting_Lying_FewLandmarks,64,Sitting,Standing,False,0.987,0.0,66.8268
Sitting_Lying_FewLandmarks,65,Sitting,Standing,False,0.988,0.0,76.5512
Sitting_Lying_FewLandmarks,66,Sitting,Standing,False,0.988,0.0,78.4655
Sitting_Lying_FewLandmarks,67,Sitting,Standing,False,0.988,0.0,104.3207
Sitting_Lying_FewLandmarks,68,Sitting,Standing,False,0.988,0.0,73.0536
Sitting_Lying_FewLandmarks,69,Sitting,Standing,False,0.988,0.0,75.4946
Sitting_Lying_FewLandmarks,70,Sitting,Standing,False,0.99,0.0,82.2648
Sitting_Lying_FewLandmarks,71,Sitting,Standing,False,0.99,0.0,75.3667
Sitting_Lying_FewLandmarks,72,Sitting,Standing,False,0.989,0.0,76.385
Sitting_Lying_FewLandmarks,73,Sitting,Standing,False,0.992,0.0,79.7233
Sitting_Lying_FewLandmarks,74,Sitting,Standing,False,0.993,0.0,94.5211
Sitting_Lying_FewLandmarks,75,Sitting,Standing,False,0.995,0.0,84.4086
Sitting_Lying_FewLandmarks,76,Sitting,Standing,False,0.996,0.0,80.6983
Sitting_Lying_FewLandmarks,77,Sitting,Standing,False,0.996,0.0,89.7943
Sitting_Lying_FewLandmarks,78,Sitting,Standing,False,0.996,0.0,87.3356
Sitting_Lying_FewLandmarks,79,Sitting,Standing,False,0.997,0.0,92.0029
Sitting_Lying_FewLandmarks,80,Sitting,Standing,False,0.997,0.0,99.9186
Sitting_Lying_FewLandmarks,81,Sitting,Standing,False,0.997,0.0,124.9551
Sitting_Lying_FewLandmarks,82,Sitting,Standing,False,0.997,0.0,124.957
Sitting_Lying_FewLandmarks,83,Sitting,Standing,False,0.997,0.0,124.8503
Sitting_Lying_FewLandmarks,84,Sitting,Standing,False,0.997,0.0,120.4936
Sitting_Lying_FewLandmarks,85,Sitting,Standing,False,0.997,0.0,99.279
Sitting_Lying_FewLandmarks,86,Sitting,Standing,False,0.997,0.0,102.7332
Sitting_Lying_FewLandmarks,87,Sitting,Standing,False,0.997,0.0,155.6092
Sitting_Lying_FewLandmarks,88,Sitting,Standing,False,0.997,0.0,146.4944
Sitting_Lying_FewLandmarks,89,Sitting,Standing,False,0.997,0.0,99.0841
Sitting_Lying_FewLandmarks,90,Sitting,Standing,False,0.998,0.0,94.5394
Sitting_Lying_FewLandmarks,91,Sitting,Standing,False,0.997,0.0,99.1546
Sitting_Lying_FewLandmarks,92,Sitting,Standing,False,0.998,0.0,107.2141
Sitting_Lying_FewLandmarks,93,Sitting,Standing,False,0.997,0.0,97.2449
Sitting_Lying_FewLandmarks,94,Sitting,Standing,False,0.997,0.0,94.2087
Sitting_Lying_FewLandmarks,95,Sitting,Standing,False,0.997,0.0,90.8712
Sitting_Lying_FewLandmarks,96,Sitting,Standing,False,0.997,0.0,99.3531
Sitting_Lying_FewLandmarks,97,Sitting,Standing,False,0.997,0.0,113.597
Sitting_Lying_FewLandmarks,98,Sitting,Standing,False,0.997,0.0,97.2149
Sitting_Lying_FewLandmarks,99,Sitting,Standing,False,0.997,0.0,139.2833
Sitting_Lying_FewLandmarks,100,Sitting,Standing,False,0.997,0.0,112.3067
Sitting_Lying_FewLandmarks,101,Sitting,Standing,False,0.997,0.0,129.8966
Sitting_Lying_FewLandmarks,102,Sitting,Standing,False,0.997,0.0,118.6866
Sitting_Lying_FewLandmarks,103,Sitting,Standing,False,0.997,0.0,112.9806
Sitting_Lying_FewLandmarks,104,Sitting,Standing,False,0.997,0.0,115.8731
Sitting_Lying_FewLandmarks,105,Sitting,Standing,False,0.997,0.0,105.1722
Sitting_Lying_FewLandmarks,106,Sitting,Standing,False,0.997,0.0,115.7461
Sitting_Lying_FewLandmarks,107,Sitting,Standing,False,0.997,0.0,114.0907
Sitting_Lying_FewLandmarks,108,Sitting,Standing,False,0.997,0.0,117.1094
Sitting_Lying_FewLandmarks,109,Sitting,Standing,False,0.997,0.0,95.2817
Sitting_Lying_FewLandmarks,110,Sitting,Standing,False,0.997,0.0,101.9014
Sitting_Lying_FewLandmarks,111,Sitting,Standing,False,0.997,0.0,105.2488
Sitting_Lying_FewLandmarks,112,,Standing,,0.997,0.0,168.6204
Sitting_Lying_FewLandmarks,113,,Standing,,0.997,0.0,110.5554
Sitting_Lying_FewLandmarks,114,,Standing,,0.997,0.0,106.7311
Sitting_Lying_FewLandmarks,115,,Standing,,0.998,0.0,93.1853
Sitting_Lying_FewLandmarks,116,,Standing,,0.998,0.0,89.8567
Sitting_Lying_FewLandmarks,117,,Standing,,0.997,0.0,105.7662
Sitting_Lying_FewLandmarks,118,,Standing,,0.998,0.0,91.2679
Sitting_Lying_FewLandmarks,119,,Standing,,0.998,0.0,101.8405
Sitting_Lying_FewLandmarks,120,,Standing,,0.998,0.0,92.8561
Sitting_Lying_FewLandmarks,121,,Standing,,0.998,0.0,95.135
Sitting_Lying_FewLandmarks,122,,Standing,,0.998,0.0,112.1922
Sitting_Lying_FewLandmarks,123,,Standing,,0.998,0.0,103.2511
Sitting_Lying_FewLandmarks,124,,Standing,,0.998,0.0,103.0072
Sitting_Lying_FewLandmarks,125,,Standing,,0.998,0.0,92.7826
Sitting_Lying_FewLandmarks,126,,Standing,,0.998,0.0,88.0972
Sitting_Lying_FewLandmarks,127,,Standing,,0.998,0.0,109.0871
Sitting_Lying_FewLandmarks,128,,Standing,,0.998,0.0,88.9661
Sitting_Lying_FewLandmarks,129,,Standing,,0.998,0.0,87.6871
Sitting_Lying_FewLandmarks,130,,Standing,,0.998,0.0,100.9281
Sitting_Lying_FewLandmarks,131,,Standing,,0.998,0.0,105.3581
Sitting_Lying_FewLandmarks,132,,Standing,,0.998,0.0,101.8446
Sitting_Lying_FewLandmarks,133,,Standing,,0.998,0.0,108.9014
Sitting_Lying_FewLandmarks,134,,Standing,,0.998,0.0,105.3192
Sitting_Lying_FewLandmarks,135,,Standing,,0.998,0.0,96.1085
Sitting_Lying_FewLandmarks,136,,Standing,,0.998,0.0,94.6421
Sitting_Lying_FewLandmarks,137,,Standing,,0.998,0.0,105.4131
Sitting_Lying_FewLandmarks,138,,Standing,,0.998,0.0,96.2149
Sitting_Lying_FewLandmarks,139,,Standing,,0.998,0.0,92.9959
Sitting_Lying_FewLandmarks,140,,Standing,,0.998,0.0,98.7157
Sitting_Lying_FewLandmarks,141,,Standing,,0.998,0.0,103.9819
Sitting_Lying_FewLandmarks,142,,Standing,,0.998,0.0,136.4365
Sitting_Lying_FewLandmarks,143,,Standing,,0.997,0.0,153.0039
Sitting_Lying_FewLandmarks,144,,Standing,,0.997,0.0,118.3593
Sitting_Lying_FewLandmarks,145,,Standing,,0.996,0.0,92.0563
Sitting_Lying_FewLandmarks,146,,Standing,,0.996,0.0,97.4852
Sitting_Lying_FewLandmarks,147,,Standing,,0.995,0.0,93.4158
Sitting_Lying_FewLandmarks,148,,Standing,,0.994,0.0,112.1457
Sitting_Lying_FewLandmarks,149,,Standing,,0.992,0.0,120.1667
Sitting_Lying_FewLandmarks,150,,Standing,,0.991,0.0,98.5242
Sitting_Lying_FewLandmarks,151,,Standing,,0.99,0.0,96.6443
Sitting_Lying_FewLandmarks,152,,Standing,,0.988,0.0,96.4709
Sitting_Lying_FewLandmarks,153,,Standing,,0.985,0.0,88.7649
Sitting_Lying_FewLandmarks,154,,Standing,,0.979,0.0,80.3071
Sitting_Lying_FewLandmarks,155,,Standing,,0.976,0.0,72.9473
Sitting_Lying_FewLandmarks,156,,Standing,,0.97,0.0,71.6781
Sitting_Lying_FewLandmarks,157,,Standing,,0.966,0.0,69.1956
Sitting_Lying_FewLandmarks,158,,Standing,,0.956,0.0,87.9087
Sitting_Lying_FewLandmarks,159,,Standing,,0.949,0.0,79.6952
Sitting_Lying_FewLandmarks,160,,Standing,,0.936,0.0,80.3646
Sitting_Lying_FewLandmarks,161,,Standing,,0.916,0.0,69.077
Sitting_Lying_FewLandmarks,162,,Standing,,0.918,0.0,65.2929
Sitting_Lying_FewLandmarks,163,,Standing,,0.898,0.0,68.8873
Sitting_Lying_FewLandmarks,164,,Standing,,0.872,0.0,67.1914
Sitting_Lying_FewLandmarks,165,,Standing,,0.805,0.0,65.5819
Sitting_Lying_FewLandmarks,166,,Standing,,0.786,0.0,67.2645
Sitting_Lying_FewLandmarks,167,,Standing,,0.634,0.0,72.9073
Sitting_Lying_FewLandmarks,168,,Lying,,0.484,0.0,75.6455
Sitting_Lying_FewLandmarks,169,,Lying,,0.64,0.0,65.083
Sitting_Lying_FewLandmarks,170,,Lying,,0.683,0.0,65.3882
Sitting_Lying_FewLandmarks,171,,Lying,,0.801,0.0,65.0818
Sitting_Lying_FewLandmarks,172,,Lying,,0.813,0.0,63.5992
Sitting_Lying_FewLandmarks,173,,Lying,,0.79,0.0,62.0335
Sitting_Lying_FewLandmarks,174,,Lying,,0.841,0.0,65.0478
Sitting_Lying_FewLandmarks,175,,Lying,,0.853,0.0,63.1299
Sitting_Lying_FewLandmarks,176,,Lying,,0.877,0.0,71.4921
Sitting_Lying_FewLandmarks,177,Lying,Lying,True,0.908,0.0,70.5241
Sitting_Lying_FewLandmarks,178,Lying,Lying,True,0.886,0.0,80.3445
Sitting_Lying_FewLandmarks,179,Lying,Lying,True,0.899,0.0,79.1267
Sitting_Lying_FewLandmarks,180,Lying,Lying,True,0.891,0.0,88.6417
Sitting_Lying_FewLandmarks,181,Lying,Lying,True,0.891,0.0,83.7676
Sitting_Lying_FewLandmarks,182,Lying,Lying,True,0.926,0.0,84.5862
Sitting_Lying_FewLandmarks,183,Lying,Lying,True,0.946,0.0,80.9568
Sitting_Lying_FewLandmarks,184,Lying,Lying,True,0.943,0.0,99.4432
Sitting_Lying_FewLandmarks,185,Lying,Lying,True,0.943,0.0,102.103
Sitting_Lying_FewLandmarks,186,Lying,Lying,True,0.96,0.0,89.9799
Sitting_Lying_FewLandmarks,187,Lying,Lying,True,0.963,0.0,87.1157
Sitting_Lying_FewLandmarks,188,Lying,Lying,True,0.978,0.0,88.3846
Sitting_Lying_FewLandmarks,189,Lying,Lying,True,0.976,0.0,104.0024
Sitting_Lying_FewLandmarks,190,Lying,Lying,True,0.978,0.0,121.4364
Sitting_Lying_FewLandmarks,191,Lying,Lying,True,0.957,0.0,127.6323
Sitting_Lying_FewLandmarks,192,Lying,Lying,True,0.969,0.0,129.7308
Sitting_Lying_FewLandmarks,193,Lying,Lying,True,0.954,0.0,124.5323
Sitting_Lying_FewLandmarks,194,Lying,Lying,True,0.949,0.0,93.2891
Sitting_Lying_FewLandmarks,195,Lying,Lying,True,0.942,0.0,84.2978
Sitting_Lying_FewLandmarks,196,Lying,Lying,True,0.962,0.0,88.1684
Sitting_Lying_FewLandmarks,197,Lying,Lying,True,0.943,1.0,83.1936
Sitting_Lying_FewLandmarks,198,Lying,Lying,True,0.956,1.0,88.0496
Sitting_Lying_FewLandmarks,199,Lying,Lying,True,0.938,0.0,82.0804
Sitting_Lying_FewLandmarks,200,Lying,Lying,True,0.952,1.0,82.466
Sitting_Lying_FewLandmarks,201,Lying,Lying,True,0.955,1.0,85.9291
Sitting_Lying_FewLandmarks,202,Lying,Lying,True,0.951,1.0,86.9511
Sitting_Lying_FewLandmarks,203,Lying,Lying,True,0.962,1.0,80.777
Sitting_Lying_FewLandmarks,204,Lying,Lying,True,0.901,1.0,89.4526
Sitting_Lying_FewLandmarks,205,Lying,Lying,True,0.937,1.0,117.711
Sitting_Lying_FewLandmarks,206,Lying,Lying,True,0.893,1.0,113.0515
Sitting_Lying_FewLandmarks,207,Lying,Lying,True,0.835,1.0,134.9102
Sitting_Lying_FewLandmarks,208,Lying,Lying,True,0.806,0.0,127.5045
Sitting_Lying_FewLandmarks,209,Lying,Lying,True,0.838,0.0,125.6584
Sitting_Lying_FewLandmarks,210,Lying,Lying,True,0.706,1.0,133.642
Sitting_Lying_FewLandmarks,211,Lying,Lying,True,0.698,0.0,116.5599
Sitting_Lying_FewLandmarks,212,Lying,Lying,True,0.864,0.0,95.7198
Sitting_Lying_FewLandmarks,213,Lying,Lying,True,0.734,1.0,103.066
Sitting_Lying_FewLandmarks,214,Lying,Lying,True,0.649,0.0,102.5503
Sitting_Lying_FewLandmarks,215,Lying,Lying,True,0.779,0.0,108.2586
Sitting_Lying_FewLandmarks,216,Lying,Standing,False,0.465,0.0,102.5892
Sitting_Lying_FewLandmarks,217,Lying,Standing,False,0.511,1.0,115.9387
Sitting_Lying_FewLandmarks,218,Lying,Standing,False,0.495,0.0,92.5869
Sitting_Lying_FewLandmarks,219,Lying,Lying,True,0.49,0.0,112.6497
Sitting_Lying_FewLandmarks,220,Lying,Standing,False,0.553,0.0,140.109
Sitting_Lying_FewLandmarks,221,Lying,Standing,False,0.61,1.0,119.6826
Sitting_Lying_FewLandmarks,222,Lying,Standing,False,0.528,1.0,124.6734
Sitting_Lying_FewLandmarks,223,Lying,Standing,False,0.692,1.0,105.9381
Sitting_Lying_FewLandmarks,224,Lying,Standing,False,0.675,1.0,112.301
Sitting_Lying_FewLandmarks,225,Lying,Standing,False,0.812,1.0,100.0822
Sitting_Lying_FewLandmarks,226,Lying,Standing,False,0.763,0.0,89.1014
Sitting_Lying_FewLandmarks,227,Lying,Standing,False,0.76,1.0,95.9709
Sitting_Lying_FewLandmarks,228,Lying,Standing,False,0.776,1.0,108.6145
Sitting_Lying_FewLandmarks,229,Lying,Standing,False,0.661,1.0,100.2466
Sitting_Lying_FewLandmarks,230,Lying,Standing,False,0.669,0.0,95.162
Sitting_Lying_FewLandmarks,231,Lying,Standing,False,0.704,0.0,100.3538
Sitting_Lying_FewLandmarks,232,Lying,Standing,False,0.755,1.0,95.7863
Sitting_Lying_FewLandmarks,233,Lying,Standing,False,0.802,1.0,109.887
Sitting_Lying_FewLandmarks,234,Lying,Standing,False,0.836,1.0,138.4536
Sitting_Lying_FewLandmarks,235,Lying,Standing,False,0.86,0.0,147.7994
Sitting_Lying_FewLandmarks,236,,Standing,,0.858,0.0,141.1381
Sitting_Lying_FewLandmarks,237,,Standing,,0.888,0.0,151.8922
Sitting_Lying_FewLandmarks,238,,Standing,,0.917,1.0,144.7104
Sitting_Lying_FewLandmarks,239,,Standing,,0.886,1.0,142.1765
Sitting_Lying_FewLandmarks,240,,Standing,,0.913,1.0,116.7677
Sitting_Lying_FewLandmarks,241,,Standing,,0.927,0.0,169.9954
Sitting_Lying_FewLandmarks,242,,Standing,,0.939,0.0,141.2755
Sitting_Lying_FewLandmarks,243,,Standing,,0.948,0.0,184.6292
Sitting_Lying_FewLandmarks,244,,Standing,,0.96,0.0,184.7466
Sitting_Lying_FewLandmarks,245,,Standing,,0.961,0.0,152.9307
Sitting_Lying_FewLandmarks,246,,Standing,,0.949,0.0,139.6664
Sitting_Lying_FewLandmarks,247,,Standing,,0.96,0.0,131.4882
Sitting_Lying_FewLandmarks,248,,Standing,,0.971,0.0,118.3857
Sitting_Lying_FewLandmarks,249,,Standing,,0.968,0.0,121.7037
Sitting_Lying_FewLandmarks,250,,Standing,,0.901,0.0,126.6957
Sitting_Lying_FewLandmarks,251,,Standing,,0.919,0.0,123.3895
Sitting_Lying_FewLandmarks,252,,Standing,,0.941,0.0,129.815
Sitting_Lying_FewLandmarks,253,,Standing,,0.95,0.0,133.8618
Sitting_Lying_FewLandmarks,254,,Standing,,0.953,0.0,114.094
Sitting_Lying_FewLandmarks,255,,Standing,,0.962,0.0,121.4286
Sitting_Lying_FewLandmarks,256,,Standing,,0.947,0.0,124.4336
Sitting_Lying_FewLandmarks,257,,Standing,,0.958,0.0,116.0001
Sitting_Lying_FewLandmarks,258,,Standing,,0.956,0.0,115.9691
Sitting_Lying_FewLandmarks,259,,Standing,,0.967,0.0,96.9961
Sitting_Lying_FewLandmarks,260,,Standing,,0.968,0.0,112.4042
Sitting_Lying_FewLandmarks,261,,Standing,,0.953,0.0,138.5723
Sitting_Lying_FewLandmarks,262,,Standing,,0.963,0.0,124.8599
Sitting_Lying_FewLandmarks,263,,Standing,,0.966,0.0,122.4674
Sitting_Lying_FewLandmarks,264,,Standing,,0.971,0.0,134.6639
Sitting_Lying_FewLandmarks,265,,Standing,,0.981,0.0,117.4185
Sitting_Lying_FewLandmarks,266,,Standing,,0.975,0.0,111.6349
Sitting_Lying_FewLandmarks,267,,Standing,,0.921,0.0,141.428
Sitting_Lying_FewLandmarks,268,,Standing,,0.939,0.0,108.4369
Sitting_Lying_FewLandmarks,269,,Standing,,0.937,0.0,114.7371
Sitting_Lying_FewLandmarks,270,,Standing,,0.947,0.0,101.8746
Sitting_Lying_FewLandmarks,271,,Standing,,0.968,0.0,125.1756
Sitting_Lying_FewLandmarks,272,,Standing,,0.961,0.0,102.2923
Sitting_Lying_FewLandmarks,273,,Standing,,0.969,0.0,102.7717
Sitting_Lying_FewLandmarks,274,,Standing,,0.977,0.0,94.6447
Sitting_Lying_FewLandmarks,275,,Standing,,0.975,0.0,102.1866
Sitting_Lying_FewLandmarks,276,,Standing,,0.98,0.0,129.145
Sitting_Lying_FewLandmarks,277,,Standing,,0.98,0.0,124.8168
Sitting_Lying_FewLandmarks,278,,Standing,,0.982,0.0,122.1506
Sitting_Lying_FewLandmarks,279,,Standing,,0.978,0.0,143.9468
Sitting_Lying_FewLandmarks,280,,Standing,,0.974,0.0,123.8261
Sitting_Lying_FewLandmarks,281,,Standing,,0.988,0.0,110.132
Sitting_Lying_FewLandmarks,282,,Standing,,0.984,0.0,109.0215
Sitting_Lying_FewLandmarks,283,,Standing,,0.985,0.0,107.9764
Sitting_Lying_FewLandmarks,284,,Standing,,0.984,0.0,94.0857
Sitting_Lying_FewLandmarks,285,,Standing,,0.985,0.0,108.2313
Sitting_Lying_FewLandmarks,286,,Standing,,0.982,0.0,84.9262
Sitting_Lying_FewLandmarks,287,,Standing,,0.988,0.0,83.3023
Sitting_Lying_FewLandmarks,288,,Standing,,0.987,0.0,99.1079
Sitting_Lying_FewLandmarks,289,,Standing,,0.985,0.0,91.9971
Sitting_Lying_FewLandmarks,290,,Standing,,0.988,0.0,80.3799
Sitting_Lying_FewLandmarks,291,,Standing,,0.991,0.0,80.5681
Sitting_Lying_FewLandmarks,292,,Standing,,0.99,0.0,68.6312
Sitting_Lying_FewLandmarks,293,,Standing,,0.992,0.0,72.3959
Sitting_Lying_FewLandmarks,294,,Standing,,0.994,0.0,66.8819
Sitting_Lying_FewLandmarks,295,,Standing,,0.994,0.0,63.9638
Sitting_Lying_FewLandmarks,296,,Standing,,0.995,0.0,63.2028
Sitting_Lying_FewLandmarks,297,,Standing,,0.994,0.0,63.6269
Sitting_Lying_FewLandmarks,298,,Standing,,0.994,0.0,67.8087
Sitting_Lying_FewLandmarks,299,,Standing,,0.995,0.0,63.6188
Sitting_Lying_FewLandmarks,300,,Standing,,0.994,0.0,65.3657
Sitting_Lying_FewLandmarks,301,,Standing,,0.994,0.0,63.3887
Sitting_Lying_FewLandmarks,302,,Standing,,0.994,0.0,73.2822
Sitting_Lying_FewLandmarks,303,,Standing,,0.994,0.0,79.1695
Sitting_Lying_FewLandmarks,304,,Standing,,0.994,0.0,78.4604
Sitting_Lying_FewLandmarks,305,,Standing,,0.994,0.0,86.4176
Sitting_Lying_FewLandmarks,306,,Standing,,0.994,0.0,77.1094
Sitting_Lying_FewLandmarks,307,,Standing,,0.994,0.0,75.8884
Sitting_Lying_FewLandmarks,308,,Standing,,0.994,0.0,75.6477
Sitting_Lying_FewLandmarks,309,,Standing,,0.992,0.0,80.9555
Sitting_Lying_FewLandmarks,310,,Standing,,0.994,0.0,74.0652
Sitting_Lying_FewLandmarks,311,,Standing,,0.992,0.0,92.3732
Sitting_Lying_FewLandmarks,312,,Standing,,0.994,0.0,87.2499
Sitting_Lying_FewLandmarks,313,,Standing,,0.995,0.0,72.652
Sitting_Lying_FewLandmarks,314,,Standing,,0.994,0.0,75.636
Sitting_Lying_FewLandmarks,315,,Standing,,0.994,0.0,69.2452
Sitting_Lying_FewLandmarks,316,,Standing,,0.994,0.0,65.9113
Sitting_Lying_FewLandmarks,317,,Standing,,0.994,0.0,66.1085
Sitting_Lying_FewLandmarks,318,,Standing,,0.995,0.0,67.2267
Sitting_Lying_FewLandmarks,319,,Standing,,0.995,0.0,74.0235
Sitting_Lying_FewLandmarks,320,,Standing,,0.996,0.0,65.0579
Sitting_Lying_FewLandmarks,321,,Standing,,0.996,0.0,68.6681
Sitting_Lying_FewLandmarks,322,,Standing,,0.996,0.0,63.878
Sitting_Lying_FewLandmarks,323,,Standing,,0.996,0.0,62.3549
Sitting_Lying_FewLandmarks,324,,Standing,,0.995,0.0,61.3954
Sitting_Lying_FewLandmarks,325,Sitting,Standing,False,0.996,0.0,62.4749
Sitting_Lying_FewLandmarks,326,Sitting,Standing,False,0.996,0.0,67.0446
Sitting_Lying_FewLandmarks,327,Sitting,Standing,False,0.996,0.0,61.7285
Sitting_Lying_FewLandmarks,328,Sitting,Standing,False,0.996,0.0,74.7075
Sitting_Lying_FewLandmarks,329,Sitting,Standing,False,0.995,0.0,77.8002
Sitting_Lying_FewLandmarks,330,Sitting,Standing,False,0.995,0.0,69.3226
Sitting_Lying_FewLandmarks,331,Sitting,Standing,False,0.995,0.0,67.4114
Sitting_Lying_FewLandmarks,332,Sitting,Standing,False,0.995,0.0,66.8081
Sitting_Lying_FewLandmarks,333,Sitting,Standing,False,0.995,0.0,65.4637
Sitting_Lying_FewLandmarks,334,Sitting,Standing,False,0.994,0.0,66.7735
Sitting_Lying_FewLandmarks,335,Sitting,Standing,False,0.994,0.0,66.7308
Sitting_Lying_FewLandmarks,336,Sitting,Standing,False,0.993,0.0,65.1704
Sitting_Lying_FewLandmarks,337,Sitting,Standing,False,0.993,0.0,63.9871
Sitting_Lying_FewLandmarks,338,Sitting,Standing,False,0.993,0.0,92.6689
Sitting_Lying_FewLandmarks,339,Sitting,Standing,False,0.993,0.0,66.9371
Sitting_Lying_FewLandmarks,340,Sitting,Standing,False,0.993,0.0,64.0004
Sitting_Lying_FewLandmarks,341,Sitting,Standing,False,0.993,0.0,72.4026
Sitting_Lying_FewLandmarks,342,Sitting,Standing,False,0.993,0.0,80.8313
Sitting_Lying_FewLandmarks,343,Sitting,Standing,False,0.993,0.0,67.8789
Sitting_Lying_FewLandmarks,344,Sitting,Standing,False,0.993,0.0,83.8067
Sitting_Lying_FewLandmarks,345,Sitting,Standing,False,0.993,0.0,83.4359
Sitting_Lying_FewLandmarks,346,Sitting,Standing,False,0.992,0.0,97.3218
Sitting_Lying_FewLandmarks,347,Sitting,Standing,False,0.992,0.0,85.2535
Sitting_Lying_FewLandmarks,348,Sitting,Standing,False,0.992,0.0,84.2227
Sitting_Lying_FewLandmarks,349,Sitting,Standing,False,0.992,0.0,97.165
Sitting_Lying_FewLandmarks,350,Sitting,Standing,False,0.992,0.0,144.4043
Sitting_Lying_FewLandmarks,351,Sitting,Standing,False,0.992,0.0,127.0763
Sitting_Lying_FewLandmarks,352,Sitting,Standing,False,0.992,0.0,121.4699
Sitting_Lying_FewLandmarks,353,Sitting,Standing,False,0.992,0.0,170.1908
Sitting_Lying_FewLandmarks,354,,Standing,,0.992,0.0,111.2474
Sitting_Lying_FewLandmarks,355,,Standing,,0.992,0.0,120.9587
Sitting_Lying_FewLandmarks,356,,Standing,,0.992,0.0,117.4756
Sitting_Lying_FewLandmarks,357,,Standing,,0.992,0.0,110.225
Sitting_Lying_FewLandmarks,358,,Standing,,0.992,0.0,92.6945
Sitting_Lying_FewLandmarks,359,,Standing,,0.991,0.0,110.7795
Sitting_Lying_FewLandmarks,360,,Standing,,0.991,0.0,90.5309
Sitting_Lying_FewLandmarks,361,,Standing,,0.989,0.0,106.4739
Sitting_Lying_FewLandmarks,362,,Standing,,0.988,0.0,97.1417
Sitting_Lying_FewLandmarks,363,,Standing,,0.985,0.0,86.105
Sitting_Lying_FewLandmarks,364,,Standing,,0.981,0.0,87.3897
Sitting_Lying_FewLandmarks,365,,Standing,,0.973,0.0,82.5427
Sitting_Lying_FewLandmarks,366,,Standing,,0.965,0.0,78.5357
Sitting_Lying_FewLandmarks,367,,Standing,,0.951,0.0,85.7117
Sitting_Lying_FewLandmarks,368,,Standing,,0.92,0.0,80.8766
Sitting_Lying_FewLandmarks,369,,Standing,,0.873,0.0,87.527
Sitting_Lying_FewLandmarks,370,,Standing,,0.805,0.0,78.5407
Sitting_Lying_FewLandmarks,371,,Standing,,0.692,0.0,102.9871
Sitting_Lying_FewLandmarks,372,,Standing,,0.549,0.0,84.031
Sitting_Lying_FewLandmarks,373,,Standing,,0.4,0.0,84.4674
Sitting_Lying_FewLandmarks,374,,Sitting,,0.354,0.0,78.8443
Sitting_Lying_FewLandmarks,375,,Sitting,,0.348,0.0,79.8765
Sitting_Lying_FewLandmarks,376,,Lying,,0.463,0.0,77.0894
Sitting_Lying_FewLandmarks,377,,Lying,,0.572,0.0,78.6976
Sitting_Lying_FewLandmarks,378,,Lying,,0.666,0.0,85.0156
Sitting_Lying_FewLandmarks,379,,Lying,,0.735,0.0,82.3129
Sitting_Lying_FewLandmarks,380,,Lying,,0.781,0.0,76.537
Sitting_Lying_FewLandmarks,381,,Lying,,0.809,0.0,98.7417
Sitting_Lying_FewLandmarks,382,,Lying,,0.836,0.0,78.3927
Sitting_Lying_FewLandmarks,383,,Lying,,0.852,0.0,92.8137
Sitting_Lying_FewLandmarks,384,,Lying,,0.864,0.0,88.9728
Sitting_Lying_FewLandmarks,385,,Lying,,0.884,0.0,110.4147
Sitting_Lying_FewLandmarks,386,,Lying,,0.89,0.0,109.4547
Sitting_Lying_FewLandmarks,387,,Lying,,0.903,0.0,99.5254
Sitting_Lying_FewLandmarks,388,,Lying,,0.901,0.0,105.0811
Sitting_Lying_FewLandmarks,389,,Lying,,0.899,0.0,80.8621
Sitting_Lying_FewLandmarks,390,,Lying,,0.896,0.0,75.7068
Sitting_Lying_FewLandmarks,391,,Lying,,0.903,0.0,70.7369
Sitting_Lying_FewLandmarks,392,,Lying,,0.886,0.0,66.6845
Sitting_Lying_FewLandmarks,393,,Lying,,0.897,0.0,67.1067
Sitting_Lying_FewLandmarks,394,,Lying,,0.88,0.0,77.1947
Sitting_Lying_FewLandmarks,395,,Lying,,0.891,0.0,68.0714
Sitting_Lying_FewLandmarks,396,,Lying,,0.918,0.0,66.477
Sitting_Lying_FewLandmarks,397,,Lying,,0.897,0.0,73.9818
Sitting_Lying_FewLandmarks,398,,Lying,,0.849,0.0,75.4003
Sitting_Lying_FewLandmarks,399,,Lying,,0.61,0.0,72.4612
Sitting_Lying_FewLandmarks,400,,Lying,,0.48,0.0,87.2602
Sitting_Lying_FewLandmarks,401,,Lying,,0.395,0.0,94.1664
