clip_name,frame_number,gt_label,pred_label,correct,confidence,nan_fraction,latency_ms
Bend_pickup_lowLight,31,,Standing,,0.995,0.0,15.5778
Bend_pickup_lowLight,32,,Standing,,0.996,0.0,8.5488
Bend_pickup_lowLight,33,,Standing,,0.995,0.0,16.1582
Bend_pickup_lowLight,34,,Standing,,0.996,0.0,10.3426
Bend_pickup_lowLight,35,,Standing,,0.998,0.0,11.9295
Bend_pickup_lowLight,36,,Standing,,0.996,0.0,12.5826
Bend_pickup_lowLight,37,,Standing,,0.997,0.0,10.8137
Bend_pickup_lowLight,38,,Standing,,0.997,0.0,14.2617
Bend_pickup_lowLight,39,,Standing,,0.996,0.0,11.2802
Bend_pickup_lowLight,40,,Standing,,0.999,0.0,13.4418
Bend_pickup_lowLight,41,,Standing,,0.998,0.0,9.368
Bend_pickup_lowLight,42,,Standing,,0.999,0.0,11.0268
Bend_pickup_lowLight,43,,Standing,,0.999,0.0,34.5962
Bend_pickup_lowLight,44,,Standing,,0.999,0.0,20.1678
Bend_pickup_lowLight,45,,Standing,,0.978,0.0,11.7206
Bend_pickup_lowLight,46,,Standing,,0.923,0.0,18.0551
Bend_pickup_lowLight,47,,Standing,,0.977,0.0,17.4922
Bend_pickup_lowLight,48,,Standing,,0.848,0.0,19.6526
Bend_pickup_lowLight,49,,Standing,,0.806,0.0,11.3026
Bend_pickup_lowLight,50,,Lying,,0.468,0.0,15.0838
Bend_pickup_lowLight,51,,Lying,,0.397,0.0,12.0594
Bend_pickup_lowLight,52,,Lying,,0.713,0.0,12.037
Bend_pickup_lowLight,53,,Lying,,0.8,0.0,19.0043
Bend_pickup_lowLight,54,,Lying,,0.672,0.0,11.3885
Bend_pickup_lowLight,55,,Lying,,0.863,0.0,9.4293
Bend_pickup_lowLight,56,,Lying,,0.787,0.0,12.8186
Bend_pickup_lowLight,57,,Lying,,0.431,0.0,12.4023
Bend_pickup_lowLight,58,,Lying,,0.441,0.0,12.8214
Bend_pickup_lowLight,59,,Lying,,0.681,0.0,11.1278
Bend_pickup_lowLight,60,,Lying,,0.598,0.0,12.1906
Bend_pickup_lowLight,61,,Lying,,0.402,0.0,13.5236
Bend_pickup_lowLight,62,,Sitting,,0.524,0.0,11.1297
Bend_pickup_lowLight,63,,Lying,,0.488,0.0,10.3799
Bend_pickup_lowLight,64,,Lying,,0.695,0.0,34.0183
Bend_pickup_lowLight,65,,Lying,,0.662,0.0,23.551
Bend_pickup_lowLight,66,,Lying,,0.6,0.0,15.6568
Bend_pickup_lowLight,67,,Lying,,0.582,0.0,9.3385
Bend_pickup_lowLight,68,,Lying,,0.534,0.0,10.4701
Bend_pickup_lowLight,69,,Lying,,0.455,0.0,12.4887
Bend_pickup_lowLight,70,,Lying,,0.364,0.0,10.6792
Bend_pickup_lowLight,71,,Standing,,0.419,0.0,10.874
Bend_pickup_lowLight,72,,Standing,,0.912,0.0,11.8533
Bend_pickup_lowLight,73,,Standing,,0.997,0.0,12.417
Bend_pickup_lowLight,74,,Standing,,0.997,0.0,11.0089
Bend_pickup_lowLight,75,,Standing,,0.998,0.0,8.7877
Bend_pickup_lowLight,76,,Standing,,0.997,0.0,10.9846
Bend_pickup_lowLight,77,,Standing,,0.999,0.0,9.5287
Bend_pickup_lowLight,78,,Standing,,0.997,0.0,9.7909
Bend_pickup_lowLight,79,,Standing,,0.997,0.0,8.8763
Bend_pickup_lowLight,80,,Standing,,0.976,0.0,10.1717
Bend_pickup_lowLight,81,,Standing,,0.985,0.0,9.4094
Bend_pickup_lowLight,82,,Standing,,0.928,0.0,8.8748
Bend_pickup_lowLight,83,,Standing,,0.918,0.0,17.7772
Bend_pickup_lowLight,84,,Standing,,0.868,0.0,12.3091
Bend_pickup_lowLight,85,,Standing,,0.935,0.0,14.3619
Bend_pickup_lowLight,86,,Standing,,0.95,0.0,9.6415
Bend_pickup_lowLight,87,,Standing,,0.973,0.0,11.6323
Bend_pickup_lowLight,88,,Standing,,0.97,0.0,9.7652
Bend_pickup_lowLight,89,,Standing,,0.972,0.0,12.7373
Bend_pickup_lowLight,90,,Standing,,0.962,0.0,21.5509
Bend_pickup_lowLight,91,,Standing,,0.974,0.0,11.9245
Bend_pickup_lowLight,92,Standing,Standing,True,0.989,0.0,12.1113
Bend_pickup_lowLight,93,Standing,Standing,True,0.991,0.0,9.8009
Bend_pickup_lowLight,94,Standing,Standing,True,0.993,0.0,8.7905
Bend_pickup_lowLight,95,Standing,Standing,True,0.992,0.0,8.2369
Bend_pickup_lowLight,96,Standing,Standing,True,0.992,0.0,9.3959
Bend_pickup_lowLight,97,Standing,Standing,True,0.984,0.0,9.5986
Bend_pickup_lowLight,98,Standing,Standing,True,0.994,0.0,7.968
Bend_pickup_lowLight,99,Standing,Standing,True,0.993,0.0,8.6852
Bend_pickup_lowLight,100,Standing,Standing,True,0.994,0.0,9.0069
Bend_pickup_lowLight,101,Standing,Standing,True,0.996,0.0,10.0232
Bend_pickup_lowLight,102,Standing,Standing,True,0.996,0.0,8.5811
Bend_pickup_lowLight,103,Standing,Standing,True,0.993,0.0,9.2775
Bend_pickup_lowLight,104,Standing,Standing,True,0.995,0.0,7.7312
Bend_pickup_lowLight,105,Standing,Standing,True,0.997,0.0,8.0835
Bend_pickup_lowLight,106,Standing,Standing,True,0.997,0.0,8.2103
Bend_pickup_lowLight,107,Standing,Standing,True,0.997,0.0,8.5442
Bend_pickup_lowLight,108,Standing,Standing,True,0.995,0.0,8.4433
Bend_pickup_lowLight,109,Standing,Standing,True,0.997,0.0,8.3897
Bend_pickup_lowLight,110,Standing,Standing,True,0.994,0.0,9.7889
Bend_pickup_lowLight,111,Standing,Standing,True,0.992,0.0,8.3627
Bend_pickup_lowLight,112,Standing,Standing,True,0.992,0.0,10.0114
Bend_pickup_lowLight,113,Standing,Standing,True,0.994,0.0,7.26
Bend_pickup_lowLight,114,Standing,Standing,True,0.995,0.0,9.1062
Bend_pickup_lowLight_leftRight,31,,Standing,,0.965,0.0,9.2234
Bend_pickup_lowLight_leftRight,32,,Standing,,0.909,0.0,8.4746
Bend_pickup_lowLight_leftRight,33,,Standing,,0.952,0.0,8.2351
Bend_pickup_lowLight_leftRight,34,,Standing,,0.983,0.0,8.0588
Bend_pickup_lowLight_leftRight,35,,Standing,,0.982,0.0,9.7367
Bend_pickup_lowLight_leftRight,36,,Standing,,0.993,0.0,8.5919
Bend_pickup_lowLight_leftRight,37,,Standing,,0.992,0.0,7.864
Bend_pickup_lowLight_leftRight,38,,Standing,,0.996,0.0,8.0791
Bend_pickup_lowLight_leftRight,39,,Standing,,0.995,0.0,8.1934
Bend_pickup_lowLight_leftRight,40,,Standing,,0.985,0.0,8.3017
Bend_pickup_lowLight_leftRight,41,,Standing,,0.948,0.0,9.1231
Bend_pickup_lowLight_leftRight,42,,Standing,,0.919,0.0,8.3497
Bend_pickup_lowLight_leftRight,43,,Standing,,0.739,0.0,8.7878
Bend_pickup_lowLight_leftRight,44,,Lying,,0.316,0.0,8.316
Bend_pickup_lowLight_leftRight,45,,Lying,,0.295,0.0,8.4987
Bend_pickup_lowLight_leftRight,46,,Sitting,,0.27,0.0,8.9007
Bend_pickup_lowLight_leftRight,47,,Sitting,,0.295,0.0,10.8977
Bend_pickup_lowLight_leftRight,48,,Lying,,0.309,0.0,8.5527
Bend_pickup_lowLight_leftRight,49,,Sitting,,0.323,0.0,8.6286
Bend_pickup_lowLight_leftRight,50,,Sitting,,0.634,0.0,8.4118
Bend_pickup_lowLight_leftRight,51,,Sitting,,0.574,0.0,8.1799
Bend_pickup_lowLight_leftRight,52,,Sitting,,0.358,0.0,8.248
Bend_pickup_lowLight_leftRight,53,,Sitting,,0.893,0.0,8.5353
Bend_pickup_lowLight_leftRight,54,,Sitting,,0.737,0.0,8.3739
Bend_pickup_lowLight_leftRight,55,,Sitting,,0.864,0.0,8.3878
Bend_pickup_lowLight_leftRight,56,,Sitting,,0.701,0.0,8.8096
Bend_pickup_lowLight_leftRight,57,,Sitting,,0.786,0.0,9.0111
Bend_pickup_lowLight_leftRight,58,,Sitting,,0.77,0.0,8.5696
Bend_pickup_lowLight_leftRight,59,,Sitting,,0.76,0.0,9.4064
Bend_pickup_lowLight_leftRight,60,,Sitting,,0.674,0.0,6.526
Bend_pickup_lowLight_leftRight,61,,Sitting,,0.695,0.0,6.7891
Bend_pickup_lowLight_leftRight,62,,Sitting,,0.59,0.0,9.4595
Bend_pickup_lowLight_leftRight,63,,Sitting,,0.703,0.0,9.7817
Bend_pickup_lowLight_leftRight,64,,Sitting,,0.898,0.0,7.9331
Bend_pickup_lowLight_leftRight,65,,Sitting,,0.856,0.0,8.3009
Bend_pickup_lowLight_leftRight,66,,Sitting,,0.86,0.0,8.2579
Bend_pickup_lowLight_leftRight,67,,Sitting,,0.883,0.0,8.7711
Bend_pickup_lowLight_leftRight,68,,Sitting,,0.826,0.0,8.5544
Bend_pickup_lowLight_leftRight,69,,Sitting,,0.887,0.0,6.431
Bend_pickup_lowLight_leftRight,70,,Sitting,,0.945,0.0,6.6626
Bend_pickup_lowLight_leftRight,71,,Sitting,,0.934,0.0,8.1815
Bend_pickup_lowLight_leftRight,72,,Sitting,,0.953,0.0,7.1812
Bend_pickup_lowLight_leftRight,73,,Sitting,,0.881,0.0,7.1101
Bend_pickup_lowLight_leftRight,74,,Sitting,,0.909,0.0,8.0431
Bend_pickup_lowLight_leftRight,75,,Sitting,,0.873,0.0,7.9552
Bend_pickup_lowLight_leftRight,76,,Sitting,,0.848,0.0,8.5795
Bend_pickup_lowLight_leftRight,77,,Sitting,,0.926,0.0,8.3582
Bend_pickup_lowLight_leftRight,78,,Sitting,,0.912,0.0,8.3493
Bend_pickup_lowLight_leftRight,79,,Sitting,,0.894,0.0,8.514
Bend_pickup_lowLight_leftRight,80,,Sitting,,0.862,0.0,7.3253
Bend_pickup_lowLight_leftRight,81,,Sitting,,0.849,0.0,8.2891
Bend_pickup_lowLight_leftRight,82,,Sitting,,0.665,0.0,5.8327
Bend_pickup_lowLight_leftRight,83,,Sitting,,0.501,0.0,7.4455
Bend_pickup_lowLight_leftRight,84,,Standing,,0.658,0.0,7.9179
Bend_pickup_lowLight_leftRight,85,,Standing,,0.968,0.0,8.5212
Bend_pickup_lowLight_leftRight,86,,Standing,,0.981,0.0,7.2567
Bend_pickup_lowLight_leftRight,87,,Standing,,0.996,0.0,6.6128
Bend_pickup_lowLight_leftRight,88,,Standing,,0.996,0.0,8.4104
Bend_pickup_lowLight_leftRight,89,,Standing,,0.997,0.0,8.7203
Bend_pickup_lowLight_leftRight,90,Standing,Standing,True,0.997,0.0,8.3132
Bend_pickup_lowLight_leftRight,91,Standing,Standing,True,0.999,0.0,6.7586
Bend_pickup_lowLight_leftRight,92,Standing,Standing,True,0.998,0.0,8.6796
Bend_pickup_lowLight_leftRight,93,Standing,Standing,True,0.995,0.0,8.6528
Bend_pickup_lowLight_leftRight,94,Standing,Standing,True,0.989,0.0,8.6829
Bend_pickup_lowLight_leftRight,95,Standing,Standing,True,0.91,0.0,9.1234
Bend_pickup_lowLight_leftRight,96,Standing,Standing,True,0.944,0.0,8.5435
Bend_pickup_lowLight_leftRight,97,Standing,Standing,True,0.973,0.0,8.4319
Bend_pickup_lowLight_leftRight,98,Standing,Standing,True,0.957,0.0,8.115
Bend_pickup_lowLight_leftRight,99,Standing,Standing,True,0.988,0.0,6.4959
Bend_pickup_lowLight_leftRight,100,Standing,Standing,True,0.983,0.0,7.7715
Bend_pickup_lowLight_leftRight,101,Standing,Standing,True,0.989,0.0,10.1587
Bend_pickup_lowLight_leftRight,102,Standing,Standing,True,0.991,0.0,8.0476
Bend_pickup_lowLight_leftRight,103,Standing,Standing,True,0.991,0.0,7.5289
Bend_pickup_lowLight_leftRight,104,Standing,Standing,True,0.994,0.0,8.2707
Bend_pickup_lowLight_leftRight,105,Standing,Standing,True,0.992,0.0,9.6328
Bend_pickup_lowLight_leftRight,106,Standing,Standing,True,0.996,0.0,10.832
Bend_pickup_lowLight_leftRight,107,Standing,Standing,True,0.992,0.0,9.3093
Bend_pickup_lowLight_leftRight,108,Standing,Standing,True,0.989,0.0,8.9118
Bend_pickup_lowLight_leftRight,109,Standing,Standing,True,0.996,0.0,10.7046
Bend_pickup_lowLight_leftRight,110,Standing,Standing,True,0.997,0.0,8.3399
Bend_pickup_lowLight_leftRight,111,Standing,Standing,True,0.998,0.0,8.6656
Bend_pickup_lowLight_leftRight,112,Standing,Standing,True,0.996,0.0,8.2031
Bend_pickup_lowLight_leftRight,113,Standing,Standing,True,0.996,0.0,7.9785
Bend_pickup_lowLight_leftRight,114,Standing,Standing,True,0.995,0.0,8.2374
Bend_pickup_lowLight_leftRight,115,Standing,Standing,True,0.983,0.0,10.0659
Bend_pickup_lowLight_leftRight,116,Standing,Standing,True,0.942,0.0,6.8447
Bend_pickup_lowLight_leftRight,117,Standing,Standing,True,0.964,0.0,8.4703
Bend_pickup_lowLight_leftRight,118,Standing,Standing,True,0.965,0.0,8.4518
Bend_pickup_lowLight_leftRight,119,Standing,Standing,True,0.971,0.0,9.299
Bend_pickup_lowLight_leftRight,120,Standing,Standing,True,0.969,0.0,8.7785
Bend_pickup_lowLight_leftRight,121,Standing,Standing,True,0.991,0.0,8.4494
Bend_pickup_lowLight_leftRight,122,Standing,Standing,True,0.983,0.0,8.4158
Bend_pickup_lowLight_leftRight,123,Standing,Standing,True,0.976,0.0,9.5677
Bend_pickup_lowLight_leftRight,124,Standing,Standing,True,0.977,0.0,9.3482
Bend_pickup_lowLight_leftRight,125,Standing,Standing,True,0.975,0.0,7.7906
Bend_pickup_lowLight_leftRight,126,Standing,Standing,True,0.982,0.0,7.7414
Bend_pickup_lowLight_leftRight,127,Standing,Standing,True,0.969,0.0,7.3031
Bend_pickup_lowLight_leftRight,128,Standing,Standing,True,0.976,0.0,9.0535
Bend_pickup_lowLight_leftRight,129,,Standing,,0.978,0.0,8.3709
Bend_pickup_lowLight_leftRight,130,,Standing,,0.981,0.0,8.5297
Bend_pickup_lowLight_leftRight,131,,Standing,,0.975,0.0,8.504
Bend_pickup_lowLight_leftRight,132,,Standing,,0.948,0.0,8.0574
Bend_pickup_lowLight_leftRight,133,,Standing,,0.917,0.0,8.2114
Bend_pickup_lowLight_leftRight,134,,Standing,,0.949,0.0,8.9915
Bend_pickup_lowLight_leftRight,135,,Standing,,0.896,0.0,7.1999
Bend_pickup_lowLight_leftRight,136,,Standing,,0.967,0.0,8.147
Bend_pickup_lowLight_leftRight,137,,Standing,,0.944,0.0,8.4663
Bend_pickup_lowLight_leftRight,138,,Standing,,0.957,0.0,8.0999
Bend_pickup_lowLight_leftRight,139,,Standing,,0.911,0.0,6.5565
Bend_pickup_lowLight_leftRight,140,,Standing,,0.934,0.0,8.9142
Bend_pickup_lowLight_leftRight,141,,Standing,,0.932,0.0,8.07
Bend_pickup_lowLight_leftRight,142,,Standing,,0.942,0.0,9.1621
Bend_pickup_lowLight_leftRight,143,,Standing,,0.948,0.0,8.5663
Bend_pickup_lowLight_leftRight,144,,Standing,,0.955,0.0,9.4167
Bend_pickup_lowLight_leftRight,145,,Standing,,0.95,0.0,9.5424
Bend_pickup_lowLight_leftRight,146,,Standing,,0.94,0.0,8.2312
Bend_pickup_lowLight_leftRight,147,,Standing,,0.959,0.0,8.3157
Bend_pickup_lowLight_leftRight,148,,Standing,,0.952,0.0,9.308
Bend_pickup_lowLight_leftRight,149,,Standing,,0.951,0.0,10.6784
Bend_pickup_lowLight_leftRight,150,,Standing,,0.956,0.0,10.0517
Bend_pickup_lowLight_leftRight,151,,Standing,,0.976,0.0,7.3531
Bend_pickup_lowLight_leftRight,152,,Standing,,0.973,0.0,9.5737
Bend_pickup_lowLight_leftRight,153,,Standing,,0.993,0.0,8.6086
Bend_pickup_lowLight_leftRight,154,,Standing,,0.985,0.0,9.9224
Bend_pickup_lowLight_leftRight,155,,Standing,,0.986,0.0,9.9823
Bend_pickup_lowLight_leftRight,156,,Standing,,0.994,0.0,10.092
Bend_pickup_lowLight_leftRight,157,,Standing,,0.991,0.0,9.3103
Bend_pickup_lowLight_leftRight,158,,Standing,,0.991,0.0,8.6512
Bend_pickup_lowLight_leftRight,159,,Standing,,0.995,0.0,7.652
Bend_pickup_lowLight_leftRight,160,,Standing,,0.997,0.0,6.9982
Bend_pickup_lowLight_leftRight,161,,Standing,,0.996,0.0,9.2299
Bend_pickup_lowLight_leftRight,162,,Standing,,0.995,0.0,8.1816
Bend_pickup_lowLight_leftRight,163,,Standing,,0.995,0.0,9.4433
Bend_pickup_lowLight_leftRight,164,,Standing,,0.984,0.0,9.1063
Bend_pickup_lowLight_leftRight,165,,Standing,,0.967,0.0,6.6167
Bend_pickup_lowLight_leftRight,166,,Sitting,,0.575,0.0,10.5923
Bend_pickup_lowLight_leftRight,167,,Sitting,,0.518,0.0,9.7758
Bend_pickup_lowLight_leftRight,168,,Sitting,,0.492,0.0,9.1947
Bend_pickup_lowLight_leftRight,169,,Standing,,0.724,0.0,8.5906
Bend_pickup_lowLight_leftRight,170,,Standing,,0.826,0.0,11.5829
Bend_pickup_lowLight_leftRight,171,,Standing,,0.87,0.0,8.3176
Bend_pickup_lowLight_leftRight,172,,Standing,,0.991,0.0,9.7926
Bend_pickup_lowLight_leftRight,173,,Standing,,0.991,0.0,9.6855
Bend_pickup_lowLight_leftRight,174,,Standing,,0.995,0.0,8.4253
Bend_pickup_lowLight_leftRight,175,,Standing,,0.989,0.0,11.2479
Bend_pickup_lowLight_leftRight,176,,Standing,,0.964,0.0,8.9439
Bend_pickup_lowLight_leftRight,177,,Standing,,0.791,0.0,8.1485
Bend_pickup_lowLight_leftRight,178,,Standing,,0.964,0.0,9.8404
Bend_pickup_lowLight_leftRight,179,,Standing,,0.935,0.0,8.3204
Bend_pickup_lowLight_leftRight,180,,Standing,,0.952,0.0,8.95
Bend_pickup_lowLight_leftRight,181,,Standing,,0.861,0.0,9.5859
Bend_pickup_lowLight_leftRight,182,,Standing,,0.843,0.0,9.1412
Bend_pickup_lowLight_leftRight,183,,Standing,,0.632,0.0,8.7291
Bend_pickup_lowLight_leftRight,184,,Standing,,0.567,0.0,8.2768
Bend_pickup_lowLight_leftRight,185,,Sitting,,0.542,0.0,7.781
Bend_pickup_lowLight_leftRight,186,,Sitting,,0.806,0.0,6.4274
Bend_pickup_lowLight_leftRight,187,,Sitting,,0.85,0.0,6.9339
Bend_pickup_lowLight_leftRight,188,,Sitting,,0.857,0.0,8.5196
Bend_pickup_lowLight_leftRight,189,,Sitting,,0.76,0.0,9.2476
Bend_pickup_lowLight_leftRight,190,,Sitting,,0.689,0.0,8.9513
Bend_pickup_lowLight_leftRight,191,,Sitting,,0.707,0.0,8.3086
Bend_pickup_lowLight_leftRight,192,,Sitting,,0.723,0.0,8.1048
Bend_pickup_lowLight_leftRight,193,,Sitting,,0.716,0.0,10.1102
Bend_pickup_lowLight_leftRight,194,,Standing,,0.571,0.0,8.2429
Bend_pickup_lowLight_leftRight,195,,Standing,,0.922,0.0,9.3456
Bend_pickup_lowLight_leftRight,196,,Standing,,0.538,0.0,7.6183
Bend_pickup_lowLight_leftRight,197,,Standing,,0.678,0.0,9.282
Bend_pickup_lowLight_leftRight,198,,Standing,,0.87,0.0,9.0182
Bend_pickup_lowLight_leftRight,199,,Standing,,0.964,0.0,8.4484
Bend_pickup_lowLight_leftRight,200,,Standing,,0.988,0.0,6.8206
Bend_pickup_lowLight_leftRight,201,,Standing,,0.959,0.0,8.5001
Bend_pickup_lowLight_leftRight,202,,Standing,,0.975,0.0,8.8261
Bend_pickup_lowLight_leftRight,203,,Standing,,0.953,0.0,8.9238
Bend_pickup_lowLight_leftRight,204,,Standing,,0.956,0.0,8.4595
Bend_pickup_lowLight_leftRight,205,,Standing,,0.989,0.0,9.303
Bend_pickup_lowLight_leftRight,206,Standing,Standing,True,0.983,0.0,9.2151
Bend_pickup_lowLight_leftRight,207,Standing,Standing,True,0.993,0.0,13.0086
Bend_pickup_lowLight_leftRight,208,Standing,Standing,True,0.99,0.0,11.456
Bend_pickup_lowLight_leftRight,209,Standing,Standing,True,0.993,0.0,10.1474
Bend_pickup_lowLight_leftRight,210,Standing,Standing,True,0.994,0.0,10.1538
Bend_pickup_lowLight_leftRight,211,Standing,Standing,True,0.997,0.0,9.001
Bend_pickup_lowLight_leftRight,212,Standing,Standing,True,0.999,0.0,8.3125
Bend_pickup_lowLight_leftRight,213,Standing,Standing,True,0.999,0.0,7.5792
Bend_pickup_lowLight_leftRight,214,Standing,Standing,True,0.999,0.0,10.0439
Bend_pickup_lowLight_leftRight,215,Standing,Standing,True,0.998,0.0,7.1161
Bend_pickup_lowLight_leftRight,216,Standing,Standing,True,0.999,0.0,9.1423
Bend_pickup_lowLight_leftRight,217,Standing,Standing,True,0.998,0.0,9.8589
Bend_pickup_lowLight_leftRight,218,Standing,Standing,True,0.993,0.0,10.3599
Bend_pickup_lowLight_leftRight,219,Standing,Standing,True,0.997,0.0,14.1762
Bend_pickup_lowLight_leftRight,220,Standing,Standing,True,0.999,0.0,10.8396
Bend_pickup_lowLight_leftRight,221,Standing,Standing,True,0.999,0.0,9.6117
Bend_pickup_lowLight_leftRight,222,Standing,Standing,True,0.999,0.0,12.7446
Bend_pickup_lowLight_leftRight,223,Standing,Standing,True,0.999,0.0,10.6793
Bend_pickup_lowLight_leftRight,224,Standing,Standing,True,0.999,0.0,9.3887
Bend_pickup_lowLight_leftRight,225,Standing,Standing,True,0.998,0.0,22.1953
Bend_pickup_lowLight_leftRight,226,Standing,Standing,True,0.999,0.0,37.8418
Bend_pickup_lowLight_leftRight,227,Standing,Standing,True,0.998,0.0,22.3351
Bend_pickup_lowLight_leftRight,228,Standing,Standing,True,0.996,0.0,23.3122
Bend_pickup_lowLight_leftRight,229,Standing,Standing,True,0.999,0.0,19.1295
Bend_pickup_lowLight_leftRight,230,Standing,Standing,True,0.999,0.0,12.834
Bend_pickup_lowLight_leftRight,231,Standing,Standing,True,0.999,0.0,10.5555
Bend_pickup_lowLight_leftRight,232,Standing,Standing,True,0.999,0.0,9.572
Bend_pickup_lowLight_leftRight,233,,Standing,,0.998,0.0,11.5124
Bend_pickup_lowLight_leftRight,234,,Standing,,0.998,0.0,12.0082
Bend_pickup_lowLight_leftRight,235,,Standing,,0.998,0.0,10.6269
Bend_pickup_lowLight_leftRight,236,,Standing,,0.995,0.0,10.4907
Bend_pickup_lowLight_leftRight,237,,Standing,,0.996,0.0,11.3378
Bend_pickup_lowLight_leftRight,238,,Standing,,0.997,0.0,10.8727
Bend_pickup_lowLight_leftRight,239,,Standing,,0.995,0.0,10.8422
Bend_pickup_lowLight_leftRight,240,,Standing,,0.99,0.0,12.6117
Bend_pickup_lowLight_leftRight,241,,Standing,,0.996,0.0,10.8365
Bend_pickup_lowLight_leftRight,242,,Standing,,0.995,0.0,10.0018
Bend_pickup_normalLight_back,31,Standing,Standing,True,0.998,0.0,10.1179
Bend_pickup_normalLight_back,32,Standing,Standing,True,0.995,0.0,9.6137
Bend_pickup_normalLight_back,33,Standing,Standing,True,0.994,0.0,12.2036
Bend_pickup_normalLight_back,34,Standing,Standing,True,0.993,0.0,9.9821
Bend_pickup_normalLight_back,35,Standing,Standing,True,0.993,0.0,10.9368
Bend_pickup_normalLight_back,36,Standing,Standing,True,0.981,0.0,11.7898
Bend_pickup_normalLight_back,37,Standing,Standing,True,0.981,0.0,10.4483
Bend_pickup_normalLight_back,38,Standing,Standing,True,0.972,0.0,9.5081
Bend_pickup_normalLight_back,39,Standing,Standing,True,0.981,0.0,9.54
Bend_pickup_normalLight_back,40,Standing,Standing,True,0.986,0.0,10.9475
Bend_pickup_normalLight_back,41,Standing,Standing,True,0.978,0.0,10.3314
Bend_pickup_normalLight_back,42,Standing,Standing,True,0.974,0.0,10.7303
Bend_pickup_normalLight_back,43,Standing,Standing,True,0.957,0.0,12.0165
Bend_pickup_normalLight_back,44,Standing,Standing,True,0.954,0.0,7.0965
Bend_pickup_normalLight_back,45,Standing,Standing,True,0.91,0.0,9.3304
Bend_pickup_normalLight_back,46,Standing,Standing,True,0.899,0.0,11.3303
Bend_pickup_normalLight_back,47,Standing,Standing,True,0.916,0.0,10.081
Bend_pickup_normalLight_back,48,Standing,Standing,True,0.785,0.0,11.2387
Bend_pickup_normalLight_back,49,Standing,Standing,True,0.807,0.0,13.1122
Bend_pickup_normalLight_back,50,Standing,Standing,True,0.828,0.0,9.8327
Bend_pickup_normalLight_back,51,Standing,Standing,True,0.861,0.0,9.8828
Bend_pickup_normalLight_back,52,Standing,Standing,True,0.925,0.0,12.3261
Bend_pickup_normalLight_back,53,Standing,Standing,True,0.947,0.0,12.1719
Bend_pickup_normalLight_back,54,Standing,Standing,True,0.945,0.0,11.2385
Bend_pickup_normalLight_back,55,Standing,Standing,True,0.921,0.0,9.9484
Bend_pickup_normalLight_back,56,Standing,Standing,True,0.965,0.0,10.4549
Bend_pickup_normalLight_back,57,Standing,Standing,True,0.986,0.0,10.8244
Bend_pickup_normalLight_back,58,,Standing,,0.978,0.0,10.6075
Bend_pickup_normalLight_back,59,,Standing,,0.985,0.0,10.0543
Bend_pickup_normalLight_back,60,,Standing,,0.993,0.0,11.5622
Bend_pickup_normalLight_back,61,,Standing,,0.996,0.0,11.3056
Bend_pickup_normalLight_back,62,,Standing,,0.996,0.0,11.0709
Bend_pickup_normalLight_back,63,,Standing,,0.993,0.0,11.2574
Bend_pickup_normalLight_back,64,,Standing,,0.994,0.0,12.1678
Bend_pickup_normalLight_back,65,,Standing,,0.989,0.0,10.2676
Bend_pickup_normalLight_back,66,,Standing,,0.991,0.0,9.3322
Bend_pickup_normalLight_back,67,,Standing,,0.995,0.0,9.2246
Bend_pickup_normalLight_back,68,,Standing,,0.996,0.0,13.1597
Bend_pickup_normalLight_back,69,,Standing,,0.994,0.0,13.1104
Bend_pickup_normalLight_back,70,,Standing,,0.992,0.0,9.7802
Bend_pickup_normalLight_back,71,,Standing,,0.996,0.0,11.4193
Bend_pickup_normalLight_back,72,,Standing,,0.994,0.0,11.6509
Bend_pickup_normalLight_back,73,,Standing,,0.995,0.0,11.5771
Bend_pickup_normalLight_back,74,,Standing,,0.994,0.0,10.9442
Bend_pickup_normalLight_back,75,,Standing,,0.996,0.0,12.1408
Bend_pickup_normalLight_back,76,,Standing,,0.996,0.0,11.5446
Bend_pickup_normalLight_back,77,,Standing,,0.997,0.0,10.1579
Bend_pickup_normalLight_back,78,,Standing,,0.997,0.0,10.6474
Bend_pickup_normalLight_back,79,,Standing,,0.999,0.0,11.6956
Bend_pickup_normalLight_back,80,,Standing,,0.998,0.0,12.385
Bend_pickup_normalLight_back,81,,Standing,,0.996,0.0,14.376
Bend_pickup_normalLight_back,82,,Standing,,0.993,0.0,10.3984
Bend_pickup_normalLight_back,83,,Standing,,0.995,0.0,10.9296
Bend_pickup_normalLight_back,84,,Standing,,0.987,0.0,9.6238
Bend_pickup_normalLight_back,85,,Standing,,0.998,0.0,12.8522
Bend_pickup_normalLight_back,86,,Standing,,0.994,0.0,12.4161
Bend_pickup_normalLight_back,87,,Standing,,0.993,0.0,9.3705
Bend_pickup_normalLight_back,88,,Standing,,0.991,0.0,11.3008
Bend_pickup_normalLight_back,89,,Standing,,0.996,0.0,11.9881
Bend_pickup_normalLight_back,90,,Standing,,0.998,0.0,12.1155
Bend_pickup_normalLight_back,91,,Standing,,0.993,0.0,10.8585
Bend_pickup_normalLight_back,92,,Standing,,0.999,0.0,14.2491
Bend_pickup_normalLight_back,93,,Standing,,0.997,0.0,12.64
Bend_pickup_normalLight_back,94,,Standing,,0.999,0.0,19.7609
Bend_pickup_normalLight_back,95,,Standing,,0.999,0.0,11.2779
Bend_pickup_normalLight_back,96,,Standing,,0.999,0.0,13.7272
Bend_pickup_normalLight_back,97,,Standing,,0.999,0.0,13.5038
Bend_pickup_normalLight_back,98,,Standing,,0.997,0.0,10.7115
Bend_pickup_normalLight_back,99,,Standing,,0.999,0.0,13.3427
Bend_pickup_normalLight_back,100,,Standing,,0.961,1.0,16.7373
Bend_pickup_normalLight_back,101,,Standing,,0.999,0.0,16.736
Bend_pickup_normalLight_back,102,,Standing,,1.0,0.0,14.9875
Bend_pickup_normalLight_back,103,,Standing,,0.999,0.0,18.4757
Bend_pickup_normalLight_back,104,,Standing,,0.993,0.0,13.5326
Bend_pickup_normalLight_back,105,,Standing,,0.995,0.0,13.9984
Bend_pickup_normalLight_back,106,,Standing,,0.999,0.0,14.6053
Bend_pickup_normalLight_back,107,,Standing,,0.999,0.0,12.9819
Bend_pickup_normalLight_back,108,,Standing,,0.998,0.0,11.4148
Bend_pickup_normalLight_back,109,,Standing,,0.998,0.0,11.5905
Bend_pickup_normalLight_back,110,,Standing,,0.998,0.0,12.601
Bend_pickup_normalLight_back,111,,Standing,,0.999,0.0,13.0043
Bend_pickup_normalLight_back,112,,Standing,,0.999,0.0,13.2711
Bend_pickup_normalLight_back,113,,Standing,,0.999,0.0,12.3817
Bend_pickup_normalLight_back,114,,Standing,,0.999,0.0,11.0177
Bend_pickup_normalLight_back,115,,Standing,,0.999,0.0,15.1987
Bend_pickup_normalLight_back,116,,Standing,,0.999,0.0,13.524
Bend_pickup_normalLight_back,117,,Standing,,0.999,0.0,16.8202
Bend_pickup_normalLight_back,118,,Standing,,0.999,0.0,14.2333
Bend_pickup_normalLight_back,119,,Standing,,0.998,0.0,14.0562
Bend_pickup_normalLight_back,120,,Standing,,0.996,0.0,14.4635
Bend_pickup_normalLight_back,121,,Standing,,0.999,0.0,17.488
Bend_pickup_normalLight_back,122,,Standing,,0.999,0.0,11.4847
Bend_pickup_normalLight_back,123,,Standing,,0.999,0.0,12.4212
Bend_pickup_normalLight_back,124,,Standing,,0.999,0.0,11.5704
Bend_pickup_normalLight_back,125,,Standing,,1.0,0.0,10.9909
Bend_pickup_normalLight_back,126,,Standing,,1.0,0.0,12.1222
Bend_pickup_normalLight_back,127,,Standing,,1.0,0.0,10.7275
Bend_pickup_normalLight_back,128,,Standing,,1.0,0.0,11.8099
Bend_pickup_normalLight_back,129,,Standing,,1.0,0.0,8.8065
Bend_pickup_normalLight_back,130,,Standing,,1.0,0.0,10.9408
Bend_pickup_normalLight_back,131,,Standing,,1.0,0.0,12.1235
Bend_pickup_normalLight_back,132,,Standing,,0.999,0.0,9.3505
Bend_pickup_normalLight_back,133,,Standing,,0.999,0.0,9.4164
Bend_pickup_normalLight_back,134,,Standing,,0.999,0.0,11.0483
Bend_pickup_normalLight_back,135,,Standing,,1.0,0.0,12.453
Bend_pickup_normalLight_back,136,,Standing,,1.0,0.0,11.0246
Bend_pickup_normalLight_back,137,,Standing,,1.0,0.0,11.6628
Bend_pickup_normalLight_back,138,,Standing,,1.0,0.0,12.7453
Bend_pickup_normalLight_back,139,,Standing,,1.0,0.0,9.6037
Bend_pickup_normalLight_back,140,,Standing,,1.0,0.0,10.2994
Bend_pickup_normalLight_back,141,,Standing,,1.0,0.0,11.8169
Bend_pickup_normalLight_back,142,,Standing,,1.0,0.0,7.5029
Bend_pickup_normalLight_back,143,,Standing,,1.0,0.0,8.5639
Bend_pickup_normalLight_back,144,,Standing,,1.0,0.0,6.8844
Bend_pickup_normalLight_back,145,,Standing,,1.0,0.0,8.1672
Bend_pickup_normalLight_back,146,Standing,Standing,True,0.999,0.0,6.9003
Bend_pickup_normalLight_back,147,Standing,Standing,True,1.0,0.0,10.4717
Bend_pickup_normalLight_back,148,Standing,Standing,True,1.0,0.0,9.0495
Bend_pickup_normalLight_back,149,Standing,Standing,True,0.999,0.0,10.0648
Bend_pickup_normalLight_back,150,Standing,Standing,True,1.0,0.0,10.3755
Bend_pickup_normalLight_back,151,Standing,Standing,True,1.0,0.0,8.7997
Bend_pickup_normalLight_back,152,Standing,Standing,True,1.0,0.0,11.3928
Bend_pickup_normalLight_back,153,Standing,Standing,True,1.0,0.0,10.5191
Bend_pickup_normalLight_back,154,Standing,Standing,True,1.0,0.0,11.0414
Bend_pickup_normalLight_back,155,Standing,Standing,True,1.0,0.0,11.8795
Bend_pickup_normalLight_back,156,Standing,Standing,True,1.0,0.0,11.3981
Bend_pickup_normalLight_back,157,Standing,Standing,True,1.0,0.0,6.5045
Bend_pickup_normalLight_back,158,Standing,Standing,True,1.0,0.0,8.685
Bend_pickup_normalLight_back,159,Standing,Standing,True,1.0,0.0,8.3388
Bend_pickup_normalLight_back,160,Standing,Standing,True,1.0,0.0,9.6028
Bend_pickup_normalLight_back,161,Standing,Standing,True,1.0,0.0,9.6308
Bend_pickup_normalLight_back,162,Standing,Standing,True,1.0,0.0,10.5477
Bend_pickup_normalLight_back,163,Standing,Standing,True,0.999,0.0,10.0697
Bend_pickup_normalLight_back,164,Standing,Standing,True,0.999,0.0,9.7984
Bend_pickup_normalLight_back,165,Standing,Standing,True,0.999,0.0,10.7893
Bend_pickup_normalLight_back,166,Standing,Standing,True,0.999,0.0,11.6923
Bend_pickup_normalLight_back,167,Standing,Standing,True,0.998,0.0,9.9336
Bend_pickup_normalLight_back,168,Standing,Standing,True,0.999,0.0,8.9128
Bend_pickup_normalLight_back,169,Standing,Standing,True,0.999,0.0,9.6398
Bend_pickup_normalLight_back,170,Standing,Standing,True,0.999,0.0,6.6408
Bend_pickup_normalLight_back,171,Standing,Standing,True,0.999,0.0,11.1649
Bend_pickup_normalLight_back,172,Standing,Standing,True,0.999,0.0,10.7469
Bend_pickup_normalLight_back,173,Standing,Standing,True,0.998,0.0,10.9486
Bend_pickup_normalLight_back,174,Standing,Standing,True,0.999,0.0,6.8776
Bend_pickup_normalLight_back,175,,Standing,,0.998,0.0,9.4074
Bend_pickup_normalLight_back,176,,Standing,,0.998,0.0,9.9087
Bend_pickup_normalLight_back,177,,Standing,,0.995,0.0,10.058
Bend_pickup_normalLight_back,178,,Standing,,0.994,0.0,9.4977
Bend_pickup_normalLight_back,179,,Standing,,0.994,0.0,9.2077
Bend_pickup_normalLight_back,180,,Standing,,0.995,0.0,9.6489
Bend_pickup_normalLight_back,181,,Standing,,0.997,0.0,9.4595
Bend_pickup_normalLight_back,182,,Standing,,0.997,0.0,8.6962
Bend_pickup_normalLight_back,183,,Standing,,0.997,0.0,9.0731
Bend_pickup_normalLight_back,184,,Standing,,0.994,0.0,8.9794
Bend_pickup_normalLight_back,185,,Standing,,0.995,0.0,7.681
Bend_pickup_normalLight_back,186,,Standing,,0.994,0.0,9.8666
Bend_pickup_normalLight_back,187,,Standing,,0.997,0.0,10.9675
Bend_pickup_normalLight_back,188,,Standing,,0.998,0.0,10.9595
Bend_pickup_normalLight_back,189,,Standing,,0.997,0.0,6.845
Bend_pickup_normalLight_back,190,,Standing,,0.996,0.0,9.1256
Bend_pickup_normalLight_back,191,,Standing,,0.991,0.0,8.0857
Bend_pickup_normalLight_back,192,,Standing,,0.992,0.0,6.9434
Bend_pickup_normalLight_back,193,,Standing,,0.989,0.0,9.0977
Bend_pickup_normalLight_back,194,,Standing,,0.993,0.0,6.4861
Bend_pickup_normalLight_back,195,,Standing,,0.995,0.0,7.2114
Bend_pickup_normalLight_back,196,,Standing,,0.993,0.0,8.5894
Bend_pickup_normalLight_back,197,,Standing,,0.991,0.0,7.9444
Bend_pickup_normalLight_back,198,,Standing,,0.992,0.0,8.992
Bend_pickup_normalLight_back,199,,Standing,,0.995,0.0,9.7555
Bend_pickup_normalLight_back,200,,Standing,,0.998,0.0,13.8583
Bend_pickup_normalLight_back,201,,Standing,,0.997,0.0,9.8754
Bend_pickup_normalLight_back,202,,Standing,,0.988,0.0,11.2143
Bend_pickup_normalLight_back,203,,Standing,,0.994,0.0,12.0684
Bend_pickup_normalLight_back,204,,Standing,,0.983,0.0,8.8374
Bend_pickup_normalLight_back,205,,Standing,,0.979,0.0,10.4893
Bend_pickup_normalLight_back,206,,Standing,,0.995,0.0,6.021
Bend_pickup_normalLight_back,207,,Standing,,0.996,0.0,8.7678
Bend_pickup_normalLight_back,208,,Standing,,0.952,0.0,8.0677
Bend_pickup_normalLight_back,209,,Standing,,0.958,0.0,10.2617
Bend_pickup_normalLight_back,210,,Standing,,0.875,0.0,12.8742
Bend_pickup_normalLight_back,211,,Standing,,0.91,0.0,9.8524
Bend_pickup_normalLight_back,212,,Standing,,0.928,0.0,9.94
Bend_pickup_normalLight_back,213,,Standing,,0.944,0.0,15.6197
Bend_pickup_normalLight_back,214,,Standing,,0.936,0.0,13.3362
Bend_pickup_normalLight_back,215,,Standing,,0.882,0.0,12.3794
Bend_pickup_normalLight_back,216,,Standing,,0.971,0.0,9.4049
Bend_pickup_normalLight_back,217,,Standing,,0.957,0.0,10.7639
Bend_pickup_normalLight_back,218,,Standing,,0.95,0.0,14.1517
Bend_pickup_normalLight_back,219,,Standing,,0.786,0.0,11.0386
Bend_pickup_normalLight_back,220,,Standing,,0.638,0.0,9.9478
Bend_pickup_normalLight_back,221,,Sitting,,0.473,0.0,9.5464
Bend_pickup_normalLight_back,222,,Sitting,,0.659,0.0,9.0118
Bend_pickup_normalLight_back,223,,Sitting,,0.552,0.0,9.2071
Bend_pickup_normalLight_back,224,,Sitting,,0.578,0.0,9.0275
Bend_pickup_normalLight_back,225,,Sitting,,0.689,0.0,10.7234
Bend_pickup_normalLight_back,226,,Sitting,,0.655,0.0,9.2159
Bend_pickup_normalLight_back,227,,Sitting,,0.616,0.0,8.8459
Bend_pickup_normalLight_back,228,,Sitting,,0.459,0.0,11.0691
Bend_pickup_normalLight_back,229,,Lying,,0.444,0.0,10.9181
Bend_pickup_normalLight_back,230,,Sitting,,0.419,0.0,9.1404
Bend_pickup_normalLight_back,231,,Lying,,0.5,0.0,9.8811
Bend_pickup_normalLight_back,232,,Standing,,0.521,0.0,8.1239
Bend_pickup_normalLight_back,233,,Lying,,0.386,0.0,9.4786
Bend_pickup_normalLight_back,234,,Sitting,,0.396,0.0,8.9658
Bend_pickup_normalLight_back,235,,Standing,,0.951,0.0,9.5976
Bend_pickup_normalLight_back,236,,Standing,,0.934,0.0,9.6781
Bend_pickup_normalLight_back,237,,Standing,,0.781,0.0,9.9461
Bend_pickup_normalLight_back,238,,Standing,,0.966,0.0,10.4522
Bend_pickup_normalLight_back,239,,Standing,,0.988,0.0,10.5263
Bend_pickup_normalLight_back,240,,Standing,,0.992,0.0,8.8017
Bend_pickup_normalLight_back,241,,Standing,,0.992,0.0,10.5339
Bend_pickup_normalLight_back,242,,Standing,,0.99,0.0,8.995
Bend_pickup_normalLight_back,243,,Standing,,0.963,0.0,9.1447
Bend_pickup_normalLight_back,244,,Standing,,0.975,0.0,9.6123
Bend_pickup_normalLight_back,245,,Standing,,0.934,0.0,8.1114
Bend_pickup_normalLight_back,246,,Standing,,0.969,0.0,8.5486
Bend_pickup_normalLight_back,247,,Standing,,0.944,0.0,7.9018
Bend_pickup_normalLight_back,248,,Standing,,0.991,0.0,6.2249
Bend_pickup_normalLight_back,249,,Standing,,0.986,0.0,8.1321
Bend_pickup_normalLight_back,250,,Standing,,0.979,0.0,9.3617
Bend_pickup_normalLight_back,251,,Standing,,0.994,0.0,8.7616
Bend_pickup_normalLight_back,252,,Standing,,0.984,0.0,9.711
Bend_pickup_normalLight_back,253,,Standing,,0.997,0.0,6.99
Bend_pickup_normalLight_back,254,,Standing,,0.98,0.0,8.0138
Bend_pickup_normalLight_back,255,,Standing,,0.998,0.0,7.2923
Bend_pickup_normalLight_back,256,,Standing,,0.998,0.0,7.6373
Bend_pickup_normalLight_back,257,,Standing,,0.999,0.0,5.8892
Bend_pickup_normalLight_back,258,,Standing,,0.999,0.0,7.3969
Bend_pickup_normalLight_back,259,,Standing,,0.999,0.0,8.8607
Bend_pickup_normalLight_back,260,,Standing,,0.999,0.0,8.7879
Bend_pickup_normalLight_back,261,,Standing,,1.0,0.0,5.8994
Bend_pickup_normalLight_back,262,Standing,Standing,True,1.0,0.0,8.4538
Bend_pickup_normalLight_back,263,Standing,Standing,True,0.999,0.0,8.1383
Bend_pickup_normalLight_back,264,Standing,Standing,True,1.0,0.0,9.6091
Bend_pickup_normalLight_back,265,Standing,Standing,True,1.0,0.0,9.814
Bend_pickup_normalLight_back,266,Standing,Standing,True,1.0,0.0,9.0725
Bend_pickup_normalLight_back,267,Standing,Standing,True,1.0,0.0,9.9764
Bend_pickup_normalLight_back,268,Standing,Standing,True,0.999,0.0,8.9782
Bend_pickup_normalLight_back,269,Standing,Standing,True,0.999,0.0,8.1743
Bend_pickup_normalLight_back,270,Standing,Standing,True,1.0,0.0,8.1653
Bend_pickup_normalLight_back,271,Standing,Standing,True,0.999,0.0,8.7117
Bend_pickup_normalLight_back,272,Standing,Standing,True,0.999,0.0,8.805
Bend_pickup_normalLight_back,273,Standing,Standing,True,0.999,0.0,9.1888
Bend_pickup_normalLight_back,274,Standing,Standing,True,0.999,0.0,8.8129
Bend_pickup_normalLight_back,275,Standing,Standing,True,1.0,0.0,9.7395
Bend_pickup_normalLight_back,276,Standing,Standing,True,0.999,0.0,9.9947
Bend_pickup_normalLight_back,277,Standing,Standing,True,0.999,0.0,8.1022
Bend_pickup_normalLight_back,278,Standing,Standing,True,0.999,0.0,9.1968
Bend_pickup_normalLight_back,279,Standing,Standing,True,0.999,0.0,10.1457
Bend_pickup_normalLight_back,280,Standing,Standing,True,0.999,0.0,8.7814
Bend_pickup_normalLight_back,281,Standing,Standing,True,0.999,0.0,8.3075
Bend_pickup_normalLight_back,282,Standing,Standing,True,0.999,0.0,6.3423
Bend_pickup_normalLight_back,283,Standing,Standing,True,0.999,0.0,7.098
Bend_pickup_normalLight_back,284,Standing,Standing,True,0.999,0.0,9.5478
Bend_pickup_normalLight_back,285,Standing,Standing,True,0.999,0.0,7.7537
Bend_pickup_normalLight_back,286,Standing,Standing,True,0.999,0.0,8.3235
Bend_pickup_normalLight_back,287,Standing,Standing,True,0.999,0.0,8.2643
Bend_pickup_normalLight_back,288,Standing,Standing,True,0.997,0.0,8.1574
Bend_pickup_normalLight_back,289,Standing,Standing,True,0.997,0.0,8.3126
Bend_pickup_normalLight_back,290,Standing,Standing,True,0.987,0.0,8.3038
Bend_pickup_normalLight_back,291,Standing,Standing,True,0.983,0.0,7.4411
Bend_pickup_normalLight_back,292,,Standing,,0.991,0.0,7.9648
Bend_pickup_normalLight_back,293,,Standing,,0.992,0.0,8.1195
Bend_pickup_normalLight_back,294,,Standing,,0.992,0.0,7.8065
Bend_pickup_normalLight_back,295,,Standing,,0.991,0.0,10.4258
Bend_pickup_normalLight_back,296,,Standing,,0.988,0.0,8.0427
Bend_pickup_normalLight_back,297,,Standing,,0.996,0.0,8.9545
Bend_pickup_normalLight_back,298,,Standing,,0.997,0.0,6.9825
Bend_pickup_normalLight_back,299,,Standing,,0.997,0.0,7.9304
Bend_pickup_normalLight_back,300,,Standing,,0.997,0.0,11.654
Bend_pickup_normalLight_back,301,,Standing,,0.998,0.0,7.6815
Bend_pickup_normalLight_back,302,,Standing,,0.997,0.0,7.8588
Bend_pickup_normalLight_back,303,,Standing,,0.997,0.0,7.3683
Bend_pickup_normalLight_back,304,,Standing,,0.998,0.0,7.3187
Bend_pickup_normalLight_back,305,,Standing,,0.998,0.0,7.7222
Bend_pickup_normalLight_back,306,,Standing,,0.997,0.0,7.5942
Bend_pickup_normalLight_back,307,,Standing,,0.996,0.0,7.6205
Bend_pickup_normalLight_back,308,,Standing,,0.994,0.0,7.7817
Bend_pickup_normalLight_back,309,,Standing,,0.997,0.0,7.9479
Bend_pickup_normalLight_back,310,,Standing,,0.997,0.0,7.5531
Bend_pickup_normalLight_back,311,,Standing,,0.997,0.0,7.9995
Bend_pickup_normalLight_back,312,,Standing,,0.996,0.0,7.2537
Bend_pickup_normalLight_back,313,,Standing,,0.997,0.0,7.6549
Bend_pickup_normalLight_back,314,,Standing,,0.997,0.0,7.5082
Bend_pickup_normalLight_back,315,,Standing,,0.995,0.0,7.9707
Bend_pickup_normalLight_back,316,,Standing,,0.994,0.0,6.8213
Bend_pickup_normalLight_back,317,,Standing,,0.994,0.0,6.4513
Bend_pickup_normalLight_back,318,,Standing,,0.998,0.0,7.678
Bend_pickup_normalLight_back,319,,Standing,,0.999,0.0,7.8243
Bend_pickup_normalLight_back,320,,Standing,,0.998,0.0,7.8108
Bend_pickup_normalLight_back,321,,Standing,,0.998,0.0,7.9279
Bend_pickup_normalLight_back,322,,Standing,,0.995,0.0,7.7419
Bend_pickup_normalLight_back,323,,Standing,,0.994,0.0,7.1485
Bend_pickup_normalLight_back,324,,Standing,,0.995,0.0,7.5904
Bend_pickup_normalLight_back,325,,Standing,,0.998,0.0,7.5249
Bend_pickup_normalLight_back,326,,Standing,,0.998,0.0,7.5381
Bend_pickup_normalLight_back,327,,Standing,,0.996,0.0,7.2024
Bend_pickup_normalLight_back,328,,Standing,,0.998,0.0,8.3305
Bend_pickup_normalLight_back,329,,Standing,,0.986,0.0,6.5031
Bend_pickup_normalLight_back,330,,Standing,,0.985,0.0,7.4063
Bend_pickup_normalLight_back,331,,Standing,,0.986,0.0,7.1508
Bend_pickup_normalLight_back,332,,Standing,,0.968,0.0,7.2345
Bend_pickup_normalLight_back,333,,Standing,,0.921,0.0,6.9848
Bend_pickup_normalLight_back,334,,Standing,,0.882,0.0,7.1894
Bend_pickup_normalLight_back,335,,Standing,,0.98,0.0,7.3778
Bend_pickup_normalLight_back,336,,Standing,,0.985,0.0,7.4148
Bend_pickup_normalLight_back,337,,Standing,,0.902,0.0,7.0329
Bend_pickup_normalLight_back,338,,Standing,,0.905,0.0,7.2205
Bend_pickup_normalLight_back,339,,Standing,,0.619,0.0,7.3469
Bend_pickup_normalLight_back,340,,Sitting,,0.705,0.0,8.0003
Bend_pickup_normalLight_back,341,,Sitting,,0.89,0.0,7.2724
Bend_pickup_normalLight_back,342,,Sitting,,0.981,0.0,7.4368
Bend_pickup_normalLight_back,343,,Sitting,,0.975,0.0,6.9547
Bend_pickup_normalLight_back,344,,Sitting,,0.996,0.0,6.8892
Bend_pickup_normalLight_back,345,,Sitting,,0.996,0.0,7.2232
Bend_pickup_normalLight_back,346,,Sitting,,0.996,0.0,7.8894
Bend_pickup_normalLight_back,347,,Sitting,,0.996,0.0,7.4182
Bend_pickup_normalLight_back,348,,Sitting,,0.995,0.0,7.6953
Bend_pickup_normalLight_back,349,,Sitting,,0.998,0.0,7.2981
Bend_pickup_normalLight_back,350,,Sitting,,0.996,0.0,7.0824
Bend_pickup_normalLight_back,351,,Sitting,,0.998,0.0,7.2336
Bend_pickup_normalLight_back,352,,Sitting,,0.997,0.0,7.3029
Bend_pickup_normalLight_back,353,,Sitting,,0.996,0.0,7.1079
Bend_pickup_normalLight_back,354,,Sitting,,0.995,0.0,7.4071
Bend_pickup_normalLight_back,355,,Sitting,,0.995,0.0,7.191
Bend_pickup_normalLight_back,356,,Sitting,,0.957,0.0,7.1435
Bend_pickup_normalLight_back,357,,Sitting,,0.962,0.0,6.9092
Bend_pickup_normalLight_back,358,,Sitting,,0.979,0.0,7.0751
Bend_pickup_normalLight_back,359,,Sitting,,0.951,0.0,6.9598
Bend_pickup_normalLight_back,360,,Sitting,,0.963,0.0,7.033
Bend_pickup_normalLight_back,361,,Sitting,,0.906,0.0,7.425
Bend_pickup_normalLight_back,362,,Sitting,,0.956,0.0,7.5403
Bend_pickup_normalLight_back,363,,Sitting,,0.966,0.0,8.0357
Bend_pickup_normalLight_back,364,,Sitting,,0.963,0.0,6.9804
Bend_pickup_normalLight_back,365,,Sitting,,0.973,0.0,8.892
Bend_pickup_normalLight_back,366,,Sitting,,0.937,0.0,8.1311
Bend_pickup_normalLight_back,367,,Sitting,,0.918,0.0,6.7223
Bend_pickup_normalLight_back,368,,Sitting,,0.919,0.0,7.6901
Bend_pickup_normalLight_back,369,,Sitting,,0.983,0.0,8.8192
Bend_pickup_normalLight_back,370,,Sitting,,0.967,0.0,8.1537
Bend_pickup_normalLight_back,371,,Sitting,,0.973,0.0,9.0783
Bend_pickup_normalLight_back,372,,Sitting,,0.927,0.0,11.0088
Bend_pickup_normalLight_back,373,,Sitting,,0.667,0.0,8.6319
Bend_pickup_normalLight_back,374,,Sitting,,0.888,0.0,9.1718
Bend_pickup_normalLight_back,375,,Sitting,,0.935,0.0,8.0857
Bend_pickup_normalLight_back,376,,Sitting,,0.975,0.0,8.0697
Bend_pickup_normalLight_back,377,,Sitting,,0.976,0.0,7.6811
Bend_pickup_normalLight_back,378,,Sitting,,0.975,0.0,7.8509
Bend_pickup_normalLight_back,379,,Sitting,,0.971,0.0,7.6569
Bend_pickup_normalLight_back,380,,Sitting,,0.968,0.0,8.5109
Bend_pickup_normalLight_back,381,,Sitting,,0.977,0.0,7.5706
Bend_pickup_normalLight_back,382,,Sitting,,0.982,0.0,8.7243
Bend_pickup_normalLight_back,383,,Sitting,,0.966,0.0,7.4914
Bend_pickup_normalLight_back,384,,Sitting,,0.984,0.0,8.0955
Bend_pickup_normalLight_back,385,,Sitting,,0.979,0.0,7.9144
Bend_pickup_normalLight_back,386,,Sitting,,0.985,0.0,9.5651
Bend_pickup_normalLight_back,387,,Sitting,,0.981,0.0,9.0017
Bend_pickup_normalLight_back,388,,Sitting,,0.988,0.0,10.5448
Bend_pickup_normalLight_back,389,,Sitting,,0.999,0.0,8.9386
Bend_pickup_normalLight_back,390,,Sitting,,0.979,0.0,6.9575
Bend_pickup_normalLight_back,391,,Sitting,,0.95,0.0,7.2252
Bend_pickup_normalLight_back,392,,Sitting,,0.973,0.0,7.482
Bend_pickup_normalLight_back,393,,Sitting,,0.898,0.0,8.1985
Bend_pickup_normalLight_back,394,,Sitting,,0.732,0.0,6.306
Bend_pickup_normalLight_back,395,,Sitting,,0.71,0.0,8.4847
Bend_pickup_normalLight_back,396,,Sitting,,0.709,0.0,7.0367
Bend_pickup_normalLight_back,397,,Standing,,0.541,0.0,6.4158
Bend_pickup_normalLight_back,398,,Standing,,0.587,0.0,7.098
Bend_pickup_normalLight_back,399,,Sitting,,0.633,0.0,8.3273
Bend_pickup_normalLight_back,400,,Standing,,0.919,0.0,6.952
Bend_pickup_normalLight_back,401,,Standing,,0.903,0.0,8.2253
Bend_pickup_normalLight_back,402,,Standing,,0.955,0.0,9.5032
Bend_pickup_normalLight_back,403,,Standing,,0.966,0.0,7.6328
Bend_pickup_normalLight_back,404,,Standing,,0.982,0.0,8.3497
Bend_pickup_normalLight_back,405,,Standing,,0.99,0.0,8.4833
Bend_pickup_normalLight_back,406,,Standing,,0.997,0.0,8.0563
Bend_pickup_normalLight_back,407,,Standing,,0.998,0.0,8.07
Bend_pickup_normalLight_back,408,,Standing,,0.999,0.0,7.2403
Bend_pickup_normalLight_back,409,,Standing,,0.996,0.0,5.5097
Bend_pickup_normalLight_back,410,,Standing,,0.995,0.0,6.8966
Bend_pickup_normalLight_back,411,,Standing,,0.997,0.0,7.5203
Bend_pickup_normalLight_back,412,,Standing,,0.997,0.0,7.9523
Bend_pickup_normalLight_back,413,,Standing,,0.997,0.0,8.1994
Bend_pickup_normalLight_back,414,,Standing,,0.999,0.0,10.0809
Bend_pickup_normalLight_back,415,,Standing,,0.999,0.0,9.4651
Bend_pickup_normalLight_back,416,,Standing,,1.0,0.0,8.1236
Bend_pickup_normalLight_back,417,,Standing,,1.0,0.0,7.5637
Bend_pickup_normalLight_back,418,,Standing,,1.0,0.0,7.8676
Bend_pickup_normalLight_back,419,,Standing,,1.0,0.0,9.6286
Bend_pickup_normalLight_back,420,,Standing,,1.0,0.0,9.0446
Bend_pickup_normalLight_back,421,,Standing,,1.0,0.0,7.8183
Bend_pickup_normalLight_back,422,,Standing,,0.999,0.0,7.6746
Bend_pickup_normalLight_back,423,,Standing,,0.999,0.0,7.6737
Bend_pickup_normalLight_back,424,,Standing,,0.999,0.0,7.8332
Bend_pickup_normalLight_back,425,,Standing,,0.998,0.0,8.4826
Bend_pickup_normalLight_back,426,,Standing,,0.999,0.0,8.768
Bend_pickup_normalLight_back,427,,Standing,,0.999,0.0,7.6667
Bend_pickup_normalLight_back,428,,Standing,,0.999,0.0,8.9277
Bend_pickup_normalLight_back,429,,Standing,,0.999,0.0,8.0697
Bend_pickup_normalLight,31,,Standing,,0.995,0.0,9.193
Bend_pickup_normalLight,32,,Standing,,0.996,0.0,8.8853
Bend_pickup_normalLight,33,,Standing,,0.997,0.0,9.2937
Bend_pickup_normalLight,34,,Standing,,0.999,0.0,9.2395
Bend_pickup_normalLight,35,,Standing,,0.999,0.0,8.2646
Bend_pickup_normalLight,36,,Standing,,0.998,0.0,8.1671
Bend_pickup_normalLight,37,,Standing,,0.997,0.0,8.2704
Bend_pickup_normalLight,38,,Standing,,0.995,0.0,9.3383
Bend_pickup_normalLight,39,,Standing,,0.985,0.0,6.6112
Bend_pickup_normalLight,40,,Standing,,0.991,0.0,8.9921
Bend_pickup_normalLight,41,,Standing,,0.997,0.0,8.097
Bend_pickup_normalLight,42,,Standing,,0.999,0.0,8.6713
Bend_pickup_normalLight,43,,Standing,,0.997,0.0,8.6915
Bend_pickup_normalLight,44,,Standing,,0.999,0.0,8.0005
Bend_pickup_normalLight,45,,Standing,,0.999,0.0,7.6536
Bend_pickup_normalLight,46,,Standing,,0.998,0.0,8.4934
Bend_pickup_normalLight,47,,Standing,,0.998,0.0,6.7828
Bend_pickup_normalLight,48,,Standing,,0.997,0.0,7.7448
Bend_pickup_normalLight,49,,Standing,,0.984,0.0,6.7728
Bend_pickup_normalLight,50,,Standing,,0.924,0.0,8.1382
Bend_pickup_normalLight,51,,Standing,,0.85,0.0,7.3804
Bend_pickup_normalLight,52,,Standing,,0.908,0.0,7.9276
Bend_pickup_normalLight,53,,Standing,,0.971,0.0,8.3252
Bend_pickup_normalLight,54,,Standing,,0.892,0.0,9.2772
Bend_pickup_normalLight,55,,Standing,,0.985,0.0,8.1448
Bend_pickup_normalLight,56,,Standing,,0.817,0.0,9.5038
Bend_pickup_normalLight,57,,Standing,,0.577,0.0,7.3404
Bend_pickup_normalLight,58,,Standing,,0.927,0.0,6.8579
Bend_pickup_normalLight,59,,Standing,,0.748,0.0,8.4803
Bend_pickup_normalLight,60,,Standing,,0.708,0.0,9.7488
Bend_pickup_normalLight,61,,Standing,,0.998,0.0,8.8785
Bend_pickup_normalLight,62,,Standing,,0.981,0.0,7.4516
Bend_pickup_normalLight,63,,Standing,,0.995,0.0,7.1211
Bend_pickup_normalLight,64,,Standing,,0.988,0.0,9.8794
Bend_pickup_normalLight,65,,Standing,,0.948,0.0,9.9132
Bend_pickup_normalLight,66,,Standing,,0.597,0.0,9.7979
Bend_pickup_normalLight,67,,Standing,,0.972,0.0,8.1502
Bend_pickup_normalLight,68,,Standing,,0.977,0.0,11.4913
Bend_pickup_normalLight,69,,Standing,,0.927,0.0,8.7838
Bend_pickup_normalLight,70,,Standing,,0.964,0.0,9.0221
Bend_pickup_normalLight,71,,Standing,,0.929,0.0,9.3165
Bend_pickup_normalLight,72,,Standing,,0.991,0.0,10.3286
Bend_pickup_normalLight,73,,Standing,,0.956,0.0,9.6165
Bend_pickup_normalLight,74,,Standing,,0.94,0.0,9.9454
Bend_pickup_normalLight,75,,Standing,,0.992,0.0,8.9005
Bend_pickup_normalLight,76,,Standing,,0.974,0.0,8.4274
Bend_pickup_normalLight,77,,Standing,,0.994,0.0,7.759
Bend_pickup_normalLight,78,,Standing,,0.959,0.0,8.331
Bend_pickup_normalLight,79,,Standing,,0.989,0.0,8.4445
Bend_pickup_normalLight,80,,Standing,,0.999,0.0,8.2586
Bend_pickup_normalLight,81,,Standing,,0.997,0.0,8.4512
Bend_pickup_normalLight,82,Standing,Standing,True,0.999,0.0,9.2285
Bend_pickup_normalLight,83,Standing,Standing,True,0.998,0.0,7.5509
Bend_pickup_normalLight,84,Standing,Standing,True,0.998,0.0,9.2835
Bend_pickup_normalLight,85,Standing,Standing,True,0.992,0.0,9.56
Bend_pickup_normalLight,86,Standing,Standing,True,0.993,0.0,9.2921
Bend_pickup_normalLight,87,Standing,Standing,True,0.931,0.0,9.8949
Bend_pickup_normalLight,88,Standing,Standing,True,0.845,0.0,9.0538
Bend_pickup_normalLight,89,Standing,Standing,True,0.855,0.0,10.9665
Bend_pickup_normalLight,90,Standing,Standing,True,0.951,0.0,8.5502
Bend_pickup_normalLight,91,Standing,Standing,True,0.971,0.0,10.0518
Bend_pickup_normalLight,92,Standing,Standing,True,0.95,0.0,8.6526
Bend_pickup_normalLight,93,Standing,Standing,True,0.982,0.0,8.3645
Bend_pickup_normalLight,94,Standing,Standing,True,0.983,0.0,8.1706
Bend_pickup_normalLight,95,Standing,Standing,True,0.992,0.0,8.2138
Bend_pickup_normalLight,96,Standing,Standing,True,0.998,0.0,8.2284
Bend_pickup_normalLight,97,Standing,Standing,True,0.998,0.0,8.182
Bend_pickup_normalLight,98,Standing,Standing,True,0.998,0.0,8.1107
Bend_pickup_normalLight,99,Standing,Standing,True,0.999,0.0,7.7566
Bend_pickup_normalLight,100,Standing,Standing,True,0.999,0.0,7.1502
Bend_pickup_normalLight,101,Standing,Standing,True,0.999,0.0,8.536
Bend_pickup_normalLight,102,Standing,Standing,True,0.999,0.0,8.4371
Bend_pickup_normalLight,103,Standing,Standing,True,0.999,0.0,8.474
Bend_pickup_normalLight,104,Standing,Standing,True,0.999,0.0,7.8584
Bend_pickup_normalLight,105,Standing,Standing,True,0.999,0.0,7.5148
Bend_pickup_normalLight,106,Standing,Standing,True,0.999,0.0,7.7428
Bend_pickup_normalLight,107,Standing,Standing,True,0.998,0.0,5.8408
Bend_pickup_normalLight,108,Standing,Standing,True,0.996,0.0,5.2674
Bend_pickup_normalLight,109,Standing,Standing,True,0.995,0.0,6.5468
Bend_pickup_normalLight,110,,Standing,,0.991,0.0,7.7545
Bend_pickup_normalLight,111,,Standing,,0.987,0.0,8.52
Bend_pickup_normalLight,112,,Standing,,0.986,0.0,8.5569
Bend_pickup_normalLight,113,,Standing,,0.985,0.0,8.6891
Bend_pickup_normalLight,114,,Standing,,0.99,0.0,8.1022
Bend_pickup_normalLight,115,,Standing,,0.983,0.0,8.156
Bend_pickup_normalLight,116,,Standing,,0.989,0.0,8.5749
Bend_pickup_normalLight,117,,Standing,,0.99,0.0,11.9763
Bend_pickup_normalLight,118,,Standing,,0.991,0.0,8.3366
Bend_pickup_normalLight,119,,Standing,,0.991,0.0,7.7749
Bend_pickup_normalLight,120,,Standing,,0.99,0.0,8.1004
Bend_pickup_normalLight,121,,Standing,,0.991,0.0,8.3138
Bend_pickup_normalLight,122,,Standing,,0.995,0.0,8.5112
Bend_pickup_normalLight,123,,Standing,,0.994,0.0,7.9371
Bend_pickup_normalLight,124,,Standing,,0.995,0.0,7.7161
Bend_pickup_normalLight,125,,Standing,,0.999,0.0,7.7033
Bend_pickup_normalLight,126,,Standing,,0.998,0.0,7.3455
Bend_pickup_normalLight,127,,Standing,,0.999,0.0,8.3733
Bend_pickup_normalLight,128,,Standing,,0.999,0.0,7.7136
Bend_pickup_normalLight,129,,Standing,,1.0,0.0,8.0495
Bend_pickup_normalLight,130,,Standing,,1.0,0.0,7.4461
Bend_pickup_normalLight,131,,Standing,,1.0,0.0,7.0261
Bend_pickup_normalLight,132,,Standing,,1.0,0.0,7.516
Bend_pickup_normalLight,133,,Standing,,1.0,0.0,7.4575
Bend_pickup_normalLight,134,,Standing,,0.999,0.0,7.666
Bend_pickup_normalLight,135,,Standing,,0.999,0.0,6.9695
Bend_pickup_normalLight,136,,Standing,,0.999,0.0,7.1305
Bend_pickup_normalLight,137,,Standing,,0.999,0.0,7.9289
Bend_pickup_normalLight,138,,Standing,,0.999,0.0,7.5799
Bend_pickup_normalLight,139,,Standing,,0.999,0.0,7.7134
Bend_pickup_normalLight,140,,Standing,,0.999,0.0,6.6205
Bend_pickup_normalLight_leftRight,31,,Standing,,0.998,0.0,5.2597
Bend_pickup_normalLight_leftRight,32,,Standing,,0.997,0.0,6.5469
Bend_pickup_normalLight_leftRight,33,,Standing,,0.994,0.0,7.2226
Bend_pickup_normalLight_leftRight,34,,Standing,,0.995,0.0,8.146
Bend_pickup_normalLight_leftRight,35,,Standing,,0.98,0.0,8.491
Bend_pickup_normalLight_leftRight,36,,Standing,,0.946,0.0,8.7204
Bend_pickup_normalLight_leftRight,37,,Standing,,0.926,0.0,7.6767
Bend_pickup_normalLight_leftRight,38,,Standing,,0.595,0.0,9.7835
Bend_pickup_normalLight_leftRight,39,,Standing,,0.882,0.0,7.7955
Bend_pickup_normalLight_leftRight,40,,Standing,,0.43,0.0,7.5272
Bend_pickup_normalLight_leftRight,41,,Standing,,0.374,0.0,9.8789
Bend_pickup_normalLight_leftRight,42,,Standing,,0.396,0.0,17.6438
Bend_pickup_normalLight_leftRight,43,,Lying,,0.414,0.0,28.7017
Bend_pickup_normalLight_leftRight,44,,Sitting,,0.412,0.0,23.0843
Bend_pickup_normalLight_leftRight,45,,Sitting,,0.789,0.0,20.2992
Bend_pickup_normalLight_leftRight,46,,Lying,,0.416,0.0,18.6681
Bend_pickup_normalLight_leftRight,47,,Sitting,,0.549,0.0,16.0392
Bend_pickup_normalLight_leftRight,48,,Sitting,,0.831,0.0,12.6897
Bend_pickup_normalLight_leftRight,49,,Sitting,,0.933,0.0,10.8891
Bend_pickup_normalLight_leftRight,50,,Sitting,,0.967,0.0,9.8153
Bend_pickup_normalLight_leftRight,51,,Sitting,,0.928,0.0,11.7763
Bend_pickup_normalLight_leftRight,52,,Sitting,,0.946,0.0,13.7417
Bend_pickup_normalLight_leftRight,53,,Sitting,,0.966,0.0,6.2153
Bend_pickup_normalLight_leftRight,54,,Sitting,,0.97,0.0,7.9922
Bend_pickup_normalLight_leftRight,55,,Sitting,,0.977,0.0,9.4979
Bend_pickup_normalLight_leftRight,56,,Sitting,,0.959,0.0,7.9116
Bend_pickup_normalLight_leftRight,57,,Sitting,,0.935,0.0,8.5617
Bend_pickup_normalLight_leftRight,58,,Sitting,,0.948,0.0,7.5151
Bend_pickup_normalLight_leftRight,59,,Sitting,,0.908,0.0,7.8274
Bend_pickup_normalLight_leftRight,60,,Sitting,,0.95,0.0,7.8903
Bend_pickup_normalLight_leftRight,61,,Sitting,,0.956,0.0,7.0488
Bend_pickup_normalLight_leftRight,62,,Sitting,,0.93,0.0,8.2402
Bend_pickup_normalLight_leftRight,63,,Sitting,,0.96,0.0,8.0244
Bend_pickup_normalLight_leftRight,64,,Sitting,,0.915,0.0,10.8924
Bend_pickup_normalLight_leftRight,65,,Sitting,,0.922,0.0,10.1801
Bend_pickup_normalLight_leftRight,66,,Sitting,,0.913,0.0,8.1888
Bend_pickup_normalLight_leftRight,67,,Sitting,,0.908,0.0,7.9504
Bend_pickup_normalLight_leftRight,68,,Sitting,,0.914,0.0,8.0474
Bend_pickup_normalLight_leftRight,69,,Sitting,,0.915,0.0,9.574
Bend_pickup_normalLight_leftRight,70,,Sitting,,0.891,0.0,7.5419
Bend_pickup_normalLight_leftRight,71,,Sitting,,0.874,0.0,7.972
Bend_pickup_normalLight_leftRight,72,,Sitting,,0.925,0.0,7.5492
Bend_pickup_normalLight_leftRight,73,,Sitting,,0.92,0.0,7.6486
Bend_pickup_normalLight_leftRight,74,,Sitting,,0.788,0.0,7.38
Bend_pickup_normalLight_leftRight,75,,Sitting,,0.836,0.0,7.6213
Bend_pickup_normalLight_leftRight,76,,Sitting,,0.781,0.0,7.6226
Bend_pickup_normalLight_leftRight,77,,Standing,,0.558,0.0,8.5247
Bend_pickup_normalLight_leftRight,78,,Standing,,0.527,0.0,6.4362
Bend_pickup_normalLight_leftRight,79,,Standing,,0.808,0.0,7.7261
Bend_pickup_normalLight_leftRight,80,,Standing,,0.935,0.0,7.2797
Bend_pickup_normalLight_leftRight,81,,Standing,,0.855,0.0,7.5559
Bend_pickup_normalLight_leftRight,82,,Standing,,0.837,0.0,7.5309
Bend_pickup_normalLight_leftRight,83,,Standing,,0.755,0.0,7.0052
Bend_pickup_normalLight_leftRight,84,,Standing,,0.525,0.0,7.6474
Bend_pickup_normalLight_leftRight,85,,Standing,,0.397,0.0,7.4571
Bend_pickup_normalLight_leftRight,86,,Standing,,0.661,0.0,8.2444
Bend_pickup_normalLight_leftRight,87,Standing,Standing,True,0.812,0.0,7.5233
Bend_pickup_normalLight_leftRight,88,Standing,Standing,True,0.871,0.0,7.5695
Bend_pickup_normalLight_leftRight,89,Standing,Standing,True,0.968,0.0,7.4216
Bend_pickup_normalLight_leftRight,90,Standing,Standing,True,0.996,0.0,7.9298
Bend_pickup_normalLight_leftRight,91,Standing,Standing,True,0.999,0.0,7.8128
Bend_pickup_normalLight_leftRight,92,Standing,Standing,True,0.998,0.0,7.9752
Bend_pickup_normalLight_leftRight,93,Standing,Standing,True,0.999,0.0,8.3112
Bend_pickup_normalLight_leftRight,94,Standing,Standing,True,0.999,0.0,8.6308
Bend_pickup_normalLight_leftRight,95,Standing,Standing,True,0.999,0.0,7.5079
Bend_pickup_normalLight_leftRight,96,Standing,Standing,True,0.999,0.0,7.1912
Bend_pickup_normalLight_leftRight,97,Standing,Standing,True,1.0,0.0,7.2353
Bend_pickup_normalLight_leftRight,98,Standing,Standing,True,0.999,0.0,7.297
Bend_pickup_normalLight_leftRight,99,Standing,Standing,True,1.0,0.0,7.2698
Bend_pickup_normalLight_leftRight,100,Standing,Standing,True,0.999,0.0,7.1765
Bend_pickup_normalLight_leftRight,101,Standing,Standing,True,0.999,0.0,6.5557
Bend_pickup_normalLight_leftRight,102,Standing,Standing,True,0.999,0.0,6.9431
Bend_pickup_normalLight_leftRight,103,Standing,Standing,True,0.999,0.0,7.3032
Bend_pickup_normalLight_leftRight,104,Standing,Standing,True,0.998,0.0,7.1381
Bend_pickup_normalLight_leftRight,105,Standing,Standing,True,0.999,0.0,6.9289
Bend_pickup_normalLight_leftRight,106,Standing,Standing,True,0.999,0.0,7.1845
Bend_pickup_normalLight_leftRight,107,Standing,Standing,True,0.999,0.0,6.8456
Bend_pickup_normalLight_leftRight,108,Standing,Standing,True,1.0,0.0,7.0721
Bend_pickup_normalLight_leftRight,109,Standing,Standing,True,1.0,0.0,7.1387
Bend_pickup_normalLight_leftRight,110,Standing,Standing,True,1.0,0.0,7.0946
Bend_pickup_normalLight_leftRight,111,Standing,Standing,True,0.999,0.0,6.8144
Bend_pickup_normalLight_leftRight,112,Standing,Standing,True,0.998,0.0,6.5284
Bend_pickup_normalLight_leftRight,113,Standing,Standing,True,0.996,0.0,8.2323
Bend_pickup_normalLight_leftRight,114,Standing,Standing,True,0.997,0.0,7.0907
Bend_pickup_normalLight_leftRight,115,Standing,Standing,True,0.998,0.0,6.2836
Bend_pickup_normalLight_leftRight,116,Standing,Standing,True,0.999,0.0,5.8467
Bend_pickup_normalLight_leftRight,117,Standing,Standing,True,0.998,0.0,4.7876
Bend_pickup_normalLight_leftRight,118,Standing,Standing,True,0.997,0.0,5.8032
Bend_pickup_normalLight_leftRight,119,Standing,Standing,True,0.995,0.0,6.9298
Bend_pickup_normalLight_leftRight,120,Standing,Standing,True,0.995,0.0,5.9833
Bend_pickup_normalLight_leftRight,121,Standing,Standing,True,0.992,0.0,6.151
Bend_pickup_normalLight_leftRight,122,Standing,Standing,True,0.991,0.0,6.811
Bend_pickup_normalLight_leftRight,123,Standing,Standing,True,0.993,0.0,7.0861
Bend_pickup_normalLight_leftRight,124,Standing,Standing,True,0.987,0.0,6.9255
Bend_pickup_normalLight_leftRight,125,Standing,Standing,True,0.983,0.0,6.5735
Bend_pickup_normalLight_leftRight,126,Standing,Standing,True,0.983,0.0,6.5318
Bend_pickup_normalLight_leftRight,127,Standing,Standing,True,0.991,0.0,6.5479
Bend_pickup_normalLight_leftRight,128,Standing,Standing,True,0.986,0.0,7.1726
Bend_pickup_normalLight_leftRight,129,Standing,Standing,True,0.978,0.0,7.3942
Bend_pickup_normalLight_leftRight,130,Standing,Standing,True,0.982,0.0,6.5981
Bend_pickup_normalLight_leftRight,131,Standing,Standing,True,0.958,0.0,7.1698
Bend_pickup_normalLight_leftRight,132,Standing,Standing,True,0.949,0.0,6.3857
Bend_pickup_normalLight_leftRight,133,Standing,Standing,True,0.956,0.0,5.6946
Bend_pickup_normalLight_leftRight,134,Standing,Standing,True,0.987,0.0,6.7266
Bend_pickup_normalLight_leftRight,135,Standing,Standing,True,0.986,0.0,6.26
Bend_pickup_normalLight_leftRight,136,Standing,Standing,True,0.993,0.0,6.7018
Bend_pickup_normalLight_leftRight,137,Standing,Standing,True,0.995,0.0,7.0613
Bend_pickup_normalLight_leftRight,138,Standing,Standing,True,0.998,0.0,7.1077
Bend_pickup_normalLight_leftRight,139,Standing,Standing,True,0.998,0.0,6.9749
Bend_pickup_normalLight_leftRight,140,Standing,Standing,True,0.998,0.0,6.2944
Bend_pickup_normalLight_leftRight,141,Standing,Standing,True,0.997,0.0,7.1848
Bend_pickup_normalLight_leftRight,142,Standing,Standing,True,0.998,0.0,7.1079
Bend_pickup_normalLight_leftRight,143,Standing,Standing,True,0.997,0.0,7.3462
Bend_pickup_normalLight_leftRight,144,Standing,Standing,True,0.998,0.0,5.6579
Bend_pickup_normalLight_leftRight,145,Standing,Standing,True,0.998,0.0,5.8973
Bend_pickup_normalLight_leftRight,146,Standing,Standing,True,0.999,0.0,6.1052
Bend_pickup_normalLight_leftRight,147,Standing,Standing,True,0.998,0.0,6.1006
Bend_pickup_normalLight_leftRight,148,Standing,Standing,True,0.999,0.0,7.4861
Bend_pickup_normalLight_leftRight,149,Standing,Standing,True,0.999,0.0,8.04
Bend_pickup_normalLight_leftRight,150,Standing,Standing,True,0.999,0.0,5.8913
Bend_pickup_normalLight_leftRight,151,Standing,Standing,True,0.999,0.0,6.644
Bend_pickup_normalLight_leftRight,152,Standing,Standing,True,0.999,0.0,6.361
Bend_pickup_normalLight_leftRight,153,Standing,Standing,True,0.999,0.0,7.3959
Bend_pickup_normalLight_leftRight,154,Standing,Standing,True,0.998,0.0,7.3222
Bend_pickup_normalLight_leftRight,155,Standing,Standing,True,0.997,0.0,7.222
Bend_pickup_normalLight_leftRight,156,Standing,Standing,True,0.994,0.0,7.0027
Bend_pickup_normalLight_leftRight,157,Standing,Standing,True,0.993,0.0,7.1962
Bend_pickup_normalLight_leftRight,158,Standing,Standing,True,0.994,0.0,7.0254
Bend_pickup_normalLight_leftRight,159,Standing,Standing,True,0.995,0.0,7.137
Bend_pickup_normalLight_leftRight,160,Standing,Standing,True,0.996,0.0,6.9022
Bend_pickup_normalLight_leftRight,161,Standing,Standing,True,0.993,0.0,7.2433
Bend_pickup_normalLight_leftRight,162,Standing,Standing,True,0.989,0.0,6.9402
Bend_pickup_normalLight_leftRight,163,Standing,Standing,True,0.989,0.0,7.1476
Bend_pickup_normalLight_leftRight,164,Standing,Standing,True,0.989,0.0,6.2024
Bend_pickup_normalLight_leftRight,165,Standing,Standing,True,0.99,0.0,6.8759
Bend_pickup_normalLight_leftRight,166,Standing,Standing,True,0.987,0.0,7.39
Bend_pickup_normalLight_leftRight,167,Standing,Standing,True,0.964,0.0,6.6781
Bend_pickup_normalLight_leftRight,168,Standing,Standing,True,0.926,0.0,7.2622
Bend_pickup_normalLight_leftRight,169,Standing,Standing,True,0.946,0.0,6.8304
Bend_pickup_normalLight_leftRight,170,Standing,Standing,True,0.934,0.0,6.9615
Bend_pickup_normalLight_leftRight,171,Standing,Standing,True,0.959,0.0,4.8278
Bend_pickup_normalLight_leftRight,172,Standing,Standing,True,0.968,0.0,6.6849
Bend_pickup_normalLight_leftRight,173,Standing,Standing,True,0.973,0.0,7.3643
Bend_pickup_normalLight_leftRight,174,,Standing,,0.985,0.0,6.1722
Bend_pickup_normalLight_leftRight,175,,Standing,,0.972,0.0,6.361
Bend_pickup_normalLight_leftRight,176,,Standing,,0.968,0.0,6.5039
Bend_pickup_normalLight_leftRight,177,,Standing,,0.978,0.0,6.7638
Bend_pickup_normalLight_leftRight,178,,Standing,,0.979,0.0,7.0408
Bend_pickup_normalLight_leftRight,179,,Standing,,0.98,0.0,6.358
Bend_pickup_normalLight_leftRight,180,,Standing,,0.983,0.0,6.4511
Bend_pickup_normalLight_leftRight,181,,Standing,,0.991,0.0,6.2345
Bend_pickup_normalLight_leftRight,182,,Standing,,0.984,0.0,4.7566
Bend_pickup_normalLight_leftRight,183,,Standing,,0.99,0.0,8.4888
Bend_pickup_normalLight_leftRight,184,,Standing,,0.984,0.0,10.4648
Bend_pickup_normalLight_leftRight,185,,Standing,,0.987,0.0,9.2331
Bend_pickup_normalLight_leftRight,186,,Standing,,0.988,0.0,7.2856
Bend_pickup_normalLight_leftRight,187,,Standing,,0.996,0.0,6.8892
Bend_pickup_normalLight_leftRight,188,,Standing,,0.996,0.0,6.3394
Bend_pickup_normalLight_leftRight,189,,Standing,,0.998,0.0,6.8608
Bend_pickup_normalLight_leftRight,190,,Standing,,0.999,0.0,6.9108
Bend_pickup_normalLight_leftRight,191,,Standing,,0.996,0.0,8.2374
Bend_pickup_normalLight_leftRight,192,,Standing,,0.997,0.0,7.0049
Bend_pickup_normalLight_leftRight,193,,Standing,,0.998,0.0,7.0019
Bend_pickup_normalLight_leftRight,194,,Standing,,0.997,0.0,6.071
Bend_pickup_normalLight_leftRight,195,,Standing,,0.996,0.0,7.7533
Bend_pickup_normalLight_leftRight,196,,Standing,,0.996,0.0,7.0792
Bend_pickup_normalLight_leftRight,197,,Standing,,0.995,0.0,7.0483
Bend_pickup_normalLight_leftRight,198,,Standing,,0.996,0.0,6.9596
Bend_pickup_normalLight_leftRight,199,,Standing,,0.996,0.0,7.0876
Bend_pickup_normalLight_leftRight,200,,Standing,,0.994,0.0,7.4795
Bend_pickup_normalLight_leftRight,201,,Standing,,0.993,0.0,7.1096
Bend_pickup_normalLight_leftRight,202,,Standing,,0.985,0.0,8.2575
Bend_pickup_normalLight_leftRight,203,,Standing,,0.983,0.0,7.1447
Bend_pickup_normalLight_leftRight,204,,Standing,,0.993,0.0,7.9139
Bend_pickup_normalLight_leftRight,205,,Standing,,0.993,0.0,7.2696
Bend_pickup_normalLight_leftRight,206,,Standing,,0.992,0.0,8.1105
Bend_pickup_normalLight_leftRight,207,,Standing,,0.995,0.0,8.0895
Bend_pickup_normalLight_leftRight,208,,Standing,,0.988,0.0,7.7028
Bend_pickup_normalLight_leftRight,209,,Standing,,0.994,0.0,8.2661
Bend_pickup_normalLight_leftRight,210,,Standing,,0.976,0.0,11.28
Bend_pickup_normalLight_leftRight,211,,Standing,,0.878,0.0,14.4482
Bend_pickup_normalLight_leftRight,212,,Standing,,0.865,0.0,9.4224
Bend_pickup_normalLight_leftRight,213,,Standing,,0.798,0.0,8.194
Bend_pickup_normalLight_leftRight,214,,Standing,,0.504,0.0,17.5655
Bend_pickup_normalLight_leftRight,215,,Standing,,0.824,0.0,8.9039
Bend_pickup_normalLight_leftRight,216,,Standing,,0.947,0.0,8.8634
Bend_pickup_normalLight_leftRight,217,,Standing,,0.962,0.0,11.113
Bend_pickup_normalLight_leftRight,218,,Standing,,0.992,0.0,8.5044
Bend_pickup_normalLight_leftRight,219,,Standing,,0.983,0.0,8.0398
Bend_pickup_normalLight_leftRight,220,,Standing,,0.99,0.0,9.8861
Bend_pickup_normalLight_leftRight,221,,Standing,,0.954,0.0,9.5081
Bend_pickup_normalLight_leftRight,222,,Standing,,0.971,0.0,19.1995
Bend_pickup_normalLight_leftRight,223,,Standing,,0.976,0.0,15.75
Bend_pickup_normalLight_leftRight,224,,Standing,,0.944,0.0,10.1661
Bend_pickup_normalLight_leftRight,225,,Standing,,0.931,0.0,12.8009
Bend_pickup_normalLight_leftRight,226,,Standing,,0.913,0.0,11.4867
Bend_pickup_normalLight_leftRight,227,,Standing,,0.983,0.0,13.3083
Bend_pickup_normalLight_leftRight,228,,Standing,,0.947,0.0,18.5524
Bend_pickup_normalLight_leftRight,229,,Standing,,0.835,0.0,10.5181
Bend_pickup_normalLight_leftRight,230,,Standing,,0.952,0.0,10.0049
Bend_pickup_normalLight_leftRight,231,,Standing,,0.871,0.0,8.4304
Bend_pickup_normalLight_leftRight,232,,Standing,,0.798,0.0,10.5099
Bend_pickup_normalLight_leftRight,233,,Standing,,0.511,0.0,8.7572
Bend_pickup_normalLight_leftRight,234,,Standing,,0.698,0.0,8.8895
Bend_pickup_normalLight_leftRight,235,,Standing,,0.656,0.0,11.3278
Bend_pickup_normalLight_leftRight,236,,Standing,,0.527,0.0,8.4986
Bend_pickup_normalLight_leftRight,237,,Standing,,0.752,0.0,9.3691
Bend_pickup_normalLight_leftRight,238,,Sitting,,0.754,0.0,6.5721
Bend_pickup_normalLight_leftRight,239,,Sitting,,0.532,0.0,10.1466
Bend_pickup_normalLight_leftRight,240,,Sitting,,0.798,0.0,10.5365
Bend_pickup_normalLight_leftRight,241,,Sitting,,0.744,0.0,10.5477
Bend_pickup_normalLight_leftRight,242,,Sitting,,0.798,0.0,9.6535
Bend_pickup_normalLight_leftRight,243,,Sitting,,0.797,0.0,8.4143
Bend_pickup_normalLight_leftRight,244,,Sitting,,0.776,0.0,9.2144
Bend_pickup_normalLight_leftRight,245,,Sitting,,0.766,0.0,10.1765
Bend_pickup_normalLight_leftRight,246,,Sitting,,0.733,0.0,8.4446
Bend_pickup_normalLight_leftRight,247,,Sitting,,0.764,0.0,9.2266
Bend_pickup_normalLight_leftRight,248,,Sitting,,0.841,0.0,7.6758
Bend_pickup_normalLight_leftRight,249,,Sitting,,0.712,0.0,12.4063
Bend_pickup_normalLight_leftRight,250,,Sitting,,0.711,0.0,9.8454
Bend_pickup_normalLight_leftRight,251,,Sitting,,0.78,0.0,8.3852
Bend_pickup_normalLight_leftRight,252,,Sitting,,0.74,0.0,12.0235
Bend_pickup_normalLight_leftRight,253,,Sitting,,0.659,0.0,12.5625
Bend_pickup_normalLight_leftRight,254,,Standing,,0.547,0.0,8.4079
Bend_pickup_normalLight_leftRight,255,,Standing,,0.801,0.0,9.108
Bend_pickup_normalLight_leftRight,256,,Standing,,0.728,0.0,8.8865
Bend_pickup_normalLight_leftRight,257,,Standing,,0.945,0.0,8.8902
Bend_pickup_normalLight_leftRight,258,,Standing,,0.978,0.0,8.4183
Bend_pickup_normalLight_leftRight,259,,Standing,,0.981,0.0,9.8976
Bend_pickup_normalLight_leftRight,260,,Standing,,0.984,0.0,10.367
Bend_pickup_normalLight_leftRight,261,Standing,Standing,True,0.855,0.0,8.2836
Bend_pickup_normalLight_leftRight,262,Standing,Standing,True,0.987,0.0,11.1248
Bend_pickup_normalLight_leftRight,263,Standing,Standing,True,0.992,0.0,8.6167
Bend_pickup_normalLight_leftRight,264,Standing,Standing,True,0.977,0.0,11.1716
Bend_pickup_normalLight_leftRight,265,Standing,Standing,True,0.981,0.0,8.4607
Bend_pickup_normalLight_leftRight,266,Standing,Standing,True,0.991,0.0,8.4913
Bend_pickup_normalLight_leftRight,267,Standing,Standing,True,0.994,0.0,8.7797
Bend_pickup_normalLight_leftRight,268,Standing,Standing,True,0.989,0.0,10.7334
Bend_pickup_normalLight_leftRight,269,Standing,Standing,True,0.987,0.0,8.1304
Bend_pickup_normalLight_leftRight,270,Standing,Standing,True,0.995,0.0,7.5281
Bend_pickup_normalLight_leftRight,271,Standing,Standing,True,0.996,0.0,8.5941
Bend_pickup_normalLight_leftRight,272,Standing,Standing,True,0.997,0.0,9.2893
Bend_pickup_normalLight_leftRight,273,Standing,Standing,True,0.997,0.0,9.9143
Bend_pickup_normalLight_leftRight,274,Standing,Standing,True,0.992,0.0,8.5267
Bend_pickup_normalLight_leftRight,275,Standing,Standing,True,0.99,0.0,6.5376
Bend_pickup_normalLight_leftRight,276,Standing,Standing,True,0.999,0.0,9.5924
Bend_pickup_normalLight_leftRight,277,Standing,Standing,True,0.997,0.0,9.1786
Bend_pickup_normalLight_leftRight,278,Standing,Standing,True,0.997,0.0,9.8642
Bend_pickup_normalLight_leftRight,279,Standing,Standing,True,0.997,0.0,10.6587
Bend_pickup_normalLight_leftRight,280,Standing,Standing,True,0.997,0.0,6.5895
Bend_pickup_normalLight_leftRight,281,Standing,Standing,True,0.998,0.0,6.6304
Bend_pickup_normalLight_leftRight,282,Standing,Standing,True,0.997,0.0,8.9065
Bend_pickup_normalLight_leftRight,283,Standing,Standing,True,0.998,0.0,9.321
Bend_pickup_normalLight_leftRight,284,Standing,Standing,True,0.999,0.0,10.9087
Bend_pickup_normalLight_leftRight,285,Standing,Standing,True,0.998,0.0,9.483
Bend_pickup_normalLight_leftRight,286,Standing,Standing,True,0.999,0.0,10.7581
Bend_pickup_normalLight_leftRight,287,Standing,Standing,True,0.998,0.0,6.6379
Bend_pickup_normalLight_leftRight,288,Standing,Standing,True,0.998,0.0,42.6829
Bend_pickup_normalLight_leftRight,289,Standing,Standing,True,0.997,0.0,20.7542
Bend_pickup_normalLight_leftRight,290,Standing,Standing,True,0.997,0.0,12.097
Bend_pickup_normalLight_leftRight,291,Standing,Standing,True,0.995,0.0,8.3857
Bend_pickup_normalLight_leftRight,292,Standing,Standing,True,0.996,0.0,10.7251
Bend_pickup_normalLight_leftRight,293,Standing,Standing,True,0.997,0.0,13.9618
Bend_pickup_normalLight_leftRight,294,Standing,Standing,True,0.995,0.0,10.9206
Bend_pickup_normalLight_leftRight,295,Standing,Standing,True,0.988,0.0,11.1686
Bend_pickup_normalLight_leftRight,296,Standing,Standing,True,0.983,0.0,10.9297
Bend_pickup_normalLight_leftRight,297,Standing,Standing,True,0.985,0.0,9.7657
Bend_pickup_normalLight_leftRight,298,Standing,Standing,True,0.995,0.0,14.1119
Bend_pickup_normalLight_leftRight,299,Standing,Standing,True,0.995,0.0,10.312
Bend_pickup_normalLight_leftRight,300,Standing,Standing,True,0.998,0.0,9.3576
Bend_pickup_normalLight_leftRight,301,Standing,Standing,True,0.998,0.0,7.9919
Bend_pickup_normalLight_leftRight,302,Standing,Standing,True,0.998,0.0,10.1822
Bend_pickup_normalLight_leftRight,303,Standing,Standing,True,0.998,0.0,6.8008
Bend_pickup_normalLight_leftRight,304,Standing,Standing,True,0.998,0.0,8.6889
Bend_pickup_normalLight_leftRight,305,Standing,Standing,True,0.998,0.0,8.2017
Bend_pickup_normalLight_leftRight,306,Standing,Standing,True,0.999,0.0,8.8963
Bend_pickup_normalLight_leftRight,307,Standing,Standing,True,0.999,0.0,8.9943
Bend_pickup_normalLight_leftRight,308,Standing,Standing,True,0.999,0.0,10.7691
Bend_pickup_normalLight_leftRight,309,Standing,Standing,True,0.999,0.0,10.6506
Bend_pickup_normalLight_leftRight,310,Standing,Standing,True,1.0,0.0,8.6971
Bend_pickup_normalLight_leftRight,311,Standing,Standing,True,1.0,0.0,9.2009
Bend_pickup_normalLight_leftRight,312,Standing,Standing,True,1.0,0.0,9.7935
Bend_pickup_normalLight_leftRight,313,Standing,Standing,True,1.0,0.0,9.8341
Bend_pickup_normalLight_leftRight,314,Standing,Standing,True,1.0,0.0,9.4557
Bend_pickup_normalLight_leftRight,315,Standing,Standing,True,1.0,0.0,8.6079
Bend_pickup_normalLight_leftRight,316,Standing,Standing,True,1.0,0.0,10.2814
Bend_pickup_normalLight_leftRight,317,Standing,Standing,True,1.0,0.0,13.2827
Bend_pickup_normalLight_leftRight,318,Standing,Standing,True,1.0,0.0,11.7939
Bend_pickup_normalLight_leftRight,319,Standing,Standing,True,0.999,0.0,18.143
Bend_pickup_normalLight_leftRight,320,Standing,Standing,True,0.999,0.0,19.2644
Bend_pickup_normalLight_leftRight,321,,Standing,,0.998,0.0,15.7793
Bend_pickup_normalLight_leftRight,322,,Standing,,0.998,0.0,16.0829
Bend_pickup_normalLight_leftRight,323,,Standing,,0.995,0.0,19.4952
Bend_pickup_normalLight_leftRight,324,,Standing,,0.996,0.0,18.6392
Bend_pickup_normalLight_leftRight,325,,Standing,,0.992,0.0,19.5202
Bend_pickup_normalLight_leftRight,326,,Standing,,0.993,0.0,27.5252
Bend_pickup_normalLight_leftRight,327,,Standing,,0.991,0.0,13.2163
Bend_pickup_normalLight_leftRight,328,,Standing,,0.996,0.0,12.1355
Bend_pickup_normalLight_leftRight,329,,Standing,,0.994,0.0,19.1838
Bend_pickup_normalLight_leftRight,330,,Standing,,0.997,0.0,12.1292
Bend_pickup_normalLight_leftRight,331,,Standing,,0.998,0.0,15.5604
Bend_pickup_normalLight_leftRight,332,,Standing,,0.997,0.0,18.9197
Bend_pickup_normalLight_leftRight,333,,Standing,,0.995,0.0,12.286
Bend_pickup_squat_lowLight,31,,Standing,,0.998,0.0,11.7418
Bend_pickup_squat_lowLight,32,,Standing,,0.996,0.0,11.9415
Bend_pickup_squat_lowLight,33,,Standing,,0.997,0.0,15.2092
Bend_pickup_squat_lowLight,34,,Standing,,0.997,0.0,8.8865
Bend_pickup_squat_lowLight,35,,Standing,,0.998,0.0,13.8077
Bend_pickup_squat_lowLight,36,,Standing,,0.998,0.0,11.1955
Bend_pickup_squat_lowLight,37,,Standing,,0.999,0.0,11.465
Bend_pickup_squat_lowLight,38,,Standing,,0.998,0.0,10.8709
Bend_pickup_squat_lowLight,39,,Standing,,0.999,0.0,11.1149
Bend_pickup_squat_lowLight,40,,Standing,,0.997,0.0,9.4693
Bend_pickup_squat_lowLight,41,,Standing,,0.997,0.0,8.6293
Bend_pickup_squat_lowLight,42,,Standing,,0.996,0.0,9.2008
Bend_pickup_squat_lowLight,43,,Standing,,0.998,0.0,9.4518
Bend_pickup_squat_lowLight,44,,Standing,,0.994,0.0,9.856
Bend_pickup_squat_lowLight,45,,Standing,,0.998,0.0,10.5778
Bend_pickup_squat_lowLight,46,,Standing,,0.993,0.0,9.1057
Bend_pickup_squat_lowLight,47,,Standing,,0.998,0.0,11.5361
Bend_pickup_squat_lowLight,48,,Standing,,0.997,0.0,9.4188
Bend_pickup_squat_lowLight,49,,Standing,,0.995,0.0,9.8775
Bend_pickup_squat_lowLight,50,,Standing,,0.992,0.0,12.3517
Bend_pickup_squat_lowLight,51,,Standing,,0.998,0.0,11.4884
Bend_pickup_squat_lowLight,52,,Standing,,0.999,0.0,8.4047
Bend_pickup_squat_lowLight,53,,Standing,,0.997,0.0,11.2058
Bend_pickup_squat_lowLight,54,,Standing,,0.995,0.0,11.5214
Bend_pickup_squat_lowLight,55,,Standing,,0.996,0.0,8.1193
Bend_pickup_squat_lowLight,56,,Standing,,0.988,0.0,12.685
Bend_pickup_squat_lowLight,57,,Standing,,0.964,0.0,11.6403
Bend_pickup_squat_lowLight,58,,Standing,,0.968,0.0,11.0686
Bend_pickup_squat_lowLight,59,,Standing,,0.971,0.0,14.3911
Bend_pickup_squat_lowLight,60,,Standing,,0.991,0.0,16.531
Bend_pickup_squat_lowLight,61,,Standing,,0.993,0.0,12.5238
Bend_pickup_squat_lowLight,62,,Standing,,0.986,0.0,12.4969
Bend_pickup_squat_lowLight,63,,Standing,,0.93,0.0,11.9734
Bend_pickup_squat_lowLight,64,,Standing,,0.939,0.0,9.6084
Bend_pickup_squat_lowLight,65,,Standing,,0.969,0.0,11.5041
Bend_pickup_squat_lowLight,66,,Standing,,0.958,0.0,10.3163
Bend_pickup_squat_lowLight,67,,Standing,,0.893,0.0,11.4123
Bend_pickup_squat_lowLight,68,,Standing,,0.876,0.0,11.6246
Bend_pickup_squat_lowLight,69,,Standing,,0.829,0.0,9.8328
Bend_pickup_squat_lowLight,70,,Standing,,0.871,0.0,12.3111
Bend_pickup_squat_lowLight,71,,Standing,,0.941,0.0,9.8725
Bend_pickup_squat_lowLight,72,,Standing,,0.822,0.0,10.7104
Bend_pickup_squat_lowLight,73,,Standing,,0.527,0.0,10.675
Bend_pickup_squat_lowLight,74,,Sitting,,0.526,0.0,9.7994
Bend_pickup_squat_lowLight,75,,Sitting,,0.72,0.0,12.9013
Bend_pickup_squat_lowLight,76,,Sitting,,0.789,0.0,13.5829
Bend_pickup_squat_lowLight,77,,Sitting,,0.908,0.0,11.8274
Bend_pickup_squat_lowLight,78,,Sitting,,0.873,0.0,10.7065
Bend_pickup_squat_lowLight,79,,Sitting,,0.89,0.0,13.5126
Bend_pickup_squat_lowLight,80,,Sitting,,0.929,0.0,10.2224
Bend_pickup_squat_lowLight,81,,Sitting,,0.969,0.0,11.4066
Bend_pickup_squat_lowLight,82,,Sitting,,0.962,0.0,11.5894
Bend_pickup_squat_lowLight,83,,Sitting,,0.95,0.0,12.4032
Bend_pickup_squat_lowLight,84,,Sitting,,0.908,0.0,9.6733
Bend_pickup_squat_lowLight,85,,Sitting,,0.964,0.0,10.431
Bend_pickup_squat_lowLight,86,,Sitting,,0.642,0.0,10.8063
Bend_pickup_squat_lowLight,87,,Sitting,,0.839,0.0,9.3239
Bend_pickup_squat_lowLight,88,,Sitting,,0.882,0.0,9.6862
Bend_pickup_squat_lowLight,89,,Sitting,,0.903,0.0,12.8466
Bend_pickup_squat_lowLight,90,,Sitting,,0.889,0.0,11.3082
Bend_pickup_squat_lowLight,91,,Sitting,,0.699,0.0,10.4217
Bend_pickup_squat_lowLight,92,,Sitting,,0.628,0.0,11.8663
Bend_pickup_squat_lowLight,93,,Sitting,,0.75,0.0,11.9658
Bend_pickup_squat_lowLight,94,,Sitting,,0.592,0.0,8.3963
Bend_pickup_squat_lowLight,95,,Sitting,,0.846,0.0,10.9143
Bend_pickup_squat_lowLight,96,,Sitting,,0.747,0.0,9.9024
Bend_pickup_squat_lowLight,97,,Sitting,,0.82,0.0,17.7498
Bend_pickup_squat_lowLight,98,,Sitting,,0.835,0.0,14.1027
Bend_pickup_squat_lowLight,99,,Sitting,,0.871,0.0,12.9637
Bend_pickup_squat_lowLight,100,,Sitting,,0.581,0.0,12.7244
Bend_pickup_squat_lowLight,101,,Sitting,,0.703,0.0,11.7748
Bend_pickup_squat_lowLight,102,,Sitting,,0.52,0.0,10.5509
Bend_pickup_squat_lowLight,103,,Standing,,0.892,0.0,13.3491
Bend_pickup_squat_lowLight,104,,Standing,,0.875,0.0,13.3149
Bend_pickup_squat_lowLight,105,,Standing,,0.946,0.0,16.7935
Bend_pickup_squat_lowLight,106,,Standing,,0.743,0.0,13.3032
Bend_pickup_squat_lowLight,107,,Standing,,0.963,0.0,15.8004
Bend_pickup_squat_lowLight,108,,Standing,,0.969,0.0,18.0282
Bend_pickup_squat_lowLight,109,,Standing,,0.976,0.0,15.6695
Bend_pickup_squat_lowLight,110,,Standing,,0.992,0.0,14.5911
Bend_pickup_squat_lowLight,111,,Standing,,0.993,0.0,12.4568
Bend_pickup_squat_lowLight,112,,Standing,,0.991,0.0,10.559
Bend_pickup_squat_lowLight,113,,Standing,,0.994,0.0,11.1462
Bend_pickup_squat_lowLight,114,,Standing,,0.993,0.0,13.0659
Bend_pickup_squat_lowLight,115,,Standing,,0.995,0.0,14.6218
Bend_pickup_squat_lowLight,116,,Standing,,0.995,0.0,11.0498
Bend_pickup_squat_lowLight,117,Standing,Standing,True,0.993,0.0,11.4009
Bend_pickup_squat_lowLight,118,Standing,Standing,True,0.991,0.0,10.3216
Bend_pickup_squat_lowLight,119,Standing,Standing,True,0.993,0.0,11.3109
Bend_pickup_squat_lowLight,120,Standing,Standing,True,0.994,0.0,12.0078
Bend_pickup_squat_lowLight,121,Standing,Standing,True,0.997,0.0,11.9405
Bend_pickup_squat_lowLight,122,Standing,Standing,True,0.999,0.0,11.3604
Bend_pickup_squat_lowLight,123,Standing,Standing,True,0.999,0.0,22.8876
Bend_pickup_squat_lowLight,124,Standing,Standing,True,0.998,0.0,27.1044
Bend_pickup_squat_lowLight,125,Standing,Standing,True,0.999,0.0,28.8867
Bend_pickup_squat_lowLight,126,Standing,Standing,True,1.0,0.0,16.2322
Bend_pickup_squat_lowLight,127,Standing,Standing,True,1.0,0.0,14.0318
Bend_pickup_squat_lowLight,128,Standing,Standing,True,1.0,0.0,18.0765
Bend_pickup_squat_lowLight,129,Standing,Standing,True,0.999,0.0,11.336
Bend_pickup_squat_lowLight,130,Standing,Standing,True,0.999,0.0,12.3307
Bend_pickup_squat_lowLight,131,Standing,Standing,True,0.999,0.0,16.0972
Bend_pickup_squat_lowLight,132,Standing,Standing,True,0.999,0.0,17.607
Bend_pickup_squat_lowLight,133,Standing,Standing,True,0.999,0.0,11.5221
Bend_pickup_squat_lowLight,134,Standing,Standing,True,0.999,0.0,14.2959
Bend_pickup_squat_lowLight,135,Standing,Standing,True,0.999,0.0,16.4778
Bend_pickup_squat_lowLight,136,Standing,Standing,True,0.998,0.0,13.0362
Bend_pickup_squat_lowLight,137,Standing,Standing,True,0.999,0.0,17.6515
Bend_pickup_squat_lowLight,138,Standing,Standing,True,0.998,0.0,19.4841
Bend_pickup_squat_lowLight,139,Standing,Standing,True,0.999,0.0,14.6918
Bend_pickup_squat_lowLight,140,Standing,Standing,True,0.998,0.0,18.014
Bend_pickup_squat_lowLight,141,Standing,Standing,True,0.999,0.0,15.7843
Bend_pickup_squat_lowLight,142,Standing,Standing,True,0.999,0.0,20.8869
Bend_pickup_squat_lowLight,143,Standing,Standing,True,0.999,0.0,14.2668
Bend_pickup_squat_lowLight,144,Standing,Standing,True,0.999,0.0,16.3876
Bend_pickup_squat_lowLight,145,Standing,Standing,True,0.999,0.0,12.7913
Bend_pickup_squat_lowLight,146,Standing,Standing,True,0.999,0.0,9.5637
Bend_pickup_squat_lowLight,147,Standing,Standing,True,0.999,0.0,9.8064
Bend_pickup_squat_lowLight,148,,Standing,,0.998,0.0,10.7152
Bend_pickup_squat_lowLight,149,,Standing,,0.998,0.0,11.1025
Bend_pickup_squat_lowLight,150,,Standing,,0.997,0.0,11.5082
Bend_pickup_squat_lowLight,151,,Standing,,0.998,0.0,8.6071
Bend_pickup_squat_lowLight,152,,Standing,,0.998,0.0,8.7675
Bend_pickup_squat_lowLight,153,,Standing,,0.998,0.0,11.5425
Bend_pickup_squat_lowLight,154,,Standing,,0.998,0.0,14.6628
Bend_pickup_squat_lowLight,155,,Standing,,0.998,0.0,11.8615
Bend_pickup_squat_lowLight,156,,Standing,,0.998,0.0,16.9151
Bend_pickup_squat_lowLight,157,,Standing,,0.998,0.0,15.2479
Bend_pickup_squat_lowLight,158,,Standing,,0.999,0.0,11.329
Bend_pickup_squat_lowLight,159,,Standing,,0.999,0.0,11.8403
Bend_pickup_squat_lowLight,160,,Standing,,1.0,0.0,13.0312
Bend_pickup_squat_lowLight,161,,Standing,,1.0,0.0,9.6008
Bend_pickup_squat_lowLight,162,,Standing,,0.999,0.0,9.9808
Bend_pickup_squat_lowLight,163,,Standing,,0.999,0.0,12.5224
Bend_pickup_squat_lowLight,164,,Standing,,0.999,0.0,9.91
Bend_pickup_squat_lowLight,165,,Standing,,0.999,0.0,9.1058
Bend_pickup_squat_lowLight,166,,Standing,,0.999,0.0,10.5116
Bend_pickup_squat_lowLight,167,,Standing,,0.999,0.0,8.7619
Bend_pickup_squat_lowLight,168,,Standing,,0.999,0.0,7.4514
Bend_pickup_squat_lowLight,169,,Standing,,0.999,0.0,10.7476
Bend_pickup_squat_lowLight,170,,Standing,,0.999,0.0,13.7182
Bend_pickup_squat_lowLight,171,,Standing,,0.999,0.0,14.0105
Bend_pickup_squat_lowLight,172,,Standing,,0.999,0.0,12.9866
Bend_pickup_squat_lowLight,173,,Standing,,0.999,0.0,12.9593
Bend_pickup_squat_lowLight,174,,Standing,,0.995,0.0,12.5227
Bend_pickup_squat_normalLight,31,,Standing,,0.999,0.0,10.6597
Bend_pickup_squat_normalLight,32,,Standing,,0.999,0.0,10.0964
Bend_pickup_squat_normalLight,33,,Standing,,0.996,0.0,9.1787
Bend_pickup_squat_normalLight,34,,Standing,,0.993,0.0,14.1172
Bend_pickup_squat_normalLight,35,,Standing,,0.994,0.0,10.0254
Bend_pickup_squat_normalLight,36,,Standing,,0.994,0.0,8.1972
Bend_pickup_squat_normalLight,37,,Standing,,0.993,0.0,11.1302
Bend_pickup_squat_normalLight,38,,Standing,,0.991,0.0,10.2506
Bend_pickup_squat_normalLight,39,,Standing,,0.989,0.0,8.436
Bend_pickup_squat_normalLight,40,,Standing,,0.991,0.0,10.3676
Bend_pickup_squat_normalLight,41,,Standing,,0.978,0.0,16.8603
Bend_pickup_squat_normalLight,42,,Standing,,0.989,0.0,17.4351
Bend_pickup_squat_normalLight,43,,Standing,,0.991,0.0,22.2971
Bend_pickup_squat_normalLight,44,,Standing,,0.978,0.0,21.1808
Bend_pickup_squat_normalLight,45,,Standing,,0.977,0.0,11.4502
Bend_pickup_squat_normalLight,46,,Standing,,0.983,0.0,10.3545
Bend_pickup_squat_normalLight,47,,Standing,,0.993,0.0,11.0396
Bend_pickup_squat_normalLight,48,,Standing,,0.988,0.0,8.335
Bend_pickup_squat_normalLight,49,,Standing,,0.983,0.0,10.3773
Bend_pickup_squat_normalLight,50,,Standing,,0.99,0.0,7.2681
Bend_pickup_squat_normalLight,51,,Standing,,0.981,0.0,9.8341
Bend_pickup_squat_normalLight,52,,Standing,,0.97,0.0,8.9477
Bend_pickup_squat_normalLight,53,,Standing,,0.976,0.0,9.6408
Bend_pickup_squat_normalLight,54,,Standing,,0.858,0.0,9.7685
Bend_pickup_squat_normalLight,55,,Standing,,0.886,0.0,8.5502
Bend_pickup_squat_normalLight,56,,Standing,,0.976,0.0,8.1324
Bend_pickup_squat_normalLight,57,,Standing,,0.984,0.0,10.5053
Bend_pickup_squat_normalLight,58,,Standing,,0.987,0.0,8.8322
Bend_pickup_squat_normalLight,59,,Standing,,0.995,0.0,8.621
Bend_pickup_squat_normalLight,60,,Standing,,0.989,0.0,10.3948
Bend_pickup_squat_normalLight,61,,Standing,,0.977,0.0,10.3978
Bend_pickup_squat_normalLight,62,,Standing,,0.996,0.0,13.5631
Bend_pickup_squat_normalLight,63,,Standing,,0.992,0.0,10.93
Bend_pickup_squat_normalLight,64,,Standing,,0.992,0.0,13.6705
Bend_pickup_squat_normalLight,65,,Standing,,0.991,0.0,13.2121
Bend_pickup_squat_normalLight,66,,Standing,,0.966,0.0,12.3841
Bend_pickup_squat_normalLight,67,,Standing,,0.945,0.0,10.7877
Bend_pickup_squat_normalLight,68,,Standing,,0.984,0.0,10.8679
Bend_pickup_squat_normalLight,69,,Standing,,0.989,0.0,11.104
Bend_pickup_squat_normalLight,70,,Standing,,0.99,0.0,8.2132
Bend_pickup_squat_normalLight,71,,Standing,,0.985,0.0,9.2744
Bend_pickup_squat_normalLight,72,,Standing,,0.992,0.0,9.9777
Bend_pickup_squat_normalLight,73,,Standing,,0.963,0.0,8.7728
Bend_pickup_squat_normalLight,74,,Standing,,0.925,0.0,9.6319
Bend_pickup_squat_normalLight,75,,Standing,,0.905,0.0,11.4731
Bend_pickup_squat_normalLight,76,,Standing,,0.888,0.0,9.9983
Bend_pickup_squat_normalLight,77,,Standing,,0.937,0.0,10.3778
Bend_pickup_squat_normalLight,78,,Standing,,0.954,0.0,13.3717
Bend_pickup_squat_normalLight,79,,Standing,,0.928,0.0,19.2439
Bend_pickup_squat_normalLight,80,,Standing,,0.92,0.0,20.0244
Bend_pickup_squat_normalLight,81,,Standing,,0.91,0.0,14.698
Bend_pickup_squat_normalLight,82,,Standing,,0.908,0.0,12.4752
Bend_pickup_squat_normalLight,83,,Standing,,0.976,0.0,15.5141
Bend_pickup_squat_normalLight,84,,Standing,,0.907,0.0,15.9632
Bend_pickup_squat_normalLight,85,,Standing,,0.866,0.0,13.3247
Bend_pickup_squat_normalLight,86,,Standing,,0.687,0.0,10.0131
Bend_pickup_squat_normalLight,87,,Standing,,0.509,0.0,10.7449
Bend_pickup_squat_normalLight,88,,Sitting,,0.645,0.0,9.8987
Bend_pickup_squat_normalLight,89,,Sitting,,0.878,0.0,11.71
Bend_pickup_squat_normalLight,90,,Sitting,,0.809,0.0,10.2209
Bend_pickup_squat_normalLight,91,,Sitting,,0.865,0.0,8.9596
Bend_pickup_squat_normalLight,92,,Sitting,,0.762,0.0,10.5015
Bend_pickup_squat_normalLight,93,,Sitting,,0.758,0.0,8.2892
Bend_pickup_squat_normalLight,94,,Sitting,,0.867,0.0,9.7367
Bend_pickup_squat_normalLight,95,,Sitting,,0.854,0.0,11.763
Bend_pickup_squat_normalLight,96,,Sitting,,0.744,0.0,11.057
Bend_pickup_squat_normalLight,97,,Sitting,,0.872,0.0,10.1745
Bend_pickup_squat_normalLight,98,,Sitting,,0.868,0.0,11.1995
Bend_pickup_squat_normalLight,99,,Sitting,,0.805,0.0,10.6262
Bend_pickup_squat_normalLight,100,,Sitting,,0.712,0.0,13.4669
Bend_pickup_squat_normalLight,101,,Sitting,,0.803,0.0,10.2594
Bend_pickup_squat_normalLight,102,,Sitting,,0.842,0.0,10.6878
Bend_pickup_squat_normalLight,103,,Sitting,,0.696,0.0,9.0651
Bend_pickup_squat_normalLight,104,,Sitting,,0.526,0.0,25.2304
Bend_pickup_squat_normalLight,105,,Sitting,,0.638,0.0,16.7176
Bend_pickup_squat_normalLight,106,,Sitting,,0.636,0.0,13.2508
Bend_pickup_squat_normalLight,107,,Sitting,,0.648,0.0,9.4843
Bend_pickup_squat_normalLight,108,,Sitting,,0.743,0.0,10.026
Bend_pickup_squat_normalLight,109,,Sitting,,0.753,0.0,11.9716
Bend_pickup_squat_normalLight,110,,Sitting,,0.603,0.0,9.4816
Bend_pickup_squat_normalLight,111,,Sitting,,0.605,0.0,9.2999
Bend_pickup_squat_normalLight,112,,Sitting,,0.51,0.0,10.4344
Bend_pickup_squat_normalLight,113,,Sitting,,0.579,0.0,10.648
Bend_pickup_squat_normalLight,114,,Standing,,0.516,0.0,10.594
Bend_pickup_squat_normalLight,115,,Standing,,0.532,0.0,8.032
Bend_pickup_squat_normalLight,116,,Sitting,,0.53,0.0,11.0452
Bend_pickup_squat_normalLight,117,,Standing,,0.806,0.0,11.1276
Bend_pickup_squat_normalLight,118,,Standing,,0.858,0.0,12.7615
Bend_pickup_squat_normalLight,119,,Standing,,0.812,0.0,10.1677
Bend_pickup_squat_normalLight,120,,Standing,,0.902,0.0,10.8924
Bend_pickup_squat_normalLight,121,,Standing,,0.994,0.0,16.1375
Bend_pickup_squat_normalLight,122,,Standing,,0.996,0.0,13.7067
Bend_pickup_squat_normalLight,123,,Standing,,0.997,0.0,11.1389
Bend_pickup_squat_normalLight,124,,Standing,,0.998,0.0,11.7636
Bend_pickup_squat_normalLight,125,,Standing,,0.999,0.0,10.2093
Bend_pickup_squat_normalLight,126,,Standing,,0.998,0.0,10.262
Bend_pickup_squat_normalLight,127,,Standing,,0.998,0.0,8.5148
Bend_pickup_squat_normalLight,128,,Standing,,0.999,0.0,10.9004
Bend_pickup_squat_normalLight,129,,Standing,,0.997,0.0,10.4817
Bend_pickup_squat_normalLight,130,,Standing,,0.998,0.0,9.5957
Bend_pickup_squat_normalLight,131,,Standing,,0.999,0.0,11.1572
Bend_pickup_squat_normalLight,132,,Standing,,0.998,0.0,9.6234
Bend_pickup_squat_normalLight,133,,Standing,,0.998,0.0,11.3354
Bend_pickup_squat_normalLight,134,Standing,Standing,True,0.999,0.0,20.5626
Bend_pickup_squat_normalLight,135,Standing,Standing,True,0.999,0.0,11.0918
Bend_pickup_squat_normalLight,136,Standing,Standing,True,0.999,0.0,15.0724
Bend_pickup_squat_normalLight,137,Standing,Standing,True,0.999,0.0,11.0151
Bend_pickup_squat_normalLight,138,Standing,Standing,True,1.0,0.0,13.665
Bend_pickup_squat_normalLight,139,Standing,Standing,True,1.0,0.0,11.0562
Bend_pickup_squat_normalLight,140,Standing,Standing,True,0.999,0.0,13.3463
Bend_pickup_squat_normalLight,141,Standing,Standing,True,0.999,0.0,11.3596
Bend_pickup_squat_normalLight,142,Standing,Standing,True,0.999,0.0,9.6237
Bend_pickup_squat_normalLight,143,Standing,Standing,True,0.998,0.0,10.047
Bend_pickup_squat_normalLight,144,Standing,Standing,True,0.999,0.0,9.8422
Bend_pickup_squat_normalLight,145,Standing,Standing,True,0.999,0.0,9.0869
Bend_pickup_squat_normalLight,146,,Standing,,0.998,0.0,9.2821
Bend_pickup_squat_normalLight,147,,Standing,,0.998,0.0,8.3285
Bend_pickup_squat_normalLight,148,,Standing,,0.994,0.0,9.8731
Bend_pickup_squat_normalLight,149,,Standing,,0.995,0.0,8.5088
Bend_pickup_squat_normalLight,150,,Standing,,0.995,0.0,9.1904
Bend_pickup_squat_normalLight,151,,Standing,,0.993,0.0,6.8404
Bend_pickup_squat_normalLight,152,,Standing,,0.995,0.0,7.9855
Bend_pickup_squat_normalLight,153,,Standing,,0.989,0.0,12.7781
Bend_pickup_squat_normalLight,154,,Standing,,0.985,0.0,10.5523
Bend_pickup_squat_normalLight,155,,Standing,,0.993,0.0,13.3102
Bend_pickup_squat_normalLight,156,,Standing,,0.993,0.0,16.772
Bend_pickup_squat_normalLight,157,,Standing,,0.993,0.0,15.5751
Bend_pickup_squat_normalLight,158,,Standing,,0.992,0.0,17.2981
Bend_pickup_squat_normalLight,159,,Standing,,0.994,0.0,16.1116
Bend_pickup_squat_normalLight,160,,Standing,,0.993,0.0,11.8953
Kneeling,31,,Standing,,0.998,0.0,15.0771
Kneeling,32,,Standing,,0.999,0.0,14.1415
Kneeling,33,,Standing,,0.998,0.0,13.1724
Kneeling,34,,Standing,,0.999,0.0,10.2064
Kneeling,35,,Standing,,0.997,0.0,10.6611
Kneeling,36,,Standing,,0.998,0.0,9.6809
Kneeling,37,,Standing,,0.999,0.0,8.9744
Kneeling,38,,Standing,,0.998,0.0,9.3497
Kneeling,39,,Standing,,0.997,0.0,7.5543
Kneeling,40,,Standing,,0.998,0.0,9.6542
Kneeling,41,,Standing,,0.998,0.0,11.0061
Kneeling,42,,Standing,,0.999,0.0,10.7159
Kneeling,43,,Standing,,0.999,0.0,12.8661
Kneeling,44,,Standing,,0.997,0.0,12.0773
Kneeling,45,,Standing,,0.999,0.0,8.3805
Kneeling,46,,Standing,,0.999,0.0,10.5358
Kneeling,47,,Standing,,0.999,0.0,13.4049
Kneeling,48,,Standing,,0.999,0.0,13.1022
Kneeling,49,,Standing,,0.997,0.0,9.9625
Kneeling,50,,Standing,,0.998,0.0,9.695
Kneeling,51,,Standing,,0.996,0.0,8.9214
Kneeling,52,,Standing,,0.99,0.0,9.2744
Kneeling,53,,Standing,,0.966,0.0,10.0428
Kneeling,54,,Standing,,0.915,0.0,7.5242
Kneeling,55,,Standing,,0.788,0.0,10.4486
Kneeling,56,,Standing,,0.758,0.0,9.4631
Kneeling,57,Sitting,Standing,False,0.716,0.0,10.2082
Kneeling,58,Sitting,Standing,False,0.523,0.0,9.9818
Kneeling,59,Sitting,Standing,False,0.876,0.0,10.6396
Kneeling,60,Sitting,Sitting,True,0.665,0.0,10.293
Kneeling,61,Sitting,Sitting,True,0.568,0.0,11.8793
Kneeling,62,Sitting,Standing,False,0.629,0.0,10.595
Kneeling,63,Sitting,Standing,False,0.855,0.0,10.5984
Kneeling,64,Sitting,Standing,False,0.961,0.0,12.0603
Kneeling,65,Sitting,Standing,False,0.947,0.0,13.5118
Kneeling,66,Sitting,Standing,False,0.978,0.0,11.4184
Kneeling,67,Sitting,Standing,False,0.987,0.0,9.4463
Kneeling,68,Sitting,Standing,False,0.978,0.0,10.715
Kneeling,69,Sitting,Standing,False,0.991,0.0,8.8307
Kneeling,70,Sitting,Standing,False,0.995,0.0,9.8519
Kneeling,71,Sitting,Standing,False,0.996,0.0,10.5329
Kneeling,72,Sitting,Standing,False,0.981,0.0,9.4728
Kneeling,73,Sitting,Standing,False,0.98,0.0,10.1347
Kneeling,74,Sitting,Standing,False,0.898,0.0,10.1787
Kneeling,75,Sitting,Standing,False,0.942,0.0,7.101
Kneeling,76,Sitting,Standing,False,0.832,0.0,9.9486
Kneeling,77,Sitting,Standing,False,0.794,0.0,11.2994
Kneeling,78,Sitting,Standing,False,0.767,0.0,15.2443
Kneeling,79,Sitting,Standing,False,0.874,0.0,11.6829
Kneeling,80,Sitting,Standing,False,0.858,0.0,13.7525
Kneeling,81,Sitting,Standing,False,0.882,0.0,15.9958
Kneeling,82,Sitting,Standing,False,0.892,0.0,11.1941
Kneeling,83,Sitting,Standing,False,0.793,0.0,11.4318
Kneeling,84,Sitting,Standing,False,0.798,0.0,11.9162
Kneeling,85,Sitting,Standing,False,0.841,0.0,12.3979
Kneeling,86,Sitting,Standing,False,0.717,0.0,8.595
Kneeling,87,Sitting,Standing,False,0.842,0.0,11.3427
Kneeling,88,Sitting,Standing,False,0.718,0.0,11.6337
Kneeling,89,Sitting,Standing,False,0.748,0.0,8.3389
Kneeling,90,Sitting,Standing,False,0.849,0.0,10.8759
Kneeling,91,Sitting,Standing,False,0.869,0.0,7.7198
Kneeling,92,Sitting,Standing,False,0.877,0.0,9.0758
Kneeling,93,Sitting,Standing,False,0.777,0.0,15.3757
Kneeling,94,Sitting,Standing,False,0.826,0.0,16.3439
Kneeling,95,Sitting,Standing,False,0.769,0.0,13.9509
Kneeling,96,Sitting,Standing,False,0.866,0.0,14.6375
Kneeling,97,Sitting,Standing,False,0.794,0.0,16.6598
Kneeling,98,Sitting,Standing,False,0.837,0.0,12.9786
Kneeling,99,Sitting,Standing,False,0.856,0.0,9.5462
Kneeling,100,Sitting,Standing,False,0.741,0.0,10.4397
Kneeling,101,Sitting,Standing,False,0.843,0.0,11.8358
Kneeling,102,Sitting,Standing,False,0.755,0.0,9.7964
Kneeling,103,Sitting,Standing,False,0.88,0.0,11.7979
Kneeling,104,Sitting,Standing,False,0.823,0.0,13.5462
Kneeling,105,Sitting,Standing,False,0.843,0.0,12.4198
Kneeling,106,Sitting,Standing,False,0.853,0.0,8.4082
Kneeling,107,Sitting,Standing,False,0.839,0.0,11.3313
Kneeling,108,Sitting,Standing,False,0.816,0.0,14.1422
Kneeling,109,Sitting,Standing,False,0.744,0.0,16.4797
Kneeling,110,Sitting,Standing,False,0.793,0.0,17.2807
Kneeling,111,Sitting,Standing,False,0.838,0.0,16.7916
Kneeling,112,Sitting,Standing,False,0.751,0.0,15.4969
Kneeling,113,Sitting,Standing,False,0.786,0.0,15.1774
Kneeling,114,Sitting,Standing,False,0.743,0.0,9.7748
Kneeling,115,Sitting,Standing,False,0.802,0.0,10.1799
Kneeling,116,Sitting,Standing,False,0.805,0.0,11.8333
Kneeling,117,Sitting,Standing,False,0.786,0.0,10.946
Kneeling,118,Sitting,Standing,False,0.819,0.0,10.4468
Kneeling,119,Sitting,Standing,False,0.753,0.0,10.9626
Kneeling,120,Sitting,Standing,False,0.834,0.0,8.2018
Kneeling,121,Sitting,Standing,False,0.791,0.0,11.3105
Kneeling,122,Sitting,Standing,False,0.811,0.0,9.7241
Kneeling,123,Sitting,Standing,False,0.805,0.0,8.0939
Kneeling,124,Sitting,Standing,False,0.797,0.0,9.8658
Kneeling,125,Sitting,Standing,False,0.836,0.0,13.6364
Kneeling,126,Sitting,Standing,False,0.739,0.0,20.6708
Kneeling,127,Sitting,Standing,False,0.799,0.0,15.103
Kneeling,128,,Standing,,0.726,0.0,13.7632
Kneeling,129,,Standing,,0.778,0.0,16.6329
Kneeling,130,,Standing,,0.707,0.0,13.571
Kneeling,131,,Standing,,0.786,0.0,16.9883
Kneeling,132,,Standing,,0.767,0.0,10.1481
Kneeling,133,,Standing,,0.723,0.0,12.0204
Kneeling,134,,Standing,,0.744,0.0,9.4929
Kneeling,135,,Standing,,0.727,0.0,9.1747
Kneeling,136,,Standing,,0.83,0.0,11.005
Kneeling,137,,Standing,,0.801,0.0,11.2473
Kneeling,138,,Standing,,0.832,0.0,10.8995
Kneeling,139,,Standing,,0.79,0.0,10.0106
Kneeling,140,,Standing,,0.859,0.0,9.6773
Kneeling,141,,Standing,,0.844,0.0,9.8056
Kneeling,142,,Standing,,0.778,0.0,10.7017
Kneeling,143,,Standing,,0.796,0.0,9.3794
Kneeling,144,,Standing,,0.667,0.0,13.5772
Kneeling,145,,Standing,,0.668,0.0,14.2132
Kneeling,146,,Standing,,0.845,0.0,14.1635
Kneeling,147,,Standing,,0.794,0.0,12.8159
Kneeling,148,,Standing,,0.775,0.0,15.9152
Kneeling,149,,Standing,,0.837,0.0,11.5101
Kneeling,150,,Standing,,0.963,0.0,15.2427
Kneeling,151,,Standing,,0.953,0.0,9.3142
Kneeling,152,,Standing,,0.981,0.0,15.2197
Kneeling,153,,Standing,,0.998,0.0,10.2525
Kneeling,154,,Standing,,0.997,0.0,12.0914
Kneeling,155,,Standing,,0.999,0.0,8.6725
Kneeling,156,Standing,Standing,True,0.999,0.0,9.0016
Kneeling,157,Standing,Standing,True,0.998,0.0,8.8963
Kneeling,158,Standing,Standing,True,0.998,0.0,13.6504
Kneeling,159,Standing,Standing,True,0.999,0.0,16.6316
Kneeling,160,Standing,Standing,True,0.999,0.0,424.869
Kneeling,161,Standing,Standing,True,0.998,0.0,66.3158
Kneeling,162,Standing,Standing,True,0.999,0.0,24.2102
Kneeling,163,Standing,Standing,True,0.999,0.0,22.2128
Kneeling,164,Standing,Standing,True,0.998,0.0,20.9705
Kneeling,165,Standing,Standing,True,0.998,0.0,29.1203
Kneeling,166,Standing,Standing,True,0.999,0.0,22.7342
Kneeling,167,Standing,Standing,True,0.999,0.0,19.0488
Kneeling,168,Standing,Standing,True,0.998,0.0,19.2722
Kneeling,169,Standing,Standing,True,0.999,0.0,22.3782
Kneeling,170,Standing,Standing,True,0.999,0.0,19.4905
Kneeling,171,,Standing,,0.999,0.0,25.5012
Kneeling,172,,Standing,,0.998,0.0,20.9802
Kneeling,173,,Standing,,0.999,0.0,15.864
Kneeling,174,,Standing,,0.999,0.0,19.7852
Kneeling,175,,Standing,,0.999,0.0,22.9764
Kneeling,176,,Standing,,0.999,0.0,14.7451
Kneeling,177,,Standing,,0.999,0.0,16.6677
Kneeling,178,,Standing,,0.999,0.0,19.6992
Kneeling,179,,Standing,,0.999,0.0,21.0214
Kneeling,180,,Standing,,0.999,0.0,16.1753
Kneeling,181,,Standing,,0.999,0.0,16.4207
Kneeling,182,,Standing,,0.999,0.0,15.6952
Kneeling,183,,Standing,,0.999,0.0,13.9827
Kneeling,184,,Standing,,0.999,0.0,15.106
Kneeling,185,,Standing,,0.999,0.0,16.0527
Kneeling,186,,Standing,,0.999,0.0,12.9418
Kneeling,187,,Standing,,0.999,0.0,15.915
Kneeling,188,,Standing,,0.999,0.0,14.0914
Kneeling,189,,Standing,,0.999,0.0,18.1658
Kneeling,190,,Standing,,0.998,0.0,26.2684
LyingdownSlowly,31,,Standing,,0.992,0.0,14.8646
LyingdownSlowly,32,,Standing,,0.982,0.0,15.1913
LyingdownSlowly,33,,Standing,,0.977,0.0,14.3137
LyingdownSlowly,34,,Standing,,0.971,0.0,18.5842
LyingdownSlowly,35,,Standing,,0.984,0.0,28.3876
LyingdownSlowly,36,,Standing,,0.979,0.0,19.5506
LyingdownSlowly,37,,Standing,,0.993,0.0,16.6228
LyingdownSlowly,38,,Standing,,0.993,0.0,13.3453
LyingdownSlowly,39,,Standing,,0.991,0.0,13.4884
LyingdownSlowly,40,,Standing,,0.997,0.0,11.9373
LyingdownSlowly,41,,Standing,,0.996,0.0,12.598
LyingdownSlowly,42,,Standing,,0.995,0.0,12.146
LyingdownSlowly,43,,Standing,,0.996,0.0,11.3107
LyingdownSlowly,44,,Standing,,0.997,0.0,12.0806
LyingdownSlowly,45,,Standing,,0.996,0.0,13.1715
LyingdownSlowly,46,,Standing,,0.996,0.0,13.9177
LyingdownSlowly,47,,Standing,,0.982,0.0,22.4937
LyingdownSlowly,48,,Standing,,0.993,0.0,14.4915
LyingdownSlowly,49,,Standing,,0.987,0.0,15.7111
LyingdownSlowly,50,,Standing,,0.977,0.0,13.2491
LyingdownSlowly,51,,Standing,,0.966,0.0,14.1264
LyingdownSlowly,52,,Standing,,0.904,0.0,18.9365
LyingdownSlowly,53,,Standing,,0.667,0.0,14.7479
LyingdownSlowly,54,,Standing,,0.709,0.0,12.0141
LyingdownSlowly,55,,Sitting,,0.525,0.0,11.9532
LyingdownSlowly,56,,Standing,,0.675,0.0,11.4202
LyingdownSlowly,57,,Standing,,0.979,0.0,12.6267
LyingdownSlowly,58,,Standing,,0.996,0.0,13.4292
LyingdownSlowly,59,,Standing,,0.975,0.0,12.2954
LyingdownSlowly,60,,Standing,,0.881,0.0,12.6811
LyingdownSlowly,61,,Standing,,0.933,0.0,12.8423
LyingdownSlowly,62,,Lying,,0.387,0.0,12.9217
LyingdownSlowly,63,,Sitting,,0.531,0.0,15.0798
LyingdownSlowly,64,,Lying,,0.64,0.0,13.2609
LyingdownSlowly,65,,Standing,,0.633,0.0,14.8873
LyingdownSlowly,66,,Standing,,0.59,0.0,20.0839
LyingdownSlowly,67,,Lying,,0.644,0.0,13.2811
LyingdownSlowly,68,,Lying,,0.501,0.0,14.9387
LyingdownSlowly,69,,Standing,,0.851,0.0,18.8779
LyingdownSlowly,70,,Standing,,0.758,0.0,26.7068
LyingdownSlowly,71,,Standing,,0.487,0.0,18.7039
LyingdownSlowly,72,,Standing,,0.846,0.0,16.5174
LyingdownSlowly,73,,Standing,,0.854,0.0,14.3522
LyingdownSlowly,74,,Standing,,0.404,0.0,15.5526
LyingdownSlowly,75,,Lying,,0.66,0.0,17.5563
LyingdownSlowly,76,,Lying,,0.604,0.0,22.7928
LyingdownSlowly,77,,Lying,,0.557,0.0,15.2918
LyingdownSlowly,78,,Sitting,,0.666,0.0,11.4352
LyingdownSlowly,79,,Sitting,,0.787,0.0,15.0413
LyingdownSlowly,80,,Sitting,,0.924,0.0,29.4644
LyingdownSlowly,81,,Sitting,,0.97,0.0,11.9042
LyingdownSlowly,82,,Sitting,,0.766,0.0,15.7529
LyingdownSlowly,83,,Sitting,,0.672,0.0,13.9669
LyingdownSlowly,84,,Sitting,,0.81,0.0,17.5247
LyingdownSlowly,85,,Sitting,,0.63,0.0,25.2911
LyingdownSlowly,86,,Sitting,,0.726,0.0,25.8332
LyingdownSlowly,87,,Sitting,,0.669,0.0,22.5102
LyingdownSlowly,88,,Sitting,,0.578,0.0,16.4543
LyingdownSlowly,89,,Lying,,0.476,0.0,14.0116
LyingdownSlowly,90,,Lying,,0.645,0.0,30.4894
LyingdownSlowly,91,,Lying,,0.599,0.0,20.2914
LyingdownSlowly,92,,Lying,,0.445,0.0,81.3989
LyingdownSlowly,93,,Sitting,,0.649,0.0,31.598
LyingdownSlowly,94,,Sitting,,0.724,0.0,27.2242
LyingdownSlowly,95,,Sitting,,0.461,0.0,32.7149
LyingdownSlowly,96,,Lying,,0.542,0.0,51.9869
LyingdownSlowly,97,,Lying,,0.726,0.0,39.3841
LyingdownSlowly,98,,Lying,,0.787,0.0,32.1345
LyingdownSlowly,99,,Lying,,0.869,0.0,28.7807
LyingdownSlowly,100,,Lying,,0.855,0.0,43.3496
LyingdownSlowly,101,,Lying,,0.897,0.0,24.8034
LyingdownSlowly,102,,Lying,,0.823,0.0,33.9275
LyingdownSlowly,103,,Lying,,0.549,0.0,17.3533
LyingdownSlowly,104,,Lying,,0.506,0.0,19.2262
LyingdownSlowly,105,,Lying,,0.625,0.0,23.4625
LyingdownSlowly,106,,Lying,,0.614,0.0,23.0007
LyingdownSlowly,107,,Lying,,0.492,0.0,19.72
LyingdownSlowly,108,,Lying,,0.6,0.0,23.8177
LyingdownSlowly,109,,Lying,,0.766,0.0,19.6418
LyingdownSlowly,110,,Lying,,0.611,0.0,16.5212
LyingdownSlowly,111,,Lying,,0.612,0.0,14.5724
LyingdownSlowly,112,,Lying,,0.617,0.0,14.5562
LyingdownSlowly,113,,Lying,,0.622,0.0,14.3032
LyingdownSlowly,114,,Lying,,0.694,0.0,13.0066
LyingdownSlowly,115,,Lying,,0.617,0.0,11.0694
LyingdownSlowly,116,,Lying,,0.922,0.0,10.9601
LyingdownSlowly,117,,Lying,,0.722,0.0,17.1783
LyingdownSlowly,118,Lying,Lying,True,0.808,0.0,16.5016
LyingdownSlowly,119,Lying,Lying,True,0.838,0.0,12.326
LyingdownSlowly,120,Lying,Lying,True,0.824,0.0,13.6141
LyingdownSlowly,121,Lying,Lying,True,0.879,0.0,19.6648
LyingdownSlowly,122,Lying,Lying,True,0.916,0.0,13.9716
LyingdownSlowly,123,Lying,Lying,True,0.949,0.0,14.19
LyingdownSlowly,124,Lying,Lying,True,0.989,0.0,15.8365
LyingdownSlowly,125,Lying,Lying,True,0.99,0.0,12.8007
LyingdownSlowly,126,Lying,Lying,True,0.994,0.0,11.1407
LyingdownSlowly,127,Lying,Lying,True,0.997,0.0,12.8237
LyingdownSlowly,128,Lying,Lying,True,0.996,0.0,16.7023
LyingdownSlowly,129,Lying,Lying,True,0.998,0.0,17.5637
LyingdownSlowly,130,Lying,Lying,True,0.996,0.0,17.8058
LyingdownSlowly,131,Lying,Lying,True,0.999,0.0,16.3528
LyingdownSlowly,132,Lying,Lying,True,0.998,0.0,12.381
LyingdownSlowly,133,Lying,Lying,True,0.999,0.0,18.3726
LyingdownSlowly,134,Lying,Lying,True,0.999,0.0,27.415
LyingdownSlowly,135,Lying,Lying,True,0.999,0.0,24.8091
LyingdownSlowly,136,Lying,Lying,True,0.996,0.0,11.1557
LyingdownSlowly,137,Lying,Lying,True,0.997,0.0,13.28
LyingdownSlowly,138,Lying,Lying,True,0.995,0.0,12.7599
LyingdownSlowly,139,Lying,Lying,True,0.997,0.0,11.9521
LyingdownSlowly,140,Lying,Lying,True,0.998,0.0,9.2514
LyingdownSlowly,141,Lying,Lying,True,0.997,0.0,9.666
LyingdownSlowly,142,Lying,Lying,True,0.995,0.0,9.3608
LyingdownSlowly,143,Lying,Lying,True,0.997,0.0,14.5086
LyingdownSlowly,144,Lying,Lying,True,0.997,0.0,11.5361
LyingdownSlowly,145,Lying,Lying,True,0.997,0.0,13.0268
LyingdownSlowly,146,Lying,Lying,True,0.996,0.0,10.6047
LyingdownSlowly,147,Lying,Lying,True,0.996,0.0,15.4403
LyingdownSlowly,148,Lying,Lying,True,0.998,0.0,12.0525
LyingdownSlowly,149,Lying,Lying,True,0.997,0.0,17.2154
LyingdownSlowly,150,Lying,Lying,True,0.995,0.0,18.9379
LyingdownSlowly,151,Lying,Lying,True,0.995,0.0,11.0957
LyingdownSlowly,152,Lying,Lying,True,0.993,0.0,13.3339
LyingdownSlowly,153,Lying,Lying,True,0.997,0.0,12.3297
LyingdownSlowly,154,Lying,Lying,True,0.996,0.0,9.9694
LyingdownSlowly,155,Lying,Lying,True,0.995,0.0,11.6997
LyingdownSlowly,156,Lying,Lying,True,0.995,0.0,10.396
LyingdownSlowly,157,Lying,Lying,True,0.996,0.0,9.0449
LyingdownSlowly,158,Lying,Lying,True,0.996,0.0,11.0761
LyingdownSlowly,159,Lying,Lying,True,0.995,0.0,8.4815
LyingdownSlowly,160,Lying,Lying,True,0.998,0.0,8.9979
LyingdownSlowly,161,Lying,Lying,True,0.996,0.0,8.1615
LyingdownSlowly,162,Lying,Lying,True,0.998,0.0,7.8611
LyingdownSlowly,163,Lying,Lying,True,0.997,0.0,9.3978
LyingdownSlowly,164,Lying,Lying,True,0.997,0.0,8.6262
LyingdownSlowly,165,Lying,Lying,True,0.996,0.0,9.3501
LyingdownSlowly,166,Lying,Lying,True,0.998,0.0,9.5132
LyingdownSlowly,167,Lying,Lying,True,0.997,0.0,11.2171
LyingdownSlowly,168,Lying,Lying,True,0.998,0.0,10.5147
LyingdownSlowly,169,Lying,Lying,True,0.993,0.0,9.1023
LyingdownSlowly,170,Lying,Lying,True,0.999,0.0,11.9025
LyingdownSlowly,171,Lying,Lying,True,0.998,0.0,12.5453
LyingdownSlowly,172,Lying,Lying,True,0.998,0.0,9.057
LyingdownSlowly,173,Lying,Lying,True,0.996,0.0,22.1262
LyingdownSlowly,174,Lying,Lying,True,0.997,0.0,15.8222
LyingdownSlowly,175,Lying,Lying,True,0.995,0.0,14.697
LyingdownSlowly,176,Lying,Lying,True,0.998,0.0,6.8135
LyingdownSlowly,177,Lying,Lying,True,0.996,0.0,9.2049
LyingdownSlowly,178,Lying,Lying,True,0.998,0.0,7.8254
LyingdownSlowly,179,Lying,Lying,True,0.998,0.0,8.3691
LyingdownSlowly,180,Lying,Lying,True,0.998,0.0,7.1014
LyingdownSlowly,181,Lying,Lying,True,0.996,0.0,9.0111
LyingdownSlowly,182,Lying,Lying,True,0.997,0.0,6.2458
LyingdownSlowly,183,Lying,Lying,True,0.998,0.0,11.2675
LyingdownSlowly,184,Lying,Lying,True,0.994,0.0,8.5054
LyingdownSlowly,185,Lying,Lying,True,0.997,0.0,9.4971
LyingdownSlowly,186,Lying,Lying,True,0.998,0.0,11.9906
LyingdownSlowly,187,Lying,Lying,True,0.999,0.0,8.2883
LyingdownSlowly,188,Lying,Lying,True,0.998,0.0,10.982
LyingdownSlowly,189,Lying,Lying,True,0.999,0.0,8.1964
LyingdownSlowly,190,Lying,Lying,True,0.998,0.0,9.6414
LyingdownSlowly,191,Lying,Lying,True,0.998,0.0,11.0559
LyingdownSlowly,192,Lying,Lying,True,0.998,0.0,11.2481
LyingdownSlowly,193,Lying,Lying,True,0.998,0.0,10.5667
LyingdownSlowly,194,Lying,Lying,True,0.998,0.0,13.7207
LyingdownSlowly,195,Lying,Lying,True,0.998,0.0,11.3373
LyingdownSlowly,196,Lying,Lying,True,0.999,0.0,12.6114
LyingdownSlowly,197,Lying,Lying,True,0.998,0.0,10.3369
LyingdownSlowly,198,Lying,Lying,True,0.998,0.0,12.3833
LyingdownSlowly,199,Lying,Lying,True,0.997,0.0,92.6341
LyingdownSlowly,200,Lying,Lying,True,0.999,0.0,35.7929
LyingdownSlowly,201,Lying,Lying,True,0.999,0.0,66.9976
LyingdownSlowly,202,Lying,Lying,True,0.999,0.0,19.2923
LyingdownSlowly,203,Lying,Lying,True,0.998,0.0,25.1693
LyingdownSlowly,204,Lying,Lying,True,0.999,0.0,11.3704
LyingdownSlowly,205,Lying,Lying,True,0.998,0.0,9.8117
LyingdownSlowly,206,Lying,Lying,True,0.998,0.0,10.4677
LyingdownSlowly,207,Lying,Lying,True,0.998,0.0,10.5529
LyingdownSlowly,208,Lying,Lying,True,0.998,0.0,10.4864
LyingdownSlowly,209,Lying,Lying,True,0.998,0.0,9.4419
LyingdownSlowly,210,Lying,Lying,True,0.998,0.0,8.1731
LyingdownSlowly,211,Lying,Lying,True,0.997,0.0,10.6467
LyingdownSlowly,212,Lying,Lying,True,0.998,0.0,9.678
LyingdownSlowly,213,Lying,Lying,True,0.999,0.0,16.006
LyingdownSlowly,214,Lying,Lying,True,0.998,0.0,14.5731
LyingdownSlowly,215,Lying,Lying,True,0.997,0.0,19.7756
LyingdownSlowly,216,Lying,Lying,True,0.998,0.0,9.1522
LyingdownSlowly,217,Lying,Lying,True,0.998,0.0,10.3537
LyingdownSlowly,218,Lying,Lying,True,0.996,0.0,18.0483
LyingdownSlowly,219,Lying,Lying,True,0.997,0.0,17.5183
LyingdownSlowly,220,Lying,Lying,True,0.996,0.0,16.6687
LyingdownSlowly,221,Lying,Lying,True,0.995,0.0,18.2591
LyingdownSlowly,222,Lying,Lying,True,0.997,0.0,11.8232
LyingdownSlowly,223,Lying,Lying,True,0.997,0.0,10.2078
LyingdownSlowly,224,Lying,Lying,True,0.997,0.0,11.0666
LyingdownSlowly,225,Lying,Lying,True,0.997,0.0,10.9358
LyingdownSlowly,226,Lying,Lying,True,0.998,0.0,10.0215
LyingdownSlowly,227,Lying,Lying,True,0.998,0.0,9.9638
LyingdownSlowly,228,Lying,Lying,True,0.998,0.0,9.9029
LyingdownSlowly,229,Lying,Lying,True,0.998,0.0,8.4946
LyingdownSlowly,230,Lying,Lying,True,0.998,0.0,19.2588
LyingdownSlowly,231,Lying,Lying,True,0.997,0.0,14.9186
LyingdownSlowly,232,Lying,Lying,True,0.997,0.0,11.0848
LyingdownSlowly,233,Lying,Lying,True,0.998,0.0,12.6631
LyingdownSlowly,234,Lying,Lying,True,0.997,0.0,13.9001
LyingdownSlowly,235,Lying,Lying,True,0.998,0.0,14.5363
LyingdownSlowly,236,,Lying,,0.997,0.0,9.4796
LyingdownSlowly,237,,Lying,,0.997,0.0,11.1318
LyingdownSlowly,238,,Lying,,0.996,0.0,8.4354
LyingdownSlowly,239,,Lying,,0.997,0.0,10.2799
LyingdownSlowly,240,,Lying,,0.998,0.0,16.5189
LyingdownSlowly,241,,Lying,,0.999,0.0,14.4835
LyingdownSlowly,242,,Lying,,0.999,0.0,11.4636
LyingdownSlowly,243,,Lying,,0.998,0.0,9.0447
LyingdownSlowly,244,,Lying,,0.999,0.0,28.2982
LyingdownSlowly,245,,Lying,,0.998,0.0,29.3806
LyingdownSlowly,246,,Lying,,0.999,0.0,23.3453
LyingdownSlowly,247,,Lying,,0.999,0.0,9.9778
LyingdownSlowly,248,,Lying,,0.998,0.0,10.3839
LyingdownSlowly,249,,Lying,,0.999,0.0,26.6851
LyingdownSlowly,250,,Lying,,0.999,0.0,27.2393
LyingdownSlowly,251,,Lying,,0.999,0.0,21.3565
LyingdownSlowly,252,,Lying,,0.999,0.0,14.7912
LyingdownSlowly,253,,Lying,,0.999,0.0,14.3097
LyingdownSlowly,254,,Lying,,0.999,0.0,14.7357
LyingdownSlowly,255,,Lying,,0.998,0.0,15.2613
LyingdownSlowly,256,,Lying,,0.998,0.0,13.1158
LyingdownSlowly,257,,Lying,,0.998,0.0,13.9381
LyingdownSlowly,258,,Lying,,0.999,0.0,11.5211
LyingdownSlowly,259,,Lying,,0.997,0.0,13.1681
LyingdownSlowly,260,,Lying,,0.998,0.0,12.004
LyingdownSlowly,261,,Lying,,0.998,0.0,16.4662
LyingdownSlowly,262,,Lying,,0.995,0.0,10.9166
LyingdownSlowly,263,,Lying,,0.998,0.0,10.2067
LyingdownSlowly,264,,Lying,,0.999,0.0,9.8793
LyingdownSlowly,265,,Lying,,0.998,0.0,9.0495
LyingdownSlowly,266,,Lying,,0.998,0.0,10.9944
LyingdownSlowly,267,,Lying,,0.998,0.0,10.7031
LyingdownSlowly,268,,Lying,,0.998,0.0,11.743
LyingdownSlowly,269,,Lying,,0.998,0.0,17.1283
LyingdownSlowly,270,,Lying,,0.998,0.0,16.2006
LyingdownSlowly,271,,Lying,,0.998,0.0,9.6841
LyingdownSlowly,272,,Lying,,0.998,0.0,10.8285
LyingdownSlowly,273,,Lying,,0.998,0.0,17.5039
LyingdownSlowly,274,,Lying,,0.996,0.0,27.5721
LyingdownSlowly,275,,Lying,,0.997,0.0,18.4765
LyingdownSlowly,276,,Lying,,0.998,0.0,13.0837
LyingdownSlowly,277,,Lying,,0.996,0.0,10.1815
LyingdownSlowly,278,,Lying,,0.996,0.0,10.8337
LyingdownSlowly,279,,Lying,,0.997,0.0,14.5343
LyingdownSlowly,280,,Lying,,0.997,0.0,12.6917
LyingdownSlowly,281,,Lying,,0.994,0.0,10.1405
LyingdownSlowly,282,,Lying,,0.995,0.0,12.2244
LyingdownSlowly,283,,Lying,,0.995,0.0,14.6205
LyingdownSlowly,284,,Lying,,0.994,0.0,13.2578
LyingdownSlowly,285,,Lying,,0.994,0.0,13.7557
LyingdownSlowly,286,,Lying,,0.994,0.0,17.229
LyingdownSlowly,287,,Lying,,0.995,0.0,11.0476
LyingdownSlowly,288,,Lying,,0.99,0.0,11.3368
LyingdownSlowly,289,,Lying,,0.991,0.0,12.2371
LyingdownSlowly,290,,Lying,,0.991,0.0,11.1721
LyingdownSlowly,291,,Lying,,0.991,0.0,10.1849
LyingdownSlowly,292,,Lying,,0.992,0.0,11.3551
LyingdownSlowly,293,,Lying,,0.968,0.0,11.3476
LyingdownSlowly,294,,Lying,,0.966,0.0,17.6949
LyingdownSlowly,295,,Lying,,0.978,0.0,14.2642
LyingdownSlowly,296,,Lying,,0.961,0.0,16.6978
LyingdownSlowly,297,,Lying,,0.944,0.0,17.1461
LyingdownSlowly,298,,Lying,,0.955,0.0,17.9048
LyingdownSlowly,299,,Lying,,0.943,0.0,17.728
LyingdownSlowly,300,,Lying,,0.933,0.0,12.0008
LyingdownSlowly,301,,Lying,,0.882,0.0,13.1987
LyingdownSlowly,302,,Lying,,0.952,0.0,9.3523
LyingdownSlowly,303,,Lying,,0.903,0.0,10.5782
LyingdownSlowly,304,,Lying,,0.945,0.0,10.53
LyingdownSlowly,305,,Lying,,0.94,0.0,8.3357
LyingdownSlowly,306,,Lying,,0.952,0.0,11.0544
LyingdownSlowly,307,,Lying,,0.893,0.0,9.9246
LyingdownSlowly,308,,Lying,,0.917,0.0,10.405
LyingdownSlowly,309,,Lying,,0.858,0.0,10.3547
LyingdownSlowly,310,,Lying,,0.811,0.0,8.9691
LyingdownSlowly,311,,Lying,,0.811,0.0,9.3316
LyingdownSlowly,312,,Lying,,0.902,0.0,14.1402
LyingdownSlowly,313,,Lying,,0.703,0.0,10.7459
LyingdownSlowly,314,,Lying,,0.794,0.0,10.9926
LyingdownSlowly,315,,Lying,,0.694,0.0,17.7703
LyingdownSlowly,316,,Lying,,0.601,0.0,14.7589
LyingdownSlowly,317,,Lying,,0.598,0.0,18.9122
LyingdownSlowly,318,,Lying,,0.748,0.0,16.8091
LyingdownSlowly,319,,Lying,,0.836,0.0,13.2418
LyingdownSlowly,320,,Lying,,0.851,0.0,12.7579
LyingdownSlowly,321,,Lying,,0.762,0.0,10.2878
LyingdownSlowly,322,,Lying,,0.727,0.0,8.9355
LyingdownSlowly,323,,Lying,,0.838,0.0,10.4647
LyingdownSlowly,324,,Lying,,0.864,0.0,8.6092
LyingdownSlowly,325,,Lying,,0.849,0.0,9.5683
LyingdownSlowly,326,,Lying,,0.905,0.0,9.3281
LyingdownSlowly,327,,Lying,,0.877,0.0,8.3459
LyingdownSlowly,328,,Lying,,0.804,0.0,15.3427
LyingdownSlowly,329,,Lying,,0.931,0.0,13.0306
LyingdownSlowly,330,,Lying,,0.886,0.0,12.5492
LyingdownSlowly,331,,Lying,,0.958,0.0,9.4992
LyingdownSlowly,332,,Lying,,0.78,0.0,13.1643
LyingdownSlowly,333,,Lying,,0.697,0.0,15.6283
LyingdownSlowly,334,,Lying,,0.524,0.0,14.7864
LyingdownSlowly,335,,Lying,,0.531,0.0,12.104
LyingdownSlowly,336,,Lying,,0.519,0.0,9.0399
LyingdownSlowly,337,,Lying,,0.506,0.0,10.8089
LyingdownSlowly,338,,Lying,,0.525,0.0,10.6481
LyingdownSlowly,339,,Sitting,,0.402,0.0,8.5136
LyingdownSlowly,340,,Lying,,0.39,0.0,10.4719
LyingdownSlowly,341,,Lying,,0.414,0.0,8.3483
LyingdownSlowly,342,,Lying,,0.428,0.0,11.2246
LyingdownSlowly,343,,Lying,,0.604,0.0,10.6237
LyingdownSlowly,344,,Lying,,0.652,0.0,8.3878
LyingdownSlowly,345,,Lying,,0.362,0.0,12.6907
LyingdownSlowly,346,,Standing,,0.308,0.0,15.3802
LyingdownSlowly,347,,Standing,,0.529,0.0,16.4344
LyingdownSlowly,348,,Standing,,0.867,0.0,15.8505
LyingdownSlowly,349,,Standing,,0.989,0.0,18.6869
LyingdownSlowly,350,,Standing,,0.994,0.0,15.3467
LyingdownSlowly,351,,Standing,,0.968,0.0,12.2667
LyingdownSlowly,352,,Standing,,0.937,0.0,10.147
LyingdownSlowly,353,,Standing,,0.886,0.0,11.4723
LyingdownSlowly,354,,Standing,,0.927,0.0,10.9436
LyingdownSlowly,355,,Standing,,0.996,0.0,12.2357
LyingdownSlowly,356,,Standing,,0.994,0.0,9.7815
LyingdownSlowly,357,,Standing,,0.993,0.0,13.6578
LyingdownSlowly,358,,Standing,,0.996,0.0,11.9509
LyingdownSlowly,359,,Standing,,0.998,0.0,8.7443
LyingdownSlowly,360,,Standing,,0.999,0.0,11.271
LyingdownSlowly,361,,Standing,,1.0,0.0,16.5463
LyingdownSlowly,362,,Standing,,0.998,0.0,13.5289
LyingdownSlowly,363,,Standing,,0.999,0.0,13.1008
LyingdownSlowly,364,,Standing,,0.998,0.0,10.395
LyingdownSlowly,365,,Standing,,0.994,0.0,12.5208
LyingdownSlowly,366,,Standing,,0.999,0.0,11.6491
LyingdownSlowly,367,,Standing,,1.0,0.0,8.9049
LyingdownSlowly,368,,Standing,,1.0,0.0,10.9619
LyingdownSlowly,369,,Standing,,1.0,0.0,12.5428
LyingdownSlowly,370,,Standing,,1.0,0.0,14.7484
LyingdownSlowly,371,,Standing,,0.999,0.0,13.7101
LyingdownSlowly,372,,Standing,,0.999,0.0,10.1541
LyingdownSlowly,373,,Standing,,0.998,0.0,16.1663
LyingdownSlowly,374,,Standing,,0.999,0.0,11.7238
LyingdownSlowly,375,,Standing,,0.998,0.0,11.2736
LyingdownSlowly,376,,Standing,,1.0,0.0,13.3286
LyingdownSlowly,377,,Standing,,1.0,0.0,11.7787
LyingdownSlowly,378,,Standing,,1.0,0.0,12.7498
LyingdownSlowly,379,,Standing,,1.0,0.0,9.9483
LyingdownSlowly,380,,Standing,,1.0,0.0,13.3453
LyingdownSlowly,381,,Standing,,1.0,0.0,14.8937
Moving_in_out_frame,31,Standing,Standing,True,1.0,0.0,12.8797
Moving_in_out_frame,32,Standing,Standing,True,1.0,0.0,20.4402
Moving_in_out_frame,33,Standing,Standing,True,1.0,0.0,15.9702
Moving_in_out_frame,34,Standing,Standing,True,1.0,0.0,15.0708
Moving_in_out_frame,35,Standing,Standing,True,1.0,0.0,17.028
Moving_in_out_frame,36,Standing,Standing,True,1.0,0.0,15.3221
Moving_in_out_frame,37,Standing,Standing,True,1.0,0.0,22.6226
Moving_in_out_frame,38,Standing,Standing,True,1.0,0.0,18.9619
Moving_in_out_frame,39,Standing,Standing,True,1.0,0.0,23.0968
Moving_in_out_frame,40,Standing,Standing,True,1.0,0.0,15.8963
Moving_in_out_frame,41,Standing,Standing,True,1.0,0.0,15.7186
Moving_in_out_frame,42,Standing,Standing,True,0.999,0.0,13.7221
Moving_in_out_frame,43,Standing,Standing,True,0.999,0.0,11.8425
Moving_in_out_frame,44,Standing,Standing,True,0.999,0.0,8.6837
Moving_in_out_frame,45,Standing,Standing,True,0.999,0.0,9.6976
Moving_in_out_frame,46,Standing,Standing,True,0.999,0.0,11.0811
Moving_in_out_frame,47,Standing,Standing,True,0.999,0.0,10.2718
Moving_in_out_frame,48,Standing,Standing,True,0.999,0.0,9.7415
Moving_in_out_frame,49,Standing,Standing,True,0.999,0.0,10.849
Moving_in_out_frame,50,Standing,Standing,True,0.999,0.0,11.0597
Moving_in_out_frame,51,Standing,Standing,True,0.999,0.0,10.0746
Moving_in_out_frame,52,Standing,Standing,True,0.999,0.0,10.0425
Moving_in_out_frame,53,Standing,Standing,True,0.999,0.0,11.33
Moving_in_out_frame,54,Standing,Standing,True,0.999,0.0,10.7347
Moving_in_out_frame,55,Standing,Standing,True,1.0,0.0,11.5197
Moving_in_out_frame,56,Standing,Standing,True,0.999,0.0,10.7366
Moving_in_out_frame,57,Standing,Standing,True,0.999,0.0,9.422
Moving_in_out_frame,58,Standing,Standing,True,0.999,0.0,10.9881
Moving_in_out_frame,59,Not in frame,Standing,False,1.0,0.0,9.6433
Moving_in_out_frame,60,Not in frame,Standing,False,0.999,0.0,10.2113
Moving_in_out_frame,61,Not in frame,Standing,False,0.999,0.0,10.1649
Moving_in_out_frame,62,Not in frame,Standing,False,1.0,0.0,9.2958
Moving_in_out_frame,63,Not in frame,Standing,False,1.0,0.0,9.5077
Moving_in_out_frame,64,Not in frame,Standing,False,1.0,0.0,12.7178
Moving_in_out_frame,65,Not in frame,Standing,False,0.999,0.0,9.7332
Moving_in_out_frame,66,Not in frame,Standing,False,1.0,0.0,9.7969
Moving_in_out_frame,67,Not in frame,Standing,False,0.999,0.0,9.9814
Moving_in_out_frame,68,Not in frame,Standing,False,0.999,0.0,9.082
Moving_in_out_frame,69,Not in frame,Standing,False,0.998,0.0,10.2602
Moving_in_out_frame,70,Not in frame,Standing,False,0.997,0.0,8.9305
Moving_in_out_frame,71,Not in frame,Standing,False,0.995,1.0,11.0185
Moving_in_out_frame,72,Not in frame,Standing,False,0.99,1.0,10.9302
Moving_in_out_frame,73,Not in frame,Standing,False,0.982,1.0,10.4256
Moving_in_out_frame,74,Not in frame,Standing,False,0.962,1.0,10.9532
Moving_in_out_frame,75,Not in frame,Standing,False,0.875,1.0,10.3465
Moving_in_out_frame,76,Not in frame,Standing,False,0.876,0.0,7.7797
Moving_in_out_frame,77,Not in frame,Standing,False,0.419,0.0,11.8885
Moving_in_out_frame,78,Not in frame,Standing,False,0.444,0.0,11.7021
Moving_in_out_frame,79,Not in frame,Lying,False,0.376,0.0,11.02
Moving_in_out_frame,80,Not in frame,Lying,False,0.454,0.0,9.8043
Moving_in_out_frame,81,Not in frame,Lying,False,0.394,0.0,10.4454
Moving_in_out_frame,82,Not in frame,Lying,False,0.446,0.0,11.4825
Moving_in_out_frame,83,Not in frame,Lying,False,0.589,0.0,10.8778
Moving_in_out_frame,84,Not in frame,Lying,False,0.576,0.0,8.3331
Moving_in_out_frame,85,Not in frame,Lying,False,0.732,0.0,9.4101
Moving_in_out_frame,86,Not in frame,Lying,False,0.88,0.0,9.2956
Moving_in_out_frame,87,Not in frame,Lying,False,0.6,0.0,9.7654
Moving_in_out_frame,88,Not in frame,Lying,False,0.694,0.0,9.6583
Moving_in_out_frame,89,Not in frame,Lying,False,0.76,0.0,10.8683
Moving_in_out_frame,90,Not in frame,Lying,False,0.897,0.0,10.9967
Moving_in_out_frame,91,Not in frame,Lying,False,0.919,0.0,10.8348
Moving_in_out_frame,92,Not in frame,Lying,False,0.95,0.0,13.5355
Moving_in_out_frame,93,Not in frame,Lying,False,0.942,0.0,13.46
Moving_in_out_frame,94,Not in frame,Lying,False,0.975,0.0,17.9777
Moving_in_out_frame,95,Not in frame,Lying,False,0.967,0.0,14.2536
Moving_in_out_frame,96,Not in frame,Lying,False,0.98,0.0,9.7451
Moving_in_out_frame,97,Not in frame,Lying,False,0.982,0.0,10.8078
Moving_in_out_frame,98,Not in frame,Lying,False,0.993,0.0,11.8539
Moving_in_out_frame,99,Not in frame,Lying,False,0.996,0.0,9.7467
Moving_in_out_frame,100,Not in frame,Lying,False,0.997,0.0,10.8959
Moving_in_out_frame,101,Not in frame,Lying,False,0.99,0.0,11.811
Moving_in_out_frame,102,Not in frame,Lying,False,0.996,0.0,11.9535
Moving_in_out_frame,103,Not in frame,Lying,False,0.995,0.0,12.1338
Moving_in_out_frame,104,Not in frame,Lying,False,0.998,0.0,11.4029
Moving_in_out_frame,105,Not in frame,Lying,False,0.991,0.0,12.8255
Moving_in_out_frame,106,Not in frame,Lying,False,0.989,0.0,9.916
Moving_in_out_frame,107,Not in frame,Lying,False,0.99,0.0,10.416
Moving_in_out_frame,108,Not in frame,Lying,False,0.993,0.0,14.7177
Moving_in_out_frame,109,Not in frame,Lying,False,0.989,0.0,13.078
Moving_in_out_frame,110,Not in frame,Lying,False,0.991,0.0,17.8525
Moving_in_out_frame,111,Not in frame,Lying,False,0.991,0.0,12.7887
Moving_in_out_frame,112,Not in frame,Lying,False,0.979,0.0,10.4235
Moving_in_out_frame,113,Not in frame,Lying,False,0.992,0.0,11.4436
Moving_in_out_frame,114,Not in frame,Lying,False,0.99,0.0,8.9956
Moving_in_out_frame,115,Not in frame,Lying,False,0.99,0.0,9.6257
Moving_in_out_frame,116,Not in frame,Lying,False,0.989,0.0,10.6784
Moving_in_out_frame,117,Standing,Lying,False,0.993,0.0,12.0553
Moving_in_out_frame,118,Standing,Lying,False,0.993,0.0,10.1278
Moving_in_out_frame,119,Standing,Lying,False,0.964,0.0,10.5359
Moving_in_out_frame,120,Standing,Lying,False,0.987,0.0,10.8036
Moving_in_out_frame,121,Standing,Lying,False,0.992,0.0,8.5021
Moving_in_out_frame,122,Standing,Lying,False,0.988,0.0,12.3565
Moving_in_out_frame,123,Standing,Lying,False,0.99,0.0,9.8632
Moving_in_out_frame,124,Standing,Lying,False,0.99,0.0,9.5955
Moving_in_out_frame,125,Standing,Lying,False,0.971,0.0,10.2299
Moving_in_out_frame,126,Standing,Lying,False,0.983,0.0,10.3663
Moving_in_out_frame,127,Standing,Lying,False,0.976,0.0,8.8961
Moving_in_out_frame,128,Standing,Lying,False,0.972,0.0,9.2832
Moving_in_out_frame,129,Standing,Lying,False,0.989,0.0,9.1484
Moving_in_out_frame,130,Standing,Lying,False,0.993,0.0,9.0864
Moving_in_out_frame,131,Standing,Lying,False,0.982,0.0,8.0543
Moving_in_out_frame,132,Standing,Lying,False,0.994,0.0,9.5212
Moving_in_out_frame,133,Standing,Lying,False,0.969,0.0,8.8532
Moving_in_out_frame,134,Standing,Lying,False,0.993,0.0,7.6436
Moving_in_out_frame,135,Standing,Lying,False,0.985,0.0,8.7159
Moving_in_out_frame,136,Standing,Lying,False,0.981,0.0,8.9847
Moving_in_out_frame,137,Standing,Lying,False,0.978,0.0,9.0409
Moving_in_out_frame,138,Standing,Lying,False,0.971,0.0,8.3241
Moving_in_out_frame,139,Standing,Lying,False,0.946,0.0,9.3448
Moving_in_out_frame,140,Standing,Lying,False,0.955,0.0,8.6399
Moving_in_out_frame,141,Standing,Lying,False,0.958,0.0,8.2181
Moving_in_out_frame,142,Standing,Lying,False,0.95,0.0,8.7431
Moving_in_out_frame,143,Standing,Lying,False,0.961,0.0,7.9956
Moving_in_out_frame,144,Standing,Lying,False,0.988,0.0,7.3681
Moving_in_out_frame,145,Standing,Lying,False,0.986,0.0,8.4361
Moving_in_out_frame,146,Standing,Lying,False,0.962,0.0,8.3426
Moving_in_out_frame,147,Standing,Lying,False,0.979,0.0,11.488
Moving_in_out_frame,148,Standing,Lying,False,0.986,0.0,10.08
Moving_in_out_frame,149,Standing,Lying,False,0.939,0.0,8.5906
Moving_in_out_frame,150,Standing,Lying,False,0.981,0.0,9.6088
Moving_in_out_frame,151,Standing,Lying,False,0.967,0.0,10.8106
Moving_in_out_frame,152,Standing,Lying,False,0.951,0.0,7.8479
Moving_in_out_frame,153,Standing,Lying,False,0.951,0.0,9.6094
Moving_in_out_frame,154,Standing,Lying,False,0.975,0.0,8.3526
Moving_in_out_frame,155,Standing,Lying,False,0.952,0.0,9.6979
Moving_in_out_frame,156,Standing,Lying,False,0.945,0.0,7.6578
Moving_in_out_frame,157,Standing,Lying,False,0.986,0.0,8.0816
Moving_in_out_frame,158,Standing,Lying,False,0.983,0.0,8.5227
Moving_in_out_frame,159,Standing,Lying,False,0.991,0.0,8.2341
Moving_in_out_frame,160,Standing,Lying,False,0.972,0.0,8.7238
Moving_in_out_frame,161,Standing,Lying,False,0.994,0.0,8.449
Moving_in_out_frame,162,Standing,Lying,False,0.981,0.0,8.3295
Moving_in_out_frame,163,Standing,Lying,False,0.992,0.0,8.2646
Moving_in_out_frame,164,Standing,Lying,False,0.993,0.0,8.3597
Moving_in_out_frame,165,Standing,Lying,False,0.983,0.0,6.8175
Moving_in_out_frame,166,Standing,Lying,False,0.981,0.0,7.5315
Moving_in_out_frame,167,Standing,Lying,False,0.949,1.0,6.6982
Moving_in_out_frame,168,Standing,Lying,False,0.978,0.0,5.9218
Moving_in_out_frame,169,Standing,Lying,False,0.927,0.0,7.5839
Moving_in_out_frame,170,Standing,Lying,False,0.866,0.0,8.974
Moving_in_out_frame,171,Standing,Lying,False,0.782,0.0,8.4331
Moving_in_out_frame,172,Standing,Standing,True,0.854,0.0,10.4093
Moving_in_out_frame,173,Standing,Standing,True,0.856,0.0,9.292
Moving_in_out_frame,174,Standing,Standing,True,0.945,0.0,8.5851
Moving_in_out_frame,175,Standing,Standing,True,0.903,0.0,9.8674
Moving_in_out_frame,176,Standing,Standing,True,0.941,0.0,8.856
Moving_in_out_frame,177,Standing,Standing,True,0.903,0.0,8.9445
Moving_in_out_frame,178,Standing,Standing,True,0.853,0.0,9.8677
Moving_in_out_frame,179,Standing,Standing,True,0.855,0.0,9.674
Moving_in_out_frame,180,Standing,Standing,True,0.964,0.0,9.0709
Moving_in_out_frame,181,Standing,Standing,True,0.978,0.0,9.5075
Moving_in_out_frame,182,Standing,Standing,True,0.95,0.0,8.7451
Moving_in_out_frame,183,Standing,Standing,True,0.975,0.0,8.3247
Moving_in_out_frame,184,Standing,Standing,True,0.972,0.0,9.8256
Moving_in_out_frame,185,Standing,Standing,True,0.988,0.0,8.0401
Moving_in_out_frame,186,Standing,Standing,True,0.984,0.0,9.0546
Moving_in_out_frame,187,Standing,Standing,True,0.938,0.0,8.9366
Moving_in_out_frame,188,Standing,Standing,True,0.952,0.0,8.6303
Moving_in_out_frame,189,Standing,Standing,True,0.985,0.0,6.2309
Moving_in_out_frame,190,Standing,Standing,True,0.958,0.0,8.6608
Moving_in_out_frame,191,Standing,Standing,True,0.982,0.0,8.9105
Moving_in_out_frame,192,Standing,Standing,True,0.982,0.0,10.8595
Moving_in_out_frame,193,Standing,Standing,True,0.994,0.0,14.8382
Moving_in_out_frame,194,Standing,Standing,True,0.995,0.0,8.8429
Moving_in_out_frame,195,Standing,Standing,True,0.996,0.0,9.8139
Moving_in_out_frame,196,Standing,Standing,True,0.953,0.0,10.724
Moving_in_out_frame,197,Standing,Standing,True,0.998,0.0,8.8079
Moving_in_out_frame,198,Standing,Standing,True,0.999,0.0,7.2723
Moving_in_out_frame,199,Standing,Standing,True,0.999,0.0,8.7375
Moving_in_out_frame,200,Standing,Standing,True,0.999,0.0,11.0097
Moving_in_out_frame,201,Standing,Standing,True,0.999,0.0,9.112
Moving_in_out_frame,202,Standing,Standing,True,0.999,0.0,10.9566
Moving_in_out_frame,203,Standing,Standing,True,1.0,0.0,9.6059
Moving_in_out_frame,204,Standing,Standing,True,1.0,0.0,9.3667
Moving_in_out_frame,205,Standing,Standing,True,1.0,0.0,11.7929
Moving_in_out_frame,206,,Standing,,1.0,0.0,13.8577
Moving_in_out_frame,207,,Standing,,1.0,0.0,8.9132
Moving_in_out_frame,208,,Standing,,1.0,0.0,20.9832
Moving_in_out_frame,209,,Standing,,1.0,0.0,16.5591
Moving_in_out_frame,210,,Standing,,0.999,0.0,11.8427
Moving_in_out_frame_withFall,31,Standing,Standing,True,0.975,1.0,8.2304
Moving_in_out_frame_withFall,32,Standing,Standing,True,0.887,1.0,10.7106
Moving_in_out_frame_withFall,33,Standing,Standing,True,0.918,1.0,9.2073
Moving_in_out_frame_withFall,34,Standing,Standing,True,0.779,1.0,11.6086
Moving_in_out_frame_withFall,35,Standing,Standing,True,0.866,1.0,8.3072
Moving_in_out_frame_withFall,36,Standing,Standing,True,0.637,1.0,10.4346
Moving_in_out_frame_withFall,37,Standing,Standing,True,0.576,1.0,9.9185
Moving_in_out_frame_withFall,38,Standing,Standing,True,0.525,1.0,9.2387
Moving_in_out_frame_withFall,39,Standing,Standing,True,0.647,1.0,10.1357
Moving_in_out_frame_withFall,40,Standing,Lying,False,0.477,1.0,9.6752
Moving_in_out_frame_withFall,41,Standing,Lying,False,0.524,1.0,10.3683
Moving_in_out_frame_withFall,42,Standing,Lying,False,0.584,1.0,11.3045
Moving_in_out_frame_withFall,43,Standing,Lying,False,0.883,1.0,11.8844
Moving_in_out_frame_withFall,44,Standing,Lying,False,0.893,1.0,9.4406
Moving_in_out_frame_withFall,45,Standing,Lying,False,0.909,1.0,9.4376
Moving_in_out_frame_withFall,46,Standing,Lying,False,0.949,1.0,11.2923
Moving_in_out_frame_withFall,47,Standing,Lying,False,0.955,1.0,9.063
Moving_in_out_frame_withFall,48,Standing,Lying,False,0.911,1.0,10.4491
Moving_in_out_frame_withFall,49,Standing,Lying,False,0.888,1.0,13.0791
Moving_in_out_frame_withFall,50,Not in frame,Lying,False,0.806,1.0,11.4592
Moving_in_out_frame_withFall,51,Not in frame,Lying,False,0.82,1.0,10.8264
Moving_in_out_frame_withFall,52,Not in frame,Lying,False,0.845,1.0,22.3776
Moving_in_out_frame_withFall,53,Not in frame,Lying,False,0.574,1.0,14.8325
Moving_in_out_frame_withFall,54,Not in frame,Lying,False,0.503,1.0,13.1051
Moving_in_out_frame_withFall,55,Not in frame,Lying,False,0.555,1.0,13.0143
Moving_in_out_frame_withFall,56,Not in frame,Lying,False,0.635,1.0,11.5456
Moving_in_out_frame_withFall,57,Not in frame,Lying,False,0.571,1.0,10.8542
Moving_in_out_frame_withFall,58,Not in frame,Lying,False,0.937,1.0,18.812
Moving_in_out_frame_withFall,59,Not in frame,Unknown,False,0.75,1.0,11.2234
Moving_in_out_frame_withFall,60,Not in frame,Unknown,False,0.563,1.0,10.5338
Moving_in_out_frame_withFall,61,Not in frame,Unknown,False,0.563,1.0,11.5205
Moving_in_out_frame_withFall,62,Not in frame,Unknown,False,0.563,1.0,9.6081
Moving_in_out_frame_withFall,63,Not in frame,Unknown,False,0.563,1.0,10.0377
Moving_in_out_frame_withFall,64,Not in frame,Unknown,False,0.563,1.0,11.4718
Moving_in_out_frame_withFall,65,Not in frame,Unknown,False,0.563,1.0,21.489
Moving_in_out_frame_withFall,66,Not in frame,Unknown,False,0.563,1.0,15.547
Moving_in_out_frame_withFall,67,Not in frame,Unknown,False,0.563,1.0,18.5136
Moving_in_out_frame_withFall,68,Not in frame,Unknown,False,0.563,1.0,32.6602
Moving_in_out_frame_withFall,69,Not in frame,Unknown,False,0.563,1.0,15.0279
Moving_in_out_frame_withFall,70,Not in frame,Unknown,False,0.563,1.0,11.6759
Moving_in_out_frame_withFall,71,Not in frame,Unknown,False,0.563,1.0,11.9447
Moving_in_out_frame_withFall,72,Not in frame,Unknown,False,0.563,1.0,9.8496
Moving_in_out_frame_withFall,73,Not in frame,Unknown,False,0.563,1.0,12.7741
Moving_in_out_frame_withFall,74,Not in frame,Unknown,False,0.563,1.0,15.539
Moving_in_out_frame_withFall,75,Not in frame,Unknown,False,0.563,1.0,15.6796
Moving_in_out_frame_withFall,76,Not in frame,Unknown,False,0.563,1.0,17.7641
Moving_in_out_frame_withFall,77,Not in frame,Unknown,False,0.563,1.0,14.9242
Moving_in_out_frame_withFall,78,Not in frame,Unknown,False,0.563,1.0,17.134
Moving_in_out_frame_withFall,79,Not in frame,Unknown,False,0.563,1.0,11.1872
Moving_in_out_frame_withFall,80,Not in frame,Unknown,False,0.563,1.0,14.4491
Moving_in_out_frame_withFall,81,Not in frame,Unknown,False,0.563,1.0,10.2494
Moving_in_out_frame_withFall,82,Not in frame,Unknown,False,0.563,1.0,10.0854
Moving_in_out_frame_withFall,83,Not in frame,Unknown,False,0.563,1.0,9.9091
Moving_in_out_frame_withFall,84,Not in frame,Unknown,False,0.563,1.0,16.1038
Moving_in_out_frame_withFall,85,Not in frame,Unknown,False,0.563,1.0,14.7953
Moving_in_out_frame_withFall,86,,Unknown,,0.563,1.0,9.6467
Moving_in_out_frame_withFall,87,,Unknown,,0.563,1.0,11.1084
Moving_in_out_frame_withFall,88,Standing,Unknown,False,0.563,1.0,12.5145
Moving_in_out_frame_withFall,89,Standing,Unknown,False,0.563,1.0,10.6545
Moving_in_out_frame_withFall,90,Standing,Unknown,False,0.563,1.0,13.1221
Moving_in_out_frame_withFall,91,Standing,Unknown,False,0.563,1.0,12.2484
Moving_in_out_frame_withFall,92,Standing,Unknown,False,0.563,1.0,12.3018
Moving_in_out_frame_withFall,93,Standing,Unknown,False,0.563,1.0,16.8524
Moving_in_out_frame_withFall,94,Standing,Unknown,False,0.563,1.0,12.3843
Moving_in_out_frame_withFall,95,Standing,Unknown,False,0.563,1.0,10.8443
Moving_in_out_frame_withFall,96,Standing,Unknown,False,0.563,1.0,11.725
Moving_in_out_frame_withFall,97,Standing,Unknown,False,0.563,1.0,13.3129
Moving_in_out_frame_withFall,98,Standing,Unknown,False,0.563,1.0,10.6902
Moving_in_out_frame_withFall,99,Standing,Unknown,False,0.563,1.0,9.2515
Moving_in_out_frame_withFall,100,Standing,Unknown,False,0.563,1.0,12.4583
Moving_in_out_frame_withFall,101,Standing,Unknown,False,0.563,1.0,12.7636
Moving_in_out_frame_withFall,102,Standing,Unknown,False,0.563,1.0,12.2602
Moving_in_out_frame_withFall,103,Standing,Unknown,False,0.563,1.0,14.5029
Moving_in_out_frame_withFall,104,Standing,Lying,False,0.701,0.0,19.5796
Moving_in_out_frame_withFall,105,Standing,Unknown,False,0.796,0.0,30.0329
Moving_in_out_frame_withFall,106,Standing,Unknown,False,0.973,0.0,13.7268
Moving_in_out_frame_withFall,107,Standing,Lying,False,0.697,0.0,16.9611
Moving_in_out_frame_withFall,108,Standing,Standing,True,0.571,0.0,14.3371
Moving_in_out_frame_withFall,109,,Lying,,0.541,0.0,22.0803
Moving_in_out_frame_withFall,110,,Standing,,0.807,0.0,13.7513
Moving_in_out_frame_withFall,111,,Standing,,0.803,0.0,21.1868
Moving_in_out_frame_withFall,112,,Standing,,0.755,0.0,13.1389
Moving_in_out_frame_withFall,113,,Standing,,0.794,0.0,10.8396
Moving_in_out_frame_withFall,114,,Standing,,0.849,0.0,11.8418
Moving_in_out_frame_withFall,115,,Standing,,0.785,0.0,10.3909
Moving_in_out_frame_withFall,116,,Standing,,0.572,0.0,12.258
Moving_in_out_frame_withFall,117,,Standing,,0.654,0.0,11.1424
Moving_in_out_frame_withFall,118,,Standing,,0.809,0.0,11.3676
Moving_in_out_frame_withFall,119,,Standing,,0.568,0.0,16.0342
Moving_in_out_frame_withFall,120,,Standing,,0.84,0.0,11.2134
Moving_in_out_frame_withFall,121,,Standing,,0.761,0.0,13.4251
Moving_in_out_frame_withFall,122,,Standing,,0.681,0.0,15.3717
Moving_in_out_frame_withFall,123,,Standing,,0.696,0.0,17.0565
Moving_in_out_frame_withFall,124,,Standing,,0.803,0.0,15.3272
Moving_in_out_frame_withFall,125,,Standing,,0.916,0.0,22.9677
Moving_in_out_frame_withFall,126,,Standing,,0.944,0.0,17.8176
Moving_in_out_frame_withFall,127,,Standing,,0.939,0.0,15.9856
Moving_in_out_frame_withFall,128,,Standing,,0.968,0.0,16.9307
Moving_in_out_frame_withFall,129,,Standing,,0.958,0.0,13.3097
Moving_in_out_frame_withFall,130,,Standing,,0.92,0.0,14.7896
Moving_in_out_frame_withFall,131,,Standing,,0.771,0.0,8.2987
Moving_in_out_frame_withFall,132,,Standing,,0.627,0.0,11.4171
Moving_in_out_frame_withFall,133,,Standing,,0.754,0.0,11.0396
Moving_in_out_frame_withFall,134,,Standing,,0.636,0.0,10.5967
Moving_in_out_frame_withFall,135,,Standing,,0.583,0.0,10.7634
Moving_in_out_frame_withFall,136,,Sitting,,0.563,0.0,14.0446
Moving_in_out_frame_withFall,137,,Standing,,0.663,0.0,9.4225
Moving_in_out_frame_withFall,138,,Standing,,0.731,0.0,10.4538
Moving_in_out_frame_withFall,139,,Sitting,,0.563,0.0,13.4802
Moving_in_out_frame_withFall,140,,Sitting,,0.553,0.0,10.1091
Moving_in_out_frame_withFall,141,,Sitting,,0.78,0.0,10.2516
Moving_in_out_frame_withFall,142,,Sitting,,0.703,0.0,11.6579
Moving_in_out_frame_withFall,143,,Sitting,,0.797,0.0,13.4056
Moving_in_out_frame_withFall,144,,Sitting,,0.672,0.0,10.9694
Moving_in_out_frame_withFall,145,,Sitting,,0.807,0.0,10.3819
Moving_in_out_frame_withFall,146,Lying,Sitting,False,0.757,0.0,12.1577
Moving_in_out_frame_withFall,147,Lying,Sitting,False,0.736,0.0,11.4457
Moving_in_out_frame_withFall,148,Lying,Sitting,False,0.591,0.0,16.405
Moving_in_out_frame_withFall,149,Lying,Sitting,False,0.878,1.0,24.7547
Moving_in_out_frame_withFall,150,Lying,Sitting,False,0.931,0.0,16.3748
Moving_in_out_frame_withFall,151,Lying,Sitting,False,0.744,0.0,19.7461
Moving_in_out_frame_withFall,152,Lying,Sitting,False,0.789,0.0,16.9584
Moving_in_out_frame_withFall,153,Lying,Sitting,False,0.708,0.0,14.2173
Moving_in_out_frame_withFall,154,Lying,Sitting,False,0.501,0.0,13.2128
Moving_in_out_frame_withFall,155,Lying,Sitting,False,0.565,0.0,14.3638
Moving_in_out_frame_withFall,156,Lying,Sitting,False,0.751,0.0,14.2207
Moving_in_out_frame_withFall,157,Lying,Sitting,False,0.684,0.0,11.0933
Moving_in_out_frame_withFall,158,Lying,Sitting,False,0.815,0.0,12.2715
Moving_in_out_frame_withFall,159,Lying,Sitting,False,0.784,0.0,12.5115
Moving_in_out_frame_withFall,160,Lying,Sitting,False,0.433,0.0,12.8447
Moving_in_out_frame_withFall,161,Lying,Sitting,False,0.46,1.0,14.8419
Moving_in_out_frame_withFall,162,Lying,Sitting,False,0.9,1.0,14.0784
Moving_in_out_frame_withFall,163,Lying,Sitting,False,0.923,1.0,20.9086
Moving_in_out_frame_withFall,164,Lying,Sitting,False,0.805,1.0,17.7022
Moving_in_out_frame_withFall,165,Lying,Lying,True,0.353,1.0,15.1428
Moving_in_out_frame_withFall,166,Lying,Sitting,False,0.319,0.0,16.9938
Moving_in_out_frame_withFall,167,Lying,Sitting,False,0.631,0.0,27.8098
Moving_in_out_frame_withFall,168,Lying,Sitting,False,0.558,1.0,16.4838
Moving_in_out_frame_withFall,169,Lying,Sitting,False,0.681,1.0,14.8666
Moving_in_out_frame_withFall,170,Lying,Sitting,False,0.746,1.0,14.1455
Moving_in_out_frame_withFall,171,Lying,Lying,True,0.384,1.0,11.8307
Moving_in_out_frame_withFall,172,Lying,Lying,True,0.663,1.0,15.7118
Moving_in_out_frame_withFall,173,Lying,Lying,True,0.481,1.0,12.9846
Moving_in_out_frame_withFall,174,Lying,Lying,True,0.524,0.0,13.1397
Moving_in_out_frame_withFall,175,Lying,Lying,True,0.569,0.0,11.7708
Moving_in_out_frame_withFall,176,Lying,Lying,True,0.886,0.0,15.3383
Moving_in_out_frame_withFall,177,Lying,Lying,True,0.895,1.0,18.753
Moving_in_out_frame_withFall,178,Lying,Lying,True,0.653,1.0,16.2288
Moving_in_out_frame_withFall,179,Lying,Lying,True,0.829,1.0,15.1029
Moving_in_out_frame_withFall,180,Lying,Lying,True,0.676,1.0,16.7099
Moving_in_out_frame_withFall,181,Lying,Lying,True,0.662,0.0,21.7912
Moving_in_out_frame_withFall,182,Lying,Lying,True,0.758,1.0,13.0812
Moving_in_out_frame_withFall,183,Lying,Lying,True,0.684,0.0,18.9783
Moving_in_out_frame_withFall,184,Lying,Lying,True,0.864,0.0,11.4899
Moving_in_out_frame_withFall,185,Lying,Lying,True,0.935,0.0,13.5366
Moving_in_out_frame_withFall,186,Lying,Lying,True,0.934,0.0,10.3511
Moving_in_out_frame_withFall,187,Lying,Lying,True,0.794,1.0,12.3472
Moving_in_out_frame_withFall,188,Lying,Lying,True,0.541,0.0,12.5121
Moving_in_out_frame_withFall,189,Lying,Lying,True,0.535,0.0,13.1254
Moving_in_out_frame_withFall,190,Lying,Lying,True,0.911,0.0,11.9555
Moving_in_out_frame_withFall,191,Lying,Lying,True,0.929,0.0,11.3255
Moving_in_out_frame_withFall,192,Lying,Lying,True,0.909,0.0,11.6095
Moving_in_out_frame_withFall,193,Lying,Lying,True,0.906,0.0,12.6329
Moving_in_out_frame_withFall,194,Lying,Lying,True,0.621,1.0,26.8584
Moving_in_out_frame_withFall,195,Lying,Lying,True,0.96,0.0,32.8314
Moving_in_out_frame_withFall,196,Lying,Lying,True,0.936,0.0,25.2218
Moving_in_out_frame_withFall,197,Lying,Lying,True,0.863,0.0,32.0336
Moving_in_out_frame_withFall,198,Lying,Lying,True,0.95,0.0,16.4553
Moving_in_out_frame_withFall,199,Lying,Lying,True,0.9,0.0,18.3147
Moving_in_out_frame_withFall,200,Lying,Lying,True,0.732,0.0,19.9257
Moving_in_out_frame_withFall,201,Lying,Lying,True,0.612,0.0,26.8055
Moving_in_out_frame_withFall,202,Lying,Lying,True,0.691,0.0,13.7418
Moving_in_out_frame_withFall,203,Lying,Lying,True,0.735,0.0,12.5687
Moving_in_out_frame_withFall,204,Lying,Lying,True,0.777,0.0,14.9436
Moving_in_out_frame_withFall,205,,Lying,,0.597,0.0,12.5314
Moving_in_out_frame_withFall,206,,Standing,,0.489,0.0,12.9334
Moving_in_out_frame_withFall,207,,Standing,,0.628,0.0,12.1735
Moving_in_out_frame_withFall,208,,Standing,,0.687,0.0,23.9482
Moving_in_out_frame_withFall,209,,Lying,,0.63,0.0,14.4759
Moving_in_out_frame_withFall,210,,Lying,,0.466,0.0,11.9595
Moving_in_out_frame_withFall,211,,Standing,,0.531,0.0,21.4
Moving_in_out_frame_withFall,212,,Standing,,0.58,0.0,22.4443
Moving_in_out_frame_withFall,213,,Sitting,,0.455,0.0,23.7345
Moving_in_out_frame_withFall,214,,Standing,,0.576,0.0,23.7689
Moving_in_out_frame_withFall,215,,Lying,,0.374,0.0,18.4836
Moving_in_out_frame_withFall,216,,Sitting,,0.681,0.0,17.0899
Moving_in_out_frame_withFall,217,,Sitting,,0.547,0.0,16.6345
Sit_Stand_AnklesInvisible,31,Sitting,Standing,False,0.999,0.0,14.4902
Sit_Stand_AnklesInvisible,32,Sitting,Standing,False,0.999,0.0,16.5807
Sit_Stand_AnklesInvisible,33,Sitting,Standing,False,0.999,0.0,19.5671
Sit_Stand_AnklesInvisible,34,Sitting,Standing,False,0.999,0.0,21.1718
Sit_Stand_AnklesInvisible,35,Sitting,Standing,False,1.0,0.0,21.5345
Sit_Stand_AnklesInvisible,36,Sitting,Standing,False,1.0,0.0,18.4702
Sit_Stand_AnklesInvisible,37,Sitting,Standing,False,0.998,0.0,21.8642
Sit_Stand_AnklesInvisible,38,Sitting,Standing,False,0.997,0.0,21.4345
Sit_Stand_AnklesInvisible,39,Sitting,Standing,False,0.998,0.0,17.1837
Sit_Stand_AnklesInvisible,40,Sitting,Standing,False,0.998,0.0,19.5682
Sit_Stand_AnklesInvisible,41,Sitting,Standing,False,0.999,0.0,12.6347
Sit_Stand_AnklesInvisible,42,Sitting,Standing,False,0.995,0.0,14.6972
Sit_Stand_AnklesInvisible,43,Sitting,Standing,False,0.995,0.0,12.425
Sit_Stand_AnklesInvisible,44,Sitting,Standing,False,0.992,0.0,12.4249
Sit_Stand_AnklesInvisible,45,Sitting,Standing,False,0.994,0.0,16.3839
Sit_Stand_AnklesInvisible,46,Sitting,Standing,False,0.988,0.0,21.3176
Sit_Stand_AnklesInvisible,47,Sitting,Standing,False,0.988,0.0,10.403
Sit_Stand_AnklesInvisible,48,Sitting,Standing,False,0.991,0.0,12.0652
Sit_Stand_AnklesInvisible,49,Sitting,Standing,False,0.992,0.0,11.3901
Sit_Stand_AnklesInvisible,50,Sitting,Standing,False,0.993,0.0,19.3286
Sit_Stand_AnklesInvisible,51,Sitting,Standing,False,0.996,0.0,8.1642
Sit_Stand_AnklesInvisible,52,Sitting,Standing,False,0.998,0.0,12.5475
Sit_Stand_AnklesInvisible,53,Sitting,Standing,False,0.998,0.0,12.4731
Sit_Stand_AnklesInvisible,54,Sitting,Standing,False,0.999,0.0,14.8937
Sit_Stand_AnklesInvisible,55,Sitting,Standing,False,0.999,0.0,16.2964
Sit_Stand_AnklesInvisible,56,Sitting,Standing,False,0.998,0.0,10.2834
Sit_Stand_AnklesInvisible,57,Sitting,Standing,False,0.996,0.0,12.2653
Sit_Stand_AnklesInvisible,58,Sitting,Standing,False,0.998,0.0,12.8024
Sit_Stand_AnklesInvisible,59,Sitting,Standing,False,0.997,0.0,13.2039
Sit_Stand_AnklesInvisible,60,Sitting,Standing,False,0.998,0.0,13.7399
Sit_Stand_AnklesInvisible,61,Sitting,Standing,False,0.997,0.0,9.8065
Sit_Stand_AnklesInvisible,62,Sitting,Standing,False,0.997,0.0,10.6043
Sit_Stand_AnklesInvisible,63,Sitting,Standing,False,0.998,0.0,15.4156
Sit_Stand_AnklesInvisible,64,Sitting,Standing,False,0.999,0.0,11.683
Sit_Stand_AnklesInvisible,65,Sitting,Standing,False,0.999,0.0,10.3669
Sit_Stand_AnklesInvisible,66,Sitting,Standing,False,0.999,0.0,9.3537
Sit_Stand_AnklesInvisible,67,Sitting,Standing,False,0.999,0.0,8.6602
Sit_Stand_AnklesInvisible,68,Sitting,Standing,False,0.999,0.0,8.3432
Sit_Stand_AnklesInvisible,69,Sitting,Standing,False,0.999,0.0,10.7566
Sit_Stand_AnklesInvisible,70,Sitting,Standing,False,0.999,0.0,21.6852
Sit_Stand_AnklesInvisible,71,Sitting,Standing,False,0.999,0.0,14.2196
Sit_Stand_AnklesInvisible,72,Sitting,Standing,False,0.998,0.0,14.7178
Sit_Stand_AnklesInvisible,73,Sitting,Standing,False,0.998,0.0,13.0933
Sit_Stand_AnklesInvisible,74,Sitting,Standing,False,0.999,0.0,11.7442
Sit_Stand_AnklesInvisible,75,Sitting,Standing,False,0.999,0.0,15.56
Sit_Stand_AnklesInvisible,76,Sitting,Standing,False,0.998,0.0,13.6703
Sit_Stand_AnklesInvisible,77,Sitting,Standing,False,0.998,0.0,11.0769
Sit_Stand_AnklesInvisible,78,Sitting,Standing,False,0.998,0.0,13.1595
Sit_Stand_AnklesInvisible,79,Sitting,Standing,False,0.998,0.0,11.1866
Sit_Stand_AnklesInvisible,80,Sitting,Standing,False,0.998,0.0,8.0503
Sit_Stand_AnklesInvisible,81,Sitting,Standing,False,0.999,0.0,7.923
Sit_Stand_AnklesInvisible,82,Sitting,Standing,False,0.999,0.0,8.2403
Sit_Stand_AnklesInvisible,83,Sitting,Standing,False,0.999,0.0,9.2993
Sit_Stand_AnklesInvisible,84,Sitting,Standing,False,0.999,0.0,8.3791
Sit_Stand_AnklesInvisible,85,Sitting,Standing,False,0.999,0.0,12.0417
Sit_Stand_AnklesInvisible,86,Sitting,Standing,False,0.999,0.0,12.6321
Sit_Stand_AnklesInvisible,87,Sitting,Standing,False,0.999,0.0,10.2775
Sit_Stand_AnklesInvisible,88,Sitting,Standing,False,1.0,0.0,13.965
Sit_Stand_AnklesInvisible,89,Sitting,Standing,False,1.0,0.0,12.7485
Sit_Stand_AnklesInvisible,90,Sitting,Standing,False,1.0,0.0,10.2918
Sit_Stand_AnklesInvisible,91,Sitting,Standing,False,0.999,0.0,14.5113
Sit_Stand_AnklesInvisible,92,Sitting,Standing,False,0.999,0.0,22.2503
Sit_Stand_AnklesInvisible,93,Sitting,Standing,False,0.999,0.0,26.2336
Sit_Stand_AnklesInvisible,94,Sitting,Standing,False,1.0,0.0,33.7955
Sit_Stand_AnklesInvisible,95,Sitting,Standing,False,0.999,0.0,41.6673
Sit_Stand_AnklesInvisible,96,Sitting,Standing,False,1.0,0.0,53.1801
Sit_Stand_AnklesInvisible,97,Sitting,Standing,False,1.0,0.0,26.3535
Sit_Stand_AnklesInvisible,98,Sitting,Standing,False,1.0,0.0,30.4074
Sit_Stand_AnklesInvisible,99,Sitting,Standing,False,0.999,0.0,38.3841
Sit_Stand_AnklesInvisible,100,Sitting,Standing,False,1.0,0.0,29.8913
Sit_Stand_AnklesInvisible,101,Sitting,Standing,False,1.0,0.0,31.594
Sit_Stand_AnklesInvisible,102,Sitting,Standing,False,1.0,0.0,18.3848
Sit_Stand_AnklesInvisible,103,Sitting,Standing,False,1.0,0.0,34.4734
Sit_Stand_AnklesInvisible,104,Sitting,Standing,False,1.0,0.0,24.2186
Sit_Stand_AnklesInvisible,105,Sitting,Standing,False,1.0,0.0,88.0063
Sit_Stand_AnklesInvisible,106,Sitting,Standing,False,1.0,0.0,20.3025
Sit_Stand_AnklesInvisible,107,Sitting,Standing,False,1.0,0.0,14.779
Sit_Stand_AnklesInvisible,108,Sitting,Standing,False,1.0,0.0,11.8895
Sit_Stand_AnklesInvisible,109,Sitting,Standing,False,1.0,0.0,17.011
Sit_Stand_AnklesInvisible,110,Sitting,Standing,False,1.0,0.0,47.2833
Sit_Stand_AnklesInvisible,111,Sitting,Standing,False,1.0,0.0,36.0039
Sit_Stand_AnklesInvisible,112,Sitting,Standing,False,1.0,0.0,34.2091
Sit_Stand_AnklesInvisible,113,Sitting,Standing,False,1.0,0.0,18.9011
Sit_Stand_AnklesInvisible,114,Sitting,Standing,False,1.0,0.0,11.7207
Sit_Stand_AnklesInvisible,115,Sitting,Standing,False,1.0,0.0,28.8554
Sit_Stand_AnklesInvisible,116,Sitting,Standing,False,1.0,0.0,25.5113
Sit_Stand_AnklesInvisible,117,Sitting,Standing,False,1.0,0.0,191.6775
Sit_Stand_AnklesInvisible,118,Sitting,Standing,False,1.0,0.0,34.6582
Sit_Stand_AnklesInvisible,119,Sitting,Standing,False,1.0,0.0,30.5747
Sit_Stand_AnklesInvisible,120,Sitting,Standing,False,1.0,0.0,24.8489
Sit_Stand_AnklesInvisible,121,Sitting,Standing,False,1.0,0.0,11.791
Sit_Stand_AnklesInvisible,122,Sitting,Standing,False,1.0,0.0,15.2093
Sit_Stand_AnklesInvisible,123,Sitting,Standing,False,1.0,0.0,14.8794
Sit_Stand_AnklesInvisible,124,Sitting,Standing,False,1.0,0.0,12.6981
Sit_Stand_AnklesInvisible,125,Sitting,Standing,False,0.999,0.0,17.8357
Sit_Stand_AnklesInvisible,126,Sitting,Standing,False,1.0,0.0,15.8547
Sit_Stand_AnklesInvisible,127,Sitting,Standing,False,1.0,0.0,11.1904
Sit_Stand_AnklesInvisible,128,Sitting,Standing,False,1.0,0.0,8.5022
Sit_Stand_AnklesInvisible,129,Sitting,Standing,False,1.0,0.0,11.0075
Sit_Stand_AnklesInvisible,130,Sitting,Standing,False,1.0,0.0,12.727
Sit_Stand_AnklesInvisible,131,Sitting,Standing,False,1.0,0.0,13.5094
Sit_Stand_AnklesInvisible,132,Sitting,Standing,False,1.0,0.0,11.4506
Sit_Stand_AnklesInvisible,133,Sitting,Standing,False,0.999,0.0,15.815
Sit_Stand_AnklesInvisible,134,Sitting,Standing,False,1.0,0.0,25.2111
Sit_Stand_AnklesInvisible,135,Sitting,Standing,False,1.0,0.0,12.4994
Sit_Stand_AnklesInvisible,136,Sitting,Standing,False,0.999,0.0,10.884
Sit_Stand_AnklesInvisible,137,Sitting,Standing,False,1.0,0.0,13.8747
Sit_Stand_AnklesInvisible,138,,Standing,,1.0,0.0,11.6882
Sit_Stand_AnklesInvisible,139,,Standing,,0.999,0.0,13.9965
Sit_Stand_AnklesInvisible,140,,Standing,,1.0,0.0,15.3465
Sit_Stand_AnklesInvisible,141,,Standing,,1.0,0.0,19.089
Sit_Stand_AnklesInvisible,142,,Standing,,0.999,0.0,13.7323
Sit_Stand_AnklesInvisible,143,,Standing,,1.0,0.0,9.6509
Sit_Stand_AnklesInvisible,144,,Standing,,0.999,0.0,10.3898
Sit_Stand_AnklesInvisible,145,,Standing,,1.0,0.0,11.2776
Sit_Stand_AnklesInvisible,146,,Standing,,0.999,0.0,7.8403
Sit_Stand_AnklesInvisible,147,,Standing,,0.999,0.0,14.3349
Sit_Stand_AnklesInvisible,148,,Standing,,0.999,0.0,48.7633
Sit_Stand_AnklesInvisible,149,,Standing,,1.0,0.0,15.0848
Sit_Stand_AnklesInvisible,150,,Standing,,1.0,0.0,14.2201
Sit_Stand_AnklesInvisible,151,,Standing,,1.0,0.0,20.1875
Sit_Stand_AnklesInvisible,152,,Standing,,0.999,0.0,20.8272
Sit_Stand_AnklesInvisible,153,,Standing,,0.999,0.0,22.9622
Sit_Stand_AnklesInvisible,154,,Standing,,0.999,0.0,16.2681
Sit_Stand_AnklesInvisible,155,,Standing,,0.998,0.0,15.092
Sit_Stand_AnklesInvisible,156,,Standing,,0.997,0.0,16.2536
Sit_Stand_AnklesInvisible,157,,Standing,,0.982,0.0,20.6198
Sit_Stand_AnklesInvisible,158,,Standing,,0.93,0.0,16.9513
Sit_Stand_AnklesInvisible,159,,Standing,,0.837,0.0,12.0793
Sit_Stand_AnklesInvisible,160,,Standing,,0.814,0.0,17.5968
Sit_Stand_AnklesInvisible,161,,Standing,,0.598,0.0,10.1664
Sit_Stand_AnklesInvisible,162,,Standing,,0.786,0.0,12.7614
Sit_Stand_AnklesInvisible,163,,Standing,,0.901,0.0,11.9196
Sit_Stand_AnklesInvisible,164,,Standing,,0.97,0.0,12.4597
Sit_Stand_AnklesInvisible,165,,Standing,,0.961,0.0,12.4192
Sit_Stand_AnklesInvisible,166,,Standing,,0.908,0.0,9.0897
Sit_Stand_AnklesInvisible,167,,Standing,,0.895,0.0,9.683
Sit_Stand_AnklesInvisible,168,Standing,Standing,True,0.957,0.0,11.9816
Sit_Stand_AnklesInvisible,169,Standing,Standing,True,0.981,0.0,8.6887
Sit_Stand_AnklesInvisible,170,Standing,Standing,True,0.991,0.0,10.7868
Sit_Stand_AnklesInvisible,171,Standing,Standing,True,0.993,0.0,12.4519
Sit_Stand_AnklesInvisible,172,Standing,Standing,True,0.996,0.0,8.9499
Sit_Stand_AnklesInvisible,173,Standing,Standing,True,0.998,0.0,10.563
Sit_Stand_AnklesInvisible,174,Standing,Standing,True,0.996,0.0,11.82
Sit_Stand_AnklesInvisible,175,Standing,Standing,True,0.997,0.0,10.4345
Sit_Stand_AnklesInvisible,176,Standing,Standing,True,0.997,0.0,11.5062
Sit_Stand_AnklesInvisible,177,Standing,Standing,True,0.998,0.0,11.8084
Sit_Stand_AnklesInvisible,178,Standing,Standing,True,0.995,0.0,14.4576
Sit_Stand_AnklesInvisible,179,Standing,Standing,True,0.998,0.0,10.2429
Sit_Stand_AnklesInvisible,180,Standing,Standing,True,0.998,0.0,9.3778
Sit_Stand_AnklesInvisible,181,Standing,Standing,True,0.998,0.0,10.4846
Sit_Stand_AnklesInvisible,182,Standing,Standing,True,0.998,0.0,11.7324
Sit_Stand_AnklesInvisible,183,Standing,Standing,True,0.997,0.0,13.0288
Sit_Stand_AnklesInvisible,184,Standing,Standing,True,0.997,0.0,11.1415
Sit_Stand_AnklesInvisible,185,Standing,Standing,True,0.996,0.0,11.0542
Sit_Stand_AnklesInvisible,186,,Standing,,0.995,0.0,9.1015
Sit_Stand_AnklesInvisible,187,,Standing,,0.994,0.0,12.1122
Sit_Stand_AnklesInvisible,188,,Standing,,0.996,0.0,13.8338
Sit_Stand_AnklesInvisible,189,,Standing,,0.997,0.0,12.0013
Sit_Stand_AnklesInvisible,190,,Standing,,0.996,0.0,11.4699
Sit_Stand_AnklesInvisible,191,,Standing,,0.997,0.0,11.4547
Sit_Stand_AnklesInvisible,192,,Standing,,0.998,0.0,11.8281
Sit_Stand_AnklesInvisible,193,,Standing,,0.999,0.0,10.1521
Sit_Stand_AnklesInvisible,194,,Standing,,0.999,0.0,10.8863
Sit_Stand_AnklesInvisible,195,,Standing,,0.999,0.0,10.9953
Sit_Stand_AnklesInvisible,196,,Standing,,0.999,0.0,8.3167
Sit_Stand_AnklesInvisible,197,,Standing,,1.0,0.0,14.2382
Sit_Stand_AnklesInvisible,198,,Standing,,1.0,0.0,13.7087
Sit_Stand_AnklesInvisible,199,,Standing,,1.0,0.0,8.4699
Sit_Stand_AnklesInvisible,200,,Standing,,1.0,0.0,11.2178
Sit_Stand_AnklesInvisible,201,,Standing,,1.0,0.0,11.7925
Sit_Stand_AnklesInvisible,202,,Standing,,1.0,0.0,9.4601
Sit_Stand_AnklesInvisible,203,,Standing,,1.0,0.0,10.5633
Sit_Stand_AnklesInvisible,204,,Standing,,1.0,0.0,10.9786
Sit_Stand_AnklesInvisible,205,,Standing,,1.0,0.0,9.8681
Sit_Stand_AnklesInvisible,206,,Standing,,1.0,0.0,11.0008
Sit_Stand_AnklesInvisible,207,,Standing,,1.0,0.0,11.7635
Sit_Stand_AnklesInvisible,208,,Standing,,1.0,0.0,8.4441
SitFast_GetupFast,31,Sitting,Standing,False,0.999,0.0,8.5279
SitFast_GetupFast,32,Sitting,Standing,False,0.99,0.0,14.3042
SitFast_GetupFast,33,Sitting,Standing,False,0.994,0.0,11.4565
SitFast_GetupFast,34,Sitting,Standing,False,0.99,0.0,10.9528
SitFast_GetupFast,35,Sitting,Standing,False,0.999,0.0,12.1382
SitFast_GetupFast,36,Sitting,Standing,False,1.0,0.0,15.4703
SitFast_GetupFast,37,Sitting,Standing,False,1.0,0.0,11.4728
SitFast_GetupFast,38,Sitting,Standing,False,1.0,0.0,16.5121
SitFast_GetupFast,39,Sitting,Standing,False,0.999,0.0,13.1806
SitFast_GetupFast,40,Sitting,Standing,False,0.999,0.0,7.3806
SitFast_GetupFast,41,Sitting,Standing,False,0.998,0.0,11.3283
SitFast_GetupFast,42,Sitting,Standing,False,0.999,0.0,13.1922
SitFast_GetupFast,43,Sitting,Standing,False,0.999,0.0,8.4134
SitFast_GetupFast,44,Sitting,Standing,False,0.999,0.0,12.876
SitFast_GetupFast,45,Sitting,Standing,False,0.999,0.0,10.7584
SitFast_GetupFast,46,Sitting,Standing,False,0.998,0.0,8.9518
SitFast_GetupFast,47,Sitting,Standing,False,0.999,0.0,13.0279
SitFast_GetupFast,48,Sitting,Standing,False,0.997,0.0,12.672
SitFast_GetupFast,49,Sitting,Standing,False,0.997,0.0,10.8002
SitFast_GetupFast,50,Sitting,Standing,False,0.998,0.0,38.0413
SitFast_GetupFast,51,Sitting,Standing,False,0.998,0.0,39.6974
SitFast_GetupFast,52,Sitting,Standing,False,0.995,0.0,13.6894
SitFast_GetupFast,53,Sitting,Standing,False,0.997,0.0,13.3018
SitFast_GetupFast,54,Sitting,Standing,False,0.998,0.0,14.2363
SitFast_GetupFast,55,Sitting,Standing,False,0.996,0.0,18.8182
SitFast_GetupFast,56,Sitting,Standing,False,0.997,0.0,17.3717
SitFast_GetupFast,57,Sitting,Standing,False,0.995,0.0,14.5071
SitFast_GetupFast,58,Sitting,Standing,False,0.997,0.0,13.598
SitFast_GetupFast,59,Sitting,Standing,False,0.996,0.0,13.1952
SitFast_GetupFast,60,Sitting,Standing,False,0.993,0.0,11.6772
SitFast_GetupFast,61,Sitting,Standing,False,0.995,0.0,15.5894
SitFast_GetupFast,62,Sitting,Standing,False,0.993,0.0,13.2305
SitFast_GetupFast,63,Sitting,Standing,False,0.995,0.0,15.3059
SitFast_GetupFast,64,Sitting,Standing,False,0.999,0.0,19.415
SitFast_GetupFast,65,Sitting,Standing,False,0.999,0.0,16.0025
SitFast_GetupFast,66,Sitting,Standing,False,0.999,0.0,36.2676
SitFast_GetupFast,67,Sitting,Standing,False,0.999,0.0,9.9879
SitFast_GetupFast,68,Sitting,Standing,False,0.999,0.0,14.8255
SitFast_GetupFast,69,Sitting,Standing,False,0.999,0.0,14.2234
SitFast_GetupFast,70,Sitting,Standing,False,0.999,0.0,12.5518
SitFast_GetupFast,71,Sitting,Standing,False,0.999,0.0,8.2362
SitFast_GetupFast,72,Sitting,Standing,False,0.999,0.0,12.9308
SitFast_GetupFast,73,Sitting,Standing,False,0.999,0.0,11.1096
SitFast_GetupFast,74,Sitting,Standing,False,0.999,0.0,10.955
SitFast_GetupFast,75,Sitting,Standing,False,0.998,0.0,9.3178
SitFast_GetupFast,76,Sitting,Standing,False,0.999,0.0,12.0255
SitFast_GetupFast,77,Sitting,Standing,False,0.999,0.0,15.7884
SitFast_GetupFast,78,Sitting,Standing,False,0.999,0.0,17.3049
SitFast_GetupFast,79,Sitting,Standing,False,0.998,0.0,22.4627
SitFast_GetupFast,80,Sitting,Standing,False,0.999,0.0,28.4409
SitFast_GetupFast,81,Sitting,Standing,False,0.999,0.0,15.9015
SitFast_GetupFast,82,Sitting,Standing,False,0.999,0.0,20.5142
SitFast_GetupFast,83,Sitting,Standing,False,0.999,0.0,11.5902
SitFast_GetupFast,84,Sitting,Standing,False,0.999,0.0,17.9701
SitFast_GetupFast,85,Sitting,Standing,False,0.999,0.0,15.7504
SitFast_GetupFast,86,Sitting,Standing,False,0.999,0.0,14.7967
SitFast_GetupFast,87,Sitting,Standing,False,0.999,0.0,12.5934
SitFast_GetupFast,88,Sitting,Standing,False,0.998,0.0,13.6117
SitFast_GetupFast,89,Sitting,Standing,False,0.999,0.0,16.0711
SitFast_GetupFast,90,Sitting,Standing,False,0.999,0.0,14.6113
SitFast_GetupFast,91,Sitting,Standing,False,0.999,0.0,9.7971
SitFast_GetupFast,92,Sitting,Standing,False,0.999,0.0,10.4813
SitFast_GetupFast,93,Sitting,Standing,False,0.999,0.0,10.9101
SitFast_GetupFast,94,Sitting,Standing,False,0.999,0.0,16.8925
SitFast_GetupFast,95,Sitting,Standing,False,0.999,0.0,11.4754
SitFast_GetupFast,96,Sitting,Standing,False,0.999,0.0,13.4809
SitFast_GetupFast,97,Sitting,Standing,False,0.999,0.0,15.2588
SitFast_GetupFast,98,Sitting,Standing,False,0.999,0.0,12.9405
SitFast_GetupFast,99,Sitting,Standing,False,0.999,0.0,11.8003
SitFast_GetupFast,100,Sitting,Standing,False,0.999,0.0,10.3386
SitFast_GetupFast,101,Sitting,Standing,False,0.999,0.0,13.15
SitFast_GetupFast,102,Sitting,Standing,False,0.999,0.0,10.9755
SitFast_GetupFast,103,Sitting,Standing,False,0.999,0.0,12.88
SitFast_GetupFast,104,Sitting,Standing,False,0.998,0.0,11.516
SitFast_GetupFast,105,Sitting,Standing,False,0.995,0.0,13.4864
SitFast_GetupFast,106,Sitting,Standing,False,0.993,0.0,16.6007
SitFast_GetupFast,107,Sitting,Standing,False,0.984,0.0,12.2367
SitFast_GetupFast,108,Sitting,Standing,False,0.982,0.0,12.4637
SitFast_GetupFast,109,Sitting,Standing,False,0.984,0.0,13.5671
SitFast_GetupFast,110,Sitting,Standing,False,0.969,0.0,11.7967
SitFast_GetupFast,111,,Standing,,0.968,0.0,10.0245
SitFast_GetupFast,112,,Standing,,0.986,0.0,11.9408
SitFast_GetupFast,113,,Standing,,0.99,0.0,10.1972
SitFast_GetupFast,114,,Standing,,0.989,0.0,9.7781
SitFast_GetupFast,115,,Standing,,0.969,0.0,12.3239
SitFast_GetupFast,116,,Standing,,0.984,0.0,13.5692
SitFast_GetupFast,117,,Standing,,0.95,0.0,9.0809
SitFast_GetupFast,118,,Standing,,0.962,0.0,10.3496
SitFast_GetupFast,119,,Standing,,0.962,0.0,12.0888
SitFast_GetupFast,120,,Standing,,0.971,0.0,10.0365
SitFast_GetupFast,121,,Standing,,0.97,0.0,12.3699
SitFast_GetupFast,122,,Standing,,0.982,0.0,12.9727
SitFast_GetupFast,123,,Standing,,0.982,0.0,12.9158
SitFast_GetupFast,124,,Standing,,0.984,0.0,13.8538
SitFast_GetupFast,125,,Standing,,0.984,0.0,11.4273
SitFast_GetupFast,126,,Standing,,0.986,0.0,11.7191
SitFast_GetupFast,127,,Standing,,0.972,0.0,15.6957
SitFast_GetupFast,128,,Standing,,0.943,0.0,12.0194
SitFast_GetupFast,129,,Standing,,0.879,0.0,8.6896
SitFast_GetupFast,130,,Standing,,0.711,0.0,12.0023
SitFast_GetupFast,131,,Standing,,0.757,0.0,10.817
SitFast_GetupFast,132,,Standing,,0.812,0.0,9.121
SitFast_GetupFast,133,,Standing,,0.782,0.0,10.2701
SitFast_GetupFast,134,,Standing,,0.865,0.0,12.815
SitFast_GetupFast,135,,Standing,,0.854,0.0,11.2127
SitFast_GetupFast,136,,Standing,,0.835,0.0,10.8477
SitFast_GetupFast,137,,Standing,,0.796,0.0,12.5515
SitFast_GetupFast,138,,Standing,,0.776,0.0,13.9533
SitFast_GetupFast,139,,Standing,,0.737,0.0,15.6885
SitFast_GetupFast,140,,Standing,,0.879,0.0,9.7876
SitFast_GetupFast,141,,Standing,,0.872,0.0,13.7025
SitFast_GetupFast,142,,Standing,,0.873,0.0,13.4064
SitFast_GetupFast,143,,Standing,,0.869,0.0,26.6675
SitFast_GetupFast,144,,Standing,,0.895,0.0,10.2342
SitFast_GetupFast,145,,Standing,,0.719,0.0,11.4781
SitFast_GetupFast,146,,Standing,,0.618,0.0,18.5725
SitFast_GetupFast,147,,Standing,,0.701,0.0,11.0561
SitFast_GetupFast,148,,Standing,,0.596,0.0,10.3343
SitFast_GetupFast,149,,Standing,,0.55,0.0,9.6705
SitFast_GetupFast,150,,Standing,,0.712,0.0,16.4318
SitFast_GetupFast,151,,Standing,,0.857,0.0,13.1502
SitFast_GetupFast,152,,Standing,,0.767,0.0,11.7349
SitFast_GetupFast,153,,Standing,,0.92,0.0,8.9521
SitFast_GetupFast,154,,Standing,,0.982,0.0,12.2014
SitFast_GetupFast,155,,Standing,,0.987,0.0,14.8535
SitFast_GetupFast,156,,Standing,,0.984,0.0,13.515
SitFast_GetupFast,157,,Standing,,0.993,0.0,15.0815
SitFast_GetupFast,158,,Standing,,0.993,0.0,10.7613
SitFast_GetupFast,159,,Standing,,0.998,0.0,13.4758
SitFast_GetupFast,160,,Standing,,0.998,0.0,13.8416
SitFast_GetupFast,161,,Standing,,0.997,0.0,10.4257
SitFast_GetupFast,162,,Standing,,0.999,0.0,10.1104
SitFast_GetupFast,163,,Standing,,0.999,0.0,10.0615
SitFast_GetupFast,164,,Standing,,1.0,0.0,11.5156
SitFast_GetupFast,165,,Standing,,0.998,0.0,9.0752
SitFast_GetupFast,166,,Standing,,0.996,0.0,12.4933
SitFast_GetupFast,167,,Standing,,0.997,0.0,13.0419
SitFast_GetupFast,168,,Standing,,0.996,0.0,8.7787
SitFast_GetupFast,169,,Standing,,0.993,0.0,12.5801
SitFast_GetupFast,170,,Standing,,0.995,0.0,14.0107
SitFast_GetupFast,171,,Standing,,0.998,0.0,9.8057
SitFast_GetupFast,172,,Standing,,0.997,0.0,11.0905
SitFast_GetupFast,173,,Standing,,0.99,0.0,16.2789
SitFast_GetupFast,174,,Standing,,0.994,0.0,25.4643
SitFloor_crossedLegs,31,,Standing,,0.995,0.0,13.4128
SitFloor_crossedLegs,32,,Standing,,0.991,0.0,10.9302
SitFloor_crossedLegs,33,,Standing,,0.996,0.0,14.5745
SitFloor_crossedLegs,34,,Standing,,0.992,0.0,11.5854
SitFloor_crossedLegs,35,,Standing,,0.972,0.0,11.7265
SitFloor_crossedLegs,36,,Standing,,0.979,0.0,11.2913
SitFloor_crossedLegs,37,,Standing,,0.92,0.0,10.4865
SitFloor_crossedLegs,38,,Standing,,0.974,0.0,13.0657
SitFloor_crossedLegs,39,,Standing,,0.897,0.0,11.7609
SitFloor_crossedLegs,40,,Standing,,0.773,0.0,9.0813
SitFloor_crossedLegs,41,,Standing,,0.876,0.0,10.0568
SitFloor_crossedLegs,42,,Standing,,0.765,0.0,11.5175
SitFloor_crossedLegs,43,,Standing,,0.782,0.0,8.842
SitFloor_crossedLegs,44,,Standing,,0.77,0.0,13.7104
SitFloor_crossedLegs,45,,Sitting,,0.528,0.0,16.3204
SitFloor_crossedLegs,46,,Standing,,0.957,0.0,16.5671
SitFloor_crossedLegs,47,,Standing,,0.893,0.0,11.5071
SitFloor_crossedLegs,48,,Standing,,0.896,0.0,16.1202
SitFloor_crossedLegs,49,,Standing,,0.783,0.0,12.8113
SitFloor_crossedLegs,50,,Standing,,0.692,0.0,10.5066
SitFloor_crossedLegs,51,,Sitting,,0.663,0.0,15.426
SitFloor_crossedLegs,52,,Sitting,,0.805,0.0,13.4722
SitFloor_crossedLegs,53,,Sitting,,0.834,0.0,11.6893
SitFloor_crossedLegs,54,,Sitting,,0.94,0.0,7.8262
SitFloor_crossedLegs,55,,Sitting,,0.935,0.0,9.1389
SitFloor_crossedLegs,56,,Sitting,,0.881,0.0,11.5052
SitFloor_crossedLegs,57,,Sitting,,0.895,0.0,8.1877
SitFloor_crossedLegs,58,,Sitting,,0.888,0.0,11.8222
SitFloor_crossedLegs,59,,Sitting,,0.94,0.0,14.8352
SitFloor_crossedLegs,60,,Sitting,,0.83,0.0,8.6109
SitFloor_crossedLegs,61,,Sitting,,0.84,0.0,12.0014
SitFloor_crossedLegs,62,,Sitting,,0.852,0.0,12.1312
SitFloor_crossedLegs,63,,Sitting,,0.651,0.0,9.5104
SitFloor_crossedLegs,64,,Sitting,,0.562,0.0,11.6485
SitFloor_crossedLegs,65,,Sitting,,0.63,0.0,10.7882
SitFloor_crossedLegs,66,,Lying,,0.366,0.0,8.5273
SitFloor_crossedLegs,67,,Sitting,,0.636,0.0,11.1638
SitFloor_crossedLegs,68,,Sitting,,0.625,0.0,11.3626
SitFloor_crossedLegs,69,,Sitting,,0.757,0.0,8.4092
SitFloor_crossedLegs,70,,Sitting,,0.762,0.0,11.4244
SitFloor_crossedLegs,71,,Sitting,,0.782,0.0,12.1217
SitFloor_crossedLegs,72,,Sitting,,0.781,0.0,9.8146
SitFloor_crossedLegs,73,,Sitting,,0.902,0.0,13.1368
SitFloor_crossedLegs,74,,Sitting,,0.865,0.0,10.2463
SitFloor_crossedLegs,75,,Sitting,,0.772,0.0,10.164
SitFloor_crossedLegs,76,,Sitting,,0.747,0.0,7.7525
SitFloor_crossedLegs,77,,Sitting,,0.609,0.0,8.934
SitFloor_crossedLegs,78,,Sitting,,0.648,0.0,8.1934
SitFloor_crossedLegs,79,,Sitting,,0.674,0.0,9.9511
SitFloor_crossedLegs,80,,Sitting,,0.635,0.0,8.519
SitFloor_crossedLegs,81,,Sitting,,0.615,0.0,10.4292
SitFloor_crossedLegs,82,,Lying,,0.497,0.0,11.8919
SitFloor_crossedLegs,83,,Sitting,,0.466,0.0,8.2223
SitFloor_crossedLegs,84,,Lying,,0.585,0.0,9.2663
SitFloor_crossedLegs,85,,Lying,,0.616,0.0,8.3421
SitFloor_crossedLegs,86,,Lying,,0.549,0.0,9.2639
SitFloor_crossedLegs,87,,Lying,,0.592,0.0,9.1849
SitFloor_crossedLegs,88,Sitting,Lying,False,0.82,0.0,6.9528
SitFloor_crossedLegs,89,Sitting,Lying,False,0.885,0.0,5.7955
SitFloor_crossedLegs,90,Sitting,Lying,False,0.888,0.0,8.858
SitFloor_crossedLegs,91,Sitting,Lying,False,0.873,0.0,7.9367
SitFloor_crossedLegs,92,Sitting,Lying,False,0.794,0.0,7.7699
SitFloor_crossedLegs,93,Sitting,Lying,False,0.711,0.0,7.937
SitFloor_crossedLegs,94,Sitting,Lying,False,0.742,0.0,9.5487
SitFloor_crossedLegs,95,Sitting,Lying,False,0.727,0.0,8.3025
SitFloor_crossedLegs,96,Sitting,Lying,False,0.745,0.0,8.1764
SitFloor_crossedLegs,97,Sitting,Lying,False,0.865,0.0,9.2396
SitFloor_crossedLegs,98,Sitting,Lying,False,0.906,0.0,7.9752
SitFloor_crossedLegs,99,Sitting,Lying,False,0.831,0.0,9.121
SitFloor_crossedLegs,100,Sitting,Lying,False,0.889,0.0,6.6607
SitFloor_crossedLegs,101,Sitting,Lying,False,0.844,0.0,8.8962
SitFloor_crossedLegs,102,Sitting,Lying,False,0.892,0.0,7.9011
SitFloor_crossedLegs,103,Sitting,Lying,False,0.842,0.0,9.9039
SitFloor_crossedLegs,104,Sitting,Lying,False,0.746,0.0,7.9565
SitFloor_crossedLegs,105,Sitting,Lying,False,0.844,0.0,8.1302
SitFloor_crossedLegs,106,Sitting,Lying,False,0.855,0.0,7.5026
SitFloor_crossedLegs,107,Sitting,Lying,False,0.902,0.0,9.825
SitFloor_crossedLegs,108,Sitting,Lying,False,0.932,0.0,5.4734
SitFloor_crossedLegs,109,Sitting,Lying,False,0.887,0.0,8.2206
SitFloor_crossedLegs,110,Sitting,Lying,False,0.903,0.0,5.6642
SitFloor_crossedLegs,111,Sitting,Lying,False,0.92,0.0,6.7115
SitFloor_crossedLegs,112,Sitting,Lying,False,0.952,0.0,8.0035
SitFloor_crossedLegs,113,Sitting,Lying,False,0.983,0.0,8.5124
SitFloor_crossedLegs,114,Sitting,Lying,False,0.979,0.0,9.3763
SitFloor_crossedLegs,115,Sitting,Lying,False,0.983,0.0,13.6658
SitFloor_crossedLegs,116,Sitting,Lying,False,0.983,0.0,9.579
SitFloor_crossedLegs,117,Sitting,Lying,False,0.986,0.0,9.0564
SitFloor_crossedLegs,118,Sitting,Lying,False,0.985,0.0,8.7725
SitFloor_crossedLegs,119,Sitting,Lying,False,0.985,0.0,7.6969
SitFloor_crossedLegs,120,Sitting,Lying,False,0.977,0.0,10.0698
SitFloor_crossedLegs,121,Sitting,Lying,False,0.964,0.0,9.9156
SitFloor_crossedLegs,122,Sitting,Lying,False,0.981,0.0,9.2325
SitFloor_crossedLegs,123,Sitting,Lying,False,0.964,0.0,9.1636
SitFloor_crossedLegs,124,Sitting,Lying,False,0.973,0.0,9.1024
SitFloor_crossedLegs,125,Sitting,Lying,False,0.971,0.0,11.657
SitFloor_crossedLegs,126,Sitting,Lying,False,0.978,0.0,11.8899
SitFloor_crossedLegs,127,Sitting,Lying,False,0.972,0.0,9.3683
SitFloor_crossedLegs,128,Sitting,Lying,False,0.972,0.0,11.015
SitFloor_crossedLegs,129,Sitting,Lying,False,0.972,0.0,11.7042
SitFloor_crossedLegs,130,Sitting,Lying,False,0.974,0.0,9.9568
SitFloor_crossedLegs,131,Sitting,Lying,False,0.974,0.0,10.5494
SitFloor_crossedLegs,132,Sitting,Lying,False,0.975,0.0,10.9086
SitFloor_crossedLegs,133,Sitting,Lying,False,0.964,0.0,6.0716
SitFloor_crossedLegs,134,Sitting,Lying,False,0.941,0.0,7.7643
SitFloor_crossedLegs,135,Sitting,Lying,False,0.945,0.0,8.5762
SitFloor_crossedLegs,136,Sitting,Lying,False,0.887,0.0,10.584
SitFloor_crossedLegs,137,Sitting,Lying,False,0.815,0.0,9.1654
SitFloor_crossedLegs,138,Sitting,Lying,False,0.697,0.0,9.6195
SitFloor_crossedLegs,139,Sitting,Lying,False,0.644,0.0,10.3949
SitFloor_crossedLegs,140,Sitting,Lying,False,0.715,0.0,9.016
SitFloor_crossedLegs,141,Sitting,Lying,False,0.804,0.0,9.711
SitFloor_crossedLegs,142,Sitting,Lying,False,0.678,0.0,7.8722
SitFloor_crossedLegs,143,Sitting,Lying,False,0.812,0.0,10.7377
SitFloor_crossedLegs,144,Sitting,Lying,False,0.828,0.0,9.525
SitFloor_crossedLegs,145,Sitting,Lying,False,0.762,0.0,8.1983
SitFloor_crossedLegs,146,Sitting,Lying,False,0.881,0.0,10.1775
SitFloor_crossedLegs,147,Sitting,Lying,False,0.949,0.0,8.062
SitFloor_crossedLegs,148,Sitting,Lying,False,0.946,0.0,9.2309
SitFloor_crossedLegs,149,Sitting,Lying,False,0.925,0.0,7.618
SitFloor_crossedLegs,150,Sitting,Lying,False,0.924,0.0,8.0761
SitFloor_crossedLegs,151,Sitting,Lying,False,0.885,0.0,7.9578
SitFloor_crossedLegs,152,Sitting,Lying,False,0.925,0.0,10.9754
SitFloor_crossedLegs,153,Sitting,Lying,False,0.935,0.0,8.4696
SitFloor_crossedLegs,154,Sitting,Lying,False,0.924,0.0,8.4128
SitFloor_crossedLegs,155,Sitting,Lying,False,0.928,0.0,8.8162
SitFloor_crossedLegs,156,Sitting,Lying,False,0.899,0.0,8.2938
SitFloor_crossedLegs,157,Sitting,Lying,False,0.893,0.0,9.3003
SitFloor_crossedLegs,158,Sitting,Lying,False,0.895,0.0,7.211
SitFloor_crossedLegs,159,Sitting,Lying,False,0.922,0.0,7.7901
SitFloor_crossedLegs,160,Sitting,Lying,False,0.915,0.0,7.7876
SitFloor_crossedLegs,161,Sitting,Lying,False,0.947,0.0,8.2749
SitFloor_crossedLegs,162,Sitting,Lying,False,0.94,0.0,7.8861
SitFloor_crossedLegs,163,Sitting,Lying,False,0.952,0.0,9.598
SitFloor_crossedLegs,164,Sitting,Lying,False,0.963,0.0,7.8918
SitFloor_crossedLegs,165,Sitting,Lying,False,0.961,0.0,9.231
SitFloor_crossedLegs,166,Sitting,Lying,False,0.964,0.0,8.0823
SitFloor_crossedLegs,167,Sitting,Lying,False,0.969,0.0,9.3189
SitFloor_crossedLegs,168,Sitting,Lying,False,0.968,0.0,5.8593
SitFloor_crossedLegs,169,Sitting,Lying,False,0.962,0.0,8.2547
SitFloor_crossedLegs,170,Sitting,Lying,False,0.976,0.0,6.9274
SitFloor_crossedLegs,171,Sitting,Lying,False,0.967,0.0,7.7349
SitFloor_crossedLegs,172,Sitting,Lying,False,0.975,0.0,7.611
SitFloor_crossedLegs,173,Sitting,Lying,False,0.963,0.0,8.3161
SitFloor_crossedLegs,174,Sitting,Lying,False,0.964,0.0,7.4595
SitFloor_crossedLegs,175,Sitting,Lying,False,0.971,0.0,8.6236
SitFloor_crossedLegs,176,Sitting,Lying,False,0.967,0.0,6.6326
SitFloor_crossedLegs,177,Sitting,Lying,False,0.97,0.0,8.5124
SitFloor_crossedLegs,178,Sitting,Lying,False,0.966,0.0,7.9778
SitFloor_crossedLegs,179,Sitting,Lying,False,0.967,0.0,8.9768
SitFloor_crossedLegs,180,Sitting,Lying,False,0.966,0.0,7.5662
SitFloor_crossedLegs,181,Sitting,Lying,False,0.95,0.0,9.6586
SitFloor_crossedLegs,182,Sitting,Lying,False,0.965,0.0,7.5731
SitFloor_crossedLegs,183,Sitting,Lying,False,0.957,0.0,9.1471
SitFloor_crossedLegs,184,Sitting,Lying,False,0.959,0.0,7.9569
SitFloor_crossedLegs,185,Sitting,Lying,False,0.957,0.0,7.9668
SitFloor_crossedLegs,186,Sitting,Lying,False,0.967,0.0,6.8314
SitFloor_crossedLegs,187,Sitting,Lying,False,0.957,0.0,8.5989
SitFloor_crossedLegs,188,Sitting,Lying,False,0.949,0.0,8.1205
SitFloor_crossedLegs,189,Sitting,Lying,False,0.955,0.0,6.0321
SitFloor_crossedLegs,190,Sitting,Lying,False,0.952,0.0,5.2427
SitFloor_crossedLegs,191,Sitting,Lying,False,0.918,0.0,7.3585
SitFloor_crossedLegs,192,Sitting,Lying,False,0.932,0.0,7.4692
SitFloor_crossedLegs,193,Sitting,Lying,False,0.929,0.0,7.1075
SitFloor_crossedLegs,194,Sitting,Lying,False,0.924,0.0,7.5416
SitFloor_crossedLegs,195,Sitting,Lying,False,0.926,0.0,7.8622
SitFloor_crossedLegs,196,Sitting,Lying,False,0.922,0.0,5.2288
SitFloor_crossedLegs,197,Sitting,Lying,False,0.932,0.0,5.0485
SitFloor_crossedLegs,198,Sitting,Lying,False,0.928,0.0,6.8638
SitFloor_crossedLegs,199,Sitting,Lying,False,0.941,0.0,5.1566
SitFloor_crossedLegs,200,Sitting,Lying,False,0.928,0.0,5.0743
SitFloor_crossedLegs,201,Sitting,Lying,False,0.946,0.0,6.1756
SitFloor_crossedLegs,202,Sitting,Lying,False,0.94,0.0,7.6797
SitFloor_crossedLegs,203,Sitting,Lying,False,0.944,0.0,9.8445
SitFloor_crossedLegs,204,Sitting,Lying,False,0.928,0.0,6.0225
SitFloor_crossedLegs,205,Sitting,Lying,False,0.94,0.0,7.2655
SitFloor_crossedLegs,206,,Lying,,0.939,0.0,5.3344
SitFloor_crossedLegs,207,,Lying,,0.945,0.0,5.9171
SitFloor_crossedLegs,208,,Lying,,0.936,0.0,9.1621
SitFloor_crossedLegs,209,,Lying,,0.941,0.0,9.7789
SitFloor_crossedLegs,210,,Lying,,0.935,0.0,7.3923
SitFloor_crossedLegs,211,,Lying,,0.931,0.0,9.5911
SitFloor_crossedLegs,212,,Lying,,0.941,0.0,5.6663
SitFloor_crossedLegs,213,,Lying,,0.94,0.0,8.454
SitFloor_crossedLegs,214,,Lying,,0.941,0.0,7.3108
SitFloor_crossedLegs,215,,Lying,,0.946,0.0,6.3452
SitFloor_crossedLegs,216,,Lying,,0.934,0.0,8.4801
SitFloor_crossedLegs,217,,Lying,,0.946,0.0,7.612
SitFloor_crossedLegs,218,,Lying,,0.937,0.0,8.171
SitFloor_crossedLegs,219,,Lying,,0.927,0.0,7.2751
SitFloor_crossedLegs,220,,Lying,,0.914,0.0,8.0021
SitFloor_crossedLegs,221,,Lying,,0.913,0.0,6.9744
SitFloor_crossedLegs,222,,Lying,,0.934,0.0,8.0524
SitFloor_crossedLegs,223,,Lying,,0.917,0.0,7.3541
SitFloor_crossedLegs,224,,Lying,,0.91,0.0,7.8089
SitFloor_crossedLegs,225,,Lying,,0.914,0.0,7.3413
SitFloor_crossedLegs,226,,Lying,,0.891,0.0,8.3416
SitFloor_crossedLegs,227,,Lying,,0.918,0.0,7.2914
SitFloor_crossedLegs,228,,Lying,,0.873,0.0,8.4716
SitFloor_crossedLegs,229,,Lying,,0.92,0.0,6.5718
SitFloor_crossedLegs,230,,Lying,,0.854,0.0,8.5258
SitFloor_crossedLegs,231,,Lying,,0.881,0.0,7.4018
SitFloor_crossedLegs,232,,Lying,,0.908,0.0,9.7889
SitFloor_crossedLegs,233,,Lying,,0.911,0.0,9.8715
SitFloor_crossedLegs,234,,Lying,,0.86,0.0,8.5649
SitFloor_crossedLegs,235,,Lying,,0.813,0.0,7.925
SitFloor_crossedLegs,236,,Lying,,0.796,0.0,7.5898
SitFloor_crossedLegs,237,,Lying,,0.77,0.0,5.8796
SitFloor_crossedLegs,238,,Lying,,0.739,0.0,6.5197
SitFloor_crossedLegs,239,,Lying,,0.793,0.0,5.2123
SitFloor_crossedLegs,240,,Lying,,0.872,0.0,7.0356
SitFloor_crossedLegs,241,,Lying,,0.845,0.0,6.269
SitFloor_crossedLegs,242,,Lying,,0.894,0.0,9.3666
SitFloor_crossedLegs,243,,Lying,,0.812,0.0,5.8608
SitFloor_crossedLegs,244,,Lying,,0.836,0.0,7.1466
SitFloor_crossedLegs,245,,Lying,,0.793,0.0,6.7205
SitFloor_crossedLegs,246,,Lying,,0.668,0.0,5.0492
SitFloor_crossedLegs,247,,Lying,,0.689,0.0,6.4228
SitFloor_crossedLegs,248,,Lying,,0.641,0.0,6.7023
SitFloor_crossedLegs,249,,Lying,,0.736,0.0,9.2016
SitFloor_crossedLegs,250,,Lying,,0.729,0.0,6.7669
SitFloor_crossedLegs,251,,Lying,,0.731,0.0,9.1214
SitFloor_crossedLegs,252,,Lying,,0.821,0.0,6.6522
SitFloor_crossedLegs,253,,Lying,,0.901,0.0,8.654
SitFloor_crossedLegs,254,,Lying,,0.919,0.0,6.6898
SitFloor_crossedLegs,255,,Lying,,0.869,0.0,4.8024
SitFloor_crossedLegs,256,,Lying,,0.89,0.0,7.7473
SitFloor_crossedLegs,257,,Lying,,0.859,0.0,6.5206
SitFloor_crossedLegs,258,,Lying,,0.687,0.0,7.1848
SitFloor_crossedLegs,259,,Lying,,0.796,0.0,7.1581
SitFloor_crossedLegs,260,,Lying,,0.793,0.0,7.9217
SitFloor_crossedLegs,261,,Lying,,0.698,0.0,6.7943
SitFloor_crossedLegs,262,,Lying,,0.657,0.0,8.3659
SitFloor_crossedLegs,263,,Sitting,,0.701,0.0,6.4846
SitFloor_crossedLegs,264,,Lying,,0.704,0.0,6.8995
SitFloor_crossedLegs,265,,Sitting,,0.672,0.0,7.7525
SitFloor_crossedLegs,266,,Sitting,,0.713,0.0,6.9173
SitFloor_crossedLegs,267,,Sitting,,0.502,0.0,7.7037
SitFloor_crossedLegs,268,,Lying,,0.492,0.0,5.5012
SitFloor_crossedLegs,269,,Sitting,,0.819,0.0,7.9263
SitFloor_crossedLegs,270,,Sitting,,0.901,0.0,6.9303
SitFloor_crossedLegs,271,,Sitting,,0.821,0.0,8.0417
SitFloor_crossedLegs,272,,Sitting,,0.796,0.0,6.2198
SitFloor_crossedLegs,273,,Sitting,,0.895,0.0,6.7928
SitFloor_crossedLegs,274,,Sitting,,0.816,0.0,7.3531
SitFloor_crossedLegs,275,,Standing,,0.407,0.0,6.8807
SitFloor_crossedLegs,276,,Sitting,,0.472,0.0,7.2274
SitFloor_crossedLegs,277,,Standing,,0.458,0.0,7.0202
SitFloor_crossedLegs,278,,Standing,,0.701,0.0,8.1432
SitFloor_crossedLegs,279,,Standing,,0.86,0.0,7.1381
SitFloor_crossedLegs,280,,Standing,,0.46,0.0,8.5424
SitFloor_crossedLegs,281,,Standing,,0.634,0.0,7.0597
SitFloor_crossedLegs,282,,Standing,,0.853,0.0,8.1092
SitFloor_crossedLegs,283,,Standing,,0.955,0.0,7.022
SitFloor_crossedLegs,284,,Standing,,0.971,0.0,7.9329
SitFloor_crossedLegs,285,,Standing,,0.962,0.0,6.5977
SitFloor_crossedLegs,286,,Standing,,0.99,0.0,7.0928
SitFloor_crossedLegs,287,,Standing,,0.993,0.0,7.4905
SitFloor_crossedLegs,288,,Standing,,0.998,0.0,6.9382
SitFloor_crossedLegs,289,,Standing,,0.984,0.0,7.0418
SitFloor_lowKeypoints_crossedLegs,31,,Sitting,,0.915,0.0,7.4445
SitFloor_lowKeypoints_crossedLegs,32,,Sitting,,0.926,0.0,8.12
SitFloor_lowKeypoints_crossedLegs,33,,Lying,,0.422,0.0,7.0887
SitFloor_lowKeypoints_crossedLegs,34,,Lying,,0.628,0.0,7.6885
SitFloor_lowKeypoints_crossedLegs,35,,Lying,,0.458,0.0,6.9172
SitFloor_lowKeypoints_crossedLegs,36,,Lying,,0.647,0.0,8.2657
SitFloor_lowKeypoints_crossedLegs,37,,Lying,,0.71,0.0,7.0051
SitFloor_lowKeypoints_crossedLegs,38,,Lying,,0.815,0.0,9.7318
SitFloor_lowKeypoints_crossedLegs,39,,Lying,,0.729,0.0,7.7551
SitFloor_lowKeypoints_crossedLegs,40,,Lying,,0.762,0.0,7.9061
SitFloor_lowKeypoints_crossedLegs,41,,Lying,,0.689,0.0,6.3896
SitFloor_lowKeypoints_crossedLegs,42,,Lying,,0.654,0.0,8.2555
SitFloor_lowKeypoints_crossedLegs,43,,Sitting,,0.463,0.0,5.0638
SitFloor_lowKeypoints_crossedLegs,44,,Lying,,0.617,0.0,4.8429
SitFloor_lowKeypoints_crossedLegs,45,,Lying,,0.449,0.0,9.0772
SitFloor_lowKeypoints_crossedLegs,46,,Lying,,0.505,0.0,7.1553
SitFloor_lowKeypoints_crossedLegs,47,,Sitting,,0.555,0.0,9.6922
SitFloor_lowKeypoints_crossedLegs,48,,Sitting,,0.74,0.0,10.9433
SitFloor_lowKeypoints_crossedLegs,49,,Sitting,,0.768,0.0,8.0014
SitFloor_lowKeypoints_crossedLegs,50,,Sitting,,0.7,0.0,14.6903
SitFloor_lowKeypoints_crossedLegs,51,,Sitting,,0.728,0.0,10.4898
SitFloor_lowKeypoints_crossedLegs,52,,Sitting,,0.485,0.0,9.2179
SitFloor_lowKeypoints_crossedLegs,53,,Sitting,,0.415,0.0,9.6675
SitFloor_lowKeypoints_crossedLegs,54,,Sitting,,0.781,0.0,7.8992
SitFloor_lowKeypoints_crossedLegs,55,,Sitting,,0.61,0.0,8.6857
SitFloor_lowKeypoints_crossedLegs,56,,Sitting,,0.698,0.0,6.8666
SitFloor_lowKeypoints_crossedLegs,57,,Sitting,,0.977,0.0,13.9319
SitFloor_lowKeypoints_crossedLegs,58,,Sitting,,0.94,0.0,10.9079
SitFloor_lowKeypoints_crossedLegs,59,,Sitting,,0.9,0.0,11.8446
SitFloor_lowKeypoints_crossedLegs,60,,Sitting,,0.906,0.0,9.2561
SitFloor_lowKeypoints_crossedLegs,61,,Sitting,,0.828,0.0,10.6207
SitFloor_lowKeypoints_crossedLegs,62,,Sitting,,0.908,0.0,8.7482
SitFloor_lowKeypoints_crossedLegs,63,,Sitting,,0.922,0.0,9.2246
SitFloor_lowKeypoints_crossedLegs,64,,Sitting,,0.97,0.0,8.4766
SitFloor_lowKeypoints_crossedLegs,65,,Sitting,,0.947,0.0,7.6147
SitFloor_lowKeypoints_crossedLegs,66,,Sitting,,0.949,0.0,9.5789
SitFloor_lowKeypoints_crossedLegs,67,,Sitting,,0.978,0.0,9.3619
SitFloor_lowKeypoints_crossedLegs,68,,Sitting,,0.977,0.0,11.6597
SitFloor_lowKeypoints_crossedLegs,69,,Sitting,,0.975,0.0,9.896
SitFloor_lowKeypoints_crossedLegs,70,,Sitting,,0.991,0.0,8.2407
SitFloor_lowKeypoints_crossedLegs,71,,Sitting,,0.996,0.0,10.164
SitFloor_lowKeypoints_crossedLegs,72,,Sitting,,0.993,0.0,9.5134
SitFloor_lowKeypoints_crossedLegs,73,,Sitting,,0.994,0.0,9.9012
SitFloor_lowKeypoints_crossedLegs,74,,Sitting,,0.994,0.0,10.6532
SitFloor_lowKeypoints_crossedLegs,75,,Sitting,,0.995,0.0,11.7341
SitFloor_lowKeypoints_crossedLegs,76,,Sitting,,0.996,0.0,10.0782
SitFloor_lowKeypoints_crossedLegs,77,,Sitting,,0.997,0.0,9.1056
SitFloor_lowKeypoints_crossedLegs,78,,Sitting,,0.999,0.0,8.5994
SitFloor_lowKeypoints_crossedLegs,79,,Sitting,,0.999,0.0,9.2622
SitFloor_lowKeypoints_crossedLegs,80,,Sitting,,0.999,0.0,8.0576
SitFloor_lowKeypoints_crossedLegs,81,,Sitting,,0.999,0.0,8.8333
SitFloor_lowKeypoints_crossedLegs,82,,Sitting,,0.999,0.0,9.0013
SitFloor_lowKeypoints_crossedLegs,83,,Sitting,,0.999,0.0,12.886
SitFloor_lowKeypoints_crossedLegs,84,,Sitting,,0.999,0.0,8.2659
SitFloor_lowKeypoints_crossedLegs,85,,Sitting,,0.999,0.0,8.8385
SitFloor_lowKeypoints_crossedLegs,86,Sitting,Sitting,True,0.999,0.0,10.2861
SitFloor_lowKeypoints_crossedLegs,87,Sitting,Sitting,True,0.999,0.0,8.5178
SitFloor_lowKeypoints_crossedLegs,88,Sitting,Sitting,True,0.999,0.0,8.9561
SitFloor_lowKeypoints_crossedLegs,89,Sitting,Sitting,True,0.999,0.0,10.3918
SitFloor_lowKeypoints_crossedLegs,90,Sitting,Sitting,True,0.999,0.0,8.2836
SitFloor_lowKeypoints_crossedLegs,91,Sitting,Sitting,True,0.999,0.0,12.6966
SitFloor_lowKeypoints_crossedLegs,92,Sitting,Sitting,True,0.999,0.0,10.8976
SitFloor_lowKeypoints_crossedLegs,93,Sitting,Sitting,True,0.998,0.0,9.2192
SitFloor_lowKeypoints_crossedLegs,94,Sitting,Sitting,True,0.997,0.0,11.4982
SitFloor_lowKeypoints_crossedLegs,95,Sitting,Sitting,True,0.998,0.0,12.315
SitFloor_lowKeypoints_crossedLegs,96,Sitting,Sitting,True,0.999,0.0,8.6845
SitFloor_lowKeypoints_crossedLegs,97,Sitting,Sitting,True,0.998,0.0,12.2235
SitFloor_lowKeypoints_crossedLegs,98,Sitting,Sitting,True,0.998,0.0,13.5451
SitFloor_lowKeypoints_crossedLegs,99,Sitting,Sitting,True,0.999,0.0,8.4037
SitFloor_lowKeypoints_crossedLegs,100,Sitting,Sitting,True,0.998,0.0,11.7551
SitFloor_lowKeypoints_crossedLegs,101,Sitting,Sitting,True,0.998,0.0,8.9321
SitFloor_lowKeypoints_crossedLegs,102,Sitting,Sitting,True,0.997,0.0,6.0156
SitFloor_lowKeypoints_crossedLegs,103,Sitting,Sitting,True,0.998,0.0,9.497
SitFloor_lowKeypoints_crossedLegs,104,Sitting,Sitting,True,0.995,0.0,9.0892
SitFloor_lowKeypoints_crossedLegs,105,Sitting,Sitting,True,0.996,0.0,11.6806
SitFloor_lowKeypoints_crossedLegs,106,Sitting,Sitting,True,0.996,0.0,14.5432
SitFloor_lowKeypoints_crossedLegs,107,Sitting,Sitting,True,0.998,0.0,15.8123
SitFloor_lowKeypoints_crossedLegs,108,Sitting,Sitting,True,0.997,0.0,14.9498
SitFloor_lowKeypoints_crossedLegs,109,Sitting,Sitting,True,0.995,0.0,12.5033
SitFloor_lowKeypoints_crossedLegs,110,Sitting,Sitting,True,0.996,0.0,11.8896
SitFloor_lowKeypoints_crossedLegs,111,Sitting,Sitting,True,0.996,0.0,12.6814
SitFloor_lowKeypoints_crossedLegs,112,Sitting,Sitting,True,0.997,0.0,15.964
SitFloor_lowKeypoints_crossedLegs,113,Sitting,Sitting,True,0.997,0.0,10.8779
SitFloor_lowKeypoints_crossedLegs,114,Sitting,Sitting,True,0.996,0.0,12.6429
SitFloor_lowKeypoints_crossedLegs,115,Sitting,Sitting,True,0.997,0.0,15.5311
SitFloor_lowKeypoints_crossedLegs,116,Sitting,Sitting,True,0.995,0.0,9.2835
SitFloor_lowKeypoints_crossedLegs,117,Sitting,Sitting,True,0.994,0.0,9.4179
SitFloor_lowKeypoints_crossedLegs,118,Sitting,Sitting,True,0.995,0.0,8.114
SitFloor_lowKeypoints_crossedLegs,119,Sitting,Sitting,True,0.994,0.0,11.4775
SitFloor_lowKeypoints_crossedLegs,120,Sitting,Sitting,True,0.995,0.0,10.3416
SitFloor_lowKeypoints_crossedLegs,121,Sitting,Sitting,True,0.993,0.0,9.5834
SitFloor_lowKeypoints_crossedLegs,122,Sitting,Sitting,True,0.997,0.0,11.2476
SitFloor_lowKeypoints_crossedLegs,123,Sitting,Sitting,True,0.992,0.0,10.0277
SitFloor_lowKeypoints_crossedLegs,124,Sitting,Sitting,True,0.995,0.0,8.8504
SitFloor_lowKeypoints_crossedLegs,125,Sitting,Sitting,True,0.994,0.0,12.6664
SitFloor_lowKeypoints_crossedLegs,126,Sitting,Sitting,True,0.995,0.0,13.6822
SitFloor_lowKeypoints_crossedLegs,127,Sitting,Sitting,True,0.996,0.0,12.6324
SitFloor_lowKeypoints_crossedLegs,128,Sitting,Sitting,True,0.994,0.0,10.2363
SitFloor_lowKeypoints_crossedLegs,129,Sitting,Sitting,True,0.993,0.0,14.8259
SitFloor_lowKeypoints_crossedLegs,130,Sitting,Sitting,True,0.996,0.0,14.1075
SitFloor_lowKeypoints_crossedLegs,131,Sitting,Sitting,True,0.997,0.0,12.6009
SitFloor_lowKeypoints_crossedLegs,132,Sitting,Sitting,True,0.997,0.0,11.4726
SitFloor_lowKeypoints_crossedLegs,133,Sitting,Sitting,True,0.991,0.0,10.7011
SitFloor_lowKeypoints_crossedLegs,134,Sitting,Sitting,True,0.996,0.0,11.9978
SitFloor_lowKeypoints_crossedLegs,135,Sitting,Sitting,True,0.992,0.0,12.2172
SitFloor_lowKeypoints_crossedLegs,136,Sitting,Sitting,True,0.993,0.0,9.2523
SitFloor_lowKeypoints_crossedLegs,137,Sitting,Sitting,True,0.996,0.0,8.766
SitFloor_lowKeypoints_crossedLegs,138,Sitting,Sitting,True,0.996,0.0,10.8771
SitFloor_lowKeypoints_crossedLegs,139,Sitting,Sitting,True,0.996,0.0,8.7774
SitFloor_lowKeypoints_crossedLegs,140,Sitting,Sitting,True,0.998,0.0,9.1878
SitFloor_lowKeypoints_crossedLegs,141,Sitting,Sitting,True,0.997,0.0,14.2075
SitFloor_lowKeypoints_crossedLegs,142,Sitting,Sitting,True,0.997,0.0,54.2681
SitFloor_lowKeypoints_crossedLegs,143,Sitting,Sitting,True,0.998,0.0,15.6712
SitFloor_lowKeypoints_crossedLegs,144,Sitting,Sitting,True,0.997,0.0,13.1206
SitFloor_lowKeypoints_crossedLegs,145,Sitting,Sitting,True,0.997,0.0,10.1046
SitFloor_lowKeypoints_crossedLegs,146,Sitting,Sitting,True,0.996,0.0,9.3451
SitFloor_lowKeypoints_crossedLegs,147,Sitting,Sitting,True,0.998,0.0,11.3773
SitFloor_lowKeypoints_crossedLegs,148,Sitting,Sitting,True,0.996,0.0,9.4773
SitFloor_lowKeypoints_crossedLegs,149,Sitting,Sitting,True,0.995,0.0,9.5494
SitFloor_lowKeypoints_crossedLegs,150,Sitting,Sitting,True,0.996,0.0,8.5603
SitFloor_lowKeypoints_crossedLegs,151,Sitting,Sitting,True,0.998,0.0,22.0588
SitFloor_lowKeypoints_crossedLegs,152,Sitting,Sitting,True,0.994,0.0,15.545
SitFloor_lowKeypoints_crossedLegs,153,Sitting,Sitting,True,0.997,0.0,8.8917
SitFloor_lowKeypoints_crossedLegs,154,Sitting,Sitting,True,0.998,0.0,11.2978
SitFloor_lowKeypoints_crossedLegs,155,Sitting,Sitting,True,0.997,0.0,10.9468
SitFloor_lowKeypoints_crossedLegs,156,Sitting,Sitting,True,0.995,0.0,8.1142
SitFloor_lowKeypoints_crossedLegs,157,Sitting,Sitting,True,0.996,0.0,25.6932
SitFloor_lowKeypoints_crossedLegs,158,Sitting,Sitting,True,0.996,0.0,12.9032
SitFloor_lowKeypoints_crossedLegs,159,Sitting,Sitting,True,0.998,0.0,9.6717
SitFloor_lowKeypoints_crossedLegs,160,Sitting,Sitting,True,0.997,0.0,10.9615
SitFloor_lowKeypoints_crossedLegs,161,Sitting,Sitting,True,0.996,0.0,11.8272
SitFloor_lowKeypoints_crossedLegs,162,Sitting,Sitting,True,0.997,0.0,10.5213
SitFloor_lowKeypoints_crossedLegs,163,Sitting,Sitting,True,0.997,0.0,13.6285
SitFloor_lowKeypoints_crossedLegs,164,Sitting,Sitting,True,0.993,0.0,12.6939
SitFloor_lowKeypoints_crossedLegs,165,Sitting,Sitting,True,0.997,0.0,19.1475
SitFloor_lowKeypoints_crossedLegs,166,Sitting,Sitting,True,0.996,0.0,18.0894
SitFloor_lowKeypoints_crossedLegs,167,Sitting,Sitting,True,0.998,0.0,32.767
SitFloor_lowKeypoints_crossedLegs,168,Sitting,Sitting,True,0.992,0.0,19.2646
SitFloor_lowKeypoints_crossedLegs,169,Sitting,Sitting,True,0.998,0.0,12.9518
SitFloor_lowKeypoints_crossedLegs,170,Sitting,Sitting,True,0.995,0.0,14.8085
SitFloor_lowKeypoints_crossedLegs,171,Sitting,Sitting,True,0.996,0.0,13.3224
SitFloor_lowKeypoints_crossedLegs,172,Sitting,Sitting,True,0.998,0.0,16.3108
SitFloor_lowKeypoints_crossedLegs,173,Sitting,Sitting,True,0.997,0.0,14.9978
SitFloor_lowKeypoints_crossedLegs,174,Sitting,Sitting,True,0.996,0.0,17.9246
SitFloor_lowKeypoints_crossedLegs,175,Sitting,Sitting,True,0.997,0.0,59.3004
SitFloor_lowKeypoints_crossedLegs,176,Sitting,Sitting,True,0.997,0.0,15.5698
SitFloor_lowKeypoints_crossedLegs,177,Sitting,Sitting,True,0.997,0.0,10.183
SitFloor_lowKeypoints_crossedLegs,178,Sitting,Sitting,True,0.997,0.0,15.8472
SitFloor_lowKeypoints_crossedLegs,179,Sitting,Sitting,True,0.995,0.0,31.4272
SitFloor_lowKeypoints_crossedLegs,180,Sitting,Sitting,True,0.994,0.0,13.0933
SitFloor_lowKeypoints_crossedLegs,181,Sitting,Sitting,True,0.997,0.0,11.955
SitFloor_lowKeypoints_crossedLegs,182,Sitting,Sitting,True,0.996,0.0,7.8417
SitFloor_lowKeypoints_crossedLegs,183,Sitting,Sitting,True,0.997,0.0,10.6231
SitFloor_lowKeypoints_crossedLegs,184,Sitting,Sitting,True,0.998,0.0,12.4053
SitFloor_lowKeypoints_crossedLegs,185,Sitting,Sitting,True,0.996,0.0,10.3919
SitFloor_lowKeypoints_crossedLegs,186,Sitting,Sitting,True,0.996,0.0,10.7514
SitFloor_lowKeypoints_crossedLegs,187,Sitting,Sitting,True,0.996,0.0,11.9932
SitFloor_lowKeypoints_crossedLegs,188,Sitting,Sitting,True,0.997,0.0,9.0534
SitFloor_lowKeypoints_crossedLegs,189,Sitting,Sitting,True,0.997,0.0,10.9371
SitFloor_lowKeypoints_crossedLegs,190,Sitting,Sitting,True,0.996,0.0,6.4728
SitFloor_lowKeypoints_crossedLegs,191,Sitting,Sitting,True,0.998,0.0,9.9949
SitFloor_lowKeypoints_crossedLegs,192,Sitting,Sitting,True,0.997,0.0,10.6763
SitFloor_lowKeypoints_crossedLegs,193,Sitting,Sitting,True,0.997,0.0,9.1275
SitFloor_lowKeypoints_crossedLegs,194,Sitting,Sitting,True,0.996,0.0,9.3464
SitFloor_lowKeypoints_crossedLegs,195,Sitting,Sitting,True,0.996,0.0,5.9193
SitFloor_lowKeypoints_crossedLegs,196,Sitting,Sitting,True,0.992,0.0,10.1646
SitFloor_lowKeypoints_crossedLegs,197,Sitting,Sitting,True,0.995,0.0,8.6085
SitFloor_lowKeypoints_crossedLegs,198,Sitting,Sitting,True,0.997,0.0,13.5375
SitFloor_lowKeypoints_crossedLegs,199,Sitting,Sitting,True,0.995,0.0,14.8487
SitFloor_lowKeypoints_crossedLegs,200,Sitting,Sitting,True,0.996,0.0,11.4371
SitFloor_lowKeypoints_crossedLegs,201,,Sitting,,0.996,0.0,7.5115
SitFloor_lowKeypoints_crossedLegs,202,,Sitting,,0.995,0.0,8.3431
SitFloor_lowKeypoints_crossedLegs,203,,Sitting,,0.997,0.0,8.9768
SitFloor_lowKeypoints_crossedLegs,204,,Sitting,,0.996,0.0,8.8363
SitFloor_lowKeypoints_crossedLegs,205,,Sitting,,0.995,0.0,10.1532
SitFloor_lowKeypoints_crossedLegs,206,,Sitting,,0.995,0.0,10.4819
SitFloor_lowKeypoints_crossedLegs,207,,Sitting,,0.998,0.0,10.6479
SitFloor_lowKeypoints_crossedLegs,208,,Sitting,,0.996,0.0,13.606
SitFloor_lowKeypoints_crossedLegs,209,,Sitting,,0.998,0.0,8.753
SitFloor_lowKeypoints_crossedLegs,210,,Sitting,,0.997,0.0,10.2951
SitFloor_lowKeypoints_crossedLegs,211,,Sitting,,0.997,0.0,12.259
SitFloor_lowKeypoints_crossedLegs,212,,Sitting,,0.998,0.0,24.1959
SitFloor_lowKeypoints_crossedLegs,213,,Sitting,,0.997,0.0,26.8571
SitFloor_lowKeypoints_crossedLegs,214,,Sitting,,0.996,0.0,31.229
SitFloor_lowKeypoints_crossedLegs,215,,Sitting,,0.998,0.0,30.1238
SitFloor_lowKeypoints_crossedLegs,216,,Sitting,,0.998,0.0,38.8477
SitFloor_lowKeypoints_crossedLegs,217,,Sitting,,0.998,0.0,36.3844
SitFloor_lowKeypoints_crossedLegs,218,,Sitting,,0.997,0.0,30.1084
SitFloor_lowKeypoints_crossedLegs,219,,Sitting,,0.998,0.0,15.0292
SitFloor_lowKeypoints_crossedLegs,220,,Sitting,,0.996,0.0,33.5941
SitFloor_lowKeypoints_crossedLegs,221,,Sitting,,0.997,0.0,43.4648
SitFloor_lowKeypoints_crossedLegs,222,,Sitting,,0.998,0.0,19.5154
SitFloor_lowKeypoints_crossedLegs,223,,Sitting,,0.997,0.0,17.7188
SitFloor_lowKeypoints_crossedLegs,224,,Sitting,,0.997,0.0,25.4647
SitFloor_lowKeypoints_crossedLegs,225,,Sitting,,0.997,0.0,13.2285
SitFloor_lowKeypoints_crossedLegs,226,,Sitting,,0.996,0.0,11.7195
SitFloor_lowKeypoints_crossedLegs,227,,Sitting,,0.998,0.0,10.8211
SitFloor_lowKeypoints_crossedLegs,228,,Sitting,,0.997,0.0,11.0233
SitFloor_lowKeypoints_crossedLegs,229,,Sitting,,0.998,0.0,9.1004
SitFloor_lowKeypoints_crossedLegs,230,,Sitting,,0.995,0.0,11.3662
SitFloor_lowKeypoints_crossedLegs,231,,Sitting,,0.997,0.0,11.4414
SitFloor_lowKeypoints_crossedLegs,232,,Sitting,,0.996,0.0,8.3212
SitFloor_lowKeypoints_crossedLegs,233,,Sitting,,0.998,0.0,10.3812
SitFloor_lowKeypoints_crossedLegs,234,,Sitting,,0.998,0.0,13.1174
SitFloor_lowKeypoints_crossedLegs,235,,Sitting,,0.998,0.0,10.0595
SitFloor_lowKeypoints_crossedLegs,236,,Sitting,,0.998,0.0,9.4157
SitFloor_lowKeypoints_crossedLegs,237,,Sitting,,0.999,0.0,8.8375
SitFloor_lowKeypoints_crossedLegs,238,,Sitting,,0.998,0.0,9.146
SitFloor_lowKeypoints_crossedLegs,239,,Sitting,,0.998,0.0,11.0385
SitFloor_lowKeypoints_crossedLegs,240,,Sitting,,0.999,0.0,7.3323
SitFloor_lowKeypoints_crossedLegs,241,,Sitting,,0.999,0.0,11.9518
SitFloor_lowKeypoints_crossedLegs,242,,Sitting,,0.999,0.0,12.0156
SitFloor_lowKeypoints_crossedLegs,243,,Sitting,,0.999,0.0,10.3084
SitFloor_lowKeypoints_crossedLegs,244,,Sitting,,0.998,0.0,11.1078
SitFloor_lowKeypoints_crossedLegs,245,,Sitting,,0.998,0.0,15.4313
SitFloor_lowKeypoints_crossedLegs,246,,Sitting,,0.999,0.0,13.1234
SitFloor_lowKeypoints_crossedLegs,247,,Sitting,,0.998,0.0,12.8663
SitFloor_lowKeypoints_crossedLegs,248,,Sitting,,0.998,0.0,11.0921
SitFloor_lowKeypoints_crossedLegs,249,,Sitting,,0.998,0.0,13.4023
SitFloor_lowKeypoints_crossedLegs,250,,Sitting,,0.998,0.0,15.9084
SitFloor_lowKeypoints_crossedLegs,251,,Sitting,,0.997,0.0,23.4738
SitFloor_lowKeypoints_crossedLegs,252,,Sitting,,0.997,0.0,18.5812
SitFloor_lowKeypoints_crossedLegs,253,,Sitting,,0.997,0.0,23.4684
SitFloor_lowKeypoints_crossedLegs,254,,Sitting,,0.998,0.0,13.563
SitFloor_lowKeypoints_crossedLegs,255,,Sitting,,0.999,0.0,15.117
SitFloor_lowKeypoints_crossedLegs,256,,Sitting,,0.996,0.0,13.5644
SitFloor_lowKeypoints_crossedLegs,257,,Sitting,,0.996,0.0,17.1729
SitFloor_lowKeypoints_crossedLegs,258,,Sitting,,0.996,0.0,14.095
SitFloor_lowKeypoints_crossedLegs,259,,Sitting,,0.995,0.0,10.2067
SitFloor_lowKeypoints_crossedLegs,260,,Sitting,,0.988,0.0,12.7752
SitFloor_lowKeypoints_crossedLegs,261,,Sitting,,0.985,0.0,12.4822
SitFloor_lowKeypoints_crossedLegs,262,,Sitting,,0.992,0.0,20.5539
SitFloor_lowKeypoints_crossedLegs,263,,Sitting,,0.985,0.0,19.321
SitFloor_lowKeypoints_crossedLegs,264,,Sitting,,0.992,0.0,54.3117
SitFloor_lowKeypoints_crossedLegs,265,,Sitting,,0.993,0.0,15.6378
SitFloor_lowKeypoints_crossedLegs,266,,Sitting,,0.988,0.0,18.7806
SitFloor_lowKeypoints_crossedLegs,267,,Sitting,,0.993,0.0,32.1449
SitFloor_lowKeypoints_crossedLegs,268,,Sitting,,0.984,0.0,17.901
SitFloor_lowKeypoints_crossedLegs,269,,Sitting,,0.954,0.0,18.4312
SitFloor_lowKeypoints_crossedLegs,270,,Sitting,,0.964,0.0,13.2583
SitFloor_lowKeypoints_crossedLegs,271,,Sitting,,0.967,0.0,14.9393
SitFloor_lowKeypoints_crossedLegs,272,,Sitting,,0.94,0.0,16.0383
SitFloor_lowKeypoints_crossedLegs,273,,Sitting,,0.945,0.0,13.7615
SitFloor_lowKeypoints_crossedLegs,274,,Sitting,,0.954,0.0,15.1132
SitFloor_lowKeypoints_crossedLegs,275,,Sitting,,0.93,0.0,19.268
SitFloor_lowKeypoints_crossedLegs,276,,Sitting,,0.947,0.0,23.2226
SitFloor_lowKeypoints_crossedLegs,277,,Sitting,,0.973,0.0,26.3129
SitFloor_lowKeypoints_crossedLegs,278,,Sitting,,0.826,0.0,21.7729
SitFloor_lowKeypoints_crossedLegs,279,,Sitting,,0.844,0.0,14.8046
SitFloor_lowKeypoints_crossedLegs,280,,Sitting,,0.829,0.0,13.468
SitFloor_lowKeypoints_crossedLegs,281,,Sitting,,0.95,0.0,14.2315
SitFloor_lowKeypoints_crossedLegs,282,,Sitting,,0.954,0.0,16.874
SitFloor_lowKeypoints_crossedLegs,283,,Sitting,,0.935,0.0,49.7791
SitFloor_lowKeypoints_crossedLegs,284,,Sitting,,0.871,0.0,32.5275
SitFloor_lowKeypoints_crossedLegs,285,,Sitting,,0.821,0.0,27.2468
SitFloor_lowKeypoints_crossedLegs,286,,Sitting,,0.898,0.0,33.8323
SitFloor_lowKeypoints_crossedLegs,287,,Sitting,,0.877,0.0,24.9028
SitFloor_lowKeypoints_crossedLegs,288,,Sitting,,0.904,0.0,25.324
SitFloor_lowKeypoints_crossedLegs,289,,Standing,,0.811,0.0,25.5292
SitFloor_lowKeypoints_crossedLegs,290,,Standing,,0.979,0.0,32.3513
SitFloor_lowKeypoints_crossedLegs,291,,Standing,,0.992,0.0,24.2424
SitFloor_lowKeypoints_crossedLegs,292,,Standing,,0.998,0.0,12.2211
SitFloor_lowKeypoints_crossedLegs,293,,Standing,,0.993,0.0,10.536
SitFloor_lowKeypoints_crossedLegs,294,,Standing,,0.979,0.0,11.7011
SitFloor_lowKeypoints_crossedLegs,295,,Standing,,0.905,0.0,14.9827
SitFloor_lowKeypoints_crossedLegs,296,,Standing,,0.723,0.0,22.2409
SitFloor_lowKeypoints_crossedLegs,297,,Standing,,0.869,0.0,15.4484
SitFloor_lowKeypoints_crossedLegs,298,,Standing,,0.831,0.0,13.4419
SitFloor_lowKeypoints_crossedLegs,299,,Standing,,0.927,0.0,11.0654
SitFloor_lowKeypoints_crossedLegs,300,,Standing,,0.963,0.0,9.7493
SitFloor_lowKeypoints_crossedLegs,301,,Standing,,0.972,0.0,11.2708
SitFloor_lowKeypoints_crossedLegs,302,,Standing,,0.988,0.0,11.2103
SitFloor_lowKeypoints_crossedLegs,303,,Standing,,0.974,0.0,9.4384
SitFloor_lowKeypoints_crossedLegs,304,,Standing,,0.954,0.0,11.9901
SitFloor_lowKeypoints_crossedLegs,305,,Standing,,0.964,0.0,8.1682
SitFloor_lowKeypoints_crossedLegs,306,,Standing,,0.998,0.0,8.5314
SitFloor_lowKeypoints_crossedLegs,307,,Standing,,0.996,0.0,6.5471
SitFloor_lowKeypoints_crossedLegs,308,,Standing,,0.993,0.0,12.0341
SitFloor_lowKeypoints_crossedLegs,309,,Standing,,0.985,0.0,11.6028
SitFloor_lowKeypoints_crossedLegs,310,,Standing,,0.998,0.0,10.2817
SitFloor_lowKeypoints_crossedLegs,311,,Standing,,0.999,0.0,9.5827
SitFloor_lowKeypoints_crossedLegs,312,,Standing,,0.997,0.0,11.6821
SitFloor_lowKeypoints_crossedLegs,313,,Standing,,0.999,0.0,9.1399
SitFloor_lowKeypoints_crossedLegs,314,,Standing,,0.998,0.0,11.3973
SitFloor_lowKeypoints_crossedLegs,315,,Standing,,0.998,0.0,10.7675
SitFloor_lowKeypoints,31,Standing,Standing,True,0.999,0.0,8.8344
SitFloor_lowKeypoints,32,Standing,Standing,True,0.999,0.0,8.5872
SitFloor_lowKeypoints,33,Standing,Standing,True,0.999,0.0,9.0053
SitFloor_lowKeypoints,34,Standing,Standing,True,0.999,0.0,9.2397
SitFloor_lowKeypoints,35,Standing,Standing,True,0.999,0.0,9.6204
SitFloor_lowKeypoints,36,Standing,Standing,True,0.999,0.0,7.2009
SitFloor_lowKeypoints,37,Standing,Standing,True,0.999,0.0,10.3519
SitFloor_lowKeypoints,38,Standing,Standing,True,0.999,0.0,6.7396
SitFloor_lowKeypoints,39,Standing,Standing,True,0.999,0.0,10.2245
SitFloor_lowKeypoints,40,Standing,Standing,True,0.999,0.0,8.9698
SitFloor_lowKeypoints,41,Standing,Standing,True,1.0,0.0,11.2871
SitFloor_lowKeypoints,42,Standing,Standing,True,1.0,0.0,10.3127
SitFloor_lowKeypoints,43,Standing,Standing,True,1.0,0.0,7.4523
SitFloor_lowKeypoints,44,Standing,Standing,True,1.0,0.0,8.4272
SitFloor_lowKeypoints,45,Standing,Standing,True,1.0,0.0,8.8606
SitFloor_lowKeypoints,46,Standing,Standing,True,0.999,0.0,10.5848
SitFloor_lowKeypoints,47,Standing,Standing,True,1.0,0.0,7.1326
SitFloor_lowKeypoints,48,Standing,Standing,True,1.0,0.0,13.1215
SitFloor_lowKeypoints,49,Standing,Standing,True,1.0,0.0,11.2337
SitFloor_lowKeypoints,50,Standing,Standing,True,1.0,0.0,13.8078
SitFloor_lowKeypoints,51,Standing,Standing,True,1.0,0.0,12.989
SitFloor_lowKeypoints,52,Standing,Standing,True,1.0,0.0,17.6417
SitFloor_lowKeypoints,53,Standing,Standing,True,0.999,0.0,11.6616
SitFloor_lowKeypoints,54,Standing,Standing,True,0.999,0.0,10.9248
SitFloor_lowKeypoints,55,Standing,Standing,True,0.999,0.0,15.3664
SitFloor_lowKeypoints,56,Standing,Standing,True,0.998,0.0,10.795
SitFloor_lowKeypoints,57,Standing,Standing,True,0.998,0.0,17.1337
SitFloor_lowKeypoints,58,,Standing,,0.998,0.0,13.606
SitFloor_lowKeypoints,59,,Standing,,0.995,0.0,10.8786
SitFloor_lowKeypoints,60,,Standing,,0.993,0.0,9.1831
SitFloor_lowKeypoints,61,,Standing,,0.994,0.0,11.266
SitFloor_lowKeypoints,62,,Standing,,0.996,0.0,8.4632
SitFloor_lowKeypoints,63,,Standing,,0.995,0.0,11.0832
SitFloor_lowKeypoints,64,,Standing,,0.997,0.0,14.7861
SitFloor_lowKeypoints,65,,Standing,,0.995,0.0,10.8879
SitFloor_lowKeypoints,66,,Standing,,0.997,0.0,7.0421
SitFloor_lowKeypoints,67,,Standing,,0.997,0.0,10.6262
SitFloor_lowKeypoints,68,,Standing,,0.997,0.0,12.536
SitFloor_lowKeypoints,69,,Standing,,0.998,0.0,7.8773
SitFloor_lowKeypoints,70,,Standing,,0.997,0.0,8.6019
SitFloor_lowKeypoints,71,,Standing,,0.998,0.0,8.7868
SitFloor_lowKeypoints,72,,Standing,,0.998,0.0,12.6215
SitFloor_lowKeypoints,73,,Standing,,0.998,0.0,10.2383
SitFloor_lowKeypoints,74,,Standing,,0.998,0.0,8.0426
SitFloor_lowKeypoints,75,,Standing,,0.998,0.0,11.4155
SitFloor_lowKeypoints,76,,Standing,,0.998,0.0,9.8121
SitFloor_lowKeypoints,77,,Standing,,0.997,0.0,9.9359
SitFloor_lowKeypoints,78,,Standing,,0.995,0.0,10.1892
SitFloor_lowKeypoints,79,,Standing,,0.942,0.0,8.929
SitFloor_lowKeypoints,80,,Standing,,0.873,0.0,10.2803
SitFloor_lowKeypoints,81,,Sitting,,0.444,0.0,11.6015
SitFloor_lowKeypoints,82,,Sitting,,0.709,0.0,9.0172
SitFloor_lowKeypoints,83,,Sitting,,0.648,0.0,12.3773
SitFloor_lowKeypoints,84,,Sitting,,0.766,0.0,10.5944
SitFloor_lowKeypoints,85,,Sitting,,0.903,0.0,8.6237
SitFloor_lowKeypoints,86,,Sitting,,0.881,0.0,7.8977
SitFloor_lowKeypoints,87,,Sitting,,0.961,0.0,6.6535
SitFloor_lowKeypoints,88,,Sitting,,0.968,0.0,9.5639
SitFloor_lowKeypoints,89,,Sitting,,0.966,0.0,7.7348
SitFloor_lowKeypoints,90,,Sitting,,0.963,0.0,9.0644
SitFloor_lowKeypoints,91,,Sitting,,0.975,0.0,8.5182
SitFloor_lowKeypoints,92,,Sitting,,0.968,0.0,8.721
SitFloor_lowKeypoints,93,,Sitting,,0.983,0.0,8.467
SitFloor_lowKeypoints,94,,Sitting,,0.959,0.0,7.6326
SitFloor_lowKeypoints,95,,Sitting,,0.986,0.0,7.0165
SitFloor_lowKeypoints,96,,Sitting,,0.907,0.0,8.9652
SitFloor_lowKeypoints,97,,Sitting,,0.913,0.0,11.1613
SitFloor_lowKeypoints,98,,Sitting,,0.877,0.0,13.3196
SitFloor_lowKeypoints,99,,Sitting,,0.69,0.0,22.2022
SitFloor_lowKeypoints,100,,Sitting,,0.532,0.0,7.3608
SitFloor_lowKeypoints,101,,Sitting,,0.725,0.0,8.7101
SitFloor_lowKeypoints,102,,Lying,,0.574,0.0,8.4012
SitFloor_lowKeypoints,103,,Lying,,0.907,0.0,9.4107
SitFloor_lowKeypoints,104,,Lying,,0.858,0.0,9.4443
SitFloor_lowKeypoints,105,,Lying,,0.691,0.0,8.2783
SitFloor_lowKeypoints,106,,Lying,,0.764,0.0,9.381
SitFloor_lowKeypoints,107,,Lying,,0.662,0.0,8.2615
SitFloor_lowKeypoints,108,,Lying,,0.677,0.0,9.2036
SitFloor_lowKeypoints,109,,Lying,,0.535,0.0,9.0895
SitFloor_lowKeypoints,110,,Lying,,0.644,0.0,8.6916
SitFloor_lowKeypoints,111,,Sitting,,0.75,0.0,8.9609
SitFloor_lowKeypoints,112,,Sitting,,0.81,0.0,7.7293
SitFloor_lowKeypoints,113,,Sitting,,0.785,0.0,10.7946
SitFloor_lowKeypoints,114,,Sitting,,0.798,0.0,8.2772
SitFloor_lowKeypoints,115,,Sitting,,0.926,0.0,8.8395
SitFloor_lowKeypoints,116,,Sitting,,0.922,0.0,5.9455
SitFloor_lowKeypoints,117,Sitting,Sitting,True,0.965,0.0,11.0459
SitFloor_lowKeypoints,118,Sitting,Sitting,True,0.966,0.0,8.3696
SitFloor_lowKeypoints,119,Sitting,Sitting,True,0.936,0.0,9.1812
SitFloor_lowKeypoints,120,Sitting,Sitting,True,0.975,0.0,11.3155
SitFloor_lowKeypoints,121,Sitting,Sitting,True,0.882,0.0,8.2731
SitFloor_lowKeypoints,122,Sitting,Sitting,True,0.937,0.0,10.227
SitFloor_lowKeypoints,123,Sitting,Sitting,True,0.939,0.0,7.0111
SitFloor_lowKeypoints,124,Sitting,Sitting,True,0.984,0.0,9.5793
SitFloor_lowKeypoints,125,Sitting,Sitting,True,0.983,0.0,5.793
SitFloor_lowKeypoints,126,Sitting,Sitting,True,0.985,0.0,8.043
SitFloor_lowKeypoints,127,Sitting,Sitting,True,0.98,0.0,6.6851
SitFloor_lowKeypoints,128,Sitting,Sitting,True,0.994,0.0,10.0291
SitFloor_lowKeypoints,129,Sitting,Sitting,True,0.977,0.0,6.9766
SitFloor_lowKeypoints,130,Sitting,Sitting,True,0.979,0.0,7.5595
SitFloor_lowKeypoints,131,Sitting,Sitting,True,0.919,0.0,6.0667
SitFloor_lowKeypoints,132,Sitting,Sitting,True,0.991,0.0,7.9619
SitFloor_lowKeypoints,133,Sitting,Sitting,True,0.995,0.0,7.9814
SitFloor_lowKeypoints,134,Sitting,Sitting,True,0.995,0.0,8.4154
SitFloor_lowKeypoints,135,Sitting,Sitting,True,0.996,0.0,7.7502
SitFloor_lowKeypoints,136,Sitting,Sitting,True,0.995,0.0,8.5277
SitFloor_lowKeypoints,137,Sitting,Sitting,True,0.996,0.0,7.9396
SitFloor_lowKeypoints,138,Sitting,Sitting,True,0.997,0.0,9.6562
SitFloor_lowKeypoints,139,Sitting,Sitting,True,0.999,0.0,9.2862
SitFloor_lowKeypoints,140,Sitting,Sitting,True,0.999,0.0,9.6365
SitFloor_lowKeypoints,141,Sitting,Sitting,True,0.998,0.0,8.0788
SitFloor_lowKeypoints,142,Sitting,Sitting,True,0.999,0.0,8.6832
SitFloor_lowKeypoints,143,Sitting,Sitting,True,0.998,0.0,10.8994
SitFloor_lowKeypoints,144,Sitting,Sitting,True,0.998,0.0,8.8841
SitFloor_lowKeypoints,145,Sitting,Sitting,True,0.998,0.0,8.793
SitFloor_lowKeypoints,146,Sitting,Sitting,True,0.999,0.0,9.8397
SitFloor_lowKeypoints,147,Sitting,Sitting,True,0.996,0.0,9.5187
SitFloor_lowKeypoints,148,Sitting,Sitting,True,0.997,0.0,9.2697
SitFloor_lowKeypoints,149,Sitting,Sitting,True,0.998,0.0,7.9227
SitFloor_lowKeypoints,150,Sitting,Sitting,True,0.997,0.0,9.8866
SitFloor_lowKeypoints,151,Sitting,Sitting,True,0.997,0.0,8.1199
SitFloor_lowKeypoints,152,Sitting,Sitting,True,0.997,0.0,9.9697
SitFloor_lowKeypoints,153,Sitting,Sitting,True,0.997,0.0,8.1188
SitFloor_lowKeypoints,154,Sitting,Sitting,True,0.997,0.0,14.186
SitFloor_lowKeypoints,155,Sitting,Sitting,True,0.998,0.0,10.4672
SitFloor_lowKeypoints,156,Sitting,Sitting,True,0.997,0.0,11.2968
SitFloor_lowKeypoints,157,Sitting,Sitting,True,0.997,0.0,8.462
SitFloor_lowKeypoints,158,Sitting,Sitting,True,0.998,0.0,13.4946
SitFloor_lowKeypoints,159,Sitting,Sitting,True,0.997,0.0,12.5492
SitFloor_lowKeypoints,160,Sitting,Sitting,True,0.996,0.0,14.0443
SitFloor_lowKeypoints,161,Sitting,Sitting,True,0.996,0.0,9.1002
SitFloor_lowKeypoints,162,Sitting,Sitting,True,0.997,0.0,11.8445
SitFloor_lowKeypoints,163,Sitting,Sitting,True,0.996,0.0,8.5055
SitFloor_lowKeypoints,164,Sitting,Sitting,True,0.996,0.0,10.2597
SitFloor_lowKeypoints,165,Sitting,Sitting,True,0.997,0.0,13.6519
SitFloor_lowKeypoints,166,Sitting,Sitting,True,0.998,0.0,12.6248
SitFloor_lowKeypoints,167,Sitting,Sitting,True,0.998,0.0,9.8474
SitFloor_lowKeypoints,168,Sitting,Sitting,True,0.997,0.0,9.4304
SitFloor_lowKeypoints,169,Sitting,Sitting,True,0.998,0.0,13.1227
SitFloor_lowKeypoints,170,Sitting,Sitting,True,0.998,0.0,8.2901
SitFloor_lowKeypoints,171,Sitting,Sitting,True,0.998,0.0,11.9352
SitFloor_lowKeypoints,172,Sitting,Sitting,True,0.998,0.0,13.8807
SitFloor_lowKeypoints,173,Sitting,Sitting,True,0.998,0.0,11.8244
SitFloor_lowKeypoints,174,Sitting,Sitting,True,0.998,0.0,9.7957
SitFloor_lowKeypoints,175,Sitting,Sitting,True,0.997,0.0,9.6366
SitFloor_lowKeypoints,176,Sitting,Sitting,True,0.999,0.0,11.9911
SitFloor_lowKeypoints,177,Sitting,Sitting,True,0.999,0.0,10.5939
SitFloor_lowKeypoints,178,Sitting,Sitting,True,0.998,0.0,9.0445
SitFloor_lowKeypoints,179,Sitting,Sitting,True,0.999,0.0,10.5804
SitFloor_lowKeypoints,180,Sitting,Sitting,True,0.999,0.0,8.8925
SitFloor_lowKeypoints,181,Sitting,Sitting,True,0.999,0.0,11.3821
SitFloor_lowKeypoints,182,Sitting,Sitting,True,0.999,0.0,8.4387
SitFloor_lowKeypoints,183,Sitting,Sitting,True,0.999,0.0,10.5886
SitFloor_lowKeypoints,184,Sitting,Sitting,True,0.999,0.0,13.2312
SitFloor_lowKeypoints,185,Sitting,Sitting,True,0.999,0.0,11.3786
SitFloor_lowKeypoints,186,Sitting,Sitting,True,0.999,0.0,8.2124
SitFloor_lowKeypoints,187,Sitting,Sitting,True,0.998,0.0,9.0759
SitFloor_lowKeypoints,188,Sitting,Sitting,True,0.998,0.0,10.7609
SitFloor_lowKeypoints,189,Sitting,Sitting,True,0.998,0.0,9.3626
SitFloor_lowKeypoints,190,Sitting,Sitting,True,0.998,0.0,9.9228
SitFloor_lowKeypoints,191,Sitting,Sitting,True,0.998,0.0,8.2379
SitFloor_lowKeypoints,192,Sitting,Sitting,True,0.998,0.0,9.4615
SitFloor_lowKeypoints,193,Sitting,Sitting,True,0.999,0.0,7.8277
SitFloor_lowKeypoints,194,Sitting,Sitting,True,0.998,0.0,8.5514
SitFloor_lowKeypoints,195,Sitting,Sitting,True,0.999,0.0,6.6157
SitFloor_lowKeypoints,196,Sitting,Sitting,True,0.997,0.0,8.7691
SitFloor_lowKeypoints,197,Sitting,Sitting,True,0.998,0.0,8.1464
SitFloor_lowKeypoints,198,Sitting,Sitting,True,0.998,0.0,8.9989
SitFloor_lowKeypoints,199,Sitting,Sitting,True,0.998,0.0,5.6944
SitFloor_lowKeypoints,200,Sitting,Sitting,True,0.998,0.0,8.8767
SitFloor_lowKeypoints,201,Sitting,Sitting,True,0.998,0.0,6.7798
SitFloor_lowKeypoints,202,Sitting,Sitting,True,0.998,0.0,40.4521
SitFloor_lowKeypoints,203,Sitting,Sitting,True,0.998,0.0,14.0875
SitFloor_lowKeypoints,204,,Sitting,,0.998,0.0,10.0713
SitFloor_lowKeypoints,205,,Sitting,,0.998,0.0,8.3226
SitFloor_lowKeypoints,206,,Sitting,,0.998,0.0,7.6633
SitFloor_lowKeypoints,207,,Sitting,,0.999,0.0,8.6288
SitFloor_lowKeypoints,208,,Sitting,,0.998,0.0,6.4787
SitFloor_lowKeypoints,209,,Sitting,,0.997,0.0,9.1635
SitFloor_lowKeypoints,210,,Sitting,,0.997,0.0,6.8887
SitFloor_lowKeypoints,211,,Sitting,,0.997,0.0,10.1199
SitFloor_lowKeypoints,212,,Sitting,,0.996,0.0,6.6309
SitFloor_lowKeypoints,213,,Sitting,,0.997,0.0,8.7914
SitFloor_lowKeypoints,214,,Sitting,,0.997,0.0,6.8076
SitFloor_lowKeypoints,215,,Sitting,,0.997,0.0,7.1121
SitFloor_lowKeypoints,216,,Sitting,,0.997,0.0,8.0615
SitFloor_lowKeypoints,217,,Sitting,,0.997,0.0,9.9349
SitFloor_lowKeypoints,218,,Sitting,,0.998,0.0,6.8569
SitFloor_lowKeypoints,219,,Sitting,,0.998,0.0,9.6355
SitFloor_lowKeypoints,220,,Sitting,,0.998,0.0,8.358
SitFloor_lowKeypoints,221,,Sitting,,0.997,0.0,11.1758
SitFloor_lowKeypoints,222,,Sitting,,0.998,0.0,13.1258
SitFloor_lowKeypoints,223,,Sitting,,0.999,0.0,8.0678
SitFloor_lowKeypoints,224,,Sitting,,0.998,0.0,10.8308
SitFloor_lowKeypoints,225,,Sitting,,0.998,0.0,10.0067
SitFloor_lowKeypoints,226,,Sitting,,0.998,0.0,8.6878
SitFloor_lowKeypoints,227,,Sitting,,0.999,0.0,7.7977
SitFloor_lowKeypoints,228,,Sitting,,0.999,0.0,8.0781
SitFloor_lowKeypoints,229,,Sitting,,0.999,0.0,9.6711
SitFloor_lowKeypoints,230,,Sitting,,0.999,0.0,7.957
SitFloor_lowKeypoints,231,,Sitting,,0.999,0.0,10.6109
SitFloor_lowKeypoints,232,,Sitting,,0.999,0.0,10.1161
SitFloor_lowKeypoints,233,,Sitting,,0.999,0.0,7.8639
SitFloor_lowKeypoints,234,,Sitting,,0.999,0.0,8.8696
SitFloor_lowKeypoints,235,,Sitting,,1.0,0.0,8.5648
SitFloor_lowKeypoints,236,,Sitting,,0.999,0.0,9.9914
SitFloor_lowKeypoints,237,,Sitting,,0.999,0.0,7.9931
SitFloor_lowKeypoints,238,,Sitting,,0.999,0.0,8.2806
SitFloor_lowKeypoints,239,,Sitting,,0.998,0.0,7.7827
SitFloor_lowKeypoints,240,,Sitting,,0.999,0.0,13.5582
SitFloor_lowKeypoints,241,,Sitting,,0.999,0.0,12.5958
SitFloor_lowKeypoints,242,,Sitting,,0.998,0.0,12.0419
SitFloor_lowKeypoints,243,,Sitting,,0.999,0.0,7.9691
SitFloor_lowKeypoints,244,,Sitting,,0.998,0.0,12.6747
SitFloor_lowKeypoints,245,,Sitting,,0.998,0.0,9.6585
SitFloor_lowKeypoints,246,,Sitting,,0.999,0.0,8.9478
SitFloor_lowKeypoints,247,,Sitting,,0.999,0.0,12.986
SitFloor_lowKeypoints,248,,Sitting,,0.999,0.0,10.9369
SitFloor_lowKeypoints,249,,Sitting,,0.999,0.0,8.0919
SitFloor_lowKeypoints,250,,Sitting,,0.999,0.0,9.6179
SitFloor_lowKeypoints,251,,Sitting,,0.999,0.0,9.0674
SitFloor_lowKeypoints,252,,Sitting,,0.999,0.0,12.9982
SitFloor_lowKeypoints,253,,Sitting,,0.999,0.0,10.4235
SitFloor_lowKeypoints,254,,Sitting,,0.997,0.0,8.5435
SitFloor_lowKeypoints,255,,Sitting,,0.998,0.0,9.1267
SitFloor_lowKeypoints,256,,Sitting,,0.993,0.0,6.0329
SitFloor_lowKeypoints,257,,Sitting,,0.995,0.0,8.4478
SitFloor_lowKeypoints,258,,Sitting,,0.992,0.0,8.1687
SitFloor_lowKeypoints,259,,Sitting,,0.992,0.0,8.3498
SitFloor_lowKeypoints,260,,Sitting,,0.99,0.0,7.1813
SitFloor_lowKeypoints,261,,Sitting,,0.955,0.0,10.0961
SitFloor_lowKeypoints,262,,Sitting,,0.966,0.0,13.3907
SitFloor_lowKeypoints,263,,Sitting,,0.981,0.0,9.6172
SitFloor_lowKeypoints,264,,Sitting,,0.996,0.0,9.033
SitFloor_lowKeypoints,265,,Sitting,,0.992,0.0,10.719
SitFloor_lowKeypoints,266,,Sitting,,0.991,0.0,8.2525
SitFloor_lowKeypoints,267,,Sitting,,0.97,0.0,14.8394
SitFloor_lowKeypoints,268,,Sitting,,0.984,0.0,14.2297
SitFloor_lowKeypoints,269,,Sitting,,0.993,0.0,12.8681
SitFloor_lowKeypoints,270,,Sitting,,0.994,0.0,14.2074
SitFloor_lowKeypoints,271,,Sitting,,0.993,0.0,8.9219
SitFloor_lowKeypoints,272,,Sitting,,0.987,0.0,21.8543
SitFloor_lowKeypoints,273,,Sitting,,0.988,0.0,19.6015
SitFloor_lowKeypoints,274,,Sitting,,0.988,0.0,13.563
SitFloor_lowKeypoints,275,,Sitting,,0.994,0.0,12.1597
SitFloor_lowKeypoints,276,,Sitting,,0.995,0.0,9.8
SitFloor_lowKeypoints,277,,Sitting,,0.996,0.0,13.6275
SitFloor_lowKeypoints,278,,Sitting,,0.978,0.0,12.8039
SitFloor_lowKeypoints,279,,Sitting,,0.994,0.0,11.1347
SitFloor_lowKeypoints,280,,Sitting,,0.923,0.0,11.557
SitFloor_lowKeypoints,281,,Sitting,,0.756,0.0,13.2491
SitFloor_lowKeypoints,282,,Sitting,,0.87,0.0,13.5528
SitFloor_lowKeypoints,283,,Sitting,,0.724,0.0,13.9098
SitFloor_lowKeypoints,284,,Sitting,,0.733,0.0,10.4715
SitFloor_lowKeypoints,285,,Sitting,,0.698,0.0,14.8085
SitFloor_lowKeypoints,286,,Standing,,0.875,0.0,11.5126
SitFloor_lowKeypoints,287,,Standing,,0.917,0.0,13.2225
SitFloor_lowKeypoints,288,,Standing,,0.919,0.0,9.7888
SitFloor_lowKeypoints,289,,Standing,,0.945,0.0,10.3606
SitFloor_lowKeypoints,290,,Standing,,0.975,0.0,13.2056
SitFloor_lowKeypoints,291,,Standing,,0.984,0.0,12.59
SitFloor_lowKeypoints,292,,Standing,,0.991,0.0,9.4114
SitFloor_lowKeypoints,293,,Standing,,0.986,0.0,16.6525
SitFloor_lowKeypoints,294,,Standing,,0.993,0.0,11.3299
SitFloor_lowKeypoints,295,,Standing,,0.99,0.0,12.6521
SitFloor_lowKeypoints,296,,Standing,,0.969,0.0,9.3136
SitFloor_lowKeypoints,297,,Standing,,0.979,0.0,11.1863
SitFloor_lowKeypoints,298,,Standing,,0.997,0.0,12.3386
SitFloor_lowKeypoints,299,,Standing,,0.995,0.0,9.609
SitFloor_lowKeypoints,300,,Standing,,0.995,0.0,12.0584
SitFloor_lowKeypoints,301,,Standing,,0.994,0.0,13.9836
SitFloor_lowKeypoints,302,,Standing,,0.981,0.0,11.4326
SitFloor_lowKeypoints,303,,Standing,,0.989,0.0,9.0182
SitFloor_lowKeypoints,304,,Standing,,0.993,0.0,12.7531
SitFloor_lowKeypoints,305,,Standing,,0.997,0.0,12.6408
SitFloor_lowKeypoints,306,,Standing,,0.992,0.0,14.0376
Sitting_HalfLandmarks,31,,Standing,,0.95,0.0,15.5843
Sitting_HalfLandmarks,32,,Standing,,0.973,0.0,10.2076
Sitting_HalfLandmarks,33,,Standing,,0.982,0.0,14.9417
Sitting_HalfLandmarks,34,,Standing,,0.963,0.0,12.9017
Sitting_HalfLandmarks,35,,Standing,,0.972,0.0,19.0731
Sitting_HalfLandmarks,36,,Standing,,1.0,0.0,14.551
Sitting_HalfLandmarks,37,,Standing,,1.0,0.0,11.3958
Sitting_HalfLandmarks,38,,Standing,,1.0,0.0,13.6448
Sitting_HalfLandmarks,39,,Standing,,1.0,0.0,14.4419
Sitting_HalfLandmarks,40,,Standing,,1.0,0.0,11.1885
Sitting_HalfLandmarks,41,,Standing,,0.999,0.0,14.0665
Sitting_HalfLandmarks,42,,Standing,,1.0,0.0,11.9733
Sitting_HalfLandmarks,43,,Standing,,1.0,0.0,13.9548
Sitting_HalfLandmarks,44,,Standing,,1.0,0.0,13.2318
Sitting_HalfLandmarks,45,,Standing,,1.0,0.0,15.1236
Sitting_HalfLandmarks,46,,Standing,,1.0,0.0,7.7326
Sitting_HalfLandmarks,47,,Standing,,1.0,0.0,13.907
Sitting_HalfLandmarks,48,,Standing,,1.0,0.0,13.5798
Sitting_HalfLandmarks,49,,Standing,,0.999,0.0,8.7296
Sitting_HalfLandmarks,50,,Standing,,0.999,0.0,11.4424
Sitting_HalfLandmarks,51,,Standing,,0.999,0.0,13.1093
Sitting_HalfLandmarks,52,,Standing,,0.993,0.0,13.7002
Sitting_HalfLandmarks,53,,Standing,,0.988,0.0,15.5972
Sitting_HalfLandmarks,54,,Standing,,0.964,0.0,15.982
Sitting_HalfLandmarks,55,,Standing,,0.989,0.0,10.2202
Sitting_HalfLandmarks,56,,Standing,,0.973,0.0,14.2812
Sitting_HalfLandmarks,57,,Standing,,0.996,0.0,13.0344
Sitting_HalfLandmarks,58,,Standing,,0.998,0.0,16.1685
Sitting_HalfLandmarks,59,,Standing,,0.999,0.0,15.6348
Sitting_HalfLandmarks,60,,Standing,,0.998,0.0,14.4575
Sitting_HalfLandmarks,61,,Standing,,0.998,0.0,7.9157
Sitting_HalfLandmarks,62,,Standing,,0.998,0.0,12.9132
Sitting_HalfLandmarks,63,,Standing,,0.996,0.0,13.5722
Sitting_HalfLandmarks,64,,Standing,,0.997,0.0,10.8995
Sitting_HalfLandmarks,65,,Standing,,0.998,0.0,9.2459
Sitting_HalfLandmarks,66,,Standing,,0.993,0.0,12.6311
Sitting_HalfLandmarks,67,,Standing,,0.989,0.0,15.1568
Sitting_HalfLandmarks,68,,Standing,,0.986,0.0,13.5738
Sitting_HalfLandmarks,69,,Standing,,0.975,0.0,12.9804
Sitting_HalfLandmarks,70,,Standing,,0.984,0.0,8.3987
Sitting_HalfLandmarks,71,,Standing,,0.983,0.0,13.513
Sitting_HalfLandmarks,72,,Standing,,0.977,0.0,15.4851
Sitting_HalfLandmarks,73,,Standing,,0.961,0.0,16.1831
Sitting_HalfLandmarks,74,,Standing,,0.948,0.0,19.7849
Sitting_HalfLandmarks,75,,Standing,,0.81,0.0,14.7792
Sitting_HalfLandmarks,76,,Standing,,0.809,0.0,24.6867
Sitting_HalfLandmarks,77,,Standing,,0.667,0.0,22.8698
Sitting_HalfLandmarks,78,,Standing,,0.695,0.0,19.1426
Sitting_HalfLandmarks,79,,Standing,,0.645,0.0,30.7416
Sitting_HalfLandmarks,80,,Standing,,0.909,0.0,29.8735
Sitting_HalfLandmarks,81,,Standing,,0.895,0.0,26.3455
Sitting_HalfLandmarks,82,,Standing,,0.883,0.0,37.4804
Sitting_HalfLandmarks,83,,Standing,,0.849,0.0,28.085
Sitting_HalfLandmarks,84,,Standing,,0.841,0.0,21.7023
Sitting_HalfLandmarks,85,,Standing,,0.716,0.0,20.3118
Sitting_HalfLandmarks,86,,Standing,,0.524,0.0,29.9528
Sitting_HalfLandmarks,87,Sitting,Lying,False,0.488,0.0,23.5968
Sitting_HalfLandmarks,88,Sitting,Standing,False,0.397,0.0,18.6569
Sitting_HalfLandmarks,89,Sitting,Standing,False,0.705,0.0,22.2864
Sitting_HalfLandmarks,90,Sitting,Standing,False,0.46,0.0,25.03
Sitting_HalfLandmarks,91,Sitting,Standing,False,0.633,0.0,24.8849
Sitting_HalfLandmarks,92,Sitting,Standing,False,0.804,0.0,23.9433
Sitting_HalfLandmarks,93,Sitting,Standing,False,0.518,0.0,17.1125
Sitting_HalfLandmarks,94,Sitting,Standing,False,0.605,0.0,26.4579
Sitting_HalfLandmarks,95,Sitting,Lying,False,0.404,0.0,17.0277
Sitting_HalfLandmarks,96,Sitting,Standing,False,0.52,0.0,20.1339
Sitting_HalfLandmarks,97,Sitting,Standing,False,0.444,0.0,16.9639
Sitting_HalfLandmarks,98,Sitting,Standing,False,0.576,0.0,19.7531
Sitting_HalfLandmarks,99,Sitting,Standing,False,0.607,0.0,27.6011
Sitting_HalfLandmarks,100,Sitting,Standing,False,0.427,0.0,23.7502
Sitting_HalfLandmarks,101,Sitting,Standing,False,0.569,0.0,22.7991
Sitting_HalfLandmarks,102,Sitting,Standing,False,0.687,0.0,16.7372
Sitting_HalfLandmarks,103,Sitting,Standing,False,0.777,0.0,22.0311
Sitting_HalfLandmarks,104,Sitting,Standing,False,0.639,0.0,17.4586
Sitting_HalfLandmarks,105,Sitting,Standing,False,0.732,0.0,14.8796
Sitting_HalfLandmarks,106,Sitting,Standing,False,0.902,0.0,20.1517
Sitting_HalfLandmarks,107,Sitting,Standing,False,0.869,0.0,20.0572
Sitting_HalfLandmarks,108,Sitting,Standing,False,0.916,0.0,18.744
Sitting_HalfLandmarks,109,Sitting,Standing,False,0.947,0.0,22.099
Sitting_HalfLandmarks,110,Sitting,Standing,False,0.977,0.0,15.682
Sitting_HalfLandmarks,111,Sitting,Standing,False,0.98,0.0,16.5038
Sitting_HalfLandmarks,112,Sitting,Standing,False,0.99,0.0,11.1654
Sitting_HalfLandmarks,113,Sitting,Standing,False,0.933,0.0,17.4386
Sitting_HalfLandmarks,114,Sitting,Standing,False,0.924,0.0,15.0925
Sitting_HalfLandmarks,115,Sitting,Standing,False,0.849,0.0,15.7791
Sitting_HalfLandmarks,116,Sitting,Standing,False,0.756,0.0,14.7815
Sitting_HalfLandmarks,117,Sitting,Standing,False,0.816,0.0,13.0097
Sitting_HalfLandmarks,118,Sitting,Standing,False,0.821,0.0,10.9326
Sitting_HalfLandmarks,119,Sitting,Standing,False,0.834,0.0,11.8116
Sitting_HalfLandmarks,120,Sitting,Standing,False,0.706,0.0,18.6737
Sitting_HalfLandmarks,121,Sitting,Standing,False,0.85,0.0,11.7849
Sitting_HalfLandmarks,122,Sitting,Standing,False,0.795,0.0,12.7352
Sitting_HalfLandmarks,123,Sitting,Standing,False,0.839,0.0,8.4471
Sitting_HalfLandmarks,124,Sitting,Standing,False,0.955,0.0,10.5832
Sitting_HalfLandmarks,125,Sitting,Standing,False,0.788,0.0,7.3498
Sitting_HalfLandmarks,126,Sitting,Standing,False,0.967,0.0,7.3766
Sitting_HalfLandmarks,127,Sitting,Standing,False,0.962,0.0,7.7169
Sitting_HalfLandmarks,128,Sitting,Standing,False,0.986,0.0,11.1991
Sitting_HalfLandmarks,129,Sitting,Standing,False,0.968,0.0,12.016
Sitting_HalfLandmarks,130,Sitting,Standing,False,0.953,0.0,9.2886
Sitting_HalfLandmarks,131,Sitting,Standing,False,0.933,0.0,9.286
Sitting_HalfLandmarks,132,Sitting,Standing,False,0.939,0.0,11.0609
Sitting_HalfLandmarks,133,Sitting,Standing,False,0.933,0.0,8.6789
Sitting_HalfLandmarks,134,Sitting,Standing,False,0.968,0.0,10.322
Sitting_HalfLandmarks,135,Sitting,Standing,False,0.953,0.0,10.5806
Sitting_HalfLandmarks,136,Sitting,Standing,False,0.982,0.0,8.6667
Sitting_HalfLandmarks,137,Sitting,Standing,False,0.989,0.0,12.6149
Sitting_HalfLandmarks,138,Sitting,Standing,False,0.984,0.0,10.8019
Sitting_HalfLandmarks,139,Sitting,Standing,False,0.977,0.0,8.9882
Sitting_HalfLandmarks,140,Sitting,Standing,False,0.898,0.0,10.5285
Sitting_HalfLandmarks,141,Sitting,Standing,False,0.971,0.0,10.1839
Sitting_HalfLandmarks,142,Sitting,Standing,False,0.972,0.0,9.5463
Sitting_HalfLandmarks,143,Sitting,Standing,False,0.964,0.0,12.1321
Sitting_HalfLandmarks,144,Sitting,Standing,False,0.97,0.0,11.0022
Sitting_HalfLandmarks,145,Sitting,Standing,False,0.974,0.0,8.6976
Sitting_HalfLandmarks,146,Sitting,Standing,False,0.976,0.0,10.7884
Sitting_HalfLandmarks,147,Sitting,Standing,False,0.971,0.0,8.9046
Sitting_HalfLandmarks,148,Sitting,Standing,False,0.98,0.0,9.8182
Sitting_HalfLandmarks,149,Sitting,Standing,False,0.974,0.0,11.324
Sitting_HalfLandmarks,150,Sitting,Standing,False,0.98,0.0,9.3348
Sitting_HalfLandmarks,151,Sitting,Standing,False,0.985,0.0,10.4279
Sitting_HalfLandmarks,152,Sitting,Standing,False,0.981,0.0,11.2508
Sitting_HalfLandmarks,153,Sitting,Standing,False,0.981,0.0,8.5093
Sitting_HalfLandmarks,154,Sitting,Standing,False,0.987,0.0,10.3343
Sitting_HalfLandmarks,155,Sitting,Standing,False,0.991,0.0,10.1498
Sitting_HalfLandmarks,156,Sitting,Standing,False,0.993,0.0,8.9253
Sitting_HalfLandmarks,157,Sitting,Standing,False,0.995,0.0,9.9072
Sitting_HalfLandmarks,158,Sitting,Standing,False,0.995,0.0,8.9985
Sitting_HalfLandmarks,159,Sitting,Standing,False,0.993,0.0,10.0104
Sitting_HalfLandmarks,160,Sitting,Standing,False,0.993,0.0,9.9998
Sitting_HalfLandmarks,161,Sitting,Standing,False,0.992,0.0,10.0684
Sitting_HalfLandmarks,162,Sitting,Standing,False,0.993,0.0,9.58
Sitting_HalfLandmarks,163,Sitting,Standing,False,0.988,0.0,8.7776
Sitting_HalfLandmarks,164,Sitting,Standing,False,0.988,0.0,9.6077
Sitting_HalfLandmarks,165,Sitting,Standing,False,0.989,0.0,9.7609
Sitting_HalfLandmarks,166,Sitting,Standing,False,0.985,0.0,7.3593
Sitting_HalfLandmarks,167,Sitting,Standing,False,0.99,0.0,10.418
Sitting_HalfLandmarks,168,Sitting,Standing,False,0.989,0.0,8.4556
Sitting_HalfLandmarks,169,Sitting,Standing,False,0.992,0.0,10.1428
Sitting_HalfLandmarks,170,Sitting,Standing,False,0.992,0.0,8.2741
Sitting_HalfLandmarks,171,Sitting,Standing,False,0.987,0.0,9.4661
Sitting_HalfLandmarks,172,Sitting,Standing,False,0.991,0.0,10.2019
Sitting_HalfLandmarks,173,Sitting,Standing,False,0.989,0.0,8.9063
Sitting_HalfLandmarks,174,Sitting,Standing,False,0.988,0.0,9.3428
Sitting_HalfLandmarks,175,,Standing,,0.988,0.0,8.4076
Sitting_HalfLandmarks,176,,Standing,,0.986,0.0,9.4489
Sitting_HalfLandmarks,177,,Standing,,0.975,0.0,8.5993
Sitting_HalfLandmarks,178,,Standing,,0.972,0.0,9.1842
Sitting_HalfLandmarks,179,,Standing,,0.97,0.0,10.6428
Sitting_HalfLandmarks,180,,Standing,,0.961,0.0,9.0244
Sitting_HalfLandmarks,181,,Standing,,0.964,0.0,9.4689
Sitting_HalfLandmarks,182,,Standing,,0.966,0.0,8.211
Sitting_HalfLandmarks,183,,Standing,,0.979,0.0,9.6012
Sitting_HalfLandmarks,184,,Standing,,0.978,0.0,9.1663
Sitting_HalfLandmarks,185,,Standing,,0.985,0.0,8.4039
Sitting_HalfLandmarks,186,,Standing,,0.989,0.0,7.2268
Sitting_HalfLandmarks,187,,Standing,,0.99,0.0,7.4391
Sitting_HalfLandmarks,188,,Standing,,0.995,0.0,9.8601
Sitting_HalfLandmarks,189,,Standing,,0.995,0.0,8.3511
Sitting_HalfLandmarks,190,,Standing,,0.994,0.0,9.4734
Sitting_HalfLandmarks,191,,Standing,,0.995,0.0,8.1485
Sitting_HalfLandmarks,192,,Standing,,0.996,0.0,8.161
Sitting_HalfLandmarks,193,,Standing,,0.996,0.0,7.3651
Sitting_HalfLandmarks,194,,Standing,,0.998,0.0,9.4031
Sitting_HalfLandmarks,195,,Standing,,0.993,0.0,8.2333
Sitting_HalfLandmarks,196,,Standing,,0.994,0.0,9.2691
Sitting_HalfLandmarks,197,,Standing,,0.993,0.0,10.9162
Sitting_HalfLandmarks,198,,Standing,,0.993,0.0,8.9389
Sitting_HalfLandmarks,199,,Standing,,0.993,0.0,10.4876
Sitting_HalfLandmarks,200,,Standing,,0.996,0.0,8.2042
Sitting_HalfLandmarks,201,,Standing,,0.996,0.0,8.8826
Sitting_HalfLandmarks,202,,Standing,,0.998,0.0,12.9267
Sitting_HalfLandmarks,203,,Standing,,0.997,0.0,8.3228
Sitting_HalfLandmarks,204,,Standing,,0.995,0.0,11.1375
Sitting_HalfLandmarks,205,,Standing,,0.999,0.0,11.1766
Sitting_HalfLandmarks,206,,Standing,,0.998,0.0,10.8762
Sitting_HalfLandmarks,207,,Standing,,0.998,0.0,10.2679
Sitting_HalfLandmarks,208,,Standing,,0.996,0.0,10.9202
Sitting_HalfLandmarks,209,,Standing,,0.999,0.0,9.1605
Sitting_HalfLandmarks,210,,Standing,,0.999,0.0,9.1194
Sitting_HalfLandmarks,211,,Standing,,0.999,0.0,8.4579
Sitting_HalfLandmarks,212,,Standing,,0.998,0.0,9.2404
Sitting_HalfLandmarks,213,,Standing,,0.991,0.0,8.7074
Sitting_HalfLandmarks,214,,Standing,,0.996,0.0,8.6895
Sitting_HalfLandmarks,215,,Standing,,0.995,0.0,8.2936
Sitting_HalfLandmarks,216,,Standing,,0.997,0.0,9.4449
Sitting_HalfLandmarks,217,,Standing,,0.996,0.0,9.4567
Sitting_HalfLandmarks,218,,Standing,,0.996,0.0,8.8703
Sitting_HalfLandmarks,219,,Standing,,0.998,0.0,12.1338
Sitting_HalfLandmarks,220,,Standing,,0.999,0.0,8.7413
Sitting_HalfLandmarks,221,,Standing,,0.998,0.0,12.3859
Sitting_HalfLandmarks,222,,Standing,,0.999,0.0,13.3708
Sitting_HalfLandmarks,223,,Standing,,0.999,0.0,12.4898
Sitting_HalfLandmarks,224,,Standing,,0.999,0.0,10.2355
Sitting_Lying_FewLandmarks_back,31,,Sitting,,0.984,0.0,10.0424
Sitting_Lying_FewLandmarks_back,32,,Sitting,,0.943,0.0,10.6553
Sitting_Lying_FewLandmarks_back,33,,Sitting,,0.962,0.0,10.5369
Sitting_Lying_FewLandmarks_back,34,,Sitting,,0.982,0.0,11.268
Sitting_Lying_FewLandmarks_back,35,,Sitting,,0.995,0.0,10.1326
Sitting_Lying_FewLandmarks_back,36,,Sitting,,0.982,0.0,7.6385
Sitting_Lying_FewLandmarks_back,37,,Sitting,,0.954,0.0,11.2318
Sitting_Lying_FewLandmarks_back,38,,Sitting,,0.952,0.0,8.0202
Sitting_Lying_FewLandmarks_back,39,,Sitting,,0.976,0.0,9.2704
Sitting_Lying_FewLandmarks_back,40,,Sitting,,0.994,0.0,10.6138
Sitting_Lying_FewLandmarks_back,41,,Sitting,,0.996,0.0,6.3526
Sitting_Lying_FewLandmarks_back,42,,Sitting,,0.996,0.0,10.2242
Sitting_Lying_FewLandmarks_back,43,,Sitting,,0.996,0.0,8.2932
Sitting_Lying_FewLandmarks_back,44,,Sitting,,0.994,0.0,11.5898
Sitting_Lying_FewLandmarks_back,45,,Sitting,,0.993,0.0,11.6604
Sitting_Lying_FewLandmarks_back,46,,Sitting,,0.996,0.0,9.7499
Sitting_Lying_FewLandmarks_back,47,Sitting,Sitting,True,0.997,0.0,10.2803
Sitting_Lying_FewLandmarks_back,48,Sitting,Sitting,True,0.997,0.0,10.7367
Sitting_Lying_FewLandmarks_back,49,Sitting,Sitting,True,0.996,0.0,9.5493
Sitting_Lying_FewLandmarks_back,50,Sitting,Sitting,True,0.995,0.0,11.4401
Sitting_Lying_FewLandmarks_back,51,Sitting,Sitting,True,0.997,0.0,10.1114
Sitting_Lying_FewLandmarks_back,52,Sitting,Sitting,True,0.996,0.0,8.4604
Sitting_Lying_FewLandmarks_back,53,Sitting,Sitting,True,0.993,0.0,8.9762
Sitting_Lying_FewLandmarks_back,54,Sitting,Sitting,True,0.995,0.0,7.9576
Sitting_Lying_FewLandmarks_back,55,Sitting,Sitting,True,0.985,0.0,9.7012
Sitting_Lying_FewLandmarks_back,56,Sitting,Sitting,True,0.994,0.0,9.1215
Sitting_Lying_FewLandmarks_back,57,Sitting,Sitting,True,0.996,0.0,9.2552
Sitting_Lying_FewLandmarks_back,58,Sitting,Sitting,True,0.993,0.0,8.0676
Sitting_Lying_FewLandmarks_back,59,Sitting,Sitting,True,0.994,0.0,11.2395
Sitting_Lying_FewLandmarks_back,60,Sitting,Sitting,True,0.993,0.0,10.2059
Sitting_Lying_FewLandmarks_back,61,Sitting,Sitting,True,0.996,0.0,9.7297
Sitting_Lying_FewLandmarks_back,62,Sitting,Sitting,True,0.996,0.0,12.2229
Sitting_Lying_FewLandmarks_back,63,Sitting,Sitting,True,0.997,0.0,8.755
Sitting_Lying_FewLandmarks_back,64,Sitting,Sitting,True,0.992,0.0,7.2706
Sitting_Lying_FewLandmarks_back,65,Sitting,Sitting,True,0.995,0.0,9.7944
Sitting_Lying_FewLandmarks_back,66,Sitting,Sitting,True,0.996,0.0,6.7216
Sitting_Lying_FewLandmarks_back,67,Sitting,Sitting,True,0.995,0.0,9.3778
Sitting_Lying_FewLandmarks_back,68,Sitting,Sitting,True,0.996,0.0,8.5408
Sitting_Lying_FewLandmarks_back,69,Sitting,Sitting,True,0.994,0.0,9.1547
Sitting_Lying_FewLandmarks_back,70,Sitting,Sitting,True,0.996,0.0,6.42
Sitting_Lying_FewLandmarks_back,71,Sitting,Sitting,True,0.994,0.0,7.1223
Sitting_Lying_FewLandmarks_back,72,Sitting,Sitting,True,0.986,0.0,7.3346
Sitting_Lying_FewLandmarks_back,73,Sitting,Sitting,True,0.989,0.0,9.296
Sitting_Lying_FewLandmarks_back,74,Sitting,Sitting,True,0.989,0.0,11.3781
Sitting_Lying_FewLandmarks_back,75,Sitting,Sitting,True,0.98,0.0,10.296
Sitting_Lying_FewLandmarks_back,76,Sitting,Sitting,True,0.984,0.0,10.2354
Sitting_Lying_FewLandmarks_back,77,Sitting,Sitting,True,0.991,0.0,7.6236
Sitting_Lying_FewLandmarks_back,78,Sitting,Sitting,True,0.993,0.0,9.9871
Sitting_Lying_FewLandmarks_back,79,Sitting,Sitting,True,0.997,0.0,13.0653
Sitting_Lying_FewLandmarks_back,80,Sitting,Sitting,True,0.993,0.0,13.5811
Sitting_Lying_FewLandmarks_back,81,Sitting,Sitting,True,0.996,0.0,9.481
Sitting_Lying_FewLandmarks_back,82,Sitting,Sitting,True,0.995,0.0,13.31
Sitting_Lying_FewLandmarks_back,83,Sitting,Sitting,True,0.995,0.0,9.7475
Sitting_Lying_FewLandmarks_back,84,Sitting,Sitting,True,0.998,0.0,7.022
Sitting_Lying_FewLandmarks_back,85,Sitting,Sitting,True,0.996,0.0,9.2494
Sitting_Lying_FewLandmarks_back,86,Sitting,Sitting,True,0.991,0.0,9.6546
Sitting_Lying_FewLandmarks_back,87,Sitting,Sitting,True,0.993,0.0,8.9047
Sitting_Lying_FewLandmarks_back,88,Sitting,Sitting,True,0.989,0.0,10.88
Sitting_Lying_FewLandmarks_back,89,Sitting,Sitting,True,0.985,0.0,8.2985
Sitting_Lying_FewLandmarks_back,90,Sitting,Sitting,True,0.99,0.0,8.9414
Sitting_Lying_FewLandmarks_back,91,Sitting,Sitting,True,0.988,0.0,8.1046
Sitting_Lying_FewLandmarks_back,92,Sitting,Sitting,True,0.981,0.0,8.6888
Sitting_Lying_FewLandmarks_back,93,Sitting,Sitting,True,0.958,0.0,11.736
Sitting_Lying_FewLandmarks_back,94,Sitting,Sitting,True,0.945,0.0,8.881
Sitting_Lying_FewLandmarks_back,95,Sitting,Sitting,True,0.934,0.0,10.51
Sitting_Lying_FewLandmarks_back,96,Sitting,Sitting,True,0.906,0.0,9.2419
Sitting_Lying_FewLandmarks_back,97,Sitting,Sitting,True,0.96,0.0,9.4322
Sitting_Lying_FewLandmarks_back,98,Sitting,Sitting,True,0.976,0.0,11.3564
Sitting_Lying_FewLandmarks_back,99,Sitting,Sitting,True,0.986,0.0,10.1705
Sitting_Lying_FewLandmarks_back,100,Sitting,Sitting,True,0.98,0.0,9.026
Sitting_Lying_FewLandmarks_back,101,Sitting,Sitting,True,0.988,0.0,11.1962
Sitting_Lying_FewLandmarks_back,102,Sitting,Sitting,True,0.958,0.0,8.8693
Sitting_Lying_FewLandmarks_back,103,Sitting,Sitting,True,0.962,0.0,10.6379
Sitting_Lying_FewLandmarks_back,104,Sitting,Sitting,True,0.994,0.0,9.9925
Sitting_Lying_FewLandmarks_back,105,Sitting,Sitting,True,0.993,0.0,6.8666
Sitting_Lying_FewLandmarks_back,106,Sitting,Sitting,True,0.969,0.0,9.7557
Sitting_Lying_FewLandmarks_back,107,Sitting,Sitting,True,0.993,0.0,6.4829
Sitting_Lying_FewLandmarks_back,108,Sitting,Sitting,True,0.994,0.0,10.1495
Sitting_Lying_FewLandmarks_back,109,Sitting,Sitting,True,0.993,0.0,8.3867
Sitting_Lying_FewLandmarks_back,110,Sitting,Sitting,True,0.984,0.0,9.8301
Sitting_Lying_FewLandmarks_back,111,Sitting,Sitting,True,0.989,0.0,8.2138
Sitting_Lying_FewLandmarks_back,112,Sitting,Sitting,True,0.976,0.0,10.5086
Sitting_Lying_FewLandmarks_back,113,Sitting,Sitting,True,0.99,0.0,10.5689
Sitting_Lying_FewLandmarks_back,114,Sitting,Sitting,True,0.993,0.0,8.4058
Sitting_Lying_FewLandmarks_back,115,Sitting,Sitting,True,0.989,0.0,11.2257
Sitting_Lying_FewLandmarks_back,116,Sitting,Sitting,True,0.997,0.0,8.6266
Sitting_Lying_FewLandmarks_back,117,Sitting,Sitting,True,0.996,0.0,9.1994
Sitting_Lying_FewLandmarks_back,118,Sitting,Sitting,True,0.997,0.0,12.6239
Sitting_Lying_FewLandmarks_back,119,Sitting,Sitting,True,0.997,0.0,8.6702
Sitting_Lying_FewLandmarks_back,120,Sitting,Sitting,True,0.997,0.0,9.9909
Sitting_Lying_FewLandmarks_back,121,Sitting,Sitting,True,0.998,0.0,11.6143
Sitting_Lying_FewLandmarks_back,122,Sitting,Sitting,True,0.998,0.0,11.8859
Sitting_Lying_FewLandmarks_back,123,Sitting,Sitting,True,0.997,0.0,10.8787
Sitting_Lying_FewLandmarks_back,124,Sitting,Sitting,True,0.998,0.0,10.866
Sitting_Lying_FewLandmarks_back,125,Sitting,Sitting,True,0.995,0.0,9.035
Sitting_Lying_FewLandmarks_back,126,Sitting,Sitting,True,0.996,0.0,9.7635
Sitting_Lying_FewLandmarks_back,127,Sitting,Sitting,True,0.996,0.0,9.2331
Sitting_Lying_FewLandmarks_back,128,Sitting,Sitting,True,0.99,0.0,8.6045
Sitting_Lying_FewLandmarks_back,129,Sitting,Sitting,True,0.995,0.0,10.2507
Sitting_Lying_FewLandmarks_back,130,Sitting,Sitting,True,0.994,0.0,9.6505
Sitting_Lying_FewLandmarks_back,131,Sitting,Sitting,True,0.985,0.0,8.894
Sitting_Lying_FewLandmarks_back,132,Sitting,Sitting,True,0.98,0.0,7.9951
Sitting_Lying_FewLandmarks_back,133,Sitting,Sitting,True,0.993,0.0,8.9466
Sitting_Lying_FewLandmarks_back,134,Sitting,Sitting,True,0.982,0.0,10.0228
Sitting_Lying_FewLandmarks_back,135,Sitting,Sitting,True,0.991,0.0,6.9527
Sitting_Lying_FewLandmarks_back,136,Sitting,Sitting,True,0.973,0.0,11.0305
Sitting_Lying_FewLandmarks_back,137,Sitting,Sitting,True,0.989,0.0,14.7107
Sitting_Lying_FewLandmarks_back,138,Sitting,Sitting,True,0.967,0.0,10.4568
Sitting_Lying_FewLandmarks_back,139,Sitting,Sitting,True,0.992,0.0,15.5197
Sitting_Lying_FewLandmarks_back,140,Sitting,Sitting,True,0.987,0.0,10.8278
Sitting_Lying_FewLandmarks_back,141,Sitting,Sitting,True,0.979,0.0,12.5057
Sitting_Lying_FewLandmarks_back,142,Sitting,Sitting,True,0.981,0.0,9.0759
Sitting_Lying_FewLandmarks_back,143,Sitting,Sitting,True,0.982,0.0,9.6531
Sitting_Lying_FewLandmarks_back,144,Sitting,Sitting,True,0.968,0.0,11.8962
Sitting_Lying_FewLandmarks_back,145,Sitting,Sitting,True,0.983,0.0,8.265
Sitting_Lying_FewLandmarks_back,146,Sitting,Sitting,True,0.975,0.0,9.1003
Sitting_Lying_FewLandmarks_back,147,Sitting,Sitting,True,0.95,0.0,7.8835
Sitting_Lying_FewLandmarks_back,148,,Sitting,,0.95,0.0,9.1392
Sitting_Lying_FewLandmarks_back,149,,Sitting,,0.966,0.0,8.9209
Sitting_Lying_FewLandmarks_back,150,,Sitting,,0.964,0.0,8.6519
Sitting_Lying_FewLandmarks_back,151,,Sitting,,0.964,0.0,10.537
Sitting_Lying_FewLandmarks_back,152,,Sitting,,0.962,0.0,8.7718
Sitting_Lying_FewLandmarks_back,153,,Sitting,,0.961,0.0,10.1943
Sitting_Lying_FewLandmarks_back,154,,Sitting,,0.953,0.0,10.4519
Sitting_Lying_FewLandmarks_back,155,,Sitting,,0.967,0.0,11.3946
Sitting_Lying_FewLandmarks_back,156,,Sitting,,0.959,0.0,13.2867
Sitting_Lying_FewLandmarks_back,157,,Sitting,,0.973,0.0,11.2798
Sitting_Lying_FewLandmarks_back,158,,Sitting,,0.954,0.0,9.6539
Sitting_Lying_FewLandmarks_back,159,,Sitting,,0.97,0.0,9.2801
Sitting_Lying_FewLandmarks_back,160,,Sitting,,0.965,0.0,10.5275
Sitting_Lying_FewLandmarks_back,161,,Sitting,,0.976,0.0,8.5928
Sitting_Lying_FewLandmarks_back,162,,Sitting,,0.942,0.0,9.5497
Sitting_Lying_FewLandmarks_back,163,,Sitting,,0.966,0.0,9.6092
Sitting_Lying_FewLandmarks_back,164,,Sitting,,0.982,0.0,10.3396
Sitting_Lying_FewLandmarks_back,165,,Sitting,,0.981,0.0,13.1331
Sitting_Lying_FewLandmarks_back,166,,Sitting,,0.98,0.0,12.161
Sitting_Lying_FewLandmarks_back,167,,Sitting,,0.961,0.0,8.8215
Sitting_Lying_FewLandmarks_back,168,,Sitting,,0.964,0.0,10.2502
Sitting_Lying_FewLandmarks_back,169,,Sitting,,0.971,0.0,8.268
Sitting_Lying_FewLandmarks_back,170,,Sitting,,0.975,0.0,8.9714
Sitting_Lying_FewLandmarks_back,171,,Sitting,,0.964,0.0,11.1756
Sitting_Lying_FewLandmarks_back,172,,Sitting,,0.97,0.0,9.1986
Sitting_Lying_FewLandmarks_back,173,,Sitting,,0.971,0.0,12.3267
Sitting_Lying_FewLandmarks_back,174,,Sitting,,0.977,0.0,14.0814
Sitting_Lying_FewLandmarks_back,175,,Sitting,,0.958,0.0,15.5941
Sitting_Lying_FewLandmarks_back,176,,Sitting,,0.97,0.0,10.737
Sitting_Lying_FewLandmarks_back,177,,Sitting,,0.961,0.0,12.3169
Sitting_Lying_FewLandmarks_back,178,,Sitting,,0.946,0.0,10.8675
Sitting_Lying_FewLandmarks_back,179,,Sitting,,0.975,0.0,9.4088
Sitting_Lying_FewLandmarks_back,180,,Sitting,,0.97,0.0,6.8628
Sitting_Lying_FewLandmarks_back,181,,Sitting,,0.957,0.0,10.07
Sitting_Lying_FewLandmarks_back,182,,Sitting,,0.959,0.0,8.3286
Sitting_Lying_FewLandmarks_back,183,,Sitting,,0.983,0.0,9.2848
Sitting_Lying_FewLandmarks_back,184,,Sitting,,0.994,0.0,8.1203
Sitting_Lying_FewLandmarks_back,185,,Sitting,,0.99,0.0,8.783
Sitting_Lying_FewLandmarks_back,186,,Sitting,,0.995,0.0,8.7497
Sitting_Lying_FewLandmarks_back,187,,Sitting,,0.987,0.0,9.894
Sitting_Lying_FewLandmarks_back,188,,Sitting,,0.98,0.0,13.6646
Sitting_Lying_FewLandmarks_back,189,,Sitting,,0.993,0.0,12.9816
Sitting_Lying_FewLandmarks_back,190,,Sitting,,0.989,0.0,7.9608
Sitting_Lying_FewLandmarks_back,191,,Sitting,,0.985,0.0,12.3144
Sitting_Lying_FewLandmarks_back,192,,Sitting,,0.995,0.0,12.2773
Sitting_Lying_FewLandmarks_back,193,,Sitting,,0.987,0.0,8.0439
Sitting_Lying_FewLandmarks_back,194,,Sitting,,0.989,0.0,9.5607
Sitting_Lying_FewLandmarks_back,195,,Sitting,,0.997,0.0,8.1379
Sitting_Lying_FewLandmarks_back,196,,Sitting,,0.992,0.0,8.7588
Sitting_Lying_FewLandmarks_back,197,,Sitting,,0.992,0.0,11.4018
Sitting_Lying_FewLandmarks_back,198,,Sitting,,0.984,0.0,8.4168
Sitting_Lying_FewLandmarks_back,199,,Sitting,,0.987,0.0,9.2776
Sitting_Lying_FewLandmarks_back,200,,Sitting,,0.974,0.0,8.1403
Sitting_Lying_FewLandmarks_back,201,,Sitting,,0.962,0.0,9.5536
Sitting_Lying_FewLandmarks_back,202,,Sitting,,0.968,0.0,9.2581
Sitting_Lying_FewLandmarks_back,203,,Sitting,,0.963,0.0,9.4677
Sitting_Lying_FewLandmarks_back,204,,Sitting,,0.791,0.0,10.5841
Sitting_Lying_FewLandmarks_back,205,,Sitting,,0.95,0.0,8.8773
Sitting_Lying_FewLandmarks_back,206,,Sitting,,0.828,0.0,10.625
Sitting_Lying_FewLandmarks_back,207,Lying,Sitting,False,0.917,0.0,13.0238
Sitting_Lying_FewLandmarks_back,208,Lying,Sitting,False,0.749,0.0,9.9167
Sitting_Lying_FewLandmarks_back,209,Lying,Sitting,False,0.628,0.0,11.0649
Sitting_Lying_FewLandmarks_back,210,Lying,Sitting,False,0.472,0.0,11.8487
Sitting_Lying_FewLandmarks_back,211,Lying,Sitting,False,0.588,0.0,6.1758
Sitting_Lying_FewLandmarks_back,212,Lying,Sitting,False,0.564,0.0,10.8731
Sitting_Lying_FewLandmarks_back,213,Lying,Sitting,False,0.634,0.0,9.1969
Sitting_Lying_FewLandmarks_back,214,Lying,Sitting,False,0.717,0.0,9.0531
Sitting_Lying_FewLandmarks_back,215,Lying,Sitting,False,0.656,0.0,10.4853
Sitting_Lying_FewLandmarks_back,216,Lying,Sitting,False,0.566,0.0,8.8274
Sitting_Lying_FewLandmarks_back,217,Lying,Sitting,False,0.687,0.0,10.1175
Sitting_Lying_FewLandmarks_back,218,Lying,Sitting,False,0.768,0.0,8.6985
Sitting_Lying_FewLandmarks_back,219,Lying,Sitting,False,0.829,0.0,10.7252
Sitting_Lying_FewLandmarks_back,220,Lying,Sitting,False,0.797,0.0,10.5586
Sitting_Lying_FewLandmarks_back,221,Lying,Sitting,False,0.749,0.0,8.5916
Sitting_Lying_FewLandmarks_back,222,Lying,Sitting,False,0.726,0.0,9.7993
Sitting_Lying_FewLandmarks_back,223,Lying,Sitting,False,0.741,0.0,7.6343
Sitting_Lying_FewLandmarks_back,224,Lying,Sitting,False,0.775,0.0,10.8567
Sitting_Lying_FewLandmarks_back,225,Lying,Sitting,False,0.564,0.0,11.4409
Sitting_Lying_FewLandmarks_back,226,Lying,Sitting,False,0.528,0.0,8.2838
Sitting_Lying_FewLandmarks_back,227,Lying,Sitting,False,0.518,0.0,12.5804
Sitting_Lying_FewLandmarks_back,228,Lying,Sitting,False,0.564,0.0,11.6127
Sitting_Lying_FewLandmarks_back,229,Lying,Sitting,False,0.519,0.0,6.6522
Sitting_Lying_FewLandmarks_back,230,Lying,Lying,True,0.668,0.0,9.9156
Sitting_Lying_FewLandmarks_back,231,Lying,Lying,True,0.638,0.0,8.215
Sitting_Lying_FewLandmarks_back,232,Lying,Lying,True,0.655,0.0,9.5067
Sitting_Lying_FewLandmarks_back,233,Lying,Lying,True,0.666,0.0,11.2233
Sitting_Lying_FewLandmarks_back,234,Lying,Lying,True,0.68,0.0,6.8963
Sitting_Lying_FewLandmarks_back,235,Lying,Lying,True,0.786,0.0,9.5435
Sitting_Lying_FewLandmarks_back,236,Lying,Lying,True,0.881,0.0,9.0864
Sitting_Lying_FewLandmarks_back,237,Lying,Lying,True,0.888,0.0,9.2879
Sitting_Lying_FewLandmarks_back,238,Lying,Lying,True,0.881,0.0,6.7792
Sitting_Lying_FewLandmarks_back,239,Lying,Lying,True,0.934,0.0,9.1188
Sitting_Lying_FewLandmarks_back,240,Lying,Lying,True,0.922,0.0,10.8089
Sitting_Lying_FewLandmarks_back,241,Lying,Lying,True,0.94,0.0,9.1641
Sitting_Lying_FewLandmarks_back,242,Lying,Lying,True,0.844,0.0,10.8755
Sitting_Lying_FewLandmarks_back,243,Lying,Lying,True,0.836,0.0,12.8987
Sitting_Lying_FewLandmarks_back,244,Lying,Lying,True,0.921,0.0,10.8916
Sitting_Lying_FewLandmarks_back,245,Lying,Lying,True,0.891,0.0,11.8483
Sitting_Lying_FewLandmarks_back,246,Lying,Lying,True,0.959,0.0,14.4058
Sitting_Lying_FewLandmarks_back,247,Lying,Lying,True,0.918,0.0,10.0682
Sitting_Lying_FewLandmarks_back,248,Lying,Lying,True,0.912,0.0,11.8098
Sitting_Lying_FewLandmarks_back,249,Lying,Lying,True,0.918,0.0,12.2285
Sitting_Lying_FewLandmarks_back,250,Lying,Lying,True,0.867,0.0,12.3093
Sitting_Lying_FewLandmarks_back,251,Lying,Lying,True,0.958,0.0,11.8434
Sitting_Lying_FewLandmarks_back,252,Lying,Lying,True,0.962,0.0,15.8463
Sitting_Lying_FewLandmarks_back,253,Lying,Lying,True,0.931,0.0,12.3011
Sitting_Lying_FewLandmarks_back,254,Lying,Lying,True,0.933,0.0,12.6287
Sitting_Lying_FewLandmarks_back,255,Lying,Lying,True,0.925,0.0,13.4911
Sitting_Lying_FewLandmarks_back,256,Lying,Lying,True,0.911,0.0,15.2237
Sitting_Lying_FewLandmarks_back,257,Lying,Lying,True,0.94,0.0,33.0603
Sitting_Lying_FewLandmarks_back,258,Lying,Lying,True,0.954,0.0,19.2865
Sitting_Lying_FewLandmarks_back,259,Lying,Lying,True,0.903,0.0,19.2617
Sitting_Lying_FewLandmarks_back,260,Lying,Lying,True,0.878,0.0,17.1516
Sitting_Lying_FewLandmarks_back,261,Lying,Lying,True,0.86,0.0,11.0538
Sitting_Lying_FewLandmarks_back,262,Lying,Lying,True,0.908,0.0,12.4012
Sitting_Lying_FewLandmarks_back,263,Lying,Lying,True,0.933,0.0,11.2194
Sitting_Lying_FewLandmarks_back,264,Lying,Lying,True,0.877,0.0,10.0939
Sitting_Lying_FewLandmarks_back,265,Lying,Lying,True,0.884,0.0,14.8082
Sitting_Lying_FewLandmarks_back,266,Lying,Lying,True,0.863,0.0,14.8649
Sitting_Lying_FewLandmarks_back,267,Lying,Lying,True,0.934,0.0,19.8089
Sitting_Lying_FewLandmarks_back,268,Lying,Lying,True,0.885,0.0,13.1816
Sitting_Lying_FewLandmarks_back,269,Lying,Lying,True,0.908,0.0,13.5759
Sitting_Lying_FewLandmarks_back,270,Lying,Lying,True,0.895,0.0,27.0233
Sitting_Lying_FewLandmarks_back,271,Lying,Lying,True,0.952,0.0,19.7298
Sitting_Lying_FewLandmarks_back,272,Lying,Lying,True,0.95,0.0,30.9038
Sitting_Lying_FewLandmarks_back,273,Lying,Lying,True,0.959,0.0,22.233
Sitting_Lying_FewLandmarks_back,274,Lying,Lying,True,0.937,0.0,13.7781
Sitting_Lying_FewLandmarks_back,275,Lying,Lying,True,0.917,0.0,15.1955
Sitting_Lying_FewLandmarks_back,276,Lying,Lying,True,0.931,0.0,13.2829
Sitting_Lying_FewLandmarks_back,277,Lying,Lying,True,0.915,0.0,12.5856
Sitting_Lying_FewLandmarks_back,278,Lying,Lying,True,0.901,0.0,10.1902
Sitting_Lying_FewLandmarks_back,279,Lying,Lying,True,0.903,0.0,10.3522
Sitting_Lying_FewLandmarks_back,280,Lying,Lying,True,0.95,0.0,12.4253
Sitting_Lying_FewLandmarks_back,281,Lying,Lying,True,0.928,0.0,12.9993
Sitting_Lying_FewLandmarks_back,282,Lying,Lying,True,0.907,0.0,9.6109
Sitting_Lying_FewLandmarks_back,283,Lying,Lying,True,0.933,0.0,11.2927
Sitting_Lying_FewLandmarks_back,284,Lying,Lying,True,0.916,0.0,12.5716
Sitting_Lying_FewLandmarks_back,285,Lying,Lying,True,0.906,0.0,9.8087
Sitting_Lying_FewLandmarks_back,286,Lying,Lying,True,0.879,0.0,10.823
Sitting_Lying_FewLandmarks_back,287,Lying,Lying,True,0.909,0.0,11.9075
Sitting_Lying_FewLandmarks_back,288,Lying,Lying,True,0.952,0.0,13.7664
Sitting_Lying_FewLandmarks_back,289,Lying,Lying,True,0.911,0.0,11.4284
Sitting_Lying_FewLandmarks_back,290,Lying,Lying,True,0.912,0.0,14.182
Sitting_Lying_FewLandmarks_back,291,Lying,Lying,True,0.946,0.0,12.9265
Sitting_Lying_FewLandmarks_back,292,Lying,Lying,True,0.916,0.0,11.4193
Sitting_Lying_FewLandmarks_back,293,Lying,Lying,True,0.918,0.0,27.2466
Sitting_Lying_FewLandmarks_back,294,Lying,Lying,True,0.925,0.0,19.5281
Sitting_Lying_FewLandmarks_back,295,Lying,Lying,True,0.932,0.0,13.474
Sitting_Lying_FewLandmarks_back,296,Lying,Lying,True,0.937,0.0,11.2597
Sitting_Lying_FewLandmarks_back,297,Lying,Lying,True,0.931,0.0,13.2809
Sitting_Lying_FewLandmarks_back,298,Lying,Lying,True,0.893,0.0,12.2855
Sitting_Lying_FewLandmarks_back,299,Lying,Lying,True,0.893,0.0,11.5259
Sitting_Lying_FewLandmarks_back,300,Lying,Lying,True,0.94,0.0,9.217
Sitting_Lying_FewLandmarks_back,301,Lying,Lying,True,0.911,0.0,11.117
Sitting_Lying_FewLandmarks_back,302,Lying,Lying,True,0.925,0.0,11.3368
Sitting_Lying_FewLandmarks_back,303,Lying,Lying,True,0.87,0.0,8.4035
Sitting_Lying_FewLandmarks_back,304,Lying,Lying,True,0.884,0.0,10.8875
Sitting_Lying_FewLandmarks_back,305,Lying,Lying,True,0.929,0.0,7.2653
Sitting_Lying_FewLandmarks_back,306,Lying,Lying,True,0.923,0.0,12.1895
Sitting_Lying_FewLandmarks_back,307,Lying,Lying,True,0.912,0.0,36.0153
Sitting_Lying_FewLandmarks_back,308,Lying,Lying,True,0.927,0.0,26.5151
Sitting_Lying_FewLandmarks_back,309,Lying,Lying,True,0.934,0.0,20.23
Sitting_Lying_FewLandmarks_back,310,Lying,Lying,True,0.909,0.0,21.8052
Sitting_Lying_FewLandmarks_back,311,Lying,Lying,True,0.906,0.0,11.9574
Sitting_Lying_FewLandmarks_back,312,Lying,Lying,True,0.912,0.0,25.6059
Sitting_Lying_FewLandmarks_back,313,Lying,Lying,True,0.919,0.0,24.5983
Sitting_Lying_FewLandmarks_back,314,Lying,Lying,True,0.913,0.0,23.1966
Sitting_Lying_FewLandmarks_back,315,Lying,Lying,True,0.874,0.0,29.7544
Sitting_Lying_FewLandmarks_back,316,Lying,Lying,True,0.904,0.0,34.2965
Sitting_Lying_FewLandmarks_back,317,Lying,Lying,True,0.895,0.0,24.1407
Sitting_Lying_FewLandmarks_back,318,Lying,Lying,True,0.937,0.0,32.3329
Sitting_Lying_FewLandmarks_back,319,Lying,Lying,True,0.882,0.0,44.1666
Sitting_Lying_FewLandmarks_back,320,Lying,Lying,True,0.872,0.0,16.2569
Sitting_Lying_FewLandmarks_back,321,Lying,Lying,True,0.913,0.0,45.5061
Sitting_Lying_FewLandmarks_back,322,Lying,Lying,True,0.889,0.0,17.8907
Sitting_Lying_FewLandmarks_back,323,Lying,Lying,True,0.9,0.0,39.9401
Sitting_Lying_FewLandmarks_back,324,Lying,Lying,True,0.906,0.0,22.5183
Sitting_Lying_FewLandmarks_back,325,Lying,Lying,True,0.908,0.0,20.5691
Sitting_Lying_FewLandmarks_back,326,,Lying,,0.854,0.0,16.1453
Sitting_Lying_FewLandmarks_back,327,,Lying,,0.895,0.0,20.6725
Sitting_Lying_FewLandmarks_back,328,,Lying,,0.903,0.0,13.5712
Sitting_Lying_FewLandmarks_back,329,,Lying,,0.924,0.0,22.2546
Sitting_Lying_FewLandmarks_back,330,,Lying,,0.908,0.0,16.4643
Sitting_Lying_FewLandmarks_back,331,,Lying,,0.931,0.0,45.8505
Sitting_Lying_FewLandmarks_back,332,,Lying,,0.911,0.0,18.792
Sitting_Lying_FewLandmarks_back,333,,Lying,,0.957,0.0,20.2234
Sitting_Lying_FewLandmarks_back,334,,Lying,,0.921,0.0,17.002
Sitting_Lying_FewLandmarks_back,335,,Lying,,0.931,0.0,12.0863
Sitting_Lying_FewLandmarks_back,336,,Lying,,0.941,0.0,27.9653
Sitting_Lying_FewLandmarks_back,337,,Lying,,0.923,0.0,34.0102
Sitting_Lying_FewLandmarks_back,338,,Lying,,0.913,0.0,28.9843
Sitting_Lying_FewLandmarks_back,339,,Lying,,0.902,0.0,30.0683
Sitting_Lying_FewLandmarks_back,340,,Lying,,0.92,0.0,22.4414
Sitting_Lying_FewLandmarks_back,341,,Lying,,0.952,0.0,24.5371
Sitting_Lying_FewLandmarks_back,342,,Lying,,0.863,0.0,19.1269
Sitting_Lying_FewLandmarks_back,343,,Lying,,0.931,0.0,21.1975
Sitting_Lying_FewLandmarks_back,344,,Lying,,0.886,0.0,23.5414
Sitting_Lying_FewLandmarks_back,345,,Lying,,0.877,0.0,25.9236
Sitting_Lying_FewLandmarks_back,346,,Lying,,0.89,0.0,27.2696
Sitting_Lying_FewLandmarks_back,347,,Lying,,0.949,0.0,26.2986
Sitting_Lying_FewLandmarks_back,348,,Lying,,0.897,0.0,20.6767
Sitting_Lying_FewLandmarks_back,349,,Lying,,0.881,0.0,12.4153
Sitting_Lying_FewLandmarks_back,350,,Lying,,0.747,0.0,8.8556
Sitting_Lying_FewLandmarks_back,351,,Lying,,0.593,0.0,10.6535
Sitting_Lying_FewLandmarks_back,352,,Lying,,0.702,0.0,8.6591
Sitting_Lying_FewLandmarks_back,353,,Lying,,0.557,0.0,9.3153
Sitting_Lying_FewLandmarks_back,354,,Lying,,0.451,0.0,11.4377
Sitting_Lying_FewLandmarks_back,355,,Lying,,0.665,0.0,9.2185
Sitting_Lying_FewLandmarks_back,356,,Lying,,0.468,0.0,10.8262
Sitting_Lying_FewLandmarks_back,357,,Lying,,0.453,0.0,10.1268
Sitting_Lying_FewLandmarks_back,358,,Sitting,,0.536,0.0,9.7582
Sitting_Lying_FewLandmarks_back,359,,Sitting,,0.583,0.0,10.4847
Sitting_Lying_FewLandmarks_back,360,,Lying,,0.472,0.0,9.3207
Sitting_Lying_FewLandmarks_back,361,,Lying,,0.633,0.0,12.2245
Sitting_Lying_FewLandmarks_back,362,,Lying,,0.644,0.0,11.0774
Sitting_Lying_FewLandmarks_back,363,,Lying,,0.554,0.0,11.5965
Sitting_Lying_FewLandmarks_back,364,,Lying,,0.473,0.0,14.081
Sitting_Lying_FewLandmarks_back,365,,Lying,,0.369,0.0,17.929
Sitting_Lying_FewLandmarks_back,366,,Lying,,0.38,0.0,11.6923
Sitting_Lying_FewLandmarks_back,367,,Lying,,0.399,0.0,17.0063
Sitting_Lying_FewLandmarks_back,368,,Lying,,0.38,0.0,9.5636
Sitting_Lying_FewLandmarks_back,369,,Standing,,0.617,0.0,10.0318
Sitting_Lying_FewLandmarks_back,370,,Standing,,0.69,0.0,9.1661
Sitting_Lying_FewLandmarks_back,371,,Standing,,0.736,0.0,9.2431
Sitting_Lying_FewLandmarks_back,372,,Standing,,0.71,0.0,8.5415
Sitting_Lying_FewLandmarks_back,373,,Standing,,0.609,0.0,10.4722
Sitting_Lying_FewLandmarks_back,374,,Standing,,0.8,0.0,9.8834
Sitting_Lying_FewLandmarks_back,375,,Standing,,0.517,0.0,8.792
Sitting_Lying_FewLandmarks_back,376,,Standing,,0.617,0.0,10.1435
Sitting_Lying_FewLandmarks_back,377,,Standing,,0.637,0.0,11.4263
Sitting_Lying_FewLandmarks_back,378,,Standing,,0.685,0.0,9.9608
Sitting_Lying_FewLandmarks_back,379,,Standing,,0.812,0.0,10.323
Sitting_Lying_FewLandmarks_back,380,,Standing,,0.694,0.0,14.1066
Sitting_Lying_FewLandmarks_back,381,,Standing,,0.567,0.0,10.1638
Sitting_Lying_FewLandmarks_back,382,,Standing,,0.665,0.0,11.2119
Sitting_Lying_FewLandmarks_back,383,,Standing,,0.644,0.0,14.0887
Sitting_Lying_FewLandmarks_back,384,,Standing,,0.545,0.0,10.172
Sitting_Lying_FewLandmarks_back,385,,Sitting,,0.617,0.0,11.6244
Sitting_Lying_FewLandmarks_back,386,,Sitting,,0.899,0.0,8.2211
Sitting_Lying_FewLandmarks_back,387,,Sitting,,0.879,0.0,8.6319
Sitting_Lying_FewLandmarks_back,388,,Sitting,,0.885,0.0,10.7064
Sitting_Lying_FewLandmarks_back,389,,Sitting,,0.846,0.0,10.4756
Sitting_Lying_FewLandmarks_back,390,,Sitting,,0.902,0.0,9.5263
Sitting_Lying_FewLandmarks_back,391,,Sitting,,0.921,0.0,9.5409
Sitting_Lying_FewLandmarks_back,392,,Sitting,,0.903,0.0,9.7053
Sitting_Lying_FewLandmarks_back,393,,Sitting,,0.923,0.0,9.4223
Sitting_Lying_FewLandmarks_back,394,,Sitting,,0.903,0.0,10.7548
Sitting_Lying_FewLandmarks_back,395,,Sitting,,0.952,0.0,8.4267
Sitting_Lying_FewLandmarks_back,396,,Sitting,,0.956,0.0,14.087
Sitting_Lying_FewLandmarks_back,397,,Sitting,,0.936,0.0,23.2616
Sitting_Lying_FewLandmarks_back,398,,Sitting,,0.855,0.0,21.8258
Sitting_Lying_FewLandmarks_back,399,,Sitting,,0.938,0.0,14.6339
Sitting_Lying_FewLandmarks_back,400,,Sitting,,0.946,0.0,13.5781
Sitting_Lying_FewLandmarks_back,401,,Sitting,,0.967,0.0,10.6549
Sitting_Lying_FewLandmarks_back,402,,Sitting,,0.962,0.0,9.5856
Sitting_Lying_FewLandmarks_back,403,,Sitting,,0.952,0.0,10.506
Sitting_Lying_FewLandmarks_back,404,,Sitting,,0.922,0.0,10.0146
Sitting_Lying_FewLandmarks_back,405,,Sitting,,0.906,0.0,11.6748
Sitting_Lying_FewLandmarks_back,406,,Sitting,,0.914,0.0,10.6556
Sitting_Lying_FewLandmarks_back,407,,Sitting,,0.962,0.0,8.4914
Sitting_Lying_FewLandmarks_back,408,,Sitting,,0.952,0.0,10.8536
Sitting_Lying_FewLandmarks_back,409,,Sitting,,0.979,0.0,10.7327
Sitting_Lying_FewLandmarks_back,410,,Sitting,,0.99,0.0,8.7283
Sitting_Lying_FewLandmarks_back,411,,Sitting,,0.986,0.0,11.0841
Sitting_Lying_FewLandmarks_back,412,,Sitting,,0.989,0.0,13.6189
Sitting_Lying_FewLandmarks_back,413,,Sitting,,0.983,0.0,10.1921
Sitting_Lying_FewLandmarks_back,414,,Sitting,,0.985,0.0,11.7767
Sitting_Lying_FewLandmarks_back,415,Sitting,Sitting,True,0.978,0.0,14.8673
Sitting_Lying_FewLandmarks_back,416,Sitting,Sitting,True,0.993,0.0,20.5414
Sitting_Lying_FewLandmarks_back,417,Sitting,Sitting,True,0.987,0.0,9.8544
Sitting_Lying_FewLandmarks_back,418,Sitting,Sitting,True,0.987,0.0,15.0215
Sitting_Lying_FewLandmarks_back,419,Sitting,Sitting,True,0.986,0.0,14.944
Sitting_Lying_FewLandmarks_back,420,Sitting,Sitting,True,0.989,0.0,9.9155
Sitting_Lying_FewLandmarks_back,421,Sitting,Sitting,True,0.986,0.0,11.4013
Sitting_Lying_FewLandmarks_back,422,Sitting,Sitting,True,0.984,0.0,11.5577
Sitting_Lying_FewLandmarks_back,423,Sitting,Sitting,True,0.975,0.0,9.9422
Sitting_Lying_FewLandmarks_back,424,Sitting,Sitting,True,0.961,0.0,9.2568
Sitting_Lying_FewLandmarks_back,425,Sitting,Sitting,True,0.988,0.0,11.8261
Sitting_Lying_FewLandmarks_back,426,Sitting,Sitting,True,0.993,0.0,9.1298
Sitting_Lying_FewLandmarks_back,427,Sitting,Sitting,True,0.992,0.0,10.4587
Sitting_Lying_FewLandmarks_back,428,Sitting,Sitting,True,0.992,0.0,10.5064
Sitting_Lying_FewLandmarks_back,429,Sitting,Sitting,True,0.994,0.0,16.2561
Sitting_Lying_FewLandmarks_back,430,Sitting,Sitting,True,0.982,0.0,21.1429
Sitting_Lying_FewLandmarks_back,431,Sitting,Sitting,True,0.991,0.0,14.582
Sitting_Lying_FewLandmarks_back,432,Sitting,Sitting,True,0.991,0.0,12.4257
Sitting_Lying_FewLandmarks_back,433,Sitting,Sitting,True,0.993,0.0,11.0841
Sitting_Lying_FewLandmarks_back,434,Sitting,Sitting,True,0.988,0.0,11.8457
Sitting_Lying_FewLandmarks_back,435,Sitting,Sitting,True,0.995,0.0,10.1364
Sitting_Lying_FewLandmarks_back,436,Sitting,Sitting,True,0.986,0.0,12.0488
Sitting_Lying_FewLandmarks_back,437,Sitting,Sitting,True,0.993,0.0,9.4966
Sitting_Lying_FewLandmarks_back,438,Sitting,Sitting,True,0.995,0.0,12.5125
Sitting_Lying_FewLandmarks_back,439,Sitting,Sitting,True,0.982,0.0,9.1944
Sitting_Lying_FewLandmarks_back,440,Sitting,Sitting,True,0.984,0.0,9.6169
Sitting_Lying_FewLandmarks_back,441,Sitting,Sitting,True,0.985,0.0,11.6364
Sitting_Lying_FewLandmarks_back,442,Sitting,Sitting,True,0.978,0.0,11.292
Sitting_Lying_FewLandmarks_back,443,Sitting,Sitting,True,0.987,0.0,9.1623
Sitting_Lying_FewLandmarks_back,444,Sitting,Sitting,True,0.977,0.0,10.4055
Sitting_Lying_FewLandmarks_back,445,Sitting,Sitting,True,0.986,0.0,6.7641
Sitting_Lying_FewLandmarks_back,446,Sitting,Sitting,True,0.977,0.0,10.5748
Sitting_Lying_FewLandmarks_back,447,Sitting,Sitting,True,0.989,0.0,10.3701
Sitting_Lying_FewLandmarks_back,448,Sitting,Sitting,True,0.995,0.0,8.4334
Sitting_Lying_FewLandmarks_back,449,Sitting,Sitting,True,0.985,0.0,8.2974
Sitting_Lying_FewLandmarks_back,450,Sitting,Sitting,True,0.985,0.0,8.9863
Sitting_Lying_FewLandmarks_back,451,Sitting,Sitting,True,0.986,0.0,12.5286
Sitting_Lying_FewLandmarks_back,452,Sitting,Sitting,True,0.984,0.0,14.614
Sitting_Lying_FewLandmarks_back,453,Sitting,Sitting,True,0.969,0.0,12.6178
Sitting_Lying_FewLandmarks_back,454,Sitting,Sitting,True,0.977,0.0,11.1009
Sitting_Lying_FewLandmarks_back,455,Sitting,Sitting,True,0.966,0.0,10.7901
Sitting_Lying_FewLandmarks_back,456,Sitting,Sitting,True,0.968,0.0,11.3527
Sitting_Lying_FewLandmarks_back,457,Sitting,Sitting,True,0.977,0.0,10.6314
Sitting_Lying_FewLandmarks_back,458,Sitting,Sitting,True,0.973,0.0,11.5563
Sitting_Lying_FewLandmarks_back,459,,Sitting,,0.965,0.0,13.264
Sitting_Lying_FewLandmarks_back,460,,Sitting,,0.991,0.0,14.3017
Sitting_Lying_FewLandmarks_back,461,,Sitting,,0.97,0.0,12.2733
Sitting_Lying_FewLandmarks_back,462,,Sitting,,0.96,0.0,11.5409
Sitting_Lying_FewLandmarks_back,463,,Sitting,,0.966,0.0,11.2211
Sitting_Lying_FewLandmarks_back,464,,Sitting,,0.994,0.0,12.4231
Sitting_Lying_FewLandmarks_back,465,,Sitting,,0.993,0.0,11.8052
Sitting_Lying_FewLandmarks_back,466,,Sitting,,0.991,0.0,10.9225
Sitting_Lying_FewLandmarks_back,467,,Sitting,,0.995,0.0,11.1744
Sitting_Lying_FewLandmarks_back,468,,Sitting,,0.985,0.0,10.832
Sitting_Lying_FewLandmarks_back,469,,Sitting,,0.989,0.0,8.8002
Sitting_Lying_FewLandmarks_back,470,,Sitting,,0.992,0.0,10.0044
Sitting_Lying_FewLandmarks_back,471,,Sitting,,0.982,0.0,9.0758
Sitting_Lying_FewLandmarks_back,472,,Sitting,,0.986,0.0,9.2391
Sitting_Lying_FewLandmarks_back,473,,Sitting,,0.982,0.0,10.6825
Sitting_Lying_FewLandmarks_back,474,,Sitting,,0.991,0.0,7.9676
Sitting_Lying_FewLandmarks_back,475,,Sitting,,0.992,0.0,12.7511
Sitting_Lying_FewLandmarks_back,476,,Sitting,,0.988,0.0,12.1647
Sitting_Lying_FewLandmarks_back,477,,Sitting,,0.996,0.0,7.6629
Sitting_Lying_FewLandmarks_back,478,,Sitting,,0.996,0.0,9.4424
Sitting_Lying_FewLandmarks_back,479,,Sitting,,0.995,0.0,13.8248
Sitting_Lying_FewLandmarks_back,480,,Sitting,,0.995,0.0,16.8848
Sitting_Lying_FewLandmarks_back,481,,Sitting,,0.994,0.0,15.256
Sitting_Lying_FewLandmarks_back,482,,Sitting,,0.996,0.0,11.0196
Sitting_Lying_FewLandmarks_back,483,,Sitting,,0.994,0.0,13.4881
Sitting_Lying_FewLandmarks_back,484,,Sitting,,0.986,0.0,16.7291
Sitting_Lying_FewLandmarks_back,485,,Sitting,,0.994,0.0,17.2268
Sitting_Lying_FewLandmarks_back,486,,Sitting,,0.992,0.0,14.6281
Sitting_Lying_FewLandmarks_back,487,,Sitting,,0.994,0.0,11.8307
Sitting_Lying_FewLandmarks_back,488,,Sitting,,0.961,0.0,10.2617
Sitting_Lying_FewLandmarks_back,489,,Sitting,,0.967,0.0,12.7963
Sitting_Lying_FewLandmarks,31,,Standing,,0.997,0.0,10.2561
Sitting_Lying_FewLandmarks,32,,Standing,,0.997,0.0,8.4122
Sitting_Lying_FewLandmarks,33,,Standing,,0.992,0.0,8.749
Sitting_Lying_FewLandmarks,34,,Standing,,0.997,0.0,11.2727
Sitting_Lying_FewLandmarks,35,,Standing,,0.992,0.0,8.9607
Sitting_Lying_FewLandmarks,36,,Standing,,0.988,0.0,9.8476
Sitting_Lying_FewLandmarks,37,,Standing,,0.996,0.0,14.4737
Sitting_Lying_FewLandmarks,38,,Standing,,0.998,0.0,19.3281
Sitting_Lying_FewLandmarks,39,,Standing,,0.996,0.0,17.1707
Sitting_Lying_FewLandmarks,40,,Standing,,0.992,0.0,50.3629
Sitting_Lying_FewLandmarks,41,,Standing,,0.99,0.0,18.1074
Sitting_Lying_FewLandmarks,42,,Standing,,0.993,0.0,17.3027
Sitting_Lying_FewLandmarks,43,,Standing,,0.993,0.0,12.881
Sitting_Lying_FewLandmarks,44,,Standing,,0.993,0.0,13.2985
Sitting_Lying_FewLandmarks,45,,Standing,,0.994,0.0,12.7648
Sitting_Lying_FewLandmarks,46,,Standing,,0.99,0.0,8.9579
Sitting_Lying_FewLandmarks,47,,Standing,,0.977,0.0,10.1025
Sitting_Lying_FewLandmarks,48,,Standing,,0.994,0.0,11.057
Sitting_Lying_FewLandmarks,49,,Standing,,0.984,0.0,9.162
Sitting_Lying_FewLandmarks,50,,Standing,,0.959,0.0,9.9144
Sitting_Lying_FewLandmarks,51,,Standing,,0.98,0.0,48.122
Sitting_Lying_FewLandmarks,52,,Standing,,0.991,0.0,22.7663
Sitting_Lying_FewLandmarks,53,,Standing,,0.993,0.0,14.7754
Sitting_Lying_FewLandmarks,54,,Standing,,0.986,0.0,16.0378
Sitting_Lying_FewLandmarks,55,,Standing,,0.997,0.0,14.8837
Sitting_Lying_FewLandmarks,56,,Standing,,0.996,0.0,13.0957
Sitting_Lying_FewLandmarks,57,,Standing,,0.993,0.0,10.9751
Sitting_Lying_FewLandmarks,58,,Standing,,0.989,0.0,10.1414
Sitting_Lying_FewLandmarks,59,Sitting,Standing,False,0.998,0.0,11.3573
Sitting_Lying_FewLandmarks,60,Sitting,Standing,False,0.999,0.0,10.5681
Sitting_Lying_FewLandmarks,61,Sitting,Standing,False,0.999,0.0,9.3712
Sitting_Lying_FewLandmarks,62,Sitting,Standing,False,0.999,0.0,9.6847
Sitting_Lying_FewLandmarks,63,Sitting,Standing,False,0.998,0.0,11.7428
Sitting_Lying_FewLandmarks,64,Sitting,Standing,False,0.999,0.0,10.2006
Sitting_Lying_FewLandmarks,65,Sitting,Standing,False,0.997,0.0,9.8596
Sitting_Lying_FewLandmarks,66,Sitting,Standing,False,0.997,0.0,10.2164
Sitting_Lying_FewLandmarks,67,Sitting,Standing,False,0.994,0.0,11.955
Sitting_Lying_FewLandmarks,68,Sitting,Standing,False,0.987,0.0,12.8726
Sitting_Lying_FewLandmarks,69,Sitting,Standing,False,0.967,0.0,13.3129
Sitting_Lying_FewLandmarks,70,Sitting,Standing,False,0.984,0.0,13.9009
Sitting_Lying_FewLandmarks,71,Sitting,Standing,False,0.981,0.0,9.5673
Sitting_Lying_FewLandmarks,72,Sitting,Standing,False,0.99,0.0,14.0373
Sitting_Lying_FewLandmarks,73,Sitting,Standing,False,0.992,0.0,10.9732
Sitting_Lying_FewLandmarks,74,Sitting,Standing,False,0.991,0.0,10.0686
Sitting_Lying_FewLandmarks,75,Sitting,Standing,False,0.995,0.0,8.6099
Sitting_Lying_FewLandmarks,76,Sitting,Standing,False,0.995,0.0,9.0863
Sitting_Lying_FewLandmarks,77,Sitting,Standing,False,0.994,0.0,8.9823
Sitting_Lying_FewLandmarks,78,Sitting,Standing,False,0.995,0.0,12.2118
Sitting_Lying_FewLandmarks,79,Sitting,Standing,False,0.993,0.0,10.3637
Sitting_Lying_FewLandmarks,80,Sitting,Standing,False,0.996,0.0,8.4322
Sitting_Lying_FewLandmarks,81,Sitting,Standing,False,0.997,0.0,10.795
Sitting_Lying_FewLandmarks,82,Sitting,Standing,False,0.959,0.0,8.1258
Sitting_Lying_FewLandmarks,83,Sitting,Standing,False,0.993,0.0,9.0372
Sitting_Lying_FewLandmarks,84,Sitting,Standing,False,0.984,0.0,9.8746
Sitting_Lying_FewLandmarks,85,Sitting,Standing,False,0.987,0.0,10.8822
Sitting_Lying_FewLandmarks,86,Sitting,Standing,False,0.983,0.0,10.8027
Sitting_Lying_FewLandmarks,87,Sitting,Standing,False,0.984,0.0,11.8461
Sitting_Lying_FewLandmarks,88,Sitting,Standing,False,0.965,0.0,11.5962
Sitting_Lying_FewLandmarks,89,Sitting,Standing,False,0.927,0.0,12.5347
Sitting_Lying_FewLandmarks,90,Sitting,Standing,False,0.933,0.0,24.1612
Sitting_Lying_FewLandmarks,91,Sitting,Standing,False,0.968,0.0,17.5164
Sitting_Lying_FewLandmarks,92,Sitting,Standing,False,0.953,0.0,12.8533
Sitting_Lying_FewLandmarks,93,Sitting,Standing,False,0.92,0.0,12.9365
Sitting_Lying_FewLandmarks,94,Sitting,Standing,False,0.861,0.0,12.1163
Sitting_Lying_FewLandmarks,95,Sitting,Standing,False,0.801,0.0,15.9901
Sitting_Lying_FewLandmarks,96,Sitting,Standing,False,0.817,0.0,14.0703
Sitting_Lying_FewLandmarks,97,Sitting,Standing,False,0.92,0.0,12.1123
Sitting_Lying_FewLandmarks,98,Sitting,Standing,False,0.885,0.0,8.4071
Sitting_Lying_FewLandmarks,99,Sitting,Standing,False,0.896,0.0,9.8974
Sitting_Lying_FewLandmarks,100,Sitting,Standing,False,0.777,0.0,17.5401
Sitting_Lying_FewLandmarks,101,Sitting,Standing,False,0.827,0.0,9.8339
Sitting_Lying_FewLandmarks,102,Sitting,Standing,False,0.812,0.0,11.0487
Sitting_Lying_FewLandmarks,103,Sitting,Standing,False,0.847,0.0,12.7078
Sitting_Lying_FewLandmarks,104,Sitting,Standing,False,0.839,0.0,16.4854
Sitting_Lying_FewLandmarks,105,Sitting,Standing,False,0.884,0.0,19.299
Sitting_Lying_FewLandmarks,106,Sitting,Standing,False,0.767,0.0,30.9951
Sitting_Lying_FewLandmarks,107,Sitting,Standing,False,0.759,0.0,22.1951
Sitting_Lying_FewLandmarks,108,Sitting,Standing,False,0.662,0.0,13.4744
Sitting_Lying_FewLandmarks,109,Sitting,Standing,False,0.856,0.0,18.8248
Sitting_Lying_FewLandmarks,110,Sitting,Standing,False,0.79,0.0,11.0158
Sitting_Lying_FewLandmarks,111,Sitting,Standing,False,0.854,0.0,25.5044
Sitting_Lying_FewLandmarks,112,,Standing,,0.818,0.0,9.0932
Sitting_Lying_FewLandmarks,113,,Standing,,0.874,0.0,10.4181
Sitting_Lying_FewLandmarks,114,,Standing,,0.861,0.0,9.5314
Sitting_Lying_FewLandmarks,115,,Standing,,0.867,0.0,7.3957
Sitting_Lying_FewLandmarks,116,,Standing,,0.893,0.0,10.3125
Sitting_Lying_FewLandmarks,117,,Standing,,0.868,0.0,6.4606
Sitting_Lying_FewLandmarks,118,,Standing,,0.942,0.0,13.8313
Sitting_Lying_FewLandmarks,119,,Standing,,0.894,0.0,15.1735
Sitting_Lying_FewLandmarks,120,,Standing,,0.928,0.0,13.1827
Sitting_Lying_FewLandmarks,121,,Standing,,0.867,0.0,15.0384
Sitting_Lying_FewLandmarks,122,,Standing,,0.864,0.0,14.681
Sitting_Lying_FewLandmarks,123,,Standing,,0.848,0.0,14.1846
Sitting_Lying_FewLandmarks,124,,Standing,,0.862,0.0,10.6605
Sitting_Lying_FewLandmarks,125,,Standing,,0.835,0.0,9.9081
Sitting_Lying_FewLandmarks,126,,Standing,,0.867,0.0,12.7745
Sitting_Lying_FewLandmarks,127,,Standing,,0.911,0.0,15.0748
Sitting_Lying_FewLandmarks,128,,Standing,,0.852,0.0,10.1247
Sitting_Lying_FewLandmarks,129,,Standing,,0.81,0.0,14.3294
Sitting_Lying_FewLandmarks,130,,Standing,,0.82,0.0,13.5099
Sitting_Lying_FewLandmarks,131,,Standing,,0.78,0.0,11.259
Sitting_Lying_FewLandmarks,132,,Standing,,0.736,0.0,13.8407
Sitting_Lying_FewLandmarks,133,,Standing,,0.756,0.0,8.4953
Sitting_Lying_FewLandmarks,134,,Standing,,0.676,0.0,10.5673
Sitting_Lying_FewLandmarks,135,,Standing,,0.712,0.0,7.9465
Sitting_Lying_FewLandmarks,136,,Standing,,0.69,0.0,9.7422
Sitting_Lying_FewLandmarks,137,,Standing,,0.696,0.0,9.4922
Sitting_Lying_FewLandmarks,138,,Standing,,0.77,0.0,9.5223
Sitting_Lying_FewLandmarks,139,,Standing,,0.688,0.0,10.0704
Sitting_Lying_FewLandmarks,140,,Standing,,0.757,0.0,8.631
Sitting_Lying_FewLandmarks,141,,Standing,,0.722,0.0,16.7886
Sitting_Lying_FewLandmarks,142,,Standing,,0.762,0.0,10.0621
Sitting_Lying_FewLandmarks,143,,Standing,,0.786,0.0,10.634
Sitting_Lying_FewLandmarks,144,,Standing,,0.675,0.0,8.8535
Sitting_Lying_FewLandmarks,145,,Standing,,0.41,0.0,14.5811
Sitting_Lying_FewLandmarks,146,,Lying,,0.454,0.0,11.9097
Sitting_Lying_FewLandmarks,147,,Sitting,,0.664,0.0,9.3281
Sitting_Lying_FewLandmarks,148,,Lying,,0.508,0.0,11.0641
Sitting_Lying_FewLandmarks,149,,Lying,,0.448,0.0,11.6173
Sitting_Lying_FewLandmarks,150,,Lying,,0.44,0.0,14.0819
Sitting_Lying_FewLandmarks,151,,Lying,,0.643,0.0,9.8243
Sitting_Lying_FewLandmarks,152,,Lying,,0.523,0.0,14.0623
Sitting_Lying_FewLandmarks,153,,Lying,,0.318,0.0,15.9231
Sitting_Lying_FewLandmarks,154,,Lying,,0.523,0.0,14.8067
Sitting_Lying_FewLandmarks,155,,Lying,,0.753,0.0,14.1379
Sitting_Lying_FewLandmarks,156,,Lying,,0.509,0.0,13.6059
Sitting_Lying_FewLandmarks,157,,Lying,,0.809,0.0,10.643
Sitting_Lying_FewLandmarks,158,,Lying,,0.737,0.0,11.4445
Sitting_Lying_FewLandmarks,159,,Lying,,0.804,0.0,13.4506
Sitting_Lying_FewLandmarks,160,,Lying,,0.871,0.0,12.7176
Sitting_Lying_FewLandmarks,161,,Lying,,0.876,0.0,11.2153
Sitting_Lying_FewLandmarks,162,,Lying,,0.951,0.0,9.1541
Sitting_Lying_FewLandmarks,163,,Lying,,0.856,0.0,9.0667
Sitting_Lying_FewLandmarks,164,,Lying,,0.884,0.0,10.3646
Sitting_Lying_FewLandmarks,165,,Lying,,0.858,0.0,11.2872
Sitting_Lying_FewLandmarks,166,,Lying,,0.793,0.0,8.6656
Sitting_Lying_FewLandmarks,167,,Lying,,0.9,0.0,10.6174
Sitting_Lying_FewLandmarks,168,,Lying,,0.899,0.0,10.3852
Sitting_Lying_FewLandmarks,169,,Lying,,0.941,0.0,9.1463
Sitting_Lying_FewLandmarks,170,,Lying,,0.923,0.0,11.4268
Sitting_Lying_FewLandmarks,171,,Lying,,0.889,0.0,8.1478
Sitting_Lying_FewLandmarks,172,,Lying,,0.957,0.0,12.6115
Sitting_Lying_FewLandmarks,173,,Lying,,0.982,0.0,14.5715
Sitting_Lying_FewLandmarks,174,,Lying,,0.978,0.0,14.3877
Sitting_Lying_FewLandmarks,175,,Lying,,0.967,0.0,13.5843
Sitting_Lying_FewLandmarks,176,,Lying,,0.971,0.0,20.6232
Sitting_Lying_FewLandmarks,177,Lying,Lying,True,0.922,0.0,16.8556
Sitting_Lying_FewLandmarks,178,Lying,Lying,True,0.971,0.0,13.8642
Sitting_Lying_FewLandmarks,179,Lying,Lying,True,0.924,0.0,15.1268
Sitting_Lying_FewLandmarks,180,Lying,Lying,True,0.988,0.0,12.8396
Sitting_Lying_FewLandmarks,181,Lying,Lying,True,0.973,0.0,11.1418
Sitting_Lying_FewLandmarks,182,Lying,Lying,True,0.94,0.0,11.2725
Sitting_Lying_FewLandmarks,183,Lying,Lying,True,0.898,0.0,13.3836
Sitting_Lying_FewLandmarks,184,Lying,Lying,True,0.955,0.0,12.6946
Sitting_Lying_FewLandmarks,185,Lying,Lying,True,0.945,0.0,10.4135
Sitting_Lying_FewLandmarks,186,Lying,Lying,True,0.973,0.0,11.5547
Sitting_Lying_FewLandmarks,187,Lying,Lying,True,0.984,0.0,12.2079
Sitting_Lying_FewLandmarks,188,Lying,Lying,True,0.986,0.0,12.7406
Sitting_Lying_FewLandmarks,189,Lying,Lying,True,0.957,0.0,12.5368
Sitting_Lying_FewLandmarks,190,Lying,Lying,True,0.978,0.0,12.2569
Sitting_Lying_FewLandmarks,191,Lying,Lying,True,0.926,0.0,15.2255
Sitting_Lying_FewLandmarks,192,Lying,Lying,True,0.922,0.0,13.8694
Sitting_Lying_FewLandmarks,193,Lying,Lying,True,0.965,0.0,18.9279
Sitting_Lying_FewLandmarks,194,Lying,Lying,True,0.89,0.0,13.275
Sitting_Lying_FewLandmarks,195,Lying,Lying,True,0.971,0.0,11.6476
Sitting_Lying_FewLandmarks,196,Lying,Lying,True,0.984,0.0,8.8228
Sitting_Lying_FewLandmarks,197,Lying,Lying,True,0.959,1.0,12.6409
Sitting_Lying_FewLandmarks,198,Lying,Lying,True,0.983,1.0,19.332
Sitting_Lying_FewLandmarks,199,Lying,Lying,True,0.988,0.0,11.3938
Sitting_Lying_FewLandmarks,200,Lying,Lying,True,0.938,1.0,13.6355
Sitting_Lying_FewLandmarks,201,Lying,Lying,True,0.955,1.0,13.7314
Sitting_Lying_FewLandmarks,202,Lying,Lying,True,0.858,1.0,16.4464
Sitting_Lying_FewLandmarks,203,Lying,Lying,True,0.616,1.0,18.2494
Sitting_Lying_FewLandmarks,204,Lying,Lying,True,0.831,1.0,17.07
Sitting_Lying_FewLandmarks,205,Lying,Lying,True,0.908,1.0,19.8301
Sitting_Lying_FewLandmarks,206,Lying,Lying,True,0.673,1.0,24.2972
Sitting_Lying_FewLandmarks,207,Lying,Lying,True,0.859,1.0,20.3274
Sitting_Lying_FewLandmarks,208,Lying,Lying,True,0.976,0.0,13.0733
Sitting_Lying_FewLandmarks,209,Lying,Lying,True,0.857,0.0,9.9567
Sitting_Lying_FewLandmarks,210,Lying,Lying,True,0.569,1.0,11.6544
Sitting_Lying_FewLandmarks,211,Lying,Lying,True,0.745,0.0,13.3003
Sitting_Lying_FewLandmarks,212,Lying,Lying,True,0.634,0.0,13.2642
Sitting_Lying_FewLandmarks,213,Lying,Lying,True,0.572,1.0,9.9888
Sitting_Lying_FewLandmarks,214,Lying,Lying,True,0.886,0.0,11.9104
Sitting_Lying_FewLandmarks,215,Lying,Lying,True,0.669,0.0,13.3734
Sitting_Lying_FewLandmarks,216,Lying,Lying,True,0.528,0.0,13.6602
Sitting_Lying_FewLandmarks,217,Lying,Lying,True,0.812,1.0,15.9752
Sitting_Lying_FewLandmarks,218,Lying,Lying,True,0.946,0.0,16.3589
Sitting_Lying_FewLandmarks,219,Lying,Lying,True,0.693,0.0,15.2191
Sitting_Lying_FewLandmarks,220,Lying,Lying,True,0.62,0.0,15.5333
Sitting_Lying_FewLandmarks,221,Lying,Lying,True,0.638,1.0,15.3716
Sitting_Lying_FewLandmarks,222,Lying,Lying,True,0.973,1.0,10.4382
Sitting_Lying_FewLandmarks,223,Lying,Lying,True,0.993,1.0,12.55
Sitting_Lying_FewLandmarks,224,Lying,Lying,True,0.994,1.0,13.9384
Sitting_Lying_FewLandmarks,225,Lying,Lying,True,0.991,1.0,10.2589
Sitting_Lying_FewLandmarks,226,Lying,Lying,True,0.99,0.0,9.6348
Sitting_Lying_FewLandmarks,227,Lying,Lying,True,0.938,1.0,10.8022
Sitting_Lying_FewLandmarks,228,Lying,Lying,True,0.98,1.0,7.5015
Sitting_Lying_FewLandmarks,229,Lying,Lying,True,0.972,1.0,9.4929
Sitting_Lying_FewLandmarks,230,Lying,Lying,True,0.99,0.0,10.9455
Sitting_Lying_FewLandmarks,231,Lying,Lying,True,0.964,0.0,8.4992
Sitting_Lying_FewLandmarks,232,Lying,Lying,True,0.804,1.0,9.5895
Sitting_Lying_FewLandmarks,233,Lying,Lying,True,0.742,1.0,14.4343
Sitting_Lying_FewLandmarks,234,Lying,Lying,True,0.779,1.0,12.0152
Sitting_Lying_FewLandmarks,235,Lying,Lying,True,0.972,0.0,10.6205
Sitting_Lying_FewLandmarks,236,,Lying,,0.948,0.0,13.2233
Sitting_Lying_FewLandmarks,237,,Lying,,0.772,0.0,12.1956
Sitting_Lying_FewLandmarks,238,,Lying,,0.814,1.0,14.2121
Sitting_Lying_FewLandmarks,239,,Lying,,0.755,1.0,14.1181
Sitting_Lying_FewLandmarks,240,,Lying,,0.992,1.0,9.3828
Sitting_Lying_FewLandmarks,241,,Lying,,0.9,0.0,10.7464
Sitting_Lying_FewLandmarks,242,,Lying,,0.927,0.0,13.3256
Sitting_Lying_FewLandmarks,243,,Lying,,0.795,0.0,12.4742
Sitting_Lying_FewLandmarks,244,,Lying,,0.78,0.0,13.3255
Sitting_Lying_FewLandmarks,245,,Lying,,0.857,0.0,11.0447
Sitting_Lying_FewLandmarks,246,,Lying,,0.901,0.0,11.4594
Sitting_Lying_FewLandmarks,247,,Lying,,0.51,0.0,10.9061
Sitting_Lying_FewLandmarks,248,,Lying,,0.862,0.0,10.45
Sitting_Lying_FewLandmarks,249,,Lying,,0.939,0.0,12.3519
Sitting_Lying_FewLandmarks,250,,Lying,,0.968,0.0,9.2617
Sitting_Lying_FewLandmarks,251,,Lying,,0.902,0.0,11.3092
Sitting_Lying_FewLandmarks,252,,Lying,,0.99,0.0,12.6758
Sitting_Lying_FewLandmarks,253,,Lying,,0.984,0.0,9.4394
Sitting_Lying_FewLandmarks,254,,Lying,,0.991,0.0,9.2895
Sitting_Lying_FewLandmarks,255,,Lying,,0.951,0.0,11.083
Sitting_Lying_FewLandmarks,256,,Lying,,0.973,0.0,9.2216
Sitting_Lying_FewLandmarks,257,,Lying,,0.945,0.0,10.8645
Sitting_Lying_FewLandmarks,258,,Lying,,0.957,0.0,11.3597
Sitting_Lying_FewLandmarks,259,,Lying,,0.947,0.0,9.2396
Sitting_Lying_FewLandmarks,260,,Lying,,0.94,0.0,9.5286
Sitting_Lying_FewLandmarks,261,,Lying,,0.941,0.0,11.3946
Sitting_Lying_FewLandmarks,262,,Lying,,0.941,0.0,9.9056
Sitting_Lying_FewLandmarks,263,,Lying,,0.965,0.0,11.0535
Sitting_Lying_FewLandmarks,264,,Lying,,0.979,0.0,11.327
Sitting_Lying_FewLandmarks,265,,Lying,,0.988,0.0,6.68
Sitting_Lying_FewLandmarks,266,,Lying,,0.959,0.0,10.8107
Sitting_Lying_FewLandmarks,267,,Lying,,0.989,0.0,9.9481
Sitting_Lying_FewLandmarks,268,,Lying,,0.956,0.0,9.7364
Sitting_Lying_FewLandmarks,269,,Lying,,0.985,0.0,11.5098
Sitting_Lying_FewLandmarks,270,,Lying,,0.976,0.0,11.6362
Sitting_Lying_FewLandmarks,271,,Lying,,0.96,0.0,10.8881
Sitting_Lying_FewLandmarks,272,,Lying,,0.88,0.0,9.8168
Sitting_Lying_FewLandmarks,273,,Lying,,0.952,0.0,9.4285
Sitting_Lying_FewLandmarks,274,,Lying,,0.923,0.0,8.7855
Sitting_Lying_FewLandmarks,275,,Lying,,0.889,0.0,8.7884
Sitting_Lying_FewLandmarks,276,,Lying,,0.97,0.0,9.2948
Sitting_Lying_FewLandmarks,277,,Lying,,0.975,0.0,10.5213
Sitting_Lying_FewLandmarks,278,,Lying,,0.989,0.0,7.6052
Sitting_Lying_FewLandmarks,279,,Lying,,0.985,0.0,7.8982
Sitting_Lying_FewLandmarks,280,,Lying,,0.99,0.0,9.2175
Sitting_Lying_FewLandmarks,281,,Lying,,0.987,0.0,9.6154
Sitting_Lying_FewLandmarks,282,,Lying,,0.99,0.0,8.4487
Sitting_Lying_FewLandmarks,283,,Lying,,0.978,0.0,8.3795
Sitting_Lying_FewLandmarks,284,,Lying,,0.988,0.0,5.9236
Sitting_Lying_FewLandmarks,285,,Lying,,0.994,0.0,9.328
Sitting_Lying_FewLandmarks,286,,Lying,,0.979,0.0,11.9733
Sitting_Lying_FewLandmarks,287,,Lying,,0.96,0.0,9.2075
Sitting_Lying_FewLandmarks,288,,Lying,,0.981,0.0,9.799
Sitting_Lying_FewLandmarks,289,,Lying,,0.979,0.0,7.9837
Sitting_Lying_FewLandmarks,290,,Lying,,0.976,0.0,8.834
Sitting_Lying_FewLandmarks,291,,Lying,,0.985,0.0,9.1782
Sitting_Lying_FewLandmarks,292,,Lying,,0.959,0.0,8.1102
Sitting_Lying_FewLandmarks,293,,Lying,,0.973,0.0,8.6302
Sitting_Lying_FewLandmarks,294,,Lying,,0.976,0.0,8.9319
Sitting_Lying_FewLandmarks,295,,Lying,,0.855,0.0,9.0499
Sitting_Lying_FewLandmarks,296,,Lying,,0.973,0.0,9.3738
Sitting_Lying_FewLandmarks,297,,Lying,,0.941,0.0,9.9316
Sitting_Lying_FewLandmarks,298,,Lying,,0.932,0.0,11.0403
Sitting_Lying_FewLandmarks,299,,Lying,,0.833,0.0,9.6762
Sitting_Lying_FewLandmarks,300,,Lying,,0.846,0.0,9.807
Sitting_Lying_FewLandmarks,301,,Lying,,0.912,0.0,9.3987
Sitting_Lying_FewLandmarks,302,,Lying,,0.723,0.0,11.1098
Sitting_Lying_FewLandmarks,303,,Lying,,0.834,0.0,7.8148
Sitting_Lying_FewLandmarks,304,,Lying,,0.641,0.0,6.3797
Sitting_Lying_FewLandmarks,305,,Standing,,0.562,0.0,6.2554
Sitting_Lying_FewLandmarks,306,,Standing,,0.544,0.0,10.1309
Sitting_Lying_FewLandmarks,307,,Standing,,0.617,0.0,6.1105
Sitting_Lying_FewLandmarks,308,,Standing,,0.641,0.0,9.5037
Sitting_Lying_FewLandmarks,309,,Lying,,0.53,0.0,11.7578
Sitting_Lying_FewLandmarks,310,,Standing,,0.609,0.0,8.6044
Sitting_Lying_FewLandmarks,311,,Standing,,0.509,0.0,9.7299
Sitting_Lying_FewLandmarks,312,,Lying,,0.613,0.0,9.0448
Sitting_Lying_FewLandmarks,313,,Lying,,0.523,0.0,9.3512
Sitting_Lying_FewLandmarks,314,,Lying,,0.631,0.0,8.7789
Sitting_Lying_FewLandmarks,315,,Standing,,0.562,0.0,9.0848
Sitting_Lying_FewLandmarks,316,,Standing,,0.795,0.0,11.2206
Sitting_Lying_FewLandmarks,317,,Standing,,0.805,0.0,8.9089
Sitting_Lying_FewLandmarks,318,,Standing,,0.893,0.0,10.0236
Sitting_Lying_FewLandmarks,319,,Standing,,0.882,0.0,8.0299
Sitting_Lying_FewLandmarks,320,,Standing,,0.858,0.0,12.6454
Sitting_Lying_FewLandmarks,321,,Standing,,0.88,0.0,10.8522
Sitting_Lying_FewLandmarks,322,,Standing,,0.88,0.0,9.3017
Sitting_Lying_FewLandmarks,323,,Standing,,0.92,0.0,8.6694
Sitting_Lying_FewLandmarks,324,,Standing,,0.925,0.0,8.9142
Sitting_Lying_FewLandmarks,325,Sitting,Standing,False,0.931,0.0,8.9871
Sitting_Lying_FewLandmarks,326,Sitting,Standing,False,0.903,0.0,9.8821
Sitting_Lying_FewLandmarks,327,Sitting,Standing,False,0.935,0.0,8.4638
Sitting_Lying_FewLandmarks,328,Sitting,Standing,False,0.907,0.0,8.8112
Sitting_Lying_FewLandmarks,329,Sitting,Standing,False,0.902,0.0,10.252
Sitting_Lying_FewLandmarks,330,Sitting,Standing,False,0.872,0.0,8.6986
Sitting_Lying_FewLandmarks,331,Sitting,Standing,False,0.926,0.0,8.9307
Sitting_Lying_FewLandmarks,332,Sitting,Standing,False,0.888,0.0,5.7163
Sitting_Lying_FewLandmarks,333,Sitting,Standing,False,0.885,0.0,9.2402
Sitting_Lying_FewLandmarks,334,Sitting,Standing,False,0.903,0.0,8.4005
Sitting_Lying_FewLandmarks,335,Sitting,Standing,False,0.883,0.0,11.5004
Sitting_Lying_FewLandmarks,336,Sitting,Standing,False,0.94,0.0,12.7453
Sitting_Lying_FewLandmarks,337,Sitting,Standing,False,0.957,0.0,13.9729
Sitting_Lying_FewLandmarks,338,Sitting,Standing,False,0.96,0.0,7.7658
Sitting_Lying_FewLandmarks,339,Sitting,Standing,False,0.96,0.0,11.7402
Sitting_Lying_FewLandmarks,340,Sitting,Standing,False,0.938,0.0,11.2099
Sitting_Lying_FewLandmarks,341,Sitting,Standing,False,0.951,0.0,10.5561
Sitting_Lying_FewLandmarks,342,Sitting,Standing,False,0.967,0.0,9.8167
Sitting_Lying_FewLandmarks,343,Sitting,Standing,False,0.982,0.0,7.442
Sitting_Lying_FewLandmarks,344,Sitting,Standing,False,0.982,0.0,9.5814
Sitting_Lying_FewLandmarks,345,Sitting,Standing,False,0.981,0.0,10.9554
Sitting_Lying_FewLandmarks,346,Sitting,Standing,False,0.979,0.0,7.8004
Sitting_Lying_FewLandmarks,347,Sitting,Standing,False,0.976,0.0,9.3506
Sitting_Lying_FewLandmarks,348,Sitting,Standing,False,0.976,0.0,8.0059
Sitting_Lying_FewLandmarks,349,Sitting,Standing,False,0.956,0.0,8.4167
Sitting_Lying_FewLandmarks,350,Sitting,Standing,False,0.902,0.0,6.1183
Sitting_Lying_FewLandmarks,351,Sitting,Standing,False,0.949,0.0,11.2835
Sitting_Lying_FewLandmarks,352,Sitting,Standing,False,0.955,0.0,8.5746
Sitting_Lying_FewLandmarks,353,Sitting,Standing,False,0.962,0.0,8.5922
Sitting_Lying_FewLandmarks,354,,Standing,,0.966,0.0,10.2535
Sitting_Lying_FewLandmarks,355,,Standing,,0.976,0.0,9.1201
Sitting_Lying_FewLandmarks,356,,Standing,,0.978,0.0,10.3984
Sitting_Lying_FewLandmarks,357,,Standing,,0.961,0.0,8.7059
Sitting_Lying_FewLandmarks,358,,Standing,,0.904,0.0,8.5419
Sitting_Lying_FewLandmarks,359,,Standing,,0.955,0.0,12.254
Sitting_Lying_FewLandmarks,360,,Standing,,0.958,0.0,8.4546
Sitting_Lying_FewLandmarks,361,,Standing,,0.944,0.0,11.4628
Sitting_Lying_FewLandmarks,362,,Standing,,0.957,0.0,11.3537
Sitting_Lying_FewLandmarks,363,,Standing,,0.935,0.0,8.2568
Sitting_Lying_FewLandmarks,364,,Standing,,0.879,0.0,9.973
Sitting_Lying_FewLandmarks,365,,Standing,,0.857,0.0,8.594
Sitting_Lying_FewLandmarks,366,,Standing,,0.841,0.0,9.5926
Sitting_Lying_FewLandmarks,367,,Standing,,0.782,0.0,10.7001
Sitting_Lying_FewLandmarks,368,,Standing,,0.697,0.0,9.2999
Sitting_Lying_FewLandmarks,369,,Standing,,0.468,0.0,10.5154
Sitting_Lying_FewLandmarks,370,,Sitting,,0.452,0.0,9.2181
Sitting_Lying_FewLandmarks,371,,Sitting,,0.685,0.0,10.6767
Sitting_Lying_FewLandmarks,372,,Sitting,,0.521,0.0,10.656
Sitting_Lying_FewLandmarks,373,,Sitting,,0.47,0.0,14.0027
Sitting_Lying_FewLandmarks,374,,Sitting,,0.383,0.0,14.1112
Sitting_Lying_FewLandmarks,375,,Sitting,,0.409,0.0,8.656
Sitting_Lying_FewLandmarks,376,,Sitting,,0.58,0.0,8.8722
Sitting_Lying_FewLandmarks,377,,Sitting,,0.517,0.0,8.8657
Sitting_Lying_FewLandmarks,378,,Sitting,,0.617,0.0,10.6303
Sitting_Lying_FewLandmarks,379,,Sitting,,0.653,0.0,8.677
Sitting_Lying_FewLandmarks,380,,Sitting,,0.814,0.0,9.6971
Sitting_Lying_FewLandmarks,381,,Sitting,,0.716,0.0,10.001
Sitting_Lying_FewLandmarks,382,,Sitting,,0.462,0.0,7.7222
Sitting_Lying_FewLandmarks,383,,Standing,,0.733,0.0,8.4262
Sitting_Lying_FewLandmarks,384,,Standing,,0.82,0.0,8.6138
Sitting_Lying_FewLandmarks,385,,Standing,,0.94,0.0,10.3247
Sitting_Lying_FewLandmarks,386,,Standing,,0.999,0.0,9.3325
Sitting_Lying_FewLandmarks,387,,Standing,,0.994,0.0,9.3891
Sitting_Lying_FewLandmarks,388,,Standing,,0.999,0.0,9.8576
Sitting_Lying_FewLandmarks,389,,Standing,,0.999,0.0,9.0308
Sitting_Lying_FewLandmarks,390,,Standing,,0.998,0.0,10.2679
Sitting_Lying_FewLandmarks,391,,Standing,,0.998,0.0,8.9584
Sitting_Lying_FewLandmarks,392,,Standing,,0.997,0.0,10.2722
Sitting_Lying_FewLandmarks,393,,Standing,,0.992,0.0,9.8684
Sitting_Lying_FewLandmarks,394,,Standing,,0.999,0.0,7.6444
Sitting_Lying_FewLandmarks,395,,Standing,,0.999,0.0,9.9318
Sitting_Lying_FewLandmarks,396,,Standing,,0.999,0.0,9.0801
Sitting_Lying_FewLandmarks,397,,Standing,,0.998,0.0,9.0202
Sitting_Lying_FewLandmarks,398,,Standing,,0.999,0.0,8.6308
Sitting_Lying_FewLandmarks,399,,Standing,,0.999,0.0,9.2888
Sitting_Lying_FewLandmarks,400,,Standing,,0.999,0.0,6.5138
Sitting_Lying_FewLandmarks,401,,Standing,,0.999,0.0,7.5102
