clip_name,frame_number,gt_label,pred_label,correct,confidence,nan_fraction,latency_ms
Bend_pickup_lowLight,31,,Standing,,0.945,0.0,33.6784
Bend_pickup_lowLight,32,,Standing,,0.944,0.0,35.2094
Bend_pickup_lowLight,33,,Standing,,0.941,0.0,36.0072
Bend_pickup_lowLight,34,,Standing,,0.941,0.0,31.6537
Bend_pickup_lowLight,35,,Standing,,0.94,0.0,33.256
Bend_pickup_lowLight,36,,Standing,,0.938,0.0,41.6282
Bend_pickup_lowLight,37,,Standing,,0.938,0.0,29.3589
Bend_pickup_lowLight,38,,Standing,,0.937,0.0,32.7312
Bend_pickup_lowLight,39,,Standing,,0.933,0.0,34.4504
Bend_pickup_lowLight,40,,Standing,,0.929,0.0,48.7172
Bend_pickup_lowLight,41,,Standing,,0.923,0.0,48.2896
Bend_pickup_lowLight,42,,Standing,,0.913,0.0,26.5889
Bend_pickup_lowLight,43,,Standing,,0.901,0.0,27.318
Bend_pickup_lowLight,44,,Standing,,0.891,0.0,27.1327
Bend_pickup_lowLight,45,,Standing,,0.869,0.0,34.1529
Bend_pickup_lowLight,46,,Standing,,0.817,0.0,26.4204
Bend_pickup_lowLight,47,,Standing,,0.745,0.0,26.2116
Bend_pickup_lowLight,48,,Standing,,0.665,0.0,26.7275
Bend_pickup_lowLight,49,,Standing,,0.566,0.0,28.7645
Bend_pickup_lowLight,50,,Standing,,0.467,0.0,29.4594
Bend_pickup_lowLight,51,,Standing,,0.421,0.0,32.3411
Bend_pickup_lowLight,52,,Standing,,0.385,0.0,31.5303
Bend_pickup_lowLight,53,,Lying,,0.317,0.0,32.4384
Bend_pickup_lowLight,54,,Lying,,0.33,0.0,27.0278
Bend_pickup_lowLight,55,,Lying,,0.334,0.0,26.0905
Bend_pickup_lowLight,56,,Lying,,0.34,0.0,27.7952
Bend_pickup_lowLight,57,,Lying,,0.354,0.0,25.7464
Bend_pickup_lowLight,58,,Sitting,,0.367,0.0,28.8103
Bend_pickup_lowLight,59,,Sitting,,0.379,0.0,26.6092
Bend_pickup_lowLight,60,,Sitting,,0.391,0.0,26.1482
Bend_pickup_lowLight,61,,Sitting,,0.415,0.0,29.6348
Bend_pickup_lowLight,62,,Sitting,,0.433,0.0,26.4391
Bend_pickup_lowLight,63,,Sitting,,0.452,0.0,27.7675
Bend_pickup_lowLight,64,,Sitting,,0.464,0.0,27.3696
Bend_pickup_lowLight,65,,Sitting,,0.475,0.0,26.6962
Bend_pickup_lowLight,66,,Sitting,,0.477,0.0,34.029
Bend_pickup_lowLight,67,,Sitting,,0.479,0.0,30.9137
Bend_pickup_lowLight,68,,Sitting,,0.474,0.0,27.58
Bend_pickup_lowLight,69,,Sitting,,0.47,0.0,25.0673
Bend_pickup_lowLight,70,,Sitting,,0.458,0.0,26.9439
Bend_pickup_lowLight,71,,Sitting,,0.441,0.0,24.6733
Bend_pickup_lowLight,72,,Sitting,,0.415,0.0,26.2357
Bend_pickup_lowLight,73,,Sitting,,0.406,0.0,24.0209
Bend_pickup_lowLight,74,,Sitting,,0.39,0.0,23.5879
Bend_pickup_lowLight,75,,Standing,,0.382,0.0,25.3812
Bend_pickup_lowLight,76,,Standing,,0.409,0.0,23.2484
Bend_pickup_lowLight,77,,Standing,,0.438,0.0,24.2148
Bend_pickup_lowLight,78,,Standing,,0.492,0.0,24.8192
Bend_pickup_lowLight,79,,Standing,,0.539,0.0,24.5557
Bend_pickup_lowLight,80,,Standing,,0.582,0.0,24.2849
Bend_pickup_lowLight,81,,Standing,,0.614,0.0,22.8806
Bend_pickup_lowLight,82,,Standing,,0.628,0.0,23.7106
Bend_pickup_lowLight,83,,Standing,,0.634,0.0,25.7363
Bend_pickup_lowLight,84,,Standing,,0.645,0.0,21.9818
Bend_pickup_lowLight,85,,Standing,,0.65,0.0,21.9047
Bend_pickup_lowLight,86,,Standing,,0.658,0.0,22.9503
Bend_pickup_lowLight,87,,Standing,,0.669,0.0,21.7998
Bend_pickup_lowLight,88,,Standing,,0.683,0.0,22.4672
Bend_pickup_lowLight,89,,Standing,,0.69,0.0,25.3145
Bend_pickup_lowLight,90,,Standing,,0.697,0.0,22.2289
Bend_pickup_lowLight,91,,Standing,,0.707,0.0,22.682
Bend_pickup_lowLight,92,Standing,Standing,True,0.716,0.0,22.2179
Bend_pickup_lowLight,93,Standing,Standing,True,0.722,0.0,23.6899
Bend_pickup_lowLight,94,Standing,Standing,True,0.724,0.0,22.5149
Bend_pickup_lowLight,95,Standing,Standing,True,0.724,0.0,21.8627
Bend_pickup_lowLight,96,Standing,Standing,True,0.716,0.0,34.7609
Bend_pickup_lowLight,97,Standing,Standing,True,0.713,0.0,23.773
Bend_pickup_lowLight,98,Standing,Standing,True,0.714,0.0,22.6161
Bend_pickup_lowLight,99,Standing,Standing,True,0.717,0.0,23.4763
Bend_pickup_lowLight,100,Standing,Standing,True,0.723,0.0,23.288
Bend_pickup_lowLight,101,Standing,Standing,True,0.735,0.0,22.0822
Bend_pickup_lowLight,102,Standing,Standing,True,0.758,0.0,22.048
Bend_pickup_lowLight,103,Standing,Standing,True,0.777,0.0,22.6624
Bend_pickup_lowLight,104,Standing,Standing,True,0.794,0.0,21.4612
Bend_pickup_lowLight,105,Standing,Standing,True,0.811,0.0,25.0946
Bend_pickup_lowLight,106,Standing,Standing,True,0.829,0.0,23.4248
Bend_pickup_lowLight,107,Standing,Standing,True,0.836,0.0,23.0853
Bend_pickup_lowLight,108,Standing,Standing,True,0.849,0.0,22.6405
Bend_pickup_lowLight,109,Standing,Standing,True,0.866,0.0,25.5802
Bend_pickup_lowLight,110,Standing,Standing,True,0.883,0.0,21.0457
Bend_pickup_lowLight,111,Standing,Standing,True,0.899,0.0,22.7861
Bend_pickup_lowLight,112,Standing,Standing,True,0.91,0.0,22.6077
Bend_pickup_lowLight,113,Standing,Standing,True,0.916,0.0,20.9505
Bend_pickup_lowLight,114,Standing,Standing,True,0.921,0.0,22.7446
Bend_pickup_lowLight_leftRight,31,,Standing,,0.832,0.0,23.2668
Bend_pickup_lowLight_leftRight,32,,Standing,,0.819,0.0,21.5692
Bend_pickup_lowLight_leftRight,33,,Standing,,0.811,0.0,21.9682
Bend_pickup_lowLight_leftRight,34,,Standing,,0.805,0.0,21.3681
Bend_pickup_lowLight_leftRight,35,,Standing,,0.8,0.0,21.2353
Bend_pickup_lowLight_leftRight,36,,Standing,,0.786,0.0,21.4133
Bend_pickup_lowLight_leftRight,37,,Standing,,0.772,0.0,22.6141
Bend_pickup_lowLight_leftRight,38,,Standing,,0.756,0.0,21.7175
Bend_pickup_lowLight_leftRight,39,,Standing,,0.73,0.0,26.1712
Bend_pickup_lowLight_leftRight,40,,Standing,,0.703,0.0,21.818
Bend_pickup_lowLight_leftRight,41,,Standing,,0.663,0.0,22.3621
Bend_pickup_lowLight_leftRight,42,,Standing,,0.615,0.0,22.355
Bend_pickup_lowLight_leftRight,43,,Standing,,0.55,0.0,21.3185
Bend_pickup_lowLight_leftRight,44,,Standing,,0.523,0.0,24.4122
Bend_pickup_lowLight_leftRight,45,,Standing,,0.482,0.0,21.2997
Bend_pickup_lowLight_leftRight,46,,Sitting,,0.392,0.0,20.9697
Bend_pickup_lowLight_leftRight,47,,Sitting,,0.408,0.0,22.1543
Bend_pickup_lowLight_leftRight,48,,Sitting,,0.427,0.0,22.439
Bend_pickup_lowLight_leftRight,49,,Sitting,,0.464,0.0,22.4535
Bend_pickup_lowLight_leftRight,50,,Sitting,,0.495,0.0,19.9536
Bend_pickup_lowLight_leftRight,51,,Sitting,,0.527,0.0,20.3682
Bend_pickup_lowLight_leftRight,52,,Sitting,,0.554,0.0,20.7579
Bend_pickup_lowLight_leftRight,53,,Sitting,,0.573,0.0,20.8799
Bend_pickup_lowLight_leftRight,54,,Sitting,,0.593,0.0,21.0362
Bend_pickup_lowLight_leftRight,55,,Sitting,,0.608,0.0,21.2336
Bend_pickup_lowLight_leftRight,56,,Sitting,,0.619,0.0,20.4129
Bend_pickup_lowLight_leftRight,57,,Sitting,,0.626,0.0,21.0551
Bend_pickup_lowLight_leftRight,58,,Sitting,,0.633,0.0,20.6294
Bend_pickup_lowLight_leftRight,59,,Sitting,,0.632,0.0,22.7124
Bend_pickup_lowLight_leftRight,60,,Sitting,,0.626,0.0,20.0308
Bend_pickup_lowLight_leftRight,61,,Sitting,,0.618,0.0,19.7765
Bend_pickup_lowLight_leftRight,62,,Sitting,,0.61,0.0,19.9122
Bend_pickup_lowLight_leftRight,63,,Sitting,,0.602,0.0,27.0172
Bend_pickup_lowLight_leftRight,64,,Sitting,,0.597,0.0,23.334
Bend_pickup_lowLight_leftRight,65,,Sitting,,0.594,0.0,36.1701
Bend_pickup_lowLight_leftRight,66,,Sitting,,0.595,0.0,23.8936
Bend_pickup_lowLight_leftRight,67,,Sitting,,0.601,0.0,29.4164
Bend_pickup_lowLight_leftRight,68,,Sitting,,0.605,0.0,28.792
Bend_pickup_lowLight_leftRight,69,,Sitting,,0.61,0.0,28.6064
Bend_pickup_lowLight_leftRight,70,,Sitting,,0.615,0.0,33.6632
Bend_pickup_lowLight_leftRight,71,,Sitting,,0.615,0.0,33.6249
Bend_pickup_lowLight_leftRight,72,,Sitting,,0.606,0.0,34.024
Bend_pickup_lowLight_leftRight,73,,Sitting,,0.599,0.0,27.9968
Bend_pickup_lowLight_leftRight,74,,Sitting,,0.594,0.0,29.3444
Bend_pickup_lowLight_leftRight,75,,Sitting,,0.587,0.0,24.7642
Bend_pickup_lowLight_leftRight,76,,Sitting,,0.58,0.0,25.5948
Bend_pickup_lowLight_leftRight,77,,Sitting,,0.577,0.0,25.6732
Bend_pickup_lowLight_leftRight,78,,Sitting,,0.577,0.0,24.9337
Bend_pickup_lowLight_leftRight,79,,Sitting,,0.57,0.0,24.9238
Bend_pickup_lowLight_leftRight,80,,Sitting,,0.563,0.0,23.6863
Bend_pickup_lowLight_leftRight,81,,Sitting,,0.555,0.0,24.3002
Bend_pickup_lowLight_leftRight,82,,Sitting,,0.541,0.0,23.1651
Bend_pickup_lowLight_leftRight,83,,Sitting,,0.518,0.0,23.1915
Bend_pickup_lowLight_leftRight,84,,Sitting,,0.488,0.0,24.3421
Bend_pickup_lowLight_leftRight,85,,Sitting,,0.454,0.0,23.0759
Bend_pickup_lowLight_leftRight,86,,Sitting,,0.416,0.0,25.8117
Bend_pickup_lowLight_leftRight,87,,Sitting,,0.397,0.0,22.5924
Bend_pickup_lowLight_leftRight,88,,Sitting,,0.376,0.0,24.0395
Bend_pickup_lowLight_leftRight,89,,Lying,,0.326,0.0,22.9049
Bend_pickup_lowLight_leftRight,90,Standing,Standing,True,0.384,0.0,22.0358
Bend_pickup_lowLight_leftRight,91,Standing,Standing,True,0.411,0.0,26.158
Bend_pickup_lowLight_leftRight,92,Standing,Standing,True,0.434,0.0,26.7904
Bend_pickup_lowLight_leftRight,93,Standing,Standing,True,0.456,0.0,25.3708
Bend_pickup_lowLight_leftRight,94,Standing,Standing,True,0.49,0.0,26.7663
Bend_pickup_lowLight_leftRight,95,Standing,Standing,True,0.519,0.0,23.002
Bend_pickup_lowLight_leftRight,96,Standing,Standing,True,0.538,0.0,25.7876
Bend_pickup_lowLight_leftRight,97,Standing,Standing,True,0.559,0.0,23.7131
Bend_pickup_lowLight_leftRight,98,Standing,Standing,True,0.573,0.0,23.6076
Bend_pickup_lowLight_leftRight,99,Standing,Standing,True,0.597,0.0,23.6853
Bend_pickup_lowLight_leftRight,100,Standing,Standing,True,0.615,0.0,25.1261
Bend_pickup_lowLight_leftRight,101,Standing,Standing,True,0.634,0.0,25.5937
Bend_pickup_lowLight_leftRight,102,Standing,Standing,True,0.647,0.0,23.9336
Bend_pickup_lowLight_leftRight,103,Standing,Standing,True,0.662,0.0,23.9754
Bend_pickup_lowLight_leftRight,104,Standing,Standing,True,0.674,0.0,36.7087
Bend_pickup_lowLight_leftRight,105,Standing,Standing,True,0.684,0.0,31.6983
Bend_pickup_lowLight_leftRight,106,Standing,Standing,True,0.692,0.0,27.5002
Bend_pickup_lowLight_leftRight,107,Standing,Standing,True,0.693,0.0,24.924
Bend_pickup_lowLight_leftRight,108,Standing,Standing,True,0.693,0.0,27.4867
Bend_pickup_lowLight_leftRight,109,Standing,Standing,True,0.694,0.0,25.4485
Bend_pickup_lowLight_leftRight,110,Standing,Standing,True,0.698,0.0,25.7706
Bend_pickup_lowLight_leftRight,111,Standing,Standing,True,0.701,0.0,33.7123
Bend_pickup_lowLight_leftRight,112,Standing,Standing,True,0.708,0.0,29.0803
Bend_pickup_lowLight_leftRight,113,Standing,Standing,True,0.712,0.0,30.4844
Bend_pickup_lowLight_leftRight,114,Standing,Standing,True,0.709,0.0,37.1752
Bend_pickup_lowLight_leftRight,115,Standing,Standing,True,0.692,0.0,31.3366
Bend_pickup_lowLight_leftRight,116,Standing,Standing,True,0.653,0.0,30.0284
Bend_pickup_lowLight_leftRight,117,Standing,Standing,True,0.606,0.0,28.6367
Bend_pickup_lowLight_leftRight,118,Standing,Standing,True,0.56,0.0,28.2178
Bend_pickup_lowLight_leftRight,119,Standing,Standing,True,0.527,0.0,30.9074
Bend_pickup_lowLight_leftRight,120,Standing,Standing,True,0.516,0.0,34.2984
Bend_pickup_lowLight_leftRight,121,Standing,Standing,True,0.539,0.0,36.5084
Bend_pickup_lowLight_leftRight,122,Standing,Standing,True,0.577,0.0,27.7979
Bend_pickup_lowLight_leftRight,123,Standing,Standing,True,0.62,0.0,40.1834
Bend_pickup_lowLight_leftRight,124,Standing,Standing,True,0.656,0.0,37.8333
Bend_pickup_lowLight_leftRight,125,Standing,Standing,True,0.689,0.0,29.0291
Bend_pickup_lowLight_leftRight,126,Standing,Standing,True,0.714,0.0,28.9246
Bend_pickup_lowLight_leftRight,127,Standing,Standing,True,0.741,0.0,32.0514
Bend_pickup_lowLight_leftRight,128,Standing,Standing,True,0.763,0.0,28.1636
Bend_pickup_lowLight_leftRight,129,,Standing,,0.79,0.0,31.85
Bend_pickup_lowLight_leftRight,130,,Standing,,0.812,0.0,30.9761
Bend_pickup_lowLight_leftRight,131,,Standing,,0.832,0.0,29.8485
Bend_pickup_lowLight_leftRight,132,,Standing,,0.848,0.0,31.7499
Bend_pickup_lowLight_leftRight,133,,Standing,,0.863,0.0,33.0758
Bend_pickup_lowLight_leftRight,134,,Standing,,0.872,0.0,29.6254
Bend_pickup_lowLight_leftRight,135,,Standing,,0.881,0.0,35.6845
Bend_pickup_lowLight_leftRight,136,,Standing,,0.886,0.0,39.2526
Bend_pickup_lowLight_leftRight,137,,Standing,,0.893,0.0,38.5238
Bend_pickup_lowLight_leftRight,138,,Standing,,0.9,0.0,30.2812
Bend_pickup_lowLight_leftRight,139,,Standing,,0.907,0.0,32.3058
Bend_pickup_lowLight_leftRight,140,,Standing,,0.909,0.0,31.3186
Bend_pickup_lowLight_leftRight,141,,Standing,,0.911,0.0,31.5546
Bend_pickup_lowLight_leftRight,142,,Standing,,0.907,0.0,32.2167
Bend_pickup_lowLight_leftRight,143,,Standing,,0.903,0.0,29.2827
Bend_pickup_lowLight_leftRight,144,,Standing,,0.9,0.0,29.368
Bend_pickup_lowLight_leftRight,145,,Standing,,0.905,0.0,29.0184
Bend_pickup_lowLight_leftRight,146,,Standing,,0.91,0.0,32.7019
Bend_pickup_lowLight_leftRight,147,,Standing,,0.919,0.0,31.0467
Bend_pickup_lowLight_leftRight,148,,Standing,,0.925,0.0,28.967
Bend_pickup_lowLight_leftRight,149,,Standing,,0.926,0.0,29.0577
Bend_pickup_lowLight_leftRight,150,,Standing,,0.924,0.0,27.863
Bend_pickup_lowLight_leftRight,151,,Standing,,0.922,0.0,27.9695
Bend_pickup_lowLight_leftRight,152,,Standing,,0.917,0.0,29.5199
Bend_pickup_lowLight_leftRight,153,,Standing,,0.913,0.0,27.5875
Bend_pickup_lowLight_leftRight,154,,Standing,,0.904,0.0,27.7373
Bend_pickup_lowLight_leftRight,155,,Standing,,0.896,0.0,28.4104
Bend_pickup_lowLight_leftRight,156,,Standing,,0.888,0.0,29.2576
Bend_pickup_lowLight_leftRight,157,,Standing,,0.882,0.0,25.9704
Bend_pickup_lowLight_leftRight,158,,Standing,,0.876,0.0,27.3955
Bend_pickup_lowLight_leftRight,159,,Standing,,0.874,0.0,28.2697
Bend_pickup_lowLight_leftRight,160,,Standing,,0.874,0.0,26.9419
Bend_pickup_lowLight_leftRight,161,,Standing,,0.868,0.0,26.8545
Bend_pickup_lowLight_leftRight,162,,Standing,,0.857,0.0,24.455
Bend_pickup_lowLight_leftRight,163,,Standing,,0.834,0.0,25.3415
Bend_pickup_lowLight_leftRight,164,,Standing,,0.804,0.0,24.8257
Bend_pickup_lowLight_leftRight,165,,Standing,,0.756,0.0,25.3368
Bend_pickup_lowLight_leftRight,166,,Standing,,0.7,0.0,30.0062
Bend_pickup_lowLight_leftRight,167,,Standing,,0.638,0.0,28.2098
Bend_pickup_lowLight_leftRight,168,,Standing,,0.581,0.0,29.8635
Bend_pickup_lowLight_leftRight,169,,Standing,,0.526,0.0,26.8967
Bend_pickup_lowLight_leftRight,170,,Standing,,0.487,0.0,40.0309
Bend_pickup_lowLight_leftRight,171,,Standing,,0.473,0.0,37.8248
Bend_pickup_lowLight_leftRight,172,,Standing,,0.474,0.0,36.2448
Bend_pickup_lowLight_leftRight,173,,Standing,,0.487,0.0,31.3545
Bend_pickup_lowLight_leftRight,174,,Standing,,0.504,0.0,38.5422
Bend_pickup_lowLight_leftRight,175,,Standing,,0.517,0.0,31.8076
Bend_pickup_lowLight_leftRight,176,,Standing,,0.516,0.0,30.7587
Bend_pickup_lowLight_leftRight,177,,Standing,,0.503,0.0,30.8377
Bend_pickup_lowLight_leftRight,178,,Standing,,0.488,0.0,30.1713
Bend_pickup_lowLight_leftRight,179,,Standing,,0.468,0.0,28.7241
Bend_pickup_lowLight_leftRight,180,,Standing,,0.455,0.0,30.4892
Bend_pickup_lowLight_leftRight,181,,Standing,,0.442,0.0,31.6062
Bend_pickup_lowLight_leftRight,182,,Standing,,0.428,0.0,43.7233
Bend_pickup_lowLight_leftRight,183,,Standing,,0.42,0.0,31.091
Bend_pickup_lowLight_leftRight,184,,Standing,,0.417,0.0,28.5385
Bend_pickup_lowLight_leftRight,185,,Sitting,,0.368,0.0,31.5777
Bend_pickup_lowLight_leftRight,186,,Sitting,,0.381,0.0,31.5559
Bend_pickup_lowLight_leftRight,187,,Sitting,,0.395,0.0,29.9167
Bend_pickup_lowLight_leftRight,188,,Sitting,,0.415,0.0,35.4797
Bend_pickup_lowLight_leftRight,189,,Sitting,,0.429,0.0,34.5863
Bend_pickup_lowLight_leftRight,190,,Sitting,,0.443,0.0,32.5744
Bend_pickup_lowLight_leftRight,191,,Sitting,,0.452,0.0,39.3677
Bend_pickup_lowLight_leftRight,192,,Sitting,,0.453,0.0,41.5884
Bend_pickup_lowLight_leftRight,193,,Sitting,,0.448,0.0,33.0275
Bend_pickup_lowLight_leftRight,194,,Sitting,,0.448,0.0,34.9281
Bend_pickup_lowLight_leftRight,195,,Sitting,,0.439,0.0,38.5316
Bend_pickup_lowLight_leftRight,196,,Sitting,,0.423,0.0,41.4713
Bend_pickup_lowLight_leftRight,197,,Sitting,,0.406,0.0,32.7001
Bend_pickup_lowLight_leftRight,198,,Sitting,,0.39,0.0,33.6848
Bend_pickup_lowLight_leftRight,199,,Sitting,,0.38,0.0,36.992
Bend_pickup_lowLight_leftRight,200,,Sitting,,0.372,0.0,39.908
Bend_pickup_lowLight_leftRight,201,,Standing,,0.405,0.0,49.3504
Bend_pickup_lowLight_leftRight,202,,Standing,,0.422,0.0,37.1741
Bend_pickup_lowLight_leftRight,203,,Standing,,0.449,0.0,34.833
Bend_pickup_lowLight_leftRight,204,,Standing,,0.497,0.0,29.9801
Bend_pickup_lowLight_leftRight,205,,Standing,,0.54,0.0,29.748
Bend_pickup_lowLight_leftRight,206,Standing,Standing,True,0.577,0.0,32.2451
Bend_pickup_lowLight_leftRight,207,Standing,Standing,True,0.613,0.0,26.8248
Bend_pickup_lowLight_leftRight,208,Standing,Standing,True,0.634,0.0,26.9366
Bend_pickup_lowLight_leftRight,209,Standing,Standing,True,0.65,0.0,26.5403
Bend_pickup_lowLight_leftRight,210,Standing,Standing,True,0.667,0.0,29.0855
Bend_pickup_lowLight_leftRight,211,Standing,Standing,True,0.683,0.0,26.2433
Bend_pickup_lowLight_leftRight,212,Standing,Standing,True,0.701,0.0,31.1988
Bend_pickup_lowLight_leftRight,213,Standing,Standing,True,0.72,0.0,29.9635
Bend_pickup_lowLight_leftRight,214,Standing,Standing,True,0.734,0.0,30.9945
Bend_pickup_lowLight_leftRight,215,Standing,Standing,True,0.749,0.0,26.0127
Bend_pickup_lowLight_leftRight,216,Standing,Standing,True,0.762,0.0,27.2153
Bend_pickup_lowLight_leftRight,217,Standing,Standing,True,0.765,0.0,27.2365
Bend_pickup_lowLight_leftRight,218,Standing,Standing,True,0.766,0.0,32.0167
Bend_pickup_lowLight_leftRight,219,Standing,Standing,True,0.771,0.0,28.2424
Bend_pickup_lowLight_leftRight,220,Standing,Standing,True,0.771,0.0,29.601
Bend_pickup_lowLight_leftRight,221,Standing,Standing,True,0.774,0.0,35.0126
Bend_pickup_lowLight_leftRight,222,Standing,Standing,True,0.782,0.0,25.0092
Bend_pickup_lowLight_leftRight,223,Standing,Standing,True,0.791,0.0,24.5316
Bend_pickup_lowLight_leftRight,224,Standing,Standing,True,0.799,0.0,25.2644
Bend_pickup_lowLight_leftRight,225,Standing,Standing,True,0.809,0.0,24.2043
Bend_pickup_lowLight_leftRight,226,Standing,Standing,True,0.82,0.0,27.1379
Bend_pickup_lowLight_leftRight,227,Standing,Standing,True,0.826,0.0,33.2656
Bend_pickup_lowLight_leftRight,228,Standing,Standing,True,0.832,0.0,34.1714
Bend_pickup_lowLight_leftRight,229,Standing,Standing,True,0.84,0.0,42.2555
Bend_pickup_lowLight_leftRight,230,Standing,Standing,True,0.841,0.0,32.405
Bend_pickup_lowLight_leftRight,231,Standing,Standing,True,0.841,0.0,58.3937
Bend_pickup_lowLight_leftRight,232,Standing,Standing,True,0.847,0.0,57.9192
Bend_pickup_lowLight_leftRight,233,,Standing,,0.852,0.0,68.1907
Bend_pickup_lowLight_leftRight,234,,Standing,,0.85,0.0,61.5458
Bend_pickup_lowLight_leftRight,235,,Standing,,0.853,0.0,68.8259
Bend_pickup_lowLight_leftRight,236,,Standing,,0.853,0.0,54.7459
Bend_pickup_lowLight_leftRight,237,,Standing,,0.852,0.0,52.0993
Bend_pickup_lowLight_leftRight,238,,Standing,,0.856,0.0,37.0211
Bend_pickup_lowLight_leftRight,239,,Standing,,0.865,0.0,34.8142
Bend_pickup_lowLight_leftRight,240,,Standing,,0.875,0.0,34.5018
Bend_pickup_lowLight_leftRight,241,,Standing,,0.885,0.0,32.0899
Bend_pickup_lowLight_leftRight,242,,Standing,,0.891,0.0,33.8213
Bend_pickup_normalLight_back,31,Standing,Standing,True,0.915,0.0,39.2938
Bend_pickup_normalLight_back,32,Standing,Standing,True,0.914,0.0,39.7162
Bend_pickup_normalLight_back,33,Standing,Standing,True,0.916,0.0,33.1726
Bend_pickup_normalLight_back,34,Standing,Standing,True,0.915,0.0,30.8541
Bend_pickup_normalLight_back,35,Standing,Standing,True,0.912,0.0,30.5662
Bend_pickup_normalLight_back,36,Standing,Standing,True,0.908,0.0,32.8439
Bend_pickup_normalLight_back,37,Standing,Standing,True,0.901,0.0,32.0338
Bend_pickup_normalLight_back,38,Standing,Standing,True,0.89,0.0,30.4401
Bend_pickup_normalLight_back,39,Standing,Standing,True,0.877,0.0,27.5723
Bend_pickup_normalLight_back,40,Standing,Standing,True,0.866,0.0,32.384
Bend_pickup_normalLight_back,41,Standing,Standing,True,0.854,0.0,37.2925
Bend_pickup_normalLight_back,42,Standing,Standing,True,0.844,0.0,34.9222
Bend_pickup_normalLight_back,43,Standing,Standing,True,0.833,0.0,30.2503
Bend_pickup_normalLight_back,44,Standing,Standing,True,0.821,0.0,37.7946
Bend_pickup_normalLight_back,45,Standing,Standing,True,0.811,0.0,29.9846
Bend_pickup_normalLight_back,46,Standing,Standing,True,0.802,0.0,29.2025
Bend_pickup_normalLight_back,47,Standing,Standing,True,0.792,0.0,33.3882
Bend_pickup_normalLight_back,48,Standing,Standing,True,0.786,0.0,31.753
Bend_pickup_normalLight_back,49,Standing,Standing,True,0.787,0.0,48.6864
Bend_pickup_normalLight_back,50,Standing,Standing,True,0.789,0.0,49.9071
Bend_pickup_normalLight_back,51,Standing,Standing,True,0.79,0.0,41.5229
Bend_pickup_normalLight_back,52,Standing,Standing,True,0.795,0.0,37.6212
Bend_pickup_normalLight_back,53,Standing,Standing,True,0.804,0.0,33.7919
Bend_pickup_normalLight_back,54,Standing,Standing,True,0.806,0.0,30.0768
Bend_pickup_normalLight_back,55,Standing,Standing,True,0.807,0.0,34.5536
Bend_pickup_normalLight_back,56,Standing,Standing,True,0.81,0.0,30.2771
Bend_pickup_normalLight_back,57,Standing,Standing,True,0.814,0.0,30.8968
Bend_pickup_normalLight_back,58,,Standing,,0.817,0.0,29.4085
Bend_pickup_normalLight_back,59,,Standing,,0.824,0.0,28.0269
Bend_pickup_normalLight_back,60,,Standing,,0.835,0.0,31.4751
Bend_pickup_normalLight_back,61,,Standing,,0.845,0.0,30.6301
Bend_pickup_normalLight_back,62,,Standing,,0.849,0.0,31.7733
Bend_pickup_normalLight_back,63,,Standing,,0.852,0.0,30.2455
Bend_pickup_normalLight_back,64,,Standing,,0.855,0.0,27.1358
Bend_pickup_normalLight_back,65,,Standing,,0.853,0.0,32.2898
Bend_pickup_normalLight_back,66,,Standing,,0.852,0.0,31.7402
Bend_pickup_normalLight_back,67,,Standing,,0.851,0.0,29.9891
Bend_pickup_normalLight_back,68,,Standing,,0.851,0.0,28.905
Bend_pickup_normalLight_back,69,,Standing,,0.851,0.0,30.8747
Bend_pickup_normalLight_back,70,,Standing,,0.852,0.0,29.7614
Bend_pickup_normalLight_back,71,,Standing,,0.857,0.0,36.2371
Bend_pickup_normalLight_back,72,,Standing,,0.866,0.0,26.6444
Bend_pickup_normalLight_back,73,,Standing,,0.875,0.0,27.8156
Bend_pickup_normalLight_back,74,,Standing,,0.883,0.0,35.0882
Bend_pickup_normalLight_back,75,,Standing,,0.892,0.0,34.5094
Bend_pickup_normalLight_back,76,,Standing,,0.898,0.0,33.8714
Bend_pickup_normalLight_back,77,,Standing,,0.9,0.0,42.0446
Bend_pickup_normalLight_back,78,,Standing,,0.901,0.0,40.7448
Bend_pickup_normalLight_back,79,,Standing,,0.902,0.0,34.7712
Bend_pickup_normalLight_back,80,,Standing,,0.906,0.0,49.241
Bend_pickup_normalLight_back,81,,Standing,,0.909,0.0,39.7906
Bend_pickup_normalLight_back,82,,Standing,,0.912,0.0,30.2158
Bend_pickup_normalLight_back,83,,Standing,,0.914,0.0,29.7296
Bend_pickup_normalLight_back,84,,Standing,,0.915,0.0,38.9906
Bend_pickup_normalLight_back,85,,Standing,,0.914,0.0,37.9373
Bend_pickup_normalLight_back,86,,Standing,,0.912,0.0,31.7075
Bend_pickup_normalLight_back,87,,Standing,,0.913,0.0,31.9898
Bend_pickup_normalLight_back,88,,Standing,,0.913,0.0,32.4905
Bend_pickup_normalLight_back,89,,Standing,,0.916,0.0,30.4255
Bend_pickup_normalLight_back,90,,Standing,,0.919,0.0,32.2235
Bend_pickup_normalLight_back,91,,Standing,,0.919,0.0,34.9627
Bend_pickup_normalLight_back,92,,Standing,,0.921,0.0,35.6049
Bend_pickup_normalLight_back,93,,Standing,,0.93,0.0,34.9475
Bend_pickup_normalLight_back,94,,Standing,,0.935,0.0,30.9654
Bend_pickup_normalLight_back,95,,Standing,,0.936,0.0,32.9485
Bend_pickup_normalLight_back,96,,Standing,,0.938,0.0,43.1613
Bend_pickup_normalLight_back,97,,Standing,,0.935,0.0,37.2909
Bend_pickup_normalLight_back,98,,Standing,,0.924,0.0,43.6962
Bend_pickup_normalLight_back,99,,Standing,,0.912,0.0,44.4199
Bend_pickup_normalLight_back,100,,Standing,,0.898,1.0,47.0352
Bend_pickup_normalLight_back,101,,Standing,,0.88,0.0,45.4808
Bend_pickup_normalLight_back,102,,Standing,,0.868,0.0,37.5309
Bend_pickup_normalLight_back,103,,Standing,,0.854,0.0,41.7656
Bend_pickup_normalLight_back,104,,Standing,,0.834,0.0,37.0331
Bend_pickup_normalLight_back,105,,Standing,,0.818,0.0,38.957
Bend_pickup_normalLight_back,106,,Standing,,0.803,0.0,38.986
Bend_pickup_normalLight_back,107,,Standing,,0.783,0.0,42.398
Bend_pickup_normalLight_back,108,,Standing,,0.767,0.0,37.4904
Bend_pickup_normalLight_back,109,,Standing,,0.764,0.0,35.4048
Bend_pickup_normalLight_back,110,,Standing,,0.76,0.0,45.2131
Bend_pickup_normalLight_back,111,,Standing,,0.761,0.0,46.0338
Bend_pickup_normalLight_back,112,,Standing,,0.764,0.0,38.3364
Bend_pickup_normalLight_back,113,,Standing,,0.773,0.0,28.9632
Bend_pickup_normalLight_back,114,,Standing,,0.774,0.0,41.9905
Bend_pickup_normalLight_back,115,,Standing,,0.778,0.0,47.1442
Bend_pickup_normalLight_back,116,,Standing,,0.782,0.0,42.073
Bend_pickup_normalLight_back,117,,Standing,,0.783,0.0,38.1865
Bend_pickup_normalLight_back,118,,Standing,,0.781,0.0,33.7162
Bend_pickup_normalLight_back,119,,Standing,,0.782,0.0,36.0557
Bend_pickup_normalLight_back,120,,Standing,,0.785,0.0,44.3376
Bend_pickup_normalLight_back,121,,Standing,,0.784,0.0,51.7
Bend_pickup_normalLight_back,122,,Standing,,0.786,0.0,42.3322
Bend_pickup_normalLight_back,123,,Standing,,0.788,0.0,45.5139
Bend_pickup_normalLight_back,124,,Standing,,0.787,0.0,50.7123
Bend_pickup_normalLight_back,125,,Standing,,0.784,0.0,53.3066
Bend_pickup_normalLight_back,126,,Standing,,0.783,0.0,48.6979
Bend_pickup_normalLight_back,127,,Standing,,0.78,0.0,57.6631
Bend_pickup_normalLight_back,128,,Standing,,0.774,0.0,59.249
Bend_pickup_normalLight_back,129,,Standing,,0.762,0.0,53.5949
Bend_pickup_normalLight_back,130,,Standing,,0.766,0.0,48.6639
Bend_pickup_normalLight_back,131,,Standing,,0.77,0.0,53.532
Bend_pickup_normalLight_back,132,,Standing,,0.777,0.0,35.5842
Bend_pickup_normalLight_back,133,,Standing,,0.788,0.0,39.8026
Bend_pickup_normalLight_back,134,,Standing,,0.805,0.0,46.7221
Bend_pickup_normalLight_back,135,,Standing,,0.805,0.0,45.4214
Bend_pickup_normalLight_back,136,,Standing,,0.806,0.0,40.2983
Bend_pickup_normalLight_back,137,,Standing,,0.809,0.0,38.9438
Bend_pickup_normalLight_back,138,,Standing,,0.813,0.0,41.1511
Bend_pickup_normalLight_back,139,,Standing,,0.817,0.0,40.9965
Bend_pickup_normalLight_back,140,,Standing,,0.822,0.0,47.9855
Bend_pickup_normalLight_back,141,,Standing,,0.829,0.0,61.2313
Bend_pickup_normalLight_back,142,,Standing,,0.832,0.0,55.3652
Bend_pickup_normalLight_back,143,,Standing,,0.835,0.0,46.7299
Bend_pickup_normalLight_back,144,,Standing,,0.84,0.0,57.5552
Bend_pickup_normalLight_back,145,,Standing,,0.842,0.0,65.1651
Bend_pickup_normalLight_back,146,Standing,Standing,True,0.843,0.0,53.6053
Bend_pickup_normalLight_back,147,Standing,Standing,True,0.847,0.0,55.9816
Bend_pickup_normalLight_back,148,Standing,Standing,True,0.849,0.0,43.4963
Bend_pickup_normalLight_back,149,Standing,Standing,True,0.851,0.0,51.6161
Bend_pickup_normalLight_back,150,Standing,Standing,True,0.854,0.0,61.6638
Bend_pickup_normalLight_back,151,Standing,Standing,True,0.857,0.0,42.5166
Bend_pickup_normalLight_back,152,Standing,Standing,True,0.858,0.0,38.8478
Bend_pickup_normalLight_back,153,Standing,Standing,True,0.857,0.0,45.7549
Bend_pickup_normalLight_back,154,Standing,Standing,True,0.859,0.0,49.9092
Bend_pickup_normalLight_back,155,Standing,Standing,True,0.86,0.0,33.9198
Bend_pickup_normalLight_back,156,Standing,Standing,True,0.863,0.0,39.3217
Bend_pickup_normalLight_back,157,Standing,Standing,True,0.868,0.0,53.3703
Bend_pickup_normalLight_back,158,Standing,Standing,True,0.875,0.0,49.9873
Bend_pickup_normalLight_back,159,Standing,Standing,True,0.882,0.0,46.6053
Bend_pickup_normalLight_back,160,Standing,Standing,True,0.893,0.0,37.5657
Bend_pickup_normalLight_back,161,Standing,Standing,True,0.903,0.0,41.1292
Bend_pickup_normalLight_back,162,Standing,Standing,True,0.909,0.0,47.5267
Bend_pickup_normalLight_back,163,Standing,Standing,True,0.912,0.0,35.9894
Bend_pickup_normalLight_back,164,Standing,Standing,True,0.912,0.0,36.9761
Bend_pickup_normalLight_back,165,Standing,Standing,True,0.91,0.0,49.6065
Bend_pickup_normalLight_back,166,Standing,Standing,True,0.908,0.0,49.0093
Bend_pickup_normalLight_back,167,Standing,Standing,True,0.911,0.0,39.2606
Bend_pickup_normalLight_back,168,Standing,Standing,True,0.924,0.0,45.1054
Bend_pickup_normalLight_back,169,Standing,Standing,True,0.937,0.0,45.9693
Bend_pickup_normalLight_back,170,Standing,Standing,True,0.948,0.0,43.27
Bend_pickup_normalLight_back,171,Standing,Standing,True,0.956,0.0,34.5405
Bend_pickup_normalLight_back,172,Standing,Standing,True,0.963,0.0,32.8205
Bend_pickup_normalLight_back,173,Standing,Standing,True,0.962,0.0,41.6893
Bend_pickup_normalLight_back,174,Standing,Standing,True,0.961,0.0,39.9051
Bend_pickup_normalLight_back,175,,Standing,,0.958,0.0,34.1402
Bend_pickup_normalLight_back,176,,Standing,,0.954,0.0,32.9876
Bend_pickup_normalLight_back,177,,Standing,,0.947,0.0,38.5011
Bend_pickup_normalLight_back,178,,Standing,,0.938,0.0,40.3084
Bend_pickup_normalLight_back,179,,Standing,,0.929,0.0,32.3497
Bend_pickup_normalLight_back,180,,Standing,,0.919,0.0,36.4298
Bend_pickup_normalLight_back,181,,Standing,,0.909,0.0,46.3249
Bend_pickup_normalLight_back,182,,Standing,,0.9,0.0,51.2805
Bend_pickup_normalLight_back,183,,Standing,,0.893,0.0,52.7152
Bend_pickup_normalLight_back,184,,Standing,,0.885,0.0,41.9344
Bend_pickup_normalLight_back,185,,Standing,,0.877,0.0,42.6942
Bend_pickup_normalLight_back,186,,Standing,,0.873,0.0,41.4585
Bend_pickup_normalLight_back,187,,Standing,,0.868,0.0,50.8388
Bend_pickup_normalLight_back,188,,Standing,,0.861,0.0,50.3345
Bend_pickup_normalLight_back,189,,Standing,,0.856,0.0,54.2189
Bend_pickup_normalLight_back,190,,Standing,,0.851,0.0,48.0338
Bend_pickup_normalLight_back,191,,Standing,,0.846,0.0,37.2484
Bend_pickup_normalLight_back,192,,Standing,,0.842,0.0,34.7096
Bend_pickup_normalLight_back,193,,Standing,,0.838,0.0,44.657
Bend_pickup_normalLight_back,194,,Standing,,0.832,0.0,44.1388
Bend_pickup_normalLight_back,195,,Standing,,0.824,0.0,34.2916
Bend_pickup_normalLight_back,196,,Standing,,0.816,0.0,86.0716
Bend_pickup_normalLight_back,197,,Standing,,0.811,0.0,47.0967
Bend_pickup_normalLight_back,198,,Standing,,0.805,0.0,36.1131
Bend_pickup_normalLight_back,199,,Standing,,0.804,0.0,36.401
Bend_pickup_normalLight_back,200,,Standing,,0.804,0.0,49.867
Bend_pickup_normalLight_back,201,,Standing,,0.802,0.0,65.3375
Bend_pickup_normalLight_back,202,,Standing,,0.798,0.0,56.5593
Bend_pickup_normalLight_back,203,,Standing,,0.789,0.0,47.6757
Bend_pickup_normalLight_back,204,,Standing,,0.775,0.0,61.8987
Bend_pickup_normalLight_back,205,,Standing,,0.755,0.0,60.9264
Bend_pickup_normalLight_back,206,,Standing,,0.73,0.0,52.7571
Bend_pickup_normalLight_back,207,,Standing,,0.697,0.0,46.45
Bend_pickup_normalLight_back,208,,Standing,,0.662,0.0,48.2909
Bend_pickup_normalLight_back,209,,Standing,,0.622,0.0,64.3254
Bend_pickup_normalLight_back,210,,Standing,,0.585,0.0,54.087
Bend_pickup_normalLight_back,211,,Standing,,0.545,0.0,54.2292
Bend_pickup_normalLight_back,212,,Standing,,0.508,0.0,61.0645
Bend_pickup_normalLight_back,213,,Standing,,0.475,0.0,47.1884
Bend_pickup_normalLight_back,214,,Standing,,0.449,0.0,39.3362
Bend_pickup_normalLight_back,215,,Standing,,0.425,0.0,39.798
Bend_pickup_normalLight_back,216,,Standing,,0.405,0.0,35.6106
Bend_pickup_normalLight_back,217,,Standing,,0.395,0.0,83.8023
Bend_pickup_normalLight_back,218,,Standing,,0.389,0.0,66.9617
Bend_pickup_normalLight_back,219,,Lying,,0.364,0.0,58.609
Bend_pickup_normalLight_back,220,,Lying,,0.371,0.0,57.2085
Bend_pickup_normalLight_back,221,,Lying,,0.374,0.0,46.484
Bend_pickup_normalLight_back,222,,Lying,,0.379,0.0,48.9659
Bend_pickup_normalLight_back,223,,Lying,,0.384,0.0,45.3615
Bend_pickup_normalLight_back,224,,Lying,,0.382,0.0,77.564
Bend_pickup_normalLight_back,225,,Sitting,,0.443,0.0,270.2251
Bend_pickup_normalLight_back,226,,Sitting,,0.465,0.0,96.7054
Bend_pickup_normalLight_back,227,,Sitting,,0.485,0.0,50.1064
Bend_pickup_normalLight_back,228,,Sitting,,0.525,0.0,41.1575
Bend_pickup_normalLight_back,229,,Sitting,,0.558,0.0,40.7297
Bend_pickup_normalLight_back,230,,Sitting,,0.587,0.0,50.714
Bend_pickup_normalLight_back,231,,Sitting,,0.607,0.0,55.1657
Bend_pickup_normalLight_back,232,,Sitting,,0.618,0.0,44.828
Bend_pickup_normalLight_back,233,,Sitting,,0.623,0.0,36.4771
Bend_pickup_normalLight_back,234,,Sitting,,0.621,0.0,38.8952
Bend_pickup_normalLight_back,235,,Sitting,,0.607,0.0,46.8002
Bend_pickup_normalLight_back,236,,Sitting,,0.581,0.0,35.2293
Bend_pickup_normalLight_back,237,,Sitting,,0.556,0.0,45.9274
Bend_pickup_normalLight_back,238,,Sitting,,0.519,0.0,34.3924
Bend_pickup_normalLight_back,239,,Sitting,,0.478,0.0,33.887
Bend_pickup_normalLight_back,240,,Sitting,,0.437,0.0,43.4437
Bend_pickup_normalLight_back,241,,Sitting,,0.42,0.0,39.8018
Bend_pickup_normalLight_back,242,,Sitting,,0.395,0.0,36.1752
Bend_pickup_normalLight_back,243,,Standing,,0.41,0.0,45.1818
Bend_pickup_normalLight_back,244,,Standing,,0.434,0.0,53.0827
Bend_pickup_normalLight_back,245,,Standing,,0.459,0.0,68.0494
Bend_pickup_normalLight_back,246,,Standing,,0.498,0.0,60.6513
Bend_pickup_normalLight_back,247,,Standing,,0.531,0.0,63.3644
Bend_pickup_normalLight_back,248,,Standing,,0.561,0.0,71.2493
Bend_pickup_normalLight_back,249,,Standing,,0.584,0.0,49.8058
Bend_pickup_normalLight_back,250,,Standing,,0.606,0.0,38.8672
Bend_pickup_normalLight_back,251,,Standing,,0.635,0.0,39.9949
Bend_pickup_normalLight_back,252,,Standing,,0.668,0.0,41.4265
Bend_pickup_normalLight_back,253,,Standing,,0.683,0.0,53.7834
Bend_pickup_normalLight_back,254,,Standing,,0.692,0.0,37.5216
Bend_pickup_normalLight_back,255,,Standing,,0.685,0.0,31.3448
Bend_pickup_normalLight_back,256,,Standing,,0.673,0.0,35.3273
Bend_pickup_normalLight_back,257,,Standing,,0.659,0.0,42.0301
Bend_pickup_normalLight_back,258,,Standing,,0.658,0.0,37.0811
Bend_pickup_normalLight_back,259,,Standing,,0.66,0.0,34.2866
Bend_pickup_normalLight_back,260,,Standing,,0.673,0.0,31.8769
Bend_pickup_normalLight_back,261,,Standing,,0.687,0.0,31.6769
Bend_pickup_normalLight_back,262,Standing,Standing,True,0.701,0.0,30.1628
Bend_pickup_normalLight_back,263,Standing,Standing,True,0.715,0.0,36.0357
Bend_pickup_normalLight_back,264,Standing,Standing,True,0.725,0.0,45.8418
Bend_pickup_normalLight_back,265,Standing,Standing,True,0.73,0.0,34.0942
Bend_pickup_normalLight_back,266,Standing,Standing,True,0.732,0.0,45.1311
Bend_pickup_normalLight_back,267,Standing,Standing,True,0.731,0.0,42.7216
Bend_pickup_normalLight_back,268,Standing,Standing,True,0.728,0.0,38.4463
Bend_pickup_normalLight_back,269,Standing,Standing,True,0.724,0.0,37.7167
Bend_pickup_normalLight_back,270,Standing,Standing,True,0.726,0.0,25.0907
Bend_pickup_normalLight_back,271,Standing,Standing,True,0.733,0.0,30.7011
Bend_pickup_normalLight_back,272,Standing,Standing,True,0.737,0.0,34.6919
Bend_pickup_normalLight_back,273,Standing,Standing,True,0.742,0.0,46.451
Bend_pickup_normalLight_back,274,Standing,Standing,True,0.752,0.0,66.6147
Bend_pickup_normalLight_back,275,Standing,Standing,True,0.763,0.0,49.4953
Bend_pickup_normalLight_back,276,Standing,Standing,True,0.771,0.0,41.5223
Bend_pickup_normalLight_back,277,Standing,Standing,True,0.779,0.0,37.673
Bend_pickup_normalLight_back,278,Standing,Standing,True,0.787,0.0,35.8907
Bend_pickup_normalLight_back,279,Standing,Standing,True,0.792,0.0,43.5963
Bend_pickup_normalLight_back,280,Standing,Standing,True,0.789,0.0,40.4554
Bend_pickup_normalLight_back,281,Standing,Standing,True,0.787,0.0,51.9471
Bend_pickup_normalLight_back,282,Standing,Standing,True,0.788,0.0,48.5003
Bend_pickup_normalLight_back,283,Standing,Standing,True,0.792,0.0,42.7937
Bend_pickup_normalLight_back,284,Standing,Standing,True,0.802,0.0,40.3237
Bend_pickup_normalLight_back,285,Standing,Standing,True,0.815,0.0,43.3793
Bend_pickup_normalLight_back,286,Standing,Standing,True,0.822,0.0,43.0582
Bend_pickup_normalLight_back,287,Standing,Standing,True,0.826,0.0,39.8208
Bend_pickup_normalLight_back,288,Standing,Standing,True,0.826,0.0,69.7072
Bend_pickup_normalLight_back,289,Standing,Standing,True,0.818,0.0,56.4327
Bend_pickup_normalLight_back,290,Standing,Standing,True,0.808,0.0,51.8661
Bend_pickup_normalLight_back,291,Standing,Standing,True,0.803,0.0,57.623
Bend_pickup_normalLight_back,292,,Standing,,0.806,0.0,72.206
Bend_pickup_normalLight_back,293,,Standing,,0.816,0.0,64.8885
Bend_pickup_normalLight_back,294,,Standing,,0.827,0.0,208.3552
Bend_pickup_normalLight_back,295,,Standing,,0.843,0.0,62.9184
Bend_pickup_normalLight_back,296,,Standing,,0.857,0.0,54.6571
Bend_pickup_normalLight_back,297,,Standing,,0.861,0.0,50.1029
Bend_pickup_normalLight_back,298,,Standing,,0.858,0.0,36.4856
Bend_pickup_normalLight_back,299,,Standing,,0.855,0.0,38.8896
Bend_pickup_normalLight_back,300,,Standing,,0.85,0.0,40.2563
Bend_pickup_normalLight_back,301,,Standing,,0.842,0.0,42.7633
Bend_pickup_normalLight_back,302,,Standing,,0.838,0.0,34.8501
Bend_pickup_normalLight_back,303,,Standing,,0.839,0.0,36.5885
Bend_pickup_normalLight_back,304,,Standing,,0.839,0.0,33.5104
Bend_pickup_normalLight_back,305,,Standing,,0.844,0.0,33.0777
Bend_pickup_normalLight_back,306,,Standing,,0.851,0.0,39.0866
Bend_pickup_normalLight_back,307,,Standing,,0.859,0.0,29.4469
Bend_pickup_normalLight_back,308,,Standing,,0.862,0.0,30.4184
Bend_pickup_normalLight_back,309,,Standing,,0.865,0.0,33.7947
Bend_pickup_normalLight_back,310,,Standing,,0.868,0.0,45.3218
Bend_pickup_normalLight_back,311,,Standing,,0.871,0.0,38.6864
Bend_pickup_normalLight_back,312,,Standing,,0.873,0.0,38.7838
Bend_pickup_normalLight_back,313,,Standing,,0.879,0.0,41.0467
Bend_pickup_normalLight_back,314,,Standing,,0.883,0.0,44.7244
Bend_pickup_normalLight_back,315,,Standing,,0.885,0.0,38.205
Bend_pickup_normalLight_back,316,,Standing,,0.888,0.0,36.0062
Bend_pickup_normalLight_back,317,,Standing,,0.893,0.0,43.6272
Bend_pickup_normalLight_back,318,,Standing,,0.904,0.0,31.8931
Bend_pickup_normalLight_back,319,,Standing,,0.915,0.0,31.5001
Bend_pickup_normalLight_back,320,,Standing,,0.925,0.0,37.3004
Bend_pickup_normalLight_back,321,,Standing,,0.936,0.0,35.5858
Bend_pickup_normalLight_back,322,,Standing,,0.941,0.0,34.4182
Bend_pickup_normalLight_back,323,,Standing,,0.942,0.0,37.736
Bend_pickup_normalLight_back,324,,Standing,,0.94,0.0,37.2671
Bend_pickup_normalLight_back,325,,Standing,,0.936,0.0,31.6059
Bend_pickup_normalLight_back,326,,Standing,,0.926,0.0,33.3355
Bend_pickup_normalLight_back,327,,Standing,,0.913,0.0,32.3546
Bend_pickup_normalLight_back,328,,Standing,,0.898,0.0,34.4466
Bend_pickup_normalLight_back,329,,Standing,,0.877,0.0,31.9136
Bend_pickup_normalLight_back,330,,Standing,,0.848,0.0,30.8559
Bend_pickup_normalLight_back,331,,Standing,,0.823,0.0,29.5689
Bend_pickup_normalLight_back,332,,Standing,,0.796,0.0,29.4782
Bend_pickup_normalLight_back,333,,Standing,,0.768,0.0,37.0949
Bend_pickup_normalLight_back,334,,Standing,,0.744,0.0,27.5228
Bend_pickup_normalLight_back,335,,Standing,,0.726,0.0,30.1868
Bend_pickup_normalLight_back,336,,Standing,,0.708,0.0,30.381
Bend_pickup_normalLight_back,337,,Standing,,0.688,0.0,31.8035
Bend_pickup_normalLight_back,338,,Standing,,0.661,0.0,34.6947
Bend_pickup_normalLight_back,339,,Standing,,0.615,0.0,31.1758
Bend_pickup_normalLight_back,340,,Standing,,0.597,0.0,30.2857
Bend_pickup_normalLight_back,341,,Standing,,0.571,0.0,29.8092
Bend_pickup_normalLight_back,342,,Sitting,,0.567,0.0,27.5231
Bend_pickup_normalLight_back,343,,Sitting,,0.603,0.0,30.4198
Bend_pickup_normalLight_back,344,,Sitting,,0.636,0.0,31.0675
Bend_pickup_normalLight_back,345,,Sitting,,0.704,0.0,30.5912
Bend_pickup_normalLight_back,346,,Sitting,,0.752,0.0,29.4484
Bend_pickup_normalLight_back,347,,Sitting,,0.788,0.0,29.6797
Bend_pickup_normalLight_back,348,,Sitting,,0.812,0.0,27.868
Bend_pickup_normalLight_back,349,,Sitting,,0.821,0.0,28.1276
Bend_pickup_normalLight_back,350,,Sitting,,0.822,0.0,28.2115
Bend_pickup_normalLight_back,351,,Sitting,,0.814,0.0,26.3861
Bend_pickup_normalLight_back,352,,Sitting,,0.803,0.0,29.2753
Bend_pickup_normalLight_back,353,,Sitting,,0.784,0.0,28.1865
Bend_pickup_normalLight_back,354,,Sitting,,0.766,0.0,34.126
Bend_pickup_normalLight_back,355,,Sitting,,0.746,0.0,37.7442
Bend_pickup_normalLight_back,356,,Sitting,,0.728,0.0,36.4521
Bend_pickup_normalLight_back,357,,Sitting,,0.711,0.0,32.9734
Bend_pickup_normalLight_back,358,,Sitting,,0.697,0.0,31.4126
Bend_pickup_normalLight_back,359,,Sitting,,0.683,0.0,37.0539
Bend_pickup_normalLight_back,360,,Sitting,,0.668,0.0,30.9774
Bend_pickup_normalLight_back,361,,Sitting,,0.657,0.0,36.079
Bend_pickup_normalLight_back,362,,Sitting,,0.647,0.0,31.4378
Bend_pickup_normalLight_back,363,,Sitting,,0.641,0.0,34.5353
Bend_pickup_normalLight_back,364,,Sitting,,0.638,0.0,30.581
Bend_pickup_normalLight_back,365,,Sitting,,0.636,0.0,27.625
Bend_pickup_normalLight_back,366,,Sitting,,0.634,0.0,32.1903
Bend_pickup_normalLight_back,367,,Sitting,,0.631,0.0,30.6218
Bend_pickup_normalLight_back,368,,Sitting,,0.627,0.0,29.374
Bend_pickup_normalLight_back,369,,Sitting,,0.621,0.0,33.3778
Bend_pickup_normalLight_back,370,,Sitting,,0.621,0.0,32.3178
Bend_pickup_normalLight_back,371,,Sitting,,0.62,0.0,30.4069
Bend_pickup_normalLight_back,372,,Sitting,,0.619,0.0,29.7736
Bend_pickup_normalLight_back,373,,Sitting,,0.618,0.0,42.4624
Bend_pickup_normalLight_back,374,,Sitting,,0.617,0.0,50.3951
Bend_pickup_normalLight_back,375,,Sitting,,0.619,0.0,53.9155
Bend_pickup_normalLight_back,376,,Sitting,,0.62,0.0,40.1609
Bend_pickup_normalLight_back,377,,Sitting,,0.623,0.0,30.8965
Bend_pickup_normalLight_back,378,,Sitting,,0.627,0.0,34.707
Bend_pickup_normalLight_back,379,,Sitting,,0.63,0.0,36.5696
Bend_pickup_normalLight_back,380,,Sitting,,0.634,0.0,37.0779
Bend_pickup_normalLight_back,381,,Sitting,,0.636,0.0,30.7786
Bend_pickup_normalLight_back,382,,Sitting,,0.635,0.0,30.5716
Bend_pickup_normalLight_back,383,,Sitting,,0.636,0.0,29.7939
Bend_pickup_normalLight_back,384,,Sitting,,0.638,0.0,28.2931
Bend_pickup_normalLight_back,385,,Sitting,,0.637,0.0,42.8195
Bend_pickup_normalLight_back,386,,Sitting,,0.639,0.0,42.9924
Bend_pickup_normalLight_back,387,,Sitting,,0.65,0.0,28.5158
Bend_pickup_normalLight_back,388,,Sitting,,0.661,0.0,29.5344
Bend_pickup_normalLight_back,389,,Sitting,,0.673,0.0,29.9986
Bend_pickup_normalLight_back,390,,Sitting,,0.688,0.0,30.2379
Bend_pickup_normalLight_back,391,,Sitting,,0.701,0.0,27.6242
Bend_pickup_normalLight_back,392,,Sitting,,0.709,0.0,31.878
Bend_pickup_normalLight_back,393,,Sitting,,0.709,0.0,31.1477
Bend_pickup_normalLight_back,394,,Sitting,,0.7,0.0,39.8713
Bend_pickup_normalLight_back,395,,Sitting,,0.679,0.0,41.4317
Bend_pickup_normalLight_back,396,,Sitting,,0.65,0.0,42.2719
Bend_pickup_normalLight_back,397,,Sitting,,0.608,0.0,36.0257
Bend_pickup_normalLight_back,398,,Sitting,,0.565,0.0,34.286
Bend_pickup_normalLight_back,399,,Sitting,,0.542,0.0,33.894
Bend_pickup_normalLight_back,400,,Sitting,,0.519,0.0,30.1585
Bend_pickup_normalLight_back,401,,Standing,,0.511,0.0,33.7272
Bend_pickup_normalLight_back,402,,Standing,,0.538,0.0,31.0711
Bend_pickup_normalLight_back,403,,Standing,,0.559,0.0,31.7448
Bend_pickup_normalLight_back,404,,Standing,,0.603,0.0,29.9721
Bend_pickup_normalLight_back,405,,Standing,,0.638,0.0,28.5802
Bend_pickup_normalLight_back,406,,Standing,,0.663,0.0,30.8925
Bend_pickup_normalLight_back,407,,Standing,,0.684,0.0,28.3299
Bend_pickup_normalLight_back,408,,Standing,,0.698,0.0,31.3226
Bend_pickup_normalLight_back,409,,Standing,,0.709,0.0,40.1449
Bend_pickup_normalLight_back,410,,Standing,,0.714,0.0,32.5582
Bend_pickup_normalLight_back,411,,Standing,,0.722,0.0,32.8853
Bend_pickup_normalLight_back,412,,Standing,,0.729,0.0,32.0759
Bend_pickup_normalLight_back,413,,Standing,,0.738,0.0,35.0153
Bend_pickup_normalLight_back,414,,Standing,,0.747,0.0,33.6501
Bend_pickup_normalLight_back,415,,Standing,,0.765,0.0,30.733
Bend_pickup_normalLight_back,416,,Standing,,0.778,0.0,30.2382
Bend_pickup_normalLight_back,417,,Standing,,0.792,0.0,32.4188
Bend_pickup_normalLight_back,418,,Standing,,0.808,0.0,32.487
Bend_pickup_normalLight_back,419,,Standing,,0.822,0.0,37.0266
Bend_pickup_normalLight_back,420,,Standing,,0.834,0.0,38.9524
Bend_pickup_normalLight_back,421,,Standing,,0.844,0.0,47.3699
Bend_pickup_normalLight_back,422,,Standing,,0.852,0.0,33.9237
Bend_pickup_normalLight_back,423,,Standing,,0.858,0.0,38.1375
Bend_pickup_normalLight_back,424,,Standing,,0.864,0.0,36.4131
Bend_pickup_normalLight_back,425,,Standing,,0.866,0.0,37.7005
Bend_pickup_normalLight_back,426,,Standing,,0.869,0.0,36.6745
Bend_pickup_normalLight_back,427,,Standing,,0.869,0.0,31.4978
Bend_pickup_normalLight_back,428,,Standing,,0.866,0.0,35.7397
Bend_pickup_normalLight_back,429,,Standing,,0.86,0.0,39.9638
Bend_pickup_normalLight,31,,Standing,,0.93,0.0,38.0123
Bend_pickup_normalLight,32,,Standing,,0.931,0.0,35.5862
Bend_pickup_normalLight,33,,Standing,,0.932,0.0,30.836
Bend_pickup_normalLight,34,,Standing,,0.934,0.0,35.0017
Bend_pickup_normalLight,35,,Standing,,0.937,0.0,39.6475
Bend_pickup_normalLight,36,,Standing,,0.941,0.0,37.5568
Bend_pickup_normalLight,37,,Standing,,0.945,0.0,56.1307
Bend_pickup_normalLight,38,,Standing,,0.949,0.0,47.4051
Bend_pickup_normalLight,39,,Standing,,0.953,0.0,45.9338
Bend_pickup_normalLight,40,,Standing,,0.953,0.0,51.0932
Bend_pickup_normalLight,41,,Standing,,0.955,0.0,49.4797
Bend_pickup_normalLight,42,,Standing,,0.954,0.0,45.4001
Bend_pickup_normalLight,43,,Standing,,0.948,0.0,45.9253
Bend_pickup_normalLight,44,,Standing,,0.943,0.0,35.4533
Bend_pickup_normalLight,45,,Standing,,0.931,0.0,32.1631
Bend_pickup_normalLight,46,,Standing,,0.916,0.0,32.5241
Bend_pickup_normalLight,47,,Standing,,0.902,0.0,39.4846
Bend_pickup_normalLight,48,,Standing,,0.884,0.0,44.8872
Bend_pickup_normalLight,49,,Standing,,0.864,0.0,32.2525
Bend_pickup_normalLight,50,,Standing,,0.847,0.0,33.8782
Bend_pickup_normalLight,51,,Standing,,0.816,0.0,33.0182
Bend_pickup_normalLight,52,,Standing,,0.78,0.0,34.6835
Bend_pickup_normalLight,53,,Standing,,0.744,0.0,36.7864
Bend_pickup_normalLight,54,,Standing,,0.708,0.0,35.5468
Bend_pickup_normalLight,55,,Standing,,0.674,0.0,33.3732
Bend_pickup_normalLight,56,,Standing,,0.633,0.0,40.6405
Bend_pickup_normalLight,57,,Standing,,0.587,0.0,41.185
Bend_pickup_normalLight,58,,Standing,,0.548,0.0,46.6249
Bend_pickup_normalLight,59,,Standing,,0.495,0.0,59.7521
Bend_pickup_normalLight,60,,Standing,,0.447,0.0,59.4096
Bend_pickup_normalLight,61,,Standing,,0.43,0.0,66.2362
Bend_pickup_normalLight,62,,Standing,,0.433,0.0,50.5639
Bend_pickup_normalLight,63,,Standing,,0.432,0.0,53.5242
Bend_pickup_normalLight,64,,Standing,,0.435,0.0,71.9778
Bend_pickup_normalLight,65,,Standing,,0.423,0.0,60.9735
Bend_pickup_normalLight,66,,Standing,,0.401,0.0,61.2464
Bend_pickup_normalLight,67,,Standing,,0.376,0.0,60.8366
Bend_pickup_normalLight,68,,Standing,,0.35,0.0,66.2725
Bend_pickup_normalLight,69,,Standing,,0.348,0.0,66.8628
Bend_pickup_normalLight,70,,Standing,,0.365,0.0,58.3261
Bend_pickup_normalLight,71,,Standing,,0.387,0.0,57.6251
Bend_pickup_normalLight,72,,Standing,,0.41,0.0,65.9889
Bend_pickup_normalLight,73,,Standing,,0.434,0.0,55.444
Bend_pickup_normalLight,74,,Standing,,0.441,0.0,56.9649
Bend_pickup_normalLight,75,,Standing,,0.446,0.0,63.9732
Bend_pickup_normalLight,76,,Standing,,0.448,0.0,57.4466
Bend_pickup_normalLight,77,,Standing,,0.451,0.0,56.767
Bend_pickup_normalLight,78,,Standing,,0.459,0.0,49.1623
Bend_pickup_normalLight,79,,Standing,,0.486,0.0,58.1612
Bend_pickup_normalLight,80,,Standing,,0.509,0.0,52.2134
Bend_pickup_normalLight,81,,Standing,,0.531,0.0,48.4858
Bend_pickup_normalLight,82,Standing,Standing,True,0.552,0.0,87.0232
Bend_pickup_normalLight,83,Standing,Standing,True,0.566,0.0,69.4167
Bend_pickup_normalLight,84,Standing,Standing,True,0.58,0.0,64.7657
Bend_pickup_normalLight,85,Standing,Standing,True,0.593,0.0,64.5341
Bend_pickup_normalLight,86,Standing,Standing,True,0.606,0.0,75.4516
Bend_pickup_normalLight,87,Standing,Standing,True,0.618,0.0,71.9856
Bend_pickup_normalLight,88,Standing,Standing,True,0.634,0.0,85.7728
Bend_pickup_normalLight,89,Standing,Standing,True,0.641,0.0,89.428
Bend_pickup_normalLight,90,Standing,Standing,True,0.655,0.0,77.1029
Bend_pickup_normalLight,91,Standing,Standing,True,0.668,0.0,68.5965
Bend_pickup_normalLight,92,Standing,Standing,True,0.677,0.0,37.6731
Bend_pickup_normalLight,93,Standing,Standing,True,0.688,0.0,40.0567
Bend_pickup_normalLight,94,Standing,Standing,True,0.699,0.0,36.9723
Bend_pickup_normalLight,95,Standing,Standing,True,0.705,0.0,36.9822
Bend_pickup_normalLight,96,Standing,Standing,True,0.716,0.0,30.6674
Bend_pickup_normalLight,97,Standing,Standing,True,0.737,0.0,31.2544
Bend_pickup_normalLight,98,Standing,Standing,True,0.759,0.0,29.698
Bend_pickup_normalLight,99,Standing,Standing,True,0.778,0.0,28.5097
Bend_pickup_normalLight,100,Standing,Standing,True,0.797,0.0,32.5161
Bend_pickup_normalLight,101,Standing,Standing,True,0.812,0.0,28.2536
Bend_pickup_normalLight,102,Standing,Standing,True,0.826,0.0,29.0143
Bend_pickup_normalLight,103,Standing,Standing,True,0.84,0.0,28.5282
Bend_pickup_normalLight,104,Standing,Standing,True,0.852,0.0,28.2853
Bend_pickup_normalLight,105,Standing,Standing,True,0.859,0.0,32.4685
Bend_pickup_normalLight,106,Standing,Standing,True,0.867,0.0,38.7674
Bend_pickup_normalLight,107,Standing,Standing,True,0.874,0.0,35.4732
Bend_pickup_normalLight,108,Standing,Standing,True,0.875,0.0,38.0277
Bend_pickup_normalLight,109,Standing,Standing,True,0.879,0.0,39.9363
Bend_pickup_normalLight,110,,Standing,,0.882,0.0,41.9708
Bend_pickup_normalLight,111,,Standing,,0.885,0.0,44.316
Bend_pickup_normalLight,112,,Standing,,0.887,0.0,35.5848
Bend_pickup_normalLight,113,,Standing,,0.893,0.0,38.7047
Bend_pickup_normalLight,114,,Standing,,0.9,0.0,47.492
Bend_pickup_normalLight,115,,Standing,,0.911,0.0,41.3601
Bend_pickup_normalLight,116,,Standing,,0.921,0.0,50.7413
Bend_pickup_normalLight,117,,Standing,,0.926,0.0,60.2162
Bend_pickup_normalLight,118,,Standing,,0.93,0.0,48.096
Bend_pickup_normalLight,119,,Standing,,0.932,0.0,52.8605
Bend_pickup_normalLight,120,,Standing,,0.931,0.0,38.8181
Bend_pickup_normalLight,121,,Standing,,0.933,0.0,47.0297
Bend_pickup_normalLight,122,,Standing,,0.937,0.0,50.8108
Bend_pickup_normalLight,123,,Standing,,0.942,0.0,41.4017
Bend_pickup_normalLight,124,,Standing,,0.95,0.0,40.8459
Bend_pickup_normalLight,125,,Standing,,0.963,0.0,32.1167
Bend_pickup_normalLight,126,,Standing,,0.976,0.0,31.9194
Bend_pickup_normalLight,127,,Standing,,0.986,0.0,34.022
Bend_pickup_normalLight,128,,Standing,,0.995,0.0,33.8554
Bend_pickup_normalLight,129,,Standing,,0.999,0.0,32.8781
Bend_pickup_normalLight,130,,Standing,,0.999,0.0,27.838
Bend_pickup_normalLight,131,,Standing,,0.999,0.0,32.0904
Bend_pickup_normalLight,132,,Standing,,0.999,0.0,35.1243
Bend_pickup_normalLight,133,,Standing,,0.999,0.0,32.8158
Bend_pickup_normalLight,134,,Standing,,0.999,0.0,43.7944
Bend_pickup_normalLight,135,,Standing,,0.999,0.0,43.9477
Bend_pickup_normalLight,136,,Standing,,0.999,0.0,34.8102
Bend_pickup_normalLight,137,,Standing,,0.999,0.0,39.3405
Bend_pickup_normalLight,138,,Standing,,0.997,0.0,36.773
Bend_pickup_normalLight,139,,Standing,,0.994,0.0,48.6634
Bend_pickup_normalLight,140,,Standing,,0.989,0.0,46.0582
Bend_pickup_normalLight_leftRight,31,,Standing,,0.759,0.0,43.6743
Bend_pickup_normalLight_leftRight,32,,Standing,,0.729,0.0,34.472
Bend_pickup_normalLight_leftRight,33,,Standing,,0.714,0.0,53.7835
Bend_pickup_normalLight_leftRight,34,,Standing,,0.692,0.0,41.5038
Bend_pickup_normalLight_leftRight,35,,Standing,,0.671,0.0,33.0627
Bend_pickup_normalLight_leftRight,36,,Standing,,0.621,0.0,42.4175
Bend_pickup_normalLight_leftRight,37,,Standing,,0.575,0.0,40.8517
Bend_pickup_normalLight_leftRight,38,,Standing,,0.515,0.0,49.1125
Bend_pickup_normalLight_leftRight,39,,Standing,,0.488,0.0,39.6807
Bend_pickup_normalLight_leftRight,40,,Standing,,0.455,0.0,43.1846
Bend_pickup_normalLight_leftRight,41,,Sitting,,0.396,0.0,33.9106
Bend_pickup_normalLight_leftRight,42,,Sitting,,0.417,0.0,31.6507
Bend_pickup_normalLight_leftRight,43,,Sitting,,0.429,0.0,33.1378
Bend_pickup_normalLight_leftRight,44,,Sitting,,0.459,0.0,33.7542
Bend_pickup_normalLight_leftRight,45,,Sitting,,0.487,0.0,27.454
Bend_pickup_normalLight_leftRight,46,,Sitting,,0.503,0.0,30.8202
Bend_pickup_normalLight_leftRight,47,,Sitting,,0.52,0.0,28.0404
Bend_pickup_normalLight_leftRight,48,,Sitting,,0.537,0.0,27.9394
Bend_pickup_normalLight_leftRight,49,,Sitting,,0.546,0.0,26.3305
Bend_pickup_normalLight_leftRight,50,,Sitting,,0.559,0.0,27.7587
Bend_pickup_normalLight_leftRight,51,,Sitting,,0.57,0.0,40.9536
Bend_pickup_normalLight_leftRight,52,,Sitting,,0.581,0.0,42.9892
Bend_pickup_normalLight_leftRight,53,,Sitting,,0.587,0.0,39.5092
Bend_pickup_normalLight_leftRight,54,,Sitting,,0.597,0.0,40.2854
Bend_pickup_normalLight_leftRight,55,,Sitting,,0.599,0.0,41.7008
Bend_pickup_normalLight_leftRight,56,,Sitting,,0.599,0.0,40.8857
Bend_pickup_normalLight_leftRight,57,,Sitting,,0.596,0.0,37.5005
Bend_pickup_normalLight_leftRight,58,,Sitting,,0.598,0.0,35.1043
Bend_pickup_normalLight_leftRight,59,,Sitting,,0.602,0.0,37.3847
Bend_pickup_normalLight_leftRight,60,,Sitting,,0.605,0.0,37.6575
Bend_pickup_normalLight_leftRight,61,,Sitting,,0.605,0.0,34.4988
Bend_pickup_normalLight_leftRight,62,,Sitting,,0.601,0.0,45.4941
Bend_pickup_normalLight_leftRight,63,,Sitting,,0.598,0.0,67.4725
Bend_pickup_normalLight_leftRight,64,,Sitting,,0.59,0.0,31.4631
Bend_pickup_normalLight_leftRight,65,,Sitting,,0.585,0.0,45.9451
Bend_pickup_normalLight_leftRight,66,,Sitting,,0.581,0.0,40.6425
Bend_pickup_normalLight_leftRight,67,,Sitting,,0.577,0.0,37.6465
Bend_pickup_normalLight_leftRight,68,,Sitting,,0.572,0.0,38.4323
Bend_pickup_normalLight_leftRight,69,,Sitting,,0.568,0.0,34.8358
Bend_pickup_normalLight_leftRight,70,,Sitting,,0.562,0.0,30.1483
Bend_pickup_normalLight_leftRight,71,,Sitting,,0.555,0.0,38.1647
Bend_pickup_normalLight_leftRight,72,,Sitting,,0.551,0.0,29.2514
Bend_pickup_normalLight_leftRight,73,,Sitting,,0.547,0.0,35.9188
Bend_pickup_normalLight_leftRight,74,,Sitting,,0.542,0.0,37.4779
Bend_pickup_normalLight_leftRight,75,,Sitting,,0.541,0.0,36.7632
Bend_pickup_normalLight_leftRight,76,,Sitting,,0.539,0.0,33.5507
Bend_pickup_normalLight_leftRight,77,,Sitting,,0.53,0.0,54.4965
Bend_pickup_normalLight_leftRight,78,,Sitting,,0.514,0.0,48.9541
Bend_pickup_normalLight_leftRight,79,,Sitting,,0.493,0.0,50.9036
Bend_pickup_normalLight_leftRight,80,,Sitting,,0.461,0.0,48.0527
Bend_pickup_normalLight_leftRight,81,,Sitting,,0.434,0.0,50.3293
Bend_pickup_normalLight_leftRight,82,,Sitting,,0.413,0.0,40.1974
Bend_pickup_normalLight_leftRight,83,,Sitting,,0.396,0.0,61.9545
Bend_pickup_normalLight_leftRight,84,,Sitting,,0.388,0.0,61.8454
Bend_pickup_normalLight_leftRight,85,,Sitting,,0.389,0.0,58.7521
Bend_pickup_normalLight_leftRight,86,,Sitting,,0.383,0.0,50.0418
Bend_pickup_normalLight_leftRight,87,Standing,Sitting,False,0.382,0.0,57.7231
Bend_pickup_normalLight_leftRight,88,Standing,Sitting,False,0.383,0.0,53.3169
Bend_pickup_normalLight_leftRight,89,Standing,Standing,True,0.401,0.0,48.2206
Bend_pickup_normalLight_leftRight,90,Standing,Standing,True,0.423,0.0,48.6765
Bend_pickup_normalLight_leftRight,91,Standing,Standing,True,0.441,0.0,53.5971
Bend_pickup_normalLight_leftRight,92,Standing,Standing,True,0.478,0.0,59.7006
Bend_pickup_normalLight_leftRight,93,Standing,Standing,True,0.517,0.0,45.168
Bend_pickup_normalLight_leftRight,94,Standing,Standing,True,0.557,0.0,52.3011
Bend_pickup_normalLight_leftRight,95,Standing,Standing,True,0.587,0.0,46.4714
Bend_pickup_normalLight_leftRight,96,Standing,Standing,True,0.618,0.0,53.303
Bend_pickup_normalLight_leftRight,97,Standing,Standing,True,0.644,0.0,50.863
Bend_pickup_normalLight_leftRight,98,Standing,Standing,True,0.668,0.0,60.2584
Bend_pickup_normalLight_leftRight,99,Standing,Standing,True,0.681,0.0,55.4014
Bend_pickup_normalLight_leftRight,100,Standing,Standing,True,0.696,0.0,60.6226
Bend_pickup_normalLight_leftRight,101,Standing,Standing,True,0.706,0.0,52.8199
Bend_pickup_normalLight_leftRight,102,Standing,Standing,True,0.715,0.0,66.8958
Bend_pickup_normalLight_leftRight,103,Standing,Standing,True,0.716,0.0,69.2767
Bend_pickup_normalLight_leftRight,104,Standing,Standing,True,0.718,0.0,56.3821
Bend_pickup_normalLight_leftRight,105,Standing,Standing,True,0.722,0.0,52.3913
Bend_pickup_normalLight_leftRight,106,Standing,Standing,True,0.726,0.0,55.788
Bend_pickup_normalLight_leftRight,107,Standing,Standing,True,0.731,0.0,49.5354
Bend_pickup_normalLight_leftRight,108,Standing,Standing,True,0.741,0.0,70.4508
Bend_pickup_normalLight_leftRight,109,Standing,Standing,True,0.75,0.0,65.0772
Bend_pickup_normalLight_leftRight,110,Standing,Standing,True,0.756,0.0,59.4467
Bend_pickup_normalLight_leftRight,111,Standing,Standing,True,0.756,0.0,40.3326
Bend_pickup_normalLight_leftRight,112,Standing,Standing,True,0.753,0.0,55.172
Bend_pickup_normalLight_leftRight,113,Standing,Standing,True,0.749,0.0,53.2307
Bend_pickup_normalLight_leftRight,114,Standing,Standing,True,0.744,0.0,56.5444
Bend_pickup_normalLight_leftRight,115,Standing,Standing,True,0.742,0.0,56.8239
Bend_pickup_normalLight_leftRight,116,Standing,Standing,True,0.746,0.0,56.6241
Bend_pickup_normalLight_leftRight,117,Standing,Standing,True,0.751,0.0,58.4777
Bend_pickup_normalLight_leftRight,118,Standing,Standing,True,0.755,0.0,47.1945
Bend_pickup_normalLight_leftRight,119,Standing,Standing,True,0.762,0.0,48.7157
Bend_pickup_normalLight_leftRight,120,Standing,Standing,True,0.765,0.0,51.1636
Bend_pickup_normalLight_leftRight,121,Standing,Standing,True,0.765,0.0,46.3277
Bend_pickup_normalLight_leftRight,122,Standing,Standing,True,0.769,0.0,62.6054
Bend_pickup_normalLight_leftRight,123,Standing,Standing,True,0.783,0.0,60.1279
Bend_pickup_normalLight_leftRight,124,Standing,Standing,True,0.796,0.0,54.2953
Bend_pickup_normalLight_leftRight,125,Standing,Standing,True,0.807,0.0,42.3985
Bend_pickup_normalLight_leftRight,126,Standing,Standing,True,0.821,0.0,35.6278
Bend_pickup_normalLight_leftRight,127,Standing,Standing,True,0.831,0.0,44.31
Bend_pickup_normalLight_leftRight,128,Standing,Standing,True,0.83,0.0,37.5972
Bend_pickup_normalLight_leftRight,129,Standing,Standing,True,0.83,0.0,34.4255
Bend_pickup_normalLight_leftRight,130,Standing,Standing,True,0.837,0.0,33.7506
Bend_pickup_normalLight_leftRight,131,Standing,Standing,True,0.845,0.0,30.5906
Bend_pickup_normalLight_leftRight,132,Standing,Standing,True,0.856,0.0,36.0189
Bend_pickup_normalLight_leftRight,133,Standing,Standing,True,0.869,0.0,32.912
Bend_pickup_normalLight_leftRight,134,Standing,Standing,True,0.882,0.0,40.3639
Bend_pickup_normalLight_leftRight,135,Standing,Standing,True,0.889,0.0,38.2294
Bend_pickup_normalLight_leftRight,136,Standing,Standing,True,0.897,0.0,37.4826
Bend_pickup_normalLight_leftRight,137,Standing,Standing,True,0.902,0.0,32.9328
Bend_pickup_normalLight_leftRight,138,Standing,Standing,True,0.904,0.0,32.3463
Bend_pickup_normalLight_leftRight,139,Standing,Standing,True,0.906,0.0,39.4331
Bend_pickup_normalLight_leftRight,140,Standing,Standing,True,0.906,0.0,30.1099
Bend_pickup_normalLight_leftRight,141,Standing,Standing,True,0.904,0.0,37.912
Bend_pickup_normalLight_leftRight,142,Standing,Standing,True,0.896,0.0,34.0979
Bend_pickup_normalLight_leftRight,143,Standing,Standing,True,0.89,0.0,43.9892
Bend_pickup_normalLight_leftRight,144,Standing,Standing,True,0.88,0.0,36.1212
Bend_pickup_normalLight_leftRight,145,Standing,Standing,True,0.871,0.0,32.974
Bend_pickup_normalLight_leftRight,146,Standing,Standing,True,0.86,0.0,32.0529
Bend_pickup_normalLight_leftRight,147,Standing,Standing,True,0.854,0.0,33.2645
Bend_pickup_normalLight_leftRight,148,Standing,Standing,True,0.85,0.0,38.2753
Bend_pickup_normalLight_leftRight,149,Standing,Standing,True,0.853,0.0,36.2181
Bend_pickup_normalLight_leftRight,150,Standing,Standing,True,0.855,0.0,49.78
Bend_pickup_normalLight_leftRight,151,Standing,Standing,True,0.861,0.0,33.1704
Bend_pickup_normalLight_leftRight,152,Standing,Standing,True,0.869,0.0,34.7227
Bend_pickup_normalLight_leftRight,153,Standing,Standing,True,0.877,0.0,37.0082
Bend_pickup_normalLight_leftRight,154,Standing,Standing,True,0.884,0.0,38.2554
Bend_pickup_normalLight_leftRight,155,Standing,Standing,True,0.893,0.0,44.8741
Bend_pickup_normalLight_leftRight,156,Standing,Standing,True,0.899,0.0,33.7744
Bend_pickup_normalLight_leftRight,157,Standing,Standing,True,0.903,0.0,34.1844
Bend_pickup_normalLight_leftRight,158,Standing,Standing,True,0.904,0.0,33.366
Bend_pickup_normalLight_leftRight,159,Standing,Standing,True,0.906,0.0,44.5798
Bend_pickup_normalLight_leftRight,160,Standing,Standing,True,0.907,0.0,50.2459
Bend_pickup_normalLight_leftRight,161,Standing,Standing,True,0.909,0.0,39.0718
Bend_pickup_normalLight_leftRight,162,Standing,Standing,True,0.912,0.0,28.7501
Bend_pickup_normalLight_leftRight,163,Standing,Standing,True,0.916,0.0,30.1486
Bend_pickup_normalLight_leftRight,164,Standing,Standing,True,0.918,0.0,29.9585
Bend_pickup_normalLight_leftRight,165,Standing,Standing,True,0.917,0.0,30.3424
Bend_pickup_normalLight_leftRight,166,Standing,Standing,True,0.916,0.0,29.1922
Bend_pickup_normalLight_leftRight,167,Standing,Standing,True,0.915,0.0,44.7725
Bend_pickup_normalLight_leftRight,168,Standing,Standing,True,0.912,0.0,64.8812
Bend_pickup_normalLight_leftRight,169,Standing,Standing,True,0.911,0.0,75.4721
Bend_pickup_normalLight_leftRight,170,Standing,Standing,True,0.912,0.0,42.2563
Bend_pickup_normalLight_leftRight,171,Standing,Standing,True,0.911,0.0,62.5538
Bend_pickup_normalLight_leftRight,172,Standing,Standing,True,0.911,0.0,59.78
Bend_pickup_normalLight_leftRight,173,Standing,Standing,True,0.911,0.0,61.3505
Bend_pickup_normalLight_leftRight,174,,Standing,,0.91,0.0,37.3797
Bend_pickup_normalLight_leftRight,175,,Standing,,0.911,0.0,33.969
Bend_pickup_normalLight_leftRight,176,,Standing,,0.912,0.0,32.8279
Bend_pickup_normalLight_leftRight,177,,Standing,,0.915,0.0,30.0665
Bend_pickup_normalLight_leftRight,178,,Standing,,0.918,0.0,36.7084
Bend_pickup_normalLight_leftRight,179,,Standing,,0.922,0.0,40.1485
Bend_pickup_normalLight_leftRight,180,,Standing,,0.925,0.0,35.1607
Bend_pickup_normalLight_leftRight,181,,Standing,,0.929,0.0,33.406
Bend_pickup_normalLight_leftRight,182,,Standing,,0.93,0.0,27.5931
Bend_pickup_normalLight_leftRight,183,,Standing,,0.931,0.0,42.8394
Bend_pickup_normalLight_leftRight,184,,Standing,,0.932,0.0,42.9929
Bend_pickup_normalLight_leftRight,185,,Standing,,0.929,0.0,43.9224
Bend_pickup_normalLight_leftRight,186,,Standing,,0.924,0.0,40.9963
Bend_pickup_normalLight_leftRight,187,,Standing,,0.92,0.0,44.6979
Bend_pickup_normalLight_leftRight,188,,Standing,,0.917,0.0,45.8022
Bend_pickup_normalLight_leftRight,189,,Standing,,0.919,0.0,38.3144
Bend_pickup_normalLight_leftRight,190,,Standing,,0.924,0.0,30.241
Bend_pickup_normalLight_leftRight,191,,Standing,,0.929,0.0,30.0925
Bend_pickup_normalLight_leftRight,192,,Standing,,0.933,0.0,29.0174
Bend_pickup_normalLight_leftRight,193,,Standing,,0.938,0.0,27.6876
Bend_pickup_normalLight_leftRight,194,,Standing,,0.939,0.0,41.2897
Bend_pickup_normalLight_leftRight,195,,Standing,,0.94,0.0,26.0716
Bend_pickup_normalLight_leftRight,196,,Standing,,0.944,0.0,27.6839
Bend_pickup_normalLight_leftRight,197,,Standing,,0.947,0.0,28.368
Bend_pickup_normalLight_leftRight,198,,Standing,,0.948,0.0,27.5484
Bend_pickup_normalLight_leftRight,199,,Standing,,0.947,0.0,28.2324
Bend_pickup_normalLight_leftRight,200,,Standing,,0.943,0.0,28.5066
Bend_pickup_normalLight_leftRight,201,,Standing,,0.935,0.0,34.9004
Bend_pickup_normalLight_leftRight,202,,Standing,,0.924,0.0,37.6535
Bend_pickup_normalLight_leftRight,203,,Standing,,0.914,0.0,34.7577
Bend_pickup_normalLight_leftRight,204,,Standing,,0.903,0.0,41.2917
Bend_pickup_normalLight_leftRight,205,,Standing,,0.894,0.0,44.9105
Bend_pickup_normalLight_leftRight,206,,Standing,,0.887,0.0,36.0623
Bend_pickup_normalLight_leftRight,207,,Standing,,0.878,0.0,34.2323
Bend_pickup_normalLight_leftRight,208,,Standing,,0.869,0.0,31.5281
Bend_pickup_normalLight_leftRight,209,,Standing,,0.855,0.0,32.1098
Bend_pickup_normalLight_leftRight,210,,Standing,,0.832,0.0,32.3116
Bend_pickup_normalLight_leftRight,211,,Standing,,0.802,0.0,33.7774
Bend_pickup_normalLight_leftRight,212,,Standing,,0.759,0.0,31.6642
Bend_pickup_normalLight_leftRight,213,,Standing,,0.702,0.0,61.0132
Bend_pickup_normalLight_leftRight,214,,Standing,,0.641,0.0,58.8593
Bend_pickup_normalLight_leftRight,215,,Standing,,0.586,0.0,51.587
Bend_pickup_normalLight_leftRight,216,,Standing,,0.534,0.0,39.2479
Bend_pickup_normalLight_leftRight,217,,Standing,,0.5,0.0,44.7024
Bend_pickup_normalLight_leftRight,218,,Standing,,0.481,0.0,31.2304
Bend_pickup_normalLight_leftRight,219,,Standing,,0.482,0.0,32.9846
Bend_pickup_normalLight_leftRight,220,,Standing,,0.491,0.0,30.0398
Bend_pickup_normalLight_leftRight,221,,Standing,,0.509,0.0,27.7629
Bend_pickup_normalLight_leftRight,222,,Standing,,0.532,0.0,33.0065
Bend_pickup_normalLight_leftRight,223,,Standing,,0.556,0.0,28.424
Bend_pickup_normalLight_leftRight,224,,Standing,,0.566,0.0,32.598
Bend_pickup_normalLight_leftRight,225,,Standing,,0.575,0.0,28.8521
Bend_pickup_normalLight_leftRight,226,,Standing,,0.581,0.0,29.1766
Bend_pickup_normalLight_leftRight,227,,Standing,,0.578,0.0,28.5976
Bend_pickup_normalLight_leftRight,228,,Standing,,0.57,0.0,29.1805
Bend_pickup_normalLight_leftRight,229,,Standing,,0.563,0.0,30.775
Bend_pickup_normalLight_leftRight,230,,Standing,,0.547,0.0,29.6839
Bend_pickup_normalLight_leftRight,231,,Standing,,0.52,0.0,29.9401
Bend_pickup_normalLight_leftRight,232,,Standing,,0.498,0.0,30.2777
Bend_pickup_normalLight_leftRight,233,,Standing,,0.476,0.0,29.0457
Bend_pickup_normalLight_leftRight,234,,Standing,,0.448,0.0,32.6136
Bend_pickup_normalLight_leftRight,235,,Standing,,0.42,0.0,28.5655
Bend_pickup_normalLight_leftRight,236,,Standing,,0.411,0.0,35.4916
Bend_pickup_normalLight_leftRight,237,,Standing,,0.398,0.0,33.8189
Bend_pickup_normalLight_leftRight,238,,Sitting,,0.344,0.0,40.8788
Bend_pickup_normalLight_leftRight,239,,Sitting,,0.353,0.0,31.4527
Bend_pickup_normalLight_leftRight,240,,Sitting,,0.364,0.0,45.5488
Bend_pickup_normalLight_leftRight,241,,Sitting,,0.38,0.0,34.6816
Bend_pickup_normalLight_leftRight,242,,Sitting,,0.398,0.0,35.0603
Bend_pickup_normalLight_leftRight,243,,Sitting,,0.416,0.0,32.3839
Bend_pickup_normalLight_leftRight,244,,Sitting,,0.431,0.0,36.0947
Bend_pickup_normalLight_leftRight,245,,Sitting,,0.438,0.0,32.0336
Bend_pickup_normalLight_leftRight,246,,Sitting,,0.45,0.0,39.9167
Bend_pickup_normalLight_leftRight,247,,Sitting,,0.458,0.0,27.6791
Bend_pickup_normalLight_leftRight,248,,Sitting,,0.465,0.0,33.6323
Bend_pickup_normalLight_leftRight,249,,Sitting,,0.47,0.0,28.4028
Bend_pickup_normalLight_leftRight,250,,Sitting,,0.481,0.0,27.948
Bend_pickup_normalLight_leftRight,251,,Sitting,,0.491,0.0,31.4286
Bend_pickup_normalLight_leftRight,252,,Sitting,,0.5,0.0,26.8631
Bend_pickup_normalLight_leftRight,253,,Sitting,,0.503,0.0,28.9346
Bend_pickup_normalLight_leftRight,254,,Sitting,,0.497,0.0,24.865
Bend_pickup_normalLight_leftRight,255,,Sitting,,0.483,0.0,28.7209
Bend_pickup_normalLight_leftRight,256,,Sitting,,0.462,0.0,30.4801
Bend_pickup_normalLight_leftRight,257,,Sitting,,0.437,0.0,30.6498
Bend_pickup_normalLight_leftRight,258,,Sitting,,0.406,0.0,28.0564
Bend_pickup_normalLight_leftRight,259,,Sitting,,0.396,0.0,40.5771
Bend_pickup_normalLight_leftRight,260,,Sitting,,0.384,0.0,42.7047
Bend_pickup_normalLight_leftRight,261,Standing,Standing,True,0.406,0.0,36.6529
Bend_pickup_normalLight_leftRight,262,Standing,Standing,True,0.423,0.0,33.6372
Bend_pickup_normalLight_leftRight,263,Standing,Standing,True,0.435,0.0,46.0726
Bend_pickup_normalLight_leftRight,264,Standing,Standing,True,0.462,0.0,33.5163
Bend_pickup_normalLight_leftRight,265,Standing,Standing,True,0.485,0.0,36.4203
Bend_pickup_normalLight_leftRight,266,Standing,Standing,True,0.51,0.0,35.747
Bend_pickup_normalLight_leftRight,267,Standing,Standing,True,0.531,0.0,31.88
Bend_pickup_normalLight_leftRight,268,Standing,Standing,True,0.553,0.0,33.618
Bend_pickup_normalLight_leftRight,269,Standing,Standing,True,0.572,0.0,33.1892
Bend_pickup_normalLight_leftRight,270,Standing,Standing,True,0.591,0.0,35.255
Bend_pickup_normalLight_leftRight,271,Standing,Standing,True,0.604,0.0,31.3392
Bend_pickup_normalLight_leftRight,272,Standing,Standing,True,0.617,0.0,37.9603
Bend_pickup_normalLight_leftRight,273,Standing,Standing,True,0.631,0.0,36.3217
Bend_pickup_normalLight_leftRight,274,Standing,Standing,True,0.645,0.0,38.9306
Bend_pickup_normalLight_leftRight,275,Standing,Standing,True,0.655,0.0,33.1939
Bend_pickup_normalLight_leftRight,276,Standing,Standing,True,0.664,0.0,53.5245
Bend_pickup_normalLight_leftRight,277,Standing,Standing,True,0.674,0.0,45.2674
Bend_pickup_normalLight_leftRight,278,Standing,Standing,True,0.686,0.0,31.8486
Bend_pickup_normalLight_leftRight,279,Standing,Standing,True,0.7,0.0,32.6337
Bend_pickup_normalLight_leftRight,280,Standing,Standing,True,0.711,0.0,31.5781
Bend_pickup_normalLight_leftRight,281,Standing,Standing,True,0.728,0.0,30.3773
Bend_pickup_normalLight_leftRight,282,Standing,Standing,True,0.741,0.0,37.9309
Bend_pickup_normalLight_leftRight,283,Standing,Standing,True,0.75,0.0,36.0262
Bend_pickup_normalLight_leftRight,284,Standing,Standing,True,0.756,0.0,55.03
Bend_pickup_normalLight_leftRight,285,Standing,Standing,True,0.761,0.0,54.8284
Bend_pickup_normalLight_leftRight,286,Standing,Standing,True,0.764,0.0,50.9398
Bend_pickup_normalLight_leftRight,287,Standing,Standing,True,0.77,0.0,56.0549
Bend_pickup_normalLight_leftRight,288,Standing,Standing,True,0.778,0.0,43.2867
Bend_pickup_normalLight_leftRight,289,Standing,Standing,True,0.785,0.0,40.6164
Bend_pickup_normalLight_leftRight,290,Standing,Standing,True,0.796,0.0,37.4105
Bend_pickup_normalLight_leftRight,291,Standing,Standing,True,0.807,0.0,44.8272
Bend_pickup_normalLight_leftRight,292,Standing,Standing,True,0.818,0.0,35.4828
Bend_pickup_normalLight_leftRight,293,Standing,Standing,True,0.829,0.0,34.0261
Bend_pickup_normalLight_leftRight,294,Standing,Standing,True,0.844,0.0,30.1233
Bend_pickup_normalLight_leftRight,295,Standing,Standing,True,0.859,0.0,35.1942
Bend_pickup_normalLight_leftRight,296,Standing,Standing,True,0.869,0.0,39.4574
Bend_pickup_normalLight_leftRight,297,Standing,Standing,True,0.878,0.0,38.4667
Bend_pickup_normalLight_leftRight,298,Standing,Standing,True,0.883,0.0,34.8874
Bend_pickup_normalLight_leftRight,299,Standing,Standing,True,0.886,0.0,31.8281
Bend_pickup_normalLight_leftRight,300,Standing,Standing,True,0.887,0.0,32.6319
Bend_pickup_normalLight_leftRight,301,Standing,Standing,True,0.886,0.0,51.2755
Bend_pickup_normalLight_leftRight,302,Standing,Standing,True,0.887,0.0,50.4451
Bend_pickup_normalLight_leftRight,303,Standing,Standing,True,0.892,0.0,49.6222
Bend_pickup_normalLight_leftRight,304,Standing,Standing,True,0.898,0.0,43.9549
Bend_pickup_normalLight_leftRight,305,Standing,Standing,True,0.904,0.0,53.9572
Bend_pickup_normalLight_leftRight,306,Standing,Standing,True,0.915,0.0,57.2052
Bend_pickup_normalLight_leftRight,307,Standing,Standing,True,0.92,0.0,54.6958
Bend_pickup_normalLight_leftRight,308,Standing,Standing,True,0.927,0.0,53.4291
Bend_pickup_normalLight_leftRight,309,Standing,Standing,True,0.935,0.0,56.0035
Bend_pickup_normalLight_leftRight,310,Standing,Standing,True,0.945,0.0,44.0675
Bend_pickup_normalLight_leftRight,311,Standing,Standing,True,0.956,0.0,45.1079
Bend_pickup_normalLight_leftRight,312,Standing,Standing,True,0.968,0.0,66.825
Bend_pickup_normalLight_leftRight,313,Standing,Standing,True,0.975,0.0,52.7458
Bend_pickup_normalLight_leftRight,314,Standing,Standing,True,0.98,0.0,65.7892
Bend_pickup_normalLight_leftRight,315,Standing,Standing,True,0.984,0.0,81.4327
Bend_pickup_normalLight_leftRight,316,Standing,Standing,True,0.986,0.0,91.9033
Bend_pickup_normalLight_leftRight,317,Standing,Standing,True,0.987,0.0,54.9039
Bend_pickup_normalLight_leftRight,318,Standing,Standing,True,0.987,0.0,51.7829
Bend_pickup_normalLight_leftRight,319,Standing,Standing,True,0.984,0.0,62.6737
Bend_pickup_normalLight_leftRight,320,Standing,Standing,True,0.979,0.0,70.9999
Bend_pickup_normalLight_leftRight,321,,Standing,,0.973,0.0,54.1044
Bend_pickup_normalLight_leftRight,322,,Standing,,0.965,0.0,52.7262
Bend_pickup_normalLight_leftRight,323,,Standing,,0.951,0.0,42.2569
Bend_pickup_normalLight_leftRight,324,,Standing,,0.942,0.0,34.7741
Bend_pickup_normalLight_leftRight,325,,Standing,,0.932,0.0,44.6222
Bend_pickup_normalLight_leftRight,326,,Standing,,0.924,0.0,47.055
Bend_pickup_normalLight_leftRight,327,,Standing,,0.919,0.0,43.183
Bend_pickup_normalLight_leftRight,328,,Standing,,0.918,0.0,38.4943
Bend_pickup_normalLight_leftRight,329,,Standing,,0.917,0.0,43.119
Bend_pickup_normalLight_leftRight,330,,Standing,,0.916,0.0,44.5328
Bend_pickup_normalLight_leftRight,331,,Standing,,0.916,0.0,32.3365
Bend_pickup_normalLight_leftRight,332,,Standing,,0.916,0.0,33.6668
Bend_pickup_normalLight_leftRight,333,,Standing,,0.919,0.0,31.2757
Bend_pickup_squat_lowLight,31,,Standing,,0.939,0.0,34.9954
Bend_pickup_squat_lowLight,32,,Standing,,0.94,0.0,34.1475
Bend_pickup_squat_lowLight,33,,Standing,,0.941,0.0,32.169
Bend_pickup_squat_lowLight,34,,Standing,,0.942,0.0,33.9384
Bend_pickup_squat_lowLight,35,,Standing,,0.943,0.0,38.9928
Bend_pickup_squat_lowLight,36,,Standing,,0.945,0.0,34.214
Bend_pickup_squat_lowLight,37,,Standing,,0.946,0.0,34.7642
Bend_pickup_squat_lowLight,38,,Standing,,0.946,0.0,36.9695
Bend_pickup_squat_lowLight,39,,Standing,,0.943,0.0,40.7264
Bend_pickup_squat_lowLight,40,,Standing,,0.94,0.0,31.4098
Bend_pickup_squat_lowLight,41,,Standing,,0.936,0.0,30.8856
Bend_pickup_squat_lowLight,42,,Standing,,0.93,0.0,36.3009
Bend_pickup_squat_lowLight,43,,Standing,,0.922,0.0,33.7692
Bend_pickup_squat_lowLight,44,,Standing,,0.918,0.0,35.9876
Bend_pickup_squat_lowLight,45,,Standing,,0.915,0.0,31.2967
Bend_pickup_squat_lowLight,46,,Standing,,0.913,0.0,39.5305
Bend_pickup_squat_lowLight,47,,Standing,,0.912,0.0,46.5532
Bend_pickup_squat_lowLight,48,,Standing,,0.914,0.0,49.002
Bend_pickup_squat_lowLight,49,,Standing,,0.916,0.0,54.2799
Bend_pickup_squat_lowLight,50,,Standing,,0.92,0.0,40.5127
Bend_pickup_squat_lowLight,51,,Standing,,0.923,0.0,37.0584
Bend_pickup_squat_lowLight,52,,Standing,,0.925,0.0,37.344
Bend_pickup_squat_lowLight,53,,Standing,,0.927,0.0,33.2352
Bend_pickup_squat_lowLight,54,,Standing,,0.92,0.0,41.5327
Bend_pickup_squat_lowLight,55,,Standing,,0.91,0.0,32.0563
Bend_pickup_squat_lowLight,56,,Standing,,0.896,0.0,32.3831
Bend_pickup_squat_lowLight,57,,Standing,,0.876,0.0,34.7744
Bend_pickup_squat_lowLight,58,,Standing,,0.859,0.0,32.2909
Bend_pickup_squat_lowLight,59,,Standing,,0.843,0.0,36.65
Bend_pickup_squat_lowLight,60,,Standing,,0.825,0.0,28.4012
Bend_pickup_squat_lowLight,61,,Standing,,0.8,0.0,32.5506
Bend_pickup_squat_lowLight,62,,Standing,,0.771,0.0,30.6129
Bend_pickup_squat_lowLight,63,,Standing,,0.731,0.0,37.1258
Bend_pickup_squat_lowLight,64,,Standing,,0.691,0.0,37.6996
Bend_pickup_squat_lowLight,65,,Standing,,0.631,0.0,29.7902
Bend_pickup_squat_lowLight,66,,Standing,,0.605,0.0,31.0831
Bend_pickup_squat_lowLight,67,,Standing,,0.58,0.0,30.6263
Bend_pickup_squat_lowLight,68,,Sitting,,0.454,0.0,28.4598
Bend_pickup_squat_lowLight,69,,Sitting,,0.48,0.0,30.8719
Bend_pickup_squat_lowLight,70,,Sitting,,0.499,0.0,32.7791
Bend_pickup_squat_lowLight,71,,Sitting,,0.533,0.0,37.0647
Bend_pickup_squat_lowLight,72,,Sitting,,0.572,0.0,43.5898
Bend_pickup_squat_lowLight,73,,Sitting,,0.617,0.0,39.267
Bend_pickup_squat_lowLight,74,,Sitting,,0.648,0.0,35.4051
Bend_pickup_squat_lowLight,75,,Sitting,,0.684,0.0,28.4248
Bend_pickup_squat_lowLight,76,,Sitting,,0.72,0.0,28.4098
Bend_pickup_squat_lowLight,77,,Sitting,,0.751,0.0,31.3739
Bend_pickup_squat_lowLight,78,,Sitting,,0.778,0.0,38.3322
Bend_pickup_squat_lowLight,79,,Sitting,,0.803,0.0,40.0554
Bend_pickup_squat_lowLight,80,,Sitting,,0.823,0.0,29.4066
Bend_pickup_squat_lowLight,81,,Sitting,,0.833,0.0,30.7282
Bend_pickup_squat_lowLight,82,,Sitting,,0.842,0.0,32.7583
Bend_pickup_squat_lowLight,83,,Sitting,,0.845,0.0,33.7012
Bend_pickup_squat_lowLight,84,,Sitting,,0.849,0.0,41.427
Bend_pickup_squat_lowLight,85,,Sitting,,0.844,0.0,31.6521
Bend_pickup_squat_lowLight,86,,Sitting,,0.836,0.0,31.6295
Bend_pickup_squat_lowLight,87,,Sitting,,0.826,0.0,35.857
Bend_pickup_squat_lowLight,88,,Sitting,,0.809,0.0,35.9703
Bend_pickup_squat_lowLight,89,,Sitting,,0.782,0.0,27.9561
Bend_pickup_squat_lowLight,90,,Sitting,,0.755,0.0,27.6119
Bend_pickup_squat_lowLight,91,,Sitting,,0.735,0.0,47.4043
Bend_pickup_squat_lowLight,92,,Sitting,,0.713,0.0,40.3447
Bend_pickup_squat_lowLight,93,,Sitting,,0.699,0.0,43.5647
Bend_pickup_squat_lowLight,94,,Sitting,,0.689,0.0,46.1306
Bend_pickup_squat_lowLight,95,,Sitting,,0.687,0.0,36.1114
Bend_pickup_squat_lowLight,96,,Sitting,,0.677,0.0,39.3811
Bend_pickup_squat_lowLight,97,,Sitting,,0.661,0.0,39.4724
Bend_pickup_squat_lowLight,98,,Sitting,,0.643,0.0,42.6455
Bend_pickup_squat_lowLight,99,,Sitting,,0.633,0.0,31.8561
Bend_pickup_squat_lowLight,100,,Sitting,,0.622,0.0,26.9241
Bend_pickup_squat_lowLight,101,,Sitting,,0.624,0.0,33.1104
Bend_pickup_squat_lowLight,102,,Sitting,,0.616,0.0,35.134
Bend_pickup_squat_lowLight,103,,Sitting,,0.597,0.0,33.809
Bend_pickup_squat_lowLight,104,,Sitting,,0.563,0.0,32.9461
Bend_pickup_squat_lowLight,105,,Sitting,,0.546,0.0,32.4225
Bend_pickup_squat_lowLight,106,,Sitting,,0.511,0.0,35.4634
Bend_pickup_squat_lowLight,107,,Standing,,0.495,0.0,35.6672
Bend_pickup_squat_lowLight,108,,Standing,,0.519,0.0,31.5386
Bend_pickup_squat_lowLight,109,,Standing,,0.537,0.0,34.6472
Bend_pickup_squat_lowLight,110,,Standing,,0.574,0.0,37.3821
Bend_pickup_squat_lowLight,111,,Standing,,0.608,0.0,33.3827
Bend_pickup_squat_lowLight,112,,Standing,,0.625,0.0,28.829
Bend_pickup_squat_lowLight,113,,Standing,,0.639,0.0,30.1388
Bend_pickup_squat_lowLight,114,,Standing,,0.645,0.0,34.9259
Bend_pickup_squat_lowLight,115,,Standing,,0.653,0.0,31.6948
Bend_pickup_squat_lowLight,116,,Standing,,0.659,0.0,28.9603
Bend_pickup_squat_lowLight,117,Standing,Standing,True,0.663,0.0,34.6162
Bend_pickup_squat_lowLight,118,Standing,Standing,True,0.665,0.0,40.1687
Bend_pickup_squat_lowLight,119,Standing,Standing,True,0.673,0.0,36.9237
Bend_pickup_squat_lowLight,120,Standing,Standing,True,0.676,0.0,32.5125
Bend_pickup_squat_lowLight,121,Standing,Standing,True,0.672,0.0,35.4812
Bend_pickup_squat_lowLight,122,Standing,Standing,True,0.677,0.0,32.9476
Bend_pickup_squat_lowLight,123,Standing,Standing,True,0.682,0.0,37.3851
Bend_pickup_squat_lowLight,124,Standing,Standing,True,0.689,0.0,37.3603
Bend_pickup_squat_lowLight,125,Standing,Standing,True,0.697,0.0,27.5869
Bend_pickup_squat_lowLight,126,Standing,Standing,True,0.708,0.0,27.2379
Bend_pickup_squat_lowLight,127,Standing,Standing,True,0.716,0.0,28.0278
Bend_pickup_squat_lowLight,128,Standing,Standing,True,0.726,0.0,35.2711
Bend_pickup_squat_lowLight,129,Standing,Standing,True,0.728,0.0,28.9162
Bend_pickup_squat_lowLight,130,Standing,Standing,True,0.735,0.0,34.0966
Bend_pickup_squat_lowLight,131,Standing,Standing,True,0.749,0.0,28.7323
Bend_pickup_squat_lowLight,132,Standing,Standing,True,0.77,0.0,28.1132
Bend_pickup_squat_lowLight,133,Standing,Standing,True,0.791,0.0,26.6312
Bend_pickup_squat_lowLight,134,Standing,Standing,True,0.824,0.0,29.6037
Bend_pickup_squat_lowLight,135,Standing,Standing,True,0.851,0.0,32.9892
Bend_pickup_squat_lowLight,136,Standing,Standing,True,0.873,0.0,29.0339
Bend_pickup_squat_lowLight,137,Standing,Standing,True,0.885,0.0,40.8073
Bend_pickup_squat_lowLight,138,Standing,Standing,True,0.893,0.0,28.7405
Bend_pickup_squat_lowLight,139,Standing,Standing,True,0.895,0.0,31.9852
Bend_pickup_squat_lowLight,140,Standing,Standing,True,0.896,0.0,35.1409
Bend_pickup_squat_lowLight,141,Standing,Standing,True,0.899,0.0,31.1604
Bend_pickup_squat_lowLight,142,Standing,Standing,True,0.901,0.0,32.7146
Bend_pickup_squat_lowLight,143,Standing,Standing,True,0.906,0.0,31.2301
Bend_pickup_squat_lowLight,144,Standing,Standing,True,0.906,0.0,38.1624
Bend_pickup_squat_lowLight,145,Standing,Standing,True,0.907,0.0,34.8065
Bend_pickup_squat_lowLight,146,Standing,Standing,True,0.907,0.0,34.7702
Bend_pickup_squat_lowLight,147,Standing,Standing,True,0.907,0.0,38.153
Bend_pickup_squat_lowLight,148,,Standing,,0.905,0.0,41.7975
Bend_pickup_squat_lowLight,149,,Standing,,0.905,0.0,45.9167
Bend_pickup_squat_lowLight,150,,Standing,,0.906,0.0,42.4421
Bend_pickup_squat_lowLight,151,,Standing,,0.91,0.0,42.7906
Bend_pickup_squat_lowLight,152,,Standing,,0.916,0.0,42.8619
Bend_pickup_squat_lowLight,153,,Standing,,0.922,0.0,45.3516
Bend_pickup_squat_lowLight,154,,Standing,,0.928,0.0,52.3564
Bend_pickup_squat_lowLight,155,,Standing,,0.932,0.0,48.8696
Bend_pickup_squat_lowLight,156,,Standing,,0.936,0.0,35.2957
Bend_pickup_squat_lowLight,157,,Standing,,0.939,0.0,33.2687
Bend_pickup_squat_lowLight,158,,Standing,,0.945,0.0,41.0025
Bend_pickup_squat_lowLight,159,,Standing,,0.954,0.0,39.9733
Bend_pickup_squat_lowLight,160,,Standing,,0.965,0.0,40.5374
Bend_pickup_squat_lowLight,161,,Standing,,0.975,0.0,46.0006
Bend_pickup_squat_lowLight,162,,Standing,,0.984,0.0,40.7972
Bend_pickup_squat_lowLight,163,,Standing,,0.99,0.0,37.425
Bend_pickup_squat_lowLight,164,,Standing,,0.992,0.0,42.4836
Bend_pickup_squat_lowLight,165,,Standing,,0.994,0.0,47.1042
Bend_pickup_squat_lowLight,166,,Standing,,0.994,0.0,35.5621
Bend_pickup_squat_lowLight,167,,Standing,,0.995,0.0,35.9321
Bend_pickup_squat_lowLight,168,,Standing,,0.996,0.0,40.7633
Bend_pickup_squat_lowLight,169,,Standing,,0.995,0.0,36.7274
Bend_pickup_squat_lowLight,170,,Standing,,0.993,0.0,42.751
Bend_pickup_squat_lowLight,171,,Standing,,0.989,0.0,48.848
Bend_pickup_squat_lowLight,172,,Standing,,0.982,0.0,58.8303
Bend_pickup_squat_lowLight,173,,Standing,,0.974,0.0,59.8004
Bend_pickup_squat_lowLight,174,,Standing,,0.963,0.0,72.6981
Bend_pickup_squat_normalLight,31,,Standing,,0.953,0.0,74.1023
Bend_pickup_squat_normalLight,32,,Standing,,0.95,0.0,45.2582
Bend_pickup_squat_normalLight,33,,Standing,,0.949,0.0,34.7104
Bend_pickup_squat_normalLight,34,,Standing,,0.946,0.0,36.8931
Bend_pickup_squat_normalLight,35,,Standing,,0.944,0.0,40.7266
Bend_pickup_squat_normalLight,36,,Standing,,0.942,0.0,31.3071
Bend_pickup_squat_normalLight,37,,Standing,,0.94,0.0,28.6933
Bend_pickup_squat_normalLight,38,,Standing,,0.938,0.0,28.5083
Bend_pickup_squat_normalLight,39,,Standing,,0.938,0.0,45.2918
Bend_pickup_squat_normalLight,40,,Standing,,0.939,0.0,37.2959
Bend_pickup_squat_normalLight,41,,Standing,,0.94,0.0,33.8283
Bend_pickup_squat_normalLight,42,,Standing,,0.942,0.0,33.5908
Bend_pickup_squat_normalLight,43,,Standing,,0.945,0.0,29.6189
Bend_pickup_squat_normalLight,44,,Standing,,0.946,0.0,31.0602
Bend_pickup_squat_normalLight,45,,Standing,,0.949,0.0,29.256
Bend_pickup_squat_normalLight,46,,Standing,,0.951,0.0,29.301
Bend_pickup_squat_normalLight,47,,Standing,,0.949,0.0,27.3839
Bend_pickup_squat_normalLight,48,,Standing,,0.945,0.0,29.7908
Bend_pickup_squat_normalLight,49,,Standing,,0.94,0.0,27.9797
Bend_pickup_squat_normalLight,50,,Standing,,0.93,0.0,32.9202
Bend_pickup_squat_normalLight,51,,Standing,,0.915,0.0,40.6467
Bend_pickup_squat_normalLight,52,,Standing,,0.899,0.0,36.0033
Bend_pickup_squat_normalLight,53,,Standing,,0.877,0.0,52.6997
Bend_pickup_squat_normalLight,54,,Standing,,0.852,0.0,36.3314
Bend_pickup_squat_normalLight,55,,Standing,,0.828,0.0,91.2036
Bend_pickup_squat_normalLight,56,,Standing,,0.81,0.0,58.6616
Bend_pickup_squat_normalLight,57,,Standing,,0.795,0.0,88.251
Bend_pickup_squat_normalLight,58,,Standing,,0.785,0.0,42.005
Bend_pickup_squat_normalLight,59,,Standing,,0.777,0.0,40.4243
Bend_pickup_squat_normalLight,60,,Standing,,0.768,0.0,45.1573
Bend_pickup_squat_normalLight,61,,Standing,,0.758,0.0,49.791
Bend_pickup_squat_normalLight,62,,Standing,,0.749,0.0,46.7477
Bend_pickup_squat_normalLight,63,,Standing,,0.744,0.0,36.0066
Bend_pickup_squat_normalLight,64,,Standing,,0.738,0.0,39.7738
Bend_pickup_squat_normalLight,65,,Standing,,0.725,0.0,43.4408
Bend_pickup_squat_normalLight,66,,Standing,,0.698,0.0,42.6425
Bend_pickup_squat_normalLight,67,,Standing,,0.658,0.0,41.4403
Bend_pickup_squat_normalLight,68,,Standing,,0.605,0.0,40.6153
Bend_pickup_squat_normalLight,69,,Standing,,0.55,0.0,54.4028
Bend_pickup_squat_normalLight,70,,Standing,,0.519,0.0,48.5347
Bend_pickup_squat_normalLight,71,,Standing,,0.49,0.0,46.9655
Bend_pickup_squat_normalLight,72,,Sitting,,0.471,0.0,38.8096
Bend_pickup_squat_normalLight,73,,Sitting,,0.474,0.0,38.8792
Bend_pickup_squat_normalLight,74,,Sitting,,0.475,0.0,45.0764
Bend_pickup_squat_normalLight,75,,Sitting,,0.483,0.0,43.8482
Bend_pickup_squat_normalLight,76,,Sitting,,0.488,0.0,45.803
Bend_pickup_squat_normalLight,77,,Sitting,,0.496,0.0,33.3427
Bend_pickup_squat_normalLight,78,,Sitting,,0.51,0.0,36.6219
Bend_pickup_squat_normalLight,79,,Sitting,,0.528,0.0,35.3196
Bend_pickup_squat_normalLight,80,,Sitting,,0.546,0.0,61.5024
Bend_pickup_squat_normalLight,81,,Sitting,,0.571,0.0,48.6164
Bend_pickup_squat_normalLight,82,,Sitting,,0.593,0.0,40.2437
Bend_pickup_squat_normalLight,83,,Sitting,,0.611,0.0,35.0016
Bend_pickup_squat_normalLight,84,,Sitting,,0.63,0.0,52.3925
Bend_pickup_squat_normalLight,85,,Sitting,,0.649,0.0,51.6544
Bend_pickup_squat_normalLight,86,,Sitting,,0.662,0.0,43.1924
Bend_pickup_squat_normalLight,87,,Sitting,,0.674,0.0,49.8914
Bend_pickup_squat_normalLight,88,,Sitting,,0.686,0.0,50.555
Bend_pickup_squat_normalLight,89,,Sitting,,0.697,0.0,41.7891
Bend_pickup_squat_normalLight,90,,Sitting,,0.706,0.0,39.7295
Bend_pickup_squat_normalLight,91,,Sitting,,0.717,0.0,50.2642
Bend_pickup_squat_normalLight,92,,Sitting,,0.726,0.0,55.0565
Bend_pickup_squat_normalLight,93,,Sitting,,0.733,0.0,47.635
Bend_pickup_squat_normalLight,94,,Sitting,,0.737,0.0,45.4975
Bend_pickup_squat_normalLight,95,,Sitting,,0.741,0.0,37.5856
Bend_pickup_squat_normalLight,96,,Sitting,,0.741,0.0,40.7085
Bend_pickup_squat_normalLight,97,,Sitting,,0.743,0.0,45.1726
Bend_pickup_squat_normalLight,98,,Sitting,,0.746,0.0,32.7581
Bend_pickup_squat_normalLight,99,,Sitting,,0.747,0.0,29.7173
Bend_pickup_squat_normalLight,100,,Sitting,,0.748,0.0,32.2417
Bend_pickup_squat_normalLight,101,,Sitting,,0.747,0.0,73.5251
Bend_pickup_squat_normalLight,102,,Sitting,,0.745,0.0,53.537
Bend_pickup_squat_normalLight,103,,Sitting,,0.74,0.0,33.7058
Bend_pickup_squat_normalLight,104,,Sitting,,0.734,0.0,32.9832
Bend_pickup_squat_normalLight,105,,Sitting,,0.73,0.0,39.3844
Bend_pickup_squat_normalLight,106,,Sitting,,0.723,0.0,33.3278
Bend_pickup_squat_normalLight,107,,Sitting,,0.712,0.0,30.6132
Bend_pickup_squat_normalLight,108,,Sitting,,0.692,0.0,41.8113
Bend_pickup_squat_normalLight,109,,Sitting,,0.666,0.0,35.1076
Bend_pickup_squat_normalLight,110,,Sitting,,0.625,0.0,34.0713
Bend_pickup_squat_normalLight,111,,Sitting,,0.604,0.0,33.7154
Bend_pickup_squat_normalLight,112,,Sitting,,0.579,0.0,32.0134
Bend_pickup_squat_normalLight,113,,Standing,,0.501,0.0,34.8939
Bend_pickup_squat_normalLight,114,,Standing,,0.526,0.0,35.5165
Bend_pickup_squat_normalLight,115,,Standing,,0.546,0.0,30.0992
Bend_pickup_squat_normalLight,116,,Standing,,0.587,0.0,34.6732
Bend_pickup_squat_normalLight,117,,Standing,,0.624,0.0,37.908
Bend_pickup_squat_normalLight,118,,Standing,,0.659,0.0,28.4226
Bend_pickup_squat_normalLight,119,,Standing,,0.689,0.0,31.0033
Bend_pickup_squat_normalLight,120,,Standing,,0.721,0.0,31.5885
Bend_pickup_squat_normalLight,121,,Standing,,0.751,0.0,32.0358
Bend_pickup_squat_normalLight,122,,Standing,,0.776,0.0,32.657
Bend_pickup_squat_normalLight,123,,Standing,,0.799,0.0,36.6765
Bend_pickup_squat_normalLight,124,,Standing,,0.819,0.0,34.9996
Bend_pickup_squat_normalLight,125,,Standing,,0.831,0.0,33.4665
Bend_pickup_squat_normalLight,126,,Standing,,0.846,0.0,31.7385
Bend_pickup_squat_normalLight,127,,Standing,,0.858,0.0,28.8671
Bend_pickup_squat_normalLight,128,,Standing,,0.867,0.0,30.8018
Bend_pickup_squat_normalLight,129,,Standing,,0.871,0.0,31.5385
Bend_pickup_squat_normalLight,130,,Standing,,0.879,0.0,30.9019
Bend_pickup_squat_normalLight,131,,Standing,,0.881,0.0,27.3894
Bend_pickup_squat_normalLight,132,,Standing,,0.885,0.0,44.3508
Bend_pickup_squat_normalLight,133,,Standing,,0.889,0.0,38.8346
Bend_pickup_squat_normalLight,134,Standing,Standing,True,0.896,0.0,32.6273
Bend_pickup_squat_normalLight,135,Standing,Standing,True,0.9,0.0,44.7051
Bend_pickup_squat_normalLight,136,Standing,Standing,True,0.901,0.0,35.0388
Bend_pickup_squat_normalLight,137,Standing,Standing,True,0.903,0.0,42.4756
Bend_pickup_squat_normalLight,138,Standing,Standing,True,0.903,0.0,27.2341
Bend_pickup_squat_normalLight,139,Standing,Standing,True,0.905,0.0,37.4965
Bend_pickup_squat_normalLight,140,Standing,Standing,True,0.905,0.0,32.2114
Bend_pickup_squat_normalLight,141,Standing,Standing,True,0.906,0.0,26.9088
Bend_pickup_squat_normalLight,142,Standing,Standing,True,0.91,0.0,27.568
Bend_pickup_squat_normalLight,143,Standing,Standing,True,0.912,0.0,26.5805
Bend_pickup_squat_normalLight,144,Standing,Standing,True,0.914,0.0,26.1685
Bend_pickup_squat_normalLight,145,Standing,Standing,True,0.917,0.0,25.1674
Bend_pickup_squat_normalLight,146,,Standing,,0.922,0.0,23.4488
Bend_pickup_squat_normalLight,147,,Standing,,0.923,0.0,25.0133
Bend_pickup_squat_normalLight,148,,Standing,,0.925,0.0,24.8678
Bend_pickup_squat_normalLight,149,,Standing,,0.926,0.0,25.2688
Bend_pickup_squat_normalLight,150,,Standing,,0.926,0.0,22.9046
Bend_pickup_squat_normalLight,151,,Standing,,0.923,0.0,25.4
Bend_pickup_squat_normalLight,152,,Standing,,0.92,0.0,23.0317
Bend_pickup_squat_normalLight,153,,Standing,,0.917,0.0,23.1626
Bend_pickup_squat_normalLight,154,,Standing,,0.915,0.0,28.9871
Bend_pickup_squat_normalLight,155,,Standing,,0.916,0.0,25.7226
Bend_pickup_squat_normalLight,156,,Standing,,0.92,0.0,37.5383
Bend_pickup_squat_normalLight,157,,Standing,,0.925,0.0,39.2378
Bend_pickup_squat_normalLight,158,,Standing,,0.931,0.0,35.482
Bend_pickup_squat_normalLight,159,,Standing,,0.939,0.0,32.2114
Bend_pickup_squat_normalLight,160,,Standing,,0.945,0.0,30.3523
Kneeling,31,,Standing,,0.997,0.0,31.6449
Kneeling,32,,Standing,,0.995,0.0,31.6753
Kneeling,33,,Standing,,0.994,0.0,31.1898
Kneeling,34,,Standing,,0.992,0.0,29.2957
Kneeling,35,,Standing,,0.988,0.0,32.6153
Kneeling,36,,Standing,,0.982,0.0,30.8392
Kneeling,37,,Standing,,0.975,0.0,28.802
Kneeling,38,,Standing,,0.968,0.0,35.0705
Kneeling,39,,Standing,,0.958,0.0,29.1836
Kneeling,40,,Standing,,0.947,0.0,36.6567
Kneeling,41,,Standing,,0.938,0.0,28.6518
Kneeling,42,,Standing,,0.924,0.0,31.9077
Kneeling,43,,Standing,,0.909,0.0,37.0565
Kneeling,44,,Standing,,0.898,0.0,43.6571
Kneeling,45,,Standing,,0.89,0.0,49.4551
Kneeling,46,,Standing,,0.878,0.0,34.2789
Kneeling,47,,Standing,,0.875,0.0,30.9879
Kneeling,48,,Standing,,0.87,0.0,29.4081
Kneeling,49,,Standing,,0.863,0.0,27.2008
Kneeling,50,,Standing,,0.853,0.0,30.4142
Kneeling,51,,Standing,,0.84,0.0,28.4363
Kneeling,52,,Standing,,0.814,0.0,29.6729
Kneeling,53,,Standing,,0.778,0.0,34.2998
Kneeling,54,,Standing,,0.726,0.0,34.8424
Kneeling,55,,Standing,,0.662,0.0,30.4775
Kneeling,56,,Standing,,0.594,0.0,42.9901
Kneeling,57,Sitting,Standing,False,0.556,0.0,39.2154
Kneeling,58,Sitting,Standing,False,0.517,0.0,39.658
Kneeling,59,Sitting,Sitting,True,0.456,0.0,46.2044
Kneeling,60,Sitting,Sitting,True,0.459,0.0,35.5369
Kneeling,61,Sitting,Sitting,True,0.464,0.0,31.7615
Kneeling,62,Sitting,Sitting,True,0.47,0.0,32.9771
Kneeling,63,Sitting,Sitting,True,0.477,0.0,32.3065
Kneeling,64,Sitting,Sitting,True,0.477,0.0,35.3889
Kneeling,65,Sitting,Sitting,True,0.478,0.0,33.5219
Kneeling,66,Sitting,Sitting,True,0.473,0.0,45.4079
Kneeling,67,Sitting,Sitting,True,0.465,0.0,42.1935
Kneeling,68,Sitting,Sitting,True,0.458,0.0,42.1238
Kneeling,69,Sitting,Sitting,True,0.453,0.0,47.6661
Kneeling,70,Sitting,Sitting,True,0.445,0.0,44.3108
Kneeling,71,Sitting,Standing,False,0.454,0.0,52.6669
Kneeling,72,Sitting,Standing,False,0.451,0.0,54.8372
Kneeling,73,Sitting,Standing,False,0.449,0.0,54.5354
Kneeling,74,Sitting,Standing,False,0.448,0.0,55.9553
Kneeling,75,Sitting,Standing,False,0.446,0.0,55.3522
Kneeling,76,Sitting,Standing,False,0.442,0.0,46.273
Kneeling,77,Sitting,Standing,False,0.441,0.0,51.5277
Kneeling,78,Sitting,Standing,False,0.444,0.0,47.6342
Kneeling,79,Sitting,Standing,False,0.446,0.0,59.4428
Kneeling,80,Sitting,Standing,False,0.45,0.0,54.871
Kneeling,81,Sitting,Standing,False,0.459,0.0,54.1878
Kneeling,82,Sitting,Standing,False,0.468,0.0,34.801
Kneeling,83,Sitting,Standing,False,0.478,0.0,36.5506
Kneeling,84,Sitting,Standing,False,0.486,0.0,36.3125
Kneeling,85,Sitting,Standing,False,0.493,0.0,36.6735
Kneeling,86,Sitting,Standing,False,0.494,0.0,35.9578
Kneeling,87,Sitting,Standing,False,0.495,0.0,32.9744
Kneeling,88,Sitting,Standing,False,0.493,0.0,33.8847
Kneeling,89,Sitting,Standing,False,0.494,0.0,45.3251
Kneeling,90,Sitting,Standing,False,0.493,0.0,41.6679
Kneeling,91,Sitting,Standing,False,0.496,0.0,40.7575
Kneeling,92,Sitting,Standing,False,0.497,0.0,42.1175
Kneeling,93,Sitting,Standing,False,0.499,0.0,54.8477
Kneeling,94,Sitting,Standing,False,0.496,0.0,54.5728
Kneeling,95,Sitting,Standing,False,0.496,0.0,57.473
Kneeling,96,Sitting,Standing,False,0.493,0.0,57.4514
Kneeling,97,Sitting,Standing,False,0.49,0.0,58.8937
Kneeling,98,Sitting,Standing,False,0.486,0.0,41.8083
Kneeling,99,Sitting,Standing,False,0.486,0.0,52.7798
Kneeling,100,Sitting,Standing,False,0.482,0.0,55.5695
Kneeling,101,Sitting,Standing,False,0.479,0.0,55.1088
Kneeling,102,Sitting,Standing,False,0.474,0.0,57.3143
Kneeling,103,Sitting,Standing,False,0.47,0.0,66.1923
Kneeling,104,Sitting,Standing,False,0.468,0.0,49.9831
Kneeling,105,Sitting,Standing,False,0.466,0.0,47.9622
Kneeling,106,Sitting,Standing,False,0.466,0.0,55.4478
Kneeling,107,Sitting,Standing,False,0.463,0.0,65.869
Kneeling,108,Sitting,Standing,False,0.46,0.0,75.7905
Kneeling,109,Sitting,Standing,False,0.456,0.0,59.8853
Kneeling,110,Sitting,Standing,False,0.451,0.0,67.6305
Kneeling,111,Sitting,Standing,False,0.445,0.0,62.6185
Kneeling,112,Sitting,Standing,False,0.444,0.0,66.7426
Kneeling,113,Sitting,Standing,False,0.443,0.0,59.0966
Kneeling,114,Sitting,Standing,False,0.442,0.0,57.9569
Kneeling,115,Sitting,Standing,False,0.44,0.0,67.2541
Kneeling,116,Sitting,Standing,False,0.439,0.0,67.2118
Kneeling,117,Sitting,Standing,False,0.439,0.0,87.7652
Kneeling,118,Sitting,Standing,False,0.44,0.0,58.9542
Kneeling,119,Sitting,Standing,False,0.438,0.0,58.4131
Kneeling,120,Sitting,Standing,False,0.439,0.0,66.0164
Kneeling,121,Sitting,Standing,False,0.437,0.0,60.6259
Kneeling,122,Sitting,Standing,False,0.434,0.0,58.5312
Kneeling,123,Sitting,Standing,False,0.431,0.0,49.0769
Kneeling,124,Sitting,Standing,False,0.43,0.0,50.1498
Kneeling,125,Sitting,Standing,False,0.43,0.0,48.5508
Kneeling,126,Sitting,Standing,False,0.43,0.0,58.9532
Kneeling,127,Sitting,Standing,False,0.43,0.0,58.2503
Kneeling,128,,Standing,,0.43,0.0,53.8722
Kneeling,129,,Standing,,0.43,0.0,52.4052
Kneeling,130,,Standing,,0.429,0.0,58.0599
Kneeling,131,,Standing,,0.429,0.0,50.3673
Kneeling,132,,Standing,,0.429,0.0,69.9793
Kneeling,133,,Standing,,0.429,0.0,72.2564
Kneeling,134,,Standing,,0.43,0.0,73.7368
Kneeling,135,,Standing,,0.428,0.0,72.2136
Kneeling,136,,Standing,,0.427,0.0,70.9603
Kneeling,137,,Standing,,0.426,0.0,68.4464
Kneeling,138,,Standing,,0.425,0.0,78.312
Kneeling,139,,Standing,,0.426,0.0,79.1747
Kneeling,140,,Standing,,0.43,0.0,59.1677
Kneeling,141,,Standing,,0.436,0.0,61.0274
Kneeling,142,,Standing,,0.44,0.0,82.8156
Kneeling,143,,Standing,,0.445,0.0,57.6582
Kneeling,144,,Standing,,0.447,0.0,53.945
Kneeling,145,,Standing,,0.45,0.0,57.8266
Kneeling,146,,Standing,,0.455,0.0,54.8962
Kneeling,147,,Standing,,0.461,0.0,59.9455
Kneeling,148,,Standing,,0.468,0.0,56.6298
Kneeling,149,,Standing,,0.475,0.0,59.1166
Kneeling,150,,Standing,,0.487,0.0,85.2984
Kneeling,151,,Standing,,0.499,0.0,82.5063
Kneeling,152,,Standing,,0.517,0.0,64.1683
Kneeling,153,,Standing,,0.538,0.0,66.1087
Kneeling,154,,Standing,,0.564,0.0,118.8557
Kneeling,155,,Standing,,0.588,0.0,65.2703
Kneeling,156,Standing,Standing,True,0.609,0.0,46.9569
Kneeling,157,Standing,Standing,True,0.628,0.0,59.2876
Kneeling,158,Standing,Standing,True,0.649,0.0,53.8855
Kneeling,159,Standing,Standing,True,0.667,0.0,60.416
Kneeling,160,Standing,Standing,True,0.682,0.0,76.1318
Kneeling,161,Standing,Standing,True,0.698,0.0,71.3286
Kneeling,162,Standing,Standing,True,0.71,0.0,49.5431
Kneeling,163,Standing,Standing,True,0.72,0.0,52.2004
Kneeling,164,Standing,Standing,True,0.737,0.0,39.2569
Kneeling,165,Standing,Standing,True,0.75,0.0,36.075
Kneeling,166,Standing,Standing,True,0.767,0.0,43.3825
Kneeling,167,Standing,Standing,True,0.788,0.0,64.2161
Kneeling,168,Standing,Standing,True,0.809,0.0,46.033
Kneeling,169,Standing,Standing,True,0.821,0.0,38.4794
Kneeling,170,Standing,Standing,True,0.838,0.0,44.944
Kneeling,171,,Standing,,0.852,0.0,45.1984
Kneeling,172,,Standing,,0.859,0.0,34.0116
Kneeling,173,,Standing,,0.864,0.0,40.1182
Kneeling,174,,Standing,,0.868,0.0,71.3608
Kneeling,175,,Standing,,0.87,0.0,75.5984
Kneeling,176,,Standing,,0.871,0.0,78.2377
Kneeling,177,,Standing,,0.877,0.0,74.451
Kneeling,178,,Standing,,0.887,0.0,84.6495
Kneeling,179,,Standing,,0.9,0.0,86.5482
Kneeling,180,,Standing,,0.917,0.0,79.5107
Kneeling,181,,Standing,,0.932,0.0,94.957
Kneeling,182,,Standing,,0.945,0.0,174.1409
Kneeling,183,,Standing,,0.955,0.0,81.1795
Kneeling,184,,Standing,,0.963,0.0,66.0925
Kneeling,185,,Standing,,0.967,0.0,67.9522
Kneeling,186,,Standing,,0.971,0.0,99.7548
Kneeling,187,,Standing,,0.972,0.0,76.8706
Kneeling,188,,Standing,,0.971,0.0,64.0381
Kneeling,189,,Standing,,0.968,0.0,62.8038
Kneeling,190,,Standing,,0.967,0.0,48.7346
LyingdownSlowly,31,,Standing,,0.874,0.0,58.6012
LyingdownSlowly,32,,Standing,,0.857,0.0,59.5285
LyingdownSlowly,33,,Standing,,0.841,0.0,54.2973
LyingdownSlowly,34,,Standing,,0.83,0.0,58.6712
LyingdownSlowly,35,,Standing,,0.821,0.0,59.7851
LyingdownSlowly,36,,Standing,,0.801,0.0,52.2476
LyingdownSlowly,37,,Standing,,0.787,0.0,49.5918
LyingdownSlowly,38,,Standing,,0.78,0.0,45.3486
LyingdownSlowly,39,,Standing,,0.775,0.0,38.854
LyingdownSlowly,40,,Standing,,0.771,0.0,43.6743
LyingdownSlowly,41,,Standing,,0.767,0.0,51.0344
LyingdownSlowly,42,,Standing,,0.754,0.0,46.961
LyingdownSlowly,43,,Standing,,0.725,0.0,52.4763
LyingdownSlowly,44,,Standing,,0.682,0.0,50.0734
LyingdownSlowly,45,,Standing,,0.626,0.0,50.1005
LyingdownSlowly,46,,Standing,,0.573,0.0,55.3752
LyingdownSlowly,47,,Standing,,0.525,0.0,46.53
LyingdownSlowly,48,,Standing,,0.493,0.0,48.2486
LyingdownSlowly,49,,Standing,,0.479,0.0,43.9797
LyingdownSlowly,50,,Standing,,0.475,0.0,36.9046
LyingdownSlowly,51,,Standing,,0.464,0.0,42.3516
LyingdownSlowly,52,,Standing,,0.45,0.0,42.1758
LyingdownSlowly,53,,Standing,,0.427,0.0,45.3077
LyingdownSlowly,54,,Standing,,0.409,0.0,45.5961
LyingdownSlowly,55,,Standing,,0.388,0.0,38.436
LyingdownSlowly,56,,Standing,,0.375,0.0,39.4563
LyingdownSlowly,57,,Standing,,0.375,0.0,45.578
LyingdownSlowly,58,,Standing,,0.386,0.0,37.2237
LyingdownSlowly,59,,Standing,,0.395,0.0,39.4606
LyingdownSlowly,60,,Standing,,0.4,0.0,38.7895
LyingdownSlowly,61,,Standing,,0.412,0.0,38.5467
LyingdownSlowly,62,,Standing,,0.413,0.0,37.635
LyingdownSlowly,63,,Standing,,0.403,0.0,37.2281
LyingdownSlowly,64,,Standing,,0.388,0.0,41.9151
LyingdownSlowly,65,,Standing,,0.376,0.0,40.7055
LyingdownSlowly,66,,Standing,,0.364,0.0,40.8048
LyingdownSlowly,67,,Standing,,0.351,0.0,42.8427
LyingdownSlowly,68,,Lying,,0.331,0.0,45.7822
LyingdownSlowly,69,,Lying,,0.331,0.0,39.8852
LyingdownSlowly,70,,Lying,,0.331,0.0,40.3939
LyingdownSlowly,71,,Sitting,,0.383,0.0,40.5699
LyingdownSlowly,72,,Sitting,,0.398,0.0,27.3448
LyingdownSlowly,73,,Sitting,,0.415,0.0,27.5484
LyingdownSlowly,74,,Sitting,,0.435,0.0,31.749
LyingdownSlowly,75,,Sitting,,0.456,0.0,27.7268
LyingdownSlowly,76,,Sitting,,0.468,0.0,30.2131
LyingdownSlowly,77,,Sitting,,0.475,0.0,25.5351
LyingdownSlowly,78,,Sitting,,0.477,0.0,27.3189
LyingdownSlowly,79,,Sitting,,0.481,0.0,23.4087
LyingdownSlowly,80,,Sitting,,0.478,0.0,25.301
LyingdownSlowly,81,,Sitting,,0.475,0.0,24.5436
LyingdownSlowly,82,,Sitting,,0.471,0.0,25.2163
LyingdownSlowly,83,,Sitting,,0.461,0.0,23.5099
LyingdownSlowly,84,,Sitting,,0.453,0.0,24.6552
LyingdownSlowly,85,,Sitting,,0.449,0.0,22.7617
LyingdownSlowly,86,,Sitting,,0.444,0.0,24.1219
LyingdownSlowly,87,,Sitting,,0.434,0.0,24.063
LyingdownSlowly,88,,Sitting,,0.423,0.0,26.34
LyingdownSlowly,89,,Sitting,,0.413,0.0,23.8709
LyingdownSlowly,90,,Sitting,,0.402,0.0,26.0956
LyingdownSlowly,91,,Sitting,,0.392,0.0,24.6569
LyingdownSlowly,92,,Sitting,,0.389,0.0,23.4769
LyingdownSlowly,93,,Sitting,,0.389,0.0,22.6297
LyingdownSlowly,94,,Lying,,0.431,0.0,23.0865
LyingdownSlowly,95,,Lying,,0.448,0.0,24.4714
LyingdownSlowly,96,,Lying,,0.472,0.0,21.9153
LyingdownSlowly,97,,Lying,,0.508,0.0,29.5382
LyingdownSlowly,98,,Lying,,0.542,0.0,29.1744
LyingdownSlowly,99,,Lying,,0.568,0.0,27.0846
LyingdownSlowly,100,,Lying,,0.582,0.0,27.9726
LyingdownSlowly,101,,Lying,,0.573,0.0,25.6017
LyingdownSlowly,102,,Lying,,0.554,0.0,28.8692
LyingdownSlowly,103,,Lying,,0.521,0.0,29.4387
LyingdownSlowly,104,,Lying,,0.48,0.0,28.6541
LyingdownSlowly,105,,Lying,,0.449,0.0,25.366
LyingdownSlowly,106,,Lying,,0.427,0.0,26.6172
LyingdownSlowly,107,,Lying,,0.414,0.0,25.6349
LyingdownSlowly,108,,Lying,,0.408,0.0,23.5804
LyingdownSlowly,109,,Lying,,0.423,0.0,24.5208
LyingdownSlowly,110,,Lying,,0.436,0.0,22.9728
LyingdownSlowly,111,,Lying,,0.444,0.0,23.2065
LyingdownSlowly,112,,Lying,,0.464,0.0,25.2974
LyingdownSlowly,113,,Lying,,0.478,0.0,22.1177
LyingdownSlowly,114,,Lying,,0.487,0.0,23.1165
LyingdownSlowly,115,,Lying,,0.489,0.0,22.7767
LyingdownSlowly,116,,Lying,,0.492,0.0,24.8833
LyingdownSlowly,117,,Lying,,0.492,0.0,24.7046
LyingdownSlowly,118,Lying,Lying,True,0.49,0.0,22.9614
LyingdownSlowly,119,Lying,Lying,True,0.488,0.0,26.453
LyingdownSlowly,120,Lying,Lying,True,0.489,0.0,22.5364
LyingdownSlowly,121,Lying,Lying,True,0.486,0.0,22.4562
LyingdownSlowly,122,Lying,Lying,True,0.484,0.0,22.1546
LyingdownSlowly,123,Lying,Lying,True,0.485,0.0,21.3553
LyingdownSlowly,124,Lying,Lying,True,0.53,0.0,22.2007
LyingdownSlowly,125,Lying,Lying,True,0.548,0.0,21.4075
LyingdownSlowly,126,Lying,Lying,True,0.564,0.0,21.3665
LyingdownSlowly,127,Lying,Lying,True,0.595,0.0,22.9565
LyingdownSlowly,128,Lying,Lying,True,0.627,0.0,20.5799
LyingdownSlowly,129,Lying,Lying,True,0.65,0.0,22.089
LyingdownSlowly,130,Lying,Lying,True,0.672,0.0,22.4205
LyingdownSlowly,131,Lying,Lying,True,0.689,0.0,22.5994
LyingdownSlowly,132,Lying,Lying,True,0.702,0.0,22.7482
LyingdownSlowly,133,Lying,Lying,True,0.714,0.0,21.8772
LyingdownSlowly,134,Lying,Lying,True,0.725,0.0,20.8127
LyingdownSlowly,135,Lying,Lying,True,0.733,0.0,20.5798
LyingdownSlowly,136,Lying,Lying,True,0.737,0.0,24.1948
LyingdownSlowly,137,Lying,Lying,True,0.742,0.0,22.3627
LyingdownSlowly,138,Lying,Lying,True,0.745,0.0,22.4864
LyingdownSlowly,139,Lying,Lying,True,0.745,0.0,23.25
LyingdownSlowly,140,Lying,Lying,True,0.746,0.0,21.8358
LyingdownSlowly,141,Lying,Lying,True,0.748,0.0,22.6228
LyingdownSlowly,142,Lying,Lying,True,0.747,0.0,21.3487
LyingdownSlowly,143,Lying,Lying,True,0.746,0.0,20.361
LyingdownSlowly,144,Lying,Lying,True,0.744,0.0,24.7254
LyingdownSlowly,145,Lying,Lying,True,0.736,0.0,20.9787
LyingdownSlowly,146,Lying,Lying,True,0.735,0.0,23.6875
LyingdownSlowly,147,Lying,Lying,True,0.736,0.0,23.8526
LyingdownSlowly,148,Lying,Lying,True,0.733,0.0,21.5444
LyingdownSlowly,149,Lying,Lying,True,0.733,0.0,25.9515
LyingdownSlowly,150,Lying,Lying,True,0.737,0.0,22.8012
LyingdownSlowly,151,Lying,Lying,True,0.738,0.0,22.5728
LyingdownSlowly,152,Lying,Lying,True,0.737,0.0,22.1667
LyingdownSlowly,153,Lying,Lying,True,0.739,0.0,21.6882
LyingdownSlowly,154,Lying,Lying,True,0.744,0.0,22.8707
LyingdownSlowly,155,Lying,Lying,True,0.746,0.0,22.0089
LyingdownSlowly,156,Lying,Lying,True,0.748,0.0,21.5057
LyingdownSlowly,157,Lying,Lying,True,0.75,0.0,23.6124
LyingdownSlowly,158,Lying,Lying,True,0.755,0.0,22.0395
LyingdownSlowly,159,Lying,Lying,True,0.757,0.0,22.1735
LyingdownSlowly,160,Lying,Lying,True,0.759,0.0,22.859
LyingdownSlowly,161,Lying,Lying,True,0.763,0.0,21.0559
LyingdownSlowly,162,Lying,Lying,True,0.761,0.0,21.1163
LyingdownSlowly,163,Lying,Lying,True,0.762,0.0,23.3113
LyingdownSlowly,164,Lying,Lying,True,0.76,0.0,20.8097
LyingdownSlowly,165,Lying,Lying,True,0.758,0.0,21.6674
LyingdownSlowly,166,Lying,Lying,True,0.759,0.0,22.8192
LyingdownSlowly,167,Lying,Lying,True,0.763,0.0,21.2102
LyingdownSlowly,168,Lying,Lying,True,0.763,0.0,21.8368
LyingdownSlowly,169,Lying,Lying,True,0.763,0.0,23.8172
LyingdownSlowly,170,Lying,Lying,True,0.765,0.0,21.409
LyingdownSlowly,171,Lying,Lying,True,0.761,0.0,21.7938
LyingdownSlowly,172,Lying,Lying,True,0.763,0.0,23.2087
LyingdownSlowly,173,Lying,Lying,True,0.765,0.0,21.974
LyingdownSlowly,174,Lying,Lying,True,0.765,0.0,22.6287
LyingdownSlowly,175,Lying,Lying,True,0.767,0.0,23.0358
LyingdownSlowly,176,Lying,Lying,True,0.772,0.0,21.861
LyingdownSlowly,177,Lying,Lying,True,0.77,0.0,22.9629
LyingdownSlowly,178,Lying,Lying,True,0.771,0.0,21.4104
LyingdownSlowly,179,Lying,Lying,True,0.772,0.0,20.7658
LyingdownSlowly,180,Lying,Lying,True,0.771,0.0,23.8879
LyingdownSlowly,181,Lying,Lying,True,0.766,0.0,21.0264
LyingdownSlowly,182,Lying,Lying,True,0.764,0.0,21.2386
LyingdownSlowly,183,Lying,Lying,True,0.762,0.0,27.0036
LyingdownSlowly,184,Lying,Lying,True,0.759,0.0,28.9377
LyingdownSlowly,185,Lying,Lying,True,0.758,0.0,32.8684
LyingdownSlowly,186,Lying,Lying,True,0.763,0.0,25.0979
LyingdownSlowly,187,Lying,Lying,True,0.765,0.0,29.8374
LyingdownSlowly,188,Lying,Lying,True,0.764,0.0,33.7492
LyingdownSlowly,189,Lying,Lying,True,0.766,0.0,39.1232
LyingdownSlowly,190,Lying,Lying,True,0.767,0.0,34.7474
LyingdownSlowly,191,Lying,Lying,True,0.766,0.0,43.1108
LyingdownSlowly,192,Lying,Lying,True,0.768,0.0,46.2164
LyingdownSlowly,193,Lying,Lying,True,0.766,0.0,41.542
LyingdownSlowly,194,Lying,Lying,True,0.765,0.0,39.5305
LyingdownSlowly,195,Lying,Lying,True,0.763,0.0,39.1067
LyingdownSlowly,196,Lying,Lying,True,0.76,0.0,29.4418
LyingdownSlowly,197,Lying,Lying,True,0.757,0.0,38.4227
LyingdownSlowly,198,Lying,Lying,True,0.757,0.0,37.0684
LyingdownSlowly,199,Lying,Lying,True,0.76,0.0,39.6755
LyingdownSlowly,200,Lying,Lying,True,0.758,0.0,33.2641
LyingdownSlowly,201,Lying,Lying,True,0.759,0.0,35.1391
LyingdownSlowly,202,Lying,Lying,True,0.76,0.0,31.64
LyingdownSlowly,203,Lying,Lying,True,0.761,0.0,33.5988
LyingdownSlowly,204,Lying,Lying,True,0.758,0.0,35.0199
LyingdownSlowly,205,Lying,Lying,True,0.757,0.0,33.3204
LyingdownSlowly,206,Lying,Lying,True,0.758,0.0,48.8648
LyingdownSlowly,207,Lying,Lying,True,0.759,0.0,47.9297
LyingdownSlowly,208,Lying,Lying,True,0.758,0.0,31.7492
LyingdownSlowly,209,Lying,Lying,True,0.761,0.0,32.7191
LyingdownSlowly,210,Lying,Lying,True,0.762,0.0,38.2686
LyingdownSlowly,211,Lying,Lying,True,0.763,0.0,34.5839
LyingdownSlowly,212,Lying,Lying,True,0.764,0.0,45.2477
LyingdownSlowly,213,Lying,Lying,True,0.763,0.0,32.7568
LyingdownSlowly,214,Lying,Lying,True,0.762,0.0,43.9366
LyingdownSlowly,215,Lying,Lying,True,0.763,0.0,32.537
LyingdownSlowly,216,Lying,Lying,True,0.761,0.0,33.0033
LyingdownSlowly,217,Lying,Lying,True,0.758,0.0,31.2127
LyingdownSlowly,218,Lying,Lying,True,0.756,0.0,31.8928
LyingdownSlowly,219,Lying,Lying,True,0.756,0.0,34.7676
LyingdownSlowly,220,Lying,Lying,True,0.754,0.0,46.0039
LyingdownSlowly,221,Lying,Lying,True,0.753,0.0,40.529
LyingdownSlowly,222,Lying,Lying,True,0.756,0.0,49.6768
LyingdownSlowly,223,Lying,Lying,True,0.759,0.0,48.7077
LyingdownSlowly,224,Lying,Lying,True,0.759,0.0,37.9393
LyingdownSlowly,225,Lying,Lying,True,0.759,0.0,73.904
LyingdownSlowly,226,Lying,Lying,True,0.758,0.0,66.1903
LyingdownSlowly,227,Lying,Lying,True,0.757,0.0,72.8041
LyingdownSlowly,228,Lying,Lying,True,0.759,0.0,51.1311
LyingdownSlowly,229,Lying,Lying,True,0.758,0.0,52.4244
LyingdownSlowly,230,Lying,Lying,True,0.759,0.0,46.3852
LyingdownSlowly,231,Lying,Lying,True,0.758,0.0,40.2153
LyingdownSlowly,232,Lying,Lying,True,0.759,0.0,34.954
LyingdownSlowly,233,Lying,Lying,True,0.759,0.0,42.7254
LyingdownSlowly,234,Lying,Lying,True,0.758,0.0,42.4575
LyingdownSlowly,235,Lying,Lying,True,0.759,0.0,44.7106
LyingdownSlowly,236,,Lying,,0.76,0.0,46.0893
LyingdownSlowly,237,,Lying,,0.756,0.0,40.6953
LyingdownSlowly,238,,Lying,,0.752,0.0,42.7519
LyingdownSlowly,239,,Lying,,0.751,0.0,32.9681
LyingdownSlowly,240,,Lying,,0.749,0.0,29.9546
LyingdownSlowly,241,,Lying,,0.749,0.0,51.6639
LyingdownSlowly,242,,Lying,,0.751,0.0,45.9128
LyingdownSlowly,243,,Lying,,0.753,0.0,35.9234
LyingdownSlowly,244,,Lying,,0.752,0.0,38.7483
LyingdownSlowly,245,,Lying,,0.751,0.0,35.5993
LyingdownSlowly,246,,Lying,,0.752,0.0,38.653
LyingdownSlowly,247,,Lying,,0.752,0.0,42.178
LyingdownSlowly,248,,Lying,,0.751,0.0,45.5677
LyingdownSlowly,249,,Lying,,0.753,0.0,40.8616
LyingdownSlowly,250,,Lying,,0.755,0.0,40.7362
LyingdownSlowly,251,,Lying,,0.754,0.0,56.4808
LyingdownSlowly,252,,Lying,,0.754,0.0,36.3814
LyingdownSlowly,253,,Lying,,0.756,0.0,31.9579
LyingdownSlowly,254,,Lying,,0.756,0.0,29.6992
LyingdownSlowly,255,,Lying,,0.754,0.0,29.7492
LyingdownSlowly,256,,Lying,,0.752,0.0,30.9309
LyingdownSlowly,257,,Lying,,0.753,0.0,27.1471
LyingdownSlowly,258,,Lying,,0.754,0.0,32.5661
LyingdownSlowly,259,,Lying,,0.755,0.0,44.209
LyingdownSlowly,260,,Lying,,0.757,0.0,32.9089
LyingdownSlowly,261,,Lying,,0.76,0.0,29.414
LyingdownSlowly,262,,Lying,,0.763,0.0,30.8519
LyingdownSlowly,263,,Lying,,0.767,0.0,32.5887
LyingdownSlowly,264,,Lying,,0.773,0.0,29.7175
LyingdownSlowly,265,,Lying,,0.776,0.0,29.3699
LyingdownSlowly,266,,Lying,,0.778,0.0,31.8349
LyingdownSlowly,267,,Lying,,0.777,0.0,29.8547
LyingdownSlowly,268,,Lying,,0.773,0.0,29.0843
LyingdownSlowly,269,,Lying,,0.766,0.0,27.9435
LyingdownSlowly,270,,Lying,,0.758,0.0,27.9256
LyingdownSlowly,271,,Lying,,0.751,0.0,31.4625
LyingdownSlowly,272,,Lying,,0.743,0.0,28.4154
LyingdownSlowly,273,,Lying,,0.742,0.0,25.6232
LyingdownSlowly,274,,Lying,,0.741,0.0,28.1432
LyingdownSlowly,275,,Lying,,0.747,0.0,29.3238
LyingdownSlowly,276,,Lying,,0.756,0.0,25.3539
LyingdownSlowly,277,,Lying,,0.77,0.0,30.0407
LyingdownSlowly,278,,Lying,,0.78,0.0,32.8856
LyingdownSlowly,279,,Lying,,0.792,0.0,27.385
LyingdownSlowly,280,,Lying,,0.8,0.0,27.4831
LyingdownSlowly,281,,Lying,,0.806,0.0,29.8857
LyingdownSlowly,282,,Lying,,0.808,0.0,28.0494
LyingdownSlowly,283,,Lying,,0.809,0.0,28.6726
LyingdownSlowly,284,,Lying,,0.808,0.0,48.4514
LyingdownSlowly,285,,Lying,,0.804,0.0,41.9244
LyingdownSlowly,286,,Lying,,0.801,0.0,29.7297
LyingdownSlowly,287,,Lying,,0.796,0.0,29.5105
LyingdownSlowly,288,,Lying,,0.788,0.0,26.2602
LyingdownSlowly,289,,Lying,,0.777,0.0,27.5396
LyingdownSlowly,290,,Lying,,0.766,0.0,32.4584
LyingdownSlowly,291,,Lying,,0.746,0.0,30.5298
LyingdownSlowly,292,,Lying,,0.718,0.0,28.5838
LyingdownSlowly,293,,Lying,,0.683,0.0,26.0991
LyingdownSlowly,294,,Lying,,0.642,0.0,27.7755
LyingdownSlowly,295,,Lying,,0.598,0.0,32.3372
LyingdownSlowly,296,,Lying,,0.562,0.0,28.3461
LyingdownSlowly,297,,Lying,,0.524,0.0,28.8549
LyingdownSlowly,298,,Lying,,0.494,0.0,35.3583
LyingdownSlowly,299,,Lying,,0.47,0.0,26.9864
LyingdownSlowly,300,,Lying,,0.451,0.0,29.3373
LyingdownSlowly,301,,Lying,,0.423,0.0,28.3527
LyingdownSlowly,302,,Lying,,0.415,0.0,27.0439
LyingdownSlowly,303,,Lying,,0.405,0.0,27.7558
LyingdownSlowly,304,,Sitting,,0.378,0.0,29.7021
LyingdownSlowly,305,,Sitting,,0.38,0.0,32.5665
LyingdownSlowly,306,,Sitting,,0.382,0.0,25.8305
LyingdownSlowly,307,,Sitting,,0.386,0.0,25.9946
LyingdownSlowly,308,,Sitting,,0.391,0.0,25.1982
LyingdownSlowly,309,,Sitting,,0.391,0.0,26.6448
LyingdownSlowly,310,,Sitting,,0.389,0.0,25.6517
LyingdownSlowly,311,,Sitting,,0.386,0.0,25.6151
LyingdownSlowly,312,,Sitting,,0.381,0.0,29.0579
LyingdownSlowly,313,,Sitting,,0.373,0.0,31.4845
LyingdownSlowly,314,,Sitting,,0.369,0.0,32.4551
LyingdownSlowly,315,,Sitting,,0.367,0.0,39.4173
LyingdownSlowly,316,,Lying,,0.412,0.0,38.7596
LyingdownSlowly,317,,Lying,,0.439,0.0,42.518
LyingdownSlowly,318,,Lying,,0.463,0.0,29.051
LyingdownSlowly,319,,Lying,,0.513,0.0,28.5148
LyingdownSlowly,320,,Lying,,0.559,0.0,24.8493
LyingdownSlowly,321,,Lying,,0.595,0.0,27.1515
LyingdownSlowly,322,,Lying,,0.622,0.0,33.7137
LyingdownSlowly,323,,Lying,,0.642,0.0,35.4729
LyingdownSlowly,324,,Lying,,0.65,0.0,44.7666
LyingdownSlowly,325,,Lying,,0.654,0.0,41.0871
LyingdownSlowly,326,,Lying,,0.649,0.0,30.0591
LyingdownSlowly,327,,Lying,,0.633,0.0,37.7589
LyingdownSlowly,328,,Lying,,0.604,0.0,43.1378
LyingdownSlowly,329,,Lying,,0.567,0.0,36.2529
LyingdownSlowly,330,,Lying,,0.522,0.0,29.3339
LyingdownSlowly,331,,Lying,,0.474,0.0,28.9676
LyingdownSlowly,332,,Lying,,0.429,0.0,28.2683
LyingdownSlowly,333,,Lying,,0.39,0.0,29.4006
LyingdownSlowly,334,,Lying,,0.362,0.0,30.185
LyingdownSlowly,335,,Lying,,0.344,0.0,29.2219
LyingdownSlowly,336,,Lying,,0.34,0.0,29.8031
LyingdownSlowly,337,,Lying,,0.334,0.0,28.6401
LyingdownSlowly,338,,Lying,,0.331,0.0,31.8763
LyingdownSlowly,339,,Lying,,0.33,0.0,41.1745
LyingdownSlowly,340,,Lying,,0.328,0.0,42.8581
LyingdownSlowly,341,,Sitting,,0.346,0.0,43.5709
LyingdownSlowly,342,,Sitting,,0.343,0.0,38.1178
LyingdownSlowly,343,,Sitting,,0.343,0.0,34.096
LyingdownSlowly,344,,Sitting,,0.342,0.0,33.2467
LyingdownSlowly,345,,Standing,,0.386,0.0,33.4158
LyingdownSlowly,346,,Standing,,0.389,0.0,31.6602
LyingdownSlowly,347,,Standing,,0.401,0.0,30.5104
LyingdownSlowly,348,,Standing,,0.424,0.0,30.3452
LyingdownSlowly,349,,Standing,,0.454,0.0,29.3301
LyingdownSlowly,350,,Standing,,0.483,0.0,27.0354
LyingdownSlowly,351,,Standing,,0.507,0.0,29.1889
LyingdownSlowly,352,,Standing,,0.516,0.0,28.332
LyingdownSlowly,353,,Standing,,0.509,0.0,30.3345
LyingdownSlowly,354,,Standing,,0.49,0.0,31.4794
LyingdownSlowly,355,,Standing,,0.47,0.0,28.046
LyingdownSlowly,356,,Standing,,0.466,0.0,28.4902
LyingdownSlowly,357,,Standing,,0.475,0.0,28.6496
LyingdownSlowly,358,,Standing,,0.497,0.0,36.034
LyingdownSlowly,359,,Standing,,0.526,0.0,29.7917
LyingdownSlowly,360,,Standing,,0.563,0.0,29.947
LyingdownSlowly,361,,Standing,,0.594,0.0,37.9672
LyingdownSlowly,362,,Standing,,0.619,0.0,36.1544
LyingdownSlowly,363,,Standing,,0.637,0.0,33.1496
LyingdownSlowly,364,,Standing,,0.651,0.0,41.2285
LyingdownSlowly,365,,Standing,,0.656,0.0,41.5178
LyingdownSlowly,366,,Standing,,0.652,0.0,44.3901
LyingdownSlowly,367,,Standing,,0.653,0.0,34.8482
LyingdownSlowly,368,,Standing,,0.652,0.0,41.0483
LyingdownSlowly,369,,Standing,,0.658,0.0,43.0571
LyingdownSlowly,370,,Standing,,0.669,0.0,47.5075
LyingdownSlowly,371,,Standing,,0.689,0.0,38.3055
LyingdownSlowly,372,,Standing,,0.706,0.0,38.3243
LyingdownSlowly,373,,Standing,,0.732,0.0,47.6111
LyingdownSlowly,374,,Standing,,0.751,0.0,43.2111
LyingdownSlowly,375,,Standing,,0.77,0.0,37.502
LyingdownSlowly,376,,Standing,,0.786,0.0,35.0402
LyingdownSlowly,377,,Standing,,0.8,0.0,46.669
LyingdownSlowly,378,,Standing,,0.808,0.0,42.0024
LyingdownSlowly,379,,Standing,,0.815,0.0,41.2469
LyingdownSlowly,380,,Standing,,0.818,0.0,43.8925
LyingdownSlowly,381,,Standing,,0.821,0.0,49.2089
Moving_in_out_frame,31,Standing,Standing,True,0.937,0.0,42.3027
Moving_in_out_frame,32,Standing,Standing,True,0.94,0.0,40.1234
Moving_in_out_frame,33,Standing,Standing,True,0.939,0.0,50.2285
Moving_in_out_frame,34,Standing,Standing,True,0.941,0.0,51.9074
Moving_in_out_frame,35,Standing,Standing,True,0.942,0.0,36.2243
Moving_in_out_frame,36,Standing,Standing,True,0.944,0.0,51.1737
Moving_in_out_frame,37,Standing,Standing,True,0.945,0.0,51.187
Moving_in_out_frame,38,Standing,Standing,True,0.949,0.0,51.1482
Moving_in_out_frame,39,Standing,Standing,True,0.952,0.0,38.1605
Moving_in_out_frame,40,Standing,Standing,True,0.956,0.0,41.7258
Moving_in_out_frame,41,Standing,Standing,True,0.96,0.0,48.4722
Moving_in_out_frame,42,Standing,Standing,True,0.963,0.0,40.724
Moving_in_out_frame,43,Standing,Standing,True,0.963,0.0,34.903
Moving_in_out_frame,44,Standing,Standing,True,0.96,0.0,33.8456
Moving_in_out_frame,45,Standing,Standing,True,0.958,0.0,48.9767
Moving_in_out_frame,46,Standing,Standing,True,0.951,0.0,50.2709
Moving_in_out_frame,47,Standing,Standing,True,0.946,0.0,36.5459
Moving_in_out_frame,48,Standing,Standing,True,0.941,0.0,37.6029
Moving_in_out_frame,49,Standing,Standing,True,0.94,0.0,39.8367
Moving_in_out_frame,50,Standing,Standing,True,0.94,0.0,46.9449
Moving_in_out_frame,51,Standing,Standing,True,0.941,0.0,39.5904
Moving_in_out_frame,52,Standing,Standing,True,0.942,0.0,37.9717
Moving_in_out_frame,53,Standing,Standing,True,0.943,0.0,40.6315
Moving_in_out_frame,54,Standing,Standing,True,0.942,0.0,45.1901
Moving_in_out_frame,55,Standing,Standing,True,0.936,0.0,36.6724
Moving_in_out_frame,56,Standing,Standing,True,0.933,0.0,38.9556
Moving_in_out_frame,57,Standing,Standing,True,0.928,0.0,44.6808
Moving_in_out_frame,58,Standing,Standing,True,0.923,0.0,50.8694
Moving_in_out_frame,59,Not in frame,Standing,False,0.918,0.0,51.7506
Moving_in_out_frame,60,Not in frame,Standing,False,0.916,0.0,47.4283
Moving_in_out_frame,61,Not in frame,Standing,False,0.911,0.0,49.4423
Moving_in_out_frame,62,Not in frame,Standing,False,0.905,0.0,44.9679
Moving_in_out_frame,63,Not in frame,Standing,False,0.898,0.0,47.7326
Moving_in_out_frame,64,Not in frame,Standing,False,0.887,0.0,38.4249
Moving_in_out_frame,65,Not in frame,Standing,False,0.874,0.0,55.4287
Moving_in_out_frame,66,Not in frame,Standing,False,0.859,0.0,66.9175
Moving_in_out_frame,67,Not in frame,Standing,False,0.846,0.0,66.7289
Moving_in_out_frame,68,Not in frame,Standing,False,0.835,0.0,82.2788
Moving_in_out_frame,69,Not in frame,Standing,False,0.825,0.0,79.8321
Moving_in_out_frame,70,Not in frame,Standing,False,0.815,0.0,76.5948
Moving_in_out_frame,71,Not in frame,Standing,False,0.808,1.0,53.4948
Moving_in_out_frame,72,Not in frame,Standing,False,0.799,1.0,61.303
Moving_in_out_frame,73,Not in frame,Standing,False,0.787,1.0,45.1925
Moving_in_out_frame,74,Not in frame,Standing,False,0.767,1.0,57.7927
Moving_in_out_frame,75,Not in frame,Standing,False,0.74,1.0,96.4789
Moving_in_out_frame,76,Not in frame,Standing,False,0.676,0.0,70.5007
Moving_in_out_frame,77,Not in frame,Standing,False,0.584,0.0,44.0324
Moving_in_out_frame,78,Not in frame,Standing,False,0.54,0.0,34.8449
Moving_in_out_frame,79,Not in frame,Standing,False,0.484,0.0,40.424
Moving_in_out_frame,80,Not in frame,Lying,False,0.384,0.0,43.6105
Moving_in_out_frame,81,Not in frame,Lying,False,0.41,0.0,44.1544
Moving_in_out_frame,82,Not in frame,Lying,False,0.432,0.0,46.2871
Moving_in_out_frame,83,Not in frame,Lying,False,0.469,0.0,34.5789
Moving_in_out_frame,84,Not in frame,Lying,False,0.505,0.0,40.2868
Moving_in_out_frame,85,Not in frame,Lying,False,0.532,0.0,40.8001
Moving_in_out_frame,86,Not in frame,Lying,False,0.559,0.0,41.4134
Moving_in_out_frame,87,Not in frame,Lying,False,0.581,0.0,48.6115
Moving_in_out_frame,88,Not in frame,Lying,False,0.61,0.0,39.6958
Moving_in_out_frame,89,Not in frame,Lying,False,0.629,0.0,38.3786
Moving_in_out_frame,90,Not in frame,Lying,False,0.642,0.0,43.0154
Moving_in_out_frame,91,Not in frame,Lying,False,0.649,0.0,46.4021
Moving_in_out_frame,92,Not in frame,Lying,False,0.659,0.0,35.6099
Moving_in_out_frame,93,Not in frame,Lying,False,0.664,0.0,48.4414
Moving_in_out_frame,94,Not in frame,Lying,False,0.67,0.0,60.085
Moving_in_out_frame,95,Not in frame,Lying,False,0.683,0.0,55.666
Moving_in_out_frame,96,Not in frame,Lying,False,0.69,0.0,39.8845
Moving_in_out_frame,97,Not in frame,Lying,False,0.701,0.0,37.706
Moving_in_out_frame,98,Not in frame,Lying,False,0.717,0.0,44.9179
Moving_in_out_frame,99,Not in frame,Lying,False,0.732,0.0,39.314
Moving_in_out_frame,100,Not in frame,Lying,False,0.746,0.0,43.4029
Moving_in_out_frame,101,Not in frame,Lying,False,0.762,0.0,44.6994
Moving_in_out_frame,102,Not in frame,Lying,False,0.763,0.0,40.3367
Moving_in_out_frame,103,Not in frame,Lying,False,0.761,0.0,49.3692
Moving_in_out_frame,104,Not in frame,Lying,False,0.766,0.0,33.3473
Moving_in_out_frame,105,Not in frame,Lying,False,0.778,0.0,39.641
Moving_in_out_frame,106,Not in frame,Lying,False,0.793,0.0,45.0603
Moving_in_out_frame,107,Not in frame,Lying,False,0.814,0.0,47.403
Moving_in_out_frame,108,Not in frame,Lying,False,0.829,0.0,36.2878
Moving_in_out_frame,109,Not in frame,Lying,False,0.838,0.0,57.3673
Moving_in_out_frame,110,Not in frame,Lying,False,0.839,0.0,54.849
Moving_in_out_frame,111,Not in frame,Lying,False,0.839,0.0,35.6308
Moving_in_out_frame,112,Not in frame,Lying,False,0.837,0.0,36.2675
Moving_in_out_frame,113,Not in frame,Lying,False,0.835,0.0,40.1857
Moving_in_out_frame,114,Not in frame,Lying,False,0.836,0.0,52.0059
Moving_in_out_frame,115,Not in frame,Lying,False,0.839,0.0,44.3659
Moving_in_out_frame,116,Not in frame,Lying,False,0.838,0.0,44.5903
Moving_in_out_frame,117,Standing,Lying,False,0.836,0.0,37.7036
Moving_in_out_frame,118,Standing,Lying,False,0.84,0.0,39.784
Moving_in_out_frame,119,Standing,Lying,False,0.841,0.0,36.2387
Moving_in_out_frame,120,Standing,Lying,False,0.838,0.0,34.5315
Moving_in_out_frame,121,Standing,Lying,False,0.84,0.0,36.5404
Moving_in_out_frame,122,Standing,Lying,False,0.84,0.0,38.5474
Moving_in_out_frame,123,Standing,Lying,False,0.84,0.0,38.5816
Moving_in_out_frame,124,Standing,Lying,False,0.842,0.0,36.6192
Moving_in_out_frame,125,Standing,Lying,False,0.843,0.0,56.1917
Moving_in_out_frame,126,Standing,Lying,False,0.84,0.0,56.399
Moving_in_out_frame,127,Standing,Lying,False,0.842,0.0,63.8057
Moving_in_out_frame,128,Standing,Lying,False,0.84,0.0,58.1272
Moving_in_out_frame,129,Standing,Lying,False,0.836,0.0,64.6803
Moving_in_out_frame,130,Standing,Lying,False,0.836,0.0,57.7974
Moving_in_out_frame,131,Standing,Lying,False,0.838,0.0,52.1888
Moving_in_out_frame,132,Standing,Lying,False,0.835,0.0,33.9033
Moving_in_out_frame,133,Standing,Lying,False,0.832,0.0,40.1494
Moving_in_out_frame,134,Standing,Lying,False,0.832,0.0,50.6446
Moving_in_out_frame,135,Standing,Lying,False,0.83,0.0,48.8078
Moving_in_out_frame,136,Standing,Lying,False,0.828,0.0,48.0692
Moving_in_out_frame,137,Standing,Lying,False,0.826,0.0,34.4534
Moving_in_out_frame,138,Standing,Lying,False,0.828,0.0,36.7978
Moving_in_out_frame,139,Standing,Lying,False,0.828,0.0,38.4857
Moving_in_out_frame,140,Standing,Lying,False,0.83,0.0,45.4155
Moving_in_out_frame,141,Standing,Lying,False,0.83,0.0,41.7896
Moving_in_out_frame,142,Standing,Lying,False,0.829,0.0,39.2995
Moving_in_out_frame,143,Standing,Lying,False,0.832,0.0,35.1364
Moving_in_out_frame,144,Standing,Lying,False,0.829,0.0,44.3279
Moving_in_out_frame,145,Standing,Lying,False,0.827,0.0,37.1422
Moving_in_out_frame,146,Standing,Lying,False,0.826,0.0,36.332
Moving_in_out_frame,147,Standing,Lying,False,0.828,0.0,35.1794
Moving_in_out_frame,148,Standing,Lying,False,0.825,0.0,39.9915
Moving_in_out_frame,149,Standing,Lying,False,0.828,0.0,48.452
Moving_in_out_frame,150,Standing,Lying,False,0.829,0.0,34.4661
Moving_in_out_frame,151,Standing,Lying,False,0.829,0.0,31.2363
Moving_in_out_frame,152,Standing,Lying,False,0.827,0.0,30.4825
Moving_in_out_frame,153,Standing,Lying,False,0.825,0.0,44.284
Moving_in_out_frame,154,Standing,Lying,False,0.822,0.0,50.1947
Moving_in_out_frame,155,Standing,Lying,False,0.821,0.0,40.9137
Moving_in_out_frame,156,Standing,Lying,False,0.82,0.0,33.4573
Moving_in_out_frame,157,Standing,Lying,False,0.822,0.0,43.5553
Moving_in_out_frame,158,Standing,Lying,False,0.824,0.0,43.7498
Moving_in_out_frame,159,Standing,Lying,False,0.826,0.0,37.7293
Moving_in_out_frame,160,Standing,Lying,False,0.826,0.0,31.7204
Moving_in_out_frame,161,Standing,Lying,False,0.829,0.0,31.7989
Moving_in_out_frame,162,Standing,Lying,False,0.827,0.0,39.1776
Moving_in_out_frame,163,Standing,Lying,False,0.83,0.0,39.6254
Moving_in_out_frame,164,Standing,Lying,False,0.833,0.0,32.3659
Moving_in_out_frame,165,Standing,Lying,False,0.83,0.0,29.1087
Moving_in_out_frame,166,Standing,Lying,False,0.83,0.0,32.4779
Moving_in_out_frame,167,Standing,Lying,False,0.823,1.0,29.8997
Moving_in_out_frame,168,Standing,Lying,False,0.807,0.0,32.23
Moving_in_out_frame,169,Standing,Lying,False,0.784,0.0,34.2605
Moving_in_out_frame,170,Standing,Lying,False,0.759,0.0,36.904
Moving_in_out_frame,171,Standing,Lying,False,0.721,0.0,31.1527
Moving_in_out_frame,172,Standing,Lying,False,0.675,0.0,33.4602
Moving_in_out_frame,173,Standing,Lying,False,0.623,0.0,36.826
Moving_in_out_frame,174,Standing,Lying,False,0.566,0.0,29.7998
Moving_in_out_frame,175,Standing,Lying,False,0.537,0.0,28.8025
Moving_in_out_frame,176,Standing,Lying,False,0.503,0.0,29.3327
Moving_in_out_frame,177,Standing,Standing,True,0.529,0.0,38.3876
Moving_in_out_frame,178,Standing,Standing,True,0.547,0.0,31.5594
Moving_in_out_frame,179,Standing,Standing,True,0.562,0.0,34.9449
Moving_in_out_frame,180,Standing,Standing,True,0.594,0.0,33.9801
Moving_in_out_frame,181,Standing,Standing,True,0.627,0.0,43.5419
Moving_in_out_frame,182,Standing,Standing,True,0.651,0.0,40.6346
Moving_in_out_frame,183,Standing,Standing,True,0.676,0.0,52.8147
Moving_in_out_frame,184,Standing,Standing,True,0.696,0.0,58.0937
Moving_in_out_frame,185,Standing,Standing,True,0.71,0.0,38.3183
Moving_in_out_frame,186,Standing,Standing,True,0.719,0.0,35.441
Moving_in_out_frame,187,Standing,Standing,True,0.731,0.0,35.4748
Moving_in_out_frame,188,Standing,Standing,True,0.738,0.0,45.9672
Moving_in_out_frame,189,Standing,Standing,True,0.748,0.0,47.1282
Moving_in_out_frame,190,Standing,Standing,True,0.758,0.0,38.6305
Moving_in_out_frame,191,Standing,Standing,True,0.766,0.0,40.8526
Moving_in_out_frame,192,Standing,Standing,True,0.773,0.0,37.2224
Moving_in_out_frame,193,Standing,Standing,True,0.783,0.0,34.2096
Moving_in_out_frame,194,Standing,Standing,True,0.788,0.0,36.4905
Moving_in_out_frame,195,Standing,Standing,True,0.796,0.0,40.3188
Moving_in_out_frame,196,Standing,Standing,True,0.799,0.0,31.7584
Moving_in_out_frame,197,Standing,Standing,True,0.841,0.0,28.5338
Moving_in_out_frame,198,Standing,Standing,True,0.877,0.0,42.5686
Moving_in_out_frame,199,Standing,Standing,True,0.915,0.0,33.8234
Moving_in_out_frame,200,Standing,Standing,True,0.95,0.0,31.1551
Moving_in_out_frame,201,Standing,Standing,True,0.986,0.0,33.7386
Moving_in_out_frame,202,Standing,Standing,True,0.981,0.0,33.7983
Moving_in_out_frame,203,Standing,Standing,True,0.976,0.0,32.8459
Moving_in_out_frame,204,Standing,Standing,True,0.972,0.0,36.8865
Moving_in_out_frame,205,Standing,Standing,True,0.968,0.0,32.6756
Moving_in_out_frame,206,,Standing,,0.968,0.0,32.3268
Moving_in_out_frame,207,,Standing,,0.97,0.0,36.1803
Moving_in_out_frame,208,,Standing,,0.972,0.0,42.1695
Moving_in_out_frame,209,,Standing,,0.973,0.0,40.5159
Moving_in_out_frame,210,,Standing,,0.972,0.0,36.6486
Moving_in_out_frame_withFall,31,Standing,Standing,True,0.784,1.0,30.9971
Moving_in_out_frame_withFall,32,Standing,Standing,True,0.782,1.0,36.3699
Moving_in_out_frame_withFall,33,Standing,Standing,True,0.789,1.0,72.1633
Moving_in_out_frame_withFall,34,Standing,Standing,True,0.787,1.0,42.4217
Moving_in_out_frame_withFall,35,Standing,Standing,True,0.775,1.0,33.0383
Moving_in_out_frame_withFall,36,Standing,Standing,True,0.749,1.0,28.2899
Moving_in_out_frame_withFall,37,Standing,Standing,True,0.71,1.0,32.8482
Moving_in_out_frame_withFall,38,Standing,Standing,True,0.651,1.0,30.7411
Moving_in_out_frame_withFall,39,Standing,Standing,True,0.587,1.0,27.0069
Moving_in_out_frame_withFall,40,Standing,Standing,True,0.523,1.0,28.6843
Moving_in_out_frame_withFall,41,Standing,Standing,True,0.49,1.0,28.0865
Moving_in_out_frame_withFall,42,Standing,Standing,True,0.458,1.0,27.8191
Moving_in_out_frame_withFall,43,Standing,Lying,False,0.366,1.0,25.3589
Moving_in_out_frame_withFall,44,Standing,Lying,False,0.383,1.0,25.9631
Moving_in_out_frame_withFall,45,Standing,Lying,False,0.4,1.0,25.3106
Moving_in_out_frame_withFall,46,Standing,Lying,False,0.441,1.0,23.7377
Moving_in_out_frame_withFall,47,Standing,Lying,False,0.472,1.0,23.0367
Moving_in_out_frame_withFall,48,Standing,Lying,False,0.5,1.0,24.9169
Moving_in_out_frame_withFall,49,Standing,Lying,False,0.524,1.0,23.4011
Moving_in_out_frame_withFall,50,Not in frame,Lying,False,0.538,1.0,24.9277
Moving_in_out_frame_withFall,51,Not in frame,Lying,False,0.542,1.0,23.4528
Moving_in_out_frame_withFall,52,Not in frame,Lying,False,0.542,1.0,32.4357
Moving_in_out_frame_withFall,53,Not in frame,Lying,False,0.539,1.0,24.2829
Moving_in_out_frame_withFall,54,Not in frame,Lying,False,0.532,1.0,22.927
Moving_in_out_frame_withFall,55,Not in frame,Lying,False,0.532,1.0,22.9284
Moving_in_out_frame_withFall,56,Not in frame,Lying,False,0.53,1.0,22.4059
Moving_in_out_frame_withFall,57,Not in frame,Lying,False,0.53,1.0,33.6031
Moving_in_out_frame_withFall,58,Not in frame,Lying,False,0.521,1.0,29.7601
Moving_in_out_frame_withFall,59,Not in frame,Lying,False,0.516,1.0,24.1327
Moving_in_out_frame_withFall,60,Not in frame,Lying,False,0.509,1.0,26.8117
Moving_in_out_frame_withFall,61,Not in frame,Lying,False,0.503,1.0,25.6835
Moving_in_out_frame_withFall,62,Not in frame,Unknown,False,0.538,1.0,22.7222
Moving_in_out_frame_withFall,63,Not in frame,Unknown,False,0.538,1.0,22.9412
Moving_in_out_frame_withFall,64,Not in frame,Unknown,False,0.538,1.0,26.6224
Moving_in_out_frame_withFall,65,Not in frame,Unknown,False,0.538,1.0,22.3111
Moving_in_out_frame_withFall,66,Not in frame,Unknown,False,0.538,1.0,21.4643
Moving_in_out_frame_withFall,67,Not in frame,Unknown,False,0.538,1.0,23.0922
Moving_in_out_frame_withFall,68,Not in frame,Unknown,False,0.538,1.0,21.7907
Moving_in_out_frame_withFall,69,Not in frame,Unknown,False,0.538,1.0,22.4515
Moving_in_out_frame_withFall,70,Not in frame,Unknown,False,0.538,1.0,21.9438
Moving_in_out_frame_withFall,71,Not in frame,Unknown,False,0.538,1.0,20.9244
Moving_in_out_frame_withFall,72,Not in frame,Unknown,False,0.538,1.0,21.1588
Moving_in_out_frame_withFall,73,Not in frame,Unknown,False,0.538,1.0,22.1488
Moving_in_out_frame_withFall,74,Not in frame,Unknown,False,0.538,1.0,22.6958
Moving_in_out_frame_withFall,75,Not in frame,Unknown,False,0.538,1.0,31.4522
Moving_in_out_frame_withFall,76,Not in frame,Unknown,False,0.538,1.0,21.2985
Moving_in_out_frame_withFall,77,Not in frame,Unknown,False,0.538,1.0,31.999
Moving_in_out_frame_withFall,78,Not in frame,Unknown,False,0.538,1.0,31.3794
Moving_in_out_frame_withFall,79,Not in frame,Unknown,False,0.538,1.0,25.1089
Moving_in_out_frame_withFall,80,Not in frame,Unknown,False,0.538,1.0,24.2498
Moving_in_out_frame_withFall,81,Not in frame,Unknown,False,0.538,1.0,24.8226
Moving_in_out_frame_withFall,82,Not in frame,Unknown,False,0.538,1.0,25.222
Moving_in_out_frame_withFall,83,Not in frame,Unknown,False,0.538,1.0,24.6052
Moving_in_out_frame_withFall,84,Not in frame,Unknown,False,0.538,1.0,24.493
Moving_in_out_frame_withFall,85,Not in frame,Unknown,False,0.538,1.0,32.7778
Moving_in_out_frame_withFall,86,,Unknown,,0.538,1.0,37.8979
Moving_in_out_frame_withFall,87,,Unknown,,0.538,1.0,27.4363
Moving_in_out_frame_withFall,88,Standing,Unknown,False,0.538,1.0,28.55
Moving_in_out_frame_withFall,89,Standing,Unknown,False,0.538,1.0,28.274
Moving_in_out_frame_withFall,90,Standing,Unknown,False,0.538,1.0,24.3301
Moving_in_out_frame_withFall,91,Standing,Unknown,False,0.538,1.0,27.1191
Moving_in_out_frame_withFall,92,Standing,Unknown,False,0.538,1.0,26.4588
Moving_in_out_frame_withFall,93,Standing,Unknown,False,0.538,1.0,26.3496
Moving_in_out_frame_withFall,94,Standing,Unknown,False,0.538,1.0,34.6304
Moving_in_out_frame_withFall,95,Standing,Unknown,False,0.538,1.0,25.7271
Moving_in_out_frame_withFall,96,Standing,Unknown,False,0.538,1.0,29.3835
Moving_in_out_frame_withFall,97,Standing,Unknown,False,0.538,1.0,26.7633
Moving_in_out_frame_withFall,98,Standing,Unknown,False,0.538,1.0,26.501
Moving_in_out_frame_withFall,99,Standing,Unknown,False,0.538,1.0,25.9639
Moving_in_out_frame_withFall,100,Standing,Unknown,False,0.538,1.0,26.1028
Moving_in_out_frame_withFall,101,Standing,Unknown,False,0.538,1.0,24.9406
Moving_in_out_frame_withFall,102,Standing,Unknown,False,0.538,1.0,26.9929
Moving_in_out_frame_withFall,103,Standing,Unknown,False,0.538,1.0,24.981
Moving_in_out_frame_withFall,104,Standing,Unknown,False,0.54,0.0,25.6867
Moving_in_out_frame_withFall,105,Standing,Unknown,False,0.539,0.0,24.9121
Moving_in_out_frame_withFall,106,Standing,Unknown,False,0.527,0.0,30.5412
Moving_in_out_frame_withFall,107,Standing,Unknown,False,0.488,0.0,27.2933
Moving_in_out_frame_withFall,108,Standing,Unknown,False,0.475,0.0,26.6386
Moving_in_out_frame_withFall,109,,Unknown,,0.451,0.0,24.7124
Moving_in_out_frame_withFall,110,,Standing,,0.534,0.0,30.6421
Moving_in_out_frame_withFall,111,,Standing,,0.535,0.0,30.4083
Moving_in_out_frame_withFall,112,,Standing,,0.534,0.0,26.0806
Moving_in_out_frame_withFall,113,,Standing,,0.529,0.0,35.5546
Moving_in_out_frame_withFall,114,,Standing,,0.521,0.0,36.8072
Moving_in_out_frame_withFall,115,,Standing,,0.514,0.0,28.0682
Moving_in_out_frame_withFall,116,,Standing,,0.507,0.0,26.7388
Moving_in_out_frame_withFall,117,,Standing,,0.505,0.0,30.0124
Moving_in_out_frame_withFall,118,,Standing,,0.513,0.0,28.5897
Moving_in_out_frame_withFall,119,,Standing,,0.518,0.0,27.7374
Moving_in_out_frame_withFall,120,,Standing,,0.527,0.0,26.4756
Moving_in_out_frame_withFall,121,,Standing,,0.532,0.0,26.223
Moving_in_out_frame_withFall,122,,Standing,,0.529,0.0,25.2307
Moving_in_out_frame_withFall,123,,Standing,,0.515,0.0,31.339
Moving_in_out_frame_withFall,124,,Standing,,0.494,0.0,31.5218
Moving_in_out_frame_withFall,125,,Standing,,0.477,0.0,28.8052
Moving_in_out_frame_withFall,126,,Standing,,0.468,0.0,33.3175
Moving_in_out_frame_withFall,127,,Standing,,0.46,0.0,27.4106
Moving_in_out_frame_withFall,128,,Standing,,0.459,0.0,29.2148
Moving_in_out_frame_withFall,129,,Standing,,0.457,0.0,26.6389
Moving_in_out_frame_withFall,130,,Standing,,0.447,0.0,29.7768
Moving_in_out_frame_withFall,131,,Standing,,0.434,0.0,28.95
Moving_in_out_frame_withFall,132,,Standing,,0.428,0.0,29.569
Moving_in_out_frame_withFall,133,,Standing,,0.427,0.0,30.1659
Moving_in_out_frame_withFall,134,,Standing,,0.431,0.0,30.3746
Moving_in_out_frame_withFall,135,,Standing,,0.441,0.0,28.2292
Moving_in_out_frame_withFall,136,,Standing,,0.444,0.0,26.3333
Moving_in_out_frame_withFall,137,,Standing,,0.447,0.0,28.5326
Moving_in_out_frame_withFall,138,,Standing,,0.449,0.0,25.8873
Moving_in_out_frame_withFall,139,,Standing,,0.447,0.0,26.0005
Moving_in_out_frame_withFall,140,,Standing,,0.447,0.0,28.1384
Moving_in_out_frame_withFall,141,,Standing,,0.454,0.0,27.9347
Moving_in_out_frame_withFall,142,,Standing,,0.457,0.0,26.5095
Moving_in_out_frame_withFall,143,,Standing,,0.458,0.0,25.873
Moving_in_out_frame_withFall,144,,Standing,,0.461,0.0,27.6421
Moving_in_out_frame_withFall,145,,Standing,,0.458,0.0,27.6332
Moving_in_out_frame_withFall,146,Lying,Standing,False,0.443,0.0,29.2653
Moving_in_out_frame_withFall,147,Lying,Standing,False,0.422,0.0,29.3867
Moving_in_out_frame_withFall,148,Lying,Standing,False,0.41,0.0,27.0774
Moving_in_out_frame_withFall,149,Lying,Standing,False,0.396,1.0,27.0167
Moving_in_out_frame_withFall,150,Lying,Sitting,False,0.37,0.0,27.6133
Moving_in_out_frame_withFall,151,Lying,Sitting,False,0.378,0.0,28.9005
Moving_in_out_frame_withFall,152,Lying,Sitting,False,0.388,0.0,27.7161
Moving_in_out_frame_withFall,153,Lying,Sitting,False,0.399,0.0,29.9655
Moving_in_out_frame_withFall,154,Lying,Sitting,False,0.416,0.0,28.1238
Moving_in_out_frame_withFall,155,Lying,Sitting,False,0.442,0.0,26.5239
Moving_in_out_frame_withFall,156,Lying,Sitting,False,0.464,0.0,28.5744
Moving_in_out_frame_withFall,157,Lying,Sitting,False,0.484,0.0,27.9295
Moving_in_out_frame_withFall,158,Lying,Sitting,False,0.504,0.0,27.4426
Moving_in_out_frame_withFall,159,Lying,Sitting,False,0.516,0.0,28.3476
Moving_in_out_frame_withFall,160,Lying,Sitting,False,0.524,0.0,31.5314
Moving_in_out_frame_withFall,161,Lying,Sitting,False,0.52,1.0,25.5997
Moving_in_out_frame_withFall,162,Lying,Sitting,False,0.507,1.0,27.386
Moving_in_out_frame_withFall,163,Lying,Sitting,False,0.488,1.0,29.1499
Moving_in_out_frame_withFall,164,Lying,Sitting,False,0.461,1.0,26.5309
Moving_in_out_frame_withFall,165,Lying,Sitting,False,0.422,1.0,27.7302
Moving_in_out_frame_withFall,166,Lying,Sitting,False,0.405,0.0,27.2611
Moving_in_out_frame_withFall,167,Lying,Sitting,False,0.386,0.0,25.2126
Moving_in_out_frame_withFall,168,Lying,Lying,True,0.337,1.0,27.0582
Moving_in_out_frame_withFall,169,Lying,Lying,True,0.342,1.0,28.352
Moving_in_out_frame_withFall,170,Lying,Lying,True,0.35,1.0,26.7917
Moving_in_out_frame_withFall,171,Lying,Lying,True,0.368,1.0,27.3047
Moving_in_out_frame_withFall,172,Lying,Lying,True,0.389,1.0,25.5692
Moving_in_out_frame_withFall,173,Lying,Lying,True,0.399,1.0,27.8569
Moving_in_out_frame_withFall,174,Lying,Lying,True,0.417,0.0,27.1419
Moving_in_out_frame_withFall,175,Lying,Lying,True,0.426,0.0,24.4086
Moving_in_out_frame_withFall,176,Lying,Lying,True,0.419,0.0,26.0899
Moving_in_out_frame_withFall,177,Lying,Lying,True,0.407,1.0,28.3138
Moving_in_out_frame_withFall,178,Lying,Lying,True,0.401,1.0,36.5567
Moving_in_out_frame_withFall,179,Lying,Lying,True,0.383,1.0,38.7913
Moving_in_out_frame_withFall,180,Lying,Lying,True,0.38,1.0,36.8021
Moving_in_out_frame_withFall,181,Lying,Lying,True,0.398,0.0,35.054
Moving_in_out_frame_withFall,182,Lying,Lying,True,0.418,1.0,49.8946
Moving_in_out_frame_withFall,183,Lying,Lying,True,0.436,0.0,41.9893
Moving_in_out_frame_withFall,184,Lying,Lying,True,0.466,0.0,34.1611
Moving_in_out_frame_withFall,185,Lying,Lying,True,0.493,0.0,42.583
Moving_in_out_frame_withFall,186,Lying,Lying,True,0.519,0.0,35.6488
Moving_in_out_frame_withFall,187,Lying,Lying,True,0.537,1.0,34.1678
Moving_in_out_frame_withFall,188,Lying,Lying,True,0.553,0.0,34.3166
Moving_in_out_frame_withFall,189,Lying,Lying,True,0.574,0.0,34.9272
Moving_in_out_frame_withFall,190,Lying,Lying,True,0.589,0.0,44.9941
Moving_in_out_frame_withFall,191,Lying,Lying,True,0.6,0.0,31.3204
Moving_in_out_frame_withFall,192,Lying,Lying,True,0.622,0.0,32.9581
Moving_in_out_frame_withFall,193,Lying,Lying,True,0.639,0.0,30.6615
Moving_in_out_frame_withFall,194,Lying,Lying,True,0.647,1.0,36.6236
Moving_in_out_frame_withFall,195,Lying,Lying,True,0.636,0.0,31.9172
Moving_in_out_frame_withFall,196,Lying,Lying,True,0.632,0.0,34.7296
Moving_in_out_frame_withFall,197,Lying,Lying,True,0.62,0.0,52.7663
Moving_in_out_frame_withFall,198,Lying,Lying,True,0.599,0.0,44.5732
Moving_in_out_frame_withFall,199,Lying,Lying,True,0.558,0.0,42.2336
Moving_in_out_frame_withFall,200,Lying,Lying,True,0.531,0.0,33.0169
Moving_in_out_frame_withFall,201,Lying,Lying,True,0.487,0.0,36.8259
Moving_in_out_frame_withFall,202,Lying,Lying,True,0.433,0.0,33.9787
Moving_in_out_frame_withFall,203,Lying,Lying,True,0.389,0.0,35.1237
Moving_in_out_frame_withFall,204,Lying,Lying,True,0.372,0.0,41.4217
Moving_in_out_frame_withFall,205,,Lying,,0.341,0.0,43.1009
Moving_in_out_frame_withFall,206,,Lying,,0.32,0.0,36.1521
Moving_in_out_frame_withFall,207,,Sitting,,0.301,0.0,32.7744
Moving_in_out_frame_withFall,208,,Standing,,0.339,0.0,34.1708
Moving_in_out_frame_withFall,209,,Standing,,0.336,0.0,49.3482
Moving_in_out_frame_withFall,210,,Standing,,0.342,0.0,66.3882
Moving_in_out_frame_withFall,211,,Standing,,0.348,0.0,61.3829
Moving_in_out_frame_withFall,212,,Standing,,0.353,0.0,51.9075
Moving_in_out_frame_withFall,213,,Standing,,0.358,0.0,45.1946
Moving_in_out_frame_withFall,214,,Standing,,0.364,0.0,48.7066
Moving_in_out_frame_withFall,215,,Standing,,0.366,0.0,41.543
Moving_in_out_frame_withFall,216,,Standing,,0.365,0.0,42.8904
Moving_in_out_frame_withFall,217,,Sitting,,0.386,0.0,40.8854
Sit_Stand_AnklesInvisible,31,Sitting,Standing,False,0.909,0.0,38.1358
Sit_Stand_AnklesInvisible,32,Sitting,Standing,False,0.916,0.0,36.7016
Sit_Stand_AnklesInvisible,33,Sitting,Standing,False,0.915,0.0,37.0179
Sit_Stand_AnklesInvisible,34,Sitting,Standing,False,0.915,0.0,42.9704
Sit_Stand_AnklesInvisible,35,Sitting,Standing,False,0.916,0.0,41.0878
Sit_Stand_AnklesInvisible,36,Sitting,Standing,False,0.914,0.0,43.9087
Sit_Stand_AnklesInvisible,37,Sitting,Standing,False,0.911,0.0,47.9174
Sit_Stand_AnklesInvisible,38,Sitting,Standing,False,0.907,0.0,37.8805
Sit_Stand_AnklesInvisible,39,Sitting,Standing,False,0.9,0.0,34.5808
Sit_Stand_AnklesInvisible,40,Sitting,Standing,False,0.891,0.0,37.4251
Sit_Stand_AnklesInvisible,41,Sitting,Standing,False,0.88,0.0,33.4344
Sit_Stand_AnklesInvisible,42,Sitting,Standing,False,0.864,0.0,33.1342
Sit_Stand_AnklesInvisible,43,Sitting,Standing,False,0.849,0.0,29.6824
Sit_Stand_AnklesInvisible,44,Sitting,Standing,False,0.831,0.0,35.0975
Sit_Stand_AnklesInvisible,45,Sitting,Standing,False,0.814,0.0,40.5369
Sit_Stand_AnklesInvisible,46,Sitting,Standing,False,0.803,0.0,33.477
Sit_Stand_AnklesInvisible,47,Sitting,Standing,False,0.793,0.0,31.966
Sit_Stand_AnklesInvisible,48,Sitting,Standing,False,0.78,0.0,33.496
Sit_Stand_AnklesInvisible,49,Sitting,Standing,False,0.768,0.0,50.6384
Sit_Stand_AnklesInvisible,50,Sitting,Standing,False,0.762,0.0,47.4647
Sit_Stand_AnklesInvisible,51,Sitting,Standing,False,0.751,0.0,31.8799
Sit_Stand_AnklesInvisible,52,Sitting,Standing,False,0.737,0.0,33.694
Sit_Stand_AnklesInvisible,53,Sitting,Standing,False,0.725,0.0,48.6975
Sit_Stand_AnklesInvisible,54,Sitting,Standing,False,0.718,0.0,42.3949
Sit_Stand_AnklesInvisible,55,Sitting,Standing,False,0.704,0.0,56.3129
Sit_Stand_AnklesInvisible,56,Sitting,Standing,False,0.696,0.0,60.225
Sit_Stand_AnklesInvisible,57,Sitting,Standing,False,0.693,0.0,53.0191
Sit_Stand_AnklesInvisible,58,Sitting,Standing,False,0.691,0.0,64.566
Sit_Stand_AnklesInvisible,59,Sitting,Standing,False,0.692,0.0,41.8743
Sit_Stand_AnklesInvisible,60,Sitting,Standing,False,0.694,0.0,35.1562
Sit_Stand_AnklesInvisible,61,Sitting,Standing,False,0.694,0.0,32.4771
Sit_Stand_AnklesInvisible,62,Sitting,Standing,False,0.701,0.0,35.5805
Sit_Stand_AnklesInvisible,63,Sitting,Standing,False,0.714,0.0,38.334
Sit_Stand_AnklesInvisible,64,Sitting,Standing,False,0.723,0.0,42.4044
Sit_Stand_AnklesInvisible,65,Sitting,Standing,False,0.731,0.0,38.3861
Sit_Stand_AnklesInvisible,66,Sitting,Standing,False,0.741,0.0,39.9266
Sit_Stand_AnklesInvisible,67,Sitting,Standing,False,0.744,0.0,36.1653
Sit_Stand_AnklesInvisible,68,Sitting,Standing,False,0.743,0.0,33.2168
Sit_Stand_AnklesInvisible,69,Sitting,Standing,False,0.745,0.0,38.642
Sit_Stand_AnklesInvisible,70,Sitting,Standing,False,0.748,0.0,31.7683
Sit_Stand_AnklesInvisible,71,Sitting,Standing,False,0.751,0.0,36.4871
Sit_Stand_AnklesInvisible,72,Sitting,Standing,False,0.755,0.0,30.6078
Sit_Stand_AnklesInvisible,73,Sitting,Standing,False,0.761,0.0,29.7627
Sit_Stand_AnklesInvisible,74,Sitting,Standing,False,0.766,0.0,36.0928
Sit_Stand_AnklesInvisible,75,Sitting,Standing,False,0.769,0.0,34.5208
Sit_Stand_AnklesInvisible,76,Sitting,Standing,False,0.772,0.0,38.4391
Sit_Stand_AnklesInvisible,77,Sitting,Standing,False,0.775,0.0,32.9332
Sit_Stand_AnklesInvisible,78,Sitting,Standing,False,0.776,0.0,30.2679
Sit_Stand_AnklesInvisible,79,Sitting,Standing,False,0.781,0.0,36.3638
Sit_Stand_AnklesInvisible,80,Sitting,Standing,False,0.788,0.0,39.2051
Sit_Stand_AnklesInvisible,81,Sitting,Standing,False,0.797,0.0,29.4489
Sit_Stand_AnklesInvisible,82,Sitting,Standing,False,0.806,0.0,32.3121
Sit_Stand_AnklesInvisible,83,Sitting,Standing,False,0.814,0.0,35.3086
Sit_Stand_AnklesInvisible,84,Sitting,Standing,False,0.821,0.0,31.9855
Sit_Stand_AnklesInvisible,85,Sitting,Standing,False,0.827,0.0,37.7067
Sit_Stand_AnklesInvisible,86,Sitting,Standing,False,0.831,0.0,36.07
Sit_Stand_AnklesInvisible,87,Sitting,Standing,False,0.838,0.0,31.7752
Sit_Stand_AnklesInvisible,88,Sitting,Standing,False,0.844,0.0,35.0561
Sit_Stand_AnklesInvisible,89,Sitting,Standing,False,0.848,0.0,32.7647
Sit_Stand_AnklesInvisible,90,Sitting,Standing,False,0.852,0.0,32.9286
Sit_Stand_AnklesInvisible,91,Sitting,Standing,False,0.854,0.0,34.5851
Sit_Stand_AnklesInvisible,92,Sitting,Standing,False,0.85,0.0,41.2986
Sit_Stand_AnklesInvisible,93,Sitting,Standing,False,0.847,0.0,28.4162
Sit_Stand_AnklesInvisible,94,Sitting,Standing,False,0.844,0.0,31.3434
Sit_Stand_AnklesInvisible,95,Sitting,Standing,False,0.841,0.0,29.0946
Sit_Stand_AnklesInvisible,96,Sitting,Standing,False,0.839,0.0,35.0202
Sit_Stand_AnklesInvisible,97,Sitting,Standing,False,0.838,0.0,30.296
Sit_Stand_AnklesInvisible,98,Sitting,Standing,False,0.836,0.0,30.6968
Sit_Stand_AnklesInvisible,99,Sitting,Standing,False,0.832,0.0,26.2148
Sit_Stand_AnklesInvisible,100,Sitting,Standing,False,0.828,0.0,29.8556
Sit_Stand_AnklesInvisible,101,Sitting,Standing,False,0.824,0.0,45.0253
Sit_Stand_AnklesInvisible,102,Sitting,Standing,False,0.82,0.0,30.8326
Sit_Stand_AnklesInvisible,103,Sitting,Standing,False,0.816,0.0,24.6114
Sit_Stand_AnklesInvisible,104,Sitting,Standing,False,0.811,0.0,27.8957
Sit_Stand_AnklesInvisible,105,Sitting,Standing,False,0.804,0.0,26.2214
Sit_Stand_AnklesInvisible,106,Sitting,Standing,False,0.798,0.0,28.4517
Sit_Stand_AnklesInvisible,107,Sitting,Standing,False,0.792,0.0,27.8884
Sit_Stand_AnklesInvisible,108,Sitting,Standing,False,0.788,0.0,26.2161
Sit_Stand_AnklesInvisible,109,Sitting,Standing,False,0.788,0.0,28.6274
Sit_Stand_AnklesInvisible,110,Sitting,Standing,False,0.788,0.0,27.6939
Sit_Stand_AnklesInvisible,111,Sitting,Standing,False,0.788,0.0,24.8231
Sit_Stand_AnklesInvisible,112,Sitting,Standing,False,0.788,0.0,26.6152
Sit_Stand_AnklesInvisible,113,Sitting,Standing,False,0.786,0.0,24.9035
Sit_Stand_AnklesInvisible,114,Sitting,Standing,False,0.781,0.0,32.9246
Sit_Stand_AnklesInvisible,115,Sitting,Standing,False,0.78,0.0,33.1056
Sit_Stand_AnklesInvisible,116,Sitting,Standing,False,0.78,0.0,30.6427
Sit_Stand_AnklesInvisible,117,Sitting,Standing,False,0.78,0.0,40.8057
Sit_Stand_AnklesInvisible,118,Sitting,Standing,False,0.786,0.0,54.6922
Sit_Stand_AnklesInvisible,119,Sitting,Standing,False,0.788,0.0,39.515
Sit_Stand_AnklesInvisible,120,Sitting,Standing,False,0.792,0.0,33.0195
Sit_Stand_AnklesInvisible,121,Sitting,Standing,False,0.791,0.0,28.1037
Sit_Stand_AnklesInvisible,122,Sitting,Standing,False,0.796,0.0,36.6122
Sit_Stand_AnklesInvisible,123,Sitting,Standing,False,0.795,0.0,39.2655
Sit_Stand_AnklesInvisible,124,Sitting,Standing,False,0.799,0.0,38.0221
Sit_Stand_AnklesInvisible,125,Sitting,Standing,False,0.797,0.0,34.9223
Sit_Stand_AnklesInvisible,126,Sitting,Standing,False,0.801,0.0,41.0085
Sit_Stand_AnklesInvisible,127,Sitting,Standing,False,0.797,0.0,41.6984
Sit_Stand_AnklesInvisible,128,Sitting,Standing,False,0.796,0.0,46.8184
Sit_Stand_AnklesInvisible,129,Sitting,Standing,False,0.794,0.0,42.4529
Sit_Stand_AnklesInvisible,130,Sitting,Standing,False,0.794,0.0,29.5503
Sit_Stand_AnklesInvisible,131,Sitting,Standing,False,0.794,0.0,31.302
Sit_Stand_AnklesInvisible,132,Sitting,Standing,False,0.795,0.0,39.5715
Sit_Stand_AnklesInvisible,133,Sitting,Standing,False,0.796,0.0,42.0814
Sit_Stand_AnklesInvisible,134,Sitting,Standing,False,0.797,0.0,41.3846
Sit_Stand_AnklesInvisible,135,Sitting,Standing,False,0.797,0.0,36.8696
Sit_Stand_AnklesInvisible,136,Sitting,Standing,False,0.798,0.0,37.2685
Sit_Stand_AnklesInvisible,137,Sitting,Standing,False,0.8,0.0,50.4364
Sit_Stand_AnklesInvisible,138,,Standing,,0.8,0.0,46.5897
Sit_Stand_AnklesInvisible,139,,Standing,,0.8,0.0,34.2639
Sit_Stand_AnklesInvisible,140,,Standing,,0.8,0.0,33.6679
Sit_Stand_AnklesInvisible,141,,Standing,,0.799,0.0,42.2894
Sit_Stand_AnklesInvisible,142,,Standing,,0.797,0.0,43.2032
Sit_Stand_AnklesInvisible,143,,Standing,,0.792,0.0,34.5714
Sit_Stand_AnklesInvisible,144,,Standing,,0.789,0.0,34.5065
Sit_Stand_AnklesInvisible,145,,Standing,,0.782,0.0,47.069
Sit_Stand_AnklesInvisible,146,,Standing,,0.778,0.0,44.3743
Sit_Stand_AnklesInvisible,147,,Standing,,0.773,0.0,41.5183
Sit_Stand_AnklesInvisible,148,,Standing,,0.772,0.0,44.0415
Sit_Stand_AnklesInvisible,149,,Standing,,0.771,0.0,54.7831
Sit_Stand_AnklesInvisible,150,,Standing,,0.772,0.0,49.6843
Sit_Stand_AnklesInvisible,151,,Standing,,0.774,0.0,46.2488
Sit_Stand_AnklesInvisible,152,,Standing,,0.775,0.0,45.6766
Sit_Stand_AnklesInvisible,153,,Standing,,0.775,0.0,48.8468
Sit_Stand_AnklesInvisible,154,,Standing,,0.772,0.0,43.4383
Sit_Stand_AnklesInvisible,155,,Standing,,0.761,0.0,41.3912
Sit_Stand_AnklesInvisible,156,,Standing,,0.742,0.0,42.2282
Sit_Stand_AnklesInvisible,157,,Standing,,0.717,0.0,34.7509
Sit_Stand_AnklesInvisible,158,,Standing,,0.683,0.0,29.8869
Sit_Stand_AnklesInvisible,159,,Standing,,0.643,0.0,29.0574
Sit_Stand_AnklesInvisible,160,,Standing,,0.6,0.0,31.5736
Sit_Stand_AnklesInvisible,161,,Standing,,0.557,0.0,28.375
Sit_Stand_AnklesInvisible,162,,Standing,,0.535,0.0,40.5351
Sit_Stand_AnklesInvisible,163,,Standing,,0.495,0.0,28.3349
Sit_Stand_AnklesInvisible,164,,Standing,,0.469,0.0,26.668
Sit_Stand_AnklesInvisible,165,,Standing,,0.455,0.0,29.2335
Sit_Stand_AnklesInvisible,166,,Standing,,0.451,0.0,27.161
Sit_Stand_AnklesInvisible,167,,Standing,,0.46,0.0,28.5176
Sit_Stand_AnklesInvisible,168,Standing,Standing,True,0.474,0.0,28.9327
Sit_Stand_AnklesInvisible,169,Standing,Standing,True,0.488,0.0,29.9401
Sit_Stand_AnklesInvisible,170,Standing,Standing,True,0.514,0.0,28.771
Sit_Stand_AnklesInvisible,171,Standing,Standing,True,0.548,0.0,27.8701
Sit_Stand_AnklesInvisible,172,Standing,Standing,True,0.584,0.0,29.11
Sit_Stand_AnklesInvisible,173,Standing,Standing,True,0.618,0.0,29.8156
Sit_Stand_AnklesInvisible,174,Standing,Standing,True,0.659,0.0,27.7268
Sit_Stand_AnklesInvisible,175,Standing,Standing,True,0.693,0.0,28.9348
Sit_Stand_AnklesInvisible,176,Standing,Standing,True,0.722,0.0,28.3075
Sit_Stand_AnklesInvisible,177,Standing,Standing,True,0.744,0.0,25.6133
Sit_Stand_AnklesInvisible,178,Standing,Standing,True,0.766,0.0,35.749
Sit_Stand_AnklesInvisible,179,Standing,Standing,True,0.785,0.0,37.4985
Sit_Stand_AnklesInvisible,180,Standing,Standing,True,0.798,0.0,35.1803
Sit_Stand_AnklesInvisible,181,Standing,Standing,True,0.808,0.0,36.9171
Sit_Stand_AnklesInvisible,182,Standing,Standing,True,0.818,0.0,40.5039
Sit_Stand_AnklesInvisible,183,Standing,Standing,True,0.827,0.0,32.1582
Sit_Stand_AnklesInvisible,184,Standing,Standing,True,0.838,0.0,35.6888
Sit_Stand_AnklesInvisible,185,Standing,Standing,True,0.848,0.0,40.4148
Sit_Stand_AnklesInvisible,186,,Standing,,0.86,0.0,37.7533
Sit_Stand_AnklesInvisible,187,,Standing,,0.87,0.0,38.7365
Sit_Stand_AnklesInvisible,188,,Standing,,0.88,0.0,33.4783
Sit_Stand_AnklesInvisible,189,,Standing,,0.885,0.0,43.3508
Sit_Stand_AnklesInvisible,190,,Standing,,0.89,0.0,33.6273
Sit_Stand_AnklesInvisible,191,,Standing,,0.892,0.0,32.3706
Sit_Stand_AnklesInvisible,192,,Standing,,0.895,0.0,39.6716
Sit_Stand_AnklesInvisible,193,,Standing,,0.899,0.0,46.6504
Sit_Stand_AnklesInvisible,194,,Standing,,0.904,0.0,41.2579
Sit_Stand_AnklesInvisible,195,,Standing,,0.909,0.0,39.0067
Sit_Stand_AnklesInvisible,196,,Standing,,0.919,0.0,47.9101
Sit_Stand_AnklesInvisible,197,,Standing,,0.932,0.0,53.0651
Sit_Stand_AnklesInvisible,198,,Standing,,0.946,0.0,52.1326
Sit_Stand_AnklesInvisible,199,,Standing,,0.961,0.0,42.9138
Sit_Stand_AnklesInvisible,200,,Standing,,0.975,0.0,34.9917
Sit_Stand_AnklesInvisible,201,,Standing,,0.984,0.0,41.6969
Sit_Stand_AnklesInvisible,202,,Standing,,0.99,0.0,35.7171
Sit_Stand_AnklesInvisible,203,,Standing,,0.993,0.0,41.4109
Sit_Stand_AnklesInvisible,204,,Standing,,0.993,0.0,45.2739
Sit_Stand_AnklesInvisible,205,,Standing,,0.994,0.0,45.9321
Sit_Stand_AnklesInvisible,206,,Standing,,0.994,0.0,40.8317
Sit_Stand_AnklesInvisible,207,,Standing,,0.992,0.0,36.6712
Sit_Stand_AnklesInvisible,208,,Standing,,0.989,0.0,36.8677
SitFast_GetupFast,31,Sitting,Standing,False,0.91,0.0,35.3855
SitFast_GetupFast,32,Sitting,Standing,False,0.899,0.0,41.2525
SitFast_GetupFast,33,Sitting,Standing,False,0.89,0.0,35.1272
SitFast_GetupFast,34,Sitting,Standing,False,0.879,0.0,33.5581
SitFast_GetupFast,35,Sitting,Standing,False,0.871,0.0,31.0941
SitFast_GetupFast,36,Sitting,Standing,False,0.855,0.0,30.5642
SitFast_GetupFast,37,Sitting,Standing,False,0.843,0.0,29.7134
SitFast_GetupFast,38,Sitting,Standing,False,0.83,0.0,28.9111
SitFast_GetupFast,39,Sitting,Standing,False,0.821,0.0,29.6907
SitFast_GetupFast,40,Sitting,Standing,False,0.812,0.0,38.6883
SitFast_GetupFast,41,Sitting,Standing,False,0.803,0.0,36.8241
SitFast_GetupFast,42,Sitting,Standing,False,0.792,0.0,34.4371
SitFast_GetupFast,43,Sitting,Standing,False,0.784,0.0,31.2805
SitFast_GetupFast,44,Sitting,Standing,False,0.777,0.0,26.4438
SitFast_GetupFast,45,Sitting,Standing,False,0.772,0.0,28.3825
SitFast_GetupFast,46,Sitting,Standing,False,0.768,0.0,28.1922
SitFast_GetupFast,47,Sitting,Standing,False,0.767,0.0,26.9506
SitFast_GetupFast,48,Sitting,Standing,False,0.77,0.0,29.5383
SitFast_GetupFast,49,Sitting,Standing,False,0.774,0.0,27.7746
SitFast_GetupFast,50,Sitting,Standing,False,0.777,0.0,28.0614
SitFast_GetupFast,51,Sitting,Standing,False,0.779,0.0,27.3281
SitFast_GetupFast,52,Sitting,Standing,False,0.781,0.0,24.0313
SitFast_GetupFast,53,Sitting,Standing,False,0.781,0.0,25.3314
SitFast_GetupFast,54,Sitting,Standing,False,0.779,0.0,26.6765
SitFast_GetupFast,55,Sitting,Standing,False,0.777,0.0,22.7624
SitFast_GetupFast,56,Sitting,Standing,False,0.774,0.0,24.6061
SitFast_GetupFast,57,Sitting,Standing,False,0.774,0.0,22.7862
SitFast_GetupFast,58,Sitting,Standing,False,0.772,0.0,22.5789
SitFast_GetupFast,59,Sitting,Standing,False,0.773,0.0,23.2953
SitFast_GetupFast,60,Sitting,Standing,False,0.777,0.0,23.8194
SitFast_GetupFast,61,Sitting,Standing,False,0.783,0.0,27.8259
SitFast_GetupFast,62,Sitting,Standing,False,0.788,0.0,28.2989
SitFast_GetupFast,63,Sitting,Standing,False,0.795,0.0,32.4888
SitFast_GetupFast,64,Sitting,Standing,False,0.803,0.0,39.3977
SitFast_GetupFast,65,Sitting,Standing,False,0.809,0.0,39.4876
SitFast_GetupFast,66,Sitting,Standing,False,0.816,0.0,38.4065
SitFast_GetupFast,67,Sitting,Standing,False,0.821,0.0,28.6728
SitFast_GetupFast,68,Sitting,Standing,False,0.825,0.0,28.4319
SitFast_GetupFast,69,Sitting,Standing,False,0.827,0.0,26.7587
SitFast_GetupFast,70,Sitting,Standing,False,0.828,0.0,26.1762
SitFast_GetupFast,71,Sitting,Standing,False,0.827,0.0,25.0985
SitFast_GetupFast,72,Sitting,Standing,False,0.827,0.0,25.8086
SitFast_GetupFast,73,Sitting,Standing,False,0.826,0.0,26.1209
SitFast_GetupFast,74,Sitting,Standing,False,0.825,0.0,23.726
SitFast_GetupFast,75,Sitting,Standing,False,0.825,0.0,25.6147
SitFast_GetupFast,76,Sitting,Standing,False,0.825,0.0,24.8031
SitFast_GetupFast,77,Sitting,Standing,False,0.825,0.0,23.4438
SitFast_GetupFast,78,Sitting,Standing,False,0.824,0.0,23.8421
SitFast_GetupFast,79,Sitting,Standing,False,0.824,0.0,25.4476
SitFast_GetupFast,80,Sitting,Standing,False,0.824,0.0,25.9097
SitFast_GetupFast,81,Sitting,Standing,False,0.824,0.0,23.3703
SitFast_GetupFast,82,Sitting,Standing,False,0.825,0.0,23.3322
SitFast_GetupFast,83,Sitting,Standing,False,0.825,0.0,22.9939
SitFast_GetupFast,84,Sitting,Standing,False,0.825,0.0,23.3233
SitFast_GetupFast,85,Sitting,Standing,False,0.825,0.0,24.0163
SitFast_GetupFast,86,Sitting,Standing,False,0.825,0.0,22.7367
SitFast_GetupFast,87,Sitting,Standing,False,0.825,0.0,23.0191
SitFast_GetupFast,88,Sitting,Standing,False,0.825,0.0,21.8774
SitFast_GetupFast,89,Sitting,Standing,False,0.826,0.0,23.1494
SitFast_GetupFast,90,Sitting,Standing,False,0.826,0.0,22.5418
SitFast_GetupFast,91,Sitting,Standing,False,0.826,0.0,21.7133
SitFast_GetupFast,92,Sitting,Standing,False,0.825,0.0,20.751
SitFast_GetupFast,93,Sitting,Standing,False,0.826,0.0,21.8248
SitFast_GetupFast,94,Sitting,Standing,False,0.826,0.0,21.6729
SitFast_GetupFast,95,Sitting,Standing,False,0.825,0.0,22.602
SitFast_GetupFast,96,Sitting,Standing,False,0.825,0.0,23.1487
SitFast_GetupFast,97,Sitting,Standing,False,0.825,0.0,20.8597
SitFast_GetupFast,98,Sitting,Standing,False,0.825,0.0,20.801
SitFast_GetupFast,99,Sitting,Standing,False,0.825,0.0,23.0412
SitFast_GetupFast,100,Sitting,Standing,False,0.825,0.0,21.1955
SitFast_GetupFast,101,Sitting,Standing,False,0.826,0.0,23.7203
SitFast_GetupFast,102,Sitting,Standing,False,0.822,0.0,25.1316
SitFast_GetupFast,103,Sitting,Standing,False,0.815,0.0,20.532
SitFast_GetupFast,104,Sitting,Standing,False,0.804,0.0,22.0752
SitFast_GetupFast,105,Sitting,Standing,False,0.789,0.0,22.6217
SitFast_GetupFast,106,Sitting,Standing,False,0.769,0.0,22.2349
SitFast_GetupFast,107,Sitting,Standing,False,0.744,0.0,21.6945
SitFast_GetupFast,108,Sitting,Standing,False,0.72,0.0,21.7982
SitFast_GetupFast,109,Sitting,Standing,False,0.695,0.0,21.1404
SitFast_GetupFast,110,Sitting,Standing,False,0.661,0.0,20.895
SitFast_GetupFast,111,,Standing,,0.627,0.0,23.5145
SitFast_GetupFast,112,,Standing,,0.603,0.0,21.3886
SitFast_GetupFast,113,,Standing,,0.577,0.0,21.5337
SitFast_GetupFast,114,,Standing,,0.56,0.0,21.4302
SitFast_GetupFast,115,,Standing,,0.551,0.0,20.7281
SitFast_GetupFast,116,,Standing,,0.552,0.0,21.1404
SitFast_GetupFast,117,,Standing,,0.559,0.0,22.6048
SitFast_GetupFast,118,,Standing,,0.573,0.0,20.8018
SitFast_GetupFast,119,,Standing,,0.59,0.0,21.6767
SitFast_GetupFast,120,,Standing,,0.608,0.0,21.2046
SitFast_GetupFast,121,,Standing,,0.623,0.0,20.6096
SitFast_GetupFast,122,,Standing,,0.617,0.0,21.8977
SitFast_GetupFast,123,,Standing,,0.599,0.0,20.6182
SitFast_GetupFast,124,,Standing,,0.574,0.0,22.2896
SitFast_GetupFast,125,,Standing,,0.547,0.0,24.7039
SitFast_GetupFast,126,,Standing,,0.524,0.0,21.4919
SitFast_GetupFast,127,,Standing,,0.508,0.0,20.2974
SitFast_GetupFast,128,,Sitting,,0.625,0.0,21.5081
SitFast_GetupFast,129,,Sitting,,0.662,0.0,26.6099
SitFast_GetupFast,130,,Sitting,,0.689,0.0,21.2955
SitFast_GetupFast,131,,Sitting,,0.743,0.0,20.6991
SitFast_GetupFast,132,,Sitting,,0.784,0.0,20.7396
SitFast_GetupFast,133,,Sitting,,0.817,0.0,20.3451
SitFast_GetupFast,134,,Sitting,,0.839,0.0,21.9053
SitFast_GetupFast,135,,Sitting,,0.857,0.0,20.2454
SitFast_GetupFast,136,,Sitting,,0.873,0.0,21.439
SitFast_GetupFast,137,,Sitting,,0.884,0.0,20.312
SitFast_GetupFast,138,,Sitting,,0.895,0.0,23.2546
SitFast_GetupFast,139,,Sitting,,0.901,0.0,23.0747
SitFast_GetupFast,140,,Sitting,,0.905,0.0,20.259
SitFast_GetupFast,141,,Sitting,,0.904,0.0,20.4752
SitFast_GetupFast,142,,Sitting,,0.901,0.0,20.0417
SitFast_GetupFast,143,,Sitting,,0.889,0.0,20.7412
SitFast_GetupFast,144,,Sitting,,0.876,0.0,20.1873
SitFast_GetupFast,145,,Sitting,,0.858,0.0,20.8958
SitFast_GetupFast,146,,Sitting,,0.834,0.0,23.1861
SitFast_GetupFast,147,,Sitting,,0.817,0.0,21.782
SitFast_GetupFast,148,,Sitting,,0.807,0.0,28.8629
SitFast_GetupFast,149,,Sitting,,0.794,0.0,22.4253
SitFast_GetupFast,150,,Sitting,,0.778,0.0,20.9608
SitFast_GetupFast,151,,Sitting,,0.771,0.0,21.4015
SitFast_GetupFast,152,,Sitting,,0.759,0.0,22.2812
SitFast_GetupFast,153,,Sitting,,0.749,0.0,25.7332
SitFast_GetupFast,154,,Sitting,,0.735,0.0,24.4031
SitFast_GetupFast,155,,Sitting,,0.716,0.0,25.262
SitFast_GetupFast,156,,Sitting,,0.691,0.0,26.2965
SitFast_GetupFast,157,,Sitting,,0.649,0.0,25.2299
SitFast_GetupFast,158,,Sitting,,0.623,0.0,23.204
SitFast_GetupFast,159,,Sitting,,0.596,0.0,21.7085
SitFast_GetupFast,160,,Standing,,0.505,0.0,22.4996
SitFast_GetupFast,161,,Standing,,0.52,0.0,24.2706
SitFast_GetupFast,162,,Standing,,0.541,0.0,23.3139
SitFast_GetupFast,163,,Standing,,0.581,0.0,24.8695
SitFast_GetupFast,164,,Standing,,0.622,0.0,21.8558
SitFast_GetupFast,165,,Standing,,0.661,0.0,22.6915
SitFast_GetupFast,166,,Standing,,0.699,0.0,20.7791
SitFast_GetupFast,167,,Standing,,0.729,0.0,21.7365
SitFast_GetupFast,168,,Standing,,0.754,0.0,21.6078
SitFast_GetupFast,169,,Standing,,0.774,0.0,22.2837
SitFast_GetupFast,170,,Standing,,0.792,0.0,21.3079
SitFast_GetupFast,171,,Standing,,0.81,0.0,21.8985
SitFast_GetupFast,172,,Standing,,0.826,0.0,22.2776
SitFast_GetupFast,173,,Standing,,0.837,0.0,21.7333
SitFast_GetupFast,174,,Standing,,0.85,0.0,23.107
SitFloor_crossedLegs,31,,Standing,,0.862,0.0,20.9704
SitFloor_crossedLegs,32,,Standing,,0.86,0.0,21.1478
SitFloor_crossedLegs,33,,Standing,,0.855,0.0,21.8774
SitFloor_crossedLegs,34,,Standing,,0.845,0.0,21.9726
SitFloor_crossedLegs,35,,Standing,,0.832,0.0,21.6175
SitFloor_crossedLegs,36,,Standing,,0.811,0.0,21.8239
SitFloor_crossedLegs,37,,Standing,,0.782,0.0,20.6553
SitFloor_crossedLegs,38,,Standing,,0.748,0.0,22.9946
SitFloor_crossedLegs,39,,Standing,,0.713,0.0,22.7213
SitFloor_crossedLegs,40,,Standing,,0.674,0.0,21.1753
SitFloor_crossedLegs,41,,Standing,,0.623,0.0,20.6731
SitFloor_crossedLegs,42,,Standing,,0.572,0.0,22.17
SitFloor_crossedLegs,43,,Standing,,0.547,0.0,22.6678
SitFloor_crossedLegs,44,,Standing,,0.516,0.0,26.9509
SitFloor_crossedLegs,45,,Sitting,,0.402,0.0,26.3779
SitFloor_crossedLegs,46,,Sitting,,0.419,0.0,23.7526
SitFloor_crossedLegs,47,,Sitting,,0.436,0.0,21.2364
SitFloor_crossedLegs,48,,Sitting,,0.464,0.0,22.3877
SitFloor_crossedLegs,49,,Sitting,,0.496,0.0,22.0478
SitFloor_crossedLegs,50,,Sitting,,0.531,0.0,21.2206
SitFloor_crossedLegs,51,,Sitting,,0.56,0.0,20.9204
SitFloor_crossedLegs,52,,Sitting,,0.589,0.0,24.9513
SitFloor_crossedLegs,53,,Sitting,,0.625,0.0,27.4996
SitFloor_crossedLegs,54,,Sitting,,0.659,0.0,23.752
SitFloor_crossedLegs,55,,Sitting,,0.697,0.0,23.6829
SitFloor_crossedLegs,56,,Sitting,,0.73,0.0,24.4961
SitFloor_crossedLegs,57,,Sitting,,0.759,0.0,25.1518
SitFloor_crossedLegs,58,,Sitting,,0.779,0.0,24.7881
SitFloor_crossedLegs,59,,Sitting,,0.786,0.0,31.9685
SitFloor_crossedLegs,60,,Sitting,,0.79,0.0,29.9939
SitFloor_crossedLegs,61,,Sitting,,0.79,0.0,30.8904
SitFloor_crossedLegs,62,,Sitting,,0.786,0.0,54.4193
SitFloor_crossedLegs,63,,Sitting,,0.781,0.0,52.5649
SitFloor_crossedLegs,64,,Sitting,,0.779,0.0,48.0985
SitFloor_crossedLegs,65,,Sitting,,0.776,0.0,38.8262
SitFloor_crossedLegs,66,,Sitting,,0.768,0.0,34.3006
SitFloor_crossedLegs,67,,Sitting,,0.758,0.0,30.7758
SitFloor_crossedLegs,68,,Sitting,,0.746,0.0,29.376
SitFloor_crossedLegs,69,,Sitting,,0.734,0.0,28.9348
SitFloor_crossedLegs,70,,Sitting,,0.724,0.0,26.8959
SitFloor_crossedLegs,71,,Sitting,,0.715,0.0,32.1514
SitFloor_crossedLegs,72,,Sitting,,0.71,0.0,35.6237
SitFloor_crossedLegs,73,,Sitting,,0.702,0.0,27.4408
SitFloor_crossedLegs,74,,Sitting,,0.696,0.0,27.7053
SitFloor_crossedLegs,75,,Sitting,,0.685,0.0,27.0428
SitFloor_crossedLegs,76,,Sitting,,0.672,0.0,29.9149
SitFloor_crossedLegs,77,,Sitting,,0.66,0.0,28.8662
SitFloor_crossedLegs,78,,Sitting,,0.647,0.0,27.638
SitFloor_crossedLegs,79,,Sitting,,0.634,0.0,28.9087
SitFloor_crossedLegs,80,,Sitting,,0.62,0.0,29.0589
SitFloor_crossedLegs,81,,Sitting,,0.613,0.0,27.5822
SitFloor_crossedLegs,82,,Sitting,,0.604,0.0,25.1608
SitFloor_crossedLegs,83,,Sitting,,0.6,0.0,25.4613
SitFloor_crossedLegs,84,,Sitting,,0.597,0.0,27.5566
SitFloor_crossedLegs,85,,Sitting,,0.597,0.0,24.2869
SitFloor_crossedLegs,86,,Sitting,,0.595,0.0,22.9485
SitFloor_crossedLegs,87,,Sitting,,0.59,0.0,24.7105
SitFloor_crossedLegs,88,Sitting,Sitting,True,0.582,0.0,23.0995
SitFloor_crossedLegs,89,Sitting,Sitting,True,0.569,0.0,24.5244
SitFloor_crossedLegs,90,Sitting,Sitting,True,0.556,0.0,22.6399
SitFloor_crossedLegs,91,Sitting,Sitting,True,0.544,0.0,23.4109
SitFloor_crossedLegs,92,Sitting,Sitting,True,0.531,0.0,22.3743
SitFloor_crossedLegs,93,Sitting,Sitting,True,0.521,0.0,22.3801
SitFloor_crossedLegs,94,Sitting,Sitting,True,0.516,0.0,22.3501
SitFloor_crossedLegs,95,Sitting,Sitting,True,0.505,0.0,23.8104
SitFloor_crossedLegs,96,Sitting,Sitting,True,0.495,0.0,22.3229
SitFloor_crossedLegs,97,Sitting,Sitting,True,0.487,0.0,21.7514
SitFloor_crossedLegs,98,Sitting,Sitting,True,0.482,0.0,21.1907
SitFloor_crossedLegs,99,Sitting,Sitting,True,0.475,0.0,20.867
SitFloor_crossedLegs,100,Sitting,Sitting,True,0.472,0.0,22.1258
SitFloor_crossedLegs,101,Sitting,Sitting,True,0.473,0.0,25.6317
SitFloor_crossedLegs,102,Sitting,Sitting,True,0.472,0.0,27.1785
SitFloor_crossedLegs,103,Sitting,Sitting,True,0.471,0.0,22.6281
SitFloor_crossedLegs,104,Sitting,Sitting,True,0.471,0.0,21.6051
SitFloor_crossedLegs,105,Sitting,Sitting,True,0.474,0.0,23.5686
SitFloor_crossedLegs,106,Sitting,Sitting,True,0.475,0.0,25.3556
SitFloor_crossedLegs,107,Sitting,Sitting,True,0.478,0.0,22.1332
SitFloor_crossedLegs,108,Sitting,Sitting,True,0.48,0.0,21.384
SitFloor_crossedLegs,109,Sitting,Sitting,True,0.479,0.0,21.2773
SitFloor_crossedLegs,110,Sitting,Sitting,True,0.478,0.0,21.8769
SitFloor_crossedLegs,111,Sitting,Sitting,True,0.479,0.0,22.7596
SitFloor_crossedLegs,112,Sitting,Sitting,True,0.479,0.0,27.3603
SitFloor_crossedLegs,113,Sitting,Sitting,True,0.482,0.0,23.5777
SitFloor_crossedLegs,114,Sitting,Sitting,True,0.486,0.0,23.7673
SitFloor_crossedLegs,115,Sitting,Sitting,True,0.492,0.0,26.349
SitFloor_crossedLegs,116,Sitting,Sitting,True,0.495,0.0,24.9363
SitFloor_crossedLegs,117,Sitting,Sitting,True,0.502,0.0,23.6807
SitFloor_crossedLegs,118,Sitting,Sitting,True,0.505,0.0,23.3979
SitFloor_crossedLegs,119,Sitting,Sitting,True,0.51,0.0,23.1227
SitFloor_crossedLegs,120,Sitting,Sitting,True,0.514,0.0,25.4159
SitFloor_crossedLegs,121,Sitting,Sitting,True,0.519,0.0,28.4966
SitFloor_crossedLegs,122,Sitting,Sitting,True,0.522,0.0,24.7948
SitFloor_crossedLegs,123,Sitting,Sitting,True,0.524,0.0,26.2189
SitFloor_crossedLegs,124,Sitting,Sitting,True,0.527,0.0,27.1745
SitFloor_crossedLegs,125,Sitting,Sitting,True,0.529,0.0,25.1099
SitFloor_crossedLegs,126,Sitting,Sitting,True,0.529,0.0,24.3493
SitFloor_crossedLegs,127,Sitting,Sitting,True,0.531,0.0,26.225
SitFloor_crossedLegs,128,Sitting,Sitting,True,0.533,0.0,28.6218
SitFloor_crossedLegs,129,Sitting,Sitting,True,0.532,0.0,26.3802
SitFloor_crossedLegs,130,Sitting,Sitting,True,0.532,0.0,27.0364
SitFloor_crossedLegs,131,Sitting,Sitting,True,0.534,0.0,24.6676
SitFloor_crossedLegs,132,Sitting,Sitting,True,0.537,0.0,25.7623
SitFloor_crossedLegs,133,Sitting,Sitting,True,0.536,0.0,26.3284
SitFloor_crossedLegs,134,Sitting,Sitting,True,0.535,0.0,25.1375
SitFloor_crossedLegs,135,Sitting,Sitting,True,0.533,0.0,25.0917
SitFloor_crossedLegs,136,Sitting,Sitting,True,0.528,0.0,25.4842
SitFloor_crossedLegs,137,Sitting,Sitting,True,0.515,0.0,26.4109
SitFloor_crossedLegs,138,Sitting,Sitting,True,0.499,0.0,30.1189
SitFloor_crossedLegs,139,Sitting,Sitting,True,0.483,0.0,32.9213
SitFloor_crossedLegs,140,Sitting,Sitting,True,0.466,0.0,34.397
SitFloor_crossedLegs,141,Sitting,Sitting,True,0.453,0.0,52.2869
SitFloor_crossedLegs,142,Sitting,Sitting,True,0.448,0.0,32.6148
SitFloor_crossedLegs,143,Sitting,Sitting,True,0.446,0.0,26.0611
SitFloor_crossedLegs,144,Sitting,Sitting,True,0.445,0.0,29.2672
SitFloor_crossedLegs,145,Sitting,Sitting,True,0.448,0.0,27.037
SitFloor_crossedLegs,146,Sitting,Sitting,True,0.451,0.0,24.9945
SitFloor_crossedLegs,147,Sitting,Sitting,True,0.454,0.0,26.2145
SitFloor_crossedLegs,148,Sitting,Sitting,True,0.46,0.0,24.4189
SitFloor_crossedLegs,149,Sitting,Sitting,True,0.471,0.0,25.0721
SitFloor_crossedLegs,150,Sitting,Sitting,True,0.483,0.0,24.9836
SitFloor_crossedLegs,151,Sitting,Sitting,True,0.497,0.0,24.3518
SitFloor_crossedLegs,152,Sitting,Sitting,True,0.511,0.0,22.6993
SitFloor_crossedLegs,153,Sitting,Sitting,True,0.521,0.0,22.7355
SitFloor_crossedLegs,154,Sitting,Sitting,True,0.527,0.0,23.8283
SitFloor_crossedLegs,155,Sitting,Sitting,True,0.527,0.0,22.4496
SitFloor_crossedLegs,156,Sitting,Sitting,True,0.524,0.0,22.5417
SitFloor_crossedLegs,157,Sitting,Sitting,True,0.52,0.0,22.8858
SitFloor_crossedLegs,158,Sitting,Sitting,True,0.517,0.0,22.9712
SitFloor_crossedLegs,159,Sitting,Sitting,True,0.513,0.0,28.467
SitFloor_crossedLegs,160,Sitting,Sitting,True,0.509,0.0,25.5906
SitFloor_crossedLegs,161,Sitting,Sitting,True,0.504,0.0,23.3852
SitFloor_crossedLegs,162,Sitting,Sitting,True,0.5,0.0,22.8716
SitFloor_crossedLegs,163,Sitting,Sitting,True,0.497,0.0,23.4168
SitFloor_crossedLegs,164,Sitting,Sitting,True,0.497,0.0,22.2578
SitFloor_crossedLegs,165,Sitting,Sitting,True,0.496,0.0,22.0468
SitFloor_crossedLegs,166,Sitting,Sitting,True,0.498,0.0,23.6687
SitFloor_crossedLegs,167,Sitting,Sitting,True,0.501,0.0,21.5583
SitFloor_crossedLegs,168,Sitting,Sitting,True,0.504,0.0,22.5189
SitFloor_crossedLegs,169,Sitting,Sitting,True,0.505,0.0,25.9221
SitFloor_crossedLegs,170,Sitting,Sitting,True,0.508,0.0,23.9648
SitFloor_crossedLegs,171,Sitting,Sitting,True,0.513,0.0,24.3579
SitFloor_crossedLegs,172,Sitting,Sitting,True,0.514,0.0,25.608
SitFloor_crossedLegs,173,Sitting,Sitting,True,0.515,0.0,30.3233
SitFloor_crossedLegs,174,Sitting,Sitting,True,0.515,0.0,25.4497
SitFloor_crossedLegs,175,Sitting,Sitting,True,0.516,0.0,30.0457
SitFloor_crossedLegs,176,Sitting,Sitting,True,0.514,0.0,29.5071
SitFloor_crossedLegs,177,Sitting,Sitting,True,0.513,0.0,25.4418
SitFloor_crossedLegs,178,Sitting,Sitting,True,0.512,0.0,25.8431
SitFloor_crossedLegs,179,Sitting,Sitting,True,0.514,0.0,23.7105
SitFloor_crossedLegs,180,Sitting,Sitting,True,0.515,0.0,25.9081
SitFloor_crossedLegs,181,Sitting,Sitting,True,0.517,0.0,23.4492
SitFloor_crossedLegs,182,Sitting,Sitting,True,0.522,0.0,25.0133
SitFloor_crossedLegs,183,Sitting,Sitting,True,0.529,0.0,25.355
SitFloor_crossedLegs,184,Sitting,Sitting,True,0.533,0.0,26.9863
SitFloor_crossedLegs,185,Sitting,Sitting,True,0.535,0.0,26.5676
SitFloor_crossedLegs,186,Sitting,Sitting,True,0.538,0.0,28.1583
SitFloor_crossedLegs,187,Sitting,Sitting,True,0.536,0.0,27.8534
SitFloor_crossedLegs,188,Sitting,Sitting,True,0.534,0.0,25.5509
SitFloor_crossedLegs,189,Sitting,Sitting,True,0.532,0.0,24.8619
SitFloor_crossedLegs,190,Sitting,Sitting,True,0.529,0.0,25.9167
SitFloor_crossedLegs,191,Sitting,Sitting,True,0.527,0.0,25.7837
SitFloor_crossedLegs,192,Sitting,Sitting,True,0.525,0.0,26.4957
SitFloor_crossedLegs,193,Sitting,Sitting,True,0.524,0.0,27.5382
SitFloor_crossedLegs,194,Sitting,Sitting,True,0.523,0.0,27.5277
SitFloor_crossedLegs,195,Sitting,Sitting,True,0.522,0.0,26.847
SitFloor_crossedLegs,196,Sitting,Sitting,True,0.522,0.0,28.8025
SitFloor_crossedLegs,197,Sitting,Sitting,True,0.521,0.0,33.6348
SitFloor_crossedLegs,198,Sitting,Sitting,True,0.522,0.0,33.9901
SitFloor_crossedLegs,199,Sitting,Sitting,True,0.521,0.0,28.7159
SitFloor_crossedLegs,200,Sitting,Sitting,True,0.522,0.0,31.1512
SitFloor_crossedLegs,201,Sitting,Sitting,True,0.521,0.0,27.3126
SitFloor_crossedLegs,202,Sitting,Sitting,True,0.522,0.0,28.5852
SitFloor_crossedLegs,203,Sitting,Sitting,True,0.522,0.0,25.1495
SitFloor_crossedLegs,204,Sitting,Sitting,True,0.524,0.0,30.2634
SitFloor_crossedLegs,205,Sitting,Sitting,True,0.524,0.0,30.2561
SitFloor_crossedLegs,206,,Sitting,,0.524,0.0,26.2216
SitFloor_crossedLegs,207,,Sitting,,0.523,0.0,24.9174
SitFloor_crossedLegs,208,,Sitting,,0.525,0.0,25.7552
SitFloor_crossedLegs,209,,Sitting,,0.526,0.0,35.0321
SitFloor_crossedLegs,210,,Sitting,,0.528,0.0,29.1584
SitFloor_crossedLegs,211,,Sitting,,0.531,0.0,28.3101
SitFloor_crossedLegs,212,,Sitting,,0.535,0.0,27.294
SitFloor_crossedLegs,213,,Sitting,,0.534,0.0,31.3492
SitFloor_crossedLegs,214,,Sitting,,0.534,0.0,31.8258
SitFloor_crossedLegs,215,,Sitting,,0.534,0.0,32.6586
SitFloor_crossedLegs,216,,Sitting,,0.533,0.0,27.2671
SitFloor_crossedLegs,217,,Sitting,,0.531,0.0,32.004
SitFloor_crossedLegs,218,,Sitting,,0.529,0.0,29.6558
SitFloor_crossedLegs,219,,Sitting,,0.528,0.0,27.9987
SitFloor_crossedLegs,220,,Sitting,,0.526,0.0,30.2977
SitFloor_crossedLegs,221,,Sitting,,0.525,0.0,31.5857
SitFloor_crossedLegs,222,,Sitting,,0.526,0.0,32.9065
SitFloor_crossedLegs,223,,Sitting,,0.529,0.0,29.8924
SitFloor_crossedLegs,224,,Sitting,,0.531,0.0,30.8667
SitFloor_crossedLegs,225,,Sitting,,0.532,0.0,35.3026
SitFloor_crossedLegs,226,,Sitting,,0.534,0.0,28.6836
SitFloor_crossedLegs,227,,Sitting,,0.533,0.0,29.8697
SitFloor_crossedLegs,228,,Sitting,,0.532,0.0,27.5856
SitFloor_crossedLegs,229,,Sitting,,0.531,0.0,39.1197
SitFloor_crossedLegs,230,,Sitting,,0.53,0.0,41.1789
SitFloor_crossedLegs,231,,Sitting,,0.528,0.0,41.602
SitFloor_crossedLegs,232,,Sitting,,0.527,0.0,42.2214
SitFloor_crossedLegs,233,,Sitting,,0.527,0.0,45.9908
SitFloor_crossedLegs,234,,Sitting,,0.527,0.0,37.1978
SitFloor_crossedLegs,235,,Sitting,,0.531,0.0,45.7727
SitFloor_crossedLegs,236,,Sitting,,0.536,0.0,45.0584
SitFloor_crossedLegs,237,,Sitting,,0.541,0.0,28.8024
SitFloor_crossedLegs,238,,Sitting,,0.544,0.0,29.2142
SitFloor_crossedLegs,239,,Sitting,,0.547,0.0,41.7887
SitFloor_crossedLegs,240,,Sitting,,0.549,0.0,35.1484
SitFloor_crossedLegs,241,,Sitting,,0.549,0.0,43.3131
SitFloor_crossedLegs,242,,Sitting,,0.547,0.0,46.382
SitFloor_crossedLegs,243,,Sitting,,0.546,0.0,50.8696
SitFloor_crossedLegs,244,,Sitting,,0.539,0.0,45.991
SitFloor_crossedLegs,245,,Sitting,,0.533,0.0,43.5055
SitFloor_crossedLegs,246,,Sitting,,0.526,0.0,38.101
SitFloor_crossedLegs,247,,Sitting,,0.524,0.0,31.0463
SitFloor_crossedLegs,248,,Sitting,,0.527,0.0,35.8879
SitFloor_crossedLegs,249,,Sitting,,0.538,0.0,33.0243
SitFloor_crossedLegs,250,,Sitting,,0.554,0.0,35.8362
SitFloor_crossedLegs,251,,Sitting,,0.575,0.0,29.708
SitFloor_crossedLegs,252,,Sitting,,0.595,0.0,32.5909
SitFloor_crossedLegs,253,,Sitting,,0.623,0.0,30.4559
SitFloor_crossedLegs,254,,Sitting,,0.651,0.0,35.0401
SitFloor_crossedLegs,255,,Sitting,,0.681,0.0,34.9285
SitFloor_crossedLegs,256,,Sitting,,0.712,0.0,33.5781
SitFloor_crossedLegs,257,,Sitting,,0.744,0.0,33.1255
SitFloor_crossedLegs,258,,Sitting,,0.766,0.0,32.0283
SitFloor_crossedLegs,259,,Sitting,,0.784,0.0,34.9595
SitFloor_crossedLegs,260,,Sitting,,0.793,0.0,34.8049
SitFloor_crossedLegs,261,,Sitting,,0.796,0.0,29.4387
SitFloor_crossedLegs,262,,Sitting,,0.792,0.0,29.2172
SitFloor_crossedLegs,263,,Sitting,,0.791,0.0,33.6989
SitFloor_crossedLegs,264,,Sitting,,0.791,0.0,32.098
SitFloor_crossedLegs,265,,Sitting,,0.79,0.0,31.1759
SitFloor_crossedLegs,266,,Sitting,,0.788,0.0,36.9249
SitFloor_crossedLegs,267,,Sitting,,0.791,0.0,40.7601
SitFloor_crossedLegs,268,,Sitting,,0.794,0.0,36.9261
SitFloor_crossedLegs,269,,Sitting,,0.796,0.0,37.0822
SitFloor_crossedLegs,270,,Sitting,,0.804,0.0,49.5548
SitFloor_crossedLegs,271,,Sitting,,0.816,0.0,57.7589
SitFloor_crossedLegs,272,,Sitting,,0.823,0.0,48.5347
SitFloor_crossedLegs,273,,Sitting,,0.815,0.0,33.1393
SitFloor_crossedLegs,274,,Sitting,,0.799,0.0,35.773
SitFloor_crossedLegs,275,,Sitting,,0.77,0.0,36.4836
SitFloor_crossedLegs,276,,Sitting,,0.722,0.0,45.6283
SitFloor_crossedLegs,277,,Sitting,,0.662,0.0,32.4634
SitFloor_crossedLegs,278,,Sitting,,0.606,0.0,37.3567
SitFloor_crossedLegs,279,,Sitting,,0.548,0.0,39.5166
SitFloor_crossedLegs,280,,Sitting,,0.495,0.0,42.6389
SitFloor_crossedLegs,281,,Sitting,,0.452,0.0,44.5697
SitFloor_crossedLegs,282,,Sitting,,0.433,0.0,34.2218
SitFloor_crossedLegs,283,,Sitting,,0.414,0.0,35.2377
SitFloor_crossedLegs,284,,Standing,,0.448,0.0,44.7332
SitFloor_crossedLegs,285,,Standing,,0.465,0.0,45.6204
SitFloor_crossedLegs,286,,Standing,,0.484,0.0,31.3357
SitFloor_crossedLegs,287,,Standing,,0.523,0.0,36.1882
SitFloor_crossedLegs,288,,Standing,,0.561,0.0,38.6126
SitFloor_crossedLegs,289,,Standing,,0.594,0.0,40.6792
SitFloor_lowKeypoints_crossedLegs,31,,Sitting,,0.624,0.0,37.397
SitFloor_lowKeypoints_crossedLegs,32,,Sitting,,0.571,0.0,37.8491
SitFloor_lowKeypoints_crossedLegs,33,,Sitting,,0.512,0.0,40.8401
SitFloor_lowKeypoints_crossedLegs,34,,Sitting,,0.512,0.0,45.6794
SitFloor_lowKeypoints_crossedLegs,35,,Sitting,,0.512,0.0,34.4178
SitFloor_lowKeypoints_crossedLegs,36,,Lying,,0.37,0.0,46.9895
SitFloor_lowKeypoints_crossedLegs,37,,Lying,,0.377,0.0,52.5067
SitFloor_lowKeypoints_crossedLegs,38,,Lying,,0.377,0.0,48.8379
SitFloor_lowKeypoints_crossedLegs,39,,Lying,,0.381,0.0,43.0006
SitFloor_lowKeypoints_crossedLegs,40,,Lying,,0.393,0.0,44.602
SitFloor_lowKeypoints_crossedLegs,41,,Lying,,0.403,0.0,34.2934
SitFloor_lowKeypoints_crossedLegs,42,,Lying,,0.401,0.0,33.1419
SitFloor_lowKeypoints_crossedLegs,43,,Lying,,0.398,0.0,35.8416
SitFloor_lowKeypoints_crossedLegs,44,,Lying,,0.398,0.0,33.1347
SitFloor_lowKeypoints_crossedLegs,45,,Lying,,0.394,0.0,36.5844
SitFloor_lowKeypoints_crossedLegs,46,,Lying,,0.363,0.0,34.1047
SitFloor_lowKeypoints_crossedLegs,47,,Lying,,0.366,0.0,32.1549
SitFloor_lowKeypoints_crossedLegs,48,,Lying,,0.366,0.0,37.9849
SitFloor_lowKeypoints_crossedLegs,49,,Lying,,0.365,0.0,32.3978
SitFloor_lowKeypoints_crossedLegs,50,,Lying,,0.379,0.0,35.7081
SitFloor_lowKeypoints_crossedLegs,51,,Lying,,0.385,0.0,28.3739
SitFloor_lowKeypoints_crossedLegs,52,,Lying,,0.393,0.0,30.787
SitFloor_lowKeypoints_crossedLegs,53,,Lying,,0.393,0.0,33.9678
SitFloor_lowKeypoints_crossedLegs,54,,Lying,,0.401,0.0,34.6666
SitFloor_lowKeypoints_crossedLegs,55,,Lying,,0.402,0.0,28.24
SitFloor_lowKeypoints_crossedLegs,56,,Sitting,,0.439,0.0,31.2475
SitFloor_lowKeypoints_crossedLegs,57,,Sitting,,0.475,0.0,40.3563
SitFloor_lowKeypoints_crossedLegs,58,,Sitting,,0.5,0.0,37.3837
SitFloor_lowKeypoints_crossedLegs,59,,Sitting,,0.55,0.0,29.0525
SitFloor_lowKeypoints_crossedLegs,60,,Sitting,,0.589,0.0,35.1606
SitFloor_lowKeypoints_crossedLegs,61,,Sitting,,0.616,0.0,44.8462
SitFloor_lowKeypoints_crossedLegs,62,,Sitting,,0.625,0.0,38.4476
SitFloor_lowKeypoints_crossedLegs,63,,Sitting,,0.636,0.0,29.3461
SitFloor_lowKeypoints_crossedLegs,64,,Sitting,,0.655,0.0,34.0798
SitFloor_lowKeypoints_crossedLegs,65,,Sitting,,0.678,0.0,40.4271
SitFloor_lowKeypoints_crossedLegs,66,,Sitting,,0.708,0.0,40.8661
SitFloor_lowKeypoints_crossedLegs,67,,Sitting,,0.747,0.0,31.9399
SitFloor_lowKeypoints_crossedLegs,68,,Sitting,,0.785,0.0,41.136
SitFloor_lowKeypoints_crossedLegs,69,,Sitting,,0.819,0.0,41.3433
SitFloor_lowKeypoints_crossedLegs,70,,Sitting,,0.847,0.0,43.2637
SitFloor_lowKeypoints_crossedLegs,71,,Sitting,,0.869,0.0,31.4438
SitFloor_lowKeypoints_crossedLegs,72,,Sitting,,0.886,0.0,30.8017
SitFloor_lowKeypoints_crossedLegs,73,,Sitting,,0.9,0.0,29.2737
SitFloor_lowKeypoints_crossedLegs,74,,Sitting,,0.909,0.0,31.7373
SitFloor_lowKeypoints_crossedLegs,75,,Sitting,,0.916,0.0,34.1707
SitFloor_lowKeypoints_crossedLegs,76,,Sitting,,0.918,0.0,38.3934
SitFloor_lowKeypoints_crossedLegs,77,,Sitting,,0.919,0.0,38.8695
SitFloor_lowKeypoints_crossedLegs,78,,Sitting,,0.917,0.0,29.0749
SitFloor_lowKeypoints_crossedLegs,79,,Sitting,,0.916,0.0,28.439
SitFloor_lowKeypoints_crossedLegs,80,,Sitting,,0.914,0.0,29.1287
SitFloor_lowKeypoints_crossedLegs,81,,Sitting,,0.913,0.0,36.4078
SitFloor_lowKeypoints_crossedLegs,82,,Sitting,,0.913,0.0,39.8503
SitFloor_lowKeypoints_crossedLegs,83,,Sitting,,0.914,0.0,35.7823
SitFloor_lowKeypoints_crossedLegs,84,,Sitting,,0.915,0.0,40.3599
SitFloor_lowKeypoints_crossedLegs,85,,Sitting,,0.916,0.0,38.4492
SitFloor_lowKeypoints_crossedLegs,86,Sitting,Sitting,True,0.917,0.0,58.1657
SitFloor_lowKeypoints_crossedLegs,87,Sitting,Sitting,True,0.919,0.0,37.296
SitFloor_lowKeypoints_crossedLegs,88,Sitting,Sitting,True,0.919,0.0,32.1664
SitFloor_lowKeypoints_crossedLegs,89,Sitting,Sitting,True,0.918,0.0,33.1896
SitFloor_lowKeypoints_crossedLegs,90,Sitting,Sitting,True,0.917,0.0,39.3674
SitFloor_lowKeypoints_crossedLegs,91,Sitting,Sitting,True,0.917,0.0,33.0153
SitFloor_lowKeypoints_crossedLegs,92,Sitting,Sitting,True,0.917,0.0,34.697
SitFloor_lowKeypoints_crossedLegs,93,Sitting,Sitting,True,0.915,0.0,31.5404
SitFloor_lowKeypoints_crossedLegs,94,Sitting,Sitting,True,0.915,0.0,35.3306
SitFloor_lowKeypoints_crossedLegs,95,Sitting,Sitting,True,0.913,0.0,35.9353
SitFloor_lowKeypoints_crossedLegs,96,Sitting,Sitting,True,0.911,0.0,40.1523
SitFloor_lowKeypoints_crossedLegs,97,Sitting,Sitting,True,0.91,0.0,42.6232
SitFloor_lowKeypoints_crossedLegs,98,Sitting,Sitting,True,0.91,0.0,38.5366
SitFloor_lowKeypoints_crossedLegs,99,Sitting,Sitting,True,0.907,0.0,34.3902
SitFloor_lowKeypoints_crossedLegs,100,Sitting,Sitting,True,0.903,0.0,28.91
SitFloor_lowKeypoints_crossedLegs,101,Sitting,Sitting,True,0.896,0.0,36.2422
SitFloor_lowKeypoints_crossedLegs,102,Sitting,Sitting,True,0.886,0.0,41.8695
SitFloor_lowKeypoints_crossedLegs,103,Sitting,Sitting,True,0.877,0.0,34.3042
SitFloor_lowKeypoints_crossedLegs,104,Sitting,Sitting,True,0.87,0.0,29.8259
SitFloor_lowKeypoints_crossedLegs,105,Sitting,Sitting,True,0.867,0.0,27.7432
SitFloor_lowKeypoints_crossedLegs,106,Sitting,Sitting,True,0.861,0.0,37.3005
SitFloor_lowKeypoints_crossedLegs,107,Sitting,Sitting,True,0.859,0.0,31.9295
SitFloor_lowKeypoints_crossedLegs,108,Sitting,Sitting,True,0.86,0.0,31.2788
SitFloor_lowKeypoints_crossedLegs,109,Sitting,Sitting,True,0.855,0.0,27.8486
SitFloor_lowKeypoints_crossedLegs,110,Sitting,Sitting,True,0.857,0.0,43.4691
SitFloor_lowKeypoints_crossedLegs,111,Sitting,Sitting,True,0.865,0.0,41.28
SitFloor_lowKeypoints_crossedLegs,112,Sitting,Sitting,True,0.873,0.0,39.9912
SitFloor_lowKeypoints_crossedLegs,113,Sitting,Sitting,True,0.882,0.0,34.8738
SitFloor_lowKeypoints_crossedLegs,114,Sitting,Sitting,True,0.898,0.0,48.6113
SitFloor_lowKeypoints_crossedLegs,115,Sitting,Sitting,True,0.905,0.0,58.1933
SitFloor_lowKeypoints_crossedLegs,116,Sitting,Sitting,True,0.911,0.0,55.4991
SitFloor_lowKeypoints_crossedLegs,117,Sitting,Sitting,True,0.917,0.0,53.687
SitFloor_lowKeypoints_crossedLegs,118,Sitting,Sitting,True,0.921,0.0,48.0909
SitFloor_lowKeypoints_crossedLegs,119,Sitting,Sitting,True,0.924,0.0,34.9664
SitFloor_lowKeypoints_crossedLegs,120,Sitting,Sitting,True,0.926,0.0,30.1925
SitFloor_lowKeypoints_crossedLegs,121,Sitting,Sitting,True,0.928,0.0,35.8712
SitFloor_lowKeypoints_crossedLegs,122,Sitting,Sitting,True,0.93,0.0,35.0731
SitFloor_lowKeypoints_crossedLegs,123,Sitting,Sitting,True,0.931,0.0,37.7106
SitFloor_lowKeypoints_crossedLegs,124,Sitting,Sitting,True,0.931,0.0,32.3997
SitFloor_lowKeypoints_crossedLegs,125,Sitting,Sitting,True,0.934,0.0,32.9465
SitFloor_lowKeypoints_crossedLegs,126,Sitting,Sitting,True,0.937,0.0,35.7447
SitFloor_lowKeypoints_crossedLegs,127,Sitting,Sitting,True,0.937,0.0,39.0692
SitFloor_lowKeypoints_crossedLegs,128,Sitting,Sitting,True,0.938,0.0,34.6691
SitFloor_lowKeypoints_crossedLegs,129,Sitting,Sitting,True,0.94,0.0,37.8218
SitFloor_lowKeypoints_crossedLegs,130,Sitting,Sitting,True,0.939,0.0,32.1083
SitFloor_lowKeypoints_crossedLegs,131,Sitting,Sitting,True,0.94,0.0,31.4316
SitFloor_lowKeypoints_crossedLegs,132,Sitting,Sitting,True,0.94,0.0,41.1624
SitFloor_lowKeypoints_crossedLegs,133,Sitting,Sitting,True,0.939,0.0,37.6684
SitFloor_lowKeypoints_crossedLegs,134,Sitting,Sitting,True,0.939,0.0,36.5901
SitFloor_lowKeypoints_crossedLegs,135,Sitting,Sitting,True,0.938,0.0,57.7235
SitFloor_lowKeypoints_crossedLegs,136,Sitting,Sitting,True,0.938,0.0,53.3334
SitFloor_lowKeypoints_crossedLegs,137,Sitting,Sitting,True,0.94,0.0,54.5526
SitFloor_lowKeypoints_crossedLegs,138,Sitting,Sitting,True,0.938,0.0,43.5294
SitFloor_lowKeypoints_crossedLegs,139,Sitting,Sitting,True,0.938,0.0,45.1373
SitFloor_lowKeypoints_crossedLegs,140,Sitting,Sitting,True,0.94,0.0,40.124
SitFloor_lowKeypoints_crossedLegs,141,Sitting,Sitting,True,0.942,0.0,47.9389
SitFloor_lowKeypoints_crossedLegs,142,Sitting,Sitting,True,0.941,0.0,51.943
SitFloor_lowKeypoints_crossedLegs,143,Sitting,Sitting,True,0.943,0.0,51.344
SitFloor_lowKeypoints_crossedLegs,144,Sitting,Sitting,True,0.941,0.0,46.8385
SitFloor_lowKeypoints_crossedLegs,145,Sitting,Sitting,True,0.94,0.0,34.5341
SitFloor_lowKeypoints_crossedLegs,146,Sitting,Sitting,True,0.939,0.0,30.6422
SitFloor_lowKeypoints_crossedLegs,147,Sitting,Sitting,True,0.937,0.0,28.9679
SitFloor_lowKeypoints_crossedLegs,148,Sitting,Sitting,True,0.935,0.0,31.0728
SitFloor_lowKeypoints_crossedLegs,149,Sitting,Sitting,True,0.936,0.0,26.8323
SitFloor_lowKeypoints_crossedLegs,150,Sitting,Sitting,True,0.935,0.0,28.575
SitFloor_lowKeypoints_crossedLegs,151,Sitting,Sitting,True,0.934,0.0,27.8787
SitFloor_lowKeypoints_crossedLegs,152,Sitting,Sitting,True,0.934,0.0,27.2131
SitFloor_lowKeypoints_crossedLegs,153,Sitting,Sitting,True,0.935,0.0,28.6881
SitFloor_lowKeypoints_crossedLegs,154,Sitting,Sitting,True,0.934,0.0,30.5091
SitFloor_lowKeypoints_crossedLegs,155,Sitting,Sitting,True,0.936,0.0,37.9422
SitFloor_lowKeypoints_crossedLegs,156,Sitting,Sitting,True,0.936,0.0,34.0811
SitFloor_lowKeypoints_crossedLegs,157,Sitting,Sitting,True,0.935,0.0,26.3533
SitFloor_lowKeypoints_crossedLegs,158,Sitting,Sitting,True,0.934,0.0,28.7588
SitFloor_lowKeypoints_crossedLegs,159,Sitting,Sitting,True,0.933,0.0,28.5683
SitFloor_lowKeypoints_crossedLegs,160,Sitting,Sitting,True,0.932,0.0,27.8981
SitFloor_lowKeypoints_crossedLegs,161,Sitting,Sitting,True,0.93,0.0,24.9362
SitFloor_lowKeypoints_crossedLegs,162,Sitting,Sitting,True,0.93,0.0,26.5985
SitFloor_lowKeypoints_crossedLegs,163,Sitting,Sitting,True,0.933,0.0,28.2346
SitFloor_lowKeypoints_crossedLegs,164,Sitting,Sitting,True,0.935,0.0,26.1559
SitFloor_lowKeypoints_crossedLegs,165,Sitting,Sitting,True,0.935,0.0,26.3491
SitFloor_lowKeypoints_crossedLegs,166,Sitting,Sitting,True,0.935,0.0,26.9964
SitFloor_lowKeypoints_crossedLegs,167,Sitting,Sitting,True,0.934,0.0,25.0922
SitFloor_lowKeypoints_crossedLegs,168,Sitting,Sitting,True,0.933,0.0,26.3261
SitFloor_lowKeypoints_crossedLegs,169,Sitting,Sitting,True,0.933,0.0,27.3929
SitFloor_lowKeypoints_crossedLegs,170,Sitting,Sitting,True,0.936,0.0,24.8558
SitFloor_lowKeypoints_crossedLegs,171,Sitting,Sitting,True,0.936,0.0,26.0293
SitFloor_lowKeypoints_crossedLegs,172,Sitting,Sitting,True,0.937,0.0,26.112
SitFloor_lowKeypoints_crossedLegs,173,Sitting,Sitting,True,0.934,0.0,26.7164
SitFloor_lowKeypoints_crossedLegs,174,Sitting,Sitting,True,0.933,0.0,26.8678
SitFloor_lowKeypoints_crossedLegs,175,Sitting,Sitting,True,0.93,0.0,28.8525
SitFloor_lowKeypoints_crossedLegs,176,Sitting,Sitting,True,0.928,0.0,48.4657
SitFloor_lowKeypoints_crossedLegs,177,Sitting,Sitting,True,0.927,0.0,50.7264
SitFloor_lowKeypoints_crossedLegs,178,Sitting,Sitting,True,0.929,0.0,36.6265
SitFloor_lowKeypoints_crossedLegs,179,Sitting,Sitting,True,0.927,0.0,32.4508
SitFloor_lowKeypoints_crossedLegs,180,Sitting,Sitting,True,0.928,0.0,37.3862
SitFloor_lowKeypoints_crossedLegs,181,Sitting,Sitting,True,0.929,0.0,34.0083
SitFloor_lowKeypoints_crossedLegs,182,Sitting,Sitting,True,0.932,0.0,31.1947
SitFloor_lowKeypoints_crossedLegs,183,Sitting,Sitting,True,0.932,0.0,35.5013
SitFloor_lowKeypoints_crossedLegs,184,Sitting,Sitting,True,0.934,0.0,30.21
SitFloor_lowKeypoints_crossedLegs,185,Sitting,Sitting,True,0.934,0.0,41.0125
SitFloor_lowKeypoints_crossedLegs,186,Sitting,Sitting,True,0.935,0.0,43.3086
SitFloor_lowKeypoints_crossedLegs,187,Sitting,Sitting,True,0.932,0.0,38.1453
SitFloor_lowKeypoints_crossedLegs,188,Sitting,Sitting,True,0.931,0.0,35.8399
SitFloor_lowKeypoints_crossedLegs,189,Sitting,Sitting,True,0.93,0.0,35.4337
SitFloor_lowKeypoints_crossedLegs,190,Sitting,Sitting,True,0.932,0.0,41.7141
SitFloor_lowKeypoints_crossedLegs,191,Sitting,Sitting,True,0.931,0.0,35.2009
SitFloor_lowKeypoints_crossedLegs,192,Sitting,Sitting,True,0.932,0.0,36.6461
SitFloor_lowKeypoints_crossedLegs,193,Sitting,Sitting,True,0.933,0.0,43.9967
SitFloor_lowKeypoints_crossedLegs,194,Sitting,Sitting,True,0.935,0.0,40.018
SitFloor_lowKeypoints_crossedLegs,195,Sitting,Sitting,True,0.933,0.0,45.1489
SitFloor_lowKeypoints_crossedLegs,196,Sitting,Sitting,True,0.933,0.0,32.2692
SitFloor_lowKeypoints_crossedLegs,197,Sitting,Sitting,True,0.933,0.0,30.4667
SitFloor_lowKeypoints_crossedLegs,198,Sitting,Sitting,True,0.932,0.0,32.6846
SitFloor_lowKeypoints_crossedLegs,199,Sitting,Sitting,True,0.928,0.0,35.3821
SitFloor_lowKeypoints_crossedLegs,200,Sitting,Sitting,True,0.929,0.0,35.4584
SitFloor_lowKeypoints_crossedLegs,201,,Sitting,,0.929,0.0,48.7229
SitFloor_lowKeypoints_crossedLegs,202,,Sitting,,0.931,0.0,45.9516
SitFloor_lowKeypoints_crossedLegs,203,,Sitting,,0.932,0.0,36.9931
SitFloor_lowKeypoints_crossedLegs,204,,Sitting,,0.934,0.0,34.3757
SitFloor_lowKeypoints_crossedLegs,205,,Sitting,,0.932,0.0,40.4938
SitFloor_lowKeypoints_crossedLegs,206,,Sitting,,0.932,0.0,36.5281
SitFloor_lowKeypoints_crossedLegs,207,,Sitting,,0.93,0.0,31.821
SitFloor_lowKeypoints_crossedLegs,208,,Sitting,,0.93,0.0,41.8017
SitFloor_lowKeypoints_crossedLegs,209,,Sitting,,0.932,0.0,48.5064
SitFloor_lowKeypoints_crossedLegs,210,,Sitting,,0.934,0.0,46.2139
SitFloor_lowKeypoints_crossedLegs,211,,Sitting,,0.935,0.0,40.8752
SitFloor_lowKeypoints_crossedLegs,212,,Sitting,,0.936,0.0,43.6437
SitFloor_lowKeypoints_crossedLegs,213,,Sitting,,0.936,0.0,49.776
SitFloor_lowKeypoints_crossedLegs,214,,Sitting,,0.934,0.0,41.7906
SitFloor_lowKeypoints_crossedLegs,215,,Sitting,,0.934,0.0,37.5852
SitFloor_lowKeypoints_crossedLegs,216,,Sitting,,0.933,0.0,49.6284
SitFloor_lowKeypoints_crossedLegs,217,,Sitting,,0.931,0.0,47.4769
SitFloor_lowKeypoints_crossedLegs,218,,Sitting,,0.93,0.0,49.8095
SitFloor_lowKeypoints_crossedLegs,219,,Sitting,,0.93,0.0,49.0019
SitFloor_lowKeypoints_crossedLegs,220,,Sitting,,0.928,0.0,51.135
SitFloor_lowKeypoints_crossedLegs,221,,Sitting,,0.929,0.0,44.8024
SitFloor_lowKeypoints_crossedLegs,222,,Sitting,,0.931,0.0,55.2392
SitFloor_lowKeypoints_crossedLegs,223,,Sitting,,0.932,0.0,49.8696
SitFloor_lowKeypoints_crossedLegs,224,,Sitting,,0.933,0.0,53.7322
SitFloor_lowKeypoints_crossedLegs,225,,Sitting,,0.935,0.0,58.6212
SitFloor_lowKeypoints_crossedLegs,226,,Sitting,,0.933,0.0,47.1499
SitFloor_lowKeypoints_crossedLegs,227,,Sitting,,0.934,0.0,35.3894
SitFloor_lowKeypoints_crossedLegs,228,,Sitting,,0.932,0.0,41.0075
SitFloor_lowKeypoints_crossedLegs,229,,Sitting,,0.93,0.0,53.9683
SitFloor_lowKeypoints_crossedLegs,230,,Sitting,,0.93,0.0,50.6908
SitFloor_lowKeypoints_crossedLegs,231,,Sitting,,0.932,0.0,46.7063
SitFloor_lowKeypoints_crossedLegs,232,,Sitting,,0.933,0.0,46.8704
SitFloor_lowKeypoints_crossedLegs,233,,Sitting,,0.936,0.0,51.7065
SitFloor_lowKeypoints_crossedLegs,234,,Sitting,,0.938,0.0,34.8649
SitFloor_lowKeypoints_crossedLegs,235,,Sitting,,0.938,0.0,50.1537
SitFloor_lowKeypoints_crossedLegs,236,,Sitting,,0.938,0.0,45.8727
SitFloor_lowKeypoints_crossedLegs,237,,Sitting,,0.936,0.0,39.0574
SitFloor_lowKeypoints_crossedLegs,238,,Sitting,,0.931,0.0,37.2942
SitFloor_lowKeypoints_crossedLegs,239,,Sitting,,0.926,0.0,35.3021
SitFloor_lowKeypoints_crossedLegs,240,,Sitting,,0.925,0.0,33.0471
SitFloor_lowKeypoints_crossedLegs,241,,Sitting,,0.92,0.0,40.488
SitFloor_lowKeypoints_crossedLegs,242,,Sitting,,0.916,0.0,51.5911
SitFloor_lowKeypoints_crossedLegs,243,,Sitting,,0.914,0.0,47.2742
SitFloor_lowKeypoints_crossedLegs,244,,Sitting,,0.912,0.0,30.0435
SitFloor_lowKeypoints_crossedLegs,245,,Sitting,,0.911,0.0,37.1349
SitFloor_lowKeypoints_crossedLegs,246,,Sitting,,0.911,0.0,36.4257
SitFloor_lowKeypoints_crossedLegs,247,,Sitting,,0.91,0.0,42.058
SitFloor_lowKeypoints_crossedLegs,248,,Sitting,,0.907,0.0,44.9768
SitFloor_lowKeypoints_crossedLegs,249,,Sitting,,0.908,0.0,33.8002
SitFloor_lowKeypoints_crossedLegs,250,,Sitting,,0.906,0.0,30.8879
SitFloor_lowKeypoints_crossedLegs,251,,Sitting,,0.903,0.0,39.7185
SitFloor_lowKeypoints_crossedLegs,252,,Sitting,,0.9,0.0,40.9645
SitFloor_lowKeypoints_crossedLegs,253,,Sitting,,0.896,0.0,30.9888
SitFloor_lowKeypoints_crossedLegs,254,,Sitting,,0.89,0.0,34.6183
SitFloor_lowKeypoints_crossedLegs,255,,Sitting,,0.884,0.0,35.8335
SitFloor_lowKeypoints_crossedLegs,256,,Sitting,,0.879,0.0,29.9039
SitFloor_lowKeypoints_crossedLegs,257,,Sitting,,0.88,0.0,31.3211
SitFloor_lowKeypoints_crossedLegs,258,,Sitting,,0.88,0.0,35.764
SitFloor_lowKeypoints_crossedLegs,259,,Sitting,,0.881,0.0,29.8567
SitFloor_lowKeypoints_crossedLegs,260,,Sitting,,0.884,0.0,31.6395
SitFloor_lowKeypoints_crossedLegs,261,,Sitting,,0.89,0.0,30.7806
SitFloor_lowKeypoints_crossedLegs,262,,Sitting,,0.891,0.0,29.1208
SitFloor_lowKeypoints_crossedLegs,263,,Sitting,,0.895,0.0,29.4567
SitFloor_lowKeypoints_crossedLegs,264,,Sitting,,0.896,0.0,29.6341
SitFloor_lowKeypoints_crossedLegs,265,,Sitting,,0.892,0.0,28.6412
SitFloor_lowKeypoints_crossedLegs,266,,Sitting,,0.877,0.0,33.4894
SitFloor_lowKeypoints_crossedLegs,267,,Sitting,,0.862,0.0,26.6591
SitFloor_lowKeypoints_crossedLegs,268,,Sitting,,0.845,0.0,25.8038
SitFloor_lowKeypoints_crossedLegs,269,,Sitting,,0.833,0.0,26.9413
SitFloor_lowKeypoints_crossedLegs,270,,Sitting,,0.821,0.0,32.2588
SitFloor_lowKeypoints_crossedLegs,271,,Sitting,,0.816,0.0,26.3375
SitFloor_lowKeypoints_crossedLegs,272,,Sitting,,0.803,0.0,35.0652
SitFloor_lowKeypoints_crossedLegs,273,,Sitting,,0.795,0.0,36.303
SitFloor_lowKeypoints_crossedLegs,274,,Sitting,,0.782,0.0,33.3146
SitFloor_lowKeypoints_crossedLegs,275,,Sitting,,0.775,0.0,30.8263
SitFloor_lowKeypoints_crossedLegs,276,,Sitting,,0.77,0.0,35.4616
SitFloor_lowKeypoints_crossedLegs,277,,Sitting,,0.772,0.0,30.2422
SitFloor_lowKeypoints_crossedLegs,278,,Sitting,,0.768,0.0,31.4639
SitFloor_lowKeypoints_crossedLegs,279,,Sitting,,0.759,0.0,39.8205
SitFloor_lowKeypoints_crossedLegs,280,,Sitting,,0.741,0.0,31.0225
SitFloor_lowKeypoints_crossedLegs,281,,Sitting,,0.717,0.0,39.6108
SitFloor_lowKeypoints_crossedLegs,282,,Sitting,,0.687,0.0,31.8303
SitFloor_lowKeypoints_crossedLegs,283,,Sitting,,0.661,0.0,28.8806
SitFloor_lowKeypoints_crossedLegs,284,,Sitting,,0.642,0.0,23.2072
SitFloor_lowKeypoints_crossedLegs,285,,Sitting,,0.617,0.0,25.3992
SitFloor_lowKeypoints_crossedLegs,286,,Sitting,,0.595,0.0,22.72
SitFloor_lowKeypoints_crossedLegs,287,,Sitting,,0.578,0.0,22.943
SitFloor_lowKeypoints_crossedLegs,288,,Sitting,,0.558,0.0,22.1175
SitFloor_lowKeypoints_crossedLegs,289,,Sitting,,0.533,0.0,26.1369
SitFloor_lowKeypoints_crossedLegs,290,,Sitting,,0.517,0.0,22.888
SitFloor_lowKeypoints_crossedLegs,291,,Sitting,,0.493,0.0,24.356
SitFloor_lowKeypoints_crossedLegs,292,,Sitting,,0.483,0.0,23.6624
SitFloor_lowKeypoints_crossedLegs,293,,Sitting,,0.47,0.0,24.3614
SitFloor_lowKeypoints_crossedLegs,294,,Standing,,0.526,0.0,24.9019
SitFloor_lowKeypoints_crossedLegs,295,,Standing,,0.541,0.0,22.9346
SitFloor_lowKeypoints_crossedLegs,296,,Standing,,0.541,0.0,23.2263
SitFloor_lowKeypoints_crossedLegs,297,,Standing,,0.56,0.0,23.0112
SitFloor_lowKeypoints_crossedLegs,298,,Standing,,0.556,0.0,26.9075
SitFloor_lowKeypoints_crossedLegs,299,,Standing,,0.534,0.0,22.5215
SitFloor_lowKeypoints_crossedLegs,300,,Standing,,0.526,0.0,26.0679
SitFloor_lowKeypoints_crossedLegs,301,,Standing,,0.537,0.0,22.9528
SitFloor_lowKeypoints_crossedLegs,302,,Standing,,0.555,0.0,22.149
SitFloor_lowKeypoints_crossedLegs,303,,Standing,,0.577,0.0,22.2256
SitFloor_lowKeypoints_crossedLegs,304,,Standing,,0.611,0.0,21.0225
SitFloor_lowKeypoints_crossedLegs,305,,Standing,,0.63,0.0,20.6347
SitFloor_lowKeypoints_crossedLegs,306,,Standing,,0.652,0.0,20.9226
SitFloor_lowKeypoints_crossedLegs,307,,Standing,,0.666,0.0,22.0101
SitFloor_lowKeypoints_crossedLegs,308,,Standing,,0.68,0.0,20.9111
SitFloor_lowKeypoints_crossedLegs,309,,Standing,,0.687,0.0,21.3816
SitFloor_lowKeypoints_crossedLegs,310,,Standing,,0.696,0.0,20.663
SitFloor_lowKeypoints_crossedLegs,311,,Standing,,0.696,0.0,21.3602
SitFloor_lowKeypoints_crossedLegs,312,,Standing,,0.701,0.0,21.9908
SitFloor_lowKeypoints_crossedLegs,313,,Standing,,0.7,0.0,20.7867
SitFloor_lowKeypoints_crossedLegs,314,,Standing,,0.694,0.0,21.158
SitFloor_lowKeypoints_crossedLegs,315,,Standing,,0.69,0.0,28.8628
SitFloor_lowKeypoints,31,Standing,Standing,True,0.893,0.0,21.3893
SitFloor_lowKeypoints,32,Standing,Standing,True,0.892,0.0,20.4109
SitFloor_lowKeypoints,33,Standing,Standing,True,0.896,0.0,20.8964
SitFloor_lowKeypoints,34,Standing,Standing,True,0.898,0.0,24.2244
SitFloor_lowKeypoints,35,Standing,Standing,True,0.9,0.0,21.466
SitFloor_lowKeypoints,36,Standing,Standing,True,0.903,0.0,21.878
SitFloor_lowKeypoints,37,Standing,Standing,True,0.908,0.0,22.7787
SitFloor_lowKeypoints,38,Standing,Standing,True,0.912,0.0,22.4424
SitFloor_lowKeypoints,39,Standing,Standing,True,0.917,0.0,21.7845
SitFloor_lowKeypoints,40,Standing,Standing,True,0.92,0.0,21.758
SitFloor_lowKeypoints,41,Standing,Standing,True,0.922,0.0,20.8348
SitFloor_lowKeypoints,42,Standing,Standing,True,0.922,0.0,24.0751
SitFloor_lowKeypoints,43,Standing,Standing,True,0.919,0.0,21.6186
SitFloor_lowKeypoints,44,Standing,Standing,True,0.917,0.0,21.6283
SitFloor_lowKeypoints,45,Standing,Standing,True,0.917,0.0,21.0274
SitFloor_lowKeypoints,46,Standing,Standing,True,0.919,0.0,20.8061
SitFloor_lowKeypoints,47,Standing,Standing,True,0.921,0.0,23.6687
SitFloor_lowKeypoints,48,Standing,Standing,True,0.924,0.0,20.1537
SitFloor_lowKeypoints,49,Standing,Standing,True,0.925,0.0,21.7387
SitFloor_lowKeypoints,50,Standing,Standing,True,0.926,0.0,21.327
SitFloor_lowKeypoints,51,Standing,Standing,True,0.925,0.0,22.2424
SitFloor_lowKeypoints,52,Standing,Standing,True,0.922,0.0,27.1618
SitFloor_lowKeypoints,53,Standing,Standing,True,0.92,0.0,21.6666
SitFloor_lowKeypoints,54,Standing,Standing,True,0.92,0.0,20.9649
SitFloor_lowKeypoints,55,Standing,Standing,True,0.918,0.0,21.7767
SitFloor_lowKeypoints,56,Standing,Standing,True,0.917,0.0,21.9981
SitFloor_lowKeypoints,57,Standing,Standing,True,0.919,0.0,21.7414
SitFloor_lowKeypoints,58,,Standing,,0.921,0.0,24.4427
SitFloor_lowKeypoints,59,,Standing,,0.923,0.0,21.8684
SitFloor_lowKeypoints,60,,Standing,,0.924,0.0,26.3533
SitFloor_lowKeypoints,61,,Standing,,0.924,0.0,25.1559
SitFloor_lowKeypoints,62,,Standing,,0.925,0.0,21.7806
SitFloor_lowKeypoints,63,,Standing,,0.925,0.0,20.2258
SitFloor_lowKeypoints,64,,Standing,,0.924,0.0,21.387
SitFloor_lowKeypoints,65,,Standing,,0.922,0.0,20.6268
SitFloor_lowKeypoints,66,,Standing,,0.921,0.0,21.8399
SitFloor_lowKeypoints,67,,Standing,,0.917,0.0,22.0694
SitFloor_lowKeypoints,68,,Standing,,0.914,0.0,23.1665
SitFloor_lowKeypoints,69,,Standing,,0.909,0.0,20.653
SitFloor_lowKeypoints,70,,Standing,,0.906,0.0,19.7251
SitFloor_lowKeypoints,71,,Standing,,0.904,0.0,19.9444
SitFloor_lowKeypoints,72,,Standing,,0.895,0.0,21.0624
SitFloor_lowKeypoints,73,,Standing,,0.887,0.0,20.0923
SitFloor_lowKeypoints,74,,Standing,,0.876,0.0,20.5906
SitFloor_lowKeypoints,75,,Standing,,0.864,0.0,20.0086
SitFloor_lowKeypoints,76,,Standing,,0.847,0.0,19.4612
SitFloor_lowKeypoints,77,,Standing,,0.828,0.0,20.174
SitFloor_lowKeypoints,78,,Standing,,0.798,0.0,20.1864
SitFloor_lowKeypoints,79,,Standing,,0.759,0.0,25.0521
SitFloor_lowKeypoints,80,,Standing,,0.696,0.0,27.5707
SitFloor_lowKeypoints,81,,Standing,,0.618,0.0,29.2686
SitFloor_lowKeypoints,82,,Standing,,0.579,0.0,27.8554
SitFloor_lowKeypoints,83,,Standing,,0.535,0.0,37.8593
SitFloor_lowKeypoints,84,,Sitting,,0.475,0.0,29.0964
SitFloor_lowKeypoints,85,,Sitting,,0.491,0.0,39.3536
SitFloor_lowKeypoints,86,,Sitting,,0.503,0.0,35.9212
SitFloor_lowKeypoints,87,,Sitting,,0.531,0.0,36.4068
SitFloor_lowKeypoints,88,,Sitting,,0.555,0.0,31.0284
SitFloor_lowKeypoints,89,,Sitting,,0.576,0.0,42.0462
SitFloor_lowKeypoints,90,,Sitting,,0.594,0.0,45.4402
SitFloor_lowKeypoints,91,,Sitting,,0.615,0.0,46.7679
SitFloor_lowKeypoints,92,,Sitting,,0.634,0.0,36.9227
SitFloor_lowKeypoints,93,,Sitting,,0.65,0.0,56.6214
SitFloor_lowKeypoints,94,,Sitting,,0.653,0.0,42.5429
SitFloor_lowKeypoints,95,,Sitting,,0.659,0.0,41.8031
SitFloor_lowKeypoints,96,,Sitting,,0.663,0.0,60.1176
SitFloor_lowKeypoints,97,,Sitting,,0.644,0.0,55.3572
SitFloor_lowKeypoints,98,,Sitting,,0.604,0.0,63.4355
SitFloor_lowKeypoints,99,,Sitting,,0.551,0.0,46.3655
SitFloor_lowKeypoints,100,,Sitting,,0.524,0.0,36.6997
SitFloor_lowKeypoints,101,,Sitting,,0.475,0.0,38.2325
SitFloor_lowKeypoints,102,,Lying,,0.407,0.0,38.114
SitFloor_lowKeypoints,103,,Lying,,0.409,0.0,52.4443
SitFloor_lowKeypoints,104,,Lying,,0.408,0.0,37.2509
SitFloor_lowKeypoints,105,,Lying,,0.413,0.0,39.8551
SitFloor_lowKeypoints,106,,Lying,,0.407,0.0,51.5434
SitFloor_lowKeypoints,107,,Lying,,0.4,0.0,42.8599
SitFloor_lowKeypoints,108,,Lying,,0.396,0.0,58.4267
SitFloor_lowKeypoints,109,,Lying,,0.393,0.0,45.5085
SitFloor_lowKeypoints,110,,Lying,,0.371,0.0,47.4214
SitFloor_lowKeypoints,111,,Lying,,0.366,0.0,59.217
SitFloor_lowKeypoints,112,,Lying,,0.36,0.0,48.1441
SitFloor_lowKeypoints,113,,Lying,,0.359,0.0,37.9637
SitFloor_lowKeypoints,114,,Lying,,0.351,0.0,118.0784
SitFloor_lowKeypoints,115,,Sitting,,0.392,0.0,50.729
SitFloor_lowKeypoints,116,,Sitting,,0.424,0.0,61.8974
SitFloor_lowKeypoints,117,Sitting,Sitting,True,0.457,0.0,45.8912
SitFloor_lowKeypoints,118,Sitting,Sitting,True,0.514,0.0,57.8269
SitFloor_lowKeypoints,119,Sitting,Sitting,True,0.569,0.0,63.2048
SitFloor_lowKeypoints,120,Sitting,Sitting,True,0.623,0.0,66.3324
SitFloor_lowKeypoints,121,Sitting,Sitting,True,0.654,0.0,63.1794
SitFloor_lowKeypoints,122,Sitting,Sitting,True,0.667,0.0,65.0704
SitFloor_lowKeypoints,123,Sitting,Sitting,True,0.67,0.0,55.9774
SitFloor_lowKeypoints,124,Sitting,Sitting,True,0.666,0.0,53.1251
SitFloor_lowKeypoints,125,Sitting,Sitting,True,0.659,0.0,54.5511
SitFloor_lowKeypoints,126,Sitting,Sitting,True,0.665,0.0,54.5792
SitFloor_lowKeypoints,127,Sitting,Sitting,True,0.689,0.0,53.2014
SitFloor_lowKeypoints,128,Sitting,Sitting,True,0.72,0.0,54.3439
SitFloor_lowKeypoints,129,Sitting,Sitting,True,0.758,0.0,46.6104
SitFloor_lowKeypoints,130,Sitting,Sitting,True,0.798,0.0,60.1984
SitFloor_lowKeypoints,131,Sitting,Sitting,True,0.83,0.0,62.1958
SitFloor_lowKeypoints,132,Sitting,Sitting,True,0.851,0.0,53.7466
SitFloor_lowKeypoints,133,Sitting,Sitting,True,0.868,0.0,55.5316
SitFloor_lowKeypoints,134,Sitting,Sitting,True,0.88,0.0,55.6654
SitFloor_lowKeypoints,135,Sitting,Sitting,True,0.889,0.0,53.119
SitFloor_lowKeypoints,136,Sitting,Sitting,True,0.9,0.0,49.2667
SitFloor_lowKeypoints,137,Sitting,Sitting,True,0.908,0.0,37.7642
SitFloor_lowKeypoints,138,Sitting,Sitting,True,0.912,0.0,33.6367
SitFloor_lowKeypoints,139,Sitting,Sitting,True,0.916,0.0,41.804
SitFloor_lowKeypoints,140,Sitting,Sitting,True,0.917,0.0,51.0325
SitFloor_lowKeypoints,141,Sitting,Sitting,True,0.915,0.0,46.138
SitFloor_lowKeypoints,142,Sitting,Sitting,True,0.915,0.0,50.3688
SitFloor_lowKeypoints,143,Sitting,Sitting,True,0.914,0.0,47.1539
SitFloor_lowKeypoints,144,Sitting,Sitting,True,0.914,0.0,34.0485
SitFloor_lowKeypoints,145,Sitting,Sitting,True,0.913,0.0,35.0229
SitFloor_lowKeypoints,146,Sitting,Sitting,True,0.914,0.0,37.7581
SitFloor_lowKeypoints,147,Sitting,Sitting,True,0.915,0.0,43.4758
SitFloor_lowKeypoints,148,Sitting,Sitting,True,0.916,0.0,47.2721
SitFloor_lowKeypoints,149,Sitting,Sitting,True,0.917,0.0,51.1407
SitFloor_lowKeypoints,150,Sitting,Sitting,True,0.918,0.0,46.0695
SitFloor_lowKeypoints,151,Sitting,Sitting,True,0.918,0.0,54.2992
SitFloor_lowKeypoints,152,Sitting,Sitting,True,0.917,0.0,51.5482
SitFloor_lowKeypoints,153,Sitting,Sitting,True,0.917,0.0,39.5719
SitFloor_lowKeypoints,154,Sitting,Sitting,True,0.915,0.0,39.7526
SitFloor_lowKeypoints,155,Sitting,Sitting,True,0.915,0.0,38.548
SitFloor_lowKeypoints,156,Sitting,Sitting,True,0.914,0.0,43.3513
SitFloor_lowKeypoints,157,Sitting,Sitting,True,0.913,0.0,46.0117
SitFloor_lowKeypoints,158,Sitting,Sitting,True,0.911,0.0,40.6809
SitFloor_lowKeypoints,159,Sitting,Sitting,True,0.911,0.0,39.1356
SitFloor_lowKeypoints,160,Sitting,Sitting,True,0.911,0.0,35.9473
SitFloor_lowKeypoints,161,Sitting,Sitting,True,0.912,0.0,44.1816
SitFloor_lowKeypoints,162,Sitting,Sitting,True,0.916,0.0,52.7832
SitFloor_lowKeypoints,163,Sitting,Sitting,True,0.918,0.0,58.4624
SitFloor_lowKeypoints,164,Sitting,Sitting,True,0.921,0.0,59.1627
SitFloor_lowKeypoints,165,Sitting,Sitting,True,0.924,0.0,37.0766
SitFloor_lowKeypoints,166,Sitting,Sitting,True,0.926,0.0,32.6319
SitFloor_lowKeypoints,167,Sitting,Sitting,True,0.927,0.0,33.7024
SitFloor_lowKeypoints,168,Sitting,Sitting,True,0.929,0.0,44.3072
SitFloor_lowKeypoints,169,Sitting,Sitting,True,0.928,0.0,48.4023
SitFloor_lowKeypoints,170,Sitting,Sitting,True,0.928,0.0,46.5201
SitFloor_lowKeypoints,171,Sitting,Sitting,True,0.928,0.0,37.8045
SitFloor_lowKeypoints,172,Sitting,Sitting,True,0.928,0.0,33.7925
SitFloor_lowKeypoints,173,Sitting,Sitting,True,0.928,0.0,47.3762
SitFloor_lowKeypoints,174,Sitting,Sitting,True,0.927,0.0,35.5475
SitFloor_lowKeypoints,175,Sitting,Sitting,True,0.927,0.0,38.1294
SitFloor_lowKeypoints,176,Sitting,Sitting,True,0.927,0.0,44.058
SitFloor_lowKeypoints,177,Sitting,Sitting,True,0.925,0.0,38.6099
SitFloor_lowKeypoints,178,Sitting,Sitting,True,0.925,0.0,33.4776
SitFloor_lowKeypoints,179,Sitting,Sitting,True,0.927,0.0,34.2233
SitFloor_lowKeypoints,180,Sitting,Sitting,True,0.927,0.0,45.8258
SitFloor_lowKeypoints,181,Sitting,Sitting,True,0.927,0.0,48.0151
SitFloor_lowKeypoints,182,Sitting,Sitting,True,0.928,0.0,49.732
SitFloor_lowKeypoints,183,Sitting,Sitting,True,0.93,0.0,43.2943
SitFloor_lowKeypoints,184,Sitting,Sitting,True,0.929,0.0,45.3103
SitFloor_lowKeypoints,185,Sitting,Sitting,True,0.931,0.0,41.2224
SitFloor_lowKeypoints,186,Sitting,Sitting,True,0.931,0.0,47.9752
SitFloor_lowKeypoints,187,Sitting,Sitting,True,0.933,0.0,40.9277
SitFloor_lowKeypoints,188,Sitting,Sitting,True,0.933,0.0,32.5043
SitFloor_lowKeypoints,189,Sitting,Sitting,True,0.935,0.0,33.4284
SitFloor_lowKeypoints,190,Sitting,Sitting,True,0.934,0.0,40.3794
SitFloor_lowKeypoints,191,Sitting,Sitting,True,0.936,0.0,37.7278
SitFloor_lowKeypoints,192,Sitting,Sitting,True,0.936,0.0,39.7173
SitFloor_lowKeypoints,193,Sitting,Sitting,True,0.938,0.0,35.1319
SitFloor_lowKeypoints,194,Sitting,Sitting,True,0.939,0.0,42.468
SitFloor_lowKeypoints,195,Sitting,Sitting,True,0.941,0.0,49.7278
SitFloor_lowKeypoints,196,Sitting,Sitting,True,0.941,0.0,38.3656
SitFloor_lowKeypoints,197,Sitting,Sitting,True,0.943,0.0,43.0021
SitFloor_lowKeypoints,198,Sitting,Sitting,True,0.942,0.0,56.8931
SitFloor_lowKeypoints,199,Sitting,Sitting,True,0.942,0.0,48.6719
SitFloor_lowKeypoints,200,Sitting,Sitting,True,0.942,0.0,48.0933
SitFloor_lowKeypoints,201,Sitting,Sitting,True,0.941,0.0,38.8645
SitFloor_lowKeypoints,202,Sitting,Sitting,True,0.94,0.0,57.2372
SitFloor_lowKeypoints,203,Sitting,Sitting,True,0.94,0.0,62.34
SitFloor_lowKeypoints,204,,Sitting,,0.938,0.0,52.0686
SitFloor_lowKeypoints,205,,Sitting,,0.937,0.0,54.7647
SitFloor_lowKeypoints,206,,Sitting,,0.938,0.0,67.2234
SitFloor_lowKeypoints,207,,Sitting,,0.939,0.0,59.5414
SitFloor_lowKeypoints,208,,Sitting,,0.94,0.0,55.6086
SitFloor_lowKeypoints,209,,Sitting,,0.941,0.0,54.692
SitFloor_lowKeypoints,210,,Sitting,,0.941,0.0,48.7507
SitFloor_lowKeypoints,211,,Sitting,,0.942,0.0,58.4507
SitFloor_lowKeypoints,212,,Sitting,,0.942,0.0,60.9431
SitFloor_lowKeypoints,213,,Sitting,,0.941,0.0,57.2174
SitFloor_lowKeypoints,214,,Sitting,,0.941,0.0,59.19
SitFloor_lowKeypoints,215,,Sitting,,0.939,0.0,60.5366
SitFloor_lowKeypoints,216,,Sitting,,0.94,0.0,55.9198
SitFloor_lowKeypoints,217,,Sitting,,0.938,0.0,59.0126
SitFloor_lowKeypoints,218,,Sitting,,0.938,0.0,60.888
SitFloor_lowKeypoints,219,,Sitting,,0.938,0.0,59.7458
SitFloor_lowKeypoints,220,,Sitting,,0.939,0.0,57.2617
SitFloor_lowKeypoints,221,,Sitting,,0.938,0.0,53.7217
SitFloor_lowKeypoints,222,,Sitting,,0.939,0.0,53.5442
SitFloor_lowKeypoints,223,,Sitting,,0.94,0.0,46.6386
SitFloor_lowKeypoints,224,,Sitting,,0.939,0.0,44.5079
SitFloor_lowKeypoints,225,,Sitting,,0.94,0.0,41.9667
SitFloor_lowKeypoints,226,,Sitting,,0.939,0.0,50.3475
SitFloor_lowKeypoints,227,,Sitting,,0.938,0.0,50.84
SitFloor_lowKeypoints,228,,Sitting,,0.937,0.0,44.646
SitFloor_lowKeypoints,229,,Sitting,,0.937,0.0,41.4297
SitFloor_lowKeypoints,230,,Sitting,,0.936,0.0,42.0054
SitFloor_lowKeypoints,231,,Sitting,,0.934,0.0,30.5285
SitFloor_lowKeypoints,232,,Sitting,,0.932,0.0,35.7362
SitFloor_lowKeypoints,233,,Sitting,,0.928,0.0,28.8023
SitFloor_lowKeypoints,234,,Sitting,,0.924,0.0,40.6868
SitFloor_lowKeypoints,235,,Sitting,,0.922,0.0,37.6268
SitFloor_lowKeypoints,236,,Sitting,,0.922,0.0,39.1346
SitFloor_lowKeypoints,237,,Sitting,,0.919,0.0,39.7887
SitFloor_lowKeypoints,238,,Sitting,,0.915,0.0,42.5348
SitFloor_lowKeypoints,239,,Sitting,,0.914,0.0,44.912
SitFloor_lowKeypoints,240,,Sitting,,0.911,0.0,35.6391
SitFloor_lowKeypoints,241,,Sitting,,0.91,0.0,27.4984
SitFloor_lowKeypoints,242,,Sitting,,0.913,0.0,28.6685
SitFloor_lowKeypoints,243,,Sitting,,0.917,0.0,29.7845
SitFloor_lowKeypoints,244,,Sitting,,0.917,0.0,35.9151
SitFloor_lowKeypoints,245,,Sitting,,0.921,0.0,31.3503
SitFloor_lowKeypoints,246,,Sitting,,0.921,0.0,37.0857
SitFloor_lowKeypoints,247,,Sitting,,0.919,0.0,34.1525
SitFloor_lowKeypoints,248,,Sitting,,0.918,0.0,36.0915
SitFloor_lowKeypoints,249,,Sitting,,0.918,0.0,43.5462
SitFloor_lowKeypoints,250,,Sitting,,0.912,0.0,40.013
SitFloor_lowKeypoints,251,,Sitting,,0.905,0.0,44.4761
SitFloor_lowKeypoints,252,,Sitting,,0.902,0.0,42.7533
SitFloor_lowKeypoints,253,,Sitting,,0.893,0.0,33.3535
SitFloor_lowKeypoints,254,,Sitting,,0.879,0.0,52.2336
SitFloor_lowKeypoints,255,,Sitting,,0.868,0.0,52.6457
SitFloor_lowKeypoints,256,,Sitting,,0.856,0.0,35.3787
SitFloor_lowKeypoints,257,,Sitting,,0.844,0.0,36.3589
SitFloor_lowKeypoints,258,,Sitting,,0.837,0.0,30.3857
SitFloor_lowKeypoints,259,,Sitting,,0.836,0.0,31.2693
SitFloor_lowKeypoints,260,,Sitting,,0.833,0.0,37.8338
SitFloor_lowKeypoints,261,,Sitting,,0.831,0.0,35.2698
SitFloor_lowKeypoints,262,,Sitting,,0.825,0.0,37.7907
SitFloor_lowKeypoints,263,,Sitting,,0.819,0.0,31.0234
SitFloor_lowKeypoints,264,,Sitting,,0.812,0.0,33.4748
SitFloor_lowKeypoints,265,,Sitting,,0.809,0.0,31.6183
SitFloor_lowKeypoints,266,,Sitting,,0.805,0.0,30.6978
SitFloor_lowKeypoints,267,,Sitting,,0.804,0.0,30.4559
SitFloor_lowKeypoints,268,,Sitting,,0.8,0.0,28.1272
SitFloor_lowKeypoints,269,,Sitting,,0.788,0.0,27.8357
SitFloor_lowKeypoints,270,,Sitting,,0.775,0.0,27.0493
SitFloor_lowKeypoints,271,,Sitting,,0.761,0.0,26.6886
SitFloor_lowKeypoints,272,,Sitting,,0.746,0.0,26.3404
SitFloor_lowKeypoints,273,,Sitting,,0.737,0.0,26.3703
SitFloor_lowKeypoints,274,,Sitting,,0.728,0.0,34.4654
SitFloor_lowKeypoints,275,,Sitting,,0.707,0.0,30.3375
SitFloor_lowKeypoints,276,,Sitting,,0.691,0.0,27.2323
SitFloor_lowKeypoints,277,,Sitting,,0.674,0.0,27.1892
SitFloor_lowKeypoints,278,,Sitting,,0.655,0.0,26.3746
SitFloor_lowKeypoints,279,,Sitting,,0.628,0.0,25.911
SitFloor_lowKeypoints,280,,Sitting,,0.619,0.0,27.2534
SitFloor_lowKeypoints,281,,Sitting,,0.605,0.0,26.6395
SitFloor_lowKeypoints,282,,Sitting,,0.578,0.0,31.7709
SitFloor_lowKeypoints,283,,Sitting,,0.546,0.0,25.7827
SitFloor_lowKeypoints,284,,Sitting,,0.528,0.0,25.1402
SitFloor_lowKeypoints,285,,Sitting,,0.499,0.0,26.4839
SitFloor_lowKeypoints,286,,Sitting,,0.479,0.0,26.2782
SitFloor_lowKeypoints,287,,Sitting,,0.468,0.0,27.1569
SitFloor_lowKeypoints,288,,Standing,,0.507,0.0,25.9726
SitFloor_lowKeypoints,289,,Standing,,0.519,0.0,25.7136
SitFloor_lowKeypoints,290,,Standing,,0.531,0.0,27.2024
SitFloor_lowKeypoints,291,,Standing,,0.565,0.0,28.4611
SitFloor_lowKeypoints,292,,Standing,,0.605,0.0,25.7078
SitFloor_lowKeypoints,293,,Standing,,0.642,0.0,25.2673
SitFloor_lowKeypoints,294,,Standing,,0.68,0.0,26.1734
SitFloor_lowKeypoints,295,,Standing,,0.714,0.0,34.143
SitFloor_lowKeypoints,296,,Standing,,0.735,0.0,37.7689
SitFloor_lowKeypoints,297,,Standing,,0.743,0.0,28.6603
SitFloor_lowKeypoints,298,,Standing,,0.744,0.0,31.3127
SitFloor_lowKeypoints,299,,Standing,,0.742,0.0,35.9641
SitFloor_lowKeypoints,300,,Standing,,0.734,0.0,40.3609
SitFloor_lowKeypoints,301,,Standing,,0.716,0.0,30.786
SitFloor_lowKeypoints,302,,Standing,,0.695,0.0,30.8159
SitFloor_lowKeypoints,303,,Standing,,0.673,0.0,27.6378
SitFloor_lowKeypoints,304,,Standing,,0.656,0.0,27.9828
SitFloor_lowKeypoints,305,,Standing,,0.643,0.0,28.588
SitFloor_lowKeypoints,306,,Standing,,0.644,0.0,27.1126
Sitting_HalfLandmarks,31,,Standing,,0.525,0.0,27.2955
Sitting_HalfLandmarks,32,,Standing,,0.539,0.0,28.1443
Sitting_HalfLandmarks,33,,Standing,,0.557,0.0,26.469
Sitting_HalfLandmarks,34,,Standing,,0.575,0.0,38.1649
Sitting_HalfLandmarks,35,,Standing,,0.604,0.0,27.1497
Sitting_HalfLandmarks,36,,Standing,,0.684,0.0,27.8614
Sitting_HalfLandmarks,37,,Standing,,0.759,0.0,25.3149
Sitting_HalfLandmarks,38,,Standing,,0.829,0.0,25.8529
Sitting_HalfLandmarks,39,,Standing,,0.891,0.0,26.8398
Sitting_HalfLandmarks,40,,Standing,,0.933,0.0,30.5036
Sitting_HalfLandmarks,41,,Standing,,0.936,0.0,28.3035
Sitting_HalfLandmarks,42,,Standing,,0.941,0.0,31.0254
Sitting_HalfLandmarks,43,,Standing,,0.943,0.0,28.7271
Sitting_HalfLandmarks,44,,Standing,,0.943,0.0,26.7701
Sitting_HalfLandmarks,45,,Standing,,0.941,0.0,27.5691
Sitting_HalfLandmarks,46,,Standing,,0.933,0.0,26.6061
Sitting_HalfLandmarks,47,,Standing,,0.916,0.0,29.6055
Sitting_HalfLandmarks,48,,Standing,,0.898,0.0,24.086
Sitting_HalfLandmarks,49,,Standing,,0.884,0.0,26.3473
Sitting_HalfLandmarks,50,,Standing,,0.854,0.0,24.3844
Sitting_HalfLandmarks,51,,Standing,,0.825,0.0,26.9534
Sitting_HalfLandmarks,52,,Standing,,0.795,0.0,25.7229
Sitting_HalfLandmarks,53,,Standing,,0.765,0.0,31.172
Sitting_HalfLandmarks,54,,Standing,,0.733,0.0,31.4725
Sitting_HalfLandmarks,55,,Standing,,0.719,0.0,27.2992
Sitting_HalfLandmarks,56,,Standing,,0.715,0.0,26.1629
Sitting_HalfLandmarks,57,,Standing,,0.714,0.0,24.7854
Sitting_HalfLandmarks,58,,Standing,,0.717,0.0,28.3141
Sitting_HalfLandmarks,59,,Standing,,0.724,0.0,26.5485
Sitting_HalfLandmarks,60,,Standing,,0.732,0.0,28.8983
Sitting_HalfLandmarks,61,,Standing,,0.744,0.0,25.5745
Sitting_HalfLandmarks,62,,Standing,,0.753,0.0,28.514
Sitting_HalfLandmarks,63,,Standing,,0.757,0.0,29.2217
Sitting_HalfLandmarks,64,,Standing,,0.758,0.0,24.1658
Sitting_HalfLandmarks,65,,Standing,,0.754,0.0,27.2911
Sitting_HalfLandmarks,66,,Standing,,0.737,0.0,32.4885
Sitting_HalfLandmarks,67,,Standing,,0.719,0.0,33.9819
Sitting_HalfLandmarks,68,,Standing,,0.7,0.0,34.584
Sitting_HalfLandmarks,69,,Standing,,0.679,0.0,35.1915
Sitting_HalfLandmarks,70,,Standing,,0.661,0.0,36.9146
Sitting_HalfLandmarks,71,,Standing,,0.648,0.0,27.9576
Sitting_HalfLandmarks,72,,Standing,,0.634,0.0,33.6227
Sitting_HalfLandmarks,73,,Standing,,0.619,0.0,27.423
Sitting_HalfLandmarks,74,,Standing,,0.605,0.0,28.9629
Sitting_HalfLandmarks,75,,Standing,,0.587,0.0,28.4301
Sitting_HalfLandmarks,76,,Standing,,0.569,0.0,31.0644
Sitting_HalfLandmarks,77,,Standing,,0.549,0.0,30.8725
Sitting_HalfLandmarks,78,,Standing,,0.53,0.0,27.5549
Sitting_HalfLandmarks,79,,Standing,,0.506,0.0,27.3725
Sitting_HalfLandmarks,80,,Standing,,0.483,0.0,25.444
Sitting_HalfLandmarks,81,,Standing,,0.457,0.0,26.182
Sitting_HalfLandmarks,82,,Standing,,0.437,0.0,25.8966
Sitting_HalfLandmarks,83,,Standing,,0.424,0.0,26.5091
Sitting_HalfLandmarks,84,,Standing,,0.41,0.0,26.2305
Sitting_HalfLandmarks,85,,Standing,,0.4,0.0,27.0445
Sitting_HalfLandmarks,86,,Standing,,0.397,0.0,25.2771
Sitting_HalfLandmarks,87,Sitting,Standing,False,0.393,0.0,24.7352
Sitting_HalfLandmarks,88,Sitting,Lying,False,0.344,0.0,25.71
Sitting_HalfLandmarks,89,Sitting,Lying,False,0.344,0.0,26.8887
Sitting_HalfLandmarks,90,Sitting,Lying,False,0.344,0.0,28.2307
Sitting_HalfLandmarks,91,Sitting,Lying,False,0.352,0.0,24.3567
Sitting_HalfLandmarks,92,Sitting,Lying,False,0.36,0.0,24.0407
Sitting_HalfLandmarks,93,Sitting,Lying,False,0.372,0.0,26.4535
Sitting_HalfLandmarks,94,Sitting,Lying,False,0.369,0.0,24.3759
Sitting_HalfLandmarks,95,Sitting,Lying,False,0.371,0.0,26.7791
Sitting_HalfLandmarks,96,Sitting,Lying,False,0.372,0.0,26.4178
Sitting_HalfLandmarks,97,Sitting,Lying,False,0.366,0.0,29.735
Sitting_HalfLandmarks,98,Sitting,Lying,False,0.363,0.0,31.778
Sitting_HalfLandmarks,99,Sitting,Lying,False,0.359,0.0,24.7754
Sitting_HalfLandmarks,100,Sitting,Lying,False,0.348,0.0,28.6793
Sitting_HalfLandmarks,101,Sitting,Lying,False,0.349,0.0,27.1359
Sitting_HalfLandmarks,102,Sitting,Lying,False,0.355,0.0,37.7206
Sitting_HalfLandmarks,103,Sitting,Lying,False,0.354,0.0,55.6035
Sitting_HalfLandmarks,104,Sitting,Lying,False,0.361,0.0,43.3379
Sitting_HalfLandmarks,105,Sitting,Lying,False,0.372,0.0,34.3166
Sitting_HalfLandmarks,106,Sitting,Standing,False,0.377,0.0,30.1441
Sitting_HalfLandmarks,107,Sitting,Standing,False,0.39,0.0,25.971
Sitting_HalfLandmarks,108,Sitting,Standing,False,0.417,0.0,24.132
Sitting_HalfLandmarks,109,Sitting,Standing,False,0.435,0.0,28.3052
Sitting_HalfLandmarks,110,Sitting,Standing,False,0.47,0.0,25.0282
Sitting_HalfLandmarks,111,Sitting,Standing,False,0.502,0.0,24.1691
Sitting_HalfLandmarks,112,Sitting,Standing,False,0.533,0.0,23.0173
Sitting_HalfLandmarks,113,Sitting,Standing,False,0.558,0.0,23.2597
Sitting_HalfLandmarks,114,Sitting,Standing,False,0.573,0.0,23.7633
Sitting_HalfLandmarks,115,Sitting,Standing,False,0.581,0.0,24.0309
Sitting_HalfLandmarks,116,Sitting,Standing,False,0.578,0.0,32.3708
Sitting_HalfLandmarks,117,Sitting,Standing,False,0.569,0.0,24.0099
Sitting_HalfLandmarks,118,Sitting,Standing,False,0.566,0.0,25.7989
Sitting_HalfLandmarks,119,Sitting,Standing,False,0.56,0.0,23.5913
Sitting_HalfLandmarks,120,Sitting,Standing,False,0.555,0.0,24.3354
Sitting_HalfLandmarks,121,Sitting,Standing,False,0.559,0.0,22.5423
Sitting_HalfLandmarks,122,Sitting,Standing,False,0.566,0.0,22.8353
Sitting_HalfLandmarks,123,Sitting,Standing,False,0.572,0.0,24.1396
Sitting_HalfLandmarks,124,Sitting,Standing,False,0.583,0.0,24.4597
Sitting_HalfLandmarks,125,Sitting,Standing,False,0.59,0.0,24.2565
Sitting_HalfLandmarks,126,Sitting,Standing,False,0.595,0.0,23.5721
Sitting_HalfLandmarks,127,Sitting,Standing,False,0.602,0.0,23.0197
Sitting_HalfLandmarks,128,Sitting,Standing,False,0.606,0.0,23.1452
Sitting_HalfLandmarks,129,Sitting,Standing,False,0.609,0.0,23.6967
Sitting_HalfLandmarks,130,Sitting,Standing,False,0.615,0.0,21.9568
Sitting_HalfLandmarks,131,Sitting,Standing,False,0.625,0.0,23.2302
Sitting_HalfLandmarks,132,Sitting,Standing,False,0.634,0.0,24.1558
Sitting_HalfLandmarks,133,Sitting,Standing,False,0.652,0.0,24.8645
Sitting_HalfLandmarks,134,Sitting,Standing,False,0.671,0.0,23.5053
Sitting_HalfLandmarks,135,Sitting,Standing,False,0.685,0.0,23.9517
Sitting_HalfLandmarks,136,Sitting,Standing,False,0.699,0.0,29.3137
Sitting_HalfLandmarks,137,Sitting,Standing,False,0.712,0.0,23.217
Sitting_HalfLandmarks,138,Sitting,Standing,False,0.707,0.0,22.8974
Sitting_HalfLandmarks,139,Sitting,Standing,False,0.7,0.0,23.4971
Sitting_HalfLandmarks,140,Sitting,Standing,False,0.695,0.0,22.5586
Sitting_HalfLandmarks,141,Sitting,Standing,False,0.684,0.0,24.4787
Sitting_HalfLandmarks,142,Sitting,Standing,False,0.676,0.0,24.3542
Sitting_HalfLandmarks,143,Sitting,Standing,False,0.676,0.0,25.7007
Sitting_HalfLandmarks,144,Sitting,Standing,False,0.672,0.0,26.2942
Sitting_HalfLandmarks,145,Sitting,Standing,False,0.674,0.0,33.6152
Sitting_HalfLandmarks,146,Sitting,Standing,False,0.678,0.0,24.4596
Sitting_HalfLandmarks,147,Sitting,Standing,False,0.683,0.0,23.6998
Sitting_HalfLandmarks,148,Sitting,Standing,False,0.685,0.0,25.1583
Sitting_HalfLandmarks,149,Sitting,Standing,False,0.688,0.0,26.5831
Sitting_HalfLandmarks,150,Sitting,Standing,False,0.69,0.0,26.1704
Sitting_HalfLandmarks,151,Sitting,Standing,False,0.688,0.0,27.42
Sitting_HalfLandmarks,152,Sitting,Standing,False,0.686,0.0,28.9904
Sitting_HalfLandmarks,153,Sitting,Standing,False,0.69,0.0,26.9266
Sitting_HalfLandmarks,154,Sitting,Standing,False,0.693,0.0,27.8894
Sitting_HalfLandmarks,155,Sitting,Standing,False,0.692,0.0,25.3092
Sitting_HalfLandmarks,156,Sitting,Standing,False,0.697,0.0,24.4681
Sitting_HalfLandmarks,157,Sitting,Standing,False,0.699,0.0,28.2184
Sitting_HalfLandmarks,158,Sitting,Standing,False,0.699,0.0,23.9252
Sitting_HalfLandmarks,159,Sitting,Standing,False,0.703,0.0,25.1113
Sitting_HalfLandmarks,160,Sitting,Standing,False,0.707,0.0,25.5185
Sitting_HalfLandmarks,161,Sitting,Standing,False,0.707,0.0,23.6587
Sitting_HalfLandmarks,162,Sitting,Standing,False,0.706,0.0,23.1432
Sitting_HalfLandmarks,163,Sitting,Standing,False,0.703,0.0,24.1842
Sitting_HalfLandmarks,164,Sitting,Standing,False,0.695,0.0,24.3647
Sitting_HalfLandmarks,165,Sitting,Standing,False,0.692,0.0,22.946
Sitting_HalfLandmarks,166,Sitting,Standing,False,0.689,0.0,26.3667
Sitting_HalfLandmarks,167,Sitting,Standing,False,0.688,0.0,23.5551
Sitting_HalfLandmarks,168,Sitting,Standing,False,0.683,0.0,24.6837
Sitting_HalfLandmarks,169,Sitting,Standing,False,0.682,0.0,22.6289
Sitting_HalfLandmarks,170,Sitting,Standing,False,0.677,0.0,23.351
Sitting_HalfLandmarks,171,Sitting,Standing,False,0.672,0.0,22.5469
Sitting_HalfLandmarks,172,Sitting,Standing,False,0.66,0.0,24.4935
Sitting_HalfLandmarks,173,Sitting,Standing,False,0.657,0.0,22.8117
Sitting_HalfLandmarks,174,Sitting,Standing,False,0.65,0.0,22.7924
Sitting_HalfLandmarks,175,,Standing,,0.645,0.0,23.7071
Sitting_HalfLandmarks,176,,Standing,,0.641,0.0,23.5099
Sitting_HalfLandmarks,177,,Standing,,0.644,0.0,23.7096
Sitting_HalfLandmarks,178,,Standing,,0.644,0.0,23.9972
Sitting_HalfLandmarks,179,,Standing,,0.648,0.0,21.815
Sitting_HalfLandmarks,180,,Standing,,0.652,0.0,22.226
Sitting_HalfLandmarks,181,,Standing,,0.655,0.0,21.8616
Sitting_HalfLandmarks,182,,Standing,,0.657,0.0,22.7827
Sitting_HalfLandmarks,183,,Standing,,0.657,0.0,22.182
Sitting_HalfLandmarks,184,,Standing,,0.655,0.0,21.7395
Sitting_HalfLandmarks,185,,Standing,,0.654,0.0,21.8982
Sitting_HalfLandmarks,186,,Standing,,0.657,0.0,33.9282
Sitting_HalfLandmarks,187,,Standing,,0.66,0.0,26.7427
Sitting_HalfLandmarks,188,,Standing,,0.661,0.0,25.4867
Sitting_HalfLandmarks,189,,Standing,,0.663,0.0,23.4301
Sitting_HalfLandmarks,190,,Standing,,0.664,0.0,23.4579
Sitting_HalfLandmarks,191,,Standing,,0.662,0.0,22.1458
Sitting_HalfLandmarks,192,,Standing,,0.658,0.0,22.5344
Sitting_HalfLandmarks,193,,Standing,,0.656,0.0,28.4249
Sitting_HalfLandmarks,194,,Standing,,0.656,0.0,28.932
Sitting_HalfLandmarks,195,,Standing,,0.656,0.0,23.6599
Sitting_HalfLandmarks,196,,Standing,,0.656,0.0,25.5899
Sitting_HalfLandmarks,197,,Standing,,0.658,0.0,28.1641
Sitting_HalfLandmarks,198,,Standing,,0.661,0.0,24.8445
Sitting_HalfLandmarks,199,,Standing,,0.662,0.0,23.3859
Sitting_HalfLandmarks,200,,Standing,,0.662,0.0,24.5591
Sitting_HalfLandmarks,201,,Standing,,0.66,0.0,24.5245
Sitting_HalfLandmarks,202,,Standing,,0.663,0.0,24.3309
Sitting_HalfLandmarks,203,,Standing,,0.66,0.0,25.0634
Sitting_HalfLandmarks,204,,Standing,,0.661,0.0,23.9373
Sitting_HalfLandmarks,205,,Standing,,0.667,0.0,30.6297
Sitting_HalfLandmarks,206,,Standing,,0.678,0.0,24.1506
Sitting_HalfLandmarks,207,,Standing,,0.686,0.0,26.5151
Sitting_HalfLandmarks,208,,Standing,,0.694,0.0,25.6644
Sitting_HalfLandmarks,209,,Standing,,0.694,0.0,31.8319
Sitting_HalfLandmarks,210,,Standing,,0.691,0.0,27.4447
Sitting_HalfLandmarks,211,,Standing,,0.677,0.0,27.9119
Sitting_HalfLandmarks,212,,Standing,,0.668,0.0,27.5573
Sitting_HalfLandmarks,213,,Standing,,0.665,0.0,28.5379
Sitting_HalfLandmarks,214,,Standing,,0.664,0.0,27.1075
Sitting_HalfLandmarks,215,,Standing,,0.663,0.0,26.3755
Sitting_HalfLandmarks,216,,Standing,,0.669,0.0,26.6001
Sitting_HalfLandmarks,217,,Standing,,0.671,0.0,26.8517
Sitting_HalfLandmarks,218,,Standing,,0.679,0.0,28.6451
Sitting_HalfLandmarks,219,,Standing,,0.693,0.0,30.9498
Sitting_HalfLandmarks,220,,Standing,,0.718,0.0,28.065
Sitting_HalfLandmarks,221,,Standing,,0.741,0.0,31.5423
Sitting_HalfLandmarks,222,,Standing,,0.763,0.0,26.4011
Sitting_HalfLandmarks,223,,Standing,,0.784,0.0,27.8215
Sitting_HalfLandmarks,224,,Standing,,0.803,0.0,29.003
Sitting_Lying_FewLandmarks_back,31,,Sitting,,0.885,0.0,24.4796
Sitting_Lying_FewLandmarks_back,32,,Sitting,,0.884,0.0,26.3715
Sitting_Lying_FewLandmarks_back,33,,Sitting,,0.886,0.0,27.04
Sitting_Lying_FewLandmarks_back,34,,Sitting,,0.886,0.0,24.3615
Sitting_Lying_FewLandmarks_back,35,,Sitting,,0.887,0.0,23.669
Sitting_Lying_FewLandmarks_back,36,,Sitting,,0.887,0.0,24.4477
Sitting_Lying_FewLandmarks_back,37,,Sitting,,0.887,0.0,23.5566
Sitting_Lying_FewLandmarks_back,38,,Sitting,,0.887,0.0,23.7653
Sitting_Lying_FewLandmarks_back,39,,Sitting,,0.886,0.0,32.2326
Sitting_Lying_FewLandmarks_back,40,,Sitting,,0.887,0.0,34.7303
Sitting_Lying_FewLandmarks_back,41,,Sitting,,0.886,0.0,24.9027
Sitting_Lying_FewLandmarks_back,42,,Sitting,,0.887,0.0,27.924
Sitting_Lying_FewLandmarks_back,43,,Sitting,,0.885,0.0,31.9034
Sitting_Lying_FewLandmarks_back,44,,Sitting,,0.884,0.0,35.2627
Sitting_Lying_FewLandmarks_back,45,,Sitting,,0.885,0.0,26.4457
Sitting_Lying_FewLandmarks_back,46,,Sitting,,0.886,0.0,29.9543
Sitting_Lying_FewLandmarks_back,47,Sitting,Sitting,True,0.886,0.0,25.1614
Sitting_Lying_FewLandmarks_back,48,Sitting,Sitting,True,0.89,0.0,22.4378
Sitting_Lying_FewLandmarks_back,49,Sitting,Sitting,True,0.894,0.0,24.058
Sitting_Lying_FewLandmarks_back,50,Sitting,Sitting,True,0.896,0.0,23.5923
Sitting_Lying_FewLandmarks_back,51,Sitting,Sitting,True,0.898,0.0,23.4976
Sitting_Lying_FewLandmarks_back,52,Sitting,Sitting,True,0.9,0.0,28.2464
Sitting_Lying_FewLandmarks_back,53,Sitting,Sitting,True,0.902,0.0,32.1773
Sitting_Lying_FewLandmarks_back,54,Sitting,Sitting,True,0.903,0.0,34.8441
Sitting_Lying_FewLandmarks_back,55,Sitting,Sitting,True,0.904,0.0,30.5122
Sitting_Lying_FewLandmarks_back,56,Sitting,Sitting,True,0.906,0.0,34.6524
Sitting_Lying_FewLandmarks_back,57,Sitting,Sitting,True,0.911,0.0,27.1616
Sitting_Lying_FewLandmarks_back,58,Sitting,Sitting,True,0.915,0.0,23.8017
Sitting_Lying_FewLandmarks_back,59,Sitting,Sitting,True,0.919,0.0,32.3356
Sitting_Lying_FewLandmarks_back,60,Sitting,Sitting,True,0.924,0.0,31.8075
Sitting_Lying_FewLandmarks_back,61,Sitting,Sitting,True,0.928,0.0,22.9605
Sitting_Lying_FewLandmarks_back,62,Sitting,Sitting,True,0.93,0.0,23.2417
Sitting_Lying_FewLandmarks_back,63,Sitting,Sitting,True,0.931,0.0,23.5618
Sitting_Lying_FewLandmarks_back,64,Sitting,Sitting,True,0.933,0.0,24.104
Sitting_Lying_FewLandmarks_back,65,Sitting,Sitting,True,0.934,0.0,22.9901
Sitting_Lying_FewLandmarks_back,66,Sitting,Sitting,True,0.933,0.0,23.3104
Sitting_Lying_FewLandmarks_back,67,Sitting,Sitting,True,0.929,0.0,23.9989
Sitting_Lying_FewLandmarks_back,68,Sitting,Sitting,True,0.924,0.0,24.9158
Sitting_Lying_FewLandmarks_back,69,Sitting,Sitting,True,0.917,0.0,22.5938
Sitting_Lying_FewLandmarks_back,70,Sitting,Sitting,True,0.911,0.0,26.3576
Sitting_Lying_FewLandmarks_back,71,Sitting,Sitting,True,0.905,0.0,22.2392
Sitting_Lying_FewLandmarks_back,72,Sitting,Sitting,True,0.903,0.0,23.0611
Sitting_Lying_FewLandmarks_back,73,Sitting,Sitting,True,0.905,0.0,21.7714
Sitting_Lying_FewLandmarks_back,74,Sitting,Sitting,True,0.904,0.0,21.6407
Sitting_Lying_FewLandmarks_back,75,Sitting,Sitting,True,0.904,0.0,23.0626
Sitting_Lying_FewLandmarks_back,76,Sitting,Sitting,True,0.906,0.0,22.2116
Sitting_Lying_FewLandmarks_back,77,Sitting,Sitting,True,0.905,0.0,20.9221
Sitting_Lying_FewLandmarks_back,78,Sitting,Sitting,True,0.903,0.0,22.4191
Sitting_Lying_FewLandmarks_back,79,Sitting,Sitting,True,0.908,0.0,21.3665
Sitting_Lying_FewLandmarks_back,80,Sitting,Sitting,True,0.91,0.0,20.8678
Sitting_Lying_FewLandmarks_back,81,Sitting,Sitting,True,0.911,0.0,20.7745
Sitting_Lying_FewLandmarks_back,82,Sitting,Sitting,True,0.917,0.0,22.8867
Sitting_Lying_FewLandmarks_back,83,Sitting,Sitting,True,0.923,0.0,20.3846
Sitting_Lying_FewLandmarks_back,84,Sitting,Sitting,True,0.926,0.0,25.18
Sitting_Lying_FewLandmarks_back,85,Sitting,Sitting,True,0.932,0.0,23.803
Sitting_Lying_FewLandmarks_back,86,Sitting,Sitting,True,0.937,0.0,22.5473
Sitting_Lying_FewLandmarks_back,87,Sitting,Sitting,True,0.941,0.0,23.6596
Sitting_Lying_FewLandmarks_back,88,Sitting,Sitting,True,0.94,0.0,20.9122
Sitting_Lying_FewLandmarks_back,89,Sitting,Sitting,True,0.94,0.0,21.2024
Sitting_Lying_FewLandmarks_back,90,Sitting,Sitting,True,0.937,0.0,23.2947
Sitting_Lying_FewLandmarks_back,91,Sitting,Sitting,True,0.936,0.0,20.9867
Sitting_Lying_FewLandmarks_back,92,Sitting,Sitting,True,0.931,0.0,21.5284
Sitting_Lying_FewLandmarks_back,93,Sitting,Sitting,True,0.931,0.0,22.1614
Sitting_Lying_FewLandmarks_back,94,Sitting,Sitting,True,0.933,0.0,22.9245
Sitting_Lying_FewLandmarks_back,95,Sitting,Sitting,True,0.934,0.0,23.4577
Sitting_Lying_FewLandmarks_back,96,Sitting,Sitting,True,0.936,0.0,22.1043
Sitting_Lying_FewLandmarks_back,97,Sitting,Sitting,True,0.938,0.0,23.7822
Sitting_Lying_FewLandmarks_back,98,Sitting,Sitting,True,0.939,0.0,22.5929
Sitting_Lying_FewLandmarks_back,99,Sitting,Sitting,True,0.937,0.0,22.4124
Sitting_Lying_FewLandmarks_back,100,Sitting,Sitting,True,0.935,0.0,22.1337
Sitting_Lying_FewLandmarks_back,101,Sitting,Sitting,True,0.933,0.0,22.2625
Sitting_Lying_FewLandmarks_back,102,Sitting,Sitting,True,0.93,0.0,20.9781
Sitting_Lying_FewLandmarks_back,103,Sitting,Sitting,True,0.928,0.0,22.4496
Sitting_Lying_FewLandmarks_back,104,Sitting,Sitting,True,0.924,0.0,23.6911
Sitting_Lying_FewLandmarks_back,105,Sitting,Sitting,True,0.923,0.0,22.4973
Sitting_Lying_FewLandmarks_back,106,Sitting,Sitting,True,0.921,0.0,21.5772
Sitting_Lying_FewLandmarks_back,107,Sitting,Sitting,True,0.919,0.0,20.6429
Sitting_Lying_FewLandmarks_back,108,Sitting,Sitting,True,0.916,0.0,22.7203
Sitting_Lying_FewLandmarks_back,109,Sitting,Sitting,True,0.916,0.0,21.596
Sitting_Lying_FewLandmarks_back,110,Sitting,Sitting,True,0.912,0.0,20.6434
Sitting_Lying_FewLandmarks_back,111,Sitting,Sitting,True,0.911,0.0,21.0814
Sitting_Lying_FewLandmarks_back,112,Sitting,Sitting,True,0.908,0.0,24.8517
Sitting_Lying_FewLandmarks_back,113,Sitting,Sitting,True,0.908,0.0,21.4227
Sitting_Lying_FewLandmarks_back,114,Sitting,Sitting,True,0.907,0.0,22.6093
Sitting_Lying_FewLandmarks_back,115,Sitting,Sitting,True,0.908,0.0,28.7268
Sitting_Lying_FewLandmarks_back,116,Sitting,Sitting,True,0.906,0.0,23.5881
Sitting_Lying_FewLandmarks_back,117,Sitting,Sitting,True,0.907,0.0,23.8707
Sitting_Lying_FewLandmarks_back,118,Sitting,Sitting,True,0.905,0.0,23.5379
Sitting_Lying_FewLandmarks_back,119,Sitting,Sitting,True,0.906,0.0,23.306
Sitting_Lying_FewLandmarks_back,120,Sitting,Sitting,True,0.905,0.0,24.6783
Sitting_Lying_FewLandmarks_back,121,Sitting,Sitting,True,0.906,0.0,24.6478
Sitting_Lying_FewLandmarks_back,122,Sitting,Sitting,True,0.905,0.0,24.198
Sitting_Lying_FewLandmarks_back,123,Sitting,Sitting,True,0.905,0.0,24.608
Sitting_Lying_FewLandmarks_back,124,Sitting,Sitting,True,0.904,0.0,23.4158
Sitting_Lying_FewLandmarks_back,125,Sitting,Sitting,True,0.901,0.0,25.4598
Sitting_Lying_FewLandmarks_back,126,Sitting,Sitting,True,0.899,0.0,25.8522
Sitting_Lying_FewLandmarks_back,127,Sitting,Sitting,True,0.898,0.0,24.225
Sitting_Lying_FewLandmarks_back,128,Sitting,Sitting,True,0.897,0.0,24.6028
Sitting_Lying_FewLandmarks_back,129,Sitting,Sitting,True,0.898,0.0,29.7635
Sitting_Lying_FewLandmarks_back,130,Sitting,Sitting,True,0.901,0.0,25.7706
Sitting_Lying_FewLandmarks_back,131,Sitting,Sitting,True,0.906,0.0,28.5885
Sitting_Lying_FewLandmarks_back,132,Sitting,Sitting,True,0.909,0.0,27.0647
Sitting_Lying_FewLandmarks_back,133,Sitting,Sitting,True,0.913,0.0,26.6908
Sitting_Lying_FewLandmarks_back,134,Sitting,Sitting,True,0.916,0.0,25.6556
Sitting_Lying_FewLandmarks_back,135,Sitting,Sitting,True,0.918,0.0,28.1668
Sitting_Lying_FewLandmarks_back,136,Sitting,Sitting,True,0.918,0.0,25.368
Sitting_Lying_FewLandmarks_back,137,Sitting,Sitting,True,0.919,0.0,25.8093
Sitting_Lying_FewLandmarks_back,138,Sitting,Sitting,True,0.921,0.0,24.5836
Sitting_Lying_FewLandmarks_back,139,Sitting,Sitting,True,0.924,0.0,29.3034
Sitting_Lying_FewLandmarks_back,140,Sitting,Sitting,True,0.929,0.0,29.0187
Sitting_Lying_FewLandmarks_back,141,Sitting,Sitting,True,0.931,0.0,32.3155
Sitting_Lying_FewLandmarks_back,142,Sitting,Sitting,True,0.931,0.0,32.0893
Sitting_Lying_FewLandmarks_back,143,Sitting,Sitting,True,0.928,0.0,33.3545
Sitting_Lying_FewLandmarks_back,144,Sitting,Sitting,True,0.929,0.0,34.4288
Sitting_Lying_FewLandmarks_back,145,Sitting,Sitting,True,0.926,0.0,29.4063
Sitting_Lying_FewLandmarks_back,146,Sitting,Sitting,True,0.928,0.0,28.2939
Sitting_Lying_FewLandmarks_back,147,Sitting,Sitting,True,0.928,0.0,27.6758
Sitting_Lying_FewLandmarks_back,148,,Sitting,,0.929,0.0,26.8879
Sitting_Lying_FewLandmarks_back,149,,Sitting,,0.928,0.0,25.4278
Sitting_Lying_FewLandmarks_back,150,,Sitting,,0.931,0.0,28.1791
Sitting_Lying_FewLandmarks_back,151,,Sitting,,0.93,0.0,27.8465
Sitting_Lying_FewLandmarks_back,152,,Sitting,,0.931,0.0,26.873
Sitting_Lying_FewLandmarks_back,153,,Sitting,,0.933,0.0,25.5807
Sitting_Lying_FewLandmarks_back,154,,Sitting,,0.933,0.0,27.2787
Sitting_Lying_FewLandmarks_back,155,,Sitting,,0.932,0.0,26.5939
Sitting_Lying_FewLandmarks_back,156,,Sitting,,0.933,0.0,25.4568
Sitting_Lying_FewLandmarks_back,157,,Sitting,,0.935,0.0,26.5049
Sitting_Lying_FewLandmarks_back,158,,Sitting,,0.935,0.0,25.2371
Sitting_Lying_FewLandmarks_back,159,,Sitting,,0.937,0.0,33.3358
Sitting_Lying_FewLandmarks_back,160,,Sitting,,0.937,0.0,28.7576
Sitting_Lying_FewLandmarks_back,161,,Sitting,,0.938,0.0,31.5388
Sitting_Lying_FewLandmarks_back,162,,Sitting,,0.941,0.0,34.2418
Sitting_Lying_FewLandmarks_back,163,,Sitting,,0.943,0.0,31.9927
Sitting_Lying_FewLandmarks_back,164,,Sitting,,0.946,0.0,32.2037
Sitting_Lying_FewLandmarks_back,165,,Sitting,,0.948,0.0,31.2636
Sitting_Lying_FewLandmarks_back,166,,Sitting,,0.948,0.0,36.8082
Sitting_Lying_FewLandmarks_back,167,,Sitting,,0.946,0.0,33.168
Sitting_Lying_FewLandmarks_back,168,,Sitting,,0.947,0.0,31.7906
Sitting_Lying_FewLandmarks_back,169,,Sitting,,0.947,0.0,31.7159
Sitting_Lying_FewLandmarks_back,170,,Sitting,,0.946,0.0,26.6581
Sitting_Lying_FewLandmarks_back,171,,Sitting,,0.944,0.0,30.8623
Sitting_Lying_FewLandmarks_back,172,,Sitting,,0.944,0.0,39.0117
Sitting_Lying_FewLandmarks_back,173,,Sitting,,0.942,0.0,31.7211
Sitting_Lying_FewLandmarks_back,174,,Sitting,,0.939,0.0,31.0587
Sitting_Lying_FewLandmarks_back,175,,Sitting,,0.939,0.0,30.9672
Sitting_Lying_FewLandmarks_back,176,,Sitting,,0.939,0.0,31.1492
Sitting_Lying_FewLandmarks_back,177,,Sitting,,0.939,0.0,33.3051
Sitting_Lying_FewLandmarks_back,178,,Sitting,,0.938,0.0,36.359
Sitting_Lying_FewLandmarks_back,179,,Sitting,,0.935,0.0,34.8159
Sitting_Lying_FewLandmarks_back,180,,Sitting,,0.935,0.0,34.1814
Sitting_Lying_FewLandmarks_back,181,,Sitting,,0.935,0.0,37.4755
Sitting_Lying_FewLandmarks_back,182,,Sitting,,0.933,0.0,37.2432
Sitting_Lying_FewLandmarks_back,183,,Sitting,,0.934,0.0,39.2705
Sitting_Lying_FewLandmarks_back,184,,Sitting,,0.935,0.0,43.2807
Sitting_Lying_FewLandmarks_back,185,,Sitting,,0.935,0.0,49.859
Sitting_Lying_FewLandmarks_back,186,,Sitting,,0.933,0.0,47.8121
Sitting_Lying_FewLandmarks_back,187,,Sitting,,0.933,0.0,43.6194
Sitting_Lying_FewLandmarks_back,188,,Sitting,,0.93,0.0,40.554
Sitting_Lying_FewLandmarks_back,189,,Sitting,,0.929,0.0,35.3112
Sitting_Lying_FewLandmarks_back,190,,Sitting,,0.928,0.0,31.3126
Sitting_Lying_FewLandmarks_back,191,,Sitting,,0.926,0.0,33.5649
Sitting_Lying_FewLandmarks_back,192,,Sitting,,0.926,0.0,38.2185
Sitting_Lying_FewLandmarks_back,193,,Sitting,,0.924,0.0,42.3767
Sitting_Lying_FewLandmarks_back,194,,Sitting,,0.925,0.0,32.5458
Sitting_Lying_FewLandmarks_back,195,,Sitting,,0.925,0.0,40.4812
Sitting_Lying_FewLandmarks_back,196,,Sitting,,0.928,0.0,46.5154
Sitting_Lying_FewLandmarks_back,197,,Sitting,,0.929,0.0,42.7744
Sitting_Lying_FewLandmarks_back,198,,Sitting,,0.93,0.0,34.6547
Sitting_Lying_FewLandmarks_back,199,,Sitting,,0.933,0.0,40.2031
Sitting_Lying_FewLandmarks_back,200,,Sitting,,0.93,0.0,49.049
Sitting_Lying_FewLandmarks_back,201,,Sitting,,0.919,0.0,42.3257
Sitting_Lying_FewLandmarks_back,202,,Sitting,,0.906,0.0,33.0617
Sitting_Lying_FewLandmarks_back,203,,Sitting,,0.885,0.0,41.6187
Sitting_Lying_FewLandmarks_back,204,,Sitting,,0.85,0.0,44.3982
Sitting_Lying_FewLandmarks_back,205,,Sitting,,0.815,0.0,50.2049
Sitting_Lying_FewLandmarks_back,206,,Sitting,,0.78,0.0,47.6806
Sitting_Lying_FewLandmarks_back,207,Lying,Sitting,False,0.74,0.0,39.6463
Sitting_Lying_FewLandmarks_back,208,Lying,Sitting,False,0.705,0.0,41.2595
Sitting_Lying_FewLandmarks_back,209,Lying,Sitting,False,0.681,0.0,47.7757
Sitting_Lying_FewLandmarks_back,210,Lying,Sitting,False,0.655,0.0,35.1679
Sitting_Lying_FewLandmarks_back,211,Lying,Sitting,False,0.634,0.0,34.3212
Sitting_Lying_FewLandmarks_back,212,Lying,Sitting,False,0.615,0.0,33.3979
Sitting_Lying_FewLandmarks_back,213,Lying,Sitting,False,0.605,0.0,47.0163
Sitting_Lying_FewLandmarks_back,214,Lying,Sitting,False,0.587,0.0,37.4516
Sitting_Lying_FewLandmarks_back,215,Lying,Sitting,False,0.573,0.0,33.9003
Sitting_Lying_FewLandmarks_back,216,Lying,Sitting,False,0.558,0.0,41.1578
Sitting_Lying_FewLandmarks_back,217,Lying,Sitting,False,0.545,0.0,48.5252
Sitting_Lying_FewLandmarks_back,218,Lying,Sitting,False,0.531,0.0,40.6448
Sitting_Lying_FewLandmarks_back,219,Lying,Sitting,False,0.52,0.0,44.9079
Sitting_Lying_FewLandmarks_back,220,Lying,Sitting,False,0.508,0.0,40.8226
Sitting_Lying_FewLandmarks_back,221,Lying,Sitting,False,0.501,0.0,47.013
Sitting_Lying_FewLandmarks_back,222,Lying,Sitting,False,0.495,0.0,45.3746
Sitting_Lying_FewLandmarks_back,223,Lying,Sitting,False,0.484,0.0,38.7748
Sitting_Lying_FewLandmarks_back,224,Lying,Sitting,False,0.475,0.0,50.5058
Sitting_Lying_FewLandmarks_back,225,Lying,Sitting,False,0.467,0.0,52.7012
Sitting_Lying_FewLandmarks_back,226,Lying,Sitting,False,0.454,0.0,63.4467
Sitting_Lying_FewLandmarks_back,227,Lying,Sitting,False,0.442,0.0,62.9861
Sitting_Lying_FewLandmarks_back,228,Lying,Sitting,False,0.43,0.0,48.5196
Sitting_Lying_FewLandmarks_back,229,Lying,Sitting,False,0.414,0.0,54.3093
Sitting_Lying_FewLandmarks_back,230,Lying,Sitting,False,0.402,0.0,42.7374
Sitting_Lying_FewLandmarks_back,231,Lying,Sitting,False,0.39,0.0,32.7679
Sitting_Lying_FewLandmarks_back,232,Lying,Sitting,False,0.374,0.0,34.1219
Sitting_Lying_FewLandmarks_back,233,Lying,Sitting,False,0.365,0.0,47.8676
Sitting_Lying_FewLandmarks_back,234,Lying,Sitting,False,0.362,0.0,49.7007
Sitting_Lying_FewLandmarks_back,235,Lying,Lying,True,0.36,0.0,45.8519
Sitting_Lying_FewLandmarks_back,236,Lying,Lying,True,0.371,0.0,40.1198
Sitting_Lying_FewLandmarks_back,237,Lying,Lying,True,0.378,0.0,38.119
Sitting_Lying_FewLandmarks_back,238,Lying,Lying,True,0.396,0.0,39.0963
Sitting_Lying_FewLandmarks_back,239,Lying,Lying,True,0.409,0.0,40.0702
Sitting_Lying_FewLandmarks_back,240,Lying,Lying,True,0.422,0.0,45.5034
Sitting_Lying_FewLandmarks_back,241,Lying,Lying,True,0.434,0.0,37.1427
Sitting_Lying_FewLandmarks_back,242,Lying,Lying,True,0.449,0.0,34.8628
Sitting_Lying_FewLandmarks_back,243,Lying,Lying,True,0.47,0.0,30.0411
Sitting_Lying_FewLandmarks_back,244,Lying,Lying,True,0.492,0.0,46.5713
Sitting_Lying_FewLandmarks_back,245,Lying,Lying,True,0.517,0.0,59.2112
Sitting_Lying_FewLandmarks_back,246,Lying,Lying,True,0.541,0.0,50.4469
Sitting_Lying_FewLandmarks_back,247,Lying,Lying,True,0.563,0.0,64.6283
Sitting_Lying_FewLandmarks_back,248,Lying,Lying,True,0.575,0.0,61.4197
Sitting_Lying_FewLandmarks_back,249,Lying,Lying,True,0.583,0.0,64.5474
Sitting_Lying_FewLandmarks_back,250,Lying,Lying,True,0.587,0.0,61.715
Sitting_Lying_FewLandmarks_back,251,Lying,Lying,True,0.589,0.0,50.448
Sitting_Lying_FewLandmarks_back,252,Lying,Lying,True,0.588,0.0,52.4894
Sitting_Lying_FewLandmarks_back,253,Lying,Lying,True,0.591,0.0,46.4631
Sitting_Lying_FewLandmarks_back,254,Lying,Lying,True,0.596,0.0,44.1492
Sitting_Lying_FewLandmarks_back,255,Lying,Lying,True,0.594,0.0,37.1871
Sitting_Lying_FewLandmarks_back,256,Lying,Lying,True,0.594,0.0,49.2176
Sitting_Lying_FewLandmarks_back,257,Lying,Lying,True,0.594,0.0,39.3112
Sitting_Lying_FewLandmarks_back,258,Lying,Lying,True,0.594,0.0,32.7583
Sitting_Lying_FewLandmarks_back,259,Lying,Lying,True,0.591,0.0,42.7486
Sitting_Lying_FewLandmarks_back,260,Lying,Lying,True,0.594,0.0,50.1105
Sitting_Lying_FewLandmarks_back,261,Lying,Lying,True,0.593,0.0,41.1385
Sitting_Lying_FewLandmarks_back,262,Lying,Lying,True,0.594,0.0,42.0528
Sitting_Lying_FewLandmarks_back,263,Lying,Lying,True,0.592,0.0,43.2846
Sitting_Lying_FewLandmarks_back,264,Lying,Lying,True,0.588,0.0,51.4319
Sitting_Lying_FewLandmarks_back,265,Lying,Lying,True,0.586,0.0,52.155
Sitting_Lying_FewLandmarks_back,266,Lying,Lying,True,0.585,0.0,51.4136
Sitting_Lying_FewLandmarks_back,267,Lying,Lying,True,0.582,0.0,66.86
Sitting_Lying_FewLandmarks_back,268,Lying,Lying,True,0.584,0.0,48.004
Sitting_Lying_FewLandmarks_back,269,Lying,Lying,True,0.586,0.0,33.4857
Sitting_Lying_FewLandmarks_back,270,Lying,Lying,True,0.585,0.0,37.9507
Sitting_Lying_FewLandmarks_back,271,Lying,Lying,True,0.588,0.0,39.8928
Sitting_Lying_FewLandmarks_back,272,Lying,Lying,True,0.59,0.0,64.998
Sitting_Lying_FewLandmarks_back,273,Lying,Lying,True,0.587,0.0,44.9806
Sitting_Lying_FewLandmarks_back,274,Lying,Lying,True,0.585,0.0,36.9394
Sitting_Lying_FewLandmarks_back,275,Lying,Lying,True,0.586,0.0,50.9697
Sitting_Lying_FewLandmarks_back,276,Lying,Lying,True,0.585,0.0,56.765
Sitting_Lying_FewLandmarks_back,277,Lying,Lying,True,0.583,0.0,43.8488
Sitting_Lying_FewLandmarks_back,278,Lying,Lying,True,0.586,0.0,46.3831
Sitting_Lying_FewLandmarks_back,279,Lying,Lying,True,0.587,0.0,48.4363
Sitting_Lying_FewLandmarks_back,280,Lying,Lying,True,0.587,0.0,43.3048
Sitting_Lying_FewLandmarks_back,281,Lying,Lying,True,0.586,0.0,35.9745
Sitting_Lying_FewLandmarks_back,282,Lying,Lying,True,0.587,0.0,37.8356
Sitting_Lying_FewLandmarks_back,283,Lying,Lying,True,0.586,0.0,47.8108
Sitting_Lying_FewLandmarks_back,284,Lying,Lying,True,0.587,0.0,44.6436
Sitting_Lying_FewLandmarks_back,285,Lying,Lying,True,0.587,0.0,50.6476
Sitting_Lying_FewLandmarks_back,286,Lying,Lying,True,0.586,0.0,53.8345
Sitting_Lying_FewLandmarks_back,287,Lying,Lying,True,0.586,0.0,39.0434
Sitting_Lying_FewLandmarks_back,288,Lying,Lying,True,0.586,0.0,35.8272
Sitting_Lying_FewLandmarks_back,289,Lying,Lying,True,0.586,0.0,33.8364
Sitting_Lying_FewLandmarks_back,290,Lying,Lying,True,0.586,0.0,45.5772
Sitting_Lying_FewLandmarks_back,291,Lying,Lying,True,0.588,0.0,46.9121
Sitting_Lying_FewLandmarks_back,292,Lying,Lying,True,0.588,0.0,41.7525
Sitting_Lying_FewLandmarks_back,293,Lying,Lying,True,0.591,0.0,42.7033
Sitting_Lying_FewLandmarks_back,294,Lying,Lying,True,0.589,0.0,48.8215
Sitting_Lying_FewLandmarks_back,295,Lying,Lying,True,0.588,0.0,80.2348
Sitting_Lying_FewLandmarks_back,296,Lying,Lying,True,0.587,0.0,61.1919
Sitting_Lying_FewLandmarks_back,297,Lying,Lying,True,0.59,0.0,73.4049
Sitting_Lying_FewLandmarks_back,298,Lying,Lying,True,0.588,0.0,47.7808
Sitting_Lying_FewLandmarks_back,299,Lying,Lying,True,0.589,0.0,67.6352
Sitting_Lying_FewLandmarks_back,300,Lying,Lying,True,0.589,0.0,57.6801
Sitting_Lying_FewLandmarks_back,301,Lying,Lying,True,0.587,0.0,35.3966
Sitting_Lying_FewLandmarks_back,302,Lying,Lying,True,0.584,0.0,39.7974
Sitting_Lying_FewLandmarks_back,303,Lying,Lying,True,0.584,0.0,131.2094
Sitting_Lying_FewLandmarks_back,304,Lying,Lying,True,0.584,0.0,35.1089
Sitting_Lying_FewLandmarks_back,305,Lying,Lying,True,0.584,0.0,43.8298
Sitting_Lying_FewLandmarks_back,306,Lying,Lying,True,0.587,0.0,47.6522
Sitting_Lying_FewLandmarks_back,307,Lying,Lying,True,0.585,0.0,43.9072
Sitting_Lying_FewLandmarks_back,308,Lying,Lying,True,0.585,0.0,35.0622
Sitting_Lying_FewLandmarks_back,309,Lying,Lying,True,0.582,0.0,32.1592
Sitting_Lying_FewLandmarks_back,310,Lying,Lying,True,0.585,0.0,36.7455
Sitting_Lying_FewLandmarks_back,311,Lying,Lying,True,0.582,0.0,33.9917
Sitting_Lying_FewLandmarks_back,312,Lying,Lying,True,0.583,0.0,28.2617
Sitting_Lying_FewLandmarks_back,313,Lying,Lying,True,0.579,0.0,32.8221
Sitting_Lying_FewLandmarks_back,314,Lying,Lying,True,0.582,0.0,29.8047
Sitting_Lying_FewLandmarks_back,315,Lying,Lying,True,0.58,0.0,32.2852
Sitting_Lying_FewLandmarks_back,316,Lying,Lying,True,0.581,0.0,38.9445
Sitting_Lying_FewLandmarks_back,317,Lying,Lying,True,0.581,0.0,37.4704
Sitting_Lying_FewLandmarks_back,318,Lying,Lying,True,0.585,0.0,36.8747
Sitting_Lying_FewLandmarks_back,319,Lying,Lying,True,0.583,0.0,38.3166
Sitting_Lying_FewLandmarks_back,320,Lying,Lying,True,0.583,0.0,43.7658
Sitting_Lying_FewLandmarks_back,321,Lying,Lying,True,0.585,0.0,41.7185
Sitting_Lying_FewLandmarks_back,322,Lying,Lying,True,0.585,0.0,39.48
Sitting_Lying_FewLandmarks_back,323,Lying,Lying,True,0.585,0.0,35.9633
Sitting_Lying_FewLandmarks_back,324,Lying,Lying,True,0.584,0.0,42.7296
Sitting_Lying_FewLandmarks_back,325,Lying,Lying,True,0.588,0.0,39.1527
Sitting_Lying_FewLandmarks_back,326,,Lying,,0.587,0.0,32.943
Sitting_Lying_FewLandmarks_back,327,,Lying,,0.59,0.0,41.1281
Sitting_Lying_FewLandmarks_back,328,,Lying,,0.589,0.0,38.9393
Sitting_Lying_FewLandmarks_back,329,,Lying,,0.593,0.0,49.8589
Sitting_Lying_FewLandmarks_back,330,,Lying,,0.593,0.0,52.9404
Sitting_Lying_FewLandmarks_back,331,,Lying,,0.595,0.0,51.897
Sitting_Lying_FewLandmarks_back,332,,Lying,,0.593,0.0,50.2903
Sitting_Lying_FewLandmarks_back,333,,Lying,,0.592,0.0,47.1238
Sitting_Lying_FewLandmarks_back,334,,Lying,,0.589,0.0,50.7149
Sitting_Lying_FewLandmarks_back,335,,Lying,,0.585,0.0,43.7743
Sitting_Lying_FewLandmarks_back,336,,Lying,,0.583,0.0,34.5184
Sitting_Lying_FewLandmarks_back,337,,Lying,,0.584,0.0,32.6924
Sitting_Lying_FewLandmarks_back,338,,Lying,,0.582,0.0,31.4005
Sitting_Lying_FewLandmarks_back,339,,Lying,,0.584,0.0,33.1663
Sitting_Lying_FewLandmarks_back,340,,Lying,,0.585,0.0,34.7431
Sitting_Lying_FewLandmarks_back,341,,Lying,,0.585,0.0,40.2352
Sitting_Lying_FewLandmarks_back,342,,Lying,,0.584,0.0,36.9581
Sitting_Lying_FewLandmarks_back,343,,Lying,,0.586,0.0,35.616
Sitting_Lying_FewLandmarks_back,344,,Lying,,0.587,0.0,39.8465
Sitting_Lying_FewLandmarks_back,345,,Lying,,0.59,0.0,39.1721
Sitting_Lying_FewLandmarks_back,346,,Lying,,0.591,0.0,36.2615
Sitting_Lying_FewLandmarks_back,347,,Lying,,0.592,0.0,44.0353
Sitting_Lying_FewLandmarks_back,348,,Lying,,0.59,0.0,60.0427
Sitting_Lying_FewLandmarks_back,349,,Lying,,0.586,0.0,46.6635
Sitting_Lying_FewLandmarks_back,350,,Lying,,0.581,0.0,31.936
Sitting_Lying_FewLandmarks_back,351,,Lying,,0.574,0.0,37.7521
Sitting_Lying_FewLandmarks_back,352,,Lying,,0.568,0.0,41.4494
Sitting_Lying_FewLandmarks_back,353,,Lying,,0.558,0.0,41.1694
Sitting_Lying_FewLandmarks_back,354,,Lying,,0.543,0.0,44.0588
Sitting_Lying_FewLandmarks_back,355,,Lying,,0.526,0.0,35.3163
Sitting_Lying_FewLandmarks_back,356,,Lying,,0.508,0.0,38.4234
Sitting_Lying_FewLandmarks_back,357,,Lying,,0.485,0.0,48.2768
Sitting_Lying_FewLandmarks_back,358,,Lying,,0.462,0.0,37.0815
Sitting_Lying_FewLandmarks_back,359,,Lying,,0.44,0.0,39.6814
Sitting_Lying_FewLandmarks_back,360,,Lying,,0.423,0.0,38.5531
Sitting_Lying_FewLandmarks_back,361,,Lying,,0.405,0.0,35.8562
Sitting_Lying_FewLandmarks_back,362,,Lying,,0.397,0.0,36.6327
Sitting_Lying_FewLandmarks_back,363,,Lying,,0.39,0.0,50.6307
Sitting_Lying_FewLandmarks_back,364,,Lying,,0.376,0.0,34.9904
Sitting_Lying_FewLandmarks_back,365,,Lying,,0.359,0.0,30.8556
Sitting_Lying_FewLandmarks_back,366,,Sitting,,0.353,0.0,39.5951
Sitting_Lying_FewLandmarks_back,367,,Lying,,0.347,0.0,47.0417
Sitting_Lying_FewLandmarks_back,368,,Lying,,0.345,0.0,40.9887
Sitting_Lying_FewLandmarks_back,369,,Lying,,0.343,0.0,36.1538
Sitting_Lying_FewLandmarks_back,370,,Lying,,0.339,0.0,33.3479
Sitting_Lying_FewLandmarks_back,371,,Lying,,0.339,0.0,38.5648
Sitting_Lying_FewLandmarks_back,372,,Sitting,,0.359,0.0,46.8638
Sitting_Lying_FewLandmarks_back,373,,Sitting,,0.366,0.0,52.0793
Sitting_Lying_FewLandmarks_back,374,,Sitting,,0.382,0.0,41.1364
Sitting_Lying_FewLandmarks_back,375,,Sitting,,0.387,0.0,44.1904
Sitting_Lying_FewLandmarks_back,376,,Sitting,,0.395,0.0,37.7618
Sitting_Lying_FewLandmarks_back,377,,Sitting,,0.401,0.0,46.4634
Sitting_Lying_FewLandmarks_back,378,,Sitting,,0.407,0.0,47.2799
Sitting_Lying_FewLandmarks_back,379,,Sitting,,0.409,0.0,41.164
Sitting_Lying_FewLandmarks_back,380,,Sitting,,0.417,0.0,36.2912
Sitting_Lying_FewLandmarks_back,381,,Sitting,,0.427,0.0,36.5553
Sitting_Lying_FewLandmarks_back,382,,Sitting,,0.437,0.0,34.1993
Sitting_Lying_FewLandmarks_back,383,,Sitting,,0.444,0.0,43.7272
Sitting_Lying_FewLandmarks_back,384,,Sitting,,0.454,0.0,29.7112
Sitting_Lying_FewLandmarks_back,385,,Sitting,,0.459,0.0,74.8971
Sitting_Lying_FewLandmarks_back,386,,Sitting,,0.468,0.0,43.8651
Sitting_Lying_FewLandmarks_back,387,,Sitting,,0.48,0.0,48.4631
Sitting_Lying_FewLandmarks_back,388,,Sitting,,0.501,0.0,48.7979
Sitting_Lying_FewLandmarks_back,389,,Sitting,,0.528,0.0,55.807
Sitting_Lying_FewLandmarks_back,390,,Sitting,,0.562,0.0,45.2359
Sitting_Lying_FewLandmarks_back,391,,Sitting,,0.594,0.0,50.3677
Sitting_Lying_FewLandmarks_back,392,,Sitting,,0.634,0.0,45.6337
Sitting_Lying_FewLandmarks_back,393,,Sitting,,0.674,0.0,55.3872
Sitting_Lying_FewLandmarks_back,394,,Sitting,,0.708,0.0,56.5141
Sitting_Lying_FewLandmarks_back,395,,Sitting,,0.738,0.0,66.9322
Sitting_Lying_FewLandmarks_back,396,,Sitting,,0.767,0.0,42.0064
Sitting_Lying_FewLandmarks_back,397,,Sitting,,0.788,0.0,41.8933
Sitting_Lying_FewLandmarks_back,398,,Sitting,,0.806,0.0,47.6133
Sitting_Lying_FewLandmarks_back,399,,Sitting,,0.821,0.0,31.1456
Sitting_Lying_FewLandmarks_back,400,,Sitting,,0.834,0.0,30.2637
Sitting_Lying_FewLandmarks_back,401,,Sitting,,0.848,0.0,29.7154
Sitting_Lying_FewLandmarks_back,402,,Sitting,,0.863,0.0,30.5607
Sitting_Lying_FewLandmarks_back,403,,Sitting,,0.875,0.0,43.4456
Sitting_Lying_FewLandmarks_back,404,,Sitting,,0.885,0.0,32.4536
Sitting_Lying_FewLandmarks_back,405,,Sitting,,0.893,0.0,34.7064
Sitting_Lying_FewLandmarks_back,406,,Sitting,,0.897,0.0,30.7179
Sitting_Lying_FewLandmarks_back,407,,Sitting,,0.9,0.0,29.0687
Sitting_Lying_FewLandmarks_back,408,,Sitting,,0.902,0.0,30.1963
Sitting_Lying_FewLandmarks_back,409,,Sitting,,0.904,0.0,31.408
Sitting_Lying_FewLandmarks_back,410,,Sitting,,0.908,0.0,35.1043
Sitting_Lying_FewLandmarks_back,411,,Sitting,,0.91,0.0,31.2747
Sitting_Lying_FewLandmarks_back,412,,Sitting,,0.912,0.0,29.3153
Sitting_Lying_FewLandmarks_back,413,,Sitting,,0.912,0.0,26.2377
Sitting_Lying_FewLandmarks_back,414,,Sitting,,0.914,0.0,28.3129
Sitting_Lying_FewLandmarks_back,415,Sitting,Sitting,True,0.914,0.0,28.6483
Sitting_Lying_FewLandmarks_back,416,Sitting,Sitting,True,0.915,0.0,27.6153
Sitting_Lying_FewLandmarks_back,417,Sitting,Sitting,True,0.917,0.0,38.4935
Sitting_Lying_FewLandmarks_back,418,Sitting,Sitting,True,0.92,0.0,51.8157
Sitting_Lying_FewLandmarks_back,419,Sitting,Sitting,True,0.923,0.0,57.2157
Sitting_Lying_FewLandmarks_back,420,Sitting,Sitting,True,0.926,0.0,53.8917
Sitting_Lying_FewLandmarks_back,421,Sitting,Sitting,True,0.928,0.0,54.9262
Sitting_Lying_FewLandmarks_back,422,Sitting,Sitting,True,0.93,0.0,48.0038
Sitting_Lying_FewLandmarks_back,423,Sitting,Sitting,True,0.929,0.0,55.4526
Sitting_Lying_FewLandmarks_back,424,Sitting,Sitting,True,0.928,0.0,31.0164
Sitting_Lying_FewLandmarks_back,425,Sitting,Sitting,True,0.927,0.0,30.9392
Sitting_Lying_FewLandmarks_back,426,Sitting,Sitting,True,0.926,0.0,32.4373
Sitting_Lying_FewLandmarks_back,427,Sitting,Sitting,True,0.926,0.0,38.9556
Sitting_Lying_FewLandmarks_back,428,Sitting,Sitting,True,0.926,0.0,37.4198
Sitting_Lying_FewLandmarks_back,429,Sitting,Sitting,True,0.925,0.0,39.9555
Sitting_Lying_FewLandmarks_back,430,Sitting,Sitting,True,0.927,0.0,45.1622
Sitting_Lying_FewLandmarks_back,431,Sitting,Sitting,True,0.927,0.0,45.5606
Sitting_Lying_FewLandmarks_back,432,Sitting,Sitting,True,0.929,0.0,43.8443
Sitting_Lying_FewLandmarks_back,433,Sitting,Sitting,True,0.93,0.0,48.3993
Sitting_Lying_FewLandmarks_back,434,Sitting,Sitting,True,0.933,0.0,42.195
Sitting_Lying_FewLandmarks_back,435,Sitting,Sitting,True,0.933,0.0,48.6761
Sitting_Lying_FewLandmarks_back,436,Sitting,Sitting,True,0.935,0.0,39.377
Sitting_Lying_FewLandmarks_back,437,Sitting,Sitting,True,0.935,0.0,46.6255
Sitting_Lying_FewLandmarks_back,438,Sitting,Sitting,True,0.933,0.0,45.1882
Sitting_Lying_FewLandmarks_back,439,Sitting,Sitting,True,0.933,0.0,38.9824
Sitting_Lying_FewLandmarks_back,440,Sitting,Sitting,True,0.933,0.0,33.564
Sitting_Lying_FewLandmarks_back,441,Sitting,Sitting,True,0.934,0.0,39.6873
Sitting_Lying_FewLandmarks_back,442,Sitting,Sitting,True,0.934,0.0,31.3348
Sitting_Lying_FewLandmarks_back,443,Sitting,Sitting,True,0.936,0.0,33.7309
Sitting_Lying_FewLandmarks_back,444,Sitting,Sitting,True,0.935,0.0,32.5031
Sitting_Lying_FewLandmarks_back,445,Sitting,Sitting,True,0.934,0.0,37.1264
Sitting_Lying_FewLandmarks_back,446,Sitting,Sitting,True,0.933,0.0,31.3781
Sitting_Lying_FewLandmarks_back,447,Sitting,Sitting,True,0.934,0.0,31.9838
Sitting_Lying_FewLandmarks_back,448,Sitting,Sitting,True,0.932,0.0,32.9817
Sitting_Lying_FewLandmarks_back,449,Sitting,Sitting,True,0.932,0.0,27.8151
Sitting_Lying_FewLandmarks_back,450,Sitting,Sitting,True,0.935,0.0,30.9402
Sitting_Lying_FewLandmarks_back,451,Sitting,Sitting,True,0.935,0.0,34.9562
Sitting_Lying_FewLandmarks_back,452,Sitting,Sitting,True,0.934,0.0,30.1385
Sitting_Lying_FewLandmarks_back,453,Sitting,Sitting,True,0.937,0.0,29.0732
Sitting_Lying_FewLandmarks_back,454,Sitting,Sitting,True,0.936,0.0,32.0012
Sitting_Lying_FewLandmarks_back,455,Sitting,Sitting,True,0.935,0.0,37.771
Sitting_Lying_FewLandmarks_back,456,Sitting,Sitting,True,0.934,0.0,31.3517
Sitting_Lying_FewLandmarks_back,457,Sitting,Sitting,True,0.936,0.0,31.6051
Sitting_Lying_FewLandmarks_back,458,Sitting,Sitting,True,0.934,0.0,30.428
Sitting_Lying_FewLandmarks_back,459,,Sitting,,0.936,0.0,30.2008
Sitting_Lying_FewLandmarks_back,460,,Sitting,,0.936,0.0,36.0482
Sitting_Lying_FewLandmarks_back,461,,Sitting,,0.937,0.0,40.2315
Sitting_Lying_FewLandmarks_back,462,,Sitting,,0.938,0.0,33.8063
Sitting_Lying_FewLandmarks_back,463,,Sitting,,0.938,0.0,39.5103
Sitting_Lying_FewLandmarks_back,464,,Sitting,,0.937,0.0,38.941
Sitting_Lying_FewLandmarks_back,465,,Sitting,,0.935,0.0,33.3361
Sitting_Lying_FewLandmarks_back,466,,Sitting,,0.934,0.0,44.8073
Sitting_Lying_FewLandmarks_back,467,,Sitting,,0.933,0.0,43.1746
Sitting_Lying_FewLandmarks_back,468,,Sitting,,0.933,0.0,41.4755
Sitting_Lying_FewLandmarks_back,469,,Sitting,,0.931,0.0,43.3989
Sitting_Lying_FewLandmarks_back,470,,Sitting,,0.933,0.0,38.9063
Sitting_Lying_FewLandmarks_back,471,,Sitting,,0.931,0.0,39.1407
Sitting_Lying_FewLandmarks_back,472,,Sitting,,0.931,0.0,40.3062
Sitting_Lying_FewLandmarks_back,473,,Sitting,,0.933,0.0,36.9264
Sitting_Lying_FewLandmarks_back,474,,Sitting,,0.935,0.0,33.0991
Sitting_Lying_FewLandmarks_back,475,,Sitting,,0.932,0.0,32.3442
Sitting_Lying_FewLandmarks_back,476,,Sitting,,0.931,0.0,34.5626
Sitting_Lying_FewLandmarks_back,477,,Sitting,,0.929,0.0,47.2137
Sitting_Lying_FewLandmarks_back,478,,Sitting,,0.925,0.0,47.6715
Sitting_Lying_FewLandmarks_back,479,,Sitting,,0.922,0.0,52.4526
Sitting_Lying_FewLandmarks_back,480,,Sitting,,0.92,0.0,57.7969
Sitting_Lying_FewLandmarks_back,481,,Sitting,,0.918,0.0,53.9534
Sitting_Lying_FewLandmarks_back,482,,Sitting,,0.916,0.0,68.6549
Sitting_Lying_FewLandmarks_back,483,,Sitting,,0.914,0.0,67.0519
Sitting_Lying_FewLandmarks_back,484,,Sitting,,0.913,0.0,72.9602
Sitting_Lying_FewLandmarks_back,485,,Sitting,,0.908,0.0,60.7676
Sitting_Lying_FewLandmarks_back,486,,Sitting,,0.9,0.0,60.5951
Sitting_Lying_FewLandmarks_back,487,,Sitting,,0.885,0.0,72.0382
Sitting_Lying_FewLandmarks_back,488,,Sitting,,0.863,0.0,49.9082
Sitting_Lying_FewLandmarks_back,489,,Sitting,,0.836,0.0,57.1551
Sitting_Lying_FewLandmarks,31,,Standing,,0.948,0.0,60.6329
Sitting_Lying_FewLandmarks,32,,Standing,,0.944,0.0,53.6173
Sitting_Lying_FewLandmarks,33,,Standing,,0.942,0.0,50.8311
Sitting_Lying_FewLandmarks,34,,Standing,,0.941,0.0,55.6754
Sitting_Lying_FewLandmarks,35,,Standing,,0.94,0.0,57.6157
Sitting_Lying_FewLandmarks,36,,Standing,,0.938,0.0,60.5466
Sitting_Lying_FewLandmarks,37,,Standing,,0.941,0.0,59.635
Sitting_Lying_FewLandmarks,38,,Standing,,0.945,0.0,58.877
Sitting_Lying_FewLandmarks,39,,Standing,,0.943,0.0,45.0097
Sitting_Lying_FewLandmarks,40,,Standing,,0.939,0.0,42.4407
Sitting_Lying_FewLandmarks,41,,Standing,,0.934,0.0,57.3894
Sitting_Lying_FewLandmarks,42,,Standing,,0.929,0.0,48.2179
Sitting_Lying_FewLandmarks,43,,Standing,,0.923,0.0,39.0876
Sitting_Lying_FewLandmarks,44,,Standing,,0.923,0.0,51.4159
Sitting_Lying_FewLandmarks,45,,Standing,,0.927,0.0,42.4843
Sitting_Lying_FewLandmarks,46,,Standing,,0.92,0.0,71.6561
Sitting_Lying_FewLandmarks,47,,Standing,,0.898,0.0,48.6548
Sitting_Lying_FewLandmarks,48,,Standing,,0.867,0.0,47.473
Sitting_Lying_FewLandmarks,49,,Standing,,0.83,0.0,46.2111
Sitting_Lying_FewLandmarks,50,,Standing,,0.783,0.0,40.4266
Sitting_Lying_FewLandmarks,51,,Standing,,0.746,0.0,52.4591
Sitting_Lying_FewLandmarks,52,,Standing,,0.72,0.0,37.8454
Sitting_Lying_FewLandmarks,53,,Standing,,0.706,0.0,62.9151
Sitting_Lying_FewLandmarks,54,,Standing,,0.703,0.0,42.2994
Sitting_Lying_FewLandmarks,55,,Standing,,0.712,0.0,42.8388
Sitting_Lying_FewLandmarks,56,,Standing,,0.727,0.0,50.8696
Sitting_Lying_FewLandmarks,57,,Standing,,0.74,0.0,41.0436
Sitting_Lying_FewLandmarks,58,,Standing,,0.755,0.0,54.2387
Sitting_Lying_FewLandmarks,59,Sitting,Standing,False,0.767,0.0,34.7795
Sitting_Lying_FewLandmarks,60,Sitting,Standing,False,0.775,0.0,53.8615
Sitting_Lying_FewLandmarks,61,Sitting,Standing,False,0.782,0.0,50.8681
Sitting_Lying_FewLandmarks,62,Sitting,Standing,False,0.793,0.0,49.1563
Sitting_Lying_FewLandmarks,63,Sitting,Standing,False,0.804,0.0,42.4821
Sitting_Lying_FewLandmarks,64,Sitting,Standing,False,0.814,0.0,41.8855
Sitting_Lying_FewLandmarks,65,Sitting,Standing,False,0.83,0.0,57.8186
Sitting_Lying_FewLandmarks,66,Sitting,Standing,False,0.836,0.0,42.5682
Sitting_Lying_FewLandmarks,67,Sitting,Standing,False,0.836,0.0,31.5857
Sitting_Lying_FewLandmarks,68,Sitting,Standing,False,0.829,0.0,32.8889
Sitting_Lying_FewLandmarks,69,Sitting,Standing,False,0.824,0.0,70.536
Sitting_Lying_FewLandmarks,70,Sitting,Standing,False,0.814,0.0,36.8077
Sitting_Lying_FewLandmarks,71,Sitting,Standing,False,0.808,0.0,39.0566
Sitting_Lying_FewLandmarks,72,Sitting,Standing,False,0.81,0.0,40.6121
Sitting_Lying_FewLandmarks,73,Sitting,Standing,False,0.812,0.0,39.5651
Sitting_Lying_FewLandmarks,74,Sitting,Standing,False,0.807,0.0,58.2026
Sitting_Lying_FewLandmarks,75,Sitting,Standing,False,0.802,0.0,37.4344
Sitting_Lying_FewLandmarks,76,Sitting,Standing,False,0.797,0.0,40.0639
Sitting_Lying_FewLandmarks,77,Sitting,Standing,False,0.786,0.0,42.1058
Sitting_Lying_FewLandmarks,78,Sitting,Standing,False,0.775,0.0,47.3862
Sitting_Lying_FewLandmarks,79,Sitting,Standing,False,0.769,0.0,47.8541
Sitting_Lying_FewLandmarks,80,Sitting,Standing,False,0.762,0.0,48.6002
Sitting_Lying_FewLandmarks,81,Sitting,Standing,False,0.757,0.0,54.574
Sitting_Lying_FewLandmarks,82,Sitting,Standing,False,0.756,0.0,55.1273
Sitting_Lying_FewLandmarks,83,Sitting,Standing,False,0.768,0.0,50.9067
Sitting_Lying_FewLandmarks,84,Sitting,Standing,False,0.775,0.0,40.1653
Sitting_Lying_FewLandmarks,85,Sitting,Standing,False,0.776,0.0,47.644
Sitting_Lying_FewLandmarks,86,Sitting,Standing,False,0.771,0.0,50.3215
Sitting_Lying_FewLandmarks,87,Sitting,Standing,False,0.759,0.0,52.9811
Sitting_Lying_FewLandmarks,88,Sitting,Standing,False,0.723,0.0,35.1747
Sitting_Lying_FewLandmarks,89,Sitting,Standing,False,0.684,0.0,37.4823
Sitting_Lying_FewLandmarks,90,Sitting,Standing,False,0.651,0.0,44.2583
Sitting_Lying_FewLandmarks,91,Sitting,Standing,False,0.62,0.0,42.0042
Sitting_Lying_FewLandmarks,92,Sitting,Standing,False,0.597,0.0,46.9782
Sitting_Lying_FewLandmarks,93,Sitting,Standing,False,0.587,0.0,54.3145
Sitting_Lying_FewLandmarks,94,Sitting,Standing,False,0.581,0.0,39.5154
Sitting_Lying_FewLandmarks,95,Sitting,Standing,False,0.577,0.0,39.9518
Sitting_Lying_FewLandmarks,96,Sitting,Standing,False,0.571,0.0,53.9172
Sitting_Lying_FewLandmarks,97,Sitting,Standing,False,0.569,0.0,49.8611
Sitting_Lying_FewLandmarks,98,Sitting,Standing,False,0.565,0.0,50.7096
Sitting_Lying_FewLandmarks,99,Sitting,Standing,False,0.566,0.0,51.4319
Sitting_Lying_FewLandmarks,100,Sitting,Standing,False,0.565,0.0,44.842
Sitting_Lying_FewLandmarks,101,Sitting,Standing,False,0.564,0.0,37.314
Sitting_Lying_FewLandmarks,102,Sitting,Standing,False,0.559,0.0,48.2642
Sitting_Lying_FewLandmarks,103,Sitting,Standing,False,0.557,0.0,50.369
Sitting_Lying_FewLandmarks,104,Sitting,Standing,False,0.551,0.0,44.4941
Sitting_Lying_FewLandmarks,105,Sitting,Standing,False,0.549,0.0,42.5572
Sitting_Lying_FewLandmarks,106,Sitting,Standing,False,0.551,0.0,45.8
Sitting_Lying_FewLandmarks,107,Sitting,Standing,False,0.554,0.0,46.7349
Sitting_Lying_FewLandmarks,108,Sitting,Standing,False,0.555,0.0,49.5151
Sitting_Lying_FewLandmarks,109,Sitting,Standing,False,0.556,0.0,48.5627
Sitting_Lying_FewLandmarks,110,Sitting,Standing,False,0.556,0.0,49.8214
Sitting_Lying_FewLandmarks,111,Sitting,Standing,False,0.558,0.0,45.37
Sitting_Lying_FewLandmarks,112,,Standing,,0.557,0.0,44.8691
Sitting_Lying_FewLandmarks,113,,Standing,,0.561,0.0,42.4119
Sitting_Lying_FewLandmarks,114,,Standing,,0.562,0.0,46.0264
Sitting_Lying_FewLandmarks,115,,Standing,,0.565,0.0,51.0074
Sitting_Lying_FewLandmarks,116,,Standing,,0.565,0.0,57.2536
Sitting_Lying_FewLandmarks,117,,Standing,,0.569,0.0,51.0008
Sitting_Lying_FewLandmarks,118,,Standing,,0.57,0.0,60.379
Sitting_Lying_FewLandmarks,119,,Standing,,0.57,0.0,57.52
Sitting_Lying_FewLandmarks,120,,Standing,,0.571,0.0,46.6961
Sitting_Lying_FewLandmarks,121,,Standing,,0.57,0.0,35.8204
Sitting_Lying_FewLandmarks,122,,Standing,,0.566,0.0,41.2074
Sitting_Lying_FewLandmarks,123,,Standing,,0.554,0.0,46.3792
Sitting_Lying_FewLandmarks,124,,Standing,,0.536,0.0,48.1252
Sitting_Lying_FewLandmarks,125,,Standing,,0.51,0.0,43.8503
Sitting_Lying_FewLandmarks,126,,Standing,,0.479,0.0,35.7893
Sitting_Lying_FewLandmarks,127,,Standing,,0.449,0.0,43.5699
Sitting_Lying_FewLandmarks,128,,Standing,,0.431,0.0,43.813
Sitting_Lying_FewLandmarks,129,,Standing,,0.411,0.0,36.9423
Sitting_Lying_FewLandmarks,130,,Standing,,0.403,0.0,48.5972
Sitting_Lying_FewLandmarks,131,,Standing,,0.396,0.0,50.7564
Sitting_Lying_FewLandmarks,132,,Sitting,,0.395,0.0,33.7316
Sitting_Lying_FewLandmarks,133,,Sitting,,0.398,0.0,36.5308
Sitting_Lying_FewLandmarks,134,,Sitting,,0.401,0.0,38.4075
Sitting_Lying_FewLandmarks,135,,Sitting,,0.403,0.0,51.1983
Sitting_Lying_FewLandmarks,136,,Sitting,,0.403,0.0,48.0444
Sitting_Lying_FewLandmarks,137,,Sitting,,0.407,0.0,33.4628
Sitting_Lying_FewLandmarks,138,,Sitting,,0.405,0.0,42.1129
Sitting_Lying_FewLandmarks,139,,Sitting,,0.403,0.0,47.2397
Sitting_Lying_FewLandmarks,140,,Standing,,0.431,0.0,46.5376
Sitting_Lying_FewLandmarks,141,,Standing,,0.444,0.0,38.5245
Sitting_Lying_FewLandmarks,142,,Standing,,0.456,0.0,49.9873
Sitting_Lying_FewLandmarks,143,,Standing,,0.472,0.0,40.7773
Sitting_Lying_FewLandmarks,144,,Standing,,0.477,0.0,41.7031
Sitting_Lying_FewLandmarks,145,,Standing,,0.482,0.0,31.3642
Sitting_Lying_FewLandmarks,146,,Standing,,0.468,0.0,32.0784
Sitting_Lying_FewLandmarks,147,,Standing,,0.444,0.0,29.0918
Sitting_Lying_FewLandmarks,148,,Standing,,0.416,0.0,30.3128
Sitting_Lying_FewLandmarks,149,,Standing,,0.392,0.0,30.1742
Sitting_Lying_FewLandmarks,150,,Standing,,0.363,0.0,29.305
Sitting_Lying_FewLandmarks,151,,Standing,,0.35,0.0,28.5541
Sitting_Lying_FewLandmarks,152,,Standing,,0.338,0.0,30.053
Sitting_Lying_FewLandmarks,153,,Sitting,,0.351,0.0,33.8196
Sitting_Lying_FewLandmarks,154,,Sitting,,0.345,0.0,29.5509
Sitting_Lying_FewLandmarks,155,,Sitting,,0.336,0.0,29.1704
Sitting_Lying_FewLandmarks,156,,Sitting,,0.338,0.0,34.5671
Sitting_Lying_FewLandmarks,157,,Sitting,,0.329,0.0,29.4123
Sitting_Lying_FewLandmarks,158,,Sitting,,0.316,0.0,31.0581
Sitting_Lying_FewLandmarks,159,,Sitting,,0.307,0.0,29.3351
Sitting_Lying_FewLandmarks,160,,Sitting,,0.304,0.0,27.5358
Sitting_Lying_FewLandmarks,161,,Sitting,,0.295,0.0,28.2555
Sitting_Lying_FewLandmarks,162,,Sitting,,0.289,0.0,30.3753
Sitting_Lying_FewLandmarks,163,,Lying,,0.406,0.0,29.0257
Sitting_Lying_FewLandmarks,164,,Lying,,0.425,0.0,31.6642
Sitting_Lying_FewLandmarks,165,,Lying,,0.435,0.0,36.6067
Sitting_Lying_FewLandmarks,166,,Lying,,0.467,0.0,29.2845
Sitting_Lying_FewLandmarks,167,,Lying,,0.482,0.0,26.0282
Sitting_Lying_FewLandmarks,168,,Lying,,0.495,0.0,31.3104
Sitting_Lying_FewLandmarks,169,,Lying,,0.502,0.0,29.6849
Sitting_Lying_FewLandmarks,170,,Lying,,0.513,0.0,31.2118
Sitting_Lying_FewLandmarks,171,,Lying,,0.523,0.0,36.2131
Sitting_Lying_FewLandmarks,172,,Lying,,0.537,0.0,33.8913
Sitting_Lying_FewLandmarks,173,,Lying,,0.552,0.0,36.7942
Sitting_Lying_FewLandmarks,174,,Lying,,0.57,0.0,37.1535
Sitting_Lying_FewLandmarks,175,,Lying,,0.592,0.0,35.8874
Sitting_Lying_FewLandmarks,176,,Lying,,0.608,0.0,39.1646
Sitting_Lying_FewLandmarks,177,Lying,Lying,True,0.621,0.0,48.1879
Sitting_Lying_FewLandmarks,178,Lying,Lying,True,0.639,0.0,69.639
Sitting_Lying_FewLandmarks,179,Lying,Lying,True,0.651,0.0,50.803
Sitting_Lying_FewLandmarks,180,Lying,Lying,True,0.662,0.0,42.4577
Sitting_Lying_FewLandmarks,181,Lying,Lying,True,0.668,0.0,49.8772
Sitting_Lying_FewLandmarks,182,Lying,Lying,True,0.674,0.0,48.6557
Sitting_Lying_FewLandmarks,183,Lying,Lying,True,0.674,0.0,61.5193
Sitting_Lying_FewLandmarks,184,Lying,Lying,True,0.679,0.0,52.7995
Sitting_Lying_FewLandmarks,185,Lying,Lying,True,0.679,0.0,37.9218
Sitting_Lying_FewLandmarks,186,Lying,Lying,True,0.685,0.0,42.2019
Sitting_Lying_FewLandmarks,187,Lying,Lying,True,0.688,0.0,44.0143
Sitting_Lying_FewLandmarks,188,Lying,Lying,True,0.688,0.0,38.2972
Sitting_Lying_FewLandmarks,189,Lying,Lying,True,0.686,0.0,36.9684
Sitting_Lying_FewLandmarks,190,Lying,Lying,True,0.686,0.0,45.2465
Sitting_Lying_FewLandmarks,191,Lying,Lying,True,0.687,0.0,47.5363
Sitting_Lying_FewLandmarks,192,Lying,Lying,True,0.693,0.0,53.7861
Sitting_Lying_FewLandmarks,193,Lying,Lying,True,0.697,0.0,44.9525
Sitting_Lying_FewLandmarks,194,Lying,Lying,True,0.7,0.0,38.8741
Sitting_Lying_FewLandmarks,195,Lying,Lying,True,0.698,0.0,37.2784
Sitting_Lying_FewLandmarks,196,Lying,Lying,True,0.698,0.0,40.6252
Sitting_Lying_FewLandmarks,197,Lying,Lying,True,0.689,1.0,52.0133
Sitting_Lying_FewLandmarks,198,Lying,Lying,True,0.681,1.0,42.7905
Sitting_Lying_FewLandmarks,199,Lying,Lying,True,0.666,0.0,34.9574
Sitting_Lying_FewLandmarks,200,Lying,Lying,True,0.655,1.0,36.0036
Sitting_Lying_FewLandmarks,201,Lying,Lying,True,0.634,1.0,42.5906
Sitting_Lying_FewLandmarks,202,Lying,Lying,True,0.618,1.0,50.375
Sitting_Lying_FewLandmarks,203,Lying,Lying,True,0.601,1.0,39.1346
Sitting_Lying_FewLandmarks,204,Lying,Lying,True,0.587,1.0,41.0764
Sitting_Lying_FewLandmarks,205,Lying,Lying,True,0.571,1.0,51.8668
Sitting_Lying_FewLandmarks,206,Lying,Lying,True,0.559,1.0,53.4297
Sitting_Lying_FewLandmarks,207,Lying,Lying,True,0.551,1.0,41.6891
Sitting_Lying_FewLandmarks,208,Lying,Lying,True,0.541,0.0,33.8216
Sitting_Lying_FewLandmarks,209,Lying,Lying,True,0.531,0.0,39.5885
Sitting_Lying_FewLandmarks,210,Lying,Lying,True,0.523,1.0,34.6786
Sitting_Lying_FewLandmarks,211,Lying,Lying,True,0.518,0.0,33.3502
Sitting_Lying_FewLandmarks,212,Lying,Lying,True,0.51,0.0,33.3679
Sitting_Lying_FewLandmarks,213,Lying,Lying,True,0.505,1.0,33.3755
Sitting_Lying_FewLandmarks,214,Lying,Lying,True,0.504,0.0,32.8345
Sitting_Lying_FewLandmarks,215,Lying,Lying,True,0.505,0.0,36.0481
Sitting_Lying_FewLandmarks,216,Lying,Lying,True,0.503,0.0,32.4999
Sitting_Lying_FewLandmarks,217,Lying,Lying,True,0.509,1.0,31.8787
Sitting_Lying_FewLandmarks,218,Lying,Lying,True,0.523,0.0,31.9118
Sitting_Lying_FewLandmarks,219,Lying,Lying,True,0.531,0.0,30.5263
Sitting_Lying_FewLandmarks,220,Lying,Lying,True,0.541,0.0,30.9399
Sitting_Lying_FewLandmarks,221,Lying,Lying,True,0.551,1.0,27.8006
Sitting_Lying_FewLandmarks,222,Lying,Lying,True,0.554,1.0,31.7758
Sitting_Lying_FewLandmarks,223,Lying,Lying,True,0.555,1.0,47.0504
Sitting_Lying_FewLandmarks,224,Lying,Lying,True,0.557,1.0,48.0157
Sitting_Lying_FewLandmarks,225,Lying,Lying,True,0.56,1.0,45.2729
Sitting_Lying_FewLandmarks,226,Lying,Lying,True,0.562,0.0,50.7152
Sitting_Lying_FewLandmarks,227,Lying,Lying,True,0.567,1.0,60.7025
Sitting_Lying_FewLandmarks,228,Lying,Lying,True,0.572,1.0,52.6596
Sitting_Lying_FewLandmarks,229,Lying,Lying,True,0.571,1.0,43.6675
Sitting_Lying_FewLandmarks,230,Lying,Lying,True,0.571,0.0,81.0339
Sitting_Lying_FewLandmarks,231,Lying,Lying,True,0.573,0.0,82.7083
Sitting_Lying_FewLandmarks,232,Lying,Lying,True,0.581,1.0,58.5972
Sitting_Lying_FewLandmarks,233,Lying,Lying,True,0.575,1.0,50.5013
Sitting_Lying_FewLandmarks,234,Lying,Lying,True,0.576,1.0,38.2108
Sitting_Lying_FewLandmarks,235,Lying,Lying,True,0.576,0.0,32.3993
Sitting_Lying_FewLandmarks,236,,Lying,,0.569,0.0,31.1997
Sitting_Lying_FewLandmarks,237,,Lying,,0.556,0.0,32.4095
Sitting_Lying_FewLandmarks,238,,Lying,,0.556,1.0,37.4815
Sitting_Lying_FewLandmarks,239,,Lying,,0.55,1.0,29.737
Sitting_Lying_FewLandmarks,240,,Lying,,0.547,1.0,27.5732
Sitting_Lying_FewLandmarks,241,,Lying,,0.545,0.0,34.3087
Sitting_Lying_FewLandmarks,242,,Lying,,0.541,0.0,25.8413
Sitting_Lying_FewLandmarks,243,,Lying,,0.544,0.0,26.5109
Sitting_Lying_FewLandmarks,244,,Lying,,0.552,0.0,25.2788
Sitting_Lying_FewLandmarks,245,,Lying,,0.556,0.0,34.9273
Sitting_Lying_FewLandmarks,246,,Lying,,0.567,0.0,27.5013
Sitting_Lying_FewLandmarks,247,,Lying,,0.577,0.0,27.6883
Sitting_Lying_FewLandmarks,248,,Lying,,0.58,0.0,34.2397
Sitting_Lying_FewLandmarks,249,,Lying,,0.589,0.0,34.7456
Sitting_Lying_FewLandmarks,250,,Lying,,0.588,0.0,55.7191
Sitting_Lying_FewLandmarks,251,,Lying,,0.579,0.0,54.5599
Sitting_Lying_FewLandmarks,252,,Lying,,0.577,0.0,48.5488
Sitting_Lying_FewLandmarks,253,,Lying,,0.57,0.0,43.9342
Sitting_Lying_FewLandmarks,254,,Lying,,0.559,0.0,32.269
Sitting_Lying_FewLandmarks,255,,Lying,,0.544,0.0,28.496
Sitting_Lying_FewLandmarks,256,,Lying,,0.53,0.0,31.4503
Sitting_Lying_FewLandmarks,257,,Lying,,0.498,0.0,29.465
Sitting_Lying_FewLandmarks,258,,Lying,,0.467,0.0,29.551
Sitting_Lying_FewLandmarks,259,,Lying,,0.439,0.0,31.163
Sitting_Lying_FewLandmarks,260,,Lying,,0.414,0.0,31.9322
Sitting_Lying_FewLandmarks,261,,Lying,,0.399,0.0,28.3297
Sitting_Lying_FewLandmarks,262,,Lying,,0.397,0.0,37.7823
Sitting_Lying_FewLandmarks,263,,Lying,,0.397,0.0,31.37
Sitting_Lying_FewLandmarks,264,,Lying,,0.393,0.0,38.212
Sitting_Lying_FewLandmarks,265,,Lying,,0.392,0.0,27.4425
Sitting_Lying_FewLandmarks,266,,Lying,,0.379,0.0,29.9358
Sitting_Lying_FewLandmarks,267,,Lying,,0.374,0.0,35.9256
Sitting_Lying_FewLandmarks,268,,Lying,,0.363,0.0,29.524
Sitting_Lying_FewLandmarks,269,,Lying,,0.33,0.0,33.8932
Sitting_Lying_FewLandmarks,270,,Lying,,0.309,0.0,36.4131
Sitting_Lying_FewLandmarks,271,,Lying,,0.296,0.0,28.5069
Sitting_Lying_FewLandmarks,272,,Lying,,0.295,0.0,33.1602
Sitting_Lying_FewLandmarks,273,,Lying,,0.295,0.0,29.2061
Sitting_Lying_FewLandmarks,274,,Lying,,0.295,0.0,26.5418
Sitting_Lying_FewLandmarks,275,,Lying,,0.292,0.0,26.256
Sitting_Lying_FewLandmarks,276,,Standing,,0.314,0.0,27.0314
Sitting_Lying_FewLandmarks,277,,Standing,,0.314,0.0,25.7003
Sitting_Lying_FewLandmarks,278,,Standing,,0.318,0.0,28.389
Sitting_Lying_FewLandmarks,279,,Standing,,0.318,0.0,27.2416
Sitting_Lying_FewLandmarks,280,,Standing,,0.319,0.0,25.5236
Sitting_Lying_FewLandmarks,281,,Lying,,0.349,0.0,28.6667
Sitting_Lying_FewLandmarks,282,,Lying,,0.363,0.0,28.5706
Sitting_Lying_FewLandmarks,283,,Lying,,0.376,0.0,26.9165
Sitting_Lying_FewLandmarks,284,,Lying,,0.389,0.0,25.2783
Sitting_Lying_FewLandmarks,285,,Lying,,0.401,0.0,38.85
Sitting_Lying_FewLandmarks,286,,Lying,,0.416,0.0,26.8889
Sitting_Lying_FewLandmarks,287,,Lying,,0.416,0.0,27.737
Sitting_Lying_FewLandmarks,288,,Lying,,0.395,0.0,27.0171
Sitting_Lying_FewLandmarks,289,,Lying,,0.384,0.0,29.572
Sitting_Lying_FewLandmarks,290,,Lying,,0.37,0.0,30.4725
Sitting_Lying_FewLandmarks,291,,Sitting,,0.332,0.0,29.1028
Sitting_Lying_FewLandmarks,292,,Sitting,,0.346,0.0,27.422
Sitting_Lying_FewLandmarks,293,,Sitting,,0.357,0.0,33.0995
Sitting_Lying_FewLandmarks,294,,Sitting,,0.373,0.0,31.737
Sitting_Lying_FewLandmarks,295,,Sitting,,0.388,0.0,32.1126
Sitting_Lying_FewLandmarks,296,,Sitting,,0.399,0.0,33.0722
Sitting_Lying_FewLandmarks,297,,Sitting,,0.401,0.0,30.1431
Sitting_Lying_FewLandmarks,298,,Sitting,,0.399,0.0,32.8059
Sitting_Lying_FewLandmarks,299,,Sitting,,0.397,0.0,41.8265
Sitting_Lying_FewLandmarks,300,,Sitting,,0.398,0.0,32.0881
Sitting_Lying_FewLandmarks,301,,Sitting,,0.397,0.0,29.4414
Sitting_Lying_FewLandmarks,302,,Sitting,,0.394,0.0,30.5116
Sitting_Lying_FewLandmarks,303,,Sitting,,0.395,0.0,31.5424
Sitting_Lying_FewLandmarks,304,,Sitting,,0.396,0.0,31.1588
Sitting_Lying_FewLandmarks,305,,Sitting,,0.392,0.0,36.0233
Sitting_Lying_FewLandmarks,306,,Sitting,,0.389,0.0,36.5113
Sitting_Lying_FewLandmarks,307,,Sitting,,0.39,0.0,43.6125
Sitting_Lying_FewLandmarks,308,,Standing,,0.402,0.0,32.3723
Sitting_Lying_FewLandmarks,309,,Standing,,0.417,0.0,35.3277
Sitting_Lying_FewLandmarks,310,,Standing,,0.428,0.0,29.3313
Sitting_Lying_FewLandmarks,311,,Standing,,0.449,0.0,32.5618
Sitting_Lying_FewLandmarks,312,,Standing,,0.467,0.0,36.4391
Sitting_Lying_FewLandmarks,313,,Standing,,0.476,0.0,39.5831
Sitting_Lying_FewLandmarks,314,,Standing,,0.482,0.0,29.7989
Sitting_Lying_FewLandmarks,315,,Standing,,0.486,0.0,31.2209
Sitting_Lying_FewLandmarks,316,,Standing,,0.489,0.0,48.3287
Sitting_Lying_FewLandmarks,317,,Standing,,0.493,0.0,43.7704
Sitting_Lying_FewLandmarks,318,,Standing,,0.501,0.0,33.7764
Sitting_Lying_FewLandmarks,319,,Standing,,0.506,0.0,31.6524
Sitting_Lying_FewLandmarks,320,,Standing,,0.512,0.0,31.2603
Sitting_Lying_FewLandmarks,321,,Standing,,0.515,0.0,31.3838
Sitting_Lying_FewLandmarks,322,,Standing,,0.515,0.0,28.4858
Sitting_Lying_FewLandmarks,323,,Standing,,0.516,0.0,33.3308
Sitting_Lying_FewLandmarks,324,,Standing,,0.517,0.0,28.1847
Sitting_Lying_FewLandmarks,325,Sitting,Standing,False,0.515,0.0,29.4245
Sitting_Lying_FewLandmarks,326,Sitting,Standing,False,0.514,0.0,25.6306
Sitting_Lying_FewLandmarks,327,Sitting,Standing,False,0.514,0.0,27.6801
Sitting_Lying_FewLandmarks,328,Sitting,Standing,False,0.509,0.0,28.1214
Sitting_Lying_FewLandmarks,329,Sitting,Standing,False,0.503,0.0,30.7892
Sitting_Lying_FewLandmarks,330,Sitting,Standing,False,0.497,0.0,30.1532
Sitting_Lying_FewLandmarks,331,Sitting,Standing,False,0.489,0.0,27.5402
Sitting_Lying_FewLandmarks,332,Sitting,Standing,False,0.483,0.0,28.028
Sitting_Lying_FewLandmarks,333,Sitting,Standing,False,0.476,0.0,25.9595
Sitting_Lying_FewLandmarks,334,Sitting,Standing,False,0.473,0.0,29.6789
Sitting_Lying_FewLandmarks,335,Sitting,Standing,False,0.47,0.0,28.5308
Sitting_Lying_FewLandmarks,336,Sitting,Standing,False,0.47,0.0,29.6599
Sitting_Lying_FewLandmarks,337,Sitting,Standing,False,0.471,0.0,33.5219
Sitting_Lying_FewLandmarks,338,Sitting,Standing,False,0.476,0.0,26.842
Sitting_Lying_FewLandmarks,339,Sitting,Standing,False,0.484,0.0,28.4123
Sitting_Lying_FewLandmarks,340,Sitting,Standing,False,0.491,0.0,29.2145
Sitting_Lying_FewLandmarks,341,Sitting,Standing,False,0.499,0.0,25.881
Sitting_Lying_FewLandmarks,342,Sitting,Standing,False,0.506,0.0,25.0899
Sitting_Lying_FewLandmarks,343,Sitting,Standing,False,0.51,0.0,28.2493
Sitting_Lying_FewLandmarks,344,Sitting,Standing,False,0.509,0.0,25.4778
Sitting_Lying_FewLandmarks,345,Sitting,Standing,False,0.51,0.0,28.5515
Sitting_Lying_FewLandmarks,346,Sitting,Standing,False,0.509,0.0,34.0366
Sitting_Lying_FewLandmarks,347,Sitting,Standing,False,0.507,0.0,32.0431
Sitting_Lying_FewLandmarks,348,Sitting,Standing,False,0.504,0.0,30.0991
Sitting_Lying_FewLandmarks,349,Sitting,Standing,False,0.502,0.0,36.0067
Sitting_Lying_FewLandmarks,350,Sitting,Standing,False,0.502,0.0,30.9545
Sitting_Lying_FewLandmarks,351,Sitting,Standing,False,0.499,0.0,30.8991
Sitting_Lying_FewLandmarks,352,Sitting,Standing,False,0.497,0.0,31.781
Sitting_Lying_FewLandmarks,353,Sitting,Standing,False,0.497,0.0,33.9622
Sitting_Lying_FewLandmarks,354,,Standing,,0.498,0.0,37.2174
Sitting_Lying_FewLandmarks,355,,Standing,,0.495,0.0,47.0911
Sitting_Lying_FewLandmarks,356,,Standing,,0.496,0.0,32.7152
Sitting_Lying_FewLandmarks,357,,Standing,,0.496,0.0,32.3458
Sitting_Lying_FewLandmarks,358,,Standing,,0.495,0.0,30.5992
Sitting_Lying_FewLandmarks,359,,Standing,,0.493,0.0,42.0101
Sitting_Lying_FewLandmarks,360,,Standing,,0.491,0.0,30.8135
Sitting_Lying_FewLandmarks,361,,Standing,,0.487,0.0,30.3868
Sitting_Lying_FewLandmarks,362,,Standing,,0.484,0.0,43.2545
Sitting_Lying_FewLandmarks,363,,Standing,,0.477,0.0,32.3661
Sitting_Lying_FewLandmarks,364,,Standing,,0.471,0.0,34.5607
Sitting_Lying_FewLandmarks,365,,Standing,,0.464,0.0,30.4611
Sitting_Lying_FewLandmarks,366,,Standing,,0.455,0.0,27.9928
Sitting_Lying_FewLandmarks,367,,Standing,,0.444,0.0,28.0828
Sitting_Lying_FewLandmarks,368,,Standing,,0.431,0.0,30.3727
Sitting_Lying_FewLandmarks,369,,Standing,,0.415,0.0,28.0676
Sitting_Lying_FewLandmarks,370,,Standing,,0.399,0.0,33.7369
Sitting_Lying_FewLandmarks,371,,Standing,,0.38,0.0,40.8707
Sitting_Lying_FewLandmarks,372,,Standing,,0.365,0.0,61.2195
Sitting_Lying_FewLandmarks,373,,Standing,,0.353,0.0,72.5677
Sitting_Lying_FewLandmarks,374,,Standing,,0.342,0.0,80.2932
Sitting_Lying_FewLandmarks,375,,Standing,,0.336,0.0,48.5268
Sitting_Lying_FewLandmarks,376,,Standing,,0.332,0.0,43.8243
Sitting_Lying_FewLandmarks,377,,Sitting,,0.345,0.0,38.1647
Sitting_Lying_FewLandmarks,378,,Sitting,,0.355,0.0,38.236
Sitting_Lying_FewLandmarks,379,,Sitting,,0.366,0.0,31.7844
Sitting_Lying_FewLandmarks,380,,Sitting,,0.387,0.0,27.7052
Sitting_Lying_FewLandmarks,381,,Sitting,,0.399,0.0,29.3036
Sitting_Lying_FewLandmarks,382,,Sitting,,0.4,0.0,26.5352
Sitting_Lying_FewLandmarks,383,,Sitting,,0.399,0.0,26.288
Sitting_Lying_FewLandmarks,384,,Sitting,,0.387,0.0,27.8664
Sitting_Lying_FewLandmarks,385,,Sitting,,0.379,0.0,27.5879
Sitting_Lying_FewLandmarks,386,,Sitting,,0.371,0.0,26.6591
Sitting_Lying_FewLandmarks,387,,Standing,,0.434,0.0,23.6493
Sitting_Lying_FewLandmarks,388,,Standing,,0.464,0.0,25.439
Sitting_Lying_FewLandmarks,389,,Standing,,0.491,0.0,27.6529
Sitting_Lying_FewLandmarks,390,,Standing,,0.545,0.0,23.2925
Sitting_Lying_FewLandmarks,391,,Standing,,0.59,0.0,26.1907
Sitting_Lying_FewLandmarks,392,,Standing,,0.62,0.0,23.6033
Sitting_Lying_FewLandmarks,393,,Standing,,0.645,0.0,24.2278
Sitting_Lying_FewLandmarks,394,,Standing,,0.666,0.0,23.4921
Sitting_Lying_FewLandmarks,395,,Standing,,0.679,0.0,23.5927
Sitting_Lying_FewLandmarks,396,,Standing,,0.691,0.0,22.1926
Sitting_Lying_FewLandmarks,397,,Standing,,0.702,0.0,23.2082
Sitting_Lying_FewLandmarks,398,,Standing,,0.717,0.0,21.7899
Sitting_Lying_FewLandmarks,399,,Standing,,0.728,0.0,22.2584
Sitting_Lying_FewLandmarks,400,,Standing,,0.743,0.0,21.7604
Sitting_Lying_FewLandmarks,401,,Standing,,0.759,0.0,21.0114
