clip_name,frame_number,gt_label,pred_label,correct,confidence,nan_fraction,latency_ms
Bend_pickup_lowLight,31,,Standing,,0.945,0.0,26.8064
Bend_pickup_lowLight,32,,Standing,,0.944,0.0,26.1358
Bend_pickup_lowLight,33,,Standing,,0.941,0.0,29.4391
Bend_pickup_lowLight,34,,Standing,,0.941,0.0,29.0076
Bend_pickup_lowLight,35,,Standing,,0.94,0.0,26.82
Bend_pickup_lowLight,36,,Standing,,0.939,0.0,30.1938
Bend_pickup_lowLight,37,,Standing,,0.94,0.0,26.8028
Bend_pickup_lowLight,38,,Standing,,0.938,0.0,24.8425
Bend_pickup_lowLight,39,,Standing,,0.935,0.0,28.5169
Bend_pickup_lowLight,40,,Standing,,0.931,0.0,27.3744
Bend_pickup_lowLight,41,,Standing,,0.927,0.0,31.3832
Bend_pickup_lowLight,42,,Standing,,0.92,0.0,28.4263
Bend_pickup_lowLight,43,,Standing,,0.912,0.0,28.7284
Bend_pickup_lowLight,44,,Standing,,0.901,0.0,25.9866
Bend_pickup_lowLight,45,,Standing,,0.883,0.0,23.8982
Bend_pickup_lowLight,46,,Standing,,0.844,0.0,24.975
Bend_pickup_lowLight,47,,Standing,,0.789,0.0,26.379
Bend_pickup_lowLight,48,,Standing,,0.727,0.0,29.6321
Bend_pickup_lowLight,49,,Standing,,0.653,0.0,32.5491
Bend_pickup_lowLight,50,,Standing,,0.573,0.0,47.1102
Bend_pickup_lowLight,51,,Standing,,0.524,0.0,44.444
Bend_pickup_lowLight,52,,Standing,,0.467,0.0,41.1376
Bend_pickup_lowLight,53,,Standing,,0.421,0.0,46.239
Bend_pickup_lowLight,54,,Lying,,0.33,0.0,38.9738
Bend_pickup_lowLight,55,,Lying,,0.334,0.0,40.0626
Bend_pickup_lowLight,56,,Lying,,0.334,0.0,31.9532
Bend_pickup_lowLight,57,,Lying,,0.334,0.0,30.87
Bend_pickup_lowLight,58,,Lying,,0.34,0.0,30.2208
Bend_pickup_lowLight,59,,Sitting,,0.379,0.0,28.4092
Bend_pickup_lowLight,60,,Sitting,,0.391,0.0,43.102
Bend_pickup_lowLight,61,,Sitting,,0.404,0.0,37.3516
Bend_pickup_lowLight,62,,Sitting,,0.412,0.0,43.1942
Bend_pickup_lowLight,63,,Sitting,,0.43,0.0,37.8351
Bend_pickup_lowLight,64,,Sitting,,0.445,0.0,34.2388
Bend_pickup_lowLight,65,,Sitting,,0.461,0.0,30.7184
Bend_pickup_lowLight,66,,Sitting,,0.47,0.0,40.6034
Bend_pickup_lowLight,67,,Sitting,,0.475,0.0,38.7195
Bend_pickup_lowLight,68,,Sitting,,0.472,0.0,46.7076
Bend_pickup_lowLight,69,,Sitting,,0.471,0.0,41.0485
Bend_pickup_lowLight,70,,Sitting,,0.465,0.0,38.0992
Bend_pickup_lowLight,71,,Sitting,,0.454,0.0,29.5316
Bend_pickup_lowLight,72,,Sitting,,0.432,0.0,28.5059
Bend_pickup_lowLight,73,,Sitting,,0.425,0.0,27.1142
Bend_pickup_lowLight,74,,Sitting,,0.415,0.0,28.9354
Bend_pickup_lowLight,75,,Sitting,,0.406,0.0,28.838
Bend_pickup_lowLight,76,,Standing,,0.409,0.0,28.0125
Bend_pickup_lowLight,77,,Standing,,0.438,0.0,34.8274
Bend_pickup_lowLight,78,,Standing,,0.465,0.0,43.0908
Bend_pickup_lowLight,79,,Standing,,0.487,0.0,31.0053
Bend_pickup_lowLight,80,,Standing,,0.533,0.0,36.3683
Bend_pickup_lowLight,81,,Standing,,0.57,0.0,35.2038
Bend_pickup_lowLight,82,,Standing,,0.598,0.0,27.5867
Bend_pickup_lowLight,83,,Standing,,0.618,0.0,28.7553
Bend_pickup_lowLight,84,,Standing,,0.634,0.0,32.2354
Bend_pickup_lowLight,85,,Standing,,0.646,0.0,33.5109
Bend_pickup_lowLight,86,,Standing,,0.655,0.0,33.1047
Bend_pickup_lowLight,87,,Standing,,0.66,0.0,30.7667
Bend_pickup_lowLight,88,,Standing,,0.667,0.0,31.5852
Bend_pickup_lowLight,89,,Standing,,0.679,0.0,31.7041
Bend_pickup_lowLight,90,,Standing,,0.691,0.0,27.4555
Bend_pickup_lowLight,91,,Standing,,0.7,0.0,35.1144
Bend_pickup_lowLight,92,Standing,Standing,True,0.707,0.0,27.2984
Bend_pickup_lowLight,93,Standing,Standing,True,0.713,0.0,30.7249
Bend_pickup_lowLight,94,Standing,Standing,True,0.717,0.0,31.7862
Bend_pickup_lowLight,95,Standing,Standing,True,0.72,0.0,29.9222
Bend_pickup_lowLight,96,Standing,Standing,True,0.718,0.0,27.8214
Bend_pickup_lowLight,97,Standing,Standing,True,0.718,0.0,28.5074
Bend_pickup_lowLight,98,Standing,Standing,True,0.717,0.0,37.7262
Bend_pickup_lowLight,99,Standing,Standing,True,0.718,0.0,29.7863
Bend_pickup_lowLight,100,Standing,Standing,True,0.721,0.0,30.3847
Bend_pickup_lowLight,101,Standing,Standing,True,0.726,0.0,29.8575
Bend_pickup_lowLight,102,Standing,Standing,True,0.742,0.0,30.0623
Bend_pickup_lowLight,103,Standing,Standing,True,0.761,0.0,26.5461
Bend_pickup_lowLight,104,Standing,Standing,True,0.777,0.0,26.7492
Bend_pickup_lowLight,105,Standing,Standing,True,0.791,0.0,25.2664
Bend_pickup_lowLight,106,Standing,Standing,True,0.806,0.0,33.3436
Bend_pickup_lowLight,107,Standing,Standing,True,0.823,0.0,27.2281
Bend_pickup_lowLight,108,Standing,Standing,True,0.843,0.0,28.6376
Bend_pickup_lowLight,109,Standing,Standing,True,0.854,0.0,31.2955
Bend_pickup_lowLight,110,Standing,Standing,True,0.866,0.0,34.514
Bend_pickup_lowLight,111,Standing,Standing,True,0.881,0.0,35.6293
Bend_pickup_lowLight,112,Standing,Standing,True,0.894,0.0,43.9402
Bend_pickup_lowLight,113,Standing,Standing,True,0.904,0.0,64.968
Bend_pickup_lowLight,114,Standing,Standing,True,0.915,0.0,29.259
Bend_pickup_lowLight_leftRight,31,,Standing,,0.832,0.0,27.6961
Bend_pickup_lowLight_leftRight,32,,Standing,,0.819,0.0,27.5884
Bend_pickup_lowLight_leftRight,33,,Standing,,0.811,0.0,29.3138
Bend_pickup_lowLight_leftRight,34,,Standing,,0.805,0.0,31.5957
Bend_pickup_lowLight_leftRight,35,,Standing,,0.8,0.0,27.1157
Bend_pickup_lowLight_leftRight,36,,Standing,,0.794,0.0,31.2805
Bend_pickup_lowLight_leftRight,37,,Standing,,0.786,0.0,29.883
Bend_pickup_lowLight_leftRight,38,,Standing,,0.769,0.0,30.6994
Bend_pickup_lowLight_leftRight,39,,Standing,,0.747,0.0,32.1485
Bend_pickup_lowLight_leftRight,40,,Standing,,0.726,0.0,37.5112
Bend_pickup_lowLight_leftRight,41,,Standing,,0.694,0.0,38.738
Bend_pickup_lowLight_leftRight,42,,Standing,,0.653,0.0,29.6668
Bend_pickup_lowLight_leftRight,43,,Standing,,0.6,0.0,31.5888
Bend_pickup_lowLight_leftRight,44,,Standing,,0.577,0.0,33.1854
Bend_pickup_lowLight_leftRight,45,,Standing,,0.55,0.0,41.1116
Bend_pickup_lowLight_leftRight,46,,Standing,,0.523,0.0,28.2463
Bend_pickup_lowLight_leftRight,47,,Sitting,,0.408,0.0,30.2064
Bend_pickup_lowLight_leftRight,48,,Sitting,,0.427,0.0,34.4619
Bend_pickup_lowLight_leftRight,49,,Sitting,,0.443,0.0,32.8489
Bend_pickup_lowLight_leftRight,50,,Sitting,,0.46,0.0,32.3675
Bend_pickup_lowLight_leftRight,51,,Sitting,,0.496,0.0,33.2355
Bend_pickup_lowLight_leftRight,52,,Sitting,,0.522,0.0,44.4414
Bend_pickup_lowLight_leftRight,53,,Sitting,,0.546,0.0,33.9539
Bend_pickup_lowLight_leftRight,54,,Sitting,,0.571,0.0,33.8186
Bend_pickup_lowLight_leftRight,55,,Sitting,,0.589,0.0,37.9536
Bend_pickup_lowLight_leftRight,56,,Sitting,,0.606,0.0,32.4481
Bend_pickup_lowLight_leftRight,57,,Sitting,,0.616,0.0,33.1369
Bend_pickup_lowLight_leftRight,58,,Sitting,,0.622,0.0,35.8054
Bend_pickup_lowLight_leftRight,59,,Sitting,,0.626,0.0,33.4329
Bend_pickup_lowLight_leftRight,60,,Sitting,,0.627,0.0,37.0243
Bend_pickup_lowLight_leftRight,61,,Sitting,,0.624,0.0,32.0482
Bend_pickup_lowLight_leftRight,62,,Sitting,,0.617,0.0,43.2562
Bend_pickup_lowLight_leftRight,63,,Sitting,,0.61,0.0,31.8479
Bend_pickup_lowLight_leftRight,64,,Sitting,,0.605,0.0,32.5699
Bend_pickup_lowLight_leftRight,65,,Sitting,,0.6,0.0,37.3382
Bend_pickup_lowLight_leftRight,66,,Sitting,,0.597,0.0,29.6159
Bend_pickup_lowLight_leftRight,67,,Sitting,,0.6,0.0,35.7999
Bend_pickup_lowLight_leftRight,68,,Sitting,,0.601,0.0,40.3078
Bend_pickup_lowLight_leftRight,69,,Sitting,,0.605,0.0,28.4132
Bend_pickup_lowLight_leftRight,70,,Sitting,,0.609,0.0,29.6208
Bend_pickup_lowLight_leftRight,71,,Sitting,,0.61,0.0,38.5537
Bend_pickup_lowLight_leftRight,72,,Sitting,,0.608,0.0,33.2549
Bend_pickup_lowLight_leftRight,73,,Sitting,,0.604,0.0,31.8613
Bend_pickup_lowLight_leftRight,74,,Sitting,,0.6,0.0,31.8078
Bend_pickup_lowLight_leftRight,75,,Sitting,,0.596,0.0,35.1046
Bend_pickup_lowLight_leftRight,76,,Sitting,,0.589,0.0,37.0367
Bend_pickup_lowLight_leftRight,77,,Sitting,,0.581,0.0,41.8583
Bend_pickup_lowLight_leftRight,78,,Sitting,,0.577,0.0,39.165
Bend_pickup_lowLight_leftRight,79,,Sitting,,0.574,0.0,46.7895
Bend_pickup_lowLight_leftRight,80,,Sitting,,0.57,0.0,41.1731
Bend_pickup_lowLight_leftRight,81,,Sitting,,0.561,0.0,33.4279
Bend_pickup_lowLight_leftRight,82,,Sitting,,0.548,0.0,35.9509
Bend_pickup_lowLight_leftRight,83,,Sitting,,0.533,0.0,40.3846
Bend_pickup_lowLight_leftRight,84,,Sitting,,0.511,0.0,55.8838
Bend_pickup_lowLight_leftRight,85,,Sitting,,0.482,0.0,45.9041
Bend_pickup_lowLight_leftRight,86,,Sitting,,0.451,0.0,43.0322
Bend_pickup_lowLight_leftRight,87,,Sitting,,0.435,0.0,36.4399
Bend_pickup_lowLight_leftRight,88,,Sitting,,0.416,0.0,33.4451
Bend_pickup_lowLight_leftRight,89,,Sitting,,0.397,0.0,38.6413
Bend_pickup_lowLight_leftRight,90,Standing,Sitting,False,0.376,0.0,43.9967
Bend_pickup_lowLight_leftRight,91,Standing,Standing,True,0.411,0.0,37.4834
Bend_pickup_lowLight_leftRight,92,Standing,Standing,True,0.434,0.0,47.67
Bend_pickup_lowLight_leftRight,93,Standing,Standing,True,0.456,0.0,54.7547
Bend_pickup_lowLight_leftRight,94,Standing,Standing,True,0.468,0.0,44.5033
Bend_pickup_lowLight_leftRight,95,Standing,Standing,True,0.48,0.0,54.4077
Bend_pickup_lowLight_leftRight,96,Standing,Standing,True,0.51,0.0,49.3458
Bend_pickup_lowLight_leftRight,97,Standing,Standing,True,0.538,0.0,56.5588
Bend_pickup_lowLight_leftRight,98,Standing,Standing,True,0.559,0.0,63.2464
Bend_pickup_lowLight_leftRight,99,Standing,Standing,True,0.58,0.0,54.9191
Bend_pickup_lowLight_leftRight,100,Standing,Standing,True,0.594,0.0,68.1014
Bend_pickup_lowLight_leftRight,101,Standing,Standing,True,0.613,0.0,58.2028
Bend_pickup_lowLight_leftRight,102,Standing,Standing,True,0.63,0.0,55.8976
Bend_pickup_lowLight_leftRight,103,Standing,Standing,True,0.648,0.0,57.241
Bend_pickup_lowLight_leftRight,104,Standing,Standing,True,0.662,0.0,72.8408
Bend_pickup_lowLight_leftRight,105,Standing,Standing,True,0.673,0.0,54.3874
Bend_pickup_lowLight_leftRight,106,Standing,Standing,True,0.681,0.0,52.0886
Bend_pickup_lowLight_leftRight,107,Standing,Standing,True,0.685,0.0,59.0639
Bend_pickup_lowLight_leftRight,108,Standing,Standing,True,0.69,0.0,44.7251
Bend_pickup_lowLight_leftRight,109,Standing,Standing,True,0.695,0.0,41.3697
Bend_pickup_lowLight_leftRight,110,Standing,Standing,True,0.698,0.0,45.2305
Bend_pickup_lowLight_leftRight,111,Standing,Standing,True,0.7,0.0,42.7521
Bend_pickup_lowLight_leftRight,112,Standing,Standing,True,0.702,0.0,41.2258
Bend_pickup_lowLight_leftRight,113,Standing,Standing,True,0.704,0.0,34.0552
Bend_pickup_lowLight_leftRight,114,Standing,Standing,True,0.706,0.0,31.6004
Bend_pickup_lowLight_leftRight,115,Standing,Standing,True,0.698,0.0,30.6867
Bend_pickup_lowLight_leftRight,116,Standing,Standing,True,0.671,0.0,41.1998
Bend_pickup_lowLight_leftRight,117,Standing,Standing,True,0.637,0.0,35.3771
Bend_pickup_lowLight_leftRight,118,Standing,Standing,True,0.604,0.0,29.2732
Bend_pickup_lowLight_leftRight,119,Standing,Standing,True,0.577,0.0,30.1839
Bend_pickup_lowLight_leftRight,120,Standing,Standing,True,0.558,0.0,29.3986
Bend_pickup_lowLight_leftRight,121,Standing,Standing,True,0.55,0.0,34.0026
Bend_pickup_lowLight_leftRight,122,Standing,Standing,True,0.554,0.0,28.9583
Bend_pickup_lowLight_leftRight,123,Standing,Standing,True,0.58,0.0,26.8709
Bend_pickup_lowLight_leftRight,124,Standing,Standing,True,0.613,0.0,27.9415
Bend_pickup_lowLight_leftRight,125,Standing,Standing,True,0.65,0.0,26.8006
Bend_pickup_lowLight_leftRight,126,Standing,Standing,True,0.683,0.0,28.1105
Bend_pickup_lowLight_leftRight,127,Standing,Standing,True,0.715,0.0,27.0648
Bend_pickup_lowLight_leftRight,128,Standing,Standing,True,0.739,0.0,30.4429
Bend_pickup_lowLight_leftRight,129,,Standing,,0.765,0.0,36.2084
Bend_pickup_lowLight_leftRight,130,,Standing,,0.787,0.0,30.0626
Bend_pickup_lowLight_leftRight,131,,Standing,,0.81,0.0,35.066
Bend_pickup_lowLight_leftRight,132,,Standing,,0.829,0.0,29.4466
Bend_pickup_lowLight_leftRight,133,,Standing,,0.846,0.0,27.66
Bend_pickup_lowLight_leftRight,134,,Standing,,0.859,0.0,25.2608
Bend_pickup_lowLight_leftRight,135,,Standing,,0.871,0.0,28.956
Bend_pickup_lowLight_leftRight,136,,Standing,,0.878,0.0,29.8994
Bend_pickup_lowLight_leftRight,137,,Standing,,0.887,0.0,26.9761
Bend_pickup_lowLight_leftRight,138,,Standing,,0.894,0.0,29.8625
Bend_pickup_lowLight_leftRight,139,,Standing,,0.901,0.0,41.8155
Bend_pickup_lowLight_leftRight,140,,Standing,,0.904,0.0,30.646
Bend_pickup_lowLight_leftRight,141,,Standing,,0.906,0.0,27.8538
Bend_pickup_lowLight_leftRight,142,,Standing,,0.905,0.0,33.8662
Bend_pickup_lowLight_leftRight,143,,Standing,,0.906,0.0,33.6454
Bend_pickup_lowLight_leftRight,144,,Standing,,0.906,0.0,33.5835
Bend_pickup_lowLight_leftRight,145,,Standing,,0.907,0.0,32.8464
Bend_pickup_lowLight_leftRight,146,,Standing,,0.908,0.0,35.3191
Bend_pickup_lowLight_leftRight,147,,Standing,,0.912,0.0,33.9031
Bend_pickup_lowLight_leftRight,148,,Standing,,0.916,0.0,34.022
Bend_pickup_lowLight_leftRight,149,,Standing,,0.92,0.0,38.6375
Bend_pickup_lowLight_leftRight,150,,Standing,,0.922,0.0,30.502
Bend_pickup_lowLight_leftRight,151,,Standing,,0.923,0.0,32.7588
Bend_pickup_lowLight_leftRight,152,,Standing,,0.921,0.0,39.5556
Bend_pickup_lowLight_leftRight,153,,Standing,,0.917,0.0,32.3416
Bend_pickup_lowLight_leftRight,154,,Standing,,0.909,0.0,33.9329
Bend_pickup_lowLight_leftRight,155,,Standing,,0.902,0.0,35.3262
Bend_pickup_lowLight_leftRight,156,,Standing,,0.896,0.0,34.5315
Bend_pickup_lowLight_leftRight,157,,Standing,,0.891,0.0,42.1854
Bend_pickup_lowLight_leftRight,158,,Standing,,0.884,0.0,35.737
Bend_pickup_lowLight_leftRight,159,,Standing,,0.878,0.0,32.5884
Bend_pickup_lowLight_leftRight,160,,Standing,,0.875,0.0,32.9825
Bend_pickup_lowLight_leftRight,161,,Standing,,0.871,0.0,32.1247
Bend_pickup_lowLight_leftRight,162,,Standing,,0.863,0.0,33.1565
Bend_pickup_lowLight_leftRight,163,,Standing,,0.845,0.0,34.25
Bend_pickup_lowLight_leftRight,164,,Standing,,0.822,0.0,29.5607
Bend_pickup_lowLight_leftRight,165,,Standing,,0.789,0.0,30.7131
Bend_pickup_lowLight_leftRight,166,,Standing,,0.746,0.0,34.9049
Bend_pickup_lowLight_leftRight,167,,Standing,,0.694,0.0,43.0892
Bend_pickup_lowLight_leftRight,168,,Standing,,0.64,0.0,58.3963
Bend_pickup_lowLight_leftRight,169,,Standing,,0.586,0.0,66.9807
Bend_pickup_lowLight_leftRight,170,,Standing,,0.541,0.0,85.8289
Bend_pickup_lowLight_leftRight,171,,Standing,,0.51,0.0,62.1065
Bend_pickup_lowLight_leftRight,172,,Standing,,0.493,0.0,46.9678
Bend_pickup_lowLight_leftRight,173,,Standing,,0.488,0.0,58.8893
Bend_pickup_lowLight_leftRight,174,,Standing,,0.49,0.0,66.5447
Bend_pickup_lowLight_leftRight,175,,Standing,,0.496,0.0,62.6034
Bend_pickup_lowLight_leftRight,176,,Standing,,0.502,0.0,63.7271
Bend_pickup_lowLight_leftRight,177,,Standing,,0.504,0.0,69.8913
Bend_pickup_lowLight_leftRight,178,,Standing,,0.499,0.0,77.3821
Bend_pickup_lowLight_leftRight,179,,Standing,,0.486,0.0,135.3907
Bend_pickup_lowLight_leftRight,180,,Standing,,0.473,0.0,83.834
Bend_pickup_lowLight_leftRight,181,,Standing,,0.458,0.0,87.8672
Bend_pickup_lowLight_leftRight,182,,Standing,,0.441,0.0,85.6328
Bend_pickup_lowLight_leftRight,183,,Standing,,0.433,0.0,75.7971
Bend_pickup_lowLight_leftRight,184,,Standing,,0.428,0.0,56.6346
Bend_pickup_lowLight_leftRight,185,,Standing,,0.42,0.0,50.1573
Bend_pickup_lowLight_leftRight,186,,Sitting,,0.381,0.0,54.2674
Bend_pickup_lowLight_leftRight,187,,Sitting,,0.395,0.0,56.4118
Bend_pickup_lowLight_leftRight,188,,Sitting,,0.406,0.0,54.1831
Bend_pickup_lowLight_leftRight,189,,Sitting,,0.41,0.0,51.5979
Bend_pickup_lowLight_leftRight,190,,Sitting,,0.423,0.0,49.2871
Bend_pickup_lowLight_leftRight,191,,Sitting,,0.438,0.0,55.9256
Bend_pickup_lowLight_leftRight,192,,Sitting,,0.448,0.0,59.4632
Bend_pickup_lowLight_leftRight,193,,Sitting,,0.45,0.0,61.1327
Bend_pickup_lowLight_leftRight,194,,Sitting,,0.448,0.0,61.384
Bend_pickup_lowLight_leftRight,195,,Sitting,,0.439,0.0,44.2275
Bend_pickup_lowLight_leftRight,196,,Sitting,,0.433,0.0,52.055
Bend_pickup_lowLight_leftRight,197,,Sitting,,0.422,0.0,51.1794
Bend_pickup_lowLight_leftRight,198,,Sitting,,0.406,0.0,47.8701
Bend_pickup_lowLight_leftRight,199,,Sitting,,0.398,0.0,52.9382
Bend_pickup_lowLight_leftRight,200,,Sitting,,0.39,0.0,35.871
Bend_pickup_lowLight_leftRight,201,,Sitting,,0.38,0.0,43.387
Bend_pickup_lowLight_leftRight,202,,Standing,,0.422,0.0,36.4933
Bend_pickup_lowLight_leftRight,203,,Standing,,0.449,0.0,33.5369
Bend_pickup_lowLight_leftRight,204,,Standing,,0.474,0.0,28.4704
Bend_pickup_lowLight_leftRight,205,,Standing,,0.496,0.0,27.9121
Bend_pickup_lowLight_leftRight,206,Standing,Standing,True,0.535,0.0,32.0632
Bend_pickup_lowLight_leftRight,207,Standing,Standing,True,0.569,0.0,37.401
Bend_pickup_lowLight_leftRight,208,Standing,Standing,True,0.6,0.0,30.383
Bend_pickup_lowLight_leftRight,209,Standing,Standing,True,0.63,0.0,43.0643
Bend_pickup_lowLight_leftRight,210,Standing,Standing,True,0.651,0.0,33.4453
Bend_pickup_lowLight_leftRight,211,Standing,Standing,True,0.667,0.0,27.3527
Bend_pickup_lowLight_leftRight,212,Standing,Standing,True,0.684,0.0,26.5292
Bend_pickup_lowLight_leftRight,213,Standing,Standing,True,0.702,0.0,28.0043
Bend_pickup_lowLight_leftRight,214,Standing,Standing,True,0.716,0.0,26.0064
Bend_pickup_lowLight_leftRight,215,Standing,Standing,True,0.734,0.0,25.9064
Bend_pickup_lowLight_leftRight,216,Standing,Standing,True,0.747,0.0,26.3086
Bend_pickup_lowLight_leftRight,217,Standing,Standing,True,0.754,0.0,27.0244
Bend_pickup_lowLight_leftRight,218,Standing,Standing,True,0.761,0.0,25.5159
Bend_pickup_lowLight_leftRight,219,Standing,Standing,True,0.766,0.0,29.5884
Bend_pickup_lowLight_leftRight,220,Standing,Standing,True,0.77,0.0,23.5528
Bend_pickup_lowLight_leftRight,221,Standing,Standing,True,0.775,0.0,25.9165
Bend_pickup_lowLight_leftRight,222,Standing,Standing,True,0.778,0.0,23.4281
Bend_pickup_lowLight_leftRight,223,Standing,Standing,True,0.782,0.0,39.0695
Bend_pickup_lowLight_leftRight,224,Standing,Standing,True,0.79,0.0,31.8274
Bend_pickup_lowLight_leftRight,225,Standing,Standing,True,0.801,0.0,24.0061
Bend_pickup_lowLight_leftRight,226,Standing,Standing,True,0.81,0.0,25.4465
Bend_pickup_lowLight_leftRight,227,Standing,Standing,True,0.817,0.0,28.6676
Bend_pickup_lowLight_leftRight,228,Standing,Standing,True,0.824,0.0,25.9375
Bend_pickup_lowLight_leftRight,229,Standing,Standing,True,0.832,0.0,23.809
Bend_pickup_lowLight_leftRight,230,Standing,Standing,True,0.836,0.0,28.3315
Bend_pickup_lowLight_leftRight,231,Standing,Standing,True,0.84,0.0,23.6054
Bend_pickup_lowLight_leftRight,232,Standing,Standing,True,0.844,0.0,24.6275
Bend_pickup_lowLight_leftRight,233,,Standing,,0.846,0.0,26.0855
Bend_pickup_lowLight_leftRight,234,,Standing,,0.849,0.0,25.125
Bend_pickup_lowLight_leftRight,235,,Standing,,0.851,0.0,26.6876
Bend_pickup_lowLight_leftRight,236,,Standing,,0.849,0.0,23.8871
Bend_pickup_lowLight_leftRight,237,,Standing,,0.852,0.0,22.8773
Bend_pickup_lowLight_leftRight,238,,Standing,,0.857,0.0,24.0547
Bend_pickup_lowLight_leftRight,239,,Standing,,0.862,0.0,22.0742
Bend_pickup_lowLight_leftRight,240,,Standing,,0.868,0.0,24.7586
Bend_pickup_lowLight_leftRight,241,,Standing,,0.874,0.0,23.017
Bend_pickup_lowLight_leftRight,242,,Standing,,0.88,0.0,22.2188
Bend_pickup_normalLight_back,31,Standing,Standing,True,0.915,0.0,24.0529
Bend_pickup_normalLight_back,32,Standing,Standing,True,0.914,0.0,22.3757
Bend_pickup_normalLight_back,33,Standing,Standing,True,0.916,0.0,23.4611
Bend_pickup_normalLight_back,34,Standing,Standing,True,0.915,0.0,21.4184
Bend_pickup_normalLight_back,35,Standing,Standing,True,0.912,0.0,22.3578
Bend_pickup_normalLight_back,36,Standing,Standing,True,0.909,0.0,22.9534
Bend_pickup_normalLight_back,37,Standing,Standing,True,0.905,0.0,25.1007
Bend_pickup_normalLight_back,38,Standing,Standing,True,0.897,0.0,23.0215
Bend_pickup_normalLight_back,39,Standing,Standing,True,0.888,0.0,22.9947
Bend_pickup_normalLight_back,40,Standing,Standing,True,0.877,0.0,21.9049
Bend_pickup_normalLight_back,41,Standing,Standing,True,0.866,0.0,22.7996
Bend_pickup_normalLight_back,42,Standing,Standing,True,0.856,0.0,21.7141
Bend_pickup_normalLight_back,43,Standing,Standing,True,0.844,0.0,21.5501
Bend_pickup_normalLight_back,44,Standing,Standing,True,0.831,0.0,22.9517
Bend_pickup_normalLight_back,45,Standing,Standing,True,0.821,0.0,21.3506
Bend_pickup_normalLight_back,46,Standing,Standing,True,0.812,0.0,22.293
Bend_pickup_normalLight_back,47,Standing,Standing,True,0.803,0.0,22.2418
Bend_pickup_normalLight_back,48,Standing,Standing,True,0.796,0.0,22.1949
Bend_pickup_normalLight_back,49,Standing,Standing,True,0.791,0.0,28.3528
Bend_pickup_normalLight_back,50,Standing,Standing,True,0.79,0.0,25.9373
Bend_pickup_normalLight_back,51,Standing,Standing,True,0.79,0.0,24.5913
Bend_pickup_normalLight_back,52,Standing,Standing,True,0.791,0.0,24.7129
Bend_pickup_normalLight_back,53,Standing,Standing,True,0.797,0.0,26.1087
Bend_pickup_normalLight_back,54,Standing,Standing,True,0.801,0.0,25.8887
Bend_pickup_normalLight_back,55,Standing,Standing,True,0.804,0.0,28.7086
Bend_pickup_normalLight_back,56,Standing,Standing,True,0.806,0.0,26.2636
Bend_pickup_normalLight_back,57,Standing,Standing,True,0.809,0.0,33.853
Bend_pickup_normalLight_back,58,,Standing,,0.816,0.0,26.1875
Bend_pickup_normalLight_back,59,,Standing,,0.822,0.0,25.2047
Bend_pickup_normalLight_back,60,,Standing,,0.827,0.0,26.7305
Bend_pickup_normalLight_back,61,,Standing,,0.834,0.0,26.731
Bend_pickup_normalLight_back,62,,Standing,,0.84,0.0,32.3714
Bend_pickup_normalLight_back,63,,Standing,,0.846,0.0,31.0184
Bend_pickup_normalLight_back,64,,Standing,,0.851,0.0,29.3033
Bend_pickup_normalLight_back,65,,Standing,,0.853,0.0,26.9092
Bend_pickup_normalLight_back,66,,Standing,,0.854,0.0,29.985
Bend_pickup_normalLight_back,67,,Standing,,0.851,0.0,39.9363
Bend_pickup_normalLight_back,68,,Standing,,0.851,0.0,38.3697
Bend_pickup_normalLight_back,69,,Standing,,0.852,0.0,32.6641
Bend_pickup_normalLight_back,70,,Standing,,0.853,0.0,36.6966
Bend_pickup_normalLight_back,71,,Standing,,0.856,0.0,29.9122
Bend_pickup_normalLight_back,72,,Standing,,0.86,0.0,30.5762
Bend_pickup_normalLight_back,73,,Standing,,0.868,0.0,42.5624
Bend_pickup_normalLight_back,74,,Standing,,0.875,0.0,43.1124
Bend_pickup_normalLight_back,75,,Standing,,0.882,0.0,33.0871
Bend_pickup_normalLight_back,76,,Standing,,0.889,0.0,35.124
Bend_pickup_normalLight_back,77,,Standing,,0.895,0.0,32.7931
Bend_pickup_normalLight_back,78,,Standing,,0.899,0.0,32.2355
Bend_pickup_normalLight_back,79,,Standing,,0.901,0.0,33.1065
Bend_pickup_normalLight_back,80,,Standing,,0.904,0.0,33.9987
Bend_pickup_normalLight_back,81,,Standing,,0.908,0.0,30.2185
Bend_pickup_normalLight_back,82,,Standing,,0.91,0.0,29.6397
Bend_pickup_normalLight_back,83,,Standing,,0.91,0.0,43.6939
Bend_pickup_normalLight_back,84,,Standing,,0.911,0.0,35.4258
Bend_pickup_normalLight_back,85,,Standing,,0.913,0.0,29.9972
Bend_pickup_normalLight_back,86,,Standing,,0.915,0.0,44.3024
Bend_pickup_normalLight_back,87,,Standing,,0.915,0.0,39.9728
Bend_pickup_normalLight_back,88,,Standing,,0.913,0.0,27.3228
Bend_pickup_normalLight_back,89,,Standing,,0.914,0.0,47.7698
Bend_pickup_normalLight_back,90,,Standing,,0.917,0.0,33.6363
Bend_pickup_normalLight_back,91,,Standing,,0.918,0.0,31.5151
Bend_pickup_normalLight_back,92,,Standing,,0.92,0.0,27.65
Bend_pickup_normalLight_back,93,,Standing,,0.925,0.0,28.6047
Bend_pickup_normalLight_back,94,,Standing,,0.93,0.0,26.5659
Bend_pickup_normalLight_back,95,,Standing,,0.933,0.0,28.6331
Bend_pickup_normalLight_back,96,,Standing,,0.934,0.0,31.1887
Bend_pickup_normalLight_back,97,,Standing,,0.932,0.0,27.6893
Bend_pickup_normalLight_back,98,,Standing,,0.929,0.0,30.0322
Bend_pickup_normalLight_back,99,,Standing,,0.923,0.0,29.8291
Bend_pickup_normalLight_back,100,,Standing,,0.91,1.0,27.6331
Bend_pickup_normalLight_back,101,,Standing,,0.894,0.0,28.248
Bend_pickup_normalLight_back,102,,Standing,,0.883,0.0,34.4337
Bend_pickup_normalLight_back,103,,Standing,,0.869,0.0,26.4609
Bend_pickup_normalLight_back,104,,Standing,,0.851,0.0,33.464
Bend_pickup_normalLight_back,105,,Standing,,0.834,0.0,28.1351
Bend_pickup_normalLight_back,106,,Standing,,0.816,0.0,30.3589
Bend_pickup_normalLight_back,107,,Standing,,0.802,0.0,29.9054
Bend_pickup_normalLight_back,108,,Standing,,0.788,0.0,26.4269
Bend_pickup_normalLight_back,109,,Standing,,0.777,0.0,28.2362
Bend_pickup_normalLight_back,110,,Standing,,0.767,0.0,33.1241
Bend_pickup_normalLight_back,111,,Standing,,0.764,0.0,33.8396
Bend_pickup_normalLight_back,112,,Standing,,0.764,0.0,29.2012
Bend_pickup_normalLight_back,113,,Standing,,0.766,0.0,30.8425
Bend_pickup_normalLight_back,114,,Standing,,0.77,0.0,32.5551
Bend_pickup_normalLight_back,115,,Standing,,0.775,0.0,28.5157
Bend_pickup_normalLight_back,116,,Standing,,0.777,0.0,36.2611
Bend_pickup_normalLight_back,117,,Standing,,0.78,0.0,29.6294
Bend_pickup_normalLight_back,118,,Standing,,0.78,0.0,31.6264
Bend_pickup_normalLight_back,119,,Standing,,0.783,0.0,42.1677
Bend_pickup_normalLight_back,120,,Standing,,0.784,0.0,41.8494
Bend_pickup_normalLight_back,121,,Standing,,0.784,0.0,43.8462
Bend_pickup_normalLight_back,122,,Standing,,0.785,0.0,51.3827
Bend_pickup_normalLight_back,123,,Standing,,0.785,0.0,43.7827
Bend_pickup_normalLight_back,124,,Standing,,0.786,0.0,42.2901
Bend_pickup_normalLight_back,125,,Standing,,0.785,0.0,31.1755
Bend_pickup_normalLight_back,126,,Standing,,0.785,0.0,33.2418
Bend_pickup_normalLight_back,127,,Standing,,0.782,0.0,30.9509
Bend_pickup_normalLight_back,128,,Standing,,0.777,0.0,31.213
Bend_pickup_normalLight_back,129,,Standing,,0.768,0.0,32.8183
Bend_pickup_normalLight_back,130,,Standing,,0.77,0.0,30.689
Bend_pickup_normalLight_back,131,,Standing,,0.773,0.0,37.9673
Bend_pickup_normalLight_back,132,,Standing,,0.777,0.0,46.2521
Bend_pickup_normalLight_back,133,,Standing,,0.781,0.0,48.7712
Bend_pickup_normalLight_back,134,,Standing,,0.786,0.0,47.6236
Bend_pickup_normalLight_back,135,,Standing,,0.792,0.0,49.5539
Bend_pickup_normalLight_back,136,,Standing,,0.805,0.0,51.7466
Bend_pickup_normalLight_back,137,,Standing,,0.808,0.0,51.8286
Bend_pickup_normalLight_back,138,,Standing,,0.811,0.0,50.8129
Bend_pickup_normalLight_back,139,,Standing,,0.814,0.0,36.0949
Bend_pickup_normalLight_back,140,,Standing,,0.817,0.0,51.7588
Bend_pickup_normalLight_back,141,,Standing,,0.823,0.0,50.3747
Bend_pickup_normalLight_back,142,,Standing,,0.826,0.0,50.384
Bend_pickup_normalLight_back,143,,Standing,,0.831,0.0,42.6079
Bend_pickup_normalLight_back,144,,Standing,,0.836,0.0,39.1167
Bend_pickup_normalLight_back,145,,Standing,,0.838,0.0,33.69
Bend_pickup_normalLight_back,146,Standing,Standing,True,0.841,0.0,34.4884
Bend_pickup_normalLight_back,147,Standing,Standing,True,0.845,0.0,27.3837
Bend_pickup_normalLight_back,148,Standing,Standing,True,0.845,0.0,28.8529
Bend_pickup_normalLight_back,149,Standing,Standing,True,0.85,0.0,39.2711
Bend_pickup_normalLight_back,150,Standing,Standing,True,0.852,0.0,33.7807
Bend_pickup_normalLight_back,151,Standing,Standing,True,0.854,0.0,34.818
Bend_pickup_normalLight_back,152,Standing,Standing,True,0.855,0.0,25.0264
Bend_pickup_normalLight_back,153,Standing,Standing,True,0.856,0.0,28.7749
Bend_pickup_normalLight_back,154,Standing,Standing,True,0.858,0.0,26.3302
Bend_pickup_normalLight_back,155,Standing,Standing,True,0.859,0.0,27.9638
Bend_pickup_normalLight_back,156,Standing,Standing,True,0.862,0.0,26.3014
Bend_pickup_normalLight_back,157,Standing,Standing,True,0.866,0.0,29.0567
Bend_pickup_normalLight_back,158,Standing,Standing,True,0.869,0.0,26.3671
Bend_pickup_normalLight_back,159,Standing,Standing,True,0.875,0.0,31.9042
Bend_pickup_normalLight_back,160,Standing,Standing,True,0.885,0.0,27.5758
Bend_pickup_normalLight_back,161,Standing,Standing,True,0.894,0.0,33.2073
Bend_pickup_normalLight_back,162,Standing,Standing,True,0.901,0.0,27.3297
Bend_pickup_normalLight_back,163,Standing,Standing,True,0.904,0.0,27.0353
Bend_pickup_normalLight_back,164,Standing,Standing,True,0.906,0.0,26.5094
Bend_pickup_normalLight_back,165,Standing,Standing,True,0.91,0.0,26.2766
Bend_pickup_normalLight_back,166,Standing,Standing,True,0.913,0.0,27.8689
Bend_pickup_normalLight_back,167,Standing,Standing,True,0.914,0.0,25.9172
Bend_pickup_normalLight_back,168,Standing,Standing,True,0.919,0.0,25.8121
Bend_pickup_normalLight_back,169,Standing,Standing,True,0.926,0.0,32.1515
Bend_pickup_normalLight_back,170,Standing,Standing,True,0.935,0.0,30.1532
Bend_pickup_normalLight_back,171,Standing,Standing,True,0.944,0.0,27.6661
Bend_pickup_normalLight_back,172,Standing,Standing,True,0.952,0.0,25.0031
Bend_pickup_normalLight_back,173,Standing,Standing,True,0.957,0.0,29.2629
Bend_pickup_normalLight_back,174,Standing,Standing,True,0.961,0.0,27.9161
Bend_pickup_normalLight_back,175,,Standing,,0.96,0.0,35.2981
Bend_pickup_normalLight_back,176,,Standing,,0.957,0.0,36.923
Bend_pickup_normalLight_back,177,,Standing,,0.951,0.0,38.5685
Bend_pickup_normalLight_back,178,,Standing,,0.944,0.0,44.733
Bend_pickup_normalLight_back,179,,Standing,,0.937,0.0,34.7144
Bend_pickup_normalLight_back,180,,Standing,,0.929,0.0,34.0025
Bend_pickup_normalLight_back,181,,Standing,,0.92,0.0,29.9962
Bend_pickup_normalLight_back,182,,Standing,,0.91,0.0,28.1478
Bend_pickup_normalLight_back,183,,Standing,,0.901,0.0,26.8418
Bend_pickup_normalLight_back,184,,Standing,,0.893,0.0,29.0401
Bend_pickup_normalLight_back,185,,Standing,,0.886,0.0,27.0932
Bend_pickup_normalLight_back,186,,Standing,,0.879,0.0,29.6917
Bend_pickup_normalLight_back,187,,Standing,,0.873,0.0,26.6648
Bend_pickup_normalLight_back,188,,Standing,,0.867,0.0,26.5717
Bend_pickup_normalLight_back,189,,Standing,,0.862,0.0,28.5025
Bend_pickup_normalLight_back,190,,Standing,,0.855,0.0,24.6845
Bend_pickup_normalLight_back,191,,Standing,,0.851,0.0,26.282
Bend_pickup_normalLight_back,192,,Standing,,0.848,0.0,25.1881
Bend_pickup_normalLight_back,193,,Standing,,0.842,0.0,25.0558
Bend_pickup_normalLight_back,194,,Standing,,0.836,0.0,32.5906
Bend_pickup_normalLight_back,195,,Standing,,0.829,0.0,31.5411
Bend_pickup_normalLight_back,196,,Standing,,0.823,0.0,28.0691
Bend_pickup_normalLight_back,197,,Standing,,0.819,0.0,29.5606
Bend_pickup_normalLight_back,198,,Standing,,0.813,0.0,28.3817
Bend_pickup_normalLight_back,199,,Standing,,0.809,0.0,29.4528
Bend_pickup_normalLight_back,200,,Standing,,0.804,0.0,24.2067
Bend_pickup_normalLight_back,201,,Standing,,0.802,0.0,26.8568
Bend_pickup_normalLight_back,202,,Standing,,0.801,0.0,26.5688
Bend_pickup_normalLight_back,203,,Standing,,0.793,0.0,26.5269
Bend_pickup_normalLight_back,204,,Standing,,0.783,0.0,29.3362
Bend_pickup_normalLight_back,205,,Standing,,0.769,0.0,36.2093
Bend_pickup_normalLight_back,206,,Standing,,0.749,0.0,38.6231
Bend_pickup_normalLight_back,207,,Standing,,0.724,0.0,38.9176
Bend_pickup_normalLight_back,208,,Standing,,0.693,0.0,30.0243
Bend_pickup_normalLight_back,209,,Standing,,0.658,0.0,38.4296
Bend_pickup_normalLight_back,210,,Standing,,0.623,0.0,37.6517
Bend_pickup_normalLight_back,211,,Standing,,0.584,0.0,43.1576
Bend_pickup_normalLight_back,212,,Standing,,0.549,0.0,28.1559
Bend_pickup_normalLight_back,213,,Standing,,0.512,0.0,31.7477
Bend_pickup_normalLight_back,214,,Standing,,0.48,0.0,31.7298
Bend_pickup_normalLight_back,215,,Standing,,0.453,0.0,34.3037
Bend_pickup_normalLight_back,216,,Standing,,0.429,0.0,30.2949
Bend_pickup_normalLight_back,217,,Standing,,0.416,0.0,31.8738
Bend_pickup_normalLight_back,218,,Standing,,0.405,0.0,33.3339
Bend_pickup_normalLight_back,219,,Standing,,0.395,0.0,47.0539
Bend_pickup_normalLight_back,220,,Lying,,0.371,0.0,35.4197
Bend_pickup_normalLight_back,221,,Lying,,0.374,0.0,36.2269
Bend_pickup_normalLight_back,222,,Lying,,0.373,0.0,35.4737
Bend_pickup_normalLight_back,223,,Lying,,0.373,0.0,37.8678
Bend_pickup_normalLight_back,224,,Lying,,0.379,0.0,33.067
Bend_pickup_normalLight_back,225,,Lying,,0.384,0.0,38.4743
Bend_pickup_normalLight_back,226,,Sitting,,0.465,0.0,33.1775
Bend_pickup_normalLight_back,227,,Sitting,,0.485,0.0,32.7851
Bend_pickup_normalLight_back,228,,Sitting,,0.503,0.0,31.9395
Bend_pickup_normalLight_back,229,,Sitting,,0.519,0.0,45.2735
Bend_pickup_normalLight_back,230,,Sitting,,0.552,0.0,50.1403
Bend_pickup_normalLight_back,231,,Sitting,,0.579,0.0,51.8244
Bend_pickup_normalLight_back,232,,Sitting,,0.598,0.0,55.6283
Bend_pickup_normalLight_back,233,,Sitting,,0.611,0.0,48.4473
Bend_pickup_normalLight_back,234,,Sitting,,0.616,0.0,42.3706
Bend_pickup_normalLight_back,235,,Sitting,,0.611,0.0,38.1938
Bend_pickup_normalLight_back,236,,Sitting,,0.596,0.0,50.8781
Bend_pickup_normalLight_back,237,,Sitting,,0.576,0.0,58.904
Bend_pickup_normalLight_back,238,,Sitting,,0.548,0.0,48.5562
Bend_pickup_normalLight_back,239,,Sitting,,0.516,0.0,40.1008
Bend_pickup_normalLight_back,240,,Sitting,,0.478,0.0,38.2653
Bend_pickup_normalLight_back,241,,Sitting,,0.457,0.0,46.9189
Bend_pickup_normalLight_back,242,,Sitting,,0.437,0.0,54.9831
Bend_pickup_normalLight_back,243,,Sitting,,0.42,0.0,43.0666
Bend_pickup_normalLight_back,244,,Standing,,0.434,0.0,43.3526
Bend_pickup_normalLight_back,245,,Standing,,0.459,0.0,64.094
Bend_pickup_normalLight_back,246,,Standing,,0.476,0.0,58.3189
Bend_pickup_normalLight_back,247,,Standing,,0.49,0.0,68.0708
Bend_pickup_normalLight_back,248,,Standing,,0.523,0.0,59.3423
Bend_pickup_normalLight_back,249,,Standing,,0.555,0.0,35.8642
Bend_pickup_normalLight_back,250,,Standing,,0.585,0.0,36.1881
Bend_pickup_normalLight_back,251,,Standing,,0.614,0.0,37.1156
Bend_pickup_normalLight_back,252,,Standing,,0.639,0.0,33.4905
Bend_pickup_normalLight_back,253,,Standing,,0.655,0.0,34.9059
Bend_pickup_normalLight_back,254,,Standing,,0.67,0.0,35.517
Bend_pickup_normalLight_back,255,,Standing,,0.674,0.0,43.8317
Bend_pickup_normalLight_back,256,,Standing,,0.677,0.0,48.9681
Bend_pickup_normalLight_back,257,,Standing,,0.677,0.0,44.5658
Bend_pickup_normalLight_back,258,,Standing,,0.672,0.0,44.0561
Bend_pickup_normalLight_back,259,,Standing,,0.664,0.0,47.4633
Bend_pickup_normalLight_back,260,,Standing,,0.667,0.0,51.2478
Bend_pickup_normalLight_back,261,,Standing,,0.673,0.0,43.93
Bend_pickup_normalLight_back,262,Standing,Standing,True,0.688,0.0,41.2247
Bend_pickup_normalLight_back,263,Standing,Standing,True,0.702,0.0,44.8583
Bend_pickup_normalLight_back,264,Standing,Standing,True,0.711,0.0,39.4972
Bend_pickup_normalLight_back,265,Standing,Standing,True,0.719,0.0,38.3118
Bend_pickup_normalLight_back,266,Standing,Standing,True,0.725,0.0,41.5402
Bend_pickup_normalLight_back,267,Standing,Standing,True,0.73,0.0,47.6896
Bend_pickup_normalLight_back,268,Standing,Standing,True,0.731,0.0,43.7364
Bend_pickup_normalLight_back,269,Standing,Standing,True,0.728,0.0,37.6318
Bend_pickup_normalLight_back,270,Standing,Standing,True,0.727,0.0,45.8545
Bend_pickup_normalLight_back,271,Standing,Standing,True,0.731,0.0,66.1341
Bend_pickup_normalLight_back,272,Standing,Standing,True,0.735,0.0,35.565
Bend_pickup_normalLight_back,273,Standing,Standing,True,0.738,0.0,33.6731
Bend_pickup_normalLight_back,274,Standing,Standing,True,0.743,0.0,43.3939
Bend_pickup_normalLight_back,275,Standing,Standing,True,0.752,0.0,45.7573
Bend_pickup_normalLight_back,276,Standing,Standing,True,0.764,0.0,39.3317
Bend_pickup_normalLight_back,277,Standing,Standing,True,0.772,0.0,34.5351
Bend_pickup_normalLight_back,278,Standing,Standing,True,0.777,0.0,41.7269
Bend_pickup_normalLight_back,279,Standing,Standing,True,0.782,0.0,45.105
Bend_pickup_normalLight_back,280,Standing,Standing,True,0.785,0.0,51.1224
Bend_pickup_normalLight_back,281,Standing,Standing,True,0.789,0.0,52.571
Bend_pickup_normalLight_back,282,Standing,Standing,True,0.79,0.0,47.0943
Bend_pickup_normalLight_back,283,Standing,Standing,True,0.792,0.0,42.6414
Bend_pickup_normalLight_back,284,Standing,Standing,True,0.799,0.0,44.9625
Bend_pickup_normalLight_back,285,Standing,Standing,True,0.805,0.0,40.9782
Bend_pickup_normalLight_back,286,Standing,Standing,True,0.81,0.0,42.07
Bend_pickup_normalLight_back,287,Standing,Standing,True,0.817,0.0,48.2231
Bend_pickup_normalLight_back,288,Standing,Standing,True,0.82,0.0,47.2946
Bend_pickup_normalLight_back,289,Standing,Standing,True,0.82,0.0,43.4903
Bend_pickup_normalLight_back,290,Standing,Standing,True,0.816,0.0,36.7694
Bend_pickup_normalLight_back,291,Standing,Standing,True,0.811,0.0,38.1087
Bend_pickup_normalLight_back,292,,Standing,,0.81,0.0,36.2497
Bend_pickup_normalLight_back,293,,Standing,,0.815,0.0,37.7391
Bend_pickup_normalLight_back,294,,Standing,,0.821,0.0,45.4813
Bend_pickup_normalLight_back,295,,Standing,,0.829,0.0,62.4549
Bend_pickup_normalLight_back,296,,Standing,,0.839,0.0,45.0221
Bend_pickup_normalLight_back,297,,Standing,,0.849,0.0,37.7588
Bend_pickup_normalLight_back,298,,Standing,,0.855,0.0,42.2434
Bend_pickup_normalLight_back,299,,Standing,,0.856,0.0,56.3715
Bend_pickup_normalLight_back,300,,Standing,,0.853,0.0,50.1344
Bend_pickup_normalLight_back,301,,Standing,,0.849,0.0,42.4172
Bend_pickup_normalLight_back,302,,Standing,,0.845,0.0,49.3236
Bend_pickup_normalLight_back,303,,Standing,,0.841,0.0,42.6937
Bend_pickup_normalLight_back,304,,Standing,,0.84,0.0,36.9199
Bend_pickup_normalLight_back,305,,Standing,,0.843,0.0,42.2114
Bend_pickup_normalLight_back,306,,Standing,,0.846,0.0,51.7793
Bend_pickup_normalLight_back,307,,Standing,,0.852,0.0,45.4585
Bend_pickup_normalLight_back,308,,Standing,,0.856,0.0,55.9817
Bend_pickup_normalLight_back,309,,Standing,,0.86,0.0,43.8568
Bend_pickup_normalLight_back,310,,Standing,,0.864,0.0,48.1288
Bend_pickup_normalLight_back,311,,Standing,,0.869,0.0,36.0783
Bend_pickup_normalLight_back,312,,Standing,,0.873,0.0,34.4753
Bend_pickup_normalLight_back,313,,Standing,,0.875,0.0,39.6945
Bend_pickup_normalLight_back,314,,Standing,,0.877,0.0,43.1106
Bend_pickup_normalLight_back,315,,Standing,,0.881,0.0,50.1194
Bend_pickup_normalLight_back,316,,Standing,,0.885,0.0,48.6007
Bend_pickup_normalLight_back,317,,Standing,,0.89,0.0,39.1141
Bend_pickup_normalLight_back,318,,Standing,,0.899,0.0,41.5387
Bend_pickup_normalLight_back,319,,Standing,,0.906,0.0,75.1971
Bend_pickup_normalLight_back,320,,Standing,,0.914,0.0,71.9701
Bend_pickup_normalLight_back,321,,Standing,,0.923,0.0,56.7872
Bend_pickup_normalLight_back,322,,Standing,,0.93,0.0,41.0476
Bend_pickup_normalLight_back,323,,Standing,,0.938,0.0,48.6039
Bend_pickup_normalLight_back,324,,Standing,,0.94,0.0,39.5753
Bend_pickup_normalLight_back,325,,Standing,,0.937,0.0,43.9824
Bend_pickup_normalLight_back,326,,Standing,,0.931,0.0,42.6265
Bend_pickup_normalLight_back,327,,Standing,,0.922,0.0,37.7581
Bend_pickup_normalLight_back,328,,Standing,,0.911,0.0,38.8991
Bend_pickup_normalLight_back,329,,Standing,,0.894,0.0,40.8834
Bend_pickup_normalLight_back,330,,Standing,,0.87,0.0,48.826
Bend_pickup_normalLight_back,331,,Standing,,0.847,0.0,35.5085
Bend_pickup_normalLight_back,332,,Standing,,0.822,0.0,31.2436
Bend_pickup_normalLight_back,333,,Standing,,0.798,0.0,31.711
Bend_pickup_normalLight_back,334,,Standing,,0.773,0.0,40.0792
Bend_pickup_normalLight_back,335,,Standing,,0.747,0.0,35.1156
Bend_pickup_normalLight_back,336,,Standing,,0.726,0.0,37.0821
Bend_pickup_normalLight_back,337,,Standing,,0.708,0.0,35.1406
Bend_pickup_normalLight_back,338,,Standing,,0.683,0.0,42.0859
Bend_pickup_normalLight_back,339,,Standing,,0.644,0.0,44.387
Bend_pickup_normalLight_back,340,,Standing,,0.63,0.0,39.6931
Bend_pickup_normalLight_back,341,,Standing,,0.615,0.0,41.289
Bend_pickup_normalLight_back,342,,Standing,,0.597,0.0,39.0469
Bend_pickup_normalLight_back,343,,Sitting,,0.603,0.0,31.2096
Bend_pickup_normalLight_back,344,,Sitting,,0.636,0.0,35.5091
Bend_pickup_normalLight_back,345,,Sitting,,0.664,0.0,44.3491
Bend_pickup_normalLight_back,346,,Sitting,,0.688,0.0,49.6558
Bend_pickup_normalLight_back,347,,Sitting,,0.74,0.0,47.5797
Bend_pickup_normalLight_back,348,,Sitting,,0.774,0.0,49.5237
Bend_pickup_normalLight_back,349,,Sitting,,0.798,0.0,48.6027
Bend_pickup_normalLight_back,350,,Sitting,,0.812,0.0,45.968
Bend_pickup_normalLight_back,351,,Sitting,,0.815,0.0,36.5546
Bend_pickup_normalLight_back,352,,Sitting,,0.81,0.0,42.927
Bend_pickup_normalLight_back,353,,Sitting,,0.797,0.0,34.5056
Bend_pickup_normalLight_back,354,,Sitting,,0.782,0.0,40.0213
Bend_pickup_normalLight_back,355,,Sitting,,0.765,0.0,42.9231
Bend_pickup_normalLight_back,356,,Sitting,,0.748,0.0,48.5437
Bend_pickup_normalLight_back,357,,Sitting,,0.731,0.0,33.2012
Bend_pickup_normalLight_back,358,,Sitting,,0.713,0.0,37.7084
Bend_pickup_normalLight_back,359,,Sitting,,0.696,0.0,38.4858
Bend_pickup_normalLight_back,360,,Sitting,,0.682,0.0,44.9111
Bend_pickup_normalLight_back,361,,Sitting,,0.67,0.0,39.8359
Bend_pickup_normalLight_back,362,,Sitting,,0.66,0.0,42.0349
Bend_pickup_normalLight_back,363,,Sitting,,0.651,0.0,42.8758
Bend_pickup_normalLight_back,364,,Sitting,,0.644,0.0,35.7949
Bend_pickup_normalLight_back,365,,Sitting,,0.639,0.0,31.0618
Bend_pickup_normalLight_back,366,,Sitting,,0.636,0.0,38.3016
Bend_pickup_normalLight_back,367,,Sitting,,0.634,0.0,39.8025
Bend_pickup_normalLight_back,368,,Sitting,,0.629,0.0,38.1679
Bend_pickup_normalLight_back,369,,Sitting,,0.626,0.0,36.324
Bend_pickup_normalLight_back,370,,Sitting,,0.625,0.0,37.8836
Bend_pickup_normalLight_back,371,,Sitting,,0.622,0.0,35.9749
Bend_pickup_normalLight_back,372,,Sitting,,0.621,0.0,31.9526
Bend_pickup_normalLight_back,373,,Sitting,,0.618,0.0,33.5922
Bend_pickup_normalLight_back,374,,Sitting,,0.616,0.0,36.3078
Bend_pickup_normalLight_back,375,,Sitting,,0.619,0.0,33.9564
Bend_pickup_normalLight_back,376,,Sitting,,0.622,0.0,29.0885
Bend_pickup_normalLight_back,377,,Sitting,,0.623,0.0,31.6175
Bend_pickup_normalLight_back,378,,Sitting,,0.623,0.0,31.4666
Bend_pickup_normalLight_back,379,,Sitting,,0.624,0.0,38.4276
Bend_pickup_normalLight_back,380,,Sitting,,0.63,0.0,29.9333
Bend_pickup_normalLight_back,381,,Sitting,,0.635,0.0,31.6094
Bend_pickup_normalLight_back,382,,Sitting,,0.634,0.0,41.0312
Bend_pickup_normalLight_back,383,,Sitting,,0.634,0.0,30.9207
Bend_pickup_normalLight_back,384,,Sitting,,0.635,0.0,30.0047
Bend_pickup_normalLight_back,385,,Sitting,,0.638,0.0,32.4378
Bend_pickup_normalLight_back,386,,Sitting,,0.641,0.0,37.5617
Bend_pickup_normalLight_back,387,,Sitting,,0.646,0.0,40.1082
Bend_pickup_normalLight_back,388,,Sitting,,0.652,0.0,31.5427
Bend_pickup_normalLight_back,389,,Sitting,,0.662,0.0,24.9498
Bend_pickup_normalLight_back,390,,Sitting,,0.675,0.0,27.7237
Bend_pickup_normalLight_back,391,,Sitting,,0.686,0.0,26.9485
Bend_pickup_normalLight_back,392,,Sitting,,0.697,0.0,26.1891
Bend_pickup_normalLight_back,393,,Sitting,,0.702,0.0,25.161
Bend_pickup_normalLight_back,394,,Sitting,,0.698,0.0,23.4238
Bend_pickup_normalLight_back,395,,Sitting,,0.687,0.0,26.5469
Bend_pickup_normalLight_back,396,,Sitting,,0.67,0.0,23.443
Bend_pickup_normalLight_back,397,,Sitting,,0.64,0.0,25.1399
Bend_pickup_normalLight_back,398,,Sitting,,0.605,0.0,22.9123
Bend_pickup_normalLight_back,399,,Sitting,,0.585,0.0,27.1152
Bend_pickup_normalLight_back,400,,Sitting,,0.565,0.0,23.3977
Bend_pickup_normalLight_back,401,,Sitting,,0.542,0.0,25.3161
Bend_pickup_normalLight_back,402,,Standing,,0.538,0.0,23.3278
Bend_pickup_normalLight_back,403,,Standing,,0.559,0.0,23.9119
Bend_pickup_normalLight_back,404,,Standing,,0.577,0.0,28.101
Bend_pickup_normalLight_back,405,,Standing,,0.592,0.0,25.151
Bend_pickup_normalLight_back,406,,Standing,,0.628,0.0,22.1689
Bend_pickup_normalLight_back,407,,Standing,,0.659,0.0,25.867
Bend_pickup_normalLight_back,408,,Standing,,0.678,0.0,22.9272
Bend_pickup_normalLight_back,409,,Standing,,0.694,0.0,23.5041
Bend_pickup_normalLight_back,410,,Standing,,0.703,0.0,22.4013
Bend_pickup_normalLight_back,411,,Standing,,0.713,0.0,23.3204
Bend_pickup_normalLight_back,412,,Standing,,0.724,0.0,22.9986
Bend_pickup_normalLight_back,413,,Standing,,0.732,0.0,22.5153
Bend_pickup_normalLight_back,414,,Standing,,0.739,0.0,20.9799
Bend_pickup_normalLight_back,415,,Standing,,0.751,0.0,23.1766
Bend_pickup_normalLight_back,416,,Standing,,0.763,0.0,21.3388
Bend_pickup_normalLight_back,417,,Standing,,0.78,0.0,28.1302
Bend_pickup_normalLight_back,418,,Standing,,0.793,0.0,27.8416
Bend_pickup_normalLight_back,419,,Standing,,0.806,0.0,25.6385
Bend_pickup_normalLight_back,420,,Standing,,0.82,0.0,30.0742
Bend_pickup_normalLight_back,421,,Standing,,0.832,0.0,30.4647
Bend_pickup_normalLight_back,422,,Standing,,0.842,0.0,36.1712
Bend_pickup_normalLight_back,423,,Standing,,0.851,0.0,33.2808
Bend_pickup_normalLight_back,424,,Standing,,0.857,0.0,50.8304
Bend_pickup_normalLight_back,425,,Standing,,0.862,0.0,43.0694
Bend_pickup_normalLight_back,426,,Standing,,0.866,0.0,48.8373
Bend_pickup_normalLight_back,427,,Standing,,0.867,0.0,48.273
Bend_pickup_normalLight_back,428,,Standing,,0.866,0.0,48.9928
Bend_pickup_normalLight_back,429,,Standing,,0.862,0.0,45.5355
Bend_pickup_normalLight,31,,Standing,,0.93,0.0,46.6509
Bend_pickup_normalLight,32,,Standing,,0.931,0.0,41.0945
Bend_pickup_normalLight,33,,Standing,,0.932,0.0,51.8335
Bend_pickup_normalLight,34,,Standing,,0.934,0.0,42.5504
Bend_pickup_normalLight,35,,Standing,,0.937,0.0,39.9281
Bend_pickup_normalLight,36,,Standing,,0.94,0.0,50.1991
Bend_pickup_normalLight,37,,Standing,,0.941,0.0,54.9814
Bend_pickup_normalLight,38,,Standing,,0.945,0.0,49.8874
Bend_pickup_normalLight,39,,Standing,,0.948,0.0,50.6271
Bend_pickup_normalLight,40,,Standing,,0.951,0.0,48.6948
Bend_pickup_normalLight,41,,Standing,,0.954,0.0,35.7884
Bend_pickup_normalLight,42,,Standing,,0.953,0.0,52.4471
Bend_pickup_normalLight,43,,Standing,,0.949,0.0,46.5155
Bend_pickup_normalLight,44,,Standing,,0.946,0.0,47.2636
Bend_pickup_normalLight,45,,Standing,,0.938,0.0,42.3625
Bend_pickup_normalLight,46,,Standing,,0.928,0.0,41.4742
Bend_pickup_normalLight,47,,Standing,,0.916,0.0,41.7959
Bend_pickup_normalLight,48,,Standing,,0.898,0.0,48.6972
Bend_pickup_normalLight,49,,Standing,,0.882,0.0,51.817
Bend_pickup_normalLight,50,,Standing,,0.866,0.0,52.1925
Bend_pickup_normalLight,51,,Standing,,0.838,0.0,46.9964
Bend_pickup_normalLight,52,,Standing,,0.808,0.0,45.8044
Bend_pickup_normalLight,53,,Standing,,0.776,0.0,51.2642
Bend_pickup_normalLight,54,,Standing,,0.744,0.0,38.6266
Bend_pickup_normalLight,55,,Standing,,0.715,0.0,45.0537
Bend_pickup_normalLight,56,,Standing,,0.673,0.0,65.6547
Bend_pickup_normalLight,57,,Standing,,0.623,0.0,52.3493
Bend_pickup_normalLight,58,,Standing,,0.584,0.0,47.4434
Bend_pickup_normalLight,59,,Standing,,0.54,0.0,84.1454
Bend_pickup_normalLight,60,,Standing,,0.503,0.0,51.8311
Bend_pickup_normalLight,61,,Standing,,0.475,0.0,43.4197
Bend_pickup_normalLight,62,,Standing,,0.451,0.0,51.6485
Bend_pickup_normalLight,63,,Standing,,0.44,0.0,49.9236
Bend_pickup_normalLight,64,,Standing,,0.432,0.0,53.269
Bend_pickup_normalLight,65,,Standing,,0.414,0.0,53.3496
Bend_pickup_normalLight,66,,Standing,,0.408,0.0,59.434
Bend_pickup_normalLight,67,,Standing,,0.4,0.0,38.6203
Bend_pickup_normalLight,68,,Standing,,0.383,0.0,59.9691
Bend_pickup_normalLight,69,,Standing,,0.371,0.0,42.1619
Bend_pickup_normalLight,70,,Standing,,0.366,0.0,54.4806
Bend_pickup_normalLight,71,,Standing,,0.373,0.0,47.3965
Bend_pickup_normalLight,72,,Standing,,0.391,0.0,46.9181
Bend_pickup_normalLight,73,,Standing,,0.407,0.0,50.0231
Bend_pickup_normalLight,74,,Standing,,0.417,0.0,50.555
Bend_pickup_normalLight,75,,Standing,,0.434,0.0,57.7929
Bend_pickup_normalLight,76,,Standing,,0.445,0.0,38.3644
Bend_pickup_normalLight,77,,Standing,,0.452,0.0,40.3816
Bend_pickup_normalLight,78,,Standing,,0.458,0.0,47.2782
Bend_pickup_normalLight,79,,Standing,,0.471,0.0,33.8935
Bend_pickup_normalLight,80,,Standing,,0.488,0.0,33.5939
Bend_pickup_normalLight,81,,Standing,,0.509,0.0,30.2657
Bend_pickup_normalLight,82,Standing,Standing,True,0.528,0.0,32.8875
Bend_pickup_normalLight,83,Standing,Standing,True,0.543,0.0,36.4214
Bend_pickup_normalLight,84,Standing,Standing,True,0.564,0.0,52.092
Bend_pickup_normalLight,85,Standing,Standing,True,0.583,0.0,53.3984
Bend_pickup_normalLight,86,Standing,Standing,True,0.594,0.0,44.5676
Bend_pickup_normalLight,87,Standing,Standing,True,0.605,0.0,62.057
Bend_pickup_normalLight,88,Standing,Standing,True,0.616,0.0,57.2772
Bend_pickup_normalLight,89,Standing,Standing,True,0.627,0.0,54.0047
Bend_pickup_normalLight,90,Standing,Standing,True,0.647,0.0,40.9793
Bend_pickup_normalLight,91,Standing,Standing,True,0.657,0.0,37.7736
Bend_pickup_normalLight,92,Standing,Standing,True,0.665,0.0,33.3329
Bend_pickup_normalLight,93,Standing,Standing,True,0.675,0.0,33.685
Bend_pickup_normalLight,94,Standing,Standing,True,0.685,0.0,32.2927
Bend_pickup_normalLight,95,Standing,Standing,True,0.698,0.0,40.7436
Bend_pickup_normalLight,96,Standing,Standing,True,0.711,0.0,34.834
Bend_pickup_normalLight,97,Standing,Standing,True,0.724,0.0,36.1301
Bend_pickup_normalLight,98,Standing,Standing,True,0.74,0.0,28.2846
Bend_pickup_normalLight,99,Standing,Standing,True,0.758,0.0,34.9155
Bend_pickup_normalLight,100,Standing,Standing,True,0.776,0.0,40.6165
Bend_pickup_normalLight,101,Standing,Standing,True,0.792,0.0,29.9242
Bend_pickup_normalLight,102,Standing,Standing,True,0.81,0.0,29.5522
Bend_pickup_normalLight,103,Standing,Standing,True,0.828,0.0,32.9407
Bend_pickup_normalLight,104,Standing,Standing,True,0.839,0.0,30.502
Bend_pickup_normalLight,105,Standing,Standing,True,0.847,0.0,42.303
Bend_pickup_normalLight,106,Standing,Standing,True,0.856,0.0,39.3899
Bend_pickup_normalLight,107,Standing,Standing,True,0.865,0.0,29.88
Bend_pickup_normalLight,108,Standing,Standing,True,0.873,0.0,28.1318
Bend_pickup_normalLight,109,Standing,Standing,True,0.877,0.0,28.1097
Bend_pickup_normalLight,110,,Standing,,0.878,0.0,29.0492
Bend_pickup_normalLight,111,,Standing,,0.88,0.0,26.2503
Bend_pickup_normalLight,112,,Standing,,0.885,0.0,26.9724
Bend_pickup_normalLight,113,,Standing,,0.891,0.0,26.8655
Bend_pickup_normalLight,114,,Standing,,0.896,0.0,25.3378
Bend_pickup_normalLight,115,,Standing,,0.903,0.0,26.5521
Bend_pickup_normalLight,116,,Standing,,0.91,0.0,36.2471
Bend_pickup_normalLight,117,,Standing,,0.916,0.0,30.4
Bend_pickup_normalLight,118,,Standing,,0.924,0.0,25.5303
Bend_pickup_normalLight,119,,Standing,,0.928,0.0,30.6997
Bend_pickup_normalLight,120,,Standing,,0.931,0.0,40.0309
Bend_pickup_normalLight,121,,Standing,,0.933,0.0,32.5412
Bend_pickup_normalLight,122,,Standing,,0.935,0.0,35.4748
Bend_pickup_normalLight,123,,Standing,,0.938,0.0,33.8105
Bend_pickup_normalLight,124,,Standing,,0.945,0.0,27.7815
Bend_pickup_normalLight,125,,Standing,,0.955,0.0,30.2241
Bend_pickup_normalLight,126,,Standing,,0.964,0.0,34.5609
Bend_pickup_normalLight,127,,Standing,,0.974,0.0,25.6088
Bend_pickup_normalLight,128,,Standing,,0.982,0.0,25.4203
Bend_pickup_normalLight,129,,Standing,,0.99,0.0,24.5992
Bend_pickup_normalLight,130,,Standing,,0.996,0.0,24.1448
Bend_pickup_normalLight,131,,Standing,,0.999,0.0,25.5695
Bend_pickup_normalLight,132,,Standing,,0.999,0.0,35.6235
Bend_pickup_normalLight,133,,Standing,,0.999,0.0,25.6284
Bend_pickup_normalLight,134,,Standing,,0.999,0.0,30.2497
Bend_pickup_normalLight,135,,Standing,,0.999,0.0,33.3373
Bend_pickup_normalLight,136,,Standing,,0.999,0.0,41.7954
Bend_pickup_normalLight,137,,Standing,,0.999,0.0,28.21
Bend_pickup_normalLight,138,,Standing,,0.998,0.0,29.0854
Bend_pickup_normalLight,139,,Standing,,0.995,0.0,33.7008
Bend_pickup_normalLight,140,,Standing,,0.992,0.0,26.4707
Bend_pickup_normalLight_leftRight,31,,Standing,,0.759,0.0,27.0251
Bend_pickup_normalLight_leftRight,32,,Standing,,0.729,0.0,36.6675
Bend_pickup_normalLight_leftRight,33,,Standing,,0.714,0.0,36.2058
Bend_pickup_normalLight_leftRight,34,,Standing,,0.692,0.0,32.5676
Bend_pickup_normalLight_leftRight,35,,Standing,,0.671,0.0,34.7785
Bend_pickup_normalLight_leftRight,36,,Standing,,0.644,0.0,39.1763
Bend_pickup_normalLight_leftRight,37,,Standing,,0.619,0.0,36.7922
Bend_pickup_normalLight_leftRight,38,,Standing,,0.566,0.0,34.0664
Bend_pickup_normalLight_leftRight,39,,Standing,,0.543,0.0,34.6989
Bend_pickup_normalLight_leftRight,40,,Standing,,0.515,0.0,27.6343
Bend_pickup_normalLight_leftRight,41,,Standing,,0.488,0.0,26.1173
Bend_pickup_normalLight_leftRight,42,,Sitting,,0.417,0.0,53.7126
Bend_pickup_normalLight_leftRight,43,,Sitting,,0.429,0.0,44.4212
Bend_pickup_normalLight_leftRight,44,,Sitting,,0.443,0.0,28.6453
Bend_pickup_normalLight_leftRight,45,,Sitting,,0.454,0.0,35.2148
Bend_pickup_normalLight_leftRight,46,,Sitting,,0.477,0.0,52.8665
Bend_pickup_normalLight_leftRight,47,,Sitting,,0.504,0.0,31.5878
Bend_pickup_normalLight_leftRight,48,,Sitting,,0.521,0.0,31.8608
Bend_pickup_normalLight_leftRight,49,,Sitting,,0.532,0.0,34.891
Bend_pickup_normalLight_leftRight,50,,Sitting,,0.547,0.0,30.8212
Bend_pickup_normalLight_leftRight,51,,Sitting,,0.557,0.0,29.941
Bend_pickup_normalLight_leftRight,52,,Sitting,,0.571,0.0,31.0108
Bend_pickup_normalLight_leftRight,53,,Sitting,,0.58,0.0,32.7789
Bend_pickup_normalLight_leftRight,54,,Sitting,,0.587,0.0,36.563
Bend_pickup_normalLight_leftRight,55,,Sitting,,0.59,0.0,34.3207
Bend_pickup_normalLight_leftRight,56,,Sitting,,0.595,0.0,37.9401
Bend_pickup_normalLight_leftRight,57,,Sitting,,0.598,0.0,48.0023
Bend_pickup_normalLight_leftRight,58,,Sitting,,0.6,0.0,44.7958
Bend_pickup_normalLight_leftRight,59,,Sitting,,0.601,0.0,67.1626
Bend_pickup_normalLight_leftRight,60,,Sitting,,0.603,0.0,46.7458
Bend_pickup_normalLight_leftRight,61,,Sitting,,0.601,0.0,44.4891
Bend_pickup_normalLight_leftRight,62,,Sitting,,0.599,0.0,41.5681
Bend_pickup_normalLight_leftRight,63,,Sitting,,0.599,0.0,46.2253
Bend_pickup_normalLight_leftRight,64,,Sitting,,0.596,0.0,47.8792
Bend_pickup_normalLight_leftRight,65,,Sitting,,0.594,0.0,46.5166
Bend_pickup_normalLight_leftRight,66,,Sitting,,0.586,0.0,56.0064
Bend_pickup_normalLight_leftRight,67,,Sitting,,0.579,0.0,48.0235
Bend_pickup_normalLight_leftRight,68,,Sitting,,0.576,0.0,45.0495
Bend_pickup_normalLight_leftRight,69,,Sitting,,0.573,0.0,66.4012
Bend_pickup_normalLight_leftRight,70,,Sitting,,0.568,0.0,45.4678
Bend_pickup_normalLight_leftRight,71,,Sitting,,0.562,0.0,53.9219
Bend_pickup_normalLight_leftRight,72,,Sitting,,0.555,0.0,60.4105
Bend_pickup_normalLight_leftRight,73,,Sitting,,0.552,0.0,75.3926
Bend_pickup_normalLight_leftRight,74,,Sitting,,0.549,0.0,64.689
Bend_pickup_normalLight_leftRight,75,,Sitting,,0.546,0.0,46.7305
Bend_pickup_normalLight_leftRight,76,,Sitting,,0.541,0.0,50.7414
Bend_pickup_normalLight_leftRight,77,,Sitting,,0.532,0.0,46.7066
Bend_pickup_normalLight_leftRight,78,,Sitting,,0.522,0.0,51.7228
Bend_pickup_normalLight_leftRight,79,,Sitting,,0.507,0.0,50.9972
Bend_pickup_normalLight_leftRight,80,,Sitting,,0.484,0.0,34.1993
Bend_pickup_normalLight_leftRight,81,,Sitting,,0.463,0.0,45.7687
Bend_pickup_normalLight_leftRight,82,,Sitting,,0.441,0.0,35.9077
Bend_pickup_normalLight_leftRight,83,,Sitting,,0.42,0.0,38.8931
Bend_pickup_normalLight_leftRight,84,,Sitting,,0.405,0.0,40.1926
Bend_pickup_normalLight_leftRight,85,,Sitting,,0.395,0.0,38.3064
Bend_pickup_normalLight_leftRight,86,,Sitting,,0.385,0.0,41.5181
Bend_pickup_normalLight_leftRight,87,Standing,Sitting,False,0.385,0.0,41.6539
Bend_pickup_normalLight_leftRight,88,Standing,Sitting,False,0.383,0.0,35.893
Bend_pickup_normalLight_leftRight,89,Standing,Sitting,False,0.382,0.0,33.0916
Bend_pickup_normalLight_leftRight,90,Standing,Standing,True,0.423,0.0,41.9728
Bend_pickup_normalLight_leftRight,91,Standing,Standing,True,0.441,0.0,52.0923
Bend_pickup_normalLight_leftRight,92,Standing,Standing,True,0.46,0.0,52.3197
Bend_pickup_normalLight_leftRight,93,Standing,Standing,True,0.478,0.0,49.9948
Bend_pickup_normalLight_leftRight,94,Standing,Standing,True,0.517,0.0,52.1606
Bend_pickup_normalLight_leftRight,95,Standing,Standing,True,0.551,0.0,51.1589
Bend_pickup_normalLight_leftRight,96,Standing,Standing,True,0.585,0.0,34.5788
Bend_pickup_normalLight_leftRight,97,Standing,Standing,True,0.613,0.0,33.8952
Bend_pickup_normalLight_leftRight,98,Standing,Standing,True,0.64,0.0,39.1579
Bend_pickup_normalLight_leftRight,99,Standing,Standing,True,0.662,0.0,39.1878
Bend_pickup_normalLight_leftRight,100,Standing,Standing,True,0.679,0.0,31.1306
Bend_pickup_normalLight_leftRight,101,Standing,Standing,True,0.691,0.0,29.9391
Bend_pickup_normalLight_leftRight,102,Standing,Standing,True,0.705,0.0,35.6971
Bend_pickup_normalLight_leftRight,103,Standing,Standing,True,0.71,0.0,37.9604
Bend_pickup_normalLight_leftRight,104,Standing,Standing,True,0.715,0.0,29.738
Bend_pickup_normalLight_leftRight,105,Standing,Standing,True,0.718,0.0,30.4845
Bend_pickup_normalLight_leftRight,106,Standing,Standing,True,0.724,0.0,33.0973
Bend_pickup_normalLight_leftRight,107,Standing,Standing,True,0.73,0.0,34.7625
Bend_pickup_normalLight_leftRight,108,Standing,Standing,True,0.735,0.0,32.3303
Bend_pickup_normalLight_leftRight,109,Standing,Standing,True,0.739,0.0,28.4163
Bend_pickup_normalLight_leftRight,110,Standing,Standing,True,0.747,0.0,34.2308
Bend_pickup_normalLight_leftRight,111,Standing,Standing,True,0.751,0.0,32.0002
Bend_pickup_normalLight_leftRight,112,Standing,Standing,True,0.752,0.0,31.271
Bend_pickup_normalLight_leftRight,113,Standing,Standing,True,0.751,0.0,46.5353
Bend_pickup_normalLight_leftRight,114,Standing,Standing,True,0.748,0.0,37.9334
Bend_pickup_normalLight_leftRight,115,Standing,Standing,True,0.747,0.0,39.6982
Bend_pickup_normalLight_leftRight,116,Standing,Standing,True,0.748,0.0,52.1839
Bend_pickup_normalLight_leftRight,117,Standing,Standing,True,0.748,0.0,46.6855
Bend_pickup_normalLight_leftRight,118,Standing,Standing,True,0.751,0.0,42.6686
Bend_pickup_normalLight_leftRight,119,Standing,Standing,True,0.754,0.0,39.2118
Bend_pickup_normalLight_leftRight,120,Standing,Standing,True,0.759,0.0,37.3708
Bend_pickup_normalLight_leftRight,121,Standing,Standing,True,0.763,0.0,34.385
Bend_pickup_normalLight_leftRight,122,Standing,Standing,True,0.768,0.0,36.3701
Bend_pickup_normalLight_leftRight,123,Standing,Standing,True,0.777,0.0,30.0276
Bend_pickup_normalLight_leftRight,124,Standing,Standing,True,0.787,0.0,33.5593
Bend_pickup_normalLight_leftRight,125,Standing,Standing,True,0.796,0.0,36.2877
Bend_pickup_normalLight_leftRight,126,Standing,Standing,True,0.805,0.0,43.6491
Bend_pickup_normalLight_leftRight,127,Standing,Standing,True,0.815,0.0,34.4295
Bend_pickup_normalLight_leftRight,128,Standing,Standing,True,0.824,0.0,97.8728
Bend_pickup_normalLight_leftRight,129,Standing,Standing,True,0.83,0.0,95.4881
Bend_pickup_normalLight_leftRight,130,Standing,Standing,True,0.835,0.0,35.5805
Bend_pickup_normalLight_leftRight,131,Standing,Standing,True,0.84,0.0,37.3619
Bend_pickup_normalLight_leftRight,132,Standing,Standing,True,0.849,0.0,42.4534
Bend_pickup_normalLight_leftRight,133,Standing,Standing,True,0.858,0.0,41.3757
Bend_pickup_normalLight_leftRight,134,Standing,Standing,True,0.867,0.0,34.2157
Bend_pickup_normalLight_leftRight,135,Standing,Standing,True,0.877,0.0,34.0501
Bend_pickup_normalLight_leftRight,136,Standing,Standing,True,0.888,0.0,37.9892
Bend_pickup_normalLight_leftRight,137,Standing,Standing,True,0.895,0.0,42.0431
Bend_pickup_normalLight_leftRight,138,Standing,Standing,True,0.9,0.0,37.2357
Bend_pickup_normalLight_leftRight,139,Standing,Standing,True,0.902,0.0,35.0557
Bend_pickup_normalLight_leftRight,140,Standing,Standing,True,0.903,0.0,31.9106
Bend_pickup_normalLight_leftRight,141,Standing,Standing,True,0.904,0.0,36.0267
Bend_pickup_normalLight_leftRight,142,Standing,Standing,True,0.9,0.0,39.391
Bend_pickup_normalLight_leftRight,143,Standing,Standing,True,0.896,0.0,35.7742
Bend_pickup_normalLight_leftRight,144,Standing,Standing,True,0.887,0.0,50.5843
Bend_pickup_normalLight_leftRight,145,Standing,Standing,True,0.879,0.0,42.0774
Bend_pickup_normalLight_leftRight,146,Standing,Standing,True,0.871,0.0,40.4701
Bend_pickup_normalLight_leftRight,147,Standing,Standing,True,0.863,0.0,45.8805
Bend_pickup_normalLight_leftRight,148,Standing,Standing,True,0.857,0.0,48.7076
Bend_pickup_normalLight_leftRight,149,Standing,Standing,True,0.856,0.0,36.4676
Bend_pickup_normalLight_leftRight,150,Standing,Standing,True,0.854,0.0,37.6902
Bend_pickup_normalLight_leftRight,151,Standing,Standing,True,0.858,0.0,38.1331
Bend_pickup_normalLight_leftRight,152,Standing,Standing,True,0.862,0.0,48.1843
Bend_pickup_normalLight_leftRight,153,Standing,Standing,True,0.87,0.0,40.0642
Bend_pickup_normalLight_leftRight,154,Standing,Standing,True,0.877,0.0,37.246
Bend_pickup_normalLight_leftRight,155,Standing,Standing,True,0.884,0.0,42.2843
Bend_pickup_normalLight_leftRight,156,Standing,Standing,True,0.891,0.0,33.1202
Bend_pickup_normalLight_leftRight,157,Standing,Standing,True,0.896,0.0,33.228
Bend_pickup_normalLight_leftRight,158,Standing,Standing,True,0.9,0.0,33.8555
Bend_pickup_normalLight_leftRight,159,Standing,Standing,True,0.904,0.0,38.6103
Bend_pickup_normalLight_leftRight,160,Standing,Standing,True,0.906,0.0,41.5896
Bend_pickup_normalLight_leftRight,161,Standing,Standing,True,0.908,0.0,46.6924
Bend_pickup_normalLight_leftRight,162,Standing,Standing,True,0.91,0.0,42.792
Bend_pickup_normalLight_leftRight,163,Standing,Standing,True,0.912,0.0,74.9985
Bend_pickup_normalLight_leftRight,164,Standing,Standing,True,0.914,0.0,43.9481
Bend_pickup_normalLight_leftRight,165,Standing,Standing,True,0.915,0.0,33.5637
Bend_pickup_normalLight_leftRight,166,Standing,Standing,True,0.915,0.0,34.7645
Bend_pickup_normalLight_leftRight,167,Standing,Standing,True,0.916,0.0,40.1777
Bend_pickup_normalLight_leftRight,168,Standing,Standing,True,0.915,0.0,45.0603
Bend_pickup_normalLight_leftRight,169,Standing,Standing,True,0.914,0.0,49.5207
Bend_pickup_normalLight_leftRight,170,Standing,Standing,True,0.912,0.0,40.9258
Bend_pickup_normalLight_leftRight,171,Standing,Standing,True,0.911,0.0,50.325
Bend_pickup_normalLight_leftRight,172,Standing,Standing,True,0.911,0.0,50.6199
Bend_pickup_normalLight_leftRight,173,Standing,Standing,True,0.911,0.0,48.2613
Bend_pickup_normalLight_leftRight,174,,Standing,,0.91,0.0,42.0566
Bend_pickup_normalLight_leftRight,175,,Standing,,0.911,0.0,42.9309
Bend_pickup_normalLight_leftRight,176,,Standing,,0.912,0.0,35.4866
Bend_pickup_normalLight_leftRight,177,,Standing,,0.914,0.0,65.1313
Bend_pickup_normalLight_leftRight,178,,Standing,,0.916,0.0,29.4842
Bend_pickup_normalLight_leftRight,179,,Standing,,0.918,0.0,33.7337
Bend_pickup_normalLight_leftRight,180,,Standing,,0.921,0.0,40.0282
Bend_pickup_normalLight_leftRight,181,,Standing,,0.925,0.0,31.8947
Bend_pickup_normalLight_leftRight,182,,Standing,,0.928,0.0,29.4496
Bend_pickup_normalLight_leftRight,183,,Standing,,0.93,0.0,34.1529
Bend_pickup_normalLight_leftRight,184,,Standing,,0.931,0.0,36.8031
Bend_pickup_normalLight_leftRight,185,,Standing,,0.929,0.0,39.8907
Bend_pickup_normalLight_leftRight,186,,Standing,,0.926,0.0,31.2034
Bend_pickup_normalLight_leftRight,187,,Standing,,0.924,0.0,33.7141
Bend_pickup_normalLight_leftRight,188,,Standing,,0.921,0.0,42.6242
Bend_pickup_normalLight_leftRight,189,,Standing,,0.922,0.0,43.9375
Bend_pickup_normalLight_leftRight,190,,Standing,,0.924,0.0,39.7472
Bend_pickup_normalLight_leftRight,191,,Standing,,0.924,0.0,34.5116
Bend_pickup_normalLight_leftRight,192,,Standing,,0.927,0.0,30.6833
Bend_pickup_normalLight_leftRight,193,,Standing,,0.932,0.0,36.6163
Bend_pickup_normalLight_leftRight,194,,Standing,,0.936,0.0,33.2684
Bend_pickup_normalLight_leftRight,195,,Standing,,0.94,0.0,33.9625
Bend_pickup_normalLight_leftRight,196,,Standing,,0.942,0.0,36.4628
Bend_pickup_normalLight_leftRight,197,,Standing,,0.943,0.0,38.7163
Bend_pickup_normalLight_leftRight,198,,Standing,,0.945,0.0,27.5436
Bend_pickup_normalLight_leftRight,199,,Standing,,0.946,0.0,29.5308
Bend_pickup_normalLight_leftRight,200,,Standing,,0.944,0.0,35.8673
Bend_pickup_normalLight_leftRight,201,,Standing,,0.938,0.0,28.0101
Bend_pickup_normalLight_leftRight,202,,Standing,,0.932,0.0,39.6227
Bend_pickup_normalLight_leftRight,203,,Standing,,0.923,0.0,32.0155
Bend_pickup_normalLight_leftRight,204,,Standing,,0.915,0.0,29.8194
Bend_pickup_normalLight_leftRight,205,,Standing,,0.905,0.0,27.8114
Bend_pickup_normalLight_leftRight,206,,Standing,,0.896,0.0,25.1157
Bend_pickup_normalLight_leftRight,207,,Standing,,0.885,0.0,26.6943
Bend_pickup_normalLight_leftRight,208,,Standing,,0.876,0.0,23.9686
Bend_pickup_normalLight_leftRight,209,,Standing,,0.865,0.0,26.7838
Bend_pickup_normalLight_leftRight,210,,Standing,,0.847,0.0,24.7515
Bend_pickup_normalLight_leftRight,211,,Standing,,0.824,0.0,24.1211
Bend_pickup_normalLight_leftRight,212,,Standing,,0.789,0.0,24.4085
Bend_pickup_normalLight_leftRight,213,,Standing,,0.744,0.0,23.6961
Bend_pickup_normalLight_leftRight,214,,Standing,,0.696,0.0,26.0867
Bend_pickup_normalLight_leftRight,215,,Standing,,0.645,0.0,24.1411
Bend_pickup_normalLight_leftRight,216,,Standing,,0.595,0.0,23.7682
Bend_pickup_normalLight_leftRight,217,,Standing,,0.551,0.0,27.9381
Bend_pickup_normalLight_leftRight,218,,Standing,,0.515,0.0,30.6222
Bend_pickup_normalLight_leftRight,219,,Standing,,0.499,0.0,25.3914
Bend_pickup_normalLight_leftRight,220,,Standing,,0.494,0.0,26.179
Bend_pickup_normalLight_leftRight,221,,Standing,,0.5,0.0,29.3574
Bend_pickup_normalLight_leftRight,222,,Standing,,0.513,0.0,31.127
Bend_pickup_normalLight_leftRight,223,,Standing,,0.531,0.0,23.6112
Bend_pickup_normalLight_leftRight,224,,Standing,,0.546,0.0,27.2986
Bend_pickup_normalLight_leftRight,225,,Standing,,0.561,0.0,24.6835
Bend_pickup_normalLight_leftRight,226,,Standing,,0.57,0.0,25.8662
Bend_pickup_normalLight_leftRight,227,,Standing,,0.575,0.0,22.7242
Bend_pickup_normalLight_leftRight,228,,Standing,,0.574,0.0,27.4671
Bend_pickup_normalLight_leftRight,229,,Standing,,0.568,0.0,25.4367
Bend_pickup_normalLight_leftRight,230,,Standing,,0.554,0.0,26.3412
Bend_pickup_normalLight_leftRight,231,,Standing,,0.538,0.0,29.5426
Bend_pickup_normalLight_leftRight,232,,Standing,,0.52,0.0,26.8464
Bend_pickup_normalLight_leftRight,233,,Standing,,0.499,0.0,24.7696
Bend_pickup_normalLight_leftRight,234,,Standing,,0.475,0.0,28.17
Bend_pickup_normalLight_leftRight,235,,Standing,,0.447,0.0,24.2318
Bend_pickup_normalLight_leftRight,236,,Standing,,0.433,0.0,28.8764
Bend_pickup_normalLight_leftRight,237,,Standing,,0.42,0.0,31.8557
Bend_pickup_normalLight_leftRight,238,,Standing,,0.411,0.0,29.7077
Bend_pickup_normalLight_leftRight,239,,Sitting,,0.353,0.0,25.2801
Bend_pickup_normalLight_leftRight,240,,Sitting,,0.364,0.0,33.0427
Bend_pickup_normalLight_leftRight,241,,Sitting,,0.371,0.0,39.0799
Bend_pickup_normalLight_leftRight,242,,Sitting,,0.38,0.0,42.3167
Bend_pickup_normalLight_leftRight,243,,Sitting,,0.398,0.0,68.2649
Bend_pickup_normalLight_leftRight,244,,Sitting,,0.414,0.0,75.8595
Bend_pickup_normalLight_leftRight,245,,Sitting,,0.426,0.0,64.866
Bend_pickup_normalLight_leftRight,246,,Sitting,,0.438,0.0,48.88
Bend_pickup_normalLight_leftRight,247,,Sitting,,0.447,0.0,47.0255
Bend_pickup_normalLight_leftRight,248,,Sitting,,0.459,0.0,46.6836
Bend_pickup_normalLight_leftRight,249,,Sitting,,0.466,0.0,43.4418
Bend_pickup_normalLight_leftRight,250,,Sitting,,0.472,0.0,36.1832
Bend_pickup_normalLight_leftRight,251,,Sitting,,0.481,0.0,37.8329
Bend_pickup_normalLight_leftRight,252,,Sitting,,0.491,0.0,39.4111
Bend_pickup_normalLight_leftRight,253,,Sitting,,0.497,0.0,41.9653
Bend_pickup_normalLight_leftRight,254,,Sitting,,0.494,0.0,49.3964
Bend_pickup_normalLight_leftRight,255,,Sitting,,0.485,0.0,36.7702
Bend_pickup_normalLight_leftRight,256,,Sitting,,0.475,0.0,34.8347
Bend_pickup_normalLight_leftRight,257,,Sitting,,0.459,0.0,34.0829
Bend_pickup_normalLight_leftRight,258,,Sitting,,0.436,0.0,32.5383
Bend_pickup_normalLight_leftRight,259,,Sitting,,0.423,0.0,42.4014
Bend_pickup_normalLight_leftRight,260,,Sitting,,0.406,0.0,41.0721
Bend_pickup_normalLight_leftRight,261,Standing,Sitting,False,0.396,0.0,44.0157
Bend_pickup_normalLight_leftRight,262,Standing,Standing,True,0.423,0.0,42.229
Bend_pickup_normalLight_leftRight,263,Standing,Standing,True,0.435,0.0,47.3647
Bend_pickup_normalLight_leftRight,264,Standing,Standing,True,0.446,0.0,40.0969
Bend_pickup_normalLight_leftRight,265,Standing,Standing,True,0.458,0.0,36.6827
Bend_pickup_normalLight_leftRight,266,Standing,Standing,True,0.486,0.0,37.083
Bend_pickup_normalLight_leftRight,267,Standing,Standing,True,0.509,0.0,45.7053
Bend_pickup_normalLight_leftRight,268,Standing,Standing,True,0.532,0.0,36.4873
Bend_pickup_normalLight_leftRight,269,Standing,Standing,True,0.549,0.0,34.8697
Bend_pickup_normalLight_leftRight,270,Standing,Standing,True,0.57,0.0,50.9825
Bend_pickup_normalLight_leftRight,271,Standing,Standing,True,0.587,0.0,39.9824
Bend_pickup_normalLight_leftRight,272,Standing,Standing,True,0.604,0.0,30.9957
Bend_pickup_normalLight_leftRight,273,Standing,Standing,True,0.618,0.0,27.4857
Bend_pickup_normalLight_leftRight,274,Standing,Standing,True,0.631,0.0,28.0793
Bend_pickup_normalLight_leftRight,275,Standing,Standing,True,0.642,0.0,26.4519
Bend_pickup_normalLight_leftRight,276,Standing,Standing,True,0.652,0.0,25.2322
Bend_pickup_normalLight_leftRight,277,Standing,Standing,True,0.663,0.0,27.0822
Bend_pickup_normalLight_leftRight,278,Standing,Standing,True,0.677,0.0,25.1396
Bend_pickup_normalLight_leftRight,279,Standing,Standing,True,0.69,0.0,26.2878
Bend_pickup_normalLight_leftRight,280,Standing,Standing,True,0.7,0.0,30.3675
Bend_pickup_normalLight_leftRight,281,Standing,Standing,True,0.712,0.0,25.4897
Bend_pickup_normalLight_leftRight,282,Standing,Standing,True,0.725,0.0,24.6574
Bend_pickup_normalLight_leftRight,283,Standing,Standing,True,0.739,0.0,25.8564
Bend_pickup_normalLight_leftRight,284,Standing,Standing,True,0.748,0.0,24.3925
Bend_pickup_normalLight_leftRight,285,Standing,Standing,True,0.754,0.0,29.2681
Bend_pickup_normalLight_leftRight,286,Standing,Standing,True,0.758,0.0,28.3026
Bend_pickup_normalLight_leftRight,287,Standing,Standing,True,0.767,0.0,36.5725
Bend_pickup_normalLight_leftRight,288,Standing,Standing,True,0.774,0.0,32.5085
Bend_pickup_normalLight_leftRight,289,Standing,Standing,True,0.78,0.0,38.9975
Bend_pickup_normalLight_leftRight,290,Standing,Standing,True,0.786,0.0,38.5772
Bend_pickup_normalLight_leftRight,291,Standing,Standing,True,0.795,0.0,36.277
Bend_pickup_normalLight_leftRight,292,Standing,Standing,True,0.808,0.0,33.4192
Bend_pickup_normalLight_leftRight,293,Standing,Standing,True,0.821,0.0,32.5624
Bend_pickup_normalLight_leftRight,294,Standing,Standing,True,0.832,0.0,40.5505
Bend_pickup_normalLight_leftRight,295,Standing,Standing,True,0.844,0.0,46.0705
Bend_pickup_normalLight_leftRight,296,Standing,Standing,True,0.855,0.0,44.5707
Bend_pickup_normalLight_leftRight,297,Standing,Standing,True,0.866,0.0,40.4922
Bend_pickup_normalLight_leftRight,298,Standing,Standing,True,0.875,0.0,36.1911
Bend_pickup_normalLight_leftRight,299,Standing,Standing,True,0.881,0.0,32.9248
Bend_pickup_normalLight_leftRight,300,Standing,Standing,True,0.885,0.0,37.8239
Bend_pickup_normalLight_leftRight,301,Standing,Standing,True,0.885,0.0,55.3727
Bend_pickup_normalLight_leftRight,302,Standing,Standing,True,0.886,0.0,40.422
Bend_pickup_normalLight_leftRight,303,Standing,Standing,True,0.891,0.0,31.9401
Bend_pickup_normalLight_leftRight,304,Standing,Standing,True,0.896,0.0,44.411
Bend_pickup_normalLight_leftRight,305,Standing,Standing,True,0.9,0.0,52.236
Bend_pickup_normalLight_leftRight,306,Standing,Standing,True,0.906,0.0,34.4665
Bend_pickup_normalLight_leftRight,307,Standing,Standing,True,0.91,0.0,38.1792
Bend_pickup_normalLight_leftRight,308,Standing,Standing,True,0.92,0.0,38.9519
Bend_pickup_normalLight_leftRight,309,Standing,Standing,True,0.93,0.0,51.4436
Bend_pickup_normalLight_leftRight,310,Standing,Standing,True,0.938,0.0,40.78
Bend_pickup_normalLight_leftRight,311,Standing,Standing,True,0.947,0.0,40.6449
Bend_pickup_normalLight_leftRight,312,Standing,Standing,True,0.956,0.0,34.0628
Bend_pickup_normalLight_leftRight,313,Standing,Standing,True,0.963,0.0,37.0137
Bend_pickup_normalLight_leftRight,314,Standing,Standing,True,0.972,0.0,35.4189
Bend_pickup_normalLight_leftRight,315,Standing,Standing,True,0.979,0.0,36.4987
Bend_pickup_normalLight_leftRight,316,Standing,Standing,True,0.983,0.0,30.1895
Bend_pickup_normalLight_leftRight,317,Standing,Standing,True,0.985,0.0,42.3486
Bend_pickup_normalLight_leftRight,318,Standing,Standing,True,0.986,0.0,37.1994
Bend_pickup_normalLight_leftRight,319,Standing,Standing,True,0.984,0.0,42.7276
Bend_pickup_normalLight_leftRight,320,Standing,Standing,True,0.982,0.0,40.2279
Bend_pickup_normalLight_leftRight,321,,Standing,,0.978,0.0,56.082
Bend_pickup_normalLight_leftRight,322,,Standing,,0.972,0.0,33.4833
Bend_pickup_normalLight_leftRight,323,,Standing,,0.961,0.0,36.838
Bend_pickup_normalLight_leftRight,324,,Standing,,0.952,0.0,38.047
Bend_pickup_normalLight_leftRight,325,,Standing,,0.942,0.0,37.9354
Bend_pickup_normalLight_leftRight,326,,Standing,,0.935,0.0,34.9248
Bend_pickup_normalLight_leftRight,327,,Standing,,0.929,0.0,37.4001
Bend_pickup_normalLight_leftRight,328,,Standing,,0.922,0.0,28.2655
Bend_pickup_normalLight_leftRight,329,,Standing,,0.917,0.0,36.7505
Bend_pickup_normalLight_leftRight,330,,Standing,,0.917,0.0,43.249
Bend_pickup_normalLight_leftRight,331,,Standing,,0.917,0.0,43.4964
Bend_pickup_normalLight_leftRight,332,,Standing,,0.917,0.0,33.0613
Bend_pickup_normalLight_leftRight,333,,Standing,,0.918,0.0,38.6586
Bend_pickup_squat_lowLight,31,,Standing,,0.939,0.0,41.306
Bend_pickup_squat_lowLight,32,,Standing,,0.94,0.0,45.3613
Bend_pickup_squat_lowLight,33,,Standing,,0.941,0.0,51.7583
Bend_pickup_squat_lowLight,34,,Standing,,0.942,0.0,48.0857
Bend_pickup_squat_lowLight,35,,Standing,,0.943,0.0,43.7149
Bend_pickup_squat_lowLight,36,,Standing,,0.944,0.0,45.7674
Bend_pickup_squat_lowLight,37,,Standing,,0.944,0.0,43.7921
Bend_pickup_squat_lowLight,38,,Standing,,0.945,0.0,35.4977
Bend_pickup_squat_lowLight,39,,Standing,,0.944,0.0,33.4501
Bend_pickup_squat_lowLight,40,,Standing,,0.942,0.0,30.388
Bend_pickup_squat_lowLight,41,,Standing,,0.939,0.0,37.7179
Bend_pickup_squat_lowLight,42,,Standing,,0.935,0.0,45.0095
Bend_pickup_squat_lowLight,43,,Standing,,0.929,0.0,39.7453
Bend_pickup_squat_lowLight,44,,Standing,,0.924,0.0,32.5408
Bend_pickup_squat_lowLight,45,,Standing,,0.92,0.0,48.7076
Bend_pickup_squat_lowLight,46,,Standing,,0.917,0.0,38.2958
Bend_pickup_squat_lowLight,47,,Standing,,0.914,0.0,40.9179
Bend_pickup_squat_lowLight,48,,Standing,,0.913,0.0,39.5159
Bend_pickup_squat_lowLight,49,,Standing,,0.914,0.0,39.3848
Bend_pickup_squat_lowLight,50,,Standing,,0.918,0.0,39.7792
Bend_pickup_squat_lowLight,51,,Standing,,0.92,0.0,38.4189
Bend_pickup_squat_lowLight,52,,Standing,,0.922,0.0,35.6884
Bend_pickup_squat_lowLight,53,,Standing,,0.923,0.0,41.804
Bend_pickup_squat_lowLight,54,,Standing,,0.92,0.0,39.0138
Bend_pickup_squat_lowLight,55,,Standing,,0.915,0.0,36.2743
Bend_pickup_squat_lowLight,56,,Standing,,0.906,0.0,34.5778
Bend_pickup_squat_lowLight,57,,Standing,,0.891,0.0,33.7721
Bend_pickup_squat_lowLight,58,,Standing,,0.878,0.0,30.6021
Bend_pickup_squat_lowLight,59,,Standing,,0.862,0.0,35.9743
Bend_pickup_squat_lowLight,60,,Standing,,0.842,0.0,32.1847
Bend_pickup_squat_lowLight,61,,Standing,,0.82,0.0,32.6243
Bend_pickup_squat_lowLight,62,,Standing,,0.792,0.0,32.347
Bend_pickup_squat_lowLight,63,,Standing,,0.76,0.0,32.209
Bend_pickup_squat_lowLight,64,,Standing,,0.729,0.0,29.95
Bend_pickup_squat_lowLight,65,,Standing,,0.679,0.0,38.0631
Bend_pickup_squat_lowLight,66,,Standing,,0.657,0.0,47.615
Bend_pickup_squat_lowLight,67,,Standing,,0.631,0.0,35.663
Bend_pickup_squat_lowLight,68,,Standing,,0.605,0.0,34.6128
Bend_pickup_squat_lowLight,69,,Sitting,,0.48,0.0,32.7951
Bend_pickup_squat_lowLight,70,,Sitting,,0.499,0.0,34.7911
Bend_pickup_squat_lowLight,71,,Sitting,,0.517,0.0,37.8189
Bend_pickup_squat_lowLight,72,,Sitting,,0.536,0.0,43.7449
Bend_pickup_squat_lowLight,73,,Sitting,,0.572,0.0,41.4933
Bend_pickup_squat_lowLight,74,,Sitting,,0.61,0.0,34.966
Bend_pickup_squat_lowLight,75,,Sitting,,0.651,0.0,31.9701
Bend_pickup_squat_lowLight,76,,Sitting,,0.683,0.0,30.4062
Bend_pickup_squat_lowLight,77,,Sitting,,0.716,0.0,30.0761
Bend_pickup_squat_lowLight,78,,Sitting,,0.747,0.0,27.8774
Bend_pickup_squat_lowLight,79,,Sitting,,0.774,0.0,31.2845
Bend_pickup_squat_lowLight,80,,Sitting,,0.798,0.0,30.8127
Bend_pickup_squat_lowLight,81,,Sitting,,0.815,0.0,29.0841
Bend_pickup_squat_lowLight,82,,Sitting,,0.829,0.0,28.2086
Bend_pickup_squat_lowLight,83,,Sitting,,0.837,0.0,32.0354
Bend_pickup_squat_lowLight,84,,Sitting,,0.844,0.0,35.4287
Bend_pickup_squat_lowLight,85,,Sitting,,0.846,0.0,30.4653
Bend_pickup_squat_lowLight,86,,Sitting,,0.839,0.0,37.0931
Bend_pickup_squat_lowLight,87,,Sitting,,0.831,0.0,40.6528
Bend_pickup_squat_lowLight,88,,Sitting,,0.819,0.0,31.9381
Bend_pickup_squat_lowLight,89,,Sitting,,0.801,0.0,32.5665
Bend_pickup_squat_lowLight,90,,Sitting,,0.782,0.0,32.4437
Bend_pickup_squat_lowLight,91,,Sitting,,0.758,0.0,32.5448
Bend_pickup_squat_lowLight,92,,Sitting,,0.737,0.0,30.3536
Bend_pickup_squat_lowLight,93,,Sitting,,0.721,0.0,27.5795
Bend_pickup_squat_lowLight,94,,Sitting,,0.704,0.0,30.6691
Bend_pickup_squat_lowLight,95,,Sitting,,0.694,0.0,30.222
Bend_pickup_squat_lowLight,96,,Sitting,,0.683,0.0,35.807
Bend_pickup_squat_lowLight,97,,Sitting,,0.67,0.0,31.6761
Bend_pickup_squat_lowLight,98,,Sitting,,0.655,0.0,31.5213
Bend_pickup_squat_lowLight,99,,Sitting,,0.647,0.0,29.5145
Bend_pickup_squat_lowLight,100,,Sitting,,0.64,0.0,29.014
Bend_pickup_squat_lowLight,101,,Sitting,,0.636,0.0,29.4886
Bend_pickup_squat_lowLight,102,,Sitting,,0.619,0.0,32.2404
Bend_pickup_squat_lowLight,103,,Sitting,,0.599,0.0,37.068
Bend_pickup_squat_lowLight,104,,Sitting,,0.577,0.0,32.8317
Bend_pickup_squat_lowLight,105,,Sitting,,0.575,0.0,38.788
Bend_pickup_squat_lowLight,106,,Sitting,,0.563,0.0,36.1853
Bend_pickup_squat_lowLight,107,,Sitting,,0.546,0.0,34.3031
Bend_pickup_squat_lowLight,108,,Standing,,0.519,0.0,34.1151
Bend_pickup_squat_lowLight,109,,Standing,,0.537,0.0,34.2232
Bend_pickup_squat_lowLight,110,,Standing,,0.552,0.0,33.1563
Bend_pickup_squat_lowLight,111,,Standing,,0.566,0.0,30.2694
Bend_pickup_squat_lowLight,112,,Standing,,0.596,0.0,36.3978
Bend_pickup_squat_lowLight,113,,Standing,,0.62,0.0,34.9139
Bend_pickup_squat_lowLight,114,,Standing,,0.632,0.0,28.0467
Bend_pickup_squat_lowLight,115,,Standing,,0.643,0.0,33.6332
Bend_pickup_squat_lowLight,116,,Standing,,0.653,0.0,40.4593
Bend_pickup_squat_lowLight,117,Standing,Standing,True,0.659,0.0,26.6565
Bend_pickup_squat_lowLight,118,Standing,Standing,True,0.661,0.0,31.9648
Bend_pickup_squat_lowLight,119,Standing,Standing,True,0.666,0.0,32.4465
Bend_pickup_squat_lowLight,120,Standing,Standing,True,0.67,0.0,29.2376
Bend_pickup_squat_lowLight,121,Standing,Standing,True,0.673,0.0,29.3451
Bend_pickup_squat_lowLight,122,Standing,Standing,True,0.676,0.0,29.5032
Bend_pickup_squat_lowLight,123,Standing,Standing,True,0.678,0.0,29.7266
Bend_pickup_squat_lowLight,124,Standing,Standing,True,0.685,0.0,34.2526
Bend_pickup_squat_lowLight,125,Standing,Standing,True,0.693,0.0,29.0575
Bend_pickup_squat_lowLight,126,Standing,Standing,True,0.698,0.0,32.5326
Bend_pickup_squat_lowLight,127,Standing,Standing,True,0.704,0.0,34.9122
Bend_pickup_squat_lowLight,128,Standing,Standing,True,0.716,0.0,36.7175
Bend_pickup_squat_lowLight,129,Standing,Standing,True,0.722,0.0,26.1665
Bend_pickup_squat_lowLight,130,Standing,Standing,True,0.731,0.0,26.6925
Bend_pickup_squat_lowLight,131,Standing,Standing,True,0.741,0.0,26.9519
Bend_pickup_squat_lowLight,132,Standing,Standing,True,0.756,0.0,28.9445
Bend_pickup_squat_lowLight,133,Standing,Standing,True,0.775,0.0,25.559
Bend_pickup_squat_lowLight,134,Standing,Standing,True,0.799,0.0,30.3765
Bend_pickup_squat_lowLight,135,Standing,Standing,True,0.82,0.0,25.551
Bend_pickup_squat_lowLight,136,Standing,Standing,True,0.844,0.0,27.5733
Bend_pickup_squat_lowLight,137,Standing,Standing,True,0.863,0.0,25.4325
Bend_pickup_squat_lowLight,138,Standing,Standing,True,0.878,0.0,25.3077
Bend_pickup_squat_lowLight,139,Standing,Standing,True,0.888,0.0,22.986
Bend_pickup_squat_lowLight,140,Standing,Standing,True,0.896,0.0,23.5368
Bend_pickup_squat_lowLight,141,Standing,Standing,True,0.898,0.0,22.7223
Bend_pickup_squat_lowLight,142,Standing,Standing,True,0.899,0.0,23.4734
Bend_pickup_squat_lowLight,143,Standing,Standing,True,0.902,0.0,24.9409
Bend_pickup_squat_lowLight,144,Standing,Standing,True,0.904,0.0,23.9994
Bend_pickup_squat_lowLight,145,Standing,Standing,True,0.906,0.0,23.3939
Bend_pickup_squat_lowLight,146,Standing,Standing,True,0.906,0.0,22.7251
Bend_pickup_squat_lowLight,147,Standing,Standing,True,0.906,0.0,23.7257
Bend_pickup_squat_lowLight,148,,Standing,,0.906,0.0,22.9587
Bend_pickup_squat_lowLight,149,,Standing,,0.906,0.0,23.1208
Bend_pickup_squat_lowLight,150,,Standing,,0.906,0.0,21.8131
Bend_pickup_squat_lowLight,151,,Standing,,0.909,0.0,21.7832
Bend_pickup_squat_lowLight,152,,Standing,,0.912,0.0,25.2964
Bend_pickup_squat_lowLight,153,,Standing,,0.917,0.0,24.1765
Bend_pickup_squat_lowLight,154,,Standing,,0.921,0.0,29.9427
Bend_pickup_squat_lowLight,155,,Standing,,0.926,0.0,25.1874
Bend_pickup_squat_lowLight,156,,Standing,,0.931,0.0,33.3649
Bend_pickup_squat_lowLight,157,,Standing,,0.936,0.0,30.92
Bend_pickup_squat_lowLight,158,,Standing,,0.941,0.0,27.7489
Bend_pickup_squat_lowLight,159,,Standing,,0.949,0.0,23.3667
Bend_pickup_squat_lowLight,160,,Standing,,0.957,0.0,24.5349
Bend_pickup_squat_lowLight,161,,Standing,,0.965,0.0,24.7397
Bend_pickup_squat_lowLight,162,,Standing,,0.973,0.0,32.1581
Bend_pickup_squat_lowLight,163,,Standing,,0.98,0.0,25.4637
Bend_pickup_squat_lowLight,164,,Standing,,0.986,0.0,44.6544
Bend_pickup_squat_lowLight,165,,Standing,,0.992,0.0,33.5787
Bend_pickup_squat_lowLight,166,,Standing,,0.994,0.0,30.0933
Bend_pickup_squat_lowLight,167,,Standing,,0.995,0.0,29.3321
Bend_pickup_squat_lowLight,168,,Standing,,0.995,0.0,30.2662
Bend_pickup_squat_lowLight,169,,Standing,,0.995,0.0,29.2605
Bend_pickup_squat_lowLight,170,,Standing,,0.994,0.0,26.7858
Bend_pickup_squat_lowLight,171,,Standing,,0.991,0.0,26.1303
Bend_pickup_squat_lowLight,172,,Standing,,0.986,0.0,25.1069
Bend_pickup_squat_lowLight,173,,Standing,,0.98,0.0,27.6474
Bend_pickup_squat_lowLight,174,,Standing,,0.972,0.0,29.5049
Bend_pickup_squat_normalLight,31,,Standing,,0.953,0.0,27.9892
Bend_pickup_squat_normalLight,32,,Standing,,0.95,0.0,25.5579
Bend_pickup_squat_normalLight,33,,Standing,,0.949,0.0,25.9373
Bend_pickup_squat_normalLight,34,,Standing,,0.946,0.0,25.4832
Bend_pickup_squat_normalLight,35,,Standing,,0.944,0.0,28.2975
Bend_pickup_squat_normalLight,36,,Standing,,0.943,0.0,31.3935
Bend_pickup_squat_normalLight,37,,Standing,,0.943,0.0,26.6976
Bend_pickup_squat_normalLight,38,,Standing,,0.94,0.0,34.3119
Bend_pickup_squat_normalLight,39,,Standing,,0.939,0.0,30.9527
Bend_pickup_squat_normalLight,40,,Standing,,0.939,0.0,26.4869
Bend_pickup_squat_normalLight,41,,Standing,,0.939,0.0,27.6187
Bend_pickup_squat_normalLight,42,,Standing,,0.941,0.0,28.5962
Bend_pickup_squat_normalLight,43,,Standing,,0.943,0.0,32.5131
Bend_pickup_squat_normalLight,44,,Standing,,0.944,0.0,32.4584
Bend_pickup_squat_normalLight,45,,Standing,,0.946,0.0,39.1968
Bend_pickup_squat_normalLight,46,,Standing,,0.949,0.0,38.7087
Bend_pickup_squat_normalLight,47,,Standing,,0.948,0.0,45.1682
Bend_pickup_squat_normalLight,48,,Standing,,0.946,0.0,31.2119
Bend_pickup_squat_normalLight,49,,Standing,,0.942,0.0,39.8195
Bend_pickup_squat_normalLight,50,,Standing,,0.936,0.0,38.219
Bend_pickup_squat_normalLight,51,,Standing,,0.926,0.0,30.0243
Bend_pickup_squat_normalLight,52,,Standing,,0.913,0.0,36.1121
Bend_pickup_squat_normalLight,53,,Standing,,0.894,0.0,39.0706
Bend_pickup_squat_normalLight,54,,Standing,,0.873,0.0,35.1926
Bend_pickup_squat_normalLight,55,,Standing,,0.852,0.0,30.2377
Bend_pickup_squat_normalLight,56,,Standing,,0.833,0.0,55.3838
Bend_pickup_squat_normalLight,57,,Standing,,0.816,0.0,34.9382
Bend_pickup_squat_normalLight,58,,Standing,,0.801,0.0,28.5474
Bend_pickup_squat_normalLight,59,,Standing,,0.786,0.0,30.6378
Bend_pickup_squat_normalLight,60,,Standing,,0.775,0.0,30.9979
Bend_pickup_squat_normalLight,61,,Standing,,0.766,0.0,30.3038
Bend_pickup_squat_normalLight,62,,Standing,,0.759,0.0,31.1061
Bend_pickup_squat_normalLight,63,,Standing,,0.754,0.0,31.6655
Bend_pickup_squat_normalLight,64,,Standing,,0.745,0.0,38.0646
Bend_pickup_squat_normalLight,65,,Standing,,0.731,0.0,27.8985
Bend_pickup_squat_normalLight,66,,Standing,,0.71,0.0,25.8843
Bend_pickup_squat_normalLight,67,,Standing,,0.681,0.0,29.7204
Bend_pickup_squat_normalLight,68,,Standing,,0.644,0.0,27.4613
Bend_pickup_squat_normalLight,69,,Standing,,0.603,0.0,27.5909
Bend_pickup_squat_normalLight,70,,Standing,,0.579,0.0,26.6247
Bend_pickup_squat_normalLight,71,,Standing,,0.55,0.0,27.7933
Bend_pickup_squat_normalLight,72,,Standing,,0.519,0.0,26.7143
Bend_pickup_squat_normalLight,73,,Sitting,,0.474,0.0,35.8583
Bend_pickup_squat_normalLight,74,,Sitting,,0.475,0.0,31.1902
Bend_pickup_squat_normalLight,75,,Sitting,,0.479,0.0,41.5011
Bend_pickup_squat_normalLight,76,,Sitting,,0.481,0.0,33.6593
Bend_pickup_squat_normalLight,77,,Sitting,,0.49,0.0,34.2013
Bend_pickup_squat_normalLight,78,,Sitting,,0.502,0.0,34.2837
Bend_pickup_squat_normalLight,79,,Sitting,,0.514,0.0,32.6548
Bend_pickup_squat_normalLight,80,,Sitting,,0.529,0.0,28.208
Bend_pickup_squat_normalLight,81,,Sitting,,0.55,0.0,27.1211
Bend_pickup_squat_normalLight,82,,Sitting,,0.569,0.0,31.4756
Bend_pickup_squat_normalLight,83,,Sitting,,0.59,0.0,35.2969
Bend_pickup_squat_normalLight,84,,Sitting,,0.611,0.0,39.5323
Bend_pickup_squat_normalLight,85,,Sitting,,0.628,0.0,63.4145
Bend_pickup_squat_normalLight,86,,Sitting,,0.646,0.0,61.8673
Bend_pickup_squat_normalLight,87,,Sitting,,0.661,0.0,70.7025
Bend_pickup_squat_normalLight,88,,Sitting,,0.672,0.0,67.9078
Bend_pickup_squat_normalLight,89,,Sitting,,0.685,0.0,44.407
Bend_pickup_squat_normalLight,90,,Sitting,,0.696,0.0,37.3409
Bend_pickup_squat_normalLight,91,,Sitting,,0.708,0.0,37.8739
Bend_pickup_squat_normalLight,92,,Sitting,,0.716,0.0,35.9205
Bend_pickup_squat_normalLight,93,,Sitting,,0.723,0.0,40.4509
Bend_pickup_squat_normalLight,94,,Sitting,,0.73,0.0,40.6254
Bend_pickup_squat_normalLight,95,,Sitting,,0.736,0.0,43.0876
Bend_pickup_squat_normalLight,96,,Sitting,,0.739,0.0,42.6525
Bend_pickup_squat_normalLight,97,,Sitting,,0.743,0.0,47.8323
Bend_pickup_squat_normalLight,98,,Sitting,,0.744,0.0,33.9403
Bend_pickup_squat_normalLight,99,,Sitting,,0.745,0.0,39.6961
Bend_pickup_squat_normalLight,100,,Sitting,,0.747,0.0,38.8683
Bend_pickup_squat_normalLight,101,,Sitting,,0.746,0.0,37.0756
Bend_pickup_squat_normalLight,102,,Sitting,,0.745,0.0,37.5231
Bend_pickup_squat_normalLight,103,,Sitting,,0.742,0.0,36.2822
Bend_pickup_squat_normalLight,104,,Sitting,,0.739,0.0,42.4608
Bend_pickup_squat_normalLight,105,,Sitting,,0.735,0.0,32.8297
Bend_pickup_squat_normalLight,106,,Sitting,,0.729,0.0,33.4627
Bend_pickup_squat_normalLight,107,,Sitting,,0.72,0.0,32.0175
Bend_pickup_squat_normalLight,108,,Sitting,,0.703,0.0,40.5885
Bend_pickup_squat_normalLight,109,,Sitting,,0.682,0.0,41.1173
Bend_pickup_squat_normalLight,110,,Sitting,,0.653,0.0,47.7195
Bend_pickup_squat_normalLight,111,,Sitting,,0.642,0.0,49.5251
Bend_pickup_squat_normalLight,112,,Sitting,,0.625,0.0,61.2042
Bend_pickup_squat_normalLight,113,,Sitting,,0.604,0.0,59.4623
Bend_pickup_squat_normalLight,114,,Standing,,0.526,0.0,53.3704
Bend_pickup_squat_normalLight,115,,Standing,,0.546,0.0,48.0509
Bend_pickup_squat_normalLight,116,,Standing,,0.565,0.0,40.4252
Bend_pickup_squat_normalLight,117,,Standing,,0.583,0.0,44.194
Bend_pickup_squat_normalLight,118,,Standing,,0.621,0.0,34.1302
Bend_pickup_squat_normalLight,119,,Standing,,0.655,0.0,34.2742
Bend_pickup_squat_normalLight,120,,Standing,,0.691,0.0,39.9351
Bend_pickup_squat_normalLight,121,,Standing,,0.72,0.0,38.3831
Bend_pickup_squat_normalLight,122,,Standing,,0.747,0.0,34.3029
Bend_pickup_squat_normalLight,123,,Standing,,0.772,0.0,34.6926
Bend_pickup_squat_normalLight,124,,Standing,,0.794,0.0,38.2429
Bend_pickup_squat_normalLight,125,,Standing,,0.813,0.0,33.6959
Bend_pickup_squat_normalLight,126,,Standing,,0.832,0.0,32.4981
Bend_pickup_squat_normalLight,127,,Standing,,0.844,0.0,37.1944
Bend_pickup_squat_normalLight,128,,Standing,,0.855,0.0,44.6975
Bend_pickup_squat_normalLight,129,,Standing,,0.863,0.0,43.6059
Bend_pickup_squat_normalLight,130,,Standing,,0.87,0.0,40.3768
Bend_pickup_squat_normalLight,131,,Standing,,0.876,0.0,44.8886
Bend_pickup_squat_normalLight,132,,Standing,,0.883,0.0,32.7182
Bend_pickup_squat_normalLight,133,,Standing,,0.886,0.0,35.1795
Bend_pickup_squat_normalLight,134,Standing,Standing,True,0.89,0.0,34.7802
Bend_pickup_squat_normalLight,135,Standing,Standing,True,0.894,0.0,32.5155
Bend_pickup_squat_normalLight,136,Standing,Standing,True,0.898,0.0,34.6758
Bend_pickup_squat_normalLight,137,Standing,Standing,True,0.9,0.0,39.3225
Bend_pickup_squat_normalLight,138,Standing,Standing,True,0.902,0.0,40.0165
Bend_pickup_squat_normalLight,139,Standing,Standing,True,0.903,0.0,57.7208
Bend_pickup_squat_normalLight,140,Standing,Standing,True,0.905,0.0,42.3948
Bend_pickup_squat_normalLight,141,Standing,Standing,True,0.906,0.0,42.7786
Bend_pickup_squat_normalLight,142,Standing,Standing,True,0.908,0.0,48.3868
Bend_pickup_squat_normalLight,143,Standing,Standing,True,0.91,0.0,42.2497
Bend_pickup_squat_normalLight,144,Standing,Standing,True,0.912,0.0,41.696
Bend_pickup_squat_normalLight,145,Standing,Standing,True,0.915,0.0,46.7608
Bend_pickup_squat_normalLight,146,,Standing,,0.918,0.0,50.0526
Bend_pickup_squat_normalLight,147,,Standing,,0.921,0.0,40.0982
Bend_pickup_squat_normalLight,148,,Standing,,0.923,0.0,43.1169
Bend_pickup_squat_normalLight,149,,Standing,,0.924,0.0,40.8454
Bend_pickup_squat_normalLight,150,,Standing,,0.925,0.0,41.7377
Bend_pickup_squat_normalLight,151,,Standing,,0.924,0.0,35.0009
Bend_pickup_squat_normalLight,152,,Standing,,0.923,0.0,39.9592
Bend_pickup_squat_normalLight,153,,Standing,,0.92,0.0,47.5987
Bend_pickup_squat_normalLight,154,,Standing,,0.918,0.0,46.3382
Bend_pickup_squat_normalLight,155,,Standing,,0.918,0.0,35.2576
Bend_pickup_squat_normalLight,156,,Standing,,0.919,0.0,38.0031
Bend_pickup_squat_normalLight,157,,Standing,,0.922,0.0,44.869
Bend_pickup_squat_normalLight,158,,Standing,,0.926,0.0,37.1637
Bend_pickup_squat_normalLight,159,,Standing,,0.932,0.0,32.3684
Bend_pickup_squat_normalLight,160,,Standing,,0.938,0.0,31.7566
Kneeling,31,,Standing,,0.997,0.0,37.0198
Kneeling,32,,Standing,,0.995,0.0,34.8624
Kneeling,33,,Standing,,0.994,0.0,35.2804
Kneeling,34,,Standing,,0.992,0.0,31.9494
Kneeling,35,,Standing,,0.988,0.0,37.7192
Kneeling,36,,Standing,,0.984,0.0,35.196
Kneeling,37,,Standing,,0.981,0.0,30.414
Kneeling,38,,Standing,,0.975,0.0,30.2065
Kneeling,39,,Standing,,0.966,0.0,37.378
Kneeling,40,,Standing,,0.956,0.0,38.8984
Kneeling,41,,Standing,,0.947,0.0,31.9333
Kneeling,42,,Standing,,0.935,0.0,40.3154
Kneeling,43,,Standing,,0.923,0.0,55.6228
Kneeling,44,,Standing,,0.911,0.0,42.772
Kneeling,45,,Standing,,0.901,0.0,43.4688
Kneeling,46,,Standing,,0.89,0.0,49.3075
Kneeling,47,,Standing,,0.884,0.0,49.0866
Kneeling,48,,Standing,,0.874,0.0,45.7098
Kneeling,49,,Standing,,0.868,0.0,44.4958
Kneeling,50,,Standing,,0.861,0.0,38.2819
Kneeling,51,,Standing,,0.849,0.0,45.1992
Kneeling,52,,Standing,,0.83,0.0,39.6646
Kneeling,53,,Standing,,0.803,0.0,33.4915
Kneeling,54,,Standing,,0.761,0.0,43.233
Kneeling,55,,Standing,,0.712,0.0,47.9716
Kneeling,56,,Standing,,0.657,0.0,59.9387
Kneeling,57,Sitting,Standing,False,0.628,0.0,45.7165
Kneeling,58,Sitting,Standing,False,0.594,0.0,45.103
Kneeling,59,Sitting,Standing,False,0.556,0.0,49.4085
Kneeling,60,Sitting,Sitting,True,0.459,0.0,48.7987
Kneeling,61,Sitting,Sitting,True,0.464,0.0,36.267
Kneeling,62,Sitting,Sitting,True,0.466,0.0,35.4122
Kneeling,63,Sitting,Sitting,True,0.468,0.0,42.0743
Kneeling,64,Sitting,Sitting,True,0.472,0.0,44.6248
Kneeling,65,Sitting,Sitting,True,0.477,0.0,53.4522
Kneeling,66,Sitting,Sitting,True,0.474,0.0,51.6669
Kneeling,67,Sitting,Sitting,True,0.469,0.0,54.8322
Kneeling,68,Sitting,Sitting,True,0.464,0.0,49.2077
Kneeling,69,Sitting,Sitting,True,0.461,0.0,50.2598
Kneeling,70,Sitting,Sitting,True,0.458,0.0,49.4217
Kneeling,71,Sitting,Sitting,True,0.453,0.0,55.1701
Kneeling,72,Sitting,Standing,False,0.451,0.0,50.8426
Kneeling,73,Sitting,Standing,False,0.449,0.0,38.7523
Kneeling,74,Sitting,Standing,False,0.448,0.0,36.4923
Kneeling,75,Sitting,Standing,False,0.448,0.0,48.1078
Kneeling,76,Sitting,Standing,False,0.446,0.0,35.1042
Kneeling,77,Sitting,Standing,False,0.443,0.0,51.0945
Kneeling,78,Sitting,Standing,False,0.443,0.0,55.9968
Kneeling,79,Sitting,Standing,False,0.445,0.0,47.7033
Kneeling,80,Sitting,Standing,False,0.449,0.0,50.024
Kneeling,81,Sitting,Standing,False,0.454,0.0,43.6453
Kneeling,82,Sitting,Standing,False,0.459,0.0,57.9192
Kneeling,83,Sitting,Standing,False,0.469,0.0,48.26
Kneeling,84,Sitting,Standing,False,0.477,0.0,56.0937
Kneeling,85,Sitting,Standing,False,0.484,0.0,47.5648
Kneeling,86,Sitting,Standing,False,0.488,0.0,57.458
Kneeling,87,Sitting,Standing,False,0.492,0.0,63.4358
Kneeling,88,Sitting,Standing,False,0.493,0.0,58.2886
Kneeling,89,Sitting,Standing,False,0.495,0.0,52.0839
Kneeling,90,Sitting,Standing,False,0.495,0.0,37.1791
Kneeling,91,Sitting,Standing,False,0.495,0.0,40.3285
Kneeling,92,Sitting,Standing,False,0.495,0.0,60.6008
Kneeling,93,Sitting,Standing,False,0.497,0.0,58.83
Kneeling,94,Sitting,Standing,False,0.496,0.0,43.0312
Kneeling,95,Sitting,Standing,False,0.497,0.0,40.9082
Kneeling,96,Sitting,Standing,False,0.494,0.0,45.4468
Kneeling,97,Sitting,Standing,False,0.493,0.0,52.4777
Kneeling,98,Sitting,Standing,False,0.49,0.0,44.4576
Kneeling,99,Sitting,Standing,False,0.487,0.0,37.6933
Kneeling,100,Sitting,Standing,False,0.484,0.0,40.6833
Kneeling,101,Sitting,Standing,False,0.482,0.0,41.7114
Kneeling,102,Sitting,Standing,False,0.477,0.0,47.7886
Kneeling,103,Sitting,Standing,False,0.474,0.0,43.6154
Kneeling,104,Sitting,Standing,False,0.471,0.0,55.1375
Kneeling,105,Sitting,Standing,False,0.469,0.0,50.3358
Kneeling,106,Sitting,Standing,False,0.468,0.0,52.1647
Kneeling,107,Sitting,Standing,False,0.464,0.0,55.6202
Kneeling,108,Sitting,Standing,False,0.461,0.0,53.5403
Kneeling,109,Sitting,Standing,False,0.458,0.0,36.2433
Kneeling,110,Sitting,Standing,False,0.455,0.0,36.1203
Kneeling,111,Sitting,Standing,False,0.452,0.0,50.2015
Kneeling,112,Sitting,Standing,False,0.449,0.0,68.3411
Kneeling,113,Sitting,Standing,False,0.444,0.0,50.6257
Kneeling,114,Sitting,Standing,False,0.443,0.0,159.3659
Kneeling,115,Sitting,Standing,False,0.441,0.0,41.8506
Kneeling,116,Sitting,Standing,False,0.44,0.0,50.3597
Kneeling,117,Sitting,Standing,False,0.44,0.0,39.8451
Kneeling,118,Sitting,Standing,False,0.44,0.0,59.8988
Kneeling,119,Sitting,Standing,False,0.439,0.0,62.2166
Kneeling,120,Sitting,Standing,False,0.438,0.0,62.2693
Kneeling,121,Sitting,Standing,False,0.436,0.0,46.1127
Kneeling,122,Sitting,Standing,False,0.436,0.0,56.8528
Kneeling,123,Sitting,Standing,False,0.434,0.0,62.079
Kneeling,124,Sitting,Standing,False,0.432,0.0,35.6706
Kneeling,125,Sitting,Standing,False,0.431,0.0,44.0176
Kneeling,126,Sitting,Standing,False,0.43,0.0,50.92
Kneeling,127,Sitting,Standing,False,0.43,0.0,48.7427
Kneeling,128,,Standing,,0.43,0.0,43.8205
Kneeling,129,,Standing,,0.429,0.0,52.4869
Kneeling,130,,Standing,,0.43,0.0,55.5182
Kneeling,131,,Standing,,0.43,0.0,67.4543
Kneeling,132,,Standing,,0.429,0.0,55.3348
Kneeling,133,,Standing,,0.429,0.0,58.0163
Kneeling,134,,Standing,,0.429,0.0,63.9434
Kneeling,135,,Standing,,0.428,0.0,51.0204
Kneeling,136,,Standing,,0.428,0.0,49.2867
Kneeling,137,,Standing,,0.427,0.0,46.7038
Kneeling,138,,Standing,,0.426,0.0,47.1073
Kneeling,139,,Standing,,0.427,0.0,53.1464
Kneeling,140,,Standing,,0.429,0.0,48.5805
Kneeling,141,,Standing,,0.432,0.0,48.8552
Kneeling,142,,Standing,,0.435,0.0,48.1094
Kneeling,143,,Standing,,0.439,0.0,51.6223
Kneeling,144,,Standing,,0.442,0.0,37.7963
Kneeling,145,,Standing,,0.447,0.0,34.7819
Kneeling,146,,Standing,,0.453,0.0,46.1206
Kneeling,147,,Standing,,0.457,0.0,36.5092
Kneeling,148,,Standing,,0.462,0.0,43.3837
Kneeling,149,,Standing,,0.467,0.0,44.5468
Kneeling,150,,Standing,,0.477,0.0,39.5589
Kneeling,151,,Standing,,0.49,0.0,36.9709
Kneeling,152,,Standing,,0.505,0.0,42.8383
Kneeling,153,,Standing,,0.522,0.0,37.9751
Kneeling,154,,Standing,,0.541,0.0,46.1896
Kneeling,155,,Standing,,0.563,0.0,68.7907
Kneeling,156,Standing,Standing,True,0.585,0.0,80.2879
Kneeling,157,Standing,Standing,True,0.606,0.0,54.4819
Kneeling,158,Standing,Standing,True,0.629,0.0,49.0127
Kneeling,159,Standing,Standing,True,0.649,0.0,42.7806
Kneeling,160,Standing,Standing,True,0.666,0.0,38.3239
Kneeling,161,Standing,Standing,True,0.681,0.0,44.0338
Kneeling,162,Standing,Standing,True,0.693,0.0,56.9878
Kneeling,163,Standing,Standing,True,0.709,0.0,42.5958
Kneeling,164,Standing,Standing,True,0.726,0.0,44.0123
Kneeling,165,Standing,Standing,True,0.738,0.0,40.8093
Kneeling,166,Standing,Standing,True,0.752,0.0,51.1332
Kneeling,167,Standing,Standing,True,0.769,0.0,52.9136
Kneeling,168,Standing,Standing,True,0.788,0.0,41.588
Kneeling,169,Standing,Standing,True,0.805,0.0,53.0688
Kneeling,170,Standing,Standing,True,0.822,0.0,62.9939
Kneeling,171,,Standing,,0.834,0.0,77.6614
Kneeling,172,,Standing,,0.847,0.0,65.583
Kneeling,173,,Standing,,0.857,0.0,65.7599
Kneeling,174,,Standing,,0.863,0.0,76.097
Kneeling,175,,Standing,,0.866,0.0,48.9616
Kneeling,176,,Standing,,0.87,0.0,46.5009
Kneeling,177,,Standing,,0.875,0.0,48.6209
Kneeling,178,,Standing,,0.882,0.0,35.1609
Kneeling,179,,Standing,,0.892,0.0,38.8085
Kneeling,180,,Standing,,0.903,0.0,109.9801
Kneeling,181,,Standing,,0.915,0.0,39.3657
Kneeling,182,,Standing,,0.928,0.0,41.0321
Kneeling,183,,Standing,,0.942,0.0,32.7634
Kneeling,184,,Standing,,0.954,0.0,34.8406
Kneeling,185,,Standing,,0.96,0.0,33.073
Kneeling,186,,Standing,,0.966,0.0,40.832
Kneeling,187,,Standing,,0.968,0.0,31.9471
Kneeling,188,,Standing,,0.97,0.0,31.2618
Kneeling,189,,Standing,,0.97,0.0,31.7844
Kneeling,190,,Standing,,0.969,0.0,36.5883
LyingdownSlowly,31,,Standing,,0.874,0.0,37.7691
LyingdownSlowly,32,,Standing,,0.857,0.0,45.2556
LyingdownSlowly,33,,Standing,,0.841,0.0,40.784
LyingdownSlowly,34,,Standing,,0.83,0.0,37.1257
LyingdownSlowly,35,,Standing,,0.821,0.0,36.4633
LyingdownSlowly,36,,Standing,,0.813,0.0,31.8758
LyingdownSlowly,37,,Standing,,0.807,0.0,34.7143
LyingdownSlowly,38,,Standing,,0.793,0.0,49.0731
LyingdownSlowly,39,,Standing,,0.783,0.0,41.5027
LyingdownSlowly,40,,Standing,,0.777,0.0,39.9942
LyingdownSlowly,41,,Standing,,0.77,0.0,32.0605
LyingdownSlowly,42,,Standing,,0.759,0.0,31.0657
LyingdownSlowly,43,,Standing,,0.739,0.0,41.6418
LyingdownSlowly,44,,Standing,,0.708,0.0,30.8806
LyingdownSlowly,45,,Standing,,0.667,0.0,29.4037
LyingdownSlowly,46,,Standing,,0.626,0.0,32.9034
LyingdownSlowly,47,,Standing,,0.583,0.0,31.3973
LyingdownSlowly,48,,Standing,,0.543,0.0,27.6908
LyingdownSlowly,49,,Standing,,0.511,0.0,29.9545
LyingdownSlowly,50,,Standing,,0.488,0.0,27.1203
LyingdownSlowly,51,,Standing,,0.47,0.0,34.9389
LyingdownSlowly,52,,Standing,,0.457,0.0,44.6171
LyingdownSlowly,53,,Standing,,0.439,0.0,50.3548
LyingdownSlowly,54,,Standing,,0.428,0.0,35.2364
LyingdownSlowly,55,,Standing,,0.413,0.0,44.2408
LyingdownSlowly,56,,Standing,,0.396,0.0,32.564
LyingdownSlowly,57,,Standing,,0.386,0.0,34.9703
LyingdownSlowly,58,,Standing,,0.383,0.0,35.5361
LyingdownSlowly,59,,Standing,,0.389,0.0,32.3329
LyingdownSlowly,60,,Standing,,0.394,0.0,35.3021
LyingdownSlowly,61,,Standing,,0.399,0.0,29.3923
LyingdownSlowly,62,,Standing,,0.404,0.0,27.8412
LyingdownSlowly,63,,Standing,,0.404,0.0,28.0141
LyingdownSlowly,64,,Standing,,0.398,0.0,25.3334
LyingdownSlowly,65,,Standing,,0.387,0.0,27.2501
LyingdownSlowly,66,,Standing,,0.379,0.0,28.8865
LyingdownSlowly,67,,Standing,,0.376,0.0,25.4123
LyingdownSlowly,68,,Standing,,0.364,0.0,52.6471
LyingdownSlowly,69,,Lying,,0.331,0.0,57.289
LyingdownSlowly,70,,Lying,,0.331,0.0,26.9845
LyingdownSlowly,71,,Sitting,,0.383,0.0,29.0626
LyingdownSlowly,72,,Sitting,,0.398,0.0,31.9948
LyingdownSlowly,73,,Sitting,,0.415,0.0,41.5288
LyingdownSlowly,74,,Sitting,,0.423,0.0,25.6878
LyingdownSlowly,75,,Sitting,,0.431,0.0,26.8538
LyingdownSlowly,76,,Sitting,,0.447,0.0,26.4023
LyingdownSlowly,77,,Sitting,,0.461,0.0,28.3601
LyingdownSlowly,78,,Sitting,,0.473,0.0,23.7252
LyingdownSlowly,79,,Sitting,,0.479,0.0,25.6974
LyingdownSlowly,80,,Sitting,,0.476,0.0,26.3987
LyingdownSlowly,81,,Sitting,,0.475,0.0,25.7841
LyingdownSlowly,82,,Sitting,,0.472,0.0,24.3303
LyingdownSlowly,83,,Sitting,,0.468,0.0,22.94
LyingdownSlowly,84,,Sitting,,0.463,0.0,32.1388
LyingdownSlowly,85,,Sitting,,0.456,0.0,34.5771
LyingdownSlowly,86,,Sitting,,0.449,0.0,30.7091
LyingdownSlowly,87,,Sitting,,0.441,0.0,27.975
LyingdownSlowly,88,,Sitting,,0.431,0.0,31.0475
LyingdownSlowly,89,,Sitting,,0.422,0.0,26.4572
LyingdownSlowly,90,,Sitting,,0.414,0.0,27.6964
LyingdownSlowly,91,,Sitting,,0.406,0.0,30.2387
LyingdownSlowly,92,,Sitting,,0.399,0.0,29.9429
LyingdownSlowly,93,,Sitting,,0.392,0.0,35.7971
LyingdownSlowly,94,,Sitting,,0.389,0.0,35.0105
LyingdownSlowly,95,,Lying,,0.448,0.0,30.2953
LyingdownSlowly,96,,Lying,,0.472,0.0,45.9668
LyingdownSlowly,97,,Lying,,0.49,0.0,34.4373
LyingdownSlowly,98,,Lying,,0.505,0.0,32.173
LyingdownSlowly,99,,Lying,,0.533,0.0,33.0584
LyingdownSlowly,100,,Lying,,0.554,0.0,33.2558
LyingdownSlowly,101,,Lying,,0.562,0.0,53.8278
LyingdownSlowly,102,,Lying,,0.559,0.0,31.6032
LyingdownSlowly,103,,Lying,,0.54,0.0,31.6873
LyingdownSlowly,104,,Lying,,0.513,0.0,34.1676
LyingdownSlowly,105,,Lying,,0.487,0.0,35.0769
LyingdownSlowly,106,,Lying,,0.462,0.0,31.3637
LyingdownSlowly,107,,Lying,,0.444,0.0,29.4099
LyingdownSlowly,108,,Lying,,0.427,0.0,27.7331
LyingdownSlowly,109,,Lying,,0.414,0.0,28.5529
LyingdownSlowly,110,,Lying,,0.436,0.0,25.5478
LyingdownSlowly,111,,Lying,,0.444,0.0,25.6219
LyingdownSlowly,112,,Lying,,0.452,0.0,24.9347
LyingdownSlowly,113,,Lying,,0.458,0.0,26.6741
LyingdownSlowly,114,,Lying,,0.473,0.0,26.6448
LyingdownSlowly,115,,Lying,,0.482,0.0,23.3328
LyingdownSlowly,116,,Lying,,0.488,0.0,25.7497
LyingdownSlowly,117,,Lying,,0.49,0.0,28.4601
LyingdownSlowly,118,Lying,Lying,True,0.491,0.0,24.6673
LyingdownSlowly,119,Lying,Lying,True,0.49,0.0,26.9972
LyingdownSlowly,120,Lying,Lying,True,0.49,0.0,22.6609
LyingdownSlowly,121,Lying,Lying,True,0.487,0.0,23.222
LyingdownSlowly,122,Lying,Lying,True,0.487,0.0,22.7447
LyingdownSlowly,123,Lying,Lying,True,0.486,0.0,22.5895
LyingdownSlowly,124,Lying,Lying,True,0.484,0.0,22.2403
LyingdownSlowly,125,Lying,Lying,True,0.548,0.0,23.124
LyingdownSlowly,126,Lying,Lying,True,0.564,0.0,23.0628
LyingdownSlowly,127,Lying,Lying,True,0.579,0.0,22.5491
LyingdownSlowly,128,Lying,Lying,True,0.593,0.0,21.7516
LyingdownSlowly,129,Lying,Lying,True,0.62,0.0,29.5119
LyingdownSlowly,130,Lying,Lying,True,0.649,0.0,22.1459
LyingdownSlowly,131,Lying,Lying,True,0.668,0.0,25.2978
LyingdownSlowly,132,Lying,Lying,True,0.685,0.0,21.9003
LyingdownSlowly,133,Lying,Lying,True,0.7,0.0,22.4236
LyingdownSlowly,134,Lying,Lying,True,0.713,0.0,23.1153
LyingdownSlowly,135,Lying,Lying,True,0.724,0.0,22.2446
LyingdownSlowly,136,Lying,Lying,True,0.73,0.0,22.0425
LyingdownSlowly,137,Lying,Lying,True,0.735,0.0,21.8795
LyingdownSlowly,138,Lying,Lying,True,0.74,0.0,25.1837
LyingdownSlowly,139,Lying,Lying,True,0.743,0.0,22.9425
LyingdownSlowly,140,Lying,Lying,True,0.746,0.0,22.746
LyingdownSlowly,141,Lying,Lying,True,0.746,0.0,26.0252
LyingdownSlowly,142,Lying,Lying,True,0.745,0.0,23.3139
LyingdownSlowly,143,Lying,Lying,True,0.746,0.0,22.0885
LyingdownSlowly,144,Lying,Lying,True,0.745,0.0,22.1019
LyingdownSlowly,145,Lying,Lying,True,0.74,0.0,26.0421
LyingdownSlowly,146,Lying,Lying,True,0.739,0.0,47.4504
LyingdownSlowly,147,Lying,Lying,True,0.738,0.0,58.4732
LyingdownSlowly,148,Lying,Lying,True,0.736,0.0,51.9583
LyingdownSlowly,149,Lying,Lying,True,0.734,0.0,75.6673
LyingdownSlowly,150,Lying,Lying,True,0.734,0.0,59.6431
LyingdownSlowly,151,Lying,Lying,True,0.735,0.0,61.1405
LyingdownSlowly,152,Lying,Lying,True,0.739,0.0,45.7813
LyingdownSlowly,153,Lying,Lying,True,0.738,0.0,34.7464
LyingdownSlowly,154,Lying,Lying,True,0.74,0.0,31.8329
LyingdownSlowly,155,Lying,Lying,True,0.743,0.0,39.2123
LyingdownSlowly,156,Lying,Lying,True,0.745,0.0,30.4659
LyingdownSlowly,157,Lying,Lying,True,0.748,0.0,32.4418
LyingdownSlowly,158,Lying,Lying,True,0.751,0.0,45.0049
LyingdownSlowly,159,Lying,Lying,True,0.755,0.0,31.1735
LyingdownSlowly,160,Lying,Lying,True,0.758,0.0,34.7068
LyingdownSlowly,161,Lying,Lying,True,0.759,0.0,35.6555
LyingdownSlowly,162,Lying,Lying,True,0.759,0.0,35.8849
LyingdownSlowly,163,Lying,Lying,True,0.761,0.0,36.4428
LyingdownSlowly,164,Lying,Lying,True,0.761,0.0,38.1362
LyingdownSlowly,165,Lying,Lying,True,0.761,0.0,49.0907
LyingdownSlowly,166,Lying,Lying,True,0.761,0.0,43.8095
LyingdownSlowly,167,Lying,Lying,True,0.761,0.0,47.1287
LyingdownSlowly,168,Lying,Lying,True,0.761,0.0,48.5999
LyingdownSlowly,169,Lying,Lying,True,0.762,0.0,49.0948
LyingdownSlowly,170,Lying,Lying,True,0.763,0.0,43.3451
LyingdownSlowly,171,Lying,Lying,True,0.762,0.0,31.6636
LyingdownSlowly,172,Lying,Lying,True,0.765,0.0,30.2111
LyingdownSlowly,173,Lying,Lying,True,0.764,0.0,34.0126
LyingdownSlowly,174,Lying,Lying,True,0.764,0.0,30.5949
LyingdownSlowly,175,Lying,Lying,True,0.766,0.0,30.2368
LyingdownSlowly,176,Lying,Lying,True,0.769,0.0,31.2269
LyingdownSlowly,177,Lying,Lying,True,0.768,0.0,30.0708
LyingdownSlowly,178,Lying,Lying,True,0.771,0.0,29.4413
LyingdownSlowly,179,Lying,Lying,True,0.771,0.0,39.7511
LyingdownSlowly,180,Lying,Lying,True,0.77,0.0,31.1695
LyingdownSlowly,181,Lying,Lying,True,0.769,0.0,30.3867
LyingdownSlowly,182,Lying,Lying,True,0.766,0.0,26.1901
LyingdownSlowly,183,Lying,Lying,True,0.764,0.0,33.4539
LyingdownSlowly,184,Lying,Lying,True,0.763,0.0,30.7195
LyingdownSlowly,185,Lying,Lying,True,0.761,0.0,28.9198
LyingdownSlowly,186,Lying,Lying,True,0.762,0.0,27.8579
LyingdownSlowly,187,Lying,Lying,True,0.761,0.0,26.2392
LyingdownSlowly,188,Lying,Lying,True,0.763,0.0,27.9758
LyingdownSlowly,189,Lying,Lying,True,0.764,0.0,28.0732
LyingdownSlowly,190,Lying,Lying,True,0.765,0.0,33.2791
LyingdownSlowly,191,Lying,Lying,True,0.767,0.0,31.9613
LyingdownSlowly,192,Lying,Lying,True,0.768,0.0,39.1523
LyingdownSlowly,193,Lying,Lying,True,0.765,0.0,37.6003
LyingdownSlowly,194,Lying,Lying,True,0.764,0.0,37.3552
LyingdownSlowly,195,Lying,Lying,True,0.764,0.0,28.2463
LyingdownSlowly,196,Lying,Lying,True,0.763,0.0,30.2958
LyingdownSlowly,197,Lying,Lying,True,0.761,0.0,28.9598
LyingdownSlowly,198,Lying,Lying,True,0.759,0.0,34.329
LyingdownSlowly,199,Lying,Lying,True,0.759,0.0,29.1048
LyingdownSlowly,200,Lying,Lying,True,0.759,0.0,30.3681
LyingdownSlowly,201,Lying,Lying,True,0.759,0.0,34.5901
LyingdownSlowly,202,Lying,Lying,True,0.758,0.0,28.4082
LyingdownSlowly,203,Lying,Lying,True,0.76,0.0,28.6792
LyingdownSlowly,204,Lying,Lying,True,0.759,0.0,31.2408
LyingdownSlowly,205,Lying,Lying,True,0.759,0.0,29.7975
LyingdownSlowly,206,Lying,Lying,True,0.758,0.0,37.9755
LyingdownSlowly,207,Lying,Lying,True,0.759,0.0,30.0004
LyingdownSlowly,208,Lying,Lying,True,0.759,0.0,27.6033
LyingdownSlowly,209,Lying,Lying,True,0.76,0.0,31.2646
LyingdownSlowly,210,Lying,Lying,True,0.759,0.0,34.2862
LyingdownSlowly,211,Lying,Lying,True,0.762,0.0,40.4659
LyingdownSlowly,212,Lying,Lying,True,0.764,0.0,34.9588
LyingdownSlowly,213,Lying,Lying,True,0.763,0.0,31.3308
LyingdownSlowly,214,Lying,Lying,True,0.762,0.0,38.5076
LyingdownSlowly,215,Lying,Lying,True,0.763,0.0,45.6817
LyingdownSlowly,216,Lying,Lying,True,0.762,0.0,35.2357
LyingdownSlowly,217,Lying,Lying,True,0.761,0.0,30.692
LyingdownSlowly,218,Lying,Lying,True,0.758,0.0,41.1934
LyingdownSlowly,219,Lying,Lying,True,0.756,0.0,34.9838
LyingdownSlowly,220,Lying,Lying,True,0.756,0.0,30.8057
LyingdownSlowly,221,Lying,Lying,True,0.756,0.0,31.5623
LyingdownSlowly,222,Lying,Lying,True,0.756,0.0,31.8266
LyingdownSlowly,223,Lying,Lying,True,0.756,0.0,35.9431
LyingdownSlowly,224,Lying,Lying,True,0.757,0.0,39.011
LyingdownSlowly,225,Lying,Lying,True,0.758,0.0,35.6129
LyingdownSlowly,226,Lying,Lying,True,0.757,0.0,31.6221
LyingdownSlowly,227,Lying,Lying,True,0.758,0.0,30.4675
LyingdownSlowly,228,Lying,Lying,True,0.76,0.0,34.6201
LyingdownSlowly,229,Lying,Lying,True,0.758,0.0,32.9813
LyingdownSlowly,230,Lying,Lying,True,0.758,0.0,44.2077
LyingdownSlowly,231,Lying,Lying,True,0.757,0.0,39.5285
LyingdownSlowly,232,Lying,Lying,True,0.759,0.0,30.898
LyingdownSlowly,233,Lying,Lying,True,0.761,0.0,32.6521
LyingdownSlowly,234,Lying,Lying,True,0.759,0.0,32.5902
LyingdownSlowly,235,Lying,Lying,True,0.758,0.0,31.1207
LyingdownSlowly,236,,Lying,,0.758,0.0,34.0615
LyingdownSlowly,237,,Lying,,0.757,0.0,49.0126
LyingdownSlowly,238,,Lying,,0.756,0.0,35.1473
LyingdownSlowly,239,,Lying,,0.753,0.0,50.0486
LyingdownSlowly,240,,Lying,,0.751,0.0,57.6767
LyingdownSlowly,241,,Lying,,0.752,0.0,50.6476
LyingdownSlowly,242,,Lying,,0.751,0.0,44.9769
LyingdownSlowly,243,,Lying,,0.751,0.0,48.6284
LyingdownSlowly,244,,Lying,,0.75,0.0,55.2424
LyingdownSlowly,245,,Lying,,0.751,0.0,54.2632
LyingdownSlowly,246,,Lying,,0.752,0.0,50.1594
LyingdownSlowly,247,,Lying,,0.753,0.0,52.0637
LyingdownSlowly,248,,Lying,,0.753,0.0,51.0031
LyingdownSlowly,249,,Lying,,0.752,0.0,38.5519
LyingdownSlowly,250,,Lying,,0.752,0.0,52.0401
LyingdownSlowly,251,,Lying,,0.754,0.0,47.4057
LyingdownSlowly,252,,Lying,,0.755,0.0,60.3387
LyingdownSlowly,253,,Lying,,0.755,0.0,56.6714
LyingdownSlowly,254,,Lying,,0.755,0.0,50.4653
LyingdownSlowly,255,,Lying,,0.754,0.0,53.4754
LyingdownSlowly,256,,Lying,,0.753,0.0,63.8506
LyingdownSlowly,257,,Lying,,0.753,0.0,49.9359
LyingdownSlowly,258,,Lying,,0.755,0.0,54.911
LyingdownSlowly,259,,Lying,,0.755,0.0,49.5171
LyingdownSlowly,260,,Lying,,0.755,0.0,55.871
LyingdownSlowly,261,,Lying,,0.756,0.0,49.447
LyingdownSlowly,262,,Lying,,0.76,0.0,44.989
LyingdownSlowly,263,,Lying,,0.766,0.0,45.5717
LyingdownSlowly,264,,Lying,,0.769,0.0,59.2348
LyingdownSlowly,265,,Lying,,0.771,0.0,54.4644
LyingdownSlowly,266,,Lying,,0.773,0.0,52.3263
LyingdownSlowly,267,,Lying,,0.775,0.0,62.6478
LyingdownSlowly,268,,Lying,,0.774,0.0,46.9493
LyingdownSlowly,269,,Lying,,0.771,0.0,33.8001
LyingdownSlowly,270,,Lying,,0.765,0.0,43.5548
LyingdownSlowly,271,,Lying,,0.757,0.0,41.3607
LyingdownSlowly,272,,Lying,,0.751,0.0,46.4685
LyingdownSlowly,273,,Lying,,0.749,0.0,49.4367
LyingdownSlowly,274,,Lying,,0.745,0.0,37.917
LyingdownSlowly,275,,Lying,,0.746,0.0,49.6861
LyingdownSlowly,276,,Lying,,0.75,0.0,47.7387
LyingdownSlowly,277,,Lying,,0.759,0.0,50.4341
LyingdownSlowly,278,,Lying,,0.769,0.0,40.8784
LyingdownSlowly,279,,Lying,,0.78,0.0,39.4391
LyingdownSlowly,280,,Lying,,0.788,0.0,55.2489
LyingdownSlowly,281,,Lying,,0.797,0.0,73.3929
LyingdownSlowly,282,,Lying,,0.803,0.0,63.9756
LyingdownSlowly,283,,Lying,,0.807,0.0,44.2364
LyingdownSlowly,284,,Lying,,0.808,0.0,43.3352
LyingdownSlowly,285,,Lying,,0.805,0.0,37.5546
LyingdownSlowly,286,,Lying,,0.803,0.0,46.119
LyingdownSlowly,287,,Lying,,0.799,0.0,33.3233
LyingdownSlowly,288,,Lying,,0.793,0.0,37.2479
LyingdownSlowly,289,,Lying,,0.785,0.0,44.7627
LyingdownSlowly,290,,Lying,,0.775,0.0,53.087
LyingdownSlowly,291,,Lying,,0.759,0.0,46.4475
LyingdownSlowly,292,,Lying,,0.738,0.0,49.487
LyingdownSlowly,293,,Lying,,0.71,0.0,53.5442
LyingdownSlowly,294,,Lying,,0.676,0.0,41.6538
LyingdownSlowly,295,,Lying,,0.639,0.0,41.9385
LyingdownSlowly,296,,Lying,,0.605,0.0,44.3506
LyingdownSlowly,297,,Lying,,0.565,0.0,39.286
LyingdownSlowly,298,,Lying,,0.53,0.0,36.9333
LyingdownSlowly,299,,Lying,,0.499,0.0,46.958
LyingdownSlowly,300,,Lying,,0.473,0.0,38.3366
LyingdownSlowly,301,,Lying,,0.448,0.0,37.0106
LyingdownSlowly,302,,Lying,,0.438,0.0,38.7394
LyingdownSlowly,303,,Lying,,0.423,0.0,41.9574
LyingdownSlowly,304,,Lying,,0.415,0.0,44.5451
LyingdownSlowly,305,,Sitting,,0.38,0.0,33.5784
LyingdownSlowly,306,,Sitting,,0.382,0.0,54.6185
LyingdownSlowly,307,,Sitting,,0.384,0.0,35.136
LyingdownSlowly,308,,Sitting,,0.386,0.0,31.4115
LyingdownSlowly,309,,Sitting,,0.387,0.0,32.9161
LyingdownSlowly,310,,Sitting,,0.388,0.0,31.9816
LyingdownSlowly,311,,Sitting,,0.386,0.0,31.1324
LyingdownSlowly,312,,Sitting,,0.384,0.0,33.8139
LyingdownSlowly,313,,Sitting,,0.379,0.0,50.6189
LyingdownSlowly,314,,Sitting,,0.377,0.0,32.424
LyingdownSlowly,315,,Sitting,,0.373,0.0,33.6084
LyingdownSlowly,316,,Sitting,,0.369,0.0,33.1871
LyingdownSlowly,317,,Lying,,0.439,0.0,31.9604
LyingdownSlowly,318,,Lying,,0.463,0.0,45.5013
LyingdownSlowly,319,,Lying,,0.49,0.0,38.3098
LyingdownSlowly,320,,Lying,,0.51,0.0,51.3355
LyingdownSlowly,321,,Lying,,0.548,0.0,55.3241
LyingdownSlowly,322,,Lying,,0.585,0.0,50.9677
LyingdownSlowly,323,,Lying,,0.613,0.0,42.3867
LyingdownSlowly,324,,Lying,,0.633,0.0,48.8689
LyingdownSlowly,325,,Lying,,0.646,0.0,46.3198
LyingdownSlowly,326,,Lying,,0.645,0.0,49.2671
LyingdownSlowly,327,,Lying,,0.637,0.0,46.52
LyingdownSlowly,328,,Lying,,0.62,0.0,47.0318
LyingdownSlowly,329,,Lying,,0.594,0.0,45.6942
LyingdownSlowly,330,,Lying,,0.56,0.0,43.3249
LyingdownSlowly,331,,Lying,,0.519,0.0,66.2696
LyingdownSlowly,332,,Lying,,0.477,0.0,45.9888
LyingdownSlowly,333,,Lying,,0.435,0.0,37.8181
LyingdownSlowly,334,,Lying,,0.4,0.0,36.368
LyingdownSlowly,335,,Lying,,0.374,0.0,35.7698
LyingdownSlowly,336,,Lying,,0.357,0.0,30.4938
LyingdownSlowly,337,,Lying,,0.342,0.0,39.2235
LyingdownSlowly,338,,Lying,,0.333,0.0,64.5125
LyingdownSlowly,339,,Lying,,0.33,0.0,43.2531
LyingdownSlowly,340,,Lying,,0.331,0.0,37.3355
LyingdownSlowly,341,,Lying,,0.33,0.0,29.0404
LyingdownSlowly,342,,Sitting,,0.343,0.0,29.9171
LyingdownSlowly,343,,Sitting,,0.343,0.0,29.6936
LyingdownSlowly,344,,Sitting,,0.343,0.0,32.202
LyingdownSlowly,345,,Sitting,,0.343,0.0,30.96
LyingdownSlowly,346,,Standing,,0.389,0.0,29.618
LyingdownSlowly,347,,Standing,,0.401,0.0,29.0862
LyingdownSlowly,348,,Standing,,0.416,0.0,31.2464
LyingdownSlowly,349,,Standing,,0.433,0.0,29.3926
LyingdownSlowly,350,,Standing,,0.457,0.0,29.5195
LyingdownSlowly,351,,Standing,,0.476,0.0,29.3658
LyingdownSlowly,352,,Standing,,0.489,0.0,37.3684
LyingdownSlowly,353,,Standing,,0.498,0.0,32.0819
LyingdownSlowly,354,,Standing,,0.496,0.0,33.5292
LyingdownSlowly,355,,Standing,,0.49,0.0,38.548
LyingdownSlowly,356,,Standing,,0.484,0.0,32.0075
LyingdownSlowly,357,,Standing,,0.483,0.0,31.7255
LyingdownSlowly,358,,Standing,,0.491,0.0,33.7668
LyingdownSlowly,359,,Standing,,0.504,0.0,35.0153
LyingdownSlowly,360,,Standing,,0.529,0.0,30.6422
LyingdownSlowly,361,,Standing,,0.559,0.0,30.8627
LyingdownSlowly,362,,Standing,,0.589,0.0,39.5917
LyingdownSlowly,363,,Standing,,0.612,0.0,32.7861
LyingdownSlowly,364,,Standing,,0.629,0.0,34.5507
LyingdownSlowly,365,,Standing,,0.643,0.0,36.136
LyingdownSlowly,366,,Standing,,0.649,0.0,39.4661
LyingdownSlowly,367,,Standing,,0.653,0.0,28.4173
LyingdownSlowly,368,,Standing,,0.654,0.0,28.3405
LyingdownSlowly,369,,Standing,,0.658,0.0,30.3491
LyingdownSlowly,370,,Standing,,0.665,0.0,29.1133
LyingdownSlowly,371,,Standing,,0.676,0.0,31.8559
LyingdownSlowly,372,,Standing,,0.689,0.0,25.9681
LyingdownSlowly,373,,Standing,,0.711,0.0,29.4561
LyingdownSlowly,374,,Standing,,0.728,0.0,28.3541
LyingdownSlowly,375,,Standing,,0.749,0.0,27.3912
LyingdownSlowly,376,,Standing,,0.767,0.0,32.8635
LyingdownSlowly,377,,Standing,,0.783,0.0,37.3494
LyingdownSlowly,378,,Standing,,0.795,0.0,38.0275
LyingdownSlowly,379,,Standing,,0.806,0.0,34.8766
LyingdownSlowly,380,,Standing,,0.811,0.0,30.4387
LyingdownSlowly,381,,Standing,,0.817,0.0,28.1545
Moving_in_out_frame,31,Standing,Standing,True,0.937,0.0,27.2655
Moving_in_out_frame,32,Standing,Standing,True,0.94,0.0,25.9014
Moving_in_out_frame,33,Standing,Standing,True,0.939,0.0,26.3431
Moving_in_out_frame,34,Standing,Standing,True,0.941,0.0,25.954
Moving_in_out_frame,35,Standing,Standing,True,0.942,0.0,27.0289
Moving_in_out_frame,36,Standing,Standing,True,0.943,0.0,24.2467
Moving_in_out_frame,37,Standing,Standing,True,0.943,0.0,25.9673
Moving_in_out_frame,38,Standing,Standing,True,0.947,0.0,23.559
Moving_in_out_frame,39,Standing,Standing,True,0.949,0.0,26.4688
Moving_in_out_frame,40,Standing,Standing,True,0.953,0.0,22.8605
Moving_in_out_frame,41,Standing,Standing,True,0.957,0.0,27.6652
Moving_in_out_frame,42,Standing,Standing,True,0.959,0.0,23.9243
Moving_in_out_frame,43,Standing,Standing,True,0.961,0.0,27.7388
Moving_in_out_frame,44,Standing,Standing,True,0.96,0.0,24.4276
Moving_in_out_frame,45,Standing,Standing,True,0.959,0.0,26.0555
Moving_in_out_frame,46,Standing,Standing,True,0.956,0.0,23.1666
Moving_in_out_frame,47,Standing,Standing,True,0.952,0.0,23.0634
Moving_in_out_frame,48,Standing,Standing,True,0.947,0.0,30.3814
Moving_in_out_frame,49,Standing,Standing,True,0.944,0.0,23.5465
Moving_in_out_frame,50,Standing,Standing,True,0.942,0.0,23.1875
Moving_in_out_frame,51,Standing,Standing,True,0.942,0.0,23.6651
Moving_in_out_frame,52,Standing,Standing,True,0.941,0.0,21.6339
Moving_in_out_frame,53,Standing,Standing,True,0.941,0.0,23.9011
Moving_in_out_frame,54,Standing,Standing,True,0.941,0.0,21.9904
Moving_in_out_frame,55,Standing,Standing,True,0.939,0.0,24.4875
Moving_in_out_frame,56,Standing,Standing,True,0.937,0.0,23.3466
Moving_in_out_frame,57,Standing,Standing,True,0.933,0.0,24.8864
Moving_in_out_frame,58,Standing,Standing,True,0.928,0.0,23.6853
Moving_in_out_frame,59,Not in frame,Standing,False,0.923,0.0,21.568
Moving_in_out_frame,60,Not in frame,Standing,False,0.92,0.0,23.4434
Moving_in_out_frame,61,Not in frame,Standing,False,0.915,0.0,22.3572
Moving_in_out_frame,62,Not in frame,Standing,False,0.91,0.0,25.7696
Moving_in_out_frame,63,Not in frame,Standing,False,0.903,0.0,31.5895
Moving_in_out_frame,64,Not in frame,Standing,False,0.894,0.0,46.2551
Moving_in_out_frame,65,Not in frame,Standing,False,0.885,0.0,24.614
Moving_in_out_frame,66,Not in frame,Standing,False,0.873,0.0,32.9661
Moving_in_out_frame,67,Not in frame,Standing,False,0.86,0.0,30.5037
Moving_in_out_frame,68,Not in frame,Standing,False,0.849,0.0,28.0853
Moving_in_out_frame,69,Not in frame,Standing,False,0.837,0.0,29.0145
Moving_in_out_frame,70,Not in frame,Standing,False,0.825,0.0,29.0355
Moving_in_out_frame,71,Not in frame,Standing,False,0.816,1.0,26.3558
Moving_in_out_frame,72,Not in frame,Standing,False,0.806,1.0,27.3478
Moving_in_out_frame,73,Not in frame,Standing,False,0.797,1.0,27.4235
Moving_in_out_frame,74,Not in frame,Standing,False,0.78,1.0,26.2306
Moving_in_out_frame,75,Not in frame,Standing,False,0.757,1.0,26.6652
Moving_in_out_frame,76,Not in frame,Standing,False,0.71,0.0,25.7301
Moving_in_out_frame,77,Not in frame,Standing,False,0.642,0.0,26.1567
Moving_in_out_frame,78,Not in frame,Standing,False,0.617,0.0,25.92
Moving_in_out_frame,79,Not in frame,Standing,False,0.584,0.0,28.5167
Moving_in_out_frame,80,Not in frame,Standing,False,0.54,0.0,28.5201
Moving_in_out_frame,81,Not in frame,Lying,False,0.41,0.0,27.7818
Moving_in_out_frame,82,Not in frame,Lying,False,0.432,0.0,26.9744
Moving_in_out_frame,83,Not in frame,Lying,False,0.447,0.0,26.7843
Moving_in_out_frame,84,Not in frame,Lying,False,0.463,0.0,27.9901
Moving_in_out_frame,85,Not in frame,Lying,False,0.497,0.0,32.6671
Moving_in_out_frame,86,Not in frame,Lying,False,0.531,0.0,28.9501
Moving_in_out_frame,87,Not in frame,Lying,False,0.559,0.0,25.8113
Moving_in_out_frame,88,Not in frame,Lying,False,0.584,0.0,26.457
Moving_in_out_frame,89,Not in frame,Lying,False,0.603,0.0,27.8537
Moving_in_out_frame,90,Not in frame,Lying,False,0.62,0.0,27.1371
Moving_in_out_frame,91,Not in frame,Lying,False,0.634,0.0,29.441
Moving_in_out_frame,92,Not in frame,Lying,False,0.65,0.0,31.3012
Moving_in_out_frame,93,Not in frame,Lying,False,0.659,0.0,35.5747
Moving_in_out_frame,94,Not in frame,Lying,False,0.667,0.0,37.4975
Moving_in_out_frame,95,Not in frame,Lying,False,0.672,0.0,28.4248
Moving_in_out_frame,96,Not in frame,Lying,False,0.678,0.0,29.7998
Moving_in_out_frame,97,Not in frame,Lying,False,0.692,0.0,29.4095
Moving_in_out_frame,98,Not in frame,Lying,False,0.708,0.0,27.4867
Moving_in_out_frame,99,Not in frame,Lying,False,0.719,0.0,27.2079
Moving_in_out_frame,100,Not in frame,Lying,False,0.731,0.0,27.198
Moving_in_out_frame,101,Not in frame,Lying,False,0.743,0.0,26.5164
Moving_in_out_frame,102,Not in frame,Lying,False,0.749,0.0,25.7765
Moving_in_out_frame,103,Not in frame,Lying,False,0.759,0.0,26.3292
Moving_in_out_frame,104,Not in frame,Lying,False,0.765,0.0,25.6408
Moving_in_out_frame,105,Not in frame,Lying,False,0.775,0.0,24.9078
Moving_in_out_frame,106,Not in frame,Lying,False,0.787,0.0,23.6195
Moving_in_out_frame,107,Not in frame,Lying,False,0.797,0.0,23.0286
Moving_in_out_frame,108,Not in frame,Lying,False,0.807,0.0,24.8424
Moving_in_out_frame,109,Not in frame,Lying,False,0.819,0.0,22.6898
Moving_in_out_frame,110,Not in frame,Lying,False,0.831,0.0,25.0689
Moving_in_out_frame,111,Not in frame,Lying,False,0.839,0.0,24.3819
Moving_in_out_frame,112,Not in frame,Lying,False,0.839,0.0,23.6091
Moving_in_out_frame,113,Not in frame,Lying,False,0.837,0.0,23.5533
Moving_in_out_frame,114,Not in frame,Lying,False,0.835,0.0,21.9184
Moving_in_out_frame,115,Not in frame,Lying,False,0.838,0.0,23.8534
Moving_in_out_frame,116,Not in frame,Lying,False,0.838,0.0,22.4368
Moving_in_out_frame,117,Standing,Lying,False,0.837,0.0,22.3991
Moving_in_out_frame,118,Standing,Lying,False,0.838,0.0,21.7111
Moving_in_out_frame,119,Standing,Lying,False,0.838,0.0,31.0184
Moving_in_out_frame,120,Standing,Lying,False,0.84,0.0,23.9392
Moving_in_out_frame,121,Standing,Lying,False,0.841,0.0,27.0559
Moving_in_out_frame,122,Standing,Lying,False,0.838,0.0,32.7934
Moving_in_out_frame,123,Standing,Lying,False,0.84,0.0,28.1983
Moving_in_out_frame,124,Standing,Lying,False,0.843,0.0,23.9388
Moving_in_out_frame,125,Standing,Lying,False,0.842,0.0,25.5522
Moving_in_out_frame,126,Standing,Lying,False,0.84,0.0,24.6418
Moving_in_out_frame,127,Standing,Lying,False,0.841,0.0,39.9824
Moving_in_out_frame,128,Standing,Lying,False,0.84,0.0,27.3452
Moving_in_out_frame,129,Standing,Lying,False,0.84,0.0,29.436
Moving_in_out_frame,130,Standing,Lying,False,0.838,0.0,26.3735
Moving_in_out_frame,131,Standing,Lying,False,0.837,0.0,30.7373
Moving_in_out_frame,132,Standing,Lying,False,0.836,0.0,25.8034
Moving_in_out_frame,133,Standing,Lying,False,0.834,0.0,32.0301
Moving_in_out_frame,134,Standing,Lying,False,0.832,0.0,27.2445
Moving_in_out_frame,135,Standing,Lying,False,0.831,0.0,24.6435
Moving_in_out_frame,136,Standing,Lying,False,0.831,0.0,28.2395
Moving_in_out_frame,137,Standing,Lying,False,0.829,0.0,31.1818
Moving_in_out_frame,138,Standing,Lying,False,0.827,0.0,24.9822
Moving_in_out_frame,139,Standing,Lying,False,0.827,0.0,31.0369
Moving_in_out_frame,140,Standing,Lying,False,0.83,0.0,28.6545
Moving_in_out_frame,141,Standing,Lying,False,0.83,0.0,28.0172
Moving_in_out_frame,142,Standing,Lying,False,0.829,0.0,26.4225
Moving_in_out_frame,143,Standing,Lying,False,0.829,0.0,25.4593
Moving_in_out_frame,144,Standing,Lying,False,0.83,0.0,25.5006
Moving_in_out_frame,145,Standing,Lying,False,0.829,0.0,27.268
Moving_in_out_frame,146,Standing,Lying,False,0.828,0.0,28.621
Moving_in_out_frame,147,Standing,Lying,False,0.827,0.0,27.2674
Moving_in_out_frame,148,Standing,Lying,False,0.826,0.0,26.6031
Moving_in_out_frame,149,Standing,Lying,False,0.828,0.0,29.7419
Moving_in_out_frame,150,Standing,Lying,False,0.827,0.0,25.0329
Moving_in_out_frame,151,Standing,Lying,False,0.828,0.0,27.9384
Moving_in_out_frame,152,Standing,Lying,False,0.827,0.0,26.7357
Moving_in_out_frame,153,Standing,Lying,False,0.825,0.0,29.6879
Moving_in_out_frame,154,Standing,Lying,False,0.824,0.0,28.9069
Moving_in_out_frame,155,Standing,Lying,False,0.824,0.0,26.3135
Moving_in_out_frame,156,Standing,Lying,False,0.823,0.0,26.1881
Moving_in_out_frame,157,Standing,Lying,False,0.822,0.0,32.5052
Moving_in_out_frame,158,Standing,Lying,False,0.821,0.0,30.2172
Moving_in_out_frame,159,Standing,Lying,False,0.824,0.0,28.6645
Moving_in_out_frame,160,Standing,Lying,False,0.825,0.0,25.0598
Moving_in_out_frame,161,Standing,Lying,False,0.827,0.0,27.6433
Moving_in_out_frame,162,Standing,Lying,False,0.827,0.0,28.0738
Moving_in_out_frame,163,Standing,Lying,False,0.829,0.0,25.6156
Moving_in_out_frame,164,Standing,Lying,False,0.831,0.0,31.1462
Moving_in_out_frame,165,Standing,Lying,False,0.83,0.0,27.5443
Moving_in_out_frame,166,Standing,Lying,False,0.83,0.0,28.752
Moving_in_out_frame,167,Standing,Lying,False,0.825,1.0,38.6202
Moving_in_out_frame,168,Standing,Lying,False,0.814,0.0,39.7152
Moving_in_out_frame,169,Standing,Lying,False,0.8,0.0,42.8689
Moving_in_out_frame,170,Standing,Lying,False,0.779,0.0,54.1014
Moving_in_out_frame,171,Standing,Lying,False,0.75,0.0,32.9727
Moving_in_out_frame,172,Standing,Lying,False,0.714,0.0,40.6217
Moving_in_out_frame,173,Standing,Lying,False,0.667,0.0,34.6957
Moving_in_out_frame,174,Standing,Lying,False,0.617,0.0,35.0979
Moving_in_out_frame,175,Standing,Lying,False,0.593,0.0,32.2602
Moving_in_out_frame,176,Standing,Lying,False,0.566,0.0,33.3701
Moving_in_out_frame,177,Standing,Lying,False,0.537,0.0,35.5695
Moving_in_out_frame,178,Standing,Standing,True,0.547,0.0,35.7561
Moving_in_out_frame,179,Standing,Standing,True,0.562,0.0,39.0509
Moving_in_out_frame,180,Standing,Standing,True,0.577,0.0,45.477
Moving_in_out_frame,181,Standing,Standing,True,0.593,0.0,37.8284
Moving_in_out_frame,182,Standing,Standing,True,0.622,0.0,32.9548
Moving_in_out_frame,183,Standing,Standing,True,0.65,0.0,43.1585
Moving_in_out_frame,184,Standing,Standing,True,0.672,0.0,43.8475
Moving_in_out_frame,185,Standing,Standing,True,0.689,0.0,59.1797
Moving_in_out_frame,186,Standing,Standing,True,0.706,0.0,57.3541
Moving_in_out_frame,187,Standing,Standing,True,0.72,0.0,47.4557
Moving_in_out_frame,188,Standing,Standing,True,0.729,0.0,68.3633
Moving_in_out_frame,189,Standing,Standing,True,0.741,0.0,80.7273
Moving_in_out_frame,190,Standing,Standing,True,0.748,0.0,80.6212
Moving_in_out_frame,191,Standing,Standing,True,0.756,0.0,72.2032
Moving_in_out_frame,192,Standing,Standing,True,0.765,0.0,75.243
Moving_in_out_frame,193,Standing,Standing,True,0.774,0.0,78.5905
Moving_in_out_frame,194,Standing,Standing,True,0.781,0.0,57.3979
Moving_in_out_frame,195,Standing,Standing,True,0.789,0.0,47.7219
Moving_in_out_frame,196,Standing,Standing,True,0.793,0.0,38.6822
Moving_in_out_frame,197,Standing,Standing,True,0.824,0.0,41.4441
Moving_in_out_frame,198,Standing,Standing,True,0.853,0.0,37.2647
Moving_in_out_frame,199,Standing,Standing,True,0.883,0.0,35.5975
Moving_in_out_frame,200,Standing,Standing,True,0.909,0.0,33.7742
Moving_in_out_frame,201,Standing,Standing,True,0.935,0.0,34.7374
Moving_in_out_frame,202,Standing,Standing,True,0.957,0.0,32.8441
Moving_in_out_frame,203,Standing,Standing,True,0.98,0.0,30.8897
Moving_in_out_frame,204,Standing,Standing,True,0.976,0.0,30.3053
Moving_in_out_frame,205,Standing,Standing,True,0.974,0.0,30.7781
Moving_in_out_frame,206,,Standing,,0.972,0.0,31.5213
Moving_in_out_frame,207,,Standing,,0.97,0.0,29.2433
Moving_in_out_frame,208,,Standing,,0.969,0.0,32.933
Moving_in_out_frame,209,,Standing,,0.97,0.0,32.7817
Moving_in_out_frame,210,,Standing,,0.971,0.0,31.2792
Moving_in_out_frame_withFall,31,Standing,Standing,True,0.784,1.0,27.7611
Moving_in_out_frame_withFall,32,Standing,Standing,True,0.782,1.0,28.4055
Moving_in_out_frame_withFall,33,Standing,Standing,True,0.789,1.0,32.0607
Moving_in_out_frame_withFall,34,Standing,Standing,True,0.787,1.0,30.4758
Moving_in_out_frame_withFall,35,Standing,Standing,True,0.775,1.0,40.9615
Moving_in_out_frame_withFall,36,Standing,Standing,True,0.755,1.0,37.6878
Moving_in_out_frame_withFall,37,Standing,Standing,True,0.731,1.0,44.9345
Moving_in_out_frame_withFall,38,Standing,Standing,True,0.691,1.0,29.6699
Moving_in_out_frame_withFall,39,Standing,Standing,True,0.646,1.0,29.9039
Moving_in_out_frame_withFall,40,Standing,Standing,True,0.589,1.0,43.0071
Moving_in_out_frame_withFall,41,Standing,Standing,True,0.557,1.0,34.869
Moving_in_out_frame_withFall,42,Standing,Standing,True,0.523,1.0,61.7281
Moving_in_out_frame_withFall,43,Standing,Standing,True,0.49,1.0,53.9352
Moving_in_out_frame_withFall,44,Standing,Lying,False,0.383,1.0,56.5305
Moving_in_out_frame_withFall,45,Standing,Lying,False,0.4,1.0,46.032
Moving_in_out_frame_withFall,46,Standing,Lying,False,0.421,1.0,34.6635
Moving_in_out_frame_withFall,47,Standing,Lying,False,0.436,1.0,29.094
Moving_in_out_frame_withFall,48,Standing,Lying,False,0.468,1.0,39.7028
Moving_in_out_frame_withFall,49,Standing,Lying,False,0.494,1.0,31.1505
Moving_in_out_frame_withFall,50,Not in frame,Lying,False,0.513,1.0,37.0567
Moving_in_out_frame_withFall,51,Not in frame,Lying,False,0.528,1.0,37.0711
Moving_in_out_frame_withFall,52,Not in frame,Lying,False,0.537,1.0,27.7954
Moving_in_out_frame_withFall,53,Not in frame,Lying,False,0.538,1.0,28.6559
Moving_in_out_frame_withFall,54,Not in frame,Lying,False,0.537,1.0,32.0114
Moving_in_out_frame_withFall,55,Not in frame,Lying,False,0.537,1.0,26.8884
Moving_in_out_frame_withFall,56,Not in frame,Lying,False,0.533,1.0,30.7193
Moving_in_out_frame_withFall,57,Not in frame,Lying,False,0.531,1.0,31.1541
Moving_in_out_frame_withFall,58,Not in frame,Lying,False,0.524,1.0,30.3819
Moving_in_out_frame_withFall,59,Not in frame,Lying,False,0.518,1.0,27.8708
Moving_in_out_frame_withFall,60,Not in frame,Lying,False,0.516,1.0,28.8636
Moving_in_out_frame_withFall,61,Not in frame,Lying,False,0.516,1.0,31.4205
Moving_in_out_frame_withFall,62,Not in frame,Lying,False,0.509,1.0,25.9388
Moving_in_out_frame_withFall,63,Not in frame,Unknown,False,0.538,1.0,31.2494
Moving_in_out_frame_withFall,64,Not in frame,Unknown,False,0.538,1.0,28.725
Moving_in_out_frame_withFall,65,Not in frame,Unknown,False,0.538,1.0,28.6614
Moving_in_out_frame_withFall,66,Not in frame,Unknown,False,0.538,1.0,30.3474
Moving_in_out_frame_withFall,67,Not in frame,Unknown,False,0.538,1.0,27.8092
Moving_in_out_frame_withFall,68,Not in frame,Unknown,False,0.538,1.0,28.2969
Moving_in_out_frame_withFall,69,Not in frame,Unknown,False,0.538,1.0,26.8642
Moving_in_out_frame_withFall,70,Not in frame,Unknown,False,0.538,1.0,28.1982
Moving_in_out_frame_withFall,71,Not in frame,Unknown,False,0.538,1.0,38.6047
Moving_in_out_frame_withFall,72,Not in frame,Unknown,False,0.538,1.0,26.0625
Moving_in_out_frame_withFall,73,Not in frame,Unknown,False,0.538,1.0,24.4115
Moving_in_out_frame_withFall,74,Not in frame,Unknown,False,0.538,1.0,24.7698
Moving_in_out_frame_withFall,75,Not in frame,Unknown,False,0.538,1.0,24.3515
Moving_in_out_frame_withFall,76,Not in frame,Unknown,False,0.538,1.0,23.4139
Moving_in_out_frame_withFall,77,Not in frame,Unknown,False,0.538,1.0,37.902
Moving_in_out_frame_withFall,78,Not in frame,Unknown,False,0.538,1.0,27.1334
Moving_in_out_frame_withFall,79,Not in frame,Unknown,False,0.538,1.0,26.1318
Moving_in_out_frame_withFall,80,Not in frame,Unknown,False,0.538,1.0,29.1778
Moving_in_out_frame_withFall,81,Not in frame,Unknown,False,0.538,1.0,28.0588
Moving_in_out_frame_withFall,82,Not in frame,Unknown,False,0.538,1.0,36.8007
Moving_in_out_frame_withFall,83,Not in frame,Unknown,False,0.538,1.0,39.674
Moving_in_out_frame_withFall,84,Not in frame,Unknown,False,0.538,1.0,29.2337
Moving_in_out_frame_withFall,85,Not in frame,Unknown,False,0.538,1.0,26.0039
Moving_in_out_frame_withFall,86,,Unknown,,0.538,1.0,25.8619
Moving_in_out_frame_withFall,87,,Unknown,,0.538,1.0,25.6559
Moving_in_out_frame_withFall,88,Standing,Unknown,False,0.538,1.0,28.6818
Moving_in_out_frame_withFall,89,Standing,Unknown,False,0.538,1.0,24.4921
Moving_in_out_frame_withFall,90,Standing,Unknown,False,0.538,1.0,24.4796
Moving_in_out_frame_withFall,91,Standing,Unknown,False,0.538,1.0,24.7259
Moving_in_out_frame_withFall,92,Standing,Unknown,False,0.538,1.0,27.8457
Moving_in_out_frame_withFall,93,Standing,Unknown,False,0.538,1.0,24.6578
Moving_in_out_frame_withFall,94,Standing,Unknown,False,0.538,1.0,25.546
Moving_in_out_frame_withFall,95,Standing,Unknown,False,0.538,1.0,26.5494
Moving_in_out_frame_withFall,96,Standing,Unknown,False,0.538,1.0,25.649
Moving_in_out_frame_withFall,97,Standing,Unknown,False,0.538,1.0,26.0883
Moving_in_out_frame_withFall,98,Standing,Unknown,False,0.538,1.0,24.1131
Moving_in_out_frame_withFall,99,Standing,Unknown,False,0.538,1.0,23.5917
Moving_in_out_frame_withFall,100,Standing,Unknown,False,0.538,1.0,24.2046
Moving_in_out_frame_withFall,101,Standing,Unknown,False,0.538,1.0,24.9735
Moving_in_out_frame_withFall,102,Standing,Unknown,False,0.538,1.0,26.246
Moving_in_out_frame_withFall,103,Standing,Unknown,False,0.538,1.0,30.7348
Moving_in_out_frame_withFall,104,Standing,Unknown,False,0.539,0.0,32.4154
Moving_in_out_frame_withFall,105,Standing,Unknown,False,0.538,0.0,33.2008
Moving_in_out_frame_withFall,106,Standing,Unknown,False,0.53,0.0,33.2509
Moving_in_out_frame_withFall,107,Standing,Unknown,False,0.502,0.0,32.7997
Moving_in_out_frame_withFall,108,Standing,Unknown,False,0.496,0.0,34.7231
Moving_in_out_frame_withFall,109,,Unknown,,0.488,0.0,27.0667
Moving_in_out_frame_withFall,110,,Unknown,,0.475,0.0,32.4217
Moving_in_out_frame_withFall,111,,Standing,,0.535,0.0,37.5882
Moving_in_out_frame_withFall,112,,Standing,,0.534,0.0,54.5011
Moving_in_out_frame_withFall,113,,Standing,,0.528,0.0,43.3874
Moving_in_out_frame_withFall,114,,Standing,,0.525,0.0,33.4883
Moving_in_out_frame_withFall,115,,Standing,,0.521,0.0,37.2356
Moving_in_out_frame_withFall,116,,Standing,,0.514,0.0,33.0619
Moving_in_out_frame_withFall,117,,Standing,,0.513,0.0,28.7629
Moving_in_out_frame_withFall,118,,Standing,,0.513,0.0,30.859
Moving_in_out_frame_withFall,119,,Standing,,0.514,0.0,32.2928
Moving_in_out_frame_withFall,120,,Standing,,0.52,0.0,26.9947
Moving_in_out_frame_withFall,121,,Standing,,0.522,0.0,31.077
Moving_in_out_frame_withFall,122,,Standing,,0.524,0.0,28.491
Moving_in_out_frame_withFall,123,,Standing,,0.519,0.0,29.5062
Moving_in_out_frame_withFall,124,,Standing,,0.506,0.0,26.206
Moving_in_out_frame_withFall,125,,Standing,,0.495,0.0,41.521
Moving_in_out_frame_withFall,126,,Standing,,0.486,0.0,34.184
Moving_in_out_frame_withFall,127,,Standing,,0.476,0.0,39.5916
Moving_in_out_frame_withFall,128,,Standing,,0.466,0.0,43.0749
Moving_in_out_frame_withFall,129,,Standing,,0.454,0.0,37.4028
Moving_in_out_frame_withFall,130,,Standing,,0.447,0.0,40.6145
Moving_in_out_frame_withFall,131,,Standing,,0.444,0.0,43.3815
Moving_in_out_frame_withFall,132,,Standing,,0.441,0.0,31.7038
Moving_in_out_frame_withFall,133,,Standing,,0.437,0.0,43.9243
Moving_in_out_frame_withFall,134,,Standing,,0.434,0.0,44.6341
Moving_in_out_frame_withFall,135,,Standing,,0.434,0.0,54.5425
Moving_in_out_frame_withFall,136,,Standing,,0.435,0.0,65.7048
Moving_in_out_frame_withFall,137,,Standing,,0.441,0.0,42.3569
Moving_in_out_frame_withFall,138,,Standing,,0.447,0.0,38.7564
Moving_in_out_frame_withFall,139,,Standing,,0.448,0.0,42.0935
Moving_in_out_frame_withFall,140,,Standing,,0.448,0.0,45.0272
Moving_in_out_frame_withFall,141,,Standing,,0.451,0.0,47.9877
Moving_in_out_frame_withFall,142,,Standing,,0.452,0.0,45.7503
Moving_in_out_frame_withFall,143,,Standing,,0.457,0.0,48.5331
Moving_in_out_frame_withFall,144,,Standing,,0.458,0.0,40.5077
Moving_in_out_frame_withFall,145,,Standing,,0.455,0.0,39.5488
Moving_in_out_frame_withFall,146,Lying,Standing,False,0.448,0.0,43.3607
Moving_in_out_frame_withFall,147,Lying,Standing,False,0.434,0.0,41.1216
Moving_in_out_frame_withFall,148,Lying,Standing,False,0.429,0.0,38.8555
Moving_in_out_frame_withFall,149,Lying,Standing,False,0.422,1.0,43.587
Moving_in_out_frame_withFall,150,Lying,Standing,False,0.41,0.0,43.3987
Moving_in_out_frame_withFall,151,Lying,Sitting,False,0.378,0.0,42.9058
Moving_in_out_frame_withFall,152,Lying,Sitting,False,0.388,0.0,39.5742
Moving_in_out_frame_withFall,153,Lying,Sitting,False,0.394,0.0,44.183
Moving_in_out_frame_withFall,154,Lying,Sitting,False,0.406,0.0,48.0507
Moving_in_out_frame_withFall,155,Lying,Sitting,False,0.421,0.0,36.0675
Moving_in_out_frame_withFall,156,Lying,Sitting,False,0.439,0.0,35.8858
Moving_in_out_frame_withFall,157,Lying,Sitting,False,0.464,0.0,38.6524
Moving_in_out_frame_withFall,158,Lying,Sitting,False,0.482,0.0,42.6408
Moving_in_out_frame_withFall,159,Lying,Sitting,False,0.497,0.0,35.731
Moving_in_out_frame_withFall,160,Lying,Sitting,False,0.51,0.0,40.5343
Moving_in_out_frame_withFall,161,Lying,Sitting,False,0.513,1.0,57.9432
Moving_in_out_frame_withFall,162,Lying,Sitting,False,0.511,1.0,42.5844
Moving_in_out_frame_withFall,163,Lying,Sitting,False,0.5,1.0,41.5834
Moving_in_out_frame_withFall,164,Lying,Sitting,False,0.481,1.0,44.6948
Moving_in_out_frame_withFall,165,Lying,Sitting,False,0.452,1.0,51.917
Moving_in_out_frame_withFall,166,Lying,Sitting,False,0.438,0.0,37.8206
Moving_in_out_frame_withFall,167,Lying,Sitting,False,0.422,0.0,32.8595
Moving_in_out_frame_withFall,168,Lying,Sitting,False,0.405,1.0,37.7291
Moving_in_out_frame_withFall,169,Lying,Lying,True,0.342,1.0,34.3745
Moving_in_out_frame_withFall,170,Lying,Lying,True,0.35,1.0,54.9937
Moving_in_out_frame_withFall,171,Lying,Lying,True,0.359,1.0,40.8769
Moving_in_out_frame_withFall,172,Lying,Lying,True,0.368,1.0,37.2969
Moving_in_out_frame_withFall,173,Lying,Lying,True,0.384,1.0,40.9236
Moving_in_out_frame_withFall,174,Lying,Lying,True,0.403,0.0,47.1418
Moving_in_out_frame_withFall,175,Lying,Lying,True,0.41,0.0,44.1896
Moving_in_out_frame_withFall,176,Lying,Lying,True,0.412,0.0,46.321
Moving_in_out_frame_withFall,177,Lying,Lying,True,0.409,1.0,78.8435
Moving_in_out_frame_withFall,178,Lying,Lying,True,0.408,1.0,58.3183
Moving_in_out_frame_withFall,179,Lying,Lying,True,0.399,1.0,58.9234
Moving_in_out_frame_withFall,180,Lying,Lying,True,0.397,1.0,49.5786
Moving_in_out_frame_withFall,181,Lying,Lying,True,0.398,0.0,50.6682
Moving_in_out_frame_withFall,182,Lying,Lying,True,0.403,1.0,48.9455
Moving_in_out_frame_withFall,183,Lying,Lying,True,0.42,0.0,55.7901
Moving_in_out_frame_withFall,184,Lying,Lying,True,0.441,0.0,57.0471
Moving_in_out_frame_withFall,185,Lying,Lying,True,0.463,0.0,50.8848
Moving_in_out_frame_withFall,186,Lying,Lying,True,0.495,0.0,48.1042
Moving_in_out_frame_withFall,187,Lying,Lying,True,0.515,1.0,55.3106
Moving_in_out_frame_withFall,188,Lying,Lying,True,0.53,0.0,38.1171
Moving_in_out_frame_withFall,189,Lying,Lying,True,0.553,0.0,51.2147
Moving_in_out_frame_withFall,190,Lying,Lying,True,0.572,0.0,40.5732
Moving_in_out_frame_withFall,191,Lying,Lying,True,0.591,0.0,39.6685
Moving_in_out_frame_withFall,192,Lying,Lying,True,0.607,0.0,47.3683
Moving_in_out_frame_withFall,193,Lying,Lying,True,0.616,0.0,57.2016
Moving_in_out_frame_withFall,194,Lying,Lying,True,0.631,1.0,58.57
Moving_in_out_frame_withFall,195,Lying,Lying,True,0.631,0.0,46.3306
Moving_in_out_frame_withFall,196,Lying,Lying,True,0.632,0.0,40.5221
Moving_in_out_frame_withFall,197,Lying,Lying,True,0.63,0.0,31.1927
Moving_in_out_frame_withFall,198,Lying,Lying,True,0.616,0.0,37.4144
Moving_in_out_frame_withFall,199,Lying,Lying,True,0.586,0.0,39.7538
Moving_in_out_frame_withFall,200,Lying,Lying,True,0.554,0.0,47.9999
Moving_in_out_frame_withFall,201,Lying,Lying,True,0.518,0.0,36.8843
Moving_in_out_frame_withFall,202,Lying,Lying,True,0.484,0.0,42.5262
Moving_in_out_frame_withFall,203,Lying,Lying,True,0.442,0.0,52.0726
Moving_in_out_frame_withFall,204,Lying,Lying,True,0.415,0.0,53.7462
Moving_in_out_frame_withFall,205,,Lying,,0.374,0.0,49.2529
Moving_in_out_frame_withFall,206,,Lying,,0.359,0.0,47.6818
Moving_in_out_frame_withFall,207,,Lying,,0.341,0.0,49.3718
Moving_in_out_frame_withFall,208,,Lying,,0.32,0.0,44.8017
Moving_in_out_frame_withFall,209,,Standing,,0.336,0.0,40.3663
Moving_in_out_frame_withFall,210,,Standing,,0.342,0.0,34.6473
Moving_in_out_frame_withFall,211,,Standing,,0.347,0.0,43.0077
Moving_in_out_frame_withFall,212,,Standing,,0.352,0.0,47.7771
Moving_in_out_frame_withFall,213,,Standing,,0.355,0.0,46.3419
Moving_in_out_frame_withFall,214,,Standing,,0.355,0.0,49.381
Moving_in_out_frame_withFall,215,,Standing,,0.359,0.0,52.8916
Moving_in_out_frame_withFall,216,,Standing,,0.364,0.0,62.186
Moving_in_out_frame_withFall,217,,Standing,,0.366,0.0,56.401
Sit_Stand_AnklesInvisible,31,Sitting,Standing,False,0.909,0.0,55.7552
Sit_Stand_AnklesInvisible,32,Sitting,Standing,False,0.916,0.0,50.9635
Sit_Stand_AnklesInvisible,33,Sitting,Standing,False,0.915,0.0,64.2788
Sit_Stand_AnklesInvisible,34,Sitting,Standing,False,0.915,0.0,55.7157
Sit_Stand_AnklesInvisible,35,Sitting,Standing,False,0.916,0.0,55.2089
Sit_Stand_AnklesInvisible,36,Sitting,Standing,False,0.913,0.0,59.2595
Sit_Stand_AnklesInvisible,37,Sitting,Standing,False,0.912,0.0,60.1202
Sit_Stand_AnklesInvisible,38,Sitting,Standing,False,0.91,0.0,47.8753
Sit_Stand_AnklesInvisible,39,Sitting,Standing,False,0.904,0.0,74.1254
Sit_Stand_AnklesInvisible,40,Sitting,Standing,False,0.899,0.0,72.9752
Sit_Stand_AnklesInvisible,41,Sitting,Standing,False,0.889,0.0,79.022
Sit_Stand_AnklesInvisible,42,Sitting,Standing,False,0.875,0.0,72.1259
Sit_Stand_AnklesInvisible,43,Sitting,Standing,False,0.863,0.0,67.182
Sit_Stand_AnklesInvisible,44,Sitting,Standing,False,0.847,0.0,70.794
Sit_Stand_AnklesInvisible,45,Sitting,Standing,False,0.832,0.0,54.9355
Sit_Stand_AnklesInvisible,46,Sitting,Standing,False,0.819,0.0,54.022
Sit_Stand_AnklesInvisible,47,Sitting,Standing,False,0.805,0.0,59.5361
Sit_Stand_AnklesInvisible,48,Sitting,Standing,False,0.792,0.0,63.314
Sit_Stand_AnklesInvisible,49,Sitting,Standing,False,0.778,0.0,86.7075
Sit_Stand_AnklesInvisible,50,Sitting,Standing,False,0.77,0.0,66.4071
Sit_Stand_AnklesInvisible,51,Sitting,Standing,False,0.761,0.0,69.6796
Sit_Stand_AnklesInvisible,52,Sitting,Standing,False,0.75,0.0,67.6501
Sit_Stand_AnklesInvisible,53,Sitting,Standing,False,0.737,0.0,59.5341
Sit_Stand_AnklesInvisible,54,Sitting,Standing,False,0.725,0.0,63.8045
Sit_Stand_AnklesInvisible,55,Sitting,Standing,False,0.716,0.0,82.1858
Sit_Stand_AnklesInvisible,56,Sitting,Standing,False,0.711,0.0,77.0708
Sit_Stand_AnklesInvisible,57,Sitting,Standing,False,0.701,0.0,75.6769
Sit_Stand_AnklesInvisible,58,Sitting,Standing,False,0.694,0.0,63.0884
Sit_Stand_AnklesInvisible,59,Sitting,Standing,False,0.693,0.0,61.2877
Sit_Stand_AnklesInvisible,60,Sitting,Standing,False,0.694,0.0,79.973
Sit_Stand_AnklesInvisible,61,Sitting,Standing,False,0.694,0.0,69.6114
Sit_Stand_AnklesInvisible,62,Sitting,Standing,False,0.698,0.0,56.34
Sit_Stand_AnklesInvisible,63,Sitting,Standing,False,0.707,0.0,78.6805
Sit_Stand_AnklesInvisible,64,Sitting,Standing,False,0.714,0.0,65.2047
Sit_Stand_AnklesInvisible,65,Sitting,Standing,False,0.722,0.0,45.5379
Sit_Stand_AnklesInvisible,66,Sitting,Standing,False,0.728,0.0,54.1586
Sit_Stand_AnklesInvisible,67,Sitting,Standing,False,0.734,0.0,70.0566
Sit_Stand_AnklesInvisible,68,Sitting,Standing,False,0.742,0.0,41.5771
Sit_Stand_AnklesInvisible,69,Sitting,Standing,False,0.746,0.0,41.4863
Sit_Stand_AnklesInvisible,70,Sitting,Standing,False,0.746,0.0,48.3998
Sit_Stand_AnklesInvisible,71,Sitting,Standing,False,0.748,0.0,50.227
Sit_Stand_AnklesInvisible,72,Sitting,Standing,False,0.751,0.0,38.0218
Sit_Stand_AnklesInvisible,73,Sitting,Standing,False,0.756,0.0,38.5887
Sit_Stand_AnklesInvisible,74,Sitting,Standing,False,0.761,0.0,33.8803
Sit_Stand_AnklesInvisible,75,Sitting,Standing,False,0.765,0.0,40.2847
Sit_Stand_AnklesInvisible,76,Sitting,Standing,False,0.768,0.0,32.0423
Sit_Stand_AnklesInvisible,77,Sitting,Standing,False,0.771,0.0,37.7162
Sit_Stand_AnklesInvisible,78,Sitting,Standing,False,0.774,0.0,42.5599
Sit_Stand_AnklesInvisible,79,Sitting,Standing,False,0.779,0.0,40.2334
Sit_Stand_AnklesInvisible,80,Sitting,Standing,False,0.784,0.0,30.3776
Sit_Stand_AnklesInvisible,81,Sitting,Standing,False,0.79,0.0,34.9815
Sit_Stand_AnklesInvisible,82,Sitting,Standing,False,0.797,0.0,32.4119
Sit_Stand_AnklesInvisible,83,Sitting,Standing,False,0.804,0.0,32.1031
Sit_Stand_AnklesInvisible,84,Sitting,Standing,False,0.812,0.0,41.3668
Sit_Stand_AnklesInvisible,85,Sitting,Standing,False,0.82,0.0,47.7254
Sit_Stand_AnklesInvisible,86,Sitting,Standing,False,0.826,0.0,64.1282
Sit_Stand_AnklesInvisible,87,Sitting,Standing,False,0.833,0.0,56.5495
Sit_Stand_AnklesInvisible,88,Sitting,Standing,False,0.837,0.0,59.6179
Sit_Stand_AnklesInvisible,89,Sitting,Standing,False,0.842,0.0,47.1457
Sit_Stand_AnklesInvisible,90,Sitting,Standing,False,0.847,0.0,36.7046
Sit_Stand_AnklesInvisible,91,Sitting,Standing,False,0.85,0.0,34.7688
Sit_Stand_AnklesInvisible,92,Sitting,Standing,False,0.85,0.0,46.8224
Sit_Stand_AnklesInvisible,93,Sitting,Standing,False,0.849,0.0,110.7434
Sit_Stand_AnklesInvisible,94,Sitting,Standing,False,0.847,0.0,57.1091
Sit_Stand_AnklesInvisible,95,Sitting,Standing,False,0.845,0.0,36.9106
Sit_Stand_AnklesInvisible,96,Sitting,Standing,False,0.843,0.0,45.7223
Sit_Stand_AnklesInvisible,97,Sitting,Standing,False,0.84,0.0,48.1329
Sit_Stand_AnklesInvisible,98,Sitting,Standing,False,0.837,0.0,44.049
Sit_Stand_AnklesInvisible,99,Sitting,Standing,False,0.834,0.0,42.0699
Sit_Stand_AnklesInvisible,100,Sitting,Standing,False,0.832,0.0,53.4462
Sit_Stand_AnklesInvisible,101,Sitting,Standing,False,0.828,0.0,58.9682
Sit_Stand_AnklesInvisible,102,Sitting,Standing,False,0.825,0.0,37.6685
Sit_Stand_AnklesInvisible,103,Sitting,Standing,False,0.82,0.0,44.234
Sit_Stand_AnklesInvisible,104,Sitting,Standing,False,0.815,0.0,42.6753
Sit_Stand_AnklesInvisible,105,Sitting,Standing,False,0.809,0.0,66.6487
Sit_Stand_AnklesInvisible,106,Sitting,Standing,False,0.804,0.0,46.5683
Sit_Stand_AnklesInvisible,107,Sitting,Standing,False,0.799,0.0,46.1899
Sit_Stand_AnklesInvisible,108,Sitting,Standing,False,0.794,0.0,61.7312
Sit_Stand_AnklesInvisible,109,Sitting,Standing,False,0.792,0.0,58.4153
Sit_Stand_AnklesInvisible,110,Sitting,Standing,False,0.789,0.0,44.096
Sit_Stand_AnklesInvisible,111,Sitting,Standing,False,0.788,0.0,42.4537
Sit_Stand_AnklesInvisible,112,Sitting,Standing,False,0.787,0.0,37.7017
Sit_Stand_AnklesInvisible,113,Sitting,Standing,False,0.786,0.0,48.3665
Sit_Stand_AnklesInvisible,114,Sitting,Standing,False,0.784,0.0,54.4812
Sit_Stand_AnklesInvisible,115,Sitting,Standing,False,0.784,0.0,58.0936
Sit_Stand_AnklesInvisible,116,Sitting,Standing,False,0.782,0.0,55.7007
Sit_Stand_AnklesInvisible,117,Sitting,Standing,False,0.782,0.0,46.77
Sit_Stand_AnklesInvisible,118,Sitting,Standing,False,0.784,0.0,46.661
Sit_Stand_AnklesInvisible,119,Sitting,Standing,False,0.784,0.0,45.5354
Sit_Stand_AnklesInvisible,120,Sitting,Standing,False,0.788,0.0,40.846
Sit_Stand_AnklesInvisible,121,Sitting,Standing,False,0.789,0.0,42.1032
Sit_Stand_AnklesInvisible,122,Sitting,Standing,False,0.793,0.0,43.5802
Sit_Stand_AnklesInvisible,123,Sitting,Standing,False,0.795,0.0,50.373
Sit_Stand_AnklesInvisible,124,Sitting,Standing,False,0.797,0.0,45.7339
Sit_Stand_AnklesInvisible,125,Sitting,Standing,False,0.796,0.0,55.0428
Sit_Stand_AnklesInvisible,126,Sitting,Standing,False,0.798,0.0,52.2876
Sit_Stand_AnklesInvisible,127,Sitting,Standing,False,0.797,0.0,58.473
Sit_Stand_AnklesInvisible,128,Sitting,Standing,False,0.798,0.0,56.7311
Sit_Stand_AnklesInvisible,129,Sitting,Standing,False,0.796,0.0,72.1542
Sit_Stand_AnklesInvisible,130,Sitting,Standing,False,0.795,0.0,52.3798
Sit_Stand_AnklesInvisible,131,Sitting,Standing,False,0.795,0.0,42.1417
Sit_Stand_AnklesInvisible,132,Sitting,Standing,False,0.795,0.0,37.9032
Sit_Stand_AnklesInvisible,133,Sitting,Standing,False,0.795,0.0,37.4321
Sit_Stand_AnklesInvisible,134,Sitting,Standing,False,0.795,0.0,57.3833
Sit_Stand_AnklesInvisible,135,Sitting,Standing,False,0.797,0.0,47.684
Sit_Stand_AnklesInvisible,136,Sitting,Standing,False,0.798,0.0,41.7421
Sit_Stand_AnklesInvisible,137,Sitting,Standing,False,0.799,0.0,51.2132
Sit_Stand_AnklesInvisible,138,,Standing,,0.799,0.0,51.8073
Sit_Stand_AnklesInvisible,139,,Standing,,0.799,0.0,39.1205
Sit_Stand_AnklesInvisible,140,,Standing,,0.8,0.0,35.8869
Sit_Stand_AnklesInvisible,141,,Standing,,0.8,0.0,53.1652
Sit_Stand_AnklesInvisible,142,,Standing,,0.799,0.0,41.9367
Sit_Stand_AnklesInvisible,143,,Standing,,0.795,0.0,38.5914
Sit_Stand_AnklesInvisible,144,,Standing,,0.791,0.0,43.6369
Sit_Stand_AnklesInvisible,145,,Standing,,0.787,0.0,40.4624
Sit_Stand_AnklesInvisible,146,,Standing,,0.784,0.0,43.7442
Sit_Stand_AnklesInvisible,147,,Standing,,0.779,0.0,47.6872
Sit_Stand_AnklesInvisible,148,,Standing,,0.775,0.0,36.0796
Sit_Stand_AnklesInvisible,149,,Standing,,0.772,0.0,48.3166
Sit_Stand_AnklesInvisible,150,,Standing,,0.772,0.0,37.0599
Sit_Stand_AnklesInvisible,151,,Standing,,0.773,0.0,42.469
Sit_Stand_AnklesInvisible,152,,Standing,,0.774,0.0,33.682
Sit_Stand_AnklesInvisible,153,,Standing,,0.773,0.0,47.1506
Sit_Stand_AnklesInvisible,154,,Standing,,0.772,0.0,42.6167
Sit_Stand_AnklesInvisible,155,,Standing,,0.764,0.0,39.2009
Sit_Stand_AnklesInvisible,156,,Standing,,0.753,0.0,33.1758
Sit_Stand_AnklesInvisible,157,,Standing,,0.734,0.0,33.0748
Sit_Stand_AnklesInvisible,158,,Standing,,0.709,0.0,29.0801
Sit_Stand_AnklesInvisible,159,,Standing,,0.677,0.0,38.1607
Sit_Stand_AnklesInvisible,160,,Standing,,0.639,0.0,40.5749
Sit_Stand_AnklesInvisible,161,,Standing,,0.599,0.0,53.5616
Sit_Stand_AnklesInvisible,162,,Standing,,0.579,0.0,39.9877
Sit_Stand_AnklesInvisible,163,,Standing,,0.539,0.0,38.1571
Sit_Stand_AnklesInvisible,164,,Standing,,0.505,0.0,43.7001
Sit_Stand_AnklesInvisible,165,,Standing,,0.48,0.0,40.1423
Sit_Stand_AnklesInvisible,166,,Standing,,0.464,0.0,48.101
Sit_Stand_AnklesInvisible,167,,Standing,,0.462,0.0,50.0891
Sit_Stand_AnklesInvisible,168,Standing,Standing,True,0.469,0.0,44.8541
Sit_Stand_AnklesInvisible,169,Standing,Standing,True,0.476,0.0,38.6346
Sit_Stand_AnklesInvisible,170,Standing,Standing,True,0.496,0.0,40.5073
Sit_Stand_AnklesInvisible,171,Standing,Standing,True,0.521,0.0,39.3418
Sit_Stand_AnklesInvisible,172,Standing,Standing,True,0.553,0.0,46.653
Sit_Stand_AnklesInvisible,173,Standing,Standing,True,0.586,0.0,52.0204
Sit_Stand_AnklesInvisible,174,Standing,Standing,True,0.618,0.0,37.4147
Sit_Stand_AnklesInvisible,175,Standing,Standing,True,0.653,0.0,41.2325
Sit_Stand_AnklesInvisible,176,Standing,Standing,True,0.689,0.0,44.7638
Sit_Stand_AnklesInvisible,177,Standing,Standing,True,0.718,0.0,43.7857
Sit_Stand_AnklesInvisible,178,Standing,Standing,True,0.742,0.0,30.8771
Sit_Stand_AnklesInvisible,179,Standing,Standing,True,0.762,0.0,30.4501
Sit_Stand_AnklesInvisible,180,Standing,Standing,True,0.781,0.0,29.1446
Sit_Stand_AnklesInvisible,181,Standing,Standing,True,0.795,0.0,34.5816
Sit_Stand_AnklesInvisible,182,Standing,Standing,True,0.807,0.0,28.3535
Sit_Stand_AnklesInvisible,183,Standing,Standing,True,0.817,0.0,27.5179
Sit_Stand_AnklesInvisible,184,Standing,Standing,True,0.828,0.0,29.1581
Sit_Stand_AnklesInvisible,185,Standing,Standing,True,0.839,0.0,33.6177
Sit_Stand_AnklesInvisible,186,,Standing,,0.849,0.0,30.3535
Sit_Stand_AnklesInvisible,187,,Standing,,0.859,0.0,29.2043
Sit_Stand_AnklesInvisible,188,,Standing,,0.868,0.0,36.8511
Sit_Stand_AnklesInvisible,189,,Standing,,0.876,0.0,44.6629
Sit_Stand_AnklesInvisible,190,,Standing,,0.884,0.0,42.9776
Sit_Stand_AnklesInvisible,191,,Standing,,0.888,0.0,34.0517
Sit_Stand_AnklesInvisible,192,,Standing,,0.892,0.0,30.1907
Sit_Stand_AnklesInvisible,193,,Standing,,0.896,0.0,31.4473
Sit_Stand_AnklesInvisible,194,,Standing,,0.9,0.0,30.8798
Sit_Stand_AnklesInvisible,195,,Standing,,0.904,0.0,33.0275
Sit_Stand_AnklesInvisible,196,,Standing,,0.913,0.0,32.1376
Sit_Stand_AnklesInvisible,197,,Standing,,0.922,0.0,28.5049
Sit_Stand_AnklesInvisible,198,,Standing,,0.934,0.0,28.6802
Sit_Stand_AnklesInvisible,199,,Standing,,0.947,0.0,27.8722
Sit_Stand_AnklesInvisible,200,,Standing,,0.959,0.0,29.827
Sit_Stand_AnklesInvisible,201,,Standing,,0.97,0.0,27.1557
Sit_Stand_AnklesInvisible,202,,Standing,,0.98,0.0,27.5977
Sit_Stand_AnklesInvisible,203,,Standing,,0.987,0.0,27.664
Sit_Stand_AnklesInvisible,204,,Standing,,0.991,0.0,27.0346
Sit_Stand_AnklesInvisible,205,,Standing,,0.993,0.0,31.7381
Sit_Stand_AnklesInvisible,206,,Standing,,0.994,0.0,29.6359
Sit_Stand_AnklesInvisible,207,,Standing,,0.993,0.0,28.6543
Sit_Stand_AnklesInvisible,208,,Standing,,0.99,0.0,27.2985
SitFast_GetupFast,31,Sitting,Standing,False,0.91,0.0,27.034
SitFast_GetupFast,32,Sitting,Standing,False,0.899,0.0,29.3084
SitFast_GetupFast,33,Sitting,Standing,False,0.89,0.0,25.148
SitFast_GetupFast,34,Sitting,Standing,False,0.879,0.0,27.8908
SitFast_GetupFast,35,Sitting,Standing,False,0.871,0.0,25.9107
SitFast_GetupFast,36,Sitting,Standing,False,0.865,0.0,25.7427
SitFast_GetupFast,37,Sitting,Standing,False,0.859,0.0,27.8539
SitFast_GetupFast,38,Sitting,Standing,False,0.844,0.0,24.8237
SitFast_GetupFast,39,Sitting,Standing,False,0.832,0.0,26.7262
SitFast_GetupFast,40,Sitting,Standing,False,0.821,0.0,25.9026
SitFast_GetupFast,41,Sitting,Standing,False,0.813,0.0,25.4538
SitFast_GetupFast,42,Sitting,Standing,False,0.802,0.0,25.6589
SitFast_GetupFast,43,Sitting,Standing,False,0.793,0.0,25.478
SitFast_GetupFast,44,Sitting,Standing,False,0.785,0.0,24.9552
SitFast_GetupFast,45,Sitting,Standing,False,0.779,0.0,23.0937
SitFast_GetupFast,46,Sitting,Standing,False,0.774,0.0,27.9624
SitFast_GetupFast,47,Sitting,Standing,False,0.771,0.0,22.6426
SitFast_GetupFast,48,Sitting,Standing,False,0.77,0.0,24.9482
SitFast_GetupFast,49,Sitting,Standing,False,0.772,0.0,25.1595
SitFast_GetupFast,50,Sitting,Standing,False,0.774,0.0,24.6628
SitFast_GetupFast,51,Sitting,Standing,False,0.776,0.0,23.782
SitFast_GetupFast,52,Sitting,Standing,False,0.777,0.0,24.2207
SitFast_GetupFast,53,Sitting,Standing,False,0.779,0.0,23.2144
SitFast_GetupFast,54,Sitting,Standing,False,0.781,0.0,22.1961
SitFast_GetupFast,55,Sitting,Standing,False,0.779,0.0,23.5768
SitFast_GetupFast,56,Sitting,Standing,False,0.776,0.0,24.6982
SitFast_GetupFast,57,Sitting,Standing,False,0.775,0.0,23.4664
SitFast_GetupFast,58,Sitting,Standing,False,0.774,0.0,22.7744
SitFast_GetupFast,59,Sitting,Standing,False,0.775,0.0,22.8685
SitFast_GetupFast,60,Sitting,Standing,False,0.776,0.0,21.3269
SitFast_GetupFast,61,Sitting,Standing,False,0.778,0.0,22.5505
SitFast_GetupFast,62,Sitting,Standing,False,0.783,0.0,22.4261
SitFast_GetupFast,63,Sitting,Standing,False,0.789,0.0,23.2042
SitFast_GetupFast,64,Sitting,Standing,False,0.795,0.0,22.9624
SitFast_GetupFast,65,Sitting,Standing,False,0.802,0.0,23.1677
SitFast_GetupFast,66,Sitting,Standing,False,0.809,0.0,22.1686
SitFast_GetupFast,67,Sitting,Standing,False,0.815,0.0,25.2816
SitFast_GetupFast,68,Sitting,Standing,False,0.819,0.0,25.0582
SitFast_GetupFast,69,Sitting,Standing,False,0.823,0.0,27.2162
SitFast_GetupFast,70,Sitting,Standing,False,0.826,0.0,23.9946
SitFast_GetupFast,71,Sitting,Standing,False,0.827,0.0,32.6524
SitFast_GetupFast,72,Sitting,Standing,False,0.827,0.0,29.5822
SitFast_GetupFast,73,Sitting,Standing,False,0.827,0.0,34.6242
SitFast_GetupFast,74,Sitting,Standing,False,0.826,0.0,26.1307
SitFast_GetupFast,75,Sitting,Standing,False,0.826,0.0,35.5489
SitFast_GetupFast,76,Sitting,Standing,False,0.825,0.0,29.5908
SitFast_GetupFast,77,Sitting,Standing,False,0.825,0.0,26.6286
SitFast_GetupFast,78,Sitting,Standing,False,0.825,0.0,29.6809
SitFast_GetupFast,79,Sitting,Standing,False,0.824,0.0,31.3302
SitFast_GetupFast,80,Sitting,Standing,False,0.824,0.0,38.8385
SitFast_GetupFast,81,Sitting,Standing,False,0.824,0.0,33.6598
SitFast_GetupFast,82,Sitting,Standing,False,0.824,0.0,31.8884
SitFast_GetupFast,83,Sitting,Standing,False,0.824,0.0,28.1338
SitFast_GetupFast,84,Sitting,Standing,False,0.825,0.0,33.605
SitFast_GetupFast,85,Sitting,Standing,False,0.825,0.0,28.8521
SitFast_GetupFast,86,Sitting,Standing,False,0.825,0.0,28.1131
SitFast_GetupFast,87,Sitting,Standing,False,0.825,0.0,38.1962
SitFast_GetupFast,88,Sitting,Standing,False,0.825,0.0,34.4551
SitFast_GetupFast,89,Sitting,Standing,False,0.825,0.0,30.7448
SitFast_GetupFast,90,Sitting,Standing,False,0.825,0.0,36.547
SitFast_GetupFast,91,Sitting,Standing,False,0.826,0.0,31.8653
SitFast_GetupFast,92,Sitting,Standing,False,0.826,0.0,36.79
SitFast_GetupFast,93,Sitting,Standing,False,0.826,0.0,37.2049
SitFast_GetupFast,94,Sitting,Standing,False,0.825,0.0,31.5775
SitFast_GetupFast,95,Sitting,Standing,False,0.825,0.0,29.0689
SitFast_GetupFast,96,Sitting,Standing,False,0.825,0.0,31.4221
SitFast_GetupFast,97,Sitting,Standing,False,0.825,0.0,41.0356
SitFast_GetupFast,98,Sitting,Standing,False,0.825,0.0,40.4483
SitFast_GetupFast,99,Sitting,Standing,False,0.825,0.0,36.7797
SitFast_GetupFast,100,Sitting,Standing,False,0.825,0.0,37.9995
SitFast_GetupFast,101,Sitting,Standing,False,0.825,0.0,35.3864
SitFast_GetupFast,102,Sitting,Standing,False,0.823,0.0,31.4306
SitFast_GetupFast,103,Sitting,Standing,False,0.818,0.0,32.9915
SitFast_GetupFast,104,Sitting,Standing,False,0.81,0.0,27.6935
SitFast_GetupFast,105,Sitting,Standing,False,0.799,0.0,30.1662
SitFast_GetupFast,106,Sitting,Standing,False,0.785,0.0,31.5026
SitFast_GetupFast,107,Sitting,Standing,False,0.765,0.0,28.5407
SitFast_GetupFast,108,Sitting,Standing,False,0.743,0.0,28.7343
SitFast_GetupFast,109,Sitting,Standing,False,0.719,0.0,28.6918
SitFast_GetupFast,110,Sitting,Standing,False,0.688,0.0,31.4201
SitFast_GetupFast,111,,Standing,,0.659,0.0,32.6497
SitFast_GetupFast,112,,Standing,,0.633,0.0,36.8142
SitFast_GetupFast,113,,Standing,,0.606,0.0,35.1296
SitFast_GetupFast,114,,Standing,,0.587,0.0,26.1192
SitFast_GetupFast,115,,Standing,,0.568,0.0,31.4698
SitFast_GetupFast,116,,Standing,,0.557,0.0,39.0648
SitFast_GetupFast,117,,Standing,,0.561,0.0,37.199
SitFast_GetupFast,118,,Standing,,0.568,0.0,29.5382
SitFast_GetupFast,119,,Standing,,0.577,0.0,30.4729
SitFast_GetupFast,120,,Standing,,0.589,0.0,35.1537
SitFast_GetupFast,121,,Standing,,0.602,0.0,43.7525
SitFast_GetupFast,122,,Standing,,0.607,0.0,27.8206
SitFast_GetupFast,123,,Standing,,0.601,0.0,31.1579
SitFast_GetupFast,124,,Standing,,0.588,0.0,34.2471
SitFast_GetupFast,125,,Standing,,0.571,0.0,29.3478
SitFast_GetupFast,126,,Standing,,0.56,0.0,29.1754
SitFast_GetupFast,127,,Standing,,0.547,0.0,30.6943
SitFast_GetupFast,128,,Standing,,0.524,0.0,33.7286
SitFast_GetupFast,129,,Sitting,,0.662,0.0,41.6463
SitFast_GetupFast,130,,Sitting,,0.689,0.0,40.3412
SitFast_GetupFast,131,,Sitting,,0.711,0.0,46.9755
SitFast_GetupFast,132,,Sitting,,0.73,0.0,29.8021
SitFast_GetupFast,133,,Sitting,,0.773,0.0,31.0657
SitFast_GetupFast,134,,Sitting,,0.807,0.0,34.2802
SitFast_GetupFast,135,,Sitting,,0.836,0.0,42.255
SitFast_GetupFast,136,,Sitting,,0.855,0.0,31.6859
SitFast_GetupFast,137,,Sitting,,0.869,0.0,47.5876
SitFast_GetupFast,138,,Sitting,,0.882,0.0,31.9824
SitFast_GetupFast,139,,Sitting,,0.891,0.0,31.9136
SitFast_GetupFast,140,,Sitting,,0.898,0.0,44.0852
SitFast_GetupFast,141,,Sitting,,0.901,0.0,37.5268
SitFast_GetupFast,142,,Sitting,,0.901,0.0,44.9649
SitFast_GetupFast,143,,Sitting,,0.894,0.0,47.6294
SitFast_GetupFast,144,,Sitting,,0.885,0.0,37.3953
SitFast_GetupFast,145,,Sitting,,0.872,0.0,33.4825
SitFast_GetupFast,146,,Sitting,,0.853,0.0,35.4176
SitFast_GetupFast,147,,Sitting,,0.838,0.0,36.8475
SitFast_GetupFast,148,,Sitting,,0.825,0.0,36.351
SitFast_GetupFast,149,,Sitting,,0.809,0.0,36.3892
SitFast_GetupFast,150,,Sitting,,0.793,0.0,33.9959
SitFast_GetupFast,151,,Sitting,,0.779,0.0,64.7457
SitFast_GetupFast,152,,Sitting,,0.767,0.0,40.0466
SitFast_GetupFast,153,,Sitting,,0.764,0.0,43.22
SitFast_GetupFast,154,,Sitting,,0.751,0.0,39.3448
SitFast_GetupFast,155,,Sitting,,0.727,0.0,30.9578
SitFast_GetupFast,156,,Sitting,,0.705,0.0,35.3476
SitFast_GetupFast,157,,Sitting,,0.675,0.0,43.2706
SitFast_GetupFast,158,,Sitting,,0.664,0.0,35.463
SitFast_GetupFast,159,,Sitting,,0.649,0.0,34.873
SitFast_GetupFast,160,,Sitting,,0.623,0.0,47.5087
SitFast_GetupFast,161,,Standing,,0.52,0.0,34.3865
SitFast_GetupFast,162,,Standing,,0.541,0.0,35.4496
SitFast_GetupFast,163,,Standing,,0.563,0.0,34.4279
SitFast_GetupFast,164,,Standing,,0.584,0.0,36.455
SitFast_GetupFast,165,,Standing,,0.622,0.0,34.9429
SitFast_GetupFast,166,,Standing,,0.657,0.0,34.5028
SitFast_GetupFast,167,,Standing,,0.691,0.0,35.3445
SitFast_GetupFast,168,,Standing,,0.724,0.0,38.918
SitFast_GetupFast,169,,Standing,,0.75,0.0,33.2602
SitFast_GetupFast,170,,Standing,,0.772,0.0,31.9957
SitFast_GetupFast,171,,Standing,,0.792,0.0,34.723
SitFast_GetupFast,172,,Standing,,0.808,0.0,40.9853
SitFast_GetupFast,173,,Standing,,0.823,0.0,36.5926
SitFast_GetupFast,174,,Standing,,0.836,0.0,42.4524
SitFloor_crossedLegs,31,,Standing,,0.862,0.0,64.4351
SitFloor_crossedLegs,32,,Standing,,0.86,0.0,60.118
SitFloor_crossedLegs,33,,Standing,,0.855,0.0,58.4634
SitFloor_crossedLegs,34,,Standing,,0.845,0.0,53.2603
SitFloor_crossedLegs,35,,Standing,,0.832,0.0,43.0258
SitFloor_crossedLegs,36,,Standing,,0.819,0.0,43.7195
SitFloor_crossedLegs,37,,Standing,,0.804,0.0,37.4864
SitFloor_crossedLegs,38,,Standing,,0.778,0.0,32.6286
SitFloor_crossedLegs,39,,Standing,,0.747,0.0,40.8793
SitFloor_crossedLegs,40,,Standing,,0.709,0.0,35.852
SitFloor_crossedLegs,41,,Standing,,0.664,0.0,37.1819
SitFloor_crossedLegs,42,,Standing,,0.619,0.0,36.4604
SitFloor_crossedLegs,43,,Standing,,0.596,0.0,35.7833
SitFloor_crossedLegs,44,,Standing,,0.572,0.0,30.3744
SitFloor_crossedLegs,45,,Standing,,0.547,0.0,30.9468
SitFloor_crossedLegs,46,,Sitting,,0.419,0.0,30.0131
SitFloor_crossedLegs,47,,Sitting,,0.436,0.0,29.8922
SitFloor_crossedLegs,48,,Sitting,,0.452,0.0,32.5011
SitFloor_crossedLegs,49,,Sitting,,0.469,0.0,28.8782
SitFloor_crossedLegs,50,,Sitting,,0.496,0.0,37.4684
SitFloor_crossedLegs,51,,Sitting,,0.525,0.0,28.9263
SitFloor_crossedLegs,52,,Sitting,,0.56,0.0,26.6894
SitFloor_crossedLegs,53,,Sitting,,0.594,0.0,28.9669
SitFloor_crossedLegs,54,,Sitting,,0.628,0.0,31.2867
SitFloor_crossedLegs,55,,Sitting,,0.662,0.0,29.0331
SitFloor_crossedLegs,56,,Sitting,,0.692,0.0,26.764
SitFloor_crossedLegs,57,,Sitting,,0.723,0.0,25.3772
SitFloor_crossedLegs,58,,Sitting,,0.751,0.0,23.7889
SitFloor_crossedLegs,59,,Sitting,,0.768,0.0,24.5254
SitFloor_crossedLegs,60,,Sitting,,0.78,0.0,24.0981
SitFloor_crossedLegs,61,,Sitting,,0.785,0.0,25.7716
SitFloor_crossedLegs,62,,Sitting,,0.786,0.0,23.7076
SitFloor_crossedLegs,63,,Sitting,,0.787,0.0,24.7316
SitFloor_crossedLegs,64,,Sitting,,0.783,0.0,23.5806
SitFloor_crossedLegs,65,,Sitting,,0.777,0.0,25.8107
SitFloor_crossedLegs,66,,Sitting,,0.773,0.0,24.4556
SitFloor_crossedLegs,67,,Sitting,,0.764,0.0,30.7158
SitFloor_crossedLegs,68,,Sitting,,0.756,0.0,25.2261
SitFloor_crossedLegs,69,,Sitting,,0.746,0.0,30.5409
SitFloor_crossedLegs,70,,Sitting,,0.737,0.0,24.7249
SitFloor_crossedLegs,71,,Sitting,,0.727,0.0,23.0053
SitFloor_crossedLegs,72,,Sitting,,0.717,0.0,23.6877
SitFloor_crossedLegs,73,,Sitting,,0.709,0.0,26.2661
SitFloor_crossedLegs,74,,Sitting,,0.702,0.0,27.7684
SitFloor_crossedLegs,75,,Sitting,,0.693,0.0,28.3833
SitFloor_crossedLegs,76,,Sitting,,0.682,0.0,22.4735
SitFloor_crossedLegs,77,,Sitting,,0.671,0.0,23.2063
SitFloor_crossedLegs,78,,Sitting,,0.66,0.0,24.9509
SitFloor_crossedLegs,79,,Sitting,,0.647,0.0,21.9727
SitFloor_crossedLegs,80,,Sitting,,0.635,0.0,24.06
SitFloor_crossedLegs,81,,Sitting,,0.623,0.0,21.6951
SitFloor_crossedLegs,82,,Sitting,,0.614,0.0,22.063
SitFloor_crossedLegs,83,,Sitting,,0.608,0.0,24.9344
SitFloor_crossedLegs,84,,Sitting,,0.602,0.0,22.8836
SitFloor_crossedLegs,85,,Sitting,,0.599,0.0,24.2864
SitFloor_crossedLegs,86,,Sitting,,0.595,0.0,24.5999
SitFloor_crossedLegs,87,,Sitting,,0.592,0.0,25.358
SitFloor_crossedLegs,88,Sitting,Sitting,True,0.586,0.0,22.6619
SitFloor_crossedLegs,89,Sitting,Sitting,True,0.577,0.0,22.9673
SitFloor_crossedLegs,90,Sitting,Sitting,True,0.568,0.0,22.1257
SitFloor_crossedLegs,91,Sitting,Sitting,True,0.557,0.0,21.1862
SitFloor_crossedLegs,92,Sitting,Sitting,True,0.544,0.0,23.7211
SitFloor_crossedLegs,93,Sitting,Sitting,True,0.533,0.0,20.8495
SitFloor_crossedLegs,94,Sitting,Sitting,True,0.524,0.0,21.3852
SitFloor_crossedLegs,95,Sitting,Sitting,True,0.513,0.0,22.1711
SitFloor_crossedLegs,96,Sitting,Sitting,True,0.504,0.0,24.7121
SitFloor_crossedLegs,97,Sitting,Sitting,True,0.495,0.0,22.7341
SitFloor_crossedLegs,98,Sitting,Sitting,True,0.489,0.0,23.0742
SitFloor_crossedLegs,99,Sitting,Sitting,True,0.484,0.0,24.2592
SitFloor_crossedLegs,100,Sitting,Sitting,True,0.479,0.0,22.7203
SitFloor_crossedLegs,101,Sitting,Sitting,True,0.474,0.0,21.9818
SitFloor_crossedLegs,102,Sitting,Sitting,True,0.471,0.0,24.8831
SitFloor_crossedLegs,103,Sitting,Sitting,True,0.471,0.0,21.0996
SitFloor_crossedLegs,104,Sitting,Sitting,True,0.473,0.0,21.7738
SitFloor_crossedLegs,105,Sitting,Sitting,True,0.473,0.0,23.0767
SitFloor_crossedLegs,106,Sitting,Sitting,True,0.473,0.0,21.3679
SitFloor_crossedLegs,107,Sitting,Sitting,True,0.475,0.0,26.4238
SitFloor_crossedLegs,108,Sitting,Sitting,True,0.476,0.0,22.2552
SitFloor_crossedLegs,109,Sitting,Sitting,True,0.478,0.0,33.5469
SitFloor_crossedLegs,110,Sitting,Sitting,True,0.479,0.0,28.5341
SitFloor_crossedLegs,111,Sitting,Sitting,True,0.479,0.0,25.213
SitFloor_crossedLegs,112,Sitting,Sitting,True,0.479,0.0,22.7849
SitFloor_crossedLegs,113,Sitting,Sitting,True,0.481,0.0,22.5896
SitFloor_crossedLegs,114,Sitting,Sitting,True,0.484,0.0,23.7577
SitFloor_crossedLegs,115,Sitting,Sitting,True,0.487,0.0,22.2688
SitFloor_crossedLegs,116,Sitting,Sitting,True,0.491,0.0,21.3168
SitFloor_crossedLegs,117,Sitting,Sitting,True,0.496,0.0,23.855
SitFloor_crossedLegs,118,Sitting,Sitting,True,0.5,0.0,32.1051
SitFloor_crossedLegs,119,Sitting,Sitting,True,0.506,0.0,36.7477
SitFloor_crossedLegs,120,Sitting,Sitting,True,0.51,0.0,32.893
SitFloor_crossedLegs,121,Sitting,Sitting,True,0.514,0.0,31.7447
SitFloor_crossedLegs,122,Sitting,Sitting,True,0.517,0.0,26.0259
SitFloor_crossedLegs,123,Sitting,Sitting,True,0.52,0.0,33.2438
SitFloor_crossedLegs,124,Sitting,Sitting,True,0.524,0.0,30.9255
SitFloor_crossedLegs,125,Sitting,Sitting,True,0.527,0.0,35.6776
SitFloor_crossedLegs,126,Sitting,Sitting,True,0.528,0.0,29.0046
SitFloor_crossedLegs,127,Sitting,Sitting,True,0.529,0.0,27.6163
SitFloor_crossedLegs,128,Sitting,Sitting,True,0.53,0.0,27.0374
SitFloor_crossedLegs,129,Sitting,Sitting,True,0.532,0.0,26.0552
SitFloor_crossedLegs,130,Sitting,Sitting,True,0.533,0.0,25.0476
SitFloor_crossedLegs,131,Sitting,Sitting,True,0.533,0.0,26.7617
SitFloor_crossedLegs,132,Sitting,Sitting,True,0.535,0.0,26.6309
SitFloor_crossedLegs,133,Sitting,Sitting,True,0.535,0.0,25.2853
SitFloor_crossedLegs,134,Sitting,Sitting,True,0.535,0.0,25.9446
SitFloor_crossedLegs,135,Sitting,Sitting,True,0.533,0.0,26.647
SitFloor_crossedLegs,136,Sitting,Sitting,True,0.53,0.0,28.6236
SitFloor_crossedLegs,137,Sitting,Sitting,True,0.522,0.0,25.6915
SitFloor_crossedLegs,138,Sitting,Sitting,True,0.51,0.0,25.0771
SitFloor_crossedLegs,139,Sitting,Sitting,True,0.496,0.0,27.6191
SitFloor_crossedLegs,140,Sitting,Sitting,True,0.484,0.0,25.0487
SitFloor_crossedLegs,141,Sitting,Sitting,True,0.472,0.0,31.4791
SitFloor_crossedLegs,142,Sitting,Sitting,True,0.461,0.0,25.3391
SitFloor_crossedLegs,143,Sitting,Sitting,True,0.451,0.0,29.5582
SitFloor_crossedLegs,144,Sitting,Sitting,True,0.446,0.0,37.6356
SitFloor_crossedLegs,145,Sitting,Sitting,True,0.447,0.0,33.5195
SitFloor_crossedLegs,146,Sitting,Sitting,True,0.45,0.0,26.5168
SitFloor_crossedLegs,147,Sitting,Sitting,True,0.452,0.0,38.0477
SitFloor_crossedLegs,148,Sitting,Sitting,True,0.456,0.0,33.4046
SitFloor_crossedLegs,149,Sitting,Sitting,True,0.463,0.0,28.2021
SitFloor_crossedLegs,150,Sitting,Sitting,True,0.474,0.0,29.2461
SitFloor_crossedLegs,151,Sitting,Sitting,True,0.487,0.0,26.692
SitFloor_crossedLegs,152,Sitting,Sitting,True,0.497,0.0,28.9617
SitFloor_crossedLegs,153,Sitting,Sitting,True,0.506,0.0,27.4482
SitFloor_crossedLegs,154,Sitting,Sitting,True,0.515,0.0,28.5939
SitFloor_crossedLegs,155,Sitting,Sitting,True,0.522,0.0,29.2303
SitFloor_crossedLegs,156,Sitting,Sitting,True,0.525,0.0,25.4382
SitFloor_crossedLegs,157,Sitting,Sitting,True,0.524,0.0,31.4989
SitFloor_crossedLegs,158,Sitting,Sitting,True,0.52,0.0,29.0693
SitFloor_crossedLegs,159,Sitting,Sitting,True,0.516,0.0,29.3353
SitFloor_crossedLegs,160,Sitting,Sitting,True,0.514,0.0,28.656
SitFloor_crossedLegs,161,Sitting,Sitting,True,0.509,0.0,40.3121
SitFloor_crossedLegs,162,Sitting,Sitting,True,0.504,0.0,27.993
SitFloor_crossedLegs,163,Sitting,Sitting,True,0.501,0.0,34.9542
SitFloor_crossedLegs,164,Sitting,Sitting,True,0.499,0.0,28.9803
SitFloor_crossedLegs,165,Sitting,Sitting,True,0.498,0.0,25.8512
SitFloor_crossedLegs,166,Sitting,Sitting,True,0.498,0.0,26.5465
SitFloor_crossedLegs,167,Sitting,Sitting,True,0.498,0.0,27.4964
SitFloor_crossedLegs,168,Sitting,Sitting,True,0.501,0.0,32.7413
SitFloor_crossedLegs,169,Sitting,Sitting,True,0.503,0.0,41.4994
SitFloor_crossedLegs,170,Sitting,Sitting,True,0.506,0.0,41.8802
SitFloor_crossedLegs,171,Sitting,Sitting,True,0.509,0.0,42.2709
SitFloor_crossedLegs,172,Sitting,Sitting,True,0.512,0.0,38.7189
SitFloor_crossedLegs,173,Sitting,Sitting,True,0.513,0.0,36.9909
SitFloor_crossedLegs,174,Sitting,Sitting,True,0.513,0.0,37.328
SitFloor_crossedLegs,175,Sitting,Sitting,True,0.515,0.0,43.3845
SitFloor_crossedLegs,176,Sitting,Sitting,True,0.515,0.0,42.5097
SitFloor_crossedLegs,177,Sitting,Sitting,True,0.515,0.0,52.8993
SitFloor_crossedLegs,178,Sitting,Sitting,True,0.513,0.0,41.2508
SitFloor_crossedLegs,179,Sitting,Sitting,True,0.513,0.0,45.0604
SitFloor_crossedLegs,180,Sitting,Sitting,True,0.515,0.0,56.1904
SitFloor_crossedLegs,181,Sitting,Sitting,True,0.517,0.0,84.9851
SitFloor_crossedLegs,182,Sitting,Sitting,True,0.519,0.0,51.2089
SitFloor_crossedLegs,183,Sitting,Sitting,True,0.524,0.0,55.1922
SitFloor_crossedLegs,184,Sitting,Sitting,True,0.527,0.0,54.0912
SitFloor_crossedLegs,185,Sitting,Sitting,True,0.531,0.0,49.4574
SitFloor_crossedLegs,186,Sitting,Sitting,True,0.534,0.0,55.9569
SitFloor_crossedLegs,187,Sitting,Sitting,True,0.535,0.0,63.4123
SitFloor_crossedLegs,188,Sitting,Sitting,True,0.535,0.0,43.5082
SitFloor_crossedLegs,189,Sitting,Sitting,True,0.534,0.0,47.6514
SitFloor_crossedLegs,190,Sitting,Sitting,True,0.531,0.0,42.1497
SitFloor_crossedLegs,191,Sitting,Sitting,True,0.53,0.0,44.1538
SitFloor_crossedLegs,192,Sitting,Sitting,True,0.527,0.0,45.1983
SitFloor_crossedLegs,193,Sitting,Sitting,True,0.525,0.0,43.7317
SitFloor_crossedLegs,194,Sitting,Sitting,True,0.525,0.0,38.8084
SitFloor_crossedLegs,195,Sitting,Sitting,True,0.523,0.0,48.3091
SitFloor_crossedLegs,196,Sitting,Sitting,True,0.522,0.0,45.2317
SitFloor_crossedLegs,197,Sitting,Sitting,True,0.522,0.0,43.3638
SitFloor_crossedLegs,198,Sitting,Sitting,True,0.522,0.0,58.0765
SitFloor_crossedLegs,199,Sitting,Sitting,True,0.522,0.0,44.1982
SitFloor_crossedLegs,200,Sitting,Sitting,True,0.521,0.0,44.5981
SitFloor_crossedLegs,201,Sitting,Sitting,True,0.521,0.0,33.6494
SitFloor_crossedLegs,202,Sitting,Sitting,True,0.522,0.0,31.1171
SitFloor_crossedLegs,203,Sitting,Sitting,True,0.522,0.0,36.2202
SitFloor_crossedLegs,204,Sitting,Sitting,True,0.523,0.0,36.2975
SitFloor_crossedLegs,205,Sitting,Sitting,True,0.523,0.0,41.0994
SitFloor_crossedLegs,206,,Sitting,,0.523,0.0,31.2455
SitFloor_crossedLegs,207,,Sitting,,0.523,0.0,29.4104
SitFloor_crossedLegs,208,,Sitting,,0.525,0.0,37.0173
SitFloor_crossedLegs,209,,Sitting,,0.526,0.0,31.4733
SitFloor_crossedLegs,210,,Sitting,,0.527,0.0,34.6766
SitFloor_crossedLegs,211,,Sitting,,0.529,0.0,33.8456
SitFloor_crossedLegs,212,,Sitting,,0.531,0.0,27.4433
SitFloor_crossedLegs,213,,Sitting,,0.532,0.0,31.4742
SitFloor_crossedLegs,214,,Sitting,,0.534,0.0,31.5152
SitFloor_crossedLegs,215,,Sitting,,0.534,0.0,29.3045
SitFloor_crossedLegs,216,,Sitting,,0.534,0.0,29.5556
SitFloor_crossedLegs,217,,Sitting,,0.533,0.0,27.0019
SitFloor_crossedLegs,218,,Sitting,,0.53,0.0,31.0361
SitFloor_crossedLegs,219,,Sitting,,0.529,0.0,32.5888
SitFloor_crossedLegs,220,,Sitting,,0.528,0.0,32.3711
SitFloor_crossedLegs,221,,Sitting,,0.527,0.0,31.5511
SitFloor_crossedLegs,222,,Sitting,,0.527,0.0,28.4607
SitFloor_crossedLegs,223,,Sitting,,0.527,0.0,27.3578
SitFloor_crossedLegs,224,,Sitting,,0.529,0.0,27.5539
SitFloor_crossedLegs,225,,Sitting,,0.531,0.0,26.2633
SitFloor_crossedLegs,226,,Sitting,,0.532,0.0,29.1275
SitFloor_crossedLegs,227,,Sitting,,0.532,0.0,28.2524
SitFloor_crossedLegs,228,,Sitting,,0.533,0.0,35.3024
SitFloor_crossedLegs,229,,Sitting,,0.532,0.0,37.2552
SitFloor_crossedLegs,230,,Sitting,,0.531,0.0,35.8547
SitFloor_crossedLegs,231,,Sitting,,0.529,0.0,36.6005
SitFloor_crossedLegs,232,,Sitting,,0.528,0.0,30.3711
SitFloor_crossedLegs,233,,Sitting,,0.528,0.0,35.9207
SitFloor_crossedLegs,234,,Sitting,,0.528,0.0,34.2034
SitFloor_crossedLegs,235,,Sitting,,0.53,0.0,39.6828
SitFloor_crossedLegs,236,,Sitting,,0.533,0.0,38.4164
SitFloor_crossedLegs,237,,Sitting,,0.537,0.0,32.2362
SitFloor_crossedLegs,238,,Sitting,,0.539,0.0,30.3163
SitFloor_crossedLegs,239,,Sitting,,0.542,0.0,36.8467
SitFloor_crossedLegs,240,,Sitting,,0.546,0.0,31.1317
SitFloor_crossedLegs,241,,Sitting,,0.549,0.0,36.9612
SitFloor_crossedLegs,242,,Sitting,,0.548,0.0,47.8002
SitFloor_crossedLegs,243,,Sitting,,0.547,0.0,50.2098
SitFloor_crossedLegs,244,,Sitting,,0.541,0.0,47.7117
SitFloor_crossedLegs,245,,Sitting,,0.537,0.0,39.2789
SitFloor_crossedLegs,246,,Sitting,,0.533,0.0,36.7063
SitFloor_crossedLegs,247,,Sitting,,0.531,0.0,37.7332
SitFloor_crossedLegs,248,,Sitting,,0.531,0.0,40.6853
SitFloor_crossedLegs,249,,Sitting,,0.534,0.0,34.0515
SitFloor_crossedLegs,250,,Sitting,,0.543,0.0,42.5212
SitFloor_crossedLegs,251,,Sitting,,0.559,0.0,40.5403
SitFloor_crossedLegs,252,,Sitting,,0.575,0.0,36.3711
SitFloor_crossedLegs,253,,Sitting,,0.6,0.0,42.6998
SitFloor_crossedLegs,254,,Sitting,,0.624,0.0,36.71
SitFloor_crossedLegs,255,,Sitting,,0.653,0.0,33.6146
SitFloor_crossedLegs,256,,Sitting,,0.684,0.0,29.466
SitFloor_crossedLegs,257,,Sitting,,0.711,0.0,30.5232
SitFloor_crossedLegs,258,,Sitting,,0.737,0.0,29.5411
SitFloor_crossedLegs,259,,Sitting,,0.759,0.0,33.7998
SitFloor_crossedLegs,260,,Sitting,,0.775,0.0,29.3605
SitFloor_crossedLegs,261,,Sitting,,0.787,0.0,28.5455
SitFloor_crossedLegs,262,,Sitting,,0.791,0.0,34.2002
SitFloor_crossedLegs,263,,Sitting,,0.793,0.0,30.622
SitFloor_crossedLegs,264,,Sitting,,0.792,0.0,26.6749
SitFloor_crossedLegs,265,,Sitting,,0.791,0.0,26.7178
SitFloor_crossedLegs,266,,Sitting,,0.79,0.0,25.9109
SitFloor_crossedLegs,267,,Sitting,,0.789,0.0,28.7595
SitFloor_crossedLegs,268,,Sitting,,0.791,0.0,26.4819
SitFloor_crossedLegs,269,,Sitting,,0.795,0.0,34.9518
SitFloor_crossedLegs,270,,Sitting,,0.8,0.0,28.269
SitFloor_crossedLegs,271,,Sitting,,0.808,0.0,32.0852
SitFloor_crossedLegs,272,,Sitting,,0.813,0.0,27.688
SitFloor_crossedLegs,273,,Sitting,,0.811,0.0,27.1787
SitFloor_crossedLegs,274,,Sitting,,0.801,0.0,25.4524
SitFloor_crossedLegs,275,,Sitting,,0.784,0.0,26.0708
SitFloor_crossedLegs,276,,Sitting,,0.755,0.0,24.0647
SitFloor_crossedLegs,277,,Sitting,,0.712,0.0,26.3102
SitFloor_crossedLegs,278,,Sitting,,0.661,0.0,24.4878
SitFloor_crossedLegs,279,,Sitting,,0.605,0.0,36.469
SitFloor_crossedLegs,280,,Sitting,,0.555,0.0,26.2677
SitFloor_crossedLegs,281,,Sitting,,0.507,0.0,23.7323
SitFloor_crossedLegs,282,,Sitting,,0.477,0.0,24.2533
SitFloor_crossedLegs,283,,Sitting,,0.452,0.0,24.7351
SitFloor_crossedLegs,284,,Sitting,,0.433,0.0,25.3914
SitFloor_crossedLegs,285,,Standing,,0.465,0.0,24.5218
SitFloor_crossedLegs,286,,Standing,,0.484,0.0,21.7581
SitFloor_crossedLegs,287,,Standing,,0.504,0.0,23.5604
SitFloor_crossedLegs,288,,Standing,,0.522,0.0,21.9576
SitFloor_crossedLegs,289,,Standing,,0.559,0.0,23.1519
SitFloor_lowKeypoints_crossedLegs,31,,Sitting,,0.624,0.0,21.3416
SitFloor_lowKeypoints_crossedLegs,32,,Sitting,,0.571,0.0,22.3499
SitFloor_lowKeypoints_crossedLegs,33,,Sitting,,0.512,0.0,21.1027
SitFloor_lowKeypoints_crossedLegs,34,,Sitting,,0.512,0.0,21.3211
SitFloor_lowKeypoints_crossedLegs,35,,Sitting,,0.512,0.0,23.5562
SitFloor_lowKeypoints_crossedLegs,36,,Lying,,0.37,0.0,21.5934
SitFloor_lowKeypoints_crossedLegs,37,,Lying,,0.377,0.0,22.0568
SitFloor_lowKeypoints_crossedLegs,38,,Lying,,0.377,0.0,22.8028
SitFloor_lowKeypoints_crossedLegs,39,,Lying,,0.377,0.0,21.0179
SitFloor_lowKeypoints_crossedLegs,40,,Lying,,0.384,0.0,21.3484
SitFloor_lowKeypoints_crossedLegs,41,,Lying,,0.39,0.0,22.9339
SitFloor_lowKeypoints_crossedLegs,42,,Lying,,0.394,0.0,23.363
SitFloor_lowKeypoints_crossedLegs,43,,Lying,,0.398,0.0,24.6802
SitFloor_lowKeypoints_crossedLegs,44,,Lying,,0.398,0.0,21.804
SitFloor_lowKeypoints_crossedLegs,45,,Lying,,0.398,0.0,21.4031
SitFloor_lowKeypoints_crossedLegs,46,,Lying,,0.398,0.0,21.7746
SitFloor_lowKeypoints_crossedLegs,47,,Lying,,0.366,0.0,22.4814
SitFloor_lowKeypoints_crossedLegs,48,,Lying,,0.366,0.0,21.8393
SitFloor_lowKeypoints_crossedLegs,49,,Lying,,0.365,0.0,23.7545
SitFloor_lowKeypoints_crossedLegs,50,,Lying,,0.371,0.0,27.8094
SitFloor_lowKeypoints_crossedLegs,51,,Lying,,0.377,0.0,27.5734
SitFloor_lowKeypoints_crossedLegs,52,,Lying,,0.388,0.0,24.6938
SitFloor_lowKeypoints_crossedLegs,53,,Lying,,0.391,0.0,23.5145
SitFloor_lowKeypoints_crossedLegs,54,,Lying,,0.393,0.0,21.1188
SitFloor_lowKeypoints_crossedLegs,55,,Lying,,0.393,0.0,24.125
SitFloor_lowKeypoints_crossedLegs,56,,Lying,,0.401,0.0,24.6139
SitFloor_lowKeypoints_crossedLegs,57,,Sitting,,0.475,0.0,26.6963
SitFloor_lowKeypoints_crossedLegs,58,,Sitting,,0.5,0.0,21.7097
SitFloor_lowKeypoints_crossedLegs,59,,Sitting,,0.519,0.0,21.4614
SitFloor_lowKeypoints_crossedLegs,60,,Sitting,,0.536,0.0,23.0237
SitFloor_lowKeypoints_crossedLegs,61,,Sitting,,0.576,0.0,23.5908
SitFloor_lowKeypoints_crossedLegs,62,,Sitting,,0.602,0.0,22.6399
SitFloor_lowKeypoints_crossedLegs,63,,Sitting,,0.624,0.0,22.5171
SitFloor_lowKeypoints_crossedLegs,64,,Sitting,,0.641,0.0,23.4157
SitFloor_lowKeypoints_crossedLegs,65,,Sitting,,0.663,0.0,21.4324
SitFloor_lowKeypoints_crossedLegs,66,,Sitting,,0.689,0.0,25.0112
SitFloor_lowKeypoints_crossedLegs,67,,Sitting,,0.715,0.0,24.1625
SitFloor_lowKeypoints_crossedLegs,68,,Sitting,,0.744,0.0,23.9406
SitFloor_lowKeypoints_crossedLegs,69,,Sitting,,0.781,0.0,21.8955
SitFloor_lowKeypoints_crossedLegs,70,,Sitting,,0.813,0.0,25.0619
SitFloor_lowKeypoints_crossedLegs,71,,Sitting,,0.842,0.0,22.5696
SitFloor_lowKeypoints_crossedLegs,72,,Sitting,,0.864,0.0,21.6568
SitFloor_lowKeypoints_crossedLegs,73,,Sitting,,0.882,0.0,21.4607
SitFloor_lowKeypoints_crossedLegs,74,,Sitting,,0.896,0.0,22.9352
SitFloor_lowKeypoints_crossedLegs,75,,Sitting,,0.906,0.0,23.9546
SitFloor_lowKeypoints_crossedLegs,76,,Sitting,,0.912,0.0,24.0194
SitFloor_lowKeypoints_crossedLegs,77,,Sitting,,0.916,0.0,24.506
SitFloor_lowKeypoints_crossedLegs,78,,Sitting,,0.916,0.0,23.7897
SitFloor_lowKeypoints_crossedLegs,79,,Sitting,,0.917,0.0,23.5773
SitFloor_lowKeypoints_crossedLegs,80,,Sitting,,0.916,0.0,23.5948
SitFloor_lowKeypoints_crossedLegs,81,,Sitting,,0.916,0.0,24.8325
SitFloor_lowKeypoints_crossedLegs,82,,Sitting,,0.914,0.0,23.5827
SitFloor_lowKeypoints_crossedLegs,83,,Sitting,,0.913,0.0,24.0397
SitFloor_lowKeypoints_crossedLegs,84,,Sitting,,0.914,0.0,27.639
SitFloor_lowKeypoints_crossedLegs,85,,Sitting,,0.916,0.0,24.0176
SitFloor_lowKeypoints_crossedLegs,86,Sitting,Sitting,True,0.916,0.0,28.011
SitFloor_lowKeypoints_crossedLegs,87,Sitting,Sitting,True,0.917,0.0,23.7598
SitFloor_lowKeypoints_crossedLegs,88,Sitting,Sitting,True,0.917,0.0,27.5651
SitFloor_lowKeypoints_crossedLegs,89,Sitting,Sitting,True,0.917,0.0,23.159
SitFloor_lowKeypoints_crossedLegs,90,Sitting,Sitting,True,0.918,0.0,25.5697
SitFloor_lowKeypoints_crossedLegs,91,Sitting,Sitting,True,0.918,0.0,37.0018
SitFloor_lowKeypoints_crossedLegs,92,Sitting,Sitting,True,0.918,0.0,29.6653
SitFloor_lowKeypoints_crossedLegs,93,Sitting,Sitting,True,0.916,0.0,33.6337
SitFloor_lowKeypoints_crossedLegs,94,Sitting,Sitting,True,0.915,0.0,29.1284
SitFloor_lowKeypoints_crossedLegs,95,Sitting,Sitting,True,0.913,0.0,33.3549
SitFloor_lowKeypoints_crossedLegs,96,Sitting,Sitting,True,0.913,0.0,28.3008
SitFloor_lowKeypoints_crossedLegs,97,Sitting,Sitting,True,0.912,0.0,53.4844
SitFloor_lowKeypoints_crossedLegs,98,Sitting,Sitting,True,0.91,0.0,48.746
SitFloor_lowKeypoints_crossedLegs,99,Sitting,Sitting,True,0.908,0.0,42.8172
SitFloor_lowKeypoints_crossedLegs,100,Sitting,Sitting,True,0.905,0.0,36.5319
SitFloor_lowKeypoints_crossedLegs,101,Sitting,Sitting,True,0.899,0.0,32.4989
SitFloor_lowKeypoints_crossedLegs,102,Sitting,Sitting,True,0.893,0.0,26.7866
SitFloor_lowKeypoints_crossedLegs,103,Sitting,Sitting,True,0.886,0.0,30.7948
SitFloor_lowKeypoints_crossedLegs,104,Sitting,Sitting,True,0.88,0.0,26.1843
SitFloor_lowKeypoints_crossedLegs,105,Sitting,Sitting,True,0.874,0.0,24.1936
SitFloor_lowKeypoints_crossedLegs,106,Sitting,Sitting,True,0.866,0.0,23.4114
SitFloor_lowKeypoints_crossedLegs,107,Sitting,Sitting,True,0.862,0.0,23.718
SitFloor_lowKeypoints_crossedLegs,108,Sitting,Sitting,True,0.861,0.0,23.1307
SitFloor_lowKeypoints_crossedLegs,109,Sitting,Sitting,True,0.857,0.0,26.5814
SitFloor_lowKeypoints_crossedLegs,110,Sitting,Sitting,True,0.859,0.0,22.9839
SitFloor_lowKeypoints_crossedLegs,111,Sitting,Sitting,True,0.862,0.0,22.1307
SitFloor_lowKeypoints_crossedLegs,112,Sitting,Sitting,True,0.867,0.0,22.3809
SitFloor_lowKeypoints_crossedLegs,113,Sitting,Sitting,True,0.876,0.0,21.5643
SitFloor_lowKeypoints_crossedLegs,114,Sitting,Sitting,True,0.885,0.0,23.9831
SitFloor_lowKeypoints_crossedLegs,115,Sitting,Sitting,True,0.892,0.0,21.6708
SitFloor_lowKeypoints_crossedLegs,116,Sitting,Sitting,True,0.903,0.0,30.4714
SitFloor_lowKeypoints_crossedLegs,117,Sitting,Sitting,True,0.91,0.0,23.1661
SitFloor_lowKeypoints_crossedLegs,118,Sitting,Sitting,True,0.916,0.0,27.8554
SitFloor_lowKeypoints_crossedLegs,119,Sitting,Sitting,True,0.921,0.0,24.5844
SitFloor_lowKeypoints_crossedLegs,120,Sitting,Sitting,True,0.924,0.0,22.5931
SitFloor_lowKeypoints_crossedLegs,121,Sitting,Sitting,True,0.924,0.0,22.9087
SitFloor_lowKeypoints_crossedLegs,122,Sitting,Sitting,True,0.928,0.0,21.3087
SitFloor_lowKeypoints_crossedLegs,123,Sitting,Sitting,True,0.93,0.0,23.3354
SitFloor_lowKeypoints_crossedLegs,124,Sitting,Sitting,True,0.931,0.0,23.623
SitFloor_lowKeypoints_crossedLegs,125,Sitting,Sitting,True,0.933,0.0,25.8177
SitFloor_lowKeypoints_crossedLegs,126,Sitting,Sitting,True,0.934,0.0,23.2575
SitFloor_lowKeypoints_crossedLegs,127,Sitting,Sitting,True,0.935,0.0,22.6524
SitFloor_lowKeypoints_crossedLegs,128,Sitting,Sitting,True,0.937,0.0,25.9856
SitFloor_lowKeypoints_crossedLegs,129,Sitting,Sitting,True,0.938,0.0,25.1005
SitFloor_lowKeypoints_crossedLegs,130,Sitting,Sitting,True,0.939,0.0,24.2344
SitFloor_lowKeypoints_crossedLegs,131,Sitting,Sitting,True,0.94,0.0,24.948
SitFloor_lowKeypoints_crossedLegs,132,Sitting,Sitting,True,0.939,0.0,22.9678
SitFloor_lowKeypoints_crossedLegs,133,Sitting,Sitting,True,0.939,0.0,23.1797
SitFloor_lowKeypoints_crossedLegs,134,Sitting,Sitting,True,0.939,0.0,25.743
SitFloor_lowKeypoints_crossedLegs,135,Sitting,Sitting,True,0.939,0.0,23.7128
SitFloor_lowKeypoints_crossedLegs,136,Sitting,Sitting,True,0.939,0.0,26.9873
SitFloor_lowKeypoints_crossedLegs,137,Sitting,Sitting,True,0.94,0.0,24.5058
SitFloor_lowKeypoints_crossedLegs,138,Sitting,Sitting,True,0.938,0.0,28.994
SitFloor_lowKeypoints_crossedLegs,139,Sitting,Sitting,True,0.938,0.0,32.9516
SitFloor_lowKeypoints_crossedLegs,140,Sitting,Sitting,True,0.94,0.0,26.0139
SitFloor_lowKeypoints_crossedLegs,141,Sitting,Sitting,True,0.94,0.0,27.1825
SitFloor_lowKeypoints_crossedLegs,142,Sitting,Sitting,True,0.942,0.0,26.9155
SitFloor_lowKeypoints_crossedLegs,143,Sitting,Sitting,True,0.942,0.0,32.5799
SitFloor_lowKeypoints_crossedLegs,144,Sitting,Sitting,True,0.94,0.0,25.8256
SitFloor_lowKeypoints_crossedLegs,145,Sitting,Sitting,True,0.941,0.0,30.2218
SitFloor_lowKeypoints_crossedLegs,146,Sitting,Sitting,True,0.941,0.0,37.3933
SitFloor_lowKeypoints_crossedLegs,147,Sitting,Sitting,True,0.939,0.0,38.2504
SitFloor_lowKeypoints_crossedLegs,148,Sitting,Sitting,True,0.937,0.0,38.7234
SitFloor_lowKeypoints_crossedLegs,149,Sitting,Sitting,True,0.936,0.0,31.7468
SitFloor_lowKeypoints_crossedLegs,150,Sitting,Sitting,True,0.935,0.0,26.3749
SitFloor_lowKeypoints_crossedLegs,151,Sitting,Sitting,True,0.936,0.0,27.4159
SitFloor_lowKeypoints_crossedLegs,152,Sitting,Sitting,True,0.935,0.0,28.1628
SitFloor_lowKeypoints_crossedLegs,153,Sitting,Sitting,True,0.934,0.0,26.7714
SitFloor_lowKeypoints_crossedLegs,154,Sitting,Sitting,True,0.934,0.0,41.2353
SitFloor_lowKeypoints_crossedLegs,155,Sitting,Sitting,True,0.935,0.0,41.8157
SitFloor_lowKeypoints_crossedLegs,156,Sitting,Sitting,True,0.935,0.0,97.9057
SitFloor_lowKeypoints_crossedLegs,157,Sitting,Sitting,True,0.935,0.0,93.5919
SitFloor_lowKeypoints_crossedLegs,158,Sitting,Sitting,True,0.934,0.0,44.541
SitFloor_lowKeypoints_crossedLegs,159,Sitting,Sitting,True,0.934,0.0,39.506
SitFloor_lowKeypoints_crossedLegs,160,Sitting,Sitting,True,0.933,0.0,39.1703
SitFloor_lowKeypoints_crossedLegs,161,Sitting,Sitting,True,0.933,0.0,36.3413
SitFloor_lowKeypoints_crossedLegs,162,Sitting,Sitting,True,0.931,0.0,33.927
SitFloor_lowKeypoints_crossedLegs,163,Sitting,Sitting,True,0.932,0.0,35.9515
SitFloor_lowKeypoints_crossedLegs,164,Sitting,Sitting,True,0.933,0.0,29.7367
SitFloor_lowKeypoints_crossedLegs,165,Sitting,Sitting,True,0.933,0.0,61.8717
SitFloor_lowKeypoints_crossedLegs,166,Sitting,Sitting,True,0.934,0.0,75.5692
SitFloor_lowKeypoints_crossedLegs,167,Sitting,Sitting,True,0.933,0.0,49.39
SitFloor_lowKeypoints_crossedLegs,168,Sitting,Sitting,True,0.934,0.0,46.1487
SitFloor_lowKeypoints_crossedLegs,169,Sitting,Sitting,True,0.935,0.0,51.5352
SitFloor_lowKeypoints_crossedLegs,170,Sitting,Sitting,True,0.935,0.0,53.8505
SitFloor_lowKeypoints_crossedLegs,171,Sitting,Sitting,True,0.935,0.0,51.2257
SitFloor_lowKeypoints_crossedLegs,172,Sitting,Sitting,True,0.935,0.0,44.6606
SitFloor_lowKeypoints_crossedLegs,173,Sitting,Sitting,True,0.934,0.0,39.0172
SitFloor_lowKeypoints_crossedLegs,174,Sitting,Sitting,True,0.935,0.0,33.8429
SitFloor_lowKeypoints_crossedLegs,175,Sitting,Sitting,True,0.934,0.0,40.5726
SitFloor_lowKeypoints_crossedLegs,176,Sitting,Sitting,True,0.931,0.0,33.5877
SitFloor_lowKeypoints_crossedLegs,177,Sitting,Sitting,True,0.928,0.0,37.9828
SitFloor_lowKeypoints_crossedLegs,178,Sitting,Sitting,True,0.929,0.0,32.6953
SitFloor_lowKeypoints_crossedLegs,179,Sitting,Sitting,True,0.928,0.0,36.5534
SitFloor_lowKeypoints_crossedLegs,180,Sitting,Sitting,True,0.929,0.0,31.9189
SitFloor_lowKeypoints_crossedLegs,181,Sitting,Sitting,True,0.928,0.0,31.1171
SitFloor_lowKeypoints_crossedLegs,182,Sitting,Sitting,True,0.93,0.0,35.3212
SitFloor_lowKeypoints_crossedLegs,183,Sitting,Sitting,True,0.931,0.0,43.319
SitFloor_lowKeypoints_crossedLegs,184,Sitting,Sitting,True,0.933,0.0,43.406
SitFloor_lowKeypoints_crossedLegs,185,Sitting,Sitting,True,0.932,0.0,56.6115
SitFloor_lowKeypoints_crossedLegs,186,Sitting,Sitting,True,0.934,0.0,46.7833
SitFloor_lowKeypoints_crossedLegs,187,Sitting,Sitting,True,0.933,0.0,56.3274
SitFloor_lowKeypoints_crossedLegs,188,Sitting,Sitting,True,0.933,0.0,55.7302
SitFloor_lowKeypoints_crossedLegs,189,Sitting,Sitting,True,0.931,0.0,38.8326
SitFloor_lowKeypoints_crossedLegs,190,Sitting,Sitting,True,0.932,0.0,51.9743
SitFloor_lowKeypoints_crossedLegs,191,Sitting,Sitting,True,0.931,0.0,39.7942
SitFloor_lowKeypoints_crossedLegs,192,Sitting,Sitting,True,0.931,0.0,35.6239
SitFloor_lowKeypoints_crossedLegs,193,Sitting,Sitting,True,0.931,0.0,43.0861
SitFloor_lowKeypoints_crossedLegs,194,Sitting,Sitting,True,0.933,0.0,37.0684
SitFloor_lowKeypoints_crossedLegs,195,Sitting,Sitting,True,0.934,0.0,32.0523
SitFloor_lowKeypoints_crossedLegs,196,Sitting,Sitting,True,0.934,0.0,32.918
SitFloor_lowKeypoints_crossedLegs,197,Sitting,Sitting,True,0.932,0.0,35.4521
SitFloor_lowKeypoints_crossedLegs,198,Sitting,Sitting,True,0.932,0.0,35.1184
SitFloor_lowKeypoints_crossedLegs,199,Sitting,Sitting,True,0.93,0.0,43.0739
SitFloor_lowKeypoints_crossedLegs,200,Sitting,Sitting,True,0.931,0.0,40.196
SitFloor_lowKeypoints_crossedLegs,201,,Sitting,,0.93,0.0,32.7669
SitFloor_lowKeypoints_crossedLegs,202,,Sitting,,0.93,0.0,31.5589
SitFloor_lowKeypoints_crossedLegs,203,,Sitting,,0.931,0.0,44.5347
SitFloor_lowKeypoints_crossedLegs,204,,Sitting,,0.931,0.0,46.5948
SitFloor_lowKeypoints_crossedLegs,205,,Sitting,,0.931,0.0,42.3461
SitFloor_lowKeypoints_crossedLegs,206,,Sitting,,0.933,0.0,36.7754
SitFloor_lowKeypoints_crossedLegs,207,,Sitting,,0.931,0.0,34.4121
SitFloor_lowKeypoints_crossedLegs,208,,Sitting,,0.931,0.0,33.8372
SitFloor_lowKeypoints_crossedLegs,209,,Sitting,,0.932,0.0,34.828
SitFloor_lowKeypoints_crossedLegs,210,,Sitting,,0.933,0.0,48.3422
SitFloor_lowKeypoints_crossedLegs,211,,Sitting,,0.933,0.0,42.9225
SitFloor_lowKeypoints_crossedLegs,212,,Sitting,,0.934,0.0,36.5112
SitFloor_lowKeypoints_crossedLegs,213,,Sitting,,0.934,0.0,36.3992
SitFloor_lowKeypoints_crossedLegs,214,,Sitting,,0.935,0.0,45.4149
SitFloor_lowKeypoints_crossedLegs,215,,Sitting,,0.936,0.0,38.6104
SitFloor_lowKeypoints_crossedLegs,216,,Sitting,,0.934,0.0,49.6141
SitFloor_lowKeypoints_crossedLegs,217,,Sitting,,0.932,0.0,45.775
SitFloor_lowKeypoints_crossedLegs,218,,Sitting,,0.931,0.0,50.032
SitFloor_lowKeypoints_crossedLegs,219,,Sitting,,0.931,0.0,48.3849
SitFloor_lowKeypoints_crossedLegs,220,,Sitting,,0.93,0.0,38.1892
SitFloor_lowKeypoints_crossedLegs,221,,Sitting,,0.93,0.0,37.3395
SitFloor_lowKeypoints_crossedLegs,222,,Sitting,,0.929,0.0,42.847
SitFloor_lowKeypoints_crossedLegs,223,,Sitting,,0.931,0.0,43.0582
SitFloor_lowKeypoints_crossedLegs,224,,Sitting,,0.932,0.0,36.5518
SitFloor_lowKeypoints_crossedLegs,225,,Sitting,,0.933,0.0,42.8884
SitFloor_lowKeypoints_crossedLegs,226,,Sitting,,0.932,0.0,40.763
SitFloor_lowKeypoints_crossedLegs,227,,Sitting,,0.934,0.0,31.7712
SitFloor_lowKeypoints_crossedLegs,228,,Sitting,,0.933,0.0,31.2931
SitFloor_lowKeypoints_crossedLegs,229,,Sitting,,0.932,0.0,36.173
SitFloor_lowKeypoints_crossedLegs,230,,Sitting,,0.932,0.0,39.7664
SitFloor_lowKeypoints_crossedLegs,231,,Sitting,,0.932,0.0,44.204
SitFloor_lowKeypoints_crossedLegs,232,,Sitting,,0.932,0.0,45.8962
SitFloor_lowKeypoints_crossedLegs,233,,Sitting,,0.935,0.0,50.4213
SitFloor_lowKeypoints_crossedLegs,234,,Sitting,,0.935,0.0,40.8875
SitFloor_lowKeypoints_crossedLegs,235,,Sitting,,0.936,0.0,33.576
SitFloor_lowKeypoints_crossedLegs,236,,Sitting,,0.937,0.0,29.0952
SitFloor_lowKeypoints_crossedLegs,237,,Sitting,,0.936,0.0,36.2486
SitFloor_lowKeypoints_crossedLegs,238,,Sitting,,0.934,0.0,42.2282
SitFloor_lowKeypoints_crossedLegs,239,,Sitting,,0.93,0.0,39.7887
SitFloor_lowKeypoints_crossedLegs,240,,Sitting,,0.927,0.0,29.4379
SitFloor_lowKeypoints_crossedLegs,241,,Sitting,,0.924,0.0,39.3
SitFloor_lowKeypoints_crossedLegs,242,,Sitting,,0.921,0.0,41.5427
SitFloor_lowKeypoints_crossedLegs,243,,Sitting,,0.917,0.0,40.3936
SitFloor_lowKeypoints_crossedLegs,244,,Sitting,,0.914,0.0,33.8478
SitFloor_lowKeypoints_crossedLegs,245,,Sitting,,0.913,0.0,34.0159
SitFloor_lowKeypoints_crossedLegs,246,,Sitting,,0.913,0.0,39.3178
SitFloor_lowKeypoints_crossedLegs,247,,Sitting,,0.91,0.0,38.9862
SitFloor_lowKeypoints_crossedLegs,248,,Sitting,,0.908,0.0,40.7776
SitFloor_lowKeypoints_crossedLegs,249,,Sitting,,0.908,0.0,43.2318
SitFloor_lowKeypoints_crossedLegs,250,,Sitting,,0.907,0.0,41.2719
SitFloor_lowKeypoints_crossedLegs,251,,Sitting,,0.906,0.0,44.7699
SitFloor_lowKeypoints_crossedLegs,252,,Sitting,,0.903,0.0,41.0344
SitFloor_lowKeypoints_crossedLegs,253,,Sitting,,0.898,0.0,47.7245
SitFloor_lowKeypoints_crossedLegs,254,,Sitting,,0.895,0.0,39.1434
SitFloor_lowKeypoints_crossedLegs,255,,Sitting,,0.891,0.0,49.2552
SitFloor_lowKeypoints_crossedLegs,256,,Sitting,,0.886,0.0,44.3213
SitFloor_lowKeypoints_crossedLegs,257,,Sitting,,0.884,0.0,37.732
SitFloor_lowKeypoints_crossedLegs,258,,Sitting,,0.881,0.0,34.8397
SitFloor_lowKeypoints_crossedLegs,259,,Sitting,,0.881,0.0,32.8955
SitFloor_lowKeypoints_crossedLegs,260,,Sitting,,0.882,0.0,36.22
SitFloor_lowKeypoints_crossedLegs,261,,Sitting,,0.885,0.0,42.2541
SitFloor_lowKeypoints_crossedLegs,262,,Sitting,,0.889,0.0,48.2639
SitFloor_lowKeypoints_crossedLegs,263,,Sitting,,0.892,0.0,45.3812
SitFloor_lowKeypoints_crossedLegs,264,,Sitting,,0.892,0.0,39.0537
SitFloor_lowKeypoints_crossedLegs,265,,Sitting,,0.891,0.0,31.0487
SitFloor_lowKeypoints_crossedLegs,266,,Sitting,,0.882,0.0,41.0862
SitFloor_lowKeypoints_crossedLegs,267,,Sitting,,0.873,0.0,44.098
SitFloor_lowKeypoints_crossedLegs,268,,Sitting,,0.861,0.0,40.8646
SitFloor_lowKeypoints_crossedLegs,269,,Sitting,,0.85,0.0,32.5786
SitFloor_lowKeypoints_crossedLegs,270,,Sitting,,0.838,0.0,36.8419
SitFloor_lowKeypoints_crossedLegs,271,,Sitting,,0.825,0.0,34.8421
SitFloor_lowKeypoints_crossedLegs,272,,Sitting,,0.81,0.0,29.2255
SitFloor_lowKeypoints_crossedLegs,273,,Sitting,,0.802,0.0,36.2424
SitFloor_lowKeypoints_crossedLegs,274,,Sitting,,0.793,0.0,46.5868
SitFloor_lowKeypoints_crossedLegs,275,,Sitting,,0.788,0.0,46.5441
SitFloor_lowKeypoints_crossedLegs,276,,Sitting,,0.781,0.0,51.0707
SitFloor_lowKeypoints_crossedLegs,277,,Sitting,,0.775,0.0,47.68
SitFloor_lowKeypoints_crossedLegs,278,,Sitting,,0.768,0.0,35.9351
SitFloor_lowKeypoints_crossedLegs,279,,Sitting,,0.762,0.0,36.7786
SitFloor_lowKeypoints_crossedLegs,280,,Sitting,,0.749,0.0,45.4687
SitFloor_lowKeypoints_crossedLegs,281,,Sitting,,0.735,0.0,46.2082
SitFloor_lowKeypoints_crossedLegs,282,,Sitting,,0.712,0.0,53.0575
SitFloor_lowKeypoints_crossedLegs,283,,Sitting,,0.69,0.0,44.7416
SitFloor_lowKeypoints_crossedLegs,284,,Sitting,,0.669,0.0,39.941
SitFloor_lowKeypoints_crossedLegs,285,,Sitting,,0.641,0.0,47.8349
SitFloor_lowKeypoints_crossedLegs,286,,Sitting,,0.617,0.0,51.9267
SitFloor_lowKeypoints_crossedLegs,287,,Sitting,,0.595,0.0,44.7052
SitFloor_lowKeypoints_crossedLegs,288,,Sitting,,0.576,0.0,115.0671
SitFloor_lowKeypoints_crossedLegs,289,,Sitting,,0.559,0.0,50.8095
SitFloor_lowKeypoints_crossedLegs,290,,Sitting,,0.538,0.0,36.5416
SitFloor_lowKeypoints_crossedLegs,291,,Sitting,,0.511,0.0,47.3051
SitFloor_lowKeypoints_crossedLegs,292,,Sitting,,0.503,0.0,38.1162
SitFloor_lowKeypoints_crossedLegs,293,,Sitting,,0.493,0.0,37.1283
SitFloor_lowKeypoints_crossedLegs,294,,Sitting,,0.483,0.0,36.8283
SitFloor_lowKeypoints_crossedLegs,295,,Standing,,0.541,0.0,42.749
SitFloor_lowKeypoints_crossedLegs,296,,Standing,,0.541,0.0,42.0876
SitFloor_lowKeypoints_crossedLegs,297,,Standing,,0.54,0.0,40.3945
SitFloor_lowKeypoints_crossedLegs,298,,Standing,,0.536,0.0,31.5792
SitFloor_lowKeypoints_crossedLegs,299,,Standing,,0.544,0.0,32.0929
SitFloor_lowKeypoints_crossedLegs,300,,Standing,,0.546,0.0,34.2408
SitFloor_lowKeypoints_crossedLegs,301,,Standing,,0.545,0.0,34.8144
SitFloor_lowKeypoints_crossedLegs,302,,Standing,,0.549,0.0,39.6301
SitFloor_lowKeypoints_crossedLegs,303,,Standing,,0.562,0.0,33.8724
SitFloor_lowKeypoints_crossedLegs,304,,Standing,,0.58,0.0,34.3543
SitFloor_lowKeypoints_crossedLegs,305,,Standing,,0.599,0.0,36.9779
SitFloor_lowKeypoints_crossedLegs,306,,Standing,,0.629,0.0,32.398
SitFloor_lowKeypoints_crossedLegs,307,,Standing,,0.649,0.0,46.2392
SitFloor_lowKeypoints_crossedLegs,308,,Standing,,0.664,0.0,37.8514
SitFloor_lowKeypoints_crossedLegs,309,,Standing,,0.675,0.0,30.5489
SitFloor_lowKeypoints_crossedLegs,310,,Standing,,0.684,0.0,29.3342
SitFloor_lowKeypoints_crossedLegs,311,,Standing,,0.69,0.0,32.1789
SitFloor_lowKeypoints_crossedLegs,312,,Standing,,0.7,0.0,35.2795
SitFloor_lowKeypoints_crossedLegs,313,,Standing,,0.699,0.0,34.6144
SitFloor_lowKeypoints_crossedLegs,314,,Standing,,0.695,0.0,27.7446
SitFloor_lowKeypoints_crossedLegs,315,,Standing,,0.691,0.0,29.3184
SitFloor_lowKeypoints,31,Standing,Standing,True,0.893,0.0,31.8335
SitFloor_lowKeypoints,32,Standing,Standing,True,0.892,0.0,46.7196
SitFloor_lowKeypoints,33,Standing,Standing,True,0.896,0.0,38.2017
SitFloor_lowKeypoints,34,Standing,Standing,True,0.898,0.0,30.8825
SitFloor_lowKeypoints,35,Standing,Standing,True,0.9,0.0,39.5314
SitFloor_lowKeypoints,36,Standing,Standing,True,0.901,0.0,48.0273
SitFloor_lowKeypoints,37,Standing,Standing,True,0.903,0.0,40.9181
SitFloor_lowKeypoints,38,Standing,Standing,True,0.908,0.0,32.5606
SitFloor_lowKeypoints,39,Standing,Standing,True,0.913,0.0,36.7841
SitFloor_lowKeypoints,40,Standing,Standing,True,0.916,0.0,31.6294
SitFloor_lowKeypoints,41,Standing,Standing,True,0.918,0.0,37.4005
SitFloor_lowKeypoints,42,Standing,Standing,True,0.919,0.0,38.7966
SitFloor_lowKeypoints,43,Standing,Standing,True,0.92,0.0,28.4289
SitFloor_lowKeypoints,44,Standing,Standing,True,0.919,0.0,48.1123
SitFloor_lowKeypoints,45,Standing,Standing,True,0.919,0.0,41.0937
SitFloor_lowKeypoints,46,Standing,Standing,True,0.919,0.0,36.7436
SitFloor_lowKeypoints,47,Standing,Standing,True,0.92,0.0,33.6824
SitFloor_lowKeypoints,48,Standing,Standing,True,0.921,0.0,29.6283
SitFloor_lowKeypoints,49,Standing,Standing,True,0.922,0.0,30.9213
SitFloor_lowKeypoints,50,Standing,Standing,True,0.924,0.0,26.1113
SitFloor_lowKeypoints,51,Standing,Standing,True,0.925,0.0,30.5992
SitFloor_lowKeypoints,52,Standing,Standing,True,0.924,0.0,26.3068
SitFloor_lowKeypoints,53,Standing,Standing,True,0.922,0.0,27.1527
SitFloor_lowKeypoints,54,Standing,Standing,True,0.921,0.0,24.9647
SitFloor_lowKeypoints,55,Standing,Standing,True,0.92,0.0,25.9576
SitFloor_lowKeypoints,56,Standing,Standing,True,0.92,0.0,27.0279
SitFloor_lowKeypoints,57,Standing,Standing,True,0.919,0.0,28.8625
SitFloor_lowKeypoints,58,,Standing,,0.919,0.0,24.8175
SitFloor_lowKeypoints,59,,Standing,,0.921,0.0,23.6726
SitFloor_lowKeypoints,60,,Standing,,0.922,0.0,23.0421
SitFloor_lowKeypoints,61,,Standing,,0.922,0.0,27.9381
SitFloor_lowKeypoints,62,,Standing,,0.924,0.0,37.8325
SitFloor_lowKeypoints,63,,Standing,,0.925,0.0,33.7526
SitFloor_lowKeypoints,64,,Standing,,0.924,0.0,34.4659
SitFloor_lowKeypoints,65,,Standing,,0.923,0.0,27.4619
SitFloor_lowKeypoints,66,,Standing,,0.921,0.0,25.3615
SitFloor_lowKeypoints,67,,Standing,,0.92,0.0,26.5025
SitFloor_lowKeypoints,68,,Standing,,0.918,0.0,26.8798
SitFloor_lowKeypoints,69,,Standing,,0.913,0.0,31.88
SitFloor_lowKeypoints,70,,Standing,,0.909,0.0,25.4604
SitFloor_lowKeypoints,71,,Standing,,0.907,0.0,25.493
SitFloor_lowKeypoints,72,,Standing,,0.9,0.0,27.629
SitFloor_lowKeypoints,73,,Standing,,0.893,0.0,25.6538
SitFloor_lowKeypoints,74,,Standing,,0.883,0.0,28.2873
SitFloor_lowKeypoints,75,,Standing,,0.874,0.0,26.0496
SitFloor_lowKeypoints,76,,Standing,,0.863,0.0,26.4803
SitFloor_lowKeypoints,77,,Standing,,0.845,0.0,25.5064
SitFloor_lowKeypoints,78,,Standing,,0.817,0.0,25.0982
SitFloor_lowKeypoints,79,,Standing,,0.786,0.0,31.6068
SitFloor_lowKeypoints,80,,Standing,,0.737,0.0,36.1033
SitFloor_lowKeypoints,81,,Standing,,0.678,0.0,34.3684
SitFloor_lowKeypoints,82,,Standing,,0.651,0.0,45.513
SitFloor_lowKeypoints,83,,Standing,,0.618,0.0,52.2976
SitFloor_lowKeypoints,84,,Standing,,0.579,0.0,57.1656
SitFloor_lowKeypoints,85,,Sitting,,0.491,0.0,54.5789
SitFloor_lowKeypoints,86,,Sitting,,0.503,0.0,51.0956
SitFloor_lowKeypoints,87,,Sitting,,0.515,0.0,43.4702
SitFloor_lowKeypoints,88,,Sitting,,0.525,0.0,48.6148
SitFloor_lowKeypoints,89,,Sitting,,0.554,0.0,52.5957
SitFloor_lowKeypoints,90,,Sitting,,0.577,0.0,48.6861
SitFloor_lowKeypoints,91,,Sitting,,0.595,0.0,46.3978
SitFloor_lowKeypoints,92,,Sitting,,0.613,0.0,53.824
SitFloor_lowKeypoints,93,,Sitting,,0.63,0.0,49.2251
SitFloor_lowKeypoints,94,,Sitting,,0.641,0.0,56.5874
SitFloor_lowKeypoints,95,,Sitting,,0.651,0.0,51.2051
SitFloor_lowKeypoints,96,,Sitting,,0.657,0.0,43.5776
SitFloor_lowKeypoints,97,,Sitting,,0.649,0.0,41.0607
SitFloor_lowKeypoints,98,,Sitting,,0.622,0.0,51.6319
SitFloor_lowKeypoints,99,,Sitting,,0.582,0.0,35.976
SitFloor_lowKeypoints,100,,Sitting,,0.567,0.0,34.9915
SitFloor_lowKeypoints,101,,Sitting,,0.551,0.0,32.0426
SitFloor_lowKeypoints,102,,Sitting,,0.524,0.0,34.8191
SitFloor_lowKeypoints,103,,Lying,,0.409,0.0,34.3002
SitFloor_lowKeypoints,104,,Lying,,0.408,0.0,44.599
SitFloor_lowKeypoints,105,,Lying,,0.409,0.0,34.6244
SitFloor_lowKeypoints,106,,Lying,,0.405,0.0,35.4181
SitFloor_lowKeypoints,107,,Lying,,0.405,0.0,45.5295
SitFloor_lowKeypoints,108,,Lying,,0.403,0.0,45.9735
SitFloor_lowKeypoints,109,,Lying,,0.4,0.0,58.421
SitFloor_lowKeypoints,110,,Lying,,0.396,0.0,34.6483
SitFloor_lowKeypoints,111,,Lying,,0.366,0.0,46.6197
SitFloor_lowKeypoints,112,,Lying,,0.36,0.0,51.3967
SitFloor_lowKeypoints,113,,Lying,,0.36,0.0,55.0261
SitFloor_lowKeypoints,114,,Lying,,0.36,0.0,41.6422
SitFloor_lowKeypoints,115,,Lying,,0.359,0.0,39.181
SitFloor_lowKeypoints,116,,Sitting,,0.424,0.0,34.1997
SitFloor_lowKeypoints,117,Sitting,Sitting,True,0.457,0.0,55.4562
SitFloor_lowKeypoints,118,Sitting,Sitting,True,0.487,0.0,43.8957
SitFloor_lowKeypoints,119,Sitting,Sitting,True,0.514,0.0,49.8352
SitFloor_lowKeypoints,120,Sitting,Sitting,True,0.563,0.0,56.2233
SitFloor_lowKeypoints,121,Sitting,Sitting,True,0.603,0.0,47.7049
SitFloor_lowKeypoints,122,Sitting,Sitting,True,0.635,0.0,44.9952
SitFloor_lowKeypoints,123,Sitting,Sitting,True,0.653,0.0,34.0342
SitFloor_lowKeypoints,124,Sitting,Sitting,True,0.663,0.0,43.6964
SitFloor_lowKeypoints,125,Sitting,Sitting,True,0.667,0.0,41.5773
SitFloor_lowKeypoints,126,Sitting,Sitting,True,0.671,0.0,58.8565
SitFloor_lowKeypoints,127,Sitting,Sitting,True,0.682,0.0,47.5905
SitFloor_lowKeypoints,128,Sitting,Sitting,True,0.701,0.0,47.497
SitFloor_lowKeypoints,129,Sitting,Sitting,True,0.728,0.0,54.5391
SitFloor_lowKeypoints,130,Sitting,Sitting,True,0.758,0.0,59.2958
SitFloor_lowKeypoints,131,Sitting,Sitting,True,0.788,0.0,70.8579
SitFloor_lowKeypoints,132,Sitting,Sitting,True,0.819,0.0,52.0955
SitFloor_lowKeypoints,133,Sitting,Sitting,True,0.846,0.0,54.7641
SitFloor_lowKeypoints,134,Sitting,Sitting,True,0.864,0.0,56.2189
SitFloor_lowKeypoints,135,Sitting,Sitting,True,0.879,0.0,54.2001
SitFloor_lowKeypoints,136,Sitting,Sitting,True,0.89,0.0,55.8219
SitFloor_lowKeypoints,137,Sitting,Sitting,True,0.897,0.0,64.1329
SitFloor_lowKeypoints,138,Sitting,Sitting,True,0.904,0.0,52.406
SitFloor_lowKeypoints,139,Sitting,Sitting,True,0.911,0.0,45.7044
SitFloor_lowKeypoints,140,Sitting,Sitting,True,0.913,0.0,56.7289
SitFloor_lowKeypoints,141,Sitting,Sitting,True,0.915,0.0,48.8784
SitFloor_lowKeypoints,142,Sitting,Sitting,True,0.915,0.0,49.3054
SitFloor_lowKeypoints,143,Sitting,Sitting,True,0.914,0.0,46.3892
SitFloor_lowKeypoints,144,Sitting,Sitting,True,0.915,0.0,41.1212
SitFloor_lowKeypoints,145,Sitting,Sitting,True,0.914,0.0,56.7518
SitFloor_lowKeypoints,146,Sitting,Sitting,True,0.914,0.0,48.2171
SitFloor_lowKeypoints,147,Sitting,Sitting,True,0.914,0.0,56.4143
SitFloor_lowKeypoints,148,Sitting,Sitting,True,0.915,0.0,56.4338
SitFloor_lowKeypoints,149,Sitting,Sitting,True,0.917,0.0,68.5642
SitFloor_lowKeypoints,150,Sitting,Sitting,True,0.917,0.0,62.9161
SitFloor_lowKeypoints,151,Sitting,Sitting,True,0.917,0.0,56.9258
SitFloor_lowKeypoints,152,Sitting,Sitting,True,0.917,0.0,58.6073
SitFloor_lowKeypoints,153,Sitting,Sitting,True,0.917,0.0,60.253
SitFloor_lowKeypoints,154,Sitting,Sitting,True,0.917,0.0,57.8606
SitFloor_lowKeypoints,155,Sitting,Sitting,True,0.916,0.0,64.6115
SitFloor_lowKeypoints,156,Sitting,Sitting,True,0.915,0.0,58.2503
SitFloor_lowKeypoints,157,Sitting,Sitting,True,0.914,0.0,61.4699
SitFloor_lowKeypoints,158,Sitting,Sitting,True,0.912,0.0,65.3905
SitFloor_lowKeypoints,159,Sitting,Sitting,True,0.912,0.0,59.5371
SitFloor_lowKeypoints,160,Sitting,Sitting,True,0.912,0.0,34.2165
SitFloor_lowKeypoints,161,Sitting,Sitting,True,0.913,0.0,54.108
SitFloor_lowKeypoints,162,Sitting,Sitting,True,0.914,0.0,45.2091
SitFloor_lowKeypoints,163,Sitting,Sitting,True,0.914,0.0,42.2043
SitFloor_lowKeypoints,164,Sitting,Sitting,True,0.918,0.0,48.2165
SitFloor_lowKeypoints,165,Sitting,Sitting,True,0.921,0.0,52.4337
SitFloor_lowKeypoints,166,Sitting,Sitting,True,0.923,0.0,45.8452
SitFloor_lowKeypoints,167,Sitting,Sitting,True,0.925,0.0,54.8299
SitFloor_lowKeypoints,168,Sitting,Sitting,True,0.926,0.0,50.0111
SitFloor_lowKeypoints,169,Sitting,Sitting,True,0.927,0.0,36.5329
SitFloor_lowKeypoints,170,Sitting,Sitting,True,0.929,0.0,55.0268
SitFloor_lowKeypoints,171,Sitting,Sitting,True,0.928,0.0,53.0378
SitFloor_lowKeypoints,172,Sitting,Sitting,True,0.928,0.0,62.801
SitFloor_lowKeypoints,173,Sitting,Sitting,True,0.927,0.0,59.2619
SitFloor_lowKeypoints,174,Sitting,Sitting,True,0.927,0.0,47.5815
SitFloor_lowKeypoints,175,Sitting,Sitting,True,0.927,0.0,50.9924
SitFloor_lowKeypoints,176,Sitting,Sitting,True,0.927,0.0,49.4322
SitFloor_lowKeypoints,177,Sitting,Sitting,True,0.926,0.0,47.6679
SitFloor_lowKeypoints,178,Sitting,Sitting,True,0.925,0.0,47.2007
SitFloor_lowKeypoints,179,Sitting,Sitting,True,0.926,0.0,57.4287
SitFloor_lowKeypoints,180,Sitting,Sitting,True,0.927,0.0,59.2001
SitFloor_lowKeypoints,181,Sitting,Sitting,True,0.927,0.0,55.2744
SitFloor_lowKeypoints,182,Sitting,Sitting,True,0.927,0.0,52.5566
SitFloor_lowKeypoints,183,Sitting,Sitting,True,0.928,0.0,52.4449
SitFloor_lowKeypoints,184,Sitting,Sitting,True,0.929,0.0,52.5449
SitFloor_lowKeypoints,185,Sitting,Sitting,True,0.931,0.0,42.7756
SitFloor_lowKeypoints,186,Sitting,Sitting,True,0.93,0.0,43.6735
SitFloor_lowKeypoints,187,Sitting,Sitting,True,0.931,0.0,33.9523
SitFloor_lowKeypoints,188,Sitting,Sitting,True,0.932,0.0,35.2221
SitFloor_lowKeypoints,189,Sitting,Sitting,True,0.934,0.0,40.4237
SitFloor_lowKeypoints,190,Sitting,Sitting,True,0.934,0.0,34.5414
SitFloor_lowKeypoints,191,Sitting,Sitting,True,0.935,0.0,41.775
SitFloor_lowKeypoints,192,Sitting,Sitting,True,0.935,0.0,37.3503
SitFloor_lowKeypoints,193,Sitting,Sitting,True,0.937,0.0,46.6176
SitFloor_lowKeypoints,194,Sitting,Sitting,True,0.938,0.0,35.6935
SitFloor_lowKeypoints,195,Sitting,Sitting,True,0.939,0.0,30.9461
SitFloor_lowKeypoints,196,Sitting,Sitting,True,0.94,0.0,34.3261
SitFloor_lowKeypoints,197,Sitting,Sitting,True,0.941,0.0,31.8981
SitFloor_lowKeypoints,198,Sitting,Sitting,True,0.941,0.0,31.6091
SitFloor_lowKeypoints,199,Sitting,Sitting,True,0.942,0.0,29.0606
SitFloor_lowKeypoints,200,Sitting,Sitting,True,0.942,0.0,27.8013
SitFloor_lowKeypoints,201,Sitting,Sitting,True,0.941,0.0,27.9103
SitFloor_lowKeypoints,202,Sitting,Sitting,True,0.941,0.0,28.2807
SitFloor_lowKeypoints,203,Sitting,Sitting,True,0.94,0.0,30.4142
SitFloor_lowKeypoints,204,,Sitting,,0.939,0.0,27.8357
SitFloor_lowKeypoints,205,,Sitting,,0.939,0.0,29.6087
SitFloor_lowKeypoints,206,,Sitting,,0.938,0.0,27.9141
SitFloor_lowKeypoints,207,,Sitting,,0.938,0.0,26.4761
SitFloor_lowKeypoints,208,,Sitting,,0.939,0.0,25.5514
SitFloor_lowKeypoints,209,,Sitting,,0.94,0.0,28.245
SitFloor_lowKeypoints,210,,Sitting,,0.94,0.0,26.1001
SitFloor_lowKeypoints,211,,Sitting,,0.941,0.0,32.7044
SitFloor_lowKeypoints,212,,Sitting,,0.942,0.0,27.5179
SitFloor_lowKeypoints,213,,Sitting,,0.942,0.0,26.7104
SitFloor_lowKeypoints,214,,Sitting,,0.941,0.0,25.994
SitFloor_lowKeypoints,215,,Sitting,,0.94,0.0,26.4357
SitFloor_lowKeypoints,216,,Sitting,,0.94,0.0,28.3254
SitFloor_lowKeypoints,217,,Sitting,,0.939,0.0,26.4015
SitFloor_lowKeypoints,218,,Sitting,,0.939,0.0,28.4453
SitFloor_lowKeypoints,219,,Sitting,,0.939,0.0,27.0227
SitFloor_lowKeypoints,220,,Sitting,,0.938,0.0,25.8642
SitFloor_lowKeypoints,221,,Sitting,,0.938,0.0,30.9884
SitFloor_lowKeypoints,222,,Sitting,,0.939,0.0,31.786
SitFloor_lowKeypoints,223,,Sitting,,0.939,0.0,39.221
SitFloor_lowKeypoints,224,,Sitting,,0.94,0.0,30.8515
SitFloor_lowKeypoints,225,,Sitting,,0.939,0.0,34.2769
SitFloor_lowKeypoints,226,,Sitting,,0.938,0.0,28.7688
SitFloor_lowKeypoints,227,,Sitting,,0.938,0.0,37.7731
SitFloor_lowKeypoints,228,,Sitting,,0.939,0.0,30.1383
SitFloor_lowKeypoints,229,,Sitting,,0.938,0.0,29.8815
SitFloor_lowKeypoints,230,,Sitting,,0.936,0.0,29.3828
SitFloor_lowKeypoints,231,,Sitting,,0.935,0.0,28.2675
SitFloor_lowKeypoints,232,,Sitting,,0.933,0.0,28.6696
SitFloor_lowKeypoints,233,,Sitting,,0.931,0.0,27.4936
SitFloor_lowKeypoints,234,,Sitting,,0.928,0.0,25.7649
SitFloor_lowKeypoints,235,,Sitting,,0.926,0.0,26.2656
SitFloor_lowKeypoints,236,,Sitting,,0.924,0.0,30.1045
SitFloor_lowKeypoints,237,,Sitting,,0.921,0.0,24.6737
SitFloor_lowKeypoints,238,,Sitting,,0.917,0.0,27.5967
SitFloor_lowKeypoints,239,,Sitting,,0.915,0.0,26.7082
SitFloor_lowKeypoints,240,,Sitting,,0.913,0.0,26.6716
SitFloor_lowKeypoints,241,,Sitting,,0.914,0.0,28.3985
SitFloor_lowKeypoints,242,,Sitting,,0.914,0.0,33.6909
SitFloor_lowKeypoints,243,,Sitting,,0.914,0.0,29.6957
SitFloor_lowKeypoints,244,,Sitting,,0.914,0.0,28.7355
SitFloor_lowKeypoints,245,,Sitting,,0.918,0.0,28.1092
SitFloor_lowKeypoints,246,,Sitting,,0.919,0.0,26.5123
SitFloor_lowKeypoints,247,,Sitting,,0.92,0.0,25.5241
SitFloor_lowKeypoints,248,,Sitting,,0.919,0.0,28.8524
SitFloor_lowKeypoints,249,,Sitting,,0.918,0.0,34.8551
SitFloor_lowKeypoints,250,,Sitting,,0.914,0.0,33.9269
SitFloor_lowKeypoints,251,,Sitting,,0.911,0.0,37.6418
SitFloor_lowKeypoints,252,,Sitting,,0.907,0.0,36.0625
SitFloor_lowKeypoints,253,,Sitting,,0.899,0.0,25.7625
SitFloor_lowKeypoints,254,,Sitting,,0.889,0.0,30.2373
SitFloor_lowKeypoints,255,,Sitting,,0.879,0.0,28.3571
SitFloor_lowKeypoints,256,,Sitting,,0.866,0.0,41.3833
SitFloor_lowKeypoints,257,,Sitting,,0.858,0.0,38.1669
SitFloor_lowKeypoints,258,,Sitting,,0.851,0.0,37.8221
SitFloor_lowKeypoints,259,,Sitting,,0.842,0.0,43.928
SitFloor_lowKeypoints,260,,Sitting,,0.836,0.0,37.687
SitFloor_lowKeypoints,261,,Sitting,,0.832,0.0,33.8437
SitFloor_lowKeypoints,262,,Sitting,,0.827,0.0,42.677
SitFloor_lowKeypoints,263,,Sitting,,0.824,0.0,44.213
SitFloor_lowKeypoints,264,,Sitting,,0.819,0.0,34.6461
SitFloor_lowKeypoints,265,,Sitting,,0.816,0.0,41.9838
SitFloor_lowKeypoints,266,,Sitting,,0.81,0.0,45.8842
SitFloor_lowKeypoints,267,,Sitting,,0.807,0.0,39.2415
SitFloor_lowKeypoints,268,,Sitting,,0.802,0.0,42.7372
SitFloor_lowKeypoints,269,,Sitting,,0.793,0.0,40.4648
SitFloor_lowKeypoints,270,,Sitting,,0.785,0.0,33.0206
SitFloor_lowKeypoints,271,,Sitting,,0.773,0.0,36.7666
SitFloor_lowKeypoints,272,,Sitting,,0.762,0.0,41.7294
SitFloor_lowKeypoints,273,,Sitting,,0.753,0.0,36.0016
SitFloor_lowKeypoints,274,,Sitting,,0.738,0.0,37.7604
SitFloor_lowKeypoints,275,,Sitting,,0.718,0.0,46.0512
SitFloor_lowKeypoints,276,,Sitting,,0.704,0.0,47.6852
SitFloor_lowKeypoints,277,,Sitting,,0.689,0.0,45.3525
SitFloor_lowKeypoints,278,,Sitting,,0.678,0.0,43.2228
SitFloor_lowKeypoints,279,,Sitting,,0.654,0.0,46.4075
SitFloor_lowKeypoints,280,,Sitting,,0.633,0.0,43.204
SitFloor_lowKeypoints,281,,Sitting,,0.616,0.0,38.5273
SitFloor_lowKeypoints,282,,Sitting,,0.598,0.0,38.5024
SitFloor_lowKeypoints,283,,Sitting,,0.574,0.0,44.4197
SitFloor_lowKeypoints,284,,Sitting,,0.55,0.0,45.4408
SitFloor_lowKeypoints,285,,Sitting,,0.522,0.0,49.9449
SitFloor_lowKeypoints,286,,Sitting,,0.515,0.0,50.2862
SitFloor_lowKeypoints,287,,Sitting,,0.499,0.0,37.5659
SitFloor_lowKeypoints,288,,Sitting,,0.479,0.0,35.8167
SitFloor_lowKeypoints,289,,Standing,,0.519,0.0,44.5397
SitFloor_lowKeypoints,290,,Standing,,0.531,0.0,36.6014
SitFloor_lowKeypoints,291,,Standing,,0.549,0.0,38.2341
SitFloor_lowKeypoints,292,,Standing,,0.571,0.0,34.0209
SitFloor_lowKeypoints,293,,Standing,,0.609,0.0,32.5378
SitFloor_lowKeypoints,294,,Standing,,0.644,0.0,47.7917
SitFloor_lowKeypoints,295,,Standing,,0.672,0.0,51.6579
SitFloor_lowKeypoints,296,,Standing,,0.699,0.0,48.1405
SitFloor_lowKeypoints,297,,Standing,,0.722,0.0,46.728
SitFloor_lowKeypoints,298,,Standing,,0.737,0.0,49.5405
SitFloor_lowKeypoints,299,,Standing,,0.742,0.0,46.235
SitFloor_lowKeypoints,300,,Standing,,0.738,0.0,34.3076
SitFloor_lowKeypoints,301,,Standing,,0.725,0.0,42.3354
SitFloor_lowKeypoints,302,,Standing,,0.708,0.0,43.2111
SitFloor_lowKeypoints,303,,Standing,,0.692,0.0,36.4928
SitFloor_lowKeypoints,304,,Standing,,0.679,0.0,33.8242
SitFloor_lowKeypoints,305,,Standing,,0.666,0.0,37.5821
SitFloor_lowKeypoints,306,,Standing,,0.656,0.0,46.3374
Sitting_HalfLandmarks,31,,Standing,,0.525,0.0,42.4074
Sitting_HalfLandmarks,32,,Standing,,0.539,0.0,40.7253
Sitting_HalfLandmarks,33,,Standing,,0.557,0.0,41.3048
Sitting_HalfLandmarks,34,,Standing,,0.575,0.0,42.0556
Sitting_HalfLandmarks,35,,Standing,,0.604,0.0,44.2013
Sitting_HalfLandmarks,36,,Standing,,0.657,0.0,37.8888
Sitting_HalfLandmarks,37,,Standing,,0.697,0.0,31.348
Sitting_HalfLandmarks,38,,Standing,,0.756,0.0,38.964
Sitting_HalfLandmarks,39,,Standing,,0.811,0.0,42.1672
Sitting_HalfLandmarks,40,,Standing,,0.859,0.0,46.8303
Sitting_HalfLandmarks,41,,Standing,,0.903,0.0,44.3529
Sitting_HalfLandmarks,42,,Standing,,0.937,0.0,55.1333
Sitting_HalfLandmarks,43,,Standing,,0.942,0.0,65.3215
Sitting_HalfLandmarks,44,,Standing,,0.942,0.0,59.843
Sitting_HalfLandmarks,45,,Standing,,0.939,0.0,65.5035
Sitting_HalfLandmarks,46,,Standing,,0.933,0.0,62.1566
Sitting_HalfLandmarks,47,,Standing,,0.925,0.0,49.2101
Sitting_HalfLandmarks,48,,Standing,,0.914,0.0,44.1903
Sitting_HalfLandmarks,49,,Standing,,0.901,0.0,38.7912
Sitting_HalfLandmarks,50,,Standing,,0.876,0.0,30.6837
Sitting_HalfLandmarks,51,,Standing,,0.849,0.0,30.7628
Sitting_HalfLandmarks,52,,Standing,,0.82,0.0,37.2161
Sitting_HalfLandmarks,53,,Standing,,0.794,0.0,42.1415
Sitting_HalfLandmarks,54,,Standing,,0.77,0.0,30.8487
Sitting_HalfLandmarks,55,,Standing,,0.748,0.0,32.2045
Sitting_HalfLandmarks,56,,Standing,,0.728,0.0,36.28
Sitting_HalfLandmarks,57,,Standing,,0.72,0.0,49.7052
Sitting_HalfLandmarks,58,,Standing,,0.717,0.0,40.5422
Sitting_HalfLandmarks,59,,Standing,,0.72,0.0,38.013
Sitting_HalfLandmarks,60,,Standing,,0.725,0.0,35.6019
Sitting_HalfLandmarks,61,,Standing,,0.736,0.0,34.9099
Sitting_HalfLandmarks,62,,Standing,,0.745,0.0,28.998
Sitting_HalfLandmarks,63,,Standing,,0.748,0.0,30.8183
Sitting_HalfLandmarks,64,,Standing,,0.751,0.0,31.5342
Sitting_HalfLandmarks,65,,Standing,,0.751,0.0,35.7856
Sitting_HalfLandmarks,66,,Standing,,0.745,0.0,33.548
Sitting_HalfLandmarks,67,,Standing,,0.735,0.0,33.9198
Sitting_HalfLandmarks,68,,Standing,,0.716,0.0,35.4203
Sitting_HalfLandmarks,69,,Standing,,0.698,0.0,35.9286
Sitting_HalfLandmarks,70,,Standing,,0.683,0.0,35.6556
Sitting_HalfLandmarks,71,,Standing,,0.666,0.0,36.8605
Sitting_HalfLandmarks,72,,Standing,,0.649,0.0,49.9483
Sitting_HalfLandmarks,73,,Standing,,0.632,0.0,30.2504
Sitting_HalfLandmarks,74,,Standing,,0.617,0.0,31.7282
Sitting_HalfLandmarks,75,,Standing,,0.602,0.0,30.9673
Sitting_HalfLandmarks,76,,Standing,,0.588,0.0,34.0438
Sitting_HalfLandmarks,77,,Standing,,0.569,0.0,29.2997
Sitting_HalfLandmarks,78,,Standing,,0.547,0.0,34.8131
Sitting_HalfLandmarks,79,,Standing,,0.525,0.0,34.3071
Sitting_HalfLandmarks,80,,Standing,,0.505,0.0,34.9542
Sitting_HalfLandmarks,81,,Standing,,0.482,0.0,37.7866
Sitting_HalfLandmarks,82,,Standing,,0.462,0.0,33.1644
Sitting_HalfLandmarks,83,,Standing,,0.444,0.0,36.1349
Sitting_HalfLandmarks,84,,Standing,,0.426,0.0,31.6039
Sitting_HalfLandmarks,85,,Standing,,0.412,0.0,29.6259
Sitting_HalfLandmarks,86,,Standing,,0.405,0.0,28.8217
Sitting_HalfLandmarks,87,Sitting,Standing,False,0.4,0.0,33.9743
Sitting_HalfLandmarks,88,Sitting,Standing,False,0.397,0.0,33.6477
Sitting_HalfLandmarks,89,Sitting,Standing,False,0.38,0.0,29.2038
Sitting_HalfLandmarks,90,Sitting,Standing,False,0.367,0.0,32.8241
Sitting_HalfLandmarks,91,Sitting,Lying,False,0.349,0.0,30.3106
Sitting_HalfLandmarks,92,Sitting,Lying,False,0.354,0.0,34.68
Sitting_HalfLandmarks,93,Sitting,Lying,False,0.362,0.0,29.1573
Sitting_HalfLandmarks,94,Sitting,Lying,False,0.363,0.0,30.0644
Sitting_HalfLandmarks,95,Sitting,Lying,False,0.371,0.0,41.8594
Sitting_HalfLandmarks,96,Sitting,Lying,False,0.371,0.0,35.6694
Sitting_HalfLandmarks,97,Sitting,Lying,False,0.367,0.0,34.0026
Sitting_HalfLandmarks,98,Sitting,Lying,False,0.366,0.0,29.0946
Sitting_HalfLandmarks,99,Sitting,Lying,False,0.361,0.0,27.2921
Sitting_HalfLandmarks,100,Sitting,Lying,False,0.354,0.0,25.8588
Sitting_HalfLandmarks,101,Sitting,Lying,False,0.356,0.0,26.9086
Sitting_HalfLandmarks,102,Sitting,Lying,False,0.356,0.0,26.4627
Sitting_HalfLandmarks,103,Sitting,Lying,False,0.353,0.0,33.5705
Sitting_HalfLandmarks,104,Sitting,Lying,False,0.357,0.0,36.2037
Sitting_HalfLandmarks,105,Sitting,Lying,False,0.357,0.0,32.5934
Sitting_HalfLandmarks,106,Sitting,Lying,False,0.361,0.0,25.6771
Sitting_HalfLandmarks,107,Sitting,Standing,False,0.39,0.0,25.6898
Sitting_HalfLandmarks,108,Sitting,Standing,False,0.403,0.0,25.0503
Sitting_HalfLandmarks,109,Sitting,Standing,False,0.421,0.0,27.5656
Sitting_HalfLandmarks,110,Sitting,Standing,False,0.454,0.0,23.8711
Sitting_HalfLandmarks,111,Sitting,Standing,False,0.47,0.0,25.289
Sitting_HalfLandmarks,112,Sitting,Standing,False,0.5,0.0,24.48
Sitting_HalfLandmarks,113,Sitting,Standing,False,0.525,0.0,23.7675
Sitting_HalfLandmarks,114,Sitting,Standing,False,0.547,0.0,24.2635
Sitting_HalfLandmarks,115,Sitting,Standing,False,0.566,0.0,26.8443
Sitting_HalfLandmarks,116,Sitting,Standing,False,0.572,0.0,27.4785
Sitting_HalfLandmarks,117,Sitting,Standing,False,0.571,0.0,24.8727
Sitting_HalfLandmarks,118,Sitting,Standing,False,0.571,0.0,23.6089
Sitting_HalfLandmarks,119,Sitting,Standing,False,0.567,0.0,21.8556
Sitting_HalfLandmarks,120,Sitting,Standing,False,0.564,0.0,22.7386
Sitting_HalfLandmarks,121,Sitting,Standing,False,0.562,0.0,22.1864
Sitting_HalfLandmarks,122,Sitting,Standing,False,0.561,0.0,22.1528
Sitting_HalfLandmarks,123,Sitting,Standing,False,0.566,0.0,21.1163
Sitting_HalfLandmarks,124,Sitting,Standing,False,0.576,0.0,21.6826
Sitting_HalfLandmarks,125,Sitting,Standing,False,0.581,0.0,24.3571
Sitting_HalfLandmarks,126,Sitting,Standing,False,0.587,0.0,21.9808
Sitting_HalfLandmarks,127,Sitting,Standing,False,0.594,0.0,22.1847
Sitting_HalfLandmarks,128,Sitting,Standing,False,0.599,0.0,21.2911
Sitting_HalfLandmarks,129,Sitting,Standing,False,0.607,0.0,24.751
Sitting_HalfLandmarks,130,Sitting,Standing,False,0.612,0.0,28.371
Sitting_HalfLandmarks,131,Sitting,Standing,False,0.617,0.0,23.0758
Sitting_HalfLandmarks,132,Sitting,Standing,False,0.626,0.0,21.512
Sitting_HalfLandmarks,133,Sitting,Standing,False,0.64,0.0,21.8371
Sitting_HalfLandmarks,134,Sitting,Standing,False,0.656,0.0,27.9353
Sitting_HalfLandmarks,135,Sitting,Standing,False,0.669,0.0,25.7018
Sitting_HalfLandmarks,136,Sitting,Standing,False,0.682,0.0,25.0469
Sitting_HalfLandmarks,137,Sitting,Standing,False,0.695,0.0,28.7118
Sitting_HalfLandmarks,138,Sitting,Standing,False,0.699,0.0,29.567
Sitting_HalfLandmarks,139,Sitting,Standing,False,0.703,0.0,33.8581
Sitting_HalfLandmarks,140,Sitting,Standing,False,0.699,0.0,32.3767
Sitting_HalfLandmarks,141,Sitting,Standing,False,0.692,0.0,35.473
Sitting_HalfLandmarks,142,Sitting,Standing,False,0.688,0.0,33.7502
Sitting_HalfLandmarks,143,Sitting,Standing,False,0.682,0.0,30.8034
Sitting_HalfLandmarks,144,Sitting,Standing,False,0.674,0.0,37.2907
Sitting_HalfLandmarks,145,Sitting,Standing,False,0.676,0.0,41.4763
Sitting_HalfLandmarks,146,Sitting,Standing,False,0.676,0.0,33.452
Sitting_HalfLandmarks,147,Sitting,Standing,False,0.679,0.0,27.1453
Sitting_HalfLandmarks,148,Sitting,Standing,False,0.682,0.0,41.1699
Sitting_HalfLandmarks,149,Sitting,Standing,False,0.683,0.0,40.97
Sitting_HalfLandmarks,150,Sitting,Standing,False,0.686,0.0,33.8733
Sitting_HalfLandmarks,151,Sitting,Standing,False,0.688,0.0,41.8175
Sitting_HalfLandmarks,152,Sitting,Standing,False,0.688,0.0,40.0959
Sitting_HalfLandmarks,153,Sitting,Standing,False,0.691,0.0,38.4402
Sitting_HalfLandmarks,154,Sitting,Standing,False,0.691,0.0,43.3504
Sitting_HalfLandmarks,155,Sitting,Standing,False,0.691,0.0,40.5224
Sitting_HalfLandmarks,156,Sitting,Standing,False,0.694,0.0,43.4328
Sitting_HalfLandmarks,157,Sitting,Standing,False,0.695,0.0,47.4434
Sitting_HalfLandmarks,158,Sitting,Standing,False,0.699,0.0,45.1284
Sitting_HalfLandmarks,159,Sitting,Standing,False,0.703,0.0,43.1421
Sitting_HalfLandmarks,160,Sitting,Standing,False,0.703,0.0,43.0521
Sitting_HalfLandmarks,161,Sitting,Standing,False,0.703,0.0,50.246
Sitting_HalfLandmarks,162,Sitting,Standing,False,0.705,0.0,60.0652
Sitting_HalfLandmarks,163,Sitting,Standing,False,0.703,0.0,53.8747
Sitting_HalfLandmarks,164,Sitting,Standing,False,0.701,0.0,54.1839
Sitting_HalfLandmarks,165,Sitting,Standing,False,0.698,0.0,63.1825
Sitting_HalfLandmarks,166,Sitting,Standing,False,0.693,0.0,55.5949
Sitting_HalfLandmarks,167,Sitting,Standing,False,0.692,0.0,76.3388
Sitting_HalfLandmarks,168,Sitting,Standing,False,0.686,0.0,59.209
Sitting_HalfLandmarks,169,Sitting,Standing,False,0.683,0.0,57.4792
Sitting_HalfLandmarks,170,Sitting,Standing,False,0.679,0.0,55.2181
Sitting_HalfLandmarks,171,Sitting,Standing,False,0.676,0.0,54.0301
Sitting_HalfLandmarks,172,Sitting,Standing,False,0.669,0.0,52.8873
Sitting_HalfLandmarks,173,Sitting,Standing,False,0.663,0.0,45.4122
Sitting_HalfLandmarks,174,Sitting,Standing,False,0.656,0.0,38.9817
Sitting_HalfLandmarks,175,,Standing,,0.652,0.0,40.3348
Sitting_HalfLandmarks,176,,Standing,,0.647,0.0,38.4701
Sitting_HalfLandmarks,177,,Standing,,0.645,0.0,33.9956
Sitting_HalfLandmarks,178,,Standing,,0.643,0.0,34.0717
Sitting_HalfLandmarks,179,,Standing,,0.647,0.0,30.1695
Sitting_HalfLandmarks,180,,Standing,,0.648,0.0,29.076
Sitting_HalfLandmarks,181,,Standing,,0.651,0.0,28.0831
Sitting_HalfLandmarks,182,,Standing,,0.654,0.0,27.1767
Sitting_HalfLandmarks,183,,Standing,,0.655,0.0,27.3441
Sitting_HalfLandmarks,184,,Standing,,0.654,0.0,28.1222
Sitting_HalfLandmarks,185,,Standing,,0.656,0.0,25.9289
Sitting_HalfLandmarks,186,,Standing,,0.658,0.0,25.2527
Sitting_HalfLandmarks,187,,Standing,,0.659,0.0,24.6871
Sitting_HalfLandmarks,188,,Standing,,0.659,0.0,24.7316
Sitting_HalfLandmarks,189,,Standing,,0.659,0.0,26.4866
Sitting_HalfLandmarks,190,,Standing,,0.66,0.0,24.3424
Sitting_HalfLandmarks,191,,Standing,,0.663,0.0,23.7639
Sitting_HalfLandmarks,192,,Standing,,0.662,0.0,22.8465
Sitting_HalfLandmarks,193,,Standing,,0.659,0.0,23.0696
Sitting_HalfLandmarks,194,,Standing,,0.656,0.0,22.9388
Sitting_HalfLandmarks,195,,Standing,,0.657,0.0,24.5065
Sitting_HalfLandmarks,196,,Standing,,0.658,0.0,30.3665
Sitting_HalfLandmarks,197,,Standing,,0.658,0.0,27.5525
Sitting_HalfLandmarks,198,,Standing,,0.658,0.0,24.1756
Sitting_HalfLandmarks,199,,Standing,,0.659,0.0,35.464
Sitting_HalfLandmarks,200,,Standing,,0.661,0.0,37.113
Sitting_HalfLandmarks,201,,Standing,,0.661,0.0,33.4336
Sitting_HalfLandmarks,202,,Standing,,0.663,0.0,38.2831
Sitting_HalfLandmarks,203,,Standing,,0.661,0.0,39.6826
Sitting_HalfLandmarks,204,,Standing,,0.662,0.0,39.6191
Sitting_HalfLandmarks,205,,Standing,,0.665,0.0,39.4178
Sitting_HalfLandmarks,206,,Standing,,0.672,0.0,31.7602
Sitting_HalfLandmarks,207,,Standing,,0.68,0.0,24.6972
Sitting_HalfLandmarks,208,,Standing,,0.685,0.0,26.1728
Sitting_HalfLandmarks,209,,Standing,,0.684,0.0,25.8742
Sitting_HalfLandmarks,210,,Standing,,0.687,0.0,25.3671
Sitting_HalfLandmarks,211,,Standing,,0.683,0.0,27.1307
Sitting_HalfLandmarks,212,,Standing,,0.681,0.0,26.5992
Sitting_HalfLandmarks,213,,Standing,,0.676,0.0,26.8593
Sitting_HalfLandmarks,214,,Standing,,0.668,0.0,24.7565
Sitting_HalfLandmarks,215,,Standing,,0.665,0.0,27.3916
Sitting_HalfLandmarks,216,,Standing,,0.665,0.0,26.3998
Sitting_HalfLandmarks,217,,Standing,,0.667,0.0,25.9878
Sitting_HalfLandmarks,218,,Standing,,0.678,0.0,28.3641
Sitting_HalfLandmarks,219,,Standing,,0.687,0.0,28.9485
Sitting_HalfLandmarks,220,,Standing,,0.703,0.0,29.6225
Sitting_HalfLandmarks,221,,Standing,,0.72,0.0,25.8083
Sitting_HalfLandmarks,222,,Standing,,0.739,0.0,25.6828
Sitting_HalfLandmarks,223,,Standing,,0.76,0.0,25.4325
Sitting_HalfLandmarks,224,,Standing,,0.781,0.0,31.5813
Sitting_Lying_FewLandmarks_back,31,,Sitting,,0.885,0.0,24.4524
Sitting_Lying_FewLandmarks_back,32,,Sitting,,0.884,0.0,27.7039
Sitting_Lying_FewLandmarks_back,33,,Sitting,,0.886,0.0,23.1581
Sitting_Lying_FewLandmarks_back,34,,Sitting,,0.886,0.0,25.569
Sitting_Lying_FewLandmarks_back,35,,Sitting,,0.887,0.0,23.6092
Sitting_Lying_FewLandmarks_back,36,,Sitting,,0.886,0.0,29.6224
Sitting_Lying_FewLandmarks_back,37,,Sitting,,0.886,0.0,25.3774
Sitting_Lying_FewLandmarks_back,38,,Sitting,,0.887,0.0,24.5432
Sitting_Lying_FewLandmarks_back,39,,Sitting,,0.887,0.0,24.7731
Sitting_Lying_FewLandmarks_back,40,,Sitting,,0.887,0.0,23.0298
Sitting_Lying_FewLandmarks_back,41,,Sitting,,0.886,0.0,23.3265
Sitting_Lying_FewLandmarks_back,42,,Sitting,,0.886,0.0,25.4679
Sitting_Lying_FewLandmarks_back,43,,Sitting,,0.885,0.0,24.907
Sitting_Lying_FewLandmarks_back,44,,Sitting,,0.885,0.0,22.4618
Sitting_Lying_FewLandmarks_back,45,,Sitting,,0.885,0.0,22.7499
Sitting_Lying_FewLandmarks_back,46,,Sitting,,0.886,0.0,24.2289
Sitting_Lying_FewLandmarks_back,47,Sitting,Sitting,True,0.886,0.0,22.1128
Sitting_Lying_FewLandmarks_back,48,Sitting,Sitting,True,0.888,0.0,21.4476
Sitting_Lying_FewLandmarks_back,49,Sitting,Sitting,True,0.89,0.0,22.1215
Sitting_Lying_FewLandmarks_back,50,Sitting,Sitting,True,0.893,0.0,21.7458
Sitting_Lying_FewLandmarks_back,51,Sitting,Sitting,True,0.896,0.0,21.79
Sitting_Lying_FewLandmarks_back,52,Sitting,Sitting,True,0.897,0.0,21.9513
Sitting_Lying_FewLandmarks_back,53,Sitting,Sitting,True,0.899,0.0,21.2167
Sitting_Lying_FewLandmarks_back,54,Sitting,Sitting,True,0.902,0.0,20.4704
Sitting_Lying_FewLandmarks_back,55,Sitting,Sitting,True,0.903,0.0,20.256
Sitting_Lying_FewLandmarks_back,56,Sitting,Sitting,True,0.905,0.0,21.3762
Sitting_Lying_FewLandmarks_back,57,Sitting,Sitting,True,0.908,0.0,25.9836
Sitting_Lying_FewLandmarks_back,58,Sitting,Sitting,True,0.912,0.0,21.5208
Sitting_Lying_FewLandmarks_back,59,Sitting,Sitting,True,0.915,0.0,21.9988
Sitting_Lying_FewLandmarks_back,60,Sitting,Sitting,True,0.919,0.0,22.8395
Sitting_Lying_FewLandmarks_back,61,Sitting,Sitting,True,0.923,0.0,21.3585
Sitting_Lying_FewLandmarks_back,62,Sitting,Sitting,True,0.927,0.0,21.6604
Sitting_Lying_FewLandmarks_back,63,Sitting,Sitting,True,0.929,0.0,21.3138
Sitting_Lying_FewLandmarks_back,64,Sitting,Sitting,True,0.931,0.0,21.8372
Sitting_Lying_FewLandmarks_back,65,Sitting,Sitting,True,0.932,0.0,26.5319
Sitting_Lying_FewLandmarks_back,66,Sitting,Sitting,True,0.933,0.0,21.3586
Sitting_Lying_FewLandmarks_back,67,Sitting,Sitting,True,0.93,0.0,21.8812
Sitting_Lying_FewLandmarks_back,68,Sitting,Sitting,True,0.926,0.0,23.4207
Sitting_Lying_FewLandmarks_back,69,Sitting,Sitting,True,0.922,0.0,22.2856
Sitting_Lying_FewLandmarks_back,70,Sitting,Sitting,True,0.918,0.0,20.1252
Sitting_Lying_FewLandmarks_back,71,Sitting,Sitting,True,0.913,0.0,20.9648
Sitting_Lying_FewLandmarks_back,72,Sitting,Sitting,True,0.909,0.0,20.8795
Sitting_Lying_FewLandmarks_back,73,Sitting,Sitting,True,0.907,0.0,23.0091
Sitting_Lying_FewLandmarks_back,74,Sitting,Sitting,True,0.904,0.0,23.3561
Sitting_Lying_FewLandmarks_back,75,Sitting,Sitting,True,0.904,0.0,23.2661
Sitting_Lying_FewLandmarks_back,76,Sitting,Sitting,True,0.905,0.0,21.6649
Sitting_Lying_FewLandmarks_back,77,Sitting,Sitting,True,0.905,0.0,22.2918
Sitting_Lying_FewLandmarks_back,78,Sitting,Sitting,True,0.905,0.0,23.0927
Sitting_Lying_FewLandmarks_back,79,Sitting,Sitting,True,0.907,0.0,23.0964
Sitting_Lying_FewLandmarks_back,80,Sitting,Sitting,True,0.907,0.0,22.5811
Sitting_Lying_FewLandmarks_back,81,Sitting,Sitting,True,0.91,0.0,34.2726
Sitting_Lying_FewLandmarks_back,82,Sitting,Sitting,True,0.913,0.0,30.0798
Sitting_Lying_FewLandmarks_back,83,Sitting,Sitting,True,0.918,0.0,34.689
Sitting_Lying_FewLandmarks_back,84,Sitting,Sitting,True,0.922,0.0,29.9774
Sitting_Lying_FewLandmarks_back,85,Sitting,Sitting,True,0.928,0.0,35.6522
Sitting_Lying_FewLandmarks_back,86,Sitting,Sitting,True,0.931,0.0,40.3025
Sitting_Lying_FewLandmarks_back,87,Sitting,Sitting,True,0.936,0.0,35.5779
Sitting_Lying_FewLandmarks_back,88,Sitting,Sitting,True,0.938,0.0,26.9876
Sitting_Lying_FewLandmarks_back,89,Sitting,Sitting,True,0.939,0.0,24.4185
Sitting_Lying_FewLandmarks_back,90,Sitting,Sitting,True,0.937,0.0,23.7856
Sitting_Lying_FewLandmarks_back,91,Sitting,Sitting,True,0.938,0.0,26.9162
Sitting_Lying_FewLandmarks_back,92,Sitting,Sitting,True,0.935,0.0,27.6778
Sitting_Lying_FewLandmarks_back,93,Sitting,Sitting,True,0.934,0.0,30.3984
Sitting_Lying_FewLandmarks_back,94,Sitting,Sitting,True,0.932,0.0,35.3587
Sitting_Lying_FewLandmarks_back,95,Sitting,Sitting,True,0.933,0.0,40.316
Sitting_Lying_FewLandmarks_back,96,Sitting,Sitting,True,0.935,0.0,38.4158
Sitting_Lying_FewLandmarks_back,97,Sitting,Sitting,True,0.936,0.0,45.3165
Sitting_Lying_FewLandmarks_back,98,Sitting,Sitting,True,0.936,0.0,36.5866
Sitting_Lying_FewLandmarks_back,99,Sitting,Sitting,True,0.937,0.0,29.6044
Sitting_Lying_FewLandmarks_back,100,Sitting,Sitting,True,0.936,0.0,31.1394
Sitting_Lying_FewLandmarks_back,101,Sitting,Sitting,True,0.935,0.0,42.1342
Sitting_Lying_FewLandmarks_back,102,Sitting,Sitting,True,0.933,0.0,36.5522
Sitting_Lying_FewLandmarks_back,103,Sitting,Sitting,True,0.93,0.0,28.3083
Sitting_Lying_FewLandmarks_back,104,Sitting,Sitting,True,0.927,0.0,29.0507
Sitting_Lying_FewLandmarks_back,105,Sitting,Sitting,True,0.924,0.0,27.8619
Sitting_Lying_FewLandmarks_back,106,Sitting,Sitting,True,0.923,0.0,29.9772
Sitting_Lying_FewLandmarks_back,107,Sitting,Sitting,True,0.922,0.0,29.3386
Sitting_Lying_FewLandmarks_back,108,Sitting,Sitting,True,0.919,0.0,30.3212
Sitting_Lying_FewLandmarks_back,109,Sitting,Sitting,True,0.916,0.0,27.3115
Sitting_Lying_FewLandmarks_back,110,Sitting,Sitting,True,0.914,0.0,32.5645
Sitting_Lying_FewLandmarks_back,111,Sitting,Sitting,True,0.914,0.0,30.4808
Sitting_Lying_FewLandmarks_back,112,Sitting,Sitting,True,0.911,0.0,26.9598
Sitting_Lying_FewLandmarks_back,113,Sitting,Sitting,True,0.91,0.0,29.8102
Sitting_Lying_FewLandmarks_back,114,Sitting,Sitting,True,0.907,0.0,31.7401
Sitting_Lying_FewLandmarks_back,115,Sitting,Sitting,True,0.907,0.0,24.7744
Sitting_Lying_FewLandmarks_back,116,Sitting,Sitting,True,0.907,0.0,29.4351
Sitting_Lying_FewLandmarks_back,117,Sitting,Sitting,True,0.907,0.0,27.7641
Sitting_Lying_FewLandmarks_back,118,Sitting,Sitting,True,0.906,0.0,43.3067
Sitting_Lying_FewLandmarks_back,119,Sitting,Sitting,True,0.906,0.0,39.1377
Sitting_Lying_FewLandmarks_back,120,Sitting,Sitting,True,0.905,0.0,26.3932
Sitting_Lying_FewLandmarks_back,121,Sitting,Sitting,True,0.906,0.0,35.4945
Sitting_Lying_FewLandmarks_back,122,Sitting,Sitting,True,0.905,0.0,28.6118
Sitting_Lying_FewLandmarks_back,123,Sitting,Sitting,True,0.905,0.0,34.7703
Sitting_Lying_FewLandmarks_back,124,Sitting,Sitting,True,0.904,0.0,31.6191
Sitting_Lying_FewLandmarks_back,125,Sitting,Sitting,True,0.903,0.0,31.3943
Sitting_Lying_FewLandmarks_back,126,Sitting,Sitting,True,0.901,0.0,27.8934
Sitting_Lying_FewLandmarks_back,127,Sitting,Sitting,True,0.9,0.0,35.5456
Sitting_Lying_FewLandmarks_back,128,Sitting,Sitting,True,0.899,0.0,36.5917
Sitting_Lying_FewLandmarks_back,129,Sitting,Sitting,True,0.899,0.0,41.8722
Sitting_Lying_FewLandmarks_back,130,Sitting,Sitting,True,0.9,0.0,28.4113
Sitting_Lying_FewLandmarks_back,131,Sitting,Sitting,True,0.902,0.0,31.3568
Sitting_Lying_FewLandmarks_back,132,Sitting,Sitting,True,0.906,0.0,32.5893
Sitting_Lying_FewLandmarks_back,133,Sitting,Sitting,True,0.91,0.0,35.1427
Sitting_Lying_FewLandmarks_back,134,Sitting,Sitting,True,0.912,0.0,31.3378
Sitting_Lying_FewLandmarks_back,135,Sitting,Sitting,True,0.914,0.0,38.4341
Sitting_Lying_FewLandmarks_back,136,Sitting,Sitting,True,0.916,0.0,30.9808
Sitting_Lying_FewLandmarks_back,137,Sitting,Sitting,True,0.919,0.0,34.0959
Sitting_Lying_FewLandmarks_back,138,Sitting,Sitting,True,0.921,0.0,25.9866
Sitting_Lying_FewLandmarks_back,139,Sitting,Sitting,True,0.923,0.0,29.2243
Sitting_Lying_FewLandmarks_back,140,Sitting,Sitting,True,0.925,0.0,28.8345
Sitting_Lying_FewLandmarks_back,141,Sitting,Sitting,True,0.927,0.0,26.7684
Sitting_Lying_FewLandmarks_back,142,Sitting,Sitting,True,0.929,0.0,33.7558
Sitting_Lying_FewLandmarks_back,143,Sitting,Sitting,True,0.928,0.0,27.7606
Sitting_Lying_FewLandmarks_back,144,Sitting,Sitting,True,0.93,0.0,26.8248
Sitting_Lying_FewLandmarks_back,145,Sitting,Sitting,True,0.929,0.0,27.5999
Sitting_Lying_FewLandmarks_back,146,Sitting,Sitting,True,0.93,0.0,25.8307
Sitting_Lying_FewLandmarks_back,147,Sitting,Sitting,True,0.928,0.0,25.4163
Sitting_Lying_FewLandmarks_back,148,,Sitting,,0.927,0.0,25.9795
Sitting_Lying_FewLandmarks_back,149,,Sitting,,0.927,0.0,25.8587
Sitting_Lying_FewLandmarks_back,150,,Sitting,,0.931,0.0,27.9656
Sitting_Lying_FewLandmarks_back,151,,Sitting,,0.93,0.0,28.2234
Sitting_Lying_FewLandmarks_back,152,,Sitting,,0.931,0.0,26.5884
Sitting_Lying_FewLandmarks_back,153,,Sitting,,0.931,0.0,26.5942
Sitting_Lying_FewLandmarks_back,154,,Sitting,,0.931,0.0,32.6802
Sitting_Lying_FewLandmarks_back,155,,Sitting,,0.933,0.0,30.0721
Sitting_Lying_FewLandmarks_back,156,,Sitting,,0.934,0.0,26.5942
Sitting_Lying_FewLandmarks_back,157,,Sitting,,0.934,0.0,25.5275
Sitting_Lying_FewLandmarks_back,158,,Sitting,,0.935,0.0,40.1776
Sitting_Lying_FewLandmarks_back,159,,Sitting,,0.935,0.0,33.5164
Sitting_Lying_FewLandmarks_back,160,,Sitting,,0.935,0.0,45.7451
Sitting_Lying_FewLandmarks_back,161,,Sitting,,0.938,0.0,44.9322
Sitting_Lying_FewLandmarks_back,162,,Sitting,,0.94,0.0,60.7975
Sitting_Lying_FewLandmarks_back,163,,Sitting,,0.942,0.0,54.4573
Sitting_Lying_FewLandmarks_back,164,,Sitting,,0.943,0.0,61.6421
Sitting_Lying_FewLandmarks_back,165,,Sitting,,0.944,0.0,46.4133
Sitting_Lying_FewLandmarks_back,166,,Sitting,,0.946,0.0,42.8398
Sitting_Lying_FewLandmarks_back,167,,Sitting,,0.947,0.0,33.0613
Sitting_Lying_FewLandmarks_back,168,,Sitting,,0.948,0.0,29.2772
Sitting_Lying_FewLandmarks_back,169,,Sitting,,0.947,0.0,32.2236
Sitting_Lying_FewLandmarks_back,170,,Sitting,,0.946,0.0,37.1441
Sitting_Lying_FewLandmarks_back,171,,Sitting,,0.945,0.0,30.2345
Sitting_Lying_FewLandmarks_back,172,,Sitting,,0.944,0.0,31.4476
Sitting_Lying_FewLandmarks_back,173,,Sitting,,0.943,0.0,35.4789
Sitting_Lying_FewLandmarks_back,174,,Sitting,,0.943,0.0,32.5345
Sitting_Lying_FewLandmarks_back,175,,Sitting,,0.941,0.0,34.0623
Sitting_Lying_FewLandmarks_back,176,,Sitting,,0.939,0.0,32.0337
Sitting_Lying_FewLandmarks_back,177,,Sitting,,0.939,0.0,45.704
Sitting_Lying_FewLandmarks_back,178,,Sitting,,0.938,0.0,31.9412
Sitting_Lying_FewLandmarks_back,179,,Sitting,,0.936,0.0,50.5502
Sitting_Lying_FewLandmarks_back,180,,Sitting,,0.936,0.0,38.4112
Sitting_Lying_FewLandmarks_back,181,,Sitting,,0.936,0.0,35.4915
Sitting_Lying_FewLandmarks_back,182,,Sitting,,0.935,0.0,48.0004
Sitting_Lying_FewLandmarks_back,183,,Sitting,,0.935,0.0,44.1326
Sitting_Lying_FewLandmarks_back,184,,Sitting,,0.933,0.0,41.0017
Sitting_Lying_FewLandmarks_back,185,,Sitting,,0.934,0.0,40.0355
Sitting_Lying_FewLandmarks_back,186,,Sitting,,0.935,0.0,37.5519
Sitting_Lying_FewLandmarks_back,187,,Sitting,,0.933,0.0,35.8567
Sitting_Lying_FewLandmarks_back,188,,Sitting,,0.931,0.0,32.5462
Sitting_Lying_FewLandmarks_back,189,,Sitting,,0.931,0.0,33.8784
Sitting_Lying_FewLandmarks_back,190,,Sitting,,0.929,0.0,35.1208
Sitting_Lying_FewLandmarks_back,191,,Sitting,,0.928,0.0,40.8581
Sitting_Lying_FewLandmarks_back,192,,Sitting,,0.927,0.0,34.6969
Sitting_Lying_FewLandmarks_back,193,,Sitting,,0.925,0.0,33.703
Sitting_Lying_FewLandmarks_back,194,,Sitting,,0.925,0.0,30.5382
Sitting_Lying_FewLandmarks_back,195,,Sitting,,0.926,0.0,29.3911
Sitting_Lying_FewLandmarks_back,196,,Sitting,,0.927,0.0,30.4288
Sitting_Lying_FewLandmarks_back,197,,Sitting,,0.928,0.0,29.6395
Sitting_Lying_FewLandmarks_back,198,,Sitting,,0.928,0.0,30.1183
Sitting_Lying_FewLandmarks_back,199,,Sitting,,0.93,0.0,29.5681
Sitting_Lying_FewLandmarks_back,200,,Sitting,,0.93,0.0,32.6757
Sitting_Lying_FewLandmarks_back,201,,Sitting,,0.923,0.0,29.4214
Sitting_Lying_FewLandmarks_back,202,,Sitting,,0.914,0.0,35.0992
Sitting_Lying_FewLandmarks_back,203,,Sitting,,0.898,0.0,47.7174
Sitting_Lying_FewLandmarks_back,204,,Sitting,,0.873,0.0,36.5351
Sitting_Lying_FewLandmarks_back,205,,Sitting,,0.847,0.0,28.1916
Sitting_Lying_FewLandmarks_back,206,,Sitting,,0.813,0.0,26.7878
Sitting_Lying_FewLandmarks_back,207,Lying,Sitting,False,0.779,0.0,25.2974
Sitting_Lying_FewLandmarks_back,208,Lying,Sitting,False,0.745,0.0,28.4875
Sitting_Lying_FewLandmarks_back,209,Lying,Sitting,False,0.713,0.0,26.5645
Sitting_Lying_FewLandmarks_back,210,Lying,Sitting,False,0.683,0.0,26.9467
Sitting_Lying_FewLandmarks_back,211,Lying,Sitting,False,0.659,0.0,31.065
Sitting_Lying_FewLandmarks_back,212,Lying,Sitting,False,0.636,0.0,25.3644
Sitting_Lying_FewLandmarks_back,213,Lying,Sitting,False,0.621,0.0,26.4519
Sitting_Lying_FewLandmarks_back,214,Lying,Sitting,False,0.604,0.0,33.0421
Sitting_Lying_FewLandmarks_back,215,Lying,Sitting,False,0.588,0.0,30.913
Sitting_Lying_FewLandmarks_back,216,Lying,Sitting,False,0.571,0.0,30.0918
Sitting_Lying_FewLandmarks_back,217,Lying,Sitting,False,0.558,0.0,25.7915
Sitting_Lying_FewLandmarks_back,218,Lying,Sitting,False,0.548,0.0,28.3901
Sitting_Lying_FewLandmarks_back,219,Lying,Sitting,False,0.536,0.0,32.7475
Sitting_Lying_FewLandmarks_back,220,Lying,Sitting,False,0.519,0.0,25.7446
Sitting_Lying_FewLandmarks_back,221,Lying,Sitting,False,0.509,0.0,24.4449
Sitting_Lying_FewLandmarks_back,222,Lying,Sitting,False,0.501,0.0,26.1478
Sitting_Lying_FewLandmarks_back,223,Lying,Sitting,False,0.494,0.0,27.753
Sitting_Lying_FewLandmarks_back,224,Lying,Sitting,False,0.486,0.0,26.5999
Sitting_Lying_FewLandmarks_back,225,Lying,Sitting,False,0.474,0.0,38.0977
Sitting_Lying_FewLandmarks_back,226,Lying,Sitting,False,0.462,0.0,36.6979
Sitting_Lying_FewLandmarks_back,227,Lying,Sitting,False,0.454,0.0,26.2286
Sitting_Lying_FewLandmarks_back,228,Lying,Sitting,False,0.443,0.0,24.5465
Sitting_Lying_FewLandmarks_back,229,Lying,Sitting,False,0.428,0.0,22.9364
Sitting_Lying_FewLandmarks_back,230,Lying,Sitting,False,0.415,0.0,23.5238
Sitting_Lying_FewLandmarks_back,231,Lying,Sitting,False,0.402,0.0,24.6045
Sitting_Lying_FewLandmarks_back,232,Lying,Sitting,False,0.388,0.0,23.713
Sitting_Lying_FewLandmarks_back,233,Lying,Sitting,False,0.382,0.0,24.5999
Sitting_Lying_FewLandmarks_back,234,Lying,Sitting,False,0.374,0.0,24.8195
Sitting_Lying_FewLandmarks_back,235,Lying,Sitting,False,0.365,0.0,23.5111
Sitting_Lying_FewLandmarks_back,236,Lying,Lying,True,0.371,0.0,21.9199
Sitting_Lying_FewLandmarks_back,237,Lying,Lying,True,0.378,0.0,24.7706
Sitting_Lying_FewLandmarks_back,238,Lying,Lying,True,0.384,0.0,23.4606
Sitting_Lying_FewLandmarks_back,239,Lying,Lying,True,0.391,0.0,27.82
Sitting_Lying_FewLandmarks_back,240,Lying,Lying,True,0.409,0.0,33.1659
Sitting_Lying_FewLandmarks_back,241,Lying,Lying,True,0.423,0.0,32.9315
Sitting_Lying_FewLandmarks_back,242,Lying,Lying,True,0.436,0.0,34.596
Sitting_Lying_FewLandmarks_back,243,Lying,Lying,True,0.453,0.0,26.3361
Sitting_Lying_FewLandmarks_back,244,Lying,Lying,True,0.473,0.0,32.1655
Sitting_Lying_FewLandmarks_back,245,Lying,Lying,True,0.496,0.0,34.5455
Sitting_Lying_FewLandmarks_back,246,Lying,Lying,True,0.517,0.0,24.7972
Sitting_Lying_FewLandmarks_back,247,Lying,Lying,True,0.537,0.0,21.5717
Sitting_Lying_FewLandmarks_back,248,Lying,Lying,True,0.554,0.0,24.5939
Sitting_Lying_FewLandmarks_back,249,Lying,Lying,True,0.569,0.0,25.9102
Sitting_Lying_FewLandmarks_back,250,Lying,Lying,True,0.579,0.0,35.1114
Sitting_Lying_FewLandmarks_back,251,Lying,Lying,True,0.586,0.0,25.5404
Sitting_Lying_FewLandmarks_back,252,Lying,Lying,True,0.588,0.0,33.8043
Sitting_Lying_FewLandmarks_back,253,Lying,Lying,True,0.59,0.0,68.4103
Sitting_Lying_FewLandmarks_back,254,Lying,Lying,True,0.592,0.0,38.2979
Sitting_Lying_FewLandmarks_back,255,Lying,Lying,True,0.592,0.0,42.8171
Sitting_Lying_FewLandmarks_back,256,Lying,Lying,True,0.594,0.0,35.0124
Sitting_Lying_FewLandmarks_back,257,Lying,Lying,True,0.593,0.0,35.2234
Sitting_Lying_FewLandmarks_back,258,Lying,Lying,True,0.593,0.0,36.8558
Sitting_Lying_FewLandmarks_back,259,Lying,Lying,True,0.594,0.0,37.6447
Sitting_Lying_FewLandmarks_back,260,Lying,Lying,True,0.594,0.0,40.0287
Sitting_Lying_FewLandmarks_back,261,Lying,Lying,True,0.592,0.0,40.76
Sitting_Lying_FewLandmarks_back,262,Lying,Lying,True,0.594,0.0,38.1562
Sitting_Lying_FewLandmarks_back,263,Lying,Lying,True,0.592,0.0,41.1494
Sitting_Lying_FewLandmarks_back,264,Lying,Lying,True,0.59,0.0,29.1654
Sitting_Lying_FewLandmarks_back,265,Lying,Lying,True,0.589,0.0,33.6802
Sitting_Lying_FewLandmarks_back,266,Lying,Lying,True,0.587,0.0,34.3672
Sitting_Lying_FewLandmarks_back,267,Lying,Lying,True,0.585,0.0,42.4051
Sitting_Lying_FewLandmarks_back,268,Lying,Lying,True,0.586,0.0,46.0786
Sitting_Lying_FewLandmarks_back,269,Lying,Lying,True,0.584,0.0,41.0652
Sitting_Lying_FewLandmarks_back,270,Lying,Lying,True,0.584,0.0,40.6458
Sitting_Lying_FewLandmarks_back,271,Lying,Lying,True,0.587,0.0,37.6594
Sitting_Lying_FewLandmarks_back,272,Lying,Lying,True,0.587,0.0,50.2472
Sitting_Lying_FewLandmarks_back,273,Lying,Lying,True,0.587,0.0,48.2744
Sitting_Lying_FewLandmarks_back,274,Lying,Lying,True,0.586,0.0,40.8893
Sitting_Lying_FewLandmarks_back,275,Lying,Lying,True,0.586,0.0,46.3642
Sitting_Lying_FewLandmarks_back,276,Lying,Lying,True,0.587,0.0,60.3528
Sitting_Lying_FewLandmarks_back,277,Lying,Lying,True,0.586,0.0,77.042
Sitting_Lying_FewLandmarks_back,278,Lying,Lying,True,0.585,0.0,73.7666
Sitting_Lying_FewLandmarks_back,279,Lying,Lying,True,0.585,0.0,46.8128
Sitting_Lying_FewLandmarks_back,280,Lying,Lying,True,0.586,0.0,40.7151
Sitting_Lying_FewLandmarks_back,281,Lying,Lying,True,0.587,0.0,48.1651
Sitting_Lying_FewLandmarks_back,282,Lying,Lying,True,0.586,0.0,40.5637
Sitting_Lying_FewLandmarks_back,283,Lying,Lying,True,0.586,0.0,50.0125
Sitting_Lying_FewLandmarks_back,284,Lying,Lying,True,0.588,0.0,52.6307
Sitting_Lying_FewLandmarks_back,285,Lying,Lying,True,0.587,0.0,46.6296
Sitting_Lying_FewLandmarks_back,286,Lying,Lying,True,0.586,0.0,37.8197
Sitting_Lying_FewLandmarks_back,287,Lying,Lying,True,0.586,0.0,43.8241
Sitting_Lying_FewLandmarks_back,288,Lying,Lying,True,0.585,0.0,34.3576
Sitting_Lying_FewLandmarks_back,289,Lying,Lying,True,0.587,0.0,33.8666
Sitting_Lying_FewLandmarks_back,290,Lying,Lying,True,0.587,0.0,37.8072
Sitting_Lying_FewLandmarks_back,291,Lying,Lying,True,0.587,0.0,38.0515
Sitting_Lying_FewLandmarks_back,292,Lying,Lying,True,0.587,0.0,41.4556
Sitting_Lying_FewLandmarks_back,293,Lying,Lying,True,0.589,0.0,30.2691
Sitting_Lying_FewLandmarks_back,294,Lying,Lying,True,0.589,0.0,40.4112
Sitting_Lying_FewLandmarks_back,295,Lying,Lying,True,0.589,0.0,53.6631
Sitting_Lying_FewLandmarks_back,296,Lying,Lying,True,0.588,0.0,42.3696
Sitting_Lying_FewLandmarks_back,297,Lying,Lying,True,0.589,0.0,37.8728
Sitting_Lying_FewLandmarks_back,298,Lying,Lying,True,0.589,0.0,41.5716
Sitting_Lying_FewLandmarks_back,299,Lying,Lying,True,0.59,0.0,36.6785
Sitting_Lying_FewLandmarks_back,300,Lying,Lying,True,0.587,0.0,40.8397
Sitting_Lying_FewLandmarks_back,301,Lying,Lying,True,0.586,0.0,49.4587
Sitting_Lying_FewLandmarks_back,302,Lying,Lying,True,0.586,0.0,41.9073
Sitting_Lying_FewLandmarks_back,303,Lying,Lying,True,0.586,0.0,46.6948
Sitting_Lying_FewLandmarks_back,304,Lying,Lying,True,0.586,0.0,42.5101
Sitting_Lying_FewLandmarks_back,305,Lying,Lying,True,0.584,0.0,49.1353
Sitting_Lying_FewLandmarks_back,306,Lying,Lying,True,0.585,0.0,31.2024
Sitting_Lying_FewLandmarks_back,307,Lying,Lying,True,0.584,0.0,30.0944
Sitting_Lying_FewLandmarks_back,308,Lying,Lying,True,0.586,0.0,44.5795
Sitting_Lying_FewLandmarks_back,309,Lying,Lying,True,0.584,0.0,50.9958
Sitting_Lying_FewLandmarks_back,310,Lying,Lying,True,0.585,0.0,43.9336
Sitting_Lying_FewLandmarks_back,311,Lying,Lying,True,0.583,0.0,48.8039
Sitting_Lying_FewLandmarks_back,312,Lying,Lying,True,0.584,0.0,52.2326
Sitting_Lying_FewLandmarks_back,313,Lying,Lying,True,0.58,0.0,46.1476
Sitting_Lying_FewLandmarks_back,314,Lying,Lying,True,0.582,0.0,43.9463
Sitting_Lying_FewLandmarks_back,315,Lying,Lying,True,0.581,0.0,38.0534
Sitting_Lying_FewLandmarks_back,316,Lying,Lying,True,0.582,0.0,55.942
Sitting_Lying_FewLandmarks_back,317,Lying,Lying,True,0.581,0.0,37.9313
Sitting_Lying_FewLandmarks_back,318,Lying,Lying,True,0.582,0.0,35.6014
Sitting_Lying_FewLandmarks_back,319,Lying,Lying,True,0.582,0.0,39.3126
Sitting_Lying_FewLandmarks_back,320,Lying,Lying,True,0.583,0.0,46.512
Sitting_Lying_FewLandmarks_back,321,Lying,Lying,True,0.584,0.0,52.647
Sitting_Lying_FewLandmarks_back,322,Lying,Lying,True,0.584,0.0,49.2713
Sitting_Lying_FewLandmarks_back,323,Lying,Lying,True,0.586,0.0,40.6032
Sitting_Lying_FewLandmarks_back,324,Lying,Lying,True,0.585,0.0,48.7189
Sitting_Lying_FewLandmarks_back,325,Lying,Lying,True,0.586,0.0,31.92
Sitting_Lying_FewLandmarks_back,326,,Lying,,0.586,0.0,39.5387
Sitting_Lying_FewLandmarks_back,327,,Lying,,0.589,0.0,35.4137
Sitting_Lying_FewLandmarks_back,328,,Lying,,0.589,0.0,45.4591
Sitting_Lying_FewLandmarks_back,329,,Lying,,0.591,0.0,44.0903
Sitting_Lying_FewLandmarks_back,330,,Lying,,0.591,0.0,38.9551
Sitting_Lying_FewLandmarks_back,331,,Lying,,0.594,0.0,40.8374
Sitting_Lying_FewLandmarks_back,332,,Lying,,0.592,0.0,47.2699
Sitting_Lying_FewLandmarks_back,333,,Lying,,0.593,0.0,41.038
Sitting_Lying_FewLandmarks_back,334,,Lying,,0.591,0.0,36.5871
Sitting_Lying_FewLandmarks_back,335,,Lying,,0.588,0.0,48.9246
Sitting_Lying_FewLandmarks_back,336,,Lying,,0.587,0.0,52.2679
Sitting_Lying_FewLandmarks_back,337,,Lying,,0.586,0.0,38.8913
Sitting_Lying_FewLandmarks_back,338,,Lying,,0.583,0.0,39.4385
Sitting_Lying_FewLandmarks_back,339,,Lying,,0.584,0.0,35.2633
Sitting_Lying_FewLandmarks_back,340,,Lying,,0.583,0.0,50.5616
Sitting_Lying_FewLandmarks_back,341,,Lying,,0.583,0.0,44.2693
Sitting_Lying_FewLandmarks_back,342,,Lying,,0.584,0.0,46.7189
Sitting_Lying_FewLandmarks_back,343,,Lying,,0.586,0.0,50.1602
Sitting_Lying_FewLandmarks_back,344,,Lying,,0.586,0.0,39.9563
Sitting_Lying_FewLandmarks_back,345,,Lying,,0.588,0.0,45.8591
Sitting_Lying_FewLandmarks_back,346,,Lying,,0.589,0.0,33.5455
Sitting_Lying_FewLandmarks_back,347,,Lying,,0.589,0.0,42.137
Sitting_Lying_FewLandmarks_back,348,,Lying,,0.589,0.0,49.5154
Sitting_Lying_FewLandmarks_back,349,,Lying,,0.588,0.0,40.57
Sitting_Lying_FewLandmarks_back,350,,Lying,,0.585,0.0,38.7783
Sitting_Lying_FewLandmarks_back,351,,Lying,,0.579,0.0,43.0766
Sitting_Lying_FewLandmarks_back,352,,Lying,,0.574,0.0,47.7213
Sitting_Lying_FewLandmarks_back,353,,Lying,,0.566,0.0,46.9391
Sitting_Lying_FewLandmarks_back,354,,Lying,,0.554,0.0,46.8671
Sitting_Lying_FewLandmarks_back,355,,Lying,,0.54,0.0,46.073
Sitting_Lying_FewLandmarks_back,356,,Lying,,0.524,0.0,44.8584
Sitting_Lying_FewLandmarks_back,357,,Lying,,0.505,0.0,47.0277
Sitting_Lying_FewLandmarks_back,358,,Lying,,0.486,0.0,51.9331
Sitting_Lying_FewLandmarks_back,359,,Lying,,0.462,0.0,50.342
Sitting_Lying_FewLandmarks_back,360,,Lying,,0.443,0.0,38.7607
Sitting_Lying_FewLandmarks_back,361,,Lying,,0.425,0.0,38.4977
Sitting_Lying_FewLandmarks_back,362,,Lying,,0.415,0.0,49.0802
Sitting_Lying_FewLandmarks_back,363,,Lying,,0.405,0.0,42.8967
Sitting_Lying_FewLandmarks_back,364,,Lying,,0.388,0.0,40.6075
Sitting_Lying_FewLandmarks_back,365,,Lying,,0.374,0.0,45.1044
Sitting_Lying_FewLandmarks_back,366,,Lying,,0.369,0.0,48.7104
Sitting_Lying_FewLandmarks_back,367,,Lying,,0.355,0.0,50.044
Sitting_Lying_FewLandmarks_back,368,,Lying,,0.345,0.0,36.3856
Sitting_Lying_FewLandmarks_back,369,,Lying,,0.345,0.0,35.4905
Sitting_Lying_FewLandmarks_back,370,,Lying,,0.344,0.0,42.2711
Sitting_Lying_FewLandmarks_back,371,,Lying,,0.341,0.0,51.5226
Sitting_Lying_FewLandmarks_back,372,,Sitting,,0.356,0.0,53.0041
Sitting_Lying_FewLandmarks_back,373,,Sitting,,0.366,0.0,54.0791
Sitting_Lying_FewLandmarks_back,374,,Sitting,,0.374,0.0,41.6608
Sitting_Lying_FewLandmarks_back,375,,Sitting,,0.379,0.0,35.5744
Sitting_Lying_FewLandmarks_back,376,,Sitting,,0.39,0.0,49.5604
Sitting_Lying_FewLandmarks_back,377,,Sitting,,0.392,0.0,46.0496
Sitting_Lying_FewLandmarks_back,378,,Sitting,,0.399,0.0,44.4232
Sitting_Lying_FewLandmarks_back,379,,Sitting,,0.405,0.0,36.9235
Sitting_Lying_FewLandmarks_back,380,,Sitting,,0.414,0.0,45.8923
Sitting_Lying_FewLandmarks_back,381,,Sitting,,0.421,0.0,56.0798
Sitting_Lying_FewLandmarks_back,382,,Sitting,,0.427,0.0,54.8252
Sitting_Lying_FewLandmarks_back,383,,Sitting,,0.433,0.0,57.8402
Sitting_Lying_FewLandmarks_back,384,,Sitting,,0.443,0.0,62.9965
Sitting_Lying_FewLandmarks_back,385,,Sitting,,0.451,0.0,56.236
Sitting_Lying_FewLandmarks_back,386,,Sitting,,0.463,0.0,34.2442
Sitting_Lying_FewLandmarks_back,387,,Sitting,,0.472,0.0,45.4097
Sitting_Lying_FewLandmarks_back,388,,Sitting,,0.486,0.0,44.443
Sitting_Lying_FewLandmarks_back,389,,Sitting,,0.508,0.0,43.4129
Sitting_Lying_FewLandmarks_back,390,,Sitting,,0.535,0.0,37.9439
Sitting_Lying_FewLandmarks_back,391,,Sitting,,0.563,0.0,47.4198
Sitting_Lying_FewLandmarks_back,392,,Sitting,,0.598,0.0,53.6817
Sitting_Lying_FewLandmarks_back,393,,Sitting,,0.633,0.0,61.4277
Sitting_Lying_FewLandmarks_back,394,,Sitting,,0.671,0.0,52.7952
Sitting_Lying_FewLandmarks_back,395,,Sitting,,0.705,0.0,56.9534
Sitting_Lying_FewLandmarks_back,396,,Sitting,,0.735,0.0,58.6267
Sitting_Lying_FewLandmarks_back,397,,Sitting,,0.759,0.0,57.8633
Sitting_Lying_FewLandmarks_back,398,,Sitting,,0.784,0.0,57.521
Sitting_Lying_FewLandmarks_back,399,,Sitting,,0.804,0.0,55.3711
Sitting_Lying_FewLandmarks_back,400,,Sitting,,0.819,0.0,62.6512
Sitting_Lying_FewLandmarks_back,401,,Sitting,,0.835,0.0,62.3499
Sitting_Lying_FewLandmarks_back,402,,Sitting,,0.849,0.0,54.0362
Sitting_Lying_FewLandmarks_back,403,,Sitting,,0.861,0.0,40.7159
Sitting_Lying_FewLandmarks_back,404,,Sitting,,0.873,0.0,54.7543
Sitting_Lying_FewLandmarks_back,405,,Sitting,,0.882,0.0,56.8593
Sitting_Lying_FewLandmarks_back,406,,Sitting,,0.889,0.0,54.9343
Sitting_Lying_FewLandmarks_back,407,,Sitting,,0.895,0.0,66.3852
Sitting_Lying_FewLandmarks_back,408,,Sitting,,0.899,0.0,68.4672
Sitting_Lying_FewLandmarks_back,409,,Sitting,,0.903,0.0,73.8182
Sitting_Lying_FewLandmarks_back,410,,Sitting,,0.905,0.0,67.5925
Sitting_Lying_FewLandmarks_back,411,,Sitting,,0.907,0.0,46.8572
Sitting_Lying_FewLandmarks_back,412,,Sitting,,0.909,0.0,44.1673
Sitting_Lying_FewLandmarks_back,413,,Sitting,,0.911,0.0,48.5716
Sitting_Lying_FewLandmarks_back,414,,Sitting,,0.913,0.0,47.5842
Sitting_Lying_FewLandmarks_back,415,Sitting,Sitting,True,0.914,0.0,58.4015
Sitting_Lying_FewLandmarks_back,416,Sitting,Sitting,True,0.915,0.0,61.7461
Sitting_Lying_FewLandmarks_back,417,Sitting,Sitting,True,0.915,0.0,57.0837
Sitting_Lying_FewLandmarks_back,418,Sitting,Sitting,True,0.918,0.0,60.7114
Sitting_Lying_FewLandmarks_back,419,Sitting,Sitting,True,0.921,0.0,63.4065
Sitting_Lying_FewLandmarks_back,420,Sitting,Sitting,True,0.923,0.0,48.569
Sitting_Lying_FewLandmarks_back,421,Sitting,Sitting,True,0.925,0.0,64.1056
Sitting_Lying_FewLandmarks_back,422,Sitting,Sitting,True,0.926,0.0,62.9435
Sitting_Lying_FewLandmarks_back,423,Sitting,Sitting,True,0.928,0.0,63.6684
Sitting_Lying_FewLandmarks_back,424,Sitting,Sitting,True,0.929,0.0,52.3378
Sitting_Lying_FewLandmarks_back,425,Sitting,Sitting,True,0.928,0.0,56.8181
Sitting_Lying_FewLandmarks_back,426,Sitting,Sitting,True,0.927,0.0,44.5463
Sitting_Lying_FewLandmarks_back,427,Sitting,Sitting,True,0.926,0.0,39.4831
Sitting_Lying_FewLandmarks_back,428,Sitting,Sitting,True,0.926,0.0,42.6323
Sitting_Lying_FewLandmarks_back,429,Sitting,Sitting,True,0.926,0.0,45.9961
Sitting_Lying_FewLandmarks_back,430,Sitting,Sitting,True,0.926,0.0,52.0777
Sitting_Lying_FewLandmarks_back,431,Sitting,Sitting,True,0.926,0.0,53.234
Sitting_Lying_FewLandmarks_back,432,Sitting,Sitting,True,0.928,0.0,46.7257
Sitting_Lying_FewLandmarks_back,433,Sitting,Sitting,True,0.929,0.0,41.9052
Sitting_Lying_FewLandmarks_back,434,Sitting,Sitting,True,0.931,0.0,44.9083
Sitting_Lying_FewLandmarks_back,435,Sitting,Sitting,True,0.931,0.0,46.3228
Sitting_Lying_FewLandmarks_back,436,Sitting,Sitting,True,0.934,0.0,54.4165
Sitting_Lying_FewLandmarks_back,437,Sitting,Sitting,True,0.934,0.0,44.3312
Sitting_Lying_FewLandmarks_back,438,Sitting,Sitting,True,0.933,0.0,47.4297
Sitting_Lying_FewLandmarks_back,439,Sitting,Sitting,True,0.934,0.0,35.6243
Sitting_Lying_FewLandmarks_back,440,Sitting,Sitting,True,0.934,0.0,37.7864
Sitting_Lying_FewLandmarks_back,441,Sitting,Sitting,True,0.934,0.0,38.0381
Sitting_Lying_FewLandmarks_back,442,Sitting,Sitting,True,0.934,0.0,27.0932
Sitting_Lying_FewLandmarks_back,443,Sitting,Sitting,True,0.934,0.0,30.2812
Sitting_Lying_FewLandmarks_back,444,Sitting,Sitting,True,0.934,0.0,27.5209
Sitting_Lying_FewLandmarks_back,445,Sitting,Sitting,True,0.934,0.0,28.397
Sitting_Lying_FewLandmarks_back,446,Sitting,Sitting,True,0.934,0.0,28.9326
Sitting_Lying_FewLandmarks_back,447,Sitting,Sitting,True,0.935,0.0,29.0084
Sitting_Lying_FewLandmarks_back,448,Sitting,Sitting,True,0.933,0.0,29.5391
Sitting_Lying_FewLandmarks_back,449,Sitting,Sitting,True,0.933,0.0,32.2067
Sitting_Lying_FewLandmarks_back,450,Sitting,Sitting,True,0.934,0.0,27.0362
Sitting_Lying_FewLandmarks_back,451,Sitting,Sitting,True,0.934,0.0,29.79
Sitting_Lying_FewLandmarks_back,452,Sitting,Sitting,True,0.934,0.0,27.0247
Sitting_Lying_FewLandmarks_back,453,Sitting,Sitting,True,0.936,0.0,28.6779
Sitting_Lying_FewLandmarks_back,454,Sitting,Sitting,True,0.935,0.0,27.0788
Sitting_Lying_FewLandmarks_back,455,Sitting,Sitting,True,0.936,0.0,32.1502
Sitting_Lying_FewLandmarks_back,456,Sitting,Sitting,True,0.935,0.0,63.325
Sitting_Lying_FewLandmarks_back,457,Sitting,Sitting,True,0.935,0.0,53.0008
Sitting_Lying_FewLandmarks_back,458,Sitting,Sitting,True,0.935,0.0,47.4256
Sitting_Lying_FewLandmarks_back,459,,Sitting,,0.936,0.0,39.049
Sitting_Lying_FewLandmarks_back,460,,Sitting,,0.935,0.0,35.3797
Sitting_Lying_FewLandmarks_back,461,,Sitting,,0.936,0.0,34.4641
Sitting_Lying_FewLandmarks_back,462,,Sitting,,0.938,0.0,36.5251
Sitting_Lying_FewLandmarks_back,463,,Sitting,,0.938,0.0,32.6396
Sitting_Lying_FewLandmarks_back,464,,Sitting,,0.937,0.0,33.4746
Sitting_Lying_FewLandmarks_back,465,,Sitting,,0.936,0.0,30.7686
Sitting_Lying_FewLandmarks_back,466,,Sitting,,0.935,0.0,39.0114
Sitting_Lying_FewLandmarks_back,467,,Sitting,,0.936,0.0,43.3869
Sitting_Lying_FewLandmarks_back,468,,Sitting,,0.935,0.0,37.0993
Sitting_Lying_FewLandmarks_back,469,,Sitting,,0.932,0.0,39.0296
Sitting_Lying_FewLandmarks_back,470,,Sitting,,0.932,0.0,35.8133
Sitting_Lying_FewLandmarks_back,471,,Sitting,,0.931,0.0,32.1639
Sitting_Lying_FewLandmarks_back,472,,Sitting,,0.933,0.0,42.9273
Sitting_Lying_FewLandmarks_back,473,,Sitting,,0.934,0.0,30.5594
Sitting_Lying_FewLandmarks_back,474,,Sitting,,0.933,0.0,35.6651
Sitting_Lying_FewLandmarks_back,475,,Sitting,,0.931,0.0,29.5225
Sitting_Lying_FewLandmarks_back,476,,Sitting,,0.931,0.0,39.4504
Sitting_Lying_FewLandmarks_back,477,,Sitting,,0.931,0.0,33.8877
Sitting_Lying_FewLandmarks_back,478,,Sitting,,0.929,0.0,33.0261
Sitting_Lying_FewLandmarks_back,479,,Sitting,,0.926,0.0,30.6726
Sitting_Lying_FewLandmarks_back,480,,Sitting,,0.922,0.0,32.9086
Sitting_Lying_FewLandmarks_back,481,,Sitting,,0.919,0.0,33.2532
Sitting_Lying_FewLandmarks_back,482,,Sitting,,0.919,0.0,45.3819
Sitting_Lying_FewLandmarks_back,483,,Sitting,,0.917,0.0,49.5269
Sitting_Lying_FewLandmarks_back,484,,Sitting,,0.914,0.0,44.4775
Sitting_Lying_FewLandmarks_back,485,,Sitting,,0.909,0.0,43.7071
Sitting_Lying_FewLandmarks_back,486,,Sitting,,0.904,0.0,47.9586
Sitting_Lying_FewLandmarks_back,487,,Sitting,,0.894,0.0,44.3627
Sitting_Lying_FewLandmarks_back,488,,Sitting,,0.877,0.0,44.858
Sitting_Lying_FewLandmarks_back,489,,Sitting,,0.857,0.0,40.3867
Sitting_Lying_FewLandmarks,31,,Standing,,0.948,0.0,35.3594
Sitting_Lying_FewLandmarks,32,,Standing,,0.944,0.0,38.7947
Sitting_Lying_FewLandmarks,33,,Standing,,0.942,0.0,40.4344
Sitting_Lying_FewLandmarks,34,,Standing,,0.941,0.0,37.0622
Sitting_Lying_FewLandmarks,35,,Standing,,0.94,0.0,40.5408
Sitting_Lying_FewLandmarks,36,,Standing,,0.94,0.0,38.3853
Sitting_Lying_FewLandmarks,37,,Standing,,0.942,0.0,39.2787
Sitting_Lying_FewLandmarks,38,,Standing,,0.943,0.0,39.5896
Sitting_Lying_FewLandmarks,39,,Standing,,0.942,0.0,30.4361
Sitting_Lying_FewLandmarks,40,,Standing,,0.939,0.0,35.4337
Sitting_Lying_FewLandmarks,41,,Standing,,0.935,0.0,32.619
Sitting_Lying_FewLandmarks,42,,Standing,,0.934,0.0,39.9352
Sitting_Lying_FewLandmarks,43,,Standing,,0.932,0.0,30.4064
Sitting_Lying_FewLandmarks,44,,Standing,,0.929,0.0,33.9242
Sitting_Lying_FewLandmarks,45,,Standing,,0.926,0.0,28.5923
Sitting_Lying_FewLandmarks,46,,Standing,,0.919,0.0,32.4531
Sitting_Lying_FewLandmarks,47,,Standing,,0.904,0.0,33.543
Sitting_Lying_FewLandmarks,48,,Standing,,0.884,0.0,35.3935
Sitting_Lying_FewLandmarks,49,,Standing,,0.858,0.0,29.8068
Sitting_Lying_FewLandmarks,50,,Standing,,0.826,0.0,27.7256
Sitting_Lying_FewLandmarks,51,,Standing,,0.792,0.0,28.3529
Sitting_Lying_FewLandmarks,52,,Standing,,0.756,0.0,26.3292
Sitting_Lying_FewLandmarks,53,,Standing,,0.731,0.0,29.9066
Sitting_Lying_FewLandmarks,54,,Standing,,0.719,0.0,29.1141
Sitting_Lying_FewLandmarks,55,,Standing,,0.715,0.0,24.4366
Sitting_Lying_FewLandmarks,56,,Standing,,0.719,0.0,25.4401
Sitting_Lying_FewLandmarks,57,,Standing,,0.726,0.0,24.5173
Sitting_Lying_FewLandmarks,58,,Standing,,0.738,0.0,26.1056
Sitting_Lying_FewLandmarks,59,Sitting,Standing,False,0.753,0.0,23.9059
Sitting_Lying_FewLandmarks,60,Sitting,Standing,False,0.765,0.0,23.4469
Sitting_Lying_FewLandmarks,61,Sitting,Standing,False,0.776,0.0,25.0035
Sitting_Lying_FewLandmarks,62,Sitting,Standing,False,0.783,0.0,24.6097
Sitting_Lying_FewLandmarks,63,Sitting,Standing,False,0.792,0.0,24.1042
Sitting_Lying_FewLandmarks,64,Sitting,Standing,False,0.805,0.0,23.1207
Sitting_Lying_FewLandmarks,65,Sitting,Standing,False,0.818,0.0,23.5356
Sitting_Lying_FewLandmarks,66,Sitting,Standing,False,0.825,0.0,24.677
Sitting_Lying_FewLandmarks,67,Sitting,Standing,False,0.827,0.0,22.9658
Sitting_Lying_FewLandmarks,68,Sitting,Standing,False,0.826,0.0,21.9798
Sitting_Lying_FewLandmarks,69,Sitting,Standing,False,0.828,0.0,21.9018
Sitting_Lying_FewLandmarks,70,Sitting,Standing,False,0.825,0.0,22.6812
Sitting_Lying_FewLandmarks,71,Sitting,Standing,False,0.82,0.0,22.3583
Sitting_Lying_FewLandmarks,72,Sitting,Standing,False,0.813,0.0,21.9018
Sitting_Lying_FewLandmarks,73,Sitting,Standing,False,0.809,0.0,22.0868
Sitting_Lying_FewLandmarks,74,Sitting,Standing,False,0.807,0.0,21.8065
Sitting_Lying_FewLandmarks,75,Sitting,Standing,False,0.806,0.0,21.9836
Sitting_Lying_FewLandmarks,76,Sitting,Standing,False,0.801,0.0,22.8567
Sitting_Lying_FewLandmarks,77,Sitting,Standing,False,0.793,0.0,20.813
Sitting_Lying_FewLandmarks,78,Sitting,Standing,False,0.785,0.0,23.1808
Sitting_Lying_FewLandmarks,79,Sitting,Standing,False,0.778,0.0,27.6273
Sitting_Lying_FewLandmarks,80,Sitting,Standing,False,0.77,0.0,28.4307
Sitting_Lying_FewLandmarks,81,Sitting,Standing,False,0.765,0.0,28.4437
Sitting_Lying_FewLandmarks,82,Sitting,Standing,False,0.76,0.0,29.5888
Sitting_Lying_FewLandmarks,83,Sitting,Standing,False,0.764,0.0,33.8212
Sitting_Lying_FewLandmarks,84,Sitting,Standing,False,0.77,0.0,28.1684
Sitting_Lying_FewLandmarks,85,Sitting,Standing,False,0.771,0.0,25.4995
Sitting_Lying_FewLandmarks,86,Sitting,Standing,False,0.767,0.0,26.5798
Sitting_Lying_FewLandmarks,87,Sitting,Standing,False,0.758,0.0,29.3971
Sitting_Lying_FewLandmarks,88,Sitting,Standing,False,0.74,0.0,32.1676
Sitting_Lying_FewLandmarks,89,Sitting,Standing,False,0.719,0.0,26.6003
Sitting_Lying_FewLandmarks,90,Sitting,Standing,False,0.688,0.0,28.8833
Sitting_Lying_FewLandmarks,91,Sitting,Standing,False,0.656,0.0,29.5363
Sitting_Lying_FewLandmarks,92,Sitting,Standing,False,0.631,0.0,28.8023
Sitting_Lying_FewLandmarks,93,Sitting,Standing,False,0.608,0.0,26.1656
Sitting_Lying_FewLandmarks,94,Sitting,Standing,False,0.591,0.0,35.2275
Sitting_Lying_FewLandmarks,95,Sitting,Standing,False,0.583,0.0,29.7737
Sitting_Lying_FewLandmarks,96,Sitting,Standing,False,0.576,0.0,45.6209
Sitting_Lying_FewLandmarks,97,Sitting,Standing,False,0.572,0.0,40.8638
Sitting_Lying_FewLandmarks,98,Sitting,Standing,False,0.569,0.0,35.2971
Sitting_Lying_FewLandmarks,99,Sitting,Standing,False,0.569,0.0,40.2109
Sitting_Lying_FewLandmarks,100,Sitting,Standing,False,0.568,0.0,33.0746
Sitting_Lying_FewLandmarks,101,Sitting,Standing,False,0.563,0.0,38.9791
Sitting_Lying_FewLandmarks,102,Sitting,Standing,False,0.559,0.0,32.4056
Sitting_Lying_FewLandmarks,103,Sitting,Standing,False,0.559,0.0,31.8174
Sitting_Lying_FewLandmarks,104,Sitting,Standing,False,0.556,0.0,32.0456
Sitting_Lying_FewLandmarks,105,Sitting,Standing,False,0.555,0.0,37.0219
Sitting_Lying_FewLandmarks,106,Sitting,Standing,False,0.553,0.0,41.0795
Sitting_Lying_FewLandmarks,107,Sitting,Standing,False,0.552,0.0,34.5623
Sitting_Lying_FewLandmarks,108,Sitting,Standing,False,0.552,0.0,45.2842
Sitting_Lying_FewLandmarks,109,Sitting,Standing,False,0.554,0.0,51.5793
Sitting_Lying_FewLandmarks,110,Sitting,Standing,False,0.555,0.0,46.549
Sitting_Lying_FewLandmarks,111,Sitting,Standing,False,0.557,0.0,49.0133
Sitting_Lying_FewLandmarks,112,,Standing,,0.557,0.0,37.8089
Sitting_Lying_FewLandmarks,113,,Standing,,0.559,0.0,36.1716
Sitting_Lying_FewLandmarks,114,,Standing,,0.56,0.0,43.7803
Sitting_Lying_FewLandmarks,115,,Standing,,0.562,0.0,40.2662
Sitting_Lying_FewLandmarks,116,,Standing,,0.564,0.0,39.714
Sitting_Lying_FewLandmarks,117,,Standing,,0.567,0.0,41.1625
Sitting_Lying_FewLandmarks,118,,Standing,,0.568,0.0,38.8169
Sitting_Lying_FewLandmarks,119,,Standing,,0.57,0.0,38.1272
Sitting_Lying_FewLandmarks,120,,Standing,,0.569,0.0,36.7852
Sitting_Lying_FewLandmarks,121,,Standing,,0.57,0.0,45.2399
Sitting_Lying_FewLandmarks,122,,Standing,,0.567,0.0,37.905
Sitting_Lying_FewLandmarks,123,,Standing,,0.56,0.0,30.0148
Sitting_Lying_FewLandmarks,124,,Standing,,0.546,0.0,36.8236
Sitting_Lying_FewLandmarks,125,,Standing,,0.526,0.0,28.5205
Sitting_Lying_FewLandmarks,126,,Standing,,0.504,0.0,31.3504
Sitting_Lying_FewLandmarks,127,,Standing,,0.481,0.0,30.455
Sitting_Lying_FewLandmarks,128,,Standing,,0.466,0.0,27.718
Sitting_Lying_FewLandmarks,129,,Standing,,0.44,0.0,28.251
Sitting_Lying_FewLandmarks,130,,Standing,,0.424,0.0,27.5015
Sitting_Lying_FewLandmarks,131,,Standing,,0.408,0.0,29.8441
Sitting_Lying_FewLandmarks,132,,Standing,,0.4,0.0,29.8269
Sitting_Lying_FewLandmarks,133,,Sitting,,0.4,0.0,26.7257
Sitting_Lying_FewLandmarks,134,,Sitting,,0.402,0.0,27.329
Sitting_Lying_FewLandmarks,135,,Sitting,,0.401,0.0,26.7601
Sitting_Lying_FewLandmarks,136,,Sitting,,0.402,0.0,34.3302
Sitting_Lying_FewLandmarks,137,,Sitting,,0.404,0.0,34.2425
Sitting_Lying_FewLandmarks,138,,Sitting,,0.404,0.0,29.5844
Sitting_Lying_FewLandmarks,139,,Sitting,,0.407,0.0,28.9772
Sitting_Lying_FewLandmarks,140,,Sitting,,0.405,0.0,29.9199
Sitting_Lying_FewLandmarks,141,,Standing,,0.444,0.0,28.2205
Sitting_Lying_FewLandmarks,142,,Standing,,0.456,0.0,31.8875
Sitting_Lying_FewLandmarks,143,,Standing,,0.461,0.0,28.5637
Sitting_Lying_FewLandmarks,144,,Standing,,0.46,0.0,26.151
Sitting_Lying_FewLandmarks,145,,Standing,,0.471,0.0,28.4878
Sitting_Lying_FewLandmarks,146,,Standing,,0.469,0.0,28.2819
Sitting_Lying_FewLandmarks,147,,Standing,,0.458,0.0,26.7192
Sitting_Lying_FewLandmarks,148,,Standing,,0.439,0.0,28.7017
Sitting_Lying_FewLandmarks,149,,Standing,,0.414,0.0,27.8393
Sitting_Lying_FewLandmarks,150,,Standing,,0.393,0.0,27.036
Sitting_Lying_FewLandmarks,151,,Standing,,0.383,0.0,27.813
Sitting_Lying_FewLandmarks,152,,Standing,,0.363,0.0,27.1701
Sitting_Lying_FewLandmarks,153,,Standing,,0.35,0.0,26.7597
Sitting_Lying_FewLandmarks,154,,Sitting,,0.345,0.0,26.0313
Sitting_Lying_FewLandmarks,155,,Sitting,,0.336,0.0,31.9514
Sitting_Lying_FewLandmarks,156,,Sitting,,0.337,0.0,26.2329
Sitting_Lying_FewLandmarks,157,,Sitting,,0.333,0.0,29.1536
Sitting_Lying_FewLandmarks,158,,Sitting,,0.329,0.0,30.5021
Sitting_Lying_FewLandmarks,159,,Sitting,,0.318,0.0,26.8849
Sitting_Lying_FewLandmarks,160,,Sitting,,0.307,0.0,25.1873
Sitting_Lying_FewLandmarks,161,,Sitting,,0.303,0.0,28.7075
Sitting_Lying_FewLandmarks,162,,Sitting,,0.304,0.0,25.2456
Sitting_Lying_FewLandmarks,163,,Sitting,,0.295,0.0,31.0537
Sitting_Lying_FewLandmarks,164,,Lying,,0.425,0.0,28.266
Sitting_Lying_FewLandmarks,165,,Lying,,0.435,0.0,27.8795
Sitting_Lying_FewLandmarks,166,,Lying,,0.447,0.0,26.9198
Sitting_Lying_FewLandmarks,167,,Lying,,0.454,0.0,26.9269
Sitting_Lying_FewLandmarks,168,,Lying,,0.478,0.0,24.7673
Sitting_Lying_FewLandmarks,169,,Lying,,0.492,0.0,25.9651
Sitting_Lying_FewLandmarks,170,,Lying,,0.503,0.0,27.4254
Sitting_Lying_FewLandmarks,171,,Lying,,0.514,0.0,27.4511
Sitting_Lying_FewLandmarks,172,,Lying,,0.527,0.0,27.4795
Sitting_Lying_FewLandmarks,173,,Lying,,0.539,0.0,25.4878
Sitting_Lying_FewLandmarks,174,,Lying,,0.555,0.0,30.4571
Sitting_Lying_FewLandmarks,175,,Lying,,0.572,0.0,27.9754
Sitting_Lying_FewLandmarks,176,,Lying,,0.589,0.0,27.4111
Sitting_Lying_FewLandmarks,177,Lying,Lying,True,0.605,0.0,28.7576
Sitting_Lying_FewLandmarks,178,Lying,Lying,True,0.622,0.0,33.6136
Sitting_Lying_FewLandmarks,179,Lying,Lying,True,0.637,0.0,27.828
Sitting_Lying_FewLandmarks,180,Lying,Lying,True,0.651,0.0,27.1515
Sitting_Lying_FewLandmarks,181,Lying,Lying,True,0.659,0.0,25.2617
Sitting_Lying_FewLandmarks,182,Lying,Lying,True,0.663,0.0,29.3518
Sitting_Lying_FewLandmarks,183,Lying,Lying,True,0.669,0.0,36.1718
Sitting_Lying_FewLandmarks,184,Lying,Lying,True,0.678,0.0,26.5124
Sitting_Lying_FewLandmarks,185,Lying,Lying,True,0.679,0.0,26.6133
Sitting_Lying_FewLandmarks,186,Lying,Lying,True,0.683,0.0,24.6258
Sitting_Lying_FewLandmarks,187,Lying,Lying,True,0.682,0.0,24.938
Sitting_Lying_FewLandmarks,188,Lying,Lying,True,0.683,0.0,24.0426
Sitting_Lying_FewLandmarks,189,Lying,Lying,True,0.686,0.0,26.5726
Sitting_Lying_FewLandmarks,190,Lying,Lying,True,0.688,0.0,24.0997
Sitting_Lying_FewLandmarks,191,Lying,Lying,True,0.688,0.0,30.7027
Sitting_Lying_FewLandmarks,192,Lying,Lying,True,0.692,0.0,36.6744
Sitting_Lying_FewLandmarks,193,Lying,Lying,True,0.691,0.0,32.2824
Sitting_Lying_FewLandmarks,194,Lying,Lying,True,0.695,0.0,42.6256
Sitting_Lying_FewLandmarks,195,Lying,Lying,True,0.695,0.0,44.9428
Sitting_Lying_FewLandmarks,196,Lying,Lying,True,0.697,0.0,47.2143
Sitting_Lying_FewLandmarks,197,Lying,Lying,True,0.694,1.0,52.0061
Sitting_Lying_FewLandmarks,198,Lying,Lying,True,0.688,1.0,46.9205
Sitting_Lying_FewLandmarks,199,Lying,Lying,True,0.676,0.0,41.484
Sitting_Lying_FewLandmarks,200,Lying,Lying,True,0.665,1.0,42.1073
Sitting_Lying_FewLandmarks,201,Lying,Lying,True,0.65,1.0,43.0517
Sitting_Lying_FewLandmarks,202,Lying,Lying,True,0.637,1.0,36.6987
Sitting_Lying_FewLandmarks,203,Lying,Lying,True,0.619,1.0,41.0654
Sitting_Lying_FewLandmarks,204,Lying,Lying,True,0.603,1.0,51.3782
Sitting_Lying_FewLandmarks,205,Lying,Lying,True,0.586,1.0,36.4893
Sitting_Lying_FewLandmarks,206,Lying,Lying,True,0.573,1.0,35.0067
Sitting_Lying_FewLandmarks,207,Lying,Lying,True,0.563,1.0,40.7342
Sitting_Lying_FewLandmarks,208,Lying,Lying,True,0.552,0.0,41.5784
Sitting_Lying_FewLandmarks,209,Lying,Lying,True,0.541,0.0,39.2057
Sitting_Lying_FewLandmarks,210,Lying,Lying,True,0.53,1.0,44.4235
Sitting_Lying_FewLandmarks,211,Lying,Lying,True,0.524,0.0,46.058
Sitting_Lying_FewLandmarks,212,Lying,Lying,True,0.519,0.0,42.7649
Sitting_Lying_FewLandmarks,213,Lying,Lying,True,0.513,1.0,43.2285
Sitting_Lying_FewLandmarks,214,Lying,Lying,True,0.507,0.0,45.2073
Sitting_Lying_FewLandmarks,215,Lying,Lying,True,0.504,0.0,46.1501
Sitting_Lying_FewLandmarks,216,Lying,Lying,True,0.504,0.0,42.5186
Sitting_Lying_FewLandmarks,217,Lying,Lying,True,0.509,1.0,49.9996
Sitting_Lying_FewLandmarks,218,Lying,Lying,True,0.518,0.0,33.5835
Sitting_Lying_FewLandmarks,219,Lying,Lying,True,0.523,0.0,32.6756
Sitting_Lying_FewLandmarks,220,Lying,Lying,True,0.53,0.0,33.7319
Sitting_Lying_FewLandmarks,221,Lying,Lying,True,0.538,1.0,40.1834
Sitting_Lying_FewLandmarks,222,Lying,Lying,True,0.545,1.0,43.9038
Sitting_Lying_FewLandmarks,223,Lying,Lying,True,0.554,1.0,51.5087
Sitting_Lying_FewLandmarks,224,Lying,Lying,True,0.557,1.0,50.2084
Sitting_Lying_FewLandmarks,225,Lying,Lying,True,0.556,1.0,57.8211
Sitting_Lying_FewLandmarks,226,Lying,Lying,True,0.56,0.0,64.8769
Sitting_Lying_FewLandmarks,227,Lying,Lying,True,0.563,1.0,58.2241
Sitting_Lying_FewLandmarks,228,Lying,Lying,True,0.569,1.0,62.7202
Sitting_Lying_FewLandmarks,229,Lying,Lying,True,0.569,1.0,47.6313
Sitting_Lying_FewLandmarks,230,Lying,Lying,True,0.568,0.0,46.296
Sitting_Lying_FewLandmarks,231,Lying,Lying,True,0.571,0.0,47.3665
Sitting_Lying_FewLandmarks,232,Lying,Lying,True,0.578,1.0,37.1453
Sitting_Lying_FewLandmarks,233,Lying,Lying,True,0.579,1.0,33.4855
Sitting_Lying_FewLandmarks,234,Lying,Lying,True,0.575,1.0,34.0969
Sitting_Lying_FewLandmarks,235,Lying,Lying,True,0.571,0.0,43.9709
Sitting_Lying_FewLandmarks,236,,Lying,,0.57,0.0,52.6885
Sitting_Lying_FewLandmarks,237,,Lying,,0.568,0.0,51.5293
Sitting_Lying_FewLandmarks,238,,Lying,,0.567,1.0,41.4179
Sitting_Lying_FewLandmarks,239,,Lying,,0.553,1.0,39.2181
Sitting_Lying_FewLandmarks,240,,Lying,,0.551,1.0,38.0595
Sitting_Lying_FewLandmarks,241,,Lying,,0.548,0.0,44.2316
Sitting_Lying_FewLandmarks,242,,Lying,,0.543,0.0,32.2267
Sitting_Lying_FewLandmarks,243,,Lying,,0.549,0.0,37.3707
Sitting_Lying_FewLandmarks,244,,Lying,,0.55,0.0,45.72
Sitting_Lying_FewLandmarks,245,,Lying,,0.55,0.0,46.2659
Sitting_Lying_FewLandmarks,246,,Lying,,0.56,0.0,50.3412
Sitting_Lying_FewLandmarks,247,,Lying,,0.564,0.0,45.6679
Sitting_Lying_FewLandmarks,248,,Lying,,0.573,0.0,45.3672
Sitting_Lying_FewLandmarks,249,,Lying,,0.584,0.0,47.41
Sitting_Lying_FewLandmarks,250,,Lying,,0.582,0.0,40.7361
Sitting_Lying_FewLandmarks,251,,Lying,,0.579,0.0,47.4202
Sitting_Lying_FewLandmarks,252,,Lying,,0.579,0.0,50.9669
Sitting_Lying_FewLandmarks,253,,Lying,,0.575,0.0,45.1069
Sitting_Lying_FewLandmarks,254,,Lying,,0.571,0.0,47.9929
Sitting_Lying_FewLandmarks,255,,Lying,,0.557,0.0,46.6578
Sitting_Lying_FewLandmarks,256,,Lying,,0.538,0.0,40.3906
Sitting_Lying_FewLandmarks,257,,Lying,,0.515,0.0,38.754
Sitting_Lying_FewLandmarks,258,,Lying,,0.495,0.0,38.7147
Sitting_Lying_FewLandmarks,259,,Lying,,0.472,0.0,55.5669
Sitting_Lying_FewLandmarks,260,,Lying,,0.446,0.0,44.229
Sitting_Lying_FewLandmarks,261,,Lying,,0.423,0.0,38.8276
Sitting_Lying_FewLandmarks,262,,Lying,,0.409,0.0,35.9074
Sitting_Lying_FewLandmarks,263,,Lying,,0.4,0.0,38.2134
Sitting_Lying_FewLandmarks,264,,Lying,,0.398,0.0,31.7451
Sitting_Lying_FewLandmarks,265,,Lying,,0.392,0.0,37.4053
Sitting_Lying_FewLandmarks,266,,Lying,,0.38,0.0,40.008
Sitting_Lying_FewLandmarks,267,,Lying,,0.381,0.0,49.08
Sitting_Lying_FewLandmarks,268,,Lying,,0.379,0.0,45.8308
Sitting_Lying_FewLandmarks,269,,Lying,,0.359,0.0,52.9862
Sitting_Lying_FewLandmarks,270,,Lying,,0.338,0.0,48.3291
Sitting_Lying_FewLandmarks,271,,Lying,,0.316,0.0,33.1173
Sitting_Lying_FewLandmarks,272,,Lying,,0.301,0.0,35.3422
Sitting_Lying_FewLandmarks,273,,Lying,,0.295,0.0,40.2601
Sitting_Lying_FewLandmarks,274,,Lying,,0.295,0.0,40.2529
Sitting_Lying_FewLandmarks,275,,Lying,,0.295,0.0,49.7558
Sitting_Lying_FewLandmarks,276,,Lying,,0.295,0.0,61.6418
Sitting_Lying_FewLandmarks,277,,Lying,,0.306,0.0,40.6116
Sitting_Lying_FewLandmarks,278,,Standing,,0.318,0.0,37.3894
Sitting_Lying_FewLandmarks,279,,Standing,,0.317,0.0,41.0333
Sitting_Lying_FewLandmarks,280,,Standing,,0.317,0.0,37.9523
Sitting_Lying_FewLandmarks,281,,Standing,,0.318,0.0,48.1994
Sitting_Lying_FewLandmarks,282,,Lying,,0.358,0.0,51.3648
Sitting_Lying_FewLandmarks,283,,Lying,,0.37,0.0,39.99
Sitting_Lying_FewLandmarks,284,,Lying,,0.389,0.0,42.2097
Sitting_Lying_FewLandmarks,285,,Lying,,0.395,0.0,45.8526
Sitting_Lying_FewLandmarks,286,,Lying,,0.397,0.0,56.3233
Sitting_Lying_FewLandmarks,287,,Lying,,0.401,0.0,47.9617
Sitting_Lying_FewLandmarks,288,,Lying,,0.397,0.0,45.5053
Sitting_Lying_FewLandmarks,289,,Lying,,0.398,0.0,42.2532
Sitting_Lying_FewLandmarks,290,,Lying,,0.395,0.0,40.7124
Sitting_Lying_FewLandmarks,291,,Lying,,0.384,0.0,37.8358
Sitting_Lying_FewLandmarks,292,,Sitting,,0.346,0.0,36.2478
Sitting_Lying_FewLandmarks,293,,Sitting,,0.357,0.0,40.0012
Sitting_Lying_FewLandmarks,294,,Sitting,,0.364,0.0,45.9369
Sitting_Lying_FewLandmarks,295,,Sitting,,0.369,0.0,44.8163
Sitting_Lying_FewLandmarks,296,,Sitting,,0.382,0.0,33.4508
Sitting_Lying_FewLandmarks,297,,Sitting,,0.393,0.0,33.2107
Sitting_Lying_FewLandmarks,298,,Sitting,,0.398,0.0,40.1627
Sitting_Lying_FewLandmarks,299,,Sitting,,0.397,0.0,44.9267
Sitting_Lying_FewLandmarks,300,,Sitting,,0.398,0.0,32.7094
Sitting_Lying_FewLandmarks,301,,Sitting,,0.399,0.0,34.1288
Sitting_Lying_FewLandmarks,302,,Sitting,,0.397,0.0,45.1314
Sitting_Lying_FewLandmarks,303,,Sitting,,0.395,0.0,38.0585
Sitting_Lying_FewLandmarks,304,,Sitting,,0.394,0.0,33.1559
Sitting_Lying_FewLandmarks,305,,Sitting,,0.393,0.0,39.6359
Sitting_Lying_FewLandmarks,306,,Sitting,,0.394,0.0,51.7699
Sitting_Lying_FewLandmarks,307,,Sitting,,0.392,0.0,45.4589
Sitting_Lying_FewLandmarks,308,,Sitting,,0.389,0.0,55.5368
Sitting_Lying_FewLandmarks,309,,Standing,,0.417,0.0,46.1534
Sitting_Lying_FewLandmarks,310,,Standing,,0.428,0.0,43.4688
Sitting_Lying_FewLandmarks,311,,Standing,,0.438,0.0,43.9403
Sitting_Lying_FewLandmarks,312,,Standing,,0.445,0.0,31.0157
Sitting_Lying_FewLandmarks,313,,Standing,,0.458,0.0,30.1989
Sitting_Lying_FewLandmarks,314,,Standing,,0.471,0.0,36.085
Sitting_Lying_FewLandmarks,315,,Standing,,0.48,0.0,31.185
Sitting_Lying_FewLandmarks,316,,Standing,,0.486,0.0,29.0669
Sitting_Lying_FewLandmarks,317,,Standing,,0.491,0.0,30.4073
Sitting_Lying_FewLandmarks,318,,Standing,,0.495,0.0,30.0807
Sitting_Lying_FewLandmarks,319,,Standing,,0.499,0.0,27.0926
Sitting_Lying_FewLandmarks,320,,Standing,,0.506,0.0,29.7233
Sitting_Lying_FewLandmarks,321,,Standing,,0.51,0.0,29.5999
Sitting_Lying_FewLandmarks,322,,Standing,,0.512,0.0,31.2429
Sitting_Lying_FewLandmarks,323,,Standing,,0.515,0.0,28.2811
Sitting_Lying_FewLandmarks,324,,Standing,,0.516,0.0,27.9538
Sitting_Lying_FewLandmarks,325,Sitting,Standing,False,0.516,0.0,30.0457
Sitting_Lying_FewLandmarks,326,Sitting,Standing,False,0.515,0.0,30.4848
Sitting_Lying_FewLandmarks,327,Sitting,Standing,False,0.513,0.0,30.7447
Sitting_Lying_FewLandmarks,328,Sitting,Standing,False,0.511,0.0,33.3969
Sitting_Lying_FewLandmarks,329,Sitting,Standing,False,0.508,0.0,28.2049
Sitting_Lying_FewLandmarks,330,Sitting,Standing,False,0.502,0.0,32.4052
Sitting_Lying_FewLandmarks,331,Sitting,Standing,False,0.496,0.0,41.2677
Sitting_Lying_FewLandmarks,332,Sitting,Standing,False,0.49,0.0,43.0634
Sitting_Lying_FewLandmarks,333,Sitting,Standing,False,0.484,0.0,41.5834
Sitting_Lying_FewLandmarks,334,Sitting,Standing,False,0.478,0.0,39.6714
Sitting_Lying_FewLandmarks,335,Sitting,Standing,False,0.474,0.0,40.8238
Sitting_Lying_FewLandmarks,336,Sitting,Standing,False,0.473,0.0,37.3306
Sitting_Lying_FewLandmarks,337,Sitting,Standing,False,0.471,0.0,40.0778
Sitting_Lying_FewLandmarks,338,Sitting,Standing,False,0.474,0.0,29.2946
Sitting_Lying_FewLandmarks,339,Sitting,Standing,False,0.479,0.0,29.394
Sitting_Lying_FewLandmarks,340,Sitting,Standing,False,0.485,0.0,37.1561
Sitting_Lying_FewLandmarks,341,Sitting,Standing,False,0.491,0.0,33.4375
Sitting_Lying_FewLandmarks,342,Sitting,Standing,False,0.497,0.0,32.5804
Sitting_Lying_FewLandmarks,343,Sitting,Standing,False,0.503,0.0,32.2085
Sitting_Lying_FewLandmarks,344,Sitting,Standing,False,0.507,0.0,32.074
Sitting_Lying_FewLandmarks,345,Sitting,Standing,False,0.509,0.0,30.4173
Sitting_Lying_FewLandmarks,346,Sitting,Standing,False,0.509,0.0,30.8722
Sitting_Lying_FewLandmarks,347,Sitting,Standing,False,0.508,0.0,29.2177
Sitting_Lying_FewLandmarks,348,Sitting,Standing,False,0.506,0.0,29.2907
Sitting_Lying_FewLandmarks,349,Sitting,Standing,False,0.504,0.0,31.3946
Sitting_Lying_FewLandmarks,350,Sitting,Standing,False,0.503,0.0,32.9872
Sitting_Lying_FewLandmarks,351,Sitting,Standing,False,0.501,0.0,32.0711
Sitting_Lying_FewLandmarks,352,Sitting,Standing,False,0.499,0.0,30.4651
Sitting_Lying_FewLandmarks,353,Sitting,Standing,False,0.497,0.0,29.6525
Sitting_Lying_FewLandmarks,354,,Standing,,0.498,0.0,32.6683
Sitting_Lying_FewLandmarks,355,,Standing,,0.497,0.0,35.4849
Sitting_Lying_FewLandmarks,356,,Standing,,0.497,0.0,28.6318
Sitting_Lying_FewLandmarks,357,,Standing,,0.494,0.0,31.7454
Sitting_Lying_FewLandmarks,358,,Standing,,0.495,0.0,34.6967
Sitting_Lying_FewLandmarks,359,,Standing,,0.495,0.0,28.6791
Sitting_Lying_FewLandmarks,360,,Standing,,0.493,0.0,27.2272
Sitting_Lying_FewLandmarks,361,,Standing,,0.49,0.0,27.7389
Sitting_Lying_FewLandmarks,362,,Standing,,0.487,0.0,29.3078
Sitting_Lying_FewLandmarks,363,,Standing,,0.481,0.0,37.7036
Sitting_Lying_FewLandmarks,364,,Standing,,0.477,0.0,38.5483
Sitting_Lying_FewLandmarks,365,,Standing,,0.47,0.0,35.0203
Sitting_Lying_FewLandmarks,366,,Standing,,0.463,0.0,29.822
Sitting_Lying_FewLandmarks,367,,Standing,,0.453,0.0,34.8102
Sitting_Lying_FewLandmarks,368,,Standing,,0.441,0.0,31.7502
Sitting_Lying_FewLandmarks,369,,Standing,,0.428,0.0,27.4392
Sitting_Lying_FewLandmarks,370,,Standing,,0.414,0.0,27.1488
Sitting_Lying_FewLandmarks,371,,Standing,,0.398,0.0,26.8527
Sitting_Lying_FewLandmarks,372,,Standing,,0.383,0.0,25.4622
Sitting_Lying_FewLandmarks,373,,Standing,,0.368,0.0,27.1126
Sitting_Lying_FewLandmarks,374,,Standing,,0.355,0.0,24.0565
Sitting_Lying_FewLandmarks,375,,Standing,,0.348,0.0,25.4884
Sitting_Lying_FewLandmarks,376,,Standing,,0.342,0.0,26.6325
Sitting_Lying_FewLandmarks,377,,Standing,,0.336,0.0,23.5295
Sitting_Lying_FewLandmarks,378,,Sitting,,0.355,0.0,23.4031
Sitting_Lying_FewLandmarks,379,,Sitting,,0.366,0.0,23.1599
Sitting_Lying_FewLandmarks,380,,Sitting,,0.374,0.0,22.837
Sitting_Lying_FewLandmarks,381,,Sitting,,0.378,0.0,24.5332
Sitting_Lying_FewLandmarks,382,,Sitting,,0.389,0.0,22.7137
Sitting_Lying_FewLandmarks,383,,Sitting,,0.394,0.0,24.0579
Sitting_Lying_FewLandmarks,384,,Sitting,,0.39,0.0,22.2968
Sitting_Lying_FewLandmarks,385,,Sitting,,0.391,0.0,23.9042
Sitting_Lying_FewLandmarks,386,,Sitting,,0.387,0.0,23.1252
Sitting_Lying_FewLandmarks,387,,Sitting,,0.379,0.0,21.3199
Sitting_Lying_FewLandmarks,388,,Standing,,0.464,0.0,23.4733
Sitting_Lying_FewLandmarks,389,,Standing,,0.491,0.0,23.8256
Sitting_Lying_FewLandmarks,390,,Standing,,0.515,0.0,22.9103
Sitting_Lying_FewLandmarks,391,,Standing,,0.534,0.0,22.9888
Sitting_Lying_FewLandmarks,392,,Standing,,0.577,0.0,23.0841
Sitting_Lying_FewLandmarks,393,,Standing,,0.613,0.0,21.9531
Sitting_Lying_FewLandmarks,394,,Standing,,0.64,0.0,24.1535
Sitting_Lying_FewLandmarks,395,,Standing,,0.662,0.0,21.7287
Sitting_Lying_FewLandmarks,396,,Standing,,0.676,0.0,21.2117
Sitting_Lying_FewLandmarks,397,,Standing,,0.689,0.0,22.4806
Sitting_Lying_FewLandmarks,398,,Standing,,0.704,0.0,24.8291
Sitting_Lying_FewLandmarks,399,,Standing,,0.718,0.0,22.9374
Sitting_Lying_FewLandmarks,400,,Standing,,0.732,0.0,21.8968
Sitting_Lying_FewLandmarks,401,,Standing,,0.743,0.0,20.9895
