sequence_id,timestamp,frame,posture_label,fall_detected,confidence,other_labels,body_height,torso_angle,hip_height
adl-01-cam0-rgb,1782844803.1743386,1,Unknown,False,0.0,missing_upper_body_keypoints,nan,nan,nan
adl-01-cam0-rgb,1782844803.2430794,2,Unknown,False,0.0,missing_upper_body_keypoints,nan,nan,nan
adl-01-cam0-rgb,1782844803.2700856,3,Unknown,False,0.0,missing_upper_body_keypoints,nan,nan,nan
adl-01-cam0-rgb,1782844803.293308,4,Unknown,False,0.0,missing_upper_body_keypoints,nan,nan,nan
adl-01-cam0-rgb,1782844803.318829,5,Unknown,False,0.0,missing_upper_body_keypoints,nan,nan,nan
adl-01-cam0-rgb,1782844803.3448277,6,Unknown,False,0.0,missing_upper_body_keypoints,nan,nan,nan
adl-01-cam0-rgb,1782844803.3678284,7,Unknown,False,0.0,missing_upper_body_keypoints,nan,nan,nan
adl-01-cam0-rgb,1782844803.3918357,8,Unknown,False,0.0,missing_upper_body_keypoints,nan,nan,nan
adl-01-cam0-rgb,1782844803.415411,9,Unknown,False,0.0,missing_upper_body_keypoints,nan,nan,nan
adl-01-cam0-rgb,1782844803.4348073,10,Unknown,False,0.0,missing_upper_body_keypoints,nan,nan,nan
adl-01-cam0-rgb,1782844803.4627614,11,Unknown,False,0.0,missing_upper_body_keypoints,nan,nan,nan
adl-01-cam0-rgb,1782844803.4887486,12,Unknown,False,0.0,missing_upper_body_keypoints,nan,nan,nan
adl-01-cam0-rgb,1782844803.5142696,13,Unknown,False,0.0,missing_upper_body_keypoints,nan,nan,nan
adl-01-cam0-rgb,1782844803.5402715,14,Unknown,False,0.0,missing_upper_body_keypoints,nan,nan,nan
adl-01-cam0-rgb,1782844803.5612748,15,Unknown,False,0.62,compressed_sitting,0.32816861332840397,1.3438995229478956,0.4925059974193573
adl-01-cam0-rgb,1782844803.615404,16,Sitting,False,0.62,compressed_sitting,0.3269794502094735,0.7197051960267509,0.4914569854736328
adl-01-cam0-rgb,1782844803.6668203,17,Sitting,False,0.62,compressed_sitting,0.3392458340453726,1.377517259353632,0.4869331121444702
adl-01-cam0-rgb,1782844803.7109208,18,Sitting,False,0.62,compressed_sitting,0.32850572415376306,0.8468679894337524,0.48783957958221436
adl-01-cam0-rgb,1782844803.7970726,19,Unknown,False,0.0,missing_upper_body_keypoints,nan,nan,nan
adl-01-cam0-rgb,1782844803.8380735,20,Unknown,False,0.62,compressed_sitting,0.36135427255442093,1.460881266095918,0.4854177236557007
adl-01-cam0-rgb,1782844803.8920715,21,Sitting,False,0.62,compressed_sitting,0.3453596212891592,2.2860172202958373,0.4897330105304718
adl-01-cam0-rgb,1782844803.949619,22,Unknown,False,0.0,missing_upper_body_keypoints,nan,nan,nan
adl-01-cam0-rgb,1782844803.994638,23,Unknown,False,0.62,compressed_sitting,0.3262638116812305,2.4988181420967432,0.4985434114933014
adl-01-cam0-rgb,1782844804.042181,24,Unknown,False,0.0,missing_upper_body_keypoints,nan,nan,nan
adl-01-cam0-rgb,1782844804.0682113,25,Unknown,False,0.62,compressed_sitting,0.3393051266778667,1.3953431731336525,0.5064631551504135
adl-01-cam0-rgb,1782844804.1099625,26,Sitting,False,0.62,compressed_sitting,0.3489600943386381,1.6790304298179444,0.5023576319217682
adl-01-cam0-rgb,1782844804.1613333,27,Sitting,False,0.62,compressed_sitting,0.33962827584957717,0.6981930252113161,0.5050277411937714
adl-01-cam0-rgb,1782844804.2114837,28,Sitting,False,0.62,compressed_sitting,0.32502261349482675,0.7193864657234041,0.5044610351324081
adl-01-cam0-rgb,1782844804.2573798,29,Sitting,False,0.62,compressed_sitting,0.32619027750431884,0.6674815658654772,0.5024530589580536
adl-01-cam0-rgb,1782844804.3004332,30,Sitting,False,0.62,compressed_sitting,0.3282882479314653,0.6188129473140219,0.5038775205612183
adl-01-cam0-rgb,1782844804.3469503,31,Sitting,False,0.62,compressed_sitting,0.33586116267355903,1.1641906642379956,0.5014869421720505
adl-01-cam0-rgb,1782844804.3959734,32,Sitting,False,0.62,compressed_sitting,0.3255978150052592,0.7952491608253701,0.49957235157489777
adl-01-cam0-rgb,1782844804.443485,33,Sitting,False,0.62,compressed_sitting,0.33437535649375594,1.0010190156496672,0.5012505501508713
adl-01-cam0-rgb,1782844804.4894848,34,Sitting,False,0.62,compressed_sitting,0.3381618270874158,0.6613195225543177,0.5027531236410141
adl-01-cam0-rgb,1782844804.5410428,35,Sitting,False,0.62,compressed_sitting,0.3371925375624144,0.05063991333132434,0.5012170225381851
adl-01-cam0-rgb,1782844804.594045,36,Sitting,False,0.62,compressed_sitting,0.343784630039339,0.694107905841331,0.4997876286506653
adl-01-cam0-rgb,1782844804.643286,37,Sitting,False,0.62,compressed_sitting,0.34349483281950693,0.5944234325029086,0.5029941499233246
adl-01-cam0-rgb,1782844804.689293,38,Sitting,False,0.62,compressed_sitting,0.34504861764984057,0.07309183258215995,0.49962861835956573
adl-01-cam0-rgb,1782844804.7408917,39,Sitting,False,0.62,compressed_sitting,0.3406114578240108,0.32987122502248484,0.500718891620636
adl-01-cam0-rgb,1782844804.7908874,40,Sitting,False,0.62,compressed_sitting,0.3439165807277161,0.48747489462355964,0.5012587904930115
adl-01-cam0-rgb,1782844804.8424103,41,Sitting,False,0.62,compressed_sitting,0.34819929335194844,0.9386468743124402,0.5050447136163712
adl-01-cam0-rgb,1782844804.8954399,42,Sitting,False,0.62,compressed_sitting,0.3540609842313019,0.2408246693634043,0.5041745603084564
adl-01-cam0-rgb,1782844804.9439476,43,Sitting,False,0.62,compressed_sitting,0.34798474826237885,0.7876133059795246,0.5052521079778671
adl-01-cam0-rgb,1782844804.9929395,44,Sitting,False,0.62,compressed_sitting,0.3617149495051303,0.562659009194316,0.5060501396656036
adl-01-cam0-rgb,1782844805.0434756,45,Sitting,False,0.62,compressed_sitting,0.3636531793082074,1.1822232258272485,0.506452664732933
adl-01-cam0-rgb,1782844805.0894706,46,Sitting,False,0.62,compressed_sitting,0.36395297223642875,0.7036864442065442,0.507783055305481
adl-01-cam0-rgb,1782844805.1350052,47,Sitting,False,0.62,compressed_sitting,0.3804110604118812,1.5345997615712634,0.5079133063554764
adl-01-cam0-rgb,1782844805.177974,48,Sitting,False,0.62,compressed_sitting,0.3719873986989744,0.5582892942440754,0.5051532536745071
adl-01-cam0-rgb,1782844805.2245119,49,Sitting,False,0.62,compressed_sitting,0.37796478840572517,0.6554397810061063,0.5044078677892685
adl-01-cam0-rgb,1782844805.27395,50,Sitting,False,0.62,compressed_sitting,0.3799952904061872,1.276104412687067,0.5047545284032822
adl-01-cam0-rgb,1782844805.3183746,51,Sitting,False,0.62,compressed_sitting,0.3830855995805743,2.0778717382995544,0.5001650750637054
adl-01-cam0-rgb,1782844805.360376,52,Sitting,False,0.62,compressed_sitting,0.3876912624212192,1.3849225877528544,0.5085822939872742
adl-01-cam0-rgb,1782844805.4084706,53,Sitting,False,0.62,compressed_sitting,0.3936680903512322,2.2995089495215506,0.5040568560361862
adl-01-cam0-rgb,1782844805.4509988,54,Sitting,False,0.62,compressed_sitting,0.38564372131339275,2.2880908640849125,0.49825406074523926
adl-01-cam0-rgb,1782844805.496007,55,Sitting,False,0.62,compressed_sitting,0.3877940866006784,2.6780201719305547,0.5024233460426331
adl-01-cam0-rgb,1782844805.5433526,56,Sitting,False,0.62,compressed_sitting,0.39826109273068117,2.893277989345043,0.5052265226840973
adl-01-cam0-rgb,1782844805.5907323,57,Sitting,False,0.62,compressed_sitting,0.39899526333219204,3.9611120575398457,0.5065540820360184
adl-01-cam0-rgb,1782844805.6328132,58,Sitting,False,0.62,compressed_sitting,0.40747373838190315,3.7687605770459527,0.5101761817932129
adl-01-cam0-rgb,1782844805.6794047,59,Sitting,False,0.62,compressed_sitting,0.4032277363118199,3.1526738447388727,0.5104618221521378
adl-01-cam0-rgb,1782844805.720963,60,Sitting,False,0.62,compressed_sitting,0.4032594444683037,3.302866431459794,0.5168523639440536
adl-01-cam0-rgb,1782844805.7709696,61,Sitting,False,0.62,compressed_sitting,0.411942008837367,2.682622130611767,0.5204778611660004
adl-01-cam0-rgb,1782844805.8136942,62,Sitting,False,0.62,compressed_sitting,0.41891234029247926,1.997471823284302,0.5195253044366837
adl-01-cam0-rgb,1782844805.8597615,63,Sitting,False,0.62,compressed_sitting,0.42494484987946185,1.5864599397056685,0.52402663230896
adl-01-cam0-rgb,1782844805.9095297,64,Sitting,False,0.62,compressed_sitting,0.4246258449904275,1.1523922808681588,0.5266066640615463
adl-01-cam0-rgb,1782844805.9599946,65,Sitting,False,0.62,compressed_sitting,0.4271996464832905,1.6220147328522727,0.5239506214857101
adl-01-cam0-rgb,1782844805.9990003,66,Sitting,False,0.62,compressed_sitting,0.4303018878595481,1.527788497732267,0.5225449651479721
adl-01-cam0-rgb,1782844806.0435438,67,Sitting,False,0.62,compressed_sitting,0.4232664909466782,1.3753486238123704,0.5231044292449951
adl-01-cam0-rgb,1782844806.0846643,68,Sitting,False,0.62,compressed_sitting,0.43148126834322803,0.44069261280123734,0.5220704078674316
adl-01-cam0-rgb,1782844806.127306,69,Sitting,False,0.62,upright,0.44750622904532744,0.8024784888175704,0.5208870023488998
adl-01-cam0-rgb,1782844806.165465,70,Standing,False,0.62,upright,0.4526778047547337,0.6714179302080951,0.5199003666639328
adl-01-cam0-rgb,1782844806.2052875,71,Standing,False,0.62,upright_max_height,0.46243457319615816,0.47954149619043396,0.5206597596406937
adl-01-cam0-rgb,1782844806.246831,72,Standing,False,0.62,upright_max_height,0.4683005218764282,0.15839630869456553,0.5194569081068039
adl-01-cam0-rgb,1782844806.2876878,73,Standing,False,0.62,upright_max_height,0.4682499506918869,0.16274827653367294,0.5239220857620239
adl-01-cam0-rgb,1782844806.332407,74,Standing,False,0.62,upright_max_height,0.46562734503152214,0.6638056346443757,0.5207871049642563
adl-01-cam0-rgb,1782844806.3744068,75,Standing,False,0.62,upright_max_height,0.46829986146591723,0.5156003272901212,0.5191047489643097
adl-01-cam0-rgb,1782844806.4189394,76,Standing,False,0.62,upright_max_height,0.47154360528942013,0.8296522040085523,0.5176358968019485
adl-01-cam0-rgb,1782844806.4589863,77,Standing,False,0.62,upright_max_height,0.4736305872619614,1.1763071456948377,0.524053767323494
adl-01-cam0-rgb,1782844806.5019495,78,Standing,False,0.62,upright_max_height,0.48011311761672254,0.5734137941199133,0.5278474539518356
adl-01-cam0-rgb,1782844806.5421534,79,Standing,False,0.62,upright_max_height,0.47891877696393836,2.1065221196999993,0.5347974449396133
adl-01-cam0-rgb,1782844806.5821586,80,Standing,False,0.62,upright_max_height,0.4820090080498585,0.7967582714271044,0.5342741459608078
adl-01-cam0-rgb,1782844806.6249409,81,Standing,False,0.62,upright_max_height,0.48849501610308904,1.2193930473509824,0.530055895447731
adl-01-cam0-rgb,1782844806.665379,82,Standing,False,0.62,upright_max_height,0.5053623198661308,4.394119317708455,0.534072995185852
adl-01-cam0-rgb,1782844806.7121618,83,Unknown,False,0.0,missing_upper_body_keypoints,nan,nan,nan
adl-01-cam0-rgb,1782844806.7542105,84,Unknown,False,0.62,upright_max_height,0.5061714640181448,7.508366104630796,0.5422057807445526
adl-01-cam0-rgb,1782844806.8002806,85,Standing,False,0.62,upright_max_height,0.5025596471792236,7.929715360877458,0.5388493239879608
adl-01-cam0-rgb,1782844806.844906,86,Standing,False,0.62,upright_max_height,0.5100747859431002,8.884980495159605,0.5334066599607468
adl-01-cam0-rgb,1782844806.8859847,87,Standing,False,0.62,upright_max_height,0.5121094734492331,10.923604918111268,0.5378259718418121
adl-01-cam0-rgb,1782844806.934528,88,Standing,False,0.62,upright_max_height,0.5135555810093446,8.242579882783998,0.5287073254585266
adl-01-cam0-rgb,1782844806.9805315,89,Standing,False,0.62,upright_max_height,0.5044867856656058,9.062095186699713,0.5289972871541977
adl-01-cam0-rgb,1782844807.0254428,90,Standing,False,0.62,upright_max_height,0.5130867849454452,9.803947940785909,0.5382861942052841
adl-01-cam0-rgb,1782844807.0743675,91,Standing,False,0.62,upright_max_height,0.5125901970494133,10.593765326479858,0.5377567261457443
adl-01-cam0-rgb,1782844807.125209,92,Standing,False,0.62,upright_max_height,0.5058353051298562,12.350300612906837,0.5340326279401779
adl-01-cam0-rgb,1782844807.1783888,93,Standing,False,0.62,upright_max_height,0.500577216848164,14.310341967196173,0.535179078578949
adl-01-cam0-rgb,1782844807.2251058,94,Standing,False,0.62,upright_max_height,0.4982044912205461,15.826926767812663,0.5345466285943985
adl-01-cam0-rgb,1782844807.2805965,95,Standing,False,0.62,upright_max_height,0.49476816584626654,15.52246125417294,0.5326641649007797
adl-01-cam0-rgb,1782844807.3232234,96,Standing,False,0.62,upright_max_height,0.47676997367121887,21.111324949132673,0.5385724157094955
adl-01-cam0-rgb,1782844807.368463,97,Standing,False,0.62,upright_max_height,0.48056366614800455,21.528820764546577,0.5391109138727188
adl-01-cam0-rgb,1782844807.4114687,98,Standing,False,0.62,upright_max_height,0.48629729827575946,21.970750697074674,0.5297220051288605
adl-01-cam0-rgb,1782844807.4619792,99,Standing,False,0.62,upright_max_height,0.4771004845013591,22.7665052020522,0.5230057239532471
adl-01-cam0-rgb,1782844807.5049999,100,Standing,False,0.62,upright,0.4685365988245563,24.72153096206844,0.5192251950502396
adl-01-cam0-rgb,1782844807.5516016,101,Standing,False,0.62,upright,0.4702805092721427,25.021343657289417,0.5132076591253281
adl-01-cam0-rgb,1782844807.5935228,102,Standing,False,0.62,upright,0.4672379945904097,26.43310785053041,0.5091394335031509
adl-01-cam0-rgb,1782844807.6454523,103,Standing,False,0.62,upright,0.4654650300853797,27.363711037851914,0.5040531307458878
adl-01-cam0-rgb,1782844807.7044783,104,Standing,False,0.62,upright,0.4540086545147017,27.789099094536805,0.4953145980834961
adl-01-cam0-rgb,1782844807.7470121,105,Standing,False,0.62,compressed_sitting,0.4451490925035957,30.187027829536525,0.4915626347064972
adl-01-cam0-rgb,1782844807.788016,106,Sitting,False,0.62,compressed_sitting,0.4346511423163391,29.751586178729063,0.4841587245464325
adl-01-cam0-rgb,1782844807.8310907,107,Sitting,False,0.62,compressed_sitting,0.4322942672237248,31.366434432245363,0.47879624366760254
adl-01-cam0-rgb,1782844807.8838804,108,Sitting,False,0.62,compressed_sitting,0.4236933492736465,33.40842860029256,0.4703623950481415
adl-01-cam0-rgb,1782844807.9254217,109,Sitting,False,0.62,compressed_sitting,0.40482966506146384,34.89612260237989,0.46686017513275146
adl-01-cam0-rgb,1782844807.9664152,110,Sitting,False,0.62,compressed_sitting,0.3928177951417041,36.07592495121647,0.4599863588809967
adl-01-cam0-rgb,1782844808.0094206,111,Sitting,False,0.62,compressed_sitting,0.38161527912081145,36.860773624351204,0.452276349067688
adl-01-cam0-rgb,1782844808.0529268,112,Sitting,False,0.62,compressed_sitting,0.3694926255801798,35.84748844737942,0.43966197967529297
adl-01-cam0-rgb,1782844808.0967257,113,Sitting,False,0.62,compressed_sitting,0.34674714714849575,37.3185853155442,0.428256094455719
adl-01-cam0-rgb,1782844808.1423035,114,Sitting,False,0.62,compressed_sitting,0.3438261393835648,39.51089251710104,0.4221414625644684
adl-01-cam0-rgb,1782844808.1892192,115,Sitting,False,0.62,compressed_sitting,0.3290916268197216,39.47381600309323,0.41114941239356995
adl-01-cam0-rgb,1782844808.2328758,116,Sitting,False,0.62,compressed_sitting,0.31819996133430867,32.95914690896201,0.4004427492618561
adl-01-cam0-rgb,1782844808.2766623,117,Sitting,False,0.62,compressed_sitting,0.3046519649362607,32.305767961325174,0.3896370530128479
adl-01-cam0-rgb,1782844808.3202152,118,Sitting,False,0.62,compressed_sitting,0.2915203247746711,31.18117462696765,0.3730640709400177
adl-01-cam0-rgb,1782844808.3632047,119,Sitting,False,0.62,compressed_sitting,0.2903135331260808,29.20755755850825,0.3628874123096466
adl-01-cam0-rgb,1782844808.4062018,120,Sitting,False,0.62,compressed_sitting,0.27367887894717147,31.74271045965143,0.36453089118003845
adl-01-cam0-rgb,1782844808.448541,121,Sitting,False,0.62,compressed_sitting,0.26877248514418317,29.146246520338337,0.3499974012374878
adl-01-cam0-rgb,1782844808.490543,122,Sitting,False,0.62,compressed_sitting,0.2560087047048744,28.74845789618598,0.3465527296066284
adl-01-cam0-rgb,1782844808.5321093,123,Sitting,False,0.62,compressed_sitting,0.2561420547316413,30.982911427194335,0.35040807723999023
adl-01-cam0-rgb,1782844808.572587,124,Sitting,False,0.62,compressed_sitting,0.24227624947790952,28.27511269504821,0.33385440707206726
adl-01-cam0-rgb,1782844808.612952,125,Sitting,False,0.62,compressed_sitting,0.23407909682070716,30.248500071030016,0.3247051239013672
adl-01-cam0-rgb,1782844808.6547627,126,Sitting,False,0.62,compressed_sitting,0.2360757880973993,29.78805710644737,0.3227127194404602
adl-01-cam0-rgb,1782844808.6967576,127,Sitting,False,0.62,compressed_sitting,0.22360909751737013,27.494299221780757,0.31277090311050415
adl-01-cam0-rgb,1782844808.736304,128,Sitting,False,0.62,compressed_sitting,0.21569777277206956,29.082543367318536,0.3191026747226715
adl-01-cam0-rgb,1782844808.7826886,129,Sitting,False,0.62,compressed_sitting,0.23117619990975774,30.933878850306968,0.3210182785987854
adl-01-cam0-rgb,1782844808.8236613,130,Lying,False,0.65,"horizontal_span,slow_lie",0.18795257504810234,29.55872195322958,0.29139190912246704
adl-01-cam0-rgb,1782844808.8646495,131,Lying,False,0.65,"horizontal_span,slow_lie",0.2035708091810397,30.453913567694265,0.3081513047218323
adl-01-cam0-rgb,1782844808.9070437,132,Lying,False,0.65,"horizontal_span,slow_lie",0.20333689743286876,31.560761068796673,0.3099973201751709
adl-01-cam0-rgb,1782844808.9482758,133,Lying,False,0.65,"horizontal_span,slow_lie",0.20402009767940862,31.854684446073207,0.3060545325279236
adl-01-cam0-rgb,1782844808.9892755,134,Lying,False,0.65,"compressed_sitting,slow_lie",0.21596352516967032,29.215143993289868,0.30825522541999817
adl-01-cam0-rgb,1782844809.0308228,135,Lying,False,0.65,"horizontal_span,slow_lie",0.2046248944423226,29.60886663786851,0.3091581165790558
adl-01-cam0-rgb,1782844809.072843,136,Lying,False,0.65,"horizontal_span,slow_lie",0.20314924607934226,30.18145371613445,0.2987539768218994
adl-01-cam0-rgb,1782844809.114436,137,Lying,False,0.65,"compressed_sitting,slow_lie",0.21002999645304468,32.04477526437776,0.3134155869483948
adl-01-cam0-rgb,1782844809.159082,138,Lying,False,0.65,"horizontal_span,slow_lie",0.19774676666444668,29.901296940946086,0.3033905029296875
adl-01-cam0-rgb,1782844809.2009199,139,Lying,False,0.65,"horizontal_span,slow_lie",0.19220879556613718,30.85109282758299,0.3025752902030945
adl-01-cam0-rgb,1782844809.2501044,140,Lying,False,0.65,"compressed_sitting,slow_lie",0.2099591930107162,31.716264109742987,0.3173869252204895
adl-01-cam0-rgb,1782844809.298106,141,Sitting,False,0.62,compressed_sitting,0.218068529015054,31.233844536323264,0.31570959091186523
adl-01-cam0-rgb,1782844809.3675845,142,Lying,False,0.65,"horizontal_span,slow_lie",0.19077511619341753,28.710351791555805,0.296631783246994
adl-01-cam0-rgb,1782844809.4141774,143,Lying,False,0.65,"compressed_sitting,slow_lie",0.20942720181114516,29.16803413031404,0.30270907282829285
adl-01-cam0-rgb,1782844809.4645073,144,Lying,False,0.65,"horizontal_span,slow_lie",0.19517618496177822,29.474084838660517,0.2980494797229767
adl-01-cam0-rgb,1782844809.506896,145,Lying,False,0.65,"horizontal_span,slow_lie",0.19788544140064784,29.732573693979003,0.298547625541687
adl-01-cam0-rgb,1782844809.5654042,146,Lying,False,0.65,"horizontal_span,slow_lie",0.19151966064317552,29.701321024748257,0.29836422204971313
adl-01-cam0-rgb,1782844809.6159377,147,Lying,False,0.65,"compressed_sitting,slow_lie",0.2090378135567226,30.715109832941195,0.3164577782154083
adl-01-cam0-rgb,1782844809.6761777,148,Lying,False,0.65,"horizontal_span,slow_lie",0.19989950765666034,29.618913070563817,0.3019263744354248
adl-01-cam0-rgb,1782844809.7207165,149,Lying,False,0.65,"horizontal_span,slow_lie",0.19697096755170324,30.35816577035714,0.3017369508743286
adl-01-cam0-rgb,1782844809.7717278,150,Lying,False,0.65,"compressed_sitting,slow_lie",0.2134113751562996,33.41186689895531,0.3154624104499817
adl-02-cam0-rgb,1782844809.8362327,1,Unknown,False,0.0,missing_upper_body_keypoints,nan,nan,nan
adl-02-cam0-rgb,1782844809.8592339,2,Unknown,False,0.0,missing_upper_body_keypoints,nan,nan,nan
adl-02-cam0-rgb,1782844809.8852324,3,Unknown,False,0.0,missing_upper_body_keypoints,nan,nan,nan
adl-02-cam0-rgb,1782844809.9092674,4,Unknown,False,0.0,missing_upper_body_keypoints,nan,nan,nan
adl-02-cam0-rgb,1782844809.932798,5,Unknown,False,0.0,missing_upper_body_keypoints,nan,nan,nan
adl-02-cam0-rgb,1782844809.955791,6,Unknown,False,0.0,missing_upper_body_keypoints,nan,nan,nan
adl-02-cam0-rgb,1782844809.9787915,7,Unknown,False,0.0,missing_upper_body_keypoints,nan,nan,nan
adl-02-cam0-rgb,1782844810.0017936,8,Unknown,False,0.0,missing_upper_body_keypoints,nan,nan,nan
adl-02-cam0-rgb,1782844810.026303,9,Unknown,False,0.0,missing_upper_body_keypoints,nan,nan,nan
adl-02-cam0-rgb,1782844810.0523095,10,Unknown,False,0.0,missing_upper_body_keypoints,nan,nan,nan
adl-02-cam0-rgb,1782844810.0773075,11,Unknown,False,0.0,missing_upper_body_keypoints,nan,nan,nan
adl-02-cam0-rgb,1782844810.1153128,12,Unknown,False,0.0,missing_upper_body_keypoints,nan,nan,nan
adl-02-cam0-rgb,1782844810.14179,13,Unknown,False,0.0,missing_upper_body_keypoints,nan,nan,nan
adl-02-cam0-rgb,1782844810.1634874,14,Unknown,False,0.0,missing_upper_body_keypoints,nan,nan,nan
adl-02-cam0-rgb,1782844810.1854606,15,Unknown,False,0.0,missing_upper_body_keypoints,nan,nan,nan
adl-02-cam0-rgb,1782844810.208735,16,Unknown,False,0.0,missing_upper_body_keypoints,nan,nan,nan
adl-02-cam0-rgb,1782844810.2303061,17,Unknown,False,0.0,missing_upper_body_keypoints,nan,nan,nan
adl-02-cam0-rgb,1782844810.251301,18,Unknown,False,0.0,missing_upper_body_keypoints,nan,nan,nan
adl-02-cam0-rgb,1782844810.2799516,19,Unknown,False,0.0,missing_upper_body_keypoints,nan,nan,nan
adl-02-cam0-rgb,1782844810.307964,20,Unknown,False,0.0,missing_upper_body_keypoints,nan,nan,nan
adl-02-cam0-rgb,1782844810.3364713,21,Unknown,False,0.0,missing_upper_body_keypoints,nan,nan,nan
adl-02-cam0-rgb,1782844810.3636298,22,Unknown,False,0.0,missing_upper_body_keypoints,nan,nan,nan
adl-02-cam0-rgb,1782844810.389056,23,Unknown,False,0.0,missing_upper_body_keypoints,nan,nan,nan
adl-02-cam0-rgb,1782844810.4110684,24,Unknown,False,0.0,missing_upper_body_keypoints,nan,nan,nan
adl-02-cam0-rgb,1782844810.4345713,25,Unknown,False,0.0,missing_upper_body_keypoints,nan,nan,nan
adl-02-cam0-rgb,1782844810.4556913,26,Unknown,False,0.0,missing_upper_body_keypoints,nan,nan,nan
adl-02-cam0-rgb,1782844810.4787405,27,Unknown,False,0.0,missing_upper_body_keypoints,nan,nan,nan
adl-02-cam0-rgb,1782844810.5027518,28,Unknown,False,0.0,missing_upper_body_keypoints,nan,nan,nan
adl-02-cam0-rgb,1782844810.5266538,29,Unknown,False,0.0,missing_upper_body_keypoints,nan,nan,nan
adl-02-cam0-rgb,1782844810.5487883,30,Unknown,False,0.0,missing_upper_body_keypoints,nan,nan,nan
adl-02-cam0-rgb,1782844810.5710306,31,Unknown,False,0.0,missing_upper_body_keypoints,nan,nan,nan
adl-02-cam0-rgb,1782844810.5932682,32,Unknown,False,0.0,missing_upper_body_keypoints,nan,nan,nan
adl-02-cam0-rgb,1782844810.6168048,33,Unknown,False,0.0,missing_upper_body_keypoints,nan,nan,nan
adl-02-cam0-rgb,1782844810.641273,34,Unknown,False,0.0,missing_upper_body_keypoints,nan,nan,nan
adl-02-cam0-rgb,1782844810.663269,35,Unknown,False,0.0,missing_upper_body_keypoints,nan,nan,nan
adl-02-cam0-rgb,1782844810.6882696,36,Unknown,False,0.0,missing_upper_body_keypoints,nan,nan,nan
adl-02-cam0-rgb,1782844810.715282,37,Unknown,False,0.0,missing_upper_body_keypoints,nan,nan,nan
adl-02-cam0-rgb,1782844810.7378206,38,Unknown,False,0.0,missing_upper_body_keypoints,nan,nan,nan
adl-02-cam0-rgb,1782844810.7628174,39,Unknown,False,0.0,missing_upper_body_keypoints,nan,nan,nan
adl-02-cam0-rgb,1782844810.7848163,40,Unknown,False,0.0,missing_upper_body_keypoints,nan,nan,nan
adl-02-cam0-rgb,1782844810.8118227,41,Unknown,False,0.0,missing_upper_body_keypoints,nan,nan,nan
adl-02-cam0-rgb,1782844810.841071,42,Unknown,False,0.62,compressed_sitting,0.3464712316920537,0.6782965629157427,0.48057523369789124
adl-02-cam0-rgb,1782844810.890076,43,Sitting,False,0.62,compressed_sitting,0.343293254965871,2.156687962956679,0.48724302649497986
adl-02-cam0-rgb,1782844810.9414709,44,Sitting,False,0.62,compressed_sitting,0.32866369060121214,4.240269376636198,0.4947647452354431
adl-02-cam0-rgb,1782844810.9850657,45,Sitting,False,0.62,compressed_sitting,0.3374577919374452,4.503066580650447,0.489266037940979
adl-02-cam0-rgb,1782844811.02931,46,Sitting,False,0.62,compressed_sitting,0.3549568126256621,4.326468670294048,0.4942515790462494
adl-02-cam0-rgb,1782844811.0754542,47,Sitting,False,0.62,compressed_sitting,0.34279994375337375,4.600049249415931,0.5005733668804169
adl-02-cam0-rgb,1782844811.121221,48,Sitting,False,0.62,compressed_sitting,0.325214076521547,3.582564909576423,0.49936310946941376
adl-02-cam0-rgb,1782844811.167584,49,Sitting,False,0.62,compressed_sitting,0.33322597077516664,4.360811479773214,0.4967346787452698
adl-02-cam0-rgb,1782844811.2092922,50,Sitting,False,0.62,compressed_sitting,0.323181101765286,4.004399921560114,0.5017391890287399
adl-02-cam0-rgb,1782844811.2527983,51,Sitting,False,0.62,compressed_sitting,0.31081182574024335,2.450467077226914,0.5027599781751633
adl-02-cam0-rgb,1782844811.3005242,52,Sitting,False,0.62,compressed_sitting,0.3134141999868741,2.16108068656867,0.5005247592926025
adl-02-cam0-rgb,1782844811.3467922,53,Sitting,False,0.62,compressed_sitting,0.32033560298705477,2.2310296341604023,0.49724894762039185
adl-02-cam0-rgb,1782844811.3907986,54,Sitting,False,0.62,compressed_sitting,0.3247665795270879,3.4988022405253716,0.4965313971042633
adl-02-cam0-rgb,1782844811.4323273,55,Sitting,False,0.62,compressed_sitting,0.31838750025946694,1.373134589334562,0.49925923347473145
adl-02-cam0-rgb,1782844811.475313,56,Sitting,False,0.62,compressed_sitting,0.3248102901437684,1.6705634230313484,0.4966587722301483
adl-02-cam0-rgb,1782844811.5178251,57,Sitting,False,0.62,compressed_sitting,0.3274988694602656,1.9428339755947142,0.499263659119606
adl-02-cam0-rgb,1782844811.5613434,58,Sitting,False,0.62,compressed_sitting,0.32816377310108363,1.092807894292419,0.49874113500118256
adl-02-cam0-rgb,1782844811.6083713,59,Sitting,False,0.62,compressed_sitting,0.3237984912229827,1.2522471391522085,0.49949146807193756
adl-02-cam0-rgb,1782844811.6492958,60,Sitting,False,0.62,compressed_sitting,0.3316042188875182,0.7001450495702773,0.4994678199291229
adl-02-cam0-rgb,1782844811.6948323,61,Sitting,False,0.62,compressed_sitting,0.3223298165410331,0.08804665271424,0.497478187084198
adl-02-cam0-rgb,1782844811.7404337,62,Sitting,False,0.62,compressed_sitting,0.33322053912627475,0.6393495738719965,0.4992486834526062
adl-02-cam0-rgb,1782844811.7824323,63,Sitting,False,0.62,compressed_sitting,0.3281862213268378,1.0169615827570126,0.5015800297260284
adl-02-cam0-rgb,1782844811.82729,64,Sitting,False,0.62,compressed_sitting,0.3356809054488716,0.08798641471821195,0.5026691854000092
adl-02-cam0-rgb,1782844811.8672621,65,Sitting,False,0.62,compressed_sitting,0.33256959621305204,1.1811611309075711,0.5016033947467804
adl-02-cam0-rgb,1782844811.913271,66,Sitting,False,0.62,compressed_sitting,0.34742850711765133,1.375367173061932,0.501351848244667
adl-02-cam0-rgb,1782844811.9587772,67,Sitting,False,0.62,compressed_sitting,0.348290852781972,1.2316966090130435,0.5054221451282501
adl-02-cam0-rgb,1782844812.0007772,68,Sitting,False,0.62,compressed_sitting,0.3531641967303787,1.2714674953125589,0.5057735294103622
adl-02-cam0-rgb,1782844812.0464776,69,Sitting,False,0.62,compressed_sitting,0.35654558089209787,1.3607356855820751,0.5020502209663391
adl-02-cam0-rgb,1782844812.0944762,70,Sitting,False,0.62,compressed_sitting,0.3640389492123895,1.0741483841350408,0.49949610233306885
adl-02-cam0-rgb,1782844812.13723,71,Sitting,False,0.62,compressed_sitting,0.36186509784406473,2.620099826777807,0.4988214671611786
adl-02-cam0-rgb,1782844812.179533,72,Sitting,False,0.62,compressed_sitting,0.36287009065931164,2.656357328237456,0.49531859159469604
adl-02-cam0-rgb,1782844812.2251868,73,Sitting,False,0.62,compressed_sitting,0.3643333493074041,2.2707810027799837,0.4966249465942383
adl-02-cam0-rgb,1782844812.2680526,74,Sitting,False,0.62,compressed_sitting,0.36556169488698687,2.7282833832693734,0.5004109293222427
adl-02-cam0-rgb,1782844812.3130789,75,Sitting,False,0.62,compressed_sitting,0.36974725534091885,3.6600018428491627,0.5003164559602737
adl-02-cam0-rgb,1782844812.3555899,76,Sitting,False,0.62,compressed_sitting,0.3680047724736453,3.294481956556838,0.5046052187681198
adl-02-cam0-rgb,1782844812.3975954,77,Sitting,False,0.62,compressed_sitting,0.36956735666837115,2.3217945281456256,0.504250705242157
adl-02-cam0-rgb,1782844812.4415104,78,Sitting,False,0.62,compressed_sitting,0.3738700678713739,3.609142114919897,0.5066007971763611
adl-02-cam0-rgb,1782844812.4815063,79,Sitting,False,0.62,compressed_sitting,0.3661597236358142,3.146710549293323,0.5105553269386292
adl-02-cam0-rgb,1782844812.524097,80,Sitting,False,0.62,compressed_sitting,0.39098726894688973,3.6578131107158516,0.5116724967956543
adl-02-cam0-rgb,1782844812.5644426,81,Sitting,False,0.62,compressed_sitting,0.3863161038928761,2.9247743690362062,0.5139201730489731
adl-02-cam0-rgb,1782844812.6062622,82,Sitting,False,0.62,compressed_sitting,0.39147115425496115,3.0321144599985965,0.5156872719526291
adl-02-cam0-rgb,1782844812.6481187,83,Sitting,False,0.62,compressed_sitting,0.39143103282745184,3.597572353892833,0.5139794796705246
adl-02-cam0-rgb,1782844812.6901157,84,Sitting,False,0.62,compressed_sitting,0.40719784099963124,2.6969651931023875,0.515721395611763
adl-02-cam0-rgb,1782844812.7326055,85,Sitting,False,0.62,compressed_sitting,0.3969998952441358,2.7263122517273954,0.5183164328336716
adl-02-cam0-rgb,1782844812.7725813,86,Sitting,False,0.62,compressed_sitting,0.40303198882561,2.1602004838686764,0.5199657082557678
adl-02-cam0-rgb,1782844812.8145838,87,Sitting,False,0.62,compressed_sitting,0.3988850137322425,1.9411124764783152,0.5197816789150238
adl-02-cam0-rgb,1782844812.8572495,88,Sitting,False,0.62,compressed_sitting,0.40172458598423516,1.1889398152077364,0.5184534341096878
adl-02-cam0-rgb,1782844812.9017282,89,Sitting,False,0.62,compressed_sitting,0.4106820900536847,0.6847976177398905,0.5163367837667465
adl-02-cam0-rgb,1782844812.9457617,90,Sitting,False,0.62,compressed_sitting,0.4098065635542961,0.4505874636944162,0.5171475410461426
adl-02-cam0-rgb,1782844812.9867573,91,Sitting,False,0.62,compressed_sitting,0.41062728899017736,0.8744600125309386,0.5125787258148193
adl-02-cam0-rgb,1782844813.0408754,92,Sitting,False,0.62,compressed_sitting,0.4081994464331494,1.2205070386869616,0.5112913846969604
adl-02-cam0-rgb,1782844813.083164,93,Sitting,False,0.62,compressed_sitting,0.41566925059387044,0.8664789924393106,0.5114601105451584
adl-02-cam0-rgb,1782844813.126702,94,Sitting,False,0.62,compressed_sitting,0.41573930761037964,0.07699016936087302,0.5114531368017197
adl-02-cam0-rgb,1782844813.1706443,95,Sitting,False,0.62,compressed_sitting,0.4216840105035206,0.3289014719362811,0.5115169286727905
adl-02-cam0-rgb,1782844813.212174,96,Sitting,False,0.62,compressed_sitting,0.4225178766209651,0.5336253372556896,0.5137000530958176
adl-02-cam0-rgb,1782844813.2558942,97,Sitting,False,0.62,compressed_sitting,0.4216165388779753,0.9222459499125414,0.5122474282979965
adl-02-cam0-rgb,1782844813.3003173,98,Sitting,False,0.62,compressed_sitting,0.43987543463884426,1.1221608460950263,0.5141337811946869
adl-02-cam0-rgb,1782844813.339177,99,Sitting,False,0.62,compressed_sitting,0.4258374208874665,0.3973125266868922,0.5174242705106735
adl-02-cam0-rgb,1782844813.3995996,100,Sitting,False,0.62,compressed_sitting,0.42906558843469944,0.005881569378948095,0.5198264420032501
adl-02-cam0-rgb,1782844813.4434156,101,Sitting,False,0.62,compressed_sitting,0.43582049324926475,0.4059715350306407,0.5182817280292511
adl-02-cam0-rgb,1782844813.4858234,102,Sitting,False,0.62,upright,0.4499231701007189,0.3022130554077729,0.5218090862035751
adl-02-cam0-rgb,1782844813.531438,103,Standing,False,0.62,upright,0.4598309581685586,0.4405648708986834,0.5162822306156158
adl-02-cam0-rgb,1782844813.5784366,104,Standing,False,0.62,upright_max_height,0.46342859048135726,1.0744681117061703,0.5183028429746628
adl-02-cam0-rgb,1782844813.6231046,105,Standing,False,0.62,upright_max_height,0.47069458601199815,1.1810710797252968,0.5174757689237595
adl-02-cam0-rgb,1782844813.6671088,106,Standing,False,0.62,upright_max_height,0.4748953789188515,1.074426105023542,0.5155278891324997
adl-02-cam0-rgb,1782844813.7105503,107,Standing,False,0.62,upright_max_height,0.4776062216854482,0.9289735043223774,0.5176897346973419
adl-02-cam0-rgb,1782844813.7556152,108,Standing,False,0.62,upright_max_height,0.47974525270060614,1.2033310251979075,0.5143398493528366
adl-02-cam0-rgb,1782844813.8005326,109,Standing,False,0.62,upright_max_height,0.48240156458766015,0.6679868619760309,0.5167684704065323
adl-02-cam0-rgb,1782844813.8449562,110,Standing,False,0.62,upright_max_height,0.48311021967169704,0.07352720812060545,0.5181836485862732
adl-02-cam0-rgb,1782844813.8889515,111,Standing,False,0.62,upright_max_height,0.48501405101128625,1.1691174535968754,0.5183951705694199
adl-02-cam0-rgb,1782844813.9354987,112,Standing,False,0.62,upright_max_height,0.486529458764812,1.1362795031434638,0.5161640793085098
adl-02-cam0-rgb,1782844813.979486,113,Standing,False,0.62,upright_max_height,0.4802445843014843,0.8213735465067824,0.5114767998456955
adl-02-cam0-rgb,1782844814.0260408,114,Standing,False,0.62,upright_max_height,0.4748439938025264,0.45268414977841875,0.5063337236642838
adl-02-cam0-rgb,1782844814.125557,115,Standing,False,0.62,upright_max_height,0.47216623891241055,1.0319421180101525,0.5020773857831955
adl-02-cam0-rgb,1782844814.1750166,116,Standing,False,0.62,upright_max_height,0.4650778137696599,1.38935247230248,0.5008169412612915
adl-02-cam0-rgb,1782844814.2315793,117,Standing,False,0.62,upright_max_height,0.46201228990981225,1.7088718284534135,0.49413323402404785
adl-02-cam0-rgb,1782844814.2756786,118,Standing,False,0.62,upright_max_height,0.46072441696877087,1.551895457954721,0.4900696575641632
adl-02-cam0-rgb,1782844814.344722,119,Standing,False,0.62,upright,0.4586520013538641,1.9109918540552406,0.48455867171287537
adl-02-cam0-rgb,1782844814.3877397,120,Standing,False,0.62,upright_max_height,0.46421177291537175,2.8695651838162104,0.4809158146381378
adl-02-cam0-rgb,1782844814.4352617,121,Standing,False,0.62,upright,0.4529439902082359,2.1665261233396387,0.47558504343032837
adl-02-cam0-rgb,1782844814.4911973,122,Standing,False,0.62,upright,0.4452653753131167,1.997399290132857,0.4649779498577118
adl-02-cam0-rgb,1782844814.535684,123,Standing,False,0.62,compressed_sitting,0.4341088372909778,1.1806314395182755,0.45636147260665894
adl-02-cam0-rgb,1782844814.5836756,124,Sitting,False,0.62,compressed_sitting,0.4185873847102284,0.14427811260777337,0.4457947015762329
adl-02-cam0-rgb,1782844814.627819,125,Sitting,False,0.62,compressed_sitting,0.40861098281820135,0.5292336919039381,0.4409773051738739
adl-02-cam0-rgb,1782844814.6732264,126,Sitting,False,0.62,compressed_sitting,0.39036530927662644,0.3852366696473537,0.43038976192474365
adl-02-cam0-rgb,1782844814.7132246,127,Sitting,False,0.62,compressed_sitting,0.3779308290345948,1.0945301889159635,0.4269368350505829
adl-02-cam0-rgb,1782844814.7563784,128,Sitting,False,0.62,compressed_sitting,0.3656922381246416,0.057723169692947295,0.4243321418762207
adl-02-cam0-rgb,1782844814.7973735,129,Sitting,False,0.62,compressed_sitting,0.35120087485463497,1.2802350648779548,0.4137687683105469
adl-02-cam0-rgb,1782844814.8438952,130,Sitting,False,0.62,compressed_sitting,0.3341773032411703,0.6372571930535841,0.4073655307292938
adl-02-cam0-rgb,1782844814.8878968,131,Sitting,False,0.62,compressed_sitting,0.31899160759975564,1.7812014958778528,0.3972117006778717
adl-02-cam0-rgb,1782844814.9294155,132,Sitting,False,0.62,compressed_sitting,0.30996358225183507,0.29275677267586,0.38951435685157776
adl-02-cam0-rgb,1782844814.9734156,133,Sitting,False,0.62,compressed_sitting,0.29829575314737455,0.48894619916161336,0.38606539368629456
adl-02-cam0-rgb,1782844815.0314248,134,Sitting,False,0.62,compressed_sitting,0.28602811240799764,2.409036615188437,0.373521625995636
adl-02-cam0-rgb,1782844815.0744298,135,Sitting,False,0.62,compressed_sitting,0.26918096394471125,3.0816202097538086,0.3618090748786926
adl-02-cam0-rgb,1782844815.1275043,136,Sitting,False,0.62,compressed_sitting,0.26572020851026246,1.5915929426930275,0.3590022027492523
adl-02-cam0-rgb,1782844815.1700916,137,Sitting,False,0.62,compressed_sitting,0.26421761088743967,2.236366659067614,0.35760417580604553
adl-02-cam0-rgb,1782844815.2296388,138,Sitting,False,0.62,compressed_sitting,0.24314299428277705,0.32671521746786164,0.3492668569087982
adl-02-cam0-rgb,1782844815.2967408,139,Sitting,False,0.62,compressed_sitting,0.22539655487108196,3.0882037292887636,0.3426413834095001
adl-02-cam0-rgb,1782844815.3433223,140,Sitting,False,0.62,compressed_sitting,0.21850595561323688,3.3364819041432847,0.33974072337150574
adl-02-cam0-rgb,1782844815.3851333,141,Sitting,False,0.62,compressed_sitting,0.23142101947509527,0.21165984361260573,0.33125704526901245
adl-02-cam0-rgb,1782844815.4334292,142,Sitting,False,0.62,compressed_sitting,0.23375745189294642,0.3574748000753083,0.3208295702934265
adl-02-cam0-rgb,1782844815.4833906,143,Sitting,False,0.62,compressed_sitting,0.23281863509172482,0.11567791633024854,0.3269943594932556
adl-02-cam0-rgb,1782844815.537488,144,Sitting,False,0.62,compressed_sitting,0.21587448379097035,7.769041823938249,0.3297659754753113
adl-02-cam0-rgb,1782844815.5917246,145,Sitting,False,0.62,compressed_sitting,0.2291066692149688,1.6008335625322276,0.3220885396003723
adl-02-cam0-rgb,1782844815.6456668,146,Sitting,False,0.62,compressed_sitting,0.2319626862475654,2.099492429721178,0.3156574070453644
adl-02-cam0-rgb,1782844815.6942496,147,Sitting,False,0.62,compressed_sitting,0.22618915914719653,0.20722767460161254,0.3112947344779968
adl-02-cam0-rgb,1782844815.7547216,148,Sitting,False,0.62,compressed_sitting,0.22106556446769537,2.8961188096130273,0.32982078194618225
adl-02-cam0-rgb,1782844815.7975488,149,Sitting,False,0.62,compressed_sitting,0.21239700898468847,5.452930928196553,0.32551199197769165
adl-02-cam0-rgb,1782844815.8437872,150,Lying,False,0.65,"horizontal_span,slow_lie",0.18598982261964256,7.586121082663246,0.315091997385025
adl-02-cam0-rgb,1782844815.887583,151,Lying,False,0.65,"horizontal_span,slow_lie",0.20130538527931047,4.275022089368889,0.3196873962879181
adl-02-cam0-rgb,1782844815.9302151,152,Lying,False,0.65,"compressed_sitting,slow_lie",0.20814909330008502,6.085899016981216,0.31768709421157837
adl-02-cam0-rgb,1782844815.9831674,153,Sitting,False,0.62,compressed_sitting,0.2050079808638607,3.2343485433689807,0.31754058599472046
adl-02-cam0-rgb,1782844816.0266826,154,Lying,False,0.65,"horizontal_span,slow_lie",0.17750701450167225,6.335990787420062,0.32338058948516846
adl-02-cam0-rgb,1782844816.0768654,155,Lying,False,0.65,"horizontal_span,slow_lie",0.18519440096878909,0.5016689360031575,0.3250276446342468
adl-02-cam0-rgb,1782844816.1251051,156,Lying,False,0.65,"horizontal_span,slow_lie",0.18152775461285225,10.337312298503246,0.32098665833473206
adl-02-cam0-rgb,1782844816.1688275,157,Lying,False,0.65,"horizontal_span,slow_lie",0.16140609432902336,5.124785431977838,0.3279857337474823
adl-02-cam0-rgb,1782844816.2128794,158,Lying,False,0.65,"horizontal_span,slow_lie",0.18423488053972523,0.026686664460949118,0.326148122549057
adl-02-cam0-rgb,1782844816.255355,159,Lying,False,0.65,"horizontal_span,slow_lie",0.18330477710168594,0.908425774040666,0.3442613482475281
adl-02-cam0-rgb,1782844816.2967763,160,Lying,False,0.65,"horizontal_span,slow_lie",0.1549173391076677,6.274949538045451,0.3220991790294647
adl-02-cam0-rgb,1782844816.3424156,161,Lying,False,0.65,"horizontal_span,slow_lie",0.177609380023794,2.19531959169154,0.3240083158016205
adl-02-cam0-rgb,1782844816.3860166,162,Lying,False,0.65,"horizontal_span,slow_lie",0.1833956934218643,2.4161522792130152,0.3108483552932739
adl-02-cam0-rgb,1782844816.4321814,163,Lying,False,0.65,"horizontal_span,slow_lie",0.1739765027086538,4.752716372989771,0.33634641766548157
adl-02-cam0-rgb,1782844816.4731746,164,Lying,False,0.65,"horizontal_span,slow_lie",0.17834420941172802,5.013010594959229,0.32998979091644287
adl-02-cam0-rgb,1782844816.516197,165,Lying,False,0.65,"horizontal_span,slow_lie",0.17277252423838318,1.1639828279582052,0.32347530126571655
adl-02-cam0-rgb,1782844816.5587227,166,Lying,False,0.65,"horizontal_span,slow_lie",0.16947548351149386,9.217546694201438,0.3188040256500244
adl-02-cam0-rgb,1782844816.6027162,167,Lying,False,0.65,"horizontal_span,slow_lie",0.18015934457938526,3.4966007395687453,0.3254022002220154
adl-02-cam0-rgb,1782844816.6456816,168,Lying,False,0.65,"horizontal_span,slow_lie",0.17466221456091363,2.8925514701921218,0.32211941480636597
adl-02-cam0-rgb,1782844816.6885939,169,Lying,False,0.65,"horizontal_span,slow_lie",0.18550271520015782,3.954387537469271,0.3124586343765259
adl-02-cam0-rgb,1782844816.7302623,170,Lying,False,0.65,"compressed_sitting,slow_lie",0.2031843895570736,4.7993978758343125,0.332825630903244
adl-02-cam0-rgb,1782844816.771282,171,Lying,False,0.65,"horizontal_span,slow_lie",0.17888029747522374,1.0383785269487098,0.32538118958473206
adl-02-cam0-rgb,1782844816.8112772,172,Lying,False,0.65,"compressed_sitting,slow_lie",0.2026380217190451,1.1886295761204446,0.31740325689315796
adl-02-cam0-rgb,1782844816.8548038,173,Lying,False,0.65,"horizontal_span,slow_lie",0.19270383506042865,3.9444586143058715,0.3118850588798523
adl-02-cam0-rgb,1782844816.8987927,174,Lying,False,0.65,"compressed_sitting,slow_lie",0.2085645304110151,5.248868325256538,0.31020671129226685
adl-02-cam0-rgb,1782844816.943317,175,Sitting,False,0.62,compressed_sitting,0.20743345570566193,2.654070439956096,0.32265567779541016
adl-02-cam0-rgb,1782844816.9873142,176,Sitting,False,0.62,compressed_sitting,0.2028427861203926,3.0041741835037037,0.33563169836997986
adl-02-cam0-rgb,1782844817.0320399,177,Sitting,False,0.62,compressed_sitting,0.23308703933834812,0.04655623955385422,0.3309330940246582
adl-02-cam0-rgb,1782844817.0790024,178,Sitting,False,0.62,compressed_sitting,0.21892385661602987,3.2333281062202084,0.3331094980239868
adl-02-cam0-rgb,1782844817.1200037,179,Sitting,False,0.62,compressed_sitting,0.20959854443733764,1.1291601662691788,0.3346644937992096
adl-02-cam0-rgb,1782844817.1621003,180,Sitting,False,0.62,compressed_sitting,0.22645060829218183,3.582344356115113,0.33845090866088867
adl-03-cam0-rgb,1782844817.226129,1,Unknown,False,0.0,missing_upper_body_keypoints,nan,nan,nan
adl-03-cam0-rgb,1782844817.2538474,2,Unknown,False,0.0,missing_upper_body_keypoints,nan,nan,nan
adl-03-cam0-rgb,1782844817.2768402,3,Unknown,False,0.0,missing_upper_body_keypoints,nan,nan,nan
adl-03-cam0-rgb,1782844817.2993193,4,Unknown,False,0.0,missing_upper_body_keypoints,nan,nan,nan
adl-03-cam0-rgb,1782844817.320365,5,Unknown,False,0.62,compressed_sitting,0.3226775769311975,2.469232465221586,0.49363356828689575
adl-03-cam0-rgb,1782844817.3637588,6,Sitting,False,0.62,compressed_sitting,0.3097708008599345,1.505128721586513,0.49235883355140686
adl-03-cam0-rgb,1782844817.405762,7,Sitting,False,0.62,compressed_sitting,0.31452305327778846,1.8866975647716722,0.4913347065448761
adl-03-cam0-rgb,1782844817.4505098,8,Sitting,False,0.62,compressed_sitting,0.32403625972597877,0.4618999945678188,0.4924860894680023
adl-03-cam0-rgb,1782844817.4925466,9,Sitting,False,0.62,compressed_sitting,0.3340442396490939,0.945330742823877,0.4923660457134247
adl-03-cam0-rgb,1782844817.5340385,10,Sitting,False,0.62,compressed_sitting,0.32770892990674355,0.5913975971046184,0.4878722131252289
adl-03-cam0-rgb,1782844817.577038,11,Sitting,False,0.62,compressed_sitting,0.3190079201764004,0.21271526268780344,0.4921645522117615
adl-03-cam0-rgb,1782844817.6170619,12,Sitting,False,0.62,compressed_sitting,0.32729398051599257,0.38651862188514075,0.4919842481613159
adl-03-cam0-rgb,1782844817.6621892,13,Sitting,False,0.62,compressed_sitting,0.32108091153270973,0.32264226802827084,0.4907059967517853
adl-03-cam0-rgb,1782844817.7030969,14,Sitting,False,0.62,compressed_sitting,0.32712806956762813,1.8472025943390467,0.4919264018535614
adl-03-cam0-rgb,1782844817.747661,15,Sitting,False,0.62,compressed_sitting,0.33033957114826806,1.1435941991825305,0.49252086877822876
adl-03-cam0-rgb,1782844817.7916615,16,Sitting,False,0.62,compressed_sitting,0.3301339784256818,1.9607431902418595,0.4932703375816345
adl-03-cam0-rgb,1782844817.8354685,17,Sitting,False,0.62,compressed_sitting,0.32884482336722615,1.9439059486488797,0.49558889865875244
adl-03-cam0-rgb,1782844817.8814597,18,Sitting,False,0.62,compressed_sitting,0.3268768071787236,1.5793315676910993,0.4965009391307831
adl-03-cam0-rgb,1782844817.92609,19,Sitting,False,0.62,compressed_sitting,0.3303618616726292,2.2761094265008004,0.4998432695865631
adl-03-cam0-rgb,1782844817.9650521,20,Sitting,False,0.62,compressed_sitting,0.3369169781034385,2.056844978159206,0.5032189637422562
adl-03-cam0-rgb,1782844818.0103433,21,Sitting,False,0.62,compressed_sitting,0.34357661792828825,2.369198111400356,0.505982980132103
adl-03-cam0-rgb,1782844818.0528667,22,Sitting,False,0.62,compressed_sitting,0.3505173326193853,2.810620666735319,0.5076605677604675
adl-03-cam0-rgb,1782844818.1120765,23,Sitting,False,0.62,compressed_sitting,0.34149913916221464,3.6765929634874905,0.5054406523704529
adl-03-cam0-rgb,1782844818.152706,24,Sitting,False,0.62,compressed_sitting,0.35593803419653675,2.935917848229624,0.5117136090993881
adl-03-cam0-rgb,1782844818.1942225,25,Sitting,False,0.62,compressed_sitting,0.34259097199378596,1.6233450764734483,0.5073578059673309
adl-03-cam0-rgb,1782844818.2358642,26,Sitting,False,0.62,compressed_sitting,0.3518420259134936,2.8671403496544143,0.506166085600853
adl-03-cam0-rgb,1782844818.2784722,27,Sitting,False,0.62,compressed_sitting,0.3581032655264161,1.851904709623537,0.5045973658561707
adl-03-cam0-rgb,1782844818.3229537,28,Sitting,False,0.62,compressed_sitting,0.37079687986405563,2.3063508996883244,0.5044367909431458
adl-03-cam0-rgb,1782844818.3629587,29,Sitting,False,0.62,compressed_sitting,0.3694825568279761,1.2618522618687775,0.5079190284013748
adl-03-cam0-rgb,1782844818.4029627,30,Sitting,False,0.62,compressed_sitting,0.3586228115445158,1.006459014423824,0.5069372355937958
adl-03-cam0-rgb,1782844818.4484105,31,Sitting,False,0.62,compressed_sitting,0.3654866614003072,1.0176562112826142,0.5086702257394791
adl-03-cam0-rgb,1782844818.492109,32,Sitting,False,0.62,compressed_sitting,0.3726026286441248,0.1894841207347953,0.5079996585845947
adl-03-cam0-rgb,1782844818.5336723,33,Sitting,False,0.62,compressed_sitting,0.38203469745372354,0.8260743008231806,0.5061793327331543
adl-03-cam0-rgb,1782844818.575095,34,Sitting,False,0.62,compressed_sitting,0.3781323195285741,0.5050394404673155,0.5074148178100586
adl-03-cam0-rgb,1782844818.6177187,35,Sitting,False,0.62,compressed_sitting,0.38141836909143934,0.2952339439379896,0.5115538984537125
adl-03-cam0-rgb,1782844818.662705,36,Sitting,False,0.62,compressed_sitting,0.3798612395397509,0.15866337688937396,0.5109636038541794
adl-03-cam0-rgb,1782844818.7107096,37,Sitting,False,0.62,compressed_sitting,0.3821837159381976,0.7860656033148402,0.5153591334819794
adl-03-cam0-rgb,1782844818.7525697,38,Sitting,False,0.62,compressed_sitting,0.3786985617157358,0.3207626260982922,0.5103524923324585
adl-03-cam0-rgb,1782844818.799082,39,Sitting,False,0.62,compressed_sitting,0.3824564448383098,0.37186671286835954,0.5122382193803787
adl-03-cam0-rgb,1782844818.8445935,40,Sitting,False,0.62,compressed_sitting,0.39807716958368183,0.6974542674349152,0.5115953385829926
adl-03-cam0-rgb,1782844818.8931365,41,Sitting,False,0.62,compressed_sitting,0.402168435839235,0.11562124689354625,0.5125313550233841
adl-03-cam0-rgb,1782844818.9396827,42,Sitting,False,0.62,compressed_sitting,0.40782705906607253,0.8741518318146221,0.5152075439691544
adl-03-cam0-rgb,1782844818.9857078,43,Sitting,False,0.62,compressed_sitting,0.409006309137665,1.2138610673667873,0.514533281326294
adl-03-cam0-rgb,1782844819.025357,44,Sitting,False,0.62,compressed_sitting,0.41067920495081267,1.653576529004426,0.5142403841018677
adl-03-cam0-rgb,1782844819.0642226,45,Sitting,False,0.62,compressed_sitting,0.4057860698995458,1.7385876804302054,0.514934852719307
adl-03-cam0-rgb,1782844819.1072185,46,Sitting,False,0.62,compressed_sitting,0.4058069882229893,2.476982685564255,0.5098972618579865
adl-03-cam0-rgb,1782844819.1542568,47,Sitting,False,0.62,compressed_sitting,0.4103560883194556,2.7298940547087436,0.5113674402236938
adl-03-cam0-rgb,1782844819.1954298,48,Sitting,False,0.62,compressed_sitting,0.41096424813099236,2.1004420055187762,0.5125272274017334
adl-03-cam0-rgb,1782844819.2453656,49,Sitting,False,0.62,compressed_sitting,0.4156557915031942,2.317778748309156,0.5081575214862823
adl-03-cam0-rgb,1782844819.2823644,50,Sitting,False,0.62,compressed_sitting,0.4288479342621883,2.445835097475766,0.5105885714292526
adl-03-cam0-rgb,1782844819.3258135,51,Sitting,False,0.62,compressed_sitting,0.4276047021067285,1.9832946927466888,0.5122861117124557
adl-03-cam0-rgb,1782844819.3654943,52,Sitting,False,0.62,compressed_sitting,0.42367123313725497,1.973264066943287,0.5151977241039276
adl-03-cam0-rgb,1782844819.4054453,53,Sitting,False,0.62,compressed_sitting,0.4322652417976945,1.919972883934892,0.5210673063993454
adl-03-cam0-rgb,1782844819.4471965,54,Sitting,False,0.62,upright,0.44647927082515837,1.9784482906968746,0.523363396525383
adl-03-cam0-rgb,1782844819.4904072,55,Standing,False,0.62,upright,0.44600302118183976,1.865681551266547,0.5245427638292313
adl-03-cam0-rgb,1782844819.5342293,56,Standing,False,0.62,upright,0.4582163900929745,1.0679124053937084,0.5242308527231216
adl-03-cam0-rgb,1782844819.579491,57,Standing,False,0.62,upright,0.45758245609112047,1.6628917393020155,0.5262570232152939
adl-03-cam0-rgb,1782844819.624767,58,Standing,False,0.62,upright_max_height,0.4610082172416827,2.521848491706164,0.529633179306984
adl-03-cam0-rgb,1782844819.6656,59,Standing,False,0.62,upright_max_height,0.46319725772976567,2.9843601451201875,0.5276198983192444
adl-03-cam0-rgb,1782844819.7115138,60,Standing,False,0.62,upright_max_height,0.46669752976485895,1.7865500621665875,0.5309233069419861
adl-03-cam0-rgb,1782844819.7559967,61,Standing,False,0.62,upright_max_height,0.47089326696306427,3.178663791107792,0.5293257236480713
adl-03-cam0-rgb,1782844819.8017387,62,Standing,False,0.62,upright_max_height,0.48502453315471805,3.6744437803993586,0.5331126302480698
adl-03-cam0-rgb,1782844819.8455772,63,Standing,False,0.62,upright_max_height,0.48581482087263905,2.2876324866790587,0.5313325822353363
adl-03-cam0-rgb,1782844819.8863506,64,Standing,False,0.62,upright_max_height,0.4873003702113298,2.459123261433847,0.5310042947530746
adl-03-cam0-rgb,1782844819.928167,65,Standing,False,0.62,upright_max_height,0.4916692954195823,2.4904448463917985,0.5335529744625092
adl-03-cam0-rgb,1782844819.9715085,66,Standing,False,0.62,upright_max_height,0.4900280985054362,1.7557827001339303,0.5287697017192841
adl-03-cam0-rgb,1782844820.0107362,67,Standing,False,0.62,upright_max_height,0.4942004522808848,0.871635009182209,0.5326291620731354
adl-03-cam0-rgb,1782844820.0532234,68,Standing,False,0.62,upright_max_height,0.49257826242113345,2.0674497133356904,0.5280944108963013
adl-03-cam0-rgb,1782844820.0959764,69,Standing,False,0.62,upright_max_height,0.4913749326289653,1.352107614986238,0.5249031484127045
adl-03-cam0-rgb,1782844820.1460862,70,Standing,False,0.62,upright_max_height,0.49230452659813706,2.5855640063539815,0.5239419043064117
adl-03-cam0-rgb,1782844820.1918569,71,Standing,False,0.62,upright_max_height,0.49659279964087744,1.3279857733754916,0.5269346833229065
adl-03-cam0-rgb,1782844820.2314806,72,Standing,False,0.62,upright_max_height,0.5050653400215217,5.524298153604278,0.5389290601015091
adl-03-cam0-rgb,1782844820.2726452,73,Standing,False,0.62,upright_max_height,0.501911605370747,4.177369722466925,0.5365481674671173
adl-03-cam0-rgb,1782844820.3155055,74,Standing,False,0.62,upright_max_height,0.51976655848306,6.328786071248092,0.5449235588312149
adl-03-cam0-rgb,1782844820.359345,75,Standing,False,0.62,upright_max_height,0.522330732919202,6.806212025418925,0.5438331812620163
adl-03-cam0-rgb,1782844820.4045007,76,Standing,False,0.62,upright_max_height,0.5295793362742669,7.375478140903809,0.5425469875335693
adl-03-cam0-rgb,1782844820.4448166,77,Standing,False,0.62,upright_max_height,0.527504765692029,7.797390630936967,0.5487216711044312
adl-03-cam0-rgb,1782844820.4847796,78,Standing,False,0.62,upright_max_height,0.5305280291683877,7.803487052673148,0.5471096485853195
adl-03-cam0-rgb,1782844820.52617,79,Standing,False,0.62,upright_max_height,0.5223270039709856,6.955831558655992,0.5377122014760971
adl-03-cam0-rgb,1782844820.5681617,80,Standing,False,0.62,upright_max_height,0.5284313508803564,6.859448597536988,0.5438568294048309
adl-03-cam0-rgb,1782844820.6116202,81,Standing,False,0.62,upright_max_height,0.5314761126436878,7.834269319613569,0.5419703871011734
adl-03-cam0-rgb,1782844820.6521997,82,Standing,False,0.62,upright_max_height,0.5242340304059183,7.324093591753654,0.5451489984989166
adl-03-cam0-rgb,1782844820.6923087,83,Standing,False,0.62,upright_max_height,0.5193002455364204,7.620293316799571,0.5381806194782257
adl-03-cam0-rgb,1782844820.7383657,84,Standing,False,0.62,upright_max_height,0.5191213422018904,7.5959341957990985,0.5404716730117798
adl-03-cam0-rgb,1782844820.7798007,85,Standing,False,0.62,upright_max_height,0.5133196227866008,8.205687122906802,0.5351751297712326
adl-03-cam0-rgb,1782844820.823737,86,Standing,False,0.62,upright_max_height,0.506307386289749,8.470085201950326,0.5324526429176331
adl-03-cam0-rgb,1782844820.863051,87,Standing,False,0.62,upright_max_height,0.5066118716879834,9.29327070098512,0.5321737974882126
adl-03-cam0-rgb,1782844820.9062684,88,Standing,False,0.62,upright_max_height,0.5022209829188026,9.426693144488175,0.5248508155345917
adl-03-cam0-rgb,1782844820.9493487,89,Standing,False,0.62,upright,0.4827818870192166,9.043039847246748,0.5224666893482208
adl-03-cam0-rgb,1782844820.9944575,90,Standing,False,0.62,upright,0.48354455603668955,10.084774033450755,0.5195754766464233
adl-03-cam0-rgb,1782844821.037297,91,Standing,False,0.62,upright,0.47289355015023127,11.95045076653597,0.5135916024446487
adl-03-cam0-rgb,1782844821.0783036,92,Standing,False,0.62,upright,0.47139058217068514,12.511832428081119,0.5086337029933929
adl-03-cam0-rgb,1782844821.1409764,93,Standing,False,0.62,compressed_sitting,0.4535474723036698,13.829210721168673,0.5032073259353638
adl-03-cam0-rgb,1782844821.2068653,94,Sitting,False,0.62,compressed_sitting,0.45566780026281467,15.011652263401784,0.4950418770313263
adl-03-cam0-rgb,1782844821.2509286,95,Sitting,False,0.62,compressed_sitting,0.4532489476464848,16.618311056969517,0.4929920434951782
adl-03-cam0-rgb,1782844821.3119838,96,Sitting,False,0.62,compressed_sitting,0.4451557196966092,17.272936619309117,0.4886641204357147
adl-03-cam0-rgb,1782844821.3561747,97,Sitting,False,0.62,compressed_sitting,0.4350929036078883,19.339606604398238,0.48487403988838196
adl-03-cam0-rgb,1782844821.399174,98,Sitting,False,0.62,compressed_sitting,0.4306741204946263,19.12896713332017,0.4762558937072754
adl-03-cam0-rgb,1782844821.4436965,99,Sitting,False,0.62,compressed_sitting,0.4191073314174669,22.441455671101533,0.4752386808395386
adl-03-cam0-rgb,1782844821.486897,100,Sitting,False,0.62,compressed_sitting,0.41290020825630075,22.184242052710662,0.4654535949230194
adl-03-cam0-rgb,1782844821.530359,101,Sitting,False,0.62,compressed_sitting,0.4009320916773983,23.108748473084134,0.46496960520744324
adl-03-cam0-rgb,1782844821.5733726,102,Sitting,False,0.62,compressed_sitting,0.3957244529742805,24.419458046980473,0.4553479254245758
adl-03-cam0-rgb,1782844821.6158404,103,Sitting,False,0.62,compressed_sitting,0.3782651911561277,23.01930176007535,0.44982385635375977
adl-03-cam0-rgb,1782844821.660795,104,Sitting,False,0.62,compressed_sitting,0.3714654382109616,22.827807715354776,0.4400988817214966
adl-03-cam0-rgb,1782844821.7040005,105,Sitting,False,0.62,compressed_sitting,0.3510054437310019,21.489526443270194,0.4294491708278656
adl-03-cam0-rgb,1782844821.744521,106,Sitting,False,0.62,compressed_sitting,0.3464942711963371,22.01496997031804,0.4283245801925659
adl-03-cam0-rgb,1782844821.7912557,107,Sitting,False,0.62,compressed_sitting,0.33647512876644703,19.520043306061314,0.4171294569969177
adl-03-cam0-rgb,1782844821.8350508,108,Sitting,False,0.62,compressed_sitting,0.3361029232181853,20.07265486785099,0.41236841678619385
adl-03-cam0-rgb,1782844821.8777013,109,Sitting,False,0.62,compressed_sitting,0.32684966610176897,15.481853008636927,0.3909018337726593
adl-03-cam0-rgb,1782844821.921191,110,Sitting,False,0.62,compressed_sitting,0.3260973635118573,13.99552061786377,0.3795897662639618
adl-03-cam0-rgb,1782844821.9624627,111,Sitting,False,0.62,compressed_sitting,0.30939733584636125,11.884584606006513,0.36472266912460327
adl-03-cam0-rgb,1782844822.004473,112,Sitting,False,0.62,compressed_sitting,0.3015832416654475,12.959465100274922,0.36296263337135315
adl-03-cam0-rgb,1782844822.0453396,113,Sitting,False,0.62,compressed_sitting,0.2893762604117886,9.410025754243616,0.35230910778045654
adl-03-cam0-rgb,1782844822.085027,114,Sitting,False,0.62,compressed_sitting,0.2755426332666977,8.54441244233716,0.36060935258865356
adl-03-cam0-rgb,1782844822.1299832,115,Sitting,False,0.62,compressed_sitting,0.2656846634553305,10.334739198954587,0.35995134711265564
adl-03-cam0-rgb,1782844822.1715508,116,Sitting,False,0.62,compressed_sitting,0.262952779778936,8.919889375991492,0.34679120779037476
adl-03-cam0-rgb,1782844822.2110636,117,Sitting,False,0.62,compressed_sitting,0.26238564378448076,10.637239372499923,0.3538232743740082
adl-03-cam0-rgb,1782844822.2570136,118,Sitting,False,0.62,compressed_sitting,0.2639519163460015,7.47698580939884,0.32893139123916626
adl-03-cam0-rgb,1782844822.3001924,119,Sitting,False,0.62,compressed_sitting,0.2592328694111873,8.583310387866453,0.3318345844745636
adl-03-cam0-rgb,1782844822.3448274,120,Sitting,False,0.62,compressed_sitting,0.25394319544294547,6.262175910687043,0.3088751435279846
adl-03-cam0-rgb,1782844822.388014,121,Sitting,False,0.62,compressed_sitting,0.25906985224384377,7.432212769387691,0.32712867856025696
adl-03-cam0-rgb,1782844822.4296649,122,Sitting,False,0.62,compressed_sitting,0.25907216774148556,5.82441402271572,0.30087679624557495
adl-03-cam0-rgb,1782844822.4752743,123,Sitting,False,0.62,compressed_sitting,0.254281435754393,6.91342442017903,0.31462323665618896
adl-03-cam0-rgb,1782844822.5154269,124,Sitting,False,0.62,compressed_sitting,0.25273382630855074,5.02519907068247,0.3136390745639801
adl-03-cam0-rgb,1782844822.5601406,125,Sitting,False,0.62,compressed_sitting,0.2629799135435399,6.150975714778878,0.3059979975223541
adl-03-cam0-rgb,1782844822.6033542,126,Sitting,False,0.62,compressed_sitting,0.2574312659158668,4.414710634605593,0.3089366853237152
adl-03-cam0-rgb,1782844822.6448805,127,Sitting,False,0.62,compressed_sitting,0.25839759900592646,4.01565770252343,0.306997150182724
adl-03-cam0-rgb,1782844822.6891904,128,Sitting,False,0.62,compressed_sitting,0.25856770540768054,4.981190322327955,0.30587437748908997
adl-03-cam0-rgb,1782844822.7294488,129,Sitting,False,0.62,compressed_sitting,0.2572171633609924,3.1171107594447087,0.2936958074569702
adl-03-cam0-rgb,1782844822.7764475,130,Sitting,False,0.62,compressed_sitting,0.2586221614718026,5.276461992587157,0.3065410852432251
adl-03-cam0-rgb,1782844822.816891,131,Sitting,False,0.62,compressed_sitting,0.24586330673603551,7.455324504459123,0.31847986578941345
adl-03-cam0-rgb,1782844822.8596683,132,Sitting,False,0.62,compressed_sitting,0.24908965673468503,5.597398371342838,0.31296566128730774
adl-03-cam0-rgb,1782844822.9097989,133,Sitting,False,0.62,compressed_sitting,0.2519023695160805,6.619849217275843,0.3142509460449219
adl-03-cam0-rgb,1782844822.959483,134,Sitting,False,0.62,compressed_sitting,0.2518931937173591,5.319184650612175,0.30499064922332764
adl-03-cam0-rgb,1782844823.0076156,135,Sitting,False,0.62,compressed_sitting,0.2554966791211641,7.068146662941511,0.31724971532821655
adl-03-cam0-rgb,1782844823.0662315,136,Sitting,False,0.62,compressed_sitting,0.2515450756585414,5.223578033733267,0.3139202296733856
adl-03-cam0-rgb,1782844823.1082616,137,Unknown,False,0.0,missing_upper_body_keypoints,nan,nan,nan
adl-03-cam0-rgb,1782844823.1317532,138,Unknown,False,0.62,compressed_sitting,0.2562554468623419,5.340996819246732,0.30193737149238586
adl-03-cam0-rgb,1782844823.1719809,139,Lying,False,0.65,"horizontal_torso,slow_lie",0.09268926993617582,178.35643113037492,0.4903779923915863
adl-03-cam0-rgb,1782844823.219083,140,Lying,False,0.65,"horizontal_torso,slow_lie",0.10717723486366296,175.57137833890582,0.49462077021598816
adl-03-cam0-rgb,1782844823.2676036,141,Lying,False,0.65,"compressed_sitting,slow_lie",0.2528442731275344,5.397786231058765,0.3078855276107788
adl-03-cam0-rgb,1782844823.3102026,142,Sitting,False,0.62,compressed_sitting,0.25353048264453537,3.7565106018065726,0.29992586374282837
adl-03-cam0-rgb,1782844823.3514907,143,Sitting,False,0.62,compressed_sitting,0.24665142376270702,4.447347291683216,0.2969105541706085
adl-03-cam0-rgb,1782844823.39553,144,Sitting,False,0.62,compressed_sitting,0.25329024105099507,3.7744100657400628,0.2955683469772339
adl-03-cam0-rgb,1782844823.4403481,145,Lying,True,0.95,"horizontal_torso,rapid_fall",0.09508403921006943,176.3253843990815,0.491007000207901
adl-03-cam0-rgb,1782844823.4893186,146,Lying,True,0.95,"compressed_sitting,rapid_fall",0.24441561091663902,3.7482059743886755,0.29624223709106445
adl-03-cam0-rgb,1782844823.5362837,147,Sitting,True,0.85,"compressed_sitting,pre_lying_fall",0.2511649437172521,4.680278042417835,0.30380403995513916
adl-03-cam0-rgb,1782844823.58011,148,Lying,True,0.95,"horizontal_torso,rapid_fall",0.09642032509927026,179.43251415597868,0.4799506664276123
adl-03-cam0-rgb,1782844823.6231122,149,Lying,True,0.95,"compressed_sitting,rapid_fall",0.25163583019312136,5.328292822676008,0.311562716960907
adl-03-cam0-rgb,1782844823.6704898,150,Sitting,True,0.85,"compressed_sitting,pre_lying_fall",0.24783257755241414,7.027713429101659,0.32511448860168457
adl-03-cam0-rgb,1782844823.7189105,151,Sitting,True,0.85,"compressed_sitting,pre_lying_fall",0.25249378189093324,5.642889097588913,0.3079131841659546
adl-03-cam0-rgb,1782844823.7648153,152,Sitting,True,0.85,"compressed_sitting,pre_lying_fall",0.2547120286684173,8.504559991265669,0.3121313750743866
adl-03-cam0-rgb,1782844823.810399,153,Sitting,True,0.85,"compressed_sitting,pre_lying_fall",0.2596141843708458,7.428994858669318,0.31585001945495605
adl-03-cam0-rgb,1782844823.8608305,154,Sitting,True,0.85,"compressed_sitting,pre_lying_fall",0.25274664091068744,7.1820366015736115,0.31107619404792786
adl-03-cam0-rgb,1782844823.9064999,155,Sitting,True,0.85,"compressed_sitting,pre_lying_fall",0.255340726900518,7.202450680596599,0.3176569938659668
adl-03-cam0-rgb,1782844823.9510827,156,Unknown,False,0.0,missing_upper_body_keypoints,nan,nan,nan
adl-03-cam0-rgb,1782844823.9949498,157,Unknown,False,0.62,compressed_sitting,0.24403403888182057,6.9959086082281,0.2987046539783478
adl-03-cam0-rgb,1782844824.0426476,158,Lying,True,0.95,"horizontal_torso,rapid_fall",0.15351577614901452,178.86250742193542,0.4802335500717163
adl-03-cam0-rgb,1782844824.0948117,159,Lying,True,0.95,"compressed_sitting,rapid_fall",0.24634130318841252,8.886633440837008,0.30536478757858276
adl-03-cam0-rgb,1782844824.1717877,160,Unknown,False,0.0,missing_upper_body_keypoints,nan,nan,nan
adl-03-cam0-rgb,1782844824.232659,161,Unknown,False,0.62,compressed_sitting,0.2542466403494145,9.82219653924275,0.3163386583328247
adl-03-cam0-rgb,1782844824.2876813,162,Sitting,False,0.62,compressed_sitting,0.2534679082393714,11.357845997316554,0.33759936690330505
adl-03-cam0-rgb,1782844824.3367798,163,Sitting,False,0.62,compressed_sitting,0.26037768377193765,13.335824295037165,0.34344977140426636
adl-03-cam0-rgb,1782844824.381039,164,Sitting,False,0.62,compressed_sitting,0.2753174394809076,15.933646934452248,0.37160754203796387
adl-03-cam0-rgb,1782844824.4265027,165,Sitting,False,0.62,compressed_sitting,0.2698321050786422,7.466244493556574,0.3583905100822449
adl-03-cam0-rgb,1782844824.469009,166,Sitting,False,0.62,compressed_sitting,0.27938126440338,8.276555056005392,0.3805946111679077
adl-03-cam0-rgb,1782844824.5091066,167,Sitting,False,0.62,compressed_sitting,0.28742941449227427,11.697593605147476,0.3755229413509369
adl-03-cam0-rgb,1782844824.5550258,168,Sitting,False,0.62,compressed_sitting,0.3043819521503233,13.70266109961837,0.402008593082428
adl-03-cam0-rgb,1782844824.5954974,169,Sitting,False,0.62,compressed_sitting,0.3170701000544311,17.36219609782941,0.40877318382263184
adl-03-cam0-rgb,1782844824.6390438,170,Sitting,False,0.62,compressed_sitting,0.330526040126159,19.095946297859786,0.41197285056114197
adl-03-cam0-rgb,1782844824.682595,171,Sitting,False,0.62,compressed_sitting,0.3467825410864013,17.677232583026782,0.41962429881095886
adl-03-cam0-rgb,1782844824.72664,172,Sitting,False,0.62,compressed_sitting,0.36291900228671703,18.226131287194125,0.42614102363586426
adl-03-cam0-rgb,1782844824.7727032,173,Sitting,False,0.62,compressed_sitting,0.3691872104460602,17.589074126635115,0.4370540380477905
adl-03-cam0-rgb,1782844824.8150527,174,Sitting,False,0.62,compressed_sitting,0.38323844596943746,16.96397984102705,0.4438486695289612
adl-03-cam0-rgb,1782844824.8594272,175,Sitting,False,0.62,compressed_sitting,0.38958620157917934,16.13142384468213,0.44789087772369385
adl-03-cam0-rgb,1782844824.9036589,176,Sitting,False,0.62,compressed_sitting,0.406361649001967,15.251204565629939,0.45506590604782104
adl-03-cam0-rgb,1782844824.9475965,177,Sitting,False,0.62,compressed_sitting,0.40919238819698567,15.466556782959096,0.46035194396972656
adl-03-cam0-rgb,1782844824.9923658,178,Sitting,False,0.62,compressed_sitting,0.42109278955440116,15.127942865680767,0.4692308008670807
adl-03-cam0-rgb,1782844825.0363846,179,Sitting,False,0.62,compressed_sitting,0.4336546168578884,14.271949651081068,0.47318774461746216
adl-03-cam0-rgb,1782844825.0763893,180,Sitting,False,0.62,compressed_sitting,0.44239566927504487,12.503680839640012,0.47811830043792725
fall-01-cam0-rgb,1782844825.1373289,1,Sitting,False,0.55,compressed_sitting,0.328759931373499,0.3123389362575782,0.5367962270975113
fall-01-cam0-rgb,1782844825.1766498,2,Sitting,False,0.62,compressed_sitting,0.33342220392044464,0.4994907557098424,0.5360846966505051
fall-01-cam0-rgb,1782844825.2166703,3,Sitting,False,0.62,compressed_sitting,0.3472277491613757,1.2302737091125688,0.534260705113411
fall-01-cam0-rgb,1782844825.260508,4,Sitting,False,0.62,compressed_sitting,0.3331445590772988,0.22989960794629158,0.5296307504177094
fall-01-cam0-rgb,1782844825.3026145,5,Sitting,False,0.62,compressed_sitting,0.32772502609305093,1.3134168653717126,0.5377136617898941
fall-01-cam0-rgb,1782844825.3463807,6,Sitting,False,0.62,compressed_sitting,0.33117203592193656,2.3340580093487078,0.5370630919933319
fall-01-cam0-rgb,1782844825.3908787,7,Sitting,False,0.62,compressed_sitting,0.31248045209081077,1.2687755648813448,0.5339191555976868
fall-01-cam0-rgb,1782844825.4321418,8,Sitting,False,0.62,compressed_sitting,0.3248285682019652,2.2989734568960265,0.5353006720542908
fall-01-cam0-rgb,1782844825.4718456,9,Sitting,False,0.62,compressed_sitting,0.3278536482173013,1.8880965386646977,0.5303759276866913
fall-01-cam0-rgb,1782844825.5137064,10,Sitting,False,0.62,compressed_sitting,0.2973381755377728,2.126756576363875,0.5312301367521286
fall-01-cam0-rgb,1782844825.5552895,11,Sitting,False,0.62,compressed_sitting,0.3258951272671105,2.233344419071469,0.5316484868526459
fall-01-cam0-rgb,1782844825.5980155,12,Sitting,False,0.62,compressed_sitting,0.33204350898873203,2.4083377648270883,0.5331253260374069
fall-01-cam0-rgb,1782844825.640907,13,Sitting,False,0.62,compressed_sitting,0.3255360602736022,2.9885741413296842,0.5322582125663757
fall-01-cam0-rgb,1782844825.6807353,14,Sitting,False,0.62,compressed_sitting,0.33207230186732356,2.4618457953302415,0.533691942691803
fall-01-cam0-rgb,1782844825.7227383,15,Sitting,False,0.62,compressed_sitting,0.32720482080159236,3.1696010728142783,0.5354813486337662
fall-01-cam0-rgb,1782844825.774448,16,Sitting,False,0.62,compressed_sitting,0.3272769117815816,2.4891877075369826,0.5345607101917267
fall-01-cam0-rgb,1782844825.8179204,17,Sitting,False,0.62,compressed_sitting,0.3273436545886634,2.631394351453431,0.5337451994419098
fall-01-cam0-rgb,1782844825.8604586,18,Sitting,False,0.62,compressed_sitting,0.32236857208321673,2.2208359320173687,0.5374214351177216
fall-01-cam0-rgb,1782844825.903591,19,Sitting,False,0.62,compressed_sitting,0.32526093416151886,2.1074756623715163,0.5345060229301453
fall-01-cam0-rgb,1782844825.9493227,20,Sitting,False,0.62,compressed_sitting,0.32903953319532375,1.3224703200938115,0.5370437353849411
fall-01-cam0-rgb,1782844826.0033226,21,Sitting,False,0.62,compressed_sitting,0.32738563228550244,1.7362602597890409,0.5355763286352158
fall-01-cam0-rgb,1782844826.0445347,22,Sitting,False,0.62,compressed_sitting,0.33320886977552994,0.8573765313136585,0.5395609140396118
fall-01-cam0-rgb,1782844826.088436,23,Sitting,False,0.62,compressed_sitting,0.333875142004103,0.5888443559078104,0.5388538986444473
fall-01-cam0-rgb,1782844826.1265666,24,Sitting,False,0.62,compressed_sitting,0.3311920522989168,0.22800132114258054,0.5388426184654236
fall-01-cam0-rgb,1782844826.1682432,25,Sitting,False,0.62,compressed_sitting,0.32830295868420906,0.032911172117819444,0.5386195927858353
fall-01-cam0-rgb,1782844826.208526,26,Sitting,False,0.62,compressed_sitting,0.3247677528693134,1.5355470484873213,0.530938982963562
fall-01-cam0-rgb,1782844826.2543633,27,Sitting,False,0.62,compressed_sitting,0.3221752986944982,1.3735729772092296,0.5302382409572601
fall-01-cam0-rgb,1782844826.295299,28,Sitting,False,0.62,compressed_sitting,0.3256339137512741,1.177912208085322,0.535371869802475
fall-01-cam0-rgb,1782844826.3335216,29,Sitting,False,0.62,compressed_sitting,0.32882212999350996,1.489736545336587,0.5323857218027115
fall-01-cam0-rgb,1782844826.3753662,30,Sitting,False,0.62,compressed_sitting,0.33187747336159074,1.5591710474844318,0.5348434448242188
fall-01-cam0-rgb,1782844826.416585,31,Sitting,False,0.62,compressed_sitting,0.33319489784680684,1.938388839717036,0.5319400429725647
fall-01-cam0-rgb,1782844826.4592786,32,Sitting,False,0.62,compressed_sitting,0.3357091342788448,2.2594291014292143,0.5316293388605118
fall-01-cam0-rgb,1782844826.4973302,33,Sitting,False,0.62,compressed_sitting,0.33555115457971807,1.554184730921433,0.5351222902536392
fall-01-cam0-rgb,1782844826.5379255,34,Sitting,False,0.62,compressed_sitting,0.3439990682672339,1.9405680051979413,0.537551760673523
fall-01-cam0-rgb,1782844826.5793147,35,Sitting,False,0.62,compressed_sitting,0.343608809312607,2.119673574208958,0.5363776534795761
fall-01-cam0-rgb,1782844826.620929,36,Sitting,False,0.62,compressed_sitting,0.3485293395343897,1.6569302815705815,0.53963203728199
fall-01-cam0-rgb,1782844826.660906,37,Sitting,False,0.62,compressed_sitting,0.34691487159114415,0.8835232436212153,0.5431357324123383
fall-01-cam0-rgb,1782844826.7022018,38,Sitting,False,0.62,compressed_sitting,0.3459232396670453,0.4456531238767437,0.5414965599775314
fall-01-cam0-rgb,1782844826.7453237,39,Sitting,False,0.62,compressed_sitting,0.3506950415632758,0.26212729037581284,0.5439067184925079
fall-01-cam0-rgb,1782844826.788557,40,Sitting,False,0.62,compressed_sitting,0.34982307015563935,0.14737674523140798,0.5433861017227173
fall-01-cam0-rgb,1782844826.8275363,41,Sitting,False,0.62,compressed_sitting,0.3500488482954984,0.09999716242571534,0.5427653044462204
fall-01-cam0-rgb,1782844826.8703523,42,Sitting,False,0.62,compressed_sitting,0.35046706110798487,0.7990816229595209,0.5427547693252563
fall-01-cam0-rgb,1782844826.9123476,43,Sitting,False,0.62,compressed_sitting,0.346202041951074,1.2314299365411143,0.5393945872783661
fall-01-cam0-rgb,1782844826.954868,44,Sitting,False,0.62,compressed_sitting,0.3450515392494975,1.8744293517557702,0.5367323607206345
fall-01-cam0-rgb,1782844826.9966197,45,Sitting,False,0.62,compressed_sitting,0.3484942579793882,2.1485790106038234,0.5387041866779327
fall-01-cam0-rgb,1782844827.0412116,46,Sitting,False,0.62,compressed_sitting,0.3491708405299201,2.300037484654906,0.5383133888244629
fall-01-cam0-rgb,1782844827.0833187,47,Sitting,False,0.62,compressed_sitting,0.34993237918645637,3.2943878948230134,0.5377533435821533
fall-01-cam0-rgb,1782844827.1252482,48,Sitting,False,0.62,compressed_sitting,0.35034904277492224,2.9172264734935625,0.535214900970459
fall-01-cam0-rgb,1782844827.1668649,49,Sitting,False,0.62,compressed_sitting,0.34875675237694187,3.4872940596291375,0.5355957448482513
fall-01-cam0-rgb,1782844827.2183676,50,Sitting,False,0.62,compressed_sitting,0.35101642489316587,3.69092954914922,0.5339662730693817
fall-01-cam0-rgb,1782844827.277085,51,Sitting,False,0.62,compressed_sitting,0.34633534806850813,3.8996962221310008,0.5342610776424408
fall-01-cam0-rgb,1782844827.3294344,52,Sitting,False,0.62,compressed_sitting,0.3526391108380378,4.122352499350639,0.5340439975261688
fall-01-cam0-rgb,1782844827.3810947,53,Sitting,False,0.62,compressed_sitting,0.3524673932130854,3.9171070361703677,0.5350911766290665
fall-01-cam0-rgb,1782844827.4348617,54,Sitting,False,0.62,compressed_sitting,0.3512635536482851,4.069340673670153,0.5346525013446808
fall-01-cam0-rgb,1782844827.4823475,55,Sitting,False,0.62,compressed_sitting,0.3540224164048826,4.059232871983813,0.5333442836999893
fall-01-cam0-rgb,1782844827.5253308,56,Sitting,False,0.62,compressed_sitting,0.3574804085986964,3.4464207341071473,0.5356414914131165
fall-01-cam0-rgb,1782844827.5678358,57,Sitting,False,0.62,compressed_sitting,0.356221831530988,2.4798186578904855,0.5333329141139984
fall-01-cam0-rgb,1782844827.6116621,58,Sitting,False,0.62,compressed_sitting,0.3614615302652964,3.9307461606571064,0.5335565507411957
fall-01-cam0-rgb,1782844827.6602104,59,Sitting,False,0.62,compressed_sitting,0.3304605103947868,2.763247864463122,0.5364708751440048
fall-01-cam0-rgb,1782844827.7002194,60,Sitting,False,0.62,compressed_sitting,0.3075348388223255,2.4572505110870644,0.5384499281644821
fall-01-cam0-rgb,1782844827.7421138,61,Sitting,False,0.62,compressed_sitting,0.3331136337803817,2.5171162131111156,0.5378049612045288
fall-01-cam0-rgb,1782844827.782416,62,Sitting,False,0.62,compressed_sitting,0.3355269235978861,2.555071265677478,0.5372438877820969
fall-01-cam0-rgb,1782844827.8257468,63,Sitting,False,0.62,compressed_sitting,0.3409256339342871,2.5393479611452476,0.5337746441364288
fall-01-cam0-rgb,1782844827.8671215,64,Sitting,False,0.62,compressed_sitting,0.3550906215520066,2.0921562750572495,0.5317960381507874
fall-01-cam0-rgb,1782844827.9078822,65,Sitting,False,0.62,compressed_sitting,0.3640043009458481,2.459915704418787,0.5321040600538254
fall-01-cam0-rgb,1782844827.9459054,66,Sitting,False,0.62,compressed_sitting,0.35855832878483584,1.7579148668004632,0.5340044498443604
fall-01-cam0-rgb,1782844827.9866717,67,Sitting,False,0.62,compressed_sitting,0.3568974316387445,1.5058874354587521,0.5322976261377335
fall-01-cam0-rgb,1782844828.0327096,68,Sitting,False,0.62,compressed_sitting,0.35921026821367047,0.8551794104319509,0.532220333814621
fall-01-cam0-rgb,1782844828.0783288,69,Sitting,False,0.62,compressed_sitting,0.3562110864680296,0.41467755430554754,0.5283741056919098
fall-01-cam0-rgb,1782844828.1182027,70,Sitting,False,0.62,compressed_sitting,0.3513473276179387,1.1633865607988396,0.5241969376802444
fall-01-cam0-rgb,1782844828.1593733,71,Sitting,False,0.62,compressed_sitting,0.35977394470775503,0.8904109408463795,0.5253672301769257
fall-01-cam0-rgb,1782844828.2002583,72,Sitting,False,0.62,compressed_sitting,0.37304951514774354,1.0641938007119331,0.524674117565155
fall-01-cam0-rgb,1782844828.2427635,73,Sitting,False,0.62,compressed_sitting,0.38058532300368825,0.8358257995606847,0.5256973803043365
fall-01-cam0-rgb,1782844828.2886539,74,Sitting,False,0.62,compressed_sitting,0.3884260318053606,0.42664956124806647,0.5277204364538193
fall-01-cam0-rgb,1782844828.3301055,75,Sitting,False,0.62,compressed_sitting,0.3924851171256217,1.2242483142022107,0.5285635441541672
fall-01-cam0-rgb,1782844828.3704643,76,Sitting,False,0.62,compressed_sitting,0.39519781874421733,0.7186803587160847,0.5259662866592407
fall-01-cam0-rgb,1782844828.413331,77,Sitting,False,0.62,compressed_sitting,0.39672724885251537,1.295183139823638,0.5242967456579208
fall-01-cam0-rgb,1782844828.460014,78,Sitting,False,0.62,compressed_sitting,0.4009801238715325,0.6668296556211896,0.5245490223169327
fall-01-cam0-rgb,1782844828.5005672,79,Sitting,False,0.62,compressed_sitting,0.4070634587491207,0.026808682469699127,0.5248241871595383
fall-01-cam0-rgb,1782844828.544148,80,Sitting,False,0.62,compressed_sitting,0.4103282604228094,0.15142561157251624,0.5252241492271423
fall-01-cam0-rgb,1782844828.5868914,81,Sitting,False,0.62,compressed_sitting,0.40975031758799957,0.42310718651356666,0.5228819251060486
fall-01-cam0-rgb,1782844828.6262794,82,Sitting,False,0.62,compressed_sitting,0.4137129798465448,0.3082803543635651,0.5204005092382431
fall-01-cam0-rgb,1782844828.670165,83,Sitting,False,0.62,compressed_sitting,0.4143005540582284,0.09557463114286516,0.5177280157804489
fall-01-cam0-rgb,1782844828.7174728,84,Sitting,False,0.62,compressed_sitting,0.41304510628329805,0.2946775486959973,0.5195050984621048
fall-01-cam0-rgb,1782844828.7579165,85,Sitting,False,0.62,compressed_sitting,0.40684001512146434,1.0552703728419712,0.5178501754999161
fall-01-cam0-rgb,1782844828.8016715,86,Sitting,False,0.62,compressed_sitting,0.400867850788112,0.6555240882834993,0.5117968916893005
fall-01-cam0-rgb,1782844828.8494062,87,Sitting,False,0.62,compressed_sitting,0.3984137973614225,1.2692835482015943,0.507245808839798
fall-01-cam0-rgb,1782844828.8887181,88,Sitting,False,0.62,compressed_sitting,0.3967241122242548,1.8368843693702765,0.502797320485115
fall-01-cam0-rgb,1782844828.9268441,89,Sitting,False,0.62,compressed_sitting,0.3949898694961246,1.0606785981547204,0.4996703118085861
fall-01-cam0-rgb,1782844828.9673219,90,Sitting,False,0.62,compressed_sitting,0.3906826334843155,3.325840678697148,0.4935064911842346
fall-01-cam0-rgb,1782844829.0102127,91,Sitting,False,0.62,compressed_sitting,0.3905117178907245,4.169683542925302,0.48912832140922546
fall-01-cam0-rgb,1782844829.0525768,92,Sitting,False,0.62,compressed_sitting,0.39036472741494443,6.109486958760431,0.4831283986568451
fall-01-cam0-rgb,1782844829.0952525,93,Sitting,False,0.62,compressed_sitting,0.38745074882795,8.288481481975335,0.4771598279476166
fall-01-cam0-rgb,1782844829.137107,94,Sitting,False,0.62,compressed_sitting,0.37790753453192205,10.352867240638696,0.46415260434150696
fall-01-cam0-rgb,1782844829.176121,95,Sitting,False,0.62,compressed_sitting,0.3570169312614767,13.50578962331414,0.45405343174934387
fall-01-cam0-rgb,1782844829.2165318,96,Sitting,False,0.62,compressed_sitting,0.3484570549642157,17.50948109610145,0.44098398089408875
fall-01-cam0-rgb,1782844829.260332,97,Sitting,False,0.62,compressed_sitting,0.32493887813007777,20.864973764360084,0.4356648623943329
fall-01-cam0-rgb,1782844829.3051894,98,Sitting,False,0.62,compressed_sitting,0.2954518187179836,25.804785877928733,0.4197389781475067
fall-01-cam0-rgb,1782844829.3496265,99,Sitting,False,0.62,compressed_sitting,0.27653740084441647,26.488211617026106,0.4041003882884979
fall-01-cam0-rgb,1782844829.389569,100,Sitting,False,0.62,compressed_sitting,0.2592842145843639,30.52614287618683,0.3809047043323517
fall-01-cam0-rgb,1782844829.4379153,101,Sitting,False,0.62,compressed_sitting,0.23940621603483173,38.50913350685286,0.37029460072517395
fall-01-cam0-rgb,1782844829.4776561,102,Sitting,False,0.62,compressed_sitting,0.2408568572088668,41.315265892987284,0.3638019263744354
fall-01-cam0-rgb,1782844829.5252178,103,Fall,True,0.65,"horizontal_torso,slow_lie",0.2143891784024949,46.0151410643136,0.3434063494205475
fall-01-cam0-rgb,1782844829.5657566,104,Fall,True,0.65,"horizontal_torso,slow_lie",0.21147285960918003,55.2463635306634,0.333091676235199
fall-01-cam0-rgb,1782844829.6090984,105,Fall,True,0.65,"horizontal_torso,slow_lie",0.17359228835129273,60.06836600609344,0.31406107544898987
fall-01-cam0-rgb,1782844829.6559293,106,Fall,True,0.65,"horizontal_torso,slow_lie",0.22537804703369652,64.17995651544831,0.3027605712413788
fall-01-cam0-rgb,1782844829.6960373,107,Fall,True,0.65,"horizontal_torso,slow_lie",0.2613823430439363,65.87768077765975,0.26918163895606995
fall-01-cam0-rgb,1782844829.7418685,108,Fall,True,0.65,"horizontal_torso,slow_lie",0.1923311602973076,74.1907632359271,0.27639734745025635
fall-01-cam0-rgb,1782844829.7849896,109,Fall,True,0.65,"horizontal_torso,slow_lie",0.1537615223551706,71.84517665241191,0.22630497813224792
fall-01-cam0-rgb,1782844829.8301976,110,Fall,True,0.65,"horizontal_torso,slow_lie",0.13596968648948327,72.72476015340547,0.21511387825012207
fall-01-cam0-rgb,1782844829.8767443,111,Fall,True,0.65,"horizontal_torso,slow_lie",0.1244066534472945,78.12900044330651,0.2003995180130005
fall-01-cam0-rgb,1782844829.925065,112,Fall,True,0.65,"horizontal_torso,slow_lie",0.1461453911419711,83.066570847275,0.18871018290519714
fall-01-cam0-rgb,1782844829.9679806,113,Fall,True,0.65,"horizontal_torso,slow_lie",0.09678270547480734,106.31213090374304,0.20433229207992554
fall-01-cam0-rgb,1782844830.0145955,114,Fall,True,0.65,"horizontal_torso,slow_lie",0.12813218411099667,100.02722073660162,0.1651909053325653
fall-01-cam0-rgb,1782844830.054032,115,Fall,True,0.65,"horizontal_torso,slow_lie",0.09423842597251819,111.49504662506666,0.16130128502845764
fall-01-cam0-rgb,1782844830.097207,116,Unknown,False,0.0,missing_upper_body_keypoints,nan,nan,nan
fall-01-cam0-rgb,1782844830.1200404,117,Unknown,False,0.0,missing_upper_body_keypoints,nan,nan,nan
fall-01-cam0-rgb,1782844830.1390898,118,Unknown,False,0.0,missing_upper_body_keypoints,nan,nan,nan
fall-01-cam0-rgb,1782844830.1586468,119,Fall,True,0.65,"horizontal_span,slow_lie",0.13730165656691892,7.682415283817039,0.2208910584449768
fall-01-cam0-rgb,1782844830.1981373,120,Unknown,False,0.0,missing_upper_body_keypoints,nan,nan,nan
fall-01-cam0-rgb,1782844830.2189891,121,Fall,True,0.65,"horizontal_span,slow_lie",0.11870169181636948,8.96402199858595,0.2509002089500427
fall-01-cam0-rgb,1782844830.2592285,122,Fall,True,0.65,"horizontal_span,slow_lie",0.11369362747241528,37.134798332029334,0.22548505663871765
fall-01-cam0-rgb,1782844830.2992587,123,Fall,True,0.65,"horizontal_span,slow_lie",0.09861196460322641,29.698921556603036,0.24833062291145325
fall-01-cam0-rgb,1782844830.3479972,124,Unknown,False,0.0,missing_upper_body_keypoints,nan,nan,nan
fall-01-cam0-rgb,1782844830.368405,125,Unknown,False,0.0,missing_upper_body_keypoints,nan,nan,nan
fall-01-cam0-rgb,1782844830.3902125,126,Unknown,False,0.0,missing_upper_body_keypoints,nan,nan,nan
fall-01-cam0-rgb,1782844830.4095955,127,Unknown,False,0.0,missing_upper_body_keypoints,nan,nan,nan
fall-01-cam0-rgb,1782844830.429589,128,Unknown,False,0.0,missing_upper_body_keypoints,nan,nan,nan
fall-01-cam0-rgb,1782844830.4503863,129,Unknown,False,0.0,missing_upper_body_keypoints,nan,nan,nan
fall-01-cam0-rgb,1782844830.4694922,130,Unknown,False,0.0,missing_upper_body_keypoints,nan,nan,nan
fall-01-cam0-rgb,1782844830.4894195,131,Unknown,False,0.0,missing_upper_body_keypoints,nan,nan,nan
fall-01-cam0-rgb,1782844830.508545,132,Unknown,False,0.0,missing_upper_body_keypoints,nan,nan,nan
fall-01-cam0-rgb,1782844830.5288975,133,Unknown,False,0.0,missing_upper_body_keypoints,nan,nan,nan
fall-01-cam0-rgb,1782844830.596169,134,Unknown,False,0.0,missing_upper_body_keypoints,nan,nan,nan
fall-01-cam0-rgb,1782844830.6160204,135,Unknown,False,0.0,missing_upper_body_keypoints,nan,nan,nan
fall-01-cam0-rgb,1782844830.6378932,136,Unknown,False,0.0,missing_upper_body_keypoints,nan,nan,nan
fall-01-cam0-rgb,1782844830.659181,137,Unknown,False,0.0,missing_upper_body_keypoints,nan,nan,nan
fall-01-cam0-rgb,1782844830.6778896,138,Unknown,False,0.0,missing_upper_body_keypoints,nan,nan,nan
fall-01-cam0-rgb,1782844830.6991968,139,Unknown,False,0.0,missing_upper_body_keypoints,nan,nan,nan
fall-01-cam0-rgb,1782844830.718128,140,Unknown,False,0.0,missing_upper_body_keypoints,nan,nan,nan
fall-01-cam0-rgb,1782844830.7382033,141,Unknown,False,0.0,missing_upper_body_keypoints,nan,nan,nan
fall-01-cam0-rgb,1782844830.7663596,142,Unknown,False,0.0,missing_upper_body_keypoints,nan,nan,nan
fall-01-cam0-rgb,1782844830.7857404,143,Unknown,False,0.0,missing_upper_body_keypoints,nan,nan,nan
fall-01-cam0-rgb,1782844830.8067396,144,Unknown,False,0.0,missing_upper_body_keypoints,nan,nan,nan
fall-01-cam0-rgb,1782844830.8260663,145,Fall,True,0.65,"horizontal_torso,slow_lie",0.05875948695794901,152.73859368311545,0.3592621684074402
fall-01-cam0-rgb,1782844830.8680887,146,Unknown,False,0.0,missing_upper_body_keypoints,nan,nan,nan
fall-01-cam0-rgb,1782844830.88935,147,Fall,True,0.65,"horizontal_torso,slow_lie",0.11809658221797628,161.3850980921525,0.4567279517650604
fall-01-cam0-rgb,1782844830.9303641,148,Fall,True,0.65,"horizontal_torso,slow_lie",0.1600259190832149,167.1122303138199,0.4665656089782715
fall-01-cam0-rgb,1782844830.972352,149,Unknown,False,0.0,missing_upper_body_keypoints,nan,nan,nan
fall-01-cam0-rgb,1782844830.997719,150,Unknown,False,0.0,missing_upper_body_keypoints,nan,nan,nan
fall-01-cam0-rgb,1782844831.0186949,151,Unknown,False,0.0,missing_upper_body_keypoints,nan,nan,nan
fall-01-cam0-rgb,1782844831.0377262,152,Unknown,False,0.0,missing_upper_body_keypoints,nan,nan,nan
fall-01-cam0-rgb,1782844831.0575805,153,Unknown,False,0.0,missing_upper_body_keypoints,nan,nan,nan
fall-01-cam0-rgb,1782844831.0775104,154,Unknown,False,0.0,missing_upper_body_keypoints,nan,nan,nan
fall-01-cam0-rgb,1782844831.097144,155,Unknown,False,0.0,missing_upper_body_keypoints,nan,nan,nan
fall-01-cam0-rgb,1782844831.1191335,156,Unknown,False,0.0,missing_upper_body_keypoints,nan,nan,nan
fall-01-cam0-rgb,1782844831.1391673,157,Unknown,False,0.0,missing_upper_body_keypoints,nan,nan,nan
fall-01-cam0-rgb,1782844831.159787,158,Unknown,False,0.0,missing_upper_body_keypoints,nan,nan,nan
fall-01-cam0-rgb,1782844831.1795163,159,Fall,True,0.65,"horizontal_torso,slow_lie",0.1476069598879134,162.57998631822312,0.4667286276817322
fall-01-cam0-rgb,1782844831.2205079,160,Unknown,False,0.0,missing_upper_body_keypoints,nan,nan,nan
fall-02-cam0-rgb,1782844831.252064,1,Sitting,False,0.55,compressed_sitting,0.4395000262092868,1.9353580577056821,0.3854796588420868
fall-02-cam0-rgb,1782844831.2921007,2,Sitting,False,0.62,compressed_sitting,0.43226179091841666,3.3912938226252045,0.3869262635707855
fall-02-cam0-rgb,1782844831.3349614,3,Sitting,False,0.62,compressed_sitting,0.4304815240734467,5.684986559305693,0.39285996556282043
fall-02-cam0-rgb,1782844831.3801448,4,Sitting,False,0.62,compressed_sitting,0.43276467249867306,4.1500247049536565,0.3871898949146271
fall-02-cam0-rgb,1782844831.4218926,5,Sitting,False,0.62,compressed_sitting,0.43360020613222566,2.634613684583255,0.38742396235466003
fall-02-cam0-rgb,1782844831.464103,6,Sitting,False,0.62,upright,0.4413184756186979,1.893866678690398,0.38592541217803955
fall-02-cam0-rgb,1782844831.507151,7,Sitting,False,0.62,compressed_sitting,0.43346438634630374,5.485041606674523,0.38769716024398804
fall-02-cam0-rgb,1782844831.5500343,8,Sitting,False,0.62,compressed_sitting,0.4347076967738027,3.30195930828579,0.38528960943222046
fall-02-cam0-rgb,1782844831.5926235,9,Sitting,False,0.62,upright,0.4401570743598667,2.423530083251472,0.3860456049442291
fall-02-cam0-rgb,1782844831.6359112,10,Sitting,False,0.62,compressed_sitting,0.4346683767807002,3.736748922782913,0.38251104950904846
fall-02-cam0-rgb,1782844831.6745422,11,Sitting,False,0.62,compressed_sitting,0.42953175362738094,4.775697670910487,0.38489699363708496
fall-02-cam0-rgb,1782844831.715314,12,Sitting,False,0.62,compressed_sitting,0.432134858231389,6.96322113583447,0.39282843470573425
fall-02-cam0-rgb,1782844831.7574162,13,Sitting,False,0.62,compressed_sitting,0.42742377462576114,6.320868854715894,0.38792884349823
fall-02-cam0-rgb,1782844831.796754,14,Sitting,False,0.62,compressed_sitting,0.4338852425743393,5.753073297926773,0.3916963040828705
fall-02-cam0-rgb,1782844831.8367743,15,Sitting,False,0.62,compressed_sitting,0.4285436868769002,8.080228919911203,0.39935606718063354
fall-02-cam0-rgb,1782844831.878428,16,Sitting,False,0.62,compressed_sitting,0.41957918645421155,7.080485074745803,0.3886895775794983
fall-02-cam0-rgb,1782844831.9184408,17,Sitting,False,0.62,compressed_sitting,0.42858444692415903,5.705510638659703,0.38847100734710693
fall-02-cam0-rgb,1782844831.9589841,18,Sitting,False,0.62,compressed_sitting,0.4228131487876249,7.429387886206962,0.390765905380249
fall-02-cam0-rgb,1782844831.999673,19,Sitting,False,0.62,compressed_sitting,0.42823563002453835,8.207843933901334,0.3939528167247772
fall-02-cam0-rgb,1782844832.040415,20,Sitting,False,0.62,compressed_sitting,0.42159020051862645,7.566676961788462,0.3939213752746582
fall-02-cam0-rgb,1782844832.0794787,21,Sitting,False,0.62,compressed_sitting,0.43038820786827986,6.289981281098512,0.38580265641212463
fall-02-cam0-rgb,1782844832.184619,22,Sitting,False,0.62,compressed_sitting,0.4238648111750586,7.405699912095871,0.38773462176322937
fall-02-cam0-rgb,1782844832.2261791,23,Sitting,False,0.62,compressed_sitting,0.42953941385489386,6.661673902822428,0.38618308305740356
fall-02-cam0-rgb,1782844832.3348475,24,Sitting,False,0.62,compressed_sitting,0.4358839711670561,5.335287505452192,0.38318878412246704
fall-02-cam0-rgb,1782844832.3899384,25,Sitting,False,0.62,compressed_sitting,0.4254022432947893,7.237222675966355,0.38465815782546997
fall-02-cam0-rgb,1782844832.443473,26,Sitting,False,0.62,compressed_sitting,0.4339350326823743,8.25340876145387,0.38502228260040283
fall-02-cam0-rgb,1782844832.492974,27,Sitting,False,0.62,compressed_sitting,0.42826433062111313,9.228379385939645,0.3869713842868805
fall-02-cam0-rgb,1782844832.5494957,28,Sitting,False,0.62,compressed_sitting,0.43440577086380566,6.319032626275852,0.38104021549224854
fall-02-cam0-rgb,1782844832.5966268,29,Sitting,False,0.62,compressed_sitting,0.42441066559656765,6.170955061593121,0.37880992889404297
fall-02-cam0-rgb,1782844832.6421545,30,Sitting,False,0.62,compressed_sitting,0.42060785925164207,10.485030933195675,0.38469183444976807
fall-02-cam0-rgb,1782844832.6825042,31,Sitting,False,0.62,compressed_sitting,0.4224580152254046,9.85924334404467,0.38375571370124817
fall-02-cam0-rgb,1782844832.7206542,32,Sitting,False,0.62,compressed_sitting,0.423076560976612,10.834648213472233,0.381573885679245
fall-02-cam0-rgb,1782844832.7594652,33,Sitting,False,0.62,compressed_sitting,0.4164542612004537,10.986770395774602,0.38553115725517273
fall-02-cam0-rgb,1782844832.801995,34,Sitting,False,0.62,compressed_sitting,0.42391075028892183,10.229239115652476,0.3805331885814667
fall-02-cam0-rgb,1782844832.8432539,35,Sitting,False,0.62,compressed_sitting,0.41408563984560337,12.585865306191263,0.38745594024658203
fall-02-cam0-rgb,1782844832.8853595,36,Sitting,False,0.62,compressed_sitting,0.4204960339051179,11.122239364509339,0.38523709774017334
fall-02-cam0-rgb,1782844832.924386,37,Sitting,False,0.62,compressed_sitting,0.4144762603237799,11.912348321185037,0.38886961340904236
fall-02-cam0-rgb,1782844832.963461,38,Sitting,False,0.62,compressed_sitting,0.4157965830811461,14.537680083170692,0.3872239589691162
fall-02-cam0-rgb,1782844833.0074346,39,Sitting,False,0.62,compressed_sitting,0.4078262396268331,14.174427983191894,0.38748449087142944
fall-02-cam0-rgb,1782844833.052886,40,Sitting,False,0.62,compressed_sitting,0.41723806535457675,17.491939381063336,0.3898647427558899
fall-02-cam0-rgb,1782844833.0928848,41,Sitting,False,0.62,compressed_sitting,0.4139181765949666,17.473443473645496,0.39406460523605347
fall-02-cam0-rgb,1782844833.1320462,42,Sitting,False,0.62,compressed_sitting,0.41848175441465324,19.103313396395436,0.3932386040687561
fall-02-cam0-rgb,1782844833.1740336,43,Sitting,False,0.62,compressed_sitting,0.4028605809728392,21.014467088421856,0.3997980058193207
fall-02-cam0-rgb,1782844833.2141716,44,Sitting,False,0.62,compressed_sitting,0.39786838495427956,21.693115065207355,0.39573732018470764
fall-02-cam0-rgb,1782844833.2610679,45,Sitting,False,0.62,compressed_sitting,0.39874995713653455,22.88864345936607,0.39686474204063416
fall-02-cam0-rgb,1782844833.3017867,46,Sitting,False,0.62,compressed_sitting,0.4032925037792052,25.026840303765656,0.4012559950351715
fall-02-cam0-rgb,1782844833.3419864,47,Sitting,False,0.62,compressed_sitting,0.3918858872980721,25.426173366095064,0.4003511667251587
fall-02-cam0-rgb,1782844833.383359,48,Sitting,False,0.62,compressed_sitting,0.3884782675900746,26.97903695341074,0.3983757793903351
fall-02-cam0-rgb,1782844833.4250705,49,Sitting,False,0.62,compressed_sitting,0.39320312516956624,27.54202952761138,0.3993019759654999
fall-02-cam0-rgb,1782844833.4628608,50,Sitting,False,0.62,compressed_sitting,0.40466815891255675,29.12012075756842,0.3977271020412445
fall-02-cam0-rgb,1782844833.5041747,51,Sitting,False,0.62,compressed_sitting,0.40067999173056196,29.814239162874248,0.38876596093177795
fall-02-cam0-rgb,1782844833.5467496,52,Sitting,False,0.62,compressed_sitting,0.4033487693587862,33.21713301103101,0.38349780440330505
fall-02-cam0-rgb,1782844833.5880163,53,Sitting,False,0.62,compressed_sitting,0.40112849080535296,35.724850436726015,0.3874501883983612
fall-02-cam0-rgb,1782844833.64357,54,Sitting,False,0.62,compressed_sitting,0.3971040371500227,37.62047630179532,0.3928941488265991
fall-02-cam0-rgb,1782844833.6872058,55,Sitting,False,0.62,compressed_sitting,0.38176543695617166,39.53330120439533,0.3832854926586151
fall-02-cam0-rgb,1782844833.7275991,56,Sitting,False,0.62,compressed_sitting,0.3783050347441456,40.68350145886955,0.37622085213661194
fall-02-cam0-rgb,1782844833.7680829,57,Sitting,False,0.62,compressed_sitting,0.36637488142411456,44.70438160674203,0.3711622655391693
fall-02-cam0-rgb,1782844833.809069,58,Fall,True,0.65,"horizontal_torso,slow_lie",0.37038754236110033,46.42788000247952,0.36081376671791077
fall-02-cam0-rgb,1782844833.8509004,59,Fall,True,0.65,"horizontal_torso,slow_lie",0.3583860319958487,48.50881426710003,0.34494704008102417
fall-02-cam0-rgb,1782844833.8922105,60,Fall,True,0.65,"horizontal_torso,slow_lie",0.3455382335967332,56.05306019981378,0.33711346983909607
fall-02-cam0-rgb,1782844833.9387085,61,Fall,True,0.65,"horizontal_torso,slow_lie",0.32865492730755946,63.52256440032023,0.3239980936050415
fall-02-cam0-rgb,1782844833.980538,62,Fall,True,0.65,"horizontal_torso,slow_lie",0.31985905918936264,68.37679857383227,0.3095802962779999
fall-02-cam0-rgb,1782844834.0217116,63,Fall,True,0.65,"horizontal_torso,slow_lie",0.311051439995513,71.2571820850874,0.2939203679561615
fall-02-cam0-rgb,1782844834.0643227,64,Fall,True,0.65,"horizontal_torso,slow_lie",0.33596523927989164,69.43013706417916,0.26856184005737305
fall-02-cam0-rgb,1782844834.105486,65,Fall,True,0.65,"horizontal_torso,slow_lie",0.35407558269232553,63.58039279254269,0.2316611111164093
fall-02-cam0-rgb,1782844834.1483781,66,Fall,True,0.65,"horizontal_torso,slow_lie",0.36120622454981893,61.80669037936864,0.2179463505744934
fall-02-cam0-rgb,1782844834.1886084,67,Fall,True,0.65,"horizontal_torso,slow_lie",0.3588021827665041,60.60824841565233,0.1963346004486084
fall-02-cam0-rgb,1782844834.2286882,68,Fall,True,0.65,"horizontal_torso,slow_lie",0.356624182754706,59.480833031519566,0.18885308504104614
fall-02-cam0-rgb,1782844834.2708871,69,Fall,True,0.65,"horizontal_torso,slow_lie",0.3676417005615011,53.988350842643406,0.1483292281627655
fall-02-cam0-rgb,1782844834.3137672,70,Fall,True,0.65,"horizontal_torso,slow_lie",0.3852318262261906,54.597407274325846,0.14998787641525269
fall-02-cam0-rgb,1782844834.3596718,71,Fall,True,0.65,"horizontal_torso,slow_lie",0.38251605720551873,61.68267563325383,0.13925263285636902
fall-02-cam0-rgb,1782844834.4015448,72,Unknown,False,0.0,missing_upper_body_keypoints,nan,nan,nan
fall-02-cam0-rgb,1782844834.4241788,73,Fall,True,0.65,"horizontal_torso,slow_lie",0.3760719448679109,49.530517503412405,0.1089065670967102
fall-02-cam0-rgb,1782844834.4649153,74,Fall,True,0.65,"horizontal_torso,slow_lie",0.36675247121924043,56.05993522205563,0.09781569242477417
fall-02-cam0-rgb,1782844834.5058534,75,Fall,True,0.65,"horizontal_torso,slow_lie",0.35196262307641174,64.61179695627195,0.11604040861129761
fall-02-cam0-rgb,1782844834.5522008,76,Fall,True,0.65,"horizontal_torso,slow_lie",0.36264729028010373,63.01131822004879,0.11390942335128784
fall-02-cam0-rgb,1782844834.5948212,77,Fall,True,0.65,"horizontal_torso,slow_lie",0.3623155869805749,75.53391287505026,0.12227687239646912
fall-02-cam0-rgb,1782844834.6380854,78,Fall,True,0.65,"horizontal_torso,slow_lie",0.31158343546192846,80.7778316272789,0.15476298332214355
fall-02-cam0-rgb,1782844834.6781962,79,Fall,True,0.65,"horizontal_torso,slow_lie",0.31256237201602977,76.70900383205026,0.15982934832572937
fall-02-cam0-rgb,1782844834.722032,80,Fall,True,0.65,"horizontal_torso,slow_lie",0.28047980168183984,78.9479114142154,0.17305094003677368
fall-02-cam0-rgb,1782844834.7678988,81,Fall,True,0.65,"horizontal_torso,slow_lie",0.3107969182000929,80.14533955778806,0.11869344115257263
fall-02-cam0-rgb,1782844834.809281,82,Fall,True,0.65,"horizontal_torso,slow_lie",0.3395022889815108,97.48808539518335,0.12228155136108398
fall-02-cam0-rgb,1782844834.852995,83,Fall,True,0.65,"horizontal_torso,slow_lie",0.38856842638156697,91.39064880016518,0.07591906189918518
fall-02-cam0-rgb,1782844834.8927286,84,Fall,True,0.65,"horizontal_torso,slow_lie",0.37366628108004,96.57144383456318,0.09110930562019348
fall-02-cam0-rgb,1782844834.9358058,85,Unknown,False,0.0,missing_upper_body_keypoints,nan,nan,nan
fall-02-cam0-rgb,1782844834.9611926,86,Fall,True,0.65,"horizontal_torso,slow_lie",0.38295558099879884,100.33748159109103,0.0698193609714508
fall-02-cam0-rgb,1782844835.0052803,87,Fall,True,0.65,"horizontal_torso,slow_lie",0.36633905183392834,98.48911526357882,0.06493639945983887
fall-02-cam0-rgb,1782844835.0463352,88,Fall,True,0.65,"horizontal_torso,slow_lie",0.3928572496087076,95.35735881121103,0.038065105676651
fall-02-cam0-rgb,1782844835.0900395,89,Fall,True,0.65,"horizontal_torso,slow_lie",0.3738416776617931,93.54086222583881,0.0308571457862854
fall-02-cam0-rgb,1782844835.1333816,90,Fall,True,0.65,"horizontal_torso,slow_lie",0.36435466090548374,96.92084523659189,0.04440498352050781
fall-02-cam0-rgb,1782844835.1768842,91,Fall,True,0.65,"horizontal_torso,slow_lie",0.38720126976385477,99.72689383174306,0.04643794894218445
fall-02-cam0-rgb,1782844835.2200916,92,Fall,True,0.65,"horizontal_torso,slow_lie",0.3860207689341249,101.22476226589443,0.04194211959838867
fall-02-cam0-rgb,1782844835.2616787,93,Fall,True,0.65,"horizontal_torso,slow_lie",0.3870644719909012,100.12519234155977,0.05624747276306152
fall-02-cam0-rgb,1782844835.3063796,94,Fall,True,0.65,"horizontal_torso,slow_lie",0.3796281267393402,96.62610038235131,0.03267297148704529
fall-02-cam0-rgb,1782844835.3462203,95,Fall,True,0.65,"horizontal_torso,slow_lie",0.3768950082527977,98.53665553710134,0.049127429723739624
fall-02-cam0-rgb,1782844835.3894837,96,Fall,True,0.65,"horizontal_torso,slow_lie",0.39220941107892077,100.20845473773673,0.05973929166793823
fall-02-cam0-rgb,1782844835.4345775,97,Fall,True,0.65,"horizontal_torso,slow_lie",0.373483377192333,98.32000636924913,0.07128503918647766
fall-02-cam0-rgb,1782844835.4794664,98,Fall,True,0.65,"horizontal_torso,slow_lie",0.3692864787228498,98.25162438488829,0.0795305073261261
fall-02-cam0-rgb,1782844835.5224667,99,Fall,True,0.65,"horizontal_torso,slow_lie",0.3889179207420315,100.86607923345566,0.0513322651386261
fall-02-cam0-rgb,1782844835.5785036,100,Fall,True,0.65,"horizontal_torso,slow_lie",0.3927590105011395,101.62707357340912,0.04481634497642517
fall-02-cam0-rgb,1782844835.6272585,101,Fall,True,0.65,"horizontal_torso,slow_lie",0.38548331416917414,99.5593394603326,0.0418875515460968
fall-02-cam0-rgb,1782844835.6682281,102,Unknown,False,0.0,missing_upper_body_keypoints,nan,nan,nan
fall-02-cam0-rgb,1782844835.6908982,103,Unknown,False,0.0,missing_upper_body_keypoints,nan,nan,nan
fall-02-cam0-rgb,1782844835.7108953,104,Unknown,False,0.0,missing_upper_body_keypoints,nan,nan,nan
fall-02-cam0-rgb,1782844835.7302122,105,Unknown,False,0.0,missing_upper_body_keypoints,nan,nan,nan
fall-02-cam0-rgb,1782844835.7496192,106,Unknown,False,0.0,missing_upper_body_keypoints,nan,nan,nan
fall-02-cam0-rgb,1782844835.772785,107,Unknown,False,0.0,missing_upper_body_keypoints,nan,nan,nan
fall-02-cam0-rgb,1782844835.7927408,108,Unknown,False,0.0,missing_upper_body_keypoints,nan,nan,nan
fall-02-cam0-rgb,1782844835.812625,109,Unknown,False,0.0,missing_upper_body_keypoints,nan,nan,nan
fall-02-cam0-rgb,1782844835.8336296,110,Unknown,False,0.0,missing_upper_body_keypoints,nan,nan,nan
fall-03-cam0-rgb,1782844835.8819027,1,Sitting,False,0.55,compressed_sitting,0.3585673561734712,3.9567735636466943,0.5368651002645493
fall-03-cam0-rgb,1782844835.9209025,2,Sitting,False,0.62,compressed_sitting,0.3625917396355919,3.3361006343606534,0.5368318557739258
fall-03-cam0-rgb,1782844835.9605794,3,Sitting,False,0.62,compressed_sitting,0.3623754653159562,3.0651271638321798,0.537509098649025
fall-03-cam0-rgb,1782844836.003482,4,Sitting,False,0.62,compressed_sitting,0.35941749764096625,2.813484066434809,0.536212757229805
fall-03-cam0-rgb,1782844836.044241,5,Sitting,False,0.62,compressed_sitting,0.3550044655171231,2.2462315221898876,0.5375131368637085
fall-03-cam0-rgb,1782844836.0807872,6,Sitting,False,0.62,compressed_sitting,0.3451781475195544,1.5873534637273474,0.5370380729436874
fall-03-cam0-rgb,1782844836.126819,7,Sitting,False,0.62,compressed_sitting,0.32696869953361857,2.446116476406738,0.5349567830562592
fall-03-cam0-rgb,1782844836.1683283,8,Sitting,False,0.62,compressed_sitting,0.31837872342453377,1.2289331549058684,0.5341264605522156
fall-03-cam0-rgb,1782844836.207413,9,Sitting,False,0.62,compressed_sitting,0.32061015128184733,1.310656180053086,0.5335746109485626
fall-03-cam0-rgb,1782844836.246669,10,Sitting,False,0.62,compressed_sitting,0.3131558536668497,1.0422245645839632,0.5353516489267349
fall-03-cam0-rgb,1782844836.2889435,11,Sitting,False,0.62,compressed_sitting,0.31905534643155686,0.8485551371000767,0.5332316756248474
fall-03-cam0-rgb,1782844836.3309278,12,Sitting,False,0.62,compressed_sitting,0.3542006478635997,0.6825448782164918,0.5336020737886429
fall-03-cam0-rgb,1782844836.371386,13,Sitting,False,0.62,compressed_sitting,0.35891734649493945,0.12173798783859587,0.5337550491094589
fall-03-cam0-rgb,1782844836.4125504,14,Sitting,False,0.62,compressed_sitting,0.36756820261515316,0.021586778978869948,0.532067745923996
fall-03-cam0-rgb,1782844836.4536273,15,Sitting,False,0.62,compressed_sitting,0.36540078088212535,0.4742678540243942,0.5274554938077927
fall-03-cam0-rgb,1782844836.4954576,16,Sitting,False,0.62,compressed_sitting,0.3782479888066402,0.49853671172265807,0.531057670712471
fall-03-cam0-rgb,1782844836.5368981,17,Sitting,False,0.62,compressed_sitting,0.3737728351872995,1.4272593274982686,0.5273998230695724
fall-03-cam0-rgb,1782844836.5780082,18,Sitting,False,0.62,compressed_sitting,0.3817293707946708,1.2645262072896828,0.531573161482811
fall-03-cam0-rgb,1782844836.620075,19,Sitting,False,0.62,compressed_sitting,0.38412893405882714,1.245399568787024,0.5314433872699738
fall-03-cam0-rgb,1782844836.6610217,20,Sitting,False,0.62,compressed_sitting,0.3915109324405981,0.8784193014519212,0.530593529343605
fall-03-cam0-rgb,1782844836.7035356,21,Sitting,False,0.62,compressed_sitting,0.40051518228544875,1.2690429270633017,0.532463550567627
fall-03-cam0-rgb,1782844836.7450063,22,Sitting,False,0.62,compressed_sitting,0.4065344162055191,0.9076129514951917,0.5325806140899658
fall-03-cam0-rgb,1782844836.7876256,23,Sitting,False,0.62,compressed_sitting,0.41185997437264,0.635206588945728,0.533468946814537
fall-03-cam0-rgb,1782844836.8272338,24,Sitting,False,0.62,compressed_sitting,0.41307656428378936,0.659986982565495,0.5335007607936859
fall-03-cam0-rgb,1782844836.866081,25,Sitting,False,0.62,compressed_sitting,0.41527980815798876,0.8444852371433959,0.5310327261686325
fall-03-cam0-rgb,1782844836.904106,26,Sitting,False,0.62,compressed_sitting,0.4190234762936809,0.8038412962670411,0.5318347811698914
fall-03-cam0-rgb,1782844836.945538,27,Sitting,False,0.62,compressed_sitting,0.41856698217629507,0.6751655895296694,0.528105765581131
fall-03-cam0-rgb,1782844836.988822,28,Sitting,False,0.62,compressed_sitting,0.4223596489800163,0.47983068377514937,0.5264047384262085
fall-03-cam0-rgb,1782844837.0328383,29,Sitting,False,0.62,compressed_sitting,0.42026915987785124,0.5180287038861963,0.5280181765556335
fall-03-cam0-rgb,1782844837.0716772,30,Sitting,False,0.62,compressed_sitting,0.42100961056260605,0.08187470328618925,0.525716245174408
fall-03-cam0-rgb,1782844837.1150715,31,Sitting,False,0.62,compressed_sitting,0.42551949434300695,0.8074188147760928,0.5253726243972778
fall-03-cam0-rgb,1782844837.1526248,32,Sitting,False,0.62,compressed_sitting,0.4272470387105889,1.0472487630485814,0.5249518901109695
fall-03-cam0-rgb,1782844837.1929932,33,Sitting,False,0.62,compressed_sitting,0.4268642048797228,2.036378200034056,0.5259657800197601
fall-03-cam0-rgb,1782844837.2366035,34,Sitting,False,0.62,compressed_sitting,0.4303642212200165,2.541707764584596,0.5272878855466843
fall-03-cam0-rgb,1782844837.2753346,35,Sitting,False,0.62,compressed_sitting,0.4288622617005144,1.9019332288793966,0.5250770449638367
fall-03-cam0-rgb,1782844837.3192625,36,Sitting,False,0.62,compressed_sitting,0.429116864196393,2.375488765627632,0.5245594829320908
fall-03-cam0-rgb,1782844837.3600268,37,Sitting,False,0.62,compressed_sitting,0.4241550096910762,2.0045215549903075,0.523620530962944
fall-03-cam0-rgb,1782844837.400505,38,Sitting,False,0.62,compressed_sitting,0.4257445986090594,2.3758958585232346,0.5226452797651291
fall-03-cam0-rgb,1782844837.444106,39,Sitting,False,0.62,compressed_sitting,0.42678729376243196,2.7206858294883625,0.5211774855852127
fall-03-cam0-rgb,1782844837.482165,40,Sitting,False,0.62,compressed_sitting,0.4353745882386372,2.159486664247649,0.5232552140951157
fall-03-cam0-rgb,1782844837.5231795,41,Sitting,False,0.62,upright,0.44136158978045087,2.4926007794637357,0.5252832174301147
fall-03-cam0-rgb,1782844837.5650442,42,Standing,False,0.62,upright,0.4487073430945392,1.977113882174183,0.5287306606769562
fall-03-cam0-rgb,1782844837.6078043,43,Standing,False,0.62,upright,0.4579566858341389,1.984956617432828,0.5306571573019028
fall-03-cam0-rgb,1782844837.650198,44,Standing,False,0.62,upright_max_height,0.4655275174689777,1.5678650989886593,0.5275950282812119
fall-03-cam0-rgb,1782844837.6917338,45,Standing,False,0.62,upright_max_height,0.4638995256003776,1.7324200561064567,0.5266130566596985
fall-03-cam0-rgb,1782844837.7287233,46,Standing,False,0.62,upright_max_height,0.4726356445657477,1.2466745827270838,0.5303433239459991
fall-03-cam0-rgb,1782844837.7706418,47,Standing,False,0.62,upright_max_height,0.4714483328425182,1.2690467708674282,0.5329687595367432
fall-03-cam0-rgb,1782844837.8095977,48,Standing,False,0.62,upright_max_height,0.4778992312645061,0.9027548465475115,0.5278199017047882
fall-03-cam0-rgb,1782844837.850754,49,Standing,False,0.62,upright_max_height,0.47917417034737597,0.06151978100648312,0.5244891941547394
fall-03-cam0-rgb,1782844837.89314,50,Standing,False,0.62,upright_max_height,0.4851219819354482,0.028187818766381996,0.5203896164894104
fall-03-cam0-rgb,1782844837.9300504,51,Standing,False,0.62,upright_max_height,0.48918853766053283,0.6710686198628961,0.5211648941040039
fall-03-cam0-rgb,1782844837.970848,52,Standing,False,0.62,upright_max_height,0.48747810445255796,0.2557733690154147,0.5222705751657486
fall-03-cam0-rgb,1782844838.0121403,53,Standing,False,0.62,upright_max_height,0.4830372206355352,0.48296463610867174,0.5191276520490646
fall-03-cam0-rgb,1782844838.0538914,54,Standing,False,0.62,upright_max_height,0.49162218621707,0.445726730564757,0.516851544380188
fall-03-cam0-rgb,1782844838.0949721,55,Standing,False,0.62,upright_max_height,0.4889863725181413,0.9504688511298465,0.517022505402565
fall-03-cam0-rgb,1782844838.1350813,56,Standing,False,0.62,upright_max_height,0.4949787411361183,1.3096964803935698,0.5200868099927902
fall-03-cam0-rgb,1782844838.174113,57,Standing,False,0.62,upright_max_height,0.4967703368343782,1.370138784387013,0.5212823301553726
fall-03-cam0-rgb,1782844838.2146258,58,Standing,False,0.62,upright_max_height,0.49924791795325485,1.4191227833163937,0.515746608376503
fall-03-cam0-rgb,1782844838.2689977,59,Standing,False,0.62,upright_max_height,0.4968993919182268,1.1037249528190682,0.5131140053272247
fall-03-cam0-rgb,1782844838.3127863,60,Standing,False,0.62,upright_max_height,0.5057555870284064,0.9632234625445589,0.5113005042076111
fall-03-cam0-rgb,1782844838.358478,61,Standing,False,0.62,upright_max_height,0.5079106929954876,1.1530157084168886,0.5169385671615601
fall-03-cam0-rgb,1782844838.4099114,62,Standing,False,0.62,upright_max_height,0.5174307824906235,0.8557403230976968,0.5156260281801224
fall-03-cam0-rgb,1782844838.4553938,63,Standing,False,0.62,upright_max_height,0.5323052532330297,0.98460089458649,0.5133447200059891
fall-03-cam0-rgb,1782844838.5133138,64,Standing,False,0.62,upright_max_height,0.5414458737199027,1.1144283386169125,0.5149792283773422
fall-03-cam0-rgb,1782844838.5638697,65,Standing,False,0.62,upright_max_height,0.5491123644300474,1.2096506559144442,0.5145721435546875
fall-03-cam0-rgb,1782844838.6086953,66,Standing,False,0.62,upright_max_height,0.5599828634098242,1.2339849304496608,0.5162005871534348
fall-03-cam0-rgb,1782844838.6719196,67,Standing,False,0.62,upright_max_height,0.5656756399756846,1.2287965434305879,0.513712614774704
fall-03-cam0-rgb,1782844838.7160366,68,Standing,False,0.62,upright_max_height,0.5724913547338438,0.7302387824370822,0.5091768056154251
fall-03-cam0-rgb,1782844838.7571158,69,Standing,False,0.62,upright_max_height,0.5790705354284411,0.4716568033446227,0.5089985579252243
fall-03-cam0-rgb,1782844838.7989364,70,Standing,False,0.62,upright_max_height,0.5809057575938085,0.6754737474915827,0.5096839219331741
fall-03-cam0-rgb,1782844838.8402405,71,Standing,False,0.62,upright_max_height,0.58273038234083,0.1968927519388922,0.5079058706760406
fall-03-cam0-rgb,1782844838.880308,72,Standing,False,0.62,upright_max_height,0.5880416887098153,0.01712809324487503,0.5073377341032028
fall-03-cam0-rgb,1782844838.9234796,73,Standing,False,0.62,upright_max_height,0.5881525079792997,0.352834192998004,0.5040330141782761
fall-03-cam0-rgb,1782844838.9612083,74,Standing,False,0.62,upright_max_height,0.5902926774297035,0.5876936069022357,0.5073877722024918
fall-03-cam0-rgb,1782844839.0019643,75,Standing,False,0.62,upright_max_height,0.5886546752816859,0.8796607328204945,0.4995310604572296
fall-03-cam0-rgb,1782844839.0442564,76,Standing,False,0.62,upright_max_height,0.5950975737258687,1.6433669258314647,0.5043899267911911
fall-03-cam0-rgb,1782844839.1003013,77,Standing,False,0.62,upright_max_height,0.5978754847712152,1.7431228728830854,0.5090402513742447
fall-03-cam0-rgb,1782844839.1413014,78,Standing,False,0.62,upright_max_height,0.6018827341926752,1.6769296477310796,0.5079982280731201
fall-03-cam0-rgb,1782844839.1843472,79,Standing,False,0.62,upright_max_height,0.6020775857493796,2.1994532129833844,0.5091454237699509
fall-03-cam0-rgb,1782844839.2280023,80,Standing,False,0.62,upright_max_height,0.5971590528639986,2.4706298650681098,0.5127335041761398
fall-03-cam0-rgb,1782844839.2687562,81,Standing,False,0.62,upright_max_height,0.6017683539433101,2.9822702141770274,0.5126772224903107
fall-03-cam0-rgb,1782844839.3067696,82,Standing,False,0.62,upright_max_height,0.6015343421312944,3.066155421204586,0.5133138000965118
fall-03-cam0-rgb,1782844839.3458579,83,Standing,False,0.62,upright_max_height,0.6101619071562615,3.4586445738771108,0.510251447558403
fall-03-cam0-rgb,1782844839.3880076,84,Standing,False,0.62,upright_max_height,0.615946076662003,3.430671013725125,0.5066072046756744
fall-03-cam0-rgb,1782844839.4267943,85,Standing,False,0.62,upright_max_height,0.6257137980070286,3.379138918735189,0.5075539648532867
fall-03-cam0-rgb,1782844839.4719188,86,Standing,False,0.62,upright_max_height,0.6387649983298535,3.337414260917132,0.5088400393724442
fall-03-cam0-rgb,1782844839.5135639,87,Standing,False,0.62,upright_max_height,0.6596024579929619,3.4050203039637923,0.5097433477640152
fall-03-cam0-rgb,1782844839.5548642,88,Standing,False,0.62,upright_max_height,0.674797947088082,3.4657447001992274,0.5084169209003448
fall-03-cam0-rgb,1782844839.5986466,89,Standing,False,0.62,upright_max_height,0.6872830437015955,3.581774121606813,0.5053742825984955
fall-03-cam0-rgb,1782844839.639343,90,Standing,False,0.62,upright_max_height,0.6958095328256191,3.9157970543883875,0.5006267875432968
fall-03-cam0-rgb,1782844839.680462,91,Standing,False,0.62,upright_max_height,0.7012224423912863,3.5214358199440476,0.49995194375514984
fall-03-cam0-rgb,1782844839.7214708,92,Standing,False,0.62,upright_max_height,0.7005007262267741,2.9274991639711856,0.501780554652214
fall-03-cam0-rgb,1782844839.7606363,93,Standing,False,0.62,upright_max_height,0.71064309450633,2.3947238746341446,0.49917496740818024
fall-03-cam0-rgb,1782844839.7985885,94,Standing,False,0.62,upright_max_height,0.716762341985242,2.0883327360108543,0.4975702613592148
fall-03-cam0-rgb,1782844839.8413956,95,Standing,False,0.62,upright_max_height,0.7234885755024877,1.8762976935670244,0.5028104335069656
fall-03-cam0-rgb,1782844839.878921,96,Standing,False,0.62,upright_max_height,0.7252346003894523,2.0964176503743306,0.4982757568359375
fall-03-cam0-rgb,1782844839.9198093,97,Standing,False,0.62,upright_max_height,0.7286726698944552,1.0586857183415157,0.49868372082710266
fall-03-cam0-rgb,1782844839.9618094,98,Standing,False,0.62,upright_max_height,0.7257743184416745,1.5571921900567316,0.49780699610710144
fall-03-cam0-rgb,1782844840.004224,99,Standing,False,0.62,upright_max_height,0.7343319836607882,1.0091113696789449,0.49939990043640137
fall-03-cam0-rgb,1782844840.0427823,100,Standing,False,0.62,upright_max_height,0.7393074513415557,1.8431907241443946,0.49927422404289246
fall-03-cam0-rgb,1782844840.0834942,101,Standing,False,0.62,upright_max_height,0.7390714924581762,1.9536801371512318,0.5008893013000488
fall-03-cam0-rgb,1782844840.1284528,102,Standing,False,0.62,upright_max_height,0.7383990651842018,1.727469469279951,0.5048016756772995
fall-03-cam0-rgb,1782844840.1673987,103,Standing,False,0.62,upright_max_height,0.741997243095572,1.473117966418122,0.5131036043167114
fall-03-cam0-rgb,1782844840.210523,104,Standing,False,0.62,upright_max_height,0.7610606576131851,1.7422758496286328,0.5153568983078003
fall-03-cam0-rgb,1782844840.2487416,105,Standing,False,0.62,upright_max_height,0.7776864417474854,1.3625343790293183,0.5175196826457977
fall-03-cam0-rgb,1782844840.2867062,106,Standing,False,0.62,upright_max_height,0.7966815686412756,1.608584616688022,0.5205720812082291
fall-03-cam0-rgb,1782844840.327588,107,Standing,False,0.62,upright_max_height,0.8117659288097674,1.621127816160142,0.5193159878253937
fall-03-cam0-rgb,1782844840.3707619,108,Standing,False,0.62,upright_max_height,0.8215911009292972,2.02827964391494,0.5159185230731964
fall-03-cam0-rgb,1782844840.412821,109,Standing,False,0.62,upright_max_height,0.8313358656298494,1.308985946123345,0.5181169658899307
fall-03-cam0-rgb,1782844840.45279,110,Standing,False,0.62,upright_max_height,0.8214120697592961,2.1177911213683522,0.5244337320327759
fall-03-cam0-rgb,1782844840.491896,111,Standing,False,0.62,upright_max_height,0.8175468953074247,1.343406247313287,0.5274898558855057
fall-03-cam0-rgb,1782844840.5363026,112,Standing,False,0.62,upright_max_height,0.8340752787364042,1.5000709289542633,0.5280211865901947
fall-03-cam0-rgb,1782844840.5751393,113,Standing,False,0.62,upright_max_height,0.8400207524951734,1.8420011236666647,0.5276164263486862
fall-03-cam0-rgb,1782844840.6181886,114,Standing,False,0.62,upright_max_height,0.8527931125187298,1.3056831490699798,0.5309613645076752
fall-03-cam0-rgb,1782844840.6602476,115,Standing,False,0.62,upright_max_height,0.8763211709495455,1.0735893439128221,0.5247354507446289
fall-03-cam0-rgb,1782844840.705557,116,Standing,False,0.62,upright_max_height,0.876478508254631,0.8966885579373506,0.5276357382535934
fall-03-cam0-rgb,1782844840.748155,117,Standing,False,0.62,upright_max_height,0.8818967990760834,1.2797872327046647,0.5298798978328705
fall-03-cam0-rgb,1782844840.8039837,118,Standing,False,0.62,upright_max_height,0.8963976350750898,1.95199797198627,0.5089114010334015
fall-03-cam0-rgb,1782844840.8476107,119,Standing,False,0.62,upright_max_height,0.8302220793761115,3.348008189367815,0.5267278105020523
fall-03-cam0-rgb,1782844840.8901846,120,Standing,False,0.62,upright,0.8142917013462732,1.8792482778344797,0.5305999219417572
fall-03-cam0-rgb,1782844840.931821,121,Standing,False,0.62,upright_max_height,0.8314702257766362,2.5256895589525628,0.5198462307453156
fall-03-cam0-rgb,1782844840.974243,122,Standing,False,0.62,upright_max_height,0.8606537122036069,2.7329414380387083,0.5180241167545319
fall-03-cam0-rgb,1782844841.0153623,123,Standing,False,0.62,compressed_sitting,0.7686416606195787,3.347319101388587,0.4435662627220154
fall-03-cam0-rgb,1782844841.0595202,124,Unknown,False,0.0,missing_upper_body_keypoints,nan,nan,nan
fall-03-cam0-rgb,1782844841.0815794,125,Unknown,False,0.62,compressed_sitting,0.7300858533736144,2.36218014779235,0.44025054574012756
fall-03-cam0-rgb,1782844841.120647,126,Unknown,False,0.0,missing_upper_body_keypoints,nan,nan,nan
fall-03-cam0-rgb,1782844841.1612222,127,Unknown,False,0.0,missing_upper_body_keypoints,nan,nan,nan
fall-03-cam0-rgb,1782844841.185482,128,Unknown,False,0.0,missing_upper_body_keypoints,nan,nan,nan
fall-03-cam0-rgb,1782844841.2044818,129,Unknown,False,0.0,missing_upper_body_keypoints,nan,nan,nan
fall-03-cam0-rgb,1782844841.2244768,130,Unknown,False,0.0,missing_upper_body_keypoints,nan,nan,nan
fall-03-cam0-rgb,1782844841.2437649,131,Unknown,False,0.0,missing_upper_body_keypoints,nan,nan,nan
fall-03-cam0-rgb,1782844841.2646592,132,Unknown,False,0.0,missing_upper_body_keypoints,nan,nan,nan
fall-03-cam0-rgb,1782844841.2838786,133,Unknown,False,0.0,missing_upper_body_keypoints,nan,nan,nan
fall-03-cam0-rgb,1782844841.3058884,134,Unknown,False,0.0,missing_upper_body_keypoints,nan,nan,nan
fall-03-cam0-rgb,1782844841.3248785,135,Unknown,False,0.0,missing_upper_body_keypoints,nan,nan,nan
fall-03-cam0-rgb,1782844841.3448906,136,Unknown,False,0.0,missing_upper_body_keypoints,nan,nan,nan
fall-03-cam0-rgb,1782844841.3647923,137,Unknown,False,0.0,missing_upper_body_keypoints,nan,nan,nan
fall-03-cam0-rgb,1782844841.3834019,138,Unknown,False,0.0,missing_upper_body_keypoints,nan,nan,nan
fall-03-cam0-rgb,1782844841.4056678,139,Unknown,False,0.0,missing_upper_body_keypoints,nan,nan,nan
fall-03-cam0-rgb,1782844841.4247627,140,Unknown,False,0.0,missing_upper_body_keypoints,nan,nan,nan
fall-03-cam0-rgb,1782844841.4462144,141,Unknown,False,0.0,missing_upper_body_keypoints,nan,nan,nan
fall-03-cam0-rgb,1782844841.4660382,142,Unknown,False,0.0,missing_upper_body_keypoints,nan,nan,nan
fall-03-cam0-rgb,1782844841.486549,143,Unknown,False,0.0,missing_upper_body_keypoints,nan,nan,nan
fall-03-cam0-rgb,1782844841.5076015,144,Unknown,False,0.0,missing_upper_body_keypoints,nan,nan,nan
fall-03-cam0-rgb,1782844841.5275426,145,Unknown,False,0.0,missing_upper_body_keypoints,nan,nan,nan
fall-03-cam0-rgb,1782844841.547645,146,Unknown,False,0.0,missing_upper_body_keypoints,nan,nan,nan
fall-03-cam0-rgb,1782844841.5666394,147,Unknown,False,0.0,missing_upper_body_keypoints,nan,nan,nan
fall-03-cam0-rgb,1782844841.587545,148,Unknown,False,0.0,missing_upper_body_keypoints,nan,nan,nan
fall-03-cam0-rgb,1782844841.6084197,149,Unknown,False,0.0,missing_upper_body_keypoints,nan,nan,nan
fall-03-cam0-rgb,1782844841.6269078,150,Unknown,False,0.62,upright_max_height,0.9633759973363045,5.905210729748739,0.47635123133659363
fall-03-cam0-rgb,1782844841.6656332,151,Standing,False,0.62,upright_max_height,0.9362878446579792,6.89658077743893,0.4724884629249573
fall-03-cam0-rgb,1782844841.7057328,152,Standing,False,0.62,upright_max_height,0.926851258407428,7.313186400619552,0.4708925485610962
fall-03-cam0-rgb,1782844841.7458355,153,Standing,False,0.62,upright_max_height,0.8908955751637133,7.883019314490405,0.46194010972976685
fall-03-cam0-rgb,1782844841.7849202,154,Standing,False,0.62,upright,0.8850162833178563,7.8424363766615235,0.46455496549606323
fall-03-cam0-rgb,1782844841.8251019,155,Standing,False,0.62,compressed_sitting,0.8373029528748971,8.281965984885883,0.46492889523506165
fall-03-cam0-rgb,1782844841.87273,156,Sitting,False,0.62,compressed_sitting,0.8379044893271452,9.0285087005611,0.4645066261291504
fall-03-cam0-rgb,1782844841.9141307,157,Sitting,False,0.62,compressed_sitting,0.8166803014915791,10.216651614437096,0.4578319787979126
fall-03-cam0-rgb,1782844841.9596193,158,Sitting,False,0.62,compressed_sitting,0.764823265684943,10.626384701908263,0.44597169756889343
fall-03-cam0-rgb,1782844841.9997592,159,Sitting,False,0.62,compressed_sitting,0.7606524176519501,12.010516947049686,0.4281032681465149
fall-03-cam0-rgb,1782844842.0440617,160,Sitting,False,0.62,compressed_sitting,0.7138720912316339,13.504261793274834,0.4141925871372223
fall-03-cam0-rgb,1782844842.088597,161,Sitting,False,0.62,compressed_sitting,0.6814772897783101,12.636314603306149,0.4080605208873749
fall-03-cam0-rgb,1782844842.1311946,162,Sitting,False,0.62,compressed_sitting,0.6180025776993496,13.291811365188593,0.3818828761577606
fall-03-cam0-rgb,1782844842.171455,163,Sitting,False,0.62,compressed_sitting,0.5916661620571988,13.428745635717064,0.36603930592536926
fall-03-cam0-rgb,1782844842.2112076,164,Sitting,False,0.62,compressed_sitting,0.5569237779094797,13.407715607218117,0.3463350832462311
fall-03-cam0-rgb,1782844842.254224,165,Sitting,False,0.62,compressed_sitting,0.5314202027422336,14.68424660684416,0.33854424953460693
fall-03-cam0-rgb,1782844842.2951984,166,Sitting,False,0.62,compressed_sitting,0.5098585589362181,15.50123184684379,0.3208823502063751
fall-03-cam0-rgb,1782844842.3382537,167,Sitting,False,0.62,compressed_sitting,0.4883022232220872,15.50860206646947,0.3057590425014496
fall-03-cam0-rgb,1782844842.382187,168,Sitting,False,0.62,compressed_sitting,0.44062812772503224,14.426105452873134,0.2903061807155609
fall-03-cam0-rgb,1782844842.4258244,169,Sitting,False,0.62,compressed_sitting,0.41511921596152784,14.886998199013806,0.27558422088623047
fall-03-cam0-rgb,1782844842.465628,170,Fall,True,0.65,"horizontal_span,slow_lie",0.4005803919912262,13.896132262370985,0.2587955594062805
fall-03-cam0-rgb,1782844842.5083723,171,Fall,True,0.65,"horizontal_span,slow_lie",0.34221330948027484,29.208586640304997,0.23478835821151733
fall-03-cam0-rgb,1782844842.5551648,172,Fall,True,0.65,"horizontal_span,slow_lie",0.343312620931318,15.070607834824248,0.2049771547317505
fall-03-cam0-rgb,1782844842.596495,173,Fall,True,0.65,"horizontal_span,slow_lie",0.3397039460345309,10.201714737187537,0.18093341588974
fall-03-cam0-rgb,1782844842.6368115,174,Fall,True,0.65,"horizontal_span,slow_lie",0.325681949497381,10.96194061281539,0.15655484795570374
fall-03-cam0-rgb,1782844842.6784837,175,Fall,True,0.65,"horizontal_span,slow_lie",0.33477289131111504,9.59997465068392,0.13749131560325623
fall-03-cam0-rgb,1782844842.7255604,176,Fall,True,0.65,"horizontal_span,slow_lie",0.323029565217287,7.22236355486207,0.12940683960914612
fall-03-cam0-rgb,1782844842.7685447,177,Fall,True,0.65,"horizontal_span,slow_lie",0.31929718699111226,7.3299363591750675,0.12418967485427856
fall-03-cam0-rgb,1782844842.8099077,178,Fall,True,0.65,"horizontal_span,slow_lie",0.29982513206970196,9.696784242568699,0.135277658700943
fall-03-cam0-rgb,1782844842.851444,179,Fall,True,0.65,"horizontal_span,slow_lie",0.3026938762812099,8.732652839521373,0.12879610061645508
fall-03-cam0-rgb,1782844842.8928792,180,Fall,True,0.65,"horizontal_span,slow_lie",0.317411310432411,8.650835293218137,0.12408959865570068
fall-03-cam0-rgb,1782844842.9320378,181,Fall,True,0.65,"horizontal_span,slow_lie",0.32655534203707826,10.170053510310238,0.12048280239105225
fall-03-cam0-rgb,1782844842.9747663,182,Fall,True,0.65,"horizontal_span,slow_lie",0.30772220854556975,10.260593350685264,0.12398386001586914
fall-03-cam0-rgb,1782844843.0189576,183,Fall,True,0.65,"horizontal_span,slow_lie",0.3187620814689522,10.105192904108282,0.12150153517723083
fall-03-cam0-rgb,1782844843.0610669,184,Fall,True,0.65,"horizontal_span,slow_lie",0.3326798224449399,16.487780008930105,0.12186402082443237
fall-03-cam0-rgb,1782844843.12564,185,Fall,True,0.65,"horizontal_span,slow_lie",0.2868358420451735,15.02668637623109,0.13326504826545715
fall-03-cam0-rgb,1782844843.1941934,186,Fall,True,0.65,"horizontal_span,slow_lie",0.2780048296320339,14.684551317219961,0.13455113768577576
fall-03-cam0-rgb,1782844843.2571106,187,Fall,True,0.65,"horizontal_span,slow_lie",0.2942435118770357,13.983702175071146,0.1378249228000641
fall-03-cam0-rgb,1782844843.3042014,188,Fall,True,0.65,"horizontal_span,slow_lie",0.3380225748236714,12.985566486849256,0.14764142036437988
fall-03-cam0-rgb,1782844843.350364,189,Fall,True,0.65,"horizontal_span,slow_lie",0.3350695728315839,9.611358121354296,0.14784252643585205
fall-03-cam0-rgb,1782844843.3927882,190,Fall,True,0.65,"horizontal_span,slow_lie",0.31959842216469103,8.395258179926131,0.15358981490135193
fall-03-cam0-rgb,1782844843.4358566,191,Fall,True,0.65,"horizontal_span,slow_lie",0.3380326250912564,10.3571481077284,0.1751232147216797
fall-03-cam0-rgb,1782844843.4810998,192,Fall,True,0.65,"horizontal_span,slow_lie",0.33838253462657386,11.43350642943649,0.1964576244354248
fall-03-cam0-rgb,1782844843.5251727,193,Fall,True,0.65,"horizontal_span,slow_lie",0.36251658507306567,11.497396993200605,0.18547213077545166
fall-03-cam0-rgb,1782844843.5674326,194,Fall,True,0.65,"horizontal_span,slow_lie",0.36247173491074763,15.356888042914346,0.18554091453552246
fall-03-cam0-rgb,1782844843.6092658,195,Fall,True,0.65,"horizontal_span,slow_lie",0.38990379845905376,15.081099744193917,0.17673170566558838
fall-03-cam0-rgb,1782844843.650722,196,Fall,True,0.65,"horizontal_span,slow_lie",0.39727159545651236,16.31405434343142,0.17035630345344543
fall-03-cam0-rgb,1782844843.6935687,197,Fall,True,0.65,"horizontal_span,slow_lie",0.41208931660662385,16.35498433904177,0.1672426164150238
fall-03-cam0-rgb,1782844843.7396674,198,Fall,True,0.65,"horizontal_span,slow_lie",0.42456937355597707,18.0846160136067,0.1787015199661255
fall-03-cam0-rgb,1782844843.788893,199,Fall,True,0.65,"horizontal_span,slow_lie",0.44393854892929363,16.662582580498214,0.17623773217201233
fall-03-cam0-rgb,1782844843.8386283,200,Fall,True,0.65,"horizontal_span,slow_lie",0.4477546631588282,18.403285688359684,0.1806734800338745
fall-03-cam0-rgb,1782844843.890155,201,Fall,True,0.65,"horizontal_span,slow_lie",0.4544789764368634,24.075926127446337,0.17680460214614868
fall-03-cam0-rgb,1782844843.9380322,202,Fall,True,0.65,"horizontal_span,slow_lie",0.46101824003265457,21.324350077060483,0.19032615423202515
fall-03-cam0-rgb,1782844843.9911413,203,Fall,True,0.65,"horizontal_span,slow_lie",0.4502419034909199,20.03027824101281,0.17885345220565796
fall-03-cam0-rgb,1782844844.0418663,204,Fall,True,0.65,"horizontal_span,slow_lie",0.4311882924821607,16.607016402186517,0.1812470555305481
fall-03-cam0-rgb,1782844844.0861166,205,Fall,True,0.65,"horizontal_span,slow_lie",0.43330264268093616,17.16680341969628,0.18733590841293335
fall-03-cam0-rgb,1782844844.1330838,206,Fall,True,0.65,"horizontal_span,slow_lie",0.43843749722216724,16.383253157988136,0.18032625317573547
fall-03-cam0-rgb,1782844844.175636,207,Fall,True,0.65,"horizontal_span,slow_lie",0.4661338492591046,13.555242256944014,0.17855796217918396
fall-03-cam0-rgb,1782844844.2197373,208,Fall,True,0.65,"horizontal_span,slow_lie",0.45983686541224733,15.650353196629743,0.18995338678359985
fall-03-cam0-rgb,1782844844.2636173,209,Fall,True,0.65,"horizontal_span,slow_lie",0.45125253359312256,15.34766070137291,0.18387386202812195
fall-03-cam0-rgb,1782844844.3052082,210,Fall,True,0.65,"horizontal_span,slow_lie",0.44832237347414305,15.544235848063114,0.1765429675579071
fall-03-cam0-rgb,1782844844.3476288,211,Fall,True,0.65,"horizontal_span,slow_lie",0.4424713936093178,15.778564562271349,0.18757569789886475
fall-03-cam0-rgb,1782844844.3914762,212,Fall,True,0.65,"horizontal_span,slow_lie",0.41818085926197684,18.249526351452193,0.1979232132434845
fall-03-cam0-rgb,1782844844.4373412,213,Fall,True,0.65,"horizontal_span,slow_lie",0.43842107569234756,15.336511264777407,0.19612091779708862
fall-03-cam0-rgb,1782844844.4806423,214,Fall,True,0.65,"horizontal_span,slow_lie",0.4214264643980641,15.52160564208526,0.19822841882705688
fall-03-cam0-rgb,1782844844.5291228,215,Fall,True,0.65,"horizontal_span,slow_lie",0.3953581068108787,18.114169574115103,0.20016542077064514
