clip_name,frame_number,gt_label,pred_label,correct,confidence,nan_fraction,latency_ms
Bend_pickup_lowLight,31,,Standing,,0.982,0.0,580.4136
Bend_pickup_lowLight,32,,Standing,,0.98,0.0,80.9471
Bend_pickup_lowLight,33,,Standing,,0.979,0.0,95.8386
Bend_pickup_lowLight,34,,Standing,,0.978,0.0,80.2775
Bend_pickup_lowLight,35,,Standing,,0.974,0.0,79.1566
Bend_pickup_lowLight,36,,Standing,,0.969,0.0,84.5966
Bend_pickup_lowLight,37,,Standing,,0.966,0.0,103.6875
Bend_pickup_lowLight,38,,Standing,,0.964,0.0,111.8215
Bend_pickup_lowLight,39,,Standing,,0.958,0.0,123.1719
Bend_pickup_lowLight,40,,Standing,,0.953,0.0,140.6873
Bend_pickup_lowLight,41,,Standing,,0.945,0.0,211.482
Bend_pickup_lowLight,42,,Standing,,0.938,0.0,337.1143
Bend_pickup_lowLight,43,,Standing,,0.926,0.0,348.3125
Bend_pickup_lowLight,44,,Standing,,0.921,0.0,267.3992
Bend_pickup_lowLight,45,,Standing,,0.906,0.0,318.1897
Bend_pickup_lowLight,46,,Standing,,0.862,0.0,128.1943
Bend_pickup_lowLight,47,,Sitting,,0.815,0.0,135.823
Bend_pickup_lowLight,48,,Sitting,,0.956,0.0,162.208
Bend_pickup_lowLight,49,,Sitting,,0.961,0.0,127.2955
Bend_pickup_lowLight,50,,Sitting,,0.957,0.0,96.9813
Bend_pickup_lowLight,51,,Sitting,,0.953,0.0,107.3706
Bend_pickup_lowLight,52,,Sitting,,0.946,0.0,117.5701
Bend_pickup_lowLight,53,,Sitting,,0.943,0.0,134.9018
Bend_pickup_lowLight,54,,Sitting,,0.935,0.0,138.7145
Bend_pickup_lowLight,55,,Sitting,,0.913,0.0,142.955
Bend_pickup_lowLight,56,,Sitting,,0.9,0.0,128.2677
Bend_pickup_lowLight,57,,Sitting,,0.878,0.0,238.5414
Bend_pickup_lowLight,58,,Sitting,,0.829,0.0,206.8793
Bend_pickup_lowLight,59,,Sitting,,0.791,0.0,161.0179
Bend_pickup_lowLight,60,,Sitting,,0.706,0.0,155.0371
Bend_pickup_lowLight,61,,Sitting,,0.592,0.0,151.1515
Bend_pickup_lowLight,62,,Sitting,,0.509,0.0,125.1341
Bend_pickup_lowLight,63,,Lying,,0.658,0.0,134.4287
Bend_pickup_lowLight,64,,Lying,,0.583,0.0,127.6919
Bend_pickup_lowLight,65,,Lying,,0.697,0.0,98.9357
Bend_pickup_lowLight,66,,Lying,,0.691,0.0,118.1768
Bend_pickup_lowLight,67,,Lying,,0.705,0.0,106.0359
Bend_pickup_lowLight,68,,Lying,,0.621,0.0,122.9945
Bend_pickup_lowLight,69,,Sitting,,0.77,0.0,233.0928
Bend_pickup_lowLight,70,,Lying,,0.525,0.0,179.9144
Bend_pickup_lowLight,71,,Lying,,0.552,0.0,171.1879
Bend_pickup_lowLight,72,,Lying,,0.571,0.0,159.363
Bend_pickup_lowLight,73,,Lying,,0.55,0.0,112.6969
Bend_pickup_lowLight,74,,Lying,,0.527,0.0,107.1344
Bend_pickup_lowLight,75,,Sitting,,0.53,0.0,115.0184
Bend_pickup_lowLight,76,,Sitting,,0.534,0.0,107.1979
Bend_pickup_lowLight,77,,Lying,,0.821,0.0,117.4142
Bend_pickup_lowLight,78,,Lying,,0.6,0.0,131.2205
Bend_pickup_lowLight,79,,Sitting,,0.493,0.0,126.6288
Bend_pickup_lowLight,80,,Sitting,,0.502,0.0,133.4214
Bend_pickup_lowLight,81,,Sitting,,0.6,0.0,131.5286
Bend_pickup_lowLight,82,,Sitting,,0.659,0.0,130.926
Bend_pickup_lowLight,83,,Sitting,,0.663,0.0,130.0222
Bend_pickup_lowLight,84,,Sitting,,0.684,0.0,122.6832
Bend_pickup_lowLight,85,,Sitting,,0.682,0.0,170.6053
Bend_pickup_lowLight,86,,Sitting,,0.662,0.0,118.6766
Bend_pickup_lowLight,87,,Sitting,,0.642,0.0,97.7669
Bend_pickup_lowLight,88,,Sitting,,0.6,0.0,135.1597
Bend_pickup_lowLight,89,,Sitting,,0.565,0.0,122.6473
Bend_pickup_lowLight,90,,Sitting,,0.525,0.0,131.2002
Bend_pickup_lowLight,91,,Sitting,,0.466,0.0,131.6382
Bend_pickup_lowLight,92,Standing,Standing,True,0.5,0.0,103.16
Bend_pickup_lowLight,93,Standing,Standing,True,0.554,0.0,117.3325
Bend_pickup_lowLight,94,Standing,Standing,True,0.605,0.0,130.7144
Bend_pickup_lowLight,95,Standing,Standing,True,0.652,0.0,169.3622
Bend_pickup_lowLight,96,Standing,Standing,True,0.696,0.0,173.7251
Bend_pickup_lowLight,97,Standing,Standing,True,0.73,0.0,146.934
Bend_pickup_lowLight,98,Standing,Standing,True,0.761,0.0,117.6194
Bend_pickup_lowLight,99,Standing,Standing,True,0.947,0.0,121.5788
Bend_pickup_lowLight,100,Standing,Standing,True,0.986,0.0,137.1988
Bend_pickup_lowLight,101,Standing,Standing,True,0.988,0.0,131.0465
Bend_pickup_lowLight,102,Standing,Standing,True,0.994,0.0,114.1831
Bend_pickup_lowLight,103,Standing,Standing,True,0.991,0.0,104.3717
Bend_pickup_lowLight,104,Standing,Standing,True,0.991,0.0,113.0679
Bend_pickup_lowLight,105,Standing,Standing,True,0.993,0.0,116.1991
Bend_pickup_lowLight,106,Standing,Standing,True,0.993,0.0,107.4089
Bend_pickup_lowLight,107,Standing,Standing,True,0.993,0.0,134.2625
Bend_pickup_lowLight,108,Standing,Standing,True,0.992,0.0,126.5221
Bend_pickup_lowLight,109,Standing,Standing,True,0.992,0.0,148.9346
Bend_pickup_lowLight,110,Standing,Standing,True,0.991,0.0,161.1882
Bend_pickup_lowLight,111,Standing,Standing,True,0.99,0.0,204.484
Bend_pickup_lowLight,112,Standing,Standing,True,0.99,0.0,167.0448
Bend_pickup_lowLight,113,Standing,Standing,True,0.989,0.0,139.3259
Bend_pickup_lowLight,114,Standing,Standing,True,0.988,0.0,126.412
Bend_pickup_lowLight_leftRight,31,,Sitting,,0.617,0.0,127.3986
Bend_pickup_lowLight_leftRight,32,,Sitting,,0.667,0.0,116.2771
Bend_pickup_lowLight_leftRight,33,,Sitting,,0.716,0.0,162.1546
Bend_pickup_lowLight_leftRight,34,,Sitting,,0.744,0.0,160.7677
Bend_pickup_lowLight_leftRight,35,,Sitting,,0.769,0.0,114.0857
Bend_pickup_lowLight_leftRight,36,,Sitting,,0.777,0.0,180.7171
Bend_pickup_lowLight_leftRight,37,,Sitting,,0.791,0.0,146.1502
Bend_pickup_lowLight_leftRight,38,,Sitting,,0.796,0.0,132.5838
Bend_pickup_lowLight_leftRight,39,,Sitting,,0.807,0.0,142.7476
Bend_pickup_lowLight_leftRight,40,,Sitting,,0.813,0.0,154.4952
Bend_pickup_lowLight_leftRight,41,,Sitting,,0.804,0.0,128.0213
Bend_pickup_lowLight_leftRight,42,,Sitting,,0.799,0.0,109.7638
Bend_pickup_lowLight_leftRight,43,,Sitting,,0.783,0.0,149.4954
Bend_pickup_lowLight_leftRight,44,,Sitting,,0.753,0.0,134.8548
Bend_pickup_lowLight_leftRight,45,,Sitting,,0.718,0.0,124.4322
Bend_pickup_lowLight_leftRight,46,,Sitting,,0.688,0.0,128.627
Bend_pickup_lowLight_leftRight,47,,Sitting,,0.674,0.0,127.5713
Bend_pickup_lowLight_leftRight,48,,Sitting,,0.686,0.0,107.1556
Bend_pickup_lowLight_leftRight,49,,Sitting,,0.673,0.0,101.1605
Bend_pickup_lowLight_leftRight,50,,Sitting,,0.647,0.0,90.3002
Bend_pickup_lowLight_leftRight,51,,Sitting,,0.614,0.0,95.4424
Bend_pickup_lowLight_leftRight,52,,Sitting,,0.603,0.0,146.0787
Bend_pickup_lowLight_leftRight,53,,Sitting,,0.62,0.0,98.2125
Bend_pickup_lowLight_leftRight,54,,Sitting,,0.653,0.0,100.7627
Bend_pickup_lowLight_leftRight,55,,Sitting,,0.674,0.0,111.3725
Bend_pickup_lowLight_leftRight,56,,Sitting,,0.7,0.0,90.3689
Bend_pickup_lowLight_leftRight,57,,Sitting,,0.707,0.0,95.0633
Bend_pickup_lowLight_leftRight,58,,Sitting,,0.669,0.0,96.3453
Bend_pickup_lowLight_leftRight,59,,Sitting,,0.651,0.0,97.9041
Bend_pickup_lowLight_leftRight,60,,Sitting,,0.676,0.0,80.4632
Bend_pickup_lowLight_leftRight,61,,Sitting,,0.717,0.0,81.8531
Bend_pickup_lowLight_leftRight,62,,Sitting,,0.745,0.0,75.4751
Bend_pickup_lowLight_leftRight,63,,Sitting,,0.766,0.0,76.3963
Bend_pickup_lowLight_leftRight,64,,Sitting,,0.805,0.0,84.7403
Bend_pickup_lowLight_leftRight,65,,Sitting,,0.818,0.0,73.5611
Bend_pickup_lowLight_leftRight,66,,Sitting,,0.833,0.0,74.4959
Bend_pickup_lowLight_leftRight,67,,Sitting,,0.843,0.0,99.0147
Bend_pickup_lowLight_leftRight,68,,Sitting,,0.855,0.0,86.0222
Bend_pickup_lowLight_leftRight,69,,Sitting,,0.859,0.0,84.0322
Bend_pickup_lowLight_leftRight,70,,Sitting,,0.871,0.0,90.8415
Bend_pickup_lowLight_leftRight,71,,Sitting,,0.867,0.0,82.4441
Bend_pickup_lowLight_leftRight,72,,Sitting,,0.871,0.0,87.0726
Bend_pickup_lowLight_leftRight,73,,Sitting,,0.873,0.0,77.8301
Bend_pickup_lowLight_leftRight,74,,Sitting,,0.876,0.0,74.3741
Bend_pickup_lowLight_leftRight,75,,Sitting,,0.885,0.0,71.2101
Bend_pickup_lowLight_leftRight,76,,Sitting,,0.882,0.0,70.833
Bend_pickup_lowLight_leftRight,77,,Sitting,,0.883,0.0,68.1059
Bend_pickup_lowLight_leftRight,78,,Sitting,,0.882,0.0,66.1038
Bend_pickup_lowLight_leftRight,79,,Sitting,,0.881,0.0,79.3127
Bend_pickup_lowLight_leftRight,80,,Sitting,,0.897,0.0,78.0285
Bend_pickup_lowLight_leftRight,81,,Sitting,,0.903,0.0,74.9123
Bend_pickup_lowLight_leftRight,82,,Sitting,,0.901,0.0,75.426
Bend_pickup_lowLight_leftRight,83,,Sitting,,0.902,0.0,81.6095
Bend_pickup_lowLight_leftRight,84,,Sitting,,0.896,0.0,108.9667
Bend_pickup_lowLight_leftRight,85,,Sitting,,0.887,0.0,88.1142
Bend_pickup_lowLight_leftRight,86,,Sitting,,0.875,0.0,116.816
Bend_pickup_lowLight_leftRight,87,,Sitting,,0.862,0.0,123.7708
Bend_pickup_lowLight_leftRight,88,,Sitting,,0.843,0.0,133.203
Bend_pickup_lowLight_leftRight,89,,Sitting,,0.818,0.0,151.407
Bend_pickup_lowLight_leftRight,90,Standing,Sitting,False,0.789,0.0,135.1958
Bend_pickup_lowLight_leftRight,91,Standing,Sitting,False,0.736,0.0,121.8265
Bend_pickup_lowLight_leftRight,92,Standing,Sitting,False,0.684,0.0,126.676
Bend_pickup_lowLight_leftRight,93,Standing,Sitting,False,0.622,0.0,120.7962
Bend_pickup_lowLight_leftRight,94,Standing,Sitting,False,0.543,0.0,101.7835
Bend_pickup_lowLight_leftRight,95,Standing,Standing,True,0.534,0.0,103.5076
Bend_pickup_lowLight_leftRight,96,Standing,Standing,True,0.617,0.0,120.9403
Bend_pickup_lowLight_leftRight,97,Standing,Standing,True,0.696,0.0,123.3933
Bend_pickup_lowLight_leftRight,98,Standing,Standing,True,0.768,0.0,129.9652
Bend_pickup_lowLight_leftRight,99,Standing,Standing,True,0.827,0.0,136.4498
Bend_pickup_lowLight_leftRight,100,Standing,Standing,True,0.876,0.0,144.8442
Bend_pickup_lowLight_leftRight,101,Standing,Standing,True,0.909,0.0,152.249
Bend_pickup_lowLight_leftRight,102,Standing,Standing,True,0.935,0.0,133.6197
Bend_pickup_lowLight_leftRight,103,Standing,Standing,True,0.952,0.0,133.4475
Bend_pickup_lowLight_leftRight,104,Standing,Standing,True,0.965,0.0,150.3339
Bend_pickup_lowLight_leftRight,105,Standing,Standing,True,0.976,0.0,136.9386
Bend_pickup_lowLight_leftRight,106,Standing,Standing,True,0.98,0.0,140.8019
Bend_pickup_lowLight_leftRight,107,Standing,Standing,True,0.986,0.0,135.4798
Bend_pickup_lowLight_leftRight,108,Standing,Standing,True,0.988,0.0,131.5694
Bend_pickup_lowLight_leftRight,109,Standing,Standing,True,0.991,0.0,141.2253
Bend_pickup_lowLight_leftRight,110,Standing,Standing,True,0.992,0.0,148.7286
Bend_pickup_lowLight_leftRight,111,Standing,Standing,True,0.993,0.0,132.0726
Bend_pickup_lowLight_leftRight,112,Standing,Standing,True,0.993,0.0,158.1007
Bend_pickup_lowLight_leftRight,113,Standing,Standing,True,0.994,0.0,164.0055
Bend_pickup_lowLight_leftRight,114,Standing,Standing,True,0.994,0.0,163.3859
Bend_pickup_lowLight_leftRight,115,Standing,Standing,True,0.994,0.0,164.7054
Bend_pickup_lowLight_leftRight,116,Standing,Standing,True,0.994,0.0,140.0299
Bend_pickup_lowLight_leftRight,117,Standing,Standing,True,0.995,0.0,135.3478
Bend_pickup_lowLight_leftRight,118,Standing,Standing,True,0.995,0.0,121.7081
Bend_pickup_lowLight_leftRight,119,Standing,Standing,True,0.994,0.0,102.8769
Bend_pickup_lowLight_leftRight,120,Standing,Standing,True,0.994,0.0,123.1308
Bend_pickup_lowLight_leftRight,121,Standing,Standing,True,0.992,0.0,107.9253
Bend_pickup_lowLight_leftRight,122,Standing,Standing,True,0.99,0.0,156.9825
Bend_pickup_lowLight_leftRight,123,Standing,Standing,True,0.989,0.0,159.5444
Bend_pickup_lowLight_leftRight,124,Standing,Standing,True,0.988,0.0,124.7175
Bend_pickup_lowLight_leftRight,125,Standing,Standing,True,0.985,0.0,124.5721
Bend_pickup_lowLight_leftRight,126,Standing,Standing,True,0.984,0.0,123.4506
Bend_pickup_lowLight_leftRight,127,Standing,Standing,True,0.982,0.0,134.0417
Bend_pickup_lowLight_leftRight,128,Standing,Standing,True,0.979,0.0,144.9575
Bend_pickup_lowLight_leftRight,129,,Standing,,0.977,0.0,140.0469
Bend_pickup_lowLight_leftRight,130,,Standing,,0.975,0.0,101.5397
Bend_pickup_lowLight_leftRight,131,,Standing,,0.973,0.0,155.557
Bend_pickup_lowLight_leftRight,132,,Standing,,0.972,0.0,92.0897
Bend_pickup_lowLight_leftRight,133,,Standing,,0.97,0.0,93.8106
Bend_pickup_lowLight_leftRight,134,,Standing,,0.969,0.0,98.3873
Bend_pickup_lowLight_leftRight,135,,Standing,,0.968,0.0,94.7455
Bend_pickup_lowLight_leftRight,136,,Standing,,0.967,0.0,230.8863
Bend_pickup_lowLight_leftRight,137,,Standing,,0.964,0.0,125.3872
Bend_pickup_lowLight_leftRight,138,,Standing,,0.962,0.0,117.0147
Bend_pickup_lowLight_leftRight,139,,Standing,,0.96,0.0,116.1349
Bend_pickup_lowLight_leftRight,140,,Standing,,0.959,0.0,115.4125
Bend_pickup_lowLight_leftRight,141,,Standing,,0.956,0.0,104.4678
Bend_pickup_lowLight_leftRight,142,,Standing,,0.956,0.0,110.0691
Bend_pickup_lowLight_leftRight,143,,Standing,,0.957,0.0,126.3494
Bend_pickup_lowLight_leftRight,144,,Standing,,0.958,0.0,141.3816
Bend_pickup_lowLight_leftRight,145,,Standing,,0.96,0.0,142.3856
Bend_pickup_lowLight_leftRight,146,,Standing,,0.961,0.0,124.2103
Bend_pickup_lowLight_leftRight,147,,Standing,,0.96,0.0,114.8248
Bend_pickup_lowLight_leftRight,148,,Standing,,0.958,0.0,115.9802
Bend_pickup_lowLight_leftRight,149,,Standing,,0.956,0.0,116.5349
Bend_pickup_lowLight_leftRight,150,,Standing,,0.952,0.0,145.7228
Bend_pickup_lowLight_leftRight,151,,Standing,,0.945,0.0,151.0502
Bend_pickup_lowLight_leftRight,152,,Standing,,0.936,0.0,137.2707
Bend_pickup_lowLight_leftRight,153,,Standing,,0.927,0.0,122.1326
Bend_pickup_lowLight_leftRight,154,,Standing,,0.916,0.0,162.6593
Bend_pickup_lowLight_leftRight,155,,Standing,,0.904,0.0,119.1065
Bend_pickup_lowLight_leftRight,156,,Standing,,0.886,0.0,126.6406
Bend_pickup_lowLight_leftRight,157,,Standing,,0.868,0.0,121.7154
Bend_pickup_lowLight_leftRight,158,,Standing,,0.847,0.0,143.3494
Bend_pickup_lowLight_leftRight,159,,Standing,,0.823,0.0,141.8728
Bend_pickup_lowLight_leftRight,160,,Standing,,0.79,0.0,176.812
Bend_pickup_lowLight_leftRight,161,,Standing,,0.753,0.0,156.5717
Bend_pickup_lowLight_leftRight,162,,Standing,,0.704,0.0,117.9024
Bend_pickup_lowLight_leftRight,163,,Standing,,0.668,0.0,110.3689
Bend_pickup_lowLight_leftRight,164,,Standing,,0.617,0.0,159.1674
Bend_pickup_lowLight_leftRight,165,,Standing,,0.563,0.0,144.7576
Bend_pickup_lowLight_leftRight,166,,Standing,,0.507,0.0,125.5639
Bend_pickup_lowLight_leftRight,167,,Sitting,,0.543,0.0,122.7108
Bend_pickup_lowLight_leftRight,168,,Sitting,,0.616,0.0,122.4878
Bend_pickup_lowLight_leftRight,169,,Sitting,,0.692,0.0,127.5514
Bend_pickup_lowLight_leftRight,170,,Sitting,,0.753,0.0,107.5198
Bend_pickup_lowLight_leftRight,171,,Sitting,,0.803,0.0,110.7032
Bend_pickup_lowLight_leftRight,172,,Sitting,,0.849,0.0,123.6716
Bend_pickup_lowLight_leftRight,173,,Sitting,,0.877,0.0,130.4087
Bend_pickup_lowLight_leftRight,174,,Sitting,,0.894,0.0,148.4643
Bend_pickup_lowLight_leftRight,175,,Sitting,,0.907,0.0,141.7844
Bend_pickup_lowLight_leftRight,176,,Sitting,,0.907,0.0,126.9112
Bend_pickup_lowLight_leftRight,177,,Sitting,,0.909,0.0,144.7063
Bend_pickup_lowLight_leftRight,178,,Sitting,,0.899,0.0,118.1709
Bend_pickup_lowLight_leftRight,179,,Sitting,,0.894,0.0,182.2559
Bend_pickup_lowLight_leftRight,180,,Sitting,,0.886,0.0,139.5216
Bend_pickup_lowLight_leftRight,181,,Sitting,,0.867,0.0,112.8132
Bend_pickup_lowLight_leftRight,182,,Sitting,,0.817,0.0,124.4318
Bend_pickup_lowLight_leftRight,183,,Sitting,,0.788,0.0,114.7468
Bend_pickup_lowLight_leftRight,184,,Sitting,,0.69,0.0,110.938
Bend_pickup_lowLight_leftRight,185,,Sitting,,0.585,0.0,102.4154
Bend_pickup_lowLight_leftRight,186,,Sitting,,0.432,0.0,101.2352
Bend_pickup_lowLight_leftRight,187,,Lying,,0.542,0.0,105.8821
Bend_pickup_lowLight_leftRight,188,,Lying,,0.646,0.0,128.7647
Bend_pickup_lowLight_leftRight,189,,Lying,,0.732,0.0,121.2267
Bend_pickup_lowLight_leftRight,190,,Lying,,0.806,0.0,167.5578
Bend_pickup_lowLight_leftRight,191,,Lying,,0.874,0.0,190.2896
Bend_pickup_lowLight_leftRight,192,,Lying,,0.911,0.0,121.7796
Bend_pickup_lowLight_leftRight,193,,Lying,,0.95,0.0,108.102
Bend_pickup_lowLight_leftRight,194,,Lying,,0.97,0.0,102.2676
Bend_pickup_lowLight_leftRight,195,,Lying,,0.984,0.0,112.674
Bend_pickup_lowLight_leftRight,196,,Lying,,0.991,0.0,113.3085
Bend_pickup_lowLight_leftRight,197,,Lying,,0.994,0.0,101.7769
Bend_pickup_lowLight_leftRight,198,,Lying,,0.995,0.0,131.1506
Bend_pickup_lowLight_leftRight,199,,Lying,,0.994,0.0,109.5358
Bend_pickup_lowLight_leftRight,200,,Lying,,0.995,0.0,123.284
Bend_pickup_lowLight_leftRight,201,,Lying,,0.994,0.0,114.4182
Bend_pickup_lowLight_leftRight,202,,Lying,,0.994,0.0,111.334
Bend_pickup_lowLight_leftRight,203,,Lying,,0.995,0.0,113.6799
Bend_pickup_lowLight_leftRight,204,,Lying,,0.995,0.0,100.7921
Bend_pickup_lowLight_leftRight,205,,Lying,,0.995,0.0,103.8234
Bend_pickup_lowLight_leftRight,206,Standing,Lying,False,0.993,0.0,97.9622
Bend_pickup_lowLight_leftRight,207,Standing,Lying,False,0.992,0.0,93.8817
Bend_pickup_lowLight_leftRight,208,Standing,Lying,False,0.989,0.0,79.3234
Bend_pickup_lowLight_leftRight,209,Standing,Lying,False,0.984,0.0,78.8799
Bend_pickup_lowLight_leftRight,210,Standing,Lying,False,0.976,0.0,77.8474
Bend_pickup_lowLight_leftRight,211,Standing,Lying,False,0.963,0.0,97.8605
Bend_pickup_lowLight_leftRight,212,Standing,Lying,False,0.943,0.0,77.0646
Bend_pickup_lowLight_leftRight,213,Standing,Lying,False,0.905,0.0,76.3902
Bend_pickup_lowLight_leftRight,214,Standing,Lying,False,0.827,0.0,72.8862
Bend_pickup_lowLight_leftRight,215,Standing,Lying,False,0.742,0.0,69.7025
Bend_pickup_lowLight_leftRight,216,Standing,Lying,False,0.573,0.0,69.9907
Bend_pickup_lowLight_leftRight,217,Standing,Standing,True,0.552,0.0,70.7147
Bend_pickup_lowLight_leftRight,218,Standing,Standing,True,0.665,0.0,73.9156
Bend_pickup_lowLight_leftRight,219,Standing,Standing,True,0.743,0.0,74.1562
Bend_pickup_lowLight_leftRight,220,Standing,Standing,True,0.77,0.0,79.7764
Bend_pickup_lowLight_leftRight,221,Standing,Standing,True,0.89,0.0,79.873
Bend_pickup_lowLight_leftRight,222,Standing,Standing,True,0.937,0.0,76.2619
Bend_pickup_lowLight_leftRight,223,Standing,Standing,True,0.923,0.0,95.5883
Bend_pickup_lowLight_leftRight,224,Standing,Standing,True,0.951,0.0,91.941
Bend_pickup_lowLight_leftRight,225,Standing,Standing,True,0.969,0.0,84.1761
Bend_pickup_lowLight_leftRight,226,Standing,Standing,True,0.985,0.0,80.1549
Bend_pickup_lowLight_leftRight,227,Standing,Standing,True,0.987,0.0,89.4114
Bend_pickup_lowLight_leftRight,228,Standing,Standing,True,0.989,0.0,124.0588
Bend_pickup_lowLight_leftRight,229,Standing,Standing,True,0.991,0.0,117.7606
Bend_pickup_lowLight_leftRight,230,Standing,Standing,True,0.993,0.0,105.3391
Bend_pickup_lowLight_leftRight,231,Standing,Standing,True,0.992,0.0,122.8821
Bend_pickup_lowLight_leftRight,232,Standing,Standing,True,0.993,0.0,126.8118
Bend_pickup_lowLight_leftRight,233,,Standing,,0.993,0.0,89.3432
Bend_pickup_lowLight_leftRight,234,,Standing,,0.994,0.0,86.5358
Bend_pickup_lowLight_leftRight,235,,Standing,,0.994,0.0,75.7607
Bend_pickup_lowLight_leftRight,236,,Standing,,0.995,0.0,71.6174
Bend_pickup_lowLight_leftRight,237,,Standing,,0.995,0.0,71.5687
Bend_pickup_lowLight_leftRight,238,,Standing,,0.995,0.0,70.1445
Bend_pickup_lowLight_leftRight,239,,Standing,,0.995,0.0,70.0451
Bend_pickup_lowLight_leftRight,240,,Standing,,0.995,0.0,70.2405
Bend_pickup_lowLight_leftRight,241,,Standing,,0.994,0.0,86.0513
Bend_pickup_lowLight_leftRight,242,,Standing,,0.994,0.0,76.0291
Bend_pickup_normalLight_back,31,Standing,Standing,True,0.951,0.0,81.2526
Bend_pickup_normalLight_back,32,Standing,Standing,True,0.954,0.0,78.1505
Bend_pickup_normalLight_back,33,Standing,Standing,True,0.958,0.0,146.64
Bend_pickup_normalLight_back,34,Standing,Standing,True,0.964,0.0,99.6342
Bend_pickup_normalLight_back,35,Standing,Standing,True,0.964,0.0,105.5727
Bend_pickup_normalLight_back,36,Standing,Standing,True,0.969,0.0,120.8779
Bend_pickup_normalLight_back,37,Standing,Standing,True,0.972,0.0,142.7885
Bend_pickup_normalLight_back,38,Standing,Standing,True,0.974,0.0,106.0117
Bend_pickup_normalLight_back,39,Standing,Standing,True,0.978,0.0,176.4607
Bend_pickup_normalLight_back,40,Standing,Standing,True,0.98,0.0,144.5412
Bend_pickup_normalLight_back,41,Standing,Standing,True,0.982,0.0,101.7413
Bend_pickup_normalLight_back,42,Standing,Standing,True,0.985,0.0,99.7271
Bend_pickup_normalLight_back,43,Standing,Standing,True,0.985,0.0,102.4892
Bend_pickup_normalLight_back,44,Standing,Standing,True,0.986,0.0,83.2085
Bend_pickup_normalLight_back,45,Standing,Standing,True,0.987,0.0,84.7907
Bend_pickup_normalLight_back,46,Standing,Standing,True,0.987,0.0,82.3421
Bend_pickup_normalLight_back,47,Standing,Standing,True,0.987,0.0,82.2885
Bend_pickup_normalLight_back,48,Standing,Standing,True,0.987,0.0,84.7492
Bend_pickup_normalLight_back,49,Standing,Standing,True,0.988,0.0,105.8577
Bend_pickup_normalLight_back,50,Standing,Standing,True,0.988,0.0,139.2853
Bend_pickup_normalLight_back,51,Standing,Standing,True,0.988,0.0,91.0442
Bend_pickup_normalLight_back,52,Standing,Standing,True,0.988,0.0,109.6448
Bend_pickup_normalLight_back,53,Standing,Standing,True,0.988,0.0,111.8194
Bend_pickup_normalLight_back,54,Standing,Standing,True,0.988,0.0,102.0478
Bend_pickup_normalLight_back,55,Standing,Standing,True,0.988,0.0,102.9921
Bend_pickup_normalLight_back,56,Standing,Standing,True,0.988,0.0,103.133
Bend_pickup_normalLight_back,57,Standing,Standing,True,0.988,0.0,126.8511
Bend_pickup_normalLight_back,58,,Standing,,0.989,0.0,112.1579
Bend_pickup_normalLight_back,59,,Standing,,0.99,0.0,120.3047
Bend_pickup_normalLight_back,60,,Standing,,0.991,0.0,105.3025
Bend_pickup_normalLight_back,61,,Standing,,0.991,0.0,151.055
Bend_pickup_normalLight_back,62,,Standing,,0.992,0.0,119.6186
Bend_pickup_normalLight_back,63,,Standing,,0.992,0.0,103.5618
Bend_pickup_normalLight_back,64,,Standing,,0.992,0.0,117.6943
Bend_pickup_normalLight_back,65,,Standing,,0.991,0.0,105.9711
Bend_pickup_normalLight_back,66,,Standing,,0.991,0.0,128.7462
Bend_pickup_normalLight_back,67,,Standing,,0.992,0.0,131.7062
Bend_pickup_normalLight_back,68,,Standing,,0.992,0.0,115.8511
Bend_pickup_normalLight_back,69,,Standing,,0.992,0.0,110.9483
Bend_pickup_normalLight_back,70,,Standing,,0.992,0.0,111.9231
Bend_pickup_normalLight_back,71,,Standing,,0.993,0.0,91.1974
Bend_pickup_normalLight_back,72,,Standing,,0.993,0.0,88.4442
Bend_pickup_normalLight_back,73,,Standing,,0.994,0.0,105.5273
Bend_pickup_normalLight_back,74,,Standing,,0.994,0.0,100.1423
Bend_pickup_normalLight_back,75,,Standing,,0.995,0.0,124.5333
Bend_pickup_normalLight_back,76,,Standing,,0.995,0.0,164.8876
Bend_pickup_normalLight_back,77,,Standing,,0.995,0.0,157.7938
Bend_pickup_normalLight_back,78,,Standing,,0.995,0.0,104.8303
Bend_pickup_normalLight_back,79,,Standing,,0.995,0.0,101.9972
Bend_pickup_normalLight_back,80,,Standing,,0.995,0.0,109.5928
Bend_pickup_normalLight_back,81,,Standing,,0.995,0.0,100.6877
Bend_pickup_normalLight_back,82,,Standing,,0.995,0.0,112.5983
Bend_pickup_normalLight_back,83,,Standing,,0.995,0.0,115.1248
Bend_pickup_normalLight_back,84,,Standing,,0.995,0.0,111.9596
Bend_pickup_normalLight_back,85,,Standing,,0.995,0.0,108.7431
Bend_pickup_normalLight_back,86,,Standing,,0.996,0.0,120.727
Bend_pickup_normalLight_back,87,,Standing,,0.996,0.0,92.9061
Bend_pickup_normalLight_back,88,,Standing,,0.996,0.0,83.4871
Bend_pickup_normalLight_back,89,,Standing,,0.996,0.0,82.2129
Bend_pickup_normalLight_back,90,,Standing,,0.996,0.0,77.818
Bend_pickup_normalLight_back,91,,Standing,,0.996,0.0,74.9863
Bend_pickup_normalLight_back,92,,Standing,,0.996,0.0,84.3908
Bend_pickup_normalLight_back,93,,Standing,,0.996,0.0,82.455
Bend_pickup_normalLight_back,94,,Standing,,0.996,0.0,72.7156
Bend_pickup_normalLight_back,95,,Standing,,0.996,0.0,74.9748
Bend_pickup_normalLight_back,96,,Standing,,0.996,0.0,71.2277
Bend_pickup_normalLight_back,97,,Standing,,0.996,0.0,67.1555
Bend_pickup_normalLight_back,98,,Standing,,0.996,0.0,70.2345
Bend_pickup_normalLight_back,99,,Standing,,0.996,0.0,101.5849
Bend_pickup_normalLight_back,100,,Standing,,0.995,1.0,89.86
Bend_pickup_normalLight_back,101,,Standing,,0.995,0.0,93.4115
Bend_pickup_normalLight_back,102,,Standing,,0.995,0.0,100.0564
Bend_pickup_normalLight_back,103,,Standing,,0.994,0.0,145.6697
Bend_pickup_normalLight_back,104,,Standing,,0.993,0.0,104.825
Bend_pickup_normalLight_back,105,,Standing,,0.992,0.0,107.6694
Bend_pickup_normalLight_back,106,,Standing,,0.993,0.0,100.0136
Bend_pickup_normalLight_back,107,,Standing,,0.991,0.0,113.8616
Bend_pickup_normalLight_back,108,,Standing,,0.99,0.0,106.8423
Bend_pickup_normalLight_back,109,,Standing,,0.991,0.0,108.8646
Bend_pickup_normalLight_back,110,,Standing,,0.99,0.0,104.691
Bend_pickup_normalLight_back,111,,Standing,,0.989,0.0,85.7665
Bend_pickup_normalLight_back,112,,Standing,,0.99,0.0,93.2259
Bend_pickup_normalLight_back,113,,Standing,,0.986,0.0,80.304
Bend_pickup_normalLight_back,114,,Standing,,0.986,0.0,74.9731
Bend_pickup_normalLight_back,115,,Standing,,0.983,0.0,75.8796
Bend_pickup_normalLight_back,116,,Standing,,0.977,0.0,71.922
Bend_pickup_normalLight_back,117,,Standing,,0.97,0.0,81.3389
Bend_pickup_normalLight_back,118,,Standing,,0.973,0.0,93.5774
Bend_pickup_normalLight_back,119,,Standing,,0.972,0.0,103.8962
Bend_pickup_normalLight_back,120,,Standing,,0.969,0.0,85.1599
Bend_pickup_normalLight_back,121,,Standing,,0.966,0.0,92.4904
Bend_pickup_normalLight_back,122,,Standing,,0.963,0.0,93.0821
Bend_pickup_normalLight_back,123,,Standing,,0.962,0.0,81.5037
Bend_pickup_normalLight_back,124,,Standing,,0.951,0.0,94.4507
Bend_pickup_normalLight_back,125,,Standing,,0.959,0.0,94.8888
Bend_pickup_normalLight_back,126,,Standing,,0.957,0.0,116.3016
Bend_pickup_normalLight_back,127,,Standing,,0.953,0.0,84.3532
Bend_pickup_normalLight_back,128,,Standing,,0.965,0.0,93.3701
Bend_pickup_normalLight_back,129,,Standing,,0.967,0.0,97.924
Bend_pickup_normalLight_back,130,,Standing,,0.965,0.0,82.4047
Bend_pickup_normalLight_back,131,,Standing,,0.966,0.0,90.7699
Bend_pickup_normalLight_back,132,,Standing,,0.967,0.0,93.6754
Bend_pickup_normalLight_back,133,,Standing,,0.972,0.0,111.5264
Bend_pickup_normalLight_back,134,,Standing,,0.976,0.0,110.3447
Bend_pickup_normalLight_back,135,,Standing,,0.975,0.0,106.5903
Bend_pickup_normalLight_back,136,,Standing,,0.977,0.0,109.0017
Bend_pickup_normalLight_back,137,,Standing,,0.979,0.0,102.7506
Bend_pickup_normalLight_back,138,,Standing,,0.98,0.0,88.3951
Bend_pickup_normalLight_back,139,,Standing,,0.985,0.0,83.2054
Bend_pickup_normalLight_back,140,,Standing,,0.987,0.0,84.1629
Bend_pickup_normalLight_back,141,,Standing,,0.989,0.0,88.7218
Bend_pickup_normalLight_back,142,,Standing,,0.99,0.0,91.4105
Bend_pickup_normalLight_back,143,,Standing,,0.988,0.0,92.1944
Bend_pickup_normalLight_back,144,,Standing,,0.99,0.0,79.1366
Bend_pickup_normalLight_back,145,,Standing,,0.99,0.0,99.1401
Bend_pickup_normalLight_back,146,Standing,Standing,True,0.993,0.0,85.1979
Bend_pickup_normalLight_back,147,Standing,Standing,True,0.993,0.0,90.7842
Bend_pickup_normalLight_back,148,Standing,Standing,True,0.993,0.0,87.758
Bend_pickup_normalLight_back,149,Standing,Standing,True,0.993,0.0,96.354
Bend_pickup_normalLight_back,150,Standing,Standing,True,0.994,0.0,80.6968
Bend_pickup_normalLight_back,151,Standing,Standing,True,0.994,0.0,82.3093
Bend_pickup_normalLight_back,152,Standing,Standing,True,0.995,0.0,95.6495
Bend_pickup_normalLight_back,153,Standing,Standing,True,0.996,0.0,90.0905
Bend_pickup_normalLight_back,154,Standing,Standing,True,0.996,0.0,88.4894
Bend_pickup_normalLight_back,155,Standing,Standing,True,0.996,0.0,81.6352
Bend_pickup_normalLight_back,156,Standing,Standing,True,0.997,0.0,94.98
Bend_pickup_normalLight_back,157,Standing,Standing,True,0.997,0.0,124.6166
Bend_pickup_normalLight_back,158,Standing,Standing,True,0.997,0.0,130.5903
Bend_pickup_normalLight_back,159,Standing,Standing,True,0.997,0.0,117.993
Bend_pickup_normalLight_back,160,Standing,Standing,True,0.997,0.0,122.9679
Bend_pickup_normalLight_back,161,Standing,Standing,True,0.997,0.0,138.1768
Bend_pickup_normalLight_back,162,Standing,Standing,True,0.997,0.0,118.3493
Bend_pickup_normalLight_back,163,Standing,Standing,True,0.997,0.0,127.8619
Bend_pickup_normalLight_back,164,Standing,Standing,True,0.997,0.0,106.7561
Bend_pickup_normalLight_back,165,Standing,Standing,True,0.997,0.0,135.4428
Bend_pickup_normalLight_back,166,Standing,Standing,True,0.997,0.0,109.4027
Bend_pickup_normalLight_back,167,Standing,Standing,True,0.996,0.0,125.3757
Bend_pickup_normalLight_back,168,Standing,Standing,True,0.996,0.0,105.4177
Bend_pickup_normalLight_back,169,Standing,Standing,True,0.996,0.0,101.2527
Bend_pickup_normalLight_back,170,Standing,Standing,True,0.995,0.0,103.7653
Bend_pickup_normalLight_back,171,Standing,Standing,True,0.995,0.0,93.6359
Bend_pickup_normalLight_back,172,Standing,Standing,True,0.994,0.0,94.3485
Bend_pickup_normalLight_back,173,Standing,Standing,True,0.993,0.0,87.3983
Bend_pickup_normalLight_back,174,Standing,Standing,True,0.992,0.0,103.5883
Bend_pickup_normalLight_back,175,,Standing,,0.99,0.0,109.6053
Bend_pickup_normalLight_back,176,,Standing,,0.989,0.0,115.4154
Bend_pickup_normalLight_back,177,,Standing,,0.988,0.0,155.5089
Bend_pickup_normalLight_back,178,,Standing,,0.987,0.0,142.3446
Bend_pickup_normalLight_back,179,,Standing,,0.986,0.0,107.1687
Bend_pickup_normalLight_back,180,,Standing,,0.985,0.0,95.3157
Bend_pickup_normalLight_back,181,,Standing,,0.983,0.0,110.0602
Bend_pickup_normalLight_back,182,,Standing,,0.982,0.0,120.8468
Bend_pickup_normalLight_back,183,,Standing,,0.98,0.0,113.2095
Bend_pickup_normalLight_back,184,,Standing,,0.978,0.0,110.3686
Bend_pickup_normalLight_back,185,,Standing,,0.975,0.0,113.2831
Bend_pickup_normalLight_back,186,,Standing,,0.972,0.0,106.4348
Bend_pickup_normalLight_back,187,,Standing,,0.968,0.0,119.4783
Bend_pickup_normalLight_back,188,,Standing,,0.963,0.0,103.9975
Bend_pickup_normalLight_back,189,,Standing,,0.954,0.0,94.8687
Bend_pickup_normalLight_back,190,,Standing,,0.944,0.0,81.2985
Bend_pickup_normalLight_back,191,,Standing,,0.932,0.0,80.2765
Bend_pickup_normalLight_back,192,,Standing,,0.929,0.0,81.8477
Bend_pickup_normalLight_back,193,,Standing,,0.926,0.0,75.3405
Bend_pickup_normalLight_back,194,,Standing,,0.921,0.0,76.6718
Bend_pickup_normalLight_back,195,,Standing,,0.918,0.0,73.8352
Bend_pickup_normalLight_back,196,,Standing,,0.915,0.0,81.0857
Bend_pickup_normalLight_back,197,,Standing,,0.9,0.0,72.4524
Bend_pickup_normalLight_back,198,,Standing,,0.895,0.0,80.39
Bend_pickup_normalLight_back,199,,Standing,,0.889,0.0,106.3976
Bend_pickup_normalLight_back,200,,Standing,,0.87,0.0,91.1678
Bend_pickup_normalLight_back,201,,Standing,,0.855,0.0,93.4554
Bend_pickup_normalLight_back,202,,Standing,,0.833,0.0,102.2455
Bend_pickup_normalLight_back,203,,Standing,,0.824,0.0,82.408
Bend_pickup_normalLight_back,204,,Standing,,0.791,0.0,87.6286
Bend_pickup_normalLight_back,205,,Standing,,0.749,0.0,84.0505
Bend_pickup_normalLight_back,206,,Standing,,0.704,0.0,88.2231
Bend_pickup_normalLight_back,207,,Standing,,0.644,0.0,83.664
Bend_pickup_normalLight_back,208,,Standing,,0.572,0.0,84.2518
Bend_pickup_normalLight_back,209,,Standing,,0.491,0.0,82.5259
Bend_pickup_normalLight_back,210,,Sitting,,0.546,0.0,87.4218
Bend_pickup_normalLight_back,211,,Sitting,,0.607,0.0,81.331
Bend_pickup_normalLight_back,212,,Sitting,,0.638,0.0,84.5901
Bend_pickup_normalLight_back,213,,Sitting,,0.682,0.0,87.2293
Bend_pickup_normalLight_back,214,,Sitting,,0.727,0.0,80.5809
Bend_pickup_normalLight_back,215,,Sitting,,0.741,0.0,82.2022
Bend_pickup_normalLight_back,216,,Sitting,,0.742,0.0,83.4834
Bend_pickup_normalLight_back,217,,Sitting,,0.746,0.0,83.5397
Bend_pickup_normalLight_back,218,,Sitting,,0.736,0.0,86.7404
Bend_pickup_normalLight_back,219,,Sitting,,0.741,0.0,78.979
Bend_pickup_normalLight_back,220,,Sitting,,0.717,0.0,92.1492
Bend_pickup_normalLight_back,221,,Sitting,,0.734,0.0,89.1514
Bend_pickup_normalLight_back,222,,Sitting,,0.701,0.0,78.962
Bend_pickup_normalLight_back,223,,Sitting,,0.697,0.0,86.7098
Bend_pickup_normalLight_back,224,,Sitting,,0.662,0.0,103.1832
Bend_pickup_normalLight_back,225,,Sitting,,0.734,0.0,85.5275
Bend_pickup_normalLight_back,226,,Sitting,,0.758,0.0,83.1085
Bend_pickup_normalLight_back,227,,Sitting,,0.764,0.0,101.0423
Bend_pickup_normalLight_back,228,,Sitting,,0.746,0.0,89.8108
Bend_pickup_normalLight_back,229,,Sitting,,0.784,0.0,102.1407
Bend_pickup_normalLight_back,230,,Sitting,,0.87,0.0,81.8945
Bend_pickup_normalLight_back,231,,Sitting,,0.859,0.0,78.9839
Bend_pickup_normalLight_back,232,,Sitting,,0.848,0.0,108.8074
Bend_pickup_normalLight_back,233,,Sitting,,0.855,0.0,114.8047
Bend_pickup_normalLight_back,234,,Sitting,,0.878,0.0,92.1242
Bend_pickup_normalLight_back,235,,Sitting,,0.897,0.0,130.7443
Bend_pickup_normalLight_back,236,,Sitting,,0.903,0.0,98.2571
Bend_pickup_normalLight_back,237,,Sitting,,0.904,0.0,115.9961
Bend_pickup_normalLight_back,238,,Sitting,,0.916,0.0,115.9081
Bend_pickup_normalLight_back,239,,Sitting,,0.916,0.0,113.2376
Bend_pickup_normalLight_back,240,,Sitting,,0.908,0.0,102.649
Bend_pickup_normalLight_back,241,,Sitting,,0.889,0.0,107.5962
Bend_pickup_normalLight_back,242,,Sitting,,0.876,0.0,101.3345
Bend_pickup_normalLight_back,243,,Sitting,,0.836,0.0,84.3233
Bend_pickup_normalLight_back,244,,Sitting,,0.793,0.0,98.4672
Bend_pickup_normalLight_back,245,,Sitting,,0.734,0.0,101.8233
Bend_pickup_normalLight_back,246,,Sitting,,0.665,0.0,106.2994
Bend_pickup_normalLight_back,247,,Sitting,,0.576,0.0,114.7742
Bend_pickup_normalLight_back,248,,Standing,,0.511,0.0,104.2812
Bend_pickup_normalLight_back,249,,Standing,,0.599,0.0,114.319
Bend_pickup_normalLight_back,250,,Standing,,0.705,0.0,94.5471
Bend_pickup_normalLight_back,251,,Standing,,0.776,0.0,93.9955
Bend_pickup_normalLight_back,252,,Standing,,0.838,0.0,95.3531
Bend_pickup_normalLight_back,253,,Standing,,0.883,0.0,98.1234
Bend_pickup_normalLight_back,254,,Standing,,0.921,0.0,102.7211
Bend_pickup_normalLight_back,255,,Standing,,0.948,0.0,135.0253
Bend_pickup_normalLight_back,256,,Standing,,0.967,0.0,143.8893
Bend_pickup_normalLight_back,257,,Standing,,0.979,0.0,123.3375
Bend_pickup_normalLight_back,258,,Standing,,0.986,0.0,136.3846
Bend_pickup_normalLight_back,259,,Standing,,0.99,0.0,123.5442
Bend_pickup_normalLight_back,260,,Standing,,0.993,0.0,104.9177
Bend_pickup_normalLight_back,261,,Standing,,0.995,0.0,117.9925
Bend_pickup_normalLight_back,262,Standing,Standing,True,0.996,0.0,99.8195
Bend_pickup_normalLight_back,263,Standing,Standing,True,0.996,0.0,111.5051
Bend_pickup_normalLight_back,264,Standing,Standing,True,0.997,0.0,117.0972
Bend_pickup_normalLight_back,265,Standing,Standing,True,0.997,0.0,131.5031
Bend_pickup_normalLight_back,266,Standing,Standing,True,0.997,0.0,130.4108
Bend_pickup_normalLight_back,267,Standing,Standing,True,0.997,0.0,140.8697
Bend_pickup_normalLight_back,268,Standing,Standing,True,0.997,0.0,135.8808
Bend_pickup_normalLight_back,269,Standing,Standing,True,0.997,0.0,135.6753
Bend_pickup_normalLight_back,270,Standing,Standing,True,0.997,0.0,131.0903
Bend_pickup_normalLight_back,271,Standing,Standing,True,0.997,0.0,119.3178
Bend_pickup_normalLight_back,272,Standing,Standing,True,0.996,0.0,145.3713
Bend_pickup_normalLight_back,273,Standing,Standing,True,0.995,0.0,151.6141
Bend_pickup_normalLight_back,274,Standing,Standing,True,0.994,0.0,168.9948
Bend_pickup_normalLight_back,275,Standing,Standing,True,0.994,0.0,177.1405
Bend_pickup_normalLight_back,276,Standing,Standing,True,0.992,0.0,184.1412
Bend_pickup_normalLight_back,277,Standing,Standing,True,0.99,0.0,149.7674
Bend_pickup_normalLight_back,278,Standing,Standing,True,0.989,0.0,137.2515
Bend_pickup_normalLight_back,279,Standing,Standing,True,0.988,0.0,165.8997
Bend_pickup_normalLight_back,280,Standing,Standing,True,0.987,0.0,146.8069
Bend_pickup_normalLight_back,281,Standing,Standing,True,0.987,0.0,142.527
Bend_pickup_normalLight_back,282,Standing,Standing,True,0.984,0.0,155.8472
Bend_pickup_normalLight_back,283,Standing,Standing,True,0.984,0.0,127.7382
Bend_pickup_normalLight_back,284,Standing,Standing,True,0.983,0.0,131.0458
Bend_pickup_normalLight_back,285,Standing,Standing,True,0.981,0.0,127.631
Bend_pickup_normalLight_back,286,Standing,Standing,True,0.98,0.0,129.8098
Bend_pickup_normalLight_back,287,Standing,Standing,True,0.981,0.0,125.8544
Bend_pickup_normalLight_back,288,Standing,Standing,True,0.977,0.0,110.1278
Bend_pickup_normalLight_back,289,Standing,Standing,True,0.977,0.0,140.3618
Bend_pickup_normalLight_back,290,Standing,Standing,True,0.978,0.0,149.0121
Bend_pickup_normalLight_back,291,Standing,Standing,True,0.978,0.0,138.6396
Bend_pickup_normalLight_back,292,,Standing,,0.98,0.0,264.4813
Bend_pickup_normalLight_back,293,,Standing,,0.981,0.0,121.9121
Bend_pickup_normalLight_back,294,,Standing,,0.982,0.0,117.5158
Bend_pickup_normalLight_back,295,,Standing,,0.984,0.0,128.0416
Bend_pickup_normalLight_back,296,,Standing,,0.985,0.0,108.996
Bend_pickup_normalLight_back,297,,Standing,,0.987,0.0,136.3813
Bend_pickup_normalLight_back,298,,Standing,,0.988,0.0,124.5454
Bend_pickup_normalLight_back,299,,Standing,,0.989,0.0,115.1359
Bend_pickup_normalLight_back,300,,Standing,,0.99,0.0,121.3082
Bend_pickup_normalLight_back,301,,Standing,,0.99,0.0,155.3605
Bend_pickup_normalLight_back,302,,Standing,,0.991,0.0,146.6564
Bend_pickup_normalLight_back,303,,Standing,,0.992,0.0,140.2798
Bend_pickup_normalLight_back,304,,Standing,,0.992,0.0,137.9718
Bend_pickup_normalLight_back,305,,Standing,,0.993,0.0,146.0154
Bend_pickup_normalLight_back,306,,Standing,,0.994,0.0,123.4316
Bend_pickup_normalLight_back,307,,Standing,,0.994,0.0,136.6507
Bend_pickup_normalLight_back,308,,Standing,,0.995,0.0,142.3441
Bend_pickup_normalLight_back,309,,Standing,,0.995,0.0,136.7448
Bend_pickup_normalLight_back,310,,Standing,,0.995,0.0,114.4805
Bend_pickup_normalLight_back,311,,Standing,,0.995,0.0,122.1656
Bend_pickup_normalLight_back,312,,Standing,,0.995,0.0,121.3729
Bend_pickup_normalLight_back,313,,Standing,,0.995,0.0,109.9014
Bend_pickup_normalLight_back,314,,Standing,,0.995,0.0,114.2171
Bend_pickup_normalLight_back,315,,Standing,,0.995,0.0,127.1901
Bend_pickup_normalLight_back,316,,Standing,,0.995,0.0,129.2507
Bend_pickup_normalLight_back,317,,Standing,,0.996,0.0,116.8622
Bend_pickup_normalLight_back,318,,Standing,,0.996,0.0,110.7843
Bend_pickup_normalLight_back,319,,Standing,,0.996,0.0,111.2091
Bend_pickup_normalLight_back,320,,Standing,,0.996,0.0,99.468
Bend_pickup_normalLight_back,321,,Standing,,0.996,0.0,108.8446
Bend_pickup_normalLight_back,322,,Standing,,0.996,0.0,104.164
Bend_pickup_normalLight_back,323,,Standing,,0.996,0.0,92.1162
Bend_pickup_normalLight_back,324,,Standing,,0.996,0.0,88.0626
Bend_pickup_normalLight_back,325,,Standing,,0.996,0.0,96.4929
Bend_pickup_normalLight_back,326,,Standing,,0.996,0.0,94.8309
Bend_pickup_normalLight_back,327,,Standing,,0.996,0.0,96.2479
Bend_pickup_normalLight_back,328,,Standing,,0.996,0.0,93.0709
Bend_pickup_normalLight_back,329,,Standing,,0.996,0.0,109.3804
Bend_pickup_normalLight_back,330,,Standing,,0.995,0.0,102.8947
Bend_pickup_normalLight_back,331,,Standing,,0.995,0.0,103.4953
Bend_pickup_normalLight_back,332,,Standing,,0.995,0.0,115.5124
Bend_pickup_normalLight_back,333,,Standing,,0.994,0.0,108.9634
Bend_pickup_normalLight_back,334,,Standing,,0.993,0.0,107.1195
Bend_pickup_normalLight_back,335,,Standing,,0.992,0.0,121.5228
Bend_pickup_normalLight_back,336,,Standing,,0.991,0.0,105.6693
Bend_pickup_normalLight_back,337,,Standing,,0.989,0.0,102.5021
Bend_pickup_normalLight_back,338,,Standing,,0.986,0.0,100.2774
Bend_pickup_normalLight_back,339,,Standing,,0.983,0.0,97.979
Bend_pickup_normalLight_back,340,,Standing,,0.979,0.0,100.9544
Bend_pickup_normalLight_back,341,,Standing,,0.975,0.0,99.4516
Bend_pickup_normalLight_back,342,,Standing,,0.97,0.0,102.076
Bend_pickup_normalLight_back,343,,Standing,,0.965,0.0,111.2705
Bend_pickup_normalLight_back,344,,Standing,,0.96,0.0,118.3313
Bend_pickup_normalLight_back,345,,Standing,,0.951,0.0,122.1139
Bend_pickup_normalLight_back,346,,Standing,,0.941,0.0,116.4758
Bend_pickup_normalLight_back,347,,Standing,,0.934,0.0,119.6339
Bend_pickup_normalLight_back,348,,Standing,,0.914,0.0,132.2991
Bend_pickup_normalLight_back,349,,Standing,,0.903,0.0,111.697
Bend_pickup_normalLight_back,350,,Standing,,0.883,0.0,96.988
Bend_pickup_normalLight_back,351,,Standing,,0.855,0.0,102.7474
Bend_pickup_normalLight_back,352,,Standing,,0.798,0.0,119.9502
Bend_pickup_normalLight_back,353,,Standing,,0.772,0.0,136.2537
Bend_pickup_normalLight_back,354,,Standing,,0.719,0.0,149.8876
Bend_pickup_normalLight_back,355,,Standing,,0.746,0.0,181.1771
Bend_pickup_normalLight_back,356,,Standing,,0.664,0.0,119.6525
Bend_pickup_normalLight_back,357,,Standing,,0.663,0.0,134.1605
Bend_pickup_normalLight_back,358,,Standing,,0.697,0.0,115.2176
Bend_pickup_normalLight_back,359,,Standing,,0.588,0.0,122.3236
Bend_pickup_normalLight_back,360,,Standing,,0.652,0.0,112.4921
Bend_pickup_normalLight_back,361,,Standing,,0.603,0.0,112.4037
Bend_pickup_normalLight_back,362,,Standing,,0.607,0.0,100.4086
Bend_pickup_normalLight_back,363,,Standing,,0.543,0.0,99.9241
Bend_pickup_normalLight_back,364,,Standing,,0.531,0.0,106.9068
Bend_pickup_normalLight_back,365,,Sitting,,0.538,0.0,115.5307
Bend_pickup_normalLight_back,366,,Sitting,,0.509,0.0,105.6637
Bend_pickup_normalLight_back,367,,Standing,,0.56,0.0,105.0757
Bend_pickup_normalLight_back,368,,Standing,,0.519,0.0,113.191
Bend_pickup_normalLight_back,369,,Standing,,0.504,0.0,99.5925
Bend_pickup_normalLight_back,370,,Sitting,,0.566,0.0,115.1356
Bend_pickup_normalLight_back,371,,Sitting,,0.555,0.0,108.3971
Bend_pickup_normalLight_back,372,,Sitting,,0.551,0.0,101.4328
Bend_pickup_normalLight_back,373,,Sitting,,0.551,0.0,81.6249
Bend_pickup_normalLight_back,374,,Sitting,,0.552,0.0,98.5697
Bend_pickup_normalLight_back,375,,Sitting,,0.563,0.0,77.6612
Bend_pickup_normalLight_back,376,,Sitting,,0.533,0.0,81.0013
Bend_pickup_normalLight_back,377,,Sitting,,0.592,0.0,82.6662
Bend_pickup_normalLight_back,378,,Sitting,,0.586,0.0,73.2007
Bend_pickup_normalLight_back,379,,Sitting,,0.572,0.0,75.3411
Bend_pickup_normalLight_back,380,,Sitting,,0.568,0.0,72.002
Bend_pickup_normalLight_back,381,,Sitting,,0.621,0.0,75.8549
Bend_pickup_normalLight_back,382,,Sitting,,0.559,0.0,74.8895
Bend_pickup_normalLight_back,383,,Sitting,,0.571,0.0,73.0667
Bend_pickup_normalLight_back,384,,Sitting,,0.562,0.0,85.6266
Bend_pickup_normalLight_back,385,,Sitting,,0.535,0.0,95.9976
Bend_pickup_normalLight_back,386,,Sitting,,0.51,0.0,95.5607
Bend_pickup_normalLight_back,387,,Standing,,0.519,0.0,95.0706
Bend_pickup_normalLight_back,388,,Standing,,0.556,0.0,105.8887
Bend_pickup_normalLight_back,389,,Standing,,0.578,0.0,108.8375
Bend_pickup_normalLight_back,390,,Standing,,0.617,0.0,99.6156
Bend_pickup_normalLight_back,391,,Standing,,0.658,0.0,105.651
Bend_pickup_normalLight_back,392,,Standing,,0.696,0.0,103.987
Bend_pickup_normalLight_back,393,,Standing,,0.713,0.0,99.597
Bend_pickup_normalLight_back,394,,Standing,,0.775,0.0,96.0007
Bend_pickup_normalLight_back,395,,Standing,,0.798,0.0,91.6157
Bend_pickup_normalLight_back,396,,Standing,,0.816,0.0,87.7114
Bend_pickup_normalLight_back,397,,Standing,,0.827,0.0,82.408
Bend_pickup_normalLight_back,398,,Standing,,0.844,0.0,98.4148
Bend_pickup_normalLight_back,399,,Standing,,0.852,0.0,83.8938
Bend_pickup_normalLight_back,400,,Standing,,0.909,0.0,83.6618
Bend_pickup_normalLight_back,401,,Standing,,0.898,0.0,74.0659
Bend_pickup_normalLight_back,402,,Standing,,0.911,0.0,75.6873
Bend_pickup_normalLight_back,403,,Standing,,0.918,0.0,75.286
Bend_pickup_normalLight_back,404,,Standing,,0.933,0.0,90.1446
Bend_pickup_normalLight_back,405,,Standing,,0.94,0.0,76.1782
Bend_pickup_normalLight_back,406,,Standing,,0.947,0.0,71.8639
Bend_pickup_normalLight_back,407,,Standing,,0.954,0.0,72.1656
Bend_pickup_normalLight_back,408,,Standing,,0.958,0.0,69.0173
Bend_pickup_normalLight_back,409,,Standing,,0.962,0.0,69.3225
Bend_pickup_normalLight_back,410,,Standing,,0.965,0.0,68.3244
Bend_pickup_normalLight_back,411,,Standing,,0.972,0.0,76.789
Bend_pickup_normalLight_back,412,,Standing,,0.976,0.0,79.1537
Bend_pickup_normalLight_back,413,,Standing,,0.978,0.0,70.3446
Bend_pickup_normalLight_back,414,,Standing,,0.979,0.0,73.8867
Bend_pickup_normalLight_back,415,,Standing,,0.982,0.0,75.1251
Bend_pickup_normalLight_back,416,,Standing,,0.981,0.0,73.5137
Bend_pickup_normalLight_back,417,,Standing,,0.981,0.0,75.4663
Bend_pickup_normalLight_back,418,,Standing,,0.984,0.0,69.2141
Bend_pickup_normalLight_back,419,,Standing,,0.984,0.0,68.5595
Bend_pickup_normalLight_back,420,,Standing,,0.987,0.0,72.299
Bend_pickup_normalLight_back,421,,Standing,,0.989,0.0,81.1269
Bend_pickup_normalLight_back,422,,Standing,,0.989,0.0,90.9642
Bend_pickup_normalLight_back,423,,Standing,,0.991,0.0,78.9923
Bend_pickup_normalLight_back,424,,Standing,,0.992,0.0,76.9274
Bend_pickup_normalLight_back,425,,Standing,,0.992,0.0,92.5471
Bend_pickup_normalLight_back,426,,Standing,,0.994,0.0,69.9243
Bend_pickup_normalLight_back,427,,Standing,,0.994,0.0,69.9457
Bend_pickup_normalLight_back,428,,Standing,,0.994,0.0,67.1874
Bend_pickup_normalLight_back,429,,Standing,,0.994,0.0,73.3944
Bend_pickup_normalLight,31,,Standing,,0.973,0.0,69.3314
Bend_pickup_normalLight,32,,Standing,,0.969,0.0,69.6801
Bend_pickup_normalLight,33,,Standing,,0.961,0.0,73.0336
Bend_pickup_normalLight,34,,Standing,,0.954,0.0,65.8758
Bend_pickup_normalLight,35,,Standing,,0.946,0.0,65.8049
Bend_pickup_normalLight,36,,Standing,,0.935,0.0,72.4872
Bend_pickup_normalLight,37,,Standing,,0.923,0.0,64.7571
Bend_pickup_normalLight,38,,Standing,,0.906,0.0,69.2993
Bend_pickup_normalLight,39,,Standing,,0.889,0.0,76.0406
Bend_pickup_normalLight,40,,Standing,,0.871,0.0,67.596
Bend_pickup_normalLight,41,,Standing,,0.858,0.0,67.9916
Bend_pickup_normalLight,42,,Standing,,0.844,0.0,68.2532
Bend_pickup_normalLight,43,,Standing,,0.849,0.0,67.2046
Bend_pickup_normalLight,44,,Standing,,0.841,0.0,69.0098
Bend_pickup_normalLight,45,,Standing,,0.833,0.0,68.1414
Bend_pickup_normalLight,46,,Standing,,0.819,0.0,70.5392
Bend_pickup_normalLight,47,,Standing,,0.824,0.0,83.719
Bend_pickup_normalLight,48,,Standing,,0.826,0.0,68.3009
Bend_pickup_normalLight,49,,Standing,,0.836,0.0,65.0027
Bend_pickup_normalLight,50,,Standing,,0.833,0.0,66.8861
Bend_pickup_normalLight,51,,Standing,,0.798,0.0,81.8906
Bend_pickup_normalLight,52,,Standing,,0.768,0.0,100.5135
Bend_pickup_normalLight,53,,Standing,,0.76,0.0,146.7397
Bend_pickup_normalLight,54,,Standing,,0.74,0.0,243.2372
Bend_pickup_normalLight,55,,Standing,,0.727,0.0,475.8713
Bend_pickup_normalLight,56,,Standing,,0.569,0.0,410.9937
Bend_pickup_normalLight,57,,Standing,,0.593,0.0,334.0382
Bend_pickup_normalLight,58,,Standing,,0.635,0.0,408.066
Bend_pickup_normalLight,59,,Standing,,0.569,0.0,219.3632
Bend_pickup_normalLight,60,,Standing,,0.66,0.0,160.1749
Bend_pickup_normalLight,61,,Standing,,0.371,0.0,161.661
Bend_pickup_normalLight,62,,Standing,,0.371,0.0,148.8771
Bend_pickup_normalLight,63,,Lying,,0.427,0.0,160.3418
Bend_pickup_normalLight,64,,Lying,,0.445,0.0,112.0786
Bend_pickup_normalLight,65,,Lying,,0.45,0.0,135.1206
Bend_pickup_normalLight,66,,Lying,,0.421,0.0,163.73
Bend_pickup_normalLight,67,,Lying,,0.42,0.0,125.2164
Bend_pickup_normalLight,68,,Lying,,0.413,0.0,128.2371
Bend_pickup_normalLight,69,,Lying,,0.44,0.0,138.7412
Bend_pickup_normalLight,70,,Lying,,0.446,0.0,123.6979
Bend_pickup_normalLight,71,,Lying,,0.358,0.0,102.9071
Bend_pickup_normalLight,72,,Lying,,0.397,0.0,175.7058
Bend_pickup_normalLight,73,,Sitting,,0.327,0.0,97.8538
Bend_pickup_normalLight,74,,Sitting,,0.347,0.0,136.8009
Bend_pickup_normalLight,75,,Sitting,,0.343,0.0,165.1341
Bend_pickup_normalLight,76,,Lying,,0.341,0.0,153.0857
Bend_pickup_normalLight,77,,Lying,,0.338,0.0,136.2365
Bend_pickup_normalLight,78,,Sitting,,0.375,0.0,127.7417
Bend_pickup_normalLight,79,,Sitting,,0.436,0.0,119.5783
Bend_pickup_normalLight,80,,Sitting,,0.448,0.0,106.1117
Bend_pickup_normalLight,81,,Sitting,,0.338,0.0,113.3911
Bend_pickup_normalLight,82,Standing,Standing,True,0.369,0.0,115.2487
Bend_pickup_normalLight,83,Standing,Standing,True,0.357,0.0,112.3134
Bend_pickup_normalLight,84,Standing,Standing,True,0.405,0.0,116.7999
Bend_pickup_normalLight,85,Standing,Standing,True,0.452,0.0,98.4673
Bend_pickup_normalLight,86,Standing,Standing,True,0.693,0.0,88.206
Bend_pickup_normalLight,87,Standing,Standing,True,0.715,0.0,107.1168
Bend_pickup_normalLight,88,Standing,Standing,True,0.672,0.0,106.7864
Bend_pickup_normalLight,89,Standing,Standing,True,0.708,0.0,110.4609
Bend_pickup_normalLight,90,Standing,Standing,True,0.611,0.0,115.0035
Bend_pickup_normalLight,91,Standing,Standing,True,0.85,0.0,96.2529
Bend_pickup_normalLight,92,Standing,Standing,True,0.88,0.0,92.4073
Bend_pickup_normalLight,93,Standing,Standing,True,0.93,0.0,109.6257
Bend_pickup_normalLight,94,Standing,Standing,True,0.93,0.0,117.2715
Bend_pickup_normalLight,95,Standing,Standing,True,0.955,0.0,106.0927
Bend_pickup_normalLight,96,Standing,Standing,True,0.92,0.0,95.3076
Bend_pickup_normalLight,97,Standing,Standing,True,0.947,0.0,92.6484
Bend_pickup_normalLight,98,Standing,Standing,True,0.951,0.0,88.5775
Bend_pickup_normalLight,99,Standing,Standing,True,0.966,0.0,97.6188
Bend_pickup_normalLight,100,Standing,Standing,True,0.977,0.0,86.8127
Bend_pickup_normalLight,101,Standing,Standing,True,0.982,0.0,79.2499
Bend_pickup_normalLight,102,Standing,Standing,True,0.984,0.0,78.8854
Bend_pickup_normalLight,103,Standing,Standing,True,0.986,0.0,85.2804
Bend_pickup_normalLight,104,Standing,Standing,True,0.988,0.0,76.4013
Bend_pickup_normalLight,105,Standing,Standing,True,0.99,0.0,97.3345
Bend_pickup_normalLight,106,Standing,Standing,True,0.991,0.0,107.0724
Bend_pickup_normalLight,107,Standing,Standing,True,0.993,0.0,110.4977
Bend_pickup_normalLight,108,Standing,Standing,True,0.994,0.0,114.9334
Bend_pickup_normalLight,109,Standing,Standing,True,0.994,0.0,109.0409
Bend_pickup_normalLight,110,,Standing,,0.995,0.0,118.4463
Bend_pickup_normalLight,111,,Standing,,0.996,0.0,121.1994
Bend_pickup_normalLight,112,,Standing,,0.995,0.0,129.2447
Bend_pickup_normalLight,113,,Standing,,0.994,0.0,136.0287
Bend_pickup_normalLight,114,,Standing,,0.995,0.0,133.1409
Bend_pickup_normalLight,115,,Standing,,0.995,0.0,99.1167
Bend_pickup_normalLight,116,,Standing,,0.996,0.0,100.1644
Bend_pickup_normalLight,117,,Standing,,0.996,0.0,91.842
Bend_pickup_normalLight,118,,Standing,,0.996,0.0,90.2033
Bend_pickup_normalLight,119,,Standing,,0.996,0.0,86.5893
Bend_pickup_normalLight,120,,Standing,,0.996,0.0,87.6367
Bend_pickup_normalLight,121,,Standing,,0.996,0.0,87.2757
Bend_pickup_normalLight,122,,Standing,,0.995,0.0,109.3971
Bend_pickup_normalLight,123,,Standing,,0.995,0.0,104.5963
Bend_pickup_normalLight,124,,Standing,,0.995,0.0,103.3388
Bend_pickup_normalLight,125,,Standing,,0.995,0.0,105.8048
Bend_pickup_normalLight,126,,Standing,,0.995,0.0,158.1353
Bend_pickup_normalLight,127,,Standing,,0.995,0.0,98.1192
Bend_pickup_normalLight,128,,Standing,,0.995,0.0,100.1763
Bend_pickup_normalLight,129,,Standing,,0.995,0.0,110.2158
Bend_pickup_normalLight,130,,Standing,,0.995,0.0,110.8489
Bend_pickup_normalLight,131,,Standing,,0.995,0.0,136.5882
Bend_pickup_normalLight,132,,Standing,,0.995,0.0,140.271
Bend_pickup_normalLight,133,,Standing,,0.995,0.0,115.9165
Bend_pickup_normalLight,134,,Standing,,0.995,0.0,109.7632
Bend_pickup_normalLight,135,,Standing,,0.995,0.0,102.6612
Bend_pickup_normalLight,136,,Standing,,0.995,0.0,112.5476
Bend_pickup_normalLight,137,,Standing,,0.995,0.0,117.539
Bend_pickup_normalLight,138,,Standing,,0.995,0.0,127.2306
Bend_pickup_normalLight,139,,Standing,,0.994,0.0,108.8299
Bend_pickup_normalLight,140,,Standing,,0.994,0.0,140.3736
Bend_pickup_normalLight_leftRight,31,,Sitting,,0.737,0.0,166.9809
Bend_pickup_normalLight_leftRight,32,,Sitting,,0.768,0.0,322.3885
Bend_pickup_normalLight_leftRight,33,,Sitting,,0.79,0.0,147.1436
Bend_pickup_normalLight_leftRight,34,,Sitting,,0.816,0.0,137.5293
Bend_pickup_normalLight_leftRight,35,,Sitting,,0.832,0.0,148.2245
Bend_pickup_normalLight_leftRight,36,,Sitting,,0.835,0.0,138.8743
Bend_pickup_normalLight_leftRight,37,,Sitting,,0.837,0.0,121.7498
Bend_pickup_normalLight_leftRight,38,,Sitting,,0.832,0.0,148.9176
Bend_pickup_normalLight_leftRight,39,,Sitting,,0.832,0.0,138.8001
Bend_pickup_normalLight_leftRight,40,,Sitting,,0.829,0.0,137.4574
Bend_pickup_normalLight_leftRight,41,,Sitting,,0.825,0.0,139.363
Bend_pickup_normalLight_leftRight,42,,Sitting,,0.798,0.0,152.4889
Bend_pickup_normalLight_leftRight,43,,Sitting,,0.76,0.0,137.5522
Bend_pickup_normalLight_leftRight,44,,Sitting,,0.713,0.0,141.2412
Bend_pickup_normalLight_leftRight,45,,Sitting,,0.696,0.0,129.7821
Bend_pickup_normalLight_leftRight,46,,Sitting,,0.722,0.0,146.9522
Bend_pickup_normalLight_leftRight,47,,Sitting,,0.72,0.0,135.6091
Bend_pickup_normalLight_leftRight,48,,Sitting,,0.727,0.0,124.1925
Bend_pickup_normalLight_leftRight,49,,Sitting,,0.747,0.0,128.9078
Bend_pickup_normalLight_leftRight,50,,Sitting,,0.773,0.0,130.6362
Bend_pickup_normalLight_leftRight,51,,Sitting,,0.8,0.0,131.3165
Bend_pickup_normalLight_leftRight,52,,Sitting,,0.819,0.0,140.1012
Bend_pickup_normalLight_leftRight,53,,Sitting,,0.826,0.0,108.5021
Bend_pickup_normalLight_leftRight,54,,Sitting,,0.847,0.0,109.2287
Bend_pickup_normalLight_leftRight,55,,Sitting,,0.857,0.0,132.1773
Bend_pickup_normalLight_leftRight,56,,Sitting,,0.885,0.0,140.0864
Bend_pickup_normalLight_leftRight,57,,Sitting,,0.903,0.0,128.8627
Bend_pickup_normalLight_leftRight,58,,Sitting,,0.916,0.0,149.3035
Bend_pickup_normalLight_leftRight,59,,Sitting,,0.915,0.0,140.7098
Bend_pickup_normalLight_leftRight,60,,Sitting,,0.916,0.0,131.7981
Bend_pickup_normalLight_leftRight,61,,Sitting,,0.922,0.0,150.4949
Bend_pickup_normalLight_leftRight,62,,Sitting,,0.921,0.0,146.1259
Bend_pickup_normalLight_leftRight,63,,Sitting,,0.921,0.0,132.3983
Bend_pickup_normalLight_leftRight,64,,Sitting,,0.923,0.0,135.8798
Bend_pickup_normalLight_leftRight,65,,Sitting,,0.932,0.0,147.8023
Bend_pickup_normalLight_leftRight,66,,Sitting,,0.934,0.0,121.7582
Bend_pickup_normalLight_leftRight,67,,Sitting,,0.936,0.0,119.2744
Bend_pickup_normalLight_leftRight,68,,Sitting,,0.94,0.0,127.5411
Bend_pickup_normalLight_leftRight,69,,Sitting,,0.943,0.0,111.4209
Bend_pickup_normalLight_leftRight,70,,Sitting,,0.942,0.0,147.0255
Bend_pickup_normalLight_leftRight,71,,Sitting,,0.944,0.0,161.5961
Bend_pickup_normalLight_leftRight,72,,Sitting,,0.943,0.0,145.5814
Bend_pickup_normalLight_leftRight,73,,Sitting,,0.944,0.0,142.1626
Bend_pickup_normalLight_leftRight,74,,Sitting,,0.942,0.0,152.2327
Bend_pickup_normalLight_leftRight,75,,Sitting,,0.943,0.0,139.1245
Bend_pickup_normalLight_leftRight,76,,Sitting,,0.945,0.0,147.1101
Bend_pickup_normalLight_leftRight,77,,Sitting,,0.943,0.0,143.1728
Bend_pickup_normalLight_leftRight,78,,Sitting,,0.938,0.0,156.7532
Bend_pickup_normalLight_leftRight,79,,Sitting,,0.935,0.0,156.6291
Bend_pickup_normalLight_leftRight,80,,Sitting,,0.929,0.0,169.2308
Bend_pickup_normalLight_leftRight,81,,Sitting,,0.924,0.0,131.151
Bend_pickup_normalLight_leftRight,82,,Sitting,,0.912,0.0,154.6431
Bend_pickup_normalLight_leftRight,83,,Sitting,,0.897,0.0,147.0244
Bend_pickup_normalLight_leftRight,84,,Sitting,,0.883,0.0,155.5626
Bend_pickup_normalLight_leftRight,85,,Sitting,,0.862,0.0,160.2681
Bend_pickup_normalLight_leftRight,86,,Sitting,,0.837,0.0,143.7768
Bend_pickup_normalLight_leftRight,87,Standing,Sitting,False,0.806,0.0,140.9475
Bend_pickup_normalLight_leftRight,88,Standing,Sitting,False,0.753,0.0,121.9844
Bend_pickup_normalLight_leftRight,89,Standing,Sitting,False,0.706,0.0,133.2986
Bend_pickup_normalLight_leftRight,90,Standing,Sitting,False,0.658,0.0,148.7449
Bend_pickup_normalLight_leftRight,91,Standing,Sitting,False,0.6,0.0,133.0327
Bend_pickup_normalLight_leftRight,92,Standing,Sitting,False,0.525,0.0,153.086
Bend_pickup_normalLight_leftRight,93,Standing,Standing,True,0.544,0.0,127.7118
Bend_pickup_normalLight_leftRight,94,Standing,Standing,True,0.623,0.0,149.5062
Bend_pickup_normalLight_leftRight,95,Standing,Standing,True,0.698,0.0,151.2588
Bend_pickup_normalLight_leftRight,96,Standing,Standing,True,0.743,0.0,304.0995
Bend_pickup_normalLight_leftRight,97,Standing,Standing,True,0.782,0.0,157.2456
Bend_pickup_normalLight_leftRight,98,Standing,Standing,True,0.826,0.0,291.716
Bend_pickup_normalLight_leftRight,99,Standing,Standing,True,0.861,0.0,375.2375
Bend_pickup_normalLight_leftRight,100,Standing,Standing,True,0.885,0.0,152.052
Bend_pickup_normalLight_leftRight,101,Standing,Standing,True,0.913,0.0,132.5665
Bend_pickup_normalLight_leftRight,102,Standing,Standing,True,0.936,0.0,154.4037
Bend_pickup_normalLight_leftRight,103,Standing,Standing,True,0.942,0.0,144.7603
Bend_pickup_normalLight_leftRight,104,Standing,Standing,True,0.957,0.0,132.4519
Bend_pickup_normalLight_leftRight,105,Standing,Standing,True,0.964,0.0,168.4379
Bend_pickup_normalLight_leftRight,106,Standing,Standing,True,0.969,0.0,136.2695
Bend_pickup_normalLight_leftRight,107,Standing,Standing,True,0.978,0.0,143.1915
Bend_pickup_normalLight_leftRight,108,Standing,Standing,True,0.984,0.0,122.7646
Bend_pickup_normalLight_leftRight,109,Standing,Standing,True,0.986,0.0,129.041
Bend_pickup_normalLight_leftRight,110,Standing,Standing,True,0.988,0.0,134.9429
Bend_pickup_normalLight_leftRight,111,Standing,Standing,True,0.99,0.0,127.3137
Bend_pickup_normalLight_leftRight,112,Standing,Standing,True,0.991,0.0,140.7116
Bend_pickup_normalLight_leftRight,113,Standing,Standing,True,0.992,0.0,134.6294
Bend_pickup_normalLight_leftRight,114,Standing,Standing,True,0.993,0.0,150.9404
Bend_pickup_normalLight_leftRight,115,Standing,Standing,True,0.993,0.0,157.3782
Bend_pickup_normalLight_leftRight,116,Standing,Standing,True,0.993,0.0,174.1083
Bend_pickup_normalLight_leftRight,117,Standing,Standing,True,0.994,0.0,152.1613
Bend_pickup_normalLight_leftRight,118,Standing,Standing,True,0.994,0.0,123.6307
Bend_pickup_normalLight_leftRight,119,Standing,Standing,True,0.994,0.0,121.5483
Bend_pickup_normalLight_leftRight,120,Standing,Standing,True,0.995,0.0,125.2657
Bend_pickup_normalLight_leftRight,121,Standing,Standing,True,0.995,0.0,134.7036
Bend_pickup_normalLight_leftRight,122,Standing,Standing,True,0.995,0.0,106.0518
Bend_pickup_normalLight_leftRight,123,Standing,Standing,True,0.994,0.0,107.0531
Bend_pickup_normalLight_leftRight,124,Standing,Standing,True,0.994,0.0,101.9846
Bend_pickup_normalLight_leftRight,125,Standing,Standing,True,0.995,0.0,108.042
Bend_pickup_normalLight_leftRight,126,Standing,Standing,True,0.994,0.0,114.1942
Bend_pickup_normalLight_leftRight,127,Standing,Standing,True,0.994,0.0,120.4701
Bend_pickup_normalLight_leftRight,128,Standing,Standing,True,0.995,0.0,102.0147
Bend_pickup_normalLight_leftRight,129,Standing,Standing,True,0.994,0.0,111.2998
Bend_pickup_normalLight_leftRight,130,Standing,Standing,True,0.994,0.0,123.2697
Bend_pickup_normalLight_leftRight,131,Standing,Standing,True,0.994,0.0,126.4735
Bend_pickup_normalLight_leftRight,132,Standing,Standing,True,0.994,0.0,130.6307
Bend_pickup_normalLight_leftRight,133,Standing,Standing,True,0.994,0.0,126.0997
Bend_pickup_normalLight_leftRight,134,Standing,Standing,True,0.993,0.0,131.9837
Bend_pickup_normalLight_leftRight,135,Standing,Standing,True,0.993,0.0,130.6673
Bend_pickup_normalLight_leftRight,136,Standing,Standing,True,0.992,0.0,110.2316
Bend_pickup_normalLight_leftRight,137,Standing,Standing,True,0.992,0.0,118.949
Bend_pickup_normalLight_leftRight,138,Standing,Standing,True,0.991,0.0,114.7277
Bend_pickup_normalLight_leftRight,139,Standing,Standing,True,0.99,0.0,103.0613
Bend_pickup_normalLight_leftRight,140,Standing,Standing,True,0.989,0.0,99.2237
Bend_pickup_normalLight_leftRight,141,Standing,Standing,True,0.988,0.0,117.257
Bend_pickup_normalLight_leftRight,142,Standing,Standing,True,0.988,0.0,104.7079
Bend_pickup_normalLight_leftRight,143,Standing,Standing,True,0.987,0.0,87.429
Bend_pickup_normalLight_leftRight,144,Standing,Standing,True,0.986,0.0,82.966
Bend_pickup_normalLight_leftRight,145,Standing,Standing,True,0.985,0.0,73.3991
Bend_pickup_normalLight_leftRight,146,Standing,Standing,True,0.984,0.0,83.2761
Bend_pickup_normalLight_leftRight,147,Standing,Standing,True,0.983,0.0,72.9449
Bend_pickup_normalLight_leftRight,148,Standing,Standing,True,0.982,0.0,74.724
Bend_pickup_normalLight_leftRight,149,Standing,Standing,True,0.981,0.0,78.4972
Bend_pickup_normalLight_leftRight,150,Standing,Standing,True,0.98,0.0,93.4751
Bend_pickup_normalLight_leftRight,151,Standing,Standing,True,0.978,0.0,157.9489
Bend_pickup_normalLight_leftRight,152,Standing,Standing,True,0.977,0.0,156.6847
Bend_pickup_normalLight_leftRight,153,Standing,Standing,True,0.976,0.0,117.2586
Bend_pickup_normalLight_leftRight,154,Standing,Standing,True,0.975,0.0,91.6057
Bend_pickup_normalLight_leftRight,155,Standing,Standing,True,0.973,0.0,100.9407
Bend_pickup_normalLight_leftRight,156,Standing,Standing,True,0.972,0.0,83.7162
Bend_pickup_normalLight_leftRight,157,Standing,Standing,True,0.97,0.0,84.876
Bend_pickup_normalLight_leftRight,158,Standing,Standing,True,0.969,0.0,85.8201
Bend_pickup_normalLight_leftRight,159,Standing,Standing,True,0.967,0.0,143.2137
Bend_pickup_normalLight_leftRight,160,Standing,Standing,True,0.965,0.0,121.4396
Bend_pickup_normalLight_leftRight,161,Standing,Standing,True,0.963,0.0,178.6234
Bend_pickup_normalLight_leftRight,162,Standing,Standing,True,0.96,0.0,188.452
Bend_pickup_normalLight_leftRight,163,Standing,Standing,True,0.958,0.0,142.9418
Bend_pickup_normalLight_leftRight,164,Standing,Standing,True,0.954,0.0,113.0853
Bend_pickup_normalLight_leftRight,165,Standing,Standing,True,0.952,0.0,104.4448
Bend_pickup_normalLight_leftRight,166,Standing,Standing,True,0.949,0.0,96.8726
Bend_pickup_normalLight_leftRight,167,Standing,Standing,True,0.948,0.0,86.534
Bend_pickup_normalLight_leftRight,168,Standing,Standing,True,0.949,0.0,97.3969
Bend_pickup_normalLight_leftRight,169,Standing,Standing,True,0.948,0.0,110.5919
Bend_pickup_normalLight_leftRight,170,Standing,Standing,True,0.949,0.0,112.2764
Bend_pickup_normalLight_leftRight,171,Standing,Standing,True,0.949,0.0,94.3891
Bend_pickup_normalLight_leftRight,172,Standing,Standing,True,0.95,0.0,101.721
Bend_pickup_normalLight_leftRight,173,Standing,Standing,True,0.951,0.0,86.2738
Bend_pickup_normalLight_leftRight,174,,Standing,,0.951,0.0,80.3065
Bend_pickup_normalLight_leftRight,175,,Standing,,0.953,0.0,78.2062
Bend_pickup_normalLight_leftRight,176,,Standing,,0.954,0.0,87.7019
Bend_pickup_normalLight_leftRight,177,,Standing,,0.956,0.0,81.8453
Bend_pickup_normalLight_leftRight,178,,Standing,,0.957,0.0,82.8431
Bend_pickup_normalLight_leftRight,179,,Standing,,0.96,0.0,95.2416
Bend_pickup_normalLight_leftRight,180,,Standing,,0.962,0.0,89.3284
Bend_pickup_normalLight_leftRight,181,,Standing,,0.965,0.0,83.6601
Bend_pickup_normalLight_leftRight,182,,Standing,,0.968,0.0,106.4992
Bend_pickup_normalLight_leftRight,183,,Standing,,0.97,0.0,124.4463
Bend_pickup_normalLight_leftRight,184,,Standing,,0.973,0.0,113.6965
Bend_pickup_normalLight_leftRight,185,,Standing,,0.974,0.0,117.6877
Bend_pickup_normalLight_leftRight,186,,Standing,,0.976,0.0,109.5718
Bend_pickup_normalLight_leftRight,187,,Standing,,0.978,0.0,105.3043
Bend_pickup_normalLight_leftRight,188,,Standing,,0.979,0.0,140.9158
Bend_pickup_normalLight_leftRight,189,,Standing,,0.98,0.0,110.7503
Bend_pickup_normalLight_leftRight,190,,Standing,,0.98,0.0,105.3464
Bend_pickup_normalLight_leftRight,191,,Standing,,0.98,0.0,80.5977
Bend_pickup_normalLight_leftRight,192,,Standing,,0.98,0.0,80.7455
Bend_pickup_normalLight_leftRight,193,,Standing,,0.98,0.0,75.7353
Bend_pickup_normalLight_leftRight,194,,Standing,,0.979,0.0,76.5727
Bend_pickup_normalLight_leftRight,195,,Standing,,0.979,0.0,70.3323
Bend_pickup_normalLight_leftRight,196,,Standing,,0.977,0.0,67.8706
Bend_pickup_normalLight_leftRight,197,,Standing,,0.976,0.0,69.1547
Bend_pickup_normalLight_leftRight,198,,Standing,,0.974,0.0,66.4579
Bend_pickup_normalLight_leftRight,199,,Standing,,0.972,0.0,73.3394
Bend_pickup_normalLight_leftRight,200,,Standing,,0.969,0.0,83.6068
Bend_pickup_normalLight_leftRight,201,,Standing,,0.965,0.0,79.6937
Bend_pickup_normalLight_leftRight,202,,Standing,,0.959,0.0,87.037
Bend_pickup_normalLight_leftRight,203,,Standing,,0.95,0.0,81.7849
Bend_pickup_normalLight_leftRight,204,,Standing,,0.94,0.0,85.3985
Bend_pickup_normalLight_leftRight,205,,Standing,,0.92,0.0,83.1421
Bend_pickup_normalLight_leftRight,206,,Standing,,0.894,0.0,110.8765
Bend_pickup_normalLight_leftRight,207,,Standing,,0.862,0.0,91.8998
Bend_pickup_normalLight_leftRight,208,,Standing,,0.813,0.0,77.6184
Bend_pickup_normalLight_leftRight,209,,Standing,,0.752,0.0,75.0334
Bend_pickup_normalLight_leftRight,210,,Standing,,0.68,0.0,75.0987
Bend_pickup_normalLight_leftRight,211,,Standing,,0.597,0.0,84.379
Bend_pickup_normalLight_leftRight,212,,Standing,,0.526,0.0,90.2356
Bend_pickup_normalLight_leftRight,213,,Sitting,,0.548,0.0,89.1598
Bend_pickup_normalLight_leftRight,214,,Sitting,,0.63,0.0,94.2779
Bend_pickup_normalLight_leftRight,215,,Sitting,,0.705,0.0,202.0562
Bend_pickup_normalLight_leftRight,216,,Sitting,,0.765,0.0,130.3267
Bend_pickup_normalLight_leftRight,217,,Sitting,,0.809,0.0,106.5745
Bend_pickup_normalLight_leftRight,218,,Sitting,,0.842,0.0,101.041
Bend_pickup_normalLight_leftRight,219,,Sitting,,0.87,0.0,119.6643
Bend_pickup_normalLight_leftRight,220,,Sitting,,0.899,0.0,137.3062
Bend_pickup_normalLight_leftRight,221,,Sitting,,0.917,0.0,147.83
Bend_pickup_normalLight_leftRight,222,,Sitting,,0.93,0.0,111.8967
Bend_pickup_normalLight_leftRight,223,,Sitting,,0.938,0.0,101.4262
Bend_pickup_normalLight_leftRight,224,,Sitting,,0.937,0.0,91.8275
Bend_pickup_normalLight_leftRight,225,,Sitting,,0.941,0.0,92.8528
Bend_pickup_normalLight_leftRight,226,,Sitting,,0.936,0.0,99.7949
Bend_pickup_normalLight_leftRight,227,,Sitting,,0.932,0.0,101.541
Bend_pickup_normalLight_leftRight,228,,Sitting,,0.921,0.0,95.7669
Bend_pickup_normalLight_leftRight,229,,Sitting,,0.906,0.0,104.7155
Bend_pickup_normalLight_leftRight,230,,Sitting,,0.875,0.0,83.3643
Bend_pickup_normalLight_leftRight,231,,Sitting,,0.826,0.0,96.0107
Bend_pickup_normalLight_leftRight,232,,Sitting,,0.756,0.0,89.5101
Bend_pickup_normalLight_leftRight,233,,Sitting,,0.674,0.0,88.0092
Bend_pickup_normalLight_leftRight,234,,Sitting,,0.55,0.0,84.5499
Bend_pickup_normalLight_leftRight,235,,Lying,,0.439,0.0,89.279
Bend_pickup_normalLight_leftRight,236,,Lying,,0.496,0.0,98.3382
Bend_pickup_normalLight_leftRight,237,,Lying,,0.731,0.0,93.1364
Bend_pickup_normalLight_leftRight,238,,Lying,,0.796,0.0,259.7848
Bend_pickup_normalLight_leftRight,239,,Lying,,0.858,0.0,93.1103
Bend_pickup_normalLight_leftRight,240,,Lying,,0.94,0.0,97.239
Bend_pickup_normalLight_leftRight,241,,Lying,,0.97,0.0,122.6445
Bend_pickup_normalLight_leftRight,242,,Lying,,0.977,0.0,115.1477
Bend_pickup_normalLight_leftRight,243,,Lying,,0.987,0.0,114.1566
Bend_pickup_normalLight_leftRight,244,,Lying,,0.991,0.0,103.7636
Bend_pickup_normalLight_leftRight,245,,Lying,,0.995,0.0,90.9251
Bend_pickup_normalLight_leftRight,246,,Lying,,0.994,0.0,90.2455
Bend_pickup_normalLight_leftRight,247,,Lying,,0.996,0.0,78.9732
Bend_pickup_normalLight_leftRight,248,,Lying,,0.995,0.0,85.904
Bend_pickup_normalLight_leftRight,249,,Lying,,0.995,0.0,80.6178
Bend_pickup_normalLight_leftRight,250,,Lying,,0.996,0.0,84.7071
Bend_pickup_normalLight_leftRight,251,,Lying,,0.996,0.0,80.0229
Bend_pickup_normalLight_leftRight,252,,Lying,,0.996,0.0,85.1846
Bend_pickup_normalLight_leftRight,253,,Lying,,0.997,0.0,85.7763
Bend_pickup_normalLight_leftRight,254,,Lying,,0.997,0.0,88.2737
Bend_pickup_normalLight_leftRight,255,,Lying,,0.997,0.0,88.0083
Bend_pickup_normalLight_leftRight,256,,Lying,,0.997,0.0,87.5697
Bend_pickup_normalLight_leftRight,257,,Lying,,0.997,0.0,81.0567
Bend_pickup_normalLight_leftRight,258,,Lying,,0.997,0.0,76.1168
Bend_pickup_normalLight_leftRight,259,,Lying,,0.997,0.0,78.1509
Bend_pickup_normalLight_leftRight,260,,Lying,,0.998,0.0,81.8688
Bend_pickup_normalLight_leftRight,261,Standing,Lying,False,0.998,0.0,83.3697
Bend_pickup_normalLight_leftRight,262,Standing,Lying,False,0.998,0.0,94.6964
Bend_pickup_normalLight_leftRight,263,Standing,Lying,False,0.998,0.0,77.1041
Bend_pickup_normalLight_leftRight,264,Standing,Lying,False,0.998,0.0,73.4379
Bend_pickup_normalLight_leftRight,265,Standing,Lying,False,0.997,0.0,77.8418
Bend_pickup_normalLight_leftRight,266,Standing,Lying,False,0.997,0.0,83.1756
Bend_pickup_normalLight_leftRight,267,Standing,Lying,False,0.997,0.0,76.3444
Bend_pickup_normalLight_leftRight,268,Standing,Lying,False,0.997,0.0,82.1075
Bend_pickup_normalLight_leftRight,269,Standing,Lying,False,0.996,0.0,89.6051
Bend_pickup_normalLight_leftRight,270,Standing,Lying,False,0.994,0.0,82.8585
Bend_pickup_normalLight_leftRight,271,Standing,Lying,False,0.991,0.0,76.3256
Bend_pickup_normalLight_leftRight,272,Standing,Lying,False,0.986,0.0,93.3359
Bend_pickup_normalLight_leftRight,273,Standing,Lying,False,0.98,0.0,98.5454
Bend_pickup_normalLight_leftRight,274,Standing,Lying,False,0.968,0.0,116.8432
Bend_pickup_normalLight_leftRight,275,Standing,Lying,False,0.955,0.0,108.3756
Bend_pickup_normalLight_leftRight,276,Standing,Lying,False,0.926,0.0,90.603
Bend_pickup_normalLight_leftRight,277,Standing,Lying,False,0.884,0.0,90.8043
Bend_pickup_normalLight_leftRight,278,Standing,Lying,False,0.804,0.0,84.2395
Bend_pickup_normalLight_leftRight,279,Standing,Lying,False,0.72,0.0,87.7553
Bend_pickup_normalLight_leftRight,280,Standing,Lying,False,0.647,0.0,97.9541
Bend_pickup_normalLight_leftRight,281,Standing,Lying,False,0.534,0.0,92.3569
Bend_pickup_normalLight_leftRight,282,Standing,Standing,True,0.6,0.0,89.1198
Bend_pickup_normalLight_leftRight,283,Standing,Standing,True,0.7,0.0,91.0334
Bend_pickup_normalLight_leftRight,284,Standing,Standing,True,0.794,0.0,95.7886
Bend_pickup_normalLight_leftRight,285,Standing,Standing,True,0.885,0.0,114.8423
Bend_pickup_normalLight_leftRight,286,Standing,Standing,True,0.931,0.0,130.4995
Bend_pickup_normalLight_leftRight,287,Standing,Standing,True,0.947,0.0,144.4886
Bend_pickup_normalLight_leftRight,288,Standing,Standing,True,0.957,0.0,99.1073
Bend_pickup_normalLight_leftRight,289,Standing,Standing,True,0.966,0.0,114.7557
Bend_pickup_normalLight_leftRight,290,Standing,Standing,True,0.973,0.0,121.3495
Bend_pickup_normalLight_leftRight,291,Standing,Standing,True,0.984,0.0,89.8955
Bend_pickup_normalLight_leftRight,292,Standing,Standing,True,0.986,0.0,82.8524
Bend_pickup_normalLight_leftRight,293,Standing,Standing,True,0.989,0.0,83.5415
Bend_pickup_normalLight_leftRight,294,Standing,Standing,True,0.99,0.0,93.2125
Bend_pickup_normalLight_leftRight,295,Standing,Standing,True,0.991,0.0,93.0544
Bend_pickup_normalLight_leftRight,296,Standing,Standing,True,0.992,0.0,90.4293
Bend_pickup_normalLight_leftRight,297,Standing,Standing,True,0.992,0.0,84.3701
Bend_pickup_normalLight_leftRight,298,Standing,Standing,True,0.992,0.0,87.927
Bend_pickup_normalLight_leftRight,299,Standing,Standing,True,0.993,0.0,85.2566
Bend_pickup_normalLight_leftRight,300,Standing,Standing,True,0.993,0.0,100.6721
Bend_pickup_normalLight_leftRight,301,Standing,Standing,True,0.994,0.0,91.6542
Bend_pickup_normalLight_leftRight,302,Standing,Standing,True,0.994,0.0,101.6986
Bend_pickup_normalLight_leftRight,303,Standing,Standing,True,0.995,0.0,95.9796
Bend_pickup_normalLight_leftRight,304,Standing,Standing,True,0.995,0.0,96.5196
Bend_pickup_normalLight_leftRight,305,Standing,Standing,True,0.995,0.0,115.5562
Bend_pickup_normalLight_leftRight,306,Standing,Standing,True,0.995,0.0,101.6201
Bend_pickup_normalLight_leftRight,307,Standing,Standing,True,0.995,0.0,101.8484
Bend_pickup_normalLight_leftRight,308,Standing,Standing,True,0.995,0.0,127.6182
Bend_pickup_normalLight_leftRight,309,Standing,Standing,True,0.995,0.0,108.3659
Bend_pickup_normalLight_leftRight,310,Standing,Standing,True,0.995,0.0,108.8153
Bend_pickup_normalLight_leftRight,311,Standing,Standing,True,0.995,0.0,128.8944
Bend_pickup_normalLight_leftRight,312,Standing,Standing,True,0.995,0.0,131.4201
Bend_pickup_normalLight_leftRight,313,Standing,Standing,True,0.995,0.0,111.1285
Bend_pickup_normalLight_leftRight,314,Standing,Standing,True,0.995,0.0,111.8211
Bend_pickup_normalLight_leftRight,315,Standing,Standing,True,0.995,0.0,98.3621
Bend_pickup_normalLight_leftRight,316,Standing,Standing,True,0.995,0.0,111.0404
Bend_pickup_normalLight_leftRight,317,Standing,Standing,True,0.995,0.0,113.2419
Bend_pickup_normalLight_leftRight,318,Standing,Standing,True,0.995,0.0,122.2426
Bend_pickup_normalLight_leftRight,319,Standing,Standing,True,0.995,0.0,132.7484
Bend_pickup_normalLight_leftRight,320,Standing,Standing,True,0.994,0.0,115.7069
Bend_pickup_normalLight_leftRight,321,,Standing,,0.994,0.0,127.5758
Bend_pickup_normalLight_leftRight,322,,Standing,,0.994,0.0,109.065
Bend_pickup_normalLight_leftRight,323,,Standing,,0.994,0.0,126.5857
Bend_pickup_normalLight_leftRight,324,,Standing,,0.994,0.0,132.449
Bend_pickup_normalLight_leftRight,325,,Standing,,0.994,0.0,122.9947
Bend_pickup_normalLight_leftRight,326,,Standing,,0.994,0.0,151.5688
Bend_pickup_normalLight_leftRight,327,,Standing,,0.994,0.0,150.897
Bend_pickup_normalLight_leftRight,328,,Standing,,0.994,0.0,118.3854
Bend_pickup_normalLight_leftRight,329,,Standing,,0.993,0.0,105.0028
Bend_pickup_normalLight_leftRight,330,,Standing,,0.993,0.0,117.3513
Bend_pickup_normalLight_leftRight,331,,Standing,,0.993,0.0,95.2821
Bend_pickup_normalLight_leftRight,332,,Standing,,0.993,0.0,115.2846
Bend_pickup_normalLight_leftRight,333,,Standing,,0.993,0.0,125.5636
Bend_pickup_squat_lowLight,31,,Standing,,0.987,0.0,106.0302
Bend_pickup_squat_lowLight,32,,Standing,,0.988,0.0,124.3884
Bend_pickup_squat_lowLight,33,,Standing,,0.988,0.0,113.3867
Bend_pickup_squat_lowLight,34,,Standing,,0.989,0.0,95.1495
Bend_pickup_squat_lowLight,35,,Standing,,0.989,0.0,111.793
Bend_pickup_squat_lowLight,36,,Standing,,0.989,0.0,107.2934
Bend_pickup_squat_lowLight,37,,Standing,,0.989,0.0,114.3079
Bend_pickup_squat_lowLight,38,,Standing,,0.989,0.0,131.9915
Bend_pickup_squat_lowLight,39,,Standing,,0.988,0.0,113.0915
Bend_pickup_squat_lowLight,40,,Standing,,0.987,0.0,114.9112
Bend_pickup_squat_lowLight,41,,Standing,,0.986,0.0,115.1207
Bend_pickup_squat_lowLight,42,,Standing,,0.985,0.0,128.0093
Bend_pickup_squat_lowLight,43,,Standing,,0.985,0.0,163.9806
Bend_pickup_squat_lowLight,44,,Standing,,0.984,0.0,178.9113
Bend_pickup_squat_lowLight,45,,Standing,,0.982,0.0,113.4757
Bend_pickup_squat_lowLight,46,,Standing,,0.98,0.0,159.5787
Bend_pickup_squat_lowLight,47,,Standing,,0.978,0.0,149.3284
Bend_pickup_squat_lowLight,48,,Standing,,0.975,0.0,197.0208
Bend_pickup_squat_lowLight,49,,Standing,,0.972,0.0,123.2874
Bend_pickup_squat_lowLight,50,,Standing,,0.968,0.0,124.7524
Bend_pickup_squat_lowLight,51,,Standing,,0.961,0.0,151.1951
Bend_pickup_squat_lowLight,52,,Standing,,0.958,0.0,103.0952
Bend_pickup_squat_lowLight,53,,Standing,,0.952,0.0,100.1621
Bend_pickup_squat_lowLight,54,,Standing,,0.947,0.0,102.6677
Bend_pickup_squat_lowLight,55,,Standing,,0.944,0.0,113.1668
Bend_pickup_squat_lowLight,56,,Standing,,0.94,0.0,130.2495
Bend_pickup_squat_lowLight,57,,Standing,,0.935,0.0,103.2644
Bend_pickup_squat_lowLight,58,,Standing,,0.929,0.0,113.5996
Bend_pickup_squat_lowLight,59,,Standing,,0.928,0.0,128.7045
Bend_pickup_squat_lowLight,60,,Standing,,0.922,0.0,128.2741
Bend_pickup_squat_lowLight,61,,Standing,,0.916,0.0,123.7151
Bend_pickup_squat_lowLight,62,,Standing,,0.912,0.0,123.0764
Bend_pickup_squat_lowLight,63,,Standing,,0.906,0.0,127.6534
Bend_pickup_squat_lowLight,64,,Standing,,0.895,0.0,136.0802
Bend_pickup_squat_lowLight,65,,Standing,,0.888,0.0,127.879
Bend_pickup_squat_lowLight,66,,Standing,,0.876,0.0,102.9684
Bend_pickup_squat_lowLight,67,,Standing,,0.868,0.0,149.3225
Bend_pickup_squat_lowLight,68,,Standing,,0.836,0.0,146.1428
Bend_pickup_squat_lowLight,69,,Standing,,0.815,0.0,157.7341
Bend_pickup_squat_lowLight,70,,Standing,,0.784,0.0,112.8012
Bend_pickup_squat_lowLight,71,,Standing,,0.727,0.0,128.6982
Bend_pickup_squat_lowLight,72,,Standing,,0.688,0.0,120.2209
Bend_pickup_squat_lowLight,73,,Standing,,0.66,0.0,128.2557
Bend_pickup_squat_lowLight,74,,Standing,,0.643,0.0,116.6939
Bend_pickup_squat_lowLight,75,,Standing,,0.609,0.0,131.2094
Bend_pickup_squat_lowLight,76,,Standing,,0.551,0.0,153.4377
Bend_pickup_squat_lowLight,77,,Standing,,0.472,0.0,121.6213
Bend_pickup_squat_lowLight,78,,Sitting,,0.489,0.0,117.7937
Bend_pickup_squat_lowLight,79,,Sitting,,0.552,0.0,115.5385
Bend_pickup_squat_lowLight,80,,Sitting,,0.599,0.0,119.2583
Bend_pickup_squat_lowLight,81,,Sitting,,0.635,0.0,128.9924
Bend_pickup_squat_lowLight,82,,Sitting,,0.722,0.0,127.5497
Bend_pickup_squat_lowLight,83,,Sitting,,0.749,0.0,111.9919
Bend_pickup_squat_lowLight,84,,Sitting,,0.782,0.0,138.5934
Bend_pickup_squat_lowLight,85,,Sitting,,0.802,0.0,111.643
Bend_pickup_squat_lowLight,86,,Sitting,,0.785,0.0,192.101
Bend_pickup_squat_lowLight,87,,Sitting,,0.771,0.0,114.9686
Bend_pickup_squat_lowLight,88,,Sitting,,0.777,0.0,130.5069
Bend_pickup_squat_lowLight,89,,Sitting,,0.802,0.0,145.0997
Bend_pickup_squat_lowLight,90,,Sitting,,0.853,0.0,136.7364
Bend_pickup_squat_lowLight,91,,Sitting,,0.761,0.0,144.7588
Bend_pickup_squat_lowLight,92,,Sitting,,0.781,0.0,149.0592
Bend_pickup_squat_lowLight,93,,Sitting,,0.715,0.0,156.9156
Bend_pickup_squat_lowLight,94,,Sitting,,0.752,0.0,149.3283
Bend_pickup_squat_lowLight,95,,Sitting,,0.664,0.0,147.6803
Bend_pickup_squat_lowLight,96,,Sitting,,0.676,0.0,135.0747
Bend_pickup_squat_lowLight,97,,Sitting,,0.708,0.0,158.9643
Bend_pickup_squat_lowLight,98,,Sitting,,0.747,0.0,132.4987
Bend_pickup_squat_lowLight,99,,Sitting,,0.731,0.0,154.5187
Bend_pickup_squat_lowLight,100,,Sitting,,0.673,0.0,156.8719
Bend_pickup_squat_lowLight,101,,Sitting,,0.6,0.0,145.4033
Bend_pickup_squat_lowLight,102,,Sitting,,0.487,0.0,126.5174
Bend_pickup_squat_lowLight,103,,Sitting,,0.476,0.0,121.3106
Bend_pickup_squat_lowLight,104,,Standing,,0.506,0.0,127.5562
Bend_pickup_squat_lowLight,105,,Sitting,,0.465,0.0,126.2096
Bend_pickup_squat_lowLight,106,,Standing,,0.53,0.0,131.4106
Bend_pickup_squat_lowLight,107,,Standing,,0.575,0.0,130.5717
Bend_pickup_squat_lowLight,108,,Standing,,0.571,0.0,137.0737
Bend_pickup_squat_lowLight,109,,Standing,,0.602,0.0,120.7586
Bend_pickup_squat_lowLight,110,,Standing,,0.624,0.0,121.5773
Bend_pickup_squat_lowLight,111,,Standing,,0.689,0.0,122.8121
Bend_pickup_squat_lowLight,112,,Standing,,0.695,0.0,113.7839
Bend_pickup_squat_lowLight,113,,Standing,,0.693,0.0,113.8218
Bend_pickup_squat_lowLight,114,,Standing,,0.694,0.0,125.0205
Bend_pickup_squat_lowLight,115,,Standing,,0.695,0.0,135.4598
Bend_pickup_squat_lowLight,116,,Standing,,0.63,0.0,142.4934
Bend_pickup_squat_lowLight,117,Standing,Standing,True,0.692,0.0,121.9723
Bend_pickup_squat_lowLight,118,Standing,Standing,True,0.689,0.0,119.229
Bend_pickup_squat_lowLight,119,Standing,Standing,True,0.687,0.0,132.4107
Bend_pickup_squat_lowLight,120,Standing,Standing,True,0.669,0.0,112.0404
Bend_pickup_squat_lowLight,121,Standing,Standing,True,0.656,0.0,95.0141
Bend_pickup_squat_lowLight,122,Standing,Standing,True,0.688,0.0,89.0403
Bend_pickup_squat_lowLight,123,Standing,Standing,True,0.683,0.0,92.5002
Bend_pickup_squat_lowLight,124,Standing,Standing,True,0.666,0.0,100.3154
Bend_pickup_squat_lowLight,125,Standing,Standing,True,0.722,0.0,81.6375
Bend_pickup_squat_lowLight,126,Standing,Standing,True,0.716,0.0,81.8062
Bend_pickup_squat_lowLight,127,Standing,Standing,True,0.814,0.0,88.1152
Bend_pickup_squat_lowLight,128,Standing,Standing,True,0.875,0.0,82.7377
Bend_pickup_squat_lowLight,129,Standing,Standing,True,0.907,0.0,95.405
Bend_pickup_squat_lowLight,130,Standing,Standing,True,0.929,0.0,93.9837
Bend_pickup_squat_lowLight,131,Standing,Standing,True,0.937,0.0,83.9209
Bend_pickup_squat_lowLight,132,Standing,Standing,True,0.948,0.0,85.7679
Bend_pickup_squat_lowLight,133,Standing,Standing,True,0.952,0.0,89.63
Bend_pickup_squat_lowLight,134,Standing,Standing,True,0.954,0.0,86.475
Bend_pickup_squat_lowLight,135,Standing,Standing,True,0.967,0.0,91.4309
Bend_pickup_squat_lowLight,136,Standing,Standing,True,0.972,0.0,91.1907
Bend_pickup_squat_lowLight,137,Standing,Standing,True,0.969,0.0,84.0904
Bend_pickup_squat_lowLight,138,Standing,Standing,True,0.98,0.0,85.3587
Bend_pickup_squat_lowLight,139,Standing,Standing,True,0.984,0.0,77.1188
Bend_pickup_squat_lowLight,140,Standing,Standing,True,0.985,0.0,93.0453
Bend_pickup_squat_lowLight,141,Standing,Standing,True,0.988,0.0,87.4021
Bend_pickup_squat_lowLight,142,Standing,Standing,True,0.989,0.0,82.0287
Bend_pickup_squat_lowLight,143,Standing,Standing,True,0.991,0.0,72.6809
Bend_pickup_squat_lowLight,144,Standing,Standing,True,0.993,0.0,71.7249
Bend_pickup_squat_lowLight,145,Standing,Standing,True,0.993,0.0,81.3164
Bend_pickup_squat_lowLight,146,Standing,Standing,True,0.994,0.0,85.9119
Bend_pickup_squat_lowLight,147,Standing,Standing,True,0.994,0.0,98.7202
Bend_pickup_squat_lowLight,148,,Standing,,0.994,0.0,93.1697
Bend_pickup_squat_lowLight,149,,Standing,,0.994,0.0,84.1498
Bend_pickup_squat_lowLight,150,,Standing,,0.995,0.0,74.1204
Bend_pickup_squat_lowLight,151,,Standing,,0.995,0.0,69.489
Bend_pickup_squat_lowLight,152,,Standing,,0.995,0.0,70.8045
Bend_pickup_squat_lowLight,153,,Standing,,0.995,0.0,75.2724
Bend_pickup_squat_lowLight,154,,Standing,,0.995,0.0,79.2292
Bend_pickup_squat_lowLight,155,,Standing,,0.995,0.0,91.0074
Bend_pickup_squat_lowLight,156,,Standing,,0.995,0.0,129.0226
Bend_pickup_squat_lowLight,157,,Standing,,0.995,0.0,99.1888
Bend_pickup_squat_lowLight,158,,Standing,,0.995,0.0,73.859
Bend_pickup_squat_lowLight,159,,Standing,,0.994,0.0,72.0836
Bend_pickup_squat_lowLight,160,,Standing,,0.994,0.0,77.393
Bend_pickup_squat_lowLight,161,,Standing,,0.994,0.0,80.8347
Bend_pickup_squat_lowLight,162,,Standing,,0.994,0.0,99.6333
Bend_pickup_squat_lowLight,163,,Standing,,0.994,0.0,85.993
Bend_pickup_squat_lowLight,164,,Standing,,0.994,0.0,88.0324
Bend_pickup_squat_lowLight,165,,Standing,,0.994,0.0,78.582
Bend_pickup_squat_lowLight,166,,Standing,,0.994,0.0,77.9276
Bend_pickup_squat_lowLight,167,,Standing,,0.994,0.0,71.4551
Bend_pickup_squat_lowLight,168,,Standing,,0.993,0.0,78.8893
Bend_pickup_squat_lowLight,169,,Standing,,0.993,0.0,102.8788
Bend_pickup_squat_lowLight,170,,Standing,,0.993,0.0,72.451
Bend_pickup_squat_lowLight,171,,Standing,,0.993,0.0,72.5201
Bend_pickup_squat_lowLight,172,,Standing,,0.993,0.0,71.2026
Bend_pickup_squat_lowLight,173,,Standing,,0.992,0.0,71.7978
Bend_pickup_squat_lowLight,174,,Standing,,0.992,0.0,69.3467
Bend_pickup_squat_normalLight,31,,Standing,,0.917,0.0,67.5089
Bend_pickup_squat_normalLight,32,,Standing,,0.91,0.0,65.9575
Bend_pickup_squat_normalLight,33,,Standing,,0.908,0.0,66.0965
Bend_pickup_squat_normalLight,34,,Standing,,0.9,0.0,70.6272
Bend_pickup_squat_normalLight,35,,Standing,,0.893,0.0,71.3544
Bend_pickup_squat_normalLight,36,,Standing,,0.882,0.0,75.5473
Bend_pickup_squat_normalLight,37,,Standing,,0.874,0.0,65.6633
Bend_pickup_squat_normalLight,38,,Standing,,0.863,0.0,75.0938
Bend_pickup_squat_normalLight,39,,Standing,,0.853,0.0,87.9968
Bend_pickup_squat_normalLight,40,,Standing,,0.831,0.0,74.2864
Bend_pickup_squat_normalLight,41,,Standing,,0.816,0.0,81.3713
Bend_pickup_squat_normalLight,42,,Standing,,0.794,0.0,72.0357
Bend_pickup_squat_normalLight,43,,Standing,,0.777,0.0,70.5449
Bend_pickup_squat_normalLight,44,,Standing,,0.75,0.0,67.9547
Bend_pickup_squat_normalLight,45,,Standing,,0.727,0.0,66.5668
Bend_pickup_squat_normalLight,46,,Standing,,0.714,0.0,67.4185
Bend_pickup_squat_normalLight,47,,Standing,,0.7,0.0,67.1194
Bend_pickup_squat_normalLight,48,,Standing,,0.692,0.0,70.2879
Bend_pickup_squat_normalLight,49,,Standing,,0.692,0.0,69.3434
Bend_pickup_squat_normalLight,50,,Standing,,0.698,0.0,66.3912
Bend_pickup_squat_normalLight,51,,Standing,,0.695,0.0,66.6609
Bend_pickup_squat_normalLight,52,,Standing,,0.705,0.0,63.5741
Bend_pickup_squat_normalLight,53,,Standing,,0.716,0.0,71.3703
Bend_pickup_squat_normalLight,54,,Standing,,0.735,0.0,68.4643
Bend_pickup_squat_normalLight,55,,Standing,,0.753,0.0,67.3841
Bend_pickup_squat_normalLight,56,,Standing,,0.769,0.0,67.6688
Bend_pickup_squat_normalLight,57,,Standing,,0.791,0.0,68.3254
Bend_pickup_squat_normalLight,58,,Standing,,0.805,0.0,66.403
Bend_pickup_squat_normalLight,59,,Standing,,0.811,0.0,68.7119
Bend_pickup_squat_normalLight,60,,Standing,,0.818,0.0,63.2511
Bend_pickup_squat_normalLight,61,,Standing,,0.819,0.0,65.2211
Bend_pickup_squat_normalLight,62,,Standing,,0.816,0.0,75.2259
Bend_pickup_squat_normalLight,63,,Standing,,0.801,0.0,94.2578
Bend_pickup_squat_normalLight,64,,Standing,,0.787,0.0,113.1668
Bend_pickup_squat_normalLight,65,,Standing,,0.755,0.0,155.7702
Bend_pickup_squat_normalLight,66,,Standing,,0.714,0.0,104.1913
Bend_pickup_squat_normalLight,67,,Standing,,0.672,0.0,104.5159
Bend_pickup_squat_normalLight,68,,Standing,,0.625,0.0,102.8894
Bend_pickup_squat_normalLight,69,,Standing,,0.529,0.0,89.6145
Bend_pickup_squat_normalLight,70,,Standing,,0.451,0.0,104.7724
Bend_pickup_squat_normalLight,71,,Lying,,0.48,0.0,88.3041
Bend_pickup_squat_normalLight,72,,Lying,,0.468,0.0,93.4772
Bend_pickup_squat_normalLight,73,,Lying,,0.477,0.0,111.8346
Bend_pickup_squat_normalLight,74,,Lying,,0.596,0.0,94.425
Bend_pickup_squat_normalLight,75,,Lying,,0.586,0.0,87.0537
Bend_pickup_squat_normalLight,76,,Lying,,0.51,0.0,85.3273
Bend_pickup_squat_normalLight,77,,Lying,,0.561,0.0,85.2625
Bend_pickup_squat_normalLight,78,,Lying,,0.568,0.0,97.775
Bend_pickup_squat_normalLight,79,,Lying,,0.569,0.0,86.7396
Bend_pickup_squat_normalLight,80,,Lying,,0.549,0.0,94.5202
Bend_pickup_squat_normalLight,81,,Lying,,0.556,0.0,93.6658
Bend_pickup_squat_normalLight,82,,Lying,,0.532,0.0,110.5925
Bend_pickup_squat_normalLight,83,,Lying,,0.469,0.0,90.2525
Bend_pickup_squat_normalLight,84,,Lying,,0.457,0.0,87.5786
Bend_pickup_squat_normalLight,85,,Standing,,0.373,0.0,86.4356
Bend_pickup_squat_normalLight,86,,Standing,,0.379,0.0,84.3083
Bend_pickup_squat_normalLight,87,,Standing,,0.42,0.0,77.44
Bend_pickup_squat_normalLight,88,,Standing,,0.435,0.0,87.5323
Bend_pickup_squat_normalLight,89,,Standing,,0.428,0.0,113.9536
Bend_pickup_squat_normalLight,90,,Standing,,0.417,0.0,86.5238
Bend_pickup_squat_normalLight,91,,Sitting,,0.428,0.0,75.957
Bend_pickup_squat_normalLight,92,,Standing,,0.438,0.0,87.8653
Bend_pickup_squat_normalLight,93,,Sitting,,0.476,0.0,71.3566
Bend_pickup_squat_normalLight,94,,Sitting,,0.472,0.0,71.6994
Bend_pickup_squat_normalLight,95,,Sitting,,0.512,0.0,72.6093
Bend_pickup_squat_normalLight,96,,Sitting,,0.528,0.0,75.1458
Bend_pickup_squat_normalLight,97,,Sitting,,0.575,0.0,76.316
Bend_pickup_squat_normalLight,98,,Sitting,,0.611,0.0,82.0079
Bend_pickup_squat_normalLight,99,,Sitting,,0.649,0.0,84.9585
Bend_pickup_squat_normalLight,100,,Sitting,,0.671,0.0,78.2233
Bend_pickup_squat_normalLight,101,,Sitting,,0.719,0.0,69.1818
Bend_pickup_squat_normalLight,102,,Sitting,,0.737,0.0,70.9657
Bend_pickup_squat_normalLight,103,,Sitting,,0.738,0.0,66.7095
Bend_pickup_squat_normalLight,104,,Sitting,,0.763,0.0,64.8216
Bend_pickup_squat_normalLight,105,,Sitting,,0.766,0.0,63.7806
Bend_pickup_squat_normalLight,106,,Sitting,,0.766,0.0,66.6694
Bend_pickup_squat_normalLight,107,,Sitting,,0.763,0.0,63.5673
Bend_pickup_squat_normalLight,108,,Sitting,,0.761,0.0,65.0396
Bend_pickup_squat_normalLight,109,,Sitting,,0.745,0.0,68.509
Bend_pickup_squat_normalLight,110,,Sitting,,0.724,0.0,67.0371
Bend_pickup_squat_normalLight,111,,Sitting,,0.715,0.0,63.032
Bend_pickup_squat_normalLight,112,,Sitting,,0.668,0.0,65.7751
Bend_pickup_squat_normalLight,113,,Sitting,,0.633,0.0,66.1483
Bend_pickup_squat_normalLight,114,,Sitting,,0.614,0.0,67.7034
Bend_pickup_squat_normalLight,115,,Sitting,,0.577,0.0,65.3063
Bend_pickup_squat_normalLight,116,,Sitting,,0.553,0.0,64.6852
Bend_pickup_squat_normalLight,117,,Sitting,,0.507,0.0,66.0259
Bend_pickup_squat_normalLight,118,,Standing,,0.512,0.0,64.7463
Bend_pickup_squat_normalLight,119,,Standing,,0.576,0.0,65.7203
Bend_pickup_squat_normalLight,120,,Standing,,0.645,0.0,63.1906
Bend_pickup_squat_normalLight,121,,Standing,,0.678,0.0,62.0602
Bend_pickup_squat_normalLight,122,,Standing,,0.715,0.0,67.5158
Bend_pickup_squat_normalLight,123,,Standing,,0.748,0.0,63.6142
Bend_pickup_squat_normalLight,124,,Standing,,0.781,0.0,66.34
Bend_pickup_squat_normalLight,125,,Standing,,0.804,0.0,67.0871
Bend_pickup_squat_normalLight,126,,Standing,,0.83,0.0,69.4714
Bend_pickup_squat_normalLight,127,,Standing,,0.861,0.0,61.2437
Bend_pickup_squat_normalLight,128,,Standing,,0.877,0.0,62.0098
Bend_pickup_squat_normalLight,129,,Standing,,0.899,0.0,72.4168
Bend_pickup_squat_normalLight,130,,Standing,,0.911,0.0,68.7425
Bend_pickup_squat_normalLight,131,,Standing,,0.928,0.0,67.057
Bend_pickup_squat_normalLight,132,,Standing,,0.94,0.0,70.6138
Bend_pickup_squat_normalLight,133,,Standing,,0.949,0.0,69.139
Bend_pickup_squat_normalLight,134,Standing,Standing,True,0.951,0.0,72.0302
Bend_pickup_squat_normalLight,135,Standing,Standing,True,0.96,0.0,67.442
Bend_pickup_squat_normalLight,136,Standing,Standing,True,0.966,0.0,65.3959
Bend_pickup_squat_normalLight,137,Standing,Standing,True,0.972,0.0,66.0361
Bend_pickup_squat_normalLight,138,Standing,Standing,True,0.974,0.0,68.1143
Bend_pickup_squat_normalLight,139,Standing,Standing,True,0.978,0.0,83.8866
Bend_pickup_squat_normalLight,140,Standing,Standing,True,0.98,0.0,103.0065
Bend_pickup_squat_normalLight,141,Standing,Standing,True,0.982,0.0,131.7758
Bend_pickup_squat_normalLight,142,Standing,Standing,True,0.984,0.0,103.8302
Bend_pickup_squat_normalLight,143,Standing,Standing,True,0.985,0.0,86.7847
Bend_pickup_squat_normalLight,144,Standing,Standing,True,0.987,0.0,86.7506
Bend_pickup_squat_normalLight,145,Standing,Standing,True,0.989,0.0,103.2121
Bend_pickup_squat_normalLight,146,,Standing,,0.99,0.0,110.9151
Bend_pickup_squat_normalLight,147,,Standing,,0.991,0.0,93.1392
Bend_pickup_squat_normalLight,148,,Standing,,0.992,0.0,100.5363
Bend_pickup_squat_normalLight,149,,Standing,,0.993,0.0,100.2164
Bend_pickup_squat_normalLight,150,,Standing,,0.994,0.0,123.7563
Bend_pickup_squat_normalLight,151,,Standing,,0.995,0.0,105.91
Bend_pickup_squat_normalLight,152,,Standing,,0.995,0.0,117.7559
Bend_pickup_squat_normalLight,153,,Standing,,0.995,0.0,99.9213
Bend_pickup_squat_normalLight,154,,Standing,,0.995,0.0,144.6459
Bend_pickup_squat_normalLight,155,,Standing,,0.996,0.0,136.8576
Bend_pickup_squat_normalLight,156,,Standing,,0.996,0.0,120.4361
Bend_pickup_squat_normalLight,157,,Standing,,0.996,0.0,124.33
Bend_pickup_squat_normalLight,158,,Standing,,0.996,0.0,109.8323
Bend_pickup_squat_normalLight,159,,Standing,,0.996,0.0,103.1141
Bend_pickup_squat_normalLight,160,,Standing,,0.996,0.0,124.1776
Kneeling,31,,Standing,,0.988,0.0,118.0909
Kneeling,32,,Standing,,0.988,0.0,102.6557
Kneeling,33,,Standing,,0.987,0.0,98.687
Kneeling,34,,Standing,,0.987,0.0,109.7075
Kneeling,35,,Standing,,0.986,0.0,115.3282
Kneeling,36,,Standing,,0.985,0.0,132.3962
Kneeling,37,,Standing,,0.984,0.0,101.4297
Kneeling,38,,Standing,,0.983,0.0,107.9739
Kneeling,39,,Standing,,0.982,0.0,122.74
Kneeling,40,,Standing,,0.981,0.0,124.8775
Kneeling,41,,Standing,,0.98,0.0,105.5328
Kneeling,42,,Standing,,0.979,0.0,125.1955
Kneeling,43,,Standing,,0.978,0.0,131.5445
Kneeling,44,,Standing,,0.977,0.0,125.0653
Kneeling,45,,Standing,,0.975,0.0,143.687
Kneeling,46,,Standing,,0.973,0.0,117.0834
Kneeling,47,,Standing,,0.972,0.0,121.3681
Kneeling,48,,Standing,,0.969,0.0,143.875
Kneeling,49,,Standing,,0.966,0.0,174.037
Kneeling,50,,Standing,,0.964,0.0,134.9785
Kneeling,51,,Standing,,0.962,0.0,185.9473
Kneeling,52,,Standing,,0.96,0.0,143.2167
Kneeling,53,,Standing,,0.958,0.0,118.2618
Kneeling,54,,Standing,,0.958,0.0,144.1873
Kneeling,55,,Standing,,0.957,0.0,141.389
Kneeling,56,,Standing,,0.957,0.0,210.7523
Kneeling,57,Sitting,Standing,False,0.956,0.0,138.5601
Kneeling,58,Sitting,Standing,False,0.958,0.0,114.238
Kneeling,59,Sitting,Standing,False,0.958,0.0,116.7586
Kneeling,60,Sitting,Standing,False,0.959,0.0,108.4875
Kneeling,61,Sitting,Standing,False,0.958,0.0,110.0535
Kneeling,62,Sitting,Standing,False,0.958,0.0,119.9019
Kneeling,63,Sitting,Standing,False,0.958,0.0,126.9631
Kneeling,64,Sitting,Standing,False,0.957,0.0,111.5436
Kneeling,65,Sitting,Standing,False,0.957,0.0,100.7677
Kneeling,66,Sitting,Standing,False,0.956,0.0,97.3572
Kneeling,67,Sitting,Standing,False,0.953,0.0,114.0889
Kneeling,68,Sitting,Standing,False,0.951,0.0,103.347
Kneeling,69,Sitting,Standing,False,0.943,0.0,98.9212
Kneeling,70,Sitting,Standing,False,0.937,0.0,96.1249
Kneeling,71,Sitting,Standing,False,0.939,0.0,98.9823
Kneeling,72,Sitting,Standing,False,0.94,0.0,135.0121
Kneeling,73,Sitting,Standing,False,0.936,0.0,103.2316
Kneeling,74,Sitting,Standing,False,0.935,0.0,93.8813
Kneeling,75,Sitting,Standing,False,0.931,0.0,101.5085
Kneeling,76,Sitting,Standing,False,0.926,0.0,102.093
Kneeling,77,Sitting,Standing,False,0.922,0.0,112.9014
Kneeling,78,Sitting,Standing,False,0.919,0.0,120.3253
Kneeling,79,Sitting,Standing,False,0.913,0.0,108.0398
Kneeling,80,Sitting,Standing,False,0.904,0.0,149.6349
Kneeling,81,Sitting,Standing,False,0.899,0.0,116.8735
Kneeling,82,Sitting,Standing,False,0.888,0.0,123.4282
Kneeling,83,Sitting,Standing,False,0.877,0.0,114.3848
Kneeling,84,Sitting,Standing,False,0.851,0.0,111.2117
Kneeling,85,Sitting,Standing,False,0.846,0.0,116.466
Kneeling,86,Sitting,Standing,False,0.848,0.0,104.8421
Kneeling,87,Sitting,Standing,False,0.829,0.0,123.7064
Kneeling,88,Sitting,Standing,False,0.823,0.0,121.3607
Kneeling,89,Sitting,Standing,False,0.814,0.0,115.2991
Kneeling,90,Sitting,Standing,False,0.807,0.0,120.3264
Kneeling,91,Sitting,Standing,False,0.804,0.0,130.2947
Kneeling,92,Sitting,Standing,False,0.801,0.0,110.2508
Kneeling,93,Sitting,Standing,False,0.8,0.0,129.621
Kneeling,94,Sitting,Standing,False,0.799,0.0,170.2985
Kneeling,95,Sitting,Standing,False,0.8,0.0,198.6308
Kneeling,96,Sitting,Standing,False,0.807,0.0,124.5006
Kneeling,97,Sitting,Standing,False,0.797,0.0,119.7281
Kneeling,98,Sitting,Standing,False,0.8,0.0,117.9192
Kneeling,99,Sitting,Standing,False,0.799,0.0,119.0246
Kneeling,100,Sitting,Standing,False,0.799,0.0,128.4894
Kneeling,101,Sitting,Standing,False,0.803,0.0,138.9119
Kneeling,102,Sitting,Standing,False,0.804,0.0,127.0052
Kneeling,103,Sitting,Standing,False,0.808,0.0,152.3644
Kneeling,104,Sitting,Standing,False,0.804,0.0,141.6762
Kneeling,105,Sitting,Standing,False,0.807,0.0,129.2191
Kneeling,106,Sitting,Standing,False,0.799,0.0,135.5644
Kneeling,107,Sitting,Standing,False,0.806,0.0,131.9729
Kneeling,108,Sitting,Standing,False,0.806,0.0,116.5201
Kneeling,109,Sitting,Standing,False,0.801,0.0,119.1564
Kneeling,110,Sitting,Standing,False,0.802,0.0,116.5215
Kneeling,111,Sitting,Standing,False,0.795,0.0,132.3378
Kneeling,112,Sitting,Standing,False,0.793,0.0,132.6539
Kneeling,113,Sitting,Standing,False,0.793,0.0,125.1558
Kneeling,114,Sitting,Standing,False,0.792,0.0,128.574
Kneeling,115,Sitting,Standing,False,0.789,0.0,124.5196
Kneeling,116,Sitting,Standing,False,0.784,0.0,140.9523
Kneeling,117,Sitting,Standing,False,0.78,0.0,137.598
Kneeling,118,Sitting,Standing,False,0.782,0.0,111.085
Kneeling,119,Sitting,Standing,False,0.779,0.0,127.3799
Kneeling,120,Sitting,Standing,False,0.774,0.0,105.8506
Kneeling,121,Sitting,Standing,False,0.768,0.0,129.1
Kneeling,122,Sitting,Standing,False,0.762,0.0,106.756
Kneeling,123,Sitting,Standing,False,0.752,0.0,107.641
Kneeling,124,Sitting,Standing,False,0.743,0.0,116.6264
Kneeling,125,Sitting,Standing,False,0.749,0.0,106.2193
Kneeling,126,Sitting,Standing,False,0.743,0.0,85.8376
Kneeling,127,Sitting,Standing,False,0.737,0.0,81.7832
Kneeling,128,,Standing,,0.731,0.0,101.7848
Kneeling,129,,Standing,,0.722,0.0,117.3714
Kneeling,130,,Standing,,0.731,0.0,129.5381
Kneeling,131,,Standing,,0.728,0.0,134.1854
Kneeling,132,,Standing,,0.726,0.0,110.9511
Kneeling,133,,Standing,,0.729,0.0,143.3817
Kneeling,134,,Standing,,0.726,0.0,119.235
Kneeling,135,,Standing,,0.719,0.0,164.1493
Kneeling,136,,Standing,,0.721,0.0,135.9833
Kneeling,137,,Standing,,0.73,0.0,121.4973
Kneeling,138,,Standing,,0.732,0.0,123.1548
Kneeling,139,,Standing,,0.725,0.0,122.7187
Kneeling,140,,Standing,,0.722,0.0,133.5895
Kneeling,141,,Standing,,0.727,0.0,137.8537
Kneeling,142,,Standing,,0.727,0.0,121.9463
Kneeling,143,,Standing,,0.736,0.0,125.1574
Kneeling,144,,Standing,,0.738,0.0,112.6598
Kneeling,145,,Standing,,0.747,0.0,107.6011
Kneeling,146,,Standing,,0.754,0.0,127.2236
Kneeling,147,,Standing,,0.763,0.0,116.9135
Kneeling,148,,Standing,,0.769,0.0,143.9064
Kneeling,149,,Standing,,0.78,0.0,143.0304
Kneeling,150,,Standing,,0.797,0.0,103.8823
Kneeling,151,,Standing,,0.808,0.0,129.3942
Kneeling,152,,Standing,,0.823,0.0,131.8811
Kneeling,153,,Standing,,0.837,0.0,119.4774
Kneeling,154,,Standing,,0.85,0.0,117.8029
Kneeling,155,,Standing,,0.864,0.0,137.7024
Kneeling,156,Standing,Standing,True,0.875,0.0,120.244
Kneeling,157,Standing,Standing,True,0.888,0.0,125.1349
Kneeling,158,Standing,Standing,True,0.899,0.0,104.2552
Kneeling,159,Standing,Standing,True,0.907,0.0,86.8985
Kneeling,160,Standing,Standing,True,0.915,0.0,90.3108
Kneeling,161,Standing,Standing,True,0.923,0.0,101.1036
Kneeling,162,Standing,Standing,True,0.929,0.0,86.0972
Kneeling,163,Standing,Standing,True,0.938,0.0,88.2089
Kneeling,164,Standing,Standing,True,0.947,0.0,96.3871
Kneeling,165,Standing,Standing,True,0.954,0.0,90.2347
Kneeling,166,Standing,Standing,True,0.96,0.0,95.3374
Kneeling,167,Standing,Standing,True,0.966,0.0,105.3362
Kneeling,168,Standing,Standing,True,0.97,0.0,106.8505
Kneeling,169,Standing,Standing,True,0.974,0.0,115.9219
Kneeling,170,Standing,Standing,True,0.977,0.0,92.0264
Kneeling,171,,Standing,,0.98,0.0,101.6631
Kneeling,172,,Standing,,0.982,0.0,110.6573
Kneeling,173,,Standing,,0.984,0.0,114.7954
Kneeling,174,,Standing,,0.985,0.0,90.6597
Kneeling,175,,Standing,,0.987,0.0,104.7008
Kneeling,176,,Standing,,0.988,0.0,98.0046
Kneeling,177,,Standing,,0.988,0.0,121.5741
Kneeling,178,,Standing,,0.989,0.0,169.3009
Kneeling,179,,Standing,,0.99,0.0,182.666
Kneeling,180,,Standing,,0.99,0.0,139.5577
Kneeling,181,,Standing,,0.991,0.0,115.1322
Kneeling,182,,Standing,,0.991,0.0,127.7124
Kneeling,183,,Standing,,0.992,0.0,123.6798
Kneeling,184,,Standing,,0.992,0.0,128.0096
Kneeling,185,,Standing,,0.992,0.0,104.6645
Kneeling,186,,Standing,,0.992,0.0,99.0628
Kneeling,187,,Standing,,0.993,0.0,87.877
Kneeling,188,,Standing,,0.993,0.0,213.1465
Kneeling,189,,Standing,,0.993,0.0,113.946
Kneeling,190,,Standing,,0.993,0.0,86.6442
LyingdownSlowly,31,,Standing,,0.986,0.0,86.3518
LyingdownSlowly,32,,Standing,,0.984,0.0,88.5925
LyingdownSlowly,33,,Standing,,0.98,0.0,98.97
LyingdownSlowly,34,,Standing,,0.976,0.0,85.2794
LyingdownSlowly,35,,Standing,,0.97,0.0,91.4919
LyingdownSlowly,36,,Standing,,0.96,0.0,99.7829
LyingdownSlowly,37,,Standing,,0.947,0.0,87.9977
LyingdownSlowly,38,,Standing,,0.929,0.0,107.4699
LyingdownSlowly,39,,Standing,,0.907,0.0,97.3484
LyingdownSlowly,40,,Standing,,0.874,0.0,101.469
LyingdownSlowly,41,,Standing,,0.834,0.0,91.8173
LyingdownSlowly,42,,Standing,,0.787,0.0,82.6473
LyingdownSlowly,43,,Standing,,0.745,0.0,86.5237
LyingdownSlowly,44,,Standing,,0.698,0.0,88.5071
LyingdownSlowly,45,,Standing,,0.664,0.0,83.9516
LyingdownSlowly,46,,Standing,,0.629,0.0,83.5196
LyingdownSlowly,47,,Standing,,0.598,0.0,92.7325
LyingdownSlowly,48,,Standing,,0.569,0.0,93.1222
LyingdownSlowly,49,,Standing,,0.553,0.0,82.7702
LyingdownSlowly,50,,Standing,,0.539,0.0,89.6178
LyingdownSlowly,51,,Standing,,0.537,0.0,85.9142
LyingdownSlowly,52,,Standing,,0.54,0.0,89.9864
LyingdownSlowly,53,,Standing,,0.567,0.0,75.7316
LyingdownSlowly,54,,Standing,,0.566,0.0,73.1591
LyingdownSlowly,55,,Standing,,0.57,0.0,75.3413
LyingdownSlowly,56,,Standing,,0.565,0.0,70.2602
LyingdownSlowly,57,,Standing,,0.554,0.0,73.3408
LyingdownSlowly,58,,Standing,,0.552,0.0,72.6456
LyingdownSlowly,59,,Standing,,0.525,0.0,67.0843
LyingdownSlowly,60,,Standing,,0.52,0.0,71.6698
LyingdownSlowly,61,,Standing,,0.476,0.0,68.6826
LyingdownSlowly,62,,Lying,,0.441,0.0,75.1669
LyingdownSlowly,63,,Lying,,0.523,0.0,81.9734
LyingdownSlowly,64,,Lying,,0.649,0.0,81.8549
LyingdownSlowly,65,,Lying,,0.742,0.0,76.8848
LyingdownSlowly,66,,Lying,,0.865,0.0,82.6922
LyingdownSlowly,67,,Lying,,0.92,0.0,72.0765
LyingdownSlowly,68,,Lying,,0.939,0.0,83.0894
LyingdownSlowly,69,,Lying,,0.943,0.0,81.7911
LyingdownSlowly,70,,Lying,,0.94,0.0,73.7348
LyingdownSlowly,71,,Lying,,0.923,0.0,93.8441
LyingdownSlowly,72,,Lying,,0.896,0.0,98.2413
LyingdownSlowly,73,,Lying,,0.904,0.0,90.8277
LyingdownSlowly,74,,Lying,,0.897,0.0,97.0467
LyingdownSlowly,75,,Lying,,0.883,0.0,98.6501
LyingdownSlowly,76,,Lying,,0.861,0.0,110.575
LyingdownSlowly,77,,Lying,,0.878,0.0,114.9964
LyingdownSlowly,78,,Lying,,0.86,0.0,113.0986
LyingdownSlowly,79,,Lying,,0.787,0.0,109.8765
LyingdownSlowly,80,,Lying,,0.755,0.0,113.3227
LyingdownSlowly,81,,Lying,,0.768,0.0,88.0366
LyingdownSlowly,82,,Lying,,0.698,0.0,95.6512
LyingdownSlowly,83,,Lying,,0.65,0.0,91.8015
LyingdownSlowly,84,,Lying,,0.558,0.0,93.6051
LyingdownSlowly,85,,Lying,,0.488,0.0,102.1359
LyingdownSlowly,86,,Standing,,0.446,0.0,108.3331
LyingdownSlowly,87,,Standing,,0.464,0.0,99.4848
LyingdownSlowly,88,,Standing,,0.469,0.0,119.4129
LyingdownSlowly,89,,Standing,,0.419,0.0,115.8841
LyingdownSlowly,90,,Standing,,0.359,0.0,90.1344
LyingdownSlowly,91,,Sitting,,0.377,0.0,100.6135
LyingdownSlowly,92,,Sitting,,0.487,0.0,93.7081
LyingdownSlowly,93,,Sitting,,0.528,0.0,93.8825
LyingdownSlowly,94,,Sitting,,0.599,0.0,88.5703
LyingdownSlowly,95,,Sitting,,0.684,0.0,84.829
LyingdownSlowly,96,,Sitting,,0.752,0.0,96.7117
LyingdownSlowly,97,,Sitting,,0.845,0.0,81.6709
LyingdownSlowly,98,,Sitting,,0.787,0.0,91.247
LyingdownSlowly,99,,Sitting,,0.706,0.0,97.2101
LyingdownSlowly,100,,Sitting,,0.727,0.0,76.6997
LyingdownSlowly,101,,Sitting,,0.724,0.0,70.6779
LyingdownSlowly,102,,Sitting,,0.692,0.0,70.9039
LyingdownSlowly,103,,Sitting,,0.658,0.0,69.9586
LyingdownSlowly,104,,Sitting,,0.616,0.0,69.6423
LyingdownSlowly,105,,Sitting,,0.558,0.0,66.8654
LyingdownSlowly,106,,Sitting,,0.423,0.0,67.1239
LyingdownSlowly,107,,Lying,,0.352,0.0,65.6665
LyingdownSlowly,108,,Lying,,0.465,0.0,65.5902
LyingdownSlowly,109,,Lying,,0.521,0.0,64.9877
LyingdownSlowly,110,,Lying,,0.588,0.0,63.9352
LyingdownSlowly,111,,Lying,,0.541,0.0,64.7797
LyingdownSlowly,112,,Lying,,0.522,0.0,77.7053
LyingdownSlowly,113,,Lying,,0.491,0.0,73.9622
LyingdownSlowly,114,,Lying,,0.516,0.0,70.973
LyingdownSlowly,115,,Lying,,0.504,0.0,68.525
LyingdownSlowly,116,,Lying,,0.524,0.0,67.8529
LyingdownSlowly,117,,Lying,,0.505,0.0,64.8558
LyingdownSlowly,118,Lying,Lying,True,0.536,0.0,66.5575
LyingdownSlowly,119,Lying,Lying,True,0.564,0.0,66.107
LyingdownSlowly,120,Lying,Lying,True,0.574,0.0,65.2943
LyingdownSlowly,121,Lying,Lying,True,0.556,0.0,64.5749
LyingdownSlowly,122,Lying,Lying,True,0.574,0.0,60.9748
LyingdownSlowly,123,Lying,Lying,True,0.559,0.0,63.6074
LyingdownSlowly,124,Lying,Lying,True,0.558,0.0,64.5469
LyingdownSlowly,125,Lying,Lying,True,0.55,0.0,64.7132
LyingdownSlowly,126,Lying,Lying,True,0.573,0.0,65.5533
LyingdownSlowly,127,Lying,Lying,True,0.588,0.0,65.8274
LyingdownSlowly,128,Lying,Lying,True,0.591,0.0,70.9237
LyingdownSlowly,129,Lying,Lying,True,0.588,0.0,83.3192
LyingdownSlowly,130,Lying,Lying,True,0.58,0.0,123.9045
LyingdownSlowly,131,Lying,Lying,True,0.564,0.0,88.679
LyingdownSlowly,132,Lying,Lying,True,0.564,0.0,79.7481
LyingdownSlowly,133,Lying,Lying,True,0.566,0.0,80.4987
LyingdownSlowly,134,Lying,Lying,True,0.575,0.0,86.4774
LyingdownSlowly,135,Lying,Lying,True,0.569,0.0,74.6666
LyingdownSlowly,136,Lying,Lying,True,0.57,0.0,87.2295
LyingdownSlowly,137,Lying,Lying,True,0.582,0.0,78.0099
LyingdownSlowly,138,Lying,Lying,True,0.583,0.0,75.2863
LyingdownSlowly,139,Lying,Lying,True,0.591,0.0,73.0172
LyingdownSlowly,140,Lying,Lying,True,0.59,0.0,84.424
LyingdownSlowly,141,Lying,Lying,True,0.601,0.0,70.372
LyingdownSlowly,142,Lying,Lying,True,0.613,0.0,69.8538
LyingdownSlowly,143,Lying,Lying,True,0.634,0.0,74.4304
LyingdownSlowly,144,Lying,Lying,True,0.666,0.0,71.772
LyingdownSlowly,145,Lying,Lying,True,0.68,0.0,69.6914
LyingdownSlowly,146,Lying,Lying,True,0.705,0.0,67.983
LyingdownSlowly,147,Lying,Lying,True,0.711,0.0,67.9264
LyingdownSlowly,148,Lying,Lying,True,0.724,0.0,86.4222
LyingdownSlowly,149,Lying,Lying,True,0.713,0.0,82.1224
LyingdownSlowly,150,Lying,Lying,True,0.709,0.0,69.9967
LyingdownSlowly,151,Lying,Lying,True,0.714,0.0,70.6088
LyingdownSlowly,152,Lying,Lying,True,0.713,0.0,72.1366
LyingdownSlowly,153,Lying,Lying,True,0.702,0.0,68.6627
LyingdownSlowly,154,Lying,Lying,True,0.698,0.0,88.3306
LyingdownSlowly,155,Lying,Lying,True,0.697,0.0,82.5122
LyingdownSlowly,156,Lying,Lying,True,0.696,0.0,81.4478
LyingdownSlowly,157,Lying,Lying,True,0.698,0.0,103.9845
LyingdownSlowly,158,Lying,Lying,True,0.697,0.0,83.6849
LyingdownSlowly,159,Lying,Lying,True,0.681,0.0,85.391
LyingdownSlowly,160,Lying,Lying,True,0.674,0.0,85.6112
LyingdownSlowly,161,Lying,Lying,True,0.671,0.0,77.1767
LyingdownSlowly,162,Lying,Lying,True,0.671,0.0,87.7101
LyingdownSlowly,163,Lying,Lying,True,0.654,0.0,83.5671
LyingdownSlowly,164,Lying,Lying,True,0.636,0.0,106.8001
LyingdownSlowly,165,Lying,Lying,True,0.645,0.0,134.6943
LyingdownSlowly,166,Lying,Lying,True,0.617,0.0,93.2171
LyingdownSlowly,167,Lying,Lying,True,0.61,0.0,93.8955
LyingdownSlowly,168,Lying,Lying,True,0.607,0.0,88.3782
LyingdownSlowly,169,Lying,Lying,True,0.588,0.0,91.4187
LyingdownSlowly,170,Lying,Lying,True,0.578,0.0,86.4881
LyingdownSlowly,171,Lying,Lying,True,0.571,0.0,86.1335
LyingdownSlowly,172,Lying,Lying,True,0.547,0.0,84.7205
LyingdownSlowly,173,Lying,Lying,True,0.526,0.0,83.2108
LyingdownSlowly,174,Lying,Lying,True,0.545,0.0,90.6629
LyingdownSlowly,175,Lying,Lying,True,0.548,0.0,83.9448
LyingdownSlowly,176,Lying,Lying,True,0.539,0.0,99.7913
LyingdownSlowly,177,Lying,Lying,True,0.527,0.0,91.4848
LyingdownSlowly,178,Lying,Lying,True,0.527,0.0,97.2568
LyingdownSlowly,179,Lying,Lying,True,0.517,0.0,130.1241
LyingdownSlowly,180,Lying,Lying,True,0.532,0.0,127.7381
LyingdownSlowly,181,Lying,Lying,True,0.548,0.0,120.1389
LyingdownSlowly,182,Lying,Lying,True,0.563,0.0,102.8396
LyingdownSlowly,183,Lying,Lying,True,0.568,0.0,103.1784
LyingdownSlowly,184,Lying,Lying,True,0.567,0.0,110.0559
LyingdownSlowly,185,Lying,Lying,True,0.552,0.0,115.2118
LyingdownSlowly,186,Lying,Lying,True,0.514,0.0,112.3456
LyingdownSlowly,187,Lying,Lying,True,0.546,0.0,128.3106
LyingdownSlowly,188,Lying,Lying,True,0.513,0.0,125.5179
LyingdownSlowly,189,Lying,Lying,True,0.551,0.0,104.271
LyingdownSlowly,190,Lying,Lying,True,0.549,0.0,139.5042
LyingdownSlowly,191,Lying,Lying,True,0.534,0.0,119.7995
LyingdownSlowly,192,Lying,Lying,True,0.534,0.0,103.7646
LyingdownSlowly,193,Lying,Lying,True,0.55,0.0,115.2558
LyingdownSlowly,194,Lying,Lying,True,0.545,0.0,122.9723
LyingdownSlowly,195,Lying,Lying,True,0.537,0.0,135.0767
LyingdownSlowly,196,Lying,Lying,True,0.511,0.0,127.6709
LyingdownSlowly,197,Lying,Lying,True,0.539,0.0,124.7731
LyingdownSlowly,198,Lying,Lying,True,0.543,0.0,120.8986
LyingdownSlowly,199,Lying,Lying,True,0.564,0.0,115.5262
LyingdownSlowly,200,Lying,Lying,True,0.566,0.0,137.5024
LyingdownSlowly,201,Lying,Lying,True,0.581,0.0,152.6545
LyingdownSlowly,202,Lying,Lying,True,0.598,0.0,143.1517
LyingdownSlowly,203,Lying,Lying,True,0.606,0.0,124.7682
LyingdownSlowly,204,Lying,Lying,True,0.596,0.0,126.1652
LyingdownSlowly,205,Lying,Lying,True,0.592,0.0,120.7516
LyingdownSlowly,206,Lying,Lying,True,0.604,0.0,158.8553
LyingdownSlowly,207,Lying,Lying,True,0.589,0.0,115.5853
LyingdownSlowly,208,Lying,Lying,True,0.569,0.0,113.1815
LyingdownSlowly,209,Lying,Lying,True,0.587,0.0,135.8911
LyingdownSlowly,210,Lying,Lying,True,0.59,0.0,113.0713
LyingdownSlowly,211,Lying,Lying,True,0.56,0.0,113.2504
LyingdownSlowly,212,Lying,Lying,True,0.589,0.0,114.044
LyingdownSlowly,213,Lying,Lying,True,0.615,0.0,118.6408
LyingdownSlowly,214,Lying,Lying,True,0.632,0.0,122.9334
LyingdownSlowly,215,Lying,Lying,True,0.617,0.0,145.9924
LyingdownSlowly,216,Lying,Lying,True,0.63,0.0,171.8148
LyingdownSlowly,217,Lying,Lying,True,0.638,0.0,133.9222
LyingdownSlowly,218,Lying,Lying,True,0.669,0.0,117.6845
LyingdownSlowly,219,Lying,Lying,True,0.589,0.0,115.1194
LyingdownSlowly,220,Lying,Lying,True,0.636,0.0,124.0163
LyingdownSlowly,221,Lying,Lying,True,0.624,0.0,128.6255
LyingdownSlowly,222,Lying,Lying,True,0.645,0.0,120.3209
LyingdownSlowly,223,Lying,Lying,True,0.633,0.0,146.4126
LyingdownSlowly,224,Lying,Lying,True,0.644,0.0,138.4193
LyingdownSlowly,225,Lying,Lying,True,0.656,0.0,159.4959
LyingdownSlowly,226,Lying,Lying,True,0.667,0.0,168.334
LyingdownSlowly,227,Lying,Lying,True,0.586,0.0,141.5049
LyingdownSlowly,228,Lying,Lying,True,0.62,0.0,165.2371
LyingdownSlowly,229,Lying,Lying,True,0.637,0.0,115.7748
LyingdownSlowly,230,Lying,Lying,True,0.641,0.0,127.6818
LyingdownSlowly,231,Lying,Lying,True,0.621,0.0,122.7947
LyingdownSlowly,232,Lying,Lying,True,0.548,0.0,130.962
LyingdownSlowly,233,Lying,Lying,True,0.61,0.0,125.5933
LyingdownSlowly,234,Lying,Lying,True,0.618,0.0,127.2315
LyingdownSlowly,235,Lying,Lying,True,0.627,0.0,109.6079
LyingdownSlowly,236,,Lying,,0.592,0.0,121.8211
LyingdownSlowly,237,,Lying,,0.635,0.0,150.4233
LyingdownSlowly,238,,Lying,,0.627,0.0,120.3326
LyingdownSlowly,239,,Lying,,0.636,0.0,117.617
LyingdownSlowly,240,,Lying,,0.609,0.0,97.1013
LyingdownSlowly,241,,Lying,,0.626,0.0,87.8941
LyingdownSlowly,242,,Lying,,0.548,0.0,88.2572
LyingdownSlowly,243,,Lying,,0.557,0.0,108.7654
LyingdownSlowly,244,,Lying,,0.552,0.0,99.6332
LyingdownSlowly,245,,Lying,,0.528,0.0,88.7556
LyingdownSlowly,246,,Lying,,0.501,0.0,114.0998
LyingdownSlowly,247,,Lying,,0.523,0.0,94.9869
LyingdownSlowly,248,,Lying,,0.542,0.0,100.1303
LyingdownSlowly,249,,Lying,,0.52,0.0,111.7654
LyingdownSlowly,250,,Lying,,0.542,0.0,103.0758
LyingdownSlowly,251,,Lying,,0.557,0.0,91.4322
LyingdownSlowly,252,,Lying,,0.565,0.0,94.9298
LyingdownSlowly,253,,Lying,,0.613,0.0,102.1771
LyingdownSlowly,254,,Lying,,0.577,0.0,106.1212
LyingdownSlowly,255,,Lying,,0.582,0.0,105.9963
LyingdownSlowly,256,,Lying,,0.59,0.0,114.0248
LyingdownSlowly,257,,Lying,,0.632,0.0,114.579
LyingdownSlowly,258,,Lying,,0.637,0.0,117.5925
LyingdownSlowly,259,,Lying,,0.663,0.0,121.1758
LyingdownSlowly,260,,Lying,,0.719,0.0,111.5027
LyingdownSlowly,261,,Lying,,0.749,0.0,112.0347
LyingdownSlowly,262,,Lying,,0.784,0.0,103.3941
LyingdownSlowly,263,,Lying,,0.807,0.0,93.2287
LyingdownSlowly,264,,Lying,,0.83,0.0,107.5548
LyingdownSlowly,265,,Lying,,0.854,0.0,87.0436
LyingdownSlowly,266,,Lying,,0.862,0.0,79.6196
LyingdownSlowly,267,,Lying,,0.874,0.0,81.0726
LyingdownSlowly,268,,Lying,,0.886,0.0,98.8846
LyingdownSlowly,269,,Lying,,0.9,0.0,96.9976
LyingdownSlowly,270,,Lying,,0.907,0.0,139.9624
LyingdownSlowly,271,,Lying,,0.917,0.0,113.4406
LyingdownSlowly,272,,Lying,,0.925,0.0,140.137
LyingdownSlowly,273,,Lying,,0.931,0.0,125.6516
LyingdownSlowly,274,,Lying,,0.939,0.0,227.5415
LyingdownSlowly,275,,Lying,,0.945,0.0,135.0183
LyingdownSlowly,276,,Lying,,0.951,0.0,132.2766
LyingdownSlowly,277,,Lying,,0.961,0.0,117.7363
LyingdownSlowly,278,,Lying,,0.967,0.0,104.4575
LyingdownSlowly,279,,Lying,,0.97,0.0,121.9187
LyingdownSlowly,280,,Lying,,0.973,0.0,141.7509
LyingdownSlowly,281,,Lying,,0.974,0.0,124.1858
LyingdownSlowly,282,,Lying,,0.975,0.0,118.927
LyingdownSlowly,283,,Lying,,0.974,0.0,113.2351
LyingdownSlowly,284,,Lying,,0.976,0.0,150.2704
LyingdownSlowly,285,,Lying,,0.973,0.0,142.605
LyingdownSlowly,286,,Lying,,0.97,0.0,115.925
LyingdownSlowly,287,,Lying,,0.965,0.0,137.2984
LyingdownSlowly,288,,Lying,,0.961,0.0,128.4387
LyingdownSlowly,289,,Lying,,0.967,0.0,113.0495
LyingdownSlowly,290,,Lying,,0.966,0.0,148.6189
LyingdownSlowly,291,,Lying,,0.962,0.0,108.6258
LyingdownSlowly,292,,Lying,,0.956,0.0,136.9616
LyingdownSlowly,293,,Lying,,0.951,0.0,127.8615
LyingdownSlowly,294,,Lying,,0.94,0.0,134.9509
LyingdownSlowly,295,,Lying,,0.939,0.0,111.4912
LyingdownSlowly,296,,Lying,,0.933,0.0,128.6556
LyingdownSlowly,297,,Lying,,0.93,0.0,132.7539
LyingdownSlowly,298,,Lying,,0.932,0.0,129.138
LyingdownSlowly,299,,Lying,,0.928,0.0,143.1614
LyingdownSlowly,300,,Lying,,0.926,0.0,102.1693
LyingdownSlowly,301,,Lying,,0.924,0.0,91.4887
LyingdownSlowly,302,,Lying,,0.923,0.0,101.9287
LyingdownSlowly,303,,Lying,,0.925,0.0,90.9037
LyingdownSlowly,304,,Lying,,0.929,0.0,90.5852
LyingdownSlowly,305,,Lying,,0.915,0.0,79.8911
LyingdownSlowly,306,,Lying,,0.912,0.0,84.8983
LyingdownSlowly,307,,Lying,,0.913,0.0,94.9244
LyingdownSlowly,308,,Lying,,0.909,0.0,106.2837
LyingdownSlowly,309,,Lying,,0.903,0.0,103.15
LyingdownSlowly,310,,Lying,,0.892,0.0,104.4717
LyingdownSlowly,311,,Lying,,0.895,0.0,153.9257
LyingdownSlowly,312,,Lying,,0.893,0.0,125.3278
LyingdownSlowly,313,,Lying,,0.903,0.0,103.6379
LyingdownSlowly,314,,Lying,,0.9,0.0,92.0451
LyingdownSlowly,315,,Lying,,0.893,0.0,91.1856
LyingdownSlowly,316,,Lying,,0.902,0.0,90.0671
LyingdownSlowly,317,,Lying,,0.917,0.0,109.6819
LyingdownSlowly,318,,Lying,,0.917,0.0,117.61
LyingdownSlowly,319,,Lying,,0.921,0.0,115.8839
LyingdownSlowly,320,,Lying,,0.913,0.0,110.4871
LyingdownSlowly,321,,Lying,,0.924,0.0,142.3459
LyingdownSlowly,322,,Lying,,0.932,0.0,123.0127
LyingdownSlowly,323,,Lying,,0.939,0.0,126.6944
LyingdownSlowly,324,,Lying,,0.943,0.0,142.0826
LyingdownSlowly,325,,Lying,,0.939,0.0,147.1665
LyingdownSlowly,326,,Lying,,0.936,0.0,112.6619
LyingdownSlowly,327,,Lying,,0.93,0.0,104.3979
LyingdownSlowly,328,,Lying,,0.926,0.0,90.2927
LyingdownSlowly,329,,Lying,,0.928,0.0,103.8793
LyingdownSlowly,330,,Lying,,0.919,0.0,135.5524
LyingdownSlowly,331,,Lying,,0.916,0.0,89.685
LyingdownSlowly,332,,Lying,,0.914,0.0,86.536
LyingdownSlowly,333,,Lying,,0.914,0.0,91.4097
LyingdownSlowly,334,,Lying,,0.924,0.0,91.4326
LyingdownSlowly,335,,Lying,,0.933,0.0,101.6873
LyingdownSlowly,336,,Lying,,0.935,0.0,120.8716
LyingdownSlowly,337,,Lying,,0.949,0.0,113.8719
LyingdownSlowly,338,,Lying,,0.95,0.0,87.564
LyingdownSlowly,339,,Lying,,0.938,0.0,88.2084
LyingdownSlowly,340,,Lying,,0.925,0.0,87.0082
LyingdownSlowly,341,,Lying,,0.932,0.0,85.4617
LyingdownSlowly,342,,Lying,,0.917,0.0,134.3076
LyingdownSlowly,343,,Lying,,0.917,0.0,96.2677
LyingdownSlowly,344,,Lying,,0.9,0.0,102.7056
LyingdownSlowly,345,,Lying,,0.893,0.0,105.2881
LyingdownSlowly,346,,Lying,,0.891,0.0,116.49
LyingdownSlowly,347,,Lying,,0.876,0.0,129.9945
LyingdownSlowly,348,,Lying,,0.844,0.0,123.3396
LyingdownSlowly,349,,Lying,,0.842,0.0,118.5737
LyingdownSlowly,350,,Lying,,0.825,0.0,94.1382
LyingdownSlowly,351,,Lying,,0.792,0.0,107.877
LyingdownSlowly,352,,Lying,,0.781,0.0,118.2241
LyingdownSlowly,353,,Lying,,0.749,0.0,99.7153
LyingdownSlowly,354,,Lying,,0.704,0.0,110.5403
LyingdownSlowly,355,,Lying,,0.658,0.0,101.8966
LyingdownSlowly,356,,Lying,,0.622,0.0,89.178
LyingdownSlowly,357,,Lying,,0.563,0.0,86.3405
LyingdownSlowly,358,,Lying,,0.511,0.0,85.6796
LyingdownSlowly,359,,Standing,,0.514,0.0,88.4091
LyingdownSlowly,360,,Standing,,0.524,0.0,90.4998
LyingdownSlowly,361,,Standing,,0.576,0.0,81.9107
LyingdownSlowly,362,,Standing,,0.666,0.0,86.3409
LyingdownSlowly,363,,Standing,,0.734,0.0,95.9041
LyingdownSlowly,364,,Standing,,0.81,0.0,92.9655
LyingdownSlowly,365,,Standing,,0.851,0.0,89.4472
LyingdownSlowly,366,,Standing,,0.883,0.0,96.2192
LyingdownSlowly,367,,Standing,,0.91,0.0,97.3275
LyingdownSlowly,368,,Standing,,0.92,0.0,86.8327
LyingdownSlowly,369,,Standing,,0.939,0.0,82.8609
LyingdownSlowly,370,,Standing,,0.951,0.0,87.4632
LyingdownSlowly,371,,Standing,,0.962,0.0,85.2894
LyingdownSlowly,372,,Standing,,0.969,0.0,94.1253
LyingdownSlowly,373,,Standing,,0.966,0.0,85.2843
LyingdownSlowly,374,,Standing,,0.968,0.0,95.219
LyingdownSlowly,375,,Standing,,0.974,0.0,101.2268
LyingdownSlowly,376,,Standing,,0.983,0.0,127.1896
LyingdownSlowly,377,,Standing,,0.985,0.0,142.3236
LyingdownSlowly,378,,Standing,,0.986,0.0,141.3505
LyingdownSlowly,379,,Standing,,0.986,0.0,148.9034
LyingdownSlowly,380,,Standing,,0.987,0.0,138.5771
LyingdownSlowly,381,,Standing,,0.986,0.0,140.6977
Moving_in_out_frame,31,Standing,Standing,True,0.994,0.0,133.3414
Moving_in_out_frame,32,Standing,Standing,True,0.994,0.0,123.8655
Moving_in_out_frame,33,Standing,Standing,True,0.994,0.0,133.7384
Moving_in_out_frame,34,Standing,Standing,True,0.993,0.0,137.1735
Moving_in_out_frame,35,Standing,Standing,True,0.993,0.0,122.1222
Moving_in_out_frame,36,Standing,Standing,True,0.993,0.0,105.5665
Moving_in_out_frame,37,Standing,Standing,True,0.992,0.0,101.5794
Moving_in_out_frame,38,Standing,Standing,True,0.992,0.0,107.223
Moving_in_out_frame,39,Standing,Standing,True,0.992,0.0,113.2971
Moving_in_out_frame,40,Standing,Standing,True,0.991,0.0,108.5518
Moving_in_out_frame,41,Standing,Standing,True,0.991,0.0,105.8559
Moving_in_out_frame,42,Standing,Standing,True,0.991,0.0,123.6751
Moving_in_out_frame,43,Standing,Standing,True,0.991,0.0,92.818
Moving_in_out_frame,44,Standing,Standing,True,0.991,0.0,93.0244
Moving_in_out_frame,45,Standing,Standing,True,0.991,0.0,101.8208
Moving_in_out_frame,46,Standing,Standing,True,0.991,0.0,87.3101
Moving_in_out_frame,47,Standing,Standing,True,0.991,0.0,92.9321
Moving_in_out_frame,48,Standing,Standing,True,0.991,0.0,94.1827
Moving_in_out_frame,49,Standing,Standing,True,0.991,0.0,83.8058
Moving_in_out_frame,50,Standing,Standing,True,0.991,0.0,77.0453
Moving_in_out_frame,51,Standing,Standing,True,0.991,0.0,77.4131
Moving_in_out_frame,52,Standing,Standing,True,0.991,0.0,81.168
Moving_in_out_frame,53,Standing,Standing,True,0.99,0.0,88.2808
Moving_in_out_frame,54,Standing,Standing,True,0.99,0.0,143.1952
Moving_in_out_frame,55,Standing,Standing,True,0.99,0.0,95.4698
Moving_in_out_frame,56,Standing,Standing,True,0.99,0.0,78.1214
Moving_in_out_frame,57,Standing,Standing,True,0.99,0.0,82.9731
Moving_in_out_frame,58,Standing,Standing,True,0.99,0.0,77.0611
Moving_in_out_frame,59,Not in frame,Standing,False,0.989,0.0,72.7266
Moving_in_out_frame,60,Not in frame,Standing,False,0.988,0.0,76.6647
Moving_in_out_frame,61,Not in frame,Standing,False,0.987,0.0,96.5685
Moving_in_out_frame,62,Not in frame,Standing,False,0.985,0.0,75.9618
Moving_in_out_frame,63,Not in frame,Standing,False,0.982,0.0,79.8889
Moving_in_out_frame,64,Not in frame,Standing,False,0.979,0.0,77.9152
Moving_in_out_frame,65,Not in frame,Standing,False,0.975,0.0,70.4995
Moving_in_out_frame,66,Not in frame,Standing,False,0.97,0.0,73.9574
Moving_in_out_frame,67,Not in frame,Standing,False,0.962,0.0,76.0882
Moving_in_out_frame,68,Not in frame,Standing,False,0.954,0.0,69.3226
Moving_in_out_frame,69,Not in frame,Standing,False,0.945,0.0,67.3532
Moving_in_out_frame,70,Not in frame,Standing,False,0.93,0.0,67.6375
Moving_in_out_frame,71,Not in frame,Standing,False,0.916,1.0,67.7898
Moving_in_out_frame,72,Not in frame,Standing,False,0.912,1.0,65.9078
Moving_in_out_frame,73,Not in frame,Standing,False,0.896,1.0,67.0012
Moving_in_out_frame,74,Not in frame,Standing,False,0.88,1.0,94.1625
Moving_in_out_frame,75,Not in frame,Standing,False,0.863,1.0,97.8175
Moving_in_out_frame,76,Not in frame,Standing,False,0.823,0.0,78.4284
Moving_in_out_frame,77,Not in frame,Standing,False,0.77,0.0,78.9299
Moving_in_out_frame,78,Not in frame,Standing,False,0.704,0.0,72.4446
Moving_in_out_frame,79,Not in frame,Standing,False,0.632,0.0,69.0321
Moving_in_out_frame,80,Not in frame,Standing,False,0.516,0.0,76.7649
Moving_in_out_frame,81,Not in frame,Standing,False,0.413,0.0,95.6682
Moving_in_out_frame,82,Not in frame,Lying,False,0.405,0.0,72.3716
Moving_in_out_frame,83,Not in frame,Lying,False,0.522,0.0,73.2557
Moving_in_out_frame,84,Not in frame,Lying,False,0.658,0.0,67.3072
Moving_in_out_frame,85,Not in frame,Lying,False,0.75,0.0,69.579
Moving_in_out_frame,86,Not in frame,Lying,False,0.792,0.0,72.3307
Moving_in_out_frame,87,Not in frame,Lying,False,0.821,0.0,73.3169
Moving_in_out_frame,88,Not in frame,Lying,False,0.875,0.0,69.5413
Moving_in_out_frame,89,Not in frame,Lying,False,0.891,0.0,70.3874
Moving_in_out_frame,90,Not in frame,Lying,False,0.907,0.0,71.2558
Moving_in_out_frame,91,Not in frame,Lying,False,0.93,0.0,70.0545
Moving_in_out_frame,92,Not in frame,Lying,False,0.945,0.0,68.7912
Moving_in_out_frame,93,Not in frame,Lying,False,0.956,0.0,69.1066
Moving_in_out_frame,94,Not in frame,Lying,False,0.949,0.0,76.1998
Moving_in_out_frame,95,Not in frame,Lying,False,0.965,0.0,69.8099
Moving_in_out_frame,96,Not in frame,Lying,False,0.974,0.0,69.0448
Moving_in_out_frame,97,Not in frame,Lying,False,0.98,0.0,67.4683
Moving_in_out_frame,98,Not in frame,Lying,False,0.988,0.0,66.3401
Moving_in_out_frame,99,Not in frame,Lying,False,0.991,0.0,68.2769
Moving_in_out_frame,100,Not in frame,Lying,False,0.995,0.0,66.4985
Moving_in_out_frame,101,Not in frame,Lying,False,0.995,0.0,73.2689
Moving_in_out_frame,102,Not in frame,Lying,False,0.995,0.0,95.3002
Moving_in_out_frame,103,Not in frame,Lying,False,0.993,0.0,89.1976
Moving_in_out_frame,104,Not in frame,Lying,False,0.993,0.0,84.7559
Moving_in_out_frame,105,Not in frame,Lying,False,0.994,0.0,91.9654
Moving_in_out_frame,106,Not in frame,Lying,False,0.993,0.0,96.0769
Moving_in_out_frame,107,Not in frame,Lying,False,0.994,0.0,111.0074
Moving_in_out_frame,108,Not in frame,Lying,False,0.993,0.0,115.6505
Moving_in_out_frame,109,Not in frame,Lying,False,0.994,0.0,112.1935
Moving_in_out_frame,110,Not in frame,Lying,False,0.995,0.0,109.9741
Moving_in_out_frame,111,Not in frame,Lying,False,0.994,0.0,96.5845
Moving_in_out_frame,112,Not in frame,Lying,False,0.992,0.0,103.7685
Moving_in_out_frame,113,Not in frame,Lying,False,0.993,0.0,110.0753
Moving_in_out_frame,114,Not in frame,Lying,False,0.992,0.0,92.1978
Moving_in_out_frame,115,Not in frame,Lying,False,0.993,0.0,89.7022
Moving_in_out_frame,116,Not in frame,Lying,False,0.994,0.0,86.1348
Moving_in_out_frame,117,Standing,Lying,False,0.993,0.0,88.1299
Moving_in_out_frame,118,Standing,Lying,False,0.993,0.0,123.9106
Moving_in_out_frame,119,Standing,Lying,False,0.994,0.0,119.2261
Moving_in_out_frame,120,Standing,Lying,False,0.994,0.0,108.4398
Moving_in_out_frame,121,Standing,Lying,False,0.993,0.0,130.4236
Moving_in_out_frame,122,Standing,Lying,False,0.993,0.0,142.2994
Moving_in_out_frame,123,Standing,Lying,False,0.994,0.0,223.2894
Moving_in_out_frame,124,Standing,Lying,False,0.995,0.0,146.2361
Moving_in_out_frame,125,Standing,Lying,False,0.995,0.0,118.6221
Moving_in_out_frame,126,Standing,Lying,False,0.996,0.0,409.3263
Moving_in_out_frame,127,Standing,Lying,False,0.996,0.0,125.5452
Moving_in_out_frame,128,Standing,Lying,False,0.996,0.0,137.9632
Moving_in_out_frame,129,Standing,Lying,False,0.996,0.0,106.6597
Moving_in_out_frame,130,Standing,Lying,False,0.995,0.0,114.7861
Moving_in_out_frame,131,Standing,Lying,False,0.995,0.0,112.2802
Moving_in_out_frame,132,Standing,Lying,False,0.995,0.0,114.4173
Moving_in_out_frame,133,Standing,Lying,False,0.994,0.0,126.5498
Moving_in_out_frame,134,Standing,Lying,False,0.994,0.0,104.8949
Moving_in_out_frame,135,Standing,Lying,False,0.994,0.0,118.8627
Moving_in_out_frame,136,Standing,Lying,False,0.993,0.0,107.5961
Moving_in_out_frame,137,Standing,Lying,False,0.993,0.0,100.5232
Moving_in_out_frame,138,Standing,Lying,False,0.995,0.0,109.3118
Moving_in_out_frame,139,Standing,Lying,False,0.995,0.0,110.3055
Moving_in_out_frame,140,Standing,Lying,False,0.995,0.0,104.0246
Moving_in_out_frame,141,Standing,Lying,False,0.995,0.0,116.3386
Moving_in_out_frame,142,Standing,Lying,False,0.995,0.0,128.5077
Moving_in_out_frame,143,Standing,Lying,False,0.996,0.0,106.7936
Moving_in_out_frame,144,Standing,Lying,False,0.995,0.0,106.1657
Moving_in_out_frame,145,Standing,Lying,False,0.995,0.0,122.9791
Moving_in_out_frame,146,Standing,Lying,False,0.996,0.0,115.206
Moving_in_out_frame,147,Standing,Lying,False,0.995,0.0,104.2444
Moving_in_out_frame,148,Standing,Lying,False,0.995,0.0,93.4775
Moving_in_out_frame,149,Standing,Lying,False,0.995,0.0,119.6895
Moving_in_out_frame,150,Standing,Lying,False,0.995,0.0,96.4635
Moving_in_out_frame,151,Standing,Lying,False,0.995,0.0,104.9274
Moving_in_out_frame,152,Standing,Lying,False,0.993,0.0,106.4159
Moving_in_out_frame,153,Standing,Lying,False,0.993,0.0,120.9668
Moving_in_out_frame,154,Standing,Lying,False,0.994,0.0,138.5118
Moving_in_out_frame,155,Standing,Lying,False,0.995,0.0,172.7303
Moving_in_out_frame,156,Standing,Lying,False,0.995,0.0,197.1761
Moving_in_out_frame,157,Standing,Lying,False,0.994,0.0,127.2134
Moving_in_out_frame,158,Standing,Lying,False,0.994,0.0,121.1195
Moving_in_out_frame,159,Standing,Lying,False,0.995,0.0,105.8461
Moving_in_out_frame,160,Standing,Lying,False,0.996,0.0,117.9726
Moving_in_out_frame,161,Standing,Lying,False,0.996,0.0,115.2915
Moving_in_out_frame,162,Standing,Lying,False,0.996,0.0,109.1922
Moving_in_out_frame,163,Standing,Lying,False,0.996,0.0,118.1958
Moving_in_out_frame,164,Standing,Lying,False,0.996,0.0,102.7162
Moving_in_out_frame,165,Standing,Lying,False,0.996,0.0,119.643
Moving_in_out_frame,166,Standing,Lying,False,0.995,0.0,123.4396
Moving_in_out_frame,167,Standing,Lying,False,0.994,1.0,101.9993
Moving_in_out_frame,168,Standing,Lying,False,0.994,0.0,114.0813
Moving_in_out_frame,169,Standing,Lying,False,0.994,0.0,161.5424
Moving_in_out_frame,170,Standing,Lying,False,0.99,0.0,140.1307
Moving_in_out_frame,171,Standing,Lying,False,0.99,0.0,117.0117
Moving_in_out_frame,172,Standing,Lying,False,0.992,0.0,239.7187
Moving_in_out_frame,173,Standing,Lying,False,0.994,0.0,133.4725
Moving_in_out_frame,174,Standing,Lying,False,0.993,0.0,112.9173
Moving_in_out_frame,175,Standing,Lying,False,0.992,0.0,132.6269
Moving_in_out_frame,176,Standing,Lying,False,0.99,0.0,114.4875
Moving_in_out_frame,177,Standing,Lying,False,0.987,0.0,148.9467
Moving_in_out_frame,178,Standing,Lying,False,0.985,0.0,140.131
Moving_in_out_frame,179,Standing,Lying,False,0.975,0.0,116.6999
Moving_in_out_frame,180,Standing,Lying,False,0.958,0.0,131.528
Moving_in_out_frame,181,Standing,Lying,False,0.941,0.0,121.9709
Moving_in_out_frame,182,Standing,Lying,False,0.888,0.0,135.4623
Moving_in_out_frame,183,Standing,Lying,False,0.807,0.0,124.9829
Moving_in_out_frame,184,Standing,Lying,False,0.729,0.0,169.3087
Moving_in_out_frame,185,Standing,Lying,False,0.59,0.0,147.7991
Moving_in_out_frame,186,Standing,Standing,True,0.486,0.0,173.3511
Moving_in_out_frame,187,Standing,Standing,True,0.586,0.0,151.3709
Moving_in_out_frame,188,Standing,Standing,True,0.73,0.0,152.3771
Moving_in_out_frame,189,Standing,Standing,True,0.836,0.0,133.3166
Moving_in_out_frame,190,Standing,Standing,True,0.893,0.0,134.0272
Moving_in_out_frame,191,Standing,Standing,True,0.939,0.0,123.0071
Moving_in_out_frame,192,Standing,Standing,True,0.963,0.0,124.4415
Moving_in_out_frame,193,Standing,Standing,True,0.976,0.0,120.9094
Moving_in_out_frame,194,Standing,Standing,True,0.986,0.0,117.1913
Moving_in_out_frame,195,Standing,Standing,True,0.99,0.0,136.7333
Moving_in_out_frame,196,Standing,Standing,True,0.992,0.0,135.2353
Moving_in_out_frame,197,Standing,Standing,True,0.994,0.0,113.5137
Moving_in_out_frame,198,Standing,Standing,True,0.994,0.0,149.598
Moving_in_out_frame,199,Standing,Standing,True,0.994,0.0,151.6217
Moving_in_out_frame,200,Standing,Standing,True,0.994,0.0,136.8389
Moving_in_out_frame,201,Standing,Standing,True,0.994,0.0,143.5748
Moving_in_out_frame,202,Standing,Standing,True,0.995,0.0,138.5506
Moving_in_out_frame,203,Standing,Standing,True,0.995,0.0,126.6738
Moving_in_out_frame,204,Standing,Standing,True,0.995,0.0,132.8405
Moving_in_out_frame,205,Standing,Standing,True,0.995,0.0,142.0491
Moving_in_out_frame,206,,Standing,,0.995,0.0,181.5982
Moving_in_out_frame,207,,Standing,,0.995,0.0,131.8695
Moving_in_out_frame,208,,Standing,,0.995,0.0,172.841
Moving_in_out_frame,209,,Standing,,0.995,0.0,159.6145
Moving_in_out_frame,210,,Standing,,0.995,0.0,135.4985
Moving_in_out_frame_withFall,31,Standing,Standing,True,0.969,1.0,122.2197
Moving_in_out_frame_withFall,32,Standing,Standing,True,0.96,1.0,156.2754
Moving_in_out_frame_withFall,33,Standing,Standing,True,0.95,1.0,124.4493
Moving_in_out_frame_withFall,34,Standing,Standing,True,0.952,1.0,220.8015
Moving_in_out_frame_withFall,35,Standing,Standing,True,0.937,1.0,125.0112
Moving_in_out_frame_withFall,36,Standing,Standing,True,0.926,1.0,120.6158
Moving_in_out_frame_withFall,37,Standing,Standing,True,0.902,1.0,113.9242
Moving_in_out_frame_withFall,38,Standing,Standing,True,0.882,1.0,113.2918
Moving_in_out_frame_withFall,39,Standing,Standing,True,0.872,1.0,122.5463
Moving_in_out_frame_withFall,40,Standing,Standing,True,0.863,1.0,99.2578
Moving_in_out_frame_withFall,41,Standing,Standing,True,0.848,1.0,109.9641
Moving_in_out_frame_withFall,42,Standing,Standing,True,0.834,1.0,130.672
Moving_in_out_frame_withFall,43,Standing,Standing,True,0.804,1.0,138.3557
Moving_in_out_frame_withFall,44,Standing,Standing,True,0.762,1.0,152.0579
Moving_in_out_frame_withFall,45,Standing,Standing,True,0.695,1.0,131.5488
Moving_in_out_frame_withFall,46,Standing,Standing,True,0.62,1.0,116.6779
Moving_in_out_frame_withFall,47,Standing,Standing,True,0.597,1.0,113.4574
Moving_in_out_frame_withFall,48,Standing,Standing,True,0.542,1.0,114.629
Moving_in_out_frame_withFall,49,Standing,Standing,True,0.46,1.0,170.9445
Moving_in_out_frame_withFall,50,Not in frame,Standing,False,0.404,1.0,113.8619
Moving_in_out_frame_withFall,51,Not in frame,Lying,False,0.405,1.0,100.7557
Moving_in_out_frame_withFall,52,Not in frame,Lying,False,0.4,1.0,96.4783
Moving_in_out_frame_withFall,53,Not in frame,Lying,False,0.401,1.0,107.008
Moving_in_out_frame_withFall,54,Not in frame,Unknown,False,0.409,1.0,107.0408
Moving_in_out_frame_withFall,55,Not in frame,Unknown,False,0.482,1.0,93.4229
Moving_in_out_frame_withFall,56,Not in frame,Unknown,False,0.52,1.0,108.4363
Moving_in_out_frame_withFall,57,Not in frame,Unknown,False,0.564,1.0,132.6564
Moving_in_out_frame_withFall,58,Not in frame,Unknown,False,0.648,1.0,127.1309
Moving_in_out_frame_withFall,59,Not in frame,Unknown,False,0.639,1.0,130.722
Moving_in_out_frame_withFall,60,Not in frame,Unknown,False,0.642,1.0,122.5322
Moving_in_out_frame_withFall,61,Not in frame,Unknown,False,0.642,1.0,123.4753
Moving_in_out_frame_withFall,62,Not in frame,Unknown,False,0.642,1.0,151.4183
Moving_in_out_frame_withFall,63,Not in frame,Unknown,False,0.642,1.0,121.3469
Moving_in_out_frame_withFall,64,Not in frame,Unknown,False,0.642,1.0,153.3185
Moving_in_out_frame_withFall,65,Not in frame,Unknown,False,0.642,1.0,124.443
Moving_in_out_frame_withFall,66,Not in frame,Unknown,False,0.642,1.0,135.1061
Moving_in_out_frame_withFall,67,Not in frame,Unknown,False,0.642,1.0,165.8748
Moving_in_out_frame_withFall,68,Not in frame,Unknown,False,0.642,1.0,130.3504
Moving_in_out_frame_withFall,69,Not in frame,Unknown,False,0.642,1.0,129.1331
Moving_in_out_frame_withFall,70,Not in frame,Unknown,False,0.642,1.0,104.2716
Moving_in_out_frame_withFall,71,Not in frame,Unknown,False,0.642,1.0,88.3213
Moving_in_out_frame_withFall,72,Not in frame,Unknown,False,0.642,1.0,98.8075
Moving_in_out_frame_withFall,73,Not in frame,Unknown,False,0.642,1.0,102.4112
Moving_in_out_frame_withFall,74,Not in frame,Unknown,False,0.642,1.0,106.2737
Moving_in_out_frame_withFall,75,Not in frame,Unknown,False,0.642,1.0,84.6688
Moving_in_out_frame_withFall,76,Not in frame,Unknown,False,0.642,1.0,87.0336
Moving_in_out_frame_withFall,77,Not in frame,Unknown,False,0.642,1.0,100.7392
Moving_in_out_frame_withFall,78,Not in frame,Unknown,False,0.642,1.0,95.2314
Moving_in_out_frame_withFall,79,Not in frame,Unknown,False,0.642,1.0,89.4064
Moving_in_out_frame_withFall,80,Not in frame,Unknown,False,0.642,1.0,83.7256
Moving_in_out_frame_withFall,81,Not in frame,Unknown,False,0.642,1.0,86.9499
Moving_in_out_frame_withFall,82,Not in frame,Unknown,False,0.642,1.0,103.9367
Moving_in_out_frame_withFall,83,Not in frame,Unknown,False,0.642,1.0,106.7965
Moving_in_out_frame_withFall,84,Not in frame,Unknown,False,0.642,1.0,96.403
Moving_in_out_frame_withFall,85,Not in frame,Unknown,False,0.642,1.0,89.5333
Moving_in_out_frame_withFall,86,,Unknown,,0.642,1.0,93.4517
Moving_in_out_frame_withFall,87,,Unknown,,0.642,1.0,109.2821
Moving_in_out_frame_withFall,88,Standing,Unknown,False,0.642,1.0,93.6939
Moving_in_out_frame_withFall,89,Standing,Unknown,False,0.642,1.0,101.0008
Moving_in_out_frame_withFall,90,Standing,Unknown,False,0.642,1.0,80.1793
Moving_in_out_frame_withFall,91,Standing,Unknown,False,0.642,1.0,89.9938
Moving_in_out_frame_withFall,92,Standing,Unknown,False,0.642,1.0,79.6119
Moving_in_out_frame_withFall,93,Standing,Unknown,False,0.642,1.0,120.884
Moving_in_out_frame_withFall,94,Standing,Unknown,False,0.642,1.0,99.9134
Moving_in_out_frame_withFall,95,Standing,Unknown,False,0.642,1.0,123.9754
Moving_in_out_frame_withFall,96,Standing,Unknown,False,0.642,1.0,140.7826
Moving_in_out_frame_withFall,97,Standing,Unknown,False,0.642,1.0,119.0878
Moving_in_out_frame_withFall,98,Standing,Unknown,False,0.642,1.0,115.5948
Moving_in_out_frame_withFall,99,Standing,Unknown,False,0.642,1.0,134.4581
Moving_in_out_frame_withFall,100,Standing,Unknown,False,0.642,1.0,153.9907
Moving_in_out_frame_withFall,101,Standing,Unknown,False,0.642,1.0,248.9456
Moving_in_out_frame_withFall,102,Standing,Unknown,False,0.642,1.0,101.1982
Moving_in_out_frame_withFall,103,Standing,Unknown,False,0.642,1.0,98.0326
Moving_in_out_frame_withFall,104,Standing,Unknown,False,0.635,0.0,109.5081
Moving_in_out_frame_withFall,105,Standing,Unknown,False,0.617,0.0,115.4013
Moving_in_out_frame_withFall,106,Standing,Unknown,False,0.594,0.0,103.6311
Moving_in_out_frame_withFall,107,Standing,Unknown,False,0.565,0.0,89.2549
Moving_in_out_frame_withFall,108,Standing,Unknown,False,0.529,0.0,95.5915
Moving_in_out_frame_withFall,109,,Unknown,,0.492,0.0,88.98
Moving_in_out_frame_withFall,110,,Unknown,,0.444,0.0,99.4403
Moving_in_out_frame_withFall,111,,Lying,,0.389,0.0,85.5183
Moving_in_out_frame_withFall,112,,Lying,,0.374,0.0,89.4167
Moving_in_out_frame_withFall,113,,Standing,,0.382,0.0,85.7392
Moving_in_out_frame_withFall,114,,Standing,,0.473,0.0,95.9425
Moving_in_out_frame_withFall,115,,Standing,,0.557,0.0,82.4373
Moving_in_out_frame_withFall,116,,Standing,,0.642,0.0,96.6341
Moving_in_out_frame_withFall,117,,Standing,,0.717,0.0,96.6367
Moving_in_out_frame_withFall,118,,Standing,,0.78,0.0,92.75
Moving_in_out_frame_withFall,119,,Standing,,0.826,0.0,117.3254
Moving_in_out_frame_withFall,120,,Standing,,0.864,0.0,116.3606
Moving_in_out_frame_withFall,121,,Standing,,0.892,0.0,113.4448
Moving_in_out_frame_withFall,122,,Standing,,0.916,0.0,117.6712
Moving_in_out_frame_withFall,123,,Standing,,0.934,0.0,95.9657
Moving_in_out_frame_withFall,124,,Standing,,0.95,0.0,96.6695
Moving_in_out_frame_withFall,125,,Standing,,0.962,0.0,106.3772
Moving_in_out_frame_withFall,126,,Standing,,0.97,0.0,179.4934
Moving_in_out_frame_withFall,127,,Standing,,0.976,0.0,157.0719
Moving_in_out_frame_withFall,128,,Standing,,0.981,0.0,134.6987
Moving_in_out_frame_withFall,129,,Standing,,0.985,0.0,143.9775
Moving_in_out_frame_withFall,130,,Standing,,0.988,0.0,139.6391
Moving_in_out_frame_withFall,131,,Standing,,0.99,0.0,142.5793
Moving_in_out_frame_withFall,132,,Standing,,0.991,0.0,148.8368
Moving_in_out_frame_withFall,133,,Standing,,0.992,0.0,158.2249
Moving_in_out_frame_withFall,134,,Standing,,0.993,0.0,122.6746
Moving_in_out_frame_withFall,135,,Standing,,0.992,0.0,131.9101
Moving_in_out_frame_withFall,136,,Standing,,0.992,0.0,158.2768
Moving_in_out_frame_withFall,137,,Standing,,0.993,0.0,176.4222
Moving_in_out_frame_withFall,138,,Standing,,0.992,0.0,145.3468
Moving_in_out_frame_withFall,139,,Standing,,0.991,0.0,124.7271
Moving_in_out_frame_withFall,140,,Standing,,0.991,0.0,236.3117
Moving_in_out_frame_withFall,141,,Standing,,0.99,0.0,202.9367
Moving_in_out_frame_withFall,142,,Standing,,0.989,0.0,229.4713
Moving_in_out_frame_withFall,143,,Standing,,0.987,0.0,138.6974
Moving_in_out_frame_withFall,144,,Standing,,0.985,0.0,109.0141
Moving_in_out_frame_withFall,145,,Standing,,0.981,0.0,105.3277
Moving_in_out_frame_withFall,146,Lying,Standing,False,0.976,0.0,92.1891
Moving_in_out_frame_withFall,147,Lying,Standing,False,0.969,0.0,101.46
Moving_in_out_frame_withFall,148,Lying,Standing,False,0.958,0.0,105.6397
Moving_in_out_frame_withFall,149,Lying,Standing,False,0.953,1.0,118.2333
Moving_in_out_frame_withFall,150,Lying,Standing,False,0.934,0.0,109.7063
Moving_in_out_frame_withFall,151,Lying,Standing,False,0.921,0.0,92.5277
Moving_in_out_frame_withFall,152,Lying,Standing,False,0.882,0.0,86.3219
Moving_in_out_frame_withFall,153,Lying,Standing,False,0.829,0.0,133.8078
Moving_in_out_frame_withFall,154,Lying,Standing,False,0.724,0.0,111.2403
Moving_in_out_frame_withFall,155,Lying,Standing,False,0.593,0.0,104.0981
Moving_in_out_frame_withFall,156,Lying,Sitting,False,0.566,0.0,94.5555
Moving_in_out_frame_withFall,157,Lying,Sitting,False,0.609,0.0,89.5812
Moving_in_out_frame_withFall,158,Lying,Sitting,False,0.754,0.0,95.1766
Moving_in_out_frame_withFall,159,Lying,Sitting,False,0.796,0.0,79.9743
Moving_in_out_frame_withFall,160,Lying,Sitting,False,0.846,0.0,80.212
Moving_in_out_frame_withFall,161,Lying,Sitting,False,0.871,1.0,82.9375
Moving_in_out_frame_withFall,162,Lying,Sitting,False,0.917,1.0,83.5076
Moving_in_out_frame_withFall,163,Lying,Sitting,False,0.933,1.0,99.0989
Moving_in_out_frame_withFall,164,Lying,Sitting,False,0.945,1.0,102.6778
Moving_in_out_frame_withFall,165,Lying,Sitting,False,0.937,1.0,102.494
Moving_in_out_frame_withFall,166,Lying,Sitting,False,0.942,0.0,95.7508
Moving_in_out_frame_withFall,167,Lying,Sitting,False,0.934,0.0,90.1044
Moving_in_out_frame_withFall,168,Lying,Sitting,False,0.922,1.0,93.0799
Moving_in_out_frame_withFall,169,Lying,Sitting,False,0.908,1.0,85.1231
Moving_in_out_frame_withFall,170,Lying,Sitting,False,0.884,1.0,95.3369
Moving_in_out_frame_withFall,171,Lying,Sitting,False,0.861,1.0,76.4231
Moving_in_out_frame_withFall,172,Lying,Sitting,False,0.83,1.0,82.2811
Moving_in_out_frame_withFall,173,Lying,Sitting,False,0.782,1.0,83.4306
Moving_in_out_frame_withFall,174,Lying,Sitting,False,0.657,0.0,90.3558
Moving_in_out_frame_withFall,175,Lying,Sitting,False,0.552,0.0,97.2288
Moving_in_out_frame_withFall,176,Lying,Sitting,False,0.448,0.0,84.1928
Moving_in_out_frame_withFall,177,Lying,Lying,True,0.331,1.0,101.7303
Moving_in_out_frame_withFall,178,Lying,Lying,True,0.365,1.0,83.1615
Moving_in_out_frame_withFall,179,Lying,Lying,True,0.387,1.0,78.2318
Moving_in_out_frame_withFall,180,Lying,Lying,True,0.427,1.0,81.3604
Moving_in_out_frame_withFall,181,Lying,Lying,True,0.42,0.0,88.8356
Moving_in_out_frame_withFall,182,Lying,Lying,True,0.429,1.0,87.0125
Moving_in_out_frame_withFall,183,Lying,Lying,True,0.406,0.0,77.8539
Moving_in_out_frame_withFall,184,Lying,Lying,True,0.401,0.0,80.042
Moving_in_out_frame_withFall,185,Lying,Lying,True,0.472,0.0,79.9532
Moving_in_out_frame_withFall,186,Lying,Lying,True,0.58,0.0,96.6223
Moving_in_out_frame_withFall,187,Lying,Lying,True,0.647,1.0,114.0015
Moving_in_out_frame_withFall,188,Lying,Lying,True,0.719,0.0,160.2061
Moving_in_out_frame_withFall,189,Lying,Lying,True,0.798,0.0,140.4145
Moving_in_out_frame_withFall,190,Lying,Lying,True,0.892,0.0,125.9694
Moving_in_out_frame_withFall,191,Lying,Lying,True,0.904,0.0,107.787
Moving_in_out_frame_withFall,192,Lying,Lying,True,0.909,0.0,98.327
Moving_in_out_frame_withFall,193,Lying,Lying,True,0.914,0.0,93.7963
Moving_in_out_frame_withFall,194,Lying,Lying,True,0.936,1.0,96.2159
Moving_in_out_frame_withFall,195,Lying,Lying,True,0.942,0.0,88.5694
Moving_in_out_frame_withFall,196,Lying,Lying,True,0.945,0.0,105.7509
Moving_in_out_frame_withFall,197,Lying,Lying,True,0.946,0.0,117.2125
Moving_in_out_frame_withFall,198,Lying,Lying,True,0.944,0.0,94.9211
Moving_in_out_frame_withFall,199,Lying,Lying,True,0.931,0.0,103.5977
Moving_in_out_frame_withFall,200,Lying,Lying,True,0.911,0.0,115.1589
Moving_in_out_frame_withFall,201,Lying,Lying,True,0.884,0.0,108.7667
Moving_in_out_frame_withFall,202,Lying,Lying,True,0.863,0.0,99.3317
Moving_in_out_frame_withFall,203,Lying,Lying,True,0.815,0.0,103.6295
Moving_in_out_frame_withFall,204,Lying,Lying,True,0.824,0.0,100.5728
Moving_in_out_frame_withFall,205,,Lying,,0.931,0.0,117.8289
Moving_in_out_frame_withFall,206,,Lying,,0.917,0.0,137.2779
Moving_in_out_frame_withFall,207,,Lying,,0.896,0.0,120.5594
Moving_in_out_frame_withFall,208,,Lying,,0.833,0.0,117.9203
Moving_in_out_frame_withFall,209,,Lying,,0.803,0.0,102.3883
Moving_in_out_frame_withFall,210,,Lying,,0.727,0.0,114.6464
Moving_in_out_frame_withFall,211,,Lying,,0.629,0.0,112.3477
Moving_in_out_frame_withFall,212,,Lying,,0.587,0.0,93.0908
Moving_in_out_frame_withFall,213,,Lying,,0.411,0.0,112.9774
Moving_in_out_frame_withFall,214,,Standing,,0.341,0.0,106.3185
Moving_in_out_frame_withFall,215,,Standing,,0.435,0.0,110.1698
Moving_in_out_frame_withFall,216,,Standing,,0.512,0.0,121.9415
Moving_in_out_frame_withFall,217,,Standing,,0.502,0.0,121.3793
Sit_Stand_AnklesInvisible,31,Sitting,Standing,False,0.712,0.0,103.1614
Sit_Stand_AnklesInvisible,32,Sitting,Standing,False,0.7,0.0,111.1972
Sit_Stand_AnklesInvisible,33,Sitting,Standing,False,0.682,0.0,108.5942
Sit_Stand_AnklesInvisible,34,Sitting,Standing,False,0.673,0.0,113.38
Sit_Stand_AnklesInvisible,35,Sitting,Standing,False,0.643,0.0,111.9095
Sit_Stand_AnklesInvisible,36,Sitting,Standing,False,0.626,0.0,105.7893
Sit_Stand_AnklesInvisible,37,Sitting,Standing,False,0.624,0.0,94.9241
Sit_Stand_AnklesInvisible,38,Sitting,Standing,False,0.637,0.0,107.1872
Sit_Stand_AnklesInvisible,39,Sitting,Standing,False,0.65,0.0,122.094
Sit_Stand_AnklesInvisible,40,Sitting,Standing,False,0.671,0.0,117.5919
Sit_Stand_AnklesInvisible,41,Sitting,Standing,False,0.685,0.0,150.9034
Sit_Stand_AnklesInvisible,42,Sitting,Standing,False,0.687,0.0,173.0259
Sit_Stand_AnklesInvisible,43,Sitting,Standing,False,0.69,0.0,162.2547
Sit_Stand_AnklesInvisible,44,Sitting,Standing,False,0.684,0.0,244.2462
Sit_Stand_AnklesInvisible,45,Sitting,Standing,False,0.685,0.0,194.1791
Sit_Stand_AnklesInvisible,46,Sitting,Standing,False,0.668,0.0,158.9931
Sit_Stand_AnklesInvisible,47,Sitting,Standing,False,0.754,0.0,122.391
Sit_Stand_AnklesInvisible,48,Sitting,Standing,False,0.744,0.0,148.1694
Sit_Stand_AnklesInvisible,49,Sitting,Standing,False,0.765,0.0,111.3108
Sit_Stand_AnklesInvisible,50,Sitting,Standing,False,0.82,0.0,155.9916
Sit_Stand_AnklesInvisible,51,Sitting,Standing,False,0.664,0.0,120.952
Sit_Stand_AnklesInvisible,52,Sitting,Standing,False,0.693,0.0,152.0986
Sit_Stand_AnklesInvisible,53,Sitting,Standing,False,0.804,0.0,148.5958
Sit_Stand_AnklesInvisible,54,Sitting,Standing,False,0.796,0.0,133.4731
Sit_Stand_AnklesInvisible,55,Sitting,Standing,False,0.818,0.0,108.3687
Sit_Stand_AnklesInvisible,56,Sitting,Standing,False,0.854,0.0,124.3928
Sit_Stand_AnklesInvisible,57,Sitting,Standing,False,0.868,0.0,100.5689
Sit_Stand_AnklesInvisible,58,Sitting,Standing,False,0.88,0.0,258.6274
Sit_Stand_AnklesInvisible,59,Sitting,Standing,False,0.887,0.0,187.5331
Sit_Stand_AnklesInvisible,60,Sitting,Standing,False,0.886,0.0,201.0594
Sit_Stand_AnklesInvisible,61,Sitting,Standing,False,0.892,0.0,166.9687
Sit_Stand_AnklesInvisible,62,Sitting,Standing,False,0.894,0.0,253.9076
Sit_Stand_AnklesInvisible,63,Sitting,Standing,False,0.906,0.0,196.6196
Sit_Stand_AnklesInvisible,64,Sitting,Standing,False,0.912,0.0,183.4591
Sit_Stand_AnklesInvisible,65,Sitting,Standing,False,0.924,0.0,141.0574
Sit_Stand_AnklesInvisible,66,Sitting,Standing,False,0.942,0.0,131.9074
Sit_Stand_AnklesInvisible,67,Sitting,Standing,False,0.934,0.0,137.0835
Sit_Stand_AnklesInvisible,68,Sitting,Standing,False,0.93,0.0,119.6276
Sit_Stand_AnklesInvisible,69,Sitting,Standing,False,0.939,0.0,241.9721
Sit_Stand_AnklesInvisible,70,Sitting,Standing,False,0.951,0.0,219.1284
Sit_Stand_AnklesInvisible,71,Sitting,Standing,False,0.962,0.0,185.5864
Sit_Stand_AnklesInvisible,72,Sitting,Standing,False,0.964,0.0,118.1615
Sit_Stand_AnklesInvisible,73,Sitting,Standing,False,0.966,0.0,207.271
Sit_Stand_AnklesInvisible,74,Sitting,Standing,False,0.967,0.0,168.2699
Sit_Stand_AnklesInvisible,75,Sitting,Standing,False,0.967,0.0,140.4284
Sit_Stand_AnklesInvisible,76,Sitting,Standing,False,0.966,0.0,109.8281
Sit_Stand_AnklesInvisible,77,Sitting,Standing,False,0.965,0.0,105.5144
Sit_Stand_AnklesInvisible,78,Sitting,Standing,False,0.964,0.0,108.5124
Sit_Stand_AnklesInvisible,79,Sitting,Standing,False,0.964,0.0,129.3618
Sit_Stand_AnklesInvisible,80,Sitting,Standing,False,0.961,0.0,150.1196
Sit_Stand_AnklesInvisible,81,Sitting,Standing,False,0.958,0.0,158.4938
Sit_Stand_AnklesInvisible,82,Sitting,Standing,False,0.958,0.0,198.8405
Sit_Stand_AnklesInvisible,83,Sitting,Standing,False,0.957,0.0,144.5549
Sit_Stand_AnklesInvisible,84,Sitting,Standing,False,0.958,0.0,124.3772
Sit_Stand_AnklesInvisible,85,Sitting,Standing,False,0.959,0.0,122.5343
Sit_Stand_AnklesInvisible,86,Sitting,Standing,False,0.96,0.0,150.3333
Sit_Stand_AnklesInvisible,87,Sitting,Standing,False,0.96,0.0,197.0699
Sit_Stand_AnklesInvisible,88,Sitting,Standing,False,0.96,0.0,147.3667
Sit_Stand_AnklesInvisible,89,Sitting,Standing,False,0.96,0.0,145.9924
Sit_Stand_AnklesInvisible,90,Sitting,Standing,False,0.958,0.0,139.6936
Sit_Stand_AnklesInvisible,91,Sitting,Standing,False,0.957,0.0,119.3638
Sit_Stand_AnklesInvisible,92,Sitting,Standing,False,0.955,0.0,167.912
Sit_Stand_AnklesInvisible,93,Sitting,Standing,False,0.952,0.0,191.3379
Sit_Stand_AnklesInvisible,94,Sitting,Standing,False,0.949,0.0,205.5306
Sit_Stand_AnklesInvisible,95,Sitting,Standing,False,0.947,0.0,186.9497
Sit_Stand_AnklesInvisible,96,Sitting,Standing,False,0.942,0.0,147.715
Sit_Stand_AnklesInvisible,97,Sitting,Standing,False,0.941,0.0,108.3334
Sit_Stand_AnklesInvisible,98,Sitting,Standing,False,0.938,0.0,145.1487
Sit_Stand_AnklesInvisible,99,Sitting,Standing,False,0.937,0.0,144.1881
Sit_Stand_AnklesInvisible,100,Sitting,Standing,False,0.936,0.0,120.2864
Sit_Stand_AnklesInvisible,101,Sitting,Standing,False,0.934,0.0,145.1045
Sit_Stand_AnklesInvisible,102,Sitting,Standing,False,0.935,0.0,149.2905
Sit_Stand_AnklesInvisible,103,Sitting,Standing,False,0.933,0.0,180.4919
Sit_Stand_AnklesInvisible,104,Sitting,Standing,False,0.933,0.0,229.2331
Sit_Stand_AnklesInvisible,105,Sitting,Standing,False,0.928,0.0,363.1496
Sit_Stand_AnklesInvisible,106,Sitting,Standing,False,0.93,0.0,223.0294
Sit_Stand_AnklesInvisible,107,Sitting,Standing,False,0.929,0.0,152.7887
Sit_Stand_AnklesInvisible,108,Sitting,Standing,False,0.925,0.0,140.4688
Sit_Stand_AnklesInvisible,109,Sitting,Standing,False,0.93,0.0,136.6254
Sit_Stand_AnklesInvisible,110,Sitting,Standing,False,0.931,0.0,149.4586
Sit_Stand_AnklesInvisible,111,Sitting,Standing,False,0.928,0.0,152.212
Sit_Stand_AnklesInvisible,112,Sitting,Standing,False,0.928,0.0,135.9489
Sit_Stand_AnklesInvisible,113,Sitting,Standing,False,0.931,0.0,145.8922
Sit_Stand_AnklesInvisible,114,Sitting,Standing,False,0.934,0.0,157.4165
Sit_Stand_AnklesInvisible,115,Sitting,Standing,False,0.935,0.0,160.8682
Sit_Stand_AnklesInvisible,116,Sitting,Standing,False,0.938,0.0,165.4262
Sit_Stand_AnklesInvisible,117,Sitting,Standing,False,0.937,0.0,171.1733
Sit_Stand_AnklesInvisible,118,Sitting,Standing,False,0.939,0.0,171.8534
Sit_Stand_AnklesInvisible,119,Sitting,Standing,False,0.939,0.0,185.0587
Sit_Stand_AnklesInvisible,120,Sitting,Standing,False,0.939,0.0,155.8149
Sit_Stand_AnklesInvisible,121,Sitting,Standing,False,0.938,0.0,148.3323
Sit_Stand_AnklesInvisible,122,Sitting,Standing,False,0.941,0.0,140.7311
Sit_Stand_AnklesInvisible,123,Sitting,Standing,False,0.939,0.0,200.0004
Sit_Stand_AnklesInvisible,124,Sitting,Standing,False,0.944,0.0,170.4291
Sit_Stand_AnklesInvisible,125,Sitting,Standing,False,0.945,0.0,139.5473
Sit_Stand_AnklesInvisible,126,Sitting,Standing,False,0.946,0.0,135.4564
Sit_Stand_AnklesInvisible,127,Sitting,Standing,False,0.944,0.0,142.7679
Sit_Stand_AnklesInvisible,128,Sitting,Standing,False,0.943,0.0,132.6954
Sit_Stand_AnklesInvisible,129,Sitting,Standing,False,0.941,0.0,118.8959
Sit_Stand_AnklesInvisible,130,Sitting,Standing,False,0.939,0.0,97.9532
Sit_Stand_AnklesInvisible,131,Sitting,Standing,False,0.941,0.0,105.5751
Sit_Stand_AnklesInvisible,132,Sitting,Standing,False,0.94,0.0,124.0968
Sit_Stand_AnklesInvisible,133,Sitting,Standing,False,0.941,0.0,124.0002
Sit_Stand_AnklesInvisible,134,Sitting,Standing,False,0.939,0.0,133.234
Sit_Stand_AnklesInvisible,135,Sitting,Standing,False,0.941,0.0,151.3493
Sit_Stand_AnklesInvisible,136,Sitting,Standing,False,0.936,0.0,179.8922
Sit_Stand_AnklesInvisible,137,Sitting,Standing,False,0.939,0.0,158.1105
Sit_Stand_AnklesInvisible,138,,Standing,,0.938,0.0,162.7596
Sit_Stand_AnklesInvisible,139,,Standing,,0.939,0.0,148.4901
Sit_Stand_AnklesInvisible,140,,Standing,,0.936,0.0,156.4716
Sit_Stand_AnklesInvisible,141,,Standing,,0.933,0.0,123.6281
Sit_Stand_AnklesInvisible,142,,Standing,,0.927,0.0,118.2501
Sit_Stand_AnklesInvisible,143,,Standing,,0.924,0.0,119.4925
Sit_Stand_AnklesInvisible,144,,Standing,,0.923,0.0,106.2522
Sit_Stand_AnklesInvisible,145,,Standing,,0.911,0.0,114.2704
Sit_Stand_AnklesInvisible,146,,Standing,,0.899,0.0,124.4743
Sit_Stand_AnklesInvisible,147,,Standing,,0.885,0.0,116.5458
Sit_Stand_AnklesInvisible,148,,Standing,,0.871,0.0,112.293
Sit_Stand_AnklesInvisible,149,,Standing,,0.863,0.0,113.1935
Sit_Stand_AnklesInvisible,150,,Standing,,0.852,0.0,119.5516
Sit_Stand_AnklesInvisible,151,,Standing,,0.843,0.0,109.7006
Sit_Stand_AnklesInvisible,152,,Standing,,0.829,0.0,128.2649
Sit_Stand_AnklesInvisible,153,,Standing,,0.804,0.0,124.8711
Sit_Stand_AnklesInvisible,154,,Standing,,0.78,0.0,103.7827
Sit_Stand_AnklesInvisible,155,,Standing,,0.762,0.0,133.0735
Sit_Stand_AnklesInvisible,156,,Standing,,0.739,0.0,128.614
Sit_Stand_AnklesInvisible,157,,Standing,,0.716,0.0,113.0385
Sit_Stand_AnklesInvisible,158,,Standing,,0.686,0.0,137.8585
Sit_Stand_AnklesInvisible,159,,Standing,,0.663,0.0,124.1583
Sit_Stand_AnklesInvisible,160,,Standing,,0.636,0.0,136.0034
Sit_Stand_AnklesInvisible,161,,Standing,,0.615,0.0,117.9781
Sit_Stand_AnklesInvisible,162,,Standing,,0.595,0.0,91.9642
Sit_Stand_AnklesInvisible,163,,Standing,,0.596,0.0,91.5438
Sit_Stand_AnklesInvisible,164,,Standing,,0.57,0.0,87.9499
Sit_Stand_AnklesInvisible,165,,Standing,,0.574,0.0,83.3154
Sit_Stand_AnklesInvisible,166,,Standing,,0.555,0.0,146.9776
Sit_Stand_AnklesInvisible,167,,Standing,,0.568,0.0,87.5812
Sit_Stand_AnklesInvisible,168,Standing,Standing,True,0.582,0.0,89.9148
Sit_Stand_AnklesInvisible,169,Standing,Standing,True,0.609,0.0,95.4524
Sit_Stand_AnklesInvisible,170,Standing,Standing,True,0.641,0.0,105.1789
Sit_Stand_AnklesInvisible,171,Standing,Standing,True,0.677,0.0,122.7181
Sit_Stand_AnklesInvisible,172,Standing,Standing,True,0.706,0.0,132.8775
Sit_Stand_AnklesInvisible,173,Standing,Standing,True,0.74,0.0,131.2556
Sit_Stand_AnklesInvisible,174,Standing,Standing,True,0.778,0.0,114.7651
Sit_Stand_AnklesInvisible,175,Standing,Standing,True,0.818,0.0,131.129
Sit_Stand_AnklesInvisible,176,Standing,Standing,True,0.839,0.0,124.4122
Sit_Stand_AnklesInvisible,177,Standing,Standing,True,0.868,0.0,157.73
Sit_Stand_AnklesInvisible,178,Standing,Standing,True,0.884,0.0,164.1345
Sit_Stand_AnklesInvisible,179,Standing,Standing,True,0.903,0.0,143.5584
Sit_Stand_AnklesInvisible,180,Standing,Standing,True,0.918,0.0,162.2409
Sit_Stand_AnklesInvisible,181,Standing,Standing,True,0.927,0.0,167.3997
Sit_Stand_AnklesInvisible,182,Standing,Standing,True,0.934,0.0,168.9485
Sit_Stand_AnklesInvisible,183,Standing,Standing,True,0.943,0.0,144.933
Sit_Stand_AnklesInvisible,184,Standing,Standing,True,0.953,0.0,116.0562
Sit_Stand_AnklesInvisible,185,Standing,Standing,True,0.958,0.0,132.0747
Sit_Stand_AnklesInvisible,186,,Standing,,0.965,0.0,107.1154
Sit_Stand_AnklesInvisible,187,,Standing,,0.969,0.0,94.1801
Sit_Stand_AnklesInvisible,188,,Standing,,0.972,0.0,85.9599
Sit_Stand_AnklesInvisible,189,,Standing,,0.976,0.0,95.2907
Sit_Stand_AnklesInvisible,190,,Standing,,0.98,0.0,84.3579
Sit_Stand_AnklesInvisible,191,,Standing,,0.982,0.0,112.3349
Sit_Stand_AnklesInvisible,192,,Standing,,0.984,0.0,93.8511
Sit_Stand_AnklesInvisible,193,,Standing,,0.986,0.0,100.1238
Sit_Stand_AnklesInvisible,194,,Standing,,0.988,0.0,90.7134
Sit_Stand_AnklesInvisible,195,,Standing,,0.989,0.0,147.9451
Sit_Stand_AnklesInvisible,196,,Standing,,0.99,0.0,111.9949
Sit_Stand_AnklesInvisible,197,,Standing,,0.991,0.0,111.7686
Sit_Stand_AnklesInvisible,198,,Standing,,0.991,0.0,103.5415
Sit_Stand_AnklesInvisible,199,,Standing,,0.992,0.0,104.154
Sit_Stand_AnklesInvisible,200,,Standing,,0.992,0.0,96.4812
Sit_Stand_AnklesInvisible,201,,Standing,,0.993,0.0,94.086
Sit_Stand_AnklesInvisible,202,,Standing,,0.993,0.0,83.8775
Sit_Stand_AnklesInvisible,203,,Standing,,0.994,0.0,84.8618
Sit_Stand_AnklesInvisible,204,,Standing,,0.994,0.0,75.8275
Sit_Stand_AnklesInvisible,205,,Standing,,0.995,0.0,79.4543
Sit_Stand_AnklesInvisible,206,,Standing,,0.995,0.0,86.002
Sit_Stand_AnklesInvisible,207,,Standing,,0.995,0.0,92.5098
Sit_Stand_AnklesInvisible,208,,Standing,,0.995,0.0,74.0366
SitFast_GetupFast,31,Sitting,Standing,False,0.978,0.0,88.2897
SitFast_GetupFast,32,Sitting,Standing,False,0.977,0.0,96.3631
SitFast_GetupFast,33,Sitting,Standing,False,0.977,0.0,92.0743
SitFast_GetupFast,34,Sitting,Standing,False,0.977,0.0,81.4141
SitFast_GetupFast,35,Sitting,Standing,False,0.977,0.0,83.5652
SitFast_GetupFast,36,Sitting,Standing,False,0.977,0.0,83.8675
SitFast_GetupFast,37,Sitting,Standing,False,0.977,0.0,95.4765
SitFast_GetupFast,38,Sitting,Standing,False,0.978,0.0,90.976
SitFast_GetupFast,39,Sitting,Standing,False,0.978,0.0,123.8647
SitFast_GetupFast,40,Sitting,Standing,False,0.979,0.0,110.4547
SitFast_GetupFast,41,Sitting,Standing,False,0.979,0.0,123.2806
SitFast_GetupFast,42,Sitting,Standing,False,0.979,0.0,95.7763
SitFast_GetupFast,43,Sitting,Standing,False,0.979,0.0,114.4264
SitFast_GetupFast,44,Sitting,Standing,False,0.979,0.0,105.6377
SitFast_GetupFast,45,Sitting,Standing,False,0.977,0.0,118.4292
SitFast_GetupFast,46,Sitting,Standing,False,0.98,0.0,81.6491
SitFast_GetupFast,47,Sitting,Standing,False,0.981,0.0,92.4544
SitFast_GetupFast,48,Sitting,Standing,False,0.983,0.0,85.1845
SitFast_GetupFast,49,Sitting,Standing,False,0.984,0.0,93.4815
SitFast_GetupFast,50,Sitting,Standing,False,0.984,0.0,83.9594
SitFast_GetupFast,51,Sitting,Standing,False,0.983,0.0,82.2804
SitFast_GetupFast,52,Sitting,Standing,False,0.981,0.0,81.282
SitFast_GetupFast,53,Sitting,Standing,False,0.979,0.0,102.0306
SitFast_GetupFast,54,Sitting,Standing,False,0.978,0.0,112.7871
SitFast_GetupFast,55,Sitting,Standing,False,0.975,0.0,115.1948
SitFast_GetupFast,56,Sitting,Standing,False,0.971,0.0,126.84
SitFast_GetupFast,57,Sitting,Standing,False,0.969,0.0,125.0471
SitFast_GetupFast,58,Sitting,Standing,False,0.966,0.0,121.8175
SitFast_GetupFast,59,Sitting,Standing,False,0.963,0.0,130.0826
SitFast_GetupFast,60,Sitting,Standing,False,0.959,0.0,128.2288
SitFast_GetupFast,61,Sitting,Standing,False,0.956,0.0,152.6906
SitFast_GetupFast,62,Sitting,Standing,False,0.955,0.0,134.6121
SitFast_GetupFast,63,Sitting,Standing,False,0.954,0.0,130.5499
SitFast_GetupFast,64,Sitting,Standing,False,0.951,0.0,137.1848
SitFast_GetupFast,65,Sitting,Standing,False,0.944,0.0,126.766
SitFast_GetupFast,66,Sitting,Standing,False,0.94,0.0,125.913
SitFast_GetupFast,67,Sitting,Standing,False,0.938,0.0,112.6378
SitFast_GetupFast,68,Sitting,Standing,False,0.937,0.0,124.0863
SitFast_GetupFast,69,Sitting,Standing,False,0.936,0.0,106.427
SitFast_GetupFast,70,Sitting,Standing,False,0.935,0.0,115.8166
SitFast_GetupFast,71,Sitting,Standing,False,0.935,0.0,101.4692
SitFast_GetupFast,72,Sitting,Standing,False,0.933,0.0,116.7686
SitFast_GetupFast,73,Sitting,Standing,False,0.932,0.0,110.9053
SitFast_GetupFast,74,Sitting,Standing,False,0.932,0.0,111.9528
SitFast_GetupFast,75,Sitting,Standing,False,0.933,0.0,119.2108
SitFast_GetupFast,76,Sitting,Standing,False,0.934,0.0,143.6792
SitFast_GetupFast,77,Sitting,Standing,False,0.934,0.0,142.5335
SitFast_GetupFast,78,Sitting,Standing,False,0.935,0.0,114.863
SitFast_GetupFast,79,Sitting,Standing,False,0.934,0.0,115.4155
SitFast_GetupFast,80,Sitting,Standing,False,0.934,0.0,118.4091
SitFast_GetupFast,81,Sitting,Standing,False,0.934,0.0,183.8882
SitFast_GetupFast,82,Sitting,Standing,False,0.935,0.0,116.3306
SitFast_GetupFast,83,Sitting,Standing,False,0.935,0.0,118.3676
SitFast_GetupFast,84,Sitting,Standing,False,0.936,0.0,118.6743
SitFast_GetupFast,85,Sitting,Standing,False,0.936,0.0,104.2793
SitFast_GetupFast,86,Sitting,Standing,False,0.936,0.0,103.8544
SitFast_GetupFast,87,Sitting,Standing,False,0.935,0.0,113.1948
SitFast_GetupFast,88,Sitting,Standing,False,0.935,0.0,128.6115
SitFast_GetupFast,89,Sitting,Standing,False,0.936,0.0,143.8399
SitFast_GetupFast,90,Sitting,Standing,False,0.936,0.0,111.4136
SitFast_GetupFast,91,Sitting,Standing,False,0.936,0.0,111.047
SitFast_GetupFast,92,Sitting,Standing,False,0.937,0.0,105.0201
SitFast_GetupFast,93,Sitting,Standing,False,0.936,0.0,100.1805
SitFast_GetupFast,94,Sitting,Standing,False,0.937,0.0,86.9512
SitFast_GetupFast,95,Sitting,Standing,False,0.936,0.0,95.1294
SitFast_GetupFast,96,Sitting,Standing,False,0.937,0.0,110.8343
SitFast_GetupFast,97,Sitting,Standing,False,0.937,0.0,101.7553
SitFast_GetupFast,98,Sitting,Standing,False,0.937,0.0,114.815
SitFast_GetupFast,99,Sitting,Standing,False,0.937,0.0,120.2861
SitFast_GetupFast,100,Sitting,Standing,False,0.937,0.0,113.2121
SitFast_GetupFast,101,Sitting,Standing,False,0.937,0.0,105.7281
SitFast_GetupFast,102,Sitting,Standing,False,0.936,0.0,98.7715
SitFast_GetupFast,103,Sitting,Standing,False,0.936,0.0,95.4528
SitFast_GetupFast,104,Sitting,Standing,False,0.934,0.0,101.3369
SitFast_GetupFast,105,Sitting,Standing,False,0.932,0.0,95.9489
SitFast_GetupFast,106,Sitting,Standing,False,0.929,0.0,90.2127
SitFast_GetupFast,107,Sitting,Standing,False,0.925,0.0,104.0471
SitFast_GetupFast,108,Sitting,Standing,False,0.923,0.0,99.0813
SitFast_GetupFast,109,Sitting,Standing,False,0.919,0.0,164.8201
SitFast_GetupFast,110,Sitting,Standing,False,0.916,0.0,116.1648
SitFast_GetupFast,111,,Standing,,0.913,0.0,108.9131
SitFast_GetupFast,112,,Standing,,0.912,0.0,103.6079
SitFast_GetupFast,113,,Standing,,0.91,0.0,104.4597
SitFast_GetupFast,114,,Standing,,0.91,0.0,101.5745
SitFast_GetupFast,115,,Standing,,0.908,0.0,106.0874
SitFast_GetupFast,116,,Standing,,0.908,0.0,95.2322
SitFast_GetupFast,117,,Standing,,0.908,0.0,108.1321
SitFast_GetupFast,118,,Standing,,0.907,0.0,90.8535
SitFast_GetupFast,119,,Standing,,0.907,0.0,95.3887
SitFast_GetupFast,120,,Standing,,0.907,0.0,86.8341
SitFast_GetupFast,121,,Standing,,0.906,0.0,114.9024
SitFast_GetupFast,122,,Standing,,0.904,0.0,94.7886
SitFast_GetupFast,123,,Standing,,0.903,0.0,96.6373
SitFast_GetupFast,124,,Standing,,0.9,0.0,117.1938
SitFast_GetupFast,125,,Standing,,0.898,0.0,120.6067
SitFast_GetupFast,126,,Standing,,0.897,0.0,124.5332
SitFast_GetupFast,127,,Standing,,0.895,0.0,106.0924
SitFast_GetupFast,128,,Standing,,0.894,0.0,92.5728
SitFast_GetupFast,129,,Standing,,0.892,0.0,103.8132
SitFast_GetupFast,130,,Standing,,0.895,0.0,95.7724
SitFast_GetupFast,131,,Standing,,0.897,0.0,95.0322
SitFast_GetupFast,132,,Standing,,0.897,0.0,99.2274
SitFast_GetupFast,133,,Standing,,0.899,0.0,98.7399
SitFast_GetupFast,134,,Standing,,0.895,0.0,81.0919
SitFast_GetupFast,135,,Standing,,0.892,0.0,92.0547
SitFast_GetupFast,136,,Standing,,0.884,0.0,73.1072
SitFast_GetupFast,137,,Standing,,0.872,0.0,74.9548
SitFast_GetupFast,138,,Standing,,0.85,0.0,68.7057
SitFast_GetupFast,139,,Standing,,0.825,0.0,66.7499
SitFast_GetupFast,140,,Standing,,0.786,0.0,67.3913
SitFast_GetupFast,141,,Standing,,0.744,0.0,64.9969
SitFast_GetupFast,142,,Standing,,0.695,0.0,68.3064
SitFast_GetupFast,143,,Standing,,0.639,0.0,71.8949
SitFast_GetupFast,144,,Standing,,0.577,0.0,74.0382
SitFast_GetupFast,145,,Standing,,0.512,0.0,75.4321
SitFast_GetupFast,146,,Sitting,,0.522,0.0,76.4016
SitFast_GetupFast,147,,Sitting,,0.575,0.0,72.7459
SitFast_GetupFast,148,,Sitting,,0.625,0.0,84.8847
SitFast_GetupFast,149,,Sitting,,0.664,0.0,90.742
SitFast_GetupFast,150,,Sitting,,0.701,0.0,83.7096
SitFast_GetupFast,151,,Sitting,,0.731,0.0,92.262
SitFast_GetupFast,152,,Sitting,,0.752,0.0,85.1011
SitFast_GetupFast,153,,Sitting,,0.765,0.0,88.6673
SitFast_GetupFast,154,,Sitting,,0.774,0.0,94.8115
SitFast_GetupFast,155,,Sitting,,0.774,0.0,106.6692
SitFast_GetupFast,156,,Sitting,,0.763,0.0,104.4225
SitFast_GetupFast,157,,Sitting,,0.734,0.0,101.3462
SitFast_GetupFast,158,,Sitting,,0.701,0.0,95.885
SitFast_GetupFast,159,,Sitting,,0.657,0.0,91.5358
SitFast_GetupFast,160,,Sitting,,0.609,0.0,83.4596
SitFast_GetupFast,161,,Sitting,,0.55,0.0,101.9952
SitFast_GetupFast,162,,Standing,,0.485,0.0,90.7537
SitFast_GetupFast,163,,Standing,,0.572,0.0,154.8602
SitFast_GetupFast,164,,Standing,,0.663,0.0,86.5962
SitFast_GetupFast,165,,Standing,,0.75,0.0,99.0574
SitFast_GetupFast,166,,Standing,,0.825,0.0,103.5612
SitFast_GetupFast,167,,Standing,,0.879,0.0,106.5723
SitFast_GetupFast,168,,Standing,,0.916,0.0,103.5123
SitFast_GetupFast,169,,Standing,,0.94,0.0,146.4585
SitFast_GetupFast,170,,Standing,,0.957,0.0,128.3265
SitFast_GetupFast,171,,Standing,,0.968,0.0,115.5226
SitFast_GetupFast,172,,Standing,,0.976,0.0,102.1548
SitFast_GetupFast,173,,Standing,,0.981,0.0,98.4824
SitFast_GetupFast,174,,Standing,,0.985,0.0,87.6813
SitFloor_crossedLegs,31,,Standing,,0.978,0.0,92.3041
SitFloor_crossedLegs,32,,Standing,,0.975,0.0,109.6515
SitFloor_crossedLegs,33,,Standing,,0.972,0.0,93.3334
SitFloor_crossedLegs,34,,Standing,,0.966,0.0,87.0493
SitFloor_crossedLegs,35,,Standing,,0.959,0.0,90.4009
SitFloor_crossedLegs,36,,Standing,,0.949,0.0,82.8865
SitFloor_crossedLegs,37,,Standing,,0.937,0.0,89.6972
SitFloor_crossedLegs,38,,Standing,,0.922,0.0,90.355
SitFloor_crossedLegs,39,,Standing,,0.91,0.0,77.9435
SitFloor_crossedLegs,40,,Standing,,0.891,0.0,81.4437
SitFloor_crossedLegs,41,,Standing,,0.87,0.0,91.4018
SitFloor_crossedLegs,42,,Standing,,0.842,0.0,141.4859
SitFloor_crossedLegs,43,,Standing,,0.806,0.0,110.9826
SitFloor_crossedLegs,44,,Standing,,0.771,0.0,119.5871
SitFloor_crossedLegs,45,,Standing,,0.736,0.0,186.091
SitFloor_crossedLegs,46,,Standing,,0.696,0.0,139.1963
SitFloor_crossedLegs,47,,Standing,,0.652,0.0,102.3018
SitFloor_crossedLegs,48,,Standing,,0.613,0.0,103.4094
SitFloor_crossedLegs,49,,Standing,,0.544,0.0,105.4675
SitFloor_crossedLegs,50,,Sitting,,0.504,0.0,101.3321
SitFloor_crossedLegs,51,,Sitting,,0.588,0.0,86.8874
SitFloor_crossedLegs,52,,Sitting,,0.643,0.0,84.559
SitFloor_crossedLegs,53,,Sitting,,0.692,0.0,75.3208
SitFloor_crossedLegs,54,,Sitting,,0.727,0.0,69.5946
SitFloor_crossedLegs,55,,Sitting,,0.752,0.0,68.0507
SitFloor_crossedLegs,56,,Sitting,,0.744,0.0,69.3257
SitFloor_crossedLegs,57,,Sitting,,0.782,0.0,75.3059
SitFloor_crossedLegs,58,,Sitting,,0.789,0.0,70.1109
SitFloor_crossedLegs,59,,Sitting,,0.822,0.0,74.0645
SitFloor_crossedLegs,60,,Sitting,,0.844,0.0,75.5521
SitFloor_crossedLegs,61,,Sitting,,0.821,0.0,73.4065
SitFloor_crossedLegs,62,,Sitting,,0.838,0.0,67.13
SitFloor_crossedLegs,63,,Sitting,,0.867,0.0,79.5887
SitFloor_crossedLegs,64,,Sitting,,0.905,0.0,92.185
SitFloor_crossedLegs,65,,Sitting,,0.91,0.0,93.7504
SitFloor_crossedLegs,66,,Sitting,,0.929,0.0,94.4664
SitFloor_crossedLegs,67,,Sitting,,0.929,0.0,105.2613
SitFloor_crossedLegs,68,,Sitting,,0.947,0.0,94.0621
SitFloor_crossedLegs,69,,Sitting,,0.955,0.0,122.8305
SitFloor_crossedLegs,70,,Sitting,,0.96,0.0,90.7914
SitFloor_crossedLegs,71,,Sitting,,0.966,0.0,125.7756
SitFloor_crossedLegs,72,,Sitting,,0.971,0.0,103.9664
SitFloor_crossedLegs,73,,Sitting,,0.973,0.0,143.4548
SitFloor_crossedLegs,74,,Sitting,,0.977,0.0,99.8863
SitFloor_crossedLegs,75,,Sitting,,0.977,0.0,100.5337
SitFloor_crossedLegs,76,,Sitting,,0.98,0.0,86.2172
SitFloor_crossedLegs,77,,Sitting,,0.976,0.0,93.6237
SitFloor_crossedLegs,78,,Sitting,,0.981,0.0,86.3397
SitFloor_crossedLegs,79,,Sitting,,0.978,0.0,89.8227
SitFloor_crossedLegs,80,,Sitting,,0.979,0.0,89.1013
SitFloor_crossedLegs,81,,Sitting,,0.974,0.0,89.4421
SitFloor_crossedLegs,82,,Sitting,,0.968,0.0,93.5705
SitFloor_crossedLegs,83,,Sitting,,0.967,0.0,79.1387
SitFloor_crossedLegs,84,,Sitting,,0.967,0.0,72.7922
SitFloor_crossedLegs,85,,Sitting,,0.963,0.0,73.1664
SitFloor_crossedLegs,86,,Sitting,,0.957,0.0,68.488
SitFloor_crossedLegs,87,,Sitting,,0.959,0.0,71.5211
SitFloor_crossedLegs,88,Sitting,Sitting,True,0.946,0.0,65.4915
SitFloor_crossedLegs,89,Sitting,Sitting,True,0.936,0.0,67.3883
SitFloor_crossedLegs,90,Sitting,Sitting,True,0.943,0.0,62.3665
SitFloor_crossedLegs,91,Sitting,Sitting,True,0.944,0.0,64.6468
SitFloor_crossedLegs,92,Sitting,Sitting,True,0.936,0.0,67.5362
SitFloor_crossedLegs,93,Sitting,Sitting,True,0.93,0.0,72.9033
SitFloor_crossedLegs,94,Sitting,Sitting,True,0.928,0.0,81.0331
SitFloor_crossedLegs,95,Sitting,Sitting,True,0.927,0.0,86.5851
SitFloor_crossedLegs,96,Sitting,Sitting,True,0.915,0.0,84.0945
SitFloor_crossedLegs,97,Sitting,Sitting,True,0.891,0.0,92.4046
SitFloor_crossedLegs,98,Sitting,Sitting,True,0.878,0.0,93.1868
SitFloor_crossedLegs,99,Sitting,Sitting,True,0.848,0.0,99.6914
SitFloor_crossedLegs,100,Sitting,Sitting,True,0.835,0.0,93.1338
SitFloor_crossedLegs,101,Sitting,Sitting,True,0.823,0.0,77.6562
SitFloor_crossedLegs,102,Sitting,Sitting,True,0.818,0.0,72.8871
SitFloor_crossedLegs,103,Sitting,Sitting,True,0.806,0.0,71.35
SitFloor_crossedLegs,104,Sitting,Sitting,True,0.801,0.0,67.9774
SitFloor_crossedLegs,105,Sitting,Sitting,True,0.79,0.0,67.5528
SitFloor_crossedLegs,106,Sitting,Sitting,True,0.791,0.0,66.6166
SitFloor_crossedLegs,107,Sitting,Sitting,True,0.759,0.0,75.8018
SitFloor_crossedLegs,108,Sitting,Sitting,True,0.729,0.0,65.8499
SitFloor_crossedLegs,109,Sitting,Sitting,True,0.693,0.0,68.2024
SitFloor_crossedLegs,110,Sitting,Sitting,True,0.658,0.0,66.9312
SitFloor_crossedLegs,111,Sitting,Sitting,True,0.642,0.0,75.6782
SitFloor_crossedLegs,112,Sitting,Sitting,True,0.596,0.0,73.5732
SitFloor_crossedLegs,113,Sitting,Sitting,True,0.582,0.0,87.1827
SitFloor_crossedLegs,114,Sitting,Sitting,True,0.596,0.0,76.5765
SitFloor_crossedLegs,115,Sitting,Sitting,True,0.572,0.0,78.2457
SitFloor_crossedLegs,116,Sitting,Sitting,True,0.577,0.0,74.8197
SitFloor_crossedLegs,117,Sitting,Sitting,True,0.595,0.0,75.7699
SitFloor_crossedLegs,118,Sitting,Sitting,True,0.596,0.0,74.7565
SitFloor_crossedLegs,119,Sitting,Sitting,True,0.604,0.0,75.7261
SitFloor_crossedLegs,120,Sitting,Sitting,True,0.589,0.0,80.8297
SitFloor_crossedLegs,121,Sitting,Sitting,True,0.575,0.0,80.7387
SitFloor_crossedLegs,122,Sitting,Sitting,True,0.564,0.0,76.0488
SitFloor_crossedLegs,123,Sitting,Sitting,True,0.564,0.0,75.4241
SitFloor_crossedLegs,124,Sitting,Sitting,True,0.56,0.0,78.1267
SitFloor_crossedLegs,125,Sitting,Sitting,True,0.568,0.0,91.6319
SitFloor_crossedLegs,126,Sitting,Sitting,True,0.575,0.0,82.1339
SitFloor_crossedLegs,127,Sitting,Sitting,True,0.575,0.0,82.7082
SitFloor_crossedLegs,128,Sitting,Sitting,True,0.586,0.0,84.925
SitFloor_crossedLegs,129,Sitting,Sitting,True,0.594,0.0,81.2813
SitFloor_crossedLegs,130,Sitting,Sitting,True,0.599,0.0,83.3587
SitFloor_crossedLegs,131,Sitting,Sitting,True,0.609,0.0,89.0273
SitFloor_crossedLegs,132,Sitting,Sitting,True,0.618,0.0,79.4919
SitFloor_crossedLegs,133,Sitting,Sitting,True,0.625,0.0,87.1661
SitFloor_crossedLegs,134,Sitting,Sitting,True,0.63,0.0,78.0368
SitFloor_crossedLegs,135,Sitting,Sitting,True,0.637,0.0,84.5561
SitFloor_crossedLegs,136,Sitting,Sitting,True,0.646,0.0,76.3465
SitFloor_crossedLegs,137,Sitting,Sitting,True,0.652,0.0,83.5632
SitFloor_crossedLegs,138,Sitting,Sitting,True,0.659,0.0,85.0492
SitFloor_crossedLegs,139,Sitting,Sitting,True,0.654,0.0,89.3674
SitFloor_crossedLegs,140,Sitting,Sitting,True,0.647,0.0,82.067
SitFloor_crossedLegs,141,Sitting,Sitting,True,0.641,0.0,80.5196
SitFloor_crossedLegs,142,Sitting,Sitting,True,0.639,0.0,97.533
SitFloor_crossedLegs,143,Sitting,Sitting,True,0.632,0.0,94.4255
SitFloor_crossedLegs,144,Sitting,Sitting,True,0.617,0.0,81.425
SitFloor_crossedLegs,145,Sitting,Sitting,True,0.614,0.0,78.0852
SitFloor_crossedLegs,146,Sitting,Sitting,True,0.603,0.0,83.4264
SitFloor_crossedLegs,147,Sitting,Sitting,True,0.588,0.0,91.5916
SitFloor_crossedLegs,148,Sitting,Sitting,True,0.577,0.0,83.1923
SitFloor_crossedLegs,149,Sitting,Sitting,True,0.563,0.0,78.7741
SitFloor_crossedLegs,150,Sitting,Sitting,True,0.554,0.0,88.6215
SitFloor_crossedLegs,151,Sitting,Sitting,True,0.544,0.0,83.3912
SitFloor_crossedLegs,152,Sitting,Sitting,True,0.535,0.0,83.9147
SitFloor_crossedLegs,153,Sitting,Sitting,True,0.529,0.0,100.0252
SitFloor_crossedLegs,154,Sitting,Sitting,True,0.522,0.0,83.7948
SitFloor_crossedLegs,155,Sitting,Sitting,True,0.517,0.0,83.7601
SitFloor_crossedLegs,156,Sitting,Sitting,True,0.516,0.0,83.6903
SitFloor_crossedLegs,157,Sitting,Sitting,True,0.515,0.0,136.8615
SitFloor_crossedLegs,158,Sitting,Sitting,True,0.509,0.0,69.8212
SitFloor_crossedLegs,159,Sitting,Sitting,True,0.501,0.0,68.4084
SitFloor_crossedLegs,160,Sitting,Sitting,True,0.505,0.0,69.3603
SitFloor_crossedLegs,161,Sitting,Sitting,True,0.506,0.0,92.387
SitFloor_crossedLegs,162,Sitting,Sitting,True,0.508,0.0,154.2089
SitFloor_crossedLegs,163,Sitting,Sitting,True,0.519,0.0,149.0674
SitFloor_crossedLegs,164,Sitting,Sitting,True,0.53,0.0,117.9517
SitFloor_crossedLegs,165,Sitting,Sitting,True,0.531,0.0,174.1542
SitFloor_crossedLegs,166,Sitting,Sitting,True,0.547,0.0,107.2179
SitFloor_crossedLegs,167,Sitting,Sitting,True,0.565,0.0,106.6016
SitFloor_crossedLegs,168,Sitting,Sitting,True,0.591,0.0,129.8606
SitFloor_crossedLegs,169,Sitting,Sitting,True,0.614,0.0,124.6017
SitFloor_crossedLegs,170,Sitting,Sitting,True,0.637,0.0,132.401
SitFloor_crossedLegs,171,Sitting,Sitting,True,0.654,0.0,148.9287
SitFloor_crossedLegs,172,Sitting,Sitting,True,0.68,0.0,124.308
SitFloor_crossedLegs,173,Sitting,Sitting,True,0.694,0.0,103.1205
SitFloor_crossedLegs,174,Sitting,Sitting,True,0.704,0.0,106.2058
SitFloor_crossedLegs,175,Sitting,Sitting,True,0.712,0.0,110.327
SitFloor_crossedLegs,176,Sitting,Sitting,True,0.719,0.0,120.7988
SitFloor_crossedLegs,177,Sitting,Sitting,True,0.72,0.0,110.919
SitFloor_crossedLegs,178,Sitting,Sitting,True,0.716,0.0,100.8631
SitFloor_crossedLegs,179,Sitting,Sitting,True,0.714,0.0,94.9496
SitFloor_crossedLegs,180,Sitting,Sitting,True,0.707,0.0,131.1934
SitFloor_crossedLegs,181,Sitting,Sitting,True,0.696,0.0,112.7311
SitFloor_crossedLegs,182,Sitting,Sitting,True,0.691,0.0,115.9781
SitFloor_crossedLegs,183,Sitting,Sitting,True,0.688,0.0,119.342
SitFloor_crossedLegs,184,Sitting,Sitting,True,0.686,0.0,115.5079
SitFloor_crossedLegs,185,Sitting,Sitting,True,0.681,0.0,126.3779
SitFloor_crossedLegs,186,Sitting,Sitting,True,0.683,0.0,123.8769
SitFloor_crossedLegs,187,Sitting,Sitting,True,0.682,0.0,136.1758
SitFloor_crossedLegs,188,Sitting,Sitting,True,0.681,0.0,120.8192
SitFloor_crossedLegs,189,Sitting,Sitting,True,0.676,0.0,125.1436
SitFloor_crossedLegs,190,Sitting,Sitting,True,0.676,0.0,127.1987
SitFloor_crossedLegs,191,Sitting,Sitting,True,0.682,0.0,125.9231
SitFloor_crossedLegs,192,Sitting,Sitting,True,0.677,0.0,125.6176
SitFloor_crossedLegs,193,Sitting,Sitting,True,0.678,0.0,110.3696
SitFloor_crossedLegs,194,Sitting,Sitting,True,0.674,0.0,99.9872
SitFloor_crossedLegs,195,Sitting,Sitting,True,0.673,0.0,99.2662
SitFloor_crossedLegs,196,Sitting,Sitting,True,0.67,0.0,98.0236
SitFloor_crossedLegs,197,Sitting,Sitting,True,0.666,0.0,112.3876
SitFloor_crossedLegs,198,Sitting,Sitting,True,0.664,0.0,122.0168
SitFloor_crossedLegs,199,Sitting,Sitting,True,0.664,0.0,111.5556
SitFloor_crossedLegs,200,Sitting,Sitting,True,0.662,0.0,113.473
SitFloor_crossedLegs,201,Sitting,Sitting,True,0.659,0.0,113.5654
SitFloor_crossedLegs,202,Sitting,Sitting,True,0.661,0.0,109.3152
SitFloor_crossedLegs,203,Sitting,Sitting,True,0.665,0.0,102.6884
SitFloor_crossedLegs,204,Sitting,Sitting,True,0.664,0.0,122.2338
SitFloor_crossedLegs,205,Sitting,Sitting,True,0.662,0.0,113.4783
SitFloor_crossedLegs,206,,Sitting,,0.662,0.0,85.2801
SitFloor_crossedLegs,207,,Sitting,,0.664,0.0,81.2785
SitFloor_crossedLegs,208,,Sitting,,0.66,0.0,85.9863
SitFloor_crossedLegs,209,,Sitting,,0.657,0.0,84.9695
SitFloor_crossedLegs,210,,Sitting,,0.659,0.0,95.4548
SitFloor_crossedLegs,211,,Sitting,,0.659,0.0,85.4142
SitFloor_crossedLegs,212,,Sitting,,0.663,0.0,82.778
SitFloor_crossedLegs,213,,Sitting,,0.661,0.0,83.3847
SitFloor_crossedLegs,214,,Sitting,,0.666,0.0,78.8195
SitFloor_crossedLegs,215,,Sitting,,0.662,0.0,77.3485
SitFloor_crossedLegs,216,,Sitting,,0.662,0.0,97.6389
SitFloor_crossedLegs,217,,Sitting,,0.663,0.0,104.0034
SitFloor_crossedLegs,218,,Sitting,,0.661,0.0,93.9519
SitFloor_crossedLegs,219,,Sitting,,0.661,0.0,96.1075
SitFloor_crossedLegs,220,,Sitting,,0.66,0.0,82.4261
SitFloor_crossedLegs,221,,Sitting,,0.659,0.0,85.2567
SitFloor_crossedLegs,222,,Sitting,,0.66,0.0,80.9987
SitFloor_crossedLegs,223,,Sitting,,0.659,0.0,94.8107
SitFloor_crossedLegs,224,,Sitting,,0.659,0.0,84.7256
SitFloor_crossedLegs,225,,Sitting,,0.657,0.0,88.7017
SitFloor_crossedLegs,226,,Sitting,,0.656,0.0,77.2841
SitFloor_crossedLegs,227,,Sitting,,0.654,0.0,88.6083
SitFloor_crossedLegs,228,,Sitting,,0.651,0.0,75.1599
SitFloor_crossedLegs,229,,Sitting,,0.649,0.0,75.1756
SitFloor_crossedLegs,230,,Sitting,,0.648,0.0,126.8428
SitFloor_crossedLegs,231,,Sitting,,0.65,0.0,81.7807
SitFloor_crossedLegs,232,,Sitting,,0.651,0.0,91.2627
SitFloor_crossedLegs,233,,Sitting,,0.656,0.0,117.1605
SitFloor_crossedLegs,234,,Sitting,,0.658,0.0,121.8147
SitFloor_crossedLegs,235,,Sitting,,0.665,0.0,134.5086
SitFloor_crossedLegs,236,,Sitting,,0.665,0.0,95.2072
SitFloor_crossedLegs,237,,Sitting,,0.67,0.0,97.873
SitFloor_crossedLegs,238,,Sitting,,0.676,0.0,94.0553
SitFloor_crossedLegs,239,,Sitting,,0.682,0.0,102.715
SitFloor_crossedLegs,240,,Sitting,,0.691,0.0,120.0034
SitFloor_crossedLegs,241,,Sitting,,0.697,0.0,105.1309
SitFloor_crossedLegs,242,,Sitting,,0.705,0.0,98.5696
SitFloor_crossedLegs,243,,Sitting,,0.713,0.0,104.9067
SitFloor_crossedLegs,244,,Sitting,,0.717,0.0,116.4374
SitFloor_crossedLegs,245,,Sitting,,0.727,0.0,128.231
SitFloor_crossedLegs,246,,Sitting,,0.734,0.0,104.7017
SitFloor_crossedLegs,247,,Sitting,,0.738,0.0,95.5145
SitFloor_crossedLegs,248,,Sitting,,0.743,0.0,98.8298
SitFloor_crossedLegs,249,,Sitting,,0.744,0.0,105.5551
SitFloor_crossedLegs,250,,Sitting,,0.745,0.0,105.1682
SitFloor_crossedLegs,251,,Sitting,,0.741,0.0,97.1627
SitFloor_crossedLegs,252,,Sitting,,0.754,0.0,95.1186
SitFloor_crossedLegs,253,,Sitting,,0.765,0.0,125.9446
SitFloor_crossedLegs,254,,Sitting,,0.782,0.0,117.2685
SitFloor_crossedLegs,255,,Sitting,,0.798,0.0,157.5373
SitFloor_crossedLegs,256,,Sitting,,0.804,0.0,161.9672
SitFloor_crossedLegs,257,,Sitting,,0.817,0.0,115.6873
SitFloor_crossedLegs,258,,Sitting,,0.847,0.0,122.1123
SitFloor_crossedLegs,259,,Sitting,,0.858,0.0,114.0823
SitFloor_crossedLegs,260,,Sitting,,0.878,0.0,104.9944
SitFloor_crossedLegs,261,,Sitting,,0.89,0.0,124.3483
SitFloor_crossedLegs,262,,Sitting,,0.908,0.0,125.279
SitFloor_crossedLegs,263,,Sitting,,0.913,0.0,109.4798
SitFloor_crossedLegs,264,,Sitting,,0.914,0.0,112.6479
SitFloor_crossedLegs,265,,Sitting,,0.905,0.0,125.5444
SitFloor_crossedLegs,266,,Sitting,,0.907,0.0,115.3726
SitFloor_crossedLegs,267,,Sitting,,0.898,0.0,121.0947
SitFloor_crossedLegs,268,,Sitting,,0.892,0.0,119.368
SitFloor_crossedLegs,269,,Sitting,,0.888,0.0,114.456
SitFloor_crossedLegs,270,,Sitting,,0.829,0.0,115.2198
SitFloor_crossedLegs,271,,Sitting,,0.827,0.0,103.8052
SitFloor_crossedLegs,272,,Sitting,,0.83,0.0,114.2459
SitFloor_crossedLegs,273,,Sitting,,0.79,0.0,116.7335
SitFloor_crossedLegs,274,,Sitting,,0.753,0.0,148.3927
SitFloor_crossedLegs,275,,Sitting,,0.701,0.0,119.0
SitFloor_crossedLegs,276,,Sitting,,0.695,0.0,144.2593
SitFloor_crossedLegs,277,,Sitting,,0.683,0.0,123.8547
SitFloor_crossedLegs,278,,Sitting,,0.682,0.0,114.9328
SitFloor_crossedLegs,279,,Sitting,,0.623,0.0,113.6014
SitFloor_crossedLegs,280,,Sitting,,0.582,0.0,107.4474
SitFloor_crossedLegs,281,,Sitting,,0.497,0.0,142.1205
SitFloor_crossedLegs,282,,Standing,,0.541,0.0,123.1161
SitFloor_crossedLegs,283,,Standing,,0.671,0.0,102.9622
SitFloor_crossedLegs,284,,Standing,,0.692,0.0,124.4184
SitFloor_crossedLegs,285,,Standing,,0.745,0.0,125.3277
SitFloor_crossedLegs,286,,Standing,,0.81,0.0,180.499
SitFloor_crossedLegs,287,,Standing,,0.847,0.0,134.4866
SitFloor_crossedLegs,288,,Standing,,0.869,0.0,159.4974
SitFloor_crossedLegs,289,,Standing,,0.888,0.0,147.839
SitFloor_lowKeypoints_crossedLegs,31,,Sitting,,0.873,0.0,154.613
SitFloor_lowKeypoints_crossedLegs,32,,Sitting,,0.874,0.0,158.8729
SitFloor_lowKeypoints_crossedLegs,33,,Sitting,,0.876,0.0,190.7852
SitFloor_lowKeypoints_crossedLegs,34,,Sitting,,0.87,0.0,153.3935
SitFloor_lowKeypoints_crossedLegs,35,,Sitting,,0.862,0.0,145.7276
SitFloor_lowKeypoints_crossedLegs,36,,Sitting,,0.833,0.0,144.3946
SitFloor_lowKeypoints_crossedLegs,37,,Sitting,,0.808,0.0,132.8861
SitFloor_lowKeypoints_crossedLegs,38,,Sitting,,0.782,0.0,120.0895
SitFloor_lowKeypoints_crossedLegs,39,,Sitting,,0.772,0.0,141.7714
SitFloor_lowKeypoints_crossedLegs,40,,Sitting,,0.737,0.0,116.7979
SitFloor_lowKeypoints_crossedLegs,41,,Sitting,,0.721,0.0,115.0135
SitFloor_lowKeypoints_crossedLegs,42,,Sitting,,0.67,0.0,125.0363
SitFloor_lowKeypoints_crossedLegs,43,,Sitting,,0.629,0.0,116.4003
SitFloor_lowKeypoints_crossedLegs,44,,Sitting,,0.582,0.0,117.1378
SitFloor_lowKeypoints_crossedLegs,45,,Sitting,,0.553,0.0,101.2038
SitFloor_lowKeypoints_crossedLegs,46,,Sitting,,0.528,0.0,117.0231
SitFloor_lowKeypoints_crossedLegs,47,,Sitting,,0.5,0.0,101.3015
SitFloor_lowKeypoints_crossedLegs,48,,Sitting,,0.487,0.0,114.2066
SitFloor_lowKeypoints_crossedLegs,49,,Sitting,,0.488,0.0,133.8058
SitFloor_lowKeypoints_crossedLegs,50,,Sitting,,0.439,0.0,120.741
SitFloor_lowKeypoints_crossedLegs,51,,Sitting,,0.393,0.0,130.9099
SitFloor_lowKeypoints_crossedLegs,52,,Lying,,0.358,0.0,120.8441
SitFloor_lowKeypoints_crossedLegs,53,,Sitting,,0.359,0.0,106.5672
SitFloor_lowKeypoints_crossedLegs,54,,Standing,,0.356,0.0,96.9423
SitFloor_lowKeypoints_crossedLegs,55,,Standing,,0.444,0.0,96.7507
SitFloor_lowKeypoints_crossedLegs,56,,Standing,,0.485,0.0,95.5757
SitFloor_lowKeypoints_crossedLegs,57,,Standing,,0.551,0.0,104.6484
SitFloor_lowKeypoints_crossedLegs,58,,Standing,,0.576,0.0,105.7074
SitFloor_lowKeypoints_crossedLegs,59,,Standing,,0.628,0.0,104.7554
SitFloor_lowKeypoints_crossedLegs,60,,Standing,,0.62,0.0,90.8066
SitFloor_lowKeypoints_crossedLegs,61,,Standing,,0.621,0.0,101.1521
SitFloor_lowKeypoints_crossedLegs,62,,Standing,,0.602,0.0,89.1417
SitFloor_lowKeypoints_crossedLegs,63,,Standing,,0.546,0.0,105.9054
SitFloor_lowKeypoints_crossedLegs,64,,Standing,,0.526,0.0,105.8991
SitFloor_lowKeypoints_crossedLegs,65,,Standing,,0.463,0.0,111.9901
SitFloor_lowKeypoints_crossedLegs,66,,Sitting,,0.479,0.0,105.9113
SitFloor_lowKeypoints_crossedLegs,67,,Sitting,,0.536,0.0,189.7437
SitFloor_lowKeypoints_crossedLegs,68,,Sitting,,0.576,0.0,143.4923
SitFloor_lowKeypoints_crossedLegs,69,,Sitting,,0.614,0.0,135.5942
SitFloor_lowKeypoints_crossedLegs,70,,Sitting,,0.667,0.0,135.1126
SitFloor_lowKeypoints_crossedLegs,71,,Sitting,,0.715,0.0,120.881
SitFloor_lowKeypoints_crossedLegs,72,,Sitting,,0.755,0.0,114.1178
SitFloor_lowKeypoints_crossedLegs,73,,Sitting,,0.806,0.0,134.163
SitFloor_lowKeypoints_crossedLegs,74,,Sitting,,0.798,0.0,139.9633
SitFloor_lowKeypoints_crossedLegs,75,,Sitting,,0.804,0.0,151.8119
SitFloor_lowKeypoints_crossedLegs,76,,Sitting,,0.795,0.0,164.2391
SitFloor_lowKeypoints_crossedLegs,77,,Sitting,,0.756,0.0,179.795
SitFloor_lowKeypoints_crossedLegs,78,,Sitting,,0.706,0.0,179.8456
SitFloor_lowKeypoints_crossedLegs,79,,Sitting,,0.676,0.0,159.6458
SitFloor_lowKeypoints_crossedLegs,80,,Sitting,,0.606,0.0,141.7796
SitFloor_lowKeypoints_crossedLegs,81,,Sitting,,0.569,0.0,130.0008
SitFloor_lowKeypoints_crossedLegs,82,,Sitting,,0.532,0.0,136.6212
SitFloor_lowKeypoints_crossedLegs,83,,Sitting,,0.498,0.0,135.0605
SitFloor_lowKeypoints_crossedLegs,84,,Sitting,,0.46,0.0,111.4582
SitFloor_lowKeypoints_crossedLegs,85,,Unknown,,0.415,0.0,160.7199
SitFloor_lowKeypoints_crossedLegs,86,Sitting,Unknown,False,0.412,0.0,130.3443
SitFloor_lowKeypoints_crossedLegs,87,Sitting,Unknown,False,0.417,0.0,148.2462
SitFloor_lowKeypoints_crossedLegs,88,Sitting,Unknown,False,0.417,0.0,133.6039
SitFloor_lowKeypoints_crossedLegs,89,Sitting,Unknown,False,0.42,0.0,129.5053
SitFloor_lowKeypoints_crossedLegs,90,Sitting,Unknown,False,0.429,0.0,112.1324
SitFloor_lowKeypoints_crossedLegs,91,Sitting,Unknown,False,0.432,0.0,129.625
SitFloor_lowKeypoints_crossedLegs,92,Sitting,Unknown,False,0.428,0.0,101.1478
SitFloor_lowKeypoints_crossedLegs,93,Sitting,Unknown,False,0.424,0.0,145.8469
SitFloor_lowKeypoints_crossedLegs,94,Sitting,Unknown,False,0.416,0.0,137.6369
SitFloor_lowKeypoints_crossedLegs,95,Sitting,Sitting,True,0.424,0.0,142.5969
SitFloor_lowKeypoints_crossedLegs,96,Sitting,Sitting,True,0.434,0.0,125.8556
SitFloor_lowKeypoints_crossedLegs,97,Sitting,Sitting,True,0.437,0.0,127.565
SitFloor_lowKeypoints_crossedLegs,98,Sitting,Sitting,True,0.447,0.0,124.1991
SitFloor_lowKeypoints_crossedLegs,99,Sitting,Sitting,True,0.46,0.0,122.5684
SitFloor_lowKeypoints_crossedLegs,100,Sitting,Sitting,True,0.464,0.0,127.2178
SitFloor_lowKeypoints_crossedLegs,101,Sitting,Sitting,True,0.476,0.0,128.877
SitFloor_lowKeypoints_crossedLegs,102,Sitting,Sitting,True,0.49,0.0,122.3825
SitFloor_lowKeypoints_crossedLegs,103,Sitting,Sitting,True,0.503,0.0,125.3626
SitFloor_lowKeypoints_crossedLegs,104,Sitting,Sitting,True,0.538,0.0,136.7898
SitFloor_lowKeypoints_crossedLegs,105,Sitting,Sitting,True,0.556,0.0,144.7202
SitFloor_lowKeypoints_crossedLegs,106,Sitting,Sitting,True,0.547,0.0,136.1157
SitFloor_lowKeypoints_crossedLegs,107,Sitting,Sitting,True,0.546,0.0,113.4499
SitFloor_lowKeypoints_crossedLegs,108,Sitting,Sitting,True,0.558,0.0,135.4267
SitFloor_lowKeypoints_crossedLegs,109,Sitting,Sitting,True,0.571,0.0,124.6798
SitFloor_lowKeypoints_crossedLegs,110,Sitting,Sitting,True,0.586,0.0,115.1984
SitFloor_lowKeypoints_crossedLegs,111,Sitting,Sitting,True,0.607,0.0,132.4154
SitFloor_lowKeypoints_crossedLegs,112,Sitting,Sitting,True,0.631,0.0,107.6802
SitFloor_lowKeypoints_crossedLegs,113,Sitting,Sitting,True,0.659,0.0,133.9871
SitFloor_lowKeypoints_crossedLegs,114,Sitting,Sitting,True,0.67,0.0,152.9082
SitFloor_lowKeypoints_crossedLegs,115,Sitting,Sitting,True,0.666,0.0,113.0971
SitFloor_lowKeypoints_crossedLegs,116,Sitting,Sitting,True,0.674,0.0,124.5546
SitFloor_lowKeypoints_crossedLegs,117,Sitting,Sitting,True,0.681,0.0,100.7593
SitFloor_lowKeypoints_crossedLegs,118,Sitting,Sitting,True,0.68,0.0,94.5131
SitFloor_lowKeypoints_crossedLegs,119,Sitting,Sitting,True,0.681,0.0,84.6694
SitFloor_lowKeypoints_crossedLegs,120,Sitting,Sitting,True,0.695,0.0,85.4875
SitFloor_lowKeypoints_crossedLegs,121,Sitting,Sitting,True,0.713,0.0,80.1775
SitFloor_lowKeypoints_crossedLegs,122,Sitting,Sitting,True,0.705,0.0,76.14
SitFloor_lowKeypoints_crossedLegs,123,Sitting,Sitting,True,0.705,0.0,74.2097
SitFloor_lowKeypoints_crossedLegs,124,Sitting,Sitting,True,0.698,0.0,91.232
SitFloor_lowKeypoints_crossedLegs,125,Sitting,Sitting,True,0.7,0.0,78.3593
SitFloor_lowKeypoints_crossedLegs,126,Sitting,Sitting,True,0.707,0.0,88.478
SitFloor_lowKeypoints_crossedLegs,127,Sitting,Sitting,True,0.727,0.0,76.9498
SitFloor_lowKeypoints_crossedLegs,128,Sitting,Sitting,True,0.744,0.0,79.7979
SitFloor_lowKeypoints_crossedLegs,129,Sitting,Sitting,True,0.738,0.0,76.1528
SitFloor_lowKeypoints_crossedLegs,130,Sitting,Sitting,True,0.779,0.0,73.5551
SitFloor_lowKeypoints_crossedLegs,131,Sitting,Sitting,True,0.789,0.0,77.1905
SitFloor_lowKeypoints_crossedLegs,132,Sitting,Sitting,True,0.777,0.0,72.5275
SitFloor_lowKeypoints_crossedLegs,133,Sitting,Sitting,True,0.777,0.0,80.1867
SitFloor_lowKeypoints_crossedLegs,134,Sitting,Sitting,True,0.781,0.0,71.6879
SitFloor_lowKeypoints_crossedLegs,135,Sitting,Sitting,True,0.789,0.0,73.0952
SitFloor_lowKeypoints_crossedLegs,136,Sitting,Sitting,True,0.797,0.0,68.3693
SitFloor_lowKeypoints_crossedLegs,137,Sitting,Sitting,True,0.797,0.0,81.8744
SitFloor_lowKeypoints_crossedLegs,138,Sitting,Sitting,True,0.797,0.0,91.4494
SitFloor_lowKeypoints_crossedLegs,139,Sitting,Sitting,True,0.799,0.0,84.8954
SitFloor_lowKeypoints_crossedLegs,140,Sitting,Sitting,True,0.806,0.0,76.1492
SitFloor_lowKeypoints_crossedLegs,141,Sitting,Sitting,True,0.806,0.0,72.92
SitFloor_lowKeypoints_crossedLegs,142,Sitting,Sitting,True,0.807,0.0,74.0816
SitFloor_lowKeypoints_crossedLegs,143,Sitting,Sitting,True,0.814,0.0,83.5782
SitFloor_lowKeypoints_crossedLegs,144,Sitting,Sitting,True,0.812,0.0,87.8964
SitFloor_lowKeypoints_crossedLegs,145,Sitting,Sitting,True,0.819,0.0,77.0912
SitFloor_lowKeypoints_crossedLegs,146,Sitting,Sitting,True,0.823,0.0,71.231
SitFloor_lowKeypoints_crossedLegs,147,Sitting,Sitting,True,0.825,0.0,70.1397
SitFloor_lowKeypoints_crossedLegs,148,Sitting,Sitting,True,0.828,0.0,65.3617
SitFloor_lowKeypoints_crossedLegs,149,Sitting,Sitting,True,0.83,0.0,65.5497
SitFloor_lowKeypoints_crossedLegs,150,Sitting,Sitting,True,0.823,0.0,66.8926
SitFloor_lowKeypoints_crossedLegs,151,Sitting,Sitting,True,0.824,0.0,66.7681
SitFloor_lowKeypoints_crossedLegs,152,Sitting,Sitting,True,0.816,0.0,75.6763
SitFloor_lowKeypoints_crossedLegs,153,Sitting,Sitting,True,0.807,0.0,69.4679
SitFloor_lowKeypoints_crossedLegs,154,Sitting,Sitting,True,0.805,0.0,66.7942
SitFloor_lowKeypoints_crossedLegs,155,Sitting,Sitting,True,0.804,0.0,65.8932
SitFloor_lowKeypoints_crossedLegs,156,Sitting,Sitting,True,0.794,0.0,64.2987
SitFloor_lowKeypoints_crossedLegs,157,Sitting,Sitting,True,0.783,0.0,74.1035
SitFloor_lowKeypoints_crossedLegs,158,Sitting,Sitting,True,0.778,0.0,73.0883
SitFloor_lowKeypoints_crossedLegs,159,Sitting,Sitting,True,0.766,0.0,72.0799
SitFloor_lowKeypoints_crossedLegs,160,Sitting,Sitting,True,0.764,0.0,70.2175
SitFloor_lowKeypoints_crossedLegs,161,Sitting,Sitting,True,0.753,0.0,74.8258
SitFloor_lowKeypoints_crossedLegs,162,Sitting,Sitting,True,0.736,0.0,63.2705
SitFloor_lowKeypoints_crossedLegs,163,Sitting,Sitting,True,0.739,0.0,63.378
SitFloor_lowKeypoints_crossedLegs,164,Sitting,Sitting,True,0.726,0.0,69.775
SitFloor_lowKeypoints_crossedLegs,165,Sitting,Sitting,True,0.728,0.0,62.9427
SitFloor_lowKeypoints_crossedLegs,166,Sitting,Sitting,True,0.714,0.0,64.9846
SitFloor_lowKeypoints_crossedLegs,167,Sitting,Sitting,True,0.712,0.0,66.6265
SitFloor_lowKeypoints_crossedLegs,168,Sitting,Sitting,True,0.711,0.0,68.7024
SitFloor_lowKeypoints_crossedLegs,169,Sitting,Sitting,True,0.693,0.0,68.0103
SitFloor_lowKeypoints_crossedLegs,170,Sitting,Sitting,True,0.674,0.0,62.9716
SitFloor_lowKeypoints_crossedLegs,171,Sitting,Sitting,True,0.666,0.0,73.59
SitFloor_lowKeypoints_crossedLegs,172,Sitting,Sitting,True,0.645,0.0,76.8459
SitFloor_lowKeypoints_crossedLegs,173,Sitting,Sitting,True,0.644,0.0,80.7629
SitFloor_lowKeypoints_crossedLegs,174,Sitting,Sitting,True,0.658,0.0,72.0959
SitFloor_lowKeypoints_crossedLegs,175,Sitting,Sitting,True,0.65,0.0,76.6887
SitFloor_lowKeypoints_crossedLegs,176,Sitting,Sitting,True,0.639,0.0,81.3294
SitFloor_lowKeypoints_crossedLegs,177,Sitting,Sitting,True,0.638,0.0,128.5177
SitFloor_lowKeypoints_crossedLegs,178,Sitting,Sitting,True,0.636,0.0,117.0847
SitFloor_lowKeypoints_crossedLegs,179,Sitting,Sitting,True,0.632,0.0,88.346
SitFloor_lowKeypoints_crossedLegs,180,Sitting,Sitting,True,0.635,0.0,99.706
SitFloor_lowKeypoints_crossedLegs,181,Sitting,Sitting,True,0.624,0.0,104.0022
SitFloor_lowKeypoints_crossedLegs,182,Sitting,Sitting,True,0.635,0.0,105.2252
SitFloor_lowKeypoints_crossedLegs,183,Sitting,Sitting,True,0.674,0.0,114.434
SitFloor_lowKeypoints_crossedLegs,184,Sitting,Sitting,True,0.666,0.0,104.0187
SitFloor_lowKeypoints_crossedLegs,185,Sitting,Sitting,True,0.662,0.0,111.0564
SitFloor_lowKeypoints_crossedLegs,186,Sitting,Sitting,True,0.656,0.0,102.8955
SitFloor_lowKeypoints_crossedLegs,187,Sitting,Sitting,True,0.666,0.0,133.9721
SitFloor_lowKeypoints_crossedLegs,188,Sitting,Sitting,True,0.673,0.0,141.3625
SitFloor_lowKeypoints_crossedLegs,189,Sitting,Sitting,True,0.659,0.0,135.3472
SitFloor_lowKeypoints_crossedLegs,190,Sitting,Sitting,True,0.712,0.0,143.0087
SitFloor_lowKeypoints_crossedLegs,191,Sitting,Sitting,True,0.707,0.0,108.1051
SitFloor_lowKeypoints_crossedLegs,192,Sitting,Sitting,True,0.718,0.0,131.8311
SitFloor_lowKeypoints_crossedLegs,193,Sitting,Sitting,True,0.715,0.0,110.8344
SitFloor_lowKeypoints_crossedLegs,194,Sitting,Sitting,True,0.715,0.0,104.6966
SitFloor_lowKeypoints_crossedLegs,195,Sitting,Sitting,True,0.723,0.0,138.2636
SitFloor_lowKeypoints_crossedLegs,196,Sitting,Sitting,True,0.728,0.0,278.6699
SitFloor_lowKeypoints_crossedLegs,197,Sitting,Sitting,True,0.73,0.0,118.0407
SitFloor_lowKeypoints_crossedLegs,198,Sitting,Sitting,True,0.765,0.0,144.6986
SitFloor_lowKeypoints_crossedLegs,199,Sitting,Sitting,True,0.762,0.0,131.7509
SitFloor_lowKeypoints_crossedLegs,200,Sitting,Sitting,True,0.775,0.0,111.7382
SitFloor_lowKeypoints_crossedLegs,201,,Sitting,,0.776,0.0,103.3973
SitFloor_lowKeypoints_crossedLegs,202,,Sitting,,0.794,0.0,120.1963
SitFloor_lowKeypoints_crossedLegs,203,,Sitting,,0.797,0.0,98.775
SitFloor_lowKeypoints_crossedLegs,204,,Sitting,,0.791,0.0,109.4341
SitFloor_lowKeypoints_crossedLegs,205,,Sitting,,0.792,0.0,107.5338
SitFloor_lowKeypoints_crossedLegs,206,,Sitting,,0.797,0.0,125.9442
SitFloor_lowKeypoints_crossedLegs,207,,Sitting,,0.818,0.0,98.9961
SitFloor_lowKeypoints_crossedLegs,208,,Sitting,,0.814,0.0,102.2927
SitFloor_lowKeypoints_crossedLegs,209,,Sitting,,0.813,0.0,101.2224
SitFloor_lowKeypoints_crossedLegs,210,,Sitting,,0.813,0.0,96.5153
SitFloor_lowKeypoints_crossedLegs,211,,Sitting,,0.811,0.0,105.3985
SitFloor_lowKeypoints_crossedLegs,212,,Sitting,,0.807,0.0,111.2541
SitFloor_lowKeypoints_crossedLegs,213,,Sitting,,0.817,0.0,97.5765
SitFloor_lowKeypoints_crossedLegs,214,,Sitting,,0.823,0.0,88.2944
SitFloor_lowKeypoints_crossedLegs,215,,Sitting,,0.817,0.0,95.6637
SitFloor_lowKeypoints_crossedLegs,216,,Sitting,,0.817,0.0,81.7368
SitFloor_lowKeypoints_crossedLegs,217,,Sitting,,0.815,0.0,80.4674
SitFloor_lowKeypoints_crossedLegs,218,,Sitting,,0.812,0.0,78.5493
SitFloor_lowKeypoints_crossedLegs,219,,Sitting,,0.804,0.0,72.998
SitFloor_lowKeypoints_crossedLegs,220,,Sitting,,0.799,0.0,72.7419
SitFloor_lowKeypoints_crossedLegs,221,,Sitting,,0.795,0.0,77.9344
SitFloor_lowKeypoints_crossedLegs,222,,Sitting,,0.787,0.0,77.7418
SitFloor_lowKeypoints_crossedLegs,223,,Sitting,,0.775,0.0,82.4271
SitFloor_lowKeypoints_crossedLegs,224,,Sitting,,0.767,0.0,81.8884
SitFloor_lowKeypoints_crossedLegs,225,,Sitting,,0.751,0.0,77.7253
SitFloor_lowKeypoints_crossedLegs,226,,Sitting,,0.742,0.0,79.1673
SitFloor_lowKeypoints_crossedLegs,227,,Sitting,,0.726,0.0,81.5863
SitFloor_lowKeypoints_crossedLegs,228,,Sitting,,0.714,0.0,92.706
SitFloor_lowKeypoints_crossedLegs,229,,Sitting,,0.71,0.0,85.6644
SitFloor_lowKeypoints_crossedLegs,230,,Sitting,,0.689,0.0,78.8303
SitFloor_lowKeypoints_crossedLegs,231,,Sitting,,0.675,0.0,87.0183
SitFloor_lowKeypoints_crossedLegs,232,,Sitting,,0.694,0.0,82.3575
SitFloor_lowKeypoints_crossedLegs,233,,Sitting,,0.682,0.0,82.3513
SitFloor_lowKeypoints_crossedLegs,234,,Sitting,,0.664,0.0,83.6184
SitFloor_lowKeypoints_crossedLegs,235,,Sitting,,0.644,0.0,95.7647
SitFloor_lowKeypoints_crossedLegs,236,,Sitting,,0.656,0.0,134.6541
SitFloor_lowKeypoints_crossedLegs,237,,Sitting,,0.639,0.0,124.5187
SitFloor_lowKeypoints_crossedLegs,238,,Sitting,,0.631,0.0,253.1183
SitFloor_lowKeypoints_crossedLegs,239,,Sitting,,0.627,0.0,136.6199
SitFloor_lowKeypoints_crossedLegs,240,,Sitting,,0.629,0.0,124.0782
SitFloor_lowKeypoints_crossedLegs,241,,Sitting,,0.615,0.0,100.0277
SitFloor_lowKeypoints_crossedLegs,242,,Sitting,,0.606,0.0,89.5274
SitFloor_lowKeypoints_crossedLegs,243,,Sitting,,0.576,0.0,100.1046
SitFloor_lowKeypoints_crossedLegs,244,,Sitting,,0.558,0.0,97.0896
SitFloor_lowKeypoints_crossedLegs,245,,Sitting,,0.543,0.0,127.8041
SitFloor_lowKeypoints_crossedLegs,246,,Sitting,,0.525,0.0,119.254
SitFloor_lowKeypoints_crossedLegs,247,,Sitting,,0.545,0.0,123.9228
SitFloor_lowKeypoints_crossedLegs,248,,Sitting,,0.543,0.0,130.4609
SitFloor_lowKeypoints_crossedLegs,249,,Sitting,,0.532,0.0,130.4392
SitFloor_lowKeypoints_crossedLegs,250,,Sitting,,0.543,0.0,116.4983
SitFloor_lowKeypoints_crossedLegs,251,,Sitting,,0.51,0.0,128.6096
SitFloor_lowKeypoints_crossedLegs,252,,Sitting,,0.523,0.0,113.8014
SitFloor_lowKeypoints_crossedLegs,253,,Sitting,,0.523,0.0,136.063
SitFloor_lowKeypoints_crossedLegs,254,,Sitting,,0.531,0.0,136.5319
SitFloor_lowKeypoints_crossedLegs,255,,Sitting,,0.538,0.0,169.1932
SitFloor_lowKeypoints_crossedLegs,256,,Sitting,,0.555,0.0,142.641
SitFloor_lowKeypoints_crossedLegs,257,,Sitting,,0.587,0.0,157.7023
SitFloor_lowKeypoints_crossedLegs,258,,Sitting,,0.605,0.0,108.0205
SitFloor_lowKeypoints_crossedLegs,259,,Sitting,,0.597,0.0,103.963
SitFloor_lowKeypoints_crossedLegs,260,,Sitting,,0.627,0.0,139.8299
SitFloor_lowKeypoints_crossedLegs,261,,Sitting,,0.647,0.0,120.6079
SitFloor_lowKeypoints_crossedLegs,262,,Sitting,,0.684,0.0,147.2245
SitFloor_lowKeypoints_crossedLegs,263,,Sitting,,0.721,0.0,171.5642
SitFloor_lowKeypoints_crossedLegs,264,,Sitting,,0.725,0.0,186.5691
SitFloor_lowKeypoints_crossedLegs,265,,Sitting,,0.733,0.0,211.5708
SitFloor_lowKeypoints_crossedLegs,266,,Sitting,,0.764,0.0,224.3192
SitFloor_lowKeypoints_crossedLegs,267,,Sitting,,0.776,0.0,277.8843
SitFloor_lowKeypoints_crossedLegs,268,,Sitting,,0.786,0.0,202.8133
SitFloor_lowKeypoints_crossedLegs,269,,Sitting,,0.792,0.0,187.435
SitFloor_lowKeypoints_crossedLegs,270,,Sitting,,0.816,0.0,283.0189
SitFloor_lowKeypoints_crossedLegs,271,,Sitting,,0.847,0.0,190.368
SitFloor_lowKeypoints_crossedLegs,272,,Sitting,,0.862,0.0,193.3143
SitFloor_lowKeypoints_crossedLegs,273,,Sitting,,0.874,0.0,223.1905
SitFloor_lowKeypoints_crossedLegs,274,,Sitting,,0.879,0.0,163.0299
SitFloor_lowKeypoints_crossedLegs,275,,Sitting,,0.877,0.0,151.5774
SitFloor_lowKeypoints_crossedLegs,276,,Sitting,,0.87,0.0,186.731
SitFloor_lowKeypoints_crossedLegs,277,,Sitting,,0.877,0.0,152.3175
SitFloor_lowKeypoints_crossedLegs,278,,Sitting,,0.899,0.0,181.473
SitFloor_lowKeypoints_crossedLegs,279,,Sitting,,0.911,0.0,203.0733
SitFloor_lowKeypoints_crossedLegs,280,,Sitting,,0.919,0.0,218.7249
SitFloor_lowKeypoints_crossedLegs,281,,Sitting,,0.929,0.0,188.4078
SitFloor_lowKeypoints_crossedLegs,282,,Sitting,,0.919,0.0,213.9835
SitFloor_lowKeypoints_crossedLegs,283,,Sitting,,0.909,0.0,204.0658
SitFloor_lowKeypoints_crossedLegs,284,,Sitting,,0.921,0.0,221.434
SitFloor_lowKeypoints_crossedLegs,285,,Sitting,,0.921,0.0,204.34
SitFloor_lowKeypoints_crossedLegs,286,,Sitting,,0.891,0.0,180.5088
SitFloor_lowKeypoints_crossedLegs,287,,Sitting,,0.88,0.0,178.1697
SitFloor_lowKeypoints_crossedLegs,288,,Sitting,,0.867,0.0,192.301
SitFloor_lowKeypoints_crossedLegs,289,,Sitting,,0.874,0.0,154.0324
SitFloor_lowKeypoints_crossedLegs,290,,Sitting,,0.846,0.0,155.6634
SitFloor_lowKeypoints_crossedLegs,291,,Sitting,,0.829,0.0,214.1884
SitFloor_lowKeypoints_crossedLegs,292,,Sitting,,0.773,0.0,354.8273
SitFloor_lowKeypoints_crossedLegs,293,,Sitting,,0.799,0.0,329.5273
SitFloor_lowKeypoints_crossedLegs,294,,Sitting,,0.664,0.0,250.3129
SitFloor_lowKeypoints_crossedLegs,295,,Sitting,,0.653,0.0,207.2434
SitFloor_lowKeypoints_crossedLegs,296,,Sitting,,0.521,0.0,214.7868
SitFloor_lowKeypoints_crossedLegs,297,,Lying,,0.436,0.0,196.247
SitFloor_lowKeypoints_crossedLegs,298,,Lying,,0.388,0.0,178.6534
SitFloor_lowKeypoints_crossedLegs,299,,Standing,,0.362,0.0,186.7954
SitFloor_lowKeypoints_crossedLegs,300,,Standing,,0.593,0.0,163.7804
SitFloor_lowKeypoints_crossedLegs,301,,Standing,,0.772,0.0,205.4514
SitFloor_lowKeypoints_crossedLegs,302,,Standing,,0.881,0.0,221.2743
SitFloor_lowKeypoints_crossedLegs,303,,Standing,,0.94,0.0,199.6422
SitFloor_lowKeypoints_crossedLegs,304,,Standing,,0.967,0.0,197.0029
SitFloor_lowKeypoints_crossedLegs,305,,Standing,,0.979,0.0,182.1118
SitFloor_lowKeypoints_crossedLegs,306,,Standing,,0.988,0.0,196.918
SitFloor_lowKeypoints_crossedLegs,307,,Standing,,0.988,0.0,219.9924
SitFloor_lowKeypoints_crossedLegs,308,,Standing,,0.991,0.0,205.6407
SitFloor_lowKeypoints_crossedLegs,309,,Standing,,0.991,0.0,171.4189
SitFloor_lowKeypoints_crossedLegs,310,,Standing,,0.991,0.0,210.8177
SitFloor_lowKeypoints_crossedLegs,311,,Standing,,0.988,0.0,182.7272
SitFloor_lowKeypoints_crossedLegs,312,,Standing,,0.99,0.0,197.6828
SitFloor_lowKeypoints_crossedLegs,313,,Standing,,0.991,0.0,201.5773
SitFloor_lowKeypoints_crossedLegs,314,,Standing,,0.991,0.0,223.1896
SitFloor_lowKeypoints_crossedLegs,315,,Standing,,0.991,0.0,241.7787
SitFloor_lowKeypoints,31,Standing,Standing,True,0.987,0.0,140.0978
SitFloor_lowKeypoints,32,Standing,Standing,True,0.987,0.0,123.1568
SitFloor_lowKeypoints,33,Standing,Standing,True,0.987,0.0,117.9489
SitFloor_lowKeypoints,34,Standing,Standing,True,0.986,0.0,117.2371
SitFloor_lowKeypoints,35,Standing,Standing,True,0.986,0.0,110.9677
SitFloor_lowKeypoints,36,Standing,Standing,True,0.985,0.0,128.3939
SitFloor_lowKeypoints,37,Standing,Standing,True,0.985,0.0,129.245
SitFloor_lowKeypoints,38,Standing,Standing,True,0.984,0.0,129.9902
SitFloor_lowKeypoints,39,Standing,Standing,True,0.982,0.0,105.5146
SitFloor_lowKeypoints,40,Standing,Standing,True,0.981,0.0,120.2966
SitFloor_lowKeypoints,41,Standing,Standing,True,0.98,0.0,113.9062
SitFloor_lowKeypoints,42,Standing,Standing,True,0.978,0.0,113.7445
SitFloor_lowKeypoints,43,Standing,Standing,True,0.976,0.0,127.2512
SitFloor_lowKeypoints,44,Standing,Standing,True,0.973,0.0,118.4178
SitFloor_lowKeypoints,45,Standing,Standing,True,0.97,0.0,145.0404
SitFloor_lowKeypoints,46,Standing,Standing,True,0.966,0.0,201.644
SitFloor_lowKeypoints,47,Standing,Standing,True,0.961,0.0,167.115
SitFloor_lowKeypoints,48,Standing,Standing,True,0.955,0.0,183.4454
SitFloor_lowKeypoints,49,Standing,Standing,True,0.948,0.0,159.2795
SitFloor_lowKeypoints,50,Standing,Standing,True,0.941,0.0,141.3991
SitFloor_lowKeypoints,51,Standing,Standing,True,0.934,0.0,180.455
SitFloor_lowKeypoints,52,Standing,Standing,True,0.924,0.0,160.6472
SitFloor_lowKeypoints,53,Standing,Standing,True,0.917,0.0,109.0062
SitFloor_lowKeypoints,54,Standing,Standing,True,0.904,0.0,118.3441
SitFloor_lowKeypoints,55,Standing,Standing,True,0.903,0.0,108.3802
SitFloor_lowKeypoints,56,Standing,Standing,True,0.902,0.0,96.8145
SitFloor_lowKeypoints,57,Standing,Standing,True,0.907,0.0,124.0691
SitFloor_lowKeypoints,58,,Standing,,0.914,0.0,132.7205
SitFloor_lowKeypoints,59,,Standing,,0.919,0.0,183.8825
SitFloor_lowKeypoints,60,,Standing,,0.917,0.0,142.8163
SitFloor_lowKeypoints,61,,Standing,,0.917,0.0,141.593
SitFloor_lowKeypoints,62,,Standing,,0.921,0.0,152.9996
SitFloor_lowKeypoints,63,,Standing,,0.924,0.0,127.0396
SitFloor_lowKeypoints,64,,Standing,,0.93,0.0,122.4814
SitFloor_lowKeypoints,65,,Standing,,0.933,0.0,147.6204
SitFloor_lowKeypoints,66,,Standing,,0.939,0.0,123.9835
SitFloor_lowKeypoints,67,,Standing,,0.943,0.0,123.1582
SitFloor_lowKeypoints,68,,Standing,,0.944,0.0,127.0735
SitFloor_lowKeypoints,69,,Standing,,0.945,0.0,133.9941
SitFloor_lowKeypoints,70,,Standing,,0.945,0.0,122.4323
SitFloor_lowKeypoints,71,,Standing,,0.942,0.0,129.0254
SitFloor_lowKeypoints,72,,Standing,,0.94,0.0,208.7002
SitFloor_lowKeypoints,73,,Standing,,0.935,0.0,121.8846
SitFloor_lowKeypoints,74,,Standing,,0.934,0.0,110.6191
SitFloor_lowKeypoints,75,,Standing,,0.929,0.0,98.4788
SitFloor_lowKeypoints,76,,Standing,,0.918,0.0,87.0231
SitFloor_lowKeypoints,77,,Standing,,0.905,0.0,109.1977
SitFloor_lowKeypoints,78,,Standing,,0.886,0.0,93.1636
SitFloor_lowKeypoints,79,,Standing,,0.857,0.0,117.3387
SitFloor_lowKeypoints,80,,Standing,,0.828,0.0,123.4459
SitFloor_lowKeypoints,81,,Standing,,0.794,0.0,105.9472
SitFloor_lowKeypoints,82,,Standing,,0.739,0.0,102.9448
SitFloor_lowKeypoints,83,,Standing,,0.683,0.0,93.0265
SitFloor_lowKeypoints,84,,Standing,,0.619,0.0,89.5988
SitFloor_lowKeypoints,85,,Standing,,0.541,0.0,94.3778
SitFloor_lowKeypoints,86,,Sitting,,0.496,0.0,94.7083
SitFloor_lowKeypoints,87,,Sitting,,0.556,0.0,92.1243
SitFloor_lowKeypoints,88,,Sitting,,0.592,0.0,98.0938
SitFloor_lowKeypoints,89,,Sitting,,0.615,0.0,117.0933
SitFloor_lowKeypoints,90,,Sitting,,0.639,0.0,85.9106
SitFloor_lowKeypoints,91,,Sitting,,0.653,0.0,96.3109
SitFloor_lowKeypoints,92,,Sitting,,0.669,0.0,88.1488
SitFloor_lowKeypoints,93,,Sitting,,0.676,0.0,141.916
SitFloor_lowKeypoints,94,,Sitting,,0.681,0.0,101.1093
SitFloor_lowKeypoints,95,,Sitting,,0.68,0.0,112.0421
SitFloor_lowKeypoints,96,,Sitting,,0.67,0.0,101.4185
SitFloor_lowKeypoints,97,,Sitting,,0.656,0.0,85.2722
SitFloor_lowKeypoints,98,,Sitting,,0.637,0.0,108.7613
SitFloor_lowKeypoints,99,,Sitting,,0.603,0.0,99.4634
SitFloor_lowKeypoints,100,,Sitting,,0.597,0.0,97.9238
SitFloor_lowKeypoints,101,,Sitting,,0.566,0.0,82.2117
SitFloor_lowKeypoints,102,,Sitting,,0.539,0.0,96.4383
SitFloor_lowKeypoints,103,,Sitting,,0.519,0.0,86.5465
SitFloor_lowKeypoints,104,,Sitting,,0.494,0.0,86.9737
SitFloor_lowKeypoints,105,,Sitting,,0.431,0.0,83.7575
SitFloor_lowKeypoints,106,,Lying,,0.421,0.0,103.3499
SitFloor_lowKeypoints,107,,Sitting,,0.394,0.0,91.1312
SitFloor_lowKeypoints,108,,Lying,,0.384,0.0,108.3491
SitFloor_lowKeypoints,109,,Sitting,,0.359,0.0,134.6896
SitFloor_lowKeypoints,110,,Standing,,0.354,0.0,140.735
SitFloor_lowKeypoints,111,,Standing,,0.411,0.0,107.965
SitFloor_lowKeypoints,112,,Standing,,0.479,0.0,98.0267
SitFloor_lowKeypoints,113,,Standing,,0.535,0.0,118.0331
SitFloor_lowKeypoints,114,,Standing,,0.587,0.0,112.5552
SitFloor_lowKeypoints,115,,Standing,,0.625,0.0,115.8567
SitFloor_lowKeypoints,116,,Standing,,0.658,0.0,119.8024
SitFloor_lowKeypoints,117,Sitting,Standing,False,0.675,0.0,88.4096
SitFloor_lowKeypoints,118,Sitting,Standing,False,0.698,0.0,94.7368
SitFloor_lowKeypoints,119,Sitting,Standing,False,0.672,0.0,89.506
SitFloor_lowKeypoints,120,Sitting,Standing,False,0.666,0.0,121.5782
SitFloor_lowKeypoints,121,Sitting,Standing,False,0.651,0.0,88.9732
SitFloor_lowKeypoints,122,Sitting,Standing,False,0.634,0.0,97.6807
SitFloor_lowKeypoints,123,Sitting,Standing,False,0.543,0.0,85.945
SitFloor_lowKeypoints,124,Sitting,Standing,False,0.524,0.0,88.1332
SitFloor_lowKeypoints,125,Sitting,Standing,False,0.432,0.0,87.9022
SitFloor_lowKeypoints,126,Sitting,Sitting,True,0.441,0.0,85.2196
SitFloor_lowKeypoints,127,Sitting,Sitting,True,0.472,0.0,81.3955
SitFloor_lowKeypoints,128,Sitting,Sitting,True,0.523,0.0,71.3045
SitFloor_lowKeypoints,129,Sitting,Sitting,True,0.558,0.0,70.2016
SitFloor_lowKeypoints,130,Sitting,Sitting,True,0.595,0.0,73.0634
SitFloor_lowKeypoints,131,Sitting,Sitting,True,0.581,0.0,69.4815
SitFloor_lowKeypoints,132,Sitting,Sitting,True,0.627,0.0,85.0139
SitFloor_lowKeypoints,133,Sitting,Sitting,True,0.641,0.0,65.3353
SitFloor_lowKeypoints,134,Sitting,Sitting,True,0.664,0.0,65.1916
SitFloor_lowKeypoints,135,Sitting,Sitting,True,0.716,0.0,64.2006
SitFloor_lowKeypoints,136,Sitting,Sitting,True,0.746,0.0,64.0824
SitFloor_lowKeypoints,137,Sitting,Sitting,True,0.714,0.0,60.6562
SitFloor_lowKeypoints,138,Sitting,Sitting,True,0.705,0.0,63.7933
SitFloor_lowKeypoints,139,Sitting,Sitting,True,0.709,0.0,65.9657
SitFloor_lowKeypoints,140,Sitting,Sitting,True,0.627,0.0,70.2309
SitFloor_lowKeypoints,141,Sitting,Sitting,True,0.568,0.0,69.5984
SitFloor_lowKeypoints,142,Sitting,Sitting,True,0.584,0.0,73.5788
SitFloor_lowKeypoints,143,Sitting,Sitting,True,0.47,0.0,87.1869
SitFloor_lowKeypoints,144,Sitting,Sitting,True,0.468,0.0,87.0634
SitFloor_lowKeypoints,145,Sitting,Sitting,True,0.456,0.0,78.6869
SitFloor_lowKeypoints,146,Sitting,Sitting,True,0.4,0.0,78.9614
SitFloor_lowKeypoints,147,Sitting,Sitting,True,0.389,0.0,92.3151
SitFloor_lowKeypoints,148,Sitting,Sitting,True,0.386,0.0,110.7933
SitFloor_lowKeypoints,149,Sitting,Sitting,True,0.44,0.0,116.1349
SitFloor_lowKeypoints,150,Sitting,Sitting,True,0.441,0.0,104.0025
SitFloor_lowKeypoints,151,Sitting,Sitting,True,0.459,0.0,119.0491
SitFloor_lowKeypoints,152,Sitting,Sitting,True,0.48,0.0,100.8062
SitFloor_lowKeypoints,153,Sitting,Sitting,True,0.511,0.0,93.4264
SitFloor_lowKeypoints,154,Sitting,Sitting,True,0.535,0.0,109.8381
SitFloor_lowKeypoints,155,Sitting,Sitting,True,0.555,0.0,108.2221
SitFloor_lowKeypoints,156,Sitting,Sitting,True,0.585,0.0,85.8429
SitFloor_lowKeypoints,157,Sitting,Sitting,True,0.608,0.0,86.1503
SitFloor_lowKeypoints,158,Sitting,Sitting,True,0.638,0.0,102.8072
SitFloor_lowKeypoints,159,Sitting,Sitting,True,0.668,0.0,105.4807
SitFloor_lowKeypoints,160,Sitting,Sitting,True,0.688,0.0,96.2877
SitFloor_lowKeypoints,161,Sitting,Sitting,True,0.71,0.0,122.6896
SitFloor_lowKeypoints,162,Sitting,Sitting,True,0.732,0.0,121.9751
SitFloor_lowKeypoints,163,Sitting,Sitting,True,0.756,0.0,102.4033
SitFloor_lowKeypoints,164,Sitting,Sitting,True,0.777,0.0,94.8953
SitFloor_lowKeypoints,165,Sitting,Sitting,True,0.799,0.0,87.1945
SitFloor_lowKeypoints,166,Sitting,Sitting,True,0.825,0.0,90.0026
SitFloor_lowKeypoints,167,Sitting,Sitting,True,0.851,0.0,89.7451
SitFloor_lowKeypoints,168,Sitting,Sitting,True,0.878,0.0,79.0145
SitFloor_lowKeypoints,169,Sitting,Sitting,True,0.902,0.0,97.8944
SitFloor_lowKeypoints,170,Sitting,Sitting,True,0.912,0.0,95.848
SitFloor_lowKeypoints,171,Sitting,Sitting,True,0.908,0.0,84.4262
SitFloor_lowKeypoints,172,Sitting,Sitting,True,0.91,0.0,80.7436
SitFloor_lowKeypoints,173,Sitting,Sitting,True,0.929,0.0,80.5453
SitFloor_lowKeypoints,174,Sitting,Sitting,True,0.941,0.0,75.9443
SitFloor_lowKeypoints,175,Sitting,Sitting,True,0.948,0.0,73.8765
SitFloor_lowKeypoints,176,Sitting,Sitting,True,0.951,0.0,83.546
SitFloor_lowKeypoints,177,Sitting,Sitting,True,0.954,0.0,82.9192
SitFloor_lowKeypoints,178,Sitting,Sitting,True,0.955,0.0,79.4542
SitFloor_lowKeypoints,179,Sitting,Sitting,True,0.958,0.0,76.5702
SitFloor_lowKeypoints,180,Sitting,Sitting,True,0.96,0.0,73.3059
SitFloor_lowKeypoints,181,Sitting,Sitting,True,0.96,0.0,75.784
SitFloor_lowKeypoints,182,Sitting,Sitting,True,0.962,0.0,82.4047
SitFloor_lowKeypoints,183,Sitting,Sitting,True,0.964,0.0,97.5438
SitFloor_lowKeypoints,184,Sitting,Sitting,True,0.965,0.0,91.6901
SitFloor_lowKeypoints,185,Sitting,Sitting,True,0.967,0.0,92.5453
SitFloor_lowKeypoints,186,Sitting,Sitting,True,0.968,0.0,73.1289
SitFloor_lowKeypoints,187,Sitting,Sitting,True,0.969,0.0,72.6396
SitFloor_lowKeypoints,188,Sitting,Sitting,True,0.969,0.0,79.2275
SitFloor_lowKeypoints,189,Sitting,Sitting,True,0.97,0.0,79.1349
SitFloor_lowKeypoints,190,Sitting,Sitting,True,0.971,0.0,73.9756
SitFloor_lowKeypoints,191,Sitting,Sitting,True,0.969,0.0,77.8237
SitFloor_lowKeypoints,192,Sitting,Sitting,True,0.97,0.0,78.926
SitFloor_lowKeypoints,193,Sitting,Sitting,True,0.97,0.0,78.8975
SitFloor_lowKeypoints,194,Sitting,Sitting,True,0.97,0.0,78.6214
SitFloor_lowKeypoints,195,Sitting,Sitting,True,0.97,0.0,80.4003
SitFloor_lowKeypoints,196,Sitting,Sitting,True,0.97,0.0,81.167
SitFloor_lowKeypoints,197,Sitting,Sitting,True,0.97,0.0,78.8883
SitFloor_lowKeypoints,198,Sitting,Sitting,True,0.97,0.0,83.0128
SitFloor_lowKeypoints,199,Sitting,Sitting,True,0.971,0.0,85.1635
SitFloor_lowKeypoints,200,Sitting,Sitting,True,0.971,0.0,73.4743
SitFloor_lowKeypoints,201,Sitting,Sitting,True,0.971,0.0,73.7716
SitFloor_lowKeypoints,202,Sitting,Sitting,True,0.971,0.0,81.2217
SitFloor_lowKeypoints,203,Sitting,Sitting,True,0.971,0.0,79.3377
SitFloor_lowKeypoints,204,,Sitting,,0.971,0.0,77.0829
SitFloor_lowKeypoints,205,,Sitting,,0.971,0.0,71.1333
SitFloor_lowKeypoints,206,,Sitting,,0.972,0.0,85.4514
SitFloor_lowKeypoints,207,,Sitting,,0.971,0.0,82.104
SitFloor_lowKeypoints,208,,Sitting,,0.971,0.0,68.3186
SitFloor_lowKeypoints,209,,Sitting,,0.972,0.0,68.7228
SitFloor_lowKeypoints,210,,Sitting,,0.971,0.0,71.5641
SitFloor_lowKeypoints,211,,Sitting,,0.971,0.0,67.6279
SitFloor_lowKeypoints,212,,Sitting,,0.971,0.0,63.4859
SitFloor_lowKeypoints,213,,Sitting,,0.971,0.0,64.48
SitFloor_lowKeypoints,214,,Sitting,,0.971,0.0,62.8014
SitFloor_lowKeypoints,215,,Sitting,,0.971,0.0,69.1182
SitFloor_lowKeypoints,216,,Sitting,,0.971,0.0,67.7264
SitFloor_lowKeypoints,217,,Sitting,,0.971,0.0,62.4216
SitFloor_lowKeypoints,218,,Sitting,,0.972,0.0,64.5245
SitFloor_lowKeypoints,219,,Sitting,,0.971,0.0,69.8682
SitFloor_lowKeypoints,220,,Sitting,,0.971,0.0,72.3315
SitFloor_lowKeypoints,221,,Sitting,,0.971,0.0,67.9019
SitFloor_lowKeypoints,222,,Sitting,,0.97,0.0,63.7803
SitFloor_lowKeypoints,223,,Sitting,,0.97,0.0,65.0486
SitFloor_lowKeypoints,224,,Sitting,,0.97,0.0,65.4517
SitFloor_lowKeypoints,225,,Sitting,,0.968,0.0,65.7242
SitFloor_lowKeypoints,226,,Sitting,,0.965,0.0,71.9561
SitFloor_lowKeypoints,227,,Sitting,,0.964,0.0,94.1617
SitFloor_lowKeypoints,228,,Sitting,,0.961,0.0,98.4453
SitFloor_lowKeypoints,229,,Sitting,,0.959,0.0,76.5687
SitFloor_lowKeypoints,230,,Sitting,,0.956,0.0,68.6052
SitFloor_lowKeypoints,231,,Sitting,,0.952,0.0,67.0826
SitFloor_lowKeypoints,232,,Sitting,,0.948,0.0,69.9751
SitFloor_lowKeypoints,233,,Sitting,,0.943,0.0,65.2471
SitFloor_lowKeypoints,234,,Sitting,,0.937,0.0,68.8373
SitFloor_lowKeypoints,235,,Sitting,,0.932,0.0,78.6091
SitFloor_lowKeypoints,236,,Sitting,,0.926,0.0,70.4059
SitFloor_lowKeypoints,237,,Sitting,,0.917,0.0,73.9349
SitFloor_lowKeypoints,238,,Sitting,,0.907,0.0,72.5667
SitFloor_lowKeypoints,239,,Sitting,,0.896,0.0,77.0399
SitFloor_lowKeypoints,240,,Sitting,,0.887,0.0,84.0382
SitFloor_lowKeypoints,241,,Sitting,,0.878,0.0,71.3822
SitFloor_lowKeypoints,242,,Sitting,,0.868,0.0,80.735
SitFloor_lowKeypoints,243,,Sitting,,0.857,0.0,72.5775
SitFloor_lowKeypoints,244,,Sitting,,0.847,0.0,76.788
SitFloor_lowKeypoints,245,,Sitting,,0.837,0.0,72.6841
SitFloor_lowKeypoints,246,,Sitting,,0.83,0.0,83.059
SitFloor_lowKeypoints,247,,Sitting,,0.836,0.0,76.9186
SitFloor_lowKeypoints,248,,Sitting,,0.837,0.0,92.9706
SitFloor_lowKeypoints,249,,Sitting,,0.835,0.0,105.3945
SitFloor_lowKeypoints,250,,Sitting,,0.829,0.0,94.2735
SitFloor_lowKeypoints,251,,Sitting,,0.833,0.0,118.4555
SitFloor_lowKeypoints,252,,Sitting,,0.832,0.0,109.6984
SitFloor_lowKeypoints,253,,Sitting,,0.834,0.0,136.7573
SitFloor_lowKeypoints,254,,Sitting,,0.841,0.0,131.0544
SitFloor_lowKeypoints,255,,Sitting,,0.817,0.0,107.9952
SitFloor_lowKeypoints,256,,Sitting,,0.807,0.0,162.9982
SitFloor_lowKeypoints,257,,Sitting,,0.82,0.0,106.2984
SitFloor_lowKeypoints,258,,Sitting,,0.839,0.0,97.81
SitFloor_lowKeypoints,259,,Sitting,,0.862,0.0,95.4294
SitFloor_lowKeypoints,260,,Sitting,,0.872,0.0,113.1468
SitFloor_lowKeypoints,261,,Sitting,,0.873,0.0,122.4751
SitFloor_lowKeypoints,262,,Sitting,,0.873,0.0,178.4669
SitFloor_lowKeypoints,263,,Sitting,,0.868,0.0,97.5574
SitFloor_lowKeypoints,264,,Sitting,,0.873,0.0,92.0787
SitFloor_lowKeypoints,265,,Sitting,,0.886,0.0,90.8229
SitFloor_lowKeypoints,266,,Sitting,,0.891,0.0,99.6058
SitFloor_lowKeypoints,267,,Sitting,,0.878,0.0,95.0633
SitFloor_lowKeypoints,268,,Sitting,,0.88,0.0,90.304
SitFloor_lowKeypoints,269,,Sitting,,0.878,0.0,99.8434
SitFloor_lowKeypoints,270,,Sitting,,0.872,0.0,115.9878
SitFloor_lowKeypoints,271,,Sitting,,0.861,0.0,119.7792
SitFloor_lowKeypoints,272,,Sitting,,0.842,0.0,106.2959
SitFloor_lowKeypoints,273,,Sitting,,0.829,0.0,94.293
SitFloor_lowKeypoints,274,,Sitting,,0.823,0.0,91.3607
SitFloor_lowKeypoints,275,,Sitting,,0.794,0.0,95.6882
SitFloor_lowKeypoints,276,,Sitting,,0.773,0.0,100.7957
SitFloor_lowKeypoints,277,,Sitting,,0.756,0.0,92.3085
SitFloor_lowKeypoints,278,,Sitting,,0.733,0.0,81.7408
SitFloor_lowKeypoints,279,,Sitting,,0.735,0.0,90.2784
SitFloor_lowKeypoints,280,,Sitting,,0.789,0.0,75.881
SitFloor_lowKeypoints,281,,Sitting,,0.851,0.0,77.2364
SitFloor_lowKeypoints,282,,Sitting,,0.792,0.0,76.9127
SitFloor_lowKeypoints,283,,Sitting,,0.86,0.0,72.0804
SitFloor_lowKeypoints,284,,Sitting,,0.827,0.0,85.5888
SitFloor_lowKeypoints,285,,Sitting,,0.861,0.0,107.1436
SitFloor_lowKeypoints,286,,Sitting,,0.852,0.0,79.3368
SitFloor_lowKeypoints,287,,Sitting,,0.823,0.0,80.3716
SitFloor_lowKeypoints,288,,Sitting,,0.796,0.0,83.7093
SitFloor_lowKeypoints,289,,Sitting,,0.783,0.0,100.4547
SitFloor_lowKeypoints,290,,Sitting,,0.761,0.0,80.5378
SitFloor_lowKeypoints,291,,Sitting,,0.711,0.0,110.9398
SitFloor_lowKeypoints,292,,Sitting,,0.644,0.0,94.0838
SitFloor_lowKeypoints,293,,Sitting,,0.558,0.0,78.7815
SitFloor_lowKeypoints,294,,Standing,,0.502,0.0,71.7107
SitFloor_lowKeypoints,295,,Standing,,0.635,0.0,68.9056
SitFloor_lowKeypoints,296,,Standing,,0.752,0.0,69.8163
SitFloor_lowKeypoints,297,,Standing,,0.839,0.0,65.2414
SitFloor_lowKeypoints,298,,Standing,,0.907,0.0,70.5936
SitFloor_lowKeypoints,299,,Standing,,0.952,0.0,67.2652
SitFloor_lowKeypoints,300,,Standing,,0.967,0.0,66.292
SitFloor_lowKeypoints,301,,Standing,,0.978,0.0,64.4901
SitFloor_lowKeypoints,302,,Standing,,0.985,0.0,73.9793
SitFloor_lowKeypoints,303,,Standing,,0.987,0.0,62.3544
SitFloor_lowKeypoints,304,,Standing,,0.988,0.0,61.6795
SitFloor_lowKeypoints,305,,Standing,,0.989,0.0,60.5191
SitFloor_lowKeypoints,306,,Standing,,0.99,0.0,60.0183
Sitting_HalfLandmarks,31,,Standing,,0.981,0.0,62.0809
Sitting_HalfLandmarks,32,,Standing,,0.984,0.0,84.3261
Sitting_HalfLandmarks,33,,Standing,,0.987,0.0,76.9653
Sitting_HalfLandmarks,34,,Standing,,0.989,0.0,84.5445
Sitting_HalfLandmarks,35,,Standing,,0.99,0.0,75.5919
Sitting_HalfLandmarks,36,,Standing,,0.991,0.0,83.0275
Sitting_HalfLandmarks,37,,Standing,,0.99,0.0,85.8623
Sitting_HalfLandmarks,38,,Standing,,0.989,0.0,84.9954
Sitting_HalfLandmarks,39,,Standing,,0.989,0.0,81.0843
Sitting_HalfLandmarks,40,,Standing,,0.988,0.0,78.4851
Sitting_HalfLandmarks,41,,Standing,,0.987,0.0,69.1825
Sitting_HalfLandmarks,42,,Standing,,0.986,0.0,66.4549
Sitting_HalfLandmarks,43,,Standing,,0.984,0.0,66.1434
Sitting_HalfLandmarks,44,,Standing,,0.982,0.0,68.1162
Sitting_HalfLandmarks,45,,Standing,,0.98,0.0,69.4736
Sitting_HalfLandmarks,46,,Standing,,0.975,0.0,72.178
Sitting_HalfLandmarks,47,,Standing,,0.972,0.0,72.8721
Sitting_HalfLandmarks,48,,Standing,,0.967,0.0,66.7707
Sitting_HalfLandmarks,49,,Standing,,0.96,0.0,63.8915
Sitting_HalfLandmarks,50,,Standing,,0.952,0.0,62.8991
Sitting_HalfLandmarks,51,,Standing,,0.944,0.0,69.2504
Sitting_HalfLandmarks,52,,Standing,,0.935,0.0,62.4172
Sitting_HalfLandmarks,53,,Standing,,0.926,0.0,67.4795
Sitting_HalfLandmarks,54,,Standing,,0.912,0.0,68.0872
Sitting_HalfLandmarks,55,,Standing,,0.893,0.0,93.3825
Sitting_HalfLandmarks,56,,Standing,,0.896,0.0,149.5572
Sitting_HalfLandmarks,57,,Standing,,0.89,0.0,144.2166
Sitting_HalfLandmarks,58,,Standing,,0.904,0.0,197.0577
Sitting_HalfLandmarks,59,,Standing,,0.91,0.0,181.9911
Sitting_HalfLandmarks,60,,Standing,,0.91,0.0,149.916
Sitting_HalfLandmarks,61,,Standing,,0.907,0.0,152.6552
Sitting_HalfLandmarks,62,,Standing,,0.905,0.0,162.0646
Sitting_HalfLandmarks,63,,Standing,,0.902,0.0,180.0467
Sitting_HalfLandmarks,64,,Standing,,0.892,0.0,195.6534
Sitting_HalfLandmarks,65,,Standing,,0.882,0.0,112.5702
Sitting_HalfLandmarks,66,,Standing,,0.872,0.0,116.7237
Sitting_HalfLandmarks,67,,Standing,,0.853,0.0,110.3966
Sitting_HalfLandmarks,68,,Standing,,0.838,0.0,109.2293
Sitting_HalfLandmarks,69,,Standing,,0.832,0.0,123.4052
Sitting_HalfLandmarks,70,,Standing,,0.825,0.0,112.8227
Sitting_HalfLandmarks,71,,Standing,,0.83,0.0,114.4442
Sitting_HalfLandmarks,72,,Standing,,0.869,0.0,126.5802
Sitting_HalfLandmarks,73,,Standing,,0.889,0.0,101.7117
Sitting_HalfLandmarks,74,,Standing,,0.9,0.0,111.8009
Sitting_HalfLandmarks,75,,Standing,,0.897,0.0,107.1281
Sitting_HalfLandmarks,76,,Standing,,0.901,0.0,119.9317
Sitting_HalfLandmarks,77,,Standing,,0.912,0.0,123.7631
Sitting_HalfLandmarks,78,,Standing,,0.906,0.0,95.9575
Sitting_HalfLandmarks,79,,Standing,,0.917,0.0,105.3241
Sitting_HalfLandmarks,80,,Standing,,0.923,0.0,124.885
Sitting_HalfLandmarks,81,,Standing,,0.923,0.0,159.3528
Sitting_HalfLandmarks,82,,Standing,,0.928,0.0,124.2492
Sitting_HalfLandmarks,83,,Standing,,0.916,0.0,148.4292
Sitting_HalfLandmarks,84,,Standing,,0.906,0.0,137.2406
Sitting_HalfLandmarks,85,,Standing,,0.897,0.0,119.8116
Sitting_HalfLandmarks,86,,Standing,,0.865,0.0,118.7511
Sitting_HalfLandmarks,87,Sitting,Standing,False,0.864,0.0,109.5514
Sitting_HalfLandmarks,88,Sitting,Standing,False,0.846,0.0,126.5009
Sitting_HalfLandmarks,89,Sitting,Standing,False,0.85,0.0,124.5607
Sitting_HalfLandmarks,90,Sitting,Standing,False,0.852,0.0,163.2619
Sitting_HalfLandmarks,91,Sitting,Standing,False,0.831,0.0,121.2901
Sitting_HalfLandmarks,92,Sitting,Standing,False,0.801,0.0,122.2863
Sitting_HalfLandmarks,93,Sitting,Standing,False,0.801,0.0,124.3957
Sitting_HalfLandmarks,94,Sitting,Standing,False,0.803,0.0,111.4551
Sitting_HalfLandmarks,95,Sitting,Standing,False,0.786,0.0,104.6441
Sitting_HalfLandmarks,96,Sitting,Standing,False,0.749,0.0,107.3596
Sitting_HalfLandmarks,97,Sitting,Standing,False,0.741,0.0,101.7418
Sitting_HalfLandmarks,98,Sitting,Standing,False,0.729,0.0,112.7005
Sitting_HalfLandmarks,99,Sitting,Standing,False,0.703,0.0,120.3775
Sitting_HalfLandmarks,100,Sitting,Standing,False,0.684,0.0,93.251
Sitting_HalfLandmarks,101,Sitting,Standing,False,0.666,0.0,112.6966
Sitting_HalfLandmarks,102,Sitting,Standing,False,0.667,0.0,107.065
Sitting_HalfLandmarks,103,Sitting,Standing,False,0.672,0.0,93.4357
Sitting_HalfLandmarks,104,Sitting,Standing,False,0.668,0.0,99.2785
Sitting_HalfLandmarks,105,Sitting,Standing,False,0.711,0.0,106.5486
Sitting_HalfLandmarks,106,Sitting,Standing,False,0.731,0.0,116.5122
Sitting_HalfLandmarks,107,Sitting,Standing,False,0.775,0.0,151.1926
Sitting_HalfLandmarks,108,Sitting,Standing,False,0.763,0.0,154.6666
Sitting_HalfLandmarks,109,Sitting,Standing,False,0.807,0.0,130.2617
Sitting_HalfLandmarks,110,Sitting,Standing,False,0.808,0.0,144.0798
Sitting_HalfLandmarks,111,Sitting,Standing,False,0.831,0.0,103.8916
Sitting_HalfLandmarks,112,Sitting,Standing,False,0.832,0.0,132.1428
Sitting_HalfLandmarks,113,Sitting,Standing,False,0.889,0.0,129.3038
Sitting_HalfLandmarks,114,Sitting,Standing,False,0.884,0.0,115.279
Sitting_HalfLandmarks,115,Sitting,Standing,False,0.9,0.0,131.1213
Sitting_HalfLandmarks,116,Sitting,Standing,False,0.915,0.0,100.5818
Sitting_HalfLandmarks,117,Sitting,Standing,False,0.917,0.0,113.3617
Sitting_HalfLandmarks,118,Sitting,Standing,False,0.927,0.0,116.1589
Sitting_HalfLandmarks,119,Sitting,Standing,False,0.938,0.0,116.8876
Sitting_HalfLandmarks,120,Sitting,Standing,False,0.948,0.0,108.5156
Sitting_HalfLandmarks,121,Sitting,Standing,False,0.954,0.0,100.1414
Sitting_HalfLandmarks,122,Sitting,Standing,False,0.96,0.0,109.763
Sitting_HalfLandmarks,123,Sitting,Standing,False,0.96,0.0,98.5671
Sitting_HalfLandmarks,124,Sitting,Standing,False,0.968,0.0,107.8055
Sitting_HalfLandmarks,125,Sitting,Standing,False,0.967,0.0,90.5138
Sitting_HalfLandmarks,126,Sitting,Standing,False,0.974,0.0,96.8833
Sitting_HalfLandmarks,127,Sitting,Standing,False,0.974,0.0,106.1719
Sitting_HalfLandmarks,128,Sitting,Standing,False,0.973,0.0,112.9155
Sitting_HalfLandmarks,129,Sitting,Standing,False,0.975,0.0,97.3466
Sitting_HalfLandmarks,130,Sitting,Standing,False,0.976,0.0,100.2937
Sitting_HalfLandmarks,131,Sitting,Standing,False,0.976,0.0,122.993
Sitting_HalfLandmarks,132,Sitting,Standing,False,0.976,0.0,130.6916
Sitting_HalfLandmarks,133,Sitting,Standing,False,0.976,0.0,118.9248
Sitting_HalfLandmarks,134,Sitting,Standing,False,0.974,0.0,124.9604
Sitting_HalfLandmarks,135,Sitting,Standing,False,0.973,0.0,102.233
Sitting_HalfLandmarks,136,Sitting,Standing,False,0.973,0.0,118.8685
Sitting_HalfLandmarks,137,Sitting,Standing,False,0.974,0.0,123.4737
Sitting_HalfLandmarks,138,Sitting,Standing,False,0.976,0.0,122.3413
Sitting_HalfLandmarks,139,Sitting,Standing,False,0.976,0.0,128.7747
Sitting_HalfLandmarks,140,Sitting,Standing,False,0.977,0.0,115.6659
Sitting_HalfLandmarks,141,Sitting,Standing,False,0.977,0.0,126.9
Sitting_HalfLandmarks,142,Sitting,Standing,False,0.977,0.0,140.4025
Sitting_HalfLandmarks,143,Sitting,Standing,False,0.978,0.0,109.7821
Sitting_HalfLandmarks,144,Sitting,Standing,False,0.979,0.0,125.7926
Sitting_HalfLandmarks,145,Sitting,Standing,False,0.978,0.0,107.8136
Sitting_HalfLandmarks,146,Sitting,Standing,False,0.98,0.0,153.3544
Sitting_HalfLandmarks,147,Sitting,Standing,False,0.979,0.0,167.8114
Sitting_HalfLandmarks,148,Sitting,Standing,False,0.981,0.0,126.9015
Sitting_HalfLandmarks,149,Sitting,Standing,False,0.979,0.0,113.4429
Sitting_HalfLandmarks,150,Sitting,Standing,False,0.98,0.0,149.4488
Sitting_HalfLandmarks,151,Sitting,Standing,False,0.98,0.0,108.6508
Sitting_HalfLandmarks,152,Sitting,Standing,False,0.98,0.0,97.3287
Sitting_HalfLandmarks,153,Sitting,Standing,False,0.98,0.0,97.3909
Sitting_HalfLandmarks,154,Sitting,Standing,False,0.98,0.0,95.7232
Sitting_HalfLandmarks,155,Sitting,Standing,False,0.981,0.0,98.2032
Sitting_HalfLandmarks,156,Sitting,Standing,False,0.98,0.0,105.7971
Sitting_HalfLandmarks,157,Sitting,Standing,False,0.981,0.0,106.2389
Sitting_HalfLandmarks,158,Sitting,Standing,False,0.981,0.0,96.2416
Sitting_HalfLandmarks,159,Sitting,Standing,False,0.981,0.0,99.0491
Sitting_HalfLandmarks,160,Sitting,Standing,False,0.98,0.0,100.3898
Sitting_HalfLandmarks,161,Sitting,Standing,False,0.981,0.0,101.3748
Sitting_HalfLandmarks,162,Sitting,Standing,False,0.98,0.0,114.0258
Sitting_HalfLandmarks,163,Sitting,Standing,False,0.98,0.0,106.2157
Sitting_HalfLandmarks,164,Sitting,Standing,False,0.98,0.0,175.666
Sitting_HalfLandmarks,165,Sitting,Standing,False,0.981,0.0,116.4332
Sitting_HalfLandmarks,166,Sitting,Standing,False,0.98,0.0,131.8869
Sitting_HalfLandmarks,167,Sitting,Standing,False,0.981,0.0,103.7316
Sitting_HalfLandmarks,168,Sitting,Standing,False,0.98,0.0,98.6049
Sitting_HalfLandmarks,169,Sitting,Standing,False,0.98,0.0,84.6933
Sitting_HalfLandmarks,170,Sitting,Standing,False,0.98,0.0,107.5076
Sitting_HalfLandmarks,171,Sitting,Standing,False,0.98,0.0,82.6409
Sitting_HalfLandmarks,172,Sitting,Standing,False,0.98,0.0,98.8871
Sitting_HalfLandmarks,173,Sitting,Standing,False,0.98,0.0,80.0714
Sitting_HalfLandmarks,174,Sitting,Standing,False,0.979,0.0,93.8046
Sitting_HalfLandmarks,175,,Standing,,0.98,0.0,107.5882
Sitting_HalfLandmarks,176,,Standing,,0.979,0.0,91.7308
Sitting_HalfLandmarks,177,,Standing,,0.978,0.0,84.2314
Sitting_HalfLandmarks,178,,Standing,,0.979,0.0,85.541
Sitting_HalfLandmarks,179,,Standing,,0.979,0.0,82.2723
Sitting_HalfLandmarks,180,,Standing,,0.979,0.0,75.7902
Sitting_HalfLandmarks,181,,Standing,,0.979,0.0,85.1369
Sitting_HalfLandmarks,182,,Standing,,0.979,0.0,75.501
Sitting_HalfLandmarks,183,,Standing,,0.979,0.0,85.8374
Sitting_HalfLandmarks,184,,Standing,,0.978,0.0,104.8646
Sitting_HalfLandmarks,185,,Standing,,0.978,0.0,101.7001
Sitting_HalfLandmarks,186,,Standing,,0.977,0.0,87.6107
Sitting_HalfLandmarks,187,,Standing,,0.976,0.0,89.4385
Sitting_HalfLandmarks,188,,Standing,,0.976,0.0,77.6498
Sitting_HalfLandmarks,189,,Standing,,0.974,0.0,72.0035
Sitting_HalfLandmarks,190,,Standing,,0.975,0.0,68.7135
Sitting_HalfLandmarks,191,,Standing,,0.975,0.0,69.5035
Sitting_HalfLandmarks,192,,Standing,,0.975,0.0,69.4865
Sitting_HalfLandmarks,193,,Standing,,0.976,0.0,69.6614
Sitting_HalfLandmarks,194,,Standing,,0.976,0.0,65.2655
Sitting_HalfLandmarks,195,,Standing,,0.976,0.0,64.2475
Sitting_HalfLandmarks,196,,Standing,,0.976,0.0,66.2801
Sitting_HalfLandmarks,197,,Standing,,0.978,0.0,63.3879
Sitting_HalfLandmarks,198,,Standing,,0.978,0.0,63.476
Sitting_HalfLandmarks,199,,Standing,,0.98,0.0,64.1904
Sitting_HalfLandmarks,200,,Standing,,0.979,0.0,65.1391
Sitting_HalfLandmarks,201,,Standing,,0.982,0.0,73.0134
Sitting_HalfLandmarks,202,,Standing,,0.982,0.0,72.9002
Sitting_HalfLandmarks,203,,Standing,,0.983,0.0,71.1205
Sitting_HalfLandmarks,204,,Standing,,0.985,0.0,78.7982
Sitting_HalfLandmarks,205,,Standing,,0.986,0.0,70.6075
Sitting_HalfLandmarks,206,,Standing,,0.987,0.0,93.9728
Sitting_HalfLandmarks,207,,Standing,,0.987,0.0,82.3935
Sitting_HalfLandmarks,208,,Standing,,0.986,0.0,76.6959
Sitting_HalfLandmarks,209,,Standing,,0.985,0.0,75.878
Sitting_HalfLandmarks,210,,Standing,,0.984,0.0,81.2924
Sitting_HalfLandmarks,211,,Standing,,0.983,0.0,106.3421
Sitting_HalfLandmarks,212,,Standing,,0.982,0.0,88.3083
Sitting_HalfLandmarks,213,,Standing,,0.981,0.0,90.4063
Sitting_HalfLandmarks,214,,Standing,,0.981,0.0,88.324
Sitting_HalfLandmarks,215,,Standing,,0.981,0.0,88.1658
Sitting_HalfLandmarks,216,,Standing,,0.982,0.0,86.0622
Sitting_HalfLandmarks,217,,Standing,,0.982,0.0,88.8992
Sitting_HalfLandmarks,218,,Standing,,0.983,0.0,81.5894
Sitting_HalfLandmarks,219,,Standing,,0.984,0.0,100.2468
Sitting_HalfLandmarks,220,,Standing,,0.984,0.0,76.1694
Sitting_HalfLandmarks,221,,Standing,,0.985,0.0,84.6594
Sitting_HalfLandmarks,222,,Standing,,0.986,0.0,73.3326
Sitting_HalfLandmarks,223,,Standing,,0.987,0.0,71.4886
Sitting_HalfLandmarks,224,,Standing,,0.988,0.0,70.8667
Sitting_Lying_FewLandmarks_back,31,,Sitting,,0.939,0.0,65.9433
Sitting_Lying_FewLandmarks_back,32,,Sitting,,0.961,0.0,65.4285
Sitting_Lying_FewLandmarks_back,33,,Sitting,,0.969,0.0,67.4966
Sitting_Lying_FewLandmarks_back,34,,Sitting,,0.973,0.0,65.9661
Sitting_Lying_FewLandmarks_back,35,,Sitting,,0.978,0.0,62.6382
Sitting_Lying_FewLandmarks_back,36,,Sitting,,0.98,0.0,66.3958
Sitting_Lying_FewLandmarks_back,37,,Sitting,,0.983,0.0,64.2969
Sitting_Lying_FewLandmarks_back,38,,Sitting,,0.985,0.0,61.4646
Sitting_Lying_FewLandmarks_back,39,,Sitting,,0.987,0.0,65.1518
Sitting_Lying_FewLandmarks_back,40,,Sitting,,0.987,0.0,66.5724
Sitting_Lying_FewLandmarks_back,41,,Sitting,,0.987,0.0,62.5221
Sitting_Lying_FewLandmarks_back,42,,Sitting,,0.988,0.0,66.6474
Sitting_Lying_FewLandmarks_back,43,,Sitting,,0.988,0.0,62.1833
Sitting_Lying_FewLandmarks_back,44,,Sitting,,0.988,0.0,61.4553
Sitting_Lying_FewLandmarks_back,45,,Sitting,,0.988,0.0,62.0985
Sitting_Lying_FewLandmarks_back,46,,Sitting,,0.987,0.0,64.9243
Sitting_Lying_FewLandmarks_back,47,Sitting,Sitting,True,0.986,0.0,60.7293
Sitting_Lying_FewLandmarks_back,48,Sitting,Sitting,True,0.984,0.0,63.7318
Sitting_Lying_FewLandmarks_back,49,Sitting,Sitting,True,0.981,0.0,60.5084
Sitting_Lying_FewLandmarks_back,50,Sitting,Sitting,True,0.973,0.0,61.0999
Sitting_Lying_FewLandmarks_back,51,Sitting,Sitting,True,0.97,0.0,60.8298
Sitting_Lying_FewLandmarks_back,52,Sitting,Sitting,True,0.96,0.0,57.256
Sitting_Lying_FewLandmarks_back,53,Sitting,Sitting,True,0.944,0.0,66.3931
Sitting_Lying_FewLandmarks_back,54,Sitting,Sitting,True,0.927,0.0,73.7843
Sitting_Lying_FewLandmarks_back,55,Sitting,Sitting,True,0.91,0.0,75.2074
Sitting_Lying_FewLandmarks_back,56,Sitting,Sitting,True,0.905,0.0,75.9833
Sitting_Lying_FewLandmarks_back,57,Sitting,Sitting,True,0.877,0.0,74.4593
Sitting_Lying_FewLandmarks_back,58,Sitting,Sitting,True,0.849,0.0,77.108
Sitting_Lying_FewLandmarks_back,59,Sitting,Sitting,True,0.764,0.0,67.6197
Sitting_Lying_FewLandmarks_back,60,Sitting,Sitting,True,0.77,0.0,74.0199
Sitting_Lying_FewLandmarks_back,61,Sitting,Sitting,True,0.701,0.0,75.5971
Sitting_Lying_FewLandmarks_back,62,Sitting,Sitting,True,0.627,0.0,77.8046
Sitting_Lying_FewLandmarks_back,63,Sitting,Standing,False,0.513,0.0,72.4942
Sitting_Lying_FewLandmarks_back,64,Sitting,Sitting,True,0.616,0.0,78.806
Sitting_Lying_FewLandmarks_back,65,Sitting,Sitting,True,0.635,0.0,82.9399
Sitting_Lying_FewLandmarks_back,66,Sitting,Sitting,True,0.606,0.0,102.7656
Sitting_Lying_FewLandmarks_back,67,Sitting,Sitting,True,0.6,0.0,74.8044
Sitting_Lying_FewLandmarks_back,68,Sitting,Sitting,True,0.543,0.0,80.9724
Sitting_Lying_FewLandmarks_back,69,Sitting,Sitting,True,0.549,0.0,97.2566
Sitting_Lying_FewLandmarks_back,70,Sitting,Sitting,True,0.516,0.0,134.4856
Sitting_Lying_FewLandmarks_back,71,Sitting,Sitting,True,0.546,0.0,141.7752
Sitting_Lying_FewLandmarks_back,72,Sitting,Sitting,True,0.55,0.0,88.7615
Sitting_Lying_FewLandmarks_back,73,Sitting,Sitting,True,0.561,0.0,82.0745
Sitting_Lying_FewLandmarks_back,74,Sitting,Sitting,True,0.543,0.0,83.0078
Sitting_Lying_FewLandmarks_back,75,Sitting,Sitting,True,0.605,0.0,81.319
Sitting_Lying_FewLandmarks_back,76,Sitting,Sitting,True,0.623,0.0,82.2229
Sitting_Lying_FewLandmarks_back,77,Sitting,Sitting,True,0.636,0.0,77.4584
Sitting_Lying_FewLandmarks_back,78,Sitting,Sitting,True,0.68,0.0,85.2804
Sitting_Lying_FewLandmarks_back,79,Sitting,Sitting,True,0.709,0.0,85.7524
Sitting_Lying_FewLandmarks_back,80,Sitting,Sitting,True,0.721,0.0,80.1337
Sitting_Lying_FewLandmarks_back,81,Sitting,Sitting,True,0.747,0.0,93.2789
Sitting_Lying_FewLandmarks_back,82,Sitting,Sitting,True,0.776,0.0,78.1837
Sitting_Lying_FewLandmarks_back,83,Sitting,Sitting,True,0.801,0.0,96.4523
Sitting_Lying_FewLandmarks_back,84,Sitting,Sitting,True,0.816,0.0,84.3363
Sitting_Lying_FewLandmarks_back,85,Sitting,Sitting,True,0.836,0.0,75.2174
Sitting_Lying_FewLandmarks_back,86,Sitting,Sitting,True,0.849,0.0,76.4249
Sitting_Lying_FewLandmarks_back,87,Sitting,Sitting,True,0.886,0.0,74.4557
Sitting_Lying_FewLandmarks_back,88,Sitting,Sitting,True,0.902,0.0,80.2055
Sitting_Lying_FewLandmarks_back,89,Sitting,Sitting,True,0.916,0.0,76.0095
Sitting_Lying_FewLandmarks_back,90,Sitting,Sitting,True,0.924,0.0,84.8643
Sitting_Lying_FewLandmarks_back,91,Sitting,Sitting,True,0.942,0.0,76.0978
Sitting_Lying_FewLandmarks_back,92,Sitting,Sitting,True,0.946,0.0,85.1254
Sitting_Lying_FewLandmarks_back,93,Sitting,Sitting,True,0.947,0.0,85.8521
Sitting_Lying_FewLandmarks_back,94,Sitting,Sitting,True,0.951,0.0,98.3351
Sitting_Lying_FewLandmarks_back,95,Sitting,Sitting,True,0.951,0.0,103.8576
Sitting_Lying_FewLandmarks_back,96,Sitting,Sitting,True,0.959,0.0,111.0925
Sitting_Lying_FewLandmarks_back,97,Sitting,Sitting,True,0.96,0.0,99.3883
Sitting_Lying_FewLandmarks_back,98,Sitting,Sitting,True,0.962,0.0,98.7812
Sitting_Lying_FewLandmarks_back,99,Sitting,Sitting,True,0.964,0.0,92.8657
Sitting_Lying_FewLandmarks_back,100,Sitting,Sitting,True,0.968,0.0,73.4101
Sitting_Lying_FewLandmarks_back,101,Sitting,Sitting,True,0.972,0.0,70.5987
Sitting_Lying_FewLandmarks_back,102,Sitting,Sitting,True,0.978,0.0,69.3357
Sitting_Lying_FewLandmarks_back,103,Sitting,Sitting,True,0.981,0.0,68.6232
Sitting_Lying_FewLandmarks_back,104,Sitting,Sitting,True,0.983,0.0,68.3297
Sitting_Lying_FewLandmarks_back,105,Sitting,Sitting,True,0.984,0.0,64.5766
Sitting_Lying_FewLandmarks_back,106,Sitting,Sitting,True,0.986,0.0,62.4787
Sitting_Lying_FewLandmarks_back,107,Sitting,Sitting,True,0.987,0.0,66.3921
Sitting_Lying_FewLandmarks_back,108,Sitting,Sitting,True,0.989,0.0,68.5258
Sitting_Lying_FewLandmarks_back,109,Sitting,Sitting,True,0.99,0.0,65.1361
Sitting_Lying_FewLandmarks_back,110,Sitting,Sitting,True,0.99,0.0,71.5618
Sitting_Lying_FewLandmarks_back,111,Sitting,Sitting,True,0.992,0.0,80.6088
Sitting_Lying_FewLandmarks_back,112,Sitting,Sitting,True,0.991,0.0,72.1552
Sitting_Lying_FewLandmarks_back,113,Sitting,Sitting,True,0.992,0.0,76.2405
Sitting_Lying_FewLandmarks_back,114,Sitting,Sitting,True,0.992,0.0,72.1379
Sitting_Lying_FewLandmarks_back,115,Sitting,Sitting,True,0.993,0.0,76.0642
Sitting_Lying_FewLandmarks_back,116,Sitting,Sitting,True,0.994,0.0,81.8454
Sitting_Lying_FewLandmarks_back,117,Sitting,Sitting,True,0.993,0.0,73.9431
Sitting_Lying_FewLandmarks_back,118,Sitting,Sitting,True,0.993,0.0,81.9453
Sitting_Lying_FewLandmarks_back,119,Sitting,Sitting,True,0.992,0.0,80.9397
Sitting_Lying_FewLandmarks_back,120,Sitting,Sitting,True,0.991,0.0,83.7877
Sitting_Lying_FewLandmarks_back,121,Sitting,Sitting,True,0.991,0.0,107.5984
Sitting_Lying_FewLandmarks_back,122,Sitting,Sitting,True,0.988,0.0,88.3889
Sitting_Lying_FewLandmarks_back,123,Sitting,Sitting,True,0.985,0.0,80.0781
Sitting_Lying_FewLandmarks_back,124,Sitting,Sitting,True,0.987,0.0,100.7374
Sitting_Lying_FewLandmarks_back,125,Sitting,Sitting,True,0.987,0.0,80.4084
Sitting_Lying_FewLandmarks_back,126,Sitting,Sitting,True,0.983,0.0,79.8141
Sitting_Lying_FewLandmarks_back,127,Sitting,Sitting,True,0.979,0.0,80.479
Sitting_Lying_FewLandmarks_back,128,Sitting,Sitting,True,0.983,0.0,80.8904
Sitting_Lying_FewLandmarks_back,129,Sitting,Sitting,True,0.982,0.0,80.3327
Sitting_Lying_FewLandmarks_back,130,Sitting,Sitting,True,0.98,0.0,81.1592
Sitting_Lying_FewLandmarks_back,131,Sitting,Sitting,True,0.974,0.0,88.2393
Sitting_Lying_FewLandmarks_back,132,Sitting,Sitting,True,0.972,0.0,104.0383
Sitting_Lying_FewLandmarks_back,133,Sitting,Sitting,True,0.972,0.0,92.7896
Sitting_Lying_FewLandmarks_back,134,Sitting,Sitting,True,0.97,0.0,79.0167
Sitting_Lying_FewLandmarks_back,135,Sitting,Sitting,True,0.962,0.0,97.1687
Sitting_Lying_FewLandmarks_back,136,Sitting,Sitting,True,0.96,0.0,77.9255
Sitting_Lying_FewLandmarks_back,137,Sitting,Sitting,True,0.961,0.0,83.823
Sitting_Lying_FewLandmarks_back,138,Sitting,Sitting,True,0.96,0.0,85.028
Sitting_Lying_FewLandmarks_back,139,Sitting,Sitting,True,0.949,0.0,84.9626
Sitting_Lying_FewLandmarks_back,140,Sitting,Sitting,True,0.945,0.0,73.1783
Sitting_Lying_FewLandmarks_back,141,Sitting,Sitting,True,0.932,0.0,76.9372
Sitting_Lying_FewLandmarks_back,142,Sitting,Sitting,True,0.931,0.0,84.6376
Sitting_Lying_FewLandmarks_back,143,Sitting,Sitting,True,0.921,0.0,89.0913
Sitting_Lying_FewLandmarks_back,144,Sitting,Sitting,True,0.909,0.0,91.0889
Sitting_Lying_FewLandmarks_back,145,Sitting,Sitting,True,0.901,0.0,94.7064
Sitting_Lying_FewLandmarks_back,146,Sitting,Sitting,True,0.9,0.0,117.1063
Sitting_Lying_FewLandmarks_back,147,Sitting,Sitting,True,0.887,0.0,91.8199
Sitting_Lying_FewLandmarks_back,148,,Sitting,,0.887,0.0,104.3976
Sitting_Lying_FewLandmarks_back,149,,Sitting,,0.861,0.0,99.2838
Sitting_Lying_FewLandmarks_back,150,,Sitting,,0.85,0.0,118.7938
Sitting_Lying_FewLandmarks_back,151,,Sitting,,0.843,0.0,94.3398
Sitting_Lying_FewLandmarks_back,152,,Sitting,,0.819,0.0,108.3729
Sitting_Lying_FewLandmarks_back,153,,Sitting,,0.79,0.0,98.1306
Sitting_Lying_FewLandmarks_back,154,,Sitting,,0.765,0.0,98.2548
Sitting_Lying_FewLandmarks_back,155,,Sitting,,0.749,0.0,114.9859
Sitting_Lying_FewLandmarks_back,156,,Sitting,,0.751,0.0,104.6953
Sitting_Lying_FewLandmarks_back,157,,Sitting,,0.748,0.0,111.8975
Sitting_Lying_FewLandmarks_back,158,,Sitting,,0.752,0.0,107.0614
Sitting_Lying_FewLandmarks_back,159,,Sitting,,0.754,0.0,117.23
Sitting_Lying_FewLandmarks_back,160,,Sitting,,0.773,0.0,115.4304
Sitting_Lying_FewLandmarks_back,161,,Sitting,,0.769,0.0,101.9412
Sitting_Lying_FewLandmarks_back,162,,Sitting,,0.773,0.0,99.647
Sitting_Lying_FewLandmarks_back,163,,Sitting,,0.782,0.0,116.2716
Sitting_Lying_FewLandmarks_back,164,,Sitting,,0.785,0.0,85.3562
Sitting_Lying_FewLandmarks_back,165,,Sitting,,0.787,0.0,86.115
Sitting_Lying_FewLandmarks_back,166,,Sitting,,0.767,0.0,86.177
Sitting_Lying_FewLandmarks_back,167,,Sitting,,0.768,0.0,82.1642
Sitting_Lying_FewLandmarks_back,168,,Sitting,,0.768,0.0,75.3203
Sitting_Lying_FewLandmarks_back,169,,Sitting,,0.774,0.0,88.5298
Sitting_Lying_FewLandmarks_back,170,,Sitting,,0.781,0.0,74.1512
Sitting_Lying_FewLandmarks_back,171,,Sitting,,0.777,0.0,78.1218
Sitting_Lying_FewLandmarks_back,172,,Sitting,,0.764,0.0,80.5739
Sitting_Lying_FewLandmarks_back,173,,Sitting,,0.757,0.0,76.0784
Sitting_Lying_FewLandmarks_back,174,,Sitting,,0.744,0.0,88.4824
Sitting_Lying_FewLandmarks_back,175,,Sitting,,0.748,0.0,101.3597
Sitting_Lying_FewLandmarks_back,176,,Sitting,,0.744,0.0,106.3539
Sitting_Lying_FewLandmarks_back,177,,Sitting,,0.755,0.0,92.2706
Sitting_Lying_FewLandmarks_back,178,,Sitting,,0.768,0.0,99.6069
Sitting_Lying_FewLandmarks_back,179,,Sitting,,0.773,0.0,113.0664
Sitting_Lying_FewLandmarks_back,180,,Sitting,,0.775,0.0,109.3584
Sitting_Lying_FewLandmarks_back,181,,Sitting,,0.78,0.0,85.6494
Sitting_Lying_FewLandmarks_back,182,,Sitting,,0.781,0.0,88.9918
Sitting_Lying_FewLandmarks_back,183,,Sitting,,0.788,0.0,117.1846
Sitting_Lying_FewLandmarks_back,184,,Sitting,,0.782,0.0,109.2277
Sitting_Lying_FewLandmarks_back,185,,Sitting,,0.785,0.0,78.2287
Sitting_Lying_FewLandmarks_back,186,,Sitting,,0.779,0.0,73.3841
Sitting_Lying_FewLandmarks_back,187,,Sitting,,0.779,0.0,74.9684
Sitting_Lying_FewLandmarks_back,188,,Sitting,,0.768,0.0,72.391
Sitting_Lying_FewLandmarks_back,189,,Sitting,,0.769,0.0,72.1763
Sitting_Lying_FewLandmarks_back,190,,Sitting,,0.763,0.0,66.2554
Sitting_Lying_FewLandmarks_back,191,,Sitting,,0.768,0.0,65.2022
Sitting_Lying_FewLandmarks_back,192,,Sitting,,0.752,0.0,63.9373
Sitting_Lying_FewLandmarks_back,193,,Sitting,,0.751,0.0,68.8701
Sitting_Lying_FewLandmarks_back,194,,Sitting,,0.747,0.0,62.0166
Sitting_Lying_FewLandmarks_back,195,,Sitting,,0.726,0.0,73.4317
Sitting_Lying_FewLandmarks_back,196,,Sitting,,0.723,0.0,85.5226
Sitting_Lying_FewLandmarks_back,197,,Sitting,,0.734,0.0,76.6321
Sitting_Lying_FewLandmarks_back,198,,Sitting,,0.738,0.0,100.3064
Sitting_Lying_FewLandmarks_back,199,,Sitting,,0.744,0.0,82.8961
Sitting_Lying_FewLandmarks_back,200,,Sitting,,0.732,0.0,92.3335
Sitting_Lying_FewLandmarks_back,201,,Sitting,,0.739,0.0,94.6139
Sitting_Lying_FewLandmarks_back,202,,Sitting,,0.738,0.0,92.6782
Sitting_Lying_FewLandmarks_back,203,,Sitting,,0.737,0.0,86.8919
Sitting_Lying_FewLandmarks_back,204,,Sitting,,0.721,0.0,105.9791
Sitting_Lying_FewLandmarks_back,205,,Sitting,,0.722,0.0,92.5476
Sitting_Lying_FewLandmarks_back,206,,Sitting,,0.705,0.0,86.5074
Sitting_Lying_FewLandmarks_back,207,Lying,Sitting,False,0.705,0.0,99.5406
Sitting_Lying_FewLandmarks_back,208,Lying,Sitting,False,0.705,0.0,92.3424
Sitting_Lying_FewLandmarks_back,209,Lying,Sitting,False,0.678,0.0,127.9261
Sitting_Lying_FewLandmarks_back,210,Lying,Sitting,False,0.637,0.0,95.8097
Sitting_Lying_FewLandmarks_back,211,Lying,Sitting,False,0.59,0.0,103.8787
Sitting_Lying_FewLandmarks_back,212,Lying,Sitting,False,0.566,0.0,114.1629
Sitting_Lying_FewLandmarks_back,213,Lying,Sitting,False,0.561,0.0,87.0601
Sitting_Lying_FewLandmarks_back,214,Lying,Sitting,False,0.575,0.0,93.0448
Sitting_Lying_FewLandmarks_back,215,Lying,Sitting,False,0.562,0.0,82.209
Sitting_Lying_FewLandmarks_back,216,Lying,Sitting,False,0.568,0.0,97.8934
Sitting_Lying_FewLandmarks_back,217,Lying,Sitting,False,0.558,0.0,80.9465
Sitting_Lying_FewLandmarks_back,218,Lying,Sitting,False,0.552,0.0,93.4961
Sitting_Lying_FewLandmarks_back,219,Lying,Sitting,False,0.535,0.0,94.7016
Sitting_Lying_FewLandmarks_back,220,Lying,Sitting,False,0.529,0.0,93.3838
Sitting_Lying_FewLandmarks_back,221,Lying,Sitting,False,0.493,0.0,106.4052
Sitting_Lying_FewLandmarks_back,222,Lying,Sitting,False,0.476,0.0,84.4418
Sitting_Lying_FewLandmarks_back,223,Lying,Sitting,False,0.431,0.0,88.2846
Sitting_Lying_FewLandmarks_back,224,Lying,Sitting,False,0.395,0.0,86.7507
Sitting_Lying_FewLandmarks_back,225,Lying,Sitting,False,0.361,0.0,88.2002
Sitting_Lying_FewLandmarks_back,226,Lying,Lying,True,0.344,0.0,81.7954
Sitting_Lying_FewLandmarks_back,227,Lying,Lying,True,0.391,0.0,86.3044
Sitting_Lying_FewLandmarks_back,228,Lying,Lying,True,0.412,0.0,82.9168
Sitting_Lying_FewLandmarks_back,229,Lying,Lying,True,0.443,0.0,86.6178
Sitting_Lying_FewLandmarks_back,230,Lying,Lying,True,0.494,0.0,79.5444
Sitting_Lying_FewLandmarks_back,231,Lying,Lying,True,0.555,0.0,91.9514
Sitting_Lying_FewLandmarks_back,232,Lying,Lying,True,0.583,0.0,98.4514
Sitting_Lying_FewLandmarks_back,233,Lying,Lying,True,0.608,0.0,80.8297
Sitting_Lying_FewLandmarks_back,234,Lying,Lying,True,0.626,0.0,87.5081
Sitting_Lying_FewLandmarks_back,235,Lying,Lying,True,0.653,0.0,70.9123
Sitting_Lying_FewLandmarks_back,236,Lying,Lying,True,0.686,0.0,69.5643
Sitting_Lying_FewLandmarks_back,237,Lying,Lying,True,0.705,0.0,73.6039
Sitting_Lying_FewLandmarks_back,238,Lying,Lying,True,0.722,0.0,68.5701
Sitting_Lying_FewLandmarks_back,239,Lying,Lying,True,0.714,0.0,65.6507
Sitting_Lying_FewLandmarks_back,240,Lying,Lying,True,0.708,0.0,66.0014
Sitting_Lying_FewLandmarks_back,241,Lying,Lying,True,0.697,0.0,61.963
Sitting_Lying_FewLandmarks_back,242,Lying,Lying,True,0.711,0.0,63.7117
Sitting_Lying_FewLandmarks_back,243,Lying,Lying,True,0.742,0.0,75.4855
Sitting_Lying_FewLandmarks_back,244,Lying,Lying,True,0.753,0.0,77.2971
Sitting_Lying_FewLandmarks_back,245,Lying,Lying,True,0.751,0.0,70.711
Sitting_Lying_FewLandmarks_back,246,Lying,Lying,True,0.733,0.0,65.3561
Sitting_Lying_FewLandmarks_back,247,Lying,Lying,True,0.723,0.0,62.3546
Sitting_Lying_FewLandmarks_back,248,Lying,Lying,True,0.705,0.0,66.281
Sitting_Lying_FewLandmarks_back,249,Lying,Lying,True,0.675,0.0,65.5725
Sitting_Lying_FewLandmarks_back,250,Lying,Lying,True,0.655,0.0,69.4544
Sitting_Lying_FewLandmarks_back,251,Lying,Lying,True,0.672,0.0,79.2844
Sitting_Lying_FewLandmarks_back,252,Lying,Lying,True,0.679,0.0,77.1773
Sitting_Lying_FewLandmarks_back,253,Lying,Lying,True,0.682,0.0,75.5093
Sitting_Lying_FewLandmarks_back,254,Lying,Lying,True,0.729,0.0,103.0493
Sitting_Lying_FewLandmarks_back,255,Lying,Lying,True,0.762,0.0,92.9871
Sitting_Lying_FewLandmarks_back,256,Lying,Lying,True,0.783,0.0,91.72
Sitting_Lying_FewLandmarks_back,257,Lying,Lying,True,0.816,0.0,84.5336
Sitting_Lying_FewLandmarks_back,258,Lying,Lying,True,0.8,0.0,78.336
Sitting_Lying_FewLandmarks_back,259,Lying,Lying,True,0.779,0.0,87.1951
Sitting_Lying_FewLandmarks_back,260,Lying,Lying,True,0.793,0.0,75.0235
Sitting_Lying_FewLandmarks_back,261,Lying,Lying,True,0.808,0.0,82.4786
Sitting_Lying_FewLandmarks_back,262,Lying,Lying,True,0.818,0.0,77.1137
Sitting_Lying_FewLandmarks_back,263,Lying,Lying,True,0.815,0.0,104.5126
Sitting_Lying_FewLandmarks_back,264,Lying,Lying,True,0.804,0.0,111.2145
Sitting_Lying_FewLandmarks_back,265,Lying,Lying,True,0.816,0.0,120.2438
Sitting_Lying_FewLandmarks_back,266,Lying,Lying,True,0.81,0.0,112.9514
Sitting_Lying_FewLandmarks_back,267,Lying,Lying,True,0.778,0.0,122.1734
Sitting_Lying_FewLandmarks_back,268,Lying,Lying,True,0.796,0.0,110.5522
Sitting_Lying_FewLandmarks_back,269,Lying,Lying,True,0.794,0.0,94.9338
Sitting_Lying_FewLandmarks_back,270,Lying,Lying,True,0.782,0.0,107.6118
Sitting_Lying_FewLandmarks_back,271,Lying,Lying,True,0.807,0.0,109.2779
Sitting_Lying_FewLandmarks_back,272,Lying,Lying,True,0.805,0.0,106.6792
Sitting_Lying_FewLandmarks_back,273,Lying,Lying,True,0.834,0.0,104.5342
Sitting_Lying_FewLandmarks_back,274,Lying,Lying,True,0.795,0.0,124.1612
Sitting_Lying_FewLandmarks_back,275,Lying,Lying,True,0.76,0.0,109.0606
Sitting_Lying_FewLandmarks_back,276,Lying,Lying,True,0.765,0.0,117.0008
Sitting_Lying_FewLandmarks_back,277,Lying,Lying,True,0.736,0.0,113.9143
Sitting_Lying_FewLandmarks_back,278,Lying,Lying,True,0.734,0.0,112.0702
Sitting_Lying_FewLandmarks_back,279,Lying,Lying,True,0.728,0.0,86.3229
Sitting_Lying_FewLandmarks_back,280,Lying,Lying,True,0.809,0.0,103.4813
Sitting_Lying_FewLandmarks_back,281,Lying,Lying,True,0.767,0.0,94.405
Sitting_Lying_FewLandmarks_back,282,Lying,Lying,True,0.765,0.0,103.2544
Sitting_Lying_FewLandmarks_back,283,Lying,Lying,True,0.795,0.0,100.741
Sitting_Lying_FewLandmarks_back,284,Lying,Lying,True,0.781,0.0,111.6341
Sitting_Lying_FewLandmarks_back,285,Lying,Lying,True,0.78,0.0,100.2531
Sitting_Lying_FewLandmarks_back,286,Lying,Lying,True,0.799,0.0,100.9104
Sitting_Lying_FewLandmarks_back,287,Lying,Lying,True,0.817,0.0,104.3978
Sitting_Lying_FewLandmarks_back,288,Lying,Lying,True,0.795,0.0,96.3392
Sitting_Lying_FewLandmarks_back,289,Lying,Lying,True,0.754,0.0,103.608
Sitting_Lying_FewLandmarks_back,290,Lying,Lying,True,0.755,0.0,113.2243
Sitting_Lying_FewLandmarks_back,291,Lying,Lying,True,0.756,0.0,120.7106
Sitting_Lying_FewLandmarks_back,292,Lying,Lying,True,0.745,0.0,138.9005
Sitting_Lying_FewLandmarks_back,293,Lying,Lying,True,0.75,0.0,169.6162
Sitting_Lying_FewLandmarks_back,294,Lying,Lying,True,0.738,0.0,163.1653
Sitting_Lying_FewLandmarks_back,295,Lying,Lying,True,0.779,0.0,109.6681
Sitting_Lying_FewLandmarks_back,296,Lying,Lying,True,0.773,0.0,120.1571
Sitting_Lying_FewLandmarks_back,297,Lying,Lying,True,0.772,0.0,123.2337
Sitting_Lying_FewLandmarks_back,298,Lying,Lying,True,0.763,0.0,122.2968
Sitting_Lying_FewLandmarks_back,299,Lying,Lying,True,0.759,0.0,139.2201
Sitting_Lying_FewLandmarks_back,300,Lying,Lying,True,0.752,0.0,148.6869
Sitting_Lying_FewLandmarks_back,301,Lying,Lying,True,0.755,0.0,127.8296
Sitting_Lying_FewLandmarks_back,302,Lying,Lying,True,0.73,0.0,126.9594
Sitting_Lying_FewLandmarks_back,303,Lying,Lying,True,0.727,0.0,156.7547
Sitting_Lying_FewLandmarks_back,304,Lying,Lying,True,0.746,0.0,122.4552
Sitting_Lying_FewLandmarks_back,305,Lying,Lying,True,0.78,0.0,115.918
Sitting_Lying_FewLandmarks_back,306,Lying,Lying,True,0.772,0.0,114.2414
Sitting_Lying_FewLandmarks_back,307,Lying,Lying,True,0.767,0.0,127.3946
Sitting_Lying_FewLandmarks_back,308,Lying,Lying,True,0.799,0.0,123.5922
Sitting_Lying_FewLandmarks_back,309,Lying,Lying,True,0.743,0.0,100.7021
Sitting_Lying_FewLandmarks_back,310,Lying,Lying,True,0.756,0.0,99.9159
Sitting_Lying_FewLandmarks_back,311,Lying,Lying,True,0.77,0.0,135.0257
Sitting_Lying_FewLandmarks_back,312,Lying,Lying,True,0.763,0.0,105.8326
Sitting_Lying_FewLandmarks_back,313,Lying,Lying,True,0.766,0.0,107.962
Sitting_Lying_FewLandmarks_back,314,Lying,Lying,True,0.772,0.0,119.2071
Sitting_Lying_FewLandmarks_back,315,Lying,Lying,True,0.776,0.0,94.6997
Sitting_Lying_FewLandmarks_back,316,Lying,Lying,True,0.767,0.0,116.4471
Sitting_Lying_FewLandmarks_back,317,Lying,Lying,True,0.779,0.0,104.9718
Sitting_Lying_FewLandmarks_back,318,Lying,Lying,True,0.765,0.0,105.2342
Sitting_Lying_FewLandmarks_back,319,Lying,Lying,True,0.756,0.0,102.2246
Sitting_Lying_FewLandmarks_back,320,Lying,Lying,True,0.775,0.0,121.4227
Sitting_Lying_FewLandmarks_back,321,Lying,Lying,True,0.782,0.0,128.3513
Sitting_Lying_FewLandmarks_back,322,Lying,Lying,True,0.797,0.0,113.453
Sitting_Lying_FewLandmarks_back,323,Lying,Lying,True,0.807,0.0,122.1979
Sitting_Lying_FewLandmarks_back,324,Lying,Lying,True,0.815,0.0,131.1313
Sitting_Lying_FewLandmarks_back,325,Lying,Lying,True,0.802,0.0,112.1299
Sitting_Lying_FewLandmarks_back,326,,Lying,,0.782,0.0,113.6395
Sitting_Lying_FewLandmarks_back,327,,Lying,,0.78,0.0,111.2571
Sitting_Lying_FewLandmarks_back,328,,Lying,,0.764,0.0,117.0681
Sitting_Lying_FewLandmarks_back,329,,Lying,,0.784,0.0,135.5697
Sitting_Lying_FewLandmarks_back,330,,Lying,,0.776,0.0,130.6979
Sitting_Lying_FewLandmarks_back,331,,Lying,,0.766,0.0,120.2246
Sitting_Lying_FewLandmarks_back,332,,Lying,,0.749,0.0,122.5588
Sitting_Lying_FewLandmarks_back,333,,Lying,,0.746,0.0,117.0319
Sitting_Lying_FewLandmarks_back,334,,Lying,,0.756,0.0,105.6012
Sitting_Lying_FewLandmarks_back,335,,Lying,,0.719,0.0,104.6966
Sitting_Lying_FewLandmarks_back,336,,Lying,,0.756,0.0,117.0133
Sitting_Lying_FewLandmarks_back,337,,Lying,,0.761,0.0,99.0825
Sitting_Lying_FewLandmarks_back,338,,Lying,,0.755,0.0,107.5123
Sitting_Lying_FewLandmarks_back,339,,Lying,,0.748,0.0,120.4987
Sitting_Lying_FewLandmarks_back,340,,Lying,,0.75,0.0,109.9565
Sitting_Lying_FewLandmarks_back,341,,Lying,,0.739,0.0,99.8105
Sitting_Lying_FewLandmarks_back,342,,Lying,,0.75,0.0,93.9402
Sitting_Lying_FewLandmarks_back,343,,Lying,,0.734,0.0,95.6319
Sitting_Lying_FewLandmarks_back,344,,Lying,,0.748,0.0,85.4872
Sitting_Lying_FewLandmarks_back,345,,Lying,,0.747,0.0,71.6889
Sitting_Lying_FewLandmarks_back,346,,Lying,,0.759,0.0,69.7065
Sitting_Lying_FewLandmarks_back,347,,Lying,,0.741,0.0,69.9075
Sitting_Lying_FewLandmarks_back,348,,Lying,,0.766,0.0,65.0103
Sitting_Lying_FewLandmarks_back,349,,Lying,,0.725,0.0,63.7632
Sitting_Lying_FewLandmarks_back,350,,Lying,,0.731,0.0,62.5691
Sitting_Lying_FewLandmarks_back,351,,Lying,,0.723,0.0,65.0659
Sitting_Lying_FewLandmarks_back,352,,Lying,,0.754,0.0,62.7702
Sitting_Lying_FewLandmarks_back,353,,Lying,,0.769,0.0,62.618
Sitting_Lying_FewLandmarks_back,354,,Lying,,0.784,0.0,79.5738
Sitting_Lying_FewLandmarks_back,355,,Lying,,0.783,0.0,88.1161
Sitting_Lying_FewLandmarks_back,356,,Lying,,0.766,0.0,96.4885
Sitting_Lying_FewLandmarks_back,357,,Lying,,0.779,0.0,82.3852
Sitting_Lying_FewLandmarks_back,358,,Lying,,0.793,0.0,108.982
Sitting_Lying_FewLandmarks_back,359,,Lying,,0.781,0.0,113.6729
Sitting_Lying_FewLandmarks_back,360,,Lying,,0.787,0.0,90.8036
Sitting_Lying_FewLandmarks_back,361,,Lying,,0.769,0.0,98.541
Sitting_Lying_FewLandmarks_back,362,,Lying,,0.785,0.0,129.013
Sitting_Lying_FewLandmarks_back,363,,Lying,,0.753,0.0,124.6487
Sitting_Lying_FewLandmarks_back,364,,Lying,,0.78,0.0,98.9132
Sitting_Lying_FewLandmarks_back,365,,Lying,,0.779,0.0,100.2677
Sitting_Lying_FewLandmarks_back,366,,Lying,,0.74,0.0,90.1445
Sitting_Lying_FewLandmarks_back,367,,Lying,,0.726,0.0,85.1431
Sitting_Lying_FewLandmarks_back,368,,Lying,,0.751,0.0,95.0683
Sitting_Lying_FewLandmarks_back,369,,Lying,,0.701,0.0,79.8869
Sitting_Lying_FewLandmarks_back,370,,Lying,,0.713,0.0,70.5576
Sitting_Lying_FewLandmarks_back,371,,Lying,,0.705,0.0,69.0948
Sitting_Lying_FewLandmarks_back,372,,Lying,,0.698,0.0,67.3171
Sitting_Lying_FewLandmarks_back,373,,Lying,,0.679,0.0,67.9702
Sitting_Lying_FewLandmarks_back,374,,Lying,,0.653,0.0,64.2322
Sitting_Lying_FewLandmarks_back,375,,Lying,,0.638,0.0,67.9188
Sitting_Lying_FewLandmarks_back,376,,Lying,,0.625,0.0,64.5084
Sitting_Lying_FewLandmarks_back,377,,Lying,,0.533,0.0,63.8095
Sitting_Lying_FewLandmarks_back,378,,Lying,,0.525,0.0,62.9624
Sitting_Lying_FewLandmarks_back,379,,Lying,,0.547,0.0,65.8797
Sitting_Lying_FewLandmarks_back,380,,Lying,,0.509,0.0,66.0858
Sitting_Lying_FewLandmarks_back,381,,Lying,,0.433,0.0,61.511
Sitting_Lying_FewLandmarks_back,382,,Lying,,0.436,0.0,60.8764
Sitting_Lying_FewLandmarks_back,383,,Lying,,0.419,0.0,64.3258
Sitting_Lying_FewLandmarks_back,384,,Lying,,0.396,0.0,62.8174
Sitting_Lying_FewLandmarks_back,385,,Lying,,0.391,0.0,62.2129
Sitting_Lying_FewLandmarks_back,386,,Lying,,0.394,0.0,61.9773
Sitting_Lying_FewLandmarks_back,387,,Lying,,0.393,0.0,63.0334
Sitting_Lying_FewLandmarks_back,388,,Lying,,0.368,0.0,61.6584
Sitting_Lying_FewLandmarks_back,389,,Lying,,0.371,0.0,59.9014
Sitting_Lying_FewLandmarks_back,390,,Unknown,,0.388,0.0,61.1733
Sitting_Lying_FewLandmarks_back,391,,Unknown,,0.394,0.0,61.0514
Sitting_Lying_FewLandmarks_back,392,,Unknown,,0.385,0.0,66.5682
Sitting_Lying_FewLandmarks_back,393,,Unknown,,0.378,0.0,60.4875
Sitting_Lying_FewLandmarks_back,394,,Unknown,,0.374,0.0,59.0716
Sitting_Lying_FewLandmarks_back,395,,Unknown,,0.372,0.0,76.7867
Sitting_Lying_FewLandmarks_back,396,,Unknown,,0.358,0.0,114.0977
Sitting_Lying_FewLandmarks_back,397,,Sitting,,0.357,0.0,105.7391
Sitting_Lying_FewLandmarks_back,398,,Sitting,,0.378,0.0,81.9648
Sitting_Lying_FewLandmarks_back,399,,Sitting,,0.394,0.0,81.027
Sitting_Lying_FewLandmarks_back,400,,Sitting,,0.424,0.0,81.1853
Sitting_Lying_FewLandmarks_back,401,,Sitting,,0.415,0.0,119.1561
Sitting_Lying_FewLandmarks_back,402,,Sitting,,0.442,0.0,74.2479
Sitting_Lying_FewLandmarks_back,403,,Sitting,,0.464,0.0,69.9037
Sitting_Lying_FewLandmarks_back,404,,Sitting,,0.473,0.0,68.2456
Sitting_Lying_FewLandmarks_back,405,,Sitting,,0.51,0.0,68.3205
Sitting_Lying_FewLandmarks_back,406,,Sitting,,0.543,0.0,63.4375
Sitting_Lying_FewLandmarks_back,407,,Sitting,,0.589,0.0,65.1411
Sitting_Lying_FewLandmarks_back,408,,Sitting,,0.616,0.0,61.8201
Sitting_Lying_FewLandmarks_back,409,,Sitting,,0.68,0.0,62.0609
Sitting_Lying_FewLandmarks_back,410,,Sitting,,0.717,0.0,68.0221
Sitting_Lying_FewLandmarks_back,411,,Sitting,,0.727,0.0,71.4064
Sitting_Lying_FewLandmarks_back,412,,Sitting,,0.74,0.0,65.6411
Sitting_Lying_FewLandmarks_back,413,,Sitting,,0.741,0.0,63.5488
Sitting_Lying_FewLandmarks_back,414,,Sitting,,0.761,0.0,64.0349
Sitting_Lying_FewLandmarks_back,415,Sitting,Sitting,True,0.78,0.0,63.8671
Sitting_Lying_FewLandmarks_back,416,Sitting,Sitting,True,0.8,0.0,61.2586
Sitting_Lying_FewLandmarks_back,417,Sitting,Sitting,True,0.818,0.0,60.3327
Sitting_Lying_FewLandmarks_back,418,Sitting,Sitting,True,0.834,0.0,60.6594
Sitting_Lying_FewLandmarks_back,419,Sitting,Sitting,True,0.863,0.0,61.8936
Sitting_Lying_FewLandmarks_back,420,Sitting,Sitting,True,0.878,0.0,63.6249
Sitting_Lying_FewLandmarks_back,421,Sitting,Sitting,True,0.889,0.0,60.2284
Sitting_Lying_FewLandmarks_back,422,Sitting,Sitting,True,0.902,0.0,58.8148
Sitting_Lying_FewLandmarks_back,423,Sitting,Sitting,True,0.922,0.0,60.4002
Sitting_Lying_FewLandmarks_back,424,Sitting,Sitting,True,0.923,0.0,59.1687
Sitting_Lying_FewLandmarks_back,425,Sitting,Sitting,True,0.934,0.0,58.4639
Sitting_Lying_FewLandmarks_back,426,Sitting,Sitting,True,0.942,0.0,61.3384
Sitting_Lying_FewLandmarks_back,427,Sitting,Sitting,True,0.942,0.0,82.5853
Sitting_Lying_FewLandmarks_back,428,Sitting,Sitting,True,0.946,0.0,67.2858
Sitting_Lying_FewLandmarks_back,429,Sitting,Sitting,True,0.95,0.0,62.5011
Sitting_Lying_FewLandmarks_back,430,Sitting,Sitting,True,0.951,0.0,72.8671
Sitting_Lying_FewLandmarks_back,431,Sitting,Sitting,True,0.948,0.0,82.0169
Sitting_Lying_FewLandmarks_back,432,Sitting,Sitting,True,0.951,0.0,75.5373
Sitting_Lying_FewLandmarks_back,433,Sitting,Sitting,True,0.955,0.0,92.6453
Sitting_Lying_FewLandmarks_back,434,Sitting,Sitting,True,0.957,0.0,87.6344
Sitting_Lying_FewLandmarks_back,435,Sitting,Sitting,True,0.959,0.0,86.9237
Sitting_Lying_FewLandmarks_back,436,Sitting,Sitting,True,0.966,0.0,80.3969
Sitting_Lying_FewLandmarks_back,437,Sitting,Sitting,True,0.97,0.0,79.9896
Sitting_Lying_FewLandmarks_back,438,Sitting,Sitting,True,0.969,0.0,82.0283
Sitting_Lying_FewLandmarks_back,439,Sitting,Sitting,True,0.97,0.0,76.1448
Sitting_Lying_FewLandmarks_back,440,Sitting,Sitting,True,0.97,0.0,73.4871
Sitting_Lying_FewLandmarks_back,441,Sitting,Sitting,True,0.969,0.0,75.1369
Sitting_Lying_FewLandmarks_back,442,Sitting,Sitting,True,0.971,0.0,84.3267
Sitting_Lying_FewLandmarks_back,443,Sitting,Sitting,True,0.97,0.0,81.3246
Sitting_Lying_FewLandmarks_back,444,Sitting,Sitting,True,0.971,0.0,94.2133
Sitting_Lying_FewLandmarks_back,445,Sitting,Sitting,True,0.968,0.0,76.7355
Sitting_Lying_FewLandmarks_back,446,Sitting,Sitting,True,0.969,0.0,86.7912
Sitting_Lying_FewLandmarks_back,447,Sitting,Sitting,True,0.968,0.0,79.9791
Sitting_Lying_FewLandmarks_back,448,Sitting,Sitting,True,0.969,0.0,75.9412
Sitting_Lying_FewLandmarks_back,449,Sitting,Sitting,True,0.97,0.0,76.8661
Sitting_Lying_FewLandmarks_back,450,Sitting,Sitting,True,0.968,0.0,79.3749
Sitting_Lying_FewLandmarks_back,451,Sitting,Sitting,True,0.967,0.0,77.0923
Sitting_Lying_FewLandmarks_back,452,Sitting,Sitting,True,0.966,0.0,77.8718
Sitting_Lying_FewLandmarks_back,453,Sitting,Sitting,True,0.966,0.0,80.1432
Sitting_Lying_FewLandmarks_back,454,Sitting,Sitting,True,0.966,0.0,76.6443
Sitting_Lying_FewLandmarks_back,455,Sitting,Sitting,True,0.966,0.0,80.3759
Sitting_Lying_FewLandmarks_back,456,Sitting,Sitting,True,0.964,0.0,85.3928
Sitting_Lying_FewLandmarks_back,457,Sitting,Sitting,True,0.965,0.0,78.3792
Sitting_Lying_FewLandmarks_back,458,Sitting,Sitting,True,0.963,0.0,84.6606
Sitting_Lying_FewLandmarks_back,459,,Sitting,,0.962,0.0,92.0691
Sitting_Lying_FewLandmarks_back,460,,Sitting,,0.959,0.0,88.6726
Sitting_Lying_FewLandmarks_back,461,,Sitting,,0.957,0.0,95.6873
Sitting_Lying_FewLandmarks_back,462,,Sitting,,0.958,0.0,84.4524
Sitting_Lying_FewLandmarks_back,463,,Sitting,,0.954,0.0,89.7558
Sitting_Lying_FewLandmarks_back,464,,Sitting,,0.956,0.0,88.5456
Sitting_Lying_FewLandmarks_back,465,,Sitting,,0.953,0.0,92.3219
Sitting_Lying_FewLandmarks_back,466,,Sitting,,0.954,0.0,94.797
Sitting_Lying_FewLandmarks_back,467,,Sitting,,0.955,0.0,92.8521
Sitting_Lying_FewLandmarks_back,468,,Sitting,,0.96,0.0,105.0102
Sitting_Lying_FewLandmarks_back,469,,Sitting,,0.961,0.0,118.1806
Sitting_Lying_FewLandmarks_back,470,,Sitting,,0.96,0.0,105.0479
Sitting_Lying_FewLandmarks_back,471,,Sitting,,0.964,0.0,119.272
Sitting_Lying_FewLandmarks_back,472,,Sitting,,0.962,0.0,95.2711
Sitting_Lying_FewLandmarks_back,473,,Sitting,,0.967,0.0,113.8744
Sitting_Lying_FewLandmarks_back,474,,Sitting,,0.967,0.0,110.6845
Sitting_Lying_FewLandmarks_back,475,,Sitting,,0.968,0.0,95.5449
Sitting_Lying_FewLandmarks_back,476,,Sitting,,0.969,0.0,104.6797
Sitting_Lying_FewLandmarks_back,477,,Sitting,,0.969,0.0,102.9354
Sitting_Lying_FewLandmarks_back,478,,Sitting,,0.97,0.0,125.6973
Sitting_Lying_FewLandmarks_back,479,,Sitting,,0.971,0.0,113.1174
Sitting_Lying_FewLandmarks_back,480,,Sitting,,0.97,0.0,124.663
Sitting_Lying_FewLandmarks_back,481,,Sitting,,0.968,0.0,100.7857
Sitting_Lying_FewLandmarks_back,482,,Sitting,,0.964,0.0,112.702
Sitting_Lying_FewLandmarks_back,483,,Sitting,,0.959,0.0,109.4428
Sitting_Lying_FewLandmarks_back,484,,Sitting,,0.957,0.0,116.676
Sitting_Lying_FewLandmarks_back,485,,Sitting,,0.95,0.0,111.5917
Sitting_Lying_FewLandmarks_back,486,,Sitting,,0.938,0.0,104.2948
Sitting_Lying_FewLandmarks_back,487,,Sitting,,0.928,0.0,92.0517
Sitting_Lying_FewLandmarks_back,488,,Sitting,,0.907,0.0,100.884
Sitting_Lying_FewLandmarks_back,489,,Sitting,,0.897,0.0,102.7533
Sitting_Lying_FewLandmarks,31,,Standing,,0.993,0.0,94.7277
Sitting_Lying_FewLandmarks,32,,Standing,,0.993,0.0,108.311
Sitting_Lying_FewLandmarks,33,,Standing,,0.993,0.0,113.3833
Sitting_Lying_FewLandmarks,34,,Standing,,0.993,0.0,99.4581
Sitting_Lying_FewLandmarks,35,,Standing,,0.993,0.0,119.7635
Sitting_Lying_FewLandmarks,36,,Standing,,0.994,0.0,100.0676
Sitting_Lying_FewLandmarks,37,,Standing,,0.993,0.0,112.8954
Sitting_Lying_FewLandmarks,38,,Standing,,0.993,0.0,101.0673
Sitting_Lying_FewLandmarks,39,,Standing,,0.994,0.0,89.0948
Sitting_Lying_FewLandmarks,40,,Standing,,0.993,0.0,90.6386
Sitting_Lying_FewLandmarks,41,,Standing,,0.993,0.0,81.3209
Sitting_Lying_FewLandmarks,42,,Standing,,0.993,0.0,76.1954
Sitting_Lying_FewLandmarks,43,,Standing,,0.992,0.0,75.181
Sitting_Lying_FewLandmarks,44,,Standing,,0.992,0.0,82.8231
Sitting_Lying_FewLandmarks,45,,Standing,,0.991,0.0,82.5221
Sitting_Lying_FewLandmarks,46,,Standing,,0.989,0.0,73.6037
Sitting_Lying_FewLandmarks,47,,Standing,,0.987,0.0,75.7608
Sitting_Lying_FewLandmarks,48,,Standing,,0.985,0.0,98.2302
Sitting_Lying_FewLandmarks,49,,Standing,,0.982,0.0,85.4973
Sitting_Lying_FewLandmarks,50,,Standing,,0.977,0.0,106.3773
Sitting_Lying_FewLandmarks,51,,Standing,,0.973,0.0,116.8557
Sitting_Lying_FewLandmarks,52,,Standing,,0.968,0.0,143.8589
Sitting_Lying_FewLandmarks,53,,Standing,,0.965,0.0,161.3489
Sitting_Lying_FewLandmarks,54,,Standing,,0.96,0.0,157.0886
Sitting_Lying_FewLandmarks,55,,Standing,,0.955,0.0,123.5184
Sitting_Lying_FewLandmarks,56,,Standing,,0.95,0.0,121.0267
Sitting_Lying_FewLandmarks,57,,Standing,,0.947,0.0,111.1558
Sitting_Lying_FewLandmarks,58,,Standing,,0.942,0.0,95.4808
Sitting_Lying_FewLandmarks,59,Sitting,Standing,False,0.937,0.0,91.1612
Sitting_Lying_FewLandmarks,60,Sitting,Standing,False,0.935,0.0,108.9718
Sitting_Lying_FewLandmarks,61,Sitting,Standing,False,0.932,0.0,107.2179
Sitting_Lying_FewLandmarks,62,Sitting,Standing,False,0.931,0.0,98.9588
Sitting_Lying_FewLandmarks,63,Sitting,Standing,False,0.933,0.0,112.4831
Sitting_Lying_FewLandmarks,64,Sitting,Standing,False,0.932,0.0,86.1666
Sitting_Lying_FewLandmarks,65,Sitting,Standing,False,0.933,0.0,92.5371
Sitting_Lying_FewLandmarks,66,Sitting,Standing,False,0.936,0.0,96.92
Sitting_Lying_FewLandmarks,67,Sitting,Standing,False,0.941,0.0,135.7947
Sitting_Lying_FewLandmarks,68,Sitting,Standing,False,0.945,0.0,122.2072
Sitting_Lying_FewLandmarks,69,Sitting,Standing,False,0.949,0.0,127.2016
Sitting_Lying_FewLandmarks,70,Sitting,Standing,False,0.958,0.0,108.6017
Sitting_Lying_FewLandmarks,71,Sitting,Standing,False,0.965,0.0,136.4446
Sitting_Lying_FewLandmarks,72,Sitting,Standing,False,0.964,0.0,140.0969
Sitting_Lying_FewLandmarks,73,Sitting,Standing,False,0.972,0.0,131.3027
Sitting_Lying_FewLandmarks,74,Sitting,Standing,False,0.973,0.0,127.1293
Sitting_Lying_FewLandmarks,75,Sitting,Standing,False,0.978,0.0,120.7915
Sitting_Lying_FewLandmarks,76,Sitting,Standing,False,0.98,0.0,139.8151
Sitting_Lying_FewLandmarks,77,Sitting,Standing,False,0.981,0.0,125.7469
Sitting_Lying_FewLandmarks,78,Sitting,Standing,False,0.981,0.0,136.8455
Sitting_Lying_FewLandmarks,79,Sitting,Standing,False,0.981,0.0,124.5284
Sitting_Lying_FewLandmarks,80,Sitting,Standing,False,0.984,0.0,117.6009
Sitting_Lying_FewLandmarks,81,Sitting,Standing,False,0.984,0.0,115.4333
Sitting_Lying_FewLandmarks,82,Sitting,Standing,False,0.982,0.0,139.8293
Sitting_Lying_FewLandmarks,83,Sitting,Standing,False,0.981,0.0,122.511
Sitting_Lying_FewLandmarks,84,Sitting,Standing,False,0.981,0.0,124.6454
Sitting_Lying_FewLandmarks,85,Sitting,Standing,False,0.98,0.0,139.199
Sitting_Lying_FewLandmarks,86,Sitting,Standing,False,0.979,0.0,136.3744
Sitting_Lying_FewLandmarks,87,Sitting,Standing,False,0.977,0.0,135.8361
Sitting_Lying_FewLandmarks,88,Sitting,Standing,False,0.975,0.0,126.4471
Sitting_Lying_FewLandmarks,89,Sitting,Standing,False,0.973,0.0,126.7933
Sitting_Lying_FewLandmarks,90,Sitting,Standing,False,0.97,0.0,131.8662
Sitting_Lying_FewLandmarks,91,Sitting,Standing,False,0.968,0.0,126.0668
Sitting_Lying_FewLandmarks,92,Sitting,Standing,False,0.965,0.0,136.367
Sitting_Lying_FewLandmarks,93,Sitting,Standing,False,0.962,0.0,137.0817
Sitting_Lying_FewLandmarks,94,Sitting,Standing,False,0.962,0.0,125.5569
Sitting_Lying_FewLandmarks,95,Sitting,Standing,False,0.96,0.0,116.4329
Sitting_Lying_FewLandmarks,96,Sitting,Standing,False,0.959,0.0,124.1511
Sitting_Lying_FewLandmarks,97,Sitting,Standing,False,0.959,0.0,113.6198
Sitting_Lying_FewLandmarks,98,Sitting,Standing,False,0.96,0.0,133.1533
Sitting_Lying_FewLandmarks,99,Sitting,Standing,False,0.96,0.0,122.895
Sitting_Lying_FewLandmarks,100,Sitting,Standing,False,0.962,0.0,126.2443
Sitting_Lying_FewLandmarks,101,Sitting,Standing,False,0.963,0.0,99.8835
Sitting_Lying_FewLandmarks,102,Sitting,Standing,False,0.964,0.0,113.3631
Sitting_Lying_FewLandmarks,103,Sitting,Standing,False,0.966,0.0,81.7934
Sitting_Lying_FewLandmarks,104,Sitting,Standing,False,0.967,0.0,77.3375
Sitting_Lying_FewLandmarks,105,Sitting,Standing,False,0.967,0.0,70.9073
Sitting_Lying_FewLandmarks,106,Sitting,Standing,False,0.968,0.0,68.5814
Sitting_Lying_FewLandmarks,107,Sitting,Standing,False,0.967,0.0,65.8886
Sitting_Lying_FewLandmarks,108,Sitting,Standing,False,0.968,0.0,65.0021
Sitting_Lying_FewLandmarks,109,Sitting,Standing,False,0.967,0.0,65.3783
Sitting_Lying_FewLandmarks,110,Sitting,Standing,False,0.969,0.0,68.647
Sitting_Lying_FewLandmarks,111,Sitting,Standing,False,0.971,0.0,68.7007
Sitting_Lying_FewLandmarks,112,,Standing,,0.972,0.0,62.7176
Sitting_Lying_FewLandmarks,113,,Standing,,0.974,0.0,62.7552
Sitting_Lying_FewLandmarks,114,,Standing,,0.975,0.0,61.7133
Sitting_Lying_FewLandmarks,115,,Standing,,0.976,0.0,60.5798
Sitting_Lying_FewLandmarks,116,,Standing,,0.976,0.0,75.4731
Sitting_Lying_FewLandmarks,117,,Standing,,0.976,0.0,92.5
Sitting_Lying_FewLandmarks,118,,Standing,,0.976,0.0,91.7328
Sitting_Lying_FewLandmarks,119,,Standing,,0.975,0.0,82.3538
Sitting_Lying_FewLandmarks,120,,Standing,,0.974,0.0,75.6785
Sitting_Lying_FewLandmarks,121,,Standing,,0.973,0.0,71.0322
Sitting_Lying_FewLandmarks,122,,Standing,,0.972,0.0,69.4515
Sitting_Lying_FewLandmarks,123,,Standing,,0.97,0.0,73.3799
Sitting_Lying_FewLandmarks,124,,Standing,,0.968,0.0,67.3716
Sitting_Lying_FewLandmarks,125,,Standing,,0.966,0.0,64.3136
Sitting_Lying_FewLandmarks,126,,Standing,,0.963,0.0,63.0157
Sitting_Lying_FewLandmarks,127,,Standing,,0.961,0.0,73.4041
Sitting_Lying_FewLandmarks,128,,Standing,,0.957,0.0,75.1351
Sitting_Lying_FewLandmarks,129,,Standing,,0.952,0.0,64.0707
Sitting_Lying_FewLandmarks,130,,Standing,,0.948,0.0,63.4743
Sitting_Lying_FewLandmarks,131,,Standing,,0.942,0.0,64.4009
Sitting_Lying_FewLandmarks,132,,Standing,,0.935,0.0,65.5149
Sitting_Lying_FewLandmarks,133,,Standing,,0.925,0.0,65.8783
Sitting_Lying_FewLandmarks,134,,Standing,,0.914,0.0,70.6711
Sitting_Lying_FewLandmarks,135,,Standing,,0.899,0.0,80.6821
Sitting_Lying_FewLandmarks,136,,Standing,,0.879,0.0,94.8145
Sitting_Lying_FewLandmarks,137,,Standing,,0.859,0.0,102.3308
Sitting_Lying_FewLandmarks,138,,Standing,,0.832,0.0,98.1694
Sitting_Lying_FewLandmarks,139,,Standing,,0.797,0.0,95.9934
Sitting_Lying_FewLandmarks,140,,Standing,,0.75,0.0,98.0825
Sitting_Lying_FewLandmarks,141,,Standing,,0.686,0.0,97.0865
Sitting_Lying_FewLandmarks,142,,Standing,,0.601,0.0,97.0383
Sitting_Lying_FewLandmarks,143,,Standing,,0.504,0.0,95.1259
Sitting_Lying_FewLandmarks,144,,Sitting,,0.47,0.0,95.5667
Sitting_Lying_FewLandmarks,145,,Sitting,,0.525,0.0,104.1241
Sitting_Lying_FewLandmarks,146,,Sitting,,0.55,0.0,97.3025
Sitting_Lying_FewLandmarks,147,,Sitting,,0.576,0.0,165.304
Sitting_Lying_FewLandmarks,148,,Sitting,,0.584,0.0,122.8209
Sitting_Lying_FewLandmarks,149,,Sitting,,0.576,0.0,149.1669
Sitting_Lying_FewLandmarks,150,,Sitting,,0.554,0.0,160.77
Sitting_Lying_FewLandmarks,151,,Sitting,,0.546,0.0,139.0609
Sitting_Lying_FewLandmarks,152,,Sitting,,0.484,0.0,152.3337
Sitting_Lying_FewLandmarks,153,,Sitting,,0.48,0.0,142.8731
Sitting_Lying_FewLandmarks,154,,Lying,,0.465,0.0,129.0726
Sitting_Lying_FewLandmarks,155,,Lying,,0.511,0.0,111.433
Sitting_Lying_FewLandmarks,156,,Lying,,0.553,0.0,124.9777
Sitting_Lying_FewLandmarks,157,,Lying,,0.609,0.0,115.9253
Sitting_Lying_FewLandmarks,158,,Lying,,0.662,0.0,150.5018
Sitting_Lying_FewLandmarks,159,,Lying,,0.705,0.0,143.0996
Sitting_Lying_FewLandmarks,160,,Lying,,0.752,0.0,138.9767
Sitting_Lying_FewLandmarks,161,,Lying,,0.778,0.0,157.9912
Sitting_Lying_FewLandmarks,162,,Lying,,0.82,0.0,158.7839
Sitting_Lying_FewLandmarks,163,,Lying,,0.866,0.0,180.8408
Sitting_Lying_FewLandmarks,164,,Lying,,0.88,0.0,158.6832
Sitting_Lying_FewLandmarks,165,,Lying,,0.896,0.0,192.395
Sitting_Lying_FewLandmarks,166,,Lying,,0.908,0.0,144.4153
Sitting_Lying_FewLandmarks,167,,Lying,,0.898,0.0,216.8839
Sitting_Lying_FewLandmarks,168,,Lying,,0.878,0.0,154.9585
Sitting_Lying_FewLandmarks,169,,Lying,,0.834,0.0,116.5042
Sitting_Lying_FewLandmarks,170,,Lying,,0.783,0.0,122.4245
Sitting_Lying_FewLandmarks,171,,Lying,,0.769,0.0,157.8424
Sitting_Lying_FewLandmarks,172,,Lying,,0.881,0.0,135.0643
Sitting_Lying_FewLandmarks,173,,Lying,,0.885,0.0,127.1079
Sitting_Lying_FewLandmarks,174,,Lying,,0.901,0.0,122.7065
Sitting_Lying_FewLandmarks,175,,Lying,,0.825,0.0,107.4399
Sitting_Lying_FewLandmarks,176,,Lying,,0.907,0.0,157.2014
Sitting_Lying_FewLandmarks,177,Lying,Lying,True,0.908,0.0,126.4236
Sitting_Lying_FewLandmarks,178,Lying,Lying,True,0.922,0.0,161.9518
Sitting_Lying_FewLandmarks,179,Lying,Lying,True,0.944,0.0,145.9847
Sitting_Lying_FewLandmarks,180,Lying,Lying,True,0.927,0.0,154.3887
Sitting_Lying_FewLandmarks,181,Lying,Lying,True,0.938,0.0,143.5905
Sitting_Lying_FewLandmarks,182,Lying,Lying,True,0.898,0.0,152.8813
Sitting_Lying_FewLandmarks,183,Lying,Lying,True,0.876,0.0,152.2031
Sitting_Lying_FewLandmarks,184,Lying,Lying,True,0.932,0.0,134.6993
Sitting_Lying_FewLandmarks,185,Lying,Lying,True,0.948,0.0,126.1403
Sitting_Lying_FewLandmarks,186,Lying,Lying,True,0.906,0.0,153.1391
Sitting_Lying_FewLandmarks,187,Lying,Lying,True,0.878,0.0,172.8866
Sitting_Lying_FewLandmarks,188,Lying,Lying,True,0.838,0.0,591.1315
Sitting_Lying_FewLandmarks,189,Lying,Lying,True,0.872,0.0,290.9294
Sitting_Lying_FewLandmarks,190,Lying,Lying,True,0.921,0.0,209.815
Sitting_Lying_FewLandmarks,191,Lying,Lying,True,0.907,0.0,180.5454
Sitting_Lying_FewLandmarks,192,Lying,Lying,True,0.922,0.0,169.8735
Sitting_Lying_FewLandmarks,193,Lying,Lying,True,0.888,0.0,167.6013
Sitting_Lying_FewLandmarks,194,Lying,Lying,True,0.876,0.0,152.1026
Sitting_Lying_FewLandmarks,195,Lying,Lying,True,0.905,0.0,179.0791
Sitting_Lying_FewLandmarks,196,Lying,Lying,True,0.922,0.0,182.5642
Sitting_Lying_FewLandmarks,197,Lying,Lying,True,0.971,1.0,146.9683
Sitting_Lying_FewLandmarks,198,Lying,Lying,True,0.936,1.0,135.2242
Sitting_Lying_FewLandmarks,199,Lying,Lying,True,0.964,0.0,133.3056
Sitting_Lying_FewLandmarks,200,Lying,Lying,True,0.956,1.0,180.6297
Sitting_Lying_FewLandmarks,201,Lying,Lying,True,0.955,1.0,163.8444
Sitting_Lying_FewLandmarks,202,Lying,Lying,True,0.934,1.0,167.793
Sitting_Lying_FewLandmarks,203,Lying,Lying,True,0.904,1.0,167.5105
Sitting_Lying_FewLandmarks,204,Lying,Lying,True,0.917,1.0,147.2857
Sitting_Lying_FewLandmarks,205,Lying,Lying,True,0.902,1.0,153.744
Sitting_Lying_FewLandmarks,206,Lying,Lying,True,0.94,1.0,153.1981
Sitting_Lying_FewLandmarks,207,Lying,Lying,True,0.946,1.0,145.7821
Sitting_Lying_FewLandmarks,208,Lying,Lying,True,0.932,0.0,150.7885
Sitting_Lying_FewLandmarks,209,Lying,Lying,True,0.953,0.0,147.6844
Sitting_Lying_FewLandmarks,210,Lying,Lying,True,0.968,1.0,140.9112
Sitting_Lying_FewLandmarks,211,Lying,Lying,True,0.961,0.0,179.2072
Sitting_Lying_FewLandmarks,212,Lying,Lying,True,0.951,0.0,185.1114
Sitting_Lying_FewLandmarks,213,Lying,Lying,True,0.958,1.0,170.4535
Sitting_Lying_FewLandmarks,214,Lying,Lying,True,0.953,0.0,147.7771
Sitting_Lying_FewLandmarks,215,Lying,Lying,True,0.96,0.0,112.0346
Sitting_Lying_FewLandmarks,216,Lying,Lying,True,0.965,0.0,245.0433
Sitting_Lying_FewLandmarks,217,Lying,Lying,True,0.969,1.0,121.5459
Sitting_Lying_FewLandmarks,218,Lying,Lying,True,0.972,0.0,131.5966
Sitting_Lying_FewLandmarks,219,Lying,Lying,True,0.972,0.0,163.8151
Sitting_Lying_FewLandmarks,220,Lying,Lying,True,0.966,0.0,133.0574
Sitting_Lying_FewLandmarks,221,Lying,Lying,True,0.961,1.0,139.4806
Sitting_Lying_FewLandmarks,222,Lying,Lying,True,0.966,1.0,110.6141
Sitting_Lying_FewLandmarks,223,Lying,Lying,True,0.963,1.0,96.4168
Sitting_Lying_FewLandmarks,224,Lying,Lying,True,0.96,1.0,96.6055
Sitting_Lying_FewLandmarks,225,Lying,Lying,True,0.944,1.0,88.3564
Sitting_Lying_FewLandmarks,226,Lying,Lying,True,0.928,0.0,92.8914
Sitting_Lying_FewLandmarks,227,Lying,Lying,True,0.935,1.0,91.7621
Sitting_Lying_FewLandmarks,228,Lying,Lying,True,0.947,1.0,99.4867
Sitting_Lying_FewLandmarks,229,Lying,Lying,True,0.929,1.0,112.0994
Sitting_Lying_FewLandmarks,230,Lying,Lying,True,0.94,0.0,103.4823
Sitting_Lying_FewLandmarks,231,Lying,Lying,True,0.948,0.0,82.0683
Sitting_Lying_FewLandmarks,232,Lying,Lying,True,0.952,1.0,93.1883
Sitting_Lying_FewLandmarks,233,Lying,Lying,True,0.957,1.0,89.6355
Sitting_Lying_FewLandmarks,234,Lying,Lying,True,0.963,1.0,81.1889
Sitting_Lying_FewLandmarks,235,Lying,Lying,True,0.965,0.0,92.6912
Sitting_Lying_FewLandmarks,236,,Lying,,0.969,0.0,87.6869
Sitting_Lying_FewLandmarks,237,,Lying,,0.978,0.0,80.8396
Sitting_Lying_FewLandmarks,238,,Lying,,0.973,1.0,71.4126
Sitting_Lying_FewLandmarks,239,,Lying,,0.957,1.0,81.2639
Sitting_Lying_FewLandmarks,240,,Lying,,0.963,1.0,93.4894
Sitting_Lying_FewLandmarks,241,,Lying,,0.957,0.0,89.7886
Sitting_Lying_FewLandmarks,242,,Lying,,0.931,0.0,83.5171
Sitting_Lying_FewLandmarks,243,,Lying,,0.955,0.0,76.8086
Sitting_Lying_FewLandmarks,244,,Lying,,0.949,0.0,89.0856
Sitting_Lying_FewLandmarks,245,,Lying,,0.943,0.0,100.038
Sitting_Lying_FewLandmarks,246,,Lying,,0.921,0.0,82.3396
Sitting_Lying_FewLandmarks,247,,Lying,,0.948,0.0,72.9151
Sitting_Lying_FewLandmarks,248,,Lying,,0.945,0.0,78.1661
Sitting_Lying_FewLandmarks,249,,Lying,,0.942,0.0,77.0828
Sitting_Lying_FewLandmarks,250,,Lying,,0.939,0.0,68.6331
Sitting_Lying_FewLandmarks,251,,Lying,,0.949,0.0,76.5222
Sitting_Lying_FewLandmarks,252,,Lying,,0.962,0.0,70.2062
Sitting_Lying_FewLandmarks,253,,Lying,,0.97,0.0,68.4289
Sitting_Lying_FewLandmarks,254,,Lying,,0.979,0.0,72.4345
Sitting_Lying_FewLandmarks,255,,Lying,,0.985,0.0,76.214
Sitting_Lying_FewLandmarks,256,,Lying,,0.981,0.0,68.2081
Sitting_Lying_FewLandmarks,257,,Lying,,0.986,0.0,66.4463
Sitting_Lying_FewLandmarks,258,,Lying,,0.989,0.0,70.1969
Sitting_Lying_FewLandmarks,259,,Lying,,0.992,0.0,68.1834
Sitting_Lying_FewLandmarks,260,,Lying,,0.992,0.0,64.7187
Sitting_Lying_FewLandmarks,261,,Lying,,0.991,0.0,67.0149
Sitting_Lying_FewLandmarks,262,,Lying,,0.992,0.0,72.0244
Sitting_Lying_FewLandmarks,263,,Lying,,0.994,0.0,68.0123
Sitting_Lying_FewLandmarks,264,,Lying,,0.995,0.0,75.539
Sitting_Lying_FewLandmarks,265,,Lying,,0.996,0.0,72.9967
Sitting_Lying_FewLandmarks,266,,Lying,,0.996,0.0,69.7984
Sitting_Lying_FewLandmarks,267,,Lying,,0.992,0.0,71.0059
Sitting_Lying_FewLandmarks,268,,Lying,,0.993,0.0,68.3879
Sitting_Lying_FewLandmarks,269,,Lying,,0.994,0.0,69.8065
Sitting_Lying_FewLandmarks,270,,Lying,,0.995,0.0,72.6442
Sitting_Lying_FewLandmarks,271,,Lying,,0.995,0.0,83.1044
Sitting_Lying_FewLandmarks,272,,Lying,,0.994,0.0,77.506
Sitting_Lying_FewLandmarks,273,,Lying,,0.993,0.0,85.7601
Sitting_Lying_FewLandmarks,274,,Lying,,0.993,0.0,77.9179
Sitting_Lying_FewLandmarks,275,,Lying,,0.993,0.0,100.5632
Sitting_Lying_FewLandmarks,276,,Lying,,0.993,0.0,88.0609
Sitting_Lying_FewLandmarks,277,,Lying,,0.991,0.0,105.1577
Sitting_Lying_FewLandmarks,278,,Lying,,0.991,0.0,103.5905
Sitting_Lying_FewLandmarks,279,,Lying,,0.987,0.0,97.4794
Sitting_Lying_FewLandmarks,280,,Lying,,0.983,0.0,113.856
Sitting_Lying_FewLandmarks,281,,Lying,,0.991,0.0,109.8521
Sitting_Lying_FewLandmarks,282,,Lying,,0.99,0.0,96.1526
Sitting_Lying_FewLandmarks,283,,Lying,,0.988,0.0,84.6047
Sitting_Lying_FewLandmarks,284,,Lying,,0.988,0.0,90.2271
Sitting_Lying_FewLandmarks,285,,Lying,,0.985,0.0,102.1149
Sitting_Lying_FewLandmarks,286,,Lying,,0.981,0.0,94.9243
Sitting_Lying_FewLandmarks,287,,Lying,,0.983,0.0,92.9355
Sitting_Lying_FewLandmarks,288,,Lying,,0.982,0.0,100.0896
Sitting_Lying_FewLandmarks,289,,Lying,,0.978,0.0,196.8707
Sitting_Lying_FewLandmarks,290,,Lying,,0.973,0.0,132.0612
Sitting_Lying_FewLandmarks,291,,Lying,,0.967,0.0,109.5258
Sitting_Lying_FewLandmarks,292,,Lying,,0.961,0.0,116.4
Sitting_Lying_FewLandmarks,293,,Lying,,0.938,0.0,109.5657
Sitting_Lying_FewLandmarks,294,,Lying,,0.905,0.0,121.5996
Sitting_Lying_FewLandmarks,295,,Lying,,0.924,0.0,120.7039
Sitting_Lying_FewLandmarks,296,,Lying,,0.903,0.0,116.7436
Sitting_Lying_FewLandmarks,297,,Lying,,0.872,0.0,157.6698
Sitting_Lying_FewLandmarks,298,,Lying,,0.824,0.0,162.257
Sitting_Lying_FewLandmarks,299,,Lying,,0.782,0.0,144.4011
Sitting_Lying_FewLandmarks,300,,Lying,,0.728,0.0,134.9533
Sitting_Lying_FewLandmarks,301,,Lying,,0.675,0.0,129.8228
Sitting_Lying_FewLandmarks,302,,Lying,,0.587,0.0,120.0423
Sitting_Lying_FewLandmarks,303,,Lying,,0.497,0.0,126.3877
Sitting_Lying_FewLandmarks,304,,Standing,,0.505,0.0,134.5158
Sitting_Lying_FewLandmarks,305,,Standing,,0.569,0.0,127.9118
Sitting_Lying_FewLandmarks,306,,Standing,,0.679,0.0,145.442
Sitting_Lying_FewLandmarks,307,,Standing,,0.747,0.0,138.5581
Sitting_Lying_FewLandmarks,308,,Standing,,0.781,0.0,149.5087
Sitting_Lying_FewLandmarks,309,,Standing,,0.849,0.0,180.9326
Sitting_Lying_FewLandmarks,310,,Standing,,0.874,0.0,170.7407
Sitting_Lying_FewLandmarks,311,,Standing,,0.888,0.0,175.5376
Sitting_Lying_FewLandmarks,312,,Standing,,0.899,0.0,140.4468
Sitting_Lying_FewLandmarks,313,,Standing,,0.913,0.0,145.1281
Sitting_Lying_FewLandmarks,314,,Standing,,0.913,0.0,125.1902
Sitting_Lying_FewLandmarks,315,,Standing,,0.918,0.0,127.2934
Sitting_Lying_FewLandmarks,316,,Standing,,0.924,0.0,96.7762
Sitting_Lying_FewLandmarks,317,,Standing,,0.929,0.0,117.4972
Sitting_Lying_FewLandmarks,318,,Standing,,0.931,0.0,88.0927
Sitting_Lying_FewLandmarks,319,,Standing,,0.938,0.0,86.7751
Sitting_Lying_FewLandmarks,320,,Standing,,0.942,0.0,85.5506
Sitting_Lying_FewLandmarks,321,,Standing,,0.947,0.0,87.2789
Sitting_Lying_FewLandmarks,322,,Standing,,0.947,0.0,97.041
Sitting_Lying_FewLandmarks,323,,Standing,,0.951,0.0,89.5441
Sitting_Lying_FewLandmarks,324,,Standing,,0.952,0.0,132.6512
Sitting_Lying_FewLandmarks,325,Sitting,Standing,False,0.954,0.0,155.1909
Sitting_Lying_FewLandmarks,326,Sitting,Standing,False,0.955,0.0,100.2783
Sitting_Lying_FewLandmarks,327,Sitting,Standing,False,0.956,0.0,135.9852
Sitting_Lying_FewLandmarks,328,Sitting,Standing,False,0.958,0.0,119.3036
Sitting_Lying_FewLandmarks,329,Sitting,Standing,False,0.956,0.0,121.2073
Sitting_Lying_FewLandmarks,330,Sitting,Standing,False,0.955,0.0,108.1903
Sitting_Lying_FewLandmarks,331,Sitting,Standing,False,0.954,0.0,112.8284
Sitting_Lying_FewLandmarks,332,Sitting,Standing,False,0.953,0.0,104.2317
Sitting_Lying_FewLandmarks,333,Sitting,Standing,False,0.952,0.0,119.7147
Sitting_Lying_FewLandmarks,334,Sitting,Standing,False,0.951,0.0,125.2243
Sitting_Lying_FewLandmarks,335,Sitting,Standing,False,0.95,0.0,106.9835
Sitting_Lying_FewLandmarks,336,Sitting,Standing,False,0.948,0.0,109.977
Sitting_Lying_FewLandmarks,337,Sitting,Standing,False,0.946,0.0,96.2913
Sitting_Lying_FewLandmarks,338,Sitting,Standing,False,0.945,0.0,101.0906
Sitting_Lying_FewLandmarks,339,Sitting,Standing,False,0.946,0.0,103.9577
Sitting_Lying_FewLandmarks,340,Sitting,Standing,False,0.945,0.0,145.1463
Sitting_Lying_FewLandmarks,341,Sitting,Standing,False,0.946,0.0,123.3776
Sitting_Lying_FewLandmarks,342,Sitting,Standing,False,0.945,0.0,129.3678
Sitting_Lying_FewLandmarks,343,Sitting,Standing,False,0.944,0.0,108.8353
Sitting_Lying_FewLandmarks,344,Sitting,Standing,False,0.945,0.0,102.7448
Sitting_Lying_FewLandmarks,345,Sitting,Standing,False,0.944,0.0,97.1431
Sitting_Lying_FewLandmarks,346,Sitting,Standing,False,0.941,0.0,102.5335
Sitting_Lying_FewLandmarks,347,Sitting,Standing,False,0.938,0.0,88.5305
Sitting_Lying_FewLandmarks,348,Sitting,Standing,False,0.937,0.0,103.3457
Sitting_Lying_FewLandmarks,349,Sitting,Standing,False,0.935,0.0,98.7283
Sitting_Lying_FewLandmarks,350,Sitting,Standing,False,0.933,0.0,110.8849
Sitting_Lying_FewLandmarks,351,Sitting,Standing,False,0.936,0.0,114.3271
Sitting_Lying_FewLandmarks,352,Sitting,Standing,False,0.936,0.0,101.6258
Sitting_Lying_FewLandmarks,353,Sitting,Standing,False,0.936,0.0,111.2038
Sitting_Lying_FewLandmarks,354,,Standing,,0.934,0.0,91.9162
Sitting_Lying_FewLandmarks,355,,Standing,,0.934,0.0,106.8783
Sitting_Lying_FewLandmarks,356,,Standing,,0.935,0.0,102.3878
Sitting_Lying_FewLandmarks,357,,Standing,,0.932,0.0,101.8244
Sitting_Lying_FewLandmarks,358,,Standing,,0.929,0.0,103.8693
Sitting_Lying_FewLandmarks,359,,Standing,,0.926,0.0,118.2731
Sitting_Lying_FewLandmarks,360,,Standing,,0.923,0.0,125.37
Sitting_Lying_FewLandmarks,361,,Standing,,0.915,0.0,128.1927
Sitting_Lying_FewLandmarks,362,,Standing,,0.908,0.0,117.6706
Sitting_Lying_FewLandmarks,363,,Standing,,0.896,0.0,125.0176
Sitting_Lying_FewLandmarks,364,,Standing,,0.885,0.0,110.0888
Sitting_Lying_FewLandmarks,365,,Standing,,0.86,0.0,95.1075
Sitting_Lying_FewLandmarks,366,,Standing,,0.837,0.0,91.1512
Sitting_Lying_FewLandmarks,367,,Standing,,0.811,0.0,104.4983
Sitting_Lying_FewLandmarks,368,,Standing,,0.768,0.0,96.8598
Sitting_Lying_FewLandmarks,369,,Standing,,0.722,0.0,94.8148
Sitting_Lying_FewLandmarks,370,,Standing,,0.675,0.0,95.7478
Sitting_Lying_FewLandmarks,371,,Standing,,0.614,0.0,87.6485
Sitting_Lying_FewLandmarks,372,,Standing,,0.55,0.0,81.7021
Sitting_Lying_FewLandmarks,373,,Sitting,,0.495,0.0,86.5771
Sitting_Lying_FewLandmarks,374,,Sitting,,0.555,0.0,106.6544
Sitting_Lying_FewLandmarks,375,,Sitting,,0.623,0.0,166.6126
Sitting_Lying_FewLandmarks,376,,Sitting,,0.673,0.0,128.8634
Sitting_Lying_FewLandmarks,377,,Sitting,,0.719,0.0,118.1047
Sitting_Lying_FewLandmarks,378,,Sitting,,0.762,0.0,92.4895
Sitting_Lying_FewLandmarks,379,,Sitting,,0.81,0.0,95.0713
Sitting_Lying_FewLandmarks,380,,Sitting,,0.844,0.0,92.3037
Sitting_Lying_FewLandmarks,381,,Sitting,,0.859,0.0,100.4936
Sitting_Lying_FewLandmarks,382,,Sitting,,0.863,0.0,97.8331
Sitting_Lying_FewLandmarks,383,,Sitting,,0.864,0.0,96.7622
Sitting_Lying_FewLandmarks,384,,Sitting,,0.852,0.0,93.832
Sitting_Lying_FewLandmarks,385,,Sitting,,0.838,0.0,102.6291
Sitting_Lying_FewLandmarks,386,,Sitting,,0.843,0.0,88.9859
Sitting_Lying_FewLandmarks,387,,Sitting,,0.806,0.0,94.3269
Sitting_Lying_FewLandmarks,388,,Sitting,,0.783,0.0,104.6619
Sitting_Lying_FewLandmarks,389,,Sitting,,0.723,0.0,112.5815
Sitting_Lying_FewLandmarks,390,,Sitting,,0.656,0.0,105.0383
Sitting_Lying_FewLandmarks,391,,Sitting,,0.612,0.0,105.1071
Sitting_Lying_FewLandmarks,392,,Sitting,,0.549,0.0,100.0405
Sitting_Lying_FewLandmarks,393,,Standing,,0.531,0.0,112.9387
Sitting_Lying_FewLandmarks,394,,Standing,,0.602,0.0,111.1189
Sitting_Lying_FewLandmarks,395,,Standing,,0.704,0.0,119.5919
Sitting_Lying_FewLandmarks,396,,Standing,,0.742,0.0,124.6073
Sitting_Lying_FewLandmarks,397,,Standing,,0.811,0.0,98.1655
Sitting_Lying_FewLandmarks,398,,Standing,,0.858,0.0,120.0767
Sitting_Lying_FewLandmarks,399,,Standing,,0.899,0.0,199.3889
Sitting_Lying_FewLandmarks,400,,Standing,,0.923,0.0,117.6574
Sitting_Lying_FewLandmarks,401,,Standing,,0.948,0.0,214.1784
