clip_name,frame_number,gt_label,pred_label,correct,confidence,nan_fraction,latency_ms
Bend_pickup_lowLight,31,,Standing,,0.936,0.0,22.5712
Bend_pickup_lowLight,32,,Standing,,0.922,0.0,21.3498
Bend_pickup_lowLight,33,,Standing,,0.928,0.0,20.2606
Bend_pickup_lowLight,34,,Standing,,0.941,0.0,20.4563
Bend_pickup_lowLight,35,,Standing,,0.934,0.0,20.2277
Bend_pickup_lowLight,36,,Standing,,0.954,0.0,20.3531
Bend_pickup_lowLight,37,,Standing,,0.959,0.0,22.0245
Bend_pickup_lowLight,38,,Standing,,0.965,0.0,20.3406
Bend_pickup_lowLight,39,,Standing,,0.956,0.0,20.9164
Bend_pickup_lowLight,40,,Standing,,0.962,0.0,21.2675
Bend_pickup_lowLight,41,,Standing,,0.957,0.0,21.6545
Bend_pickup_lowLight,42,,Standing,,0.941,0.0,22.9198
Bend_pickup_lowLight,43,,Standing,,0.878,0.0,20.2401
Bend_pickup_lowLight,44,,Standing,,0.842,0.0,20.9904
Bend_pickup_lowLight,45,,Standing,,0.795,0.0,20.6538
Bend_pickup_lowLight,46,,Standing,,0.689,0.0,26.1582
Bend_pickup_lowLight,47,,Standing,,0.689,0.0,21.8993
Bend_pickup_lowLight,48,,Standing,,0.675,0.0,20.2681
Bend_pickup_lowLight,49,,Standing,,0.619,0.0,19.7359
Bend_pickup_lowLight,50,,Standing,,0.521,0.0,24.6431
Bend_pickup_lowLight,51,,Standing,,0.43,0.0,19.5787
Bend_pickup_lowLight,52,,Standing,,0.376,0.0,19.8333
Bend_pickup_lowLight,53,,Standing,,0.316,0.0,20.1325
Bend_pickup_lowLight,54,,Lying,,0.358,0.0,19.9119
Bend_pickup_lowLight,55,,Lying,,0.418,0.0,19.9568
Bend_pickup_lowLight,56,,Lying,,0.453,0.0,22.472
Bend_pickup_lowLight,57,,Lying,,0.474,0.0,20.1512
Bend_pickup_lowLight,58,,Lying,,0.504,0.0,20.2783
Bend_pickup_lowLight,59,,Lying,,0.552,0.0,20.0931
Bend_pickup_lowLight,60,,Lying,,0.56,0.0,24.4886
Bend_pickup_lowLight,61,,Lying,,0.578,0.0,20.4866
Bend_pickup_lowLight,62,,Lying,,0.562,0.0,20.7417
Bend_pickup_lowLight,63,,Lying,,0.565,0.0,19.8065
Bend_pickup_lowLight,64,,Lying,,0.579,0.0,19.6108
Bend_pickup_lowLight,65,,Lying,,0.579,0.0,23.7235
Bend_pickup_lowLight,66,,Lying,,0.574,0.0,21.653
Bend_pickup_lowLight,67,,Lying,,0.574,0.0,21.3871
Bend_pickup_lowLight,68,,Lying,,0.577,0.0,24.0273
Bend_pickup_lowLight,69,,Lying,,0.536,0.0,21.122
Bend_pickup_lowLight,70,,Lying,,0.52,0.0,21.6315
Bend_pickup_lowLight,71,,Lying,,0.481,0.0,24.5709
Bend_pickup_lowLight,72,,Lying,,0.47,0.0,29.6383
Bend_pickup_lowLight,73,,Lying,,0.444,0.0,30.3157
Bend_pickup_lowLight,74,,Lying,,0.445,0.0,22.9292
Bend_pickup_lowLight,75,,Lying,,0.472,0.0,24.1916
Bend_pickup_lowLight,76,,Lying,,0.468,0.0,33.1053
Bend_pickup_lowLight,77,,Lying,,0.432,0.0,32.2005
Bend_pickup_lowLight,78,,Lying,,0.443,0.0,40.4625
Bend_pickup_lowLight,79,,Lying,,0.407,0.0,24.4769
Bend_pickup_lowLight,80,,Standing,,0.41,0.0,25.4527
Bend_pickup_lowLight,81,,Standing,,0.423,0.0,26.6246
Bend_pickup_lowLight,82,,Standing,,0.467,0.0,24.6652
Bend_pickup_lowLight,83,,Standing,,0.497,0.0,24.8653
Bend_pickup_lowLight,84,,Standing,,0.519,0.0,29.0393
Bend_pickup_lowLight,85,,Standing,,0.546,0.0,24.7781
Bend_pickup_lowLight,86,,Standing,,0.562,0.0,26.7313
Bend_pickup_lowLight,87,,Standing,,0.604,0.0,29.9041
Bend_pickup_lowLight,88,,Standing,,0.607,0.0,34.2921
Bend_pickup_lowLight,89,,Standing,,0.615,0.0,29.2345
Bend_pickup_lowLight,90,,Standing,,0.63,0.0,28.5587
Bend_pickup_lowLight,91,,Standing,,0.654,0.0,33.8895
Bend_pickup_lowLight,92,Standing,Standing,True,0.669,0.0,31.2372
Bend_pickup_lowLight,93,Standing,Standing,True,0.677,0.0,41.6257
Bend_pickup_lowLight,94,Standing,Standing,True,0.699,0.0,46.2688
Bend_pickup_lowLight,95,Standing,Standing,True,0.701,0.0,38.925
Bend_pickup_lowLight,96,Standing,Standing,True,0.735,0.0,42.9512
Bend_pickup_lowLight,97,Standing,Standing,True,0.755,0.0,35.805
Bend_pickup_lowLight,98,Standing,Standing,True,0.775,0.0,32.9202
Bend_pickup_lowLight,99,Standing,Standing,True,0.794,0.0,32.5631
Bend_pickup_lowLight,100,Standing,Standing,True,0.852,0.0,39.9996
Bend_pickup_lowLight,101,Standing,Standing,True,0.871,0.0,29.9141
Bend_pickup_lowLight,102,Standing,Standing,True,0.901,0.0,28.8405
Bend_pickup_lowLight,103,Standing,Standing,True,0.913,0.0,28.0009
Bend_pickup_lowLight,104,Standing,Standing,True,0.933,0.0,32.5835
Bend_pickup_lowLight,105,Standing,Standing,True,0.93,0.0,28.4906
Bend_pickup_lowLight,106,Standing,Standing,True,0.941,0.0,31.3115
Bend_pickup_lowLight,107,Standing,Standing,True,0.943,0.0,28.267
Bend_pickup_lowLight,108,Standing,Standing,True,0.947,0.0,28.179
Bend_pickup_lowLight,109,Standing,Standing,True,0.956,0.0,29.4998
Bend_pickup_lowLight,110,Standing,Standing,True,0.963,0.0,27.1033
Bend_pickup_lowLight,111,Standing,Standing,True,0.969,0.0,27.5776
Bend_pickup_lowLight,112,Standing,Standing,True,0.974,0.0,31.6747
Bend_pickup_lowLight,113,Standing,Standing,True,0.972,0.0,32.4135
Bend_pickup_lowLight,114,Standing,Standing,True,0.978,0.0,51.8737
Bend_pickup_lowLight_leftRight,31,,Standing,,0.726,0.0,39.1163
Bend_pickup_lowLight_leftRight,32,,Standing,,0.671,0.0,39.1164
Bend_pickup_lowLight_leftRight,33,,Standing,,0.658,0.0,42.1312
Bend_pickup_lowLight_leftRight,34,,Standing,,0.688,0.0,31.6722
Bend_pickup_lowLight_leftRight,35,,Standing,,0.706,0.0,36.2589
Bend_pickup_lowLight_leftRight,36,,Standing,,0.669,0.0,31.956
Bend_pickup_lowLight_leftRight,37,,Standing,,0.646,0.0,36.8361
Bend_pickup_lowLight_leftRight,38,,Standing,,0.635,0.0,31.1231
Bend_pickup_lowLight_leftRight,39,,Standing,,0.617,0.0,40.792
Bend_pickup_lowLight_leftRight,40,,Standing,,0.576,0.0,37.7788
Bend_pickup_lowLight_leftRight,41,,Standing,,0.512,0.0,34.8964
Bend_pickup_lowLight_leftRight,42,,Standing,,0.449,0.0,38.0759
Bend_pickup_lowLight_leftRight,43,,Standing,,0.38,0.0,36.3636
Bend_pickup_lowLight_leftRight,44,,Lying,,0.38,0.0,40.2475
Bend_pickup_lowLight_leftRight,45,,Lying,,0.445,0.0,36.3948
Bend_pickup_lowLight_leftRight,46,,Lying,,0.508,0.0,43.4406
Bend_pickup_lowLight_leftRight,47,,Lying,,0.55,0.0,55.0943
Bend_pickup_lowLight_leftRight,48,,Lying,,0.541,0.0,42.0905
Bend_pickup_lowLight_leftRight,49,,Lying,,0.549,0.0,52.3816
Bend_pickup_lowLight_leftRight,50,,Lying,,0.533,0.0,37.1085
Bend_pickup_lowLight_leftRight,51,,Lying,,0.527,0.0,36.7386
Bend_pickup_lowLight_leftRight,52,,Lying,,0.548,0.0,35.7375
Bend_pickup_lowLight_leftRight,53,,Lying,,0.511,0.0,32.3113
Bend_pickup_lowLight_leftRight,54,,Lying,,0.537,0.0,37.4585
Bend_pickup_lowLight_leftRight,55,,Lying,,0.542,0.0,39.8583
Bend_pickup_lowLight_leftRight,56,,Lying,,0.512,0.0,53.0766
Bend_pickup_lowLight_leftRight,57,,Lying,,0.482,0.0,45.1682
Bend_pickup_lowLight_leftRight,58,,Lying,,0.498,0.0,41.3879
Bend_pickup_lowLight_leftRight,59,,Lying,,0.545,0.0,31.8896
Bend_pickup_lowLight_leftRight,60,,Lying,,0.551,0.0,30.9417
Bend_pickup_lowLight_leftRight,61,,Lying,,0.572,0.0,31.3446
Bend_pickup_lowLight_leftRight,62,,Lying,,0.579,0.0,35.9214
Bend_pickup_lowLight_leftRight,63,,Lying,,0.588,0.0,44.3845
Bend_pickup_lowLight_leftRight,64,,Lying,,0.577,0.0,38.6997
Bend_pickup_lowLight_leftRight,65,,Lying,,0.577,0.0,39.3312
Bend_pickup_lowLight_leftRight,66,,Lying,,0.582,0.0,37.2684
Bend_pickup_lowLight_leftRight,67,,Lying,,0.595,0.0,30.6185
Bend_pickup_lowLight_leftRight,68,,Lying,,0.607,0.0,30.0892
Bend_pickup_lowLight_leftRight,69,,Lying,,0.613,0.0,29.9458
Bend_pickup_lowLight_leftRight,70,,Lying,,0.634,0.0,31.8755
Bend_pickup_lowLight_leftRight,71,,Lying,,0.666,0.0,35.9361
Bend_pickup_lowLight_leftRight,72,,Lying,,0.682,0.0,33.6744
Bend_pickup_lowLight_leftRight,73,,Lying,,0.677,0.0,35.2391
Bend_pickup_lowLight_leftRight,74,,Lying,,0.685,0.0,28.4952
Bend_pickup_lowLight_leftRight,75,,Lying,,0.715,0.0,35.1766
Bend_pickup_lowLight_leftRight,76,,Lying,,0.729,0.0,40.8405
Bend_pickup_lowLight_leftRight,77,,Lying,,0.742,0.0,33.4222
Bend_pickup_lowLight_leftRight,78,,Lying,,0.711,0.0,58.9131
Bend_pickup_lowLight_leftRight,79,,Lying,,0.7,0.0,60.1049
Bend_pickup_lowLight_leftRight,80,,Lying,,0.734,0.0,54.6821
Bend_pickup_lowLight_leftRight,81,,Lying,,0.743,0.0,46.4919
Bend_pickup_lowLight_leftRight,82,,Lying,,0.735,0.0,37.6772
Bend_pickup_lowLight_leftRight,83,,Lying,,0.698,0.0,30.8993
Bend_pickup_lowLight_leftRight,84,,Lying,,0.673,0.0,30.6934
Bend_pickup_lowLight_leftRight,85,,Lying,,0.656,0.0,33.3757
Bend_pickup_lowLight_leftRight,86,,Lying,,0.602,0.0,38.2871
Bend_pickup_lowLight_leftRight,87,,Lying,,0.587,0.0,42.1832
Bend_pickup_lowLight_leftRight,88,,Lying,,0.555,0.0,31.2384
Bend_pickup_lowLight_leftRight,89,,Lying,,0.501,0.0,31.178
Bend_pickup_lowLight_leftRight,90,Standing,Lying,False,0.48,0.0,31.506
Bend_pickup_lowLight_leftRight,91,Standing,Lying,False,0.475,0.0,34.4966
Bend_pickup_lowLight_leftRight,92,Standing,Lying,False,0.438,0.0,28.0374
Bend_pickup_lowLight_leftRight,93,Standing,Lying,False,0.419,0.0,28.4123
Bend_pickup_lowLight_leftRight,94,Standing,Lying,False,0.387,0.0,34.0967
Bend_pickup_lowLight_leftRight,95,Standing,Lying,False,0.37,0.0,49.0765
Bend_pickup_lowLight_leftRight,96,Standing,Lying,False,0.349,0.0,32.9807
Bend_pickup_lowLight_leftRight,97,Standing,Standing,True,0.378,0.0,25.8101
Bend_pickup_lowLight_leftRight,98,Standing,Standing,True,0.392,0.0,35.7109
Bend_pickup_lowLight_leftRight,99,Standing,Standing,True,0.439,0.0,39.1233
Bend_pickup_lowLight_leftRight,100,Standing,Standing,True,0.431,0.0,37.0112
Bend_pickup_lowLight_leftRight,101,Standing,Standing,True,0.457,0.0,39.9346
Bend_pickup_lowLight_leftRight,102,Standing,Standing,True,0.485,0.0,38.4715
Bend_pickup_lowLight_leftRight,103,Standing,Standing,True,0.528,0.0,35.5489
Bend_pickup_lowLight_leftRight,104,Standing,Standing,True,0.601,0.0,24.5783
Bend_pickup_lowLight_leftRight,105,Standing,Standing,True,0.632,0.0,24.1607
Bend_pickup_lowLight_leftRight,106,Standing,Standing,True,0.659,0.0,28.587
Bend_pickup_lowLight_leftRight,107,Standing,Standing,True,0.689,0.0,23.7177
Bend_pickup_lowLight_leftRight,108,Standing,Standing,True,0.724,0.0,24.6842
Bend_pickup_lowLight_leftRight,109,Standing,Standing,True,0.757,0.0,32.813
Bend_pickup_lowLight_leftRight,110,Standing,Standing,True,0.776,0.0,26.6195
Bend_pickup_lowLight_leftRight,111,Standing,Standing,True,0.769,0.0,39.4758
Bend_pickup_lowLight_leftRight,112,Standing,Standing,True,0.787,0.0,31.5538
Bend_pickup_lowLight_leftRight,113,Standing,Standing,True,0.795,0.0,28.1336
Bend_pickup_lowLight_leftRight,114,Standing,Standing,True,0.823,0.0,30.2304
Bend_pickup_lowLight_leftRight,115,Standing,Standing,True,0.828,0.0,29.5619
Bend_pickup_lowLight_leftRight,116,Standing,Standing,True,0.818,0.0,28.391
Bend_pickup_lowLight_leftRight,117,Standing,Standing,True,0.799,0.0,23.8977
Bend_pickup_lowLight_leftRight,118,Standing,Standing,True,0.789,0.0,24.4363
Bend_pickup_lowLight_leftRight,119,Standing,Standing,True,0.793,0.0,34.4534
Bend_pickup_lowLight_leftRight,120,Standing,Standing,True,0.796,0.0,27.6977
Bend_pickup_lowLight_leftRight,121,Standing,Standing,True,0.82,0.0,24.2901
Bend_pickup_lowLight_leftRight,122,Standing,Standing,True,0.824,0.0,22.6242
Bend_pickup_lowLight_leftRight,123,Standing,Standing,True,0.848,0.0,24.4012
Bend_pickup_lowLight_leftRight,124,Standing,Standing,True,0.865,0.0,24.4278
Bend_pickup_lowLight_leftRight,125,Standing,Standing,True,0.869,0.0,27.5799
Bend_pickup_lowLight_leftRight,126,Standing,Standing,True,0.884,0.0,22.385
Bend_pickup_lowLight_leftRight,127,Standing,Standing,True,0.898,0.0,22.9382
Bend_pickup_lowLight_leftRight,128,Standing,Standing,True,0.913,0.0,23.4369
Bend_pickup_lowLight_leftRight,129,,Standing,,0.942,0.0,23.4388
Bend_pickup_lowLight_leftRight,130,,Standing,,0.949,0.0,22.0633
Bend_pickup_lowLight_leftRight,131,,Standing,,0.952,0.0,23.1967
Bend_pickup_lowLight_leftRight,132,,Standing,,0.949,0.0,21.4783
Bend_pickup_lowLight_leftRight,133,,Standing,,0.948,0.0,22.5649
Bend_pickup_lowLight_leftRight,134,,Standing,,0.949,0.0,21.2427
Bend_pickup_lowLight_leftRight,135,,Standing,,0.95,0.0,20.6711
Bend_pickup_lowLight_leftRight,136,,Standing,,0.948,0.0,20.9137
Bend_pickup_lowLight_leftRight,137,,Standing,,0.939,0.0,21.058
Bend_pickup_lowLight_leftRight,138,,Standing,,0.923,0.0,21.202
Bend_pickup_lowLight_leftRight,139,,Standing,,0.921,0.0,21.1491
Bend_pickup_lowLight_leftRight,140,,Standing,,0.917,0.0,20.1711
Bend_pickup_lowLight_leftRight,141,,Standing,,0.909,0.0,20.9368
Bend_pickup_lowLight_leftRight,142,,Standing,,0.901,0.0,20.9653
Bend_pickup_lowLight_leftRight,143,,Standing,,0.879,0.0,20.47
Bend_pickup_lowLight_leftRight,144,,Standing,,0.875,0.0,19.4685
Bend_pickup_lowLight_leftRight,145,,Standing,,0.879,0.0,20.2521
Bend_pickup_lowLight_leftRight,146,,Standing,,0.879,0.0,19.4518
Bend_pickup_lowLight_leftRight,147,,Standing,,0.882,0.0,19.6348
Bend_pickup_lowLight_leftRight,148,,Standing,,0.885,0.0,24.6959
Bend_pickup_lowLight_leftRight,149,,Standing,,0.894,0.0,19.5272
Bend_pickup_lowLight_leftRight,150,,Standing,,0.903,0.0,19.7947
Bend_pickup_lowLight_leftRight,151,,Standing,,0.897,0.0,19.5852
Bend_pickup_lowLight_leftRight,152,,Standing,,0.893,0.0,19.9068
Bend_pickup_lowLight_leftRight,153,,Standing,,0.904,0.0,18.8912
Bend_pickup_lowLight_leftRight,154,,Standing,,0.901,0.0,31.2259
Bend_pickup_lowLight_leftRight,155,,Standing,,0.895,0.0,26.3637
Bend_pickup_lowLight_leftRight,156,,Standing,,0.902,0.0,20.3149
Bend_pickup_lowLight_leftRight,157,,Standing,,0.898,0.0,20.5213
Bend_pickup_lowLight_leftRight,158,,Standing,,0.9,0.0,27.1534
Bend_pickup_lowLight_leftRight,159,,Standing,,0.9,0.0,20.2212
Bend_pickup_lowLight_leftRight,160,,Standing,,0.902,0.0,20.5363
Bend_pickup_lowLight_leftRight,161,,Standing,,0.861,0.0,19.6392
Bend_pickup_lowLight_leftRight,162,,Standing,,0.857,0.0,19.2921
Bend_pickup_lowLight_leftRight,163,,Standing,,0.813,0.0,19.6347
Bend_pickup_lowLight_leftRight,164,,Standing,,0.804,0.0,23.1229
Bend_pickup_lowLight_leftRight,165,,Standing,,0.686,0.0,30.0465
Bend_pickup_lowLight_leftRight,166,,Standing,,0.707,0.0,21.168
Bend_pickup_lowLight_leftRight,167,,Standing,,0.612,0.0,28.4908
Bend_pickup_lowLight_leftRight,168,,Standing,,0.563,0.0,28.006
Bend_pickup_lowLight_leftRight,169,,Standing,,0.515,0.0,22.7508
Bend_pickup_lowLight_leftRight,170,,Standing,,0.509,0.0,23.3372
Bend_pickup_lowLight_leftRight,171,,Standing,,0.498,0.0,26.0581
Bend_pickup_lowLight_leftRight,172,,Standing,,0.504,0.0,24.5291
Bend_pickup_lowLight_leftRight,173,,Standing,,0.565,0.0,23.3996
Bend_pickup_lowLight_leftRight,174,,Standing,,0.6,0.0,23.0336
Bend_pickup_lowLight_leftRight,175,,Standing,,0.646,0.0,22.9604
Bend_pickup_lowLight_leftRight,176,,Standing,,0.669,0.0,28.6427
Bend_pickup_lowLight_leftRight,177,,Standing,,0.688,0.0,27.6194
Bend_pickup_lowLight_leftRight,178,,Standing,,0.666,0.0,26.0774
Bend_pickup_lowLight_leftRight,179,,Standing,,0.684,0.0,21.9994
Bend_pickup_lowLight_leftRight,180,,Standing,,0.716,0.0,22.4865
Bend_pickup_lowLight_leftRight,181,,Standing,,0.709,0.0,23.9071
Bend_pickup_lowLight_leftRight,182,,Standing,,0.678,0.0,22.6024
Bend_pickup_lowLight_leftRight,183,,Standing,,0.655,0.0,24.4899
Bend_pickup_lowLight_leftRight,184,,Standing,,0.572,0.0,21.8759
Bend_pickup_lowLight_leftRight,185,,Standing,,0.517,0.0,21.4193
Bend_pickup_lowLight_leftRight,186,,Standing,,0.449,0.0,23.0125
Bend_pickup_lowLight_leftRight,187,,Standing,,0.37,0.0,22.4324
Bend_pickup_lowLight_leftRight,188,,Lying,,0.413,0.0,22.1899
Bend_pickup_lowLight_leftRight,189,,Lying,,0.436,0.0,22.4728
Bend_pickup_lowLight_leftRight,190,,Lying,,0.472,0.0,25.6353
Bend_pickup_lowLight_leftRight,191,,Lying,,0.5,0.0,23.4021
Bend_pickup_lowLight_leftRight,192,,Lying,,0.522,0.0,24.9896
Bend_pickup_lowLight_leftRight,193,,Lying,,0.508,0.0,28.2371
Bend_pickup_lowLight_leftRight,194,,Lying,,0.51,0.0,24.4463
Bend_pickup_lowLight_leftRight,195,,Lying,,0.523,0.0,27.3106
Bend_pickup_lowLight_leftRight,196,,Lying,,0.455,0.0,31.7443
Bend_pickup_lowLight_leftRight,197,,Lying,,0.419,0.0,26.5687
Bend_pickup_lowLight_leftRight,198,,Lying,,0.352,0.0,32.1127
Bend_pickup_lowLight_leftRight,199,,Lying,,0.323,0.0,25.1836
Bend_pickup_lowLight_leftRight,200,,Standing,,0.312,0.0,25.5568
Bend_pickup_lowLight_leftRight,201,,Standing,,0.366,0.0,34.4407
Bend_pickup_lowLight_leftRight,202,,Standing,,0.405,0.0,27.3847
Bend_pickup_lowLight_leftRight,203,,Standing,,0.419,0.0,34.2544
Bend_pickup_lowLight_leftRight,204,,Standing,,0.471,0.0,26.1061
Bend_pickup_lowLight_leftRight,205,,Standing,,0.455,0.0,27.663
Bend_pickup_lowLight_leftRight,206,Standing,Standing,True,0.489,0.0,44.3744
Bend_pickup_lowLight_leftRight,207,Standing,Standing,True,0.485,0.0,35.5843
Bend_pickup_lowLight_leftRight,208,Standing,Standing,True,0.492,0.0,37.0991
Bend_pickup_lowLight_leftRight,209,Standing,Standing,True,0.49,0.0,36.404
Bend_pickup_lowLight_leftRight,210,Standing,Standing,True,0.526,0.0,26.3477
Bend_pickup_lowLight_leftRight,211,Standing,Standing,True,0.52,0.0,27.1229
Bend_pickup_lowLight_leftRight,212,Standing,Standing,True,0.525,0.0,27.5795
Bend_pickup_lowLight_leftRight,213,Standing,Standing,True,0.535,0.0,30.4325
Bend_pickup_lowLight_leftRight,214,Standing,Standing,True,0.54,0.0,30.185
Bend_pickup_lowLight_leftRight,215,Standing,Standing,True,0.581,0.0,30.4878
Bend_pickup_lowLight_leftRight,216,Standing,Standing,True,0.597,0.0,26.7692
Bend_pickup_lowLight_leftRight,217,Standing,Standing,True,0.614,0.0,35.4251
Bend_pickup_lowLight_leftRight,218,Standing,Standing,True,0.637,0.0,31.6615
Bend_pickup_lowLight_leftRight,219,Standing,Standing,True,0.643,0.0,33.3249
Bend_pickup_lowLight_leftRight,220,Standing,Standing,True,0.667,0.0,44.9122
Bend_pickup_lowLight_leftRight,221,Standing,Standing,True,0.704,0.0,40.4131
Bend_pickup_lowLight_leftRight,222,Standing,Standing,True,0.709,0.0,40.8777
Bend_pickup_lowLight_leftRight,223,Standing,Standing,True,0.718,0.0,35.9769
Bend_pickup_lowLight_leftRight,224,Standing,Standing,True,0.727,0.0,35.8739
Bend_pickup_lowLight_leftRight,225,Standing,Standing,True,0.761,0.0,33.6885
Bend_pickup_lowLight_leftRight,226,Standing,Standing,True,0.781,0.0,31.9791
Bend_pickup_lowLight_leftRight,227,Standing,Standing,True,0.783,0.0,35.0044
Bend_pickup_lowLight_leftRight,228,Standing,Standing,True,0.784,0.0,47.7634
Bend_pickup_lowLight_leftRight,229,Standing,Standing,True,0.803,0.0,38.8671
Bend_pickup_lowLight_leftRight,230,Standing,Standing,True,0.818,0.0,41.0065
Bend_pickup_lowLight_leftRight,231,Standing,Standing,True,0.839,0.0,45.509
Bend_pickup_lowLight_leftRight,232,Standing,Standing,True,0.839,0.0,43.175
Bend_pickup_lowLight_leftRight,233,,Standing,,0.851,0.0,34.1363
Bend_pickup_lowLight_leftRight,234,,Standing,,0.868,0.0,45.216
Bend_pickup_lowLight_leftRight,235,,Standing,,0.878,0.0,34.161
Bend_pickup_lowLight_leftRight,236,,Standing,,0.885,0.0,30.3582
Bend_pickup_lowLight_leftRight,237,,Standing,,0.895,0.0,35.5674
Bend_pickup_lowLight_leftRight,238,,Standing,,0.907,0.0,40.9887
Bend_pickup_lowLight_leftRight,239,,Standing,,0.91,0.0,36.712
Bend_pickup_lowLight_leftRight,240,,Standing,,0.907,0.0,35.3152
Bend_pickup_lowLight_leftRight,241,,Standing,,0.913,0.0,34.3678
Bend_pickup_lowLight_leftRight,242,,Standing,,0.914,0.0,29.9042
Bend_pickup_normalLight_back,31,Standing,Standing,True,0.946,0.0,39.2323
Bend_pickup_normalLight_back,32,Standing,Standing,True,0.949,0.0,39.2693
Bend_pickup_normalLight_back,33,Standing,Standing,True,0.945,0.0,34.5261
Bend_pickup_normalLight_back,34,Standing,Standing,True,0.932,0.0,31.4191
Bend_pickup_normalLight_back,35,Standing,Standing,True,0.927,0.0,32.5015
Bend_pickup_normalLight_back,36,Standing,Standing,True,0.898,0.0,41.6171
Bend_pickup_normalLight_back,37,Standing,Standing,True,0.907,0.0,45.3022
Bend_pickup_normalLight_back,38,Standing,Standing,True,0.925,0.0,35.3004
Bend_pickup_normalLight_back,39,Standing,Standing,True,0.918,0.0,36.6645
Bend_pickup_normalLight_back,40,Standing,Standing,True,0.91,0.0,37.921
Bend_pickup_normalLight_back,41,Standing,Standing,True,0.914,0.0,38.4586
Bend_pickup_normalLight_back,42,Standing,Standing,True,0.925,0.0,36.802
Bend_pickup_normalLight_back,43,Standing,Standing,True,0.93,0.0,41.6948
Bend_pickup_normalLight_back,44,Standing,Standing,True,0.929,0.0,38.6418
Bend_pickup_normalLight_back,45,Standing,Standing,True,0.926,0.0,42.9771
Bend_pickup_normalLight_back,46,Standing,Standing,True,0.93,0.0,32.1579
Bend_pickup_normalLight_back,47,Standing,Standing,True,0.92,0.0,30.0077
Bend_pickup_normalLight_back,48,Standing,Standing,True,0.919,0.0,29.0616
Bend_pickup_normalLight_back,49,Standing,Standing,True,0.911,0.0,44.1776
Bend_pickup_normalLight_back,50,Standing,Standing,True,0.911,0.0,40.3466
Bend_pickup_normalLight_back,51,Standing,Standing,True,0.912,0.0,33.2725
Bend_pickup_normalLight_back,52,Standing,Standing,True,0.907,0.0,34.318
Bend_pickup_normalLight_back,53,Standing,Standing,True,0.911,0.0,39.1332
Bend_pickup_normalLight_back,54,Standing,Standing,True,0.919,0.0,47.1695
Bend_pickup_normalLight_back,55,Standing,Standing,True,0.924,0.0,53.1691
Bend_pickup_normalLight_back,56,Standing,Standing,True,0.928,0.0,47.0285
Bend_pickup_normalLight_back,57,Standing,Standing,True,0.937,0.0,40.1737
Bend_pickup_normalLight_back,58,,Standing,,0.94,0.0,31.7347
Bend_pickup_normalLight_back,59,,Standing,,0.944,0.0,33.3288
Bend_pickup_normalLight_back,60,,Standing,,0.943,0.0,43.8548
Bend_pickup_normalLight_back,61,,Standing,,0.948,0.0,45.4405
Bend_pickup_normalLight_back,62,,Standing,,0.951,0.0,46.83
Bend_pickup_normalLight_back,63,,Standing,,0.945,0.0,45.5514
Bend_pickup_normalLight_back,64,,Standing,,0.943,0.0,48.6078
Bend_pickup_normalLight_back,65,,Standing,,0.937,0.0,36.7553
Bend_pickup_normalLight_back,66,,Standing,,0.934,0.0,43.8722
Bend_pickup_normalLight_back,67,,Standing,,0.894,0.0,41.0942
Bend_pickup_normalLight_back,68,,Standing,,0.84,0.0,28.4087
Bend_pickup_normalLight_back,69,,Standing,,0.743,0.0,31.4942
Bend_pickup_normalLight_back,70,,Standing,,0.661,0.0,45.4658
Bend_pickup_normalLight_back,71,,Standing,,0.585,0.0,53.6222
Bend_pickup_normalLight_back,72,,Standing,,0.53,0.0,48.1559
Bend_pickup_normalLight_back,73,,Standing,,0.525,0.0,48.5732
Bend_pickup_normalLight_back,74,,Standing,,0.545,0.0,48.3538
Bend_pickup_normalLight_back,75,,Standing,,0.569,0.0,52.3988
Bend_pickup_normalLight_back,76,,Standing,,0.602,0.0,45.4416
Bend_pickup_normalLight_back,77,,Standing,,0.642,0.0,45.6891
Bend_pickup_normalLight_back,78,,Standing,,0.692,0.0,40.8722
Bend_pickup_normalLight_back,79,,Standing,,0.759,0.0,36.81
Bend_pickup_normalLight_back,80,,Standing,,0.822,0.0,36.6122
Bend_pickup_normalLight_back,81,,Standing,,0.863,0.0,29.1934
Bend_pickup_normalLight_back,82,,Standing,,0.906,0.0,33.1128
Bend_pickup_normalLight_back,83,,Standing,,0.909,0.0,39.4626
Bend_pickup_normalLight_back,84,,Standing,,0.929,0.0,36.531
Bend_pickup_normalLight_back,85,,Standing,,0.936,0.0,32.0898
Bend_pickup_normalLight_back,86,,Standing,,0.946,0.0,31.8049
Bend_pickup_normalLight_back,87,,Standing,,0.937,0.0,40.8799
Bend_pickup_normalLight_back,88,,Standing,,0.942,0.0,46.2105
Bend_pickup_normalLight_back,89,,Standing,,0.931,0.0,39.936
Bend_pickup_normalLight_back,90,,Standing,,0.928,0.0,33.521
Bend_pickup_normalLight_back,91,,Standing,,0.928,0.0,40.2852
Bend_pickup_normalLight_back,92,,Standing,,0.91,0.0,41.5407
Bend_pickup_normalLight_back,93,,Standing,,0.875,0.0,37.7137
Bend_pickup_normalLight_back,94,,Standing,,0.812,0.0,30.8854
Bend_pickup_normalLight_back,95,,Standing,,0.769,0.0,31.9106
Bend_pickup_normalLight_back,96,,Standing,,0.759,0.0,40.0782
Bend_pickup_normalLight_back,97,,Standing,,0.777,0.0,41.7166
Bend_pickup_normalLight_back,98,,Standing,,0.719,0.0,32.7116
Bend_pickup_normalLight_back,99,,Standing,,0.704,0.0,33.2432
Bend_pickup_normalLight_back,100,,Standing,,0.64,1.0,47.0725
Bend_pickup_normalLight_back,101,,Standing,,0.574,0.0,43.0642
Bend_pickup_normalLight_back,102,,Standing,,0.562,0.0,39.2877
Bend_pickup_normalLight_back,103,,Standing,,0.581,0.0,50.1501
Bend_pickup_normalLight_back,104,,Standing,,0.56,0.0,49.084
Bend_pickup_normalLight_back,105,,Standing,,0.567,0.0,34.9599
Bend_pickup_normalLight_back,106,,Standing,,0.579,0.0,32.1352
Bend_pickup_normalLight_back,107,,Standing,,0.559,0.0,33.8713
Bend_pickup_normalLight_back,108,,Standing,,0.573,0.0,42.0394
Bend_pickup_normalLight_back,109,,Standing,,0.562,0.0,42.8352
Bend_pickup_normalLight_back,110,,Standing,,0.568,0.0,41.1682
Bend_pickup_normalLight_back,111,,Standing,,0.552,0.0,34.3979
Bend_pickup_normalLight_back,112,,Standing,,0.557,0.0,39.5125
Bend_pickup_normalLight_back,113,,Standing,,0.547,0.0,40.7279
Bend_pickup_normalLight_back,114,,Standing,,0.56,0.0,31.06
Bend_pickup_normalLight_back,115,,Standing,,0.568,0.0,33.835
Bend_pickup_normalLight_back,116,,Standing,,0.586,0.0,34.1182
Bend_pickup_normalLight_back,117,,Standing,,0.605,0.0,41.8552
Bend_pickup_normalLight_back,118,,Standing,,0.636,0.0,34.7241
Bend_pickup_normalLight_back,119,,Standing,,0.635,0.0,28.8216
Bend_pickup_normalLight_back,120,,Standing,,0.649,0.0,29.8135
Bend_pickup_normalLight_back,121,,Standing,,0.629,0.0,35.0309
Bend_pickup_normalLight_back,122,,Standing,,0.621,0.0,41.862
Bend_pickup_normalLight_back,123,,Standing,,0.616,0.0,42.0927
Bend_pickup_normalLight_back,124,,Standing,,0.637,0.0,42.5868
Bend_pickup_normalLight_back,125,,Standing,,0.636,0.0,29.4309
Bend_pickup_normalLight_back,126,,Standing,,0.624,0.0,35.332
Bend_pickup_normalLight_back,127,,Standing,,0.632,0.0,37.3123
Bend_pickup_normalLight_back,128,,Standing,,0.615,0.0,33.85
Bend_pickup_normalLight_back,129,,Standing,,0.606,0.0,30.7826
Bend_pickup_normalLight_back,130,,Standing,,0.676,0.0,40.721
Bend_pickup_normalLight_back,131,,Standing,,0.719,0.0,40.7067
Bend_pickup_normalLight_back,132,,Standing,,0.733,0.0,37.5061
Bend_pickup_normalLight_back,133,,Standing,,0.745,0.0,32.2855
Bend_pickup_normalLight_back,134,,Standing,,0.772,0.0,29.8959
Bend_pickup_normalLight_back,135,,Standing,,0.785,0.0,32.3198
Bend_pickup_normalLight_back,136,,Standing,,0.794,0.0,30.677
Bend_pickup_normalLight_back,137,,Standing,,0.812,0.0,28.5746
Bend_pickup_normalLight_back,138,,Standing,,0.815,0.0,28.7408
Bend_pickup_normalLight_back,139,,Standing,,0.819,0.0,37.687
Bend_pickup_normalLight_back,140,,Standing,,0.815,0.0,27.3645
Bend_pickup_normalLight_back,141,,Standing,,0.845,0.0,26.4223
Bend_pickup_normalLight_back,142,,Standing,,0.856,0.0,30.5413
Bend_pickup_normalLight_back,143,,Standing,,0.866,0.0,31.5188
Bend_pickup_normalLight_back,144,,Standing,,0.9,0.0,28.3077
Bend_pickup_normalLight_back,145,,Standing,,0.905,0.0,27.244
Bend_pickup_normalLight_back,146,Standing,Standing,True,0.909,0.0,27.4525
Bend_pickup_normalLight_back,147,Standing,Standing,True,0.922,0.0,25.9791
Bend_pickup_normalLight_back,148,Standing,Standing,True,0.918,0.0,25.2433
Bend_pickup_normalLight_back,149,Standing,Standing,True,0.914,0.0,23.9059
Bend_pickup_normalLight_back,150,Standing,Standing,True,0.911,0.0,24.0574
Bend_pickup_normalLight_back,151,Standing,Standing,True,0.913,0.0,30.413
Bend_pickup_normalLight_back,152,Standing,Standing,True,0.904,0.0,28.4734
Bend_pickup_normalLight_back,153,Standing,Standing,True,0.897,0.0,35.0861
Bend_pickup_normalLight_back,154,Standing,Standing,True,0.9,0.0,22.3075
Bend_pickup_normalLight_back,155,Standing,Standing,True,0.921,0.0,54.8071
Bend_pickup_normalLight_back,156,Standing,Standing,True,0.931,0.0,31.0473
Bend_pickup_normalLight_back,157,Standing,Standing,True,0.94,0.0,25.8859
Bend_pickup_normalLight_back,158,Standing,Standing,True,0.946,0.0,25.7675
Bend_pickup_normalLight_back,159,Standing,Standing,True,0.947,0.0,23.9066
Bend_pickup_normalLight_back,160,Standing,Standing,True,0.946,0.0,22.1484
Bend_pickup_normalLight_back,161,Standing,Standing,True,0.945,0.0,23.736
Bend_pickup_normalLight_back,162,Standing,Standing,True,0.945,0.0,21.8255
Bend_pickup_normalLight_back,163,Standing,Standing,True,0.94,0.0,21.5589
Bend_pickup_normalLight_back,164,Standing,Standing,True,0.948,0.0,22.4211
Bend_pickup_normalLight_back,165,Standing,Standing,True,0.949,0.0,25.047
Bend_pickup_normalLight_back,166,Standing,Standing,True,0.949,0.0,25.007
Bend_pickup_normalLight_back,167,Standing,Standing,True,0.947,0.0,20.8463
Bend_pickup_normalLight_back,168,Standing,Standing,True,0.948,0.0,22.9606
Bend_pickup_normalLight_back,169,Standing,Standing,True,0.942,0.0,20.7262
Bend_pickup_normalLight_back,170,Standing,Standing,True,0.952,0.0,26.7941
Bend_pickup_normalLight_back,171,Standing,Standing,True,0.932,0.0,26.5819
Bend_pickup_normalLight_back,172,Standing,Standing,True,0.904,0.0,24.7391
Bend_pickup_normalLight_back,173,Standing,Standing,True,0.84,0.0,45.8344
Bend_pickup_normalLight_back,174,Standing,Standing,True,0.799,0.0,40.5281
Bend_pickup_normalLight_back,175,,Standing,,0.768,0.0,38.9543
Bend_pickup_normalLight_back,176,,Standing,,0.757,0.0,29.3503
Bend_pickup_normalLight_back,177,,Standing,,0.749,0.0,30.3128
Bend_pickup_normalLight_back,178,,Standing,,0.76,0.0,30.8634
Bend_pickup_normalLight_back,179,,Standing,,0.796,0.0,30.7754
Bend_pickup_normalLight_back,180,,Standing,,0.828,0.0,32.0038
Bend_pickup_normalLight_back,181,,Standing,,0.856,0.0,34.9948
Bend_pickup_normalLight_back,182,,Standing,,0.872,0.0,36.4896
Bend_pickup_normalLight_back,183,,Standing,,0.894,0.0,37.3624
Bend_pickup_normalLight_back,184,,Standing,,0.918,0.0,26.2673
Bend_pickup_normalLight_back,185,,Standing,,0.92,0.0,26.4285
Bend_pickup_normalLight_back,186,,Standing,,0.933,0.0,27.643
Bend_pickup_normalLight_back,187,,Standing,,0.933,0.0,27.2316
Bend_pickup_normalLight_back,188,,Standing,,0.924,0.0,30.5966
Bend_pickup_normalLight_back,189,,Standing,,0.927,0.0,36.8323
Bend_pickup_normalLight_back,190,,Standing,,0.913,0.0,26.4373
Bend_pickup_normalLight_back,191,,Standing,,0.909,0.0,27.0597
Bend_pickup_normalLight_back,192,,Standing,,0.907,0.0,25.9757
Bend_pickup_normalLight_back,193,,Standing,,0.914,0.0,29.2692
Bend_pickup_normalLight_back,194,,Standing,,0.907,0.0,27.6361
Bend_pickup_normalLight_back,195,,Standing,,0.895,0.0,26.1122
Bend_pickup_normalLight_back,196,,Standing,,0.868,0.0,27.0403
Bend_pickup_normalLight_back,197,,Standing,,0.844,0.0,29.8252
Bend_pickup_normalLight_back,198,,Standing,,0.83,0.0,28.9521
Bend_pickup_normalLight_back,199,,Standing,,0.806,0.0,28.9612
Bend_pickup_normalLight_back,200,,Standing,,0.757,0.0,24.6165
Bend_pickup_normalLight_back,201,,Standing,,0.729,0.0,24.0399
Bend_pickup_normalLight_back,202,,Standing,,0.684,0.0,24.3978
Bend_pickup_normalLight_back,203,,Standing,,0.671,0.0,27.8593
Bend_pickup_normalLight_back,204,,Standing,,0.64,0.0,25.6402
Bend_pickup_normalLight_back,205,,Standing,,0.627,0.0,25.8385
Bend_pickup_normalLight_back,206,,Standing,,0.624,0.0,23.6098
Bend_pickup_normalLight_back,207,,Standing,,0.593,0.0,24.4483
Bend_pickup_normalLight_back,208,,Standing,,0.536,0.0,22.844
Bend_pickup_normalLight_back,209,,Standing,,0.45,0.0,22.5526
Bend_pickup_normalLight_back,210,,Standing,,0.395,0.0,21.7815
Bend_pickup_normalLight_back,211,,Sitting,,0.368,0.0,27.2647
Bend_pickup_normalLight_back,212,,Sitting,,0.397,0.0,21.6949
Bend_pickup_normalLight_back,213,,Sitting,,0.456,0.0,23.6872
Bend_pickup_normalLight_back,214,,Sitting,,0.494,0.0,21.1348
Bend_pickup_normalLight_back,215,,Sitting,,0.523,0.0,21.8452
Bend_pickup_normalLight_back,216,,Sitting,,0.528,0.0,28.1002
Bend_pickup_normalLight_back,217,,Sitting,,0.54,0.0,31.0926
Bend_pickup_normalLight_back,218,,Sitting,,0.528,0.0,32.5691
Bend_pickup_normalLight_back,219,,Sitting,,0.485,0.0,31.7796
Bend_pickup_normalLight_back,220,,Sitting,,0.421,0.0,28.784
Bend_pickup_normalLight_back,221,,Sitting,,0.391,0.0,30.1205
Bend_pickup_normalLight_back,222,,Lying,,0.359,0.0,22.0084
Bend_pickup_normalLight_back,223,,Lying,,0.384,0.0,26.5506
Bend_pickup_normalLight_back,224,,Lying,,0.407,0.0,21.6258
Bend_pickup_normalLight_back,225,,Lying,,0.417,0.0,21.3055
Bend_pickup_normalLight_back,226,,Lying,,0.416,0.0,21.5465
Bend_pickup_normalLight_back,227,,Lying,,0.443,0.0,23.7018
Bend_pickup_normalLight_back,228,,Lying,,0.452,0.0,21.3057
Bend_pickup_normalLight_back,229,,Lying,,0.464,0.0,21.2264
Bend_pickup_normalLight_back,230,,Lying,,0.482,0.0,21.0182
Bend_pickup_normalLight_back,231,,Lying,,0.468,0.0,20.5205
Bend_pickup_normalLight_back,232,,Lying,,0.481,0.0,21.1658
Bend_pickup_normalLight_back,233,,Lying,,0.5,0.0,20.2457
Bend_pickup_normalLight_back,234,,Lying,,0.479,0.0,21.1085
Bend_pickup_normalLight_back,235,,Lying,,0.478,0.0,19.8226
Bend_pickup_normalLight_back,236,,Lying,,0.424,0.0,20.3361
Bend_pickup_normalLight_back,237,,Lying,,0.389,0.0,19.5489
Bend_pickup_normalLight_back,238,,Lying,,0.395,0.0,21.8959
Bend_pickup_normalLight_back,239,,Lying,,0.35,0.0,22.1953
Bend_pickup_normalLight_back,240,,Lying,,0.338,0.0,22.743
Bend_pickup_normalLight_back,241,,Lying,,0.338,0.0,23.9497
Bend_pickup_normalLight_back,242,,Lying,,0.308,0.0,22.3639
Bend_pickup_normalLight_back,243,,Lying,,0.316,0.0,30.5534
Bend_pickup_normalLight_back,244,,Lying,,0.335,0.0,28.4854
Bend_pickup_normalLight_back,245,,Lying,,0.321,0.0,30.5126
Bend_pickup_normalLight_back,246,,Lying,,0.307,0.0,24.536
Bend_pickup_normalLight_back,247,,Lying,,0.285,0.0,26.461
Bend_pickup_normalLight_back,248,,Standing,,0.28,0.0,25.3795
Bend_pickup_normalLight_back,249,,Standing,,0.324,0.0,25.1668
Bend_pickup_normalLight_back,250,,Standing,,0.349,0.0,25.0007
Bend_pickup_normalLight_back,251,,Standing,,0.432,0.0,22.6172
Bend_pickup_normalLight_back,252,,Standing,,0.495,0.0,22.8596
Bend_pickup_normalLight_back,253,,Standing,,0.479,0.0,38.9151
Bend_pickup_normalLight_back,254,,Standing,,0.475,0.0,24.1744
Bend_pickup_normalLight_back,255,,Standing,,0.442,0.0,23.0199
Bend_pickup_normalLight_back,256,,Standing,,0.418,0.0,24.3054
Bend_pickup_normalLight_back,257,,Standing,,0.459,0.0,21.6031
Bend_pickup_normalLight_back,258,,Standing,,0.465,0.0,21.7803
Bend_pickup_normalLight_back,259,,Standing,,0.498,0.0,26.7102
Bend_pickup_normalLight_back,260,,Standing,,0.507,0.0,28.4065
Bend_pickup_normalLight_back,261,,Standing,,0.548,0.0,21.3189
Bend_pickup_normalLight_back,262,Standing,Standing,True,0.59,0.0,20.6167
Bend_pickup_normalLight_back,263,Standing,Standing,True,0.652,0.0,20.814
Bend_pickup_normalLight_back,264,Standing,Standing,True,0.707,0.0,20.1271
Bend_pickup_normalLight_back,265,Standing,Standing,True,0.707,0.0,21.7712
Bend_pickup_normalLight_back,266,Standing,Standing,True,0.711,0.0,26.8036
Bend_pickup_normalLight_back,267,Standing,Standing,True,0.743,0.0,20.9991
Bend_pickup_normalLight_back,268,Standing,Standing,True,0.761,0.0,21.3896
Bend_pickup_normalLight_back,269,Standing,Standing,True,0.752,0.0,20.3957
Bend_pickup_normalLight_back,270,Standing,Standing,True,0.764,0.0,20.9452
Bend_pickup_normalLight_back,271,Standing,Standing,True,0.775,0.0,21.3513
Bend_pickup_normalLight_back,272,Standing,Standing,True,0.78,0.0,21.0319
Bend_pickup_normalLight_back,273,Standing,Standing,True,0.765,0.0,20.0106
Bend_pickup_normalLight_back,274,Standing,Standing,True,0.779,0.0,20.8463
Bend_pickup_normalLight_back,275,Standing,Standing,True,0.76,0.0,22.3738
Bend_pickup_normalLight_back,276,Standing,Standing,True,0.75,0.0,20.7423
Bend_pickup_normalLight_back,277,Standing,Standing,True,0.716,0.0,19.3777
Bend_pickup_normalLight_back,278,Standing,Standing,True,0.696,0.0,21.1453
Bend_pickup_normalLight_back,279,Standing,Standing,True,0.7,0.0,20.3931
Bend_pickup_normalLight_back,280,Standing,Standing,True,0.715,0.0,19.7086
Bend_pickup_normalLight_back,281,Standing,Standing,True,0.746,0.0,20.7194
Bend_pickup_normalLight_back,282,Standing,Standing,True,0.769,0.0,20.5733
Bend_pickup_normalLight_back,283,Standing,Standing,True,0.79,0.0,20.8344
Bend_pickup_normalLight_back,284,Standing,Standing,True,0.812,0.0,20.0539
Bend_pickup_normalLight_back,285,Standing,Standing,True,0.84,0.0,20.4895
Bend_pickup_normalLight_back,286,Standing,Standing,True,0.834,0.0,19.5331
Bend_pickup_normalLight_back,287,Standing,Standing,True,0.866,0.0,19.9031
Bend_pickup_normalLight_back,288,Standing,Standing,True,0.873,0.0,19.5483
Bend_pickup_normalLight_back,289,Standing,Standing,True,0.879,0.0,19.978
Bend_pickup_normalLight_back,290,Standing,Standing,True,0.884,0.0,24.2788
Bend_pickup_normalLight_back,291,Standing,Standing,True,0.881,0.0,21.8839
Bend_pickup_normalLight_back,292,,Standing,,0.876,0.0,25.2114
Bend_pickup_normalLight_back,293,,Standing,,0.875,0.0,21.1169
Bend_pickup_normalLight_back,294,,Standing,,0.869,0.0,22.9695
Bend_pickup_normalLight_back,295,,Standing,,0.856,0.0,21.9367
Bend_pickup_normalLight_back,296,,Standing,,0.816,0.0,25.3898
Bend_pickup_normalLight_back,297,,Standing,,0.763,0.0,23.5145
Bend_pickup_normalLight_back,298,,Standing,,0.716,0.0,24.7482
Bend_pickup_normalLight_back,299,,Standing,,0.655,0.0,22.3513
Bend_pickup_normalLight_back,300,,Standing,,0.625,0.0,22.0092
Bend_pickup_normalLight_back,301,,Standing,,0.581,0.0,23.4136
Bend_pickup_normalLight_back,302,,Standing,,0.54,0.0,24.8058
Bend_pickup_normalLight_back,303,,Standing,,0.537,0.0,24.3376
Bend_pickup_normalLight_back,304,,Standing,,0.517,0.0,22.7415
Bend_pickup_normalLight_back,305,,Standing,,0.473,0.0,23.7022
Bend_pickup_normalLight_back,306,,Standing,,0.451,0.0,21.7563
Bend_pickup_normalLight_back,307,,Standing,,0.431,0.0,21.3356
Bend_pickup_normalLight_back,308,,Standing,,0.44,0.0,21.1724
Bend_pickup_normalLight_back,309,,Standing,,0.445,0.0,21.9282
Bend_pickup_normalLight_back,310,,Standing,,0.451,0.0,19.887
Bend_pickup_normalLight_back,311,,Standing,,0.475,0.0,20.5514
Bend_pickup_normalLight_back,312,,Standing,,0.509,0.0,21.5415
Bend_pickup_normalLight_back,313,,Standing,,0.563,0.0,23.9654
Bend_pickup_normalLight_back,314,,Standing,,0.623,0.0,20.1727
Bend_pickup_normalLight_back,315,,Standing,,0.683,0.0,25.9773
Bend_pickup_normalLight_back,316,,Standing,,0.755,0.0,36.716
Bend_pickup_normalLight_back,317,,Standing,,0.771,0.0,30.0785
Bend_pickup_normalLight_back,318,,Standing,,0.811,0.0,21.9763
Bend_pickup_normalLight_back,319,,Standing,,0.835,0.0,21.929
Bend_pickup_normalLight_back,320,,Standing,,0.854,0.0,21.7971
Bend_pickup_normalLight_back,321,,Standing,,0.859,0.0,20.9127
Bend_pickup_normalLight_back,322,,Standing,,0.86,0.0,21.925
Bend_pickup_normalLight_back,323,,Standing,,0.87,0.0,21.5288
Bend_pickup_normalLight_back,324,,Standing,,0.848,0.0,20.4603
Bend_pickup_normalLight_back,325,,Standing,,0.821,0.0,22.2693
Bend_pickup_normalLight_back,326,,Standing,,0.811,0.0,21.6399
Bend_pickup_normalLight_back,327,,Standing,,0.773,0.0,21.6945
Bend_pickup_normalLight_back,328,,Standing,,0.763,0.0,21.0434
Bend_pickup_normalLight_back,329,,Standing,,0.76,0.0,20.9504
Bend_pickup_normalLight_back,330,,Standing,,0.746,0.0,20.507
Bend_pickup_normalLight_back,331,,Standing,,0.729,0.0,20.3688
Bend_pickup_normalLight_back,332,,Standing,,0.695,0.0,20.438
Bend_pickup_normalLight_back,333,,Standing,,0.696,0.0,20.9657
Bend_pickup_normalLight_back,334,,Standing,,0.633,0.0,20.1065
Bend_pickup_normalLight_back,335,,Standing,,0.619,0.0,21.1805
Bend_pickup_normalLight_back,336,,Standing,,0.619,0.0,20.1234
Bend_pickup_normalLight_back,337,,Standing,,0.602,0.0,19.4486
Bend_pickup_normalLight_back,338,,Standing,,0.561,0.0,23.3085
Bend_pickup_normalLight_back,339,,Standing,,0.489,0.0,19.7797
Bend_pickup_normalLight_back,340,,Standing,,0.4,0.0,19.9015
Bend_pickup_normalLight_back,341,,Sitting,,0.428,0.0,23.9429
Bend_pickup_normalLight_back,342,,Sitting,,0.531,0.0,20.2228
Bend_pickup_normalLight_back,343,,Sitting,,0.583,0.0,24.5107
Bend_pickup_normalLight_back,344,,Sitting,,0.625,0.0,31.7472
Bend_pickup_normalLight_back,345,,Sitting,,0.618,0.0,34.5539
Bend_pickup_normalLight_back,346,,Sitting,,0.622,0.0,34.7114
Bend_pickup_normalLight_back,347,,Sitting,,0.621,0.0,39.4062
Bend_pickup_normalLight_back,348,,Sitting,,0.609,0.0,38.0064
Bend_pickup_normalLight_back,349,,Sitting,,0.637,0.0,37.8886
Bend_pickup_normalLight_back,350,,Sitting,,0.638,0.0,39.1799
Bend_pickup_normalLight_back,351,,Sitting,,0.631,0.0,29.8901
Bend_pickup_normalLight_back,352,,Sitting,,0.608,0.0,29.878
Bend_pickup_normalLight_back,353,,Sitting,,0.638,0.0,34.8553
Bend_pickup_normalLight_back,354,,Sitting,,0.64,0.0,32.6592
Bend_pickup_normalLight_back,355,,Sitting,,0.631,0.0,24.8043
Bend_pickup_normalLight_back,356,,Sitting,,0.635,0.0,31.384
Bend_pickup_normalLight_back,357,,Sitting,,0.647,0.0,33.3185
Bend_pickup_normalLight_back,358,,Sitting,,0.646,0.0,38.6687
Bend_pickup_normalLight_back,359,,Sitting,,0.633,0.0,30.6045
Bend_pickup_normalLight_back,360,,Sitting,,0.619,0.0,42.0365
Bend_pickup_normalLight_back,361,,Sitting,,0.627,0.0,32.8963
Bend_pickup_normalLight_back,362,,Sitting,,0.62,0.0,33.2784
Bend_pickup_normalLight_back,363,,Sitting,,0.634,0.0,24.7722
Bend_pickup_normalLight_back,364,,Sitting,,0.624,0.0,24.6448
Bend_pickup_normalLight_back,365,,Sitting,,0.634,0.0,31.2754
Bend_pickup_normalLight_back,366,,Sitting,,0.603,0.0,23.8362
Bend_pickup_normalLight_back,367,,Sitting,,0.591,0.0,25.3789
Bend_pickup_normalLight_back,368,,Sitting,,0.587,0.0,23.5096
Bend_pickup_normalLight_back,369,,Sitting,,0.578,0.0,40.7012
Bend_pickup_normalLight_back,370,,Sitting,,0.573,0.0,40.2107
Bend_pickup_normalLight_back,371,,Sitting,,0.553,0.0,36.8301
Bend_pickup_normalLight_back,372,,Sitting,,0.546,0.0,26.6709
Bend_pickup_normalLight_back,373,,Sitting,,0.555,0.0,26.1241
Bend_pickup_normalLight_back,374,,Sitting,,0.527,0.0,32.7332
Bend_pickup_normalLight_back,375,,Sitting,,0.535,0.0,25.2202
Bend_pickup_normalLight_back,376,,Sitting,,0.539,0.0,30.3297
Bend_pickup_normalLight_back,377,,Sitting,,0.537,0.0,29.1469
Bend_pickup_normalLight_back,378,,Sitting,,0.54,0.0,24.3256
Bend_pickup_normalLight_back,379,,Sitting,,0.549,0.0,24.9214
Bend_pickup_normalLight_back,380,,Sitting,,0.541,0.0,25.277
Bend_pickup_normalLight_back,381,,Sitting,,0.558,0.0,24.9214
Bend_pickup_normalLight_back,382,,Sitting,,0.572,0.0,27.0815
Bend_pickup_normalLight_back,383,,Sitting,,0.598,0.0,24.8634
Bend_pickup_normalLight_back,384,,Sitting,,0.595,0.0,26.8551
Bend_pickup_normalLight_back,385,,Sitting,,0.616,0.0,26.5353
Bend_pickup_normalLight_back,386,,Sitting,,0.627,0.0,27.4431
Bend_pickup_normalLight_back,387,,Sitting,,0.64,0.0,25.4874
Bend_pickup_normalLight_back,388,,Sitting,,0.633,0.0,24.8728
Bend_pickup_normalLight_back,389,,Sitting,,0.647,0.0,25.83
Bend_pickup_normalLight_back,390,,Sitting,,0.643,0.0,24.4459
Bend_pickup_normalLight_back,391,,Sitting,,0.623,0.0,28.4211
Bend_pickup_normalLight_back,392,,Sitting,,0.595,0.0,29.7856
Bend_pickup_normalLight_back,393,,Sitting,,0.579,0.0,28.9137
Bend_pickup_normalLight_back,394,,Sitting,,0.529,0.0,26.7373
Bend_pickup_normalLight_back,395,,Sitting,,0.453,0.0,30.3964
Bend_pickup_normalLight_back,396,,Sitting,,0.406,0.0,30.5111
Bend_pickup_normalLight_back,397,,Sitting,,0.347,0.0,39.9798
Bend_pickup_normalLight_back,398,,Sitting,,0.278,0.0,37.3029
Bend_pickup_normalLight_back,399,,Lying,,0.306,0.0,37.813
Bend_pickup_normalLight_back,400,,Lying,,0.317,0.0,32.0511
Bend_pickup_normalLight_back,401,,Lying,,0.361,0.0,48.1584
Bend_pickup_normalLight_back,402,,Lying,,0.384,0.0,31.3257
Bend_pickup_normalLight_back,403,,Lying,,0.396,0.0,28.5456
Bend_pickup_normalLight_back,404,,Lying,,0.406,0.0,33.8305
Bend_pickup_normalLight_back,405,,Lying,,0.399,0.0,36.0508
Bend_pickup_normalLight_back,406,,Lying,,0.395,0.0,38.5614
Bend_pickup_normalLight_back,407,,Standing,,0.435,0.0,34.9263
Bend_pickup_normalLight_back,408,,Standing,,0.508,0.0,44.1693
Bend_pickup_normalLight_back,409,,Standing,,0.529,0.0,41.4523
Bend_pickup_normalLight_back,410,,Standing,,0.577,0.0,47.028
Bend_pickup_normalLight_back,411,,Standing,,0.618,0.0,46.7008
Bend_pickup_normalLight_back,412,,Standing,,0.663,0.0,42.3502
Bend_pickup_normalLight_back,413,,Standing,,0.703,0.0,47.228
Bend_pickup_normalLight_back,414,,Standing,,0.734,0.0,45.256
Bend_pickup_normalLight_back,415,,Standing,,0.753,0.0,51.5804
Bend_pickup_normalLight_back,416,,Standing,,0.752,0.0,49.8751
Bend_pickup_normalLight_back,417,,Standing,,0.73,0.0,43.6206
Bend_pickup_normalLight_back,418,,Standing,,0.683,0.0,38.8965
Bend_pickup_normalLight_back,419,,Standing,,0.639,0.0,42.982
Bend_pickup_normalLight_back,420,,Standing,,0.614,0.0,41.8423
Bend_pickup_normalLight_back,421,,Standing,,0.573,0.0,54.9907
Bend_pickup_normalLight_back,422,,Standing,,0.542,0.0,45.3687
Bend_pickup_normalLight_back,423,,Standing,,0.552,0.0,40.0506
Bend_pickup_normalLight_back,424,,Standing,,0.592,0.0,43.1074
Bend_pickup_normalLight_back,425,,Standing,,0.641,0.0,38.444
Bend_pickup_normalLight_back,426,,Standing,,0.672,0.0,41.1605
Bend_pickup_normalLight_back,427,,Standing,,0.75,0.0,38.5141
Bend_pickup_normalLight_back,428,,Standing,,0.804,0.0,41.0884
Bend_pickup_normalLight_back,429,,Standing,,0.833,0.0,45.1689
Bend_pickup_normalLight,31,,Standing,,0.937,0.0,46.0071
Bend_pickup_normalLight,32,,Standing,,0.954,0.0,38.0799
Bend_pickup_normalLight,33,,Standing,,0.961,0.0,36.8068
Bend_pickup_normalLight,34,,Standing,,0.956,0.0,38.9903
Bend_pickup_normalLight,35,,Standing,,0.963,0.0,40.1662
Bend_pickup_normalLight,36,,Standing,,0.964,0.0,33.6207
Bend_pickup_normalLight,37,,Standing,,0.97,0.0,33.9994
Bend_pickup_normalLight,38,,Standing,,0.973,0.0,49.2145
Bend_pickup_normalLight,39,,Standing,,0.984,0.0,37.8466
Bend_pickup_normalLight,40,,Standing,,0.988,0.0,40.9109
Bend_pickup_normalLight,41,,Standing,,0.984,0.0,44.6489
Bend_pickup_normalLight,42,,Standing,,0.974,0.0,38.0958
Bend_pickup_normalLight,43,,Standing,,0.977,0.0,29.5381
Bend_pickup_normalLight,44,,Standing,,0.972,0.0,37.1285
Bend_pickup_normalLight,45,,Standing,,0.949,0.0,30.7833
Bend_pickup_normalLight,46,,Standing,,0.938,0.0,37.8414
Bend_pickup_normalLight,47,,Standing,,0.93,0.0,29.391
Bend_pickup_normalLight,48,,Standing,,0.908,0.0,32.0993
Bend_pickup_normalLight,49,,Standing,,0.922,0.0,29.126
Bend_pickup_normalLight,50,,Standing,,0.901,0.0,28.424
Bend_pickup_normalLight,51,,Standing,,0.799,0.0,27.4148
Bend_pickup_normalLight,52,,Standing,,0.725,0.0,29.0443
Bend_pickup_normalLight,53,,Standing,,0.669,0.0,25.86
Bend_pickup_normalLight,54,,Standing,,0.602,0.0,27.6783
Bend_pickup_normalLight,55,,Standing,,0.526,0.0,34.5654
Bend_pickup_normalLight,56,,Standing,,0.491,0.0,35.9277
Bend_pickup_normalLight,57,,Standing,,0.47,0.0,25.94
Bend_pickup_normalLight,58,,Standing,,0.434,0.0,30.7412
Bend_pickup_normalLight,59,,Standing,,0.401,0.0,25.2225
Bend_pickup_normalLight,60,,Standing,,0.416,0.0,24.1862
Bend_pickup_normalLight,61,,Standing,,0.423,0.0,26.5717
Bend_pickup_normalLight,62,,Standing,,0.418,0.0,25.7705
Bend_pickup_normalLight,63,,Standing,,0.416,0.0,24.6712
Bend_pickup_normalLight,64,,Standing,,0.454,0.0,30.0588
Bend_pickup_normalLight,65,,Standing,,0.427,0.0,26.7253
Bend_pickup_normalLight,66,,Standing,,0.446,0.0,29.1602
Bend_pickup_normalLight,67,,Standing,,0.46,0.0,23.3918
Bend_pickup_normalLight,68,,Standing,,0.464,0.0,24.2192
Bend_pickup_normalLight,69,,Standing,,0.429,0.0,24.145
Bend_pickup_normalLight,70,,Standing,,0.406,0.0,24.4583
Bend_pickup_normalLight,71,,Standing,,0.465,0.0,31.6456
Bend_pickup_normalLight,72,,Standing,,0.44,0.0,33.5048
Bend_pickup_normalLight,73,,Standing,,0.464,0.0,27.6575
Bend_pickup_normalLight,74,,Standing,,0.473,0.0,23.8128
Bend_pickup_normalLight,75,,Standing,,0.523,0.0,25.4759
Bend_pickup_normalLight,76,,Standing,,0.51,0.0,22.7407
Bend_pickup_normalLight,77,,Standing,,0.508,0.0,24.0399
Bend_pickup_normalLight,78,,Standing,,0.511,0.0,23.1932
Bend_pickup_normalLight,79,,Standing,,0.487,0.0,24.6838
Bend_pickup_normalLight,80,,Standing,,0.464,0.0,28.1552
Bend_pickup_normalLight,81,,Standing,,0.484,0.0,30.6369
Bend_pickup_normalLight,82,Standing,Standing,True,0.532,0.0,29.6241
Bend_pickup_normalLight,83,Standing,Standing,True,0.538,0.0,29.7312
Bend_pickup_normalLight,84,Standing,Standing,True,0.541,0.0,38.2863
Bend_pickup_normalLight,85,Standing,Standing,True,0.532,0.0,33.8786
Bend_pickup_normalLight,86,Standing,Standing,True,0.55,0.0,42.8444
Bend_pickup_normalLight,87,Standing,Standing,True,0.553,0.0,38.6578
Bend_pickup_normalLight,88,Standing,Standing,True,0.522,0.0,44.6305
Bend_pickup_normalLight,89,Standing,Standing,True,0.599,0.0,41.8891
Bend_pickup_normalLight,90,Standing,Standing,True,0.59,0.0,33.5981
Bend_pickup_normalLight,91,Standing,Standing,True,0.58,0.0,31.834
Bend_pickup_normalLight,92,Standing,Standing,True,0.59,0.0,28.8463
Bend_pickup_normalLight,93,Standing,Standing,True,0.598,0.0,33.2955
Bend_pickup_normalLight,94,Standing,Standing,True,0.6,0.0,26.1639
Bend_pickup_normalLight,95,Standing,Standing,True,0.678,0.0,27.1982
Bend_pickup_normalLight,96,Standing,Standing,True,0.727,0.0,25.2269
Bend_pickup_normalLight,97,Standing,Standing,True,0.746,0.0,25.7091
Bend_pickup_normalLight,98,Standing,Standing,True,0.779,0.0,30.1872
Bend_pickup_normalLight,99,Standing,Standing,True,0.795,0.0,24.0331
Bend_pickup_normalLight,100,Standing,Standing,True,0.804,0.0,24.0997
Bend_pickup_normalLight,101,Standing,Standing,True,0.808,0.0,22.1773
Bend_pickup_normalLight,102,Standing,Standing,True,0.825,0.0,22.4082
Bend_pickup_normalLight,103,Standing,Standing,True,0.819,0.0,22.6403
Bend_pickup_normalLight,104,Standing,Standing,True,0.841,0.0,21.1999
Bend_pickup_normalLight,105,Standing,Standing,True,0.856,0.0,21.7961
Bend_pickup_normalLight,106,Standing,Standing,True,0.875,0.0,21.3315
Bend_pickup_normalLight,107,Standing,Standing,True,0.896,0.0,22.6644
Bend_pickup_normalLight,108,Standing,Standing,True,0.922,0.0,21.9452
Bend_pickup_normalLight,109,Standing,Standing,True,0.931,0.0,21.7026
Bend_pickup_normalLight,110,,Standing,,0.945,0.0,23.3544
Bend_pickup_normalLight,111,,Standing,,0.945,0.0,24.4004
Bend_pickup_normalLight,112,,Standing,,0.956,0.0,24.3714
Bend_pickup_normalLight,113,,Standing,,0.956,0.0,22.3458
Bend_pickup_normalLight,114,,Standing,,0.961,0.0,23.4519
Bend_pickup_normalLight,115,,Standing,,0.964,0.0,25.8143
Bend_pickup_normalLight,116,,Standing,,0.978,0.0,28.9586
Bend_pickup_normalLight,117,,Standing,,0.977,0.0,24.0456
Bend_pickup_normalLight,118,,Standing,,0.979,0.0,24.3885
Bend_pickup_normalLight,119,,Standing,,0.985,0.0,29.2119
Bend_pickup_normalLight,120,,Standing,,0.981,0.0,42.2038
Bend_pickup_normalLight,121,,Standing,,0.983,0.0,26.3776
Bend_pickup_normalLight,122,,Standing,,0.978,0.0,24.9286
Bend_pickup_normalLight,123,,Standing,,0.978,0.0,33.8002
Bend_pickup_normalLight,124,,Standing,,0.98,0.0,27.9132
Bend_pickup_normalLight,125,,Standing,,0.982,0.0,46.4697
Bend_pickup_normalLight,126,,Standing,,0.982,0.0,47.0053
Bend_pickup_normalLight,127,,Standing,,0.978,0.0,45.8982
Bend_pickup_normalLight,128,,Standing,,0.979,0.0,40.6955
Bend_pickup_normalLight,129,,Standing,,0.978,0.0,36.5634
Bend_pickup_normalLight,130,,Standing,,0.973,0.0,37.897
Bend_pickup_normalLight,131,,Standing,,0.979,0.0,32.7401
Bend_pickup_normalLight,132,,Standing,,0.982,0.0,25.8288
Bend_pickup_normalLight,133,,Standing,,0.988,0.0,26.4259
Bend_pickup_normalLight,134,,Standing,,0.989,0.0,27.9092
Bend_pickup_normalLight,135,,Standing,,0.993,0.0,26.7322
Bend_pickup_normalLight,136,,Standing,,0.995,0.0,25.3152
Bend_pickup_normalLight,137,,Standing,,0.999,0.0,25.7646
Bend_pickup_normalLight,138,,Standing,,0.993,0.0,26.415
Bend_pickup_normalLight,139,,Standing,,0.992,0.0,27.7804
Bend_pickup_normalLight,140,,Standing,,0.992,0.0,25.3002
Bend_pickup_normalLight_leftRight,31,,Standing,,0.701,0.0,25.7238
Bend_pickup_normalLight_leftRight,32,,Standing,,0.663,0.0,26.0793
Bend_pickup_normalLight_leftRight,33,,Standing,,0.636,0.0,24.9808
Bend_pickup_normalLight_leftRight,34,,Standing,,0.573,0.0,24.5071
Bend_pickup_normalLight_leftRight,35,,Standing,,0.556,0.0,24.3793
Bend_pickup_normalLight_leftRight,36,,Standing,,0.479,0.0,25.5327
Bend_pickup_normalLight_leftRight,37,,Standing,,0.463,0.0,23.7882
Bend_pickup_normalLight_leftRight,38,,Standing,,0.375,0.0,23.7404
Bend_pickup_normalLight_leftRight,39,,Standing,,0.349,0.0,25.3053
Bend_pickup_normalLight_leftRight,40,,Lying,,0.368,0.0,27.7196
Bend_pickup_normalLight_leftRight,41,,Lying,,0.38,0.0,27.2095
Bend_pickup_normalLight_leftRight,42,,Lying,,0.446,0.0,25.4721
Bend_pickup_normalLight_leftRight,43,,Lying,,0.446,0.0,25.6918
Bend_pickup_normalLight_leftRight,44,,Lying,,0.474,0.0,26.8673
Bend_pickup_normalLight_leftRight,45,,Lying,,0.481,0.0,24.4843
Bend_pickup_normalLight_leftRight,46,,Lying,,0.477,0.0,26.6351
Bend_pickup_normalLight_leftRight,47,,Lying,,0.471,0.0,24.5155
Bend_pickup_normalLight_leftRight,48,,Lying,,0.482,0.0,24.8539
Bend_pickup_normalLight_leftRight,49,,Lying,,0.502,0.0,24.8865
Bend_pickup_normalLight_leftRight,50,,Lying,,0.488,0.0,26.7581
Bend_pickup_normalLight_leftRight,51,,Lying,,0.468,0.0,25.0042
Bend_pickup_normalLight_leftRight,52,,Lying,,0.463,0.0,24.8484
Bend_pickup_normalLight_leftRight,53,,Lying,,0.457,0.0,24.2197
Bend_pickup_normalLight_leftRight,54,,Lying,,0.482,0.0,24.6117
Bend_pickup_normalLight_leftRight,55,,Lying,,0.495,0.0,39.9753
Bend_pickup_normalLight_leftRight,56,,Lying,,0.526,0.0,32.343
Bend_pickup_normalLight_leftRight,57,,Lying,,0.527,0.0,27.317
Bend_pickup_normalLight_leftRight,58,,Lying,,0.539,0.0,30.3233
Bend_pickup_normalLight_leftRight,59,,Lying,,0.561,0.0,34.8398
Bend_pickup_normalLight_leftRight,60,,Lying,,0.587,0.0,46.868
Bend_pickup_normalLight_leftRight,61,,Lying,,0.594,0.0,43.8197
Bend_pickup_normalLight_leftRight,62,,Lying,,0.595,0.0,39.8234
Bend_pickup_normalLight_leftRight,63,,Lying,,0.619,0.0,43.5464
Bend_pickup_normalLight_leftRight,64,,Lying,,0.638,0.0,28.0806
Bend_pickup_normalLight_leftRight,65,,Lying,,0.642,0.0,30.0591
Bend_pickup_normalLight_leftRight,66,,Lying,,0.647,0.0,40.371
Bend_pickup_normalLight_leftRight,67,,Lying,,0.657,0.0,50.6445
Bend_pickup_normalLight_leftRight,68,,Lying,,0.69,0.0,44.1109
Bend_pickup_normalLight_leftRight,69,,Lying,,0.709,0.0,50.8536
Bend_pickup_normalLight_leftRight,70,,Lying,,0.712,0.0,50.1713
Bend_pickup_normalLight_leftRight,71,,Lying,,0.723,0.0,51.7766
Bend_pickup_normalLight_leftRight,72,,Lying,,0.723,0.0,47.1508
Bend_pickup_normalLight_leftRight,73,,Lying,,0.738,0.0,40.9666
Bend_pickup_normalLight_leftRight,74,,Lying,,0.736,0.0,38.8351
Bend_pickup_normalLight_leftRight,75,,Lying,,0.732,0.0,52.1184
Bend_pickup_normalLight_leftRight,76,,Lying,,0.718,0.0,31.4775
Bend_pickup_normalLight_leftRight,77,,Lying,,0.704,0.0,35.3034
Bend_pickup_normalLight_leftRight,78,,Lying,,0.687,0.0,43.0387
Bend_pickup_normalLight_leftRight,79,,Lying,,0.678,0.0,42.314
Bend_pickup_normalLight_leftRight,80,,Lying,,0.671,0.0,55.8637
Bend_pickup_normalLight_leftRight,81,,Lying,,0.672,0.0,57.4151
Bend_pickup_normalLight_leftRight,82,,Lying,,0.666,0.0,47.7365
Bend_pickup_normalLight_leftRight,83,,Lying,,0.668,0.0,33.5861
Bend_pickup_normalLight_leftRight,84,,Lying,,0.649,0.0,43.3146
Bend_pickup_normalLight_leftRight,85,,Lying,,0.647,0.0,47.4267
Bend_pickup_normalLight_leftRight,86,,Lying,,0.62,0.0,46.7617
Bend_pickup_normalLight_leftRight,87,Standing,Lying,False,0.594,0.0,34.6549
Bend_pickup_normalLight_leftRight,88,Standing,Lying,False,0.562,0.0,30.9413
Bend_pickup_normalLight_leftRight,89,Standing,Lying,False,0.553,0.0,36.3255
Bend_pickup_normalLight_leftRight,90,Standing,Lying,False,0.537,0.0,30.1851
Bend_pickup_normalLight_leftRight,91,Standing,Lying,False,0.485,0.0,35.5712
Bend_pickup_normalLight_leftRight,92,Standing,Lying,False,0.472,0.0,45.6478
Bend_pickup_normalLight_leftRight,93,Standing,Lying,False,0.401,0.0,29.4256
Bend_pickup_normalLight_leftRight,94,Standing,Lying,False,0.374,0.0,30.3619
Bend_pickup_normalLight_leftRight,95,Standing,Standing,True,0.392,0.0,33.6271
Bend_pickup_normalLight_leftRight,96,Standing,Standing,True,0.42,0.0,31.5526
Bend_pickup_normalLight_leftRight,97,Standing,Standing,True,0.462,0.0,34.0142
Bend_pickup_normalLight_leftRight,98,Standing,Standing,True,0.475,0.0,35.3643
Bend_pickup_normalLight_leftRight,99,Standing,Standing,True,0.511,0.0,30.5681
Bend_pickup_normalLight_leftRight,100,Standing,Standing,True,0.54,0.0,41.8507
Bend_pickup_normalLight_leftRight,101,Standing,Standing,True,0.537,0.0,30.4407
Bend_pickup_normalLight_leftRight,102,Standing,Standing,True,0.568,0.0,30.3376
Bend_pickup_normalLight_leftRight,103,Standing,Standing,True,0.589,0.0,31.3458
Bend_pickup_normalLight_leftRight,104,Standing,Standing,True,0.632,0.0,30.2866
Bend_pickup_normalLight_leftRight,105,Standing,Standing,True,0.646,0.0,39.2279
Bend_pickup_normalLight_leftRight,106,Standing,Standing,True,0.654,0.0,44.4109
Bend_pickup_normalLight_leftRight,107,Standing,Standing,True,0.662,0.0,48.0938
Bend_pickup_normalLight_leftRight,108,Standing,Standing,True,0.685,0.0,34.0213
Bend_pickup_normalLight_leftRight,109,Standing,Standing,True,0.723,0.0,33.029
Bend_pickup_normalLight_leftRight,110,Standing,Standing,True,0.77,0.0,46.1199
Bend_pickup_normalLight_leftRight,111,Standing,Standing,True,0.78,0.0,39.3177
Bend_pickup_normalLight_leftRight,112,Standing,Standing,True,0.8,0.0,37.9077
Bend_pickup_normalLight_leftRight,113,Standing,Standing,True,0.808,0.0,36.7565
Bend_pickup_normalLight_leftRight,114,Standing,Standing,True,0.845,0.0,37.8404
Bend_pickup_normalLight_leftRight,115,Standing,Standing,True,0.855,0.0,34.9077
Bend_pickup_normalLight_leftRight,116,Standing,Standing,True,0.877,0.0,43.2278
Bend_pickup_normalLight_leftRight,117,Standing,Standing,True,0.885,0.0,40.5798
Bend_pickup_normalLight_leftRight,118,Standing,Standing,True,0.91,0.0,35.9775
Bend_pickup_normalLight_leftRight,119,Standing,Standing,True,0.922,0.0,46.094
Bend_pickup_normalLight_leftRight,120,Standing,Standing,True,0.922,0.0,45.9478
Bend_pickup_normalLight_leftRight,121,Standing,Standing,True,0.921,0.0,44.7752
Bend_pickup_normalLight_leftRight,122,Standing,Standing,True,0.922,0.0,44.9767
Bend_pickup_normalLight_leftRight,123,Standing,Standing,True,0.931,0.0,40.0474
Bend_pickup_normalLight_leftRight,124,Standing,Standing,True,0.933,0.0,29.2347
Bend_pickup_normalLight_leftRight,125,Standing,Standing,True,0.929,0.0,24.933
Bend_pickup_normalLight_leftRight,126,Standing,Standing,True,0.927,0.0,26.067
Bend_pickup_normalLight_leftRight,127,Standing,Standing,True,0.93,0.0,26.0894
Bend_pickup_normalLight_leftRight,128,Standing,Standing,True,0.925,0.0,29.3171
Bend_pickup_normalLight_leftRight,129,Standing,Standing,True,0.926,0.0,25.3984
Bend_pickup_normalLight_leftRight,130,Standing,Standing,True,0.93,0.0,24.2769
Bend_pickup_normalLight_leftRight,131,Standing,Standing,True,0.93,0.0,23.8745
Bend_pickup_normalLight_leftRight,132,Standing,Standing,True,0.94,0.0,26.6792
Bend_pickup_normalLight_leftRight,133,Standing,Standing,True,0.938,0.0,36.2551
Bend_pickup_normalLight_leftRight,134,Standing,Standing,True,0.948,0.0,22.8527
Bend_pickup_normalLight_leftRight,135,Standing,Standing,True,0.947,0.0,22.8709
Bend_pickup_normalLight_leftRight,136,Standing,Standing,True,0.946,0.0,23.6421
Bend_pickup_normalLight_leftRight,137,Standing,Standing,True,0.956,0.0,22.0729
Bend_pickup_normalLight_leftRight,138,Standing,Standing,True,0.954,0.0,21.803
Bend_pickup_normalLight_leftRight,139,Standing,Standing,True,0.959,0.0,22.8524
Bend_pickup_normalLight_leftRight,140,Standing,Standing,True,0.959,0.0,23.7216
Bend_pickup_normalLight_leftRight,141,Standing,Standing,True,0.957,0.0,22.1141
Bend_pickup_normalLight_leftRight,142,Standing,Standing,True,0.948,0.0,22.2336
Bend_pickup_normalLight_leftRight,143,Standing,Standing,True,0.948,0.0,22.3395
Bend_pickup_normalLight_leftRight,144,Standing,Standing,True,0.941,0.0,22.7334
Bend_pickup_normalLight_leftRight,145,Standing,Standing,True,0.939,0.0,24.2365
Bend_pickup_normalLight_leftRight,146,Standing,Standing,True,0.937,0.0,25.424
Bend_pickup_normalLight_leftRight,147,Standing,Standing,True,0.935,0.0,21.4648
Bend_pickup_normalLight_leftRight,148,Standing,Standing,True,0.938,0.0,24.8397
Bend_pickup_normalLight_leftRight,149,Standing,Standing,True,0.945,0.0,23.5186
Bend_pickup_normalLight_leftRight,150,Standing,Standing,True,0.952,0.0,23.8557
Bend_pickup_normalLight_leftRight,151,Standing,Standing,True,0.955,0.0,29.7325
Bend_pickup_normalLight_leftRight,152,Standing,Standing,True,0.95,0.0,26.1356
Bend_pickup_normalLight_leftRight,153,Standing,Standing,True,0.955,0.0,27.5523
Bend_pickup_normalLight_leftRight,154,Standing,Standing,True,0.956,0.0,32.0302
Bend_pickup_normalLight_leftRight,155,Standing,Standing,True,0.956,0.0,25.684
Bend_pickup_normalLight_leftRight,156,Standing,Standing,True,0.952,0.0,26.7352
Bend_pickup_normalLight_leftRight,157,Standing,Standing,True,0.955,0.0,30.1002
Bend_pickup_normalLight_leftRight,158,Standing,Standing,True,0.957,0.0,29.5275
Bend_pickup_normalLight_leftRight,159,Standing,Standing,True,0.955,0.0,34.9939
Bend_pickup_normalLight_leftRight,160,Standing,Standing,True,0.952,0.0,29.1183
Bend_pickup_normalLight_leftRight,161,Standing,Standing,True,0.954,0.0,29.4492
Bend_pickup_normalLight_leftRight,162,Standing,Standing,True,0.948,0.0,35.011
Bend_pickup_normalLight_leftRight,163,Standing,Standing,True,0.943,0.0,32.508
Bend_pickup_normalLight_leftRight,164,Standing,Standing,True,0.932,0.0,32.0569
Bend_pickup_normalLight_leftRight,165,Standing,Standing,True,0.919,0.0,30.2318
Bend_pickup_normalLight_leftRight,166,Standing,Standing,True,0.92,0.0,28.0165
Bend_pickup_normalLight_leftRight,167,Standing,Standing,True,0.915,0.0,32.5453
Bend_pickup_normalLight_leftRight,168,Standing,Standing,True,0.914,0.0,30.4668
Bend_pickup_normalLight_leftRight,169,Standing,Standing,True,0.903,0.0,31.3254
Bend_pickup_normalLight_leftRight,170,Standing,Standing,True,0.892,0.0,27.8638
Bend_pickup_normalLight_leftRight,171,Standing,Standing,True,0.893,0.0,28.2344
Bend_pickup_normalLight_leftRight,172,Standing,Standing,True,0.891,0.0,26.8961
Bend_pickup_normalLight_leftRight,173,Standing,Standing,True,0.879,0.0,26.4575
Bend_pickup_normalLight_leftRight,174,,Standing,,0.873,0.0,28.3887
Bend_pickup_normalLight_leftRight,175,,Standing,,0.871,0.0,34.7964
Bend_pickup_normalLight_leftRight,176,,Standing,,0.865,0.0,33.4337
Bend_pickup_normalLight_leftRight,177,,Standing,,0.871,0.0,36.8446
Bend_pickup_normalLight_leftRight,178,,Standing,,0.871,0.0,30.8318
Bend_pickup_normalLight_leftRight,179,,Standing,,0.885,0.0,26.3642
Bend_pickup_normalLight_leftRight,180,,Standing,,0.895,0.0,25.9103
Bend_pickup_normalLight_leftRight,181,,Standing,,0.898,0.0,25.1942
Bend_pickup_normalLight_leftRight,182,,Standing,,0.898,0.0,25.1069
Bend_pickup_normalLight_leftRight,183,,Standing,,0.901,0.0,24.6837
Bend_pickup_normalLight_leftRight,184,,Standing,,0.899,0.0,26.0994
Bend_pickup_normalLight_leftRight,185,,Standing,,0.897,0.0,25.0825
Bend_pickup_normalLight_leftRight,186,,Standing,,0.887,0.0,24.5782
Bend_pickup_normalLight_leftRight,187,,Standing,,0.886,0.0,25.627
Bend_pickup_normalLight_leftRight,188,,Standing,,0.884,0.0,24.7367
Bend_pickup_normalLight_leftRight,189,,Standing,,0.857,0.0,23.6435
Bend_pickup_normalLight_leftRight,190,,Standing,,0.86,0.0,23.0326
Bend_pickup_normalLight_leftRight,191,,Standing,,0.859,0.0,24.5627
Bend_pickup_normalLight_leftRight,192,,Standing,,0.849,0.0,22.2864
Bend_pickup_normalLight_leftRight,193,,Standing,,0.859,0.0,24.2582
Bend_pickup_normalLight_leftRight,194,,Standing,,0.866,0.0,22.6864
Bend_pickup_normalLight_leftRight,195,,Standing,,0.872,0.0,22.2176
Bend_pickup_normalLight_leftRight,196,,Standing,,0.876,0.0,21.6278
Bend_pickup_normalLight_leftRight,197,,Standing,,0.877,0.0,21.5656
Bend_pickup_normalLight_leftRight,198,,Standing,,0.88,0.0,26.6135
Bend_pickup_normalLight_leftRight,199,,Standing,,0.885,0.0,24.285
Bend_pickup_normalLight_leftRight,200,,Standing,,0.891,0.0,29.0109
Bend_pickup_normalLight_leftRight,201,,Standing,,0.9,0.0,22.3206
Bend_pickup_normalLight_leftRight,202,,Standing,,0.899,0.0,21.6473
Bend_pickup_normalLight_leftRight,203,,Standing,,0.907,0.0,21.9833
Bend_pickup_normalLight_leftRight,204,,Standing,,0.898,0.0,23.5039
Bend_pickup_normalLight_leftRight,205,,Standing,,0.896,0.0,21.5606
Bend_pickup_normalLight_leftRight,206,,Standing,,0.909,0.0,21.2758
Bend_pickup_normalLight_leftRight,207,,Standing,,0.914,0.0,21.1025
Bend_pickup_normalLight_leftRight,208,,Standing,,0.902,0.0,22.4642
Bend_pickup_normalLight_leftRight,209,,Standing,,0.893,0.0,20.4865
Bend_pickup_normalLight_leftRight,210,,Standing,,0.856,0.0,20.677
Bend_pickup_normalLight_leftRight,211,,Standing,,0.81,0.0,23.3578
Bend_pickup_normalLight_leftRight,212,,Standing,,0.773,0.0,21.0685
Bend_pickup_normalLight_leftRight,213,,Standing,,0.706,0.0,21.2551
Bend_pickup_normalLight_leftRight,214,,Standing,,0.578,0.0,21.2486
Bend_pickup_normalLight_leftRight,215,,Standing,,0.526,0.0,22.6508
Bend_pickup_normalLight_leftRight,216,,Standing,,0.506,0.0,25.3009
Bend_pickup_normalLight_leftRight,217,,Standing,,0.473,0.0,19.8854
Bend_pickup_normalLight_leftRight,218,,Standing,,0.476,0.0,19.6763
Bend_pickup_normalLight_leftRight,219,,Standing,,0.519,0.0,21.3928
Bend_pickup_normalLight_leftRight,220,,Standing,,0.582,0.0,21.8485
Bend_pickup_normalLight_leftRight,221,,Standing,,0.639,0.0,22.2799
Bend_pickup_normalLight_leftRight,222,,Standing,,0.668,0.0,21.3821
Bend_pickup_normalLight_leftRight,223,,Standing,,0.709,0.0,20.5333
Bend_pickup_normalLight_leftRight,224,,Standing,,0.713,0.0,21.2702
Bend_pickup_normalLight_leftRight,225,,Standing,,0.715,0.0,20.7012
Bend_pickup_normalLight_leftRight,226,,Standing,,0.709,0.0,22.9581
Bend_pickup_normalLight_leftRight,227,,Standing,,0.692,0.0,20.9139
Bend_pickup_normalLight_leftRight,228,,Standing,,0.687,0.0,21.644
Bend_pickup_normalLight_leftRight,229,,Standing,,0.683,0.0,20.1595
Bend_pickup_normalLight_leftRight,230,,Standing,,0.668,0.0,20.5642
Bend_pickup_normalLight_leftRight,231,,Standing,,0.649,0.0,20.7675
Bend_pickup_normalLight_leftRight,232,,Standing,,0.656,0.0,19.5386
Bend_pickup_normalLight_leftRight,233,,Standing,,0.657,0.0,21.0926
Bend_pickup_normalLight_leftRight,234,,Standing,,0.607,0.0,20.8554
Bend_pickup_normalLight_leftRight,235,,Standing,,0.567,0.0,19.8905
Bend_pickup_normalLight_leftRight,236,,Standing,,0.516,0.0,19.7958
Bend_pickup_normalLight_leftRight,237,,Standing,,0.431,0.0,19.1446
Bend_pickup_normalLight_leftRight,238,,Standing,,0.377,0.0,19.3217
Bend_pickup_normalLight_leftRight,239,,Standing,,0.326,0.0,20.0722
Bend_pickup_normalLight_leftRight,240,,Lying,,0.303,0.0,20.8587
Bend_pickup_normalLight_leftRight,241,,Lying,,0.371,0.0,21.8694
Bend_pickup_normalLight_leftRight,242,,Lying,,0.423,0.0,19.8202
Bend_pickup_normalLight_leftRight,243,,Lying,,0.449,0.0,19.1891
Bend_pickup_normalLight_leftRight,244,,Lying,,0.479,0.0,28.6868
Bend_pickup_normalLight_leftRight,245,,Lying,,0.491,0.0,27.7863
Bend_pickup_normalLight_leftRight,246,,Lying,,0.513,0.0,24.3842
Bend_pickup_normalLight_leftRight,247,,Lying,,0.509,0.0,20.159
Bend_pickup_normalLight_leftRight,248,,Lying,,0.531,0.0,23.9957
Bend_pickup_normalLight_leftRight,249,,Lying,,0.531,0.0,23.5052
Bend_pickup_normalLight_leftRight,250,,Lying,,0.522,0.0,20.7122
Bend_pickup_normalLight_leftRight,251,,Lying,,0.518,0.0,20.5581
Bend_pickup_normalLight_leftRight,252,,Lying,,0.498,0.0,24.3781
Bend_pickup_normalLight_leftRight,253,,Lying,,0.496,0.0,20.4901
Bend_pickup_normalLight_leftRight,254,,Lying,,0.47,0.0,20.5386
Bend_pickup_normalLight_leftRight,255,,Lying,,0.419,0.0,19.8337
Bend_pickup_normalLight_leftRight,256,,Lying,,0.411,0.0,19.796
Bend_pickup_normalLight_leftRight,257,,Lying,,0.372,0.0,19.3425
Bend_pickup_normalLight_leftRight,258,,Lying,,0.346,0.0,19.9499
Bend_pickup_normalLight_leftRight,259,,Standing,,0.309,0.0,20.3584
Bend_pickup_normalLight_leftRight,260,,Standing,,0.323,0.0,19.3895
Bend_pickup_normalLight_leftRight,261,Standing,Standing,True,0.318,0.0,19.4678
Bend_pickup_normalLight_leftRight,262,Standing,Standing,True,0.338,0.0,28.6419
Bend_pickup_normalLight_leftRight,263,Standing,Standing,True,0.391,0.0,20.715
Bend_pickup_normalLight_leftRight,264,Standing,Standing,True,0.418,0.0,20.0885
Bend_pickup_normalLight_leftRight,265,Standing,Standing,True,0.408,0.0,20.506
Bend_pickup_normalLight_leftRight,266,Standing,Standing,True,0.44,0.0,19.4974
Bend_pickup_normalLight_leftRight,267,Standing,Standing,True,0.433,0.0,21.6366
Bend_pickup_normalLight_leftRight,268,Standing,Standing,True,0.443,0.0,20.6006
Bend_pickup_normalLight_leftRight,269,Standing,Standing,True,0.478,0.0,20.9501
Bend_pickup_normalLight_leftRight,270,Standing,Standing,True,0.509,0.0,24.8612
Bend_pickup_normalLight_leftRight,271,Standing,Standing,True,0.489,0.0,19.951
Bend_pickup_normalLight_leftRight,272,Standing,Standing,True,0.506,0.0,19.8272
Bend_pickup_normalLight_leftRight,273,Standing,Standing,True,0.511,0.0,20.3547
Bend_pickup_normalLight_leftRight,274,Standing,Standing,True,0.527,0.0,19.5446
Bend_pickup_normalLight_leftRight,275,Standing,Standing,True,0.577,0.0,19.6988
Bend_pickup_normalLight_leftRight,276,Standing,Standing,True,0.609,0.0,20.438
Bend_pickup_normalLight_leftRight,277,Standing,Standing,True,0.616,0.0,19.5724
Bend_pickup_normalLight_leftRight,278,Standing,Standing,True,0.644,0.0,19.1271
Bend_pickup_normalLight_leftRight,279,Standing,Standing,True,0.663,0.0,19.6277
Bend_pickup_normalLight_leftRight,280,Standing,Standing,True,0.681,0.0,22.6329
Bend_pickup_normalLight_leftRight,281,Standing,Standing,True,0.705,0.0,21.6655
Bend_pickup_normalLight_leftRight,282,Standing,Standing,True,0.73,0.0,19.4948
Bend_pickup_normalLight_leftRight,283,Standing,Standing,True,0.736,0.0,22.2235
Bend_pickup_normalLight_leftRight,284,Standing,Standing,True,0.74,0.0,20.6376
Bend_pickup_normalLight_leftRight,285,Standing,Standing,True,0.717,0.0,22.5858
Bend_pickup_normalLight_leftRight,286,Standing,Standing,True,0.721,0.0,21.9451
Bend_pickup_normalLight_leftRight,287,Standing,Standing,True,0.755,0.0,23.0014
Bend_pickup_normalLight_leftRight,288,Standing,Standing,True,0.753,0.0,21.8514
Bend_pickup_normalLight_leftRight,289,Standing,Standing,True,0.744,0.0,23.4118
Bend_pickup_normalLight_leftRight,290,Standing,Standing,True,0.759,0.0,26.1574
Bend_pickup_normalLight_leftRight,291,Standing,Standing,True,0.771,0.0,25.2556
Bend_pickup_normalLight_leftRight,292,Standing,Standing,True,0.786,0.0,23.1118
Bend_pickup_normalLight_leftRight,293,Standing,Standing,True,0.805,0.0,22.8726
Bend_pickup_normalLight_leftRight,294,Standing,Standing,True,0.836,0.0,23.4048
Bend_pickup_normalLight_leftRight,295,Standing,Standing,True,0.839,0.0,27.8641
Bend_pickup_normalLight_leftRight,296,Standing,Standing,True,0.85,0.0,23.8322
Bend_pickup_normalLight_leftRight,297,Standing,Standing,True,0.868,0.0,22.5488
Bend_pickup_normalLight_leftRight,298,Standing,Standing,True,0.877,0.0,22.0189
Bend_pickup_normalLight_leftRight,299,Standing,Standing,True,0.885,0.0,22.5099
Bend_pickup_normalLight_leftRight,300,Standing,Standing,True,0.901,0.0,22.2783
Bend_pickup_normalLight_leftRight,301,Standing,Standing,True,0.899,0.0,24.032
Bend_pickup_normalLight_leftRight,302,Standing,Standing,True,0.901,0.0,24.7707
Bend_pickup_normalLight_leftRight,303,Standing,Standing,True,0.909,0.0,22.9322
Bend_pickup_normalLight_leftRight,304,Standing,Standing,True,0.922,0.0,23.6329
Bend_pickup_normalLight_leftRight,305,Standing,Standing,True,0.914,0.0,24.035
Bend_pickup_normalLight_leftRight,306,Standing,Standing,True,0.917,0.0,28.5693
Bend_pickup_normalLight_leftRight,307,Standing,Standing,True,0.919,0.0,37.2383
Bend_pickup_normalLight_leftRight,308,Standing,Standing,True,0.922,0.0,28.3463
Bend_pickup_normalLight_leftRight,309,Standing,Standing,True,0.911,0.0,27.0802
Bend_pickup_normalLight_leftRight,310,Standing,Standing,True,0.913,0.0,34.3991
Bend_pickup_normalLight_leftRight,311,Standing,Standing,True,0.926,0.0,28.3192
Bend_pickup_normalLight_leftRight,312,Standing,Standing,True,0.945,0.0,25.3523
Bend_pickup_normalLight_leftRight,313,Standing,Standing,True,0.947,0.0,27.7266
Bend_pickup_normalLight_leftRight,314,Standing,Standing,True,0.944,0.0,27.2657
Bend_pickup_normalLight_leftRight,315,Standing,Standing,True,0.945,0.0,26.5967
Bend_pickup_normalLight_leftRight,316,Standing,Standing,True,0.94,0.0,24.1385
Bend_pickup_normalLight_leftRight,317,Standing,Standing,True,0.938,0.0,24.2762
Bend_pickup_normalLight_leftRight,318,Standing,Standing,True,0.935,0.0,24.2912
Bend_pickup_normalLight_leftRight,319,Standing,Standing,True,0.924,0.0,23.9965
Bend_pickup_normalLight_leftRight,320,Standing,Standing,True,0.921,0.0,23.3295
Bend_pickup_normalLight_leftRight,321,,Standing,,0.918,0.0,23.8605
Bend_pickup_normalLight_leftRight,322,,Standing,,0.917,0.0,24.0838
Bend_pickup_normalLight_leftRight,323,,Standing,,0.926,0.0,26.1038
Bend_pickup_normalLight_leftRight,324,,Standing,,0.931,0.0,23.2901
Bend_pickup_normalLight_leftRight,325,,Standing,,0.949,0.0,26.0268
Bend_pickup_normalLight_leftRight,326,,Standing,,0.957,0.0,24.3545
Bend_pickup_normalLight_leftRight,327,,Standing,,0.963,0.0,26.2155
Bend_pickup_normalLight_leftRight,328,,Standing,,0.966,0.0,22.8666
Bend_pickup_normalLight_leftRight,329,,Standing,,0.971,0.0,23.6149
Bend_pickup_normalLight_leftRight,330,,Standing,,0.974,0.0,25.6914
Bend_pickup_normalLight_leftRight,331,,Standing,,0.975,0.0,27.7059
Bend_pickup_normalLight_leftRight,332,,Standing,,0.974,0.0,25.3821
Bend_pickup_normalLight_leftRight,333,,Standing,,0.974,0.0,26.9625
Bend_pickup_squat_lowLight,31,,Standing,,0.944,0.0,36.2298
Bend_pickup_squat_lowLight,32,,Standing,,0.937,0.0,24.4509
Bend_pickup_squat_lowLight,33,,Standing,,0.933,0.0,23.6935
Bend_pickup_squat_lowLight,34,,Standing,,0.923,0.0,24.0218
Bend_pickup_squat_lowLight,35,,Standing,,0.918,0.0,24.3375
Bend_pickup_squat_lowLight,36,,Standing,,0.917,0.0,26.9582
Bend_pickup_squat_lowLight,37,,Standing,,0.917,0.0,28.133
Bend_pickup_squat_lowLight,38,,Standing,,0.919,0.0,28.4815
Bend_pickup_squat_lowLight,39,,Standing,,0.909,0.0,30.3502
Bend_pickup_squat_lowLight,40,,Standing,,0.906,0.0,26.3596
Bend_pickup_squat_lowLight,41,,Standing,,0.901,0.0,26.249
Bend_pickup_squat_lowLight,42,,Standing,,0.902,0.0,30.9555
Bend_pickup_squat_lowLight,43,,Standing,,0.893,0.0,38.2824
Bend_pickup_squat_lowLight,44,,Standing,,0.895,0.0,30.8506
Bend_pickup_squat_lowLight,45,,Standing,,0.901,0.0,33.701
Bend_pickup_squat_lowLight,46,,Standing,,0.914,0.0,33.8488
Bend_pickup_squat_lowLight,47,,Standing,,0.916,0.0,31.5222
Bend_pickup_squat_lowLight,48,,Standing,,0.928,0.0,29.6969
Bend_pickup_squat_lowLight,49,,Standing,,0.936,0.0,30.9079
Bend_pickup_squat_lowLight,50,,Standing,,0.946,0.0,35.02
Bend_pickup_squat_lowLight,51,,Standing,,0.959,0.0,31.7534
Bend_pickup_squat_lowLight,52,,Standing,,0.958,0.0,35.5315
Bend_pickup_squat_lowLight,53,,Standing,,0.957,0.0,34.767
Bend_pickup_squat_lowLight,54,,Standing,,0.952,0.0,35.886
Bend_pickup_squat_lowLight,55,,Standing,,0.951,0.0,31.0374
Bend_pickup_squat_lowLight,56,,Standing,,0.947,0.0,28.0497
Bend_pickup_squat_lowLight,57,,Standing,,0.927,0.0,27.9551
Bend_pickup_squat_lowLight,58,,Standing,,0.905,0.0,41.642
Bend_pickup_squat_lowLight,59,,Standing,,0.88,0.0,30.5926
Bend_pickup_squat_lowLight,60,,Standing,,0.868,0.0,35.3474
Bend_pickup_squat_lowLight,61,,Standing,,0.847,0.0,27.3711
Bend_pickup_squat_lowLight,62,,Standing,,0.777,0.0,44.1644
Bend_pickup_squat_lowLight,63,,Standing,,0.748,0.0,57.5776
Bend_pickup_squat_lowLight,64,,Standing,,0.752,0.0,53.2975
Bend_pickup_squat_lowLight,65,,Standing,,0.63,0.0,42.7481
Bend_pickup_squat_lowLight,66,,Standing,,0.605,0.0,36.4603
Bend_pickup_squat_lowLight,67,,Standing,,0.619,0.0,28.9444
Bend_pickup_squat_lowLight,68,,Standing,,0.585,0.0,31.213
Bend_pickup_squat_lowLight,69,,Standing,,0.485,0.0,34.2837
Bend_pickup_squat_lowLight,70,,Standing,,0.448,0.0,27.1516
Bend_pickup_squat_lowLight,71,,Standing,,0.417,0.0,33.6189
Bend_pickup_squat_lowLight,72,,Sitting,,0.409,0.0,28.1377
Bend_pickup_squat_lowLight,73,,Sitting,,0.452,0.0,27.2223
Bend_pickup_squat_lowLight,74,,Sitting,,0.521,0.0,34.7366
Bend_pickup_squat_lowLight,75,,Sitting,,0.512,0.0,28.4033
Bend_pickup_squat_lowLight,76,,Sitting,,0.54,0.0,28.6691
Bend_pickup_squat_lowLight,77,,Sitting,,0.559,0.0,26.6143
Bend_pickup_squat_lowLight,78,,Sitting,,0.58,0.0,25.7112
Bend_pickup_squat_lowLight,79,,Sitting,,0.576,0.0,26.8236
Bend_pickup_squat_lowLight,80,,Sitting,,0.561,0.0,26.3395
Bend_pickup_squat_lowLight,81,,Sitting,,0.537,0.0,25.1386
Bend_pickup_squat_lowLight,82,,Sitting,,0.515,0.0,25.5629
Bend_pickup_squat_lowLight,83,,Sitting,,0.455,0.0,25.7741
Bend_pickup_squat_lowLight,84,,Sitting,,0.387,0.0,24.9026
Bend_pickup_squat_lowLight,85,,Sitting,,0.371,0.0,26.4505
Bend_pickup_squat_lowLight,86,,Standing,,0.341,0.0,25.2971
Bend_pickup_squat_lowLight,87,,Standing,,0.348,0.0,26.0125
Bend_pickup_squat_lowLight,88,,Standing,,0.37,0.0,24.3126
Bend_pickup_squat_lowLight,89,,Standing,,0.377,0.0,24.4591
Bend_pickup_squat_lowLight,90,,Standing,,0.387,0.0,24.1602
Bend_pickup_squat_lowLight,91,,Standing,,0.39,0.0,23.8119
Bend_pickup_squat_lowLight,92,,Standing,,0.407,0.0,25.0336
Bend_pickup_squat_lowLight,93,,Standing,,0.389,0.0,29.2524
Bend_pickup_squat_lowLight,94,,Standing,,0.401,0.0,33.1639
Bend_pickup_squat_lowLight,95,,Standing,,0.395,0.0,23.724
Bend_pickup_squat_lowLight,96,,Standing,,0.386,0.0,24.5724
Bend_pickup_squat_lowLight,97,,Standing,,0.379,0.0,23.4826
Bend_pickup_squat_lowLight,98,,Standing,,0.41,0.0,25.6955
Bend_pickup_squat_lowLight,99,,Standing,,0.405,0.0,30.2126
Bend_pickup_squat_lowLight,100,,Standing,,0.418,0.0,28.7406
Bend_pickup_squat_lowLight,101,,Standing,,0.388,0.0,32.8355
Bend_pickup_squat_lowLight,102,,Standing,,0.382,0.0,25.0244
Bend_pickup_squat_lowLight,103,,Standing,,0.429,0.0,24.4523
Bend_pickup_squat_lowLight,104,,Standing,,0.477,0.0,23.3915
Bend_pickup_squat_lowLight,105,,Standing,,0.474,0.0,23.8779
Bend_pickup_squat_lowLight,106,,Standing,,0.537,0.0,27.5011
Bend_pickup_squat_lowLight,107,,Standing,,0.608,0.0,26.9116
Bend_pickup_squat_lowLight,108,,Standing,,0.639,0.0,28.9889
Bend_pickup_squat_lowLight,109,,Standing,,0.693,0.0,24.035
Bend_pickup_squat_lowLight,110,,Standing,,0.708,0.0,26.5828
Bend_pickup_squat_lowLight,111,,Standing,,0.73,0.0,29.0913
Bend_pickup_squat_lowLight,112,,Standing,,0.71,0.0,28.9449
Bend_pickup_squat_lowLight,113,,Standing,,0.708,0.0,31.5641
Bend_pickup_squat_lowLight,114,,Standing,,0.657,0.0,30.1729
Bend_pickup_squat_lowLight,115,,Standing,,0.695,0.0,31.0516
Bend_pickup_squat_lowLight,116,,Standing,,0.688,0.0,26.5874
Bend_pickup_squat_lowLight,117,Standing,Standing,True,0.692,0.0,25.8549
Bend_pickup_squat_lowLight,118,Standing,Standing,True,0.695,0.0,29.4821
Bend_pickup_squat_lowLight,119,Standing,Standing,True,0.696,0.0,24.7409
Bend_pickup_squat_lowLight,120,Standing,Standing,True,0.695,0.0,25.3801
Bend_pickup_squat_lowLight,121,Standing,Standing,True,0.694,0.0,24.6647
Bend_pickup_squat_lowLight,122,Standing,Standing,True,0.69,0.0,24.6087
Bend_pickup_squat_lowLight,123,Standing,Standing,True,0.675,0.0,24.4061
Bend_pickup_squat_lowLight,124,Standing,Standing,True,0.676,0.0,25.0853
Bend_pickup_squat_lowLight,125,Standing,Standing,True,0.675,0.0,23.6858
Bend_pickup_squat_lowLight,126,Standing,Standing,True,0.67,0.0,26.2535
Bend_pickup_squat_lowLight,127,Standing,Standing,True,0.695,0.0,24.2638
Bend_pickup_squat_lowLight,128,Standing,Standing,True,0.704,0.0,25.4817
Bend_pickup_squat_lowLight,129,Standing,Standing,True,0.714,0.0,29.6942
Bend_pickup_squat_lowLight,130,Standing,Standing,True,0.734,0.0,28.318
Bend_pickup_squat_lowLight,131,Standing,Standing,True,0.753,0.0,25.4135
Bend_pickup_squat_lowLight,132,Standing,Standing,True,0.761,0.0,24.0354
Bend_pickup_squat_lowLight,133,Standing,Standing,True,0.784,0.0,29.4008
Bend_pickup_squat_lowLight,134,Standing,Standing,True,0.79,0.0,36.4553
Bend_pickup_squat_lowLight,135,Standing,Standing,True,0.826,0.0,24.6698
Bend_pickup_squat_lowLight,136,Standing,Standing,True,0.843,0.0,28.6774
Bend_pickup_squat_lowLight,137,Standing,Standing,True,0.857,0.0,29.6724
Bend_pickup_squat_lowLight,138,Standing,Standing,True,0.878,0.0,40.9583
Bend_pickup_squat_lowLight,139,Standing,Standing,True,0.886,0.0,38.5097
Bend_pickup_squat_lowLight,140,Standing,Standing,True,0.89,0.0,27.4632
Bend_pickup_squat_lowLight,141,Standing,Standing,True,0.897,0.0,33.9526
Bend_pickup_squat_lowLight,142,Standing,Standing,True,0.901,0.0,24.2143
Bend_pickup_squat_lowLight,143,Standing,Standing,True,0.905,0.0,26.4809
Bend_pickup_squat_lowLight,144,Standing,Standing,True,0.919,0.0,28.7416
Bend_pickup_squat_lowLight,145,Standing,Standing,True,0.919,0.0,29.435
Bend_pickup_squat_lowLight,146,Standing,Standing,True,0.933,0.0,28.7964
Bend_pickup_squat_lowLight,147,Standing,Standing,True,0.945,0.0,26.6326
Bend_pickup_squat_lowLight,148,,Standing,,0.95,0.0,26.7545
Bend_pickup_squat_lowLight,149,,Standing,,0.954,0.0,27.2458
Bend_pickup_squat_lowLight,150,,Standing,,0.952,0.0,25.366
Bend_pickup_squat_lowLight,151,,Standing,,0.953,0.0,27.5898
Bend_pickup_squat_lowLight,152,,Standing,,0.954,0.0,27.85
Bend_pickup_squat_lowLight,153,,Standing,,0.952,0.0,25.9816
Bend_pickup_squat_lowLight,154,,Standing,,0.954,0.0,25.1818
Bend_pickup_squat_lowLight,155,,Standing,,0.953,0.0,26.4465
Bend_pickup_squat_lowLight,156,,Standing,,0.953,0.0,26.062
Bend_pickup_squat_lowLight,157,,Standing,,0.966,0.0,25.5956
Bend_pickup_squat_lowLight,158,,Standing,,0.972,0.0,25.0068
Bend_pickup_squat_lowLight,159,,Standing,,0.982,0.0,30.9032
Bend_pickup_squat_lowLight,160,,Standing,,0.994,0.0,24.2663
Bend_pickup_squat_lowLight,161,,Standing,,0.995,0.0,27.7951
Bend_pickup_squat_lowLight,162,,Standing,,0.996,0.0,30.0682
Bend_pickup_squat_lowLight,163,,Standing,,0.998,0.0,24.5105
Bend_pickup_squat_lowLight,164,,Standing,,0.999,0.0,26.4236
Bend_pickup_squat_lowLight,165,,Standing,,0.999,0.0,28.248
Bend_pickup_squat_lowLight,166,,Standing,,0.999,0.0,24.1354
Bend_pickup_squat_lowLight,167,,Standing,,0.999,0.0,27.3998
Bend_pickup_squat_lowLight,168,,Standing,,0.998,0.0,23.8677
Bend_pickup_squat_lowLight,169,,Standing,,0.998,0.0,24.2743
Bend_pickup_squat_lowLight,170,,Standing,,0.998,0.0,24.7808
Bend_pickup_squat_lowLight,171,,Standing,,0.998,0.0,23.7738
Bend_pickup_squat_lowLight,172,,Standing,,0.993,0.0,24.1907
Bend_pickup_squat_lowLight,173,,Standing,,0.988,0.0,27.9787
Bend_pickup_squat_lowLight,174,,Standing,,0.978,0.0,30.9344
Bend_pickup_squat_normalLight,31,,Standing,,0.947,0.0,25.1267
Bend_pickup_squat_normalLight,32,,Standing,,0.94,0.0,30.9386
Bend_pickup_squat_normalLight,33,,Standing,,0.931,0.0,29.6445
Bend_pickup_squat_normalLight,34,,Standing,,0.926,0.0,25.7964
Bend_pickup_squat_normalLight,35,,Standing,,0.924,0.0,24.5866
Bend_pickup_squat_normalLight,36,,Standing,,0.917,0.0,26.2974
Bend_pickup_squat_normalLight,37,,Standing,,0.914,0.0,27.4841
Bend_pickup_squat_normalLight,38,,Standing,,0.91,0.0,26.238
Bend_pickup_squat_normalLight,39,,Standing,,0.914,0.0,36.9546
Bend_pickup_squat_normalLight,40,,Standing,,0.905,0.0,32.6233
Bend_pickup_squat_normalLight,41,,Standing,,0.908,0.0,31.7433
Bend_pickup_squat_normalLight,42,,Standing,,0.919,0.0,34.6838
Bend_pickup_squat_normalLight,43,,Standing,,0.928,0.0,33.4852
Bend_pickup_squat_normalLight,44,,Standing,,0.946,0.0,35.2761
Bend_pickup_squat_normalLight,45,,Standing,,0.957,0.0,27.7877
Bend_pickup_squat_normalLight,46,,Standing,,0.965,0.0,36.76
Bend_pickup_squat_normalLight,47,,Standing,,0.961,0.0,37.4925
Bend_pickup_squat_normalLight,48,,Standing,,0.959,0.0,29.6445
Bend_pickup_squat_normalLight,49,,Standing,,0.959,0.0,29.4692
Bend_pickup_squat_normalLight,50,,Standing,,0.955,0.0,31.7494
Bend_pickup_squat_normalLight,51,,Standing,,0.96,0.0,27.5243
Bend_pickup_squat_normalLight,52,,Standing,,0.939,0.0,29.3995
Bend_pickup_squat_normalLight,53,,Standing,,0.913,0.0,27.6515
Bend_pickup_squat_normalLight,54,,Standing,,0.901,0.0,34.5043
Bend_pickup_squat_normalLight,55,,Standing,,0.897,0.0,31.1536
Bend_pickup_squat_normalLight,56,,Standing,,0.891,0.0,38.061
Bend_pickup_squat_normalLight,57,,Standing,,0.895,0.0,35.587
Bend_pickup_squat_normalLight,58,,Standing,,0.883,0.0,34.0233
Bend_pickup_squat_normalLight,59,,Standing,,0.871,0.0,35.8993
Bend_pickup_squat_normalLight,60,,Standing,,0.861,0.0,30.4892
Bend_pickup_squat_normalLight,61,,Standing,,0.829,0.0,32.5409
Bend_pickup_squat_normalLight,62,,Standing,,0.812,0.0,33.1653
Bend_pickup_squat_normalLight,63,,Standing,,0.78,0.0,31.257
Bend_pickup_squat_normalLight,64,,Standing,,0.746,0.0,42.1807
Bend_pickup_squat_normalLight,65,,Standing,,0.718,0.0,50.0536
Bend_pickup_squat_normalLight,66,,Standing,,0.7,0.0,46.472
Bend_pickup_squat_normalLight,67,,Standing,,0.667,0.0,37.9557
Bend_pickup_squat_normalLight,68,,Standing,,0.592,0.0,48.6968
Bend_pickup_squat_normalLight,69,,Standing,,0.551,0.0,47.1341
Bend_pickup_squat_normalLight,70,,Standing,,0.457,0.0,42.3472
Bend_pickup_squat_normalLight,71,,Standing,,0.4,0.0,30.7431
Bend_pickup_squat_normalLight,72,,Standing,,0.368,0.0,28.1861
Bend_pickup_squat_normalLight,73,,Sitting,,0.379,0.0,30.0247
Bend_pickup_squat_normalLight,74,,Sitting,,0.391,0.0,29.4994
Bend_pickup_squat_normalLight,75,,Sitting,,0.399,0.0,28.9943
Bend_pickup_squat_normalLight,76,,Sitting,,0.416,0.0,46.514
Bend_pickup_squat_normalLight,77,,Sitting,,0.446,0.0,37.7846
Bend_pickup_squat_normalLight,78,,Sitting,,0.45,0.0,29.5921
Bend_pickup_squat_normalLight,79,,Sitting,,0.467,0.0,35.4594
Bend_pickup_squat_normalLight,80,,Sitting,,0.506,0.0,44.2966
Bend_pickup_squat_normalLight,81,,Sitting,,0.501,0.0,38.1275
Bend_pickup_squat_normalLight,82,,Sitting,,0.482,0.0,40.6589
Bend_pickup_squat_normalLight,83,,Sitting,,0.493,0.0,45.6639
Bend_pickup_squat_normalLight,84,,Sitting,,0.493,0.0,39.2581
Bend_pickup_squat_normalLight,85,,Sitting,,0.469,0.0,29.0282
Bend_pickup_squat_normalLight,86,,Sitting,,0.475,0.0,26.4698
Bend_pickup_squat_normalLight,87,,Sitting,,0.477,0.0,27.956
Bend_pickup_squat_normalLight,88,,Sitting,,0.471,0.0,26.8176
Bend_pickup_squat_normalLight,89,,Sitting,,0.47,0.0,43.1597
Bend_pickup_squat_normalLight,90,,Sitting,,0.462,0.0,34.4486
Bend_pickup_squat_normalLight,91,,Sitting,,0.475,0.0,35.0085
Bend_pickup_squat_normalLight,92,,Sitting,,0.451,0.0,34.0515
Bend_pickup_squat_normalLight,93,,Sitting,,0.464,0.0,31.6003
Bend_pickup_squat_normalLight,94,,Sitting,,0.485,0.0,27.7588
Bend_pickup_squat_normalLight,95,,Sitting,,0.475,0.0,27.9045
Bend_pickup_squat_normalLight,96,,Sitting,,0.475,0.0,26.3255
Bend_pickup_squat_normalLight,97,,Sitting,,0.469,0.0,29.1672
Bend_pickup_squat_normalLight,98,,Sitting,,0.466,0.0,25.4289
Bend_pickup_squat_normalLight,99,,Sitting,,0.474,0.0,26.5658
Bend_pickup_squat_normalLight,100,,Sitting,,0.471,0.0,26.7964
Bend_pickup_squat_normalLight,101,,Sitting,,0.47,0.0,26.5269
Bend_pickup_squat_normalLight,102,,Sitting,,0.466,0.0,25.8865
Bend_pickup_squat_normalLight,103,,Sitting,,0.462,0.0,25.3821
Bend_pickup_squat_normalLight,104,,Sitting,,0.442,0.0,27.9916
Bend_pickup_squat_normalLight,105,,Sitting,,0.429,0.0,26.449
Bend_pickup_squat_normalLight,106,,Sitting,,0.407,0.0,31.1722
Bend_pickup_squat_normalLight,107,,Sitting,,0.39,0.0,35.1861
Bend_pickup_squat_normalLight,108,,Standing,,0.338,0.0,28.4449
Bend_pickup_squat_normalLight,109,,Standing,,0.388,0.0,32.936
Bend_pickup_squat_normalLight,110,,Standing,,0.421,0.0,29.792
Bend_pickup_squat_normalLight,111,,Standing,,0.457,0.0,29.2178
Bend_pickup_squat_normalLight,112,,Standing,,0.502,0.0,30.1206
Bend_pickup_squat_normalLight,113,,Standing,,0.521,0.0,29.857
Bend_pickup_squat_normalLight,114,,Standing,,0.566,0.0,37.9667
Bend_pickup_squat_normalLight,115,,Standing,,0.577,0.0,31.4168
Bend_pickup_squat_normalLight,116,,Standing,,0.595,0.0,37.3843
Bend_pickup_squat_normalLight,117,,Standing,,0.606,0.0,40.7263
Bend_pickup_squat_normalLight,118,,Standing,,0.614,0.0,28.3655
Bend_pickup_squat_normalLight,119,,Standing,,0.622,0.0,41.198
Bend_pickup_squat_normalLight,120,,Standing,,0.637,0.0,33.9263
Bend_pickup_squat_normalLight,121,,Standing,,0.638,0.0,33.5795
Bend_pickup_squat_normalLight,122,,Standing,,0.663,0.0,26.9909
Bend_pickup_squat_normalLight,123,,Standing,,0.666,0.0,27.2658
Bend_pickup_squat_normalLight,124,,Standing,,0.656,0.0,29.0005
Bend_pickup_squat_normalLight,125,,Standing,,0.666,0.0,32.5362
Bend_pickup_squat_normalLight,126,,Standing,,0.654,0.0,30.4387
Bend_pickup_squat_normalLight,127,,Standing,,0.641,0.0,28.0771
Bend_pickup_squat_normalLight,128,,Standing,,0.639,0.0,33.2085
Bend_pickup_squat_normalLight,129,,Standing,,0.647,0.0,33.5846
Bend_pickup_squat_normalLight,130,,Standing,,0.648,0.0,29.1957
Bend_pickup_squat_normalLight,131,,Standing,,0.656,0.0,25.6604
Bend_pickup_squat_normalLight,132,,Standing,,0.659,0.0,27.9949
Bend_pickup_squat_normalLight,133,,Standing,,0.673,0.0,33.7471
Bend_pickup_squat_normalLight,134,Standing,Standing,True,0.667,0.0,33.2281
Bend_pickup_squat_normalLight,135,Standing,Standing,True,0.701,0.0,26.344
Bend_pickup_squat_normalLight,136,Standing,Standing,True,0.714,0.0,28.5649
Bend_pickup_squat_normalLight,137,Standing,Standing,True,0.714,0.0,30.5347
Bend_pickup_squat_normalLight,138,Standing,Standing,True,0.713,0.0,40.6516
Bend_pickup_squat_normalLight,139,Standing,Standing,True,0.725,0.0,41.8245
Bend_pickup_squat_normalLight,140,Standing,Standing,True,0.746,0.0,36.9221
Bend_pickup_squat_normalLight,141,Standing,Standing,True,0.771,0.0,34.8842
Bend_pickup_squat_normalLight,142,Standing,Standing,True,0.773,0.0,40.4736
Bend_pickup_squat_normalLight,143,Standing,Standing,True,0.785,0.0,42.318
Bend_pickup_squat_normalLight,144,Standing,Standing,True,0.788,0.0,39.2967
Bend_pickup_squat_normalLight,145,Standing,Standing,True,0.809,0.0,27.159
Bend_pickup_squat_normalLight,146,,Standing,,0.82,0.0,28.1884
Bend_pickup_squat_normalLight,147,,Standing,,0.833,0.0,34.8146
Bend_pickup_squat_normalLight,148,,Standing,,0.841,0.0,34.1422
Bend_pickup_squat_normalLight,149,,Standing,,0.853,0.0,35.1091
Bend_pickup_squat_normalLight,150,,Standing,,0.87,0.0,36.3803
Bend_pickup_squat_normalLight,151,,Standing,,0.895,0.0,33.8804
Bend_pickup_squat_normalLight,152,,Standing,,0.923,0.0,38.6984
Bend_pickup_squat_normalLight,153,,Standing,,0.942,0.0,37.1084
Bend_pickup_squat_normalLight,154,,Standing,,0.948,0.0,39.2054
Bend_pickup_squat_normalLight,155,,Standing,,0.947,0.0,32.5246
Bend_pickup_squat_normalLight,156,,Standing,,0.947,0.0,35.3844
Bend_pickup_squat_normalLight,157,,Standing,,0.956,0.0,35.353
Bend_pickup_squat_normalLight,158,,Standing,,0.961,0.0,39.5929
Bend_pickup_squat_normalLight,159,,Standing,,0.962,0.0,32.0862
Bend_pickup_squat_normalLight,160,,Standing,,0.972,0.0,28.2068
Kneeling,31,,Standing,,0.919,0.0,30.6939
Kneeling,32,,Standing,,0.918,0.0,30.9925
Kneeling,33,,Standing,,0.924,0.0,28.2261
Kneeling,34,,Standing,,0.93,0.0,30.2373
Kneeling,35,,Standing,,0.938,0.0,33.1665
Kneeling,36,,Standing,,0.936,0.0,37.3473
Kneeling,37,,Standing,,0.936,0.0,39.9014
Kneeling,38,,Standing,,0.938,0.0,30.6297
Kneeling,39,,Standing,,0.927,0.0,29.8232
Kneeling,40,,Standing,,0.912,0.0,28.4159
Kneeling,41,,Standing,,0.918,0.0,36.2538
Kneeling,42,,Standing,,0.898,0.0,28.7663
Kneeling,43,,Standing,,0.867,0.0,28.635
Kneeling,44,,Standing,,0.86,0.0,38.9419
Kneeling,45,,Standing,,0.834,0.0,42.7611
Kneeling,46,,Standing,,0.816,0.0,27.5513
Kneeling,47,,Standing,,0.808,0.0,39.4432
Kneeling,48,,Standing,,0.783,0.0,34.9479
Kneeling,49,,Standing,,0.768,0.0,30.3585
Kneeling,50,,Standing,,0.779,0.0,26.4903
Kneeling,51,,Standing,,0.761,0.0,31.4906
Kneeling,52,,Standing,,0.73,0.0,35.6386
Kneeling,53,,Standing,,0.676,0.0,30.2769
Kneeling,54,,Standing,,0.628,0.0,25.2352
Kneeling,55,,Standing,,0.562,0.0,26.984
Kneeling,56,,Standing,,0.488,0.0,36.0288
Kneeling,57,Sitting,Standing,False,0.424,0.0,32.4323
Kneeling,58,Sitting,Sitting,True,0.434,0.0,26.1935
Kneeling,59,Sitting,Sitting,True,0.471,0.0,28.6985
Kneeling,60,Sitting,Sitting,True,0.486,0.0,31.2783
Kneeling,61,Sitting,Sitting,True,0.508,0.0,28.5734
Kneeling,62,Sitting,Sitting,True,0.501,0.0,26.5959
Kneeling,63,Sitting,Sitting,True,0.506,0.0,28.3528
Kneeling,64,Sitting,Sitting,True,0.527,0.0,33.125
Kneeling,65,Sitting,Sitting,True,0.461,0.0,43.8323
Kneeling,66,Sitting,Sitting,True,0.445,0.0,30.4483
Kneeling,67,Sitting,Sitting,True,0.463,0.0,29.6141
Kneeling,68,Sitting,Sitting,True,0.419,0.0,39.0516
Kneeling,69,Sitting,Sitting,True,0.409,0.0,36.1681
Kneeling,70,Sitting,Sitting,True,0.41,0.0,37.496
Kneeling,71,Sitting,Sitting,True,0.388,0.0,43.4335
Kneeling,72,Sitting,Sitting,True,0.402,0.0,41.8342
Kneeling,73,Sitting,Sitting,True,0.444,0.0,43.3808
Kneeling,74,Sitting,Sitting,True,0.406,0.0,50.0592
Kneeling,75,Sitting,Sitting,True,0.419,0.0,32.313
Kneeling,76,Sitting,Sitting,True,0.435,0.0,39.4797
Kneeling,77,Sitting,Sitting,True,0.431,0.0,36.1667
Kneeling,78,Sitting,Sitting,True,0.465,0.0,36.0337
Kneeling,79,Sitting,Sitting,True,0.479,0.0,29.2503
Kneeling,80,Sitting,Sitting,True,0.479,0.0,30.2507
Kneeling,81,Sitting,Sitting,True,0.474,0.0,31.035
Kneeling,82,Sitting,Sitting,True,0.486,0.0,29.6362
Kneeling,83,Sitting,Sitting,True,0.483,0.0,33.9674
Kneeling,84,Sitting,Sitting,True,0.48,0.0,33.4983
Kneeling,85,Sitting,Sitting,True,0.476,0.0,33.538
Kneeling,86,Sitting,Sitting,True,0.48,0.0,35.6622
Kneeling,87,Sitting,Sitting,True,0.482,0.0,36.8361
Kneeling,88,Sitting,Sitting,True,0.476,0.0,30.76
Kneeling,89,Sitting,Sitting,True,0.478,0.0,44.0945
Kneeling,90,Sitting,Sitting,True,0.48,0.0,32.5536
Kneeling,91,Sitting,Sitting,True,0.482,0.0,33.9378
Kneeling,92,Sitting,Sitting,True,0.484,0.0,29.8984
Kneeling,93,Sitting,Sitting,True,0.485,0.0,27.7384
Kneeling,94,Sitting,Sitting,True,0.485,0.0,28.0987
Kneeling,95,Sitting,Sitting,True,0.491,0.0,27.1265
Kneeling,96,Sitting,Sitting,True,0.502,0.0,26.7013
Kneeling,97,Sitting,Sitting,True,0.497,0.0,28.6858
Kneeling,98,Sitting,Sitting,True,0.509,0.0,35.9457
Kneeling,99,Sitting,Sitting,True,0.51,0.0,32.7228
Kneeling,100,Sitting,Sitting,True,0.505,0.0,31.935
Kneeling,101,Sitting,Sitting,True,0.503,0.0,26.4942
Kneeling,102,Sitting,Sitting,True,0.516,0.0,31.3038
Kneeling,103,Sitting,Sitting,True,0.513,0.0,34.0246
Kneeling,104,Sitting,Sitting,True,0.518,0.0,31.8451
Kneeling,105,Sitting,Sitting,True,0.51,0.0,53.4475
Kneeling,106,Sitting,Sitting,True,0.51,0.0,52.8807
Kneeling,107,Sitting,Sitting,True,0.518,0.0,58.5814
Kneeling,108,Sitting,Sitting,True,0.519,0.0,53.9139
Kneeling,109,Sitting,Sitting,True,0.521,0.0,35.8939
Kneeling,110,Sitting,Sitting,True,0.514,0.0,30.4459
Kneeling,111,Sitting,Sitting,True,0.508,0.0,32.0169
Kneeling,112,Sitting,Sitting,True,0.511,0.0,26.3126
Kneeling,113,Sitting,Sitting,True,0.514,0.0,26.3502
Kneeling,114,Sitting,Sitting,True,0.513,0.0,26.5182
Kneeling,115,Sitting,Sitting,True,0.512,0.0,29.0304
Kneeling,116,Sitting,Sitting,True,0.509,0.0,26.3099
Kneeling,117,Sitting,Sitting,True,0.503,0.0,29.7061
Kneeling,118,Sitting,Sitting,True,0.505,0.0,28.658
Kneeling,119,Sitting,Sitting,True,0.503,0.0,30.1135
Kneeling,120,Sitting,Sitting,True,0.492,0.0,35.782
Kneeling,121,Sitting,Sitting,True,0.49,0.0,34.8498
Kneeling,122,Sitting,Sitting,True,0.491,0.0,41.8683
Kneeling,123,Sitting,Sitting,True,0.49,0.0,45.098
Kneeling,124,Sitting,Sitting,True,0.492,0.0,36.9425
Kneeling,125,Sitting,Sitting,True,0.492,0.0,32.7502
Kneeling,126,Sitting,Sitting,True,0.499,0.0,32.4053
Kneeling,127,Sitting,Sitting,True,0.493,0.0,31.1709
Kneeling,128,,Sitting,,0.488,0.0,36.9062
Kneeling,129,,Sitting,,0.49,0.0,40.5818
Kneeling,130,,Sitting,,0.492,0.0,33.1718
Kneeling,131,,Sitting,,0.492,0.0,29.7758
Kneeling,132,,Sitting,,0.494,0.0,32.9603
Kneeling,133,,Sitting,,0.488,0.0,36.8414
Kneeling,134,,Sitting,,0.492,0.0,42.4201
Kneeling,135,,Sitting,,0.479,0.0,51.2037
Kneeling,136,,Sitting,,0.48,0.0,38.275
Kneeling,137,,Sitting,,0.488,0.0,51.4208
Kneeling,138,,Sitting,,0.494,0.0,38.5124
Kneeling,139,,Sitting,,0.487,0.0,32.4925
Kneeling,140,,Sitting,,0.491,0.0,28.6163
Kneeling,141,,Sitting,,0.495,0.0,26.8519
Kneeling,142,,Sitting,,0.495,0.0,29.2979
Kneeling,143,,Sitting,,0.483,0.0,27.6006
Kneeling,144,,Sitting,,0.493,0.0,27.0804
Kneeling,145,,Sitting,,0.49,0.0,27.0541
Kneeling,146,,Sitting,,0.5,0.0,27.1466
Kneeling,147,,Sitting,,0.501,0.0,30.8775
Kneeling,148,,Sitting,,0.508,0.0,40.0619
Kneeling,149,,Sitting,,0.502,0.0,29.6887
Kneeling,150,,Sitting,,0.495,0.0,27.0815
Kneeling,151,,Sitting,,0.486,0.0,32.1291
Kneeling,152,,Sitting,,0.471,0.0,29.1715
Kneeling,153,,Sitting,,0.441,0.0,30.2314
Kneeling,154,,Sitting,,0.402,0.0,27.2056
Kneeling,155,,Standing,,0.407,0.0,25.6426
Kneeling,156,Standing,Standing,True,0.486,0.0,27.6735
Kneeling,157,Standing,Standing,True,0.523,0.0,35.7075
Kneeling,158,Standing,Standing,True,0.584,0.0,35.2702
Kneeling,159,Standing,Standing,True,0.622,0.0,25.0123
Kneeling,160,Standing,Standing,True,0.663,0.0,26.036
Kneeling,161,Standing,Standing,True,0.701,0.0,25.7805
Kneeling,162,Standing,Standing,True,0.73,0.0,23.5327
Kneeling,163,Standing,Standing,True,0.759,0.0,24.6815
Kneeling,164,Standing,Standing,True,0.796,0.0,31.4003
Kneeling,165,Standing,Standing,True,0.828,0.0,24.9338
Kneeling,166,Standing,Standing,True,0.854,0.0,24.7433
Kneeling,167,Standing,Standing,True,0.867,0.0,24.3109
Kneeling,168,Standing,Standing,True,0.879,0.0,24.4832
Kneeling,169,Standing,Standing,True,0.885,0.0,24.1616
Kneeling,170,Standing,Standing,True,0.885,0.0,32.8261
Kneeling,171,,Standing,,0.896,0.0,33.4932
Kneeling,172,,Standing,,0.903,0.0,43.8705
Kneeling,173,,Standing,,0.905,0.0,39.8998
Kneeling,174,,Standing,,0.912,0.0,44.6648
Kneeling,175,,Standing,,0.909,0.0,37.4078
Kneeling,176,,Standing,,0.93,0.0,30.0815
Kneeling,177,,Standing,,0.936,0.0,40.6582
Kneeling,178,,Standing,,0.945,0.0,44.5461
Kneeling,179,,Standing,,0.95,0.0,37.7373
Kneeling,180,,Standing,,0.972,0.0,39.4384
Kneeling,181,,Standing,,0.978,0.0,42.2633
Kneeling,182,,Standing,,0.97,0.0,28.7041
Kneeling,183,,Standing,,0.975,0.0,31.0696
Kneeling,184,,Standing,,0.992,0.0,32.9003
Kneeling,185,,Standing,,0.992,0.0,27.1027
Kneeling,186,,Standing,,0.992,0.0,24.9329
Kneeling,187,,Standing,,0.992,0.0,28.5778
Kneeling,188,,Standing,,0.994,0.0,27.5422
Kneeling,189,,Standing,,0.995,0.0,23.548
Kneeling,190,,Standing,,0.996,0.0,27.1947
LyingdownSlowly,31,,Standing,,0.904,0.0,24.8374
LyingdownSlowly,32,,Standing,,0.903,0.0,24.5629
LyingdownSlowly,33,,Standing,,0.902,0.0,25.3749
LyingdownSlowly,34,,Standing,,0.897,0.0,23.2207
LyingdownSlowly,35,,Standing,,0.886,0.0,27.2363
LyingdownSlowly,36,,Standing,,0.851,0.0,43.1146
LyingdownSlowly,37,,Standing,,0.786,0.0,26.7642
LyingdownSlowly,38,,Standing,,0.742,0.0,23.5963
LyingdownSlowly,39,,Standing,,0.715,0.0,23.7089
LyingdownSlowly,40,,Standing,,0.743,0.0,22.0131
LyingdownSlowly,41,,Standing,,0.73,0.0,21.7243
LyingdownSlowly,42,,Standing,,0.749,0.0,21.5328
LyingdownSlowly,43,,Standing,,0.721,0.0,22.6081
LyingdownSlowly,44,,Standing,,0.727,0.0,21.4536
LyingdownSlowly,45,,Standing,,0.703,0.0,21.1143
LyingdownSlowly,46,,Standing,,0.669,0.0,21.3177
LyingdownSlowly,47,,Standing,,0.577,0.0,21.1304
LyingdownSlowly,48,,Standing,,0.559,0.0,20.166
LyingdownSlowly,49,,Standing,,0.56,0.0,20.0044
LyingdownSlowly,50,,Standing,,0.568,0.0,20.5985
LyingdownSlowly,51,,Standing,,0.532,0.0,22.2376
LyingdownSlowly,52,,Standing,,0.456,0.0,23.1669
LyingdownSlowly,53,,Standing,,0.425,0.0,21.8764
LyingdownSlowly,54,,Standing,,0.366,0.0,21.3797
LyingdownSlowly,55,,Standing,,0.339,0.0,22.9953
LyingdownSlowly,56,,Standing,,0.3,0.0,24.4909
LyingdownSlowly,57,,Standing,,0.311,0.0,28.4601
LyingdownSlowly,58,,Lying,,0.303,0.0,23.4844
LyingdownSlowly,59,,Lying,,0.32,0.0,24.8743
LyingdownSlowly,60,,Lying,,0.331,0.0,24.0452
LyingdownSlowly,61,,Lying,,0.333,0.0,23.0432
LyingdownSlowly,62,,Lying,,0.333,0.0,23.6201
LyingdownSlowly,63,,Lying,,0.317,0.0,21.6515
LyingdownSlowly,64,,Lying,,0.316,0.0,21.9227
LyingdownSlowly,65,,Lying,,0.317,0.0,22.3941
LyingdownSlowly,66,,Lying,,0.306,0.0,21.1694
LyingdownSlowly,67,,Lying,,0.296,0.0,21.3259
LyingdownSlowly,68,,Lying,,0.291,0.0,20.7257
LyingdownSlowly,69,,Lying,,0.329,0.0,21.8876
LyingdownSlowly,70,,Lying,,0.314,0.0,21.6891
LyingdownSlowly,71,,Lying,,0.314,0.0,20.0699
LyingdownSlowly,72,,Sitting,,0.311,0.0,19.6936
LyingdownSlowly,73,,Sitting,,0.323,0.0,21.3576
LyingdownSlowly,74,,Sitting,,0.368,0.0,20.1447
LyingdownSlowly,75,,Sitting,,0.387,0.0,20.5702
LyingdownSlowly,76,,Sitting,,0.427,0.0,20.5255
LyingdownSlowly,77,,Sitting,,0.452,0.0,20.2212
LyingdownSlowly,78,,Sitting,,0.465,0.0,19.1967
LyingdownSlowly,79,,Sitting,,0.481,0.0,19.5229
LyingdownSlowly,80,,Sitting,,0.492,0.0,21.4506
LyingdownSlowly,81,,Sitting,,0.524,0.0,19.4704
LyingdownSlowly,82,,Sitting,,0.534,0.0,19.0565
LyingdownSlowly,83,,Sitting,,0.523,0.0,23.7407
LyingdownSlowly,84,,Sitting,,0.535,0.0,18.9527
LyingdownSlowly,85,,Sitting,,0.55,0.0,19.2104
LyingdownSlowly,86,,Sitting,,0.542,0.0,19.3291
LyingdownSlowly,87,,Sitting,,0.54,0.0,18.3574
LyingdownSlowly,88,,Sitting,,0.55,0.0,18.5196
LyingdownSlowly,89,,Sitting,,0.559,0.0,19.0646
LyingdownSlowly,90,,Sitting,,0.554,0.0,19.1977
LyingdownSlowly,91,,Sitting,,0.552,0.0,19.1467
LyingdownSlowly,92,,Sitting,,0.563,0.0,18.855
LyingdownSlowly,93,,Sitting,,0.53,0.0,20.8731
LyingdownSlowly,94,,Sitting,,0.517,0.0,28.9739
LyingdownSlowly,95,,Sitting,,0.465,0.0,30.3526
LyingdownSlowly,96,,Sitting,,0.424,0.0,30.8337
LyingdownSlowly,97,,Sitting,,0.401,0.0,27.733
LyingdownSlowly,98,,Sitting,,0.368,0.0,33.4855
LyingdownSlowly,99,,Sitting,,0.34,0.0,20.4667
LyingdownSlowly,100,,Lying,,0.333,0.0,25.3555
LyingdownSlowly,101,,Lying,,0.359,0.0,22.8557
LyingdownSlowly,102,,Lying,,0.383,0.0,25.2832
LyingdownSlowly,103,,Lying,,0.41,0.0,25.8482
LyingdownSlowly,104,,Lying,,0.443,0.0,30.0261
LyingdownSlowly,105,,Lying,,0.479,0.0,33.382
LyingdownSlowly,106,,Lying,,0.486,0.0,26.4681
LyingdownSlowly,107,,Lying,,0.51,0.0,22.4314
LyingdownSlowly,108,,Lying,,0.528,0.0,26.202
LyingdownSlowly,109,,Lying,,0.543,0.0,29.4095
LyingdownSlowly,110,,Lying,,0.55,0.0,27.1872
LyingdownSlowly,111,,Lying,,0.545,0.0,34.3447
LyingdownSlowly,112,,Lying,,0.559,0.0,23.1357
LyingdownSlowly,113,,Lying,,0.578,0.0,24.6673
LyingdownSlowly,114,,Lying,,0.589,0.0,30.8085
LyingdownSlowly,115,,Lying,,0.619,0.0,28.5784
LyingdownSlowly,116,,Lying,,0.614,0.0,26.0646
LyingdownSlowly,117,,Lying,,0.622,0.0,27.2147
LyingdownSlowly,118,Lying,Lying,True,0.636,0.0,24.7728
LyingdownSlowly,119,Lying,Lying,True,0.622,0.0,27.4725
LyingdownSlowly,120,Lying,Lying,True,0.622,0.0,31.4497
LyingdownSlowly,121,Lying,Lying,True,0.619,0.0,27.4185
LyingdownSlowly,122,Lying,Lying,True,0.597,0.0,26.3862
LyingdownSlowly,123,Lying,Lying,True,0.563,0.0,25.6157
LyingdownSlowly,124,Lying,Lying,True,0.503,0.0,25.9202
LyingdownSlowly,125,Lying,Lying,True,0.485,0.0,31.209
LyingdownSlowly,126,Lying,Lying,True,0.489,0.0,24.7804
LyingdownSlowly,127,Lying,Lying,True,0.543,0.0,28.19
LyingdownSlowly,128,Lying,Lying,True,0.534,0.0,27.6184
LyingdownSlowly,129,Lying,Lying,True,0.541,0.0,24.6342
LyingdownSlowly,130,Lying,Lying,True,0.557,0.0,23.5302
LyingdownSlowly,131,Lying,Lying,True,0.569,0.0,22.72
LyingdownSlowly,132,Lying,Lying,True,0.579,0.0,22.6082
LyingdownSlowly,133,Lying,Lying,True,0.586,0.0,21.3277
LyingdownSlowly,134,Lying,Lying,True,0.583,0.0,21.6817
LyingdownSlowly,135,Lying,Lying,True,0.592,0.0,22.4779
LyingdownSlowly,136,Lying,Lying,True,0.584,0.0,22.5108
LyingdownSlowly,137,Lying,Lying,True,0.587,0.0,22.6854
LyingdownSlowly,138,Lying,Lying,True,0.607,0.0,21.5697
LyingdownSlowly,139,Lying,Lying,True,0.588,0.0,21.1615
LyingdownSlowly,140,Lying,Lying,True,0.581,0.0,24.0763
LyingdownSlowly,141,Lying,Lying,True,0.562,0.0,23.137
LyingdownSlowly,142,Lying,Lying,True,0.563,0.0,21.5139
LyingdownSlowly,143,Lying,Lying,True,0.562,0.0,26.8091
LyingdownSlowly,144,Lying,Lying,True,0.558,0.0,25.7704
LyingdownSlowly,145,Lying,Lying,True,0.545,0.0,24.7347
LyingdownSlowly,146,Lying,Lying,True,0.546,0.0,20.5623
LyingdownSlowly,147,Lying,Lying,True,0.534,0.0,20.6519
LyingdownSlowly,148,Lying,Lying,True,0.506,0.0,19.9658
LyingdownSlowly,149,Lying,Lying,True,0.497,0.0,20.5838
LyingdownSlowly,150,Lying,Lying,True,0.487,0.0,19.3501
LyingdownSlowly,151,Lying,Lying,True,0.489,0.0,19.8523
LyingdownSlowly,152,Lying,Lying,True,0.5,0.0,22.8623
LyingdownSlowly,153,Lying,Lying,True,0.515,0.0,19.1275
LyingdownSlowly,154,Lying,Lying,True,0.496,0.0,19.927
LyingdownSlowly,155,Lying,Lying,True,0.512,0.0,19.1454
LyingdownSlowly,156,Lying,Lying,True,0.517,0.0,19.21
LyingdownSlowly,157,Lying,Lying,True,0.518,0.0,19.2959
LyingdownSlowly,158,Lying,Lying,True,0.497,0.0,20.4103
LyingdownSlowly,159,Lying,Lying,True,0.501,0.0,19.7047
LyingdownSlowly,160,Lying,Lying,True,0.515,0.0,19.0982
LyingdownSlowly,161,Lying,Lying,True,0.515,0.0,19.8638
LyingdownSlowly,162,Lying,Lying,True,0.506,0.0,19.1965
LyingdownSlowly,163,Lying,Lying,True,0.524,0.0,25.8562
LyingdownSlowly,164,Lying,Lying,True,0.547,0.0,30.5599
LyingdownSlowly,165,Lying,Lying,True,0.542,0.0,22.6086
LyingdownSlowly,166,Lying,Lying,True,0.557,0.0,24.8396
LyingdownSlowly,167,Lying,Lying,True,0.554,0.0,24.2773
LyingdownSlowly,168,Lying,Lying,True,0.574,0.0,23.7677
LyingdownSlowly,169,Lying,Lying,True,0.573,0.0,27.397
LyingdownSlowly,170,Lying,Lying,True,0.588,0.0,22.4268
LyingdownSlowly,171,Lying,Lying,True,0.576,0.0,25.7524
LyingdownSlowly,172,Lying,Lying,True,0.573,0.0,25.3761
LyingdownSlowly,173,Lying,Lying,True,0.582,0.0,26.5219
LyingdownSlowly,174,Lying,Lying,True,0.582,0.0,27.4877
LyingdownSlowly,175,Lying,Lying,True,0.576,0.0,24.0669
LyingdownSlowly,176,Lying,Lying,True,0.575,0.0,23.7402
LyingdownSlowly,177,Lying,Lying,True,0.566,0.0,27.9712
LyingdownSlowly,178,Lying,Lying,True,0.572,0.0,28.1145
LyingdownSlowly,179,Lying,Lying,True,0.57,0.0,27.0631
LyingdownSlowly,180,Lying,Lying,True,0.571,0.0,23.8368
LyingdownSlowly,181,Lying,Lying,True,0.566,0.0,24.6042
LyingdownSlowly,182,Lying,Lying,True,0.567,0.0,32.9309
LyingdownSlowly,183,Lying,Lying,True,0.576,0.0,40.1944
LyingdownSlowly,184,Lying,Lying,True,0.588,0.0,35.7077
LyingdownSlowly,185,Lying,Lying,True,0.571,0.0,27.4523
LyingdownSlowly,186,Lying,Lying,True,0.576,0.0,25.1943
LyingdownSlowly,187,Lying,Lying,True,0.576,0.0,24.1626
LyingdownSlowly,188,Lying,Lying,True,0.589,0.0,23.3809
LyingdownSlowly,189,Lying,Lying,True,0.581,0.0,22.8095
LyingdownSlowly,190,Lying,Lying,True,0.578,0.0,22.8448
LyingdownSlowly,191,Lying,Lying,True,0.584,0.0,22.3172
LyingdownSlowly,192,Lying,Lying,True,0.576,0.0,23.7768
LyingdownSlowly,193,Lying,Lying,True,0.569,0.0,21.2984
LyingdownSlowly,194,Lying,Lying,True,0.574,0.0,21.5249
LyingdownSlowly,195,Lying,Lying,True,0.566,0.0,21.8677
LyingdownSlowly,196,Lying,Lying,True,0.564,0.0,21.7541
LyingdownSlowly,197,Lying,Lying,True,0.554,0.0,21.2878
LyingdownSlowly,198,Lying,Lying,True,0.547,0.0,20.7544
LyingdownSlowly,199,Lying,Lying,True,0.545,0.0,22.2595
LyingdownSlowly,200,Lying,Lying,True,0.561,0.0,22.9183
LyingdownSlowly,201,Lying,Lying,True,0.547,0.0,21.3878
LyingdownSlowly,202,Lying,Lying,True,0.541,0.0,21.9047
LyingdownSlowly,203,Lying,Lying,True,0.546,0.0,22.4853
LyingdownSlowly,204,Lying,Lying,True,0.564,0.0,22.2973
LyingdownSlowly,205,Lying,Lying,True,0.563,0.0,20.2133
LyingdownSlowly,206,Lying,Lying,True,0.555,0.0,20.5657
LyingdownSlowly,207,Lying,Lying,True,0.547,0.0,20.5249
LyingdownSlowly,208,Lying,Lying,True,0.549,0.0,19.6611
LyingdownSlowly,209,Lying,Lying,True,0.561,0.0,19.9093
LyingdownSlowly,210,Lying,Lying,True,0.55,0.0,22.9988
LyingdownSlowly,211,Lying,Lying,True,0.554,0.0,19.9232
LyingdownSlowly,212,Lying,Lying,True,0.541,0.0,20.4104
LyingdownSlowly,213,Lying,Lying,True,0.551,0.0,20.3919
LyingdownSlowly,214,Lying,Lying,True,0.549,0.0,19.0455
LyingdownSlowly,215,Lying,Lying,True,0.56,0.0,27.8442
LyingdownSlowly,216,Lying,Lying,True,0.554,0.0,21.8692
LyingdownSlowly,217,Lying,Lying,True,0.564,0.0,21.9827
LyingdownSlowly,218,Lying,Lying,True,0.562,0.0,20.2138
LyingdownSlowly,219,Lying,Lying,True,0.556,0.0,18.9437
LyingdownSlowly,220,Lying,Lying,True,0.563,0.0,19.0377
LyingdownSlowly,221,Lying,Lying,True,0.549,0.0,19.9559
LyingdownSlowly,222,Lying,Lying,True,0.548,0.0,24.8388
LyingdownSlowly,223,Lying,Lying,True,0.555,0.0,20.6574
LyingdownSlowly,224,Lying,Lying,True,0.541,0.0,19.9706
LyingdownSlowly,225,Lying,Lying,True,0.548,0.0,19.6664
LyingdownSlowly,226,Lying,Lying,True,0.54,0.0,24.0799
LyingdownSlowly,227,Lying,Lying,True,0.555,0.0,23.5893
LyingdownSlowly,228,Lying,Lying,True,0.556,0.0,28.1762
LyingdownSlowly,229,Lying,Lying,True,0.557,0.0,26.5231
LyingdownSlowly,230,Lying,Lying,True,0.572,0.0,29.806
LyingdownSlowly,231,Lying,Lying,True,0.559,0.0,34.0826
LyingdownSlowly,232,Lying,Lying,True,0.574,0.0,36.2622
LyingdownSlowly,233,Lying,Lying,True,0.562,0.0,35.2494
LyingdownSlowly,234,Lying,Lying,True,0.557,0.0,38.8171
LyingdownSlowly,235,Lying,Lying,True,0.561,0.0,33.2305
LyingdownSlowly,236,,Lying,,0.566,0.0,30.076
LyingdownSlowly,237,,Lying,,0.545,0.0,27.3829
LyingdownSlowly,238,,Lying,,0.542,0.0,36.2265
LyingdownSlowly,239,,Lying,,0.559,0.0,36.1548
LyingdownSlowly,240,,Lying,,0.557,0.0,26.4011
LyingdownSlowly,241,,Lying,,0.542,0.0,34.2692
LyingdownSlowly,242,,Lying,,0.548,0.0,35.864
LyingdownSlowly,243,,Lying,,0.545,0.0,29.8997
LyingdownSlowly,244,,Lying,,0.551,0.0,30.3121
LyingdownSlowly,245,,Lying,,0.548,0.0,28.39
LyingdownSlowly,246,,Lying,,0.546,0.0,27.4296
LyingdownSlowly,247,,Lying,,0.533,0.0,33.375
LyingdownSlowly,248,,Lying,,0.547,0.0,36.2863
LyingdownSlowly,249,,Lying,,0.544,0.0,27.3549
LyingdownSlowly,250,,Lying,,0.54,0.0,32.9231
LyingdownSlowly,251,,Lying,,0.532,0.0,28.6005
LyingdownSlowly,252,,Lying,,0.538,0.0,30.253
LyingdownSlowly,253,,Lying,,0.54,0.0,30.1738
LyingdownSlowly,254,,Lying,,0.54,0.0,30.0817
LyingdownSlowly,255,,Lying,,0.529,0.0,30.4561
LyingdownSlowly,256,,Lying,,0.527,0.0,36.5179
LyingdownSlowly,257,,Lying,,0.526,0.0,45.2318
LyingdownSlowly,258,,Lying,,0.526,0.0,39.7684
LyingdownSlowly,259,,Lying,,0.528,0.0,30.1514
LyingdownSlowly,260,,Lying,,0.529,0.0,27.1515
LyingdownSlowly,261,,Lying,,0.545,0.0,28.3803
LyingdownSlowly,262,,Lying,,0.552,0.0,30.1375
LyingdownSlowly,263,,Lying,,0.561,0.0,32.0661
LyingdownSlowly,264,,Lying,,0.567,0.0,31.2153
LyingdownSlowly,265,,Lying,,0.588,0.0,27.2129
LyingdownSlowly,266,,Lying,,0.584,0.0,26.7839
LyingdownSlowly,267,,Lying,,0.586,0.0,24.4084
LyingdownSlowly,268,,Lying,,0.574,0.0,24.3163
LyingdownSlowly,269,,Lying,,0.576,0.0,24.2826
LyingdownSlowly,270,,Lying,,0.569,0.0,23.6095
LyingdownSlowly,271,,Lying,,0.552,0.0,22.7612
LyingdownSlowly,272,,Lying,,0.525,0.0,22.5859
LyingdownSlowly,273,,Lying,,0.49,0.0,22.9865
LyingdownSlowly,274,,Lying,,0.439,0.0,22.8078
LyingdownSlowly,275,,Lying,,0.394,0.0,21.6482
LyingdownSlowly,276,,Lying,,0.366,0.0,21.3098
LyingdownSlowly,277,,Lying,,0.332,0.0,23.2392
LyingdownSlowly,278,,Lying,,0.326,0.0,31.1852
LyingdownSlowly,279,,Lying,,0.331,0.0,31.6729
LyingdownSlowly,280,,Sitting,,0.34,0.0,25.0162
LyingdownSlowly,281,,Sitting,,0.35,0.0,23.9555
LyingdownSlowly,282,,Sitting,,0.348,0.0,22.7709
LyingdownSlowly,283,,Sitting,,0.359,0.0,23.5361
LyingdownSlowly,284,,Sitting,,0.371,0.0,25.8998
LyingdownSlowly,285,,Sitting,,0.388,0.0,25.6653
LyingdownSlowly,286,,Sitting,,0.402,0.0,29.6955
LyingdownSlowly,287,,Sitting,,0.442,0.0,22.3213
LyingdownSlowly,288,,Sitting,,0.463,0.0,22.1364
LyingdownSlowly,289,,Sitting,,0.471,0.0,22.5263
LyingdownSlowly,290,,Sitting,,0.481,0.0,34.2751
LyingdownSlowly,291,,Sitting,,0.504,0.0,33.2401
LyingdownSlowly,292,,Sitting,,0.501,0.0,27.0053
LyingdownSlowly,293,,Sitting,,0.512,0.0,23.2828
LyingdownSlowly,294,,Sitting,,0.509,0.0,24.7073
LyingdownSlowly,295,,Sitting,,0.53,0.0,22.2774
LyingdownSlowly,296,,Sitting,,0.526,0.0,24.8472
LyingdownSlowly,297,,Sitting,,0.525,0.0,21.9499
LyingdownSlowly,298,,Sitting,,0.516,0.0,22.3518
LyingdownSlowly,299,,Sitting,,0.511,0.0,22.9954
LyingdownSlowly,300,,Sitting,,0.513,0.0,23.7774
LyingdownSlowly,301,,Sitting,,0.517,0.0,22.8773
LyingdownSlowly,302,,Sitting,,0.517,0.0,22.1705
LyingdownSlowly,303,,Sitting,,0.52,0.0,25.5903
LyingdownSlowly,304,,Sitting,,0.535,0.0,29.2585
LyingdownSlowly,305,,Sitting,,0.537,0.0,31.9834
LyingdownSlowly,306,,Sitting,,0.54,0.0,31.0005
LyingdownSlowly,307,,Sitting,,0.541,0.0,32.8643
LyingdownSlowly,308,,Sitting,,0.54,0.0,32.7763
LyingdownSlowly,309,,Sitting,,0.535,0.0,30.9231
LyingdownSlowly,310,,Sitting,,0.538,0.0,40.0988
LyingdownSlowly,311,,Sitting,,0.538,0.0,42.6387
LyingdownSlowly,312,,Sitting,,0.544,0.0,52.1309
LyingdownSlowly,313,,Sitting,,0.578,0.0,51.2724
LyingdownSlowly,314,,Sitting,,0.595,0.0,57.846
LyingdownSlowly,315,,Sitting,,0.624,0.0,58.2374
LyingdownSlowly,316,,Sitting,,0.647,0.0,39.5199
LyingdownSlowly,317,,Sitting,,0.656,0.0,34.9066
LyingdownSlowly,318,,Sitting,,0.661,0.0,28.6675
LyingdownSlowly,319,,Sitting,,0.661,0.0,42.0634
LyingdownSlowly,320,,Sitting,,0.653,0.0,29.7385
LyingdownSlowly,321,,Sitting,,0.654,0.0,31.2416
LyingdownSlowly,322,,Sitting,,0.647,0.0,44.5022
LyingdownSlowly,323,,Sitting,,0.63,0.0,46.2553
LyingdownSlowly,324,,Sitting,,0.63,0.0,43.9738
LyingdownSlowly,325,,Sitting,,0.633,0.0,43.3473
LyingdownSlowly,326,,Sitting,,0.61,0.0,26.5198
LyingdownSlowly,327,,Sitting,,0.609,0.0,27.7013
LyingdownSlowly,328,,Sitting,,0.582,0.0,26.3014
LyingdownSlowly,329,,Sitting,,0.601,0.0,25.6988
LyingdownSlowly,330,,Sitting,,0.607,0.0,24.7379
LyingdownSlowly,331,,Sitting,,0.578,0.0,26.9651
LyingdownSlowly,332,,Sitting,,0.5,0.0,27.0715
LyingdownSlowly,333,,Sitting,,0.433,0.0,32.0392
LyingdownSlowly,334,,Sitting,,0.35,0.0,25.5373
LyingdownSlowly,335,,Sitting,,0.327,0.0,25.9039
LyingdownSlowly,336,,Sitting,,0.322,0.0,24.0155
LyingdownSlowly,337,,Sitting,,0.367,0.0,26.2022
LyingdownSlowly,338,,Sitting,,0.394,0.0,25.744
LyingdownSlowly,339,,Sitting,,0.412,0.0,26.0879
LyingdownSlowly,340,,Sitting,,0.403,0.0,26.2888
LyingdownSlowly,341,,Sitting,,0.421,0.0,25.8091
LyingdownSlowly,342,,Sitting,,0.478,0.0,25.3322
LyingdownSlowly,343,,Sitting,,0.487,0.0,23.9628
LyingdownSlowly,344,,Sitting,,0.52,0.0,24.5244
LyingdownSlowly,345,,Sitting,,0.471,0.0,25.7888
LyingdownSlowly,346,,Sitting,,0.417,0.0,29.0191
LyingdownSlowly,347,,Sitting,,0.368,0.0,25.5763
LyingdownSlowly,348,,Sitting,,0.337,0.0,33.2989
LyingdownSlowly,349,,Sitting,,0.308,0.0,28.8167
LyingdownSlowly,350,,Sitting,,0.281,0.0,28.1667
LyingdownSlowly,351,,Lying,,0.289,0.0,27.5016
LyingdownSlowly,352,,Lying,,0.325,0.0,27.6439
LyingdownSlowly,353,,Lying,,0.359,0.0,25.197
LyingdownSlowly,354,,Lying,,0.363,0.0,28.0127
LyingdownSlowly,355,,Lying,,0.377,0.0,25.293
LyingdownSlowly,356,,Lying,,0.374,0.0,25.4714
LyingdownSlowly,357,,Lying,,0.361,0.0,27.2554
LyingdownSlowly,358,,Standing,,0.383,0.0,24.2395
LyingdownSlowly,359,,Standing,,0.401,0.0,24.3776
LyingdownSlowly,360,,Standing,,0.419,0.0,24.7213
LyingdownSlowly,361,,Standing,,0.424,0.0,28.0746
LyingdownSlowly,362,,Standing,,0.453,0.0,23.8057
LyingdownSlowly,363,,Standing,,0.494,0.0,36.5544
LyingdownSlowly,364,,Standing,,0.483,0.0,36.0998
LyingdownSlowly,365,,Standing,,0.532,0.0,36.4579
LyingdownSlowly,366,,Standing,,0.546,0.0,38.9528
LyingdownSlowly,367,,Standing,,0.537,0.0,27.0006
LyingdownSlowly,368,,Standing,,0.559,0.0,39.6165
LyingdownSlowly,369,,Standing,,0.565,0.0,32.5035
LyingdownSlowly,370,,Standing,,0.548,0.0,25.2208
LyingdownSlowly,371,,Standing,,0.552,0.0,25.9737
LyingdownSlowly,372,,Standing,,0.562,0.0,24.4892
LyingdownSlowly,373,,Standing,,0.582,0.0,26.5738
LyingdownSlowly,374,,Standing,,0.568,0.0,26.0913
LyingdownSlowly,375,,Standing,,0.578,0.0,24.4451
LyingdownSlowly,376,,Standing,,0.586,0.0,24.9942
LyingdownSlowly,377,,Standing,,0.601,0.0,24.6873
LyingdownSlowly,378,,Standing,,0.623,0.0,26.0522
LyingdownSlowly,379,,Standing,,0.641,0.0,25.1137
LyingdownSlowly,380,,Standing,,0.669,0.0,23.6596
LyingdownSlowly,381,,Standing,,0.713,0.0,25.0231
Moving_in_out_frame,31,Standing,Standing,True,0.982,0.0,25.7116
Moving_in_out_frame,32,Standing,Standing,True,0.984,0.0,28.4401
Moving_in_out_frame,33,Standing,Standing,True,0.984,0.0,40.6789
Moving_in_out_frame,34,Standing,Standing,True,0.982,0.0,51.3539
Moving_in_out_frame,35,Standing,Standing,True,0.986,0.0,36.879
Moving_in_out_frame,36,Standing,Standing,True,0.983,0.0,36.4715
Moving_in_out_frame,37,Standing,Standing,True,0.979,0.0,30.1716
Moving_in_out_frame,38,Standing,Standing,True,0.984,0.0,36.2174
Moving_in_out_frame,39,Standing,Standing,True,0.984,0.0,35.595
Moving_in_out_frame,40,Standing,Standing,True,0.98,0.0,35.3466
Moving_in_out_frame,41,Standing,Standing,True,0.979,0.0,30.4889
Moving_in_out_frame,42,Standing,Standing,True,0.971,0.0,37.4946
Moving_in_out_frame,43,Standing,Standing,True,0.963,0.0,39.0562
Moving_in_out_frame,44,Standing,Standing,True,0.965,0.0,35.3579
Moving_in_out_frame,45,Standing,Standing,True,0.969,0.0,30.2771
Moving_in_out_frame,46,Standing,Standing,True,0.962,0.0,29.9713
Moving_in_out_frame,47,Standing,Standing,True,0.959,0.0,31.3877
Moving_in_out_frame,48,Standing,Standing,True,0.943,0.0,31.706
Moving_in_out_frame,49,Standing,Standing,True,0.924,0.0,30.7278
Moving_in_out_frame,50,Standing,Standing,True,0.921,0.0,40.0178
Moving_in_out_frame,51,Standing,Standing,True,0.903,0.0,40.4783
Moving_in_out_frame,52,Standing,Standing,True,0.917,0.0,39.2557
Moving_in_out_frame,53,Standing,Standing,True,0.925,0.0,37.2088
Moving_in_out_frame,54,Standing,Standing,True,0.932,0.0,44.8037
Moving_in_out_frame,55,Standing,Standing,True,0.924,0.0,44.4702
Moving_in_out_frame,56,Standing,Standing,True,0.925,0.0,34.7758
Moving_in_out_frame,57,Standing,Standing,True,0.923,0.0,36.0799
Moving_in_out_frame,58,Standing,Standing,True,0.913,0.0,40.9767
Moving_in_out_frame,59,Not in frame,Standing,False,0.915,0.0,32.4068
Moving_in_out_frame,60,Not in frame,Standing,False,0.903,0.0,31.1647
Moving_in_out_frame,61,Not in frame,Standing,False,0.913,0.0,36.2346
Moving_in_out_frame,62,Not in frame,Standing,False,0.897,0.0,34.8473
Moving_in_out_frame,63,Not in frame,Standing,False,0.9,0.0,26.4092
Moving_in_out_frame,64,Not in frame,Standing,False,0.884,0.0,28.5094
Moving_in_out_frame,65,Not in frame,Standing,False,0.876,0.0,34.8584
Moving_in_out_frame,66,Not in frame,Standing,False,0.869,0.0,37.1242
Moving_in_out_frame,67,Not in frame,Standing,False,0.871,0.0,37.5889
Moving_in_out_frame,68,Not in frame,Standing,False,0.884,0.0,30.6308
Moving_in_out_frame,69,Not in frame,Standing,False,0.884,0.0,27.642
Moving_in_out_frame,70,Not in frame,Standing,False,0.883,0.0,29.3359
Moving_in_out_frame,71,Not in frame,Standing,False,0.854,1.0,30.4064
Moving_in_out_frame,72,Not in frame,Standing,False,0.792,1.0,28.1588
Moving_in_out_frame,73,Not in frame,Standing,False,0.718,1.0,31.4073
Moving_in_out_frame,74,Not in frame,Standing,False,0.647,1.0,32.2109
Moving_in_out_frame,75,Not in frame,Standing,False,0.562,1.0,39.3107
Moving_in_out_frame,76,Not in frame,Standing,False,0.467,0.0,32.3338
Moving_in_out_frame,77,Not in frame,Standing,False,0.331,0.0,31.1436
Moving_in_out_frame,78,Not in frame,Lying,False,0.252,0.0,35.2526
Moving_in_out_frame,79,Not in frame,Lying,False,0.331,0.0,38.1135
Moving_in_out_frame,80,Not in frame,Lying,False,0.416,0.0,41.8744
Moving_in_out_frame,81,Not in frame,Lying,False,0.47,0.0,41.7196
Moving_in_out_frame,82,Not in frame,Lying,False,0.519,0.0,46.9259
Moving_in_out_frame,83,Not in frame,Lying,False,0.546,0.0,54.1997
Moving_in_out_frame,84,Not in frame,Lying,False,0.594,0.0,44.3901
Moving_in_out_frame,85,Not in frame,Lying,False,0.619,0.0,47.2309
Moving_in_out_frame,86,Not in frame,Lying,False,0.633,0.0,52.6012
Moving_in_out_frame,87,Not in frame,Lying,False,0.665,0.0,57.7744
Moving_in_out_frame,88,Not in frame,Lying,False,0.663,0.0,43.5072
Moving_in_out_frame,89,Not in frame,Lying,False,0.69,0.0,34.7977
Moving_in_out_frame,90,Not in frame,Lying,False,0.684,0.0,37.6239
Moving_in_out_frame,91,Not in frame,Lying,False,0.694,0.0,37.3387
Moving_in_out_frame,92,Not in frame,Lying,False,0.712,0.0,38.4865
Moving_in_out_frame,93,Not in frame,Lying,False,0.712,0.0,31.3871
Moving_in_out_frame,94,Not in frame,Lying,False,0.716,0.0,38.889
Moving_in_out_frame,95,Not in frame,Lying,False,0.742,0.0,33.9113
Moving_in_out_frame,96,Not in frame,Lying,False,0.748,0.0,45.0786
Moving_in_out_frame,97,Not in frame,Lying,False,0.782,0.0,28.0295
Moving_in_out_frame,98,Not in frame,Lying,False,0.767,0.0,30.8458
Moving_in_out_frame,99,Not in frame,Lying,False,0.776,0.0,26.0234
Moving_in_out_frame,100,Not in frame,Lying,False,0.837,0.0,28.9902
Moving_in_out_frame,101,Not in frame,Lying,False,0.834,0.0,27.0155
Moving_in_out_frame,102,Not in frame,Lying,False,0.844,0.0,25.9194
Moving_in_out_frame,103,Not in frame,Lying,False,0.862,0.0,31.562
Moving_in_out_frame,104,Not in frame,Lying,False,0.865,0.0,40.4541
Moving_in_out_frame,105,Not in frame,Lying,False,0.891,0.0,27.2926
Moving_in_out_frame,106,Not in frame,Lying,False,0.883,0.0,25.862
Moving_in_out_frame,107,Not in frame,Lying,False,0.88,0.0,25.5261
Moving_in_out_frame,108,Not in frame,Lying,False,0.892,0.0,31.9459
Moving_in_out_frame,109,Not in frame,Lying,False,0.886,0.0,27.9392
Moving_in_out_frame,110,Not in frame,Lying,False,0.868,0.0,27.0815
Moving_in_out_frame,111,Not in frame,Lying,False,0.891,0.0,25.6996
Moving_in_out_frame,112,Not in frame,Lying,False,0.896,0.0,26.0237
Moving_in_out_frame,113,Not in frame,Lying,False,0.88,0.0,26.1035
Moving_in_out_frame,114,Not in frame,Lying,False,0.872,0.0,24.2096
Moving_in_out_frame,115,Not in frame,Lying,False,0.87,0.0,24.9303
Moving_in_out_frame,116,Not in frame,Lying,False,0.878,0.0,23.7335
Moving_in_out_frame,117,Standing,Lying,False,0.9,0.0,24.2878
Moving_in_out_frame,118,Standing,Lying,False,0.892,0.0,24.281
Moving_in_out_frame,119,Standing,Lying,False,0.866,0.0,25.8496
Moving_in_out_frame,120,Standing,Lying,False,0.891,0.0,25.556
Moving_in_out_frame,121,Standing,Lying,False,0.89,0.0,24.2309
Moving_in_out_frame,122,Standing,Lying,False,0.87,0.0,25.9594
Moving_in_out_frame,123,Standing,Lying,False,0.887,0.0,36.8103
Moving_in_out_frame,124,Standing,Lying,False,0.889,0.0,25.1408
Moving_in_out_frame,125,Standing,Lying,False,0.869,0.0,37.0142
Moving_in_out_frame,126,Standing,Lying,False,0.886,0.0,43.1607
Moving_in_out_frame,127,Standing,Lying,False,0.872,0.0,42.4316
Moving_in_out_frame,128,Standing,Lying,False,0.886,0.0,31.5189
Moving_in_out_frame,129,Standing,Lying,False,0.871,0.0,42.5947
Moving_in_out_frame,130,Standing,Lying,False,0.882,0.0,37.1207
Moving_in_out_frame,131,Standing,Lying,False,0.858,0.0,37.0964
Moving_in_out_frame,132,Standing,Lying,False,0.88,0.0,34.9046
Moving_in_out_frame,133,Standing,Lying,False,0.864,0.0,46.0681
Moving_in_out_frame,134,Standing,Lying,False,0.885,0.0,46.7187
Moving_in_out_frame,135,Standing,Lying,False,0.872,0.0,45.4743
Moving_in_out_frame,136,Standing,Lying,False,0.88,0.0,37.4358
Moving_in_out_frame,137,Standing,Lying,False,0.89,0.0,31.0646
Moving_in_out_frame,138,Standing,Lying,False,0.894,0.0,37.4916
Moving_in_out_frame,139,Standing,Lying,False,0.907,0.0,38.0725
Moving_in_out_frame,140,Standing,Lying,False,0.899,0.0,37.6601
Moving_in_out_frame,141,Standing,Lying,False,0.886,0.0,48.7541
Moving_in_out_frame,142,Standing,Lying,False,0.878,0.0,49.005
Moving_in_out_frame,143,Standing,Lying,False,0.881,0.0,51.8932
Moving_in_out_frame,144,Standing,Lying,False,0.886,0.0,35.6924
Moving_in_out_frame,145,Standing,Lying,False,0.86,0.0,36.1821
Moving_in_out_frame,146,Standing,Lying,False,0.881,0.0,29.4472
Moving_in_out_frame,147,Standing,Lying,False,0.874,0.0,28.2848
Moving_in_out_frame,148,Standing,Lying,False,0.876,0.0,34.67
Moving_in_out_frame,149,Standing,Lying,False,0.885,0.0,40.2578
Moving_in_out_frame,150,Standing,Lying,False,0.9,0.0,41.7299
Moving_in_out_frame,151,Standing,Lying,False,0.895,0.0,40.0402
Moving_in_out_frame,152,Standing,Lying,False,0.898,0.0,36.5636
Moving_in_out_frame,153,Standing,Lying,False,0.883,0.0,33.6605
Moving_in_out_frame,154,Standing,Lying,False,0.885,0.0,36.3581
Moving_in_out_frame,155,Standing,Lying,False,0.882,0.0,45.9058
Moving_in_out_frame,156,Standing,Lying,False,0.886,0.0,29.9196
Moving_in_out_frame,157,Standing,Lying,False,0.886,0.0,30.3345
Moving_in_out_frame,158,Standing,Lying,False,0.895,0.0,34.0442
Moving_in_out_frame,159,Standing,Lying,False,0.885,0.0,38.6833
Moving_in_out_frame,160,Standing,Lying,False,0.883,0.0,34.4711
Moving_in_out_frame,161,Standing,Lying,False,0.88,0.0,32.9384
Moving_in_out_frame,162,Standing,Lying,False,0.879,0.0,29.0539
Moving_in_out_frame,163,Standing,Lying,False,0.879,0.0,28.269
Moving_in_out_frame,164,Standing,Lying,False,0.876,0.0,32.5098
Moving_in_out_frame,165,Standing,Lying,False,0.854,0.0,31.9738
Moving_in_out_frame,166,Standing,Lying,False,0.877,0.0,43.2544
Moving_in_out_frame,167,Standing,Lying,False,0.865,1.0,46.1579
Moving_in_out_frame,168,Standing,Lying,False,0.805,0.0,26.8921
Moving_in_out_frame,169,Standing,Lying,False,0.71,0.0,26.4708
Moving_in_out_frame,170,Standing,Lying,False,0.644,0.0,29.5162
Moving_in_out_frame,171,Standing,Lying,False,0.617,0.0,26.9521
Moving_in_out_frame,172,Standing,Lying,False,0.589,0.0,24.9588
Moving_in_out_frame,173,Standing,Lying,False,0.537,0.0,29.7174
Moving_in_out_frame,174,Standing,Lying,False,0.512,0.0,26.2623
Moving_in_out_frame,175,Standing,Lying,False,0.458,0.0,25.7447
Moving_in_out_frame,176,Standing,Lying,False,0.45,0.0,33.4647
Moving_in_out_frame,177,Standing,Lying,False,0.414,0.0,30.0167
Moving_in_out_frame,178,Standing,Standing,True,0.407,0.0,26.303
Moving_in_out_frame,179,Standing,Standing,True,0.432,0.0,26.5617
Moving_in_out_frame,180,Standing,Standing,True,0.458,0.0,25.0708
Moving_in_out_frame,181,Standing,Standing,True,0.523,0.0,26.5642
Moving_in_out_frame,182,Standing,Standing,True,0.561,0.0,29.4063
Moving_in_out_frame,183,Standing,Standing,True,0.558,0.0,29.1351
Moving_in_out_frame,184,Standing,Standing,True,0.564,0.0,24.6904
Moving_in_out_frame,185,Standing,Standing,True,0.558,0.0,27.1483
Moving_in_out_frame,186,Standing,Standing,True,0.598,0.0,25.5807
Moving_in_out_frame,187,Standing,Standing,True,0.604,0.0,26.1951
Moving_in_out_frame,188,Standing,Standing,True,0.634,0.0,27.4729
Moving_in_out_frame,189,Standing,Standing,True,0.642,0.0,26.2565
Moving_in_out_frame,190,Standing,Standing,True,0.665,0.0,23.8971
Moving_in_out_frame,191,Standing,Standing,True,0.648,0.0,27.2144
Moving_in_out_frame,192,Standing,Standing,True,0.684,0.0,24.3041
Moving_in_out_frame,193,Standing,Standing,True,0.7,0.0,25.4986
Moving_in_out_frame,194,Standing,Standing,True,0.768,0.0,31.3374
Moving_in_out_frame,195,Standing,Standing,True,0.786,0.0,27.16
Moving_in_out_frame,196,Standing,Standing,True,0.808,0.0,27.8504
Moving_in_out_frame,197,Standing,Standing,True,0.95,0.0,23.9853
Moving_in_out_frame,198,Standing,Standing,True,0.97,0.0,24.6698
Moving_in_out_frame,199,Standing,Standing,True,0.979,0.0,24.7116
Moving_in_out_frame,200,Standing,Standing,True,0.981,0.0,24.0364
Moving_in_out_frame,201,Standing,Standing,True,0.981,0.0,25.2152
Moving_in_out_frame,202,Standing,Standing,True,0.979,0.0,23.3907
Moving_in_out_frame,203,Standing,Standing,True,0.982,0.0,24.1272
Moving_in_out_frame,204,Standing,Standing,True,0.991,0.0,23.5682
Moving_in_out_frame,205,Standing,Standing,True,0.994,0.0,25.3339
Moving_in_out_frame,206,,Standing,,0.993,0.0,24.1351
Moving_in_out_frame,207,,Standing,,0.991,0.0,37.2137
Moving_in_out_frame,208,,Standing,,0.99,0.0,32.2254
Moving_in_out_frame,209,,Standing,,0.99,0.0,37.5371
Moving_in_out_frame,210,,Standing,,0.99,0.0,33.1478
Moving_in_out_frame_withFall,31,Standing,Standing,True,0.84,1.0,36.2705
Moving_in_out_frame_withFall,32,Standing,Standing,True,0.793,1.0,23.0834
Moving_in_out_frame_withFall,33,Standing,Standing,True,0.689,1.0,22.6492
Moving_in_out_frame_withFall,34,Standing,Standing,True,0.652,1.0,22.0893
Moving_in_out_frame_withFall,35,Standing,Standing,True,0.596,1.0,22.4231
Moving_in_out_frame_withFall,36,Standing,Standing,True,0.51,1.0,21.7987
Moving_in_out_frame_withFall,37,Standing,Standing,True,0.419,1.0,25.3419
Moving_in_out_frame_withFall,38,Standing,Standing,True,0.368,1.0,26.8946
Moving_in_out_frame_withFall,39,Standing,Unknown,False,0.318,1.0,24.9944
Moving_in_out_frame_withFall,40,Standing,Unknown,False,0.324,1.0,26.242
Moving_in_out_frame_withFall,41,Standing,Unknown,False,0.337,1.0,23.8579
Moving_in_out_frame_withFall,42,Standing,Lying,False,0.333,1.0,22.9265
Moving_in_out_frame_withFall,43,Standing,Unknown,False,0.345,1.0,26.9703
Moving_in_out_frame_withFall,44,Standing,Unknown,False,0.358,1.0,24.1354
Moving_in_out_frame_withFall,45,Standing,Unknown,False,0.367,1.0,25.026
Moving_in_out_frame_withFall,46,Standing,Unknown,False,0.386,1.0,29.4242
Moving_in_out_frame_withFall,47,Standing,Unknown,False,0.42,1.0,24.3656
Moving_in_out_frame_withFall,48,Standing,Unknown,False,0.423,1.0,23.1839
Moving_in_out_frame_withFall,49,Standing,Unknown,False,0.448,1.0,23.0797
Moving_in_out_frame_withFall,50,Not in frame,Unknown,False,0.459,1.0,23.056
Moving_in_out_frame_withFall,51,Not in frame,Unknown,False,0.501,1.0,28.2106
Moving_in_out_frame_withFall,52,Not in frame,Unknown,False,0.479,1.0,23.0829
Moving_in_out_frame_withFall,53,Not in frame,Unknown,False,0.481,1.0,24.945
Moving_in_out_frame_withFall,54,Not in frame,Unknown,False,0.495,1.0,24.0034
Moving_in_out_frame_withFall,55,Not in frame,Unknown,False,0.483,1.0,23.3061
Moving_in_out_frame_withFall,56,Not in frame,Unknown,False,0.468,1.0,25.7469
Moving_in_out_frame_withFall,57,Not in frame,Unknown,False,0.464,1.0,23.0842
Moving_in_out_frame_withFall,58,Not in frame,Unknown,False,0.482,1.0,24.4837
Moving_in_out_frame_withFall,59,Not in frame,Unknown,False,0.507,1.0,24.9057
Moving_in_out_frame_withFall,60,Not in frame,Lying,False,0.495,1.0,24.162
Moving_in_out_frame_withFall,61,Not in frame,Lying,False,0.495,1.0,22.6325
Moving_in_out_frame_withFall,62,Not in frame,Lying,False,0.495,1.0,25.4643
Moving_in_out_frame_withFall,63,Not in frame,Lying,False,0.495,1.0,27.7169
Moving_in_out_frame_withFall,64,Not in frame,Lying,False,0.495,1.0,28.6214
Moving_in_out_frame_withFall,65,Not in frame,Lying,False,0.495,1.0,26.4324
Moving_in_out_frame_withFall,66,Not in frame,Lying,False,0.495,1.0,30.0413
Moving_in_out_frame_withFall,67,Not in frame,Lying,False,0.495,1.0,30.1361
Moving_in_out_frame_withFall,68,Not in frame,Lying,False,0.495,1.0,27.5226
Moving_in_out_frame_withFall,69,Not in frame,Lying,False,0.495,1.0,24.8878
Moving_in_out_frame_withFall,70,Not in frame,Lying,False,0.495,1.0,26.8728
Moving_in_out_frame_withFall,71,Not in frame,Lying,False,0.495,1.0,24.8673
Moving_in_out_frame_withFall,72,Not in frame,Lying,False,0.495,1.0,24.525
Moving_in_out_frame_withFall,73,Not in frame,Lying,False,0.495,1.0,24.8104
Moving_in_out_frame_withFall,74,Not in frame,Lying,False,0.495,1.0,24.6402
Moving_in_out_frame_withFall,75,Not in frame,Lying,False,0.495,1.0,26.6125
Moving_in_out_frame_withFall,76,Not in frame,Lying,False,0.495,1.0,25.237
Moving_in_out_frame_withFall,77,Not in frame,Lying,False,0.495,1.0,24.6274
Moving_in_out_frame_withFall,78,Not in frame,Lying,False,0.495,1.0,24.9263
Moving_in_out_frame_withFall,79,Not in frame,Lying,False,0.495,1.0,22.9885
Moving_in_out_frame_withFall,80,Not in frame,Lying,False,0.495,1.0,24.6272
Moving_in_out_frame_withFall,81,Not in frame,Lying,False,0.495,1.0,25.1411
Moving_in_out_frame_withFall,82,Not in frame,Lying,False,0.495,1.0,26.6672
Moving_in_out_frame_withFall,83,Not in frame,Lying,False,0.495,1.0,25.0312
Moving_in_out_frame_withFall,84,Not in frame,Lying,False,0.495,1.0,23.5935
Moving_in_out_frame_withFall,85,Not in frame,Lying,False,0.495,1.0,24.928
Moving_in_out_frame_withFall,86,,Lying,,0.495,1.0,27.9084
Moving_in_out_frame_withFall,87,,Lying,,0.495,1.0,30.4713
Moving_in_out_frame_withFall,88,Standing,Lying,False,0.495,1.0,29.3663
Moving_in_out_frame_withFall,89,Standing,Lying,False,0.495,1.0,34.9683
Moving_in_out_frame_withFall,90,Standing,Lying,False,0.495,1.0,36.7312
Moving_in_out_frame_withFall,91,Standing,Lying,False,0.495,1.0,29.8493
Moving_in_out_frame_withFall,92,Standing,Lying,False,0.495,1.0,25.2012
Moving_in_out_frame_withFall,93,Standing,Lying,False,0.495,1.0,24.0621
Moving_in_out_frame_withFall,94,Standing,Lying,False,0.495,1.0,29.271
Moving_in_out_frame_withFall,95,Standing,Lying,False,0.495,1.0,27.9007
Moving_in_out_frame_withFall,96,Standing,Lying,False,0.495,1.0,40.8964
Moving_in_out_frame_withFall,97,Standing,Lying,False,0.495,1.0,32.533
Moving_in_out_frame_withFall,98,Standing,Lying,False,0.495,1.0,40.6515
Moving_in_out_frame_withFall,99,Standing,Lying,False,0.495,1.0,47.7592
Moving_in_out_frame_withFall,100,Standing,Lying,False,0.495,1.0,50.2379
Moving_in_out_frame_withFall,101,Standing,Lying,False,0.495,1.0,47.9804
Moving_in_out_frame_withFall,102,Standing,Lying,False,0.495,1.0,38.0674
Moving_in_out_frame_withFall,103,Standing,Lying,False,0.495,1.0,37.9592
Moving_in_out_frame_withFall,104,Standing,Unknown,False,0.614,0.0,41.0224
Moving_in_out_frame_withFall,105,Standing,Unknown,False,0.62,0.0,30.0174
Moving_in_out_frame_withFall,106,Standing,Unknown,False,0.616,0.0,30.6029
Moving_in_out_frame_withFall,107,Standing,Unknown,False,0.541,0.0,36.6306
Moving_in_out_frame_withFall,108,Standing,Lying,False,0.384,0.0,38.3968
Moving_in_out_frame_withFall,109,,Lying,,0.414,0.0,28.654
Moving_in_out_frame_withFall,110,,Lying,,0.429,0.0,29.841
Moving_in_out_frame_withFall,111,,Lying,,0.457,0.0,28.192
Moving_in_out_frame_withFall,112,,Lying,,0.47,0.0,30.5665
Moving_in_out_frame_withFall,113,,Lying,,0.488,0.0,47.4101
Moving_in_out_frame_withFall,114,,Lying,,0.494,0.0,33.2466
Moving_in_out_frame_withFall,115,,Lying,,0.509,0.0,29.6604
Moving_in_out_frame_withFall,116,,Lying,,0.483,0.0,34.2205
Moving_in_out_frame_withFall,117,,Lying,,0.487,0.0,26.8697
Moving_in_out_frame_withFall,118,,Lying,,0.482,0.0,37.1643
Moving_in_out_frame_withFall,119,,Lying,,0.476,0.0,32.6267
Moving_in_out_frame_withFall,120,,Lying,,0.456,0.0,30.5759
Moving_in_out_frame_withFall,121,,Lying,,0.463,0.0,24.8568
Moving_in_out_frame_withFall,122,,Lying,,0.456,0.0,25.8797
Moving_in_out_frame_withFall,123,,Lying,,0.457,0.0,25.0282
Moving_in_out_frame_withFall,124,,Lying,,0.438,0.0,24.7033
Moving_in_out_frame_withFall,125,,Lying,,0.418,0.0,25.9165
Moving_in_out_frame_withFall,126,,Lying,,0.418,0.0,24.8972
Moving_in_out_frame_withFall,127,,Standing,,0.387,0.0,26.6756
Moving_in_out_frame_withFall,128,,Standing,,0.424,0.0,24.5391
Moving_in_out_frame_withFall,129,,Standing,,0.46,0.0,28.4533
Moving_in_out_frame_withFall,130,,Standing,,0.494,0.0,30.9202
Moving_in_out_frame_withFall,131,,Standing,,0.466,0.0,26.1579
Moving_in_out_frame_withFall,132,,Standing,,0.509,0.0,25.9119
Moving_in_out_frame_withFall,133,,Standing,,0.488,0.0,25.0893
Moving_in_out_frame_withFall,134,,Standing,,0.493,0.0,35.9646
Moving_in_out_frame_withFall,135,,Standing,,0.533,0.0,26.4556
Moving_in_out_frame_withFall,136,,Standing,,0.505,0.0,25.6807
Moving_in_out_frame_withFall,137,,Standing,,0.534,0.0,28.7744
Moving_in_out_frame_withFall,138,,Standing,,0.53,0.0,26.3704
Moving_in_out_frame_withFall,139,,Standing,,0.531,0.0,24.9552
Moving_in_out_frame_withFall,140,,Standing,,0.505,0.0,24.5294
Moving_in_out_frame_withFall,141,,Standing,,0.515,0.0,23.9471
Moving_in_out_frame_withFall,142,,Standing,,0.486,0.0,30.8987
Moving_in_out_frame_withFall,143,,Standing,,0.457,0.0,33.2005
Moving_in_out_frame_withFall,144,,Standing,,0.438,0.0,29.891
Moving_in_out_frame_withFall,145,,Standing,,0.428,0.0,24.8948
Moving_in_out_frame_withFall,146,Lying,Standing,False,0.391,0.0,28.9926
Moving_in_out_frame_withFall,147,Lying,Standing,False,0.329,0.0,29.0023
Moving_in_out_frame_withFall,148,Lying,Standing,False,0.301,0.0,23.6766
Moving_in_out_frame_withFall,149,Lying,Sitting,False,0.242,1.0,28.1464
Moving_in_out_frame_withFall,150,Lying,Unknown,False,0.224,0.0,32.4056
Moving_in_out_frame_withFall,151,Lying,Lying,True,0.288,0.0,30.7111
Moving_in_out_frame_withFall,152,Lying,Lying,True,0.365,0.0,38.3538
Moving_in_out_frame_withFall,153,Lying,Lying,True,0.409,0.0,32.1746
Moving_in_out_frame_withFall,154,Lying,Lying,True,0.467,0.0,26.9596
Moving_in_out_frame_withFall,155,Lying,Lying,True,0.511,0.0,32.0352
Moving_in_out_frame_withFall,156,Lying,Lying,True,0.553,0.0,29.9428
Moving_in_out_frame_withFall,157,Lying,Lying,True,0.571,0.0,26.2288
Moving_in_out_frame_withFall,158,Lying,Lying,True,0.55,0.0,26.757
Moving_in_out_frame_withFall,159,Lying,Lying,True,0.56,0.0,31.5134
Moving_in_out_frame_withFall,160,Lying,Lying,True,0.537,0.0,27.7388
Moving_in_out_frame_withFall,161,Lying,Lying,True,0.524,1.0,26.1357
Moving_in_out_frame_withFall,162,Lying,Lying,True,0.456,1.0,25.2471
Moving_in_out_frame_withFall,163,Lying,Lying,True,0.469,1.0,23.8942
Moving_in_out_frame_withFall,164,Lying,Lying,True,0.44,1.0,24.7106
Moving_in_out_frame_withFall,165,Lying,Lying,True,0.468,1.0,23.6096
Moving_in_out_frame_withFall,166,Lying,Lying,True,0.438,0.0,24.1048
Moving_in_out_frame_withFall,167,Lying,Lying,True,0.425,0.0,22.4336
Moving_in_out_frame_withFall,168,Lying,Lying,True,0.431,1.0,24.2387
Moving_in_out_frame_withFall,169,Lying,Lying,True,0.456,1.0,23.2414
Moving_in_out_frame_withFall,170,Lying,Lying,True,0.462,1.0,22.9011
Moving_in_out_frame_withFall,171,Lying,Lying,True,0.467,1.0,40.1908
Moving_in_out_frame_withFall,172,Lying,Lying,True,0.487,1.0,28.064
Moving_in_out_frame_withFall,173,Lying,Lying,True,0.478,1.0,31.476
Moving_in_out_frame_withFall,174,Lying,Lying,True,0.483,0.0,23.0498
Moving_in_out_frame_withFall,175,Lying,Lying,True,0.43,0.0,22.7494
Moving_in_out_frame_withFall,176,Lying,Lying,True,0.45,0.0,21.6823
Moving_in_out_frame_withFall,177,Lying,Lying,True,0.428,1.0,22.045
Moving_in_out_frame_withFall,178,Lying,Lying,True,0.477,1.0,21.5978
Moving_in_out_frame_withFall,179,Lying,Lying,True,0.473,1.0,30.6914
Moving_in_out_frame_withFall,180,Lying,Lying,True,0.49,1.0,30.6399
Moving_in_out_frame_withFall,181,Lying,Lying,True,0.494,0.0,22.6767
Moving_in_out_frame_withFall,182,Lying,Lying,True,0.514,1.0,20.9092
Moving_in_out_frame_withFall,183,Lying,Lying,True,0.525,0.0,21.976
Moving_in_out_frame_withFall,184,Lying,Lying,True,0.57,0.0,21.629
Moving_in_out_frame_withFall,185,Lying,Lying,True,0.575,0.0,21.021
Moving_in_out_frame_withFall,186,Lying,Lying,True,0.583,0.0,21.1543
Moving_in_out_frame_withFall,187,Lying,Lying,True,0.584,1.0,20.5946
Moving_in_out_frame_withFall,188,Lying,Lying,True,0.553,0.0,21.2248
Moving_in_out_frame_withFall,189,Lying,Lying,True,0.604,0.0,25.8391
Moving_in_out_frame_withFall,190,Lying,Lying,True,0.604,0.0,21.0769
Moving_in_out_frame_withFall,191,Lying,Lying,True,0.621,0.0,20.5817
Moving_in_out_frame_withFall,192,Lying,Lying,True,0.683,0.0,24.202
Moving_in_out_frame_withFall,193,Lying,Lying,True,0.693,0.0,21.2494
Moving_in_out_frame_withFall,194,Lying,Lying,True,0.705,1.0,21.8665
Moving_in_out_frame_withFall,195,Lying,Lying,True,0.619,0.0,20.5322
Moving_in_out_frame_withFall,196,Lying,Lying,True,0.572,0.0,20.7613
Moving_in_out_frame_withFall,197,Lying,Lying,True,0.532,0.0,20.2194
Moving_in_out_frame_withFall,198,Lying,Lying,True,0.456,0.0,20.8942
Moving_in_out_frame_withFall,199,Lying,Lying,True,0.381,0.0,20.5253
Moving_in_out_frame_withFall,200,Lying,Lying,True,0.353,0.0,20.9787
Moving_in_out_frame_withFall,201,Lying,Lying,True,0.327,0.0,20.8953
Moving_in_out_frame_withFall,202,Lying,Sitting,False,0.328,0.0,21.0666
Moving_in_out_frame_withFall,203,Lying,Sitting,False,0.365,0.0,22.3547
Moving_in_out_frame_withFall,204,Lying,Sitting,False,0.339,0.0,20.3387
Moving_in_out_frame_withFall,205,,Sitting,,0.336,0.0,21.6654
Moving_in_out_frame_withFall,206,,Sitting,,0.326,0.0,19.9172
Moving_in_out_frame_withFall,207,,Sitting,,0.342,0.0,21.081
Moving_in_out_frame_withFall,208,,Sitting,,0.377,0.0,20.3835
Moving_in_out_frame_withFall,209,,Sitting,,0.317,0.0,20.0368
Moving_in_out_frame_withFall,210,,Sitting,,0.338,0.0,19.7443
Moving_in_out_frame_withFall,211,,Sitting,,0.375,0.0,20.793
Moving_in_out_frame_withFall,212,,Sitting,,0.302,0.0,21.2937
Moving_in_out_frame_withFall,213,,Lying,,0.31,0.0,20.6309
Moving_in_out_frame_withFall,214,,Sitting,,0.297,0.0,20.4687
Moving_in_out_frame_withFall,215,,Sitting,,0.299,0.0,22.9872
Moving_in_out_frame_withFall,216,,Sitting,,0.298,0.0,20.9932
Moving_in_out_frame_withFall,217,,Sitting,,0.348,0.0,26.6802
Sit_Stand_AnklesInvisible,31,Sitting,Standing,False,0.879,0.0,30.8325
Sit_Stand_AnklesInvisible,32,Sitting,Standing,False,0.893,0.0,31.3765
Sit_Stand_AnklesInvisible,33,Sitting,Standing,False,0.891,0.0,29.8604
Sit_Stand_AnklesInvisible,34,Sitting,Standing,False,0.891,0.0,30.5168
Sit_Stand_AnklesInvisible,35,Sitting,Standing,False,0.884,0.0,25.65
Sit_Stand_AnklesInvisible,36,Sitting,Standing,False,0.84,0.0,20.1755
Sit_Stand_AnklesInvisible,37,Sitting,Standing,False,0.842,0.0,19.9304
Sit_Stand_AnklesInvisible,38,Sitting,Standing,False,0.808,0.0,19.714
Sit_Stand_AnklesInvisible,39,Sitting,Standing,False,0.773,0.0,24.4484
Sit_Stand_AnklesInvisible,40,Sitting,Standing,False,0.771,0.0,22.9949
Sit_Stand_AnklesInvisible,41,Sitting,Standing,False,0.76,0.0,21.1966
Sit_Stand_AnklesInvisible,42,Sitting,Standing,False,0.761,0.0,23.9262
Sit_Stand_AnklesInvisible,43,Sitting,Standing,False,0.772,0.0,20.401
Sit_Stand_AnklesInvisible,44,Sitting,Standing,False,0.803,0.0,20.7623
Sit_Stand_AnklesInvisible,45,Sitting,Standing,False,0.794,0.0,21.8612
Sit_Stand_AnklesInvisible,46,Sitting,Standing,False,0.816,0.0,21.6548
Sit_Stand_AnklesInvisible,47,Sitting,Standing,False,0.819,0.0,21.7772
Sit_Stand_AnklesInvisible,48,Sitting,Standing,False,0.796,0.0,20.0832
Sit_Stand_AnklesInvisible,49,Sitting,Standing,False,0.774,0.0,21.2242
Sit_Stand_AnklesInvisible,50,Sitting,Standing,False,0.761,0.0,23.5435
Sit_Stand_AnklesInvisible,51,Sitting,Standing,False,0.714,0.0,20.3314
Sit_Stand_AnklesInvisible,52,Sitting,Standing,False,0.678,0.0,23.7739
Sit_Stand_AnklesInvisible,53,Sitting,Standing,False,0.675,0.0,19.9725
Sit_Stand_AnklesInvisible,54,Sitting,Standing,False,0.659,0.0,20.4985
Sit_Stand_AnklesInvisible,55,Sitting,Standing,False,0.655,0.0,24.2555
Sit_Stand_AnklesInvisible,56,Sitting,Standing,False,0.634,0.0,20.2457
Sit_Stand_AnklesInvisible,57,Sitting,Standing,False,0.637,0.0,19.7136
Sit_Stand_AnklesInvisible,58,Sitting,Standing,False,0.628,0.0,21.1764
Sit_Stand_AnklesInvisible,59,Sitting,Standing,False,0.632,0.0,20.2145
Sit_Stand_AnklesInvisible,60,Sitting,Standing,False,0.63,0.0,19.4065
Sit_Stand_AnklesInvisible,61,Sitting,Standing,False,0.622,0.0,21.7639
Sit_Stand_AnklesInvisible,62,Sitting,Standing,False,0.633,0.0,23.5762
Sit_Stand_AnklesInvisible,63,Sitting,Standing,False,0.653,0.0,21.4918
Sit_Stand_AnklesInvisible,64,Sitting,Standing,False,0.645,0.0,21.4682
Sit_Stand_AnklesInvisible,65,Sitting,Standing,False,0.66,0.0,22.0992
Sit_Stand_AnklesInvisible,66,Sitting,Standing,False,0.677,0.0,20.6994
Sit_Stand_AnklesInvisible,67,Sitting,Standing,False,0.683,0.0,20.5899
Sit_Stand_AnklesInvisible,68,Sitting,Standing,False,0.721,0.0,21.4279
Sit_Stand_AnklesInvisible,69,Sitting,Standing,False,0.722,0.0,24.0997
Sit_Stand_AnklesInvisible,70,Sitting,Standing,False,0.735,0.0,21.1441
Sit_Stand_AnklesInvisible,71,Sitting,Standing,False,0.752,0.0,24.2756
Sit_Stand_AnklesInvisible,72,Sitting,Standing,False,0.756,0.0,22.6735
Sit_Stand_AnklesInvisible,73,Sitting,Standing,False,0.759,0.0,31.248
Sit_Stand_AnklesInvisible,74,Sitting,Standing,False,0.764,0.0,36.1055
Sit_Stand_AnklesInvisible,75,Sitting,Standing,False,0.775,0.0,24.5392
Sit_Stand_AnklesInvisible,76,Sitting,Standing,False,0.786,0.0,35.3941
Sit_Stand_AnklesInvisible,77,Sitting,Standing,False,0.809,0.0,38.4485
Sit_Stand_AnklesInvisible,78,Sitting,Standing,False,0.801,0.0,38.502
Sit_Stand_AnklesInvisible,79,Sitting,Standing,False,0.8,0.0,36.8834
Sit_Stand_AnklesInvisible,80,Sitting,Standing,False,0.794,0.0,31.1459
Sit_Stand_AnklesInvisible,81,Sitting,Standing,False,0.801,0.0,30.4095
Sit_Stand_AnklesInvisible,82,Sitting,Standing,False,0.798,0.0,25.7257
Sit_Stand_AnklesInvisible,83,Sitting,Standing,False,0.799,0.0,26.0349
Sit_Stand_AnklesInvisible,84,Sitting,Standing,False,0.806,0.0,32.4017
Sit_Stand_AnklesInvisible,85,Sitting,Standing,False,0.799,0.0,29.4442
Sit_Stand_AnklesInvisible,86,Sitting,Standing,False,0.793,0.0,24.6733
Sit_Stand_AnklesInvisible,87,Sitting,Standing,False,0.806,0.0,30.6177
Sit_Stand_AnklesInvisible,88,Sitting,Standing,False,0.803,0.0,26.0835
Sit_Stand_AnklesInvisible,89,Sitting,Standing,False,0.814,0.0,23.7909
Sit_Stand_AnklesInvisible,90,Sitting,Standing,False,0.779,0.0,23.9528
Sit_Stand_AnklesInvisible,91,Sitting,Standing,False,0.773,0.0,24.183
Sit_Stand_AnklesInvisible,92,Sitting,Standing,False,0.75,0.0,28.8927
Sit_Stand_AnklesInvisible,93,Sitting,Standing,False,0.755,0.0,23.7911
Sit_Stand_AnklesInvisible,94,Sitting,Standing,False,0.775,0.0,23.0932
Sit_Stand_AnklesInvisible,95,Sitting,Standing,False,0.761,0.0,22.7889
Sit_Stand_AnklesInvisible,96,Sitting,Standing,False,0.754,0.0,22.2711
Sit_Stand_AnklesInvisible,97,Sitting,Standing,False,0.765,0.0,22.8183
Sit_Stand_AnklesInvisible,98,Sitting,Standing,False,0.763,0.0,21.5681
Sit_Stand_AnklesInvisible,99,Sitting,Standing,False,0.76,0.0,21.6289
Sit_Stand_AnklesInvisible,100,Sitting,Standing,False,0.769,0.0,22.8298
Sit_Stand_AnklesInvisible,101,Sitting,Standing,False,0.783,0.0,20.7279
Sit_Stand_AnklesInvisible,102,Sitting,Standing,False,0.779,0.0,21.5064
Sit_Stand_AnklesInvisible,103,Sitting,Standing,False,0.776,0.0,21.1469
Sit_Stand_AnklesInvisible,104,Sitting,Standing,False,0.778,0.0,20.1522
Sit_Stand_AnklesInvisible,105,Sitting,Standing,False,0.783,0.0,19.9324
Sit_Stand_AnklesInvisible,106,Sitting,Standing,False,0.78,0.0,22.1127
Sit_Stand_AnklesInvisible,107,Sitting,Standing,False,0.778,0.0,19.7054
Sit_Stand_AnklesInvisible,108,Sitting,Standing,False,0.762,0.0,19.6131
Sit_Stand_AnklesInvisible,109,Sitting,Standing,False,0.768,0.0,20.4128
Sit_Stand_AnklesInvisible,110,Sitting,Standing,False,0.778,0.0,19.8471
Sit_Stand_AnklesInvisible,111,Sitting,Standing,False,0.779,0.0,19.4769
Sit_Stand_AnklesInvisible,112,Sitting,Standing,False,0.778,0.0,22.3349
Sit_Stand_AnklesInvisible,113,Sitting,Standing,False,0.765,0.0,19.4621
Sit_Stand_AnklesInvisible,114,Sitting,Standing,False,0.766,0.0,24.1302
Sit_Stand_AnklesInvisible,115,Sitting,Standing,False,0.763,0.0,24.5656
Sit_Stand_AnklesInvisible,116,Sitting,Standing,False,0.772,0.0,23.804
Sit_Stand_AnklesInvisible,117,Sitting,Standing,False,0.774,0.0,21.0855
Sit_Stand_AnklesInvisible,118,Sitting,Standing,False,0.771,0.0,21.8109
Sit_Stand_AnklesInvisible,119,Sitting,Standing,False,0.767,0.0,22.9231
Sit_Stand_AnklesInvisible,120,Sitting,Standing,False,0.773,0.0,21.0851
Sit_Stand_AnklesInvisible,121,Sitting,Standing,False,0.764,0.0,21.3
Sit_Stand_AnklesInvisible,122,Sitting,Standing,False,0.776,0.0,21.8038
Sit_Stand_AnklesInvisible,123,Sitting,Standing,False,0.781,0.0,21.7521
Sit_Stand_AnklesInvisible,124,Sitting,Standing,False,0.778,0.0,25.0421
Sit_Stand_AnklesInvisible,125,Sitting,Standing,False,0.767,0.0,21.2208
Sit_Stand_AnklesInvisible,126,Sitting,Standing,False,0.769,0.0,23.0353
Sit_Stand_AnklesInvisible,127,Sitting,Standing,False,0.78,0.0,22.4447
Sit_Stand_AnklesInvisible,128,Sitting,Standing,False,0.783,0.0,29.5525
Sit_Stand_AnklesInvisible,129,Sitting,Standing,False,0.779,0.0,26.0704
Sit_Stand_AnklesInvisible,130,Sitting,Standing,False,0.783,0.0,25.0208
Sit_Stand_AnklesInvisible,131,Sitting,Standing,False,0.781,0.0,27.2699
Sit_Stand_AnklesInvisible,132,Sitting,Standing,False,0.781,0.0,23.7488
Sit_Stand_AnklesInvisible,133,Sitting,Standing,False,0.76,0.0,23.4777
Sit_Stand_AnklesInvisible,134,Sitting,Standing,False,0.768,0.0,25.7202
Sit_Stand_AnklesInvisible,135,Sitting,Standing,False,0.775,0.0,23.7881
Sit_Stand_AnklesInvisible,136,Sitting,Standing,False,0.788,0.0,27.7212
Sit_Stand_AnklesInvisible,137,Sitting,Standing,False,0.786,0.0,31.2626
Sit_Stand_AnklesInvisible,138,,Standing,,0.754,0.0,26.5473
Sit_Stand_AnklesInvisible,139,,Standing,,0.737,0.0,25.9104
Sit_Stand_AnklesInvisible,140,,Standing,,0.732,0.0,26.3417
Sit_Stand_AnklesInvisible,141,,Standing,,0.724,0.0,25.6654
Sit_Stand_AnklesInvisible,142,,Standing,,0.717,0.0,29.0888
Sit_Stand_AnklesInvisible,143,,Standing,,0.705,0.0,43.5656
Sit_Stand_AnklesInvisible,144,,Standing,,0.703,0.0,44.051
Sit_Stand_AnklesInvisible,145,,Standing,,0.689,0.0,35.4587
Sit_Stand_AnklesInvisible,146,,Standing,,0.683,0.0,34.6066
Sit_Stand_AnklesInvisible,147,,Standing,,0.663,0.0,32.204
Sit_Stand_AnklesInvisible,148,,Standing,,0.666,0.0,47.7646
Sit_Stand_AnklesInvisible,149,,Standing,,0.676,0.0,51.3538
Sit_Stand_AnklesInvisible,150,,Standing,,0.675,0.0,44.9153
Sit_Stand_AnklesInvisible,151,,Standing,,0.671,0.0,60.8271
Sit_Stand_AnklesInvisible,152,,Standing,,0.667,0.0,59.9751
Sit_Stand_AnklesInvisible,153,,Standing,,0.661,0.0,44.7946
Sit_Stand_AnklesInvisible,154,,Standing,,0.64,0.0,125.6298
Sit_Stand_AnklesInvisible,155,,Standing,,0.627,0.0,78.2631
Sit_Stand_AnklesInvisible,156,,Standing,,0.621,0.0,69.9127
Sit_Stand_AnklesInvisible,157,,Standing,,0.618,0.0,75.7287
Sit_Stand_AnklesInvisible,158,,Standing,,0.596,0.0,123.2666
Sit_Stand_AnklesInvisible,159,,Standing,,0.575,0.0,162.0785
Sit_Stand_AnklesInvisible,160,,Standing,,0.578,0.0,73.7721
Sit_Stand_AnklesInvisible,161,,Standing,,0.584,0.0,67.1817
Sit_Stand_AnklesInvisible,162,,Standing,,0.571,0.0,53.1691
Sit_Stand_AnklesInvisible,163,,Standing,,0.593,0.0,35.2383
Sit_Stand_AnklesInvisible,164,,Standing,,0.616,0.0,44.1041
Sit_Stand_AnklesInvisible,165,,Standing,,0.636,0.0,49.4306
Sit_Stand_AnklesInvisible,166,,Standing,,0.66,0.0,34.3891
Sit_Stand_AnklesInvisible,167,,Standing,,0.665,0.0,40.0715
Sit_Stand_AnklesInvisible,168,Standing,Standing,True,0.697,0.0,50.0591
Sit_Stand_AnklesInvisible,169,Standing,Standing,True,0.747,0.0,43.5667
Sit_Stand_AnklesInvisible,170,Standing,Standing,True,0.795,0.0,35.7896
Sit_Stand_AnklesInvisible,171,Standing,Standing,True,0.815,0.0,36.6934
Sit_Stand_AnklesInvisible,172,Standing,Standing,True,0.838,0.0,31.7886
Sit_Stand_AnklesInvisible,173,Standing,Standing,True,0.863,0.0,40.7412
Sit_Stand_AnklesInvisible,174,Standing,Standing,True,0.866,0.0,40.3659
Sit_Stand_AnklesInvisible,175,Standing,Standing,True,0.868,0.0,35.9045
Sit_Stand_AnklesInvisible,176,Standing,Standing,True,0.873,0.0,36.1859
Sit_Stand_AnklesInvisible,177,Standing,Standing,True,0.883,0.0,38.3178
Sit_Stand_AnklesInvisible,178,Standing,Standing,True,0.882,0.0,36.9421
Sit_Stand_AnklesInvisible,179,Standing,Standing,True,0.882,0.0,36.4533
Sit_Stand_AnklesInvisible,180,Standing,Standing,True,0.88,0.0,43.0641
Sit_Stand_AnklesInvisible,181,Standing,Standing,True,0.866,0.0,43.9969
Sit_Stand_AnklesInvisible,182,Standing,Standing,True,0.867,0.0,195.0866
Sit_Stand_AnklesInvisible,183,Standing,Standing,True,0.875,0.0,573.5866
Sit_Stand_AnklesInvisible,184,Standing,Standing,True,0.864,0.0,196.9624
Sit_Stand_AnklesInvisible,185,Standing,Standing,True,0.879,0.0,126.978
Sit_Stand_AnklesInvisible,186,,Standing,,0.878,0.0,93.4677
Sit_Stand_AnklesInvisible,187,,Standing,,0.911,0.0,72.8741
Sit_Stand_AnklesInvisible,188,,Standing,,0.921,0.0,83.554
Sit_Stand_AnklesInvisible,189,,Standing,,0.925,0.0,126.7425
Sit_Stand_AnklesInvisible,190,,Standing,,0.947,0.0,83.0647
Sit_Stand_AnklesInvisible,191,,Standing,,0.955,0.0,109.0609
Sit_Stand_AnklesInvisible,192,,Standing,,0.97,0.0,129.4398
Sit_Stand_AnklesInvisible,193,,Standing,,0.973,0.0,340.6046
Sit_Stand_AnklesInvisible,194,,Standing,,0.985,0.0,96.5713
Sit_Stand_AnklesInvisible,195,,Standing,,0.983,0.0,131.8129
Sit_Stand_AnklesInvisible,196,,Standing,,0.988,0.0,185.0597
Sit_Stand_AnklesInvisible,197,,Standing,,0.99,0.0,114.8701
Sit_Stand_AnklesInvisible,198,,Standing,,0.992,0.0,102.7173
Sit_Stand_AnklesInvisible,199,,Standing,,0.991,0.0,121.2694
Sit_Stand_AnklesInvisible,200,,Standing,,0.994,0.0,145.8153
Sit_Stand_AnklesInvisible,201,,Standing,,0.999,0.0,133.0567
Sit_Stand_AnklesInvisible,202,,Standing,,1.0,0.0,83.2896
Sit_Stand_AnklesInvisible,203,,Standing,,0.995,0.0,88.6168
Sit_Stand_AnklesInvisible,204,,Standing,,0.996,0.0,90.5169
Sit_Stand_AnklesInvisible,205,,Standing,,0.996,0.0,105.1144
Sit_Stand_AnklesInvisible,206,,Standing,,0.993,0.0,92.3723
Sit_Stand_AnklesInvisible,207,,Standing,,0.991,0.0,88.2746
Sit_Stand_AnklesInvisible,208,,Standing,,0.99,0.0,91.8358
SitFast_GetupFast,31,Sitting,Standing,False,0.937,0.0,76.9646
SitFast_GetupFast,32,Sitting,Standing,False,0.924,0.0,59.4272
SitFast_GetupFast,33,Sitting,Standing,False,0.909,0.0,56.215
SitFast_GetupFast,34,Sitting,Standing,False,0.887,0.0,61.4222
SitFast_GetupFast,35,Sitting,Standing,False,0.87,0.0,55.8251
SitFast_GetupFast,36,Sitting,Standing,False,0.863,0.0,60.6436
SitFast_GetupFast,37,Sitting,Standing,False,0.864,0.0,59.3447
SitFast_GetupFast,38,Sitting,Standing,False,0.855,0.0,71.6227
SitFast_GetupFast,39,Sitting,Standing,False,0.835,0.0,59.7723
SitFast_GetupFast,40,Sitting,Standing,False,0.826,0.0,47.6721
SitFast_GetupFast,41,Sitting,Standing,False,0.821,0.0,48.2297
SitFast_GetupFast,42,Sitting,Standing,False,0.812,0.0,54.2507
SitFast_GetupFast,43,Sitting,Standing,False,0.815,0.0,56.9777
SitFast_GetupFast,44,Sitting,Standing,False,0.792,0.0,64.6582
SitFast_GetupFast,45,Sitting,Standing,False,0.779,0.0,65.8462
SitFast_GetupFast,46,Sitting,Standing,False,0.759,0.0,55.3222
SitFast_GetupFast,47,Sitting,Standing,False,0.717,0.0,51.437
SitFast_GetupFast,48,Sitting,Standing,False,0.684,0.0,55.0229
SitFast_GetupFast,49,Sitting,Standing,False,0.651,0.0,71.8862
SitFast_GetupFast,50,Sitting,Standing,False,0.628,0.0,73.2862
SitFast_GetupFast,51,Sitting,Standing,False,0.626,0.0,75.6191
SitFast_GetupFast,52,Sitting,Standing,False,0.618,0.0,78.9415
SitFast_GetupFast,53,Sitting,Standing,False,0.607,0.0,63.4547
SitFast_GetupFast,54,Sitting,Standing,False,0.607,0.0,63.9704
SitFast_GetupFast,55,Sitting,Standing,False,0.604,0.0,64.6934
SitFast_GetupFast,56,Sitting,Standing,False,0.623,0.0,63.0448
SitFast_GetupFast,57,Sitting,Standing,False,0.634,0.0,64.7918
SitFast_GetupFast,58,Sitting,Standing,False,0.641,0.0,66.515
SitFast_GetupFast,59,Sitting,Standing,False,0.636,0.0,71.595
SitFast_GetupFast,60,Sitting,Standing,False,0.637,0.0,64.3029
SitFast_GetupFast,61,Sitting,Standing,False,0.645,0.0,65.7697
SitFast_GetupFast,62,Sitting,Standing,False,0.639,0.0,67.2383
SitFast_GetupFast,63,Sitting,Standing,False,0.644,0.0,63.7407
SitFast_GetupFast,64,Sitting,Standing,False,0.631,0.0,53.3485
SitFast_GetupFast,65,Sitting,Standing,False,0.639,0.0,61.713
SitFast_GetupFast,66,Sitting,Standing,False,0.645,0.0,62.6751
SitFast_GetupFast,67,Sitting,Standing,False,0.65,0.0,64.4601
SitFast_GetupFast,68,Sitting,Standing,False,0.649,0.0,59.3185
SitFast_GetupFast,69,Sitting,Standing,False,0.636,0.0,57.0637
SitFast_GetupFast,70,Sitting,Standing,False,0.646,0.0,59.2344
SitFast_GetupFast,71,Sitting,Standing,False,0.638,0.0,65.4569
SitFast_GetupFast,72,Sitting,Standing,False,0.639,0.0,55.5587
SitFast_GetupFast,73,Sitting,Standing,False,0.64,0.0,65.4067
SitFast_GetupFast,74,Sitting,Standing,False,0.631,0.0,144.8986
SitFast_GetupFast,75,Sitting,Standing,False,0.633,0.0,158.1916
SitFast_GetupFast,76,Sitting,Standing,False,0.638,0.0,102.7406
SitFast_GetupFast,77,Sitting,Standing,False,0.631,0.0,114.9646
SitFast_GetupFast,78,Sitting,Standing,False,0.641,0.0,146.0583
SitFast_GetupFast,79,Sitting,Standing,False,0.637,0.0,91.2848
SitFast_GetupFast,80,Sitting,Standing,False,0.64,0.0,96.4309
SitFast_GetupFast,81,Sitting,Standing,False,0.633,0.0,96.69
SitFast_GetupFast,82,Sitting,Standing,False,0.641,0.0,181.7176
SitFast_GetupFast,83,Sitting,Standing,False,0.635,0.0,626.1575
SitFast_GetupFast,84,Sitting,Standing,False,0.625,0.0,140.8739
SitFast_GetupFast,85,Sitting,Standing,False,0.629,0.0,128.6007
SitFast_GetupFast,86,Sitting,Standing,False,0.636,0.0,167.9159
SitFast_GetupFast,87,Sitting,Standing,False,0.631,0.0,136.2617
SitFast_GetupFast,88,Sitting,Standing,False,0.634,0.0,86.6799
SitFast_GetupFast,89,Sitting,Standing,False,0.635,0.0,78.5467
SitFast_GetupFast,90,Sitting,Standing,False,0.634,0.0,181.874
SitFast_GetupFast,91,Sitting,Standing,False,0.628,0.0,95.0731
SitFast_GetupFast,92,Sitting,Standing,False,0.63,0.0,84.299
SitFast_GetupFast,93,Sitting,Standing,False,0.63,0.0,56.466
SitFast_GetupFast,94,Sitting,Standing,False,0.643,0.0,51.549
SitFast_GetupFast,95,Sitting,Standing,False,0.637,0.0,60.8147
SitFast_GetupFast,96,Sitting,Standing,False,0.643,0.0,62.1542
SitFast_GetupFast,97,Sitting,Standing,False,0.643,0.0,53.6282
SitFast_GetupFast,98,Sitting,Standing,False,0.637,0.0,64.8802
SitFast_GetupFast,99,Sitting,Standing,False,0.64,0.0,72.6285
SitFast_GetupFast,100,Sitting,Standing,False,0.638,0.0,70.4204
SitFast_GetupFast,101,Sitting,Standing,False,0.643,0.0,57.9609
SitFast_GetupFast,102,Sitting,Standing,False,0.631,0.0,59.3644
SitFast_GetupFast,103,Sitting,Standing,False,0.636,0.0,74.4869
SitFast_GetupFast,104,Sitting,Standing,False,0.619,0.0,136.2884
SitFast_GetupFast,105,Sitting,Standing,False,0.624,0.0,324.1495
SitFast_GetupFast,106,Sitting,Standing,False,0.594,0.0,113.7792
SitFast_GetupFast,107,Sitting,Standing,False,0.584,0.0,94.679
SitFast_GetupFast,108,Sitting,Standing,False,0.603,0.0,108.8629
SitFast_GetupFast,109,Sitting,Standing,False,0.618,0.0,92.4919
SitFast_GetupFast,110,Sitting,Standing,False,0.619,0.0,95.2491
SitFast_GetupFast,111,,Standing,,0.589,0.0,81.4576
SitFast_GetupFast,112,,Standing,,0.56,0.0,70.0994
SitFast_GetupFast,113,,Standing,,0.544,0.0,53.9965
SitFast_GetupFast,114,,Standing,,0.516,0.0,64.8032
SitFast_GetupFast,115,,Standing,,0.496,0.0,63.6479
SitFast_GetupFast,116,,Standing,,0.489,0.0,81.3954
SitFast_GetupFast,117,,Standing,,0.479,0.0,68.9907
SitFast_GetupFast,118,,Standing,,0.474,0.0,77.8148
SitFast_GetupFast,119,,Standing,,0.479,0.0,62.7257
SitFast_GetupFast,120,,Standing,,0.471,0.0,69.1095
SitFast_GetupFast,121,,Standing,,0.46,0.0,71.4316
SitFast_GetupFast,122,,Standing,,0.44,0.0,78.7498
SitFast_GetupFast,123,,Sitting,,0.412,0.0,80.4751
SitFast_GetupFast,124,,Sitting,,0.413,0.0,72.0977
SitFast_GetupFast,125,,Sitting,,0.432,0.0,83.8642
SitFast_GetupFast,126,,Sitting,,0.426,0.0,92.5869
SitFast_GetupFast,127,,Sitting,,0.436,0.0,121.5246
SitFast_GetupFast,128,,Sitting,,0.454,0.0,96.4804
SitFast_GetupFast,129,,Sitting,,0.479,0.0,87.0016
SitFast_GetupFast,130,,Sitting,,0.498,0.0,71.835
SitFast_GetupFast,131,,Sitting,,0.519,0.0,73.5527
SitFast_GetupFast,132,,Sitting,,0.568,0.0,63.7854
SitFast_GetupFast,133,,Sitting,,0.579,0.0,56.688
SitFast_GetupFast,134,,Sitting,,0.607,0.0,63.1515
SitFast_GetupFast,135,,Sitting,,0.631,0.0,65.9258
SitFast_GetupFast,136,,Sitting,,0.661,0.0,69.4905
SitFast_GetupFast,137,,Sitting,,0.661,0.0,58.6968
SitFast_GetupFast,138,,Sitting,,0.692,0.0,66.099
SitFast_GetupFast,139,,Sitting,,0.716,0.0,85.0999
SitFast_GetupFast,140,,Sitting,,0.712,0.0,158.8503
SitFast_GetupFast,141,,Sitting,,0.697,0.0,75.3025
SitFast_GetupFast,142,,Sitting,,0.683,0.0,97.2869
SitFast_GetupFast,143,,Sitting,,0.652,0.0,119.1908
SitFast_GetupFast,144,,Sitting,,0.634,0.0,71.3407
SitFast_GetupFast,145,,Sitting,,0.579,0.0,82.4304
SitFast_GetupFast,146,,Sitting,,0.529,0.0,112.2327
SitFast_GetupFast,147,,Sitting,,0.494,0.0,202.7698
SitFast_GetupFast,148,,Sitting,,0.456,0.0,101.8616
SitFast_GetupFast,149,,Sitting,,0.428,0.0,82.1967
SitFast_GetupFast,150,,Sitting,,0.388,0.0,87.0992
SitFast_GetupFast,151,,Sitting,,0.363,0.0,77.24
SitFast_GetupFast,152,,Standing,,0.369,0.0,95.6501
SitFast_GetupFast,153,,Standing,,0.399,0.0,93.5149
SitFast_GetupFast,154,,Standing,,0.426,0.0,74.9623
SitFast_GetupFast,155,,Standing,,0.482,0.0,88.3684
SitFast_GetupFast,156,,Standing,,0.542,0.0,115.5087
SitFast_GetupFast,157,,Standing,,0.574,0.0,99.6166
SitFast_GetupFast,158,,Standing,,0.616,0.0,88.0694
SitFast_GetupFast,159,,Standing,,0.653,0.0,92.3138
SitFast_GetupFast,160,,Standing,,0.711,0.0,82.5814
SitFast_GetupFast,161,,Standing,,0.735,0.0,67.1876
SitFast_GetupFast,162,,Standing,,0.772,0.0,79.7337
SitFast_GetupFast,163,,Standing,,0.798,0.0,103.8317
SitFast_GetupFast,164,,Standing,,0.797,0.0,93.7862
SitFast_GetupFast,165,,Standing,,0.816,0.0,93.8067
SitFast_GetupFast,166,,Standing,,0.8,0.0,107.267
SitFast_GetupFast,167,,Standing,,0.806,0.0,89.7348
SitFast_GetupFast,168,,Standing,,0.792,0.0,85.9828
SitFast_GetupFast,169,,Standing,,0.794,0.0,95.2116
SitFast_GetupFast,170,,Standing,,0.797,0.0,83.6258
SitFast_GetupFast,171,,Standing,,0.807,0.0,70.7831
SitFast_GetupFast,172,,Standing,,0.828,0.0,131.3701
SitFast_GetupFast,173,,Standing,,0.839,0.0,119.8836
SitFast_GetupFast,174,,Standing,,0.85,0.0,116.4268
SitFloor_crossedLegs,31,,Standing,,0.917,0.0,112.9892
SitFloor_crossedLegs,32,,Standing,,0.897,0.0,80.1815
SitFloor_crossedLegs,33,,Standing,,0.853,0.0,99.0277
SitFloor_crossedLegs,34,,Standing,,0.797,0.0,114.2411
SitFloor_crossedLegs,35,,Standing,,0.699,0.0,88.2228
SitFloor_crossedLegs,36,,Standing,,0.642,0.0,96.6853
SitFloor_crossedLegs,37,,Standing,,0.602,0.0,98.2196
SitFloor_crossedLegs,38,,Standing,,0.596,0.0,76.5737
SitFloor_crossedLegs,39,,Standing,,0.574,0.0,102.8343
SitFloor_crossedLegs,40,,Standing,,0.574,0.0,132.3798
SitFloor_crossedLegs,41,,Standing,,0.502,0.0,285.1546
SitFloor_crossedLegs,42,,Standing,,0.41,0.0,132.4401
SitFloor_crossedLegs,43,,Standing,,0.348,0.0,107.895
SitFloor_crossedLegs,44,,Standing,,0.316,0.0,178.2319
SitFloor_crossedLegs,45,,Sitting,,0.335,0.0,110.4751
SitFloor_crossedLegs,46,,Sitting,,0.39,0.0,135.336
SitFloor_crossedLegs,47,,Sitting,,0.37,0.0,96.4943
SitFloor_crossedLegs,48,,Sitting,,0.4,0.0,152.9986
SitFloor_crossedLegs,49,,Sitting,,0.414,0.0,135.6868
SitFloor_crossedLegs,50,,Sitting,,0.415,0.0,155.5213
SitFloor_crossedLegs,51,,Sitting,,0.424,0.0,121.4016
SitFloor_crossedLegs,52,,Sitting,,0.416,0.0,99.6268
SitFloor_crossedLegs,53,,Sitting,,0.392,0.0,81.7951
SitFloor_crossedLegs,54,,Sitting,,0.398,0.0,69.0434
SitFloor_crossedLegs,55,,Sitting,,0.404,0.0,74.0645
SitFloor_crossedLegs,56,,Sitting,,0.42,0.0,83.6732
SitFloor_crossedLegs,57,,Sitting,,0.436,0.0,70.4083
SitFloor_crossedLegs,58,,Sitting,,0.466,0.0,93.4602
SitFloor_crossedLegs,59,,Sitting,,0.51,0.0,73.0455
SitFloor_crossedLegs,60,,Sitting,,0.515,0.0,89.8662
SitFloor_crossedLegs,61,,Sitting,,0.548,0.0,89.2241
SitFloor_crossedLegs,62,,Sitting,,0.564,0.0,76.7349
SitFloor_crossedLegs,63,,Sitting,,0.563,0.0,77.6087
SitFloor_crossedLegs,64,,Sitting,,0.583,0.0,76.7383
SitFloor_crossedLegs,65,,Sitting,,0.556,0.0,82.4253
SitFloor_crossedLegs,66,,Sitting,,0.58,0.0,79.8652
SitFloor_crossedLegs,67,,Sitting,,0.571,0.0,72.6898
SitFloor_crossedLegs,68,,Sitting,,0.567,0.0,73.1612
SitFloor_crossedLegs,69,,Sitting,,0.561,0.0,95.5439
SitFloor_crossedLegs,70,,Sitting,,0.574,0.0,69.9671
SitFloor_crossedLegs,71,,Sitting,,0.578,0.0,68.5613
SitFloor_crossedLegs,72,,Sitting,,0.594,0.0,63.3804
SitFloor_crossedLegs,73,,Sitting,,0.583,0.0,57.0345
SitFloor_crossedLegs,74,,Sitting,,0.583,0.0,54.0213
SitFloor_crossedLegs,75,,Sitting,,0.571,0.0,69.6304
SitFloor_crossedLegs,76,,Sitting,,0.566,0.0,84.3638
SitFloor_crossedLegs,77,,Sitting,,0.55,0.0,74.2333
SitFloor_crossedLegs,78,,Sitting,,0.551,0.0,75.5615
SitFloor_crossedLegs,79,,Sitting,,0.538,0.0,65.8969
SitFloor_crossedLegs,80,,Sitting,,0.53,0.0,69.9189
SitFloor_crossedLegs,81,,Sitting,,0.526,0.0,68.9531
SitFloor_crossedLegs,82,,Sitting,,0.521,0.0,72.6768
SitFloor_crossedLegs,83,,Sitting,,0.522,0.0,67.5763
SitFloor_crossedLegs,84,,Sitting,,0.536,0.0,96.9923
SitFloor_crossedLegs,85,,Sitting,,0.561,0.0,74.7477
SitFloor_crossedLegs,86,,Sitting,,0.586,0.0,83.8506
SitFloor_crossedLegs,87,,Sitting,,0.575,0.0,121.9545
SitFloor_crossedLegs,88,Sitting,Sitting,True,0.586,0.0,117.0603
SitFloor_crossedLegs,89,Sitting,Sitting,True,0.586,0.0,104.4339
SitFloor_crossedLegs,90,Sitting,Sitting,True,0.584,0.0,106.5662
SitFloor_crossedLegs,91,Sitting,Sitting,True,0.595,0.0,109.5363
SitFloor_crossedLegs,92,Sitting,Sitting,True,0.594,0.0,77.944
SitFloor_crossedLegs,93,Sitting,Sitting,True,0.594,0.0,59.2332
SitFloor_crossedLegs,94,Sitting,Sitting,True,0.601,0.0,72.7862
SitFloor_crossedLegs,95,Sitting,Sitting,True,0.601,0.0,82.6182
SitFloor_crossedLegs,96,Sitting,Sitting,True,0.602,0.0,84.7274
SitFloor_crossedLegs,97,Sitting,Sitting,True,0.609,0.0,101.0161
SitFloor_crossedLegs,98,Sitting,Sitting,True,0.602,0.0,119.9345
SitFloor_crossedLegs,99,Sitting,Sitting,True,0.621,0.0,78.679
SitFloor_crossedLegs,100,Sitting,Sitting,True,0.627,0.0,104.5014
SitFloor_crossedLegs,101,Sitting,Sitting,True,0.623,0.0,71.2583
SitFloor_crossedLegs,102,Sitting,Sitting,True,0.623,0.0,63.1918
SitFloor_crossedLegs,103,Sitting,Sitting,True,0.633,0.0,86.9259
SitFloor_crossedLegs,104,Sitting,Sitting,True,0.623,0.0,62.5816
SitFloor_crossedLegs,105,Sitting,Sitting,True,0.608,0.0,64.7189
SitFloor_crossedLegs,106,Sitting,Sitting,True,0.601,0.0,84.1329
SitFloor_crossedLegs,107,Sitting,Sitting,True,0.611,0.0,63.9367
SitFloor_crossedLegs,108,Sitting,Sitting,True,0.607,0.0,66.311
SitFloor_crossedLegs,109,Sitting,Sitting,True,0.609,0.0,57.432
SitFloor_crossedLegs,110,Sitting,Sitting,True,0.612,0.0,62.9399
SitFloor_crossedLegs,111,Sitting,Sitting,True,0.633,0.0,61.9078
SitFloor_crossedLegs,112,Sitting,Sitting,True,0.641,0.0,69.3034
SitFloor_crossedLegs,113,Sitting,Sitting,True,0.648,0.0,76.7415
SitFloor_crossedLegs,114,Sitting,Sitting,True,0.66,0.0,71.6115
SitFloor_crossedLegs,115,Sitting,Sitting,True,0.652,0.0,69.2517
SitFloor_crossedLegs,116,Sitting,Sitting,True,0.668,0.0,63.9872
SitFloor_crossedLegs,117,Sitting,Sitting,True,0.653,0.0,66.6343
SitFloor_crossedLegs,118,Sitting,Sitting,True,0.66,0.0,66.7857
SitFloor_crossedLegs,119,Sitting,Sitting,True,0.672,0.0,59.7745
SitFloor_crossedLegs,120,Sitting,Sitting,True,0.681,0.0,63.577
SitFloor_crossedLegs,121,Sitting,Sitting,True,0.681,0.0,63.2141
SitFloor_crossedLegs,122,Sitting,Sitting,True,0.672,0.0,62.8806
SitFloor_crossedLegs,123,Sitting,Sitting,True,0.657,0.0,59.9301
SitFloor_crossedLegs,124,Sitting,Sitting,True,0.654,0.0,71.3739
SitFloor_crossedLegs,125,Sitting,Sitting,True,0.649,0.0,72.4889
SitFloor_crossedLegs,126,Sitting,Sitting,True,0.653,0.0,71.5993
SitFloor_crossedLegs,127,Sitting,Sitting,True,0.645,0.0,90.4681
SitFloor_crossedLegs,128,Sitting,Sitting,True,0.642,0.0,87.651
SitFloor_crossedLegs,129,Sitting,Sitting,True,0.644,0.0,59.9428
SitFloor_crossedLegs,130,Sitting,Sitting,True,0.64,0.0,77.6981
SitFloor_crossedLegs,131,Sitting,Sitting,True,0.65,0.0,65.3356
SitFloor_crossedLegs,132,Sitting,Sitting,True,0.654,0.0,65.865
SitFloor_crossedLegs,133,Sitting,Sitting,True,0.657,0.0,61.3231
SitFloor_crossedLegs,134,Sitting,Sitting,True,0.663,0.0,71.1782
SitFloor_crossedLegs,135,Sitting,Sitting,True,0.657,0.0,70.5835
SitFloor_crossedLegs,136,Sitting,Sitting,True,0.656,0.0,77.9812
SitFloor_crossedLegs,137,Sitting,Sitting,True,0.642,0.0,71.7634
SitFloor_crossedLegs,138,Sitting,Sitting,True,0.632,0.0,85.8481
SitFloor_crossedLegs,139,Sitting,Sitting,True,0.632,0.0,65.5017
SitFloor_crossedLegs,140,Sitting,Sitting,True,0.623,0.0,74.3631
SitFloor_crossedLegs,141,Sitting,Sitting,True,0.593,0.0,74.3148
SitFloor_crossedLegs,142,Sitting,Sitting,True,0.585,0.0,71.7886
SitFloor_crossedLegs,143,Sitting,Sitting,True,0.583,0.0,63.8634
SitFloor_crossedLegs,144,Sitting,Sitting,True,0.578,0.0,63.878
SitFloor_crossedLegs,145,Sitting,Sitting,True,0.578,0.0,51.3673
SitFloor_crossedLegs,146,Sitting,Sitting,True,0.591,0.0,61.2035
SitFloor_crossedLegs,147,Sitting,Sitting,True,0.589,0.0,65.6317
SitFloor_crossedLegs,148,Sitting,Sitting,True,0.597,0.0,76.6131
SitFloor_crossedLegs,149,Sitting,Sitting,True,0.621,0.0,74.204
SitFloor_crossedLegs,150,Sitting,Sitting,True,0.602,0.0,63.5788
SitFloor_crossedLegs,151,Sitting,Sitting,True,0.609,0.0,75.1825
SitFloor_crossedLegs,152,Sitting,Sitting,True,0.621,0.0,70.741
SitFloor_crossedLegs,153,Sitting,Sitting,True,0.615,0.0,68.1932
SitFloor_crossedLegs,154,Sitting,Sitting,True,0.613,0.0,67.3782
SitFloor_crossedLegs,155,Sitting,Sitting,True,0.621,0.0,73.5667
SitFloor_crossedLegs,156,Sitting,Sitting,True,0.622,0.0,72.2723
SitFloor_crossedLegs,157,Sitting,Sitting,True,0.607,0.0,79.7946
SitFloor_crossedLegs,158,Sitting,Sitting,True,0.607,0.0,77.9928
SitFloor_crossedLegs,159,Sitting,Sitting,True,0.617,0.0,67.315
SitFloor_crossedLegs,160,Sitting,Sitting,True,0.617,0.0,62.3263
SitFloor_crossedLegs,161,Sitting,Sitting,True,0.613,0.0,50.8032
SitFloor_crossedLegs,162,Sitting,Sitting,True,0.605,0.0,61.6511
SitFloor_crossedLegs,163,Sitting,Sitting,True,0.598,0.0,75.3081
SitFloor_crossedLegs,164,Sitting,Sitting,True,0.611,0.0,72.3689
SitFloor_crossedLegs,165,Sitting,Sitting,True,0.602,0.0,58.2652
SitFloor_crossedLegs,166,Sitting,Sitting,True,0.584,0.0,62.1356
SitFloor_crossedLegs,167,Sitting,Sitting,True,0.59,0.0,62.6942
SitFloor_crossedLegs,168,Sitting,Sitting,True,0.587,0.0,58.6959
SitFloor_crossedLegs,169,Sitting,Sitting,True,0.604,0.0,60.3713
SitFloor_crossedLegs,170,Sitting,Sitting,True,0.607,0.0,57.7943
SitFloor_crossedLegs,171,Sitting,Sitting,True,0.606,0.0,62.0338
SitFloor_crossedLegs,172,Sitting,Sitting,True,0.616,0.0,63.8962
SitFloor_crossedLegs,173,Sitting,Sitting,True,0.625,0.0,60.1726
SitFloor_crossedLegs,174,Sitting,Sitting,True,0.622,0.0,63.2203
SitFloor_crossedLegs,175,Sitting,Sitting,True,0.62,0.0,64.0431
SitFloor_crossedLegs,176,Sitting,Sitting,True,0.623,0.0,61.0468
SitFloor_crossedLegs,177,Sitting,Sitting,True,0.628,0.0,65.5479
SitFloor_crossedLegs,178,Sitting,Sitting,True,0.63,0.0,55.6211
SitFloor_crossedLegs,179,Sitting,Sitting,True,0.624,0.0,57.9823
SitFloor_crossedLegs,180,Sitting,Sitting,True,0.635,0.0,51.0159
SitFloor_crossedLegs,181,Sitting,Sitting,True,0.636,0.0,61.058
SitFloor_crossedLegs,182,Sitting,Sitting,True,0.63,0.0,65.3546
SitFloor_crossedLegs,183,Sitting,Sitting,True,0.627,0.0,66.6885
SitFloor_crossedLegs,184,Sitting,Sitting,True,0.629,0.0,56.5143
SitFloor_crossedLegs,185,Sitting,Sitting,True,0.623,0.0,65.5293
SitFloor_crossedLegs,186,Sitting,Sitting,True,0.616,0.0,78.3062
SitFloor_crossedLegs,187,Sitting,Sitting,True,0.619,0.0,79.6823
SitFloor_crossedLegs,188,Sitting,Sitting,True,0.619,0.0,119.8296
SitFloor_crossedLegs,189,Sitting,Sitting,True,0.619,0.0,87.6074
SitFloor_crossedLegs,190,Sitting,Sitting,True,0.617,0.0,84.6441
SitFloor_crossedLegs,191,Sitting,Sitting,True,0.617,0.0,51.2335
SitFloor_crossedLegs,192,Sitting,Sitting,True,0.613,0.0,56.7785
SitFloor_crossedLegs,193,Sitting,Sitting,True,0.612,0.0,54.3191
SitFloor_crossedLegs,194,Sitting,Sitting,True,0.613,0.0,42.9998
SitFloor_crossedLegs,195,Sitting,Sitting,True,0.609,0.0,54.4259
SitFloor_crossedLegs,196,Sitting,Sitting,True,0.611,0.0,63.8964
SitFloor_crossedLegs,197,Sitting,Sitting,True,0.612,0.0,54.5007
SitFloor_crossedLegs,198,Sitting,Sitting,True,0.611,0.0,60.6318
SitFloor_crossedLegs,199,Sitting,Sitting,True,0.611,0.0,55.6258
SitFloor_crossedLegs,200,Sitting,Sitting,True,0.614,0.0,54.6418
SitFloor_crossedLegs,201,Sitting,Sitting,True,0.613,0.0,53.4974
SitFloor_crossedLegs,202,Sitting,Sitting,True,0.612,0.0,50.5622
SitFloor_crossedLegs,203,Sitting,Sitting,True,0.61,0.0,45.0333
SitFloor_crossedLegs,204,Sitting,Sitting,True,0.609,0.0,48.4312
SitFloor_crossedLegs,205,Sitting,Sitting,True,0.606,0.0,58.1635
SitFloor_crossedLegs,206,,Sitting,,0.609,0.0,62.207
SitFloor_crossedLegs,207,,Sitting,,0.599,0.0,58.6849
SitFloor_crossedLegs,208,,Sitting,,0.607,0.0,58.7665
SitFloor_crossedLegs,209,,Sitting,,0.61,0.0,110.3245
SitFloor_crossedLegs,210,,Sitting,,0.609,0.0,71.9118
SitFloor_crossedLegs,211,,Sitting,,0.609,0.0,57.4015
SitFloor_crossedLegs,212,,Sitting,,0.614,0.0,53.4668
SitFloor_crossedLegs,213,,Sitting,,0.616,0.0,59.0132
SitFloor_crossedLegs,214,,Sitting,,0.612,0.0,64.5029
SitFloor_crossedLegs,215,,Sitting,,0.617,0.0,55.2404
SitFloor_crossedLegs,216,,Sitting,,0.613,0.0,67.9688
SitFloor_crossedLegs,217,,Sitting,,0.611,0.0,53.4393
SitFloor_crossedLegs,218,,Sitting,,0.609,0.0,54.667
SitFloor_crossedLegs,219,,Sitting,,0.607,0.0,53.1216
SitFloor_crossedLegs,220,,Sitting,,0.606,0.0,50.9666
SitFloor_crossedLegs,221,,Sitting,,0.609,0.0,49.4331
SitFloor_crossedLegs,222,,Sitting,,0.605,0.0,50.4949
SitFloor_crossedLegs,223,,Sitting,,0.616,0.0,53.0699
SitFloor_crossedLegs,224,,Sitting,,0.615,0.0,50.0861
SitFloor_crossedLegs,225,,Sitting,,0.614,0.0,58.902
SitFloor_crossedLegs,226,,Sitting,,0.617,0.0,49.3602
SitFloor_crossedLegs,227,,Sitting,,0.62,0.0,45.7853
SitFloor_crossedLegs,228,,Sitting,,0.621,0.0,51.1977
SitFloor_crossedLegs,229,,Sitting,,0.621,0.0,58.6342
SitFloor_crossedLegs,230,,Sitting,,0.616,0.0,127.2789
SitFloor_crossedLegs,231,,Sitting,,0.6,0.0,90.9174
SitFloor_crossedLegs,232,,Sitting,,0.596,0.0,128.407
SitFloor_crossedLegs,233,,Sitting,,0.589,0.0,109.8469
SitFloor_crossedLegs,234,,Sitting,,0.573,0.0,67.9647
SitFloor_crossedLegs,235,,Sitting,,0.546,0.0,143.2417
SitFloor_crossedLegs,236,,Sitting,,0.545,0.0,85.8641
SitFloor_crossedLegs,237,,Sitting,,0.535,0.0,58.4867
SitFloor_crossedLegs,238,,Sitting,,0.535,0.0,56.2687
SitFloor_crossedLegs,239,,Sitting,,0.529,0.0,57.946
SitFloor_crossedLegs,240,,Sitting,,0.544,0.0,57.7556
SitFloor_crossedLegs,241,,Sitting,,0.543,0.0,62.9478
SitFloor_crossedLegs,242,,Sitting,,0.536,0.0,81.9003
SitFloor_crossedLegs,243,,Sitting,,0.52,0.0,132.9511
SitFloor_crossedLegs,244,,Sitting,,0.522,0.0,77.7584
SitFloor_crossedLegs,245,,Sitting,,0.533,0.0,64.4135
SitFloor_crossedLegs,246,,Sitting,,0.539,0.0,63.3918
SitFloor_crossedLegs,247,,Sitting,,0.522,0.0,84.7542
SitFloor_crossedLegs,248,,Sitting,,0.491,0.0,83.4862
SitFloor_crossedLegs,249,,Sitting,,0.445,0.0,96.2212
SitFloor_crossedLegs,250,,Sitting,,0.394,0.0,71.0757
SitFloor_crossedLegs,251,,Sitting,,0.369,0.0,61.3283
SitFloor_crossedLegs,252,,Sitting,,0.345,0.0,77.6074
SitFloor_crossedLegs,253,,Sitting,,0.307,0.0,71.0163
SitFloor_crossedLegs,254,,Sitting,,0.303,0.0,61.3857
SitFloor_crossedLegs,255,,Sitting,,0.302,0.0,70.652
SitFloor_crossedLegs,256,,Sitting,,0.307,0.0,60.4117
SitFloor_crossedLegs,257,,Sitting,,0.335,0.0,62.8588
SitFloor_crossedLegs,258,,Sitting,,0.328,0.0,65.8284
SitFloor_crossedLegs,259,,Sitting,,0.34,0.0,67.1363
SitFloor_crossedLegs,260,,Sitting,,0.342,0.0,63.578
SitFloor_crossedLegs,261,,Sitting,,0.357,0.0,71.8074
SitFloor_crossedLegs,262,,Sitting,,0.355,0.0,57.9993
SitFloor_crossedLegs,263,,Sitting,,0.345,0.0,53.007
SitFloor_crossedLegs,264,,Sitting,,0.327,0.0,77.3735
SitFloor_crossedLegs,265,,Sitting,,0.335,0.0,73.4439
SitFloor_crossedLegs,266,,Sitting,,0.317,0.0,71.3749
SitFloor_crossedLegs,267,,Lying,,0.288,0.0,60.6745
SitFloor_crossedLegs,268,,Sitting,,0.288,0.0,61.8725
SitFloor_crossedLegs,269,,Lying,,0.28,0.0,52.8535
SitFloor_crossedLegs,270,,Lying,,0.277,0.0,54.2625
SitFloor_crossedLegs,271,,Standing,,0.284,0.0,50.6164
SitFloor_crossedLegs,272,,Sitting,,0.3,0.0,56.6827
SitFloor_crossedLegs,273,,Sitting,,0.285,0.0,59.735
SitFloor_crossedLegs,274,,Sitting,,0.297,0.0,70.8552
SitFloor_crossedLegs,275,,Sitting,,0.282,0.0,66.8348
SitFloor_crossedLegs,276,,Sitting,,0.294,0.0,63.1383
SitFloor_crossedLegs,277,,Sitting,,0.27,0.0,61.6839
SitFloor_crossedLegs,278,,Standing,,0.257,0.0,73.5625
SitFloor_crossedLegs,279,,Standing,,0.248,0.0,65.5916
SitFloor_crossedLegs,280,,Standing,,0.265,0.0,62.9173
SitFloor_crossedLegs,281,,Standing,,0.311,0.0,66.2953
SitFloor_crossedLegs,282,,Standing,,0.345,0.0,73.6052
SitFloor_crossedLegs,283,,Standing,,0.355,0.0,81.2959
SitFloor_crossedLegs,284,,Standing,,0.374,0.0,95.9312
SitFloor_crossedLegs,285,,Standing,,0.385,0.0,67.256
SitFloor_crossedLegs,286,,Standing,,0.425,0.0,70.2743
SitFloor_crossedLegs,287,,Standing,,0.485,0.0,89.0192
SitFloor_crossedLegs,288,,Standing,,0.531,0.0,104.9212
SitFloor_crossedLegs,289,,Standing,,0.538,0.0,117.6091
SitFloor_lowKeypoints_crossedLegs,31,,Lying,,0.5,0.0,92.849
SitFloor_lowKeypoints_crossedLegs,32,,Lying,,0.518,0.0,80.5019
SitFloor_lowKeypoints_crossedLegs,33,,Lying,,0.538,0.0,78.1658
SitFloor_lowKeypoints_crossedLegs,34,,Lying,,0.581,0.0,73.4497
SitFloor_lowKeypoints_crossedLegs,35,,Lying,,0.575,0.0,68.0989
SitFloor_lowKeypoints_crossedLegs,36,,Lying,,0.595,0.0,65.1732
SitFloor_lowKeypoints_crossedLegs,37,,Lying,,0.579,0.0,88.3246
SitFloor_lowKeypoints_crossedLegs,38,,Lying,,0.628,0.0,88.7313
SitFloor_lowKeypoints_crossedLegs,39,,Lying,,0.594,0.0,70.2034
SitFloor_lowKeypoints_crossedLegs,40,,Lying,,0.592,0.0,66.9822
SitFloor_lowKeypoints_crossedLegs,41,,Lying,,0.564,0.0,56.8042
SitFloor_lowKeypoints_crossedLegs,42,,Lying,,0.536,0.0,58.671
SitFloor_lowKeypoints_crossedLegs,43,,Lying,,0.51,0.0,63.5187
SitFloor_lowKeypoints_crossedLegs,44,,Lying,,0.494,0.0,55.9916
SitFloor_lowKeypoints_crossedLegs,45,,Lying,,0.452,0.0,76.0837
SitFloor_lowKeypoints_crossedLegs,46,,Lying,,0.506,0.0,87.5223
SitFloor_lowKeypoints_crossedLegs,47,,Lying,,0.507,0.0,86.9268
SitFloor_lowKeypoints_crossedLegs,48,,Lying,,0.536,0.0,72.0471
SitFloor_lowKeypoints_crossedLegs,49,,Lying,,0.566,0.0,81.7016
SitFloor_lowKeypoints_crossedLegs,50,,Lying,,0.513,0.0,52.0368
SitFloor_lowKeypoints_crossedLegs,51,,Lying,,0.478,0.0,64.6284
SitFloor_lowKeypoints_crossedLegs,52,,Lying,,0.425,0.0,74.5991
SitFloor_lowKeypoints_crossedLegs,53,,Lying,,0.377,0.0,52.9166
SitFloor_lowKeypoints_crossedLegs,54,,Sitting,,0.394,0.0,52.7286
SitFloor_lowKeypoints_crossedLegs,55,,Sitting,,0.464,0.0,51.6927
SitFloor_lowKeypoints_crossedLegs,56,,Sitting,,0.492,0.0,48.932
SitFloor_lowKeypoints_crossedLegs,57,,Sitting,,0.57,0.0,65.6661
SitFloor_lowKeypoints_crossedLegs,58,,Sitting,,0.608,0.0,51.7643
SitFloor_lowKeypoints_crossedLegs,59,,Sitting,,0.585,0.0,53.7558
SitFloor_lowKeypoints_crossedLegs,60,,Sitting,,0.575,0.0,45.8678
SitFloor_lowKeypoints_crossedLegs,61,,Sitting,,0.57,0.0,63.717
SitFloor_lowKeypoints_crossedLegs,62,,Sitting,,0.578,0.0,66.8246
SitFloor_lowKeypoints_crossedLegs,63,,Sitting,,0.593,0.0,59.4278
SitFloor_lowKeypoints_crossedLegs,64,,Sitting,,0.558,0.0,61.2583
SitFloor_lowKeypoints_crossedLegs,65,,Sitting,,0.54,0.0,70.8833
SitFloor_lowKeypoints_crossedLegs,66,,Sitting,,0.516,0.0,63.2717
SitFloor_lowKeypoints_crossedLegs,67,,Sitting,,0.466,0.0,76.4496
SitFloor_lowKeypoints_crossedLegs,68,,Sitting,,0.407,0.0,67.0522
SitFloor_lowKeypoints_crossedLegs,69,,Sitting,,0.367,0.0,69.8396
SitFloor_lowKeypoints_crossedLegs,70,,Sitting,,0.337,0.0,71.6894
SitFloor_lowKeypoints_crossedLegs,71,,Sitting,,0.322,0.0,71.9113
SitFloor_lowKeypoints_crossedLegs,72,,Standing,,0.33,0.0,50.5868
SitFloor_lowKeypoints_crossedLegs,73,,Standing,,0.349,0.0,46.9798
SitFloor_lowKeypoints_crossedLegs,74,,Standing,,0.363,0.0,49.8424
SitFloor_lowKeypoints_crossedLegs,75,,Standing,,0.367,0.0,63.5862
SitFloor_lowKeypoints_crossedLegs,76,,Standing,,0.379,0.0,63.3204
SitFloor_lowKeypoints_crossedLegs,77,,Standing,,0.374,0.0,55.1233
SitFloor_lowKeypoints_crossedLegs,78,,Standing,,0.388,0.0,57.8799
SitFloor_lowKeypoints_crossedLegs,79,,Standing,,0.394,0.0,59.357
SitFloor_lowKeypoints_crossedLegs,80,,Standing,,0.4,0.0,59.4396
SitFloor_lowKeypoints_crossedLegs,81,,Standing,,0.404,0.0,61.6797
SitFloor_lowKeypoints_crossedLegs,82,,Standing,,0.414,0.0,61.1346
SitFloor_lowKeypoints_crossedLegs,83,,Standing,,0.425,0.0,58.6869
SitFloor_lowKeypoints_crossedLegs,84,,Standing,,0.435,0.0,52.2638
SitFloor_lowKeypoints_crossedLegs,85,,Standing,,0.44,0.0,50.2455
SitFloor_lowKeypoints_crossedLegs,86,Sitting,Standing,False,0.44,0.0,56.4405
SitFloor_lowKeypoints_crossedLegs,87,Sitting,Standing,False,0.447,0.0,58.2463
SitFloor_lowKeypoints_crossedLegs,88,Sitting,Standing,False,0.461,0.0,60.0389
SitFloor_lowKeypoints_crossedLegs,89,Sitting,Standing,False,0.465,0.0,51.569
SitFloor_lowKeypoints_crossedLegs,90,Sitting,Standing,False,0.465,0.0,76.4584
SitFloor_lowKeypoints_crossedLegs,91,Sitting,Standing,False,0.457,0.0,57.5853
SitFloor_lowKeypoints_crossedLegs,92,Sitting,Standing,False,0.414,0.0,55.8873
SitFloor_lowKeypoints_crossedLegs,93,Sitting,Standing,False,0.399,0.0,52.1634
SitFloor_lowKeypoints_crossedLegs,94,Sitting,Standing,False,0.401,0.0,81.5777
SitFloor_lowKeypoints_crossedLegs,95,Sitting,Standing,False,0.363,0.0,51.7237
SitFloor_lowKeypoints_crossedLegs,96,Sitting,Standing,False,0.355,0.0,53.0181
SitFloor_lowKeypoints_crossedLegs,97,Sitting,Standing,False,0.345,0.0,48.1705
SitFloor_lowKeypoints_crossedLegs,98,Sitting,Standing,False,0.331,0.0,79.9284
SitFloor_lowKeypoints_crossedLegs,99,Sitting,Sitting,True,0.325,0.0,72.2409
SitFloor_lowKeypoints_crossedLegs,100,Sitting,Sitting,True,0.327,0.0,89.465
SitFloor_lowKeypoints_crossedLegs,101,Sitting,Sitting,True,0.334,0.0,83.4781
SitFloor_lowKeypoints_crossedLegs,102,Sitting,Sitting,True,0.319,0.0,74.9699
SitFloor_lowKeypoints_crossedLegs,103,Sitting,Sitting,True,0.314,0.0,73.2876
SitFloor_lowKeypoints_crossedLegs,104,Sitting,Sitting,True,0.3,0.0,79.973
SitFloor_lowKeypoints_crossedLegs,105,Sitting,Sitting,True,0.298,0.0,79.7684
SitFloor_lowKeypoints_crossedLegs,106,Sitting,Sitting,True,0.329,0.0,89.5433
SitFloor_lowKeypoints_crossedLegs,107,Sitting,Sitting,True,0.373,0.0,69.9065
SitFloor_lowKeypoints_crossedLegs,108,Sitting,Sitting,True,0.353,0.0,76.782
SitFloor_lowKeypoints_crossedLegs,109,Sitting,Sitting,True,0.349,0.0,91.811
SitFloor_lowKeypoints_crossedLegs,110,Sitting,Sitting,True,0.407,0.0,91.5781
SitFloor_lowKeypoints_crossedLegs,111,Sitting,Sitting,True,0.439,0.0,64.4034
SitFloor_lowKeypoints_crossedLegs,112,Sitting,Sitting,True,0.454,0.0,62.8307
SitFloor_lowKeypoints_crossedLegs,113,Sitting,Sitting,True,0.45,0.0,75.2334
SitFloor_lowKeypoints_crossedLegs,114,Sitting,Sitting,True,0.457,0.0,69.3434
SitFloor_lowKeypoints_crossedLegs,115,Sitting,Sitting,True,0.481,0.0,65.3754
SitFloor_lowKeypoints_crossedLegs,116,Sitting,Sitting,True,0.509,0.0,71.7229
SitFloor_lowKeypoints_crossedLegs,117,Sitting,Sitting,True,0.526,0.0,81.1683
SitFloor_lowKeypoints_crossedLegs,118,Sitting,Sitting,True,0.558,0.0,69.5782
SitFloor_lowKeypoints_crossedLegs,119,Sitting,Sitting,True,0.583,0.0,70.1744
SitFloor_lowKeypoints_crossedLegs,120,Sitting,Sitting,True,0.611,0.0,71.6298
SitFloor_lowKeypoints_crossedLegs,121,Sitting,Sitting,True,0.597,0.0,59.3688
SitFloor_lowKeypoints_crossedLegs,122,Sitting,Sitting,True,0.582,0.0,61.8362
SitFloor_lowKeypoints_crossedLegs,123,Sitting,Sitting,True,0.597,0.0,65.0557
SitFloor_lowKeypoints_crossedLegs,124,Sitting,Sitting,True,0.634,0.0,62.9408
SitFloor_lowKeypoints_crossedLegs,125,Sitting,Sitting,True,0.622,0.0,62.9601
SitFloor_lowKeypoints_crossedLegs,126,Sitting,Sitting,True,0.61,0.0,59.5184
SitFloor_lowKeypoints_crossedLegs,127,Sitting,Sitting,True,0.623,0.0,62.8917
SitFloor_lowKeypoints_crossedLegs,128,Sitting,Sitting,True,0.619,0.0,59.7678
SitFloor_lowKeypoints_crossedLegs,129,Sitting,Sitting,True,0.618,0.0,73.5543
SitFloor_lowKeypoints_crossedLegs,130,Sitting,Sitting,True,0.641,0.0,61.1975
SitFloor_lowKeypoints_crossedLegs,131,Sitting,Sitting,True,0.65,0.0,64.5646
SitFloor_lowKeypoints_crossedLegs,132,Sitting,Sitting,True,0.63,0.0,63.8051
SitFloor_lowKeypoints_crossedLegs,133,Sitting,Sitting,True,0.65,0.0,61.6208
SitFloor_lowKeypoints_crossedLegs,134,Sitting,Sitting,True,0.634,0.0,81.0851
SitFloor_lowKeypoints_crossedLegs,135,Sitting,Sitting,True,0.638,0.0,59.6203
SitFloor_lowKeypoints_crossedLegs,136,Sitting,Sitting,True,0.644,0.0,62.5271
SitFloor_lowKeypoints_crossedLegs,137,Sitting,Sitting,True,0.644,0.0,70.6354
SitFloor_lowKeypoints_crossedLegs,138,Sitting,Sitting,True,0.616,0.0,72.8219
SitFloor_lowKeypoints_crossedLegs,139,Sitting,Sitting,True,0.654,0.0,84.8282
SitFloor_lowKeypoints_crossedLegs,140,Sitting,Sitting,True,0.659,0.0,55.94
SitFloor_lowKeypoints_crossedLegs,141,Sitting,Sitting,True,0.654,0.0,68.0388
SitFloor_lowKeypoints_crossedLegs,142,Sitting,Sitting,True,0.633,0.0,82.1202
SitFloor_lowKeypoints_crossedLegs,143,Sitting,Sitting,True,0.636,0.0,100.0422
SitFloor_lowKeypoints_crossedLegs,144,Sitting,Sitting,True,0.659,0.0,110.772
SitFloor_lowKeypoints_crossedLegs,145,Sitting,Sitting,True,0.638,0.0,84.7577
SitFloor_lowKeypoints_crossedLegs,146,Sitting,Sitting,True,0.583,0.0,81.9559
SitFloor_lowKeypoints_crossedLegs,147,Sitting,Sitting,True,0.547,0.0,69.7956
SitFloor_lowKeypoints_crossedLegs,148,Sitting,Sitting,True,0.546,0.0,106.0421
SitFloor_lowKeypoints_crossedLegs,149,Sitting,Sitting,True,0.541,0.0,60.9142
SitFloor_lowKeypoints_crossedLegs,150,Sitting,Sitting,True,0.498,0.0,85.4891
SitFloor_lowKeypoints_crossedLegs,151,Sitting,Sitting,True,0.479,0.0,70.8093
SitFloor_lowKeypoints_crossedLegs,152,Sitting,Sitting,True,0.45,0.0,78.345
SitFloor_lowKeypoints_crossedLegs,153,Sitting,Sitting,True,0.43,0.0,71.7272
SitFloor_lowKeypoints_crossedLegs,154,Sitting,Sitting,True,0.408,0.0,92.4188
SitFloor_lowKeypoints_crossedLegs,155,Sitting,Sitting,True,0.394,0.0,64.4457
SitFloor_lowKeypoints_crossedLegs,156,Sitting,Sitting,True,0.395,0.0,55.3081
SitFloor_lowKeypoints_crossedLegs,157,Sitting,Sitting,True,0.384,0.0,116.8808
SitFloor_lowKeypoints_crossedLegs,158,Sitting,Sitting,True,0.342,0.0,85.2379
SitFloor_lowKeypoints_crossedLegs,159,Sitting,Sitting,True,0.349,0.0,76.978
SitFloor_lowKeypoints_crossedLegs,160,Sitting,Sitting,True,0.314,0.0,72.9212
SitFloor_lowKeypoints_crossedLegs,161,Sitting,Sitting,True,0.328,0.0,63.069
SitFloor_lowKeypoints_crossedLegs,162,Sitting,Sitting,True,0.323,0.0,74.4891
SitFloor_lowKeypoints_crossedLegs,163,Sitting,Sitting,True,0.309,0.0,62.5495
SitFloor_lowKeypoints_crossedLegs,164,Sitting,Sitting,True,0.333,0.0,93.6431
SitFloor_lowKeypoints_crossedLegs,165,Sitting,Sitting,True,0.344,0.0,69.422
SitFloor_lowKeypoints_crossedLegs,166,Sitting,Sitting,True,0.378,0.0,74.2644
SitFloor_lowKeypoints_crossedLegs,167,Sitting,Sitting,True,0.381,0.0,61.5864
SitFloor_lowKeypoints_crossedLegs,168,Sitting,Sitting,True,0.383,0.0,68.2062
SitFloor_lowKeypoints_crossedLegs,169,Sitting,Sitting,True,0.43,0.0,83.5801
SitFloor_lowKeypoints_crossedLegs,170,Sitting,Sitting,True,0.473,0.0,66.3138
SitFloor_lowKeypoints_crossedLegs,171,Sitting,Sitting,True,0.454,0.0,68.1722
SitFloor_lowKeypoints_crossedLegs,172,Sitting,Sitting,True,0.461,0.0,80.9326
SitFloor_lowKeypoints_crossedLegs,173,Sitting,Sitting,True,0.45,0.0,73.9882
SitFloor_lowKeypoints_crossedLegs,174,Sitting,Sitting,True,0.467,0.0,62.9973
SitFloor_lowKeypoints_crossedLegs,175,Sitting,Sitting,True,0.445,0.0,66.42
SitFloor_lowKeypoints_crossedLegs,176,Sitting,Sitting,True,0.404,0.0,66.3282
SitFloor_lowKeypoints_crossedLegs,177,Sitting,Sitting,True,0.385,0.0,60.8545
SitFloor_lowKeypoints_crossedLegs,178,Sitting,Sitting,True,0.384,0.0,64.9246
SitFloor_lowKeypoints_crossedLegs,179,Sitting,Sitting,True,0.402,0.0,65.0224
SitFloor_lowKeypoints_crossedLegs,180,Sitting,Sitting,True,0.367,0.0,73.1603
SitFloor_lowKeypoints_crossedLegs,181,Sitting,Sitting,True,0.378,0.0,81.0526
SitFloor_lowKeypoints_crossedLegs,182,Sitting,Sitting,True,0.422,0.0,68.6116
SitFloor_lowKeypoints_crossedLegs,183,Sitting,Sitting,True,0.441,0.0,66.5634
SitFloor_lowKeypoints_crossedLegs,184,Sitting,Sitting,True,0.473,0.0,58.8747
SitFloor_lowKeypoints_crossedLegs,185,Sitting,Sitting,True,0.503,0.0,67.3689
SitFloor_lowKeypoints_crossedLegs,186,Sitting,Sitting,True,0.532,0.0,67.1037
SitFloor_lowKeypoints_crossedLegs,187,Sitting,Sitting,True,0.552,0.0,56.2738
SitFloor_lowKeypoints_crossedLegs,188,Sitting,Sitting,True,0.556,0.0,57.8647
SitFloor_lowKeypoints_crossedLegs,189,Sitting,Sitting,True,0.598,0.0,78.9905
SitFloor_lowKeypoints_crossedLegs,190,Sitting,Sitting,True,0.591,0.0,75.2112
SitFloor_lowKeypoints_crossedLegs,191,Sitting,Sitting,True,0.602,0.0,69.8281
SitFloor_lowKeypoints_crossedLegs,192,Sitting,Sitting,True,0.602,0.0,80.5671
SitFloor_lowKeypoints_crossedLegs,193,Sitting,Sitting,True,0.618,0.0,65.6899
SitFloor_lowKeypoints_crossedLegs,194,Sitting,Sitting,True,0.624,0.0,66.67
SitFloor_lowKeypoints_crossedLegs,195,Sitting,Sitting,True,0.63,0.0,60.8631
SitFloor_lowKeypoints_crossedLegs,196,Sitting,Sitting,True,0.625,0.0,52.3153
SitFloor_lowKeypoints_crossedLegs,197,Sitting,Sitting,True,0.619,0.0,69.3971
SitFloor_lowKeypoints_crossedLegs,198,Sitting,Sitting,True,0.597,0.0,79.4635
SitFloor_lowKeypoints_crossedLegs,199,Sitting,Sitting,True,0.597,0.0,62.52
SitFloor_lowKeypoints_crossedLegs,200,Sitting,Sitting,True,0.597,0.0,82.0012
SitFloor_lowKeypoints_crossedLegs,201,,Sitting,,0.591,0.0,75.678
SitFloor_lowKeypoints_crossedLegs,202,,Sitting,,0.599,0.0,61.244
SitFloor_lowKeypoints_crossedLegs,203,,Sitting,,0.598,0.0,63.9125
SitFloor_lowKeypoints_crossedLegs,204,,Sitting,,0.592,0.0,69.9477
SitFloor_lowKeypoints_crossedLegs,205,,Sitting,,0.6,0.0,66.6103
SitFloor_lowKeypoints_crossedLegs,206,,Sitting,,0.597,0.0,62.9388
SitFloor_lowKeypoints_crossedLegs,207,,Sitting,,0.577,0.0,63.2188
SitFloor_lowKeypoints_crossedLegs,208,,Sitting,,0.59,0.0,58.1753
SitFloor_lowKeypoints_crossedLegs,209,,Sitting,,0.577,0.0,68.754
SitFloor_lowKeypoints_crossedLegs,210,,Sitting,,0.584,0.0,69.4688
SitFloor_lowKeypoints_crossedLegs,211,,Sitting,,0.569,0.0,65.5107
SitFloor_lowKeypoints_crossedLegs,212,,Sitting,,0.577,0.0,66.0073
SitFloor_lowKeypoints_crossedLegs,213,,Sitting,,0.574,0.0,74.7274
SitFloor_lowKeypoints_crossedLegs,214,,Sitting,,0.565,0.0,71.3703
SitFloor_lowKeypoints_crossedLegs,215,,Sitting,,0.559,0.0,73.0681
SitFloor_lowKeypoints_crossedLegs,216,,Sitting,,0.533,0.0,62.4897
SitFloor_lowKeypoints_crossedLegs,217,,Sitting,,0.534,0.0,62.6056
SitFloor_lowKeypoints_crossedLegs,218,,Sitting,,0.506,0.0,63.6867
SitFloor_lowKeypoints_crossedLegs,219,,Sitting,,0.473,0.0,63.2434
SitFloor_lowKeypoints_crossedLegs,220,,Sitting,,0.453,0.0,58.645
SitFloor_lowKeypoints_crossedLegs,221,,Sitting,,0.436,0.0,55.5669
SitFloor_lowKeypoints_crossedLegs,222,,Sitting,,0.386,0.0,51.3867
SitFloor_lowKeypoints_crossedLegs,223,,Sitting,,0.374,0.0,61.444
SitFloor_lowKeypoints_crossedLegs,224,,Sitting,,0.355,0.0,61.126
SitFloor_lowKeypoints_crossedLegs,225,,Sitting,,0.338,0.0,65.5808
SitFloor_lowKeypoints_crossedLegs,226,,Sitting,,0.326,0.0,52.6617
SitFloor_lowKeypoints_crossedLegs,227,,Sitting,,0.323,0.0,58.1668
SitFloor_lowKeypoints_crossedLegs,228,,Sitting,,0.326,0.0,62.0457
SitFloor_lowKeypoints_crossedLegs,229,,Sitting,,0.317,0.0,55.921
SitFloor_lowKeypoints_crossedLegs,230,,Sitting,,0.33,0.0,55.4051
SitFloor_lowKeypoints_crossedLegs,231,,Sitting,,0.323,0.0,55.1557
SitFloor_lowKeypoints_crossedLegs,232,,Sitting,,0.308,0.0,49.4659
SitFloor_lowKeypoints_crossedLegs,233,,Sitting,,0.316,0.0,60.6008
SitFloor_lowKeypoints_crossedLegs,234,,Standing,,0.318,0.0,53.1121
SitFloor_lowKeypoints_crossedLegs,235,,Sitting,,0.319,0.0,60.6415
SitFloor_lowKeypoints_crossedLegs,236,,Sitting,,0.317,0.0,54.4964
SitFloor_lowKeypoints_crossedLegs,237,,Standing,,0.322,0.0,47.3178
SitFloor_lowKeypoints_crossedLegs,238,,Standing,,0.332,0.0,44.0427
SitFloor_lowKeypoints_crossedLegs,239,,Standing,,0.31,0.0,45.4037
SitFloor_lowKeypoints_crossedLegs,240,,Standing,,0.304,0.0,47.3388
SitFloor_lowKeypoints_crossedLegs,241,,Standing,,0.315,0.0,50.6162
SitFloor_lowKeypoints_crossedLegs,242,,Standing,,0.317,0.0,59.6255
SitFloor_lowKeypoints_crossedLegs,243,,Standing,,0.305,0.0,48.8008
SitFloor_lowKeypoints_crossedLegs,244,,Standing,,0.31,0.0,54.5305
SitFloor_lowKeypoints_crossedLegs,245,,Standing,,0.309,0.0,57.2665
SitFloor_lowKeypoints_crossedLegs,246,,Standing,,0.32,0.0,55.6083
SitFloor_lowKeypoints_crossedLegs,247,,Sitting,,0.302,0.0,58.4996
SitFloor_lowKeypoints_crossedLegs,248,,Sitting,,0.314,0.0,40.1809
SitFloor_lowKeypoints_crossedLegs,249,,Sitting,,0.31,0.0,47.6859
SitFloor_lowKeypoints_crossedLegs,250,,Standing,,0.3,0.0,56.7572
SitFloor_lowKeypoints_crossedLegs,251,,Sitting,,0.294,0.0,54.1151
SitFloor_lowKeypoints_crossedLegs,252,,Sitting,,0.291,0.0,36.4261
SitFloor_lowKeypoints_crossedLegs,253,,Sitting,,0.306,0.0,41.1171
SitFloor_lowKeypoints_crossedLegs,254,,Sitting,,0.304,0.0,39.4932
SitFloor_lowKeypoints_crossedLegs,255,,Sitting,,0.32,0.0,47.796
SitFloor_lowKeypoints_crossedLegs,256,,Sitting,,0.375,0.0,43.7701
SitFloor_lowKeypoints_crossedLegs,257,,Sitting,,0.406,0.0,37.7079
SitFloor_lowKeypoints_crossedLegs,258,,Sitting,,0.471,0.0,37.871
SitFloor_lowKeypoints_crossedLegs,259,,Sitting,,0.5,0.0,44.1053
SitFloor_lowKeypoints_crossedLegs,260,,Sitting,,0.535,0.0,42.5943
SitFloor_lowKeypoints_crossedLegs,261,,Sitting,,0.563,0.0,37.7625
SitFloor_lowKeypoints_crossedLegs,262,,Sitting,,0.547,0.0,38.9668
SitFloor_lowKeypoints_crossedLegs,263,,Sitting,,0.55,0.0,41.5585
SitFloor_lowKeypoints_crossedLegs,264,,Sitting,,0.55,0.0,59.832
SitFloor_lowKeypoints_crossedLegs,265,,Sitting,,0.552,0.0,53.7431
SitFloor_lowKeypoints_crossedLegs,266,,Sitting,,0.552,0.0,55.2851
SitFloor_lowKeypoints_crossedLegs,267,,Sitting,,0.567,0.0,39.7684
SitFloor_lowKeypoints_crossedLegs,268,,Sitting,,0.577,0.0,62.1653
SitFloor_lowKeypoints_crossedLegs,269,,Sitting,,0.571,0.0,62.13
SitFloor_lowKeypoints_crossedLegs,270,,Sitting,,0.556,0.0,66.6037
SitFloor_lowKeypoints_crossedLegs,271,,Sitting,,0.554,0.0,57.2303
SitFloor_lowKeypoints_crossedLegs,272,,Sitting,,0.517,0.0,59.0295
SitFloor_lowKeypoints_crossedLegs,273,,Sitting,,0.546,0.0,39.2802
SitFloor_lowKeypoints_crossedLegs,274,,Sitting,,0.551,0.0,112.5372
SitFloor_lowKeypoints_crossedLegs,275,,Sitting,,0.54,0.0,66.6972
SitFloor_lowKeypoints_crossedLegs,276,,Sitting,,0.541,0.0,58.7962
SitFloor_lowKeypoints_crossedLegs,277,,Sitting,,0.519,0.0,62.609
SitFloor_lowKeypoints_crossedLegs,278,,Sitting,,0.508,0.0,39.6527
SitFloor_lowKeypoints_crossedLegs,279,,Sitting,,0.497,0.0,49.1158
SitFloor_lowKeypoints_crossedLegs,280,,Sitting,,0.505,0.0,49.4773
SitFloor_lowKeypoints_crossedLegs,281,,Sitting,,0.404,0.0,52.4684
SitFloor_lowKeypoints_crossedLegs,282,,Sitting,,0.445,0.0,47.4578
SitFloor_lowKeypoints_crossedLegs,283,,Sitting,,0.426,0.0,47.0324
SitFloor_lowKeypoints_crossedLegs,284,,Sitting,,0.452,0.0,54.8339
SitFloor_lowKeypoints_crossedLegs,285,,Sitting,,0.414,0.0,58.1292
SitFloor_lowKeypoints_crossedLegs,286,,Sitting,,0.457,0.0,63.9975
SitFloor_lowKeypoints_crossedLegs,287,,Sitting,,0.382,0.0,53.603
SitFloor_lowKeypoints_crossedLegs,288,,Sitting,,0.362,0.0,56.2626
SitFloor_lowKeypoints_crossedLegs,289,,Sitting,,0.355,0.0,61.6567
SitFloor_lowKeypoints_crossedLegs,290,,Sitting,,0.374,0.0,37.4576
SitFloor_lowKeypoints_crossedLegs,291,,Sitting,,0.368,0.0,33.1667
SitFloor_lowKeypoints_crossedLegs,292,,Sitting,,0.339,0.0,45.9353
SitFloor_lowKeypoints_crossedLegs,293,,Sitting,,0.311,0.0,39.7908
SitFloor_lowKeypoints_crossedLegs,294,,Standing,,0.285,0.0,34.2379
SitFloor_lowKeypoints_crossedLegs,295,,Standing,,0.327,0.0,44.1338
SitFloor_lowKeypoints_crossedLegs,296,,Standing,,0.329,0.0,46.0955
SitFloor_lowKeypoints_crossedLegs,297,,Standing,,0.345,0.0,31.1933
SitFloor_lowKeypoints_crossedLegs,298,,Standing,,0.336,0.0,35.639
SitFloor_lowKeypoints_crossedLegs,299,,Standing,,0.325,0.0,29.803
SitFloor_lowKeypoints_crossedLegs,300,,Standing,,0.334,0.0,33.4807
SitFloor_lowKeypoints_crossedLegs,301,,Standing,,0.357,0.0,27.3148
SitFloor_lowKeypoints_crossedLegs,302,,Standing,,0.37,0.0,31.5408
SitFloor_lowKeypoints_crossedLegs,303,,Standing,,0.388,0.0,29.6213
SitFloor_lowKeypoints_crossedLegs,304,,Standing,,0.417,0.0,27.1046
SitFloor_lowKeypoints_crossedLegs,305,,Standing,,0.445,0.0,38.7933
SitFloor_lowKeypoints_crossedLegs,306,,Standing,,0.521,0.0,36.4388
SitFloor_lowKeypoints_crossedLegs,307,,Standing,,0.567,0.0,25.0951
SitFloor_lowKeypoints_crossedLegs,308,,Standing,,0.586,0.0,33.9347
SitFloor_lowKeypoints_crossedLegs,309,,Standing,,0.627,0.0,23.2599
SitFloor_lowKeypoints_crossedLegs,310,,Standing,,0.637,0.0,24.8255
SitFloor_lowKeypoints_crossedLegs,311,,Standing,,0.642,0.0,23.7106
SitFloor_lowKeypoints_crossedLegs,312,,Standing,,0.661,0.0,22.946
SitFloor_lowKeypoints_crossedLegs,313,,Standing,,0.66,0.0,25.8904
SitFloor_lowKeypoints_crossedLegs,314,,Standing,,0.636,0.0,22.8069
SitFloor_lowKeypoints_crossedLegs,315,,Standing,,0.642,0.0,23.5149
SitFloor_lowKeypoints,31,Standing,Standing,True,0.984,0.0,21.8098
SitFloor_lowKeypoints,32,Standing,Standing,True,0.985,0.0,21.9162
SitFloor_lowKeypoints,33,Standing,Standing,True,0.984,0.0,24.3569
SitFloor_lowKeypoints,34,Standing,Standing,True,0.982,0.0,32.9849
SitFloor_lowKeypoints,35,Standing,Standing,True,0.982,0.0,26.9497
SitFloor_lowKeypoints,36,Standing,Standing,True,0.981,0.0,29.1919
SitFloor_lowKeypoints,37,Standing,Standing,True,0.979,0.0,43.995
SitFloor_lowKeypoints,38,Standing,Standing,True,0.979,0.0,28.0069
SitFloor_lowKeypoints,39,Standing,Standing,True,0.977,0.0,27.6677
SitFloor_lowKeypoints,40,Standing,Standing,True,0.976,0.0,29.3811
SitFloor_lowKeypoints,41,Standing,Standing,True,0.965,0.0,22.585
SitFloor_lowKeypoints,42,Standing,Standing,True,0.954,0.0,24.6671
SitFloor_lowKeypoints,43,Standing,Standing,True,0.957,0.0,23.713
SitFloor_lowKeypoints,44,Standing,Standing,True,0.957,0.0,23.1534
SitFloor_lowKeypoints,45,Standing,Standing,True,0.958,0.0,22.5166
SitFloor_lowKeypoints,46,Standing,Standing,True,0.956,0.0,22.2976
SitFloor_lowKeypoints,47,Standing,Standing,True,0.961,0.0,22.7244
SitFloor_lowKeypoints,48,Standing,Standing,True,0.955,0.0,22.8653
SitFloor_lowKeypoints,49,Standing,Standing,True,0.952,0.0,24.2035
SitFloor_lowKeypoints,50,Standing,Standing,True,0.955,0.0,24.383
SitFloor_lowKeypoints,51,Standing,Standing,True,0.961,0.0,22.2297
SitFloor_lowKeypoints,52,Standing,Standing,True,0.956,0.0,21.3442
SitFloor_lowKeypoints,53,Standing,Standing,True,0.954,0.0,21.053
SitFloor_lowKeypoints,54,Standing,Standing,True,0.953,0.0,26.0232
SitFloor_lowKeypoints,55,Standing,Standing,True,0.949,0.0,21.4758
SitFloor_lowKeypoints,56,Standing,Standing,True,0.951,0.0,22.7266
SitFloor_lowKeypoints,57,Standing,Standing,True,0.95,0.0,21.4667
SitFloor_lowKeypoints,58,,Standing,,0.948,0.0,22.0295
SitFloor_lowKeypoints,59,,Standing,,0.946,0.0,22.0425
SitFloor_lowKeypoints,60,,Standing,,0.941,0.0,23.9356
SitFloor_lowKeypoints,61,,Standing,,0.941,0.0,21.7312
SitFloor_lowKeypoints,62,,Standing,,0.922,0.0,21.3252
SitFloor_lowKeypoints,63,,Standing,,0.884,0.0,20.576
SitFloor_lowKeypoints,64,,Standing,,0.868,0.0,20.1885
SitFloor_lowKeypoints,65,,Standing,,0.866,0.0,21.3989
SitFloor_lowKeypoints,66,,Standing,,0.84,0.0,25.8075
SitFloor_lowKeypoints,67,,Standing,,0.838,0.0,22.7284
SitFloor_lowKeypoints,68,,Standing,,0.82,0.0,26.5504
SitFloor_lowKeypoints,69,,Standing,,0.811,0.0,23.85
SitFloor_lowKeypoints,70,,Standing,,0.799,0.0,25.7084
SitFloor_lowKeypoints,71,,Standing,,0.806,0.0,22.5315
SitFloor_lowKeypoints,72,,Standing,,0.812,0.0,29.0513
SitFloor_lowKeypoints,73,,Standing,,0.814,0.0,22.3118
SitFloor_lowKeypoints,74,,Standing,,0.827,0.0,30.2672
SitFloor_lowKeypoints,75,,Standing,,0.805,0.0,30.16
SitFloor_lowKeypoints,76,,Standing,,0.703,0.0,26.94
SitFloor_lowKeypoints,77,,Standing,,0.634,0.0,28.7311
SitFloor_lowKeypoints,78,,Standing,,0.563,0.0,31.319
SitFloor_lowKeypoints,79,,Standing,,0.492,0.0,24.2017
SitFloor_lowKeypoints,80,,Standing,,0.4,0.0,24.377
SitFloor_lowKeypoints,81,,Standing,,0.343,0.0,31.9389
SitFloor_lowKeypoints,82,,Sitting,,0.265,0.0,34.5622
SitFloor_lowKeypoints,83,,Sitting,,0.253,0.0,24.5048
SitFloor_lowKeypoints,84,,Lying,,0.32,0.0,30.936
SitFloor_lowKeypoints,85,,Lying,,0.361,0.0,28.3517
SitFloor_lowKeypoints,86,,Lying,,0.39,0.0,29.7236
SitFloor_lowKeypoints,87,,Lying,,0.421,0.0,29.2782
SitFloor_lowKeypoints,88,,Lying,,0.45,0.0,33.2607
SitFloor_lowKeypoints,89,,Lying,,0.465,0.0,38.6164
SitFloor_lowKeypoints,90,,Lying,,0.522,0.0,54.3772
SitFloor_lowKeypoints,91,,Lying,,0.519,0.0,39.0393
SitFloor_lowKeypoints,92,,Lying,,0.519,0.0,51.8357
SitFloor_lowKeypoints,93,,Lying,,0.56,0.0,43.6556
SitFloor_lowKeypoints,94,,Lying,,0.546,0.0,39.2379
SitFloor_lowKeypoints,95,,Lying,,0.542,0.0,40.8197
SitFloor_lowKeypoints,96,,Lying,,0.554,0.0,46.9026
SitFloor_lowKeypoints,97,,Lying,,0.591,0.0,42.8806
SitFloor_lowKeypoints,98,,Lying,,0.598,0.0,43.2056
SitFloor_lowKeypoints,99,,Lying,,0.592,0.0,53.2034
SitFloor_lowKeypoints,100,,Lying,,0.591,0.0,55.9435
SitFloor_lowKeypoints,101,,Lying,,0.58,0.0,37.1958
SitFloor_lowKeypoints,102,,Lying,,0.596,0.0,30.0697
SitFloor_lowKeypoints,103,,Lying,,0.617,0.0,54.5799
SitFloor_lowKeypoints,104,,Lying,,0.617,0.0,47.1188
SitFloor_lowKeypoints,105,,Lying,,0.583,0.0,50.1434
SitFloor_lowKeypoints,106,,Lying,,0.541,0.0,51.6663
SitFloor_lowKeypoints,107,,Lying,,0.493,0.0,49.4651
SitFloor_lowKeypoints,108,,Lying,,0.439,0.0,51.7908
SitFloor_lowKeypoints,109,,Lying,,0.417,0.0,52.7446
SitFloor_lowKeypoints,110,,Lying,,0.371,0.0,62.4936
SitFloor_lowKeypoints,111,,Lying,,0.334,0.0,50.3958
SitFloor_lowKeypoints,112,,Lying,,0.337,0.0,50.904
SitFloor_lowKeypoints,113,,Sitting,,0.35,0.0,43.3403
SitFloor_lowKeypoints,114,,Sitting,,0.398,0.0,54.9175
SitFloor_lowKeypoints,115,,Sitting,,0.481,0.0,51.1928
SitFloor_lowKeypoints,116,,Sitting,,0.529,0.0,42.5683
SitFloor_lowKeypoints,117,Sitting,Sitting,True,0.584,0.0,38.4485
SitFloor_lowKeypoints,118,Sitting,Sitting,True,0.655,0.0,36.0994
SitFloor_lowKeypoints,119,Sitting,Sitting,True,0.692,0.0,46.917
SitFloor_lowKeypoints,120,Sitting,Sitting,True,0.674,0.0,32.9478
SitFloor_lowKeypoints,121,Sitting,Sitting,True,0.66,0.0,29.628
SitFloor_lowKeypoints,122,Sitting,Sitting,True,0.625,0.0,37.8128
SitFloor_lowKeypoints,123,Sitting,Sitting,True,0.578,0.0,31.7395
SitFloor_lowKeypoints,124,Sitting,Sitting,True,0.573,0.0,28.8646
SitFloor_lowKeypoints,125,Sitting,Sitting,True,0.552,0.0,28.8881
SitFloor_lowKeypoints,126,Sitting,Sitting,True,0.495,0.0,34.3448
SitFloor_lowKeypoints,127,Sitting,Sitting,True,0.458,0.0,29.361
SitFloor_lowKeypoints,128,Sitting,Sitting,True,0.419,0.0,28.1746
SitFloor_lowKeypoints,129,Sitting,Sitting,True,0.397,0.0,32.5937
SitFloor_lowKeypoints,130,Sitting,Sitting,True,0.366,0.0,33.2953
SitFloor_lowKeypoints,131,Sitting,Sitting,True,0.34,0.0,27.0429
SitFloor_lowKeypoints,132,Sitting,Standing,False,0.331,0.0,31.9604
SitFloor_lowKeypoints,133,Sitting,Standing,False,0.335,0.0,26.7542
SitFloor_lowKeypoints,134,Sitting,Standing,False,0.347,0.0,25.7827
SitFloor_lowKeypoints,135,Sitting,Standing,False,0.359,0.0,27.3738
SitFloor_lowKeypoints,136,Sitting,Standing,False,0.366,0.0,26.0406
SitFloor_lowKeypoints,137,Sitting,Standing,False,0.372,0.0,26.1364
SitFloor_lowKeypoints,138,Sitting,Standing,False,0.374,0.0,25.5379
SitFloor_lowKeypoints,139,Sitting,Standing,False,0.39,0.0,25.9042
SitFloor_lowKeypoints,140,Sitting,Standing,False,0.382,0.0,27.2677
SitFloor_lowKeypoints,141,Sitting,Standing,False,0.394,0.0,38.1572
SitFloor_lowKeypoints,142,Sitting,Standing,False,0.41,0.0,33.0412
SitFloor_lowKeypoints,143,Sitting,Standing,False,0.41,0.0,35.9305
SitFloor_lowKeypoints,144,Sitting,Standing,False,0.423,0.0,38.5837
SitFloor_lowKeypoints,145,Sitting,Standing,False,0.417,0.0,26.0175
SitFloor_lowKeypoints,146,Sitting,Standing,False,0.444,0.0,31.2268
SitFloor_lowKeypoints,147,Sitting,Standing,False,0.467,0.0,31.9159
SitFloor_lowKeypoints,148,Sitting,Standing,False,0.497,0.0,35.619
SitFloor_lowKeypoints,149,Sitting,Standing,False,0.5,0.0,37.3297
SitFloor_lowKeypoints,150,Sitting,Standing,False,0.52,0.0,40.5417
SitFloor_lowKeypoints,151,Sitting,Standing,False,0.537,0.0,30.6836
SitFloor_lowKeypoints,152,Sitting,Standing,False,0.553,0.0,41.2247
SitFloor_lowKeypoints,153,Sitting,Standing,False,0.552,0.0,32.0563
SitFloor_lowKeypoints,154,Sitting,Standing,False,0.563,0.0,44.5487
SitFloor_lowKeypoints,155,Sitting,Standing,False,0.573,0.0,33.6717
SitFloor_lowKeypoints,156,Sitting,Standing,False,0.573,0.0,33.2801
SitFloor_lowKeypoints,157,Sitting,Standing,False,0.583,0.0,30.8547
SitFloor_lowKeypoints,158,Sitting,Standing,False,0.58,0.0,48.5445
SitFloor_lowKeypoints,159,Sitting,Standing,False,0.573,0.0,47.5388
SitFloor_lowKeypoints,160,Sitting,Standing,False,0.565,0.0,40.045
SitFloor_lowKeypoints,161,Sitting,Standing,False,0.569,0.0,34.1315
SitFloor_lowKeypoints,162,Sitting,Standing,False,0.561,0.0,53.935
SitFloor_lowKeypoints,163,Sitting,Standing,False,0.55,0.0,33.9297
SitFloor_lowKeypoints,164,Sitting,Standing,False,0.538,0.0,35.6782
SitFloor_lowKeypoints,165,Sitting,Standing,False,0.531,0.0,37.2447
SitFloor_lowKeypoints,166,Sitting,Standing,False,0.516,0.0,40.2944
SitFloor_lowKeypoints,167,Sitting,Standing,False,0.503,0.0,44.7611
SitFloor_lowKeypoints,168,Sitting,Standing,False,0.475,0.0,53.1124
SitFloor_lowKeypoints,169,Sitting,Standing,False,0.469,0.0,55.355
SitFloor_lowKeypoints,170,Sitting,Standing,False,0.463,0.0,63.4559
SitFloor_lowKeypoints,171,Sitting,Standing,False,0.449,0.0,83.5997
SitFloor_lowKeypoints,172,Sitting,Standing,False,0.456,0.0,62.4485
SitFloor_lowKeypoints,173,Sitting,Standing,False,0.457,0.0,68.2945
SitFloor_lowKeypoints,174,Sitting,Standing,False,0.462,0.0,47.4777
SitFloor_lowKeypoints,175,Sitting,Standing,False,0.456,0.0,43.5318
SitFloor_lowKeypoints,176,Sitting,Standing,False,0.495,0.0,50.0294
SitFloor_lowKeypoints,177,Sitting,Standing,False,0.518,0.0,52.0714
SitFloor_lowKeypoints,178,Sitting,Standing,False,0.515,0.0,53.949
SitFloor_lowKeypoints,179,Sitting,Standing,False,0.538,0.0,48.6541
SitFloor_lowKeypoints,180,Sitting,Standing,False,0.54,0.0,46.0787
SitFloor_lowKeypoints,181,Sitting,Standing,False,0.543,0.0,39.344
SitFloor_lowKeypoints,182,Sitting,Standing,False,0.54,0.0,39.4694
SitFloor_lowKeypoints,183,Sitting,Standing,False,0.547,0.0,43.5935
SitFloor_lowKeypoints,184,Sitting,Standing,False,0.551,0.0,47.0688
SitFloor_lowKeypoints,185,Sitting,Standing,False,0.549,0.0,62.5673
SitFloor_lowKeypoints,186,Sitting,Standing,False,0.546,0.0,56.1373
SitFloor_lowKeypoints,187,Sitting,Standing,False,0.539,0.0,58.4636
SitFloor_lowKeypoints,188,Sitting,Standing,False,0.551,0.0,56.8289
SitFloor_lowKeypoints,189,Sitting,Standing,False,0.549,0.0,47.5144
SitFloor_lowKeypoints,190,Sitting,Standing,False,0.552,0.0,58.5385
SitFloor_lowKeypoints,191,Sitting,Standing,False,0.553,0.0,60.4616
SitFloor_lowKeypoints,192,Sitting,Standing,False,0.553,0.0,54.6605
SitFloor_lowKeypoints,193,Sitting,Standing,False,0.556,0.0,51.2323
SitFloor_lowKeypoints,194,Sitting,Standing,False,0.55,0.0,64.5524
SitFloor_lowKeypoints,195,Sitting,Standing,False,0.556,0.0,47.2387
SitFloor_lowKeypoints,196,Sitting,Standing,False,0.547,0.0,60.0557
SitFloor_lowKeypoints,197,Sitting,Standing,False,0.542,0.0,43.4447
SitFloor_lowKeypoints,198,Sitting,Standing,False,0.534,0.0,39.2085
SitFloor_lowKeypoints,199,Sitting,Standing,False,0.531,0.0,42.8894
SitFloor_lowKeypoints,200,Sitting,Standing,False,0.537,0.0,57.3233
SitFloor_lowKeypoints,201,Sitting,Standing,False,0.539,0.0,56.3149
SitFloor_lowKeypoints,202,Sitting,Standing,False,0.54,0.0,42.6363
SitFloor_lowKeypoints,203,Sitting,Standing,False,0.537,0.0,56.8585
SitFloor_lowKeypoints,204,,Standing,,0.545,0.0,43.2115
SitFloor_lowKeypoints,205,,Standing,,0.547,0.0,47.4908
SitFloor_lowKeypoints,206,,Standing,,0.551,0.0,54.1238
SitFloor_lowKeypoints,207,,Standing,,0.552,0.0,35.8356
SitFloor_lowKeypoints,208,,Standing,,0.553,0.0,44.3769
SitFloor_lowKeypoints,209,,Standing,,0.554,0.0,43.0011
SitFloor_lowKeypoints,210,,Standing,,0.552,0.0,44.5263
SitFloor_lowKeypoints,211,,Standing,,0.54,0.0,50.9105
SitFloor_lowKeypoints,212,,Standing,,0.54,0.0,45.1275
SitFloor_lowKeypoints,213,,Standing,,0.537,0.0,42.6096
SitFloor_lowKeypoints,214,,Standing,,0.521,0.0,49.7213
SitFloor_lowKeypoints,215,,Standing,,0.515,0.0,58.636
SitFloor_lowKeypoints,216,,Standing,,0.521,0.0,59.4616
SitFloor_lowKeypoints,217,,Standing,,0.52,0.0,39.6379
SitFloor_lowKeypoints,218,,Standing,,0.528,0.0,43.5314
SitFloor_lowKeypoints,219,,Standing,,0.519,0.0,33.3351
SitFloor_lowKeypoints,220,,Standing,,0.524,0.0,30.6429
SitFloor_lowKeypoints,221,,Standing,,0.529,0.0,36.4185
SitFloor_lowKeypoints,222,,Standing,,0.512,0.0,46.1836
SitFloor_lowKeypoints,223,,Standing,,0.508,0.0,33.1354
SitFloor_lowKeypoints,224,,Standing,,0.5,0.0,47.4479
SitFloor_lowKeypoints,225,,Standing,,0.499,0.0,44.8406
SitFloor_lowKeypoints,226,,Standing,,0.477,0.0,31.3269
SitFloor_lowKeypoints,227,,Standing,,0.467,0.0,32.4325
SitFloor_lowKeypoints,228,,Standing,,0.441,0.0,33.0734
SitFloor_lowKeypoints,229,,Standing,,0.411,0.0,47.0906
SitFloor_lowKeypoints,230,,Standing,,0.418,0.0,40.8744
SitFloor_lowKeypoints,231,,Standing,,0.391,0.0,51.3965
SitFloor_lowKeypoints,232,,Standing,,0.379,0.0,38.3207
SitFloor_lowKeypoints,233,,Standing,,0.363,0.0,45.9088
SitFloor_lowKeypoints,234,,Standing,,0.36,0.0,46.4534
SitFloor_lowKeypoints,235,,Standing,,0.348,0.0,59.6485
SitFloor_lowKeypoints,236,,Standing,,0.338,0.0,57.3051
SitFloor_lowKeypoints,237,,Sitting,,0.342,0.0,64.3259
SitFloor_lowKeypoints,238,,Sitting,,0.375,0.0,73.9274
SitFloor_lowKeypoints,239,,Sitting,,0.398,0.0,49.7891
SitFloor_lowKeypoints,240,,Sitting,,0.461,0.0,59.8834
SitFloor_lowKeypoints,241,,Sitting,,0.51,0.0,37.2241
SitFloor_lowKeypoints,242,,Sitting,,0.569,0.0,39.4545
SitFloor_lowKeypoints,243,,Sitting,,0.6,0.0,44.3056
SitFloor_lowKeypoints,244,,Sitting,,0.639,0.0,59.474
SitFloor_lowKeypoints,245,,Sitting,,0.674,0.0,51.5651
SitFloor_lowKeypoints,246,,Sitting,,0.694,0.0,47.1937
SitFloor_lowKeypoints,247,,Sitting,,0.71,0.0,60.1711
SitFloor_lowKeypoints,248,,Sitting,,0.728,0.0,56.9458
SitFloor_lowKeypoints,249,,Sitting,,0.742,0.0,48.4837
SitFloor_lowKeypoints,250,,Sitting,,0.748,0.0,47.201
SitFloor_lowKeypoints,251,,Sitting,,0.728,0.0,41.4025
SitFloor_lowKeypoints,252,,Sitting,,0.699,0.0,31.1074
SitFloor_lowKeypoints,253,,Sitting,,0.627,0.0,32.1615
SitFloor_lowKeypoints,254,,Sitting,,0.604,0.0,31.4449
SitFloor_lowKeypoints,255,,Sitting,,0.586,0.0,29.9299
SitFloor_lowKeypoints,256,,Sitting,,0.562,0.0,39.9324
SitFloor_lowKeypoints,257,,Sitting,,0.559,0.0,43.8087
SitFloor_lowKeypoints,258,,Sitting,,0.569,0.0,49.5852
SitFloor_lowKeypoints,259,,Sitting,,0.551,0.0,52.4165
SitFloor_lowKeypoints,260,,Sitting,,0.56,0.0,49.0521
SitFloor_lowKeypoints,261,,Sitting,,0.549,0.0,48.2492
SitFloor_lowKeypoints,262,,Sitting,,0.546,0.0,39.0459
SitFloor_lowKeypoints,263,,Sitting,,0.553,0.0,32.3893
SitFloor_lowKeypoints,264,,Sitting,,0.539,0.0,27.6937
SitFloor_lowKeypoints,265,,Sitting,,0.541,0.0,40.3992
SitFloor_lowKeypoints,266,,Sitting,,0.531,0.0,28.9622
SitFloor_lowKeypoints,267,,Sitting,,0.547,0.0,47.0688
SitFloor_lowKeypoints,268,,Sitting,,0.573,0.0,28.3499
SitFloor_lowKeypoints,269,,Sitting,,0.595,0.0,51.6597
SitFloor_lowKeypoints,270,,Sitting,,0.591,0.0,29.147
SitFloor_lowKeypoints,271,,Sitting,,0.587,0.0,30.248
SitFloor_lowKeypoints,272,,Sitting,,0.643,0.0,29.1514
SitFloor_lowKeypoints,273,,Sitting,,0.653,0.0,28.7686
SitFloor_lowKeypoints,274,,Sitting,,0.607,0.0,32.743
SitFloor_lowKeypoints,275,,Sitting,,0.536,0.0,39.5006
SitFloor_lowKeypoints,276,,Sitting,,0.527,0.0,36.9829
SitFloor_lowKeypoints,277,,Sitting,,0.507,0.0,31.5424
SitFloor_lowKeypoints,278,,Sitting,,0.443,0.0,32.8886
SitFloor_lowKeypoints,279,,Sitting,,0.439,0.0,52.3995
SitFloor_lowKeypoints,280,,Sitting,,0.429,0.0,45.5284
SitFloor_lowKeypoints,281,,Sitting,,0.422,0.0,34.0675
SitFloor_lowKeypoints,282,,Sitting,,0.394,0.0,33.7105
SitFloor_lowKeypoints,283,,Sitting,,0.404,0.0,31.6835
SitFloor_lowKeypoints,284,,Sitting,,0.351,0.0,31.9977
SitFloor_lowKeypoints,285,,Standing,,0.374,0.0,44.3459
SitFloor_lowKeypoints,286,,Standing,,0.422,0.0,38.3373
SitFloor_lowKeypoints,287,,Standing,,0.476,0.0,61.9176
SitFloor_lowKeypoints,288,,Standing,,0.501,0.0,48.1156
SitFloor_lowKeypoints,289,,Standing,,0.541,0.0,41.303
SitFloor_lowKeypoints,290,,Standing,,0.572,0.0,47.6674
SitFloor_lowKeypoints,291,,Standing,,0.572,0.0,37.3037
SitFloor_lowKeypoints,292,,Standing,,0.607,0.0,31.8077
SitFloor_lowKeypoints,293,,Standing,,0.66,0.0,31.4105
SitFloor_lowKeypoints,294,,Standing,,0.713,0.0,30.782
SitFloor_lowKeypoints,295,,Standing,,0.699,0.0,36.947
SitFloor_lowKeypoints,296,,Standing,,0.708,0.0,42.2615
SitFloor_lowKeypoints,297,,Standing,,0.714,0.0,30.7689
SitFloor_lowKeypoints,298,,Standing,,0.716,0.0,37.9335
SitFloor_lowKeypoints,299,,Standing,,0.745,0.0,42.3542
SitFloor_lowKeypoints,300,,Standing,,0.747,0.0,48.4821
SitFloor_lowKeypoints,301,,Standing,,0.765,0.0,52.3528
SitFloor_lowKeypoints,302,,Standing,,0.799,0.0,42.0193
SitFloor_lowKeypoints,303,,Standing,,0.824,0.0,36.27
SitFloor_lowKeypoints,304,,Standing,,0.865,0.0,42.0492
SitFloor_lowKeypoints,305,,Standing,,0.88,0.0,41.2142
SitFloor_lowKeypoints,306,,Standing,,0.899,0.0,50.7904
Sitting_HalfLandmarks,31,,Standing,,0.732,0.0,65.2374
Sitting_HalfLandmarks,32,,Standing,,0.773,0.0,56.0579
Sitting_HalfLandmarks,33,,Standing,,0.792,0.0,48.5284
Sitting_HalfLandmarks,34,,Standing,,0.827,0.0,64.091
Sitting_HalfLandmarks,35,,Standing,,0.868,0.0,41.0696
Sitting_HalfLandmarks,36,,Standing,,0.952,0.0,37.5629
Sitting_HalfLandmarks,37,,Standing,,0.954,0.0,38.8482
Sitting_HalfLandmarks,38,,Standing,,0.966,0.0,33.8052
Sitting_HalfLandmarks,39,,Standing,,0.953,0.0,39.675
Sitting_HalfLandmarks,40,,Standing,,0.948,0.0,43.1623
Sitting_HalfLandmarks,41,,Standing,,0.944,0.0,54.116
Sitting_HalfLandmarks,42,,Standing,,0.913,0.0,56.7198
Sitting_HalfLandmarks,43,,Standing,,0.899,0.0,51.6446
Sitting_HalfLandmarks,44,,Standing,,0.914,0.0,54.3451
Sitting_HalfLandmarks,45,,Standing,,0.936,0.0,46.6269
Sitting_HalfLandmarks,46,,Standing,,0.91,0.0,37.1873
Sitting_HalfLandmarks,47,,Standing,,0.892,0.0,31.0999
Sitting_HalfLandmarks,48,,Standing,,0.877,0.0,54.7659
Sitting_HalfLandmarks,49,,Standing,,0.843,0.0,48.8281
Sitting_HalfLandmarks,50,,Standing,,0.846,0.0,56.6798
Sitting_HalfLandmarks,51,,Standing,,0.835,0.0,46.743
Sitting_HalfLandmarks,52,,Standing,,0.817,0.0,51.6178
Sitting_HalfLandmarks,53,,Standing,,0.847,0.0,51.0964
Sitting_HalfLandmarks,54,,Standing,,0.841,0.0,37.9963
Sitting_HalfLandmarks,55,,Standing,,0.835,0.0,33.0371
Sitting_HalfLandmarks,56,,Standing,,0.801,0.0,33.8837
Sitting_HalfLandmarks,57,,Standing,,0.781,0.0,50.3193
Sitting_HalfLandmarks,58,,Standing,,0.782,0.0,31.9738
Sitting_HalfLandmarks,59,,Standing,,0.775,0.0,50.8182
Sitting_HalfLandmarks,60,,Standing,,0.777,0.0,66.373
Sitting_HalfLandmarks,61,,Standing,,0.82,0.0,66.3483
Sitting_HalfLandmarks,62,,Standing,,0.81,0.0,52.5253
Sitting_HalfLandmarks,63,,Standing,,0.834,0.0,67.6865
Sitting_HalfLandmarks,64,,Standing,,0.819,0.0,72.748
Sitting_HalfLandmarks,65,,Standing,,0.838,0.0,65.137
Sitting_HalfLandmarks,66,,Standing,,0.816,0.0,64.3311
Sitting_HalfLandmarks,67,,Standing,,0.799,0.0,54.6235
Sitting_HalfLandmarks,68,,Standing,,0.785,0.0,56.9617
Sitting_HalfLandmarks,69,,Standing,,0.758,0.0,61.367
Sitting_HalfLandmarks,70,,Standing,,0.724,0.0,57.446
Sitting_HalfLandmarks,71,,Standing,,0.719,0.0,50.5095
Sitting_HalfLandmarks,72,,Standing,,0.713,0.0,53.9018
Sitting_HalfLandmarks,73,,Standing,,0.705,0.0,51.4313
Sitting_HalfLandmarks,74,,Standing,,0.688,0.0,56.9979
Sitting_HalfLandmarks,75,,Standing,,0.68,0.0,53.3341
Sitting_HalfLandmarks,76,,Standing,,0.672,0.0,61.2132
Sitting_HalfLandmarks,77,,Standing,,0.65,0.0,107.6077
Sitting_HalfLandmarks,78,,Standing,,0.641,0.0,97.7831
Sitting_HalfLandmarks,79,,Standing,,0.633,0.0,53.1269
Sitting_HalfLandmarks,80,,Standing,,0.602,0.0,42.9647
Sitting_HalfLandmarks,81,,Standing,,0.558,0.0,58.3887
Sitting_HalfLandmarks,82,,Standing,,0.527,0.0,45.1502
Sitting_HalfLandmarks,83,,Standing,,0.466,0.0,44.6816
Sitting_HalfLandmarks,84,,Sitting,,0.398,0.0,42.9997
Sitting_HalfLandmarks,85,,Sitting,,0.453,0.0,30.8063
Sitting_HalfLandmarks,86,,Sitting,,0.522,0.0,39.1911
Sitting_HalfLandmarks,87,Sitting,Sitting,True,0.554,0.0,33.128
Sitting_HalfLandmarks,88,Sitting,Sitting,True,0.588,0.0,36.4046
Sitting_HalfLandmarks,89,Sitting,Sitting,True,0.558,0.0,45.0956
Sitting_HalfLandmarks,90,Sitting,Sitting,True,0.58,0.0,35.9461
Sitting_HalfLandmarks,91,Sitting,Sitting,True,0.588,0.0,33.6161
Sitting_HalfLandmarks,92,Sitting,Sitting,True,0.58,0.0,31.9528
Sitting_HalfLandmarks,93,Sitting,Sitting,True,0.59,0.0,31.1932
Sitting_HalfLandmarks,94,Sitting,Sitting,True,0.603,0.0,36.3518
Sitting_HalfLandmarks,95,Sitting,Sitting,True,0.619,0.0,38.0631
Sitting_HalfLandmarks,96,Sitting,Sitting,True,0.656,0.0,36.6538
Sitting_HalfLandmarks,97,Sitting,Sitting,True,0.682,0.0,39.1611
Sitting_HalfLandmarks,98,Sitting,Sitting,True,0.689,0.0,45.9035
Sitting_HalfLandmarks,99,Sitting,Sitting,True,0.678,0.0,32.6655
Sitting_HalfLandmarks,100,Sitting,Sitting,True,0.688,0.0,36.2899
Sitting_HalfLandmarks,101,Sitting,Sitting,True,0.666,0.0,33.8424
Sitting_HalfLandmarks,102,Sitting,Sitting,True,0.627,0.0,29.1649
Sitting_HalfLandmarks,103,Sitting,Sitting,True,0.613,0.0,31.9486
Sitting_HalfLandmarks,104,Sitting,Sitting,True,0.61,0.0,36.6076
Sitting_HalfLandmarks,105,Sitting,Sitting,True,0.598,0.0,38.1636
Sitting_HalfLandmarks,106,Sitting,Sitting,True,0.612,0.0,29.4194
Sitting_HalfLandmarks,107,Sitting,Sitting,True,0.601,0.0,43.1427
Sitting_HalfLandmarks,108,Sitting,Sitting,True,0.578,0.0,34.6556
Sitting_HalfLandmarks,109,Sitting,Sitting,True,0.565,0.0,36.3848
Sitting_HalfLandmarks,110,Sitting,Sitting,True,0.544,0.0,43.9587
Sitting_HalfLandmarks,111,Sitting,Sitting,True,0.473,0.0,36.4413
Sitting_HalfLandmarks,112,Sitting,Sitting,True,0.477,0.0,42.3995
Sitting_HalfLandmarks,113,Sitting,Sitting,True,0.428,0.0,51.2035
Sitting_HalfLandmarks,114,Sitting,Sitting,True,0.4,0.0,48.9443
Sitting_HalfLandmarks,115,Sitting,Sitting,True,0.44,0.0,42.02
Sitting_HalfLandmarks,116,Sitting,Sitting,True,0.449,0.0,72.9013
Sitting_HalfLandmarks,117,Sitting,Sitting,True,0.46,0.0,64.9851
Sitting_HalfLandmarks,118,Sitting,Sitting,True,0.481,0.0,51.5387
Sitting_HalfLandmarks,119,Sitting,Sitting,True,0.496,0.0,34.0631
Sitting_HalfLandmarks,120,Sitting,Sitting,True,0.519,0.0,48.4564
Sitting_HalfLandmarks,121,Sitting,Sitting,True,0.551,0.0,54.6063
Sitting_HalfLandmarks,122,Sitting,Sitting,True,0.551,0.0,53.0877
Sitting_HalfLandmarks,123,Sitting,Sitting,True,0.538,0.0,59.9138
Sitting_HalfLandmarks,124,Sitting,Sitting,True,0.547,0.0,49.4571
Sitting_HalfLandmarks,125,Sitting,Sitting,True,0.545,0.0,56.3577
Sitting_HalfLandmarks,126,Sitting,Sitting,True,0.547,0.0,50.223
Sitting_HalfLandmarks,127,Sitting,Sitting,True,0.547,0.0,58.5891
Sitting_HalfLandmarks,128,Sitting,Sitting,True,0.541,0.0,54.677
Sitting_HalfLandmarks,129,Sitting,Sitting,True,0.534,0.0,45.468
Sitting_HalfLandmarks,130,Sitting,Sitting,True,0.532,0.0,43.8131
Sitting_HalfLandmarks,131,Sitting,Sitting,True,0.518,0.0,39.3208
Sitting_HalfLandmarks,132,Sitting,Sitting,True,0.517,0.0,39.2149
Sitting_HalfLandmarks,133,Sitting,Sitting,True,0.501,0.0,38.1707
Sitting_HalfLandmarks,134,Sitting,Sitting,True,0.482,0.0,59.5081
Sitting_HalfLandmarks,135,Sitting,Sitting,True,0.465,0.0,46.6468
Sitting_HalfLandmarks,136,Sitting,Sitting,True,0.457,0.0,38.7329
Sitting_HalfLandmarks,137,Sitting,Sitting,True,0.431,0.0,42.5575
Sitting_HalfLandmarks,138,Sitting,Sitting,True,0.427,0.0,46.8989
Sitting_HalfLandmarks,139,Sitting,Sitting,True,0.42,0.0,45.5101
Sitting_HalfLandmarks,140,Sitting,Sitting,True,0.407,0.0,31.9897
Sitting_HalfLandmarks,141,Sitting,Sitting,True,0.416,0.0,35.2973
Sitting_HalfLandmarks,142,Sitting,Sitting,True,0.415,0.0,36.8882
Sitting_HalfLandmarks,143,Sitting,Sitting,True,0.415,0.0,39.0402
Sitting_HalfLandmarks,144,Sitting,Sitting,True,0.418,0.0,32.1722
Sitting_HalfLandmarks,145,Sitting,Sitting,True,0.412,0.0,47.4515
Sitting_HalfLandmarks,146,Sitting,Sitting,True,0.42,0.0,44.9006
Sitting_HalfLandmarks,147,Sitting,Sitting,True,0.423,0.0,36.2011
Sitting_HalfLandmarks,148,Sitting,Sitting,True,0.408,0.0,34.4546
Sitting_HalfLandmarks,149,Sitting,Sitting,True,0.412,0.0,35.9556
Sitting_HalfLandmarks,150,Sitting,Sitting,True,0.423,0.0,41.5774
Sitting_HalfLandmarks,151,Sitting,Sitting,True,0.417,0.0,47.9202
Sitting_HalfLandmarks,152,Sitting,Sitting,True,0.415,0.0,45.9164
Sitting_HalfLandmarks,153,Sitting,Sitting,True,0.41,0.0,41.5547
Sitting_HalfLandmarks,154,Sitting,Sitting,True,0.413,0.0,46.4612
Sitting_HalfLandmarks,155,Sitting,Sitting,True,0.414,0.0,44.7792
Sitting_HalfLandmarks,156,Sitting,Sitting,True,0.408,0.0,48.1263
Sitting_HalfLandmarks,157,Sitting,Sitting,True,0.41,0.0,46.4342
Sitting_HalfLandmarks,158,Sitting,Sitting,True,0.406,0.0,56.97
Sitting_HalfLandmarks,159,Sitting,Sitting,True,0.41,0.0,45.4605
Sitting_HalfLandmarks,160,Sitting,Sitting,True,0.409,0.0,48.5569
Sitting_HalfLandmarks,161,Sitting,Sitting,True,0.411,0.0,41.7135
Sitting_HalfLandmarks,162,Sitting,Sitting,True,0.401,0.0,39.0195
Sitting_HalfLandmarks,163,Sitting,Sitting,True,0.411,0.0,36.193
Sitting_HalfLandmarks,164,Sitting,Sitting,True,0.408,0.0,39.4815
Sitting_HalfLandmarks,165,Sitting,Sitting,True,0.417,0.0,35.0615
Sitting_HalfLandmarks,166,Sitting,Sitting,True,0.423,0.0,30.8834
Sitting_HalfLandmarks,167,Sitting,Sitting,True,0.416,0.0,36.6142
Sitting_HalfLandmarks,168,Sitting,Sitting,True,0.427,0.0,35.4481
Sitting_HalfLandmarks,169,Sitting,Sitting,True,0.422,0.0,37.3914
Sitting_HalfLandmarks,170,Sitting,Sitting,True,0.416,0.0,37.4958
Sitting_HalfLandmarks,171,Sitting,Sitting,True,0.41,0.0,32.9158
Sitting_HalfLandmarks,172,Sitting,Sitting,True,0.414,0.0,30.6386
Sitting_HalfLandmarks,173,Sitting,Sitting,True,0.42,0.0,26.1692
Sitting_HalfLandmarks,174,Sitting,Sitting,True,0.413,0.0,25.9938
Sitting_HalfLandmarks,175,,Sitting,,0.418,0.0,27.8845
Sitting_HalfLandmarks,176,,Sitting,,0.415,0.0,25.7095
Sitting_HalfLandmarks,177,,Sitting,,0.413,0.0,24.9398
Sitting_HalfLandmarks,178,,Sitting,,0.424,0.0,24.0971
Sitting_HalfLandmarks,179,,Sitting,,0.423,0.0,23.5218
Sitting_HalfLandmarks,180,,Sitting,,0.424,0.0,22.7301
Sitting_HalfLandmarks,181,,Sitting,,0.415,0.0,26.7215
Sitting_HalfLandmarks,182,,Sitting,,0.406,0.0,29.1901
Sitting_HalfLandmarks,183,,Sitting,,0.414,0.0,25.0722
Sitting_HalfLandmarks,184,,Sitting,,0.415,0.0,86.6498
Sitting_HalfLandmarks,185,,Sitting,,0.418,0.0,84.6405
Sitting_HalfLandmarks,186,,Sitting,,0.418,0.0,51.7209
Sitting_HalfLandmarks,187,,Sitting,,0.406,0.0,34.0909
Sitting_HalfLandmarks,188,,Sitting,,0.395,0.0,32.2614
Sitting_HalfLandmarks,189,,Standing,,0.406,0.0,31.3482
Sitting_HalfLandmarks,190,,Standing,,0.421,0.0,31.6332
Sitting_HalfLandmarks,191,,Standing,,0.452,0.0,28.2328
Sitting_HalfLandmarks,192,,Standing,,0.47,0.0,27.5053
Sitting_HalfLandmarks,193,,Standing,,0.471,0.0,29.3619
Sitting_HalfLandmarks,194,,Standing,,0.489,0.0,25.647
Sitting_HalfLandmarks,195,,Standing,,0.504,0.0,25.8976
Sitting_HalfLandmarks,196,,Standing,,0.548,0.0,24.2034
Sitting_HalfLandmarks,197,,Standing,,0.59,0.0,25.6939
Sitting_HalfLandmarks,198,,Standing,,0.615,0.0,31.5416
Sitting_HalfLandmarks,199,,Standing,,0.65,0.0,33.3147
Sitting_HalfLandmarks,200,,Standing,,0.713,0.0,51.5943
Sitting_HalfLandmarks,201,,Standing,,0.747,0.0,71.8239
Sitting_HalfLandmarks,202,,Standing,,0.771,0.0,31.5112
Sitting_HalfLandmarks,203,,Standing,,0.805,0.0,36.6165
Sitting_HalfLandmarks,204,,Standing,,0.821,0.0,37.5838
Sitting_HalfLandmarks,205,,Standing,,0.853,0.0,54.4986
Sitting_HalfLandmarks,206,,Standing,,0.874,0.0,34.7727
Sitting_HalfLandmarks,207,,Standing,,0.874,0.0,51.8716
Sitting_HalfLandmarks,208,,Standing,,0.865,0.0,53.7368
Sitting_HalfLandmarks,209,,Standing,,0.885,0.0,42.4768
Sitting_HalfLandmarks,210,,Standing,,0.874,0.0,42.0955
Sitting_HalfLandmarks,211,,Standing,,0.862,0.0,39.7003
Sitting_HalfLandmarks,212,,Standing,,0.858,0.0,46.1933
Sitting_HalfLandmarks,213,,Standing,,0.85,0.0,57.8676
Sitting_HalfLandmarks,214,,Standing,,0.862,0.0,41.7271
Sitting_HalfLandmarks,215,,Standing,,0.899,0.0,45.9355
Sitting_HalfLandmarks,216,,Standing,,0.891,0.0,56.8835
Sitting_HalfLandmarks,217,,Standing,,0.913,0.0,55.3133
Sitting_HalfLandmarks,218,,Standing,,0.919,0.0,56.9361
Sitting_HalfLandmarks,219,,Standing,,0.943,0.0,48.4939
Sitting_HalfLandmarks,220,,Standing,,0.945,0.0,54.6257
Sitting_HalfLandmarks,221,,Standing,,0.947,0.0,59.9551
Sitting_HalfLandmarks,222,,Standing,,0.954,0.0,50.6867
Sitting_HalfLandmarks,223,,Standing,,0.944,0.0,55.7104
Sitting_HalfLandmarks,224,,Standing,,0.954,0.0,54.8222
Sitting_Lying_FewLandmarks_back,31,,Sitting,,0.647,0.0,49.1467
Sitting_Lying_FewLandmarks_back,32,,Sitting,,0.659,0.0,44.4422
Sitting_Lying_FewLandmarks_back,33,,Sitting,,0.682,0.0,61.0142
Sitting_Lying_FewLandmarks_back,34,,Sitting,,0.695,0.0,57.0335
Sitting_Lying_FewLandmarks_back,35,,Sitting,,0.695,0.0,50.2994
Sitting_Lying_FewLandmarks_back,36,,Sitting,,0.694,0.0,51.6872
Sitting_Lying_FewLandmarks_back,37,,Sitting,,0.705,0.0,53.8213
Sitting_Lying_FewLandmarks_back,38,,Sitting,,0.711,0.0,72.3545
Sitting_Lying_FewLandmarks_back,39,,Sitting,,0.722,0.0,51.2888
Sitting_Lying_FewLandmarks_back,40,,Sitting,,0.726,0.0,33.7248
Sitting_Lying_FewLandmarks_back,41,,Sitting,,0.725,0.0,30.2589
Sitting_Lying_FewLandmarks_back,42,,Sitting,,0.73,0.0,38.0753
Sitting_Lying_FewLandmarks_back,43,,Sitting,,0.73,0.0,29.6975
Sitting_Lying_FewLandmarks_back,44,,Sitting,,0.734,0.0,33.1781
Sitting_Lying_FewLandmarks_back,45,,Sitting,,0.736,0.0,48.9956
Sitting_Lying_FewLandmarks_back,46,,Sitting,,0.738,0.0,46.5483
Sitting_Lying_FewLandmarks_back,47,Sitting,Sitting,True,0.743,0.0,39.3897
Sitting_Lying_FewLandmarks_back,48,Sitting,Sitting,True,0.737,0.0,33.8166
Sitting_Lying_FewLandmarks_back,49,Sitting,Sitting,True,0.749,0.0,32.6035
Sitting_Lying_FewLandmarks_back,50,Sitting,Sitting,True,0.752,0.0,26.609
Sitting_Lying_FewLandmarks_back,51,Sitting,Sitting,True,0.755,0.0,25.6777
Sitting_Lying_FewLandmarks_back,52,Sitting,Sitting,True,0.756,0.0,24.7852
Sitting_Lying_FewLandmarks_back,53,Sitting,Sitting,True,0.739,0.0,25.3198
Sitting_Lying_FewLandmarks_back,54,Sitting,Sitting,True,0.752,0.0,25.9238
Sitting_Lying_FewLandmarks_back,55,Sitting,Sitting,True,0.76,0.0,23.4317
Sitting_Lying_FewLandmarks_back,56,Sitting,Sitting,True,0.745,0.0,24.7499
Sitting_Lying_FewLandmarks_back,57,Sitting,Sitting,True,0.749,0.0,22.429
Sitting_Lying_FewLandmarks_back,58,Sitting,Sitting,True,0.758,0.0,23.5136
Sitting_Lying_FewLandmarks_back,59,Sitting,Sitting,True,0.759,0.0,23.726
Sitting_Lying_FewLandmarks_back,60,Sitting,Sitting,True,0.768,0.0,22.7991
Sitting_Lying_FewLandmarks_back,61,Sitting,Sitting,True,0.762,0.0,21.9734
Sitting_Lying_FewLandmarks_back,62,Sitting,Sitting,True,0.76,0.0,26.0259
Sitting_Lying_FewLandmarks_back,63,Sitting,Sitting,True,0.757,0.0,21.8723
Sitting_Lying_FewLandmarks_back,64,Sitting,Sitting,True,0.755,0.0,29.7433
Sitting_Lying_FewLandmarks_back,65,Sitting,Sitting,True,0.749,0.0,23.0441
Sitting_Lying_FewLandmarks_back,66,Sitting,Sitting,True,0.748,0.0,25.089
Sitting_Lying_FewLandmarks_back,67,Sitting,Sitting,True,0.747,0.0,22.2875
Sitting_Lying_FewLandmarks_back,68,Sitting,Sitting,True,0.742,0.0,24.8872
Sitting_Lying_FewLandmarks_back,69,Sitting,Sitting,True,0.755,0.0,22.1231
Sitting_Lying_FewLandmarks_back,70,Sitting,Sitting,True,0.724,0.0,21.4572
Sitting_Lying_FewLandmarks_back,71,Sitting,Sitting,True,0.756,0.0,27.663
Sitting_Lying_FewLandmarks_back,72,Sitting,Sitting,True,0.766,0.0,28.7467
Sitting_Lying_FewLandmarks_back,73,Sitting,Sitting,True,0.776,0.0,35.2317
Sitting_Lying_FewLandmarks_back,74,Sitting,Sitting,True,0.777,0.0,37.3179
Sitting_Lying_FewLandmarks_back,75,Sitting,Sitting,True,0.77,0.0,36.8776
Sitting_Lying_FewLandmarks_back,76,Sitting,Sitting,True,0.787,0.0,26.771
Sitting_Lying_FewLandmarks_back,77,Sitting,Sitting,True,0.77,0.0,29.5222
Sitting_Lying_FewLandmarks_back,78,Sitting,Sitting,True,0.777,0.0,31.5837
Sitting_Lying_FewLandmarks_back,79,Sitting,Sitting,True,0.771,0.0,36.5386
Sitting_Lying_FewLandmarks_back,80,Sitting,Sitting,True,0.782,0.0,32.293
Sitting_Lying_FewLandmarks_back,81,Sitting,Sitting,True,0.771,0.0,29.5594
Sitting_Lying_FewLandmarks_back,82,Sitting,Sitting,True,0.782,0.0,36.8431
Sitting_Lying_FewLandmarks_back,83,Sitting,Sitting,True,0.779,0.0,38.6749
Sitting_Lying_FewLandmarks_back,84,Sitting,Sitting,True,0.786,0.0,31.1805
Sitting_Lying_FewLandmarks_back,85,Sitting,Sitting,True,0.779,0.0,29.2619
Sitting_Lying_FewLandmarks_back,86,Sitting,Sitting,True,0.774,0.0,32.3816
Sitting_Lying_FewLandmarks_back,87,Sitting,Sitting,True,0.778,0.0,34.2994
Sitting_Lying_FewLandmarks_back,88,Sitting,Sitting,True,0.785,0.0,41.9971
Sitting_Lying_FewLandmarks_back,89,Sitting,Sitting,True,0.789,0.0,36.1493
Sitting_Lying_FewLandmarks_back,90,Sitting,Sitting,True,0.778,0.0,30.0813
Sitting_Lying_FewLandmarks_back,91,Sitting,Sitting,True,0.775,0.0,29.6066
Sitting_Lying_FewLandmarks_back,92,Sitting,Sitting,True,0.785,0.0,31.4016
Sitting_Lying_FewLandmarks_back,93,Sitting,Sitting,True,0.766,0.0,29.2968
Sitting_Lying_FewLandmarks_back,94,Sitting,Sitting,True,0.766,0.0,37.2791
Sitting_Lying_FewLandmarks_back,95,Sitting,Sitting,True,0.77,0.0,43.0765
Sitting_Lying_FewLandmarks_back,96,Sitting,Sitting,True,0.769,0.0,42.071
Sitting_Lying_FewLandmarks_back,97,Sitting,Sitting,True,0.763,0.0,34.6243
Sitting_Lying_FewLandmarks_back,98,Sitting,Sitting,True,0.769,0.0,26.1367
Sitting_Lying_FewLandmarks_back,99,Sitting,Sitting,True,0.753,0.0,26.4481
Sitting_Lying_FewLandmarks_back,100,Sitting,Sitting,True,0.744,0.0,27.6416
Sitting_Lying_FewLandmarks_back,101,Sitting,Sitting,True,0.744,0.0,29.4368
Sitting_Lying_FewLandmarks_back,102,Sitting,Sitting,True,0.749,0.0,24.6413
Sitting_Lying_FewLandmarks_back,103,Sitting,Sitting,True,0.749,0.0,24.8332
Sitting_Lying_FewLandmarks_back,104,Sitting,Sitting,True,0.743,0.0,24.3026
Sitting_Lying_FewLandmarks_back,105,Sitting,Sitting,True,0.744,0.0,22.9447
Sitting_Lying_FewLandmarks_back,106,Sitting,Sitting,True,0.755,0.0,23.5128
Sitting_Lying_FewLandmarks_back,107,Sitting,Sitting,True,0.749,0.0,24.8398
Sitting_Lying_FewLandmarks_back,108,Sitting,Sitting,True,0.752,0.0,28.0735
Sitting_Lying_FewLandmarks_back,109,Sitting,Sitting,True,0.762,0.0,24.1745
Sitting_Lying_FewLandmarks_back,110,Sitting,Sitting,True,0.756,0.0,25.8193
Sitting_Lying_FewLandmarks_back,111,Sitting,Sitting,True,0.747,0.0,24.0945
Sitting_Lying_FewLandmarks_back,112,Sitting,Sitting,True,0.742,0.0,27.1578
Sitting_Lying_FewLandmarks_back,113,Sitting,Sitting,True,0.741,0.0,28.75
Sitting_Lying_FewLandmarks_back,114,Sitting,Sitting,True,0.741,0.0,28.6399
Sitting_Lying_FewLandmarks_back,115,Sitting,Sitting,True,0.729,0.0,38.1935
Sitting_Lying_FewLandmarks_back,116,Sitting,Sitting,True,0.732,0.0,39.4219
Sitting_Lying_FewLandmarks_back,117,Sitting,Sitting,True,0.726,0.0,41.6988
Sitting_Lying_FewLandmarks_back,118,Sitting,Sitting,True,0.715,0.0,33.5756
Sitting_Lying_FewLandmarks_back,119,Sitting,Sitting,True,0.724,0.0,43.6159
Sitting_Lying_FewLandmarks_back,120,Sitting,Sitting,True,0.737,0.0,32.7082
Sitting_Lying_FewLandmarks_back,121,Sitting,Sitting,True,0.735,0.0,34.9087
Sitting_Lying_FewLandmarks_back,122,Sitting,Sitting,True,0.733,0.0,39.1716
Sitting_Lying_FewLandmarks_back,123,Sitting,Sitting,True,0.741,0.0,25.7878
Sitting_Lying_FewLandmarks_back,124,Sitting,Sitting,True,0.741,0.0,29.2881
Sitting_Lying_FewLandmarks_back,125,Sitting,Sitting,True,0.75,0.0,28.7215
Sitting_Lying_FewLandmarks_back,126,Sitting,Sitting,True,0.737,0.0,39.6157
Sitting_Lying_FewLandmarks_back,127,Sitting,Sitting,True,0.75,0.0,29.6765
Sitting_Lying_FewLandmarks_back,128,Sitting,Sitting,True,0.744,0.0,30.8132
Sitting_Lying_FewLandmarks_back,129,Sitting,Sitting,True,0.738,0.0,39.6738
Sitting_Lying_FewLandmarks_back,130,Sitting,Sitting,True,0.741,0.0,47.9915
Sitting_Lying_FewLandmarks_back,131,Sitting,Sitting,True,0.742,0.0,43.0024
Sitting_Lying_FewLandmarks_back,132,Sitting,Sitting,True,0.747,0.0,47.7908
Sitting_Lying_FewLandmarks_back,133,Sitting,Sitting,True,0.747,0.0,42.9601
Sitting_Lying_FewLandmarks_back,134,Sitting,Sitting,True,0.751,0.0,34.7314
Sitting_Lying_FewLandmarks_back,135,Sitting,Sitting,True,0.751,0.0,42.8372
Sitting_Lying_FewLandmarks_back,136,Sitting,Sitting,True,0.728,0.0,46.557
Sitting_Lying_FewLandmarks_back,137,Sitting,Sitting,True,0.729,0.0,39.4668
Sitting_Lying_FewLandmarks_back,138,Sitting,Sitting,True,0.735,0.0,45.3649
Sitting_Lying_FewLandmarks_back,139,Sitting,Sitting,True,0.736,0.0,52.6825
Sitting_Lying_FewLandmarks_back,140,Sitting,Sitting,True,0.742,0.0,48.8848
Sitting_Lying_FewLandmarks_back,141,Sitting,Sitting,True,0.767,0.0,49.7796
Sitting_Lying_FewLandmarks_back,142,Sitting,Sitting,True,0.76,0.0,45.7538
Sitting_Lying_FewLandmarks_back,143,Sitting,Sitting,True,0.768,0.0,48.4
Sitting_Lying_FewLandmarks_back,144,Sitting,Sitting,True,0.77,0.0,80.4954
Sitting_Lying_FewLandmarks_back,145,Sitting,Sitting,True,0.768,0.0,57.0305
Sitting_Lying_FewLandmarks_back,146,Sitting,Sitting,True,0.772,0.0,45.2664
Sitting_Lying_FewLandmarks_back,147,Sitting,Sitting,True,0.764,0.0,45.3919
Sitting_Lying_FewLandmarks_back,148,,Sitting,,0.765,0.0,47.6983
Sitting_Lying_FewLandmarks_back,149,,Sitting,,0.755,0.0,47.593
Sitting_Lying_FewLandmarks_back,150,,Sitting,,0.743,0.0,50.3833
Sitting_Lying_FewLandmarks_back,151,,Sitting,,0.751,0.0,41.4074
Sitting_Lying_FewLandmarks_back,152,,Sitting,,0.748,0.0,38.0086
Sitting_Lying_FewLandmarks_back,153,,Sitting,,0.745,0.0,42.6977
Sitting_Lying_FewLandmarks_back,154,,Sitting,,0.74,0.0,47.493
Sitting_Lying_FewLandmarks_back,155,,Sitting,,0.731,0.0,39.9302
Sitting_Lying_FewLandmarks_back,156,,Sitting,,0.73,0.0,34.0412
Sitting_Lying_FewLandmarks_back,157,,Sitting,,0.732,0.0,39.8039
Sitting_Lying_FewLandmarks_back,158,,Sitting,,0.73,0.0,45.4711
Sitting_Lying_FewLandmarks_back,159,,Sitting,,0.727,0.0,49.8015
Sitting_Lying_FewLandmarks_back,160,,Sitting,,0.732,0.0,49.8721
Sitting_Lying_FewLandmarks_back,161,,Sitting,,0.73,0.0,35.1237
Sitting_Lying_FewLandmarks_back,162,,Sitting,,0.728,0.0,40.721
Sitting_Lying_FewLandmarks_back,163,,Sitting,,0.727,0.0,46.6639
Sitting_Lying_FewLandmarks_back,164,,Sitting,,0.727,0.0,38.943
Sitting_Lying_FewLandmarks_back,165,,Sitting,,0.728,0.0,40.9844
Sitting_Lying_FewLandmarks_back,166,,Sitting,,0.731,0.0,47.5548
Sitting_Lying_FewLandmarks_back,167,,Sitting,,0.726,0.0,44.1429
Sitting_Lying_FewLandmarks_back,168,,Sitting,,0.736,0.0,34.5867
Sitting_Lying_FewLandmarks_back,169,,Sitting,,0.733,0.0,42.9584
Sitting_Lying_FewLandmarks_back,170,,Sitting,,0.738,0.0,42.0593
Sitting_Lying_FewLandmarks_back,171,,Sitting,,0.742,0.0,34.3206
Sitting_Lying_FewLandmarks_back,172,,Sitting,,0.736,0.0,44.8603
Sitting_Lying_FewLandmarks_back,173,,Sitting,,0.742,0.0,55.7931
Sitting_Lying_FewLandmarks_back,174,,Sitting,,0.742,0.0,43.6563
Sitting_Lying_FewLandmarks_back,175,,Sitting,,0.742,0.0,54.4617
Sitting_Lying_FewLandmarks_back,176,,Sitting,,0.739,0.0,50.3601
Sitting_Lying_FewLandmarks_back,177,,Sitting,,0.742,0.0,38.5595
Sitting_Lying_FewLandmarks_back,178,,Sitting,,0.739,0.0,41.7345
Sitting_Lying_FewLandmarks_back,179,,Sitting,,0.719,0.0,41.0694
Sitting_Lying_FewLandmarks_back,180,,Sitting,,0.717,0.0,42.8279
Sitting_Lying_FewLandmarks_back,181,,Sitting,,0.709,0.0,39.9496
Sitting_Lying_FewLandmarks_back,182,,Sitting,,0.7,0.0,38.1604
Sitting_Lying_FewLandmarks_back,183,,Sitting,,0.691,0.0,31.9777
Sitting_Lying_FewLandmarks_back,184,,Sitting,,0.706,0.0,29.1763
Sitting_Lying_FewLandmarks_back,185,,Sitting,,0.681,0.0,39.6591
Sitting_Lying_FewLandmarks_back,186,,Sitting,,0.65,0.0,50.4597
Sitting_Lying_FewLandmarks_back,187,,Sitting,,0.579,0.0,36.7528
Sitting_Lying_FewLandmarks_back,188,,Sitting,,0.543,0.0,34.1544
Sitting_Lying_FewLandmarks_back,189,,Sitting,,0.49,0.0,30.4235
Sitting_Lying_FewLandmarks_back,190,,Sitting,,0.431,0.0,34.4823
Sitting_Lying_FewLandmarks_back,191,,Sitting,,0.411,0.0,29.5121
Sitting_Lying_FewLandmarks_back,192,,Sitting,,0.379,0.0,29.6883
Sitting_Lying_FewLandmarks_back,193,,Sitting,,0.351,0.0,27.5458
Sitting_Lying_FewLandmarks_back,194,,Standing,,0.323,0.0,27.5182
Sitting_Lying_FewLandmarks_back,195,,Standing,,0.332,0.0,29.69
Sitting_Lying_FewLandmarks_back,196,,Standing,,0.347,0.0,32.2678
Sitting_Lying_FewLandmarks_back,197,,Standing,,0.334,0.0,40.8473
Sitting_Lying_FewLandmarks_back,198,,Standing,,0.318,0.0,30.3092
Sitting_Lying_FewLandmarks_back,199,,Standing,,0.309,0.0,28.4511
Sitting_Lying_FewLandmarks_back,200,,Standing,,0.283,0.0,26.0842
Sitting_Lying_FewLandmarks_back,201,,Standing,,0.278,0.0,28.5384
Sitting_Lying_FewLandmarks_back,202,,Standing,,0.255,0.0,29.8012
Sitting_Lying_FewLandmarks_back,203,,Lying,,0.254,0.0,32.6156
Sitting_Lying_FewLandmarks_back,204,,Lying,,0.24,0.0,36.5671
Sitting_Lying_FewLandmarks_back,205,,Lying,,0.266,0.0,47.128
Sitting_Lying_FewLandmarks_back,206,,Lying,,0.281,0.0,27.0733
Sitting_Lying_FewLandmarks_back,207,Lying,Lying,True,0.291,0.0,29.3369
Sitting_Lying_FewLandmarks_back,208,Lying,Lying,True,0.293,0.0,34.5948
Sitting_Lying_FewLandmarks_back,209,Lying,Lying,True,0.324,0.0,31.5729
Sitting_Lying_FewLandmarks_back,210,Lying,Lying,True,0.311,0.0,42.1724
Sitting_Lying_FewLandmarks_back,211,Lying,Lying,True,0.35,0.0,42.1204
Sitting_Lying_FewLandmarks_back,212,Lying,Lying,True,0.348,0.0,48.9574
Sitting_Lying_FewLandmarks_back,213,Lying,Lying,True,0.376,0.0,41.933
Sitting_Lying_FewLandmarks_back,214,Lying,Lying,True,0.413,0.0,36.1122
Sitting_Lying_FewLandmarks_back,215,Lying,Lying,True,0.44,0.0,36.2614
Sitting_Lying_FewLandmarks_back,216,Lying,Lying,True,0.467,0.0,40.0534
Sitting_Lying_FewLandmarks_back,217,Lying,Lying,True,0.503,0.0,36.1681
Sitting_Lying_FewLandmarks_back,218,Lying,Lying,True,0.547,0.0,33.6267
Sitting_Lying_FewLandmarks_back,219,Lying,Lying,True,0.578,0.0,36.2307
Sitting_Lying_FewLandmarks_back,220,Lying,Lying,True,0.583,0.0,41.3678
Sitting_Lying_FewLandmarks_back,221,Lying,Lying,True,0.566,0.0,44.3533
Sitting_Lying_FewLandmarks_back,222,Lying,Lying,True,0.543,0.0,36.9833
Sitting_Lying_FewLandmarks_back,223,Lying,Lying,True,0.506,0.0,33.4838
Sitting_Lying_FewLandmarks_back,224,Lying,Lying,True,0.502,0.0,35.2163
Sitting_Lying_FewLandmarks_back,225,Lying,Lying,True,0.479,0.0,54.6112
Sitting_Lying_FewLandmarks_back,226,Lying,Lying,True,0.484,0.0,42.1921
Sitting_Lying_FewLandmarks_back,227,Lying,Lying,True,0.471,0.0,47.1033
Sitting_Lying_FewLandmarks_back,228,Lying,Lying,True,0.456,0.0,42.1329
Sitting_Lying_FewLandmarks_back,229,Lying,Lying,True,0.459,0.0,43.2911
Sitting_Lying_FewLandmarks_back,230,Lying,Lying,True,0.428,0.0,52.2637
Sitting_Lying_FewLandmarks_back,231,Lying,Lying,True,0.407,0.0,59.676
Sitting_Lying_FewLandmarks_back,232,Lying,Lying,True,0.4,0.0,39.7881
Sitting_Lying_FewLandmarks_back,233,Lying,Lying,True,0.389,0.0,39.1803
Sitting_Lying_FewLandmarks_back,234,Lying,Lying,True,0.406,0.0,45.3757
Sitting_Lying_FewLandmarks_back,235,Lying,Lying,True,0.416,0.0,64.4523
Sitting_Lying_FewLandmarks_back,236,Lying,Lying,True,0.439,0.0,54.8623
Sitting_Lying_FewLandmarks_back,237,Lying,Lying,True,0.436,0.0,51.7898
Sitting_Lying_FewLandmarks_back,238,Lying,Lying,True,0.441,0.0,37.631
Sitting_Lying_FewLandmarks_back,239,Lying,Lying,True,0.442,0.0,36.601
Sitting_Lying_FewLandmarks_back,240,Lying,Lying,True,0.448,0.0,39.8459
Sitting_Lying_FewLandmarks_back,241,Lying,Lying,True,0.449,0.0,43.076
Sitting_Lying_FewLandmarks_back,242,Lying,Lying,True,0.454,0.0,46.0305
Sitting_Lying_FewLandmarks_back,243,Lying,Lying,True,0.455,0.0,33.9879
Sitting_Lying_FewLandmarks_back,244,Lying,Lying,True,0.466,0.0,39.059
Sitting_Lying_FewLandmarks_back,245,Lying,Lying,True,0.457,0.0,44.6759
Sitting_Lying_FewLandmarks_back,246,Lying,Lying,True,0.462,0.0,49.926
Sitting_Lying_FewLandmarks_back,247,Lying,Lying,True,0.483,0.0,60.1703
Sitting_Lying_FewLandmarks_back,248,Lying,Lying,True,0.499,0.0,57.7468
Sitting_Lying_FewLandmarks_back,249,Lying,Lying,True,0.504,0.0,63.2007
Sitting_Lying_FewLandmarks_back,250,Lying,Lying,True,0.511,0.0,66.4749
Sitting_Lying_FewLandmarks_back,251,Lying,Lying,True,0.52,0.0,45.4124
Sitting_Lying_FewLandmarks_back,252,Lying,Lying,True,0.519,0.0,43.4698
Sitting_Lying_FewLandmarks_back,253,Lying,Lying,True,0.51,0.0,48.7339
Sitting_Lying_FewLandmarks_back,254,Lying,Lying,True,0.513,0.0,46.2527
Sitting_Lying_FewLandmarks_back,255,Lying,Lying,True,0.499,0.0,44.465
Sitting_Lying_FewLandmarks_back,256,Lying,Lying,True,0.499,0.0,35.5897
Sitting_Lying_FewLandmarks_back,257,Lying,Lying,True,0.499,0.0,39.2514
Sitting_Lying_FewLandmarks_back,258,Lying,Lying,True,0.509,0.0,41.7955
Sitting_Lying_FewLandmarks_back,259,Lying,Lying,True,0.506,0.0,33.2651
Sitting_Lying_FewLandmarks_back,260,Lying,Lying,True,0.508,0.0,31.3882
Sitting_Lying_FewLandmarks_back,261,Lying,Lying,True,0.521,0.0,36.9222
Sitting_Lying_FewLandmarks_back,262,Lying,Lying,True,0.517,0.0,32.5591
Sitting_Lying_FewLandmarks_back,263,Lying,Lying,True,0.513,0.0,34.4146
Sitting_Lying_FewLandmarks_back,264,Lying,Lying,True,0.521,0.0,45.2636
Sitting_Lying_FewLandmarks_back,265,Lying,Lying,True,0.518,0.0,33.9074
Sitting_Lying_FewLandmarks_back,266,Lying,Lying,True,0.507,0.0,30.4886
Sitting_Lying_FewLandmarks_back,267,Lying,Lying,True,0.512,0.0,28.6501
Sitting_Lying_FewLandmarks_back,268,Lying,Lying,True,0.515,0.0,30.1036
Sitting_Lying_FewLandmarks_back,269,Lying,Lying,True,0.515,0.0,31.9058
Sitting_Lying_FewLandmarks_back,270,Lying,Lying,True,0.529,0.0,42.6752
Sitting_Lying_FewLandmarks_back,271,Lying,Lying,True,0.518,0.0,33.717
Sitting_Lying_FewLandmarks_back,272,Lying,Lying,True,0.505,0.0,32.5469
Sitting_Lying_FewLandmarks_back,273,Lying,Lying,True,0.518,0.0,31.9941
Sitting_Lying_FewLandmarks_back,274,Lying,Lying,True,0.519,0.0,31.4578
Sitting_Lying_FewLandmarks_back,275,Lying,Lying,True,0.522,0.0,37.4415
Sitting_Lying_FewLandmarks_back,276,Lying,Lying,True,0.512,0.0,38.118
Sitting_Lying_FewLandmarks_back,277,Lying,Lying,True,0.497,0.0,44.7576
Sitting_Lying_FewLandmarks_back,278,Lying,Lying,True,0.513,0.0,38.0267
Sitting_Lying_FewLandmarks_back,279,Lying,Lying,True,0.514,0.0,42.6403
Sitting_Lying_FewLandmarks_back,280,Lying,Lying,True,0.522,0.0,51.0482
Sitting_Lying_FewLandmarks_back,281,Lying,Lying,True,0.513,0.0,39.5449
Sitting_Lying_FewLandmarks_back,282,Lying,Lying,True,0.515,0.0,38.7982
Sitting_Lying_FewLandmarks_back,283,Lying,Lying,True,0.514,0.0,41.5813
Sitting_Lying_FewLandmarks_back,284,Lying,Lying,True,0.509,0.0,45.8381
Sitting_Lying_FewLandmarks_back,285,Lying,Lying,True,0.518,0.0,31.723
Sitting_Lying_FewLandmarks_back,286,Lying,Lying,True,0.51,0.0,40.7314
Sitting_Lying_FewLandmarks_back,287,Lying,Lying,True,0.523,0.0,44.1864
Sitting_Lying_FewLandmarks_back,288,Lying,Lying,True,0.511,0.0,43.4772
Sitting_Lying_FewLandmarks_back,289,Lying,Lying,True,0.509,0.0,35.5523
Sitting_Lying_FewLandmarks_back,290,Lying,Lying,True,0.52,0.0,40.6779
Sitting_Lying_FewLandmarks_back,291,Lying,Lying,True,0.52,0.0,35.7328
Sitting_Lying_FewLandmarks_back,292,Lying,Lying,True,0.511,0.0,39.2509
Sitting_Lying_FewLandmarks_back,293,Lying,Lying,True,0.511,0.0,38.0308
Sitting_Lying_FewLandmarks_back,294,Lying,Lying,True,0.511,0.0,30.9533
Sitting_Lying_FewLandmarks_back,295,Lying,Lying,True,0.508,0.0,32.0419
Sitting_Lying_FewLandmarks_back,296,Lying,Lying,True,0.516,0.0,46.7723
Sitting_Lying_FewLandmarks_back,297,Lying,Lying,True,0.507,0.0,41.391
Sitting_Lying_FewLandmarks_back,298,Lying,Lying,True,0.501,0.0,32.6868
Sitting_Lying_FewLandmarks_back,299,Lying,Lying,True,0.503,0.0,31.3837
Sitting_Lying_FewLandmarks_back,300,Lying,Lying,True,0.513,0.0,31.8478
Sitting_Lying_FewLandmarks_back,301,Lying,Lying,True,0.512,0.0,37.757
Sitting_Lying_FewLandmarks_back,302,Lying,Lying,True,0.518,0.0,46.9658
Sitting_Lying_FewLandmarks_back,303,Lying,Lying,True,0.513,0.0,57.6239
Sitting_Lying_FewLandmarks_back,304,Lying,Lying,True,0.511,0.0,32.7737
Sitting_Lying_FewLandmarks_back,305,Lying,Lying,True,0.509,0.0,37.3861
Sitting_Lying_FewLandmarks_back,306,Lying,Lying,True,0.513,0.0,40.8113
Sitting_Lying_FewLandmarks_back,307,Lying,Lying,True,0.511,0.0,30.138
Sitting_Lying_FewLandmarks_back,308,Lying,Lying,True,0.505,0.0,26.7683
Sitting_Lying_FewLandmarks_back,309,Lying,Lying,True,0.514,0.0,36.7163
Sitting_Lying_FewLandmarks_back,310,Lying,Lying,True,0.511,0.0,29.8457
Sitting_Lying_FewLandmarks_back,311,Lying,Lying,True,0.509,0.0,45.8739
Sitting_Lying_FewLandmarks_back,312,Lying,Lying,True,0.504,0.0,36.7563
Sitting_Lying_FewLandmarks_back,313,Lying,Lying,True,0.503,0.0,28.4914
Sitting_Lying_FewLandmarks_back,314,Lying,Lying,True,0.505,0.0,30.0398
Sitting_Lying_FewLandmarks_back,315,Lying,Lying,True,0.502,0.0,32.6805
Sitting_Lying_FewLandmarks_back,316,Lying,Lying,True,0.502,0.0,27.3185
Sitting_Lying_FewLandmarks_back,317,Lying,Lying,True,0.504,0.0,30.1563
Sitting_Lying_FewLandmarks_back,318,Lying,Lying,True,0.502,0.0,26.5212
Sitting_Lying_FewLandmarks_back,319,Lying,Lying,True,0.506,0.0,28.993
Sitting_Lying_FewLandmarks_back,320,Lying,Lying,True,0.499,0.0,25.8181
Sitting_Lying_FewLandmarks_back,321,Lying,Lying,True,0.507,0.0,26.2058
Sitting_Lying_FewLandmarks_back,322,Lying,Lying,True,0.514,0.0,25.9533
Sitting_Lying_FewLandmarks_back,323,Lying,Lying,True,0.506,0.0,35.1315
Sitting_Lying_FewLandmarks_back,324,Lying,Lying,True,0.509,0.0,26.2918
Sitting_Lying_FewLandmarks_back,325,Lying,Lying,True,0.521,0.0,28.9704
Sitting_Lying_FewLandmarks_back,326,,Lying,,0.516,0.0,31.0336
Sitting_Lying_FewLandmarks_back,327,,Lying,,0.511,0.0,27.2753
Sitting_Lying_FewLandmarks_back,328,,Lying,,0.514,0.0,29.7865
Sitting_Lying_FewLandmarks_back,329,,Lying,,0.512,0.0,25.4867
Sitting_Lying_FewLandmarks_back,330,,Lying,,0.519,0.0,28.3227
Sitting_Lying_FewLandmarks_back,331,,Lying,,0.516,0.0,27.0379
Sitting_Lying_FewLandmarks_back,332,,Lying,,0.529,0.0,27.3216
Sitting_Lying_FewLandmarks_back,333,,Lying,,0.511,0.0,27.8011
Sitting_Lying_FewLandmarks_back,334,,Lying,,0.513,0.0,25.6631
Sitting_Lying_FewLandmarks_back,335,,Lying,,0.516,0.0,27.404
Sitting_Lying_FewLandmarks_back,336,,Lying,,0.513,0.0,24.3379
Sitting_Lying_FewLandmarks_back,337,,Lying,,0.516,0.0,34.0474
Sitting_Lying_FewLandmarks_back,338,,Lying,,0.519,0.0,31.5705
Sitting_Lying_FewLandmarks_back,339,,Lying,,0.519,0.0,36.1651
Sitting_Lying_FewLandmarks_back,340,,Lying,,0.518,0.0,35.7806
Sitting_Lying_FewLandmarks_back,341,,Lying,,0.519,0.0,37.2571
Sitting_Lying_FewLandmarks_back,342,,Lying,,0.524,0.0,29.8615
Sitting_Lying_FewLandmarks_back,343,,Lying,,0.512,0.0,28.5875
Sitting_Lying_FewLandmarks_back,344,,Lying,,0.508,0.0,32.3296
Sitting_Lying_FewLandmarks_back,345,,Lying,,0.505,0.0,32.7751
Sitting_Lying_FewLandmarks_back,346,,Lying,,0.499,0.0,37.0128
Sitting_Lying_FewLandmarks_back,347,,Lying,,0.51,0.0,39.2473
Sitting_Lying_FewLandmarks_back,348,,Lying,,0.501,0.0,34.7796
Sitting_Lying_FewLandmarks_back,349,,Lying,,0.492,0.0,46.5707
Sitting_Lying_FewLandmarks_back,350,,Lying,,0.485,0.0,52.5318
Sitting_Lying_FewLandmarks_back,351,,Lying,,0.481,0.0,51.089
Sitting_Lying_FewLandmarks_back,352,,Lying,,0.492,0.0,42.0815
Sitting_Lying_FewLandmarks_back,353,,Lying,,0.48,0.0,36.5353
Sitting_Lying_FewLandmarks_back,354,,Lying,,0.478,0.0,33.4606
Sitting_Lying_FewLandmarks_back,355,,Lying,,0.489,0.0,32.4369
Sitting_Lying_FewLandmarks_back,356,,Lying,,0.478,0.0,32.2085
Sitting_Lying_FewLandmarks_back,357,,Lying,,0.481,0.0,29.9592
Sitting_Lying_FewLandmarks_back,358,,Lying,,0.478,0.0,31.0551
Sitting_Lying_FewLandmarks_back,359,,Lying,,0.477,0.0,33.4766
Sitting_Lying_FewLandmarks_back,360,,Lying,,0.472,0.0,27.2483
Sitting_Lying_FewLandmarks_back,361,,Lying,,0.473,0.0,26.9447
Sitting_Lying_FewLandmarks_back,362,,Lying,,0.479,0.0,28.0344
Sitting_Lying_FewLandmarks_back,363,,Lying,,0.467,0.0,28.0192
Sitting_Lying_FewLandmarks_back,364,,Lying,,0.468,0.0,30.0689
Sitting_Lying_FewLandmarks_back,365,,Lying,,0.459,0.0,26.1373
Sitting_Lying_FewLandmarks_back,366,,Lying,,0.451,0.0,27.1272
Sitting_Lying_FewLandmarks_back,367,,Lying,,0.458,0.0,25.2945
Sitting_Lying_FewLandmarks_back,368,,Lying,,0.457,0.0,26.8105
Sitting_Lying_FewLandmarks_back,369,,Lying,,0.454,0.0,26.0858
Sitting_Lying_FewLandmarks_back,370,,Lying,,0.444,0.0,25.2751
Sitting_Lying_FewLandmarks_back,371,,Lying,,0.436,0.0,25.6651
Sitting_Lying_FewLandmarks_back,372,,Lying,,0.449,0.0,26.3326
Sitting_Lying_FewLandmarks_back,373,,Lying,,0.446,0.0,26.9968
Sitting_Lying_FewLandmarks_back,374,,Lying,,0.457,0.0,35.619
Sitting_Lying_FewLandmarks_back,375,,Lying,,0.448,0.0,29.8942
Sitting_Lying_FewLandmarks_back,376,,Lying,,0.442,0.0,26.0761
Sitting_Lying_FewLandmarks_back,377,,Lying,,0.422,0.0,31.6498
Sitting_Lying_FewLandmarks_back,378,,Lying,,0.421,0.0,29.2812
Sitting_Lying_FewLandmarks_back,379,,Lying,,0.414,0.0,27.0612
Sitting_Lying_FewLandmarks_back,380,,Lying,,0.415,0.0,29.4792
Sitting_Lying_FewLandmarks_back,381,,Lying,,0.397,0.0,31.8669
Sitting_Lying_FewLandmarks_back,382,,Lying,,0.376,0.0,28.5385
Sitting_Lying_FewLandmarks_back,383,,Lying,,0.366,0.0,26.95
Sitting_Lying_FewLandmarks_back,384,,Lying,,0.372,0.0,25.3843
Sitting_Lying_FewLandmarks_back,385,,Lying,,0.363,0.0,25.2451
Sitting_Lying_FewLandmarks_back,386,,Lying,,0.359,0.0,26.9872
Sitting_Lying_FewLandmarks_back,387,,Lying,,0.326,0.0,24.3137
Sitting_Lying_FewLandmarks_back,388,,Lying,,0.312,0.0,26.0847
Sitting_Lying_FewLandmarks_back,389,,Lying,,0.312,0.0,23.9492
Sitting_Lying_FewLandmarks_back,390,,Lying,,0.29,0.0,29.063
Sitting_Lying_FewLandmarks_back,391,,Lying,,0.286,0.0,27.4912
Sitting_Lying_FewLandmarks_back,392,,Standing,,0.285,0.0,32.313
Sitting_Lying_FewLandmarks_back,393,,Standing,,0.302,0.0,32.7433
Sitting_Lying_FewLandmarks_back,394,,Standing,,0.331,0.0,30.1665
Sitting_Lying_FewLandmarks_back,395,,Standing,,0.328,0.0,40.7604
Sitting_Lying_FewLandmarks_back,396,,Standing,,0.39,0.0,34.3384
Sitting_Lying_FewLandmarks_back,397,,Standing,,0.384,0.0,35.5037
Sitting_Lying_FewLandmarks_back,398,,Standing,,0.392,0.0,29.306
Sitting_Lying_FewLandmarks_back,399,,Standing,,0.376,0.0,30.5062
Sitting_Lying_FewLandmarks_back,400,,Standing,,0.367,0.0,35.0231
Sitting_Lying_FewLandmarks_back,401,,Standing,,0.328,0.0,29.1364
Sitting_Lying_FewLandmarks_back,402,,Sitting,,0.376,0.0,34.5958
Sitting_Lying_FewLandmarks_back,403,,Sitting,,0.449,0.0,40.6245
Sitting_Lying_FewLandmarks_back,404,,Sitting,,0.478,0.0,39.5939
Sitting_Lying_FewLandmarks_back,405,,Sitting,,0.528,0.0,41.0975
Sitting_Lying_FewLandmarks_back,406,,Sitting,,0.608,0.0,33.7754
Sitting_Lying_FewLandmarks_back,407,,Sitting,,0.619,0.0,41.8893
Sitting_Lying_FewLandmarks_back,408,,Sitting,,0.654,0.0,37.0789
Sitting_Lying_FewLandmarks_back,409,,Sitting,,0.689,0.0,47.807
Sitting_Lying_FewLandmarks_back,410,,Sitting,,0.706,0.0,51.6418
Sitting_Lying_FewLandmarks_back,411,,Sitting,,0.709,0.0,51.7474
Sitting_Lying_FewLandmarks_back,412,,Sitting,,0.728,0.0,39.1571
Sitting_Lying_FewLandmarks_back,413,,Sitting,,0.728,0.0,32.0839
Sitting_Lying_FewLandmarks_back,414,,Sitting,,0.738,0.0,38.0653
Sitting_Lying_FewLandmarks_back,415,Sitting,Sitting,True,0.73,0.0,32.9998
Sitting_Lying_FewLandmarks_back,416,Sitting,Sitting,True,0.748,0.0,28.9211
Sitting_Lying_FewLandmarks_back,417,Sitting,Sitting,True,0.758,0.0,37.1457
Sitting_Lying_FewLandmarks_back,418,Sitting,Sitting,True,0.758,0.0,44.3509
Sitting_Lying_FewLandmarks_back,419,Sitting,Sitting,True,0.757,0.0,47.4862
Sitting_Lying_FewLandmarks_back,420,Sitting,Sitting,True,0.755,0.0,32.6152
Sitting_Lying_FewLandmarks_back,421,Sitting,Sitting,True,0.772,0.0,32.0854
Sitting_Lying_FewLandmarks_back,422,Sitting,Sitting,True,0.777,0.0,39.1111
Sitting_Lying_FewLandmarks_back,423,Sitting,Sitting,True,0.776,0.0,34.9108
Sitting_Lying_FewLandmarks_back,424,Sitting,Sitting,True,0.782,0.0,30.2012
Sitting_Lying_FewLandmarks_back,425,Sitting,Sitting,True,0.772,0.0,29.4461
Sitting_Lying_FewLandmarks_back,426,Sitting,Sitting,True,0.764,0.0,28.8951
Sitting_Lying_FewLandmarks_back,427,Sitting,Sitting,True,0.76,0.0,29.6917
Sitting_Lying_FewLandmarks_back,428,Sitting,Sitting,True,0.764,0.0,26.675
Sitting_Lying_FewLandmarks_back,429,Sitting,Sitting,True,0.779,0.0,25.7397
Sitting_Lying_FewLandmarks_back,430,Sitting,Sitting,True,0.778,0.0,25.9637
Sitting_Lying_FewLandmarks_back,431,Sitting,Sitting,True,0.78,0.0,24.6956
Sitting_Lying_FewLandmarks_back,432,Sitting,Sitting,True,0.774,0.0,24.3069
Sitting_Lying_FewLandmarks_back,433,Sitting,Sitting,True,0.779,0.0,23.6172
Sitting_Lying_FewLandmarks_back,434,Sitting,Sitting,True,0.782,0.0,25.3776
Sitting_Lying_FewLandmarks_back,435,Sitting,Sitting,True,0.777,0.0,22.9159
Sitting_Lying_FewLandmarks_back,436,Sitting,Sitting,True,0.774,0.0,23.5819
Sitting_Lying_FewLandmarks_back,437,Sitting,Sitting,True,0.783,0.0,24.0534
Sitting_Lying_FewLandmarks_back,438,Sitting,Sitting,True,0.783,0.0,23.5709
Sitting_Lying_FewLandmarks_back,439,Sitting,Sitting,True,0.783,0.0,22.7603
Sitting_Lying_FewLandmarks_back,440,Sitting,Sitting,True,0.78,0.0,22.0607
Sitting_Lying_FewLandmarks_back,441,Sitting,Sitting,True,0.803,0.0,24.7267
Sitting_Lying_FewLandmarks_back,442,Sitting,Sitting,True,0.796,0.0,24.0561
Sitting_Lying_FewLandmarks_back,443,Sitting,Sitting,True,0.797,0.0,23.7157
Sitting_Lying_FewLandmarks_back,444,Sitting,Sitting,True,0.8,0.0,24.7465
Sitting_Lying_FewLandmarks_back,445,Sitting,Sitting,True,0.791,0.0,22.4259
Sitting_Lying_FewLandmarks_back,446,Sitting,Sitting,True,0.791,0.0,22.4556
Sitting_Lying_FewLandmarks_back,447,Sitting,Sitting,True,0.801,0.0,22.121
Sitting_Lying_FewLandmarks_back,448,Sitting,Sitting,True,0.802,0.0,22.2886
Sitting_Lying_FewLandmarks_back,449,Sitting,Sitting,True,0.787,0.0,22.4293
Sitting_Lying_FewLandmarks_back,450,Sitting,Sitting,True,0.792,0.0,24.4301
Sitting_Lying_FewLandmarks_back,451,Sitting,Sitting,True,0.786,0.0,22.5019
Sitting_Lying_FewLandmarks_back,452,Sitting,Sitting,True,0.782,0.0,22.6378
Sitting_Lying_FewLandmarks_back,453,Sitting,Sitting,True,0.782,0.0,21.9524
Sitting_Lying_FewLandmarks_back,454,Sitting,Sitting,True,0.781,0.0,24.0032
Sitting_Lying_FewLandmarks_back,455,Sitting,Sitting,True,0.787,0.0,23.6189
Sitting_Lying_FewLandmarks_back,456,Sitting,Sitting,True,0.78,0.0,26.076
Sitting_Lying_FewLandmarks_back,457,Sitting,Sitting,True,0.781,0.0,23.3501
Sitting_Lying_FewLandmarks_back,458,Sitting,Sitting,True,0.786,0.0,24.0253
Sitting_Lying_FewLandmarks_back,459,,Sitting,,0.788,0.0,22.2094
Sitting_Lying_FewLandmarks_back,460,,Sitting,,0.788,0.0,22.332
Sitting_Lying_FewLandmarks_back,461,,Sitting,,0.786,0.0,27.2625
Sitting_Lying_FewLandmarks_back,462,,Sitting,,0.781,0.0,28.7006
Sitting_Lying_FewLandmarks_back,463,,Sitting,,0.775,0.0,28.8433
Sitting_Lying_FewLandmarks_back,464,,Sitting,,0.781,0.0,35.8567
Sitting_Lying_FewLandmarks_back,465,,Sitting,,0.771,0.0,34.0184
Sitting_Lying_FewLandmarks_back,466,,Sitting,,0.756,0.0,39.9667
Sitting_Lying_FewLandmarks_back,467,,Sitting,,0.756,0.0,46.654
Sitting_Lying_FewLandmarks_back,468,,Sitting,,0.755,0.0,37.7779
Sitting_Lying_FewLandmarks_back,469,,Sitting,,0.758,0.0,36.9765
Sitting_Lying_FewLandmarks_back,470,,Sitting,,0.751,0.0,29.8448
Sitting_Lying_FewLandmarks_back,471,,Sitting,,0.75,0.0,30.6796
Sitting_Lying_FewLandmarks_back,472,,Sitting,,0.752,0.0,31.8697
Sitting_Lying_FewLandmarks_back,473,,Sitting,,0.756,0.0,31.3589
Sitting_Lying_FewLandmarks_back,474,,Sitting,,0.764,0.0,30.105
Sitting_Lying_FewLandmarks_back,475,,Sitting,,0.762,0.0,31.0659
Sitting_Lying_FewLandmarks_back,476,,Sitting,,0.766,0.0,29.8346
Sitting_Lying_FewLandmarks_back,477,,Sitting,,0.757,0.0,34.7439
Sitting_Lying_FewLandmarks_back,478,,Sitting,,0.756,0.0,34.1223
Sitting_Lying_FewLandmarks_back,479,,Sitting,,0.747,0.0,47.4554
Sitting_Lying_FewLandmarks_back,480,,Sitting,,0.731,0.0,43.2368
Sitting_Lying_FewLandmarks_back,481,,Sitting,,0.708,0.0,50.2675
Sitting_Lying_FewLandmarks_back,482,,Sitting,,0.697,0.0,38.2798
Sitting_Lying_FewLandmarks_back,483,,Sitting,,0.67,0.0,26.8576
Sitting_Lying_FewLandmarks_back,484,,Sitting,,0.64,0.0,47.9553
Sitting_Lying_FewLandmarks_back,485,,Sitting,,0.611,0.0,44.735
Sitting_Lying_FewLandmarks_back,486,,Sitting,,0.533,0.0,37.9521
Sitting_Lying_FewLandmarks_back,487,,Sitting,,0.476,0.0,42.9039
Sitting_Lying_FewLandmarks_back,488,,Sitting,,0.408,0.0,44.8151
Sitting_Lying_FewLandmarks_back,489,,Sitting,,0.352,0.0,46.7363
Sitting_Lying_FewLandmarks,31,,Standing,,0.816,0.0,36.2109
Sitting_Lying_FewLandmarks,32,,Standing,,0.832,0.0,35.5637
Sitting_Lying_FewLandmarks,33,,Standing,,0.836,0.0,31.7243
Sitting_Lying_FewLandmarks,34,,Standing,,0.845,0.0,31.4
Sitting_Lying_FewLandmarks,35,,Standing,,0.855,0.0,34.1589
Sitting_Lying_FewLandmarks,36,,Standing,,0.857,0.0,36.479
Sitting_Lying_FewLandmarks,37,,Standing,,0.889,0.0,50.2367
Sitting_Lying_FewLandmarks,38,,Standing,,0.9,0.0,39.5774
Sitting_Lying_FewLandmarks,39,,Standing,,0.906,0.0,36.2325
Sitting_Lying_FewLandmarks,40,,Standing,,0.925,0.0,33.0891
Sitting_Lying_FewLandmarks,41,,Standing,,0.928,0.0,38.1585
Sitting_Lying_FewLandmarks,42,,Standing,,0.917,0.0,46.0182
Sitting_Lying_FewLandmarks,43,,Standing,,0.902,0.0,40.7291
Sitting_Lying_FewLandmarks,44,,Standing,,0.909,0.0,31.491
Sitting_Lying_FewLandmarks,45,,Standing,,0.92,0.0,40.4628
Sitting_Lying_FewLandmarks,46,,Standing,,0.878,0.0,40.2749
Sitting_Lying_FewLandmarks,47,,Standing,,0.848,0.0,37.8835
Sitting_Lying_FewLandmarks,48,,Standing,,0.848,0.0,43.7453
Sitting_Lying_FewLandmarks,49,,Standing,,0.788,0.0,33.8398
Sitting_Lying_FewLandmarks,50,,Standing,,0.753,0.0,38.4288
Sitting_Lying_FewLandmarks,51,,Standing,,0.678,0.0,50.9041
Sitting_Lying_FewLandmarks,52,,Standing,,0.672,0.0,41.4104
Sitting_Lying_FewLandmarks,53,,Standing,,0.626,0.0,43.993
Sitting_Lying_FewLandmarks,54,,Standing,,0.558,0.0,36.1732
Sitting_Lying_FewLandmarks,55,,Standing,,0.543,0.0,51.3033
Sitting_Lying_FewLandmarks,56,,Standing,,0.521,0.0,44.6679
Sitting_Lying_FewLandmarks,57,,Standing,,0.481,0.0,33.184
Sitting_Lying_FewLandmarks,58,,Standing,,0.49,0.0,39.9126
Sitting_Lying_FewLandmarks,59,Sitting,Standing,False,0.405,0.0,49.6574
Sitting_Lying_FewLandmarks,60,Sitting,Standing,False,0.412,0.0,48.8075
Sitting_Lying_FewLandmarks,61,Sitting,Standing,False,0.45,0.0,32.7226
Sitting_Lying_FewLandmarks,62,Sitting,Standing,False,0.425,0.0,37.3103
Sitting_Lying_FewLandmarks,63,Sitting,Standing,False,0.449,0.0,42.8019
Sitting_Lying_FewLandmarks,64,Sitting,Standing,False,0.403,0.0,48.6623
Sitting_Lying_FewLandmarks,65,Sitting,Standing,False,0.414,0.0,42.2284
Sitting_Lying_FewLandmarks,66,Sitting,Standing,False,0.384,0.0,31.3141
Sitting_Lying_FewLandmarks,67,Sitting,Sitting,True,0.401,0.0,34.3714
Sitting_Lying_FewLandmarks,68,Sitting,Sitting,True,0.404,0.0,40.3056
Sitting_Lying_FewLandmarks,69,Sitting,Sitting,True,0.415,0.0,41.4746
Sitting_Lying_FewLandmarks,70,Sitting,Sitting,True,0.436,0.0,45.3522
Sitting_Lying_FewLandmarks,71,Sitting,Sitting,True,0.436,0.0,50.8068
Sitting_Lying_FewLandmarks,72,Sitting,Sitting,True,0.437,0.0,56.0892
Sitting_Lying_FewLandmarks,73,Sitting,Sitting,True,0.447,0.0,50.8442
Sitting_Lying_FewLandmarks,74,Sitting,Sitting,True,0.405,0.0,82.629
Sitting_Lying_FewLandmarks,75,Sitting,Sitting,True,0.364,0.0,76.8295
Sitting_Lying_FewLandmarks,76,Sitting,Standing,False,0.395,0.0,69.4496
Sitting_Lying_FewLandmarks,77,Sitting,Standing,False,0.427,0.0,70.2021
Sitting_Lying_FewLandmarks,78,Sitting,Standing,False,0.466,0.0,57.0889
Sitting_Lying_FewLandmarks,79,Sitting,Standing,False,0.496,0.0,52.0007
Sitting_Lying_FewLandmarks,80,Sitting,Standing,False,0.502,0.0,51.0619
Sitting_Lying_FewLandmarks,81,Sitting,Standing,False,0.494,0.0,54.8156
Sitting_Lying_FewLandmarks,82,Sitting,Standing,False,0.468,0.0,56.1421
Sitting_Lying_FewLandmarks,83,Sitting,Standing,False,0.463,0.0,54.5205
Sitting_Lying_FewLandmarks,84,Sitting,Standing,False,0.427,0.0,45.6862
Sitting_Lying_FewLandmarks,85,Sitting,Standing,False,0.421,0.0,57.8692
Sitting_Lying_FewLandmarks,86,Sitting,Sitting,True,0.408,0.0,61.246
Sitting_Lying_FewLandmarks,87,Sitting,Sitting,True,0.432,0.0,50.8047
Sitting_Lying_FewLandmarks,88,Sitting,Sitting,True,0.462,0.0,61.0267
Sitting_Lying_FewLandmarks,89,Sitting,Sitting,True,0.466,0.0,59.0083
Sitting_Lying_FewLandmarks,90,Sitting,Sitting,True,0.456,0.0,70.1679
Sitting_Lying_FewLandmarks,91,Sitting,Sitting,True,0.461,0.0,59.1252
Sitting_Lying_FewLandmarks,92,Sitting,Sitting,True,0.47,0.0,55.126
Sitting_Lying_FewLandmarks,93,Sitting,Sitting,True,0.467,0.0,56.6215
Sitting_Lying_FewLandmarks,94,Sitting,Sitting,True,0.47,0.0,60.904
Sitting_Lying_FewLandmarks,95,Sitting,Sitting,True,0.482,0.0,77.208
Sitting_Lying_FewLandmarks,96,Sitting,Sitting,True,0.486,0.0,59.0701
Sitting_Lying_FewLandmarks,97,Sitting,Sitting,True,0.469,0.0,59.1513
Sitting_Lying_FewLandmarks,98,Sitting,Sitting,True,0.47,0.0,49.5363
Sitting_Lying_FewLandmarks,99,Sitting,Sitting,True,0.476,0.0,50.8004
Sitting_Lying_FewLandmarks,100,Sitting,Sitting,True,0.484,0.0,56.411
Sitting_Lying_FewLandmarks,101,Sitting,Sitting,True,0.482,0.0,60.3575
Sitting_Lying_FewLandmarks,102,Sitting,Sitting,True,0.48,0.0,53.7793
Sitting_Lying_FewLandmarks,103,Sitting,Sitting,True,0.482,0.0,48.2146
Sitting_Lying_FewLandmarks,104,Sitting,Sitting,True,0.485,0.0,54.1168
Sitting_Lying_FewLandmarks,105,Sitting,Sitting,True,0.484,0.0,54.2947
Sitting_Lying_FewLandmarks,106,Sitting,Sitting,True,0.487,0.0,56.4782
Sitting_Lying_FewLandmarks,107,Sitting,Sitting,True,0.485,0.0,43.1101
Sitting_Lying_FewLandmarks,108,Sitting,Sitting,True,0.498,0.0,45.5105
Sitting_Lying_FewLandmarks,109,Sitting,Sitting,True,0.489,0.0,54.996
Sitting_Lying_FewLandmarks,110,Sitting,Sitting,True,0.489,0.0,56.0818
Sitting_Lying_FewLandmarks,111,Sitting,Sitting,True,0.489,0.0,54.02
Sitting_Lying_FewLandmarks,112,,Sitting,,0.487,0.0,55.6446
Sitting_Lying_FewLandmarks,113,,Sitting,,0.486,0.0,58.53
Sitting_Lying_FewLandmarks,114,,Sitting,,0.479,0.0,69.6666
Sitting_Lying_FewLandmarks,115,,Sitting,,0.476,0.0,52.3631
Sitting_Lying_FewLandmarks,116,,Sitting,,0.483,0.0,55.6464
Sitting_Lying_FewLandmarks,117,,Sitting,,0.48,0.0,58.5185
Sitting_Lying_FewLandmarks,118,,Sitting,,0.495,0.0,51.9313
Sitting_Lying_FewLandmarks,119,,Sitting,,0.496,0.0,51.1542
Sitting_Lying_FewLandmarks,120,,Sitting,,0.501,0.0,58.5962
Sitting_Lying_FewLandmarks,121,,Sitting,,0.503,0.0,66.7506
Sitting_Lying_FewLandmarks,122,,Sitting,,0.502,0.0,56.7261
Sitting_Lying_FewLandmarks,123,,Sitting,,0.504,0.0,59.7892
Sitting_Lying_FewLandmarks,124,,Sitting,,0.488,0.0,60.7514
Sitting_Lying_FewLandmarks,125,,Sitting,,0.502,0.0,49.4014
Sitting_Lying_FewLandmarks,126,,Sitting,,0.498,0.0,34.2813
Sitting_Lying_FewLandmarks,127,,Sitting,,0.509,0.0,39.2715
Sitting_Lying_FewLandmarks,128,,Sitting,,0.505,0.0,43.6179
Sitting_Lying_FewLandmarks,129,,Sitting,,0.501,0.0,45.8722
Sitting_Lying_FewLandmarks,130,,Sitting,,0.516,0.0,33.4334
Sitting_Lying_FewLandmarks,131,,Sitting,,0.505,0.0,29.9889
Sitting_Lying_FewLandmarks,132,,Sitting,,0.518,0.0,31.8218
Sitting_Lying_FewLandmarks,133,,Sitting,,0.516,0.0,29.3418
Sitting_Lying_FewLandmarks,134,,Sitting,,0.526,0.0,36.3403
Sitting_Lying_FewLandmarks,135,,Sitting,,0.525,0.0,29.9039
Sitting_Lying_FewLandmarks,136,,Sitting,,0.525,0.0,30.0792
Sitting_Lying_FewLandmarks,137,,Sitting,,0.528,0.0,44.0612
Sitting_Lying_FewLandmarks,138,,Sitting,,0.522,0.0,37.6913
Sitting_Lying_FewLandmarks,139,,Sitting,,0.509,0.0,38.5116
Sitting_Lying_FewLandmarks,140,,Sitting,,0.499,0.0,44.5666
Sitting_Lying_FewLandmarks,141,,Sitting,,0.458,0.0,32.7639
Sitting_Lying_FewLandmarks,142,,Sitting,,0.408,0.0,31.6934
Sitting_Lying_FewLandmarks,143,,Sitting,,0.375,0.0,38.9564
Sitting_Lying_FewLandmarks,144,,Sitting,,0.364,0.0,46.8565
Sitting_Lying_FewLandmarks,145,,Sitting,,0.332,0.0,48.853
Sitting_Lying_FewLandmarks,146,,Standing,,0.342,0.0,45.6663
Sitting_Lying_FewLandmarks,147,,Standing,,0.332,0.0,51.8752
Sitting_Lying_FewLandmarks,148,,Standing,,0.332,0.0,49.0143
Sitting_Lying_FewLandmarks,149,,Standing,,0.339,0.0,44.9792
Sitting_Lying_FewLandmarks,150,,Standing,,0.363,0.0,52.7107
Sitting_Lying_FewLandmarks,151,,Standing,,0.35,0.0,33.7509
Sitting_Lying_FewLandmarks,152,,Standing,,0.305,0.0,37.0506
Sitting_Lying_FewLandmarks,153,,Standing,,0.269,0.0,51.6805
Sitting_Lying_FewLandmarks,154,,Lying,,0.269,0.0,52.1936
Sitting_Lying_FewLandmarks,155,,Lying,,0.302,0.0,57.8221
Sitting_Lying_FewLandmarks,156,,Lying,,0.329,0.0,51.3724
Sitting_Lying_FewLandmarks,157,,Lying,,0.357,0.0,46.1302
Sitting_Lying_FewLandmarks,158,,Lying,,0.379,0.0,45.4574
Sitting_Lying_FewLandmarks,159,,Lying,,0.391,0.0,33.3638
Sitting_Lying_FewLandmarks,160,,Lying,,0.403,0.0,50.4766
Sitting_Lying_FewLandmarks,161,,Lying,,0.436,0.0,36.1791
Sitting_Lying_FewLandmarks,162,,Lying,,0.437,0.0,42.4635
Sitting_Lying_FewLandmarks,163,,Lying,,0.473,0.0,49.1606
Sitting_Lying_FewLandmarks,164,,Lying,,0.471,0.0,50.8487
Sitting_Lying_FewLandmarks,165,,Lying,,0.475,0.0,33.4025
Sitting_Lying_FewLandmarks,166,,Lying,,0.508,0.0,47.6711
Sitting_Lying_FewLandmarks,167,,Lying,,0.519,0.0,42.8044
Sitting_Lying_FewLandmarks,168,,Lying,,0.535,0.0,41.426
Sitting_Lying_FewLandmarks,169,,Lying,,0.562,0.0,43.916
Sitting_Lying_FewLandmarks,170,,Lying,,0.566,0.0,50.7964
Sitting_Lying_FewLandmarks,171,,Lying,,0.591,0.0,53.0244
Sitting_Lying_FewLandmarks,172,,Lying,,0.593,0.0,65.7125
Sitting_Lying_FewLandmarks,173,,Lying,,0.581,0.0,53.0998
Sitting_Lying_FewLandmarks,174,,Lying,,0.578,0.0,44.1209
Sitting_Lying_FewLandmarks,175,,Lying,,0.575,0.0,51.6023
Sitting_Lying_FewLandmarks,176,,Lying,,0.588,0.0,65.7527
Sitting_Lying_FewLandmarks,177,Lying,Lying,True,0.588,0.0,60.9613
Sitting_Lying_FewLandmarks,178,Lying,Lying,True,0.583,0.0,56.118
Sitting_Lying_FewLandmarks,179,Lying,Lying,True,0.565,0.0,54.9676
Sitting_Lying_FewLandmarks,180,Lying,Lying,True,0.571,0.0,38.7239
Sitting_Lying_FewLandmarks,181,Lying,Lying,True,0.569,0.0,37.0195
Sitting_Lying_FewLandmarks,182,Lying,Lying,True,0.574,0.0,41.3829
Sitting_Lying_FewLandmarks,183,Lying,Lying,True,0.587,0.0,56.7599
Sitting_Lying_FewLandmarks,184,Lying,Lying,True,0.563,0.0,44.9977
Sitting_Lying_FewLandmarks,185,Lying,Lying,True,0.558,0.0,49.1176
Sitting_Lying_FewLandmarks,186,Lying,Lying,True,0.537,0.0,52.875
Sitting_Lying_FewLandmarks,187,Lying,Lying,True,0.544,0.0,84.7399
Sitting_Lying_FewLandmarks,188,Lying,Lying,True,0.55,0.0,68.4508
Sitting_Lying_FewLandmarks,189,Lying,Lying,True,0.496,0.0,69.5252
Sitting_Lying_FewLandmarks,190,Lying,Lying,True,0.508,0.0,53.7259
Sitting_Lying_FewLandmarks,191,Lying,Lying,True,0.495,0.0,49.9399
Sitting_Lying_FewLandmarks,192,Lying,Lying,True,0.503,0.0,49.9827
Sitting_Lying_FewLandmarks,193,Lying,Lying,True,0.495,0.0,54.6735
Sitting_Lying_FewLandmarks,194,Lying,Lying,True,0.482,0.0,54.5836
Sitting_Lying_FewLandmarks,195,Lying,Lying,True,0.478,0.0,69.8856
Sitting_Lying_FewLandmarks,196,Lying,Lying,True,0.476,0.0,70.1298
Sitting_Lying_FewLandmarks,197,Lying,Lying,True,0.456,1.0,73.5516
Sitting_Lying_FewLandmarks,198,Lying,Lying,True,0.47,1.0,71.9492
Sitting_Lying_FewLandmarks,199,Lying,Lying,True,0.474,0.0,68.3234
Sitting_Lying_FewLandmarks,200,Lying,Lying,True,0.49,1.0,58.5038
Sitting_Lying_FewLandmarks,201,Lying,Lying,True,0.472,1.0,50.1143
Sitting_Lying_FewLandmarks,202,Lying,Lying,True,0.49,1.0,45.1431
Sitting_Lying_FewLandmarks,203,Lying,Lying,True,0.492,1.0,58.4865
Sitting_Lying_FewLandmarks,204,Lying,Lying,True,0.511,1.0,43.2855
Sitting_Lying_FewLandmarks,205,Lying,Lying,True,0.518,1.0,43.5472
Sitting_Lying_FewLandmarks,206,Lying,Lying,True,0.51,1.0,40.9903
Sitting_Lying_FewLandmarks,207,Lying,Lying,True,0.524,1.0,57.6264
Sitting_Lying_FewLandmarks,208,Lying,Lying,True,0.506,0.0,49.9727
Sitting_Lying_FewLandmarks,209,Lying,Lying,True,0.496,0.0,61.1067
Sitting_Lying_FewLandmarks,210,Lying,Lying,True,0.489,1.0,74.388
Sitting_Lying_FewLandmarks,211,Lying,Lying,True,0.491,0.0,44.3033
Sitting_Lying_FewLandmarks,212,Lying,Lying,True,0.474,0.0,57.607
Sitting_Lying_FewLandmarks,213,Lying,Lying,True,0.44,1.0,77.9112
Sitting_Lying_FewLandmarks,214,Lying,Lying,True,0.458,0.0,68.8155
Sitting_Lying_FewLandmarks,215,Lying,Lying,True,0.438,0.0,61.6275
Sitting_Lying_FewLandmarks,216,Lying,Lying,True,0.429,0.0,57.1847
Sitting_Lying_FewLandmarks,217,Lying,Lying,True,0.414,1.0,49.062
Sitting_Lying_FewLandmarks,218,Lying,Lying,True,0.426,0.0,49.8879
Sitting_Lying_FewLandmarks,219,Lying,Lying,True,0.44,0.0,63.2352
Sitting_Lying_FewLandmarks,220,Lying,Lying,True,0.435,0.0,97.7221
Sitting_Lying_FewLandmarks,221,Lying,Lying,True,0.436,1.0,62.7512
Sitting_Lying_FewLandmarks,222,Lying,Lying,True,0.447,1.0,81.1517
Sitting_Lying_FewLandmarks,223,Lying,Lying,True,0.465,1.0,65.9021
Sitting_Lying_FewLandmarks,224,Lying,Lying,True,0.508,1.0,57.1874
Sitting_Lying_FewLandmarks,225,Lying,Lying,True,0.495,1.0,71.8314
Sitting_Lying_FewLandmarks,226,Lying,Lying,True,0.458,0.0,70.2401
Sitting_Lying_FewLandmarks,227,Lying,Lying,True,0.478,1.0,57.6784
Sitting_Lying_FewLandmarks,228,Lying,Lying,True,0.491,1.0,58.6688
Sitting_Lying_FewLandmarks,229,Lying,Lying,True,0.488,1.0,78.1872
Sitting_Lying_FewLandmarks,230,Lying,Lying,True,0.457,0.0,66.0932
Sitting_Lying_FewLandmarks,231,Lying,Lying,True,0.413,0.0,54.8944
Sitting_Lying_FewLandmarks,232,Lying,Lying,True,0.45,1.0,64.3129
Sitting_Lying_FewLandmarks,233,Lying,Lying,True,0.435,1.0,63.879
Sitting_Lying_FewLandmarks,234,Lying,Lying,True,0.426,1.0,69.0421
Sitting_Lying_FewLandmarks,235,Lying,Lying,True,0.465,0.0,61.9727
Sitting_Lying_FewLandmarks,236,,Lying,,0.424,0.0,58.6046
Sitting_Lying_FewLandmarks,237,,Lying,,0.42,0.0,62.0676
Sitting_Lying_FewLandmarks,238,,Lying,,0.402,1.0,57.3831
Sitting_Lying_FewLandmarks,239,,Lying,,0.424,1.0,61.854
Sitting_Lying_FewLandmarks,240,,Lying,,0.429,1.0,57.0602
Sitting_Lying_FewLandmarks,241,,Lying,,0.439,0.0,68.6703
Sitting_Lying_FewLandmarks,242,,Lying,,0.388,0.0,49.3071
Sitting_Lying_FewLandmarks,243,,Lying,,0.398,0.0,56.2439
Sitting_Lying_FewLandmarks,244,,Lying,,0.428,0.0,60.6259
Sitting_Lying_FewLandmarks,245,,Lying,,0.444,0.0,66.0092
Sitting_Lying_FewLandmarks,246,,Lying,,0.403,0.0,70.8385
Sitting_Lying_FewLandmarks,247,,Lying,,0.39,0.0,64.9816
Sitting_Lying_FewLandmarks,248,,Lying,,0.375,0.0,65.5304
Sitting_Lying_FewLandmarks,249,,Lying,,0.393,0.0,53.0819
Sitting_Lying_FewLandmarks,250,,Lying,,0.435,0.0,46.8378
Sitting_Lying_FewLandmarks,251,,Lying,,0.401,0.0,51.2147
Sitting_Lying_FewLandmarks,252,,Lying,,0.351,0.0,46.0054
Sitting_Lying_FewLandmarks,253,,Lying,,0.362,0.0,47.601
Sitting_Lying_FewLandmarks,254,,Lying,,0.351,0.0,60.8734
Sitting_Lying_FewLandmarks,255,,Lying,,0.379,0.0,54.3604
Sitting_Lying_FewLandmarks,256,,Lying,,0.378,0.0,55.7311
Sitting_Lying_FewLandmarks,257,,Lying,,0.366,0.0,73.3005
Sitting_Lying_FewLandmarks,258,,Lying,,0.314,0.0,58.8925
Sitting_Lying_FewLandmarks,259,,Lying,,0.279,0.0,67.1494
Sitting_Lying_FewLandmarks,260,,Lying,,0.266,0.0,53.4102
Sitting_Lying_FewLandmarks,261,,Lying,,0.323,0.0,55.097
Sitting_Lying_FewLandmarks,262,,Lying,,0.321,0.0,48.0315
Sitting_Lying_FewLandmarks,263,,Lying,,0.29,0.0,41.7511
Sitting_Lying_FewLandmarks,264,,Lying,,0.333,0.0,41.5603
Sitting_Lying_FewLandmarks,265,,Lying,,0.345,0.0,58.5002
Sitting_Lying_FewLandmarks,266,,Lying,,0.333,0.0,58.2285
Sitting_Lying_FewLandmarks,267,,Lying,,0.338,0.0,58.1329
Sitting_Lying_FewLandmarks,268,,Lying,,0.355,0.0,51.5231
Sitting_Lying_FewLandmarks,269,,Lying,,0.351,0.0,47.6689
Sitting_Lying_FewLandmarks,270,,Lying,,0.372,0.0,47.6765
Sitting_Lying_FewLandmarks,271,,Lying,,0.366,0.0,47.249
Sitting_Lying_FewLandmarks,272,,Lying,,0.36,0.0,50.4598
Sitting_Lying_FewLandmarks,273,,Lying,,0.352,0.0,39.2314
Sitting_Lying_FewLandmarks,274,,Lying,,0.338,0.0,47.6708
Sitting_Lying_FewLandmarks,275,,Lying,,0.349,0.0,39.3964
Sitting_Lying_FewLandmarks,276,,Lying,,0.34,0.0,39.5127
Sitting_Lying_FewLandmarks,277,,Lying,,0.336,0.0,40.7043
Sitting_Lying_FewLandmarks,278,,Lying,,0.322,0.0,38.1519
Sitting_Lying_FewLandmarks,279,,Lying,,0.322,0.0,38.0707
Sitting_Lying_FewLandmarks,280,,Lying,,0.324,0.0,34.4533
Sitting_Lying_FewLandmarks,281,,Lying,,0.318,0.0,32.9693
Sitting_Lying_FewLandmarks,282,,Lying,,0.324,0.0,51.1805
Sitting_Lying_FewLandmarks,283,,Lying,,0.305,0.0,36.1749
Sitting_Lying_FewLandmarks,284,,Lying,,0.313,0.0,39.5371
Sitting_Lying_FewLandmarks,285,,Lying,,0.31,0.0,36.4398
Sitting_Lying_FewLandmarks,286,,Lying,,0.285,0.0,32.8648
Sitting_Lying_FewLandmarks,287,,Lying,,0.248,0.0,32.0421
Sitting_Lying_FewLandmarks,288,,Sitting,,0.3,0.0,35.7427
Sitting_Lying_FewLandmarks,289,,Sitting,,0.378,0.0,42.6712
Sitting_Lying_FewLandmarks,290,,Sitting,,0.412,0.0,40.5716
Sitting_Lying_FewLandmarks,291,,Sitting,,0.484,0.0,33.6943
Sitting_Lying_FewLandmarks,292,,Sitting,,0.522,0.0,37.431
Sitting_Lying_FewLandmarks,293,,Sitting,,0.551,0.0,52.1893
Sitting_Lying_FewLandmarks,294,,Sitting,,0.598,0.0,58.4028
Sitting_Lying_FewLandmarks,295,,Sitting,,0.605,0.0,38.7572
Sitting_Lying_FewLandmarks,296,,Sitting,,0.59,0.0,43.7299
Sitting_Lying_FewLandmarks,297,,Sitting,,0.598,0.0,41.7266
Sitting_Lying_FewLandmarks,298,,Sitting,,0.615,0.0,34.3087
Sitting_Lying_FewLandmarks,299,,Sitting,,0.577,0.0,37.5481
Sitting_Lying_FewLandmarks,300,,Sitting,,0.561,0.0,39.3143
Sitting_Lying_FewLandmarks,301,,Sitting,,0.552,0.0,42.5173
Sitting_Lying_FewLandmarks,302,,Sitting,,0.552,0.0,35.9543
Sitting_Lying_FewLandmarks,303,,Sitting,,0.552,0.0,44.202
Sitting_Lying_FewLandmarks,304,,Sitting,,0.532,0.0,36.7967
Sitting_Lying_FewLandmarks,305,,Sitting,,0.528,0.0,38.922
Sitting_Lying_FewLandmarks,306,,Sitting,,0.531,0.0,33.7904
Sitting_Lying_FewLandmarks,307,,Sitting,,0.519,0.0,30.747
Sitting_Lying_FewLandmarks,308,,Sitting,,0.526,0.0,74.007
Sitting_Lying_FewLandmarks,309,,Sitting,,0.522,0.0,47.5569
Sitting_Lying_FewLandmarks,310,,Sitting,,0.52,0.0,43.0723
Sitting_Lying_FewLandmarks,311,,Sitting,,0.512,0.0,36.1789
Sitting_Lying_FewLandmarks,312,,Sitting,,0.506,0.0,34.3743
Sitting_Lying_FewLandmarks,313,,Sitting,,0.505,0.0,32.7374
Sitting_Lying_FewLandmarks,314,,Sitting,,0.504,0.0,35.5724
Sitting_Lying_FewLandmarks,315,,Sitting,,0.488,0.0,33.4833
Sitting_Lying_FewLandmarks,316,,Sitting,,0.478,0.0,70.7597
Sitting_Lying_FewLandmarks,317,,Sitting,,0.472,0.0,53.5412
Sitting_Lying_FewLandmarks,318,,Sitting,,0.47,0.0,65.7781
Sitting_Lying_FewLandmarks,319,,Sitting,,0.46,0.0,48.7153
Sitting_Lying_FewLandmarks,320,,Sitting,,0.466,0.0,96.5736
Sitting_Lying_FewLandmarks,321,,Sitting,,0.461,0.0,119.2852
Sitting_Lying_FewLandmarks,322,,Sitting,,0.455,0.0,86.8402
Sitting_Lying_FewLandmarks,323,,Sitting,,0.461,0.0,104.2495
Sitting_Lying_FewLandmarks,324,,Sitting,,0.456,0.0,83.9673
Sitting_Lying_FewLandmarks,325,Sitting,Sitting,True,0.463,0.0,83.3318
Sitting_Lying_FewLandmarks,326,Sitting,Sitting,True,0.472,0.0,63.8671
Sitting_Lying_FewLandmarks,327,Sitting,Sitting,True,0.47,0.0,138.4086
Sitting_Lying_FewLandmarks,328,Sitting,Sitting,True,0.463,0.0,64.5218
Sitting_Lying_FewLandmarks,329,Sitting,Sitting,True,0.461,0.0,95.3431
Sitting_Lying_FewLandmarks,330,Sitting,Sitting,True,0.459,0.0,73.0179
Sitting_Lying_FewLandmarks,331,Sitting,Sitting,True,0.466,0.0,70.6327
Sitting_Lying_FewLandmarks,332,Sitting,Sitting,True,0.467,0.0,55.8873
Sitting_Lying_FewLandmarks,333,Sitting,Sitting,True,0.464,0.0,41.5168
Sitting_Lying_FewLandmarks,334,Sitting,Sitting,True,0.464,0.0,35.8872
Sitting_Lying_FewLandmarks,335,Sitting,Sitting,True,0.462,0.0,47.1396
Sitting_Lying_FewLandmarks,336,Sitting,Sitting,True,0.456,0.0,36.447
Sitting_Lying_FewLandmarks,337,Sitting,Sitting,True,0.466,0.0,34.6454
Sitting_Lying_FewLandmarks,338,Sitting,Sitting,True,0.463,0.0,40.4859
Sitting_Lying_FewLandmarks,339,Sitting,Sitting,True,0.463,0.0,34.5465
Sitting_Lying_FewLandmarks,340,Sitting,Sitting,True,0.451,0.0,33.5424
Sitting_Lying_FewLandmarks,341,Sitting,Sitting,True,0.456,0.0,32.4942
Sitting_Lying_FewLandmarks,342,Sitting,Sitting,True,0.467,0.0,35.644
Sitting_Lying_FewLandmarks,343,Sitting,Sitting,True,0.46,0.0,34.4913
Sitting_Lying_FewLandmarks,344,Sitting,Sitting,True,0.461,0.0,35.2692
Sitting_Lying_FewLandmarks,345,Sitting,Sitting,True,0.465,0.0,37.7609
Sitting_Lying_FewLandmarks,346,Sitting,Sitting,True,0.458,0.0,29.6691
Sitting_Lying_FewLandmarks,347,Sitting,Sitting,True,0.465,0.0,30.5047
Sitting_Lying_FewLandmarks,348,Sitting,Sitting,True,0.467,0.0,30.6288
Sitting_Lying_FewLandmarks,349,Sitting,Sitting,True,0.465,0.0,35.3532
Sitting_Lying_FewLandmarks,350,Sitting,Sitting,True,0.457,0.0,31.3995
Sitting_Lying_FewLandmarks,351,Sitting,Sitting,True,0.469,0.0,35.434
Sitting_Lying_FewLandmarks,352,Sitting,Sitting,True,0.475,0.0,31.6128
Sitting_Lying_FewLandmarks,353,Sitting,Sitting,True,0.462,0.0,36.928
Sitting_Lying_FewLandmarks,354,,Sitting,,0.465,0.0,43.006
Sitting_Lying_FewLandmarks,355,,Sitting,,0.465,0.0,42.8996
Sitting_Lying_FewLandmarks,356,,Sitting,,0.468,0.0,36.563
Sitting_Lying_FewLandmarks,357,,Sitting,,0.472,0.0,36.0721
Sitting_Lying_FewLandmarks,358,,Sitting,,0.472,0.0,44.8066
Sitting_Lying_FewLandmarks,359,,Sitting,,0.474,0.0,33.2317
Sitting_Lying_FewLandmarks,360,,Sitting,,0.496,0.0,35.8691
Sitting_Lying_FewLandmarks,361,,Sitting,,0.51,0.0,29.427
Sitting_Lying_FewLandmarks,362,,Sitting,,0.517,0.0,29.6364
Sitting_Lying_FewLandmarks,363,,Sitting,,0.527,0.0,29.5111
Sitting_Lying_FewLandmarks,364,,Sitting,,0.537,0.0,28.2718
Sitting_Lying_FewLandmarks,365,,Sitting,,0.536,0.0,28.1425
Sitting_Lying_FewLandmarks,366,,Sitting,,0.551,0.0,25.9291
Sitting_Lying_FewLandmarks,367,,Sitting,,0.558,0.0,25.8154
Sitting_Lying_FewLandmarks,368,,Sitting,,0.561,0.0,25.264
Sitting_Lying_FewLandmarks,369,,Sitting,,0.571,0.0,24.6081
Sitting_Lying_FewLandmarks,370,,Sitting,,0.543,0.0,24.8054
Sitting_Lying_FewLandmarks,371,,Sitting,,0.548,0.0,24.938
Sitting_Lying_FewLandmarks,372,,Sitting,,0.535,0.0,23.6128
Sitting_Lying_FewLandmarks,373,,Sitting,,0.514,0.0,23.1292
Sitting_Lying_FewLandmarks,374,,Sitting,,0.494,0.0,23.1246
Sitting_Lying_FewLandmarks,375,,Sitting,,0.489,0.0,22.7752
Sitting_Lying_FewLandmarks,376,,Sitting,,0.452,0.0,23.2267
Sitting_Lying_FewLandmarks,377,,Sitting,,0.427,0.0,23.0363
Sitting_Lying_FewLandmarks,378,,Sitting,,0.339,0.0,22.1563
Sitting_Lying_FewLandmarks,379,,Sitting,,0.276,0.0,21.9299
Sitting_Lying_FewLandmarks,380,,Lying,,0.231,0.0,21.6623
Sitting_Lying_FewLandmarks,381,,Lying,,0.258,0.0,21.2553
Sitting_Lying_FewLandmarks,382,,Lying,,0.293,0.0,20.9016
Sitting_Lying_FewLandmarks,383,,Lying,,0.306,0.0,22.309
Sitting_Lying_FewLandmarks,384,,Lying,,0.323,0.0,22.7155
Sitting_Lying_FewLandmarks,385,,Lying,,0.305,0.0,25.7584
Sitting_Lying_FewLandmarks,386,,Lying,,0.285,0.0,24.3325
Sitting_Lying_FewLandmarks,387,,Standing,,0.278,0.0,23.2107
Sitting_Lying_FewLandmarks,388,,Standing,,0.324,0.0,29.632
Sitting_Lying_FewLandmarks,389,,Standing,,0.36,0.0,33.8836
Sitting_Lying_FewLandmarks,390,,Standing,,0.4,0.0,35.1356
Sitting_Lying_FewLandmarks,391,,Standing,,0.428,0.0,31.5582
Sitting_Lying_FewLandmarks,392,,Standing,,0.481,0.0,30.7272
Sitting_Lying_FewLandmarks,393,,Standing,,0.502,0.0,31.118
Sitting_Lying_FewLandmarks,394,,Standing,,0.516,0.0,25.2253
Sitting_Lying_FewLandmarks,395,,Standing,,0.521,0.0,28.6529
Sitting_Lying_FewLandmarks,396,,Standing,,0.536,0.0,30.873
Sitting_Lying_FewLandmarks,397,,Standing,,0.537,0.0,27.5243
Sitting_Lying_FewLandmarks,398,,Standing,,0.514,0.0,26.5527
Sitting_Lying_FewLandmarks,399,,Standing,,0.524,0.0,27.7399
Sitting_Lying_FewLandmarks,400,,Standing,,0.538,0.0,41.5097
Sitting_Lying_FewLandmarks,401,,Standing,,0.579,0.0,38.8512
