clip_name,frame_number,gt_label,pred_label,correct,confidence,nan_fraction,latency_ms
Bend_pickup_lowLight,31,,Standing,,0.995,0.0,1034.8897
Bend_pickup_lowLight,32,,Standing,,0.995,0.0,129.8805
Bend_pickup_lowLight,33,,Standing,,0.996,0.0,137.3813
Bend_pickup_lowLight,34,,Standing,,0.996,0.0,142.8613
Bend_pickup_lowLight,35,,Standing,,0.996,0.0,138.0659
Bend_pickup_lowLight,36,,Standing,,0.995,0.0,153.8316
Bend_pickup_lowLight,37,,Standing,,0.995,0.0,171.6481
Bend_pickup_lowLight,38,,Standing,,0.995,0.0,154.1822
Bend_pickup_lowLight,39,,Standing,,0.995,0.0,145.1308
Bend_pickup_lowLight,40,,Standing,,0.995,0.0,143.573
Bend_pickup_lowLight,41,,Standing,,0.994,0.0,156.33
Bend_pickup_lowLight,42,,Standing,,0.994,0.0,137.5759
Bend_pickup_lowLight,43,,Standing,,0.994,0.0,170.7397
Bend_pickup_lowLight,44,,Standing,,0.994,0.0,137.3386
Bend_pickup_lowLight,45,,Standing,,0.994,0.0,142.0321
Bend_pickup_lowLight,46,,Standing,,0.989,0.0,132.2481
Bend_pickup_lowLight,47,,Lying,,0.537,0.0,196.6838
Bend_pickup_lowLight,48,,Lying,,0.866,0.0,151.3286
Bend_pickup_lowLight,49,,Lying,,0.935,0.0,182.1853
Bend_pickup_lowLight,50,,Lying,,0.957,0.0,134.5952
Bend_pickup_lowLight,51,,Lying,,0.982,0.0,141.4559
Bend_pickup_lowLight,52,,Lying,,0.992,0.0,157.7418
Bend_pickup_lowLight,53,,Lying,,0.996,0.0,156.8263
Bend_pickup_lowLight,54,,Lying,,0.998,0.0,155.7995
Bend_pickup_lowLight,55,,Lying,,0.999,0.0,177.4339
Bend_pickup_lowLight,56,,Lying,,0.999,0.0,135.9134
Bend_pickup_lowLight,57,,Lying,,1.0,0.0,160.33
Bend_pickup_lowLight,58,,Lying,,1.0,0.0,137.2027
Bend_pickup_lowLight,59,,Lying,,1.0,0.0,144.7201
Bend_pickup_lowLight,60,,Lying,,1.0,0.0,141.7139
Bend_pickup_lowLight,61,,Lying,,1.0,0.0,143.0325
Bend_pickup_lowLight,62,,Lying,,1.0,0.0,248.8053
Bend_pickup_lowLight,63,,Lying,,1.0,0.0,232.2369
Bend_pickup_lowLight,64,,Lying,,1.0,0.0,137.3505
Bend_pickup_lowLight,65,,Lying,,1.0,0.0,142.2588
Bend_pickup_lowLight,66,,Lying,,1.0,0.0,139.0566
Bend_pickup_lowLight,67,,Lying,,1.0,0.0,149.5995
Bend_pickup_lowLight,68,,Lying,,1.0,0.0,140.1482
Bend_pickup_lowLight,69,,Lying,,1.0,0.0,134.7541
Bend_pickup_lowLight,70,,Lying,,1.0,0.0,139.9201
Bend_pickup_lowLight,71,,Lying,,1.0,0.0,159.3685
Bend_pickup_lowLight,72,,Lying,,1.0,0.0,146.8432
Bend_pickup_lowLight,73,,Lying,,1.0,0.0,134.4615
Bend_pickup_lowLight,74,,Lying,,1.0,0.0,150.7276
Bend_pickup_lowLight,75,,Lying,,1.0,0.0,172.5617
Bend_pickup_lowLight,76,,Lying,,1.0,0.0,132.9025
Bend_pickup_lowLight,77,,Lying,,1.0,0.0,151.8373
Bend_pickup_lowLight,78,,Lying,,1.0,0.0,170.9141
Bend_pickup_lowLight,79,,Lying,,1.0,0.0,170.2552
Bend_pickup_lowLight,80,,Lying,,1.0,0.0,148.4097
Bend_pickup_lowLight,81,,Lying,,1.0,0.0,137.3615
Bend_pickup_lowLight,82,,Lying,,1.0,0.0,147.746
Bend_pickup_lowLight,83,,Lying,,1.0,0.0,129.6458
Bend_pickup_lowLight,84,,Lying,,1.0,0.0,132.9955
Bend_pickup_lowLight,85,,Lying,,1.0,0.0,155.5584
Bend_pickup_lowLight,86,,Lying,,1.0,0.0,125.3376
Bend_pickup_lowLight,87,,Lying,,1.0,0.0,119.3368
Bend_pickup_lowLight,88,,Lying,,1.0,0.0,139.401
Bend_pickup_lowLight,89,,Lying,,1.0,0.0,147.6945
Bend_pickup_lowLight,90,,Lying,,0.999,0.0,170.2523
Bend_pickup_lowLight,91,,Lying,,0.998,0.0,133.4882
Bend_pickup_lowLight,92,Standing,Lying,False,0.997,0.0,116.0496
Bend_pickup_lowLight,93,Standing,Lying,False,0.994,0.0,122.2335
Bend_pickup_lowLight,94,Standing,Lying,False,0.99,0.0,101.5724
Bend_pickup_lowLight,95,Standing,Lying,False,0.979,0.0,85.3683
Bend_pickup_lowLight,96,Standing,Lying,False,0.964,0.0,87.2993
Bend_pickup_lowLight,97,Standing,Lying,False,0.924,0.0,94.6496
Bend_pickup_lowLight,98,Standing,Lying,False,0.845,0.0,102.9212
Bend_pickup_lowLight,99,Standing,Standing,True,0.696,0.0,92.3007
Bend_pickup_lowLight,100,Standing,Standing,True,0.962,0.0,98.4509
Bend_pickup_lowLight,101,Standing,Standing,True,0.98,0.0,105.3935
Bend_pickup_lowLight,102,Standing,Standing,True,0.995,0.0,117.411
Bend_pickup_lowLight,103,Standing,Standing,True,0.995,0.0,104.2624
Bend_pickup_lowLight,104,Standing,Standing,True,0.994,0.0,121.8468
Bend_pickup_lowLight,105,Standing,Standing,True,0.994,0.0,104.54
Bend_pickup_lowLight,106,Standing,Standing,True,0.995,0.0,102.008
Bend_pickup_lowLight,107,Standing,Standing,True,0.995,0.0,93.4023
Bend_pickup_lowLight,108,Standing,Standing,True,0.996,0.0,88.075
Bend_pickup_lowLight,109,Standing,Standing,True,0.996,0.0,104.7132
Bend_pickup_lowLight,110,Standing,Standing,True,0.997,0.0,87.4956
Bend_pickup_lowLight,111,Standing,Standing,True,0.997,0.0,110.2801
Bend_pickup_lowLight,112,Standing,Standing,True,0.998,0.0,129.952
Bend_pickup_lowLight,113,Standing,Standing,True,0.998,0.0,121.3751
Bend_pickup_lowLight,114,Standing,Standing,True,0.998,0.0,124.9775
Bend_pickup_lowLight_leftRight,31,,Standing,,0.931,0.0,94.1642
Bend_pickup_lowLight_leftRight,32,,Standing,,0.912,0.0,114.0005
Bend_pickup_lowLight_leftRight,33,,Standing,,0.885,0.0,112.2526
Bend_pickup_lowLight_leftRight,34,,Standing,,0.851,0.0,114.2517
Bend_pickup_lowLight_leftRight,35,,Standing,,0.797,0.0,125.1963
Bend_pickup_lowLight_leftRight,36,,Standing,,0.737,0.0,112.0851
Bend_pickup_lowLight_leftRight,37,,Standing,,0.645,0.0,108.1546
Bend_pickup_lowLight_leftRight,38,,Standing,,0.561,0.0,105.8075
Bend_pickup_lowLight_leftRight,39,,Standing,,0.457,0.0,96.8162
Bend_pickup_lowLight_leftRight,40,,Sitting,,0.366,0.0,106.9762
Bend_pickup_lowLight_leftRight,41,,Sitting,,0.397,0.0,92.6089
Bend_pickup_lowLight_leftRight,42,,Sitting,,0.401,0.0,101.1898
Bend_pickup_lowLight_leftRight,43,,Sitting,,0.389,0.0,104.2842
Bend_pickup_lowLight_leftRight,44,,Lying,,0.468,0.0,110.2736
Bend_pickup_lowLight_leftRight,45,,Lying,,0.56,0.0,106.0129
Bend_pickup_lowLight_leftRight,46,,Lying,,0.653,0.0,104.2399
Bend_pickup_lowLight_leftRight,47,,Lying,,0.723,0.0,113.514
Bend_pickup_lowLight_leftRight,48,,Lying,,0.784,0.0,114.8767
Bend_pickup_lowLight_leftRight,49,,Lying,,0.834,0.0,121.8619
Bend_pickup_lowLight_leftRight,50,,Lying,,0.866,0.0,126.927
Bend_pickup_lowLight_leftRight,51,,Lying,,0.89,0.0,122.4199
Bend_pickup_lowLight_leftRight,52,,Lying,,0.903,0.0,123.4613
Bend_pickup_lowLight_leftRight,53,,Lying,,0.919,0.0,97.3337
Bend_pickup_lowLight_leftRight,54,,Lying,,0.933,0.0,116.405
Bend_pickup_lowLight_leftRight,55,,Lying,,0.927,0.0,105.5221
Bend_pickup_lowLight_leftRight,56,,Lying,,0.942,0.0,122.0264
Bend_pickup_lowLight_leftRight,57,,Lying,,0.94,0.0,115.2303
Bend_pickup_lowLight_leftRight,58,,Lying,,0.96,0.0,121.0825
Bend_pickup_lowLight_leftRight,59,,Lying,,0.958,0.0,174.4507
Bend_pickup_lowLight_leftRight,60,,Lying,,0.961,0.0,156.2432
Bend_pickup_lowLight_leftRight,61,,Lying,,0.953,0.0,102.0343
Bend_pickup_lowLight_leftRight,62,,Lying,,0.939,0.0,123.1698
Bend_pickup_lowLight_leftRight,63,,Lying,,0.939,0.0,109.8504
Bend_pickup_lowLight_leftRight,64,,Lying,,0.965,0.0,106.4421
Bend_pickup_lowLight_leftRight,65,,Lying,,0.943,0.0,117.1828
Bend_pickup_lowLight_leftRight,66,,Lying,,0.919,0.0,105.322
Bend_pickup_lowLight_leftRight,67,,Lying,,0.875,0.0,106.6408
Bend_pickup_lowLight_leftRight,68,,Lying,,0.822,0.0,130.8876
Bend_pickup_lowLight_leftRight,69,,Lying,,0.788,0.0,123.9712
Bend_pickup_lowLight_leftRight,70,,Lying,,0.709,0.0,103.5427
Bend_pickup_lowLight_leftRight,71,,Lying,,0.646,0.0,101.2278
Bend_pickup_lowLight_leftRight,72,,Lying,,0.717,0.0,111.1084
Bend_pickup_lowLight_leftRight,73,,Lying,,0.624,0.0,112.0641
Bend_pickup_lowLight_leftRight,74,,Lying,,0.611,0.0,82.3616
Bend_pickup_lowLight_leftRight,75,,Lying,,0.599,0.0,75.304
Bend_pickup_lowLight_leftRight,76,,Lying,,0.51,0.0,86.3767
Bend_pickup_lowLight_leftRight,77,,Lying,,0.535,0.0,90.0883
Bend_pickup_lowLight_leftRight,78,,Lying,,0.581,0.0,84.0075
Bend_pickup_lowLight_leftRight,79,,Lying,,0.61,0.0,81.4816
Bend_pickup_lowLight_leftRight,80,,Lying,,0.666,0.0,91.7056
Bend_pickup_lowLight_leftRight,81,,Lying,,0.725,0.0,77.001
Bend_pickup_lowLight_leftRight,82,,Lying,,0.744,0.0,92.9328
Bend_pickup_lowLight_leftRight,83,,Lying,,0.809,0.0,104.9013
Bend_pickup_lowLight_leftRight,84,,Lying,,0.815,0.0,87.1936
Bend_pickup_lowLight_leftRight,85,,Lying,,0.834,0.0,89.0598
Bend_pickup_lowLight_leftRight,86,,Lying,,0.849,0.0,88.9007
Bend_pickup_lowLight_leftRight,87,,Lying,,0.857,0.0,110.6835
Bend_pickup_lowLight_leftRight,88,,Lying,,0.861,0.0,91.7193
Bend_pickup_lowLight_leftRight,89,,Lying,,0.855,0.0,99.82
Bend_pickup_lowLight_leftRight,90,Standing,Lying,False,0.853,0.0,98.611
Bend_pickup_lowLight_leftRight,91,Standing,Lying,False,0.886,0.0,87.9835
Bend_pickup_lowLight_leftRight,92,Standing,Lying,False,0.865,0.0,86.5642
Bend_pickup_lowLight_leftRight,93,Standing,Lying,False,0.837,0.0,84.0406
Bend_pickup_lowLight_leftRight,94,Standing,Lying,False,0.856,0.0,87.314
Bend_pickup_lowLight_leftRight,95,Standing,Lying,False,0.84,0.0,93.3366
Bend_pickup_lowLight_leftRight,96,Standing,Lying,False,0.815,0.0,102.0818
Bend_pickup_lowLight_leftRight,97,Standing,Lying,False,0.782,0.0,90.0086
Bend_pickup_lowLight_leftRight,98,Standing,Lying,False,0.711,0.0,93.2998
Bend_pickup_lowLight_leftRight,99,Standing,Lying,False,0.625,0.0,95.0825
Bend_pickup_lowLight_leftRight,100,Standing,Lying,False,0.521,0.0,93.1149
Bend_pickup_lowLight_leftRight,101,Standing,Standing,True,0.415,0.0,91.1693
Bend_pickup_lowLight_leftRight,102,Standing,Standing,True,0.58,0.0,97.2803
Bend_pickup_lowLight_leftRight,103,Standing,Standing,True,0.7,0.0,118.331
Bend_pickup_lowLight_leftRight,104,Standing,Standing,True,0.818,0.0,127.0433
Bend_pickup_lowLight_leftRight,105,Standing,Standing,True,0.879,0.0,126.2344
Bend_pickup_lowLight_leftRight,106,Standing,Standing,True,0.903,0.0,96.0158
Bend_pickup_lowLight_leftRight,107,Standing,Standing,True,0.941,0.0,102.1805
Bend_pickup_lowLight_leftRight,108,Standing,Standing,True,0.923,0.0,91.6936
Bend_pickup_lowLight_leftRight,109,Standing,Standing,True,0.952,0.0,87.2854
Bend_pickup_lowLight_leftRight,110,Standing,Standing,True,0.971,0.0,94.211
Bend_pickup_lowLight_leftRight,111,Standing,Standing,True,0.97,0.0,120.7301
Bend_pickup_lowLight_leftRight,112,Standing,Standing,True,0.983,0.0,99.8839
Bend_pickup_lowLight_leftRight,113,Standing,Standing,True,0.987,0.0,100.3633
Bend_pickup_lowLight_leftRight,114,Standing,Standing,True,0.991,0.0,107.391
Bend_pickup_lowLight_leftRight,115,Standing,Standing,True,0.994,0.0,99.3573
Bend_pickup_lowLight_leftRight,116,Standing,Standing,True,0.995,0.0,81.9144
Bend_pickup_lowLight_leftRight,117,Standing,Standing,True,0.996,0.0,77.5429
Bend_pickup_lowLight_leftRight,118,Standing,Standing,True,0.996,0.0,81.5899
Bend_pickup_lowLight_leftRight,119,Standing,Standing,True,0.996,0.0,87.0221
Bend_pickup_lowLight_leftRight,120,Standing,Standing,True,0.997,0.0,75.9571
Bend_pickup_lowLight_leftRight,121,Standing,Standing,True,0.996,0.0,80.0557
Bend_pickup_lowLight_leftRight,122,Standing,Standing,True,0.996,0.0,78.5662
Bend_pickup_lowLight_leftRight,123,Standing,Standing,True,0.996,0.0,88.736
Bend_pickup_lowLight_leftRight,124,Standing,Standing,True,0.997,0.0,87.2489
Bend_pickup_lowLight_leftRight,125,Standing,Standing,True,0.996,0.0,102.903
Bend_pickup_lowLight_leftRight,126,Standing,Standing,True,0.997,0.0,91.2162
Bend_pickup_lowLight_leftRight,127,Standing,Standing,True,0.997,0.0,94.0973
Bend_pickup_lowLight_leftRight,128,Standing,Standing,True,0.997,0.0,97.1134
Bend_pickup_lowLight_leftRight,129,,Standing,,0.996,0.0,117.3207
Bend_pickup_lowLight_leftRight,130,,Standing,,0.996,0.0,103.6625
Bend_pickup_lowLight_leftRight,131,,Standing,,0.996,0.0,97.174
Bend_pickup_lowLight_leftRight,132,,Standing,,0.997,0.0,90.1028
Bend_pickup_lowLight_leftRight,133,,Standing,,0.997,0.0,103.8159
Bend_pickup_lowLight_leftRight,134,,Standing,,0.997,0.0,89.6213
Bend_pickup_lowLight_leftRight,135,,Standing,,0.997,0.0,97.2793
Bend_pickup_lowLight_leftRight,136,,Standing,,0.997,0.0,96.7984
Bend_pickup_lowLight_leftRight,137,,Standing,,0.997,0.0,99.0963
Bend_pickup_lowLight_leftRight,138,,Standing,,0.997,0.0,95.9301
Bend_pickup_lowLight_leftRight,139,,Standing,,0.997,0.0,86.466
Bend_pickup_lowLight_leftRight,140,,Standing,,0.997,0.0,88.5552
Bend_pickup_lowLight_leftRight,141,,Standing,,0.997,0.0,81.2471
Bend_pickup_lowLight_leftRight,142,,Standing,,0.997,0.0,79.7446
Bend_pickup_lowLight_leftRight,143,,Standing,,0.997,0.0,78.8763
Bend_pickup_lowLight_leftRight,144,,Standing,,0.997,0.0,98.4237
Bend_pickup_lowLight_leftRight,145,,Standing,,0.996,0.0,100.165
Bend_pickup_lowLight_leftRight,146,,Standing,,0.996,0.0,92.9823
Bend_pickup_lowLight_leftRight,147,,Standing,,0.995,0.0,72.6129
Bend_pickup_lowLight_leftRight,148,,Standing,,0.995,0.0,81.1653
Bend_pickup_lowLight_leftRight,149,,Standing,,0.994,0.0,80.8242
Bend_pickup_lowLight_leftRight,150,,Standing,,0.994,0.0,90.7768
Bend_pickup_lowLight_leftRight,151,,Standing,,0.993,0.0,86.6863
Bend_pickup_lowLight_leftRight,152,,Standing,,0.992,0.0,86.6251
Bend_pickup_lowLight_leftRight,153,,Standing,,0.991,0.0,91.5864
Bend_pickup_lowLight_leftRight,154,,Standing,,0.991,0.0,84.0557
Bend_pickup_lowLight_leftRight,155,,Standing,,0.99,0.0,82.8468
Bend_pickup_lowLight_leftRight,156,,Standing,,0.989,0.0,91.9439
Bend_pickup_lowLight_leftRight,157,,Standing,,0.988,0.0,87.8273
Bend_pickup_lowLight_leftRight,158,,Standing,,0.988,0.0,72.8538
Bend_pickup_lowLight_leftRight,159,,Standing,,0.987,0.0,68.587
Bend_pickup_lowLight_leftRight,160,,Standing,,0.987,0.0,67.0774
Bend_pickup_lowLight_leftRight,161,,Standing,,0.985,0.0,65.5833
Bend_pickup_lowLight_leftRight,162,,Standing,,0.983,0.0,63.4012
Bend_pickup_lowLight_leftRight,163,,Standing,,0.98,0.0,93.8244
Bend_pickup_lowLight_leftRight,164,,Standing,,0.975,0.0,115.0945
Bend_pickup_lowLight_leftRight,165,,Standing,,0.969,0.0,95.0236
Bend_pickup_lowLight_leftRight,166,,Standing,,0.959,0.0,108.1829
Bend_pickup_lowLight_leftRight,167,,Standing,,0.953,0.0,122.5131
Bend_pickup_lowLight_leftRight,168,,Standing,,0.937,0.0,115.4827
Bend_pickup_lowLight_leftRight,169,,Standing,,0.909,0.0,103.6052
Bend_pickup_lowLight_leftRight,170,,Standing,,0.868,0.0,86.0315
Bend_pickup_lowLight_leftRight,171,,Standing,,0.795,0.0,81.9119
Bend_pickup_lowLight_leftRight,172,,Standing,,0.685,0.0,69.2043
Bend_pickup_lowLight_leftRight,173,,Standing,,0.555,0.0,68.9388
Bend_pickup_lowLight_leftRight,174,,Standing,,0.423,0.0,64.8081
Bend_pickup_lowLight_leftRight,175,,Lying,,0.397,0.0,67.8116
Bend_pickup_lowLight_leftRight,176,,Lying,,0.452,0.0,80.2223
Bend_pickup_lowLight_leftRight,177,,Lying,,0.452,0.0,77.4443
Bend_pickup_lowLight_leftRight,178,,Lying,,0.454,0.0,78.8663
Bend_pickup_lowLight_leftRight,179,,Lying,,0.448,0.0,70.6346
Bend_pickup_lowLight_leftRight,180,,Lying,,0.507,0.0,88.9384
Bend_pickup_lowLight_leftRight,181,,Lying,,0.592,0.0,70.8205
Bend_pickup_lowLight_leftRight,182,,Lying,,0.66,0.0,83.1857
Bend_pickup_lowLight_leftRight,183,,Lying,,0.725,0.0,78.1357
Bend_pickup_lowLight_leftRight,184,,Lying,,0.751,0.0,83.8546
Bend_pickup_lowLight_leftRight,185,,Lying,,0.78,0.0,89.7029
Bend_pickup_lowLight_leftRight,186,,Lying,,0.814,0.0,85.925
Bend_pickup_lowLight_leftRight,187,,Lying,,0.829,0.0,83.0232
Bend_pickup_lowLight_leftRight,188,,Lying,,0.875,0.0,107.5619
Bend_pickup_lowLight_leftRight,189,,Lying,,0.89,0.0,107.6078
Bend_pickup_lowLight_leftRight,190,,Lying,,0.886,0.0,103.9458
Bend_pickup_lowLight_leftRight,191,,Lying,,0.982,0.0,95.8678
Bend_pickup_lowLight_leftRight,192,,Lying,,0.945,0.0,85.4171
Bend_pickup_lowLight_leftRight,193,,Lying,,0.978,0.0,83.6883
Bend_pickup_lowLight_leftRight,194,,Lying,,0.98,0.0,90.55
Bend_pickup_lowLight_leftRight,195,,Lying,,0.956,0.0,76.8425
Bend_pickup_lowLight_leftRight,196,,Lying,,0.927,0.0,74.9054
Bend_pickup_lowLight_leftRight,197,,Lying,,0.924,0.0,87.4597
Bend_pickup_lowLight_leftRight,198,,Lying,,0.943,0.0,90.7356
Bend_pickup_lowLight_leftRight,199,,Lying,,0.593,0.0,94.2201
Bend_pickup_lowLight_leftRight,200,,Lying,,0.612,0.0,81.345
Bend_pickup_lowLight_leftRight,201,,Lying,,0.444,0.0,87.9326
Bend_pickup_lowLight_leftRight,202,,Lying,,0.456,0.0,75.5385
Bend_pickup_lowLight_leftRight,203,,Lying,,0.638,0.0,81.6996
Bend_pickup_lowLight_leftRight,204,,Lying,,0.479,0.0,73.8557
Bend_pickup_lowLight_leftRight,205,,Lying,,0.534,0.0,87.446
Bend_pickup_lowLight_leftRight,206,Standing,Lying,False,0.551,0.0,79.4653
Bend_pickup_lowLight_leftRight,207,Standing,Lying,False,0.604,0.0,78.4285
Bend_pickup_lowLight_leftRight,208,Standing,Lying,False,0.531,0.0,81.7436
Bend_pickup_lowLight_leftRight,209,Standing,Lying,False,0.684,0.0,102.4074
Bend_pickup_lowLight_leftRight,210,Standing,Lying,False,0.764,0.0,78.3724
Bend_pickup_lowLight_leftRight,211,Standing,Lying,False,0.784,0.0,89.5073
Bend_pickup_lowLight_leftRight,212,Standing,Lying,False,0.754,0.0,95.8388
Bend_pickup_lowLight_leftRight,213,Standing,Lying,False,0.722,0.0,109.7902
Bend_pickup_lowLight_leftRight,214,Standing,Lying,False,0.62,0.0,96.8212
Bend_pickup_lowLight_leftRight,215,Standing,Lying,False,0.52,0.0,101.833
Bend_pickup_lowLight_leftRight,216,Standing,Standing,True,0.61,0.0,116.2906
Bend_pickup_lowLight_leftRight,217,Standing,Standing,True,0.784,0.0,107.1811
Bend_pickup_lowLight_leftRight,218,Standing,Standing,True,0.91,0.0,88.3962
Bend_pickup_lowLight_leftRight,219,Standing,Standing,True,0.968,0.0,103.4371
Bend_pickup_lowLight_leftRight,220,Standing,Standing,True,0.97,0.0,86.6358
Bend_pickup_lowLight_leftRight,221,Standing,Standing,True,0.979,0.0,89.4887
Bend_pickup_lowLight_leftRight,222,Standing,Standing,True,0.99,0.0,84.3377
Bend_pickup_lowLight_leftRight,223,Standing,Standing,True,0.993,0.0,84.0465
Bend_pickup_lowLight_leftRight,224,Standing,Standing,True,0.994,0.0,87.2152
Bend_pickup_lowLight_leftRight,225,Standing,Standing,True,0.995,0.0,101.1104
Bend_pickup_lowLight_leftRight,226,Standing,Standing,True,0.994,0.0,103.4643
Bend_pickup_lowLight_leftRight,227,Standing,Standing,True,0.996,0.0,97.292
Bend_pickup_lowLight_leftRight,228,Standing,Standing,True,0.996,0.0,85.2332
Bend_pickup_lowLight_leftRight,229,Standing,Standing,True,0.997,0.0,87.1797
Bend_pickup_lowLight_leftRight,230,Standing,Standing,True,0.996,0.0,79.8533
Bend_pickup_lowLight_leftRight,231,Standing,Standing,True,0.996,0.0,79.5969
Bend_pickup_lowLight_leftRight,232,Standing,Standing,True,0.997,0.0,80.1336
Bend_pickup_lowLight_leftRight,233,,Standing,,0.998,0.0,77.7892
Bend_pickup_lowLight_leftRight,234,,Standing,,0.998,0.0,89.5956
Bend_pickup_lowLight_leftRight,235,,Standing,,0.998,0.0,95.217
Bend_pickup_lowLight_leftRight,236,,Standing,,0.998,0.0,84.3063
Bend_pickup_lowLight_leftRight,237,,Standing,,0.998,0.0,85.443
Bend_pickup_lowLight_leftRight,238,,Standing,,0.998,0.0,88.3405
Bend_pickup_lowLight_leftRight,239,,Standing,,0.998,0.0,92.4786
Bend_pickup_lowLight_leftRight,240,,Standing,,0.998,0.0,97.9265
Bend_pickup_lowLight_leftRight,241,,Standing,,0.998,0.0,95.5689
Bend_pickup_lowLight_leftRight,242,,Standing,,0.998,0.0,91.6254
Bend_pickup_normalLight_back,31,Standing,Standing,True,0.995,0.0,75.5885
Bend_pickup_normalLight_back,32,Standing,Standing,True,0.994,0.0,80.8589
Bend_pickup_normalLight_back,33,Standing,Standing,True,0.994,0.0,68.9555
Bend_pickup_normalLight_back,34,Standing,Standing,True,0.993,0.0,67.3855
Bend_pickup_normalLight_back,35,Standing,Standing,True,0.992,0.0,75.8462
Bend_pickup_normalLight_back,36,Standing,Standing,True,0.992,0.0,72.0618
Bend_pickup_normalLight_back,37,Standing,Standing,True,0.992,0.0,71.0847
Bend_pickup_normalLight_back,38,Standing,Standing,True,0.992,0.0,64.9789
Bend_pickup_normalLight_back,39,Standing,Standing,True,0.992,0.0,75.3586
Bend_pickup_normalLight_back,40,Standing,Standing,True,0.992,0.0,69.7866
Bend_pickup_normalLight_back,41,Standing,Standing,True,0.992,0.0,80.9401
Bend_pickup_normalLight_back,42,Standing,Standing,True,0.993,0.0,65.3848
Bend_pickup_normalLight_back,43,Standing,Standing,True,0.992,0.0,73.8368
Bend_pickup_normalLight_back,44,Standing,Standing,True,0.992,0.0,80.5018
Bend_pickup_normalLight_back,45,Standing,Standing,True,0.991,0.0,95.6886
Bend_pickup_normalLight_back,46,Standing,Standing,True,0.991,0.0,83.0874
Bend_pickup_normalLight_back,47,Standing,Standing,True,0.99,0.0,90.6307
Bend_pickup_normalLight_back,48,Standing,Standing,True,0.989,0.0,94.0366
Bend_pickup_normalLight_back,49,Standing,Standing,True,0.988,0.0,94.3945
Bend_pickup_normalLight_back,50,Standing,Standing,True,0.987,0.0,89.4075
Bend_pickup_normalLight_back,51,Standing,Standing,True,0.986,0.0,84.8695
Bend_pickup_normalLight_back,52,Standing,Standing,True,0.984,0.0,89.3589
Bend_pickup_normalLight_back,53,Standing,Standing,True,0.983,0.0,95.1556
Bend_pickup_normalLight_back,54,Standing,Standing,True,0.982,0.0,91.1806
Bend_pickup_normalLight_back,55,Standing,Standing,True,0.981,0.0,91.872
Bend_pickup_normalLight_back,56,Standing,Standing,True,0.981,0.0,91.807
Bend_pickup_normalLight_back,57,Standing,Standing,True,0.978,0.0,90.3973
Bend_pickup_normalLight_back,58,,Standing,,0.977,0.0,89.4138
Bend_pickup_normalLight_back,59,,Standing,,0.981,0.0,83.0156
Bend_pickup_normalLight_back,60,,Standing,,0.981,0.0,83.1897
Bend_pickup_normalLight_back,61,,Standing,,0.982,0.0,92.0751
Bend_pickup_normalLight_back,62,,Standing,,0.983,0.0,87.2707
Bend_pickup_normalLight_back,63,,Standing,,0.983,0.0,102.2634
Bend_pickup_normalLight_back,64,,Standing,,0.985,0.0,91.6078
Bend_pickup_normalLight_back,65,,Standing,,0.983,0.0,141.3382
Bend_pickup_normalLight_back,66,,Standing,,0.984,0.0,135.5354
Bend_pickup_normalLight_back,67,,Standing,,0.985,0.0,99.1998
Bend_pickup_normalLight_back,68,,Standing,,0.985,0.0,84.523
Bend_pickup_normalLight_back,69,,Standing,,0.985,0.0,80.1752
Bend_pickup_normalLight_back,70,,Standing,,0.985,0.0,82.3973
Bend_pickup_normalLight_back,71,,Standing,,0.984,0.0,100.8081
Bend_pickup_normalLight_back,72,,Standing,,0.984,0.0,108.0389
Bend_pickup_normalLight_back,73,,Standing,,0.985,0.0,103.2052
Bend_pickup_normalLight_back,74,,Standing,,0.986,0.0,90.9213
Bend_pickup_normalLight_back,75,,Standing,,0.987,0.0,103.0214
Bend_pickup_normalLight_back,76,,Standing,,0.988,0.0,120.3485
Bend_pickup_normalLight_back,77,,Standing,,0.988,0.0,156.1191
Bend_pickup_normalLight_back,78,,Standing,,0.989,0.0,107.1508
Bend_pickup_normalLight_back,79,,Standing,,0.99,0.0,112.2108
Bend_pickup_normalLight_back,80,,Standing,,0.99,0.0,107.2939
Bend_pickup_normalLight_back,81,,Standing,,0.991,0.0,131.9797
Bend_pickup_normalLight_back,82,,Standing,,0.991,0.0,130.2624
Bend_pickup_normalLight_back,83,,Standing,,0.991,0.0,127.5141
Bend_pickup_normalLight_back,84,,Standing,,0.992,0.0,116.5014
Bend_pickup_normalLight_back,85,,Standing,,0.993,0.0,145.3244
Bend_pickup_normalLight_back,86,,Standing,,0.994,0.0,108.9062
Bend_pickup_normalLight_back,87,,Standing,,0.994,0.0,97.4284
Bend_pickup_normalLight_back,88,,Standing,,0.994,0.0,121.1538
Bend_pickup_normalLight_back,89,,Standing,,0.994,0.0,124.3989
Bend_pickup_normalLight_back,90,,Standing,,0.995,0.0,105.2953
Bend_pickup_normalLight_back,91,,Standing,,0.996,0.0,95.3827
Bend_pickup_normalLight_back,92,,Standing,,0.996,0.0,105.1664
Bend_pickup_normalLight_back,93,,Standing,,0.997,0.0,99.6545
Bend_pickup_normalLight_back,94,,Standing,,0.997,0.0,86.446
Bend_pickup_normalLight_back,95,,Standing,,0.997,0.0,81.9717
Bend_pickup_normalLight_back,96,,Standing,,0.996,0.0,81.4807
Bend_pickup_normalLight_back,97,,Standing,,0.997,0.0,80.9844
Bend_pickup_normalLight_back,98,,Standing,,0.997,0.0,87.7283
Bend_pickup_normalLight_back,99,,Standing,,0.997,0.0,80.1869
Bend_pickup_normalLight_back,100,,Standing,,0.997,1.0,84.403
Bend_pickup_normalLight_back,101,,Standing,,0.997,0.0,83.1855
Bend_pickup_normalLight_back,102,,Standing,,0.998,0.0,80.374
Bend_pickup_normalLight_back,103,,Standing,,0.998,0.0,86.4795
Bend_pickup_normalLight_back,104,,Standing,,0.997,0.0,105.426
Bend_pickup_normalLight_back,105,,Standing,,0.997,0.0,124.4608
Bend_pickup_normalLight_back,106,,Standing,,0.998,0.0,104.4513
Bend_pickup_normalLight_back,107,,Standing,,0.997,0.0,119.0958
Bend_pickup_normalLight_back,108,,Standing,,0.998,0.0,120.1601
Bend_pickup_normalLight_back,109,,Standing,,0.998,0.0,127.5687
Bend_pickup_normalLight_back,110,,Standing,,0.998,0.0,123.964
Bend_pickup_normalLight_back,111,,Standing,,0.998,0.0,105.1836
Bend_pickup_normalLight_back,112,,Standing,,0.998,0.0,118.882
Bend_pickup_normalLight_back,113,,Standing,,0.997,0.0,101.8908
Bend_pickup_normalLight_back,114,,Standing,,0.998,0.0,96.908
Bend_pickup_normalLight_back,115,,Standing,,0.998,0.0,85.0121
Bend_pickup_normalLight_back,116,,Standing,,0.998,0.0,108.6996
Bend_pickup_normalLight_back,117,,Standing,,0.997,0.0,110.034
Bend_pickup_normalLight_back,118,,Standing,,0.997,0.0,97.6319
Bend_pickup_normalLight_back,119,,Standing,,0.997,0.0,103.2185
Bend_pickup_normalLight_back,120,,Standing,,0.997,0.0,112.8716
Bend_pickup_normalLight_back,121,,Standing,,0.997,0.0,103.6749
Bend_pickup_normalLight_back,122,,Standing,,0.997,0.0,101.2083
Bend_pickup_normalLight_back,123,,Standing,,0.997,0.0,97.5193
Bend_pickup_normalLight_back,124,,Standing,,0.996,0.0,108.9252
Bend_pickup_normalLight_back,125,,Standing,,0.997,0.0,104.5236
Bend_pickup_normalLight_back,126,,Standing,,0.996,0.0,95.1654
Bend_pickup_normalLight_back,127,,Standing,,0.995,0.0,84.5928
Bend_pickup_normalLight_back,128,,Standing,,0.996,0.0,97.5921
Bend_pickup_normalLight_back,129,,Standing,,0.996,0.0,84.387
Bend_pickup_normalLight_back,130,,Standing,,0.997,0.0,87.2786
Bend_pickup_normalLight_back,131,,Standing,,0.997,0.0,104.0791
Bend_pickup_normalLight_back,132,,Standing,,0.996,0.0,91.6702
Bend_pickup_normalLight_back,133,,Standing,,0.997,0.0,94.276
Bend_pickup_normalLight_back,134,,Standing,,0.997,0.0,77.1742
Bend_pickup_normalLight_back,135,,Standing,,0.997,0.0,91.0805
Bend_pickup_normalLight_back,136,,Standing,,0.996,0.0,88.5762
Bend_pickup_normalLight_back,137,,Standing,,0.997,0.0,76.154
Bend_pickup_normalLight_back,138,,Standing,,0.996,0.0,75.8146
Bend_pickup_normalLight_back,139,,Standing,,0.996,0.0,90.7109
Bend_pickup_normalLight_back,140,,Standing,,0.996,0.0,107.3819
Bend_pickup_normalLight_back,141,,Standing,,0.996,0.0,81.3985
Bend_pickup_normalLight_back,142,,Standing,,0.996,0.0,81.8697
Bend_pickup_normalLight_back,143,,Standing,,0.995,0.0,79.8894
Bend_pickup_normalLight_back,144,,Standing,,0.996,0.0,89.8813
Bend_pickup_normalLight_back,145,,Standing,,0.996,0.0,89.4978
Bend_pickup_normalLight_back,146,Standing,Standing,True,0.996,0.0,98.6607
Bend_pickup_normalLight_back,147,Standing,Standing,True,0.995,0.0,87.7795
Bend_pickup_normalLight_back,148,Standing,Standing,True,0.995,0.0,94.9281
Bend_pickup_normalLight_back,149,Standing,Standing,True,0.996,0.0,97.4101
Bend_pickup_normalLight_back,150,Standing,Standing,True,0.996,0.0,92.4138
Bend_pickup_normalLight_back,151,Standing,Standing,True,0.996,0.0,83.3785
Bend_pickup_normalLight_back,152,Standing,Standing,True,0.996,0.0,76.7526
Bend_pickup_normalLight_back,153,Standing,Standing,True,0.996,0.0,77.7158
Bend_pickup_normalLight_back,154,Standing,Standing,True,0.996,0.0,75.3311
Bend_pickup_normalLight_back,155,Standing,Standing,True,0.996,0.0,76.1199
Bend_pickup_normalLight_back,156,Standing,Standing,True,0.996,0.0,99.959
Bend_pickup_normalLight_back,157,Standing,Standing,True,0.996,0.0,94.0635
Bend_pickup_normalLight_back,158,Standing,Standing,True,0.995,0.0,86.8071
Bend_pickup_normalLight_back,159,Standing,Standing,True,0.995,0.0,89.2718
Bend_pickup_normalLight_back,160,Standing,Standing,True,0.995,0.0,85.9426
Bend_pickup_normalLight_back,161,Standing,Standing,True,0.995,0.0,89.2348
Bend_pickup_normalLight_back,162,Standing,Standing,True,0.995,0.0,89.4875
Bend_pickup_normalLight_back,163,Standing,Standing,True,0.995,0.0,100.665
Bend_pickup_normalLight_back,164,Standing,Standing,True,0.995,0.0,101.6938
Bend_pickup_normalLight_back,165,Standing,Standing,True,0.996,0.0,121.2268
Bend_pickup_normalLight_back,166,Standing,Standing,True,0.996,0.0,157.2438
Bend_pickup_normalLight_back,167,Standing,Standing,True,0.996,0.0,154.4393
Bend_pickup_normalLight_back,168,Standing,Standing,True,0.996,0.0,116.437
Bend_pickup_normalLight_back,169,Standing,Standing,True,0.995,0.0,161.1342
Bend_pickup_normalLight_back,170,Standing,Standing,True,0.995,0.0,132.9048
Bend_pickup_normalLight_back,171,Standing,Standing,True,0.995,0.0,113.3514
Bend_pickup_normalLight_back,172,Standing,Standing,True,0.995,0.0,135.0531
Bend_pickup_normalLight_back,173,Standing,Standing,True,0.994,0.0,101.8246
Bend_pickup_normalLight_back,174,Standing,Standing,True,0.994,0.0,104.3065
Bend_pickup_normalLight_back,175,,Standing,,0.994,0.0,98.5811
Bend_pickup_normalLight_back,176,,Standing,,0.993,0.0,110.5721
Bend_pickup_normalLight_back,177,,Standing,,0.993,0.0,97.2302
Bend_pickup_normalLight_back,178,,Standing,,0.992,0.0,104.0228
Bend_pickup_normalLight_back,179,,Standing,,0.992,0.0,96.6138
Bend_pickup_normalLight_back,180,,Standing,,0.992,0.0,108.6821
Bend_pickup_normalLight_back,181,,Standing,,0.991,0.0,99.9868
Bend_pickup_normalLight_back,182,,Standing,,0.991,0.0,104.3738
Bend_pickup_normalLight_back,183,,Standing,,0.99,0.0,116.9314
Bend_pickup_normalLight_back,184,,Standing,,0.989,0.0,135.766
Bend_pickup_normalLight_back,185,,Standing,,0.989,0.0,207.273
Bend_pickup_normalLight_back,186,,Standing,,0.987,0.0,128.3945
Bend_pickup_normalLight_back,187,,Standing,,0.986,0.0,105.6576
Bend_pickup_normalLight_back,188,,Standing,,0.984,0.0,115.1775
Bend_pickup_normalLight_back,189,,Standing,,0.982,0.0,108.7899
Bend_pickup_normalLight_back,190,,Standing,,0.979,0.0,92.2064
Bend_pickup_normalLight_back,191,,Standing,,0.974,0.0,86.1289
Bend_pickup_normalLight_back,192,,Standing,,0.973,0.0,77.3202
Bend_pickup_normalLight_back,193,,Standing,,0.974,0.0,81.9429
Bend_pickup_normalLight_back,194,,Standing,,0.973,0.0,76.9086
Bend_pickup_normalLight_back,195,,Standing,,0.973,0.0,95.2012
Bend_pickup_normalLight_back,196,,Standing,,0.973,0.0,99.3746
Bend_pickup_normalLight_back,197,,Standing,,0.967,0.0,111.365
Bend_pickup_normalLight_back,198,,Standing,,0.965,0.0,114.4171
Bend_pickup_normalLight_back,199,,Standing,,0.959,0.0,119.0475
Bend_pickup_normalLight_back,200,,Standing,,0.947,0.0,127.7279
Bend_pickup_normalLight_back,201,,Standing,,0.931,0.0,129.7864
Bend_pickup_normalLight_back,202,,Standing,,0.904,0.0,106.6822
Bend_pickup_normalLight_back,203,,Standing,,0.893,0.0,93.3915
Bend_pickup_normalLight_back,204,,Standing,,0.837,0.0,100.2634
Bend_pickup_normalLight_back,205,,Standing,,0.776,0.0,114.3895
Bend_pickup_normalLight_back,206,,Standing,,0.69,0.0,128.3325
Bend_pickup_normalLight_back,207,,Standing,,0.588,0.0,112.4303
Bend_pickup_normalLight_back,208,,Standing,,0.471,0.0,107.3191
Bend_pickup_normalLight_back,209,,Sitting,,0.527,0.0,104.8951
Bend_pickup_normalLight_back,210,,Sitting,,0.602,0.0,115.74
Bend_pickup_normalLight_back,211,,Sitting,,0.663,0.0,92.6163
Bend_pickup_normalLight_back,212,,Sitting,,0.713,0.0,99.997
Bend_pickup_normalLight_back,213,,Sitting,,0.758,0.0,88.0461
Bend_pickup_normalLight_back,214,,Sitting,,0.801,0.0,92.9737
Bend_pickup_normalLight_back,215,,Sitting,,0.835,0.0,111.1651
Bend_pickup_normalLight_back,216,,Sitting,,0.856,0.0,103.4664
Bend_pickup_normalLight_back,217,,Sitting,,0.878,0.0,103.7264
Bend_pickup_normalLight_back,218,,Sitting,,0.89,0.0,165.2495
Bend_pickup_normalLight_back,219,,Sitting,,0.899,0.0,210.1618
Bend_pickup_normalLight_back,220,,Sitting,,0.906,0.0,153.7865
Bend_pickup_normalLight_back,221,,Sitting,,0.908,0.0,145.8601
Bend_pickup_normalLight_back,222,,Sitting,,0.911,0.0,99.2974
Bend_pickup_normalLight_back,223,,Sitting,,0.91,0.0,105.6107
Bend_pickup_normalLight_back,224,,Sitting,,0.908,0.0,108.6673
Bend_pickup_normalLight_back,225,,Sitting,,0.899,0.0,148.5433
Bend_pickup_normalLight_back,226,,Sitting,,0.878,0.0,97.1145
Bend_pickup_normalLight_back,227,,Sitting,,0.858,0.0,92.5576
Bend_pickup_normalLight_back,228,,Sitting,,0.83,0.0,86.0398
Bend_pickup_normalLight_back,229,,Sitting,,0.826,0.0,84.6588
Bend_pickup_normalLight_back,230,,Sitting,,0.784,0.0,91.7841
Bend_pickup_normalLight_back,231,,Sitting,,0.782,0.0,86.3604
Bend_pickup_normalLight_back,232,,Sitting,,0.783,0.0,72.6759
Bend_pickup_normalLight_back,233,,Sitting,,0.785,0.0,75.1493
Bend_pickup_normalLight_back,234,,Sitting,,0.794,0.0,83.2546
Bend_pickup_normalLight_back,235,,Sitting,,0.804,0.0,85.9864
Bend_pickup_normalLight_back,236,,Sitting,,0.8,0.0,64.1538
Bend_pickup_normalLight_back,237,,Sitting,,0.811,0.0,73.8195
Bend_pickup_normalLight_back,238,,Sitting,,0.831,0.0,76.0936
Bend_pickup_normalLight_back,239,,Sitting,,0.851,0.0,79.9104
Bend_pickup_normalLight_back,240,,Sitting,,0.875,0.0,89.7556
Bend_pickup_normalLight_back,241,,Sitting,,0.889,0.0,86.2308
Bend_pickup_normalLight_back,242,,Sitting,,0.891,0.0,76.3052
Bend_pickup_normalLight_back,243,,Sitting,,0.901,0.0,80.7747
Bend_pickup_normalLight_back,244,,Sitting,,0.896,0.0,90.8664
Bend_pickup_normalLight_back,245,,Sitting,,0.884,0.0,97.8921
Bend_pickup_normalLight_back,246,,Sitting,,0.863,0.0,98.5831
Bend_pickup_normalLight_back,247,,Sitting,,0.841,0.0,141.9889
Bend_pickup_normalLight_back,248,,Sitting,,0.81,0.0,85.6644
Bend_pickup_normalLight_back,249,,Sitting,,0.771,0.0,86.7887
Bend_pickup_normalLight_back,250,,Sitting,,0.724,0.0,77.0847
Bend_pickup_normalLight_back,251,,Sitting,,0.664,0.0,77.7742
Bend_pickup_normalLight_back,252,,Sitting,,0.563,0.0,98.0769
Bend_pickup_normalLight_back,253,,Sitting,,0.455,0.0,82.9798
Bend_pickup_normalLight_back,254,,Standing,,0.539,0.0,77.7614
Bend_pickup_normalLight_back,255,,Standing,,0.699,0.0,82.4935
Bend_pickup_normalLight_back,256,,Standing,,0.776,0.0,79.3176
Bend_pickup_normalLight_back,257,,Standing,,0.857,0.0,86.5174
Bend_pickup_normalLight_back,258,,Standing,,0.939,0.0,124.883
Bend_pickup_normalLight_back,259,,Standing,,0.954,0.0,90.1524
Bend_pickup_normalLight_back,260,,Standing,,0.974,0.0,116.7913
Bend_pickup_normalLight_back,261,,Standing,,0.983,0.0,128.9576
Bend_pickup_normalLight_back,262,Standing,Standing,True,0.987,0.0,96.149
Bend_pickup_normalLight_back,263,Standing,Standing,True,0.989,0.0,91.6326
Bend_pickup_normalLight_back,264,Standing,Standing,True,0.991,0.0,86.6086
Bend_pickup_normalLight_back,265,Standing,Standing,True,0.992,0.0,80.5865
Bend_pickup_normalLight_back,266,Standing,Standing,True,0.993,0.0,86.7136
Bend_pickup_normalLight_back,267,Standing,Standing,True,0.993,0.0,87.0863
Bend_pickup_normalLight_back,268,Standing,Standing,True,0.993,0.0,75.589
Bend_pickup_normalLight_back,269,Standing,Standing,True,0.993,0.0,84.9341
Bend_pickup_normalLight_back,270,Standing,Standing,True,0.993,0.0,135.9072
Bend_pickup_normalLight_back,271,Standing,Standing,True,0.992,0.0,76.9761
Bend_pickup_normalLight_back,272,Standing,Standing,True,0.991,0.0,88.2351
Bend_pickup_normalLight_back,273,Standing,Standing,True,0.99,0.0,91.4508
Bend_pickup_normalLight_back,274,Standing,Standing,True,0.987,0.0,83.5581
Bend_pickup_normalLight_back,275,Standing,Standing,True,0.987,0.0,92.3141
Bend_pickup_normalLight_back,276,Standing,Standing,True,0.985,0.0,106.7477
Bend_pickup_normalLight_back,277,Standing,Standing,True,0.985,0.0,87.5363
Bend_pickup_normalLight_back,278,Standing,Standing,True,0.985,0.0,80.0678
Bend_pickup_normalLight_back,279,Standing,Standing,True,0.984,0.0,85.7043
Bend_pickup_normalLight_back,280,Standing,Standing,True,0.983,0.0,84.0736
Bend_pickup_normalLight_back,281,Standing,Standing,True,0.985,0.0,84.5084
Bend_pickup_normalLight_back,282,Standing,Standing,True,0.984,0.0,77.5761
Bend_pickup_normalLight_back,283,Standing,Standing,True,0.986,0.0,76.6077
Bend_pickup_normalLight_back,284,Standing,Standing,True,0.986,0.0,86.777
Bend_pickup_normalLight_back,285,Standing,Standing,True,0.986,0.0,100.4893
Bend_pickup_normalLight_back,286,Standing,Standing,True,0.986,0.0,92.0119
Bend_pickup_normalLight_back,287,Standing,Standing,True,0.986,0.0,78.2209
Bend_pickup_normalLight_back,288,Standing,Standing,True,0.983,0.0,68.9191
Bend_pickup_normalLight_back,289,Standing,Standing,True,0.985,0.0,73.5964
Bend_pickup_normalLight_back,290,Standing,Standing,True,0.986,0.0,78.8749
Bend_pickup_normalLight_back,291,Standing,Standing,True,0.985,0.0,68.6669
Bend_pickup_normalLight_back,292,,Standing,,0.987,0.0,71.209
Bend_pickup_normalLight_back,293,,Standing,,0.986,0.0,70.1571
Bend_pickup_normalLight_back,294,,Standing,,0.986,0.0,68.6982
Bend_pickup_normalLight_back,295,,Standing,,0.987,0.0,71.9622
Bend_pickup_normalLight_back,296,,Standing,,0.987,0.0,61.8962
Bend_pickup_normalLight_back,297,,Standing,,0.987,0.0,63.3205
Bend_pickup_normalLight_back,298,,Standing,,0.986,0.0,63.1932
Bend_pickup_normalLight_back,299,,Standing,,0.986,0.0,60.9916
Bend_pickup_normalLight_back,300,,Standing,,0.985,0.0,61.8139
Bend_pickup_normalLight_back,301,,Standing,,0.983,0.0,59.843
Bend_pickup_normalLight_back,302,,Standing,,0.98,0.0,58.929
Bend_pickup_normalLight_back,303,,Standing,,0.977,0.0,64.3883
Bend_pickup_normalLight_back,304,,Standing,,0.973,0.0,60.4519
Bend_pickup_normalLight_back,305,,Standing,,0.968,0.0,61.3136
Bend_pickup_normalLight_back,306,,Standing,,0.963,0.0,61.7225
Bend_pickup_normalLight_back,307,,Standing,,0.961,0.0,58.8393
Bend_pickup_normalLight_back,308,,Standing,,0.954,0.0,62.9532
Bend_pickup_normalLight_back,309,,Standing,,0.958,0.0,64.8823
Bend_pickup_normalLight_back,310,,Standing,,0.953,0.0,114.9453
Bend_pickup_normalLight_back,311,,Standing,,0.95,0.0,77.1945
Bend_pickup_normalLight_back,312,,Standing,,0.946,0.0,73.5948
Bend_pickup_normalLight_back,313,,Standing,,0.943,0.0,79.8902
Bend_pickup_normalLight_back,314,,Standing,,0.94,0.0,91.5585
Bend_pickup_normalLight_back,315,,Standing,,0.939,0.0,74.5306
Bend_pickup_normalLight_back,316,,Standing,,0.941,0.0,66.4457
Bend_pickup_normalLight_back,317,,Standing,,0.943,0.0,69.8273
Bend_pickup_normalLight_back,318,,Standing,,0.946,0.0,67.9788
Bend_pickup_normalLight_back,319,,Standing,,0.95,0.0,86.2146
Bend_pickup_normalLight_back,320,,Standing,,0.951,0.0,76.9301
Bend_pickup_normalLight_back,321,,Standing,,0.956,0.0,84.4201
Bend_pickup_normalLight_back,322,,Standing,,0.956,0.0,74.866
Bend_pickup_normalLight_back,323,,Standing,,0.955,0.0,70.0531
Bend_pickup_normalLight_back,324,,Standing,,0.955,0.0,73.6082
Bend_pickup_normalLight_back,325,,Standing,,0.958,0.0,80.4519
Bend_pickup_normalLight_back,326,,Standing,,0.962,0.0,80.2589
Bend_pickup_normalLight_back,327,,Standing,,0.961,0.0,78.1426
Bend_pickup_normalLight_back,328,,Standing,,0.965,0.0,72.6914
Bend_pickup_normalLight_back,329,,Standing,,0.966,0.0,71.0148
Bend_pickup_normalLight_back,330,,Standing,,0.966,0.0,87.9244
Bend_pickup_normalLight_back,331,,Standing,,0.971,0.0,80.3606
Bend_pickup_normalLight_back,332,,Standing,,0.971,0.0,87.2112
Bend_pickup_normalLight_back,333,,Standing,,0.972,0.0,74.0252
Bend_pickup_normalLight_back,334,,Standing,,0.976,0.0,83.7467
Bend_pickup_normalLight_back,335,,Standing,,0.979,0.0,90.2482
Bend_pickup_normalLight_back,336,,Standing,,0.982,0.0,106.9259
Bend_pickup_normalLight_back,337,,Standing,,0.982,0.0,98.3372
Bend_pickup_normalLight_back,338,,Standing,,0.982,0.0,87.7871
Bend_pickup_normalLight_back,339,,Standing,,0.983,0.0,88.4841
Bend_pickup_normalLight_back,340,,Standing,,0.98,0.0,90.1398
Bend_pickup_normalLight_back,341,,Standing,,0.976,0.0,102.287
Bend_pickup_normalLight_back,342,,Standing,,0.968,0.0,108.07
Bend_pickup_normalLight_back,343,,Standing,,0.966,0.0,99.652
Bend_pickup_normalLight_back,344,,Standing,,0.958,0.0,118.4943
Bend_pickup_normalLight_back,345,,Standing,,0.944,0.0,125.2386
Bend_pickup_normalLight_back,346,,Standing,,0.928,0.0,121.7407
Bend_pickup_normalLight_back,347,,Standing,,0.908,0.0,111.1987
Bend_pickup_normalLight_back,348,,Standing,,0.871,0.0,108.8963
Bend_pickup_normalLight_back,349,,Standing,,0.825,0.0,99.1119
Bend_pickup_normalLight_back,350,,Standing,,0.76,0.0,93.1707
Bend_pickup_normalLight_back,351,,Standing,,0.671,0.0,140.0465
Bend_pickup_normalLight_back,352,,Standing,,0.524,0.0,99.663
Bend_pickup_normalLight_back,353,,Standing,,0.425,0.0,105.5721
Bend_pickup_normalLight_back,354,,Standing,,0.312,0.0,103.2647
Bend_pickup_normalLight_back,355,,Sitting,,0.336,0.0,106.3786
Bend_pickup_normalLight_back,356,,Sitting,,0.382,0.0,118.5703
Bend_pickup_normalLight_back,357,,Lying,,0.407,0.0,114.9362
Bend_pickup_normalLight_back,358,,Lying,,0.526,0.0,109.5475
Bend_pickup_normalLight_back,359,,Lying,,0.536,0.0,111.5532
Bend_pickup_normalLight_back,360,,Lying,,0.643,0.0,109.4664
Bend_pickup_normalLight_back,361,,Lying,,0.686,0.0,125.0002
Bend_pickup_normalLight_back,362,,Lying,,0.748,0.0,100.6978
Bend_pickup_normalLight_back,363,,Lying,,0.788,0.0,122.7387
Bend_pickup_normalLight_back,364,,Lying,,0.857,0.0,146.3386
Bend_pickup_normalLight_back,365,,Lying,,0.882,0.0,123.5737
Bend_pickup_normalLight_back,366,,Lying,,0.947,0.0,121.356
Bend_pickup_normalLight_back,367,,Lying,,0.927,0.0,123.9315
Bend_pickup_normalLight_back,368,,Lying,,0.945,0.0,176.1391
Bend_pickup_normalLight_back,369,,Lying,,0.961,0.0,110.0842
Bend_pickup_normalLight_back,370,,Lying,,0.97,0.0,145.0314
Bend_pickup_normalLight_back,371,,Lying,,0.978,0.0,174.7859
Bend_pickup_normalLight_back,372,,Lying,,0.988,0.0,154.9158
Bend_pickup_normalLight_back,373,,Lying,,0.984,0.0,120.2243
Bend_pickup_normalLight_back,374,,Lying,,0.988,0.0,98.145
Bend_pickup_normalLight_back,375,,Lying,,0.991,0.0,108.1728
Bend_pickup_normalLight_back,376,,Lying,,0.992,0.0,101.7301
Bend_pickup_normalLight_back,377,,Lying,,0.997,0.0,90.3456
Bend_pickup_normalLight_back,378,,Lying,,0.996,0.0,101.1237
Bend_pickup_normalLight_back,379,,Lying,,0.998,0.0,131.2062
Bend_pickup_normalLight_back,380,,Lying,,0.998,0.0,101.4918
Bend_pickup_normalLight_back,381,,Lying,,0.997,0.0,102.6076
Bend_pickup_normalLight_back,382,,Lying,,0.997,0.0,111.6873
Bend_pickup_normalLight_back,383,,Lying,,0.997,0.0,94.0151
Bend_pickup_normalLight_back,384,,Lying,,0.997,0.0,90.304
Bend_pickup_normalLight_back,385,,Lying,,0.996,0.0,105.7075
Bend_pickup_normalLight_back,386,,Lying,,0.995,0.0,99.3008
Bend_pickup_normalLight_back,387,,Lying,,0.994,0.0,125.7465
Bend_pickup_normalLight_back,388,,Lying,,0.992,0.0,114.2949
Bend_pickup_normalLight_back,389,,Lying,,0.99,0.0,126.1198
Bend_pickup_normalLight_back,390,,Lying,,0.989,0.0,90.941
Bend_pickup_normalLight_back,391,,Lying,,0.989,0.0,108.6206
Bend_pickup_normalLight_back,392,,Lying,,0.987,0.0,104.9114
Bend_pickup_normalLight_back,393,,Lying,,0.985,0.0,93.4821
Bend_pickup_normalLight_back,394,,Lying,,0.98,0.0,94.1795
Bend_pickup_normalLight_back,395,,Lying,,0.977,0.0,113.6841
Bend_pickup_normalLight_back,396,,Lying,,0.967,0.0,104.4593
Bend_pickup_normalLight_back,397,,Lying,,0.971,0.0,100.2242
Bend_pickup_normalLight_back,398,,Lying,,0.919,0.0,90.777
Bend_pickup_normalLight_back,399,,Lying,,0.865,0.0,78.0
Bend_pickup_normalLight_back,400,,Lying,,0.76,0.0,123.1441
Bend_pickup_normalLight_back,401,,Lying,,0.72,0.0,73.4442
Bend_pickup_normalLight_back,402,,Lying,,0.607,0.0,71.9727
Bend_pickup_normalLight_back,403,,Lying,,0.414,0.0,75.2823
Bend_pickup_normalLight_back,404,,Standing,,0.748,0.0,83.8175
Bend_pickup_normalLight_back,405,,Standing,,0.805,0.0,80.7613
Bend_pickup_normalLight_back,406,,Standing,,0.827,0.0,86.9204
Bend_pickup_normalLight_back,407,,Standing,,0.833,0.0,70.9943
Bend_pickup_normalLight_back,408,,Standing,,0.845,0.0,69.3113
Bend_pickup_normalLight_back,409,,Standing,,0.869,0.0,75.0076
Bend_pickup_normalLight_back,410,,Standing,,0.855,0.0,79.9849
Bend_pickup_normalLight_back,411,,Standing,,0.904,0.0,86.37
Bend_pickup_normalLight_back,412,,Standing,,0.923,0.0,74.3708
Bend_pickup_normalLight_back,413,,Standing,,0.942,0.0,75.4531
Bend_pickup_normalLight_back,414,,Standing,,0.947,0.0,72.47
Bend_pickup_normalLight_back,415,,Standing,,0.937,0.0,69.4449
Bend_pickup_normalLight_back,416,,Standing,,0.929,0.0,74.8762
Bend_pickup_normalLight_back,417,,Standing,,0.932,0.0,74.5202
Bend_pickup_normalLight_back,418,,Standing,,0.922,0.0,86.1127
Bend_pickup_normalLight_back,419,,Standing,,0.926,0.0,73.9495
Bend_pickup_normalLight_back,420,,Standing,,0.941,0.0,71.2075
Bend_pickup_normalLight_back,421,,Standing,,0.942,0.0,78.1551
Bend_pickup_normalLight_back,422,,Standing,,0.941,0.0,81.621
Bend_pickup_normalLight_back,423,,Standing,,0.954,0.0,90.4478
Bend_pickup_normalLight_back,424,,Standing,,0.958,0.0,97.6683
Bend_pickup_normalLight_back,425,,Standing,,0.961,0.0,104.9969
Bend_pickup_normalLight_back,426,,Standing,,0.969,0.0,102.5125
Bend_pickup_normalLight_back,427,,Standing,,0.971,0.0,98.5793
Bend_pickup_normalLight_back,428,,Standing,,0.972,0.0,95.9862
Bend_pickup_normalLight_back,429,,Standing,,0.973,0.0,124.3708
Bend_pickup_normalLight,31,,Standing,,0.996,0.0,100.962
Bend_pickup_normalLight,32,,Standing,,0.996,0.0,104.9461
Bend_pickup_normalLight,33,,Standing,,0.996,0.0,118.6094
Bend_pickup_normalLight,34,,Standing,,0.996,0.0,137.6486
Bend_pickup_normalLight,35,,Standing,,0.996,0.0,141.2351
Bend_pickup_normalLight,36,,Standing,,0.997,0.0,153.4066
Bend_pickup_normalLight,37,,Standing,,0.997,0.0,118.4241
Bend_pickup_normalLight,38,,Standing,,0.996,0.0,132.1529
Bend_pickup_normalLight,39,,Standing,,0.996,0.0,121.9825
Bend_pickup_normalLight,40,,Standing,,0.996,0.0,124.801
Bend_pickup_normalLight,41,,Standing,,0.995,0.0,122.5337
Bend_pickup_normalLight,42,,Standing,,0.995,0.0,160.6953
Bend_pickup_normalLight,43,,Standing,,0.996,0.0,125.9015
Bend_pickup_normalLight,44,,Standing,,0.996,0.0,121.1406
Bend_pickup_normalLight,45,,Standing,,0.996,0.0,122.6097
Bend_pickup_normalLight,46,,Standing,,0.995,0.0,137.5341
Bend_pickup_normalLight,47,,Standing,,0.995,0.0,120.8812
Bend_pickup_normalLight,48,,Standing,,0.995,0.0,110.4681
Bend_pickup_normalLight,49,,Standing,,0.994,0.0,104.0631
Bend_pickup_normalLight,50,,Standing,,0.994,0.0,128.7532
Bend_pickup_normalLight,51,,Standing,,0.993,0.0,125.0915
Bend_pickup_normalLight,52,,Standing,,0.99,0.0,108.1804
Bend_pickup_normalLight,53,,Standing,,0.989,0.0,138.6585
Bend_pickup_normalLight,54,,Standing,,0.984,0.0,118.2694
Bend_pickup_normalLight,55,,Standing,,0.975,0.0,108.3615
Bend_pickup_normalLight,56,,Standing,,0.913,0.0,123.0377
Bend_pickup_normalLight,57,,Standing,,0.879,0.0,126.5422
Bend_pickup_normalLight,58,,Standing,,0.784,0.0,125.5103
Bend_pickup_normalLight,59,,Standing,,0.661,0.0,137.7535
Bend_pickup_normalLight,60,,Standing,,0.538,0.0,148.6438
Bend_pickup_normalLight,61,,Lying,,0.62,0.0,107.4387
Bend_pickup_normalLight,62,,Lying,,0.72,0.0,100.9321
Bend_pickup_normalLight,63,,Lying,,0.896,0.0,98.3184
Bend_pickup_normalLight,64,,Lying,,0.935,0.0,94.825
Bend_pickup_normalLight,65,,Lying,,0.972,0.0,117.054
Bend_pickup_normalLight,66,,Lying,,0.977,0.0,139.0809
Bend_pickup_normalLight,67,,Lying,,0.99,0.0,154.9184
Bend_pickup_normalLight,68,,Lying,,0.992,0.0,119.6478
Bend_pickup_normalLight,69,,Lying,,0.995,0.0,112.5331
Bend_pickup_normalLight,70,,Lying,,0.996,0.0,119.8041
Bend_pickup_normalLight,71,,Lying,,0.998,0.0,115.3328
Bend_pickup_normalLight,72,,Lying,,0.998,0.0,113.704
Bend_pickup_normalLight,73,,Lying,,0.999,0.0,104.4908
Bend_pickup_normalLight,74,,Lying,,0.999,0.0,87.1989
Bend_pickup_normalLight,75,,Lying,,0.999,0.0,95.0197
Bend_pickup_normalLight,76,,Lying,,0.999,0.0,100.5354
Bend_pickup_normalLight,77,,Lying,,1.0,0.0,112.7091
Bend_pickup_normalLight,78,,Lying,,1.0,0.0,108.8806
Bend_pickup_normalLight,79,,Lying,,1.0,0.0,101.3689
Bend_pickup_normalLight,80,,Lying,,1.0,0.0,117.1276
Bend_pickup_normalLight,81,,Lying,,0.999,0.0,109.5359
Bend_pickup_normalLight,82,Standing,Lying,False,0.998,0.0,110.8678
Bend_pickup_normalLight,83,Standing,Lying,False,0.997,0.0,96.6043
Bend_pickup_normalLight,84,Standing,Lying,False,0.997,0.0,129.3984
Bend_pickup_normalLight,85,Standing,Lying,False,0.997,0.0,97.078
Bend_pickup_normalLight,86,Standing,Lying,False,0.978,0.0,148.3007
Bend_pickup_normalLight,87,Standing,Lying,False,0.967,0.0,170.3338
Bend_pickup_normalLight,88,Standing,Lying,False,0.938,0.0,94.5673
Bend_pickup_normalLight,89,Standing,Lying,False,0.923,0.0,119.8611
Bend_pickup_normalLight,90,Standing,Lying,False,0.922,0.0,104.4507
Bend_pickup_normalLight,91,Standing,Lying,False,0.866,0.0,118.5108
Bend_pickup_normalLight,92,Standing,Lying,False,0.785,0.0,124.5334
Bend_pickup_normalLight,93,Standing,Standing,True,0.592,0.0,128.6896
Bend_pickup_normalLight,94,Standing,Standing,True,0.644,0.0,102.6954
Bend_pickup_normalLight,95,Standing,Standing,True,0.84,0.0,111.4179
Bend_pickup_normalLight,96,Standing,Standing,True,0.875,0.0,92.4868
Bend_pickup_normalLight,97,Standing,Standing,True,0.921,0.0,97.6019
Bend_pickup_normalLight,98,Standing,Standing,True,0.934,0.0,95.347
Bend_pickup_normalLight,99,Standing,Standing,True,0.974,0.0,89.5683
Bend_pickup_normalLight,100,Standing,Standing,True,0.988,0.0,93.4961
Bend_pickup_normalLight,101,Standing,Standing,True,0.99,0.0,89.0358
Bend_pickup_normalLight,102,Standing,Standing,True,0.992,0.0,130.7893
Bend_pickup_normalLight,103,Standing,Standing,True,0.994,0.0,99.1483
Bend_pickup_normalLight,104,Standing,Standing,True,0.994,0.0,85.6866
Bend_pickup_normalLight,105,Standing,Standing,True,0.994,0.0,96.16
Bend_pickup_normalLight,106,Standing,Standing,True,0.994,0.0,97.7121
Bend_pickup_normalLight,107,Standing,Standing,True,0.996,0.0,99.0781
Bend_pickup_normalLight,108,Standing,Standing,True,0.996,0.0,68.7711
Bend_pickup_normalLight,109,Standing,Standing,True,0.996,0.0,67.208
Bend_pickup_normalLight,110,,Standing,,0.997,0.0,64.9234
Bend_pickup_normalLight,111,,Standing,,0.997,0.0,62.9243
Bend_pickup_normalLight,112,,Standing,,0.996,0.0,63.0561
Bend_pickup_normalLight,113,,Standing,,0.994,0.0,65.544
Bend_pickup_normalLight,114,,Standing,,0.996,0.0,74.4054
Bend_pickup_normalLight,115,,Standing,,0.997,0.0,77.1433
Bend_pickup_normalLight,116,,Standing,,0.997,0.0,71.7053
Bend_pickup_normalLight,117,,Standing,,0.998,0.0,85.9401
Bend_pickup_normalLight,118,,Standing,,0.998,0.0,78.4134
Bend_pickup_normalLight,119,,Standing,,0.998,0.0,77.3685
Bend_pickup_normalLight,120,,Standing,,0.998,0.0,122.2494
Bend_pickup_normalLight,121,,Standing,,0.998,0.0,83.4876
Bend_pickup_normalLight,122,,Standing,,0.998,0.0,100.4261
Bend_pickup_normalLight,123,,Standing,,0.998,0.0,97.8761
Bend_pickup_normalLight,124,,Standing,,0.998,0.0,108.6386
Bend_pickup_normalLight,125,,Standing,,0.998,0.0,148.4889
Bend_pickup_normalLight,126,,Standing,,0.998,0.0,164.7395
Bend_pickup_normalLight,127,,Standing,,0.998,0.0,130.5078
Bend_pickup_normalLight,128,,Standing,,0.998,0.0,125.8929
Bend_pickup_normalLight,129,,Standing,,0.998,0.0,129.3752
Bend_pickup_normalLight,130,,Standing,,0.998,0.0,97.8108
Bend_pickup_normalLight,131,,Standing,,0.998,0.0,98.8403
Bend_pickup_normalLight,132,,Standing,,0.998,0.0,121.4534
Bend_pickup_normalLight,133,,Standing,,0.998,0.0,128.5802
Bend_pickup_normalLight,134,,Standing,,0.998,0.0,153.2889
Bend_pickup_normalLight,135,,Standing,,0.998,0.0,137.6953
Bend_pickup_normalLight,136,,Standing,,0.998,0.0,130.7776
Bend_pickup_normalLight,137,,Standing,,0.998,0.0,181.7475
Bend_pickup_normalLight,138,,Standing,,0.998,0.0,131.5519
Bend_pickup_normalLight,139,,Standing,,0.998,0.0,121.8513
Bend_pickup_normalLight,140,,Standing,,0.998,0.0,111.8294
Bend_pickup_normalLight_leftRight,31,,Sitting,,0.432,0.0,111.4666
Bend_pickup_normalLight_leftRight,32,,Sitting,,0.51,0.0,125.4847
Bend_pickup_normalLight_leftRight,33,,Sitting,,0.577,0.0,119.3301
Bend_pickup_normalLight_leftRight,34,,Sitting,,0.632,0.0,117.0298
Bend_pickup_normalLight_leftRight,35,,Sitting,,0.674,0.0,117.367
Bend_pickup_normalLight_leftRight,36,,Sitting,,0.697,0.0,99.2892
Bend_pickup_normalLight_leftRight,37,,Sitting,,0.71,0.0,90.7189
Bend_pickup_normalLight_leftRight,38,,Sitting,,0.713,0.0,90.8443
Bend_pickup_normalLight_leftRight,39,,Sitting,,0.715,0.0,89.1954
Bend_pickup_normalLight_leftRight,40,,Sitting,,0.702,0.0,98.9621
Bend_pickup_normalLight_leftRight,41,,Sitting,,0.67,0.0,94.2962
Bend_pickup_normalLight_leftRight,42,,Sitting,,0.626,0.0,108.2891
Bend_pickup_normalLight_leftRight,43,,Sitting,,0.571,0.0,108.455
Bend_pickup_normalLight_leftRight,44,,Sitting,,0.494,0.0,129.6984
Bend_pickup_normalLight_leftRight,45,,Lying,,0.459,0.0,112.3094
Bend_pickup_normalLight_leftRight,46,,Lying,,0.565,0.0,97.2499
Bend_pickup_normalLight_leftRight,47,,Lying,,0.664,0.0,97.0285
Bend_pickup_normalLight_leftRight,48,,Lying,,0.714,0.0,137.1441
Bend_pickup_normalLight_leftRight,49,,Lying,,0.759,0.0,181.6345
Bend_pickup_normalLight_leftRight,50,,Lying,,0.805,0.0,138.1387
Bend_pickup_normalLight_leftRight,51,,Lying,,0.85,0.0,173.3353
Bend_pickup_normalLight_leftRight,52,,Lying,,0.878,0.0,120.8707
Bend_pickup_normalLight_leftRight,53,,Lying,,0.918,0.0,102.9443
Bend_pickup_normalLight_leftRight,54,,Lying,,0.907,0.0,92.9133
Bend_pickup_normalLight_leftRight,55,,Lying,,0.897,0.0,88.2733
Bend_pickup_normalLight_leftRight,56,,Lying,,0.916,0.0,102.4698
Bend_pickup_normalLight_leftRight,57,,Lying,,0.808,0.0,105.7826
Bend_pickup_normalLight_leftRight,58,,Lying,,0.748,0.0,113.7826
Bend_pickup_normalLight_leftRight,59,,Lying,,0.708,0.0,103.2084
Bend_pickup_normalLight_leftRight,60,,Lying,,0.721,0.0,109.4254
Bend_pickup_normalLight_leftRight,61,,Lying,,0.704,0.0,95.8096
Bend_pickup_normalLight_leftRight,62,,Lying,,0.623,0.0,101.744
Bend_pickup_normalLight_leftRight,63,,Lying,,0.627,0.0,90.906
Bend_pickup_normalLight_leftRight,64,,Lying,,0.603,0.0,85.8536
Bend_pickup_normalLight_leftRight,65,,Lying,,0.591,0.0,83.538
Bend_pickup_normalLight_leftRight,66,,Lying,,0.513,0.0,82.5233
Bend_pickup_normalLight_leftRight,67,,Lying,,0.548,0.0,90.3856
Bend_pickup_normalLight_leftRight,68,,Lying,,0.548,0.0,90.7537
Bend_pickup_normalLight_leftRight,69,,Lying,,0.606,0.0,103.2865
Bend_pickup_normalLight_leftRight,70,,Lying,,0.629,0.0,89.3669
Bend_pickup_normalLight_leftRight,71,,Lying,,0.637,0.0,97.8222
Bend_pickup_normalLight_leftRight,72,,Lying,,0.657,0.0,98.435
Bend_pickup_normalLight_leftRight,73,,Lying,,0.699,0.0,100.1449
Bend_pickup_normalLight_leftRight,74,,Lying,,0.727,0.0,101.3985
Bend_pickup_normalLight_leftRight,75,,Lying,,0.7,0.0,115.2199
Bend_pickup_normalLight_leftRight,76,,Lying,,0.773,0.0,97.7517
Bend_pickup_normalLight_leftRight,77,,Lying,,0.794,0.0,99.9122
Bend_pickup_normalLight_leftRight,78,,Lying,,0.779,0.0,91.4719
Bend_pickup_normalLight_leftRight,79,,Lying,,0.796,0.0,104.7837
Bend_pickup_normalLight_leftRight,80,,Lying,,0.811,0.0,106.2323
Bend_pickup_normalLight_leftRight,81,,Lying,,0.817,0.0,109.1311
Bend_pickup_normalLight_leftRight,82,,Lying,,0.871,0.0,111.0766
Bend_pickup_normalLight_leftRight,83,,Lying,,0.881,0.0,104.7459
Bend_pickup_normalLight_leftRight,84,,Lying,,0.888,0.0,94.3165
Bend_pickup_normalLight_leftRight,85,,Lying,,0.917,0.0,101.5456
Bend_pickup_normalLight_leftRight,86,,Lying,,0.929,0.0,117.8445
Bend_pickup_normalLight_leftRight,87,Standing,Lying,False,0.926,0.0,111.202
Bend_pickup_normalLight_leftRight,88,Standing,Lying,False,0.926,0.0,91.8624
Bend_pickup_normalLight_leftRight,89,Standing,Lying,False,0.931,0.0,87.7066
Bend_pickup_normalLight_leftRight,90,Standing,Lying,False,0.919,0.0,82.6803
Bend_pickup_normalLight_leftRight,91,Standing,Lying,False,0.909,0.0,76.5709
Bend_pickup_normalLight_leftRight,92,Standing,Lying,False,0.896,0.0,79.7856
Bend_pickup_normalLight_leftRight,93,Standing,Lying,False,0.868,0.0,75.9412
Bend_pickup_normalLight_leftRight,94,Standing,Lying,False,0.813,0.0,95.2284
Bend_pickup_normalLight_leftRight,95,Standing,Lying,False,0.731,0.0,78.9993
Bend_pickup_normalLight_leftRight,96,Standing,Lying,False,0.607,0.0,88.7408
Bend_pickup_normalLight_leftRight,97,Standing,Standing,True,0.463,0.0,113.6008
Bend_pickup_normalLight_leftRight,98,Standing,Standing,True,0.625,0.0,113.5788
Bend_pickup_normalLight_leftRight,99,Standing,Standing,True,0.779,0.0,99.7563
Bend_pickup_normalLight_leftRight,100,Standing,Standing,True,0.866,0.0,89.654
Bend_pickup_normalLight_leftRight,101,Standing,Standing,True,0.926,0.0,82.5693
Bend_pickup_normalLight_leftRight,102,Standing,Standing,True,0.954,0.0,91.7893
Bend_pickup_normalLight_leftRight,103,Standing,Standing,True,0.963,0.0,148.5043
Bend_pickup_normalLight_leftRight,104,Standing,Standing,True,0.976,0.0,177.3091
Bend_pickup_normalLight_leftRight,105,Standing,Standing,True,0.978,0.0,133.3451
Bend_pickup_normalLight_leftRight,106,Standing,Standing,True,0.979,0.0,129.6275
Bend_pickup_normalLight_leftRight,107,Standing,Standing,True,0.984,0.0,115.0175
Bend_pickup_normalLight_leftRight,108,Standing,Standing,True,0.989,0.0,95.6326
Bend_pickup_normalLight_leftRight,109,Standing,Standing,True,0.992,0.0,99.4678
Bend_pickup_normalLight_leftRight,110,Standing,Standing,True,0.996,0.0,102.4798
Bend_pickup_normalLight_leftRight,111,Standing,Standing,True,0.996,0.0,83.844
Bend_pickup_normalLight_leftRight,112,Standing,Standing,True,0.995,0.0,91.7373
Bend_pickup_normalLight_leftRight,113,Standing,Standing,True,0.996,0.0,100.5683
Bend_pickup_normalLight_leftRight,114,Standing,Standing,True,0.996,0.0,85.0365
Bend_pickup_normalLight_leftRight,115,Standing,Standing,True,0.996,0.0,78.3696
Bend_pickup_normalLight_leftRight,116,Standing,Standing,True,0.996,0.0,71.1049
Bend_pickup_normalLight_leftRight,117,Standing,Standing,True,0.996,0.0,75.4379
Bend_pickup_normalLight_leftRight,118,Standing,Standing,True,0.997,0.0,69.0967
Bend_pickup_normalLight_leftRight,119,Standing,Standing,True,0.996,0.0,66.4093
Bend_pickup_normalLight_leftRight,120,Standing,Standing,True,0.996,0.0,67.4865
Bend_pickup_normalLight_leftRight,121,Standing,Standing,True,0.997,0.0,63.533
Bend_pickup_normalLight_leftRight,122,Standing,Standing,True,0.997,0.0,65.3218
Bend_pickup_normalLight_leftRight,123,Standing,Standing,True,0.997,0.0,61.3159
Bend_pickup_normalLight_leftRight,124,Standing,Standing,True,0.996,0.0,60.9203
Bend_pickup_normalLight_leftRight,125,Standing,Standing,True,0.997,0.0,69.1066
Bend_pickup_normalLight_leftRight,126,Standing,Standing,True,0.997,0.0,80.1291
Bend_pickup_normalLight_leftRight,127,Standing,Standing,True,0.997,0.0,82.2203
Bend_pickup_normalLight_leftRight,128,Standing,Standing,True,0.997,0.0,72.6986
Bend_pickup_normalLight_leftRight,129,Standing,Standing,True,0.997,0.0,87.4106
Bend_pickup_normalLight_leftRight,130,Standing,Standing,True,0.997,0.0,90.9877
Bend_pickup_normalLight_leftRight,131,Standing,Standing,True,0.997,0.0,113.3229
Bend_pickup_normalLight_leftRight,132,Standing,Standing,True,0.997,0.0,148.2285
Bend_pickup_normalLight_leftRight,133,Standing,Standing,True,0.997,0.0,133.8634
Bend_pickup_normalLight_leftRight,134,Standing,Standing,True,0.997,0.0,146.5827
Bend_pickup_normalLight_leftRight,135,Standing,Standing,True,0.997,0.0,133.6962
Bend_pickup_normalLight_leftRight,136,Standing,Standing,True,0.997,0.0,118.1888
Bend_pickup_normalLight_leftRight,137,Standing,Standing,True,0.997,0.0,95.612
Bend_pickup_normalLight_leftRight,138,Standing,Standing,True,0.997,0.0,99.6413
Bend_pickup_normalLight_leftRight,139,Standing,Standing,True,0.997,0.0,88.0306
Bend_pickup_normalLight_leftRight,140,Standing,Standing,True,0.997,0.0,80.8596
Bend_pickup_normalLight_leftRight,141,Standing,Standing,True,0.997,0.0,89.3866
Bend_pickup_normalLight_leftRight,142,Standing,Standing,True,0.997,0.0,80.8717
Bend_pickup_normalLight_leftRight,143,Standing,Standing,True,0.997,0.0,76.5342
Bend_pickup_normalLight_leftRight,144,Standing,Standing,True,0.997,0.0,81.1395
Bend_pickup_normalLight_leftRight,145,Standing,Standing,True,0.997,0.0,88.496
Bend_pickup_normalLight_leftRight,146,Standing,Standing,True,0.997,0.0,108.6616
Bend_pickup_normalLight_leftRight,147,Standing,Standing,True,0.997,0.0,88.3723
Bend_pickup_normalLight_leftRight,148,Standing,Standing,True,0.997,0.0,95.0154
Bend_pickup_normalLight_leftRight,149,Standing,Standing,True,0.997,0.0,116.6908
Bend_pickup_normalLight_leftRight,150,Standing,Standing,True,0.997,0.0,149.1831
Bend_pickup_normalLight_leftRight,151,Standing,Standing,True,0.997,0.0,132.0284
Bend_pickup_normalLight_leftRight,152,Standing,Standing,True,0.997,0.0,116.8413
Bend_pickup_normalLight_leftRight,153,Standing,Standing,True,0.997,0.0,109.3654
Bend_pickup_normalLight_leftRight,154,Standing,Standing,True,0.998,0.0,112.1563
Bend_pickup_normalLight_leftRight,155,Standing,Standing,True,0.997,0.0,121.3298
Bend_pickup_normalLight_leftRight,156,Standing,Standing,True,0.997,0.0,111.2498
Bend_pickup_normalLight_leftRight,157,Standing,Standing,True,0.997,0.0,98.4697
Bend_pickup_normalLight_leftRight,158,Standing,Standing,True,0.998,0.0,118.6985
Bend_pickup_normalLight_leftRight,159,Standing,Standing,True,0.998,0.0,120.6765
Bend_pickup_normalLight_leftRight,160,Standing,Standing,True,0.998,0.0,128.2709
Bend_pickup_normalLight_leftRight,161,Standing,Standing,True,0.998,0.0,109.7178
Bend_pickup_normalLight_leftRight,162,Standing,Standing,True,0.998,0.0,113.7875
Bend_pickup_normalLight_leftRight,163,Standing,Standing,True,0.997,0.0,129.6606
Bend_pickup_normalLight_leftRight,164,Standing,Standing,True,0.997,0.0,113.0795
Bend_pickup_normalLight_leftRight,165,Standing,Standing,True,0.997,0.0,113.681
Bend_pickup_normalLight_leftRight,166,Standing,Standing,True,0.997,0.0,160.2936
Bend_pickup_normalLight_leftRight,167,Standing,Standing,True,0.997,0.0,120.8344
Bend_pickup_normalLight_leftRight,168,Standing,Standing,True,0.997,0.0,150.6302
Bend_pickup_normalLight_leftRight,169,Standing,Standing,True,0.997,0.0,114.3648
Bend_pickup_normalLight_leftRight,170,Standing,Standing,True,0.997,0.0,148.406
Bend_pickup_normalLight_leftRight,171,Standing,Standing,True,0.997,0.0,115.7955
Bend_pickup_normalLight_leftRight,172,Standing,Standing,True,0.997,0.0,101.0702
Bend_pickup_normalLight_leftRight,173,Standing,Standing,True,0.997,0.0,116.251
Bend_pickup_normalLight_leftRight,174,,Standing,,0.996,0.0,119.6752
Bend_pickup_normalLight_leftRight,175,,Standing,,0.996,0.0,128.4679
Bend_pickup_normalLight_leftRight,176,,Standing,,0.996,0.0,140.8863
Bend_pickup_normalLight_leftRight,177,,Standing,,0.996,0.0,137.4622
Bend_pickup_normalLight_leftRight,178,,Standing,,0.995,0.0,125.7559
Bend_pickup_normalLight_leftRight,179,,Standing,,0.995,0.0,112.1242
Bend_pickup_normalLight_leftRight,180,,Standing,,0.995,0.0,127.7233
Bend_pickup_normalLight_leftRight,181,,Standing,,0.995,0.0,145.3585
Bend_pickup_normalLight_leftRight,182,,Standing,,0.994,0.0,127.3746
Bend_pickup_normalLight_leftRight,183,,Standing,,0.994,0.0,135.9361
Bend_pickup_normalLight_leftRight,184,,Standing,,0.994,0.0,118.0213
Bend_pickup_normalLight_leftRight,185,,Standing,,0.994,0.0,119.9054
Bend_pickup_normalLight_leftRight,186,,Standing,,0.993,0.0,112.2757
Bend_pickup_normalLight_leftRight,187,,Standing,,0.993,0.0,117.2976
Bend_pickup_normalLight_leftRight,188,,Standing,,0.992,0.0,108.9607
Bend_pickup_normalLight_leftRight,189,,Standing,,0.992,0.0,93.946
Bend_pickup_normalLight_leftRight,190,,Standing,,0.991,0.0,87.4469
Bend_pickup_normalLight_leftRight,191,,Standing,,0.991,0.0,88.7021
Bend_pickup_normalLight_leftRight,192,,Standing,,0.99,0.0,98.7584
Bend_pickup_normalLight_leftRight,193,,Standing,,0.99,0.0,86.7665
Bend_pickup_normalLight_leftRight,194,,Standing,,0.991,0.0,87.3694
Bend_pickup_normalLight_leftRight,195,,Standing,,0.991,0.0,88.1365
Bend_pickup_normalLight_leftRight,196,,Standing,,0.991,0.0,83.9502
Bend_pickup_normalLight_leftRight,197,,Standing,,0.991,0.0,83.184
Bend_pickup_normalLight_leftRight,198,,Standing,,0.992,0.0,73.6637
Bend_pickup_normalLight_leftRight,199,,Standing,,0.992,0.0,75.9572
Bend_pickup_normalLight_leftRight,200,,Standing,,0.991,0.0,85.8579
Bend_pickup_normalLight_leftRight,201,,Standing,,0.991,0.0,84.8916
Bend_pickup_normalLight_leftRight,202,,Standing,,0.991,0.0,93.0115
Bend_pickup_normalLight_leftRight,203,,Standing,,0.991,0.0,116.058
Bend_pickup_normalLight_leftRight,204,,Standing,,0.991,0.0,86.2737
Bend_pickup_normalLight_leftRight,205,,Standing,,0.99,0.0,90.3533
Bend_pickup_normalLight_leftRight,206,,Standing,,0.99,0.0,92.279
Bend_pickup_normalLight_leftRight,207,,Standing,,0.989,0.0,106.2764
Bend_pickup_normalLight_leftRight,208,,Standing,,0.988,0.0,102.9999
Bend_pickup_normalLight_leftRight,209,,Standing,,0.984,0.0,97.2266
Bend_pickup_normalLight_leftRight,210,,Standing,,0.979,0.0,98.9081
Bend_pickup_normalLight_leftRight,211,,Standing,,0.972,0.0,88.5041
Bend_pickup_normalLight_leftRight,212,,Standing,,0.964,0.0,89.746
Bend_pickup_normalLight_leftRight,213,,Standing,,0.951,0.0,94.1042
Bend_pickup_normalLight_leftRight,214,,Standing,,0.928,0.0,75.306
Bend_pickup_normalLight_leftRight,215,,Standing,,0.893,0.0,72.6714
Bend_pickup_normalLight_leftRight,216,,Standing,,0.865,0.0,72.207
Bend_pickup_normalLight_leftRight,217,,Standing,,0.813,0.0,65.919
Bend_pickup_normalLight_leftRight,218,,Standing,,0.73,0.0,79.0691
Bend_pickup_normalLight_leftRight,219,,Standing,,0.639,0.0,92.5059
Bend_pickup_normalLight_leftRight,220,,Standing,,0.547,0.0,89.146
Bend_pickup_normalLight_leftRight,221,,Standing,,0.469,0.0,66.8108
Bend_pickup_normalLight_leftRight,222,,Lying,,0.475,0.0,66.3633
Bend_pickup_normalLight_leftRight,223,,Lying,,0.528,0.0,67.9405
Bend_pickup_normalLight_leftRight,224,,Lying,,0.542,0.0,64.2627
Bend_pickup_normalLight_leftRight,225,,Lying,,0.549,0.0,73.5328
Bend_pickup_normalLight_leftRight,226,,Lying,,0.552,0.0,87.6423
Bend_pickup_normalLight_leftRight,227,,Lying,,0.533,0.0,102.3287
Bend_pickup_normalLight_leftRight,228,,Lying,,0.469,0.0,103.7503
Bend_pickup_normalLight_leftRight,229,,Lying,,0.482,0.0,106.6682
Bend_pickup_normalLight_leftRight,230,,Lying,,0.558,0.0,113.7961
Bend_pickup_normalLight_leftRight,231,,Lying,,0.571,0.0,121.5694
Bend_pickup_normalLight_leftRight,232,,Lying,,0.639,0.0,102.0943
Bend_pickup_normalLight_leftRight,233,,Lying,,0.729,0.0,93.0027
Bend_pickup_normalLight_leftRight,234,,Lying,,0.723,0.0,105.9686
Bend_pickup_normalLight_leftRight,235,,Lying,,0.79,0.0,107.5932
Bend_pickup_normalLight_leftRight,236,,Lying,,0.831,0.0,96.7924
Bend_pickup_normalLight_leftRight,237,,Lying,,0.959,0.0,94.0092
Bend_pickup_normalLight_leftRight,238,,Lying,,0.912,0.0,98.1045
Bend_pickup_normalLight_leftRight,239,,Lying,,0.904,0.0,100.9236
Bend_pickup_normalLight_leftRight,240,,Lying,,0.964,0.0,95.2514
Bend_pickup_normalLight_leftRight,241,,Lying,,0.968,0.0,90.6931
Bend_pickup_normalLight_leftRight,242,,Lying,,0.972,0.0,92.8071
Bend_pickup_normalLight_leftRight,243,,Lying,,0.983,0.0,107.7892
Bend_pickup_normalLight_leftRight,244,,Lying,,0.963,0.0,160.3752
Bend_pickup_normalLight_leftRight,245,,Lying,,0.97,0.0,156.3093
Bend_pickup_normalLight_leftRight,246,,Lying,,0.935,0.0,147.111
Bend_pickup_normalLight_leftRight,247,,Lying,,0.943,0.0,110.8462
Bend_pickup_normalLight_leftRight,248,,Lying,,0.941,0.0,124.9798
Bend_pickup_normalLight_leftRight,249,,Lying,,0.897,0.0,128.3624
Bend_pickup_normalLight_leftRight,250,,Lying,,0.942,0.0,115.5707
Bend_pickup_normalLight_leftRight,251,,Lying,,0.889,0.0,143.7336
Bend_pickup_normalLight_leftRight,252,,Lying,,0.822,0.0,116.9728
Bend_pickup_normalLight_leftRight,253,,Lying,,0.9,0.0,100.0443
Bend_pickup_normalLight_leftRight,254,,Lying,,0.841,0.0,117.263
Bend_pickup_normalLight_leftRight,255,,Lying,,0.866,0.0,101.1878
Bend_pickup_normalLight_leftRight,256,,Lying,,0.887,0.0,100.3228
Bend_pickup_normalLight_leftRight,257,,Lying,,0.805,0.0,121.8498
Bend_pickup_normalLight_leftRight,258,,Lying,,0.818,0.0,111.1394
Bend_pickup_normalLight_leftRight,259,,Lying,,0.748,0.0,128.4148
Bend_pickup_normalLight_leftRight,260,,Lying,,0.669,0.0,119.2875
Bend_pickup_normalLight_leftRight,261,Standing,Lying,False,0.553,0.0,132.3969
Bend_pickup_normalLight_leftRight,262,Standing,Lying,False,0.56,0.0,117.0467
Bend_pickup_normalLight_leftRight,263,Standing,Lying,False,0.654,0.0,129.0392
Bend_pickup_normalLight_leftRight,264,Standing,Lying,False,0.798,0.0,133.704
Bend_pickup_normalLight_leftRight,265,Standing,Lying,False,0.763,0.0,127.2051
Bend_pickup_normalLight_leftRight,266,Standing,Lying,False,0.876,0.0,145.5516
Bend_pickup_normalLight_leftRight,267,Standing,Lying,False,0.852,0.0,112.2236
Bend_pickup_normalLight_leftRight,268,Standing,Lying,False,0.83,0.0,118.1869
Bend_pickup_normalLight_leftRight,269,Standing,Lying,False,0.79,0.0,101.3451
Bend_pickup_normalLight_leftRight,270,Standing,Lying,False,0.81,0.0,122.8738
Bend_pickup_normalLight_leftRight,271,Standing,Lying,False,0.783,0.0,141.0711
Bend_pickup_normalLight_leftRight,272,Standing,Lying,False,0.756,0.0,134.9897
Bend_pickup_normalLight_leftRight,273,Standing,Lying,False,0.717,0.0,105.4965
Bend_pickup_normalLight_leftRight,274,Standing,Lying,False,0.585,0.0,123.008
Bend_pickup_normalLight_leftRight,275,Standing,Lying,False,0.5,0.0,186.5052
Bend_pickup_normalLight_leftRight,276,Standing,Standing,True,0.528,0.0,159.6642
Bend_pickup_normalLight_leftRight,277,Standing,Standing,True,0.606,0.0,163.4607
Bend_pickup_normalLight_leftRight,278,Standing,Standing,True,0.717,0.0,152.61
Bend_pickup_normalLight_leftRight,279,Standing,Standing,True,0.889,0.0,232.7873
Bend_pickup_normalLight_leftRight,280,Standing,Standing,True,0.928,0.0,166.6123
Bend_pickup_normalLight_leftRight,281,Standing,Standing,True,0.955,0.0,127.4568
Bend_pickup_normalLight_leftRight,282,Standing,Standing,True,0.978,0.0,112.5215
Bend_pickup_normalLight_leftRight,283,Standing,Standing,True,0.987,0.0,122.1508
Bend_pickup_normalLight_leftRight,284,Standing,Standing,True,0.99,0.0,126.0268
Bend_pickup_normalLight_leftRight,285,Standing,Standing,True,0.992,0.0,123.1044
Bend_pickup_normalLight_leftRight,286,Standing,Standing,True,0.994,0.0,111.448
Bend_pickup_normalLight_leftRight,287,Standing,Standing,True,0.994,0.0,118.3242
Bend_pickup_normalLight_leftRight,288,Standing,Standing,True,0.995,0.0,143.6427
Bend_pickup_normalLight_leftRight,289,Standing,Standing,True,0.995,0.0,206.6949
Bend_pickup_normalLight_leftRight,290,Standing,Standing,True,0.996,0.0,159.7142
Bend_pickup_normalLight_leftRight,291,Standing,Standing,True,0.996,0.0,127.6395
Bend_pickup_normalLight_leftRight,292,Standing,Standing,True,0.995,0.0,97.6387
Bend_pickup_normalLight_leftRight,293,Standing,Standing,True,0.995,0.0,95.148
Bend_pickup_normalLight_leftRight,294,Standing,Standing,True,0.995,0.0,105.3159
Bend_pickup_normalLight_leftRight,295,Standing,Standing,True,0.995,0.0,116.1183
Bend_pickup_normalLight_leftRight,296,Standing,Standing,True,0.995,0.0,86.7779
Bend_pickup_normalLight_leftRight,297,Standing,Standing,True,0.996,0.0,95.1806
Bend_pickup_normalLight_leftRight,298,Standing,Standing,True,0.996,0.0,87.3107
Bend_pickup_normalLight_leftRight,299,Standing,Standing,True,0.996,0.0,91.0533
Bend_pickup_normalLight_leftRight,300,Standing,Standing,True,0.996,0.0,77.9535
Bend_pickup_normalLight_leftRight,301,Standing,Standing,True,0.996,0.0,70.2886
Bend_pickup_normalLight_leftRight,302,Standing,Standing,True,0.996,0.0,76.4373
Bend_pickup_normalLight_leftRight,303,Standing,Standing,True,0.996,0.0,75.0921
Bend_pickup_normalLight_leftRight,304,Standing,Standing,True,0.997,0.0,65.8291
Bend_pickup_normalLight_leftRight,305,Standing,Standing,True,0.997,0.0,71.8049
Bend_pickup_normalLight_leftRight,306,Standing,Standing,True,0.997,0.0,69.4556
Bend_pickup_normalLight_leftRight,307,Standing,Standing,True,0.997,0.0,75.4234
Bend_pickup_normalLight_leftRight,308,Standing,Standing,True,0.997,0.0,74.1035
Bend_pickup_normalLight_leftRight,309,Standing,Standing,True,0.997,0.0,69.7038
Bend_pickup_normalLight_leftRight,310,Standing,Standing,True,0.997,0.0,73.4486
Bend_pickup_normalLight_leftRight,311,Standing,Standing,True,0.997,0.0,68.1221
Bend_pickup_normalLight_leftRight,312,Standing,Standing,True,0.997,0.0,78.4496
Bend_pickup_normalLight_leftRight,313,Standing,Standing,True,0.997,0.0,85.5127
Bend_pickup_normalLight_leftRight,314,Standing,Standing,True,0.998,0.0,86.246
Bend_pickup_normalLight_leftRight,315,Standing,Standing,True,0.998,0.0,84.9178
Bend_pickup_normalLight_leftRight,316,Standing,Standing,True,0.998,0.0,82.4687
Bend_pickup_normalLight_leftRight,317,Standing,Standing,True,0.998,0.0,75.6827
Bend_pickup_normalLight_leftRight,318,Standing,Standing,True,0.998,0.0,75.1761
Bend_pickup_normalLight_leftRight,319,Standing,Standing,True,0.998,0.0,88.8925
Bend_pickup_normalLight_leftRight,320,Standing,Standing,True,0.998,0.0,87.5353
Bend_pickup_normalLight_leftRight,321,,Standing,,0.998,0.0,101.2146
Bend_pickup_normalLight_leftRight,322,,Standing,,0.998,0.0,101.4855
Bend_pickup_normalLight_leftRight,323,,Standing,,0.998,0.0,101.8826
Bend_pickup_normalLight_leftRight,324,,Standing,,0.998,0.0,97.0475
Bend_pickup_normalLight_leftRight,325,,Standing,,0.998,0.0,82.8448
Bend_pickup_normalLight_leftRight,326,,Standing,,0.998,0.0,77.657
Bend_pickup_normalLight_leftRight,327,,Standing,,0.998,0.0,80.5056
Bend_pickup_normalLight_leftRight,328,,Standing,,0.998,0.0,80.8636
Bend_pickup_normalLight_leftRight,329,,Standing,,0.998,0.0,85.2959
Bend_pickup_normalLight_leftRight,330,,Standing,,0.998,0.0,78.0324
Bend_pickup_normalLight_leftRight,331,,Standing,,0.998,0.0,76.3012
Bend_pickup_normalLight_leftRight,332,,Standing,,0.998,0.0,68.8835
Bend_pickup_normalLight_leftRight,333,,Standing,,0.998,0.0,86.0856
Bend_pickup_squat_lowLight,31,,Standing,,0.994,0.0,67.6338
Bend_pickup_squat_lowLight,32,,Standing,,0.994,0.0,81.0796
Bend_pickup_squat_lowLight,33,,Standing,,0.994,0.0,99.8827
Bend_pickup_squat_lowLight,34,,Standing,,0.994,0.0,113.3993
Bend_pickup_squat_lowLight,35,,Standing,,0.994,0.0,76.6279
Bend_pickup_squat_lowLight,36,,Standing,,0.995,0.0,74.4225
Bend_pickup_squat_lowLight,37,,Standing,,0.995,0.0,74.1244
Bend_pickup_squat_lowLight,38,,Standing,,0.995,0.0,69.8932
Bend_pickup_squat_lowLight,39,,Standing,,0.995,0.0,76.7267
Bend_pickup_squat_lowLight,40,,Standing,,0.995,0.0,94.0405
Bend_pickup_squat_lowLight,41,,Standing,,0.995,0.0,74.2317
Bend_pickup_squat_lowLight,42,,Standing,,0.995,0.0,82.1629
Bend_pickup_squat_lowLight,43,,Standing,,0.995,0.0,79.1487
Bend_pickup_squat_lowLight,44,,Standing,,0.995,0.0,85.3506
Bend_pickup_squat_lowLight,45,,Standing,,0.995,0.0,73.8846
Bend_pickup_squat_lowLight,46,,Standing,,0.994,0.0,82.1751
Bend_pickup_squat_lowLight,47,,Standing,,0.994,0.0,104.0239
Bend_pickup_squat_lowLight,48,,Standing,,0.994,0.0,92.1071
Bend_pickup_squat_lowLight,49,,Standing,,0.993,0.0,78.9409
Bend_pickup_squat_lowLight,50,,Standing,,0.992,0.0,72.1088
Bend_pickup_squat_lowLight,51,,Standing,,0.99,0.0,71.0537
Bend_pickup_squat_lowLight,52,,Standing,,0.99,0.0,76.1258
Bend_pickup_squat_lowLight,53,,Standing,,0.99,0.0,67.3318
Bend_pickup_squat_lowLight,54,,Standing,,0.99,0.0,74.1029
Bend_pickup_squat_lowLight,55,,Standing,,0.99,0.0,69.821
Bend_pickup_squat_lowLight,56,,Standing,,0.99,0.0,63.1319
Bend_pickup_squat_lowLight,57,,Standing,,0.99,0.0,65.609
Bend_pickup_squat_lowLight,58,,Standing,,0.989,0.0,73.9107
Bend_pickup_squat_lowLight,59,,Standing,,0.99,0.0,77.9914
Bend_pickup_squat_lowLight,60,,Standing,,0.989,0.0,97.4359
Bend_pickup_squat_lowLight,61,,Standing,,0.987,0.0,73.7433
Bend_pickup_squat_lowLight,62,,Standing,,0.983,0.0,76.1685
Bend_pickup_squat_lowLight,63,,Standing,,0.976,0.0,74.2458
Bend_pickup_squat_lowLight,64,,Standing,,0.973,0.0,77.428
Bend_pickup_squat_lowLight,65,,Standing,,0.969,0.0,79.3366
Bend_pickup_squat_lowLight,66,,Standing,,0.956,0.0,92.7319
Bend_pickup_squat_lowLight,67,,Standing,,0.94,0.0,96.1092
Bend_pickup_squat_lowLight,68,,Standing,,0.916,0.0,96.8963
Bend_pickup_squat_lowLight,69,,Standing,,0.887,0.0,80.2199
Bend_pickup_squat_lowLight,70,,Standing,,0.842,0.0,90.5678
Bend_pickup_squat_lowLight,71,,Standing,,0.723,0.0,82.1883
Bend_pickup_squat_lowLight,72,,Standing,,0.62,0.0,83.2086
Bend_pickup_squat_lowLight,73,,Standing,,0.546,0.0,81.9051
Bend_pickup_squat_lowLight,74,,Standing,,0.504,0.0,86.4262
Bend_pickup_squat_lowLight,75,,Sitting,,0.577,0.0,81.5161
Bend_pickup_squat_lowLight,76,,Sitting,,0.666,0.0,85.1543
Bend_pickup_squat_lowLight,77,,Sitting,,0.751,0.0,77.2632
Bend_pickup_squat_lowLight,78,,Sitting,,0.787,0.0,84.7534
Bend_pickup_squat_lowLight,79,,Sitting,,0.827,0.0,73.0296
Bend_pickup_squat_lowLight,80,,Sitting,,0.86,0.0,83.6349
Bend_pickup_squat_lowLight,81,,Sitting,,0.893,0.0,79.2403
Bend_pickup_squat_lowLight,82,,Sitting,,0.926,0.0,82.4561
Bend_pickup_squat_lowLight,83,,Sitting,,0.932,0.0,79.3268
Bend_pickup_squat_lowLight,84,,Sitting,,0.95,0.0,114.0809
Bend_pickup_squat_lowLight,85,,Sitting,,0.958,0.0,113.6971
Bend_pickup_squat_lowLight,86,,Sitting,,0.97,0.0,114.4049
Bend_pickup_squat_lowLight,87,,Sitting,,0.974,0.0,97.0632
Bend_pickup_squat_lowLight,88,,Sitting,,0.976,0.0,104.2
Bend_pickup_squat_lowLight,89,,Sitting,,0.979,0.0,94.3958
Bend_pickup_squat_lowLight,90,,Sitting,,0.984,0.0,90.7855
Bend_pickup_squat_lowLight,91,,Sitting,,0.983,0.0,83.5467
Bend_pickup_squat_lowLight,92,,Sitting,,0.982,0.0,78.4974
Bend_pickup_squat_lowLight,93,,Sitting,,0.98,0.0,78.3229
Bend_pickup_squat_lowLight,94,,Sitting,,0.976,0.0,90.6635
Bend_pickup_squat_lowLight,95,,Sitting,,0.979,0.0,79.0916
Bend_pickup_squat_lowLight,96,,Sitting,,0.975,0.0,78.7754
Bend_pickup_squat_lowLight,97,,Sitting,,0.975,0.0,79.7831
Bend_pickup_squat_lowLight,98,,Sitting,,0.97,0.0,81.0816
Bend_pickup_squat_lowLight,99,,Sitting,,0.964,0.0,81.6572
Bend_pickup_squat_lowLight,100,,Sitting,,0.943,0.0,81.358
Bend_pickup_squat_lowLight,101,,Sitting,,0.915,0.0,85.8572
Bend_pickup_squat_lowLight,102,,Sitting,,0.919,0.0,86.0715
Bend_pickup_squat_lowLight,103,,Sitting,,0.904,0.0,88.6229
Bend_pickup_squat_lowLight,104,,Sitting,,0.885,0.0,71.5523
Bend_pickup_squat_lowLight,105,,Sitting,,0.853,0.0,68.7166
Bend_pickup_squat_lowLight,106,,Sitting,,0.842,0.0,70.007
Bend_pickup_squat_lowLight,107,,Sitting,,0.818,0.0,64.6137
Bend_pickup_squat_lowLight,108,,Sitting,,0.759,0.0,83.7897
Bend_pickup_squat_lowLight,109,,Sitting,,0.751,0.0,80.0553
Bend_pickup_squat_lowLight,110,,Sitting,,0.722,0.0,86.4678
Bend_pickup_squat_lowLight,111,,Sitting,,0.679,0.0,72.1479
Bend_pickup_squat_lowLight,112,,Sitting,,0.577,0.0,73.9405
Bend_pickup_squat_lowLight,113,,Sitting,,0.53,0.0,66.287
Bend_pickup_squat_lowLight,114,,Standing,,0.622,0.0,73.5383
Bend_pickup_squat_lowLight,115,,Standing,,0.596,0.0,76.1231
Bend_pickup_squat_lowLight,116,,Standing,,0.64,0.0,87.2327
Bend_pickup_squat_lowLight,117,Standing,Standing,True,0.797,0.0,82.0899
Bend_pickup_squat_lowLight,118,Standing,Standing,True,0.794,0.0,75.6932
Bend_pickup_squat_lowLight,119,Standing,Standing,True,0.837,0.0,75.7916
Bend_pickup_squat_lowLight,120,Standing,Standing,True,0.872,0.0,74.9579
Bend_pickup_squat_lowLight,121,Standing,Standing,True,0.878,0.0,71.8685
Bend_pickup_squat_lowLight,122,Standing,Standing,True,0.907,0.0,80.0777
Bend_pickup_squat_lowLight,123,Standing,Standing,True,0.881,0.0,84.5369
Bend_pickup_squat_lowLight,124,Standing,Standing,True,0.809,0.0,77.892
Bend_pickup_squat_lowLight,125,Standing,Standing,True,0.912,0.0,74.3132
Bend_pickup_squat_lowLight,126,Standing,Standing,True,0.894,0.0,90.2293
Bend_pickup_squat_lowLight,127,Standing,Standing,True,0.949,0.0,90.463
Bend_pickup_squat_lowLight,128,Standing,Standing,True,0.95,0.0,77.533
Bend_pickup_squat_lowLight,129,Standing,Standing,True,0.956,0.0,78.1748
Bend_pickup_squat_lowLight,130,Standing,Standing,True,0.972,0.0,93.9837
Bend_pickup_squat_lowLight,131,Standing,Standing,True,0.977,0.0,84.0089
Bend_pickup_squat_lowLight,132,Standing,Standing,True,0.981,0.0,87.5429
Bend_pickup_squat_lowLight,133,Standing,Standing,True,0.98,0.0,85.4845
Bend_pickup_squat_lowLight,134,Standing,Standing,True,0.973,0.0,90.6332
Bend_pickup_squat_lowLight,135,Standing,Standing,True,0.976,0.0,124.5197
Bend_pickup_squat_lowLight,136,Standing,Standing,True,0.972,0.0,77.2781
Bend_pickup_squat_lowLight,137,Standing,Standing,True,0.975,0.0,77.2584
Bend_pickup_squat_lowLight,138,Standing,Standing,True,0.977,0.0,100.0322
Bend_pickup_squat_lowLight,139,Standing,Standing,True,0.978,0.0,105.1549
Bend_pickup_squat_lowLight,140,Standing,Standing,True,0.979,0.0,83.8536
Bend_pickup_squat_lowLight,141,Standing,Standing,True,0.979,0.0,81.9289
Bend_pickup_squat_lowLight,142,Standing,Standing,True,0.984,0.0,79.0236
Bend_pickup_squat_lowLight,143,Standing,Standing,True,0.986,0.0,84.9275
Bend_pickup_squat_lowLight,144,Standing,Standing,True,0.99,0.0,74.0556
Bend_pickup_squat_lowLight,145,Standing,Standing,True,0.991,0.0,83.4891
Bend_pickup_squat_lowLight,146,Standing,Standing,True,0.994,0.0,103.3109
Bend_pickup_squat_lowLight,147,Standing,Standing,True,0.994,0.0,109.1633
Bend_pickup_squat_lowLight,148,,Standing,,0.996,0.0,105.3095
Bend_pickup_squat_lowLight,149,,Standing,,0.996,0.0,94.1971
Bend_pickup_squat_lowLight,150,,Standing,,0.997,0.0,93.2919
Bend_pickup_squat_lowLight,151,,Standing,,0.997,0.0,112.1065
Bend_pickup_squat_lowLight,152,,Standing,,0.997,0.0,130.5729
Bend_pickup_squat_lowLight,153,,Standing,,0.998,0.0,149.238
Bend_pickup_squat_lowLight,154,,Standing,,0.998,0.0,112.6277
Bend_pickup_squat_lowLight,155,,Standing,,0.998,0.0,109.5642
Bend_pickup_squat_lowLight,156,,Standing,,0.998,0.0,121.7054
Bend_pickup_squat_lowLight,157,,Standing,,0.998,0.0,123.6737
Bend_pickup_squat_lowLight,158,,Standing,,0.998,0.0,106.8065
Bend_pickup_squat_lowLight,159,,Standing,,0.998,0.0,105.7287
Bend_pickup_squat_lowLight,160,,Standing,,0.998,0.0,113.9098
Bend_pickup_squat_lowLight,161,,Standing,,0.998,0.0,96.7553
Bend_pickup_squat_lowLight,162,,Standing,,0.998,0.0,98.8301
Bend_pickup_squat_lowLight,163,,Standing,,0.998,0.0,88.5622
Bend_pickup_squat_lowLight,164,,Standing,,0.998,0.0,83.8837
Bend_pickup_squat_lowLight,165,,Standing,,0.998,0.0,80.7508
Bend_pickup_squat_lowLight,166,,Standing,,0.998,0.0,102.287
Bend_pickup_squat_lowLight,167,,Standing,,0.998,0.0,85.4025
Bend_pickup_squat_lowLight,168,,Standing,,0.998,0.0,98.0666
Bend_pickup_squat_lowLight,169,,Standing,,0.998,0.0,90.2391
Bend_pickup_squat_lowLight,170,,Standing,,0.998,0.0,92.6811
Bend_pickup_squat_lowLight,171,,Standing,,0.998,0.0,110.0312
Bend_pickup_squat_lowLight,172,,Standing,,0.998,0.0,91.51
Bend_pickup_squat_lowLight,173,,Standing,,0.998,0.0,103.9116
Bend_pickup_squat_lowLight,174,,Standing,,0.998,0.0,115.5765
Bend_pickup_squat_normalLight,31,,Standing,,0.997,0.0,96.6806
Bend_pickup_squat_normalLight,32,,Standing,,0.998,0.0,102.1993
Bend_pickup_squat_normalLight,33,,Standing,,0.998,0.0,116.3837
Bend_pickup_squat_normalLight,34,,Standing,,0.997,0.0,102.7217
Bend_pickup_squat_normalLight,35,,Standing,,0.997,0.0,104.0669
Bend_pickup_squat_normalLight,36,,Standing,,0.997,0.0,89.1179
Bend_pickup_squat_normalLight,37,,Standing,,0.997,0.0,98.345
Bend_pickup_squat_normalLight,38,,Standing,,0.997,0.0,104.4845
Bend_pickup_squat_normalLight,39,,Standing,,0.997,0.0,92.5673
Bend_pickup_squat_normalLight,40,,Standing,,0.997,0.0,111.3181
Bend_pickup_squat_normalLight,41,,Standing,,0.997,0.0,110.094
Bend_pickup_squat_normalLight,42,,Standing,,0.997,0.0,101.6607
Bend_pickup_squat_normalLight,43,,Standing,,0.997,0.0,98.2124
Bend_pickup_squat_normalLight,44,,Standing,,0.997,0.0,88.4876
Bend_pickup_squat_normalLight,45,,Standing,,0.997,0.0,95.7158
Bend_pickup_squat_normalLight,46,,Standing,,0.996,0.0,91.834
Bend_pickup_squat_normalLight,47,,Standing,,0.996,0.0,118.6556
Bend_pickup_squat_normalLight,48,,Standing,,0.995,0.0,104.4969
Bend_pickup_squat_normalLight,49,,Standing,,0.995,0.0,120.409
Bend_pickup_squat_normalLight,50,,Standing,,0.995,0.0,101.087
Bend_pickup_squat_normalLight,51,,Standing,,0.994,0.0,98.7865
Bend_pickup_squat_normalLight,52,,Standing,,0.993,0.0,110.2996
Bend_pickup_squat_normalLight,53,,Standing,,0.992,0.0,111.3597
Bend_pickup_squat_normalLight,54,,Standing,,0.991,0.0,94.8823
Bend_pickup_squat_normalLight,55,,Standing,,0.99,0.0,97.7087
Bend_pickup_squat_normalLight,56,,Standing,,0.988,0.0,83.6803
Bend_pickup_squat_normalLight,57,,Standing,,0.986,0.0,96.322
Bend_pickup_squat_normalLight,58,,Standing,,0.983,0.0,95.7824
Bend_pickup_squat_normalLight,59,,Standing,,0.977,0.0,86.6451
Bend_pickup_squat_normalLight,60,,Standing,,0.97,0.0,82.5042
Bend_pickup_squat_normalLight,61,,Standing,,0.96,0.0,97.6618
Bend_pickup_squat_normalLight,62,,Standing,,0.942,0.0,95.3589
Bend_pickup_squat_normalLight,63,,Standing,,0.916,0.0,111.8725
Bend_pickup_squat_normalLight,64,,Standing,,0.881,0.0,98.9088
Bend_pickup_squat_normalLight,65,,Standing,,0.834,0.0,96.5248
Bend_pickup_squat_normalLight,66,,Standing,,0.769,0.0,115.6771
Bend_pickup_squat_normalLight,67,,Standing,,0.671,0.0,121.879
Bend_pickup_squat_normalLight,68,,Standing,,0.578,0.0,109.1915
Bend_pickup_squat_normalLight,69,,Sitting,,0.507,0.0,121.1935
Bend_pickup_squat_normalLight,70,,Sitting,,0.592,0.0,119.597
Bend_pickup_squat_normalLight,71,,Sitting,,0.687,0.0,113.617
Bend_pickup_squat_normalLight,72,,Sitting,,0.771,0.0,110.3007
Bend_pickup_squat_normalLight,73,,Sitting,,0.825,0.0,112.1748
Bend_pickup_squat_normalLight,74,,Sitting,,0.841,0.0,114.0214
Bend_pickup_squat_normalLight,75,,Sitting,,0.884,0.0,128.445
Bend_pickup_squat_normalLight,76,,Sitting,,0.91,0.0,132.4674
Bend_pickup_squat_normalLight,77,,Sitting,,0.92,0.0,116.226
Bend_pickup_squat_normalLight,78,,Sitting,,0.937,0.0,134.6173
Bend_pickup_squat_normalLight,79,,Sitting,,0.944,0.0,113.3111
Bend_pickup_squat_normalLight,80,,Sitting,,0.95,0.0,117.68
Bend_pickup_squat_normalLight,81,,Sitting,,0.954,0.0,88.2647
Bend_pickup_squat_normalLight,82,,Sitting,,0.961,0.0,83.7436
Bend_pickup_squat_normalLight,83,,Sitting,,0.965,0.0,89.3817
Bend_pickup_squat_normalLight,84,,Sitting,,0.968,0.0,91.4144
Bend_pickup_squat_normalLight,85,,Sitting,,0.97,0.0,93.2328
Bend_pickup_squat_normalLight,86,,Sitting,,0.97,0.0,87.2784
Bend_pickup_squat_normalLight,87,,Sitting,,0.971,0.0,89.4742
Bend_pickup_squat_normalLight,88,,Sitting,,0.971,0.0,77.1805
Bend_pickup_squat_normalLight,89,,Sitting,,0.973,0.0,82.1442
Bend_pickup_squat_normalLight,90,,Sitting,,0.973,0.0,107.3526
Bend_pickup_squat_normalLight,91,,Sitting,,0.973,0.0,97.9131
Bend_pickup_squat_normalLight,92,,Sitting,,0.974,0.0,110.4154
Bend_pickup_squat_normalLight,93,,Sitting,,0.973,0.0,116.9558
Bend_pickup_squat_normalLight,94,,Sitting,,0.974,0.0,96.0439
Bend_pickup_squat_normalLight,95,,Sitting,,0.974,0.0,94.7209
Bend_pickup_squat_normalLight,96,,Sitting,,0.973,0.0,103.7576
Bend_pickup_squat_normalLight,97,,Sitting,,0.972,0.0,107.101
Bend_pickup_squat_normalLight,98,,Sitting,,0.971,0.0,102.5305
Bend_pickup_squat_normalLight,99,,Sitting,,0.971,0.0,86.8494
Bend_pickup_squat_normalLight,100,,Sitting,,0.97,0.0,113.6941
Bend_pickup_squat_normalLight,101,,Sitting,,0.965,0.0,108.0225
Bend_pickup_squat_normalLight,102,,Sitting,,0.965,0.0,117.6665
Bend_pickup_squat_normalLight,103,,Sitting,,0.964,0.0,133.7708
Bend_pickup_squat_normalLight,104,,Sitting,,0.959,0.0,157.3932
Bend_pickup_squat_normalLight,105,,Sitting,,0.953,0.0,157.2533
Bend_pickup_squat_normalLight,106,,Sitting,,0.948,0.0,132.2418
Bend_pickup_squat_normalLight,107,,Sitting,,0.937,0.0,101.699
Bend_pickup_squat_normalLight,108,,Sitting,,0.923,0.0,113.7054
Bend_pickup_squat_normalLight,109,,Sitting,,0.916,0.0,150.2267
Bend_pickup_squat_normalLight,110,,Sitting,,0.896,0.0,102.0347
Bend_pickup_squat_normalLight,111,,Sitting,,0.859,0.0,109.4076
Bend_pickup_squat_normalLight,112,,Sitting,,0.834,0.0,99.1892
Bend_pickup_squat_normalLight,113,,Sitting,,0.794,0.0,105.7714
Bend_pickup_squat_normalLight,114,,Sitting,,0.742,0.0,117.4363
Bend_pickup_squat_normalLight,115,,Sitting,,0.698,0.0,101.5633
Bend_pickup_squat_normalLight,116,,Sitting,,0.645,0.0,94.6026
Bend_pickup_squat_normalLight,117,,Sitting,,0.583,0.0,108.7907
Bend_pickup_squat_normalLight,118,,Sitting,,0.529,0.0,108.5843
Bend_pickup_squat_normalLight,119,,Standing,,0.564,0.0,139.984
Bend_pickup_squat_normalLight,120,,Standing,,0.665,0.0,106.4393
Bend_pickup_squat_normalLight,121,,Standing,,0.751,0.0,148.8735
Bend_pickup_squat_normalLight,122,,Standing,,0.784,0.0,103.987
Bend_pickup_squat_normalLight,123,,Standing,,0.846,0.0,118.0412
Bend_pickup_squat_normalLight,124,,Standing,,0.888,0.0,95.1077
Bend_pickup_squat_normalLight,125,,Standing,,0.917,0.0,91.9955
Bend_pickup_squat_normalLight,126,,Standing,,0.944,0.0,135.4759
Bend_pickup_squat_normalLight,127,,Standing,,0.963,0.0,99.8374
Bend_pickup_squat_normalLight,128,,Standing,,0.975,0.0,110.4297
Bend_pickup_squat_normalLight,129,,Standing,,0.983,0.0,108.5156
Bend_pickup_squat_normalLight,130,,Standing,,0.987,0.0,104.7832
Bend_pickup_squat_normalLight,131,,Standing,,0.99,0.0,105.6516
Bend_pickup_squat_normalLight,132,,Standing,,0.992,0.0,107.9403
Bend_pickup_squat_normalLight,133,,Standing,,0.994,0.0,91.7521
Bend_pickup_squat_normalLight,134,Standing,Standing,True,0.994,0.0,124.1047
Bend_pickup_squat_normalLight,135,Standing,Standing,True,0.995,0.0,126.5455
Bend_pickup_squat_normalLight,136,Standing,Standing,True,0.995,0.0,132.2409
Bend_pickup_squat_normalLight,137,Standing,Standing,True,0.996,0.0,94.485
Bend_pickup_squat_normalLight,138,Standing,Standing,True,0.996,0.0,99.1288
Bend_pickup_squat_normalLight,139,Standing,Standing,True,0.996,0.0,99.9944
Bend_pickup_squat_normalLight,140,Standing,Standing,True,0.996,0.0,96.4617
Bend_pickup_squat_normalLight,141,Standing,Standing,True,0.996,0.0,87.1398
Bend_pickup_squat_normalLight,142,Standing,Standing,True,0.996,0.0,92.0948
Bend_pickup_squat_normalLight,143,Standing,Standing,True,0.997,0.0,116.6311
Bend_pickup_squat_normalLight,144,Standing,Standing,True,0.997,0.0,153.6586
Bend_pickup_squat_normalLight,145,Standing,Standing,True,0.997,0.0,116.7898
Bend_pickup_squat_normalLight,146,,Standing,,0.997,0.0,108.6708
Bend_pickup_squat_normalLight,147,,Standing,,0.997,0.0,88.3507
Bend_pickup_squat_normalLight,148,,Standing,,0.997,0.0,98.8178
Bend_pickup_squat_normalLight,149,,Standing,,0.997,0.0,114.4934
Bend_pickup_squat_normalLight,150,,Standing,,0.997,0.0,105.5138
Bend_pickup_squat_normalLight,151,,Standing,,0.997,0.0,81.7532
Bend_pickup_squat_normalLight,152,,Standing,,0.997,0.0,81.339
Bend_pickup_squat_normalLight,153,,Standing,,0.997,0.0,104.2342
Bend_pickup_squat_normalLight,154,,Standing,,0.997,0.0,90.4289
Bend_pickup_squat_normalLight,155,,Standing,,0.997,0.0,100.8303
Bend_pickup_squat_normalLight,156,,Standing,,0.997,0.0,87.4528
Bend_pickup_squat_normalLight,157,,Standing,,0.997,0.0,96.6827
Bend_pickup_squat_normalLight,158,,Standing,,0.997,0.0,99.1955
Bend_pickup_squat_normalLight,159,,Standing,,0.997,0.0,89.1863
Bend_pickup_squat_normalLight,160,,Standing,,0.997,0.0,95.9508
Kneeling,31,,Standing,,0.997,0.0,94.282
Kneeling,32,,Standing,,0.996,0.0,85.1332
Kneeling,33,,Standing,,0.996,0.0,103.7187
Kneeling,34,,Standing,,0.996,0.0,93.1051
Kneeling,35,,Standing,,0.996,0.0,85.3722
Kneeling,36,,Standing,,0.996,0.0,80.7961
Kneeling,37,,Standing,,0.996,0.0,89.7162
Kneeling,38,,Standing,,0.995,0.0,81.6329
Kneeling,39,,Standing,,0.995,0.0,93.3009
Kneeling,40,,Standing,,0.995,0.0,80.626
Kneeling,41,,Standing,,0.994,0.0,84.7147
Kneeling,42,,Standing,,0.994,0.0,87.7998
Kneeling,43,,Standing,,0.993,0.0,101.0093
Kneeling,44,,Standing,,0.993,0.0,103.5911
Kneeling,45,,Standing,,0.992,0.0,90.4666
Kneeling,46,,Standing,,0.992,0.0,110.9066
Kneeling,47,,Standing,,0.992,0.0,148.3927
Kneeling,48,,Standing,,0.991,0.0,123.8241
Kneeling,49,,Standing,,0.99,0.0,123.8402
Kneeling,50,,Standing,,0.989,0.0,125.4078
Kneeling,51,,Standing,,0.988,0.0,171.648
Kneeling,52,,Standing,,0.987,0.0,174.5605
Kneeling,53,,Standing,,0.986,0.0,131.1849
Kneeling,54,,Standing,,0.983,0.0,140.2343
Kneeling,55,,Standing,,0.98,0.0,123.0539
Kneeling,56,,Standing,,0.973,0.0,296.201
Kneeling,57,Sitting,Standing,False,0.968,0.0,359.317
Kneeling,58,Sitting,Standing,False,0.959,0.0,543.965
Kneeling,59,Sitting,Standing,False,0.949,0.0,790.2206
Kneeling,60,Sitting,Standing,False,0.934,0.0,665.4304
Kneeling,61,Sitting,Standing,False,0.917,0.0,190.8829
Kneeling,62,Sitting,Standing,False,0.897,0.0,115.1946
Kneeling,63,Sitting,Standing,False,0.874,0.0,131.0352
Kneeling,64,Sitting,Standing,False,0.848,0.0,152.4596
Kneeling,65,Sitting,Standing,False,0.828,0.0,133.1046
Kneeling,66,Sitting,Standing,False,0.798,0.0,135.6097
Kneeling,67,Sitting,Standing,False,0.751,0.0,122.1084
Kneeling,68,Sitting,Standing,False,0.685,0.0,147.8133
Kneeling,69,Sitting,Standing,False,0.671,0.0,120.6848
Kneeling,70,Sitting,Standing,False,0.647,0.0,119.8307
Kneeling,71,Sitting,Standing,False,0.583,0.0,112.8813
Kneeling,72,Sitting,Standing,False,0.554,0.0,106.347
Kneeling,73,Sitting,Standing,False,0.5,0.0,96.6615
Kneeling,74,Sitting,Standing,False,0.482,0.0,96.6994
Kneeling,75,Sitting,Standing,False,0.441,0.0,99.2766
Kneeling,76,Sitting,Standing,False,0.427,0.0,87.2997
Kneeling,77,Sitting,Standing,False,0.402,0.0,103.5639
Kneeling,78,Sitting,Standing,False,0.389,0.0,112.3534
Kneeling,79,Sitting,Standing,False,0.358,0.0,84.0278
Kneeling,80,Sitting,Lying,False,0.351,0.0,78.7446
Kneeling,81,Sitting,Lying,False,0.361,0.0,79.29
Kneeling,82,Sitting,Lying,False,0.355,0.0,74.8362
Kneeling,83,Sitting,Lying,False,0.367,0.0,77.1343
Kneeling,84,Sitting,Lying,False,0.295,0.0,80.086
Kneeling,85,Sitting,Unknown,False,0.312,0.0,67.8564
Kneeling,86,Sitting,Unknown,False,0.316,0.0,65.4231
Kneeling,87,Sitting,Unknown,False,0.331,0.0,69.5624
Kneeling,88,Sitting,Unknown,False,0.343,0.0,65.2544
Kneeling,89,Sitting,Unknown,False,0.345,0.0,64.633
Kneeling,90,Sitting,Unknown,False,0.363,0.0,70.4294
Kneeling,91,Sitting,Unknown,False,0.36,0.0,68.6644
Kneeling,92,Sitting,Unknown,False,0.362,0.0,69.6933
Kneeling,93,Sitting,Unknown,False,0.361,0.0,68.047
Kneeling,94,Sitting,Unknown,False,0.36,0.0,64.9856
Kneeling,95,Sitting,Unknown,False,0.36,0.0,64.4403
Kneeling,96,Sitting,Unknown,False,0.358,0.0,62.2945
Kneeling,97,Sitting,Unknown,False,0.356,0.0,65.8016
Kneeling,98,Sitting,Unknown,False,0.355,0.0,63.3124
Kneeling,99,Sitting,Unknown,False,0.356,0.0,63.48
Kneeling,100,Sitting,Unknown,False,0.355,0.0,62.5481
Kneeling,101,Sitting,Unknown,False,0.354,0.0,62.387
Kneeling,102,Sitting,Unknown,False,0.35,0.0,62.8412
Kneeling,103,Sitting,Unknown,False,0.357,0.0,60.4346
Kneeling,104,Sitting,Unknown,False,0.36,0.0,63.6696
Kneeling,105,Sitting,Unknown,False,0.366,0.0,59.8468
Kneeling,106,Sitting,Unknown,False,0.373,0.0,70.6193
Kneeling,107,Sitting,Unknown,False,0.373,0.0,79.4714
Kneeling,108,Sitting,Unknown,False,0.379,0.0,90.6597
Kneeling,109,Sitting,Unknown,False,0.383,0.0,80.2059
Kneeling,110,Sitting,Unknown,False,0.39,0.0,86.2359
Kneeling,111,Sitting,Unknown,False,0.392,0.0,84.234
Kneeling,112,Sitting,Unknown,False,0.397,0.0,94.0721
Kneeling,113,Sitting,Unknown,False,0.396,0.0,70.9189
Kneeling,114,Sitting,Unknown,False,0.4,0.0,71.31
Kneeling,115,Sitting,Unknown,False,0.396,0.0,72.2393
Kneeling,116,Sitting,Unknown,False,0.392,0.0,76.307
Kneeling,117,Sitting,Unknown,False,0.382,0.0,73.4501
Kneeling,118,Sitting,Unknown,False,0.373,0.0,95.0581
Kneeling,119,Sitting,Lying,False,0.368,0.0,92.4948
Kneeling,120,Sitting,Lying,False,0.398,0.0,104.3165
Kneeling,121,Sitting,Lying,False,0.434,0.0,92.8263
Kneeling,122,Sitting,Lying,False,0.482,0.0,138.5264
Kneeling,123,Sitting,Lying,False,0.535,0.0,139.9009
Kneeling,124,Sitting,Lying,False,0.554,0.0,115.096
Kneeling,125,Sitting,Lying,False,0.591,0.0,106.6424
Kneeling,126,Sitting,Lying,False,0.633,0.0,117.5849
Kneeling,127,Sitting,Lying,False,0.66,0.0,126.6138
Kneeling,128,,Lying,,0.669,0.0,124.4814
Kneeling,129,,Lying,,0.7,0.0,121.4896
Kneeling,130,,Lying,,0.72,0.0,127.1426
Kneeling,131,,Lying,,0.756,0.0,124.8042
Kneeling,132,,Lying,,0.769,0.0,111.5766
Kneeling,133,,Lying,,0.788,0.0,106.0355
Kneeling,134,,Lying,,0.81,0.0,89.6646
Kneeling,135,,Lying,,0.816,0.0,85.1853
Kneeling,136,,Lying,,0.81,0.0,92.4393
Kneeling,137,,Lying,,0.785,0.0,90.7142
Kneeling,138,,Lying,,0.79,0.0,85.214
Kneeling,139,,Lying,,0.801,0.0,87.8172
Kneeling,140,,Lying,,0.799,0.0,96.3145
Kneeling,141,,Lying,,0.794,0.0,87.9259
Kneeling,142,,Lying,,0.799,0.0,87.0588
Kneeling,143,,Lying,,0.777,0.0,80.4781
Kneeling,144,,Lying,,0.759,0.0,83.4319
Kneeling,145,,Lying,,0.744,0.0,75.4133
Kneeling,146,,Lying,,0.721,0.0,88.623
Kneeling,147,,Lying,,0.702,0.0,107.3883
Kneeling,148,,Lying,,0.694,0.0,80.8537
Kneeling,149,,Lying,,0.659,0.0,85.0294
Kneeling,150,,Lying,,0.612,0.0,78.0182
Kneeling,151,,Lying,,0.577,0.0,100.1958
Kneeling,152,,Lying,,0.536,0.0,142.5932
Kneeling,153,,Lying,,0.489,0.0,111.9183
Kneeling,154,,Lying,,0.447,0.0,80.741
Kneeling,155,,Lying,,0.402,0.0,74.7455
Kneeling,156,Standing,Lying,False,0.359,0.0,76.2742
Kneeling,157,Standing,Unknown,False,0.324,0.0,67.5296
Kneeling,158,Standing,Unknown,False,0.323,0.0,77.3983
Kneeling,159,Standing,Unknown,False,0.323,0.0,70.4134
Kneeling,160,Standing,Unknown,False,0.318,0.0,69.6293
Kneeling,161,Standing,Unknown,False,0.306,0.0,64.1266
Kneeling,162,Standing,Standing,True,0.353,0.0,70.821
Kneeling,163,Standing,Standing,True,0.427,0.0,92.1975
Kneeling,164,Standing,Standing,True,0.515,0.0,96.4012
Kneeling,165,Standing,Standing,True,0.583,0.0,113.3221
Kneeling,166,Standing,Standing,True,0.653,0.0,120.1137
Kneeling,167,Standing,Standing,True,0.709,0.0,96.5217
Kneeling,168,Standing,Standing,True,0.748,0.0,92.2467
Kneeling,169,Standing,Standing,True,0.794,0.0,98.5403
Kneeling,170,Standing,Standing,True,0.831,0.0,104.0988
Kneeling,171,,Standing,,0.867,0.0,110.8677
Kneeling,172,,Standing,,0.883,0.0,122.6211
Kneeling,173,,Standing,,0.892,0.0,131.0164
Kneeling,174,,Standing,,0.907,0.0,145.5637
Kneeling,175,,Standing,,0.914,0.0,152.4872
Kneeling,176,,Standing,,0.944,0.0,113.3233
Kneeling,177,,Standing,,0.945,0.0,121.2306
Kneeling,178,,Standing,,0.957,0.0,111.6607
Kneeling,179,,Standing,,0.967,0.0,104.2527
Kneeling,180,,Standing,,0.974,0.0,115.4299
Kneeling,181,,Standing,,0.977,0.0,148.8155
Kneeling,182,,Standing,,0.98,0.0,121.7055
Kneeling,183,,Standing,,0.984,0.0,122.7304
Kneeling,184,,Standing,,0.985,0.0,113.7879
Kneeling,185,,Standing,,0.987,0.0,114.4162
Kneeling,186,,Standing,,0.985,0.0,122.4327
Kneeling,187,,Standing,,0.987,0.0,109.3583
Kneeling,188,,Standing,,0.989,0.0,117.445
Kneeling,189,,Standing,,0.989,0.0,144.8873
Kneeling,190,,Standing,,0.99,0.0,138.9823
LyingdownSlowly,31,,Standing,,0.988,0.0,129.0297
LyingdownSlowly,32,,Standing,,0.987,0.0,125.0364
LyingdownSlowly,33,,Standing,,0.986,0.0,115.8688
LyingdownSlowly,34,,Standing,,0.985,0.0,126.7761
LyingdownSlowly,35,,Standing,,0.983,0.0,123.5359
LyingdownSlowly,36,,Standing,,0.98,0.0,129.1753
LyingdownSlowly,37,,Standing,,0.975,0.0,125.4837
LyingdownSlowly,38,,Standing,,0.97,0.0,121.9609
LyingdownSlowly,39,,Standing,,0.964,0.0,111.8022
LyingdownSlowly,40,,Standing,,0.957,0.0,121.2516
LyingdownSlowly,41,,Standing,,0.95,0.0,108.7224
LyingdownSlowly,42,,Standing,,0.947,0.0,115.8734
LyingdownSlowly,43,,Standing,,0.942,0.0,118.6561
LyingdownSlowly,44,,Standing,,0.936,0.0,135.1073
LyingdownSlowly,45,,Standing,,0.926,0.0,124.3776
LyingdownSlowly,46,,Standing,,0.919,0.0,136.7859
LyingdownSlowly,47,,Standing,,0.903,0.0,121.7012
LyingdownSlowly,48,,Standing,,0.885,0.0,125.9798
LyingdownSlowly,49,,Standing,,0.857,0.0,116.7934
LyingdownSlowly,50,,Standing,,0.82,0.0,132.879
LyingdownSlowly,51,,Standing,,0.763,0.0,125.0812
LyingdownSlowly,52,,Standing,,0.687,0.0,122.8546
LyingdownSlowly,53,,Standing,,0.618,0.0,93.5111
LyingdownSlowly,54,,Standing,,0.524,0.0,101.7331
LyingdownSlowly,55,,Standing,,0.468,0.0,116.6071
LyingdownSlowly,56,,Sitting,,0.476,0.0,104.4812
LyingdownSlowly,57,,Sitting,,0.562,0.0,107.0691
LyingdownSlowly,58,,Sitting,,0.63,0.0,100.3677
LyingdownSlowly,59,,Sitting,,0.704,0.0,158.5428
LyingdownSlowly,60,,Sitting,,0.766,0.0,103.0569
LyingdownSlowly,61,,Sitting,,0.762,0.0,108.1274
LyingdownSlowly,62,,Sitting,,0.765,0.0,90.1207
LyingdownSlowly,63,,Sitting,,0.742,0.0,98.0932
LyingdownSlowly,64,,Sitting,,0.754,0.0,98.8622
LyingdownSlowly,65,,Sitting,,0.74,0.0,98.1741
LyingdownSlowly,66,,Sitting,,0.727,0.0,99.7875
LyingdownSlowly,67,,Sitting,,0.731,0.0,87.4476
LyingdownSlowly,68,,Sitting,,0.752,0.0,112.7731
LyingdownSlowly,69,,Sitting,,0.714,0.0,93.368
LyingdownSlowly,70,,Sitting,,0.693,0.0,93.8787
LyingdownSlowly,71,,Sitting,,0.69,0.0,102.2082
LyingdownSlowly,72,,Sitting,,0.625,0.0,103.0403
LyingdownSlowly,73,,Sitting,,0.63,0.0,90.7185
LyingdownSlowly,74,,Sitting,,0.573,0.0,109.5327
LyingdownSlowly,75,,Sitting,,0.608,0.0,94.4038
LyingdownSlowly,76,,Sitting,,0.601,0.0,90.0232
LyingdownSlowly,77,,Sitting,,0.581,0.0,111.0048
LyingdownSlowly,78,,Lying,,0.549,0.0,116.6246
LyingdownSlowly,79,,Lying,,0.534,0.0,90.3353
LyingdownSlowly,80,,Lying,,0.497,0.0,106.1196
LyingdownSlowly,81,,Sitting,,0.496,0.0,95.1525
LyingdownSlowly,82,,Sitting,,0.595,0.0,127.5862
LyingdownSlowly,83,,Lying,,0.551,0.0,143.6949
LyingdownSlowly,84,,Sitting,,0.524,0.0,105.6286
LyingdownSlowly,85,,Sitting,,0.544,0.0,91.6649
LyingdownSlowly,86,,Lying,,0.552,0.0,89.1554
LyingdownSlowly,87,,Sitting,,0.527,0.0,86.1134
LyingdownSlowly,88,,Lying,,0.542,0.0,88.8863
LyingdownSlowly,89,,Lying,,0.51,0.0,89.8193
LyingdownSlowly,90,,Sitting,,0.509,0.0,108.8782
LyingdownSlowly,91,,Lying,,0.498,0.0,93.3524
LyingdownSlowly,92,,Lying,,0.499,0.0,118.9862
LyingdownSlowly,93,,Lying,,0.521,0.0,112.4838
LyingdownSlowly,94,,Lying,,0.547,0.0,115.2991
LyingdownSlowly,95,,Lying,,0.598,0.0,121.3268
LyingdownSlowly,96,,Lying,,0.668,0.0,128.5558
LyingdownSlowly,97,,Lying,,0.77,0.0,141.2969
LyingdownSlowly,98,,Lying,,0.821,0.0,138.43
LyingdownSlowly,99,,Lying,,0.846,0.0,166.5285
LyingdownSlowly,100,,Lying,,0.872,0.0,137.4538
LyingdownSlowly,101,,Lying,,0.898,0.0,158.8387
LyingdownSlowly,102,,Lying,,0.905,0.0,124.0659
LyingdownSlowly,103,,Lying,,0.913,0.0,108.5462
LyingdownSlowly,104,,Lying,,0.927,0.0,165.8532
LyingdownSlowly,105,,Lying,,0.943,0.0,123.1893
LyingdownSlowly,106,,Lying,,0.945,0.0,125.3876
LyingdownSlowly,107,,Lying,,0.96,0.0,143.0794
LyingdownSlowly,108,,Lying,,0.974,0.0,144.7172
LyingdownSlowly,109,,Lying,,0.984,0.0,127.6805
LyingdownSlowly,110,,Lying,,0.988,0.0,115.5213
LyingdownSlowly,111,,Lying,,0.993,0.0,124.8315
LyingdownSlowly,112,,Lying,,0.992,0.0,130.5822
LyingdownSlowly,113,,Lying,,0.993,0.0,159.7275
LyingdownSlowly,114,,Lying,,0.994,0.0,131.4662
LyingdownSlowly,115,,Lying,,0.995,0.0,122.8245
LyingdownSlowly,116,,Lying,,0.996,0.0,115.8144
LyingdownSlowly,117,,Lying,,0.997,0.0,105.7931
LyingdownSlowly,118,Lying,Lying,True,0.997,0.0,119.5171
LyingdownSlowly,119,Lying,Lying,True,0.997,0.0,103.1215
LyingdownSlowly,120,Lying,Lying,True,0.997,0.0,124.5958
LyingdownSlowly,121,Lying,Lying,True,0.996,0.0,117.1574
LyingdownSlowly,122,Lying,Lying,True,0.996,0.0,121.4331
LyingdownSlowly,123,Lying,Lying,True,0.995,0.0,142.3132
LyingdownSlowly,124,Lying,Lying,True,0.994,0.0,131.8989
LyingdownSlowly,125,Lying,Lying,True,0.991,0.0,118.1812
LyingdownSlowly,126,Lying,Lying,True,0.989,0.0,102.9043
LyingdownSlowly,127,Lying,Lying,True,0.986,0.0,106.8463
LyingdownSlowly,128,Lying,Lying,True,0.982,0.0,105.5192
LyingdownSlowly,129,Lying,Lying,True,0.975,0.0,121.5087
LyingdownSlowly,130,Lying,Lying,True,0.967,0.0,124.023
LyingdownSlowly,131,Lying,Lying,True,0.955,0.0,157.0412
LyingdownSlowly,132,Lying,Lying,True,0.944,0.0,129.7673
LyingdownSlowly,133,Lying,Lying,True,0.91,0.0,114.945
LyingdownSlowly,134,Lying,Lying,True,0.876,0.0,128.1294
LyingdownSlowly,135,Lying,Lying,True,0.845,0.0,122.9401
LyingdownSlowly,136,Lying,Lying,True,0.787,0.0,121.9444
LyingdownSlowly,137,Lying,Lying,True,0.738,0.0,110.4164
LyingdownSlowly,138,Lying,Lying,True,0.697,0.0,111.6671
LyingdownSlowly,139,Lying,Lying,True,0.601,0.0,116.6501
LyingdownSlowly,140,Lying,Lying,True,0.641,0.0,106.335
LyingdownSlowly,141,Lying,Lying,True,0.695,0.0,110.7663
LyingdownSlowly,142,Lying,Lying,True,0.762,0.0,107.3653
LyingdownSlowly,143,Lying,Lying,True,0.841,0.0,117.3585
LyingdownSlowly,144,Lying,Lying,True,0.883,0.0,111.2825
LyingdownSlowly,145,Lying,Lying,True,0.902,0.0,105.7481
LyingdownSlowly,146,Lying,Lying,True,0.918,0.0,86.1893
LyingdownSlowly,147,Lying,Lying,True,0.929,0.0,88.3106
LyingdownSlowly,148,Lying,Lying,True,0.943,0.0,80.2981
LyingdownSlowly,149,Lying,Lying,True,0.938,0.0,72.2579
LyingdownSlowly,150,Lying,Lying,True,0.943,0.0,74.6949
LyingdownSlowly,151,Lying,Lying,True,0.95,0.0,85.5578
LyingdownSlowly,152,Lying,Lying,True,0.954,0.0,70.6409
LyingdownSlowly,153,Lying,Lying,True,0.956,0.0,66.5198
LyingdownSlowly,154,Lying,Lying,True,0.961,0.0,84.8557
LyingdownSlowly,155,Lying,Lying,True,0.963,0.0,72.808
LyingdownSlowly,156,Lying,Lying,True,0.965,0.0,66.9927
LyingdownSlowly,157,Lying,Lying,True,0.969,0.0,73.6459
LyingdownSlowly,158,Lying,Lying,True,0.974,0.0,77.5678
LyingdownSlowly,159,Lying,Lying,True,0.971,0.0,93.4849
LyingdownSlowly,160,Lying,Lying,True,0.973,0.0,78.3451
LyingdownSlowly,161,Lying,Lying,True,0.971,0.0,75.8099
LyingdownSlowly,162,Lying,Lying,True,0.975,0.0,91.4731
LyingdownSlowly,163,Lying,Lying,True,0.971,0.0,90.5932
LyingdownSlowly,164,Lying,Lying,True,0.968,0.0,94.1793
LyingdownSlowly,165,Lying,Lying,True,0.968,0.0,79.7845
LyingdownSlowly,166,Lying,Lying,True,0.964,0.0,81.8396
LyingdownSlowly,167,Lying,Lying,True,0.965,0.0,92.9969
LyingdownSlowly,168,Lying,Lying,True,0.965,0.0,77.4809
LyingdownSlowly,169,Lying,Lying,True,0.961,0.0,70.204
LyingdownSlowly,170,Lying,Lying,True,0.961,0.0,78.1509
LyingdownSlowly,171,Lying,Lying,True,0.963,0.0,73.3549
LyingdownSlowly,172,Lying,Lying,True,0.955,0.0,66.7729
LyingdownSlowly,173,Lying,Lying,True,0.951,0.0,79.3058
LyingdownSlowly,174,Lying,Lying,True,0.957,0.0,96.4424
LyingdownSlowly,175,Lying,Lying,True,0.963,0.0,101.3133
LyingdownSlowly,176,Lying,Lying,True,0.964,0.0,92.4784
LyingdownSlowly,177,Lying,Lying,True,0.96,0.0,76.2562
LyingdownSlowly,178,Lying,Lying,True,0.958,0.0,80.8989
LyingdownSlowly,179,Lying,Lying,True,0.957,0.0,74.4437
LyingdownSlowly,180,Lying,Lying,True,0.957,0.0,70.5465
LyingdownSlowly,181,Lying,Lying,True,0.966,0.0,65.8183
LyingdownSlowly,182,Lying,Lying,True,0.971,0.0,66.3878
LyingdownSlowly,183,Lying,Lying,True,0.971,0.0,66.432
LyingdownSlowly,184,Lying,Lying,True,0.976,0.0,75.1108
LyingdownSlowly,185,Lying,Lying,True,0.971,0.0,63.7203
LyingdownSlowly,186,Lying,Lying,True,0.962,0.0,64.1724
LyingdownSlowly,187,Lying,Lying,True,0.97,0.0,64.484
LyingdownSlowly,188,Lying,Lying,True,0.969,0.0,63.4734
LyingdownSlowly,189,Lying,Lying,True,0.972,0.0,68.8755
LyingdownSlowly,190,Lying,Lying,True,0.975,0.0,66.21
LyingdownSlowly,191,Lying,Lying,True,0.971,0.0,70.8279
LyingdownSlowly,192,Lying,Lying,True,0.972,0.0,66.3678
LyingdownSlowly,193,Lying,Lying,True,0.974,0.0,67.9747
LyingdownSlowly,194,Lying,Lying,True,0.976,0.0,64.0094
LyingdownSlowly,195,Lying,Lying,True,0.973,0.0,76.6575
LyingdownSlowly,196,Lying,Lying,True,0.964,0.0,74.9191
LyingdownSlowly,197,Lying,Lying,True,0.971,0.0,96.0846
LyingdownSlowly,198,Lying,Lying,True,0.973,0.0,81.0136
LyingdownSlowly,199,Lying,Lying,True,0.976,0.0,69.994
LyingdownSlowly,200,Lying,Lying,True,0.975,0.0,97.0451
LyingdownSlowly,201,Lying,Lying,True,0.976,0.0,84.0607
LyingdownSlowly,202,Lying,Lying,True,0.978,0.0,114.3525
LyingdownSlowly,203,Lying,Lying,True,0.979,0.0,118.5713
LyingdownSlowly,204,Lying,Lying,True,0.977,0.0,111.4721
LyingdownSlowly,205,Lying,Lying,True,0.978,0.0,87.3094
LyingdownSlowly,206,Lying,Lying,True,0.979,0.0,114.0656
LyingdownSlowly,207,Lying,Lying,True,0.977,0.0,124.1925
LyingdownSlowly,208,Lying,Lying,True,0.973,0.0,107.9812
LyingdownSlowly,209,Lying,Lying,True,0.976,0.0,112.4046
LyingdownSlowly,210,Lying,Lying,True,0.976,0.0,103.7875
LyingdownSlowly,211,Lying,Lying,True,0.97,0.0,107.5981
LyingdownSlowly,212,Lying,Lying,True,0.97,0.0,117.7975
LyingdownSlowly,213,Lying,Lying,True,0.975,0.0,116.6826
LyingdownSlowly,214,Lying,Lying,True,0.974,0.0,164.3701
LyingdownSlowly,215,Lying,Lying,True,0.974,0.0,138.7414
LyingdownSlowly,216,Lying,Lying,True,0.974,0.0,123.5506
LyingdownSlowly,217,Lying,Lying,True,0.976,0.0,161.1637
LyingdownSlowly,218,Lying,Lying,True,0.973,0.0,159.8535
LyingdownSlowly,219,Lying,Lying,True,0.969,0.0,172.7814
LyingdownSlowly,220,Lying,Lying,True,0.971,0.0,145.3111
LyingdownSlowly,221,Lying,Lying,True,0.973,0.0,137.5642
LyingdownSlowly,222,Lying,Lying,True,0.975,0.0,142.0008
LyingdownSlowly,223,Lying,Lying,True,0.973,0.0,152.8705
LyingdownSlowly,224,Lying,Lying,True,0.971,0.0,138.3596
LyingdownSlowly,225,Lying,Lying,True,0.982,0.0,136.6231
LyingdownSlowly,226,Lying,Lying,True,0.981,0.0,124.0379
LyingdownSlowly,227,Lying,Lying,True,0.97,0.0,132.9948
LyingdownSlowly,228,Lying,Lying,True,0.974,0.0,130.5642
LyingdownSlowly,229,Lying,Lying,True,0.977,0.0,115.3565
LyingdownSlowly,230,Lying,Lying,True,0.98,0.0,115.8878
LyingdownSlowly,231,Lying,Lying,True,0.973,0.0,100.2261
LyingdownSlowly,232,Lying,Lying,True,0.965,0.0,104.8234
LyingdownSlowly,233,Lying,Lying,True,0.97,0.0,106.3861
LyingdownSlowly,234,Lying,Lying,True,0.971,0.0,100.7823
LyingdownSlowly,235,Lying,Lying,True,0.971,0.0,94.4498
LyingdownSlowly,236,,Lying,,0.966,0.0,98.1412
LyingdownSlowly,237,,Lying,,0.973,0.0,95.0801
LyingdownSlowly,238,,Lying,,0.977,0.0,97.3987
LyingdownSlowly,239,,Lying,,0.976,0.0,99.5685
LyingdownSlowly,240,,Lying,,0.978,0.0,96.2715
LyingdownSlowly,241,,Lying,,0.978,0.0,99.3261
LyingdownSlowly,242,,Lying,,0.973,0.0,99.2143
LyingdownSlowly,243,,Lying,,0.973,0.0,139.2747
LyingdownSlowly,244,,Lying,,0.98,0.0,123.2524
LyingdownSlowly,245,,Lying,,0.978,0.0,136.5191
LyingdownSlowly,246,,Lying,,0.978,0.0,132.5857
LyingdownSlowly,247,,Lying,,0.981,0.0,134.7508
LyingdownSlowly,248,,Lying,,0.979,0.0,114.4728
LyingdownSlowly,249,,Lying,,0.984,0.0,99.8521
LyingdownSlowly,250,,Lying,,0.985,0.0,108.2073
LyingdownSlowly,251,,Lying,,0.987,0.0,95.5113
LyingdownSlowly,252,,Lying,,0.987,0.0,106.3438
LyingdownSlowly,253,,Lying,,0.987,0.0,100.3336
LyingdownSlowly,254,,Lying,,0.99,0.0,102.9299
LyingdownSlowly,255,,Lying,,0.991,0.0,100.3013
LyingdownSlowly,256,,Lying,,0.992,0.0,96.3392
LyingdownSlowly,257,,Lying,,0.991,0.0,93.7543
LyingdownSlowly,258,,Lying,,0.992,0.0,94.7362
LyingdownSlowly,259,,Lying,,0.993,0.0,110.0298
LyingdownSlowly,260,,Lying,,0.991,0.0,87.7911
LyingdownSlowly,261,,Lying,,0.99,0.0,85.5995
LyingdownSlowly,262,,Lying,,0.99,0.0,82.8109
LyingdownSlowly,263,,Lying,,0.99,0.0,82.1732
LyingdownSlowly,264,,Lying,,0.99,0.0,83.1839
LyingdownSlowly,265,,Lying,,0.99,0.0,98.3428
LyingdownSlowly,266,,Lying,,0.99,0.0,113.0096
LyingdownSlowly,267,,Lying,,0.99,0.0,104.0709
LyingdownSlowly,268,,Lying,,0.988,0.0,89.3489
LyingdownSlowly,269,,Lying,,0.988,0.0,104.1225
LyingdownSlowly,270,,Lying,,0.987,0.0,75.1135
LyingdownSlowly,271,,Lying,,0.986,0.0,88.6149
LyingdownSlowly,272,,Lying,,0.985,0.0,117.6196
LyingdownSlowly,273,,Lying,,0.985,0.0,144.6974
LyingdownSlowly,274,,Lying,,0.985,0.0,84.8224
LyingdownSlowly,275,,Lying,,0.986,0.0,79.0464
LyingdownSlowly,276,,Lying,,0.986,0.0,84.4695
LyingdownSlowly,277,,Lying,,0.985,0.0,85.3447
LyingdownSlowly,278,,Lying,,0.985,0.0,78.4871
LyingdownSlowly,279,,Lying,,0.984,0.0,73.0997
LyingdownSlowly,280,,Lying,,0.983,0.0,73.8113
LyingdownSlowly,281,,Lying,,0.981,0.0,76.9866
LyingdownSlowly,282,,Lying,,0.979,0.0,76.3969
LyingdownSlowly,283,,Lying,,0.975,0.0,81.2227
LyingdownSlowly,284,,Lying,,0.967,0.0,86.6704
LyingdownSlowly,285,,Lying,,0.964,0.0,87.8789
LyingdownSlowly,286,,Lying,,0.966,0.0,77.5702
LyingdownSlowly,287,,Lying,,0.958,0.0,87.5819
LyingdownSlowly,288,,Lying,,0.951,0.0,78.9128
LyingdownSlowly,289,,Lying,,0.919,0.0,78.754
LyingdownSlowly,290,,Lying,,0.917,0.0,81.8469
LyingdownSlowly,291,,Lying,,0.918,0.0,74.7806
LyingdownSlowly,292,,Lying,,0.915,0.0,77.717
LyingdownSlowly,293,,Lying,,0.923,0.0,72.685
LyingdownSlowly,294,,Lying,,0.939,0.0,88.6981
LyingdownSlowly,295,,Lying,,0.941,0.0,88.1301
LyingdownSlowly,296,,Lying,,0.95,0.0,87.0819
LyingdownSlowly,297,,Lying,,0.954,0.0,119.9185
LyingdownSlowly,298,,Lying,,0.962,0.0,100.5352
LyingdownSlowly,299,,Lying,,0.97,0.0,115.2433
LyingdownSlowly,300,,Lying,,0.976,0.0,120.4159
LyingdownSlowly,301,,Lying,,0.979,0.0,110.1175
LyingdownSlowly,302,,Lying,,0.975,0.0,115.9623
LyingdownSlowly,303,,Lying,,0.969,0.0,118.7366
LyingdownSlowly,304,,Lying,,0.965,0.0,97.4242
LyingdownSlowly,305,,Lying,,0.966,0.0,102.8849
LyingdownSlowly,306,,Lying,,0.962,0.0,103.2271
LyingdownSlowly,307,,Lying,,0.959,0.0,148.0495
LyingdownSlowly,308,,Lying,,0.951,0.0,124.665
LyingdownSlowly,309,,Lying,,0.947,0.0,143.5368
LyingdownSlowly,310,,Lying,,0.943,0.0,138.913
LyingdownSlowly,311,,Lying,,0.938,0.0,193.8388
LyingdownSlowly,312,,Lying,,0.932,0.0,193.9543
LyingdownSlowly,313,,Lying,,0.917,0.0,169.8314
LyingdownSlowly,314,,Lying,,0.899,0.0,143.231
LyingdownSlowly,315,,Lying,,0.89,0.0,142.0391
LyingdownSlowly,316,,Lying,,0.882,0.0,149.2403
LyingdownSlowly,317,,Lying,,0.868,0.0,135.8989
LyingdownSlowly,318,,Lying,,0.869,0.0,133.2156
LyingdownSlowly,319,,Lying,,0.868,0.0,134.4378
LyingdownSlowly,320,,Lying,,0.879,0.0,132.0937
LyingdownSlowly,321,,Lying,,0.89,0.0,118.6126
LyingdownSlowly,322,,Lying,,0.881,0.0,115.3075
LyingdownSlowly,323,,Lying,,0.874,0.0,117.9915
LyingdownSlowly,324,,Lying,,0.862,0.0,115.6319
LyingdownSlowly,325,,Lying,,0.838,0.0,120.5453
LyingdownSlowly,326,,Lying,,0.844,0.0,116.2165
LyingdownSlowly,327,,Lying,,0.833,0.0,114.2476
LyingdownSlowly,328,,Lying,,0.842,0.0,119.0209
LyingdownSlowly,329,,Lying,,0.837,0.0,148.7956
LyingdownSlowly,330,,Lying,,0.79,0.0,128.1319
LyingdownSlowly,331,,Lying,,0.745,0.0,119.1907
LyingdownSlowly,332,,Lying,,0.669,0.0,113.4164
LyingdownSlowly,333,,Lying,,0.558,0.0,145.8859
LyingdownSlowly,334,,Lying,,0.502,0.0,122.0256
LyingdownSlowly,335,,Lying,,0.666,0.0,136.3102
LyingdownSlowly,336,,Lying,,0.762,0.0,173.9749
LyingdownSlowly,337,,Lying,,0.936,0.0,121.4713
LyingdownSlowly,338,,Lying,,0.966,0.0,194.557
LyingdownSlowly,339,,Lying,,0.956,0.0,148.424
LyingdownSlowly,340,,Lying,,0.964,0.0,120.4468
LyingdownSlowly,341,,Lying,,0.982,0.0,147.2167
LyingdownSlowly,342,,Lying,,0.982,0.0,152.178
LyingdownSlowly,343,,Lying,,0.982,0.0,128.6842
LyingdownSlowly,344,,Lying,,0.974,0.0,137.1711
LyingdownSlowly,345,,Lying,,0.971,0.0,130.8147
LyingdownSlowly,346,,Lying,,0.933,0.0,133.292
LyingdownSlowly,347,,Lying,,0.889,0.0,133.4611
LyingdownSlowly,348,,Lying,,0.819,0.0,130.974
LyingdownSlowly,349,,Lying,,0.701,0.0,166.4105
LyingdownSlowly,350,,Lying,,0.574,0.0,139.3718
LyingdownSlowly,351,,Sitting,,0.496,0.0,146.1451
LyingdownSlowly,352,,Sitting,,0.537,0.0,145.5856
LyingdownSlowly,353,,Sitting,,0.644,0.0,126.2713
LyingdownSlowly,354,,Sitting,,0.634,0.0,149.2444
LyingdownSlowly,355,,Sitting,,0.669,0.0,209.3448
LyingdownSlowly,356,,Sitting,,0.684,0.0,210.8099
LyingdownSlowly,357,,Sitting,,0.656,0.0,170.13
LyingdownSlowly,358,,Sitting,,0.673,0.0,169.3265
LyingdownSlowly,359,,Sitting,,0.59,0.0,147.7598
LyingdownSlowly,360,,Sitting,,0.537,0.0,144.1368
LyingdownSlowly,361,,Sitting,,0.489,0.0,150.3321
LyingdownSlowly,362,,Standing,,0.596,0.0,144.0417
LyingdownSlowly,363,,Standing,,0.665,0.0,128.2243
LyingdownSlowly,364,,Standing,,0.715,0.0,140.5399
LyingdownSlowly,365,,Standing,,0.766,0.0,139.0945
LyingdownSlowly,366,,Standing,,0.838,0.0,138.8329
LyingdownSlowly,367,,Standing,,0.889,0.0,151.6773
LyingdownSlowly,368,,Standing,,0.908,0.0,141.5794
LyingdownSlowly,369,,Standing,,0.943,0.0,145.557
LyingdownSlowly,370,,Standing,,0.957,0.0,181.2091
LyingdownSlowly,371,,Standing,,0.967,0.0,139.2348
LyingdownSlowly,372,,Standing,,0.976,0.0,162.9717
LyingdownSlowly,373,,Standing,,0.979,0.0,150.9695
LyingdownSlowly,374,,Standing,,0.985,0.0,122.6711
LyingdownSlowly,375,,Standing,,0.987,0.0,124.1057
LyingdownSlowly,376,,Standing,,0.991,0.0,114.6122
LyingdownSlowly,377,,Standing,,0.993,0.0,109.0333
LyingdownSlowly,378,,Standing,,0.994,0.0,130.9006
LyingdownSlowly,379,,Standing,,0.994,0.0,105.6652
LyingdownSlowly,380,,Standing,,0.995,0.0,103.2167
LyingdownSlowly,381,,Standing,,0.996,0.0,105.8743
Moving_in_out_frame,31,Standing,Standing,True,0.998,0.0,117.4685
Moving_in_out_frame,32,Standing,Standing,True,0.997,0.0,101.7783
Moving_in_out_frame,33,Standing,Standing,True,0.997,0.0,126.5825
Moving_in_out_frame,34,Standing,Standing,True,0.997,0.0,125.3239
Moving_in_out_frame,35,Standing,Standing,True,0.997,0.0,98.0569
Moving_in_out_frame,36,Standing,Standing,True,0.997,0.0,96.1763
Moving_in_out_frame,37,Standing,Standing,True,0.996,0.0,111.6717
Moving_in_out_frame,38,Standing,Standing,True,0.996,0.0,113.1519
Moving_in_out_frame,39,Standing,Standing,True,0.996,0.0,116.8316
Moving_in_out_frame,40,Standing,Standing,True,0.996,0.0,107.3998
Moving_in_out_frame,41,Standing,Standing,True,0.996,0.0,104.1995
Moving_in_out_frame,42,Standing,Standing,True,0.996,0.0,92.4061
Moving_in_out_frame,43,Standing,Standing,True,0.996,0.0,113.4519
Moving_in_out_frame,44,Standing,Standing,True,0.996,0.0,116.9702
Moving_in_out_frame,45,Standing,Standing,True,0.996,0.0,102.5418
Moving_in_out_frame,46,Standing,Standing,True,0.996,0.0,105.2069
Moving_in_out_frame,47,Standing,Standing,True,0.996,0.0,116.9984
Moving_in_out_frame,48,Standing,Standing,True,0.996,0.0,104.117
Moving_in_out_frame,49,Standing,Standing,True,0.996,0.0,107.2816
Moving_in_out_frame,50,Standing,Standing,True,0.996,0.0,89.612
Moving_in_out_frame,51,Standing,Standing,True,0.995,0.0,93.3119
Moving_in_out_frame,52,Standing,Standing,True,0.995,0.0,89.2297
Moving_in_out_frame,53,Standing,Standing,True,0.995,0.0,89.6696
Moving_in_out_frame,54,Standing,Standing,True,0.994,0.0,113.7219
Moving_in_out_frame,55,Standing,Standing,True,0.994,0.0,100.2941
Moving_in_out_frame,56,Standing,Standing,True,0.995,0.0,104.7718
Moving_in_out_frame,57,Standing,Standing,True,0.995,0.0,146.7885
Moving_in_out_frame,58,Standing,Standing,True,0.995,0.0,147.3544
Moving_in_out_frame,59,Not in frame,Standing,False,0.995,0.0,111.7108
Moving_in_out_frame,60,Not in frame,Standing,False,0.996,0.0,117.7195
Moving_in_out_frame,61,Not in frame,Standing,False,0.996,0.0,115.4459
Moving_in_out_frame,62,Not in frame,Standing,False,0.996,0.0,115.1976
Moving_in_out_frame,63,Not in frame,Standing,False,0.996,0.0,126.352
Moving_in_out_frame,64,Not in frame,Standing,False,0.997,0.0,146.5252
Moving_in_out_frame,65,Not in frame,Standing,False,0.997,0.0,189.8793
Moving_in_out_frame,66,Not in frame,Standing,False,0.997,0.0,155.5115
Moving_in_out_frame,67,Not in frame,Standing,False,0.997,0.0,129.8415
Moving_in_out_frame,68,Not in frame,Standing,False,0.997,0.0,133.9047
Moving_in_out_frame,69,Not in frame,Standing,False,0.998,0.0,124.9674
Moving_in_out_frame,70,Not in frame,Standing,False,0.998,0.0,114.7416
Moving_in_out_frame,71,Not in frame,Standing,False,0.997,1.0,151.8118
Moving_in_out_frame,72,Not in frame,Standing,False,0.997,1.0,115.3066
Moving_in_out_frame,73,Not in frame,Standing,False,0.997,1.0,119.3231
Moving_in_out_frame,74,Not in frame,Standing,False,0.997,1.0,106.9598
Moving_in_out_frame,75,Not in frame,Standing,False,0.996,1.0,108.6823
Moving_in_out_frame,76,Not in frame,Standing,False,0.995,0.0,128.5688
Moving_in_out_frame,77,Not in frame,Standing,False,0.992,0.0,131.4095
Moving_in_out_frame,78,Not in frame,Standing,False,0.986,0.0,399.1844
Moving_in_out_frame,79,Not in frame,Standing,False,0.977,0.0,130.1791
Moving_in_out_frame,80,Not in frame,Standing,False,0.952,0.0,132.4292
Moving_in_out_frame,81,Not in frame,Standing,False,0.908,0.0,152.1953
Moving_in_out_frame,82,Not in frame,Standing,False,0.835,0.0,189.5618
Moving_in_out_frame,83,Not in frame,Standing,False,0.706,0.0,144.3371
Moving_in_out_frame,84,Not in frame,Standing,False,0.498,0.0,145.2699
Moving_in_out_frame,85,Not in frame,Lying,False,0.598,0.0,140.9335
Moving_in_out_frame,86,Not in frame,Lying,False,0.766,0.0,140.7762
Moving_in_out_frame,87,Not in frame,Lying,False,0.846,0.0,162.1069
Moving_in_out_frame,88,Not in frame,Lying,False,0.91,0.0,141.2048
Moving_in_out_frame,89,Not in frame,Lying,False,0.94,0.0,134.7295
Moving_in_out_frame,90,Not in frame,Lying,False,0.955,0.0,137.987
Moving_in_out_frame,91,Not in frame,Lying,False,0.964,0.0,131.6472
Moving_in_out_frame,92,Not in frame,Lying,False,0.973,0.0,159.9081
Moving_in_out_frame,93,Not in frame,Lying,False,0.978,0.0,174.0209
Moving_in_out_frame,94,Not in frame,Lying,False,0.982,0.0,121.3526
Moving_in_out_frame,95,Not in frame,Lying,False,0.987,0.0,138.6476
Moving_in_out_frame,96,Not in frame,Lying,False,0.99,0.0,118.1235
Moving_in_out_frame,97,Not in frame,Lying,False,0.99,0.0,149.7913
Moving_in_out_frame,98,Not in frame,Lying,False,0.992,0.0,125.3685
Moving_in_out_frame,99,Not in frame,Lying,False,0.993,0.0,107.5605
Moving_in_out_frame,100,Not in frame,Lying,False,0.992,0.0,98.2847
Moving_in_out_frame,101,Not in frame,Lying,False,0.989,0.0,97.2864
Moving_in_out_frame,102,Not in frame,Lying,False,0.988,0.0,113.5778
Moving_in_out_frame,103,Not in frame,Lying,False,0.985,0.0,94.5842
Moving_in_out_frame,104,Not in frame,Lying,False,0.986,0.0,83.9527
Moving_in_out_frame,105,Not in frame,Lying,False,0.991,0.0,87.8773
Moving_in_out_frame,106,Not in frame,Lying,False,0.991,0.0,81.887
Moving_in_out_frame,107,Not in frame,Lying,False,0.994,0.0,79.9065
Moving_in_out_frame,108,Not in frame,Lying,False,0.995,0.0,87.8166
Moving_in_out_frame,109,Not in frame,Lying,False,0.992,0.0,88.7102
Moving_in_out_frame,110,Not in frame,Lying,False,0.988,0.0,80.7529
Moving_in_out_frame,111,Not in frame,Lying,False,0.994,0.0,78.7262
Moving_in_out_frame,112,Not in frame,Lying,False,0.996,0.0,85.2166
Moving_in_out_frame,113,Not in frame,Lying,False,0.993,0.0,111.4352
Moving_in_out_frame,114,Not in frame,Lying,False,0.991,0.0,113.2964
Moving_in_out_frame,115,Not in frame,Lying,False,0.991,0.0,99.0836
Moving_in_out_frame,116,Not in frame,Lying,False,0.99,0.0,105.0965
Moving_in_out_frame,117,Standing,Lying,False,0.991,0.0,118.0223
Moving_in_out_frame,118,Standing,Lying,False,0.986,0.0,103.7916
Moving_in_out_frame,119,Standing,Lying,False,0.984,0.0,107.5354
Moving_in_out_frame,120,Standing,Lying,False,0.993,0.0,99.5342
Moving_in_out_frame,121,Standing,Lying,False,0.994,0.0,111.6961
Moving_in_out_frame,122,Standing,Lying,False,0.991,0.0,116.664
Moving_in_out_frame,123,Standing,Lying,False,0.99,0.0,118.033
Moving_in_out_frame,124,Standing,Lying,False,0.996,0.0,102.6173
Moving_in_out_frame,125,Standing,Lying,False,0.988,0.0,115.3112
Moving_in_out_frame,126,Standing,Lying,False,0.987,0.0,99.6259
Moving_in_out_frame,127,Standing,Lying,False,0.996,0.0,94.3259
Moving_in_out_frame,128,Standing,Lying,False,0.994,0.0,91.1077
Moving_in_out_frame,129,Standing,Lying,False,0.994,0.0,106.8479
Moving_in_out_frame,130,Standing,Lying,False,0.995,0.0,128.5992
Moving_in_out_frame,131,Standing,Lying,False,0.995,0.0,123.8153
Moving_in_out_frame,132,Standing,Lying,False,0.994,0.0,113.6062
Moving_in_out_frame,133,Standing,Lying,False,0.995,0.0,106.9442
Moving_in_out_frame,134,Standing,Lying,False,0.995,0.0,99.6386
Moving_in_out_frame,135,Standing,Lying,False,0.995,0.0,95.6795
Moving_in_out_frame,136,Standing,Lying,False,0.993,0.0,106.2241
Moving_in_out_frame,137,Standing,Lying,False,0.99,0.0,103.7821
Moving_in_out_frame,138,Standing,Lying,False,0.989,0.0,109.9279
Moving_in_out_frame,139,Standing,Lying,False,0.988,0.0,96.572
Moving_in_out_frame,140,Standing,Lying,False,0.99,0.0,101.828
Moving_in_out_frame,141,Standing,Lying,False,0.99,0.0,83.1474
Moving_in_out_frame,142,Standing,Lying,False,0.986,0.0,83.2748
Moving_in_out_frame,143,Standing,Lying,False,0.991,0.0,92.6877
Moving_in_out_frame,144,Standing,Lying,False,0.989,0.0,87.443
Moving_in_out_frame,145,Standing,Lying,False,0.989,0.0,82.4992
Moving_in_out_frame,146,Standing,Lying,False,0.986,0.0,81.0693
Moving_in_out_frame,147,Standing,Lying,False,0.987,0.0,126.5926
Moving_in_out_frame,148,Standing,Lying,False,0.987,0.0,182.9504
Moving_in_out_frame,149,Standing,Lying,False,0.986,0.0,121.5411
Moving_in_out_frame,150,Standing,Lying,False,0.987,0.0,121.9617
Moving_in_out_frame,151,Standing,Lying,False,0.981,0.0,105.8968
Moving_in_out_frame,152,Standing,Lying,False,0.994,0.0,96.44
Moving_in_out_frame,153,Standing,Lying,False,0.992,0.0,97.8526
Moving_in_out_frame,154,Standing,Lying,False,0.982,0.0,84.8715
Moving_in_out_frame,155,Standing,Lying,False,0.98,0.0,83.0345
Moving_in_out_frame,156,Standing,Lying,False,0.983,0.0,81.0161
Moving_in_out_frame,157,Standing,Lying,False,0.982,0.0,81.1196
Moving_in_out_frame,158,Standing,Lying,False,0.982,0.0,102.7918
Moving_in_out_frame,159,Standing,Lying,False,0.98,0.0,89.4732
Moving_in_out_frame,160,Standing,Lying,False,0.977,0.0,126.3719
Moving_in_out_frame,161,Standing,Lying,False,0.972,0.0,102.6106
Moving_in_out_frame,162,Standing,Lying,False,0.971,0.0,94.6269
Moving_in_out_frame,163,Standing,Lying,False,0.974,0.0,90.2813
Moving_in_out_frame,164,Standing,Lying,False,0.97,0.0,125.0061
Moving_in_out_frame,165,Standing,Lying,False,0.978,0.0,91.0062
Moving_in_out_frame,166,Standing,Lying,False,0.976,0.0,97.1921
Moving_in_out_frame,167,Standing,Lying,False,0.975,1.0,99.7362
Moving_in_out_frame,168,Standing,Lying,False,0.976,0.0,109.5184
Moving_in_out_frame,169,Standing,Lying,False,0.977,0.0,102.0058
Moving_in_out_frame,170,Standing,Lying,False,0.985,0.0,99.5426
Moving_in_out_frame,171,Standing,Lying,False,0.985,0.0,123.2226
Moving_in_out_frame,172,Standing,Lying,False,0.978,0.0,173.5225
Moving_in_out_frame,173,Standing,Lying,False,0.981,0.0,154.0452
Moving_in_out_frame,174,Standing,Lying,False,0.982,0.0,130.6091
Moving_in_out_frame,175,Standing,Lying,False,0.979,0.0,84.2066
Moving_in_out_frame,176,Standing,Lying,False,0.983,0.0,89.9864
Moving_in_out_frame,177,Standing,Lying,False,0.978,0.0,93.5799
Moving_in_out_frame,178,Standing,Lying,False,0.971,0.0,88.6341
Moving_in_out_frame,179,Standing,Lying,False,0.979,0.0,95.6499
Moving_in_out_frame,180,Standing,Lying,False,0.982,0.0,105.5628
Moving_in_out_frame,181,Standing,Lying,False,0.961,0.0,103.7107
Moving_in_out_frame,182,Standing,Lying,False,0.967,0.0,95.8137
Moving_in_out_frame,183,Standing,Lying,False,0.955,0.0,81.2938
Moving_in_out_frame,184,Standing,Lying,False,0.959,0.0,78.4342
Moving_in_out_frame,185,Standing,Lying,False,0.967,0.0,80.4631
Moving_in_out_frame,186,Standing,Lying,False,0.931,0.0,85.1673
Moving_in_out_frame,187,Standing,Lying,False,0.897,0.0,77.6843
Moving_in_out_frame,188,Standing,Lying,False,0.838,0.0,82.7992
Moving_in_out_frame,189,Standing,Lying,False,0.8,0.0,84.2242
Moving_in_out_frame,190,Standing,Lying,False,0.628,0.0,83.4293
Moving_in_out_frame,191,Standing,Standing,True,0.493,0.0,81.5785
Moving_in_out_frame,192,Standing,Standing,True,0.675,0.0,80.2735
Moving_in_out_frame,193,Standing,Standing,True,0.91,0.0,75.1136
Moving_in_out_frame,194,Standing,Standing,True,0.982,0.0,88.7862
Moving_in_out_frame,195,Standing,Standing,True,0.983,0.0,92.0232
Moving_in_out_frame,196,Standing,Standing,True,0.997,0.0,89.6162
Moving_in_out_frame,197,Standing,Standing,True,0.998,0.0,112.5936
Moving_in_out_frame,198,Standing,Standing,True,0.998,0.0,114.3091
Moving_in_out_frame,199,Standing,Standing,True,0.998,0.0,79.5066
Moving_in_out_frame,200,Standing,Standing,True,0.998,0.0,81.5504
Moving_in_out_frame,201,Standing,Standing,True,0.998,0.0,88.3426
Moving_in_out_frame,202,Standing,Standing,True,0.998,0.0,84.1185
Moving_in_out_frame,203,Standing,Standing,True,0.998,0.0,79.078
Moving_in_out_frame,204,Standing,Standing,True,0.998,0.0,79.0016
Moving_in_out_frame,205,Standing,Standing,True,0.998,0.0,71.2103
Moving_in_out_frame,206,,Standing,,0.998,0.0,74.0422
Moving_in_out_frame,207,,Standing,,0.998,0.0,69.9025
Moving_in_out_frame,208,,Standing,,0.997,0.0,69.2583
Moving_in_out_frame,209,,Standing,,0.998,0.0,64.937
Moving_in_out_frame,210,,Standing,,0.998,0.0,75.2164
Moving_in_out_frame_withFall,31,Standing,Standing,True,0.986,1.0,87.657
Moving_in_out_frame_withFall,32,Standing,Standing,True,0.987,1.0,74.4131
Moving_in_out_frame_withFall,33,Standing,Standing,True,0.986,1.0,71.5281
Moving_in_out_frame_withFall,34,Standing,Standing,True,0.983,1.0,76.3343
Moving_in_out_frame_withFall,35,Standing,Standing,True,0.979,1.0,75.2152
Moving_in_out_frame_withFall,36,Standing,Standing,True,0.977,1.0,74.8345
Moving_in_out_frame_withFall,37,Standing,Standing,True,0.975,1.0,72.3787
Moving_in_out_frame_withFall,38,Standing,Standing,True,0.968,1.0,78.2856
Moving_in_out_frame_withFall,39,Standing,Standing,True,0.96,1.0,77.5398
Moving_in_out_frame_withFall,40,Standing,Standing,True,0.954,1.0,84.1771
Moving_in_out_frame_withFall,41,Standing,Standing,True,0.948,1.0,90.0398
Moving_in_out_frame_withFall,42,Standing,Standing,True,0.918,1.0,83.7877
Moving_in_out_frame_withFall,43,Standing,Standing,True,0.902,1.0,88.1408
Moving_in_out_frame_withFall,44,Standing,Standing,True,0.878,1.0,82.2872
Moving_in_out_frame_withFall,45,Standing,Standing,True,0.829,1.0,93.7423
Moving_in_out_frame_withFall,46,Standing,Standing,True,0.771,1.0,105.4864
Moving_in_out_frame_withFall,47,Standing,Standing,True,0.734,1.0,92.7053
Moving_in_out_frame_withFall,48,Standing,Standing,True,0.695,1.0,90.7319
Moving_in_out_frame_withFall,49,Standing,Standing,True,0.569,1.0,93.5808
Moving_in_out_frame_withFall,50,Not in frame,Standing,False,0.45,1.0,95.2661
Moving_in_out_frame_withFall,51,Not in frame,Lying,False,0.387,1.0,85.0918
Moving_in_out_frame_withFall,52,Not in frame,Lying,False,0.427,1.0,110.0607
Moving_in_out_frame_withFall,53,Not in frame,Lying,False,0.452,1.0,88.3039
Moving_in_out_frame_withFall,54,Not in frame,Lying,False,0.489,1.0,100.0275
Moving_in_out_frame_withFall,55,Not in frame,Lying,False,0.526,1.0,143.3988
Moving_in_out_frame_withFall,56,Not in frame,Lying,False,0.594,1.0,93.8537
Moving_in_out_frame_withFall,57,Not in frame,Lying,False,0.606,1.0,107.9865
Moving_in_out_frame_withFall,58,Not in frame,Lying,False,0.615,1.0,97.6126
Moving_in_out_frame_withFall,59,Not in frame,Lying,False,0.654,1.0,121.2673
Moving_in_out_frame_withFall,60,Not in frame,Lying,False,0.689,1.0,130.606
Moving_in_out_frame_withFall,61,Not in frame,Lying,False,0.689,1.0,116.9904
Moving_in_out_frame_withFall,62,Not in frame,Lying,False,0.689,1.0,123.8094
Moving_in_out_frame_withFall,63,Not in frame,Lying,False,0.689,1.0,117.154
Moving_in_out_frame_withFall,64,Not in frame,Lying,False,0.689,1.0,111.1451
Moving_in_out_frame_withFall,65,Not in frame,Lying,False,0.689,1.0,117.5112
Moving_in_out_frame_withFall,66,Not in frame,Lying,False,0.689,1.0,129.6257
Moving_in_out_frame_withFall,67,Not in frame,Lying,False,0.689,1.0,119.0706
Moving_in_out_frame_withFall,68,Not in frame,Lying,False,0.689,1.0,114.7482
Moving_in_out_frame_withFall,69,Not in frame,Lying,False,0.689,1.0,102.7464
Moving_in_out_frame_withFall,70,Not in frame,Lying,False,0.689,1.0,115.5711
Moving_in_out_frame_withFall,71,Not in frame,Lying,False,0.689,1.0,147.1433
Moving_in_out_frame_withFall,72,Not in frame,Lying,False,0.689,1.0,137.6503
Moving_in_out_frame_withFall,73,Not in frame,Lying,False,0.689,1.0,129.3691
Moving_in_out_frame_withFall,74,Not in frame,Lying,False,0.689,1.0,144.288
Moving_in_out_frame_withFall,75,Not in frame,Lying,False,0.689,1.0,148.1458
Moving_in_out_frame_withFall,76,Not in frame,Lying,False,0.689,1.0,145.8496
Moving_in_out_frame_withFall,77,Not in frame,Lying,False,0.689,1.0,162.3273
Moving_in_out_frame_withFall,78,Not in frame,Lying,False,0.689,1.0,143.3937
Moving_in_out_frame_withFall,79,Not in frame,Lying,False,0.689,1.0,142.7081
Moving_in_out_frame_withFall,80,Not in frame,Lying,False,0.689,1.0,139.7343
Moving_in_out_frame_withFall,81,Not in frame,Lying,False,0.689,1.0,146.8148
Moving_in_out_frame_withFall,82,Not in frame,Lying,False,0.689,1.0,140.0366
Moving_in_out_frame_withFall,83,Not in frame,Lying,False,0.689,1.0,159.6325
Moving_in_out_frame_withFall,84,Not in frame,Lying,False,0.689,1.0,143.2218
Moving_in_out_frame_withFall,85,Not in frame,Lying,False,0.689,1.0,154.2035
Moving_in_out_frame_withFall,86,,Lying,,0.689,1.0,158.148
Moving_in_out_frame_withFall,87,,Lying,,0.689,1.0,152.9683
Moving_in_out_frame_withFall,88,Standing,Lying,False,0.689,1.0,176.5392
Moving_in_out_frame_withFall,89,Standing,Lying,False,0.689,1.0,189.1477
Moving_in_out_frame_withFall,90,Standing,Lying,False,0.689,1.0,167.8113
Moving_in_out_frame_withFall,91,Standing,Lying,False,0.689,1.0,141.5246
Moving_in_out_frame_withFall,92,Standing,Lying,False,0.689,1.0,127.6829
Moving_in_out_frame_withFall,93,Standing,Lying,False,0.689,1.0,138.79
Moving_in_out_frame_withFall,94,Standing,Lying,False,0.689,1.0,139.6739
Moving_in_out_frame_withFall,95,Standing,Lying,False,0.689,1.0,153.5487
Moving_in_out_frame_withFall,96,Standing,Lying,False,0.689,1.0,134.9383
Moving_in_out_frame_withFall,97,Standing,Lying,False,0.689,1.0,144.3623
Moving_in_out_frame_withFall,98,Standing,Lying,False,0.689,1.0,126.3494
Moving_in_out_frame_withFall,99,Standing,Lying,False,0.689,1.0,109.0711
Moving_in_out_frame_withFall,100,Standing,Lying,False,0.689,1.0,106.7136
Moving_in_out_frame_withFall,101,Standing,Lying,False,0.689,1.0,105.4091
Moving_in_out_frame_withFall,102,Standing,Lying,False,0.689,1.0,116.4023
Moving_in_out_frame_withFall,103,Standing,Lying,False,0.689,1.0,108.6126
Moving_in_out_frame_withFall,104,Standing,Lying,False,0.686,0.0,102.4092
Moving_in_out_frame_withFall,105,Standing,Lying,False,0.683,0.0,100.9637
Moving_in_out_frame_withFall,106,Standing,Lying,False,0.678,0.0,92.2284
Moving_in_out_frame_withFall,107,Standing,Lying,False,0.67,0.0,131.5739
Moving_in_out_frame_withFall,108,Standing,Lying,False,0.662,0.0,103.9693
Moving_in_out_frame_withFall,109,,Lying,,0.647,0.0,120.0994
Moving_in_out_frame_withFall,110,,Lying,,0.626,0.0,120.7561
Moving_in_out_frame_withFall,111,,Lying,,0.6,0.0,101.3927
Moving_in_out_frame_withFall,112,,Lying,,0.572,0.0,88.955
Moving_in_out_frame_withFall,113,,Lying,,0.535,0.0,99.6356
Moving_in_out_frame_withFall,114,,Lying,,0.495,0.0,83.6364
Moving_in_out_frame_withFall,115,,Lying,,0.446,0.0,87.8515
Moving_in_out_frame_withFall,116,,Standing,,0.485,0.0,92.706
Moving_in_out_frame_withFall,117,,Standing,,0.561,0.0,95.9765
Moving_in_out_frame_withFall,118,,Standing,,0.636,0.0,102.5428
Moving_in_out_frame_withFall,119,,Standing,,0.7,0.0,123.9247
Moving_in_out_frame_withFall,120,,Standing,,0.748,0.0,120.311
Moving_in_out_frame_withFall,121,,Standing,,0.786,0.0,104.4326
Moving_in_out_frame_withFall,122,,Standing,,0.82,0.0,101.3455
Moving_in_out_frame_withFall,123,,Standing,,0.848,0.0,141.0282
Moving_in_out_frame_withFall,124,,Standing,,0.876,0.0,144.3181
Moving_in_out_frame_withFall,125,,Standing,,0.901,0.0,134.6047
Moving_in_out_frame_withFall,126,,Standing,,0.921,0.0,111.0146
Moving_in_out_frame_withFall,127,,Standing,,0.936,0.0,117.5265
Moving_in_out_frame_withFall,128,,Standing,,0.948,0.0,107.8279
Moving_in_out_frame_withFall,129,,Standing,,0.96,0.0,111.2685
Moving_in_out_frame_withFall,130,,Standing,,0.968,0.0,115.7778
Moving_in_out_frame_withFall,131,,Standing,,0.968,0.0,110.1271
Moving_in_out_frame_withFall,132,,Standing,,0.971,0.0,113.9392
Moving_in_out_frame_withFall,133,,Standing,,0.972,0.0,106.5738
Moving_in_out_frame_withFall,134,,Standing,,0.965,0.0,135.9205
Moving_in_out_frame_withFall,135,,Standing,,0.945,0.0,143.2424
Moving_in_out_frame_withFall,136,,Standing,,0.922,0.0,135.8134
Moving_in_out_frame_withFall,137,,Standing,,0.893,0.0,124.8696
Moving_in_out_frame_withFall,138,,Standing,,0.833,0.0,106.9544
Moving_in_out_frame_withFall,139,,Standing,,0.742,0.0,108.3194
Moving_in_out_frame_withFall,140,,Standing,,0.632,0.0,114.3514
Moving_in_out_frame_withFall,141,,Standing,,0.52,0.0,103.6875
Moving_in_out_frame_withFall,142,,Lying,,0.428,0.0,134.3599
Moving_in_out_frame_withFall,143,,Lying,,0.521,0.0,135.0674
Moving_in_out_frame_withFall,144,,Lying,,0.55,0.0,135.8302
Moving_in_out_frame_withFall,145,,Lying,,0.561,0.0,109.2316
Moving_in_out_frame_withFall,146,Lying,Lying,True,0.522,0.0,136.2727
Moving_in_out_frame_withFall,147,Lying,Lying,True,0.487,0.0,114.0293
Moving_in_out_frame_withFall,148,Lying,Lying,True,0.613,0.0,125.5837
Moving_in_out_frame_withFall,149,Lying,Lying,True,0.656,1.0,108.4575
Moving_in_out_frame_withFall,150,Lying,Lying,True,0.768,0.0,123.2769
Moving_in_out_frame_withFall,151,Lying,Lying,True,0.835,0.0,122.4857
Moving_in_out_frame_withFall,152,Lying,Lying,True,0.88,0.0,119.1623
Moving_in_out_frame_withFall,153,Lying,Lying,True,0.903,0.0,122.9041
Moving_in_out_frame_withFall,154,Lying,Lying,True,0.946,0.0,140.4425
Moving_in_out_frame_withFall,155,Lying,Lying,True,0.977,0.0,128.4992
Moving_in_out_frame_withFall,156,Lying,Lying,True,0.984,0.0,122.2004
Moving_in_out_frame_withFall,157,Lying,Lying,True,0.986,0.0,115.758
Moving_in_out_frame_withFall,158,Lying,Lying,True,0.991,0.0,129.8899
Moving_in_out_frame_withFall,159,Lying,Lying,True,0.991,0.0,117.2556
Moving_in_out_frame_withFall,160,Lying,Lying,True,0.994,0.0,131.5359
Moving_in_out_frame_withFall,161,Lying,Lying,True,0.996,1.0,112.7557
Moving_in_out_frame_withFall,162,Lying,Lying,True,0.999,1.0,110.7672
Moving_in_out_frame_withFall,163,Lying,Lying,True,0.999,1.0,107.2573
Moving_in_out_frame_withFall,164,Lying,Lying,True,0.999,1.0,119.576
Moving_in_out_frame_withFall,165,Lying,Lying,True,0.998,1.0,112.7315
Moving_in_out_frame_withFall,166,Lying,Lying,True,0.997,0.0,176.0921
Moving_in_out_frame_withFall,167,Lying,Lying,True,0.995,0.0,131.2819
Moving_in_out_frame_withFall,168,Lying,Lying,True,0.993,1.0,139.1664
Moving_in_out_frame_withFall,169,Lying,Lying,True,0.991,1.0,162.2429
Moving_in_out_frame_withFall,170,Lying,Lying,True,0.99,1.0,235.2158
Moving_in_out_frame_withFall,171,Lying,Lying,True,0.987,1.0,202.8862
Moving_in_out_frame_withFall,172,Lying,Lying,True,0.983,1.0,147.4932
Moving_in_out_frame_withFall,173,Lying,Lying,True,0.977,1.0,170.8056
Moving_in_out_frame_withFall,174,Lying,Lying,True,0.957,0.0,122.6268
Moving_in_out_frame_withFall,175,Lying,Lying,True,0.942,0.0,136.7244
Moving_in_out_frame_withFall,176,Lying,Lying,True,0.924,0.0,122.5835
Moving_in_out_frame_withFall,177,Lying,Lying,True,0.944,1.0,118.992
Moving_in_out_frame_withFall,178,Lying,Lying,True,0.903,1.0,153.2259
Moving_in_out_frame_withFall,179,Lying,Lying,True,0.935,1.0,127.8444
Moving_in_out_frame_withFall,180,Lying,Lying,True,0.923,1.0,149.9941
Moving_in_out_frame_withFall,181,Lying,Lying,True,0.885,0.0,134.1549
Moving_in_out_frame_withFall,182,Lying,Lying,True,0.85,1.0,149.7117
Moving_in_out_frame_withFall,183,Lying,Lying,True,0.769,0.0,163.0179
Moving_in_out_frame_withFall,184,Lying,Lying,True,0.757,0.0,135.9261
Moving_in_out_frame_withFall,185,Lying,Lying,True,0.695,0.0,157.2993
Moving_in_out_frame_withFall,186,Lying,Lying,True,0.56,0.0,154.8694
Moving_in_out_frame_withFall,187,Lying,Lying,True,0.508,1.0,129.4237
Moving_in_out_frame_withFall,188,Lying,Lying,True,0.52,0.0,122.9377
Moving_in_out_frame_withFall,189,Lying,Lying,True,0.674,0.0,124.3416
Moving_in_out_frame_withFall,190,Lying,Lying,True,0.829,0.0,125.1291
Moving_in_out_frame_withFall,191,Lying,Lying,True,0.807,0.0,142.1623
Moving_in_out_frame_withFall,192,Lying,Lying,True,0.802,0.0,119.5562
Moving_in_out_frame_withFall,193,Lying,Lying,True,0.796,0.0,119.6003
Moving_in_out_frame_withFall,194,Lying,Lying,True,0.816,1.0,132.4938
Moving_in_out_frame_withFall,195,Lying,Lying,True,0.816,0.0,127.8704
Moving_in_out_frame_withFall,196,Lying,Lying,True,0.831,0.0,113.9294
Moving_in_out_frame_withFall,197,Lying,Lying,True,0.789,0.0,100.166
Moving_in_out_frame_withFall,198,Lying,Lying,True,0.731,0.0,100.0558
Moving_in_out_frame_withFall,199,Lying,Lying,True,0.688,0.0,103.9994
Moving_in_out_frame_withFall,200,Lying,Lying,True,0.623,0.0,113.742
Moving_in_out_frame_withFall,201,Lying,Lying,True,0.576,0.0,135.0788
Moving_in_out_frame_withFall,202,Lying,Lying,True,0.608,0.0,141.3583
Moving_in_out_frame_withFall,203,Lying,Lying,True,0.734,0.0,138.8309
Moving_in_out_frame_withFall,204,Lying,Lying,True,0.72,0.0,123.0506
Moving_in_out_frame_withFall,205,,Lying,,0.866,0.0,124.6357
Moving_in_out_frame_withFall,206,,Lying,,0.559,0.0,113.3881
Moving_in_out_frame_withFall,207,,Lying,,0.509,0.0,122.4985
Moving_in_out_frame_withFall,208,,Lying,,0.63,0.0,87.4635
Moving_in_out_frame_withFall,209,,Lying,,0.711,0.0,93.4476
Moving_in_out_frame_withFall,210,,Lying,,0.775,0.0,93.8695
Moving_in_out_frame_withFall,211,,Lying,,0.765,0.0,92.9238
Moving_in_out_frame_withFall,212,,Lying,,0.812,0.0,89.6533
Moving_in_out_frame_withFall,213,,Lying,,0.782,0.0,99.2732
Moving_in_out_frame_withFall,214,,Lying,,0.66,0.0,119.6102
Moving_in_out_frame_withFall,215,,Lying,,0.541,0.0,95.9942
Moving_in_out_frame_withFall,216,,Lying,,0.483,0.0,111.7295
Moving_in_out_frame_withFall,217,,Lying,,0.433,0.0,111.0504
Sit_Stand_AnklesInvisible,31,Sitting,Standing,False,0.942,0.0,115.0579
Sit_Stand_AnklesInvisible,32,Sitting,Standing,False,0.936,0.0,106.6636
Sit_Stand_AnklesInvisible,33,Sitting,Standing,False,0.927,0.0,113.2216
Sit_Stand_AnklesInvisible,34,Sitting,Standing,False,0.921,0.0,102.6664
Sit_Stand_AnklesInvisible,35,Sitting,Standing,False,0.904,0.0,98.4572
Sit_Stand_AnklesInvisible,36,Sitting,Standing,False,0.886,0.0,119.0384
Sit_Stand_AnklesInvisible,37,Sitting,Standing,False,0.864,0.0,124.5751
Sit_Stand_AnklesInvisible,38,Sitting,Standing,False,0.854,0.0,108.8038
Sit_Stand_AnklesInvisible,39,Sitting,Standing,False,0.844,0.0,119.9406
Sit_Stand_AnklesInvisible,40,Sitting,Standing,False,0.847,0.0,138.4236
Sit_Stand_AnklesInvisible,41,Sitting,Standing,False,0.833,0.0,109.0835
Sit_Stand_AnklesInvisible,42,Sitting,Standing,False,0.836,0.0,118.4879
Sit_Stand_AnklesInvisible,43,Sitting,Standing,False,0.791,0.0,120.4932
Sit_Stand_AnklesInvisible,44,Sitting,Standing,False,0.798,0.0,112.8591
Sit_Stand_AnklesInvisible,45,Sitting,Standing,False,0.796,0.0,95.8668
Sit_Stand_AnklesInvisible,46,Sitting,Standing,False,0.749,0.0,105.6145
Sit_Stand_AnklesInvisible,47,Sitting,Standing,False,0.804,0.0,117.9103
Sit_Stand_AnklesInvisible,48,Sitting,Standing,False,0.859,0.0,87.2043
Sit_Stand_AnklesInvisible,49,Sitting,Standing,False,0.854,0.0,77.4291
Sit_Stand_AnklesInvisible,50,Sitting,Standing,False,0.863,0.0,82.1584
Sit_Stand_AnklesInvisible,51,Sitting,Standing,False,0.926,0.0,77.1829
Sit_Stand_AnklesInvisible,52,Sitting,Standing,False,0.932,0.0,72.4968
Sit_Stand_AnklesInvisible,53,Sitting,Standing,False,0.926,0.0,65.477
Sit_Stand_AnklesInvisible,54,Sitting,Standing,False,0.954,0.0,65.251
Sit_Stand_AnklesInvisible,55,Sitting,Standing,False,0.965,0.0,77.9409
Sit_Stand_AnklesInvisible,56,Sitting,Standing,False,0.957,0.0,63.8692
Sit_Stand_AnklesInvisible,57,Sitting,Standing,False,0.971,0.0,69.6312
Sit_Stand_AnklesInvisible,58,Sitting,Standing,False,0.971,0.0,65.1389
Sit_Stand_AnklesInvisible,59,Sitting,Standing,False,0.975,0.0,68.1342
Sit_Stand_AnklesInvisible,60,Sitting,Standing,False,0.972,0.0,61.0857
Sit_Stand_AnklesInvisible,61,Sitting,Standing,False,0.968,0.0,61.8245
Sit_Stand_AnklesInvisible,62,Sitting,Standing,False,0.963,0.0,59.9009
Sit_Stand_AnklesInvisible,63,Sitting,Standing,False,0.969,0.0,62.5173
Sit_Stand_AnklesInvisible,64,Sitting,Standing,False,0.967,0.0,62.6871
Sit_Stand_AnklesInvisible,65,Sitting,Standing,False,0.977,0.0,60.6329
Sit_Stand_AnklesInvisible,66,Sitting,Standing,False,0.977,0.0,59.5323
Sit_Stand_AnklesInvisible,67,Sitting,Standing,False,0.983,0.0,63.5491
Sit_Stand_AnklesInvisible,68,Sitting,Standing,False,0.987,0.0,70.703
Sit_Stand_AnklesInvisible,69,Sitting,Standing,False,0.986,0.0,62.6997
Sit_Stand_AnklesInvisible,70,Sitting,Standing,False,0.985,0.0,62.6116
Sit_Stand_AnklesInvisible,71,Sitting,Standing,False,0.987,0.0,61.8924
Sit_Stand_AnklesInvisible,72,Sitting,Standing,False,0.989,0.0,59.8637
Sit_Stand_AnklesInvisible,73,Sitting,Standing,False,0.989,0.0,66.055
Sit_Stand_AnklesInvisible,74,Sitting,Standing,False,0.989,0.0,76.3992
Sit_Stand_AnklesInvisible,75,Sitting,Standing,False,0.989,0.0,118.7802
Sit_Stand_AnklesInvisible,76,Sitting,Standing,False,0.99,0.0,88.7645
Sit_Stand_AnklesInvisible,77,Sitting,Standing,False,0.988,0.0,73.7453
Sit_Stand_AnklesInvisible,78,Sitting,Standing,False,0.988,0.0,70.0262
Sit_Stand_AnklesInvisible,79,Sitting,Standing,False,0.987,0.0,70.1518
Sit_Stand_AnklesInvisible,80,Sitting,Standing,False,0.985,0.0,65.4283
Sit_Stand_AnklesInvisible,81,Sitting,Standing,False,0.981,0.0,69.2417
Sit_Stand_AnklesInvisible,82,Sitting,Standing,False,0.982,0.0,66.7468
Sit_Stand_AnklesInvisible,83,Sitting,Standing,False,0.985,0.0,65.5372
Sit_Stand_AnklesInvisible,84,Sitting,Standing,False,0.985,0.0,63.2973
Sit_Stand_AnklesInvisible,85,Sitting,Standing,False,0.987,0.0,62.7337
Sit_Stand_AnklesInvisible,86,Sitting,Standing,False,0.988,0.0,62.1403
Sit_Stand_AnklesInvisible,87,Sitting,Standing,False,0.988,0.0,63.1941
Sit_Stand_AnklesInvisible,88,Sitting,Standing,False,0.988,0.0,66.4721
Sit_Stand_AnklesInvisible,89,Sitting,Standing,False,0.988,0.0,63.3631
Sit_Stand_AnklesInvisible,90,Sitting,Standing,False,0.988,0.0,73.6314
Sit_Stand_AnklesInvisible,91,Sitting,Standing,False,0.988,0.0,69.7078
Sit_Stand_AnklesInvisible,92,Sitting,Standing,False,0.987,0.0,66.3443
Sit_Stand_AnklesInvisible,93,Sitting,Standing,False,0.984,0.0,67.5713
Sit_Stand_AnklesInvisible,94,Sitting,Standing,False,0.985,0.0,62.3636
Sit_Stand_AnklesInvisible,95,Sitting,Standing,False,0.983,0.0,70.014
Sit_Stand_AnklesInvisible,96,Sitting,Standing,False,0.985,0.0,61.9508
Sit_Stand_AnklesInvisible,97,Sitting,Standing,False,0.982,0.0,63.7765
Sit_Stand_AnklesInvisible,98,Sitting,Standing,False,0.981,0.0,61.1125
Sit_Stand_AnklesInvisible,99,Sitting,Standing,False,0.982,0.0,72.0685
Sit_Stand_AnklesInvisible,100,Sitting,Standing,False,0.982,0.0,66.0013
Sit_Stand_AnklesInvisible,101,Sitting,Standing,False,0.98,0.0,60.9
Sit_Stand_AnklesInvisible,102,Sitting,Standing,False,0.977,0.0,69.3249
Sit_Stand_AnklesInvisible,103,Sitting,Standing,False,0.978,0.0,68.9455
Sit_Stand_AnklesInvisible,104,Sitting,Standing,False,0.975,0.0,69.435
Sit_Stand_AnklesInvisible,105,Sitting,Standing,False,0.976,0.0,73.6143
Sit_Stand_AnklesInvisible,106,Sitting,Standing,False,0.974,0.0,82.1381
Sit_Stand_AnklesInvisible,107,Sitting,Standing,False,0.976,0.0,74.5191
Sit_Stand_AnklesInvisible,108,Sitting,Standing,False,0.977,0.0,70.195
Sit_Stand_AnklesInvisible,109,Sitting,Standing,False,0.974,0.0,73.1776
Sit_Stand_AnklesInvisible,110,Sitting,Standing,False,0.976,0.0,77.7968
Sit_Stand_AnklesInvisible,111,Sitting,Standing,False,0.978,0.0,81.0471
Sit_Stand_AnklesInvisible,112,Sitting,Standing,False,0.977,0.0,68.5329
Sit_Stand_AnklesInvisible,113,Sitting,Standing,False,0.977,0.0,71.6622
Sit_Stand_AnklesInvisible,114,Sitting,Standing,False,0.976,0.0,67.4901
Sit_Stand_AnklesInvisible,115,Sitting,Standing,False,0.976,0.0,73.9904
Sit_Stand_AnklesInvisible,116,Sitting,Standing,False,0.975,0.0,66.2813
Sit_Stand_AnklesInvisible,117,Sitting,Standing,False,0.976,0.0,68.6496
Sit_Stand_AnklesInvisible,118,Sitting,Standing,False,0.973,0.0,74.4358
Sit_Stand_AnklesInvisible,119,Sitting,Standing,False,0.97,0.0,85.3674
Sit_Stand_AnklesInvisible,120,Sitting,Standing,False,0.971,0.0,80.1615
Sit_Stand_AnklesInvisible,121,Sitting,Standing,False,0.979,0.0,85.875
Sit_Stand_AnklesInvisible,122,Sitting,Standing,False,0.978,0.0,72.241
Sit_Stand_AnklesInvisible,123,Sitting,Standing,False,0.98,0.0,73.8095
Sit_Stand_AnklesInvisible,124,Sitting,Standing,False,0.976,0.0,83.591
Sit_Stand_AnklesInvisible,125,Sitting,Standing,False,0.976,0.0,83.8659
Sit_Stand_AnklesInvisible,126,Sitting,Standing,False,0.978,0.0,104.2636
Sit_Stand_AnklesInvisible,127,Sitting,Standing,False,0.976,0.0,90.9955
Sit_Stand_AnklesInvisible,128,Sitting,Standing,False,0.976,0.0,88.6828
Sit_Stand_AnklesInvisible,129,Sitting,Standing,False,0.977,0.0,96.8843
Sit_Stand_AnklesInvisible,130,Sitting,Standing,False,0.976,0.0,105.2647
Sit_Stand_AnklesInvisible,131,Sitting,Standing,False,0.974,0.0,102.7695
Sit_Stand_AnklesInvisible,132,Sitting,Standing,False,0.973,0.0,85.0651
Sit_Stand_AnklesInvisible,133,Sitting,Standing,False,0.972,0.0,86.5018
Sit_Stand_AnklesInvisible,134,Sitting,Standing,False,0.977,0.0,85.927
Sit_Stand_AnklesInvisible,135,Sitting,Standing,False,0.974,0.0,100.6316
Sit_Stand_AnklesInvisible,136,Sitting,Standing,False,0.975,0.0,81.2305
Sit_Stand_AnklesInvisible,137,Sitting,Standing,False,0.973,0.0,88.2539
Sit_Stand_AnklesInvisible,138,,Standing,,0.973,0.0,78.6375
Sit_Stand_AnklesInvisible,139,,Standing,,0.969,0.0,104.2626
Sit_Stand_AnklesInvisible,140,,Standing,,0.968,0.0,105.5255
Sit_Stand_AnklesInvisible,141,,Standing,,0.967,0.0,73.1646
Sit_Stand_AnklesInvisible,142,,Standing,,0.967,0.0,79.1077
Sit_Stand_AnklesInvisible,143,,Standing,,0.965,0.0,104.8641
Sit_Stand_AnklesInvisible,144,,Standing,,0.95,0.0,82.2665
Sit_Stand_AnklesInvisible,145,,Standing,,0.938,0.0,89.825
Sit_Stand_AnklesInvisible,146,,Standing,,0.933,0.0,98.8878
Sit_Stand_AnklesInvisible,147,,Standing,,0.934,0.0,98.3036
Sit_Stand_AnklesInvisible,148,,Standing,,0.925,0.0,102.1878
Sit_Stand_AnklesInvisible,149,,Standing,,0.927,0.0,83.1168
Sit_Stand_AnklesInvisible,150,,Standing,,0.919,0.0,108.3783
Sit_Stand_AnklesInvisible,151,,Standing,,0.894,0.0,95.8375
Sit_Stand_AnklesInvisible,152,,Standing,,0.878,0.0,93.7078
Sit_Stand_AnklesInvisible,153,,Standing,,0.859,0.0,129.1456
Sit_Stand_AnklesInvisible,154,,Standing,,0.832,0.0,126.684
Sit_Stand_AnklesInvisible,155,,Standing,,0.811,0.0,98.91
Sit_Stand_AnklesInvisible,156,,Standing,,0.784,0.0,105.6415
Sit_Stand_AnklesInvisible,157,,Standing,,0.754,0.0,110.0189
Sit_Stand_AnklesInvisible,158,,Standing,,0.743,0.0,103.6699
Sit_Stand_AnklesInvisible,159,,Standing,,0.71,0.0,115.2156
Sit_Stand_AnklesInvisible,160,,Standing,,0.681,0.0,90.9673
Sit_Stand_AnklesInvisible,161,,Standing,,0.706,0.0,96.2111
Sit_Stand_AnklesInvisible,162,,Standing,,0.693,0.0,105.5432
Sit_Stand_AnklesInvisible,163,,Standing,,0.64,0.0,115.52
Sit_Stand_AnklesInvisible,164,,Standing,,0.654,0.0,102.2546
Sit_Stand_AnklesInvisible,165,,Standing,,0.676,0.0,133.8913
Sit_Stand_AnklesInvisible,166,,Standing,,0.704,0.0,113.9464
Sit_Stand_AnklesInvisible,167,,Standing,,0.684,0.0,103.7865
Sit_Stand_AnklesInvisible,168,Standing,Standing,True,0.701,0.0,92.6963
Sit_Stand_AnklesInvisible,169,Standing,Standing,True,0.705,0.0,88.8638
Sit_Stand_AnklesInvisible,170,Standing,Standing,True,0.754,0.0,95.3956
Sit_Stand_AnklesInvisible,171,Standing,Standing,True,0.805,0.0,110.6633
Sit_Stand_AnklesInvisible,172,Standing,Standing,True,0.869,0.0,101.102
Sit_Stand_AnklesInvisible,173,Standing,Standing,True,0.891,0.0,107.4079
Sit_Stand_AnklesInvisible,174,Standing,Standing,True,0.915,0.0,149.9057
Sit_Stand_AnklesInvisible,175,Standing,Standing,True,0.93,0.0,104.9024
Sit_Stand_AnklesInvisible,176,Standing,Standing,True,0.942,0.0,100.8675
Sit_Stand_AnklesInvisible,177,Standing,Standing,True,0.945,0.0,101.8955
Sit_Stand_AnklesInvisible,178,Standing,Standing,True,0.95,0.0,98.3194
Sit_Stand_AnklesInvisible,179,Standing,Standing,True,0.96,0.0,99.6575
Sit_Stand_AnklesInvisible,180,Standing,Standing,True,0.962,0.0,93.0494
Sit_Stand_AnklesInvisible,181,Standing,Standing,True,0.967,0.0,97.4506
Sit_Stand_AnklesInvisible,182,Standing,Standing,True,0.971,0.0,104.9725
Sit_Stand_AnklesInvisible,183,Standing,Standing,True,0.98,0.0,108.2538
Sit_Stand_AnklesInvisible,184,Standing,Standing,True,0.983,0.0,119.4791
Sit_Stand_AnklesInvisible,185,Standing,Standing,True,0.985,0.0,97.6507
Sit_Stand_AnklesInvisible,186,,Standing,,0.989,0.0,101.591
Sit_Stand_AnklesInvisible,187,,Standing,,0.991,0.0,101.0824
Sit_Stand_AnklesInvisible,188,,Standing,,0.992,0.0,121.958
Sit_Stand_AnklesInvisible,189,,Standing,,0.994,0.0,153.8205
Sit_Stand_AnklesInvisible,190,,Standing,,0.994,0.0,120.8426
Sit_Stand_AnklesInvisible,191,,Standing,,0.994,0.0,116.6883
Sit_Stand_AnklesInvisible,192,,Standing,,0.995,0.0,105.3165
Sit_Stand_AnklesInvisible,193,,Standing,,0.996,0.0,95.1055
Sit_Stand_AnklesInvisible,194,,Standing,,0.996,0.0,93.8351
Sit_Stand_AnklesInvisible,195,,Standing,,0.997,0.0,94.642
Sit_Stand_AnklesInvisible,196,,Standing,,0.997,0.0,96.9405
Sit_Stand_AnklesInvisible,197,,Standing,,0.998,0.0,97.6485
Sit_Stand_AnklesInvisible,198,,Standing,,0.998,0.0,90.3924
Sit_Stand_AnklesInvisible,199,,Standing,,0.997,0.0,82.1199
Sit_Stand_AnklesInvisible,200,,Standing,,0.997,0.0,116.3985
Sit_Stand_AnklesInvisible,201,,Standing,,0.998,0.0,108.5815
Sit_Stand_AnklesInvisible,202,,Standing,,0.998,0.0,110.4085
Sit_Stand_AnklesInvisible,203,,Standing,,0.998,0.0,107.8903
Sit_Stand_AnklesInvisible,204,,Standing,,0.998,0.0,103.7414
Sit_Stand_AnklesInvisible,205,,Standing,,0.998,0.0,114.7383
Sit_Stand_AnklesInvisible,206,,Standing,,0.998,0.0,102.3113
Sit_Stand_AnklesInvisible,207,,Standing,,0.998,0.0,114.0534
Sit_Stand_AnklesInvisible,208,,Standing,,0.998,0.0,160.1848
SitFast_GetupFast,31,Sitting,Standing,False,0.996,0.0,137.9254
SitFast_GetupFast,32,Sitting,Standing,False,0.996,0.0,105.3633
SitFast_GetupFast,33,Sitting,Standing,False,0.995,0.0,140.085
SitFast_GetupFast,34,Sitting,Standing,False,0.995,0.0,132.6828
SitFast_GetupFast,35,Sitting,Standing,False,0.994,0.0,127.3238
SitFast_GetupFast,36,Sitting,Standing,False,0.994,0.0,141.206
SitFast_GetupFast,37,Sitting,Standing,False,0.993,0.0,136.4277
SitFast_GetupFast,38,Sitting,Standing,False,0.993,0.0,110.6742
SitFast_GetupFast,39,Sitting,Standing,False,0.993,0.0,121.9555
SitFast_GetupFast,40,Sitting,Standing,False,0.993,0.0,99.4402
SitFast_GetupFast,41,Sitting,Standing,False,0.992,0.0,116.4444
SitFast_GetupFast,42,Sitting,Standing,False,0.992,0.0,100.537
SitFast_GetupFast,43,Sitting,Standing,False,0.991,0.0,166.2461
SitFast_GetupFast,44,Sitting,Standing,False,0.991,0.0,83.8573
SitFast_GetupFast,45,Sitting,Standing,False,0.988,0.0,90.1285
SitFast_GetupFast,46,Sitting,Standing,False,0.986,0.0,94.1233
SitFast_GetupFast,47,Sitting,Standing,False,0.988,0.0,76.9311
SitFast_GetupFast,48,Sitting,Standing,False,0.989,0.0,96.3925
SitFast_GetupFast,49,Sitting,Standing,False,0.988,0.0,101.4995
SitFast_GetupFast,50,Sitting,Standing,False,0.989,0.0,100.3492
SitFast_GetupFast,51,Sitting,Standing,False,0.987,0.0,139.7797
SitFast_GetupFast,52,Sitting,Standing,False,0.986,0.0,134.9835
SitFast_GetupFast,53,Sitting,Standing,False,0.983,0.0,124.2067
SitFast_GetupFast,54,Sitting,Standing,False,0.983,0.0,122.7819
SitFast_GetupFast,55,Sitting,Standing,False,0.979,0.0,125.302
SitFast_GetupFast,56,Sitting,Standing,False,0.982,0.0,119.7974
SitFast_GetupFast,57,Sitting,Standing,False,0.978,0.0,126.3074
SitFast_GetupFast,58,Sitting,Standing,False,0.981,0.0,118.6066
SitFast_GetupFast,59,Sitting,Standing,False,0.981,0.0,113.1876
SitFast_GetupFast,60,Sitting,Standing,False,0.981,0.0,126.3218
SitFast_GetupFast,61,Sitting,Standing,False,0.982,0.0,109.6531
SitFast_GetupFast,62,Sitting,Standing,False,0.983,0.0,126.1012
SitFast_GetupFast,63,Sitting,Standing,False,0.983,0.0,109.272
SitFast_GetupFast,64,Sitting,Standing,False,0.981,0.0,108.295
SitFast_GetupFast,65,Sitting,Standing,False,0.978,0.0,122.4844
SitFast_GetupFast,66,Sitting,Standing,False,0.974,0.0,113.173
SitFast_GetupFast,67,Sitting,Standing,False,0.972,0.0,111.4368
SitFast_GetupFast,68,Sitting,Standing,False,0.97,0.0,105.1759
SitFast_GetupFast,69,Sitting,Standing,False,0.97,0.0,98.2692
SitFast_GetupFast,70,Sitting,Standing,False,0.969,0.0,98.6155
SitFast_GetupFast,71,Sitting,Standing,False,0.968,0.0,101.5464
SitFast_GetupFast,72,Sitting,Standing,False,0.964,0.0,85.0233
SitFast_GetupFast,73,Sitting,Standing,False,0.963,0.0,72.5959
SitFast_GetupFast,74,Sitting,Standing,False,0.963,0.0,72.0037
SitFast_GetupFast,75,Sitting,Standing,False,0.964,0.0,74.6954
SitFast_GetupFast,76,Sitting,Standing,False,0.964,0.0,66.8946
SitFast_GetupFast,77,Sitting,Standing,False,0.963,0.0,65.3988
SitFast_GetupFast,78,Sitting,Standing,False,0.963,0.0,65.7646
SitFast_GetupFast,79,Sitting,Standing,False,0.962,0.0,75.6421
SitFast_GetupFast,80,Sitting,Standing,False,0.961,0.0,77.9276
SitFast_GetupFast,81,Sitting,Standing,False,0.961,0.0,83.6295
SitFast_GetupFast,82,Sitting,Standing,False,0.961,0.0,93.2304
SitFast_GetupFast,83,Sitting,Standing,False,0.961,0.0,90.8255
SitFast_GetupFast,84,Sitting,Standing,False,0.961,0.0,101.4938
SitFast_GetupFast,85,Sitting,Standing,False,0.96,0.0,113.8646
SitFast_GetupFast,86,Sitting,Standing,False,0.96,0.0,121.7584
SitFast_GetupFast,87,Sitting,Standing,False,0.959,0.0,96.9924
SitFast_GetupFast,88,Sitting,Standing,False,0.957,0.0,89.311
SitFast_GetupFast,89,Sitting,Standing,False,0.958,0.0,106.5807
SitFast_GetupFast,90,Sitting,Standing,False,0.957,0.0,104.9753
SitFast_GetupFast,91,Sitting,Standing,False,0.958,0.0,150.0093
SitFast_GetupFast,92,Sitting,Standing,False,0.959,0.0,93.5865
SitFast_GetupFast,93,Sitting,Standing,False,0.959,0.0,84.6291
SitFast_GetupFast,94,Sitting,Standing,False,0.958,0.0,97.9485
SitFast_GetupFast,95,Sitting,Standing,False,0.958,0.0,88.4208
SitFast_GetupFast,96,Sitting,Standing,False,0.958,0.0,103.5628
SitFast_GetupFast,97,Sitting,Standing,False,0.958,0.0,95.9125
SitFast_GetupFast,98,Sitting,Standing,False,0.959,0.0,91.3281
SitFast_GetupFast,99,Sitting,Standing,False,0.96,0.0,106.1628
SitFast_GetupFast,100,Sitting,Standing,False,0.96,0.0,98.9986
SitFast_GetupFast,101,Sitting,Standing,False,0.962,0.0,130.1742
SitFast_GetupFast,102,Sitting,Standing,False,0.962,0.0,110.2181
SitFast_GetupFast,103,Sitting,Standing,False,0.963,0.0,138.7178
SitFast_GetupFast,104,Sitting,Standing,False,0.964,0.0,161.8783
SitFast_GetupFast,105,Sitting,Standing,False,0.965,0.0,151.9761
SitFast_GetupFast,106,Sitting,Standing,False,0.964,0.0,117.5667
SitFast_GetupFast,107,Sitting,Standing,False,0.963,0.0,127.8044
SitFast_GetupFast,108,Sitting,Standing,False,0.964,0.0,176.5527
SitFast_GetupFast,109,Sitting,Standing,False,0.964,0.0,145.1562
SitFast_GetupFast,110,Sitting,Standing,False,0.964,0.0,137.4443
SitFast_GetupFast,111,,Standing,,0.963,0.0,182.8187
SitFast_GetupFast,112,,Standing,,0.963,0.0,201.9502
SitFast_GetupFast,113,,Standing,,0.962,0.0,204.4096
SitFast_GetupFast,114,,Standing,,0.962,0.0,174.814
SitFast_GetupFast,115,,Standing,,0.96,0.0,170.2069
SitFast_GetupFast,116,,Standing,,0.959,0.0,157.0583
SitFast_GetupFast,117,,Standing,,0.957,0.0,177.7464
SitFast_GetupFast,118,,Standing,,0.954,0.0,172.8136
SitFast_GetupFast,119,,Standing,,0.951,0.0,166.5238
SitFast_GetupFast,120,,Standing,,0.948,0.0,138.0642
SitFast_GetupFast,121,,Standing,,0.943,0.0,126.8089
SitFast_GetupFast,122,,Standing,,0.936,0.0,115.1397
SitFast_GetupFast,123,,Standing,,0.929,0.0,145.2933
SitFast_GetupFast,124,,Standing,,0.921,0.0,145.0792
SitFast_GetupFast,125,,Standing,,0.913,0.0,175.9748
SitFast_GetupFast,126,,Standing,,0.907,0.0,155.1012
SitFast_GetupFast,127,,Standing,,0.896,0.0,140.7195
SitFast_GetupFast,128,,Standing,,0.888,0.0,167.9276
SitFast_GetupFast,129,,Standing,,0.878,0.0,153.7745
SitFast_GetupFast,130,,Standing,,0.875,0.0,138.4005
SitFast_GetupFast,131,,Standing,,0.869,0.0,134.5961
SitFast_GetupFast,132,,Standing,,0.86,0.0,193.8849
SitFast_GetupFast,133,,Standing,,0.858,0.0,177.8532
SitFast_GetupFast,134,,Standing,,0.848,0.0,146.3003
SitFast_GetupFast,135,,Standing,,0.842,0.0,146.5852
SitFast_GetupFast,136,,Standing,,0.837,0.0,131.5654
SitFast_GetupFast,137,,Standing,,0.823,0.0,118.7666
SitFast_GetupFast,138,,Standing,,0.79,0.0,133.5136
SitFast_GetupFast,139,,Standing,,0.756,0.0,115.0509
SitFast_GetupFast,140,,Standing,,0.697,0.0,105.0093
SitFast_GetupFast,141,,Standing,,0.638,0.0,110.8468
SitFast_GetupFast,142,,Standing,,0.575,0.0,113.2133
SitFast_GetupFast,143,,Standing,,0.499,0.0,105.9962
SitFast_GetupFast,144,,Standing,,0.427,0.0,111.0833
SitFast_GetupFast,145,,Standing,,0.369,0.0,105.6441
SitFast_GetupFast,146,,Sitting,,0.376,0.0,93.6883
SitFast_GetupFast,147,,Sitting,,0.416,0.0,106.6785
SitFast_GetupFast,148,,Sitting,,0.451,0.0,105.5847
SitFast_GetupFast,149,,Sitting,,0.479,0.0,106.1644
SitFast_GetupFast,150,,Sitting,,0.505,0.0,109.121
SitFast_GetupFast,151,,Sitting,,0.53,0.0,88.6827
SitFast_GetupFast,152,,Sitting,,0.547,0.0,88.939
SitFast_GetupFast,153,,Sitting,,0.562,0.0,91.4082
SitFast_GetupFast,154,,Sitting,,0.566,0.0,90.7317
SitFast_GetupFast,155,,Sitting,,0.567,0.0,93.997
SitFast_GetupFast,156,,Sitting,,0.562,0.0,113.1227
SitFast_GetupFast,157,,Sitting,,0.546,0.0,100.5259
SitFast_GetupFast,158,,Sitting,,0.526,0.0,125.1857
SitFast_GetupFast,159,,Sitting,,0.497,0.0,123.0873
SitFast_GetupFast,160,,Sitting,,0.465,0.0,136.2691
SitFast_GetupFast,161,,Sitting,,0.433,0.0,120.2936
SitFast_GetupFast,162,,Sitting,,0.383,0.0,112.0755
SitFast_GetupFast,163,,Standing,,0.469,0.0,126.9851
SitFast_GetupFast,164,,Standing,,0.58,0.0,122.2779
SitFast_GetupFast,165,,Standing,,0.685,0.0,150.1191
SitFast_GetupFast,166,,Standing,,0.785,0.0,183.3854
SitFast_GetupFast,167,,Standing,,0.862,0.0,183.3078
SitFast_GetupFast,168,,Standing,,0.915,0.0,123.2198
SitFast_GetupFast,169,,Standing,,0.947,0.0,114.595
SitFast_GetupFast,170,,Standing,,0.965,0.0,105.1949
SitFast_GetupFast,171,,Standing,,0.975,0.0,105.0616
SitFast_GetupFast,172,,Standing,,0.983,0.0,93.1874
SitFast_GetupFast,173,,Standing,,0.988,0.0,109.3741
SitFast_GetupFast,174,,Standing,,0.992,0.0,97.863
SitFloor_crossedLegs,31,,Standing,,0.99,0.0,86.477
SitFloor_crossedLegs,32,,Standing,,0.988,0.0,79.7753
SitFloor_crossedLegs,33,,Standing,,0.985,0.0,80.683
SitFloor_crossedLegs,34,,Standing,,0.981,0.0,92.6336
SitFloor_crossedLegs,35,,Standing,,0.974,0.0,94.516
SitFloor_crossedLegs,36,,Standing,,0.962,0.0,131.5765
SitFloor_crossedLegs,37,,Standing,,0.946,0.0,108.8389
SitFloor_crossedLegs,38,,Standing,,0.918,0.0,87.8455
SitFloor_crossedLegs,39,,Standing,,0.882,0.0,81.0098
SitFloor_crossedLegs,40,,Standing,,0.817,0.0,87.754
SitFloor_crossedLegs,41,,Standing,,0.729,0.0,84.6296
SitFloor_crossedLegs,42,,Standing,,0.631,0.0,83.2788
SitFloor_crossedLegs,43,,Standing,,0.517,0.0,78.8041
SitFloor_crossedLegs,44,,Standing,,0.436,0.0,96.6839
SitFloor_crossedLegs,45,,Standing,,0.353,0.0,129.0598
SitFloor_crossedLegs,46,,Standing,,0.272,0.0,84.6256
SitFloor_crossedLegs,47,,Sitting,,0.334,0.0,78.2063
SitFloor_crossedLegs,48,,Sitting,,0.398,0.0,96.8667
SitFloor_crossedLegs,49,,Sitting,,0.48,0.0,83.4958
SitFloor_crossedLegs,50,,Sitting,,0.562,0.0,81.7869
SitFloor_crossedLegs,51,,Sitting,,0.642,0.0,77.547
SitFloor_crossedLegs,52,,Sitting,,0.711,0.0,76.7884
SitFloor_crossedLegs,53,,Sitting,,0.771,0.0,82.1063
SitFloor_crossedLegs,54,,Sitting,,0.824,0.0,89.0876
SitFloor_crossedLegs,55,,Sitting,,0.861,0.0,83.6501
SitFloor_crossedLegs,56,,Sitting,,0.887,0.0,75.4196
SitFloor_crossedLegs,57,,Sitting,,0.916,0.0,78.5928
SitFloor_crossedLegs,58,,Sitting,,0.932,0.0,79.4989
SitFloor_crossedLegs,59,,Sitting,,0.945,0.0,75.9016
SitFloor_crossedLegs,60,,Sitting,,0.959,0.0,98.8383
SitFloor_crossedLegs,61,,Sitting,,0.961,0.0,99.2021
SitFloor_crossedLegs,62,,Sitting,,0.969,0.0,80.3886
SitFloor_crossedLegs,63,,Sitting,,0.977,0.0,83.0605
SitFloor_crossedLegs,64,,Sitting,,0.975,0.0,94.1019
SitFloor_crossedLegs,65,,Sitting,,0.977,0.0,102.317
SitFloor_crossedLegs,66,,Sitting,,0.975,0.0,111.2631
SitFloor_crossedLegs,67,,Sitting,,0.981,0.0,92.4733
SitFloor_crossedLegs,68,,Sitting,,0.982,0.0,77.8568
SitFloor_crossedLegs,69,,Sitting,,0.979,0.0,68.8145
SitFloor_crossedLegs,70,,Sitting,,0.981,0.0,65.3149
SitFloor_crossedLegs,71,,Sitting,,0.983,0.0,66.1483
SitFloor_crossedLegs,72,,Sitting,,0.98,0.0,70.1963
SitFloor_crossedLegs,73,,Sitting,,0.981,0.0,71.9133
SitFloor_crossedLegs,74,,Sitting,,0.983,0.0,65.0674
SitFloor_crossedLegs,75,,Sitting,,0.985,0.0,64.0745
SitFloor_crossedLegs,76,,Sitting,,0.984,0.0,61.925
SitFloor_crossedLegs,77,,Sitting,,0.984,0.0,63.5155
SitFloor_crossedLegs,78,,Sitting,,0.983,0.0,61.5892
SitFloor_crossedLegs,79,,Sitting,,0.984,0.0,65.9059
SitFloor_crossedLegs,80,,Sitting,,0.986,0.0,81.7457
SitFloor_crossedLegs,81,,Sitting,,0.984,0.0,75.0138
SitFloor_crossedLegs,82,,Sitting,,0.982,0.0,92.975
SitFloor_crossedLegs,83,,Sitting,,0.981,0.0,87.3999
SitFloor_crossedLegs,84,,Sitting,,0.981,0.0,66.4865
SitFloor_crossedLegs,85,,Sitting,,0.982,0.0,67.0377
SitFloor_crossedLegs,86,,Sitting,,0.981,0.0,65.8467
SitFloor_crossedLegs,87,,Sitting,,0.978,0.0,64.3051
SitFloor_crossedLegs,88,Sitting,Sitting,True,0.974,0.0,65.4745
SitFloor_crossedLegs,89,Sitting,Sitting,True,0.981,0.0,66.575
SitFloor_crossedLegs,90,Sitting,Sitting,True,0.979,0.0,66.4725
SitFloor_crossedLegs,91,Sitting,Sitting,True,0.981,0.0,61.5914
SitFloor_crossedLegs,92,Sitting,Sitting,True,0.98,0.0,60.7192
SitFloor_crossedLegs,93,Sitting,Sitting,True,0.976,0.0,61.5357
SitFloor_crossedLegs,94,Sitting,Sitting,True,0.975,0.0,60.125
SitFloor_crossedLegs,95,Sitting,Sitting,True,0.979,0.0,67.7796
SitFloor_crossedLegs,96,Sitting,Sitting,True,0.978,0.0,65.6569
SitFloor_crossedLegs,97,Sitting,Sitting,True,0.976,0.0,72.0953
SitFloor_crossedLegs,98,Sitting,Sitting,True,0.977,0.0,63.8871
SitFloor_crossedLegs,99,Sitting,Sitting,True,0.974,0.0,62.9124
SitFloor_crossedLegs,100,Sitting,Sitting,True,0.974,0.0,59.7553
SitFloor_crossedLegs,101,Sitting,Sitting,True,0.974,0.0,63.4713
SitFloor_crossedLegs,102,Sitting,Sitting,True,0.975,0.0,62.9203
SitFloor_crossedLegs,103,Sitting,Sitting,True,0.976,0.0,62.4901
SitFloor_crossedLegs,104,Sitting,Sitting,True,0.977,0.0,66.841
SitFloor_crossedLegs,105,Sitting,Sitting,True,0.979,0.0,82.7918
SitFloor_crossedLegs,106,Sitting,Sitting,True,0.98,0.0,82.5397
SitFloor_crossedLegs,107,Sitting,Sitting,True,0.979,0.0,65.4137
SitFloor_crossedLegs,108,Sitting,Sitting,True,0.979,0.0,63.158
SitFloor_crossedLegs,109,Sitting,Sitting,True,0.977,0.0,63.3524
SitFloor_crossedLegs,110,Sitting,Sitting,True,0.977,0.0,60.5423
SitFloor_crossedLegs,111,Sitting,Sitting,True,0.978,0.0,60.9139
SitFloor_crossedLegs,112,Sitting,Sitting,True,0.977,0.0,62.1006
SitFloor_crossedLegs,113,Sitting,Sitting,True,0.977,0.0,75.5008
SitFloor_crossedLegs,114,Sitting,Sitting,True,0.979,0.0,63.7409
SitFloor_crossedLegs,115,Sitting,Sitting,True,0.978,0.0,66.2944
SitFloor_crossedLegs,116,Sitting,Sitting,True,0.979,0.0,74.2573
SitFloor_crossedLegs,117,Sitting,Sitting,True,0.981,0.0,65.4206
SitFloor_crossedLegs,118,Sitting,Sitting,True,0.982,0.0,74.775
SitFloor_crossedLegs,119,Sitting,Sitting,True,0.983,0.0,70.2499
SitFloor_crossedLegs,120,Sitting,Sitting,True,0.983,0.0,75.1723
SitFloor_crossedLegs,121,Sitting,Sitting,True,0.982,0.0,74.3624
SitFloor_crossedLegs,122,Sitting,Sitting,True,0.982,0.0,69.6332
SitFloor_crossedLegs,123,Sitting,Sitting,True,0.982,0.0,74.8511
SitFloor_crossedLegs,124,Sitting,Sitting,True,0.981,0.0,76.9019
SitFloor_crossedLegs,125,Sitting,Sitting,True,0.982,0.0,71.7841
SitFloor_crossedLegs,126,Sitting,Sitting,True,0.982,0.0,70.1052
SitFloor_crossedLegs,127,Sitting,Sitting,True,0.982,0.0,99.4136
SitFloor_crossedLegs,128,Sitting,Sitting,True,0.982,0.0,114.3772
SitFloor_crossedLegs,129,Sitting,Sitting,True,0.982,0.0,88.67
SitFloor_crossedLegs,130,Sitting,Sitting,True,0.982,0.0,89.6686
SitFloor_crossedLegs,131,Sitting,Sitting,True,0.981,0.0,93.065
SitFloor_crossedLegs,132,Sitting,Sitting,True,0.981,0.0,126.771
SitFloor_crossedLegs,133,Sitting,Sitting,True,0.98,0.0,111.3125
SitFloor_crossedLegs,134,Sitting,Sitting,True,0.979,0.0,98.6859
SitFloor_crossedLegs,135,Sitting,Sitting,True,0.979,0.0,94.01
SitFloor_crossedLegs,136,Sitting,Sitting,True,0.979,0.0,106.3305
SitFloor_crossedLegs,137,Sitting,Sitting,True,0.978,0.0,192.6306
SitFloor_crossedLegs,138,Sitting,Sitting,True,0.978,0.0,151.7507
SitFloor_crossedLegs,139,Sitting,Sitting,True,0.978,0.0,179.2687
SitFloor_crossedLegs,140,Sitting,Sitting,True,0.979,0.0,180.9703
SitFloor_crossedLegs,141,Sitting,Sitting,True,0.979,0.0,234.7305
SitFloor_crossedLegs,142,Sitting,Sitting,True,0.98,0.0,617.1147
SitFloor_crossedLegs,143,Sitting,Sitting,True,0.979,0.0,452.2688
SitFloor_crossedLegs,144,Sitting,Sitting,True,0.978,0.0,232.698
SitFloor_crossedLegs,145,Sitting,Sitting,True,0.979,0.0,248.9822
SitFloor_crossedLegs,146,Sitting,Sitting,True,0.978,0.0,176.0203
SitFloor_crossedLegs,147,Sitting,Sitting,True,0.977,0.0,563.5408
SitFloor_crossedLegs,148,Sitting,Sitting,True,0.976,0.0,444.9017
SitFloor_crossedLegs,149,Sitting,Sitting,True,0.975,0.0,422.9667
SitFloor_crossedLegs,150,Sitting,Sitting,True,0.975,0.0,269.2457
SitFloor_crossedLegs,151,Sitting,Sitting,True,0.974,0.0,312.8573
SitFloor_crossedLegs,152,Sitting,Sitting,True,0.973,0.0,200.1194
SitFloor_crossedLegs,153,Sitting,Sitting,True,0.972,0.0,188.7671
SitFloor_crossedLegs,154,Sitting,Sitting,True,0.971,0.0,163.4885
SitFloor_crossedLegs,155,Sitting,Sitting,True,0.97,0.0,191.735
SitFloor_crossedLegs,156,Sitting,Sitting,True,0.969,0.0,165.0125
SitFloor_crossedLegs,157,Sitting,Sitting,True,0.969,0.0,212.8181
SitFloor_crossedLegs,158,Sitting,Sitting,True,0.968,0.0,168.3813
SitFloor_crossedLegs,159,Sitting,Sitting,True,0.968,0.0,196.0888
SitFloor_crossedLegs,160,Sitting,Sitting,True,0.968,0.0,129.9874
SitFloor_crossedLegs,161,Sitting,Sitting,True,0.968,0.0,147.7221
SitFloor_crossedLegs,162,Sitting,Sitting,True,0.968,0.0,113.983
SitFloor_crossedLegs,163,Sitting,Sitting,True,0.968,0.0,138.6733
SitFloor_crossedLegs,164,Sitting,Sitting,True,0.967,0.0,189.4609
SitFloor_crossedLegs,165,Sitting,Sitting,True,0.965,0.0,295.7397
SitFloor_crossedLegs,166,Sitting,Sitting,True,0.963,0.0,231.9777
SitFloor_crossedLegs,167,Sitting,Sitting,True,0.961,0.0,211.687
SitFloor_crossedLegs,168,Sitting,Sitting,True,0.958,0.0,182.2496
SitFloor_crossedLegs,169,Sitting,Sitting,True,0.954,0.0,185.8334
SitFloor_crossedLegs,170,Sitting,Sitting,True,0.95,0.0,125.3303
SitFloor_crossedLegs,171,Sitting,Sitting,True,0.949,0.0,197.3766
SitFloor_crossedLegs,172,Sitting,Sitting,True,0.949,0.0,157.5845
SitFloor_crossedLegs,173,Sitting,Sitting,True,0.949,0.0,159.2662
SitFloor_crossedLegs,174,Sitting,Sitting,True,0.95,0.0,219.8849
SitFloor_crossedLegs,175,Sitting,Sitting,True,0.951,0.0,216.2269
SitFloor_crossedLegs,176,Sitting,Sitting,True,0.952,0.0,229.184
SitFloor_crossedLegs,177,Sitting,Sitting,True,0.954,0.0,270.8915
SitFloor_crossedLegs,178,Sitting,Sitting,True,0.954,0.0,218.8702
SitFloor_crossedLegs,179,Sitting,Sitting,True,0.955,0.0,186.3094
SitFloor_crossedLegs,180,Sitting,Sitting,True,0.951,0.0,190.9744
SitFloor_crossedLegs,181,Sitting,Sitting,True,0.952,0.0,203.2944
SitFloor_crossedLegs,182,Sitting,Sitting,True,0.952,0.0,210.0465
SitFloor_crossedLegs,183,Sitting,Sitting,True,0.953,0.0,205.2228
SitFloor_crossedLegs,184,Sitting,Sitting,True,0.953,0.0,217.488
SitFloor_crossedLegs,185,Sitting,Sitting,True,0.953,0.0,202.8326
SitFloor_crossedLegs,186,Sitting,Sitting,True,0.953,0.0,175.2355
SitFloor_crossedLegs,187,Sitting,Sitting,True,0.953,0.0,182.7394
SitFloor_crossedLegs,188,Sitting,Sitting,True,0.953,0.0,174.5412
SitFloor_crossedLegs,189,Sitting,Sitting,True,0.952,0.0,205.5413
SitFloor_crossedLegs,190,Sitting,Sitting,True,0.952,0.0,190.5704
SitFloor_crossedLegs,191,Sitting,Sitting,True,0.954,0.0,220.2312
SitFloor_crossedLegs,192,Sitting,Sitting,True,0.952,0.0,186.2055
SitFloor_crossedLegs,193,Sitting,Sitting,True,0.953,0.0,151.9775
SitFloor_crossedLegs,194,Sitting,Sitting,True,0.953,0.0,137.131
SitFloor_crossedLegs,195,Sitting,Sitting,True,0.953,0.0,171.0176
SitFloor_crossedLegs,196,Sitting,Sitting,True,0.953,0.0,165.2929
SitFloor_crossedLegs,197,Sitting,Sitting,True,0.953,0.0,172.058
SitFloor_crossedLegs,198,Sitting,Sitting,True,0.953,0.0,213.6877
SitFloor_crossedLegs,199,Sitting,Sitting,True,0.954,0.0,180.3587
SitFloor_crossedLegs,200,Sitting,Sitting,True,0.954,0.0,190.845
SitFloor_crossedLegs,201,Sitting,Sitting,True,0.954,0.0,177.3721
SitFloor_crossedLegs,202,Sitting,Sitting,True,0.955,0.0,163.9985
SitFloor_crossedLegs,203,Sitting,Sitting,True,0.955,0.0,170.0187
SitFloor_crossedLegs,204,Sitting,Sitting,True,0.955,0.0,175.4737
SitFloor_crossedLegs,205,Sitting,Sitting,True,0.956,0.0,135.3917
SitFloor_crossedLegs,206,,Sitting,,0.956,0.0,121.7122
SitFloor_crossedLegs,207,,Sitting,,0.957,0.0,104.5399
SitFloor_crossedLegs,208,,Sitting,,0.956,0.0,108.8183
SitFloor_crossedLegs,209,,Sitting,,0.956,0.0,125.9042
SitFloor_crossedLegs,210,,Sitting,,0.957,0.0,125.0456
SitFloor_crossedLegs,211,,Sitting,,0.956,0.0,105.9049
SitFloor_crossedLegs,212,,Sitting,,0.957,0.0,121.3942
SitFloor_crossedLegs,213,,Sitting,,0.957,0.0,113.4828
SitFloor_crossedLegs,214,,Sitting,,0.958,0.0,135.5785
SitFloor_crossedLegs,215,,Sitting,,0.958,0.0,157.1642
SitFloor_crossedLegs,216,,Sitting,,0.958,0.0,159.7195
SitFloor_crossedLegs,217,,Sitting,,0.958,0.0,163.905
SitFloor_crossedLegs,218,,Sitting,,0.958,0.0,147.2822
SitFloor_crossedLegs,219,,Sitting,,0.958,0.0,129.9736
SitFloor_crossedLegs,220,,Sitting,,0.958,0.0,168.7686
SitFloor_crossedLegs,221,,Sitting,,0.958,0.0,145.7076
SitFloor_crossedLegs,222,,Sitting,,0.958,0.0,138.0198
SitFloor_crossedLegs,223,,Sitting,,0.958,0.0,188.241
SitFloor_crossedLegs,224,,Sitting,,0.959,0.0,177.7029
SitFloor_crossedLegs,225,,Sitting,,0.959,0.0,251.9405
SitFloor_crossedLegs,226,,Sitting,,0.959,0.0,207.9776
SitFloor_crossedLegs,227,,Sitting,,0.96,0.0,166.829
SitFloor_crossedLegs,228,,Sitting,,0.96,0.0,172.6484
SitFloor_crossedLegs,229,,Sitting,,0.961,0.0,192.7645
SitFloor_crossedLegs,230,,Sitting,,0.963,0.0,191.0105
SitFloor_crossedLegs,231,,Sitting,,0.964,0.0,187.5039
SitFloor_crossedLegs,232,,Sitting,,0.965,0.0,201.3458
SitFloor_crossedLegs,233,,Sitting,,0.966,0.0,193.4048
SitFloor_crossedLegs,234,,Sitting,,0.967,0.0,202.656
SitFloor_crossedLegs,235,,Sitting,,0.968,0.0,249.5071
SitFloor_crossedLegs,236,,Sitting,,0.969,0.0,188.4519
SitFloor_crossedLegs,237,,Sitting,,0.97,0.0,200.4206
SitFloor_crossedLegs,238,,Sitting,,0.971,0.0,166.3282
SitFloor_crossedLegs,239,,Sitting,,0.971,0.0,168.3577
SitFloor_crossedLegs,240,,Sitting,,0.972,0.0,183.0187
SitFloor_crossedLegs,241,,Sitting,,0.973,0.0,190.6513
SitFloor_crossedLegs,242,,Sitting,,0.973,0.0,193.2715
SitFloor_crossedLegs,243,,Sitting,,0.974,0.0,168.2617
SitFloor_crossedLegs,244,,Sitting,,0.974,0.0,164.0531
SitFloor_crossedLegs,245,,Sitting,,0.975,0.0,261.2801
SitFloor_crossedLegs,246,,Sitting,,0.975,0.0,270.6176
SitFloor_crossedLegs,247,,Sitting,,0.975,0.0,198.4174
SitFloor_crossedLegs,248,,Sitting,,0.975,0.0,254.7913
SitFloor_crossedLegs,249,,Sitting,,0.976,0.0,209.0204
SitFloor_crossedLegs,250,,Sitting,,0.976,0.0,166.7923
SitFloor_crossedLegs,251,,Sitting,,0.976,0.0,162.8093
SitFloor_crossedLegs,252,,Sitting,,0.977,0.0,152.2832
SitFloor_crossedLegs,253,,Sitting,,0.978,0.0,166.1394
SitFloor_crossedLegs,254,,Sitting,,0.979,0.0,164.2416
SitFloor_crossedLegs,255,,Sitting,,0.98,0.0,168.7397
SitFloor_crossedLegs,256,,Sitting,,0.981,0.0,153.9388
SitFloor_crossedLegs,257,,Sitting,,0.983,0.0,111.9148
SitFloor_crossedLegs,258,,Sitting,,0.984,0.0,105.266
SitFloor_crossedLegs,259,,Sitting,,0.985,0.0,145.1149
SitFloor_crossedLegs,260,,Sitting,,0.986,0.0,197.4856
SitFloor_crossedLegs,261,,Sitting,,0.986,0.0,147.3352
SitFloor_crossedLegs,262,,Sitting,,0.987,0.0,121.1438
SitFloor_crossedLegs,263,,Sitting,,0.987,0.0,159.7458
SitFloor_crossedLegs,264,,Sitting,,0.987,0.0,146.7713
SitFloor_crossedLegs,265,,Sitting,,0.986,0.0,250.6723
SitFloor_crossedLegs,266,,Sitting,,0.985,0.0,172.349
SitFloor_crossedLegs,267,,Sitting,,0.983,0.0,133.1908
SitFloor_crossedLegs,268,,Sitting,,0.981,0.0,121.9119
SitFloor_crossedLegs,269,,Sitting,,0.979,0.0,127.1792
SitFloor_crossedLegs,270,,Sitting,,0.971,0.0,123.129
SitFloor_crossedLegs,271,,Sitting,,0.968,0.0,145.4243
SitFloor_crossedLegs,272,,Sitting,,0.968,0.0,190.4641
SitFloor_crossedLegs,273,,Sitting,,0.955,0.0,1121.6963
SitFloor_crossedLegs,274,,Sitting,,0.949,0.0,376.8271
SitFloor_crossedLegs,275,,Sitting,,0.943,0.0,269.3415
SitFloor_crossedLegs,276,,Sitting,,0.927,0.0,235.1877
SitFloor_crossedLegs,277,,Sitting,,0.9,0.0,178.0339
SitFloor_crossedLegs,278,,Sitting,,0.893,0.0,203.9983
SitFloor_crossedLegs,279,,Sitting,,0.843,0.0,182.5075
SitFloor_crossedLegs,280,,Sitting,,0.806,0.0,167.9293
SitFloor_crossedLegs,281,,Sitting,,0.793,0.0,158.3258
SitFloor_crossedLegs,282,,Sitting,,0.776,0.0,169.7815
SitFloor_crossedLegs,283,,Sitting,,0.718,0.0,143.0291
SitFloor_crossedLegs,284,,Sitting,,0.671,0.0,145.0961
SitFloor_crossedLegs,285,,Sitting,,0.602,0.0,184.6253
SitFloor_crossedLegs,286,,Sitting,,0.532,0.0,150.5124
SitFloor_crossedLegs,287,,Sitting,,0.488,0.0,141.9266
SitFloor_crossedLegs,288,,Sitting,,0.458,0.0,152.8532
SitFloor_crossedLegs,289,,Sitting,,0.383,0.0,166.0581
SitFloor_lowKeypoints_crossedLegs,31,,Lying,,0.81,0.0,143.5097
SitFloor_lowKeypoints_crossedLegs,32,,Lying,,0.867,0.0,141.2917
SitFloor_lowKeypoints_crossedLegs,33,,Lying,,0.897,0.0,139.3207
SitFloor_lowKeypoints_crossedLegs,34,,Lying,,0.916,0.0,204.1539
SitFloor_lowKeypoints_crossedLegs,35,,Lying,,0.932,0.0,134.8328
SitFloor_lowKeypoints_crossedLegs,36,,Lying,,0.946,0.0,111.2593
SitFloor_lowKeypoints_crossedLegs,37,,Lying,,0.948,0.0,101.278
SitFloor_lowKeypoints_crossedLegs,38,,Lying,,0.946,0.0,101.6639
SitFloor_lowKeypoints_crossedLegs,39,,Lying,,0.943,0.0,112.2335
SitFloor_lowKeypoints_crossedLegs,40,,Lying,,0.925,0.0,139.8447
SitFloor_lowKeypoints_crossedLegs,41,,Lying,,0.942,0.0,124.6209
SitFloor_lowKeypoints_crossedLegs,42,,Lying,,0.94,0.0,99.63
SitFloor_lowKeypoints_crossedLegs,43,,Lying,,0.937,0.0,114.9996
SitFloor_lowKeypoints_crossedLegs,44,,Lying,,0.946,0.0,122.6122
SitFloor_lowKeypoints_crossedLegs,45,,Lying,,0.944,0.0,168.4944
SitFloor_lowKeypoints_crossedLegs,46,,Lying,,0.909,0.0,165.0231
SitFloor_lowKeypoints_crossedLegs,47,,Lying,,0.873,0.0,131.7978
SitFloor_lowKeypoints_crossedLegs,48,,Lying,,0.811,0.0,105.6916
SitFloor_lowKeypoints_crossedLegs,49,,Lying,,0.743,0.0,124.9939
SitFloor_lowKeypoints_crossedLegs,50,,Lying,,0.695,0.0,108.6262
SitFloor_lowKeypoints_crossedLegs,51,,Lying,,0.685,0.0,110.6893
SitFloor_lowKeypoints_crossedLegs,52,,Lying,,0.67,0.0,120.4846
SitFloor_lowKeypoints_crossedLegs,53,,Lying,,0.721,0.0,117.7124
SitFloor_lowKeypoints_crossedLegs,54,,Lying,,0.633,0.0,83.7884
SitFloor_lowKeypoints_crossedLegs,55,,Lying,,0.695,0.0,114.3155
SitFloor_lowKeypoints_crossedLegs,56,,Lying,,0.585,0.0,103.2041
SitFloor_lowKeypoints_crossedLegs,57,,Lying,,0.621,0.0,81.098
SitFloor_lowKeypoints_crossedLegs,58,,Lying,,0.724,0.0,72.4278
SitFloor_lowKeypoints_crossedLegs,59,,Lying,,0.673,0.0,79.5578
SitFloor_lowKeypoints_crossedLegs,60,,Lying,,0.577,0.0,81.1468
SitFloor_lowKeypoints_crossedLegs,61,,Lying,,0.693,0.0,72.0004
SitFloor_lowKeypoints_crossedLegs,62,,Lying,,0.509,0.0,70.0396
SitFloor_lowKeypoints_crossedLegs,63,,Lying,,0.638,0.0,77.1507
SitFloor_lowKeypoints_crossedLegs,64,,Lying,,0.572,0.0,72.3747
SitFloor_lowKeypoints_crossedLegs,65,,Lying,,0.679,0.0,78.7638
SitFloor_lowKeypoints_crossedLegs,66,,Lying,,0.615,0.0,89.0794
SitFloor_lowKeypoints_crossedLegs,67,,Lying,,0.477,0.0,153.7422
SitFloor_lowKeypoints_crossedLegs,68,,Lying,,0.511,0.0,151.557
SitFloor_lowKeypoints_crossedLegs,69,,Lying,,0.485,0.0,242.8047
SitFloor_lowKeypoints_crossedLegs,70,,Lying,,0.394,0.0,320.5228
SitFloor_lowKeypoints_crossedLegs,71,,Sitting,,0.431,0.0,169.6906
SitFloor_lowKeypoints_crossedLegs,72,,Sitting,,0.486,0.0,158.7802
SitFloor_lowKeypoints_crossedLegs,73,,Sitting,,0.492,0.0,142.2483
SitFloor_lowKeypoints_crossedLegs,74,,Sitting,,0.472,0.0,129.878
SitFloor_lowKeypoints_crossedLegs,75,,Lying,,0.436,0.0,113.3128
SitFloor_lowKeypoints_crossedLegs,76,,Sitting,,0.433,0.0,204.5362
SitFloor_lowKeypoints_crossedLegs,77,,Lying,,0.43,0.0,150.0474
SitFloor_lowKeypoints_crossedLegs,78,,Lying,,0.487,0.0,131.5658
SitFloor_lowKeypoints_crossedLegs,79,,Lying,,0.554,0.0,118.1986
SitFloor_lowKeypoints_crossedLegs,80,,Lying,,0.709,0.0,107.5328
SitFloor_lowKeypoints_crossedLegs,81,,Lying,,0.756,0.0,106.8318
SitFloor_lowKeypoints_crossedLegs,82,,Lying,,0.773,0.0,129.3515
SitFloor_lowKeypoints_crossedLegs,83,,Lying,,0.799,0.0,145.6368
SitFloor_lowKeypoints_crossedLegs,84,,Lying,,0.697,0.0,111.822
SitFloor_lowKeypoints_crossedLegs,85,,Lying,,0.643,0.0,115.0667
SitFloor_lowKeypoints_crossedLegs,86,Sitting,Lying,False,0.733,0.0,108.557
SitFloor_lowKeypoints_crossedLegs,87,Sitting,Lying,False,0.778,0.0,115.4236
SitFloor_lowKeypoints_crossedLegs,88,Sitting,Lying,False,0.828,0.0,91.6517
SitFloor_lowKeypoints_crossedLegs,89,Sitting,Lying,False,0.855,0.0,86.1215
SitFloor_lowKeypoints_crossedLegs,90,Sitting,Lying,False,0.868,0.0,80.052
SitFloor_lowKeypoints_crossedLegs,91,Sitting,Lying,False,0.896,0.0,75.342
SitFloor_lowKeypoints_crossedLegs,92,Sitting,Lying,False,0.919,0.0,92.0353
SitFloor_lowKeypoints_crossedLegs,93,Sitting,Lying,False,0.933,0.0,72.492
SitFloor_lowKeypoints_crossedLegs,94,Sitting,Lying,False,0.939,0.0,67.8019
SitFloor_lowKeypoints_crossedLegs,95,Sitting,Lying,False,0.943,0.0,69.0217
SitFloor_lowKeypoints_crossedLegs,96,Sitting,Lying,False,0.94,0.0,64.7476
SitFloor_lowKeypoints_crossedLegs,97,Sitting,Lying,False,0.94,0.0,74.099
SitFloor_lowKeypoints_crossedLegs,98,Sitting,Lying,False,0.931,0.0,89.6747
SitFloor_lowKeypoints_crossedLegs,99,Sitting,Lying,False,0.922,0.0,109.5934
SitFloor_lowKeypoints_crossedLegs,100,Sitting,Lying,False,0.929,0.0,111.1117
SitFloor_lowKeypoints_crossedLegs,101,Sitting,Lying,False,0.918,0.0,113.868
SitFloor_lowKeypoints_crossedLegs,102,Sitting,Lying,False,0.908,0.0,106.6023
SitFloor_lowKeypoints_crossedLegs,103,Sitting,Lying,False,0.906,0.0,126.9346
SitFloor_lowKeypoints_crossedLegs,104,Sitting,Lying,False,0.917,0.0,108.7421
SitFloor_lowKeypoints_crossedLegs,105,Sitting,Lying,False,0.88,0.0,93.7366
SitFloor_lowKeypoints_crossedLegs,106,Sitting,Lying,False,0.836,0.0,104.4251
SitFloor_lowKeypoints_crossedLegs,107,Sitting,Lying,False,0.837,0.0,93.9514
SitFloor_lowKeypoints_crossedLegs,108,Sitting,Lying,False,0.839,0.0,88.1886
SitFloor_lowKeypoints_crossedLegs,109,Sitting,Lying,False,0.842,0.0,91.8294
SitFloor_lowKeypoints_crossedLegs,110,Sitting,Lying,False,0.846,0.0,79.4172
SitFloor_lowKeypoints_crossedLegs,111,Sitting,Lying,False,0.857,0.0,92.7708
SitFloor_lowKeypoints_crossedLegs,112,Sitting,Lying,False,0.868,0.0,109.1438
SitFloor_lowKeypoints_crossedLegs,113,Sitting,Lying,False,0.882,0.0,89.5406
SitFloor_lowKeypoints_crossedLegs,114,Sitting,Lying,False,0.813,0.0,96.4957
SitFloor_lowKeypoints_crossedLegs,115,Sitting,Lying,False,0.846,0.0,85.802
SitFloor_lowKeypoints_crossedLegs,116,Sitting,Lying,False,0.866,0.0,78.6768
SitFloor_lowKeypoints_crossedLegs,117,Sitting,Lying,False,0.862,0.0,83.8341
SitFloor_lowKeypoints_crossedLegs,118,Sitting,Lying,False,0.879,0.0,82.392
SitFloor_lowKeypoints_crossedLegs,119,Sitting,Lying,False,0.898,0.0,73.2783
SitFloor_lowKeypoints_crossedLegs,120,Sitting,Lying,False,0.905,0.0,77.8676
SitFloor_lowKeypoints_crossedLegs,121,Sitting,Lying,False,0.89,0.0,99.3691
SitFloor_lowKeypoints_crossedLegs,122,Sitting,Lying,False,0.875,0.0,111.0567
SitFloor_lowKeypoints_crossedLegs,123,Sitting,Lying,False,0.863,0.0,93.3353
SitFloor_lowKeypoints_crossedLegs,124,Sitting,Lying,False,0.857,0.0,111.3975
SitFloor_lowKeypoints_crossedLegs,125,Sitting,Lying,False,0.881,0.0,115.707
SitFloor_lowKeypoints_crossedLegs,126,Sitting,Lying,False,0.892,0.0,126.5909
SitFloor_lowKeypoints_crossedLegs,127,Sitting,Lying,False,0.882,0.0,106.2946
SitFloor_lowKeypoints_crossedLegs,128,Sitting,Lying,False,0.907,0.0,98.0137
SitFloor_lowKeypoints_crossedLegs,129,Sitting,Lying,False,0.902,0.0,96.3557
SitFloor_lowKeypoints_crossedLegs,130,Sitting,Lying,False,0.897,0.0,99.2066
SitFloor_lowKeypoints_crossedLegs,131,Sitting,Lying,False,0.894,0.0,105.903
SitFloor_lowKeypoints_crossedLegs,132,Sitting,Lying,False,0.915,0.0,110.6037
SitFloor_lowKeypoints_crossedLegs,133,Sitting,Lying,False,0.924,0.0,117.2786
SitFloor_lowKeypoints_crossedLegs,134,Sitting,Lying,False,0.924,0.0,123.406
SitFloor_lowKeypoints_crossedLegs,135,Sitting,Lying,False,0.914,0.0,130.2709
SitFloor_lowKeypoints_crossedLegs,136,Sitting,Lying,False,0.913,0.0,145.2681
SitFloor_lowKeypoints_crossedLegs,137,Sitting,Lying,False,0.913,0.0,162.6234
SitFloor_lowKeypoints_crossedLegs,138,Sitting,Lying,False,0.921,0.0,163.8286
SitFloor_lowKeypoints_crossedLegs,139,Sitting,Lying,False,0.922,0.0,155.9889
SitFloor_lowKeypoints_crossedLegs,140,Sitting,Lying,False,0.919,0.0,136.0602
SitFloor_lowKeypoints_crossedLegs,141,Sitting,Lying,False,0.924,0.0,144.9357
SitFloor_lowKeypoints_crossedLegs,142,Sitting,Lying,False,0.925,0.0,132.5662
SitFloor_lowKeypoints_crossedLegs,143,Sitting,Lying,False,0.928,0.0,153.9975
SitFloor_lowKeypoints_crossedLegs,144,Sitting,Lying,False,0.925,0.0,144.7167
SitFloor_lowKeypoints_crossedLegs,145,Sitting,Lying,False,0.926,0.0,154.4415
SitFloor_lowKeypoints_crossedLegs,146,Sitting,Lying,False,0.927,0.0,146.8796
SitFloor_lowKeypoints_crossedLegs,147,Sitting,Lying,False,0.929,0.0,118.8583
SitFloor_lowKeypoints_crossedLegs,148,Sitting,Lying,False,0.909,0.0,135.0332
SitFloor_lowKeypoints_crossedLegs,149,Sitting,Lying,False,0.91,0.0,142.308
SitFloor_lowKeypoints_crossedLegs,150,Sitting,Lying,False,0.919,0.0,114.8924
SitFloor_lowKeypoints_crossedLegs,151,Sitting,Lying,False,0.908,0.0,115.9354
SitFloor_lowKeypoints_crossedLegs,152,Sitting,Lying,False,0.907,0.0,113.8896
SitFloor_lowKeypoints_crossedLegs,153,Sitting,Lying,False,0.916,0.0,136.4966
SitFloor_lowKeypoints_crossedLegs,154,Sitting,Lying,False,0.902,0.0,134.2654
SitFloor_lowKeypoints_crossedLegs,155,Sitting,Lying,False,0.899,0.0,130.0976
SitFloor_lowKeypoints_crossedLegs,156,Sitting,Lying,False,0.899,0.0,103.627
SitFloor_lowKeypoints_crossedLegs,157,Sitting,Lying,False,0.895,0.0,120.6121
SitFloor_lowKeypoints_crossedLegs,158,Sitting,Lying,False,0.882,0.0,107.4191
SitFloor_lowKeypoints_crossedLegs,159,Sitting,Lying,False,0.897,0.0,105.0447
SitFloor_lowKeypoints_crossedLegs,160,Sitting,Lying,False,0.88,0.0,97.161
SitFloor_lowKeypoints_crossedLegs,161,Sitting,Lying,False,0.873,0.0,100.9002
SitFloor_lowKeypoints_crossedLegs,162,Sitting,Lying,False,0.869,0.0,117.9644
SitFloor_lowKeypoints_crossedLegs,163,Sitting,Lying,False,0.869,0.0,96.3611
SitFloor_lowKeypoints_crossedLegs,164,Sitting,Lying,False,0.872,0.0,92.4888
SitFloor_lowKeypoints_crossedLegs,165,Sitting,Lying,False,0.862,0.0,102.4253
SitFloor_lowKeypoints_crossedLegs,166,Sitting,Lying,False,0.855,0.0,97.7042
SitFloor_lowKeypoints_crossedLegs,167,Sitting,Lying,False,0.833,0.0,103.5687
SitFloor_lowKeypoints_crossedLegs,168,Sitting,Lying,False,0.835,0.0,101.5083
SitFloor_lowKeypoints_crossedLegs,169,Sitting,Lying,False,0.838,0.0,97.8107
SitFloor_lowKeypoints_crossedLegs,170,Sitting,Lying,False,0.811,0.0,89.0767
SitFloor_lowKeypoints_crossedLegs,171,Sitting,Lying,False,0.825,0.0,91.4783
SitFloor_lowKeypoints_crossedLegs,172,Sitting,Lying,False,0.831,0.0,92.2369
SitFloor_lowKeypoints_crossedLegs,173,Sitting,Lying,False,0.815,0.0,77.9978
SitFloor_lowKeypoints_crossedLegs,174,Sitting,Lying,False,0.822,0.0,88.0028
SitFloor_lowKeypoints_crossedLegs,175,Sitting,Lying,False,0.816,0.0,73.3903
SitFloor_lowKeypoints_crossedLegs,176,Sitting,Lying,False,0.811,0.0,81.9125
SitFloor_lowKeypoints_crossedLegs,177,Sitting,Lying,False,0.795,0.0,93.3162
SitFloor_lowKeypoints_crossedLegs,178,Sitting,Lying,False,0.808,0.0,70.3741
SitFloor_lowKeypoints_crossedLegs,179,Sitting,Lying,False,0.811,0.0,67.1215
SitFloor_lowKeypoints_crossedLegs,180,Sitting,Lying,False,0.813,0.0,64.9758
SitFloor_lowKeypoints_crossedLegs,181,Sitting,Lying,False,0.822,0.0,62.2026
SitFloor_lowKeypoints_crossedLegs,182,Sitting,Lying,False,0.808,0.0,72.1996
SitFloor_lowKeypoints_crossedLegs,183,Sitting,Lying,False,0.819,0.0,130.6641
SitFloor_lowKeypoints_crossedLegs,184,Sitting,Lying,False,0.826,0.0,111.795
SitFloor_lowKeypoints_crossedLegs,185,Sitting,Lying,False,0.835,0.0,104.955
SitFloor_lowKeypoints_crossedLegs,186,Sitting,Lying,False,0.833,0.0,131.8606
SitFloor_lowKeypoints_crossedLegs,187,Sitting,Lying,False,0.832,0.0,136.647
SitFloor_lowKeypoints_crossedLegs,188,Sitting,Lying,False,0.84,0.0,103.2868
SitFloor_lowKeypoints_crossedLegs,189,Sitting,Lying,False,0.855,0.0,94.6461
SitFloor_lowKeypoints_crossedLegs,190,Sitting,Lying,False,0.832,0.0,105.8188
SitFloor_lowKeypoints_crossedLegs,191,Sitting,Lying,False,0.86,0.0,114.9839
SitFloor_lowKeypoints_crossedLegs,192,Sitting,Lying,False,0.871,0.0,103.7272
SitFloor_lowKeypoints_crossedLegs,193,Sitting,Lying,False,0.877,0.0,87.1183
SitFloor_lowKeypoints_crossedLegs,194,Sitting,Lying,False,0.87,0.0,86.2973
SitFloor_lowKeypoints_crossedLegs,195,Sitting,Lying,False,0.872,0.0,78.9937
SitFloor_lowKeypoints_crossedLegs,196,Sitting,Lying,False,0.876,0.0,76.3821
SitFloor_lowKeypoints_crossedLegs,197,Sitting,Lying,False,0.885,0.0,91.5714
SitFloor_lowKeypoints_crossedLegs,198,Sitting,Lying,False,0.897,0.0,78.012
SitFloor_lowKeypoints_crossedLegs,199,Sitting,Lying,False,0.896,0.0,77.983
SitFloor_lowKeypoints_crossedLegs,200,Sitting,Lying,False,0.894,0.0,74.9687
SitFloor_lowKeypoints_crossedLegs,201,,Lying,,0.908,0.0,76.136
SitFloor_lowKeypoints_crossedLegs,202,,Lying,,0.918,0.0,79.757
SitFloor_lowKeypoints_crossedLegs,203,,Lying,,0.931,0.0,91.7838
SitFloor_lowKeypoints_crossedLegs,204,,Lying,,0.937,0.0,85.2854
SitFloor_lowKeypoints_crossedLegs,205,,Lying,,0.936,0.0,94.3084
SitFloor_lowKeypoints_crossedLegs,206,,Lying,,0.934,0.0,100.7701
SitFloor_lowKeypoints_crossedLegs,207,,Lying,,0.948,0.0,107.8372
SitFloor_lowKeypoints_crossedLegs,208,,Lying,,0.941,0.0,80.104
SitFloor_lowKeypoints_crossedLegs,209,,Lying,,0.94,0.0,113.7032
SitFloor_lowKeypoints_crossedLegs,210,,Lying,,0.943,0.0,95.6622
SitFloor_lowKeypoints_crossedLegs,211,,Lying,,0.934,0.0,102.1007
SitFloor_lowKeypoints_crossedLegs,212,,Lying,,0.933,0.0,104.4923
SitFloor_lowKeypoints_crossedLegs,213,,Lying,,0.942,0.0,123.1067
SitFloor_lowKeypoints_crossedLegs,214,,Lying,,0.939,0.0,99.053
SitFloor_lowKeypoints_crossedLegs,215,,Lying,,0.942,0.0,111.3382
SitFloor_lowKeypoints_crossedLegs,216,,Lying,,0.937,0.0,85.111
SitFloor_lowKeypoints_crossedLegs,217,,Lying,,0.948,0.0,83.1137
SitFloor_lowKeypoints_crossedLegs,218,,Lying,,0.936,0.0,108.7488
SitFloor_lowKeypoints_crossedLegs,219,,Lying,,0.926,0.0,103.8864
SitFloor_lowKeypoints_crossedLegs,220,,Lying,,0.923,0.0,126.4832
SitFloor_lowKeypoints_crossedLegs,221,,Lying,,0.922,0.0,91.8516
SitFloor_lowKeypoints_crossedLegs,222,,Lying,,0.915,0.0,90.2035
SitFloor_lowKeypoints_crossedLegs,223,,Lying,,0.917,0.0,102.0252
SitFloor_lowKeypoints_crossedLegs,224,,Lying,,0.918,0.0,93.2209
SitFloor_lowKeypoints_crossedLegs,225,,Lying,,0.925,0.0,103.3592
SitFloor_lowKeypoints_crossedLegs,226,,Lying,,0.909,0.0,95.865
SitFloor_lowKeypoints_crossedLegs,227,,Lying,,0.918,0.0,110.667
SitFloor_lowKeypoints_crossedLegs,228,,Lying,,0.91,0.0,109.0028
SitFloor_lowKeypoints_crossedLegs,229,,Lying,,0.915,0.0,110.3625
SitFloor_lowKeypoints_crossedLegs,230,,Lying,,0.923,0.0,132.5146
SitFloor_lowKeypoints_crossedLegs,231,,Lying,,0.936,0.0,149.7628
SitFloor_lowKeypoints_crossedLegs,232,,Lying,,0.903,0.0,121.8831
SitFloor_lowKeypoints_crossedLegs,233,,Lying,,0.91,0.0,103.9498
SitFloor_lowKeypoints_crossedLegs,234,,Lying,,0.917,0.0,82.587
SitFloor_lowKeypoints_crossedLegs,235,,Lying,,0.915,0.0,77.9847
SitFloor_lowKeypoints_crossedLegs,236,,Lying,,0.918,0.0,70.21
SitFloor_lowKeypoints_crossedLegs,237,,Lying,,0.937,0.0,68.6351
SitFloor_lowKeypoints_crossedLegs,238,,Lying,,0.944,0.0,66.6623
SitFloor_lowKeypoints_crossedLegs,239,,Lying,,0.948,0.0,71.25
SitFloor_lowKeypoints_crossedLegs,240,,Lying,,0.942,0.0,73.5431
SitFloor_lowKeypoints_crossedLegs,241,,Lying,,0.942,0.0,74.0857
SitFloor_lowKeypoints_crossedLegs,242,,Lying,,0.944,0.0,69.3917
SitFloor_lowKeypoints_crossedLegs,243,,Lying,,0.949,0.0,70.061
SitFloor_lowKeypoints_crossedLegs,244,,Lying,,0.952,0.0,64.029
SitFloor_lowKeypoints_crossedLegs,245,,Lying,,0.957,0.0,73.2741
SitFloor_lowKeypoints_crossedLegs,246,,Lying,,0.961,0.0,64.0576
SitFloor_lowKeypoints_crossedLegs,247,,Lying,,0.961,0.0,74.5537
SitFloor_lowKeypoints_crossedLegs,248,,Lying,,0.952,0.0,88.2805
SitFloor_lowKeypoints_crossedLegs,249,,Lying,,0.966,0.0,78.4566
SitFloor_lowKeypoints_crossedLegs,250,,Lying,,0.969,0.0,79.0628
SitFloor_lowKeypoints_crossedLegs,251,,Lying,,0.982,0.0,89.1955
SitFloor_lowKeypoints_crossedLegs,252,,Lying,,0.983,0.0,82.3936
SitFloor_lowKeypoints_crossedLegs,253,,Lying,,0.985,0.0,81.7604
SitFloor_lowKeypoints_crossedLegs,254,,Lying,,0.984,0.0,69.5224
SitFloor_lowKeypoints_crossedLegs,255,,Lying,,0.983,0.0,69.6798
SitFloor_lowKeypoints_crossedLegs,256,,Lying,,0.979,0.0,66.3525
SitFloor_lowKeypoints_crossedLegs,257,,Lying,,0.976,0.0,75.8533
SitFloor_lowKeypoints_crossedLegs,258,,Lying,,0.966,0.0,85.0952
SitFloor_lowKeypoints_crossedLegs,259,,Lying,,0.964,0.0,66.5053
SitFloor_lowKeypoints_crossedLegs,260,,Lying,,0.957,0.0,67.1337
SitFloor_lowKeypoints_crossedLegs,261,,Lying,,0.933,0.0,75.1531
SitFloor_lowKeypoints_crossedLegs,262,,Lying,,0.919,0.0,65.3803
SitFloor_lowKeypoints_crossedLegs,263,,Lying,,0.897,0.0,63.1935
SitFloor_lowKeypoints_crossedLegs,264,,Lying,,0.886,0.0,63.5947
SitFloor_lowKeypoints_crossedLegs,265,,Lying,,0.864,0.0,82.97
SitFloor_lowKeypoints_crossedLegs,266,,Lying,,0.823,0.0,105.1377
SitFloor_lowKeypoints_crossedLegs,267,,Lying,,0.771,0.0,77.5706
SitFloor_lowKeypoints_crossedLegs,268,,Lying,,0.794,0.0,82.2358
SitFloor_lowKeypoints_crossedLegs,269,,Lying,,0.779,0.0,80.1287
SitFloor_lowKeypoints_crossedLegs,270,,Lying,,0.85,0.0,98.4411
SitFloor_lowKeypoints_crossedLegs,271,,Lying,,0.823,0.0,93.5069
SitFloor_lowKeypoints_crossedLegs,272,,Lying,,0.888,0.0,86.6903
SitFloor_lowKeypoints_crossedLegs,273,,Lying,,0.888,0.0,92.1283
SitFloor_lowKeypoints_crossedLegs,274,,Lying,,0.917,0.0,97.8761
SitFloor_lowKeypoints_crossedLegs,275,,Lying,,0.93,0.0,84.3687
SitFloor_lowKeypoints_crossedLegs,276,,Lying,,0.951,0.0,94.6143
SitFloor_lowKeypoints_crossedLegs,277,,Lying,,0.963,0.0,88.5964
SitFloor_lowKeypoints_crossedLegs,278,,Lying,,0.958,0.0,90.8604
SitFloor_lowKeypoints_crossedLegs,279,,Lying,,0.958,0.0,104.6623
SitFloor_lowKeypoints_crossedLegs,280,,Lying,,0.942,0.0,100.4702
SitFloor_lowKeypoints_crossedLegs,281,,Lying,,0.932,0.0,102.7392
SitFloor_lowKeypoints_crossedLegs,282,,Lying,,0.948,0.0,90.1941
SitFloor_lowKeypoints_crossedLegs,283,,Lying,,0.951,0.0,83.2104
SitFloor_lowKeypoints_crossedLegs,284,,Lying,,0.953,0.0,82.8391
SitFloor_lowKeypoints_crossedLegs,285,,Lying,,0.966,0.0,87.6264
SitFloor_lowKeypoints_crossedLegs,286,,Lying,,0.944,0.0,84.6699
SitFloor_lowKeypoints_crossedLegs,287,,Lying,,0.902,0.0,80.6948
SitFloor_lowKeypoints_crossedLegs,288,,Lying,,0.848,0.0,81.6086
SitFloor_lowKeypoints_crossedLegs,289,,Lying,,0.863,0.0,78.7992
SitFloor_lowKeypoints_crossedLegs,290,,Lying,,0.856,0.0,70.3292
SitFloor_lowKeypoints_crossedLegs,291,,Lying,,0.725,0.0,71.2971
SitFloor_lowKeypoints_crossedLegs,292,,Lying,,0.615,0.0,69.5159
SitFloor_lowKeypoints_crossedLegs,293,,Lying,,0.536,0.0,66.06
SitFloor_lowKeypoints_crossedLegs,294,,Sitting,,0.553,0.0,65.5237
SitFloor_lowKeypoints_crossedLegs,295,,Sitting,,0.56,0.0,63.7423
SitFloor_lowKeypoints_crossedLegs,296,,Sitting,,0.637,0.0,70.7591
SitFloor_lowKeypoints_crossedLegs,297,,Sitting,,0.684,0.0,64.7953
SitFloor_lowKeypoints_crossedLegs,298,,Sitting,,0.744,0.0,63.5522
SitFloor_lowKeypoints_crossedLegs,299,,Sitting,,0.786,0.0,64.1256
SitFloor_lowKeypoints_crossedLegs,300,,Sitting,,0.782,0.0,73.1238
SitFloor_lowKeypoints_crossedLegs,301,,Sitting,,0.747,0.0,93.904
SitFloor_lowKeypoints_crossedLegs,302,,Sitting,,0.585,0.0,76.684
SitFloor_lowKeypoints_crossedLegs,303,,Sitting,,0.487,0.0,71.48
SitFloor_lowKeypoints_crossedLegs,304,,Standing,,0.583,0.0,86.8159
SitFloor_lowKeypoints_crossedLegs,305,,Standing,,0.795,0.0,91.08
SitFloor_lowKeypoints_crossedLegs,306,,Standing,,0.925,0.0,82.2887
SitFloor_lowKeypoints_crossedLegs,307,,Standing,,0.955,0.0,77.3738
SitFloor_lowKeypoints_crossedLegs,308,,Standing,,0.976,0.0,89.691
SitFloor_lowKeypoints_crossedLegs,309,,Standing,,0.985,0.0,104.2923
SitFloor_lowKeypoints_crossedLegs,310,,Standing,,0.99,0.0,92.5608
SitFloor_lowKeypoints_crossedLegs,311,,Standing,,0.99,0.0,101.8778
SitFloor_lowKeypoints_crossedLegs,312,,Standing,,0.992,0.0,109.3742
SitFloor_lowKeypoints_crossedLegs,313,,Standing,,0.994,0.0,119.0968
SitFloor_lowKeypoints_crossedLegs,314,,Standing,,0.997,0.0,91.6773
SitFloor_lowKeypoints_crossedLegs,315,,Standing,,0.996,0.0,82.7029
SitFloor_lowKeypoints,31,Standing,Standing,True,0.995,0.0,93.233
SitFloor_lowKeypoints,32,Standing,Standing,True,0.995,0.0,77.1655
SitFloor_lowKeypoints,33,Standing,Standing,True,0.995,0.0,76.7813
SitFloor_lowKeypoints,34,Standing,Standing,True,0.995,0.0,75.6999
SitFloor_lowKeypoints,35,Standing,Standing,True,0.995,0.0,85.5705
SitFloor_lowKeypoints,36,Standing,Standing,True,0.995,0.0,86.4994
SitFloor_lowKeypoints,37,Standing,Standing,True,0.995,0.0,83.9039
SitFloor_lowKeypoints,38,Standing,Standing,True,0.995,0.0,83.5322
SitFloor_lowKeypoints,39,Standing,Standing,True,0.995,0.0,81.399
SitFloor_lowKeypoints,40,Standing,Standing,True,0.994,0.0,83.9872
SitFloor_lowKeypoints,41,Standing,Standing,True,0.994,0.0,106.227
SitFloor_lowKeypoints,42,Standing,Standing,True,0.994,0.0,131.1446
SitFloor_lowKeypoints,43,Standing,Standing,True,0.993,0.0,101.9036
SitFloor_lowKeypoints,44,Standing,Standing,True,0.993,0.0,104.5562
SitFloor_lowKeypoints,45,Standing,Standing,True,0.993,0.0,114.9792
SitFloor_lowKeypoints,46,Standing,Standing,True,0.993,0.0,95.7793
SitFloor_lowKeypoints,47,Standing,Standing,True,0.993,0.0,94.0252
SitFloor_lowKeypoints,48,Standing,Standing,True,0.993,0.0,87.0269
SitFloor_lowKeypoints,49,Standing,Standing,True,0.993,0.0,105.0029
SitFloor_lowKeypoints,50,Standing,Standing,True,0.993,0.0,106.0246
SitFloor_lowKeypoints,51,Standing,Standing,True,0.994,0.0,112.3933
SitFloor_lowKeypoints,52,Standing,Standing,True,0.994,0.0,91.0577
SitFloor_lowKeypoints,53,Standing,Standing,True,0.993,0.0,88.7251
SitFloor_lowKeypoints,54,Standing,Standing,True,0.992,0.0,93.0529
SitFloor_lowKeypoints,55,Standing,Standing,True,0.992,0.0,92.4304
SitFloor_lowKeypoints,56,Standing,Standing,True,0.992,0.0,103.2962
SitFloor_lowKeypoints,57,Standing,Standing,True,0.992,0.0,98.8368
SitFloor_lowKeypoints,58,,Standing,,0.991,0.0,88.9315
SitFloor_lowKeypoints,59,,Standing,,0.991,0.0,145.3926
SitFloor_lowKeypoints,60,,Standing,,0.991,0.0,135.3876
SitFloor_lowKeypoints,61,,Standing,,0.991,0.0,141.3017
SitFloor_lowKeypoints,62,,Standing,,0.991,0.0,151.8278
SitFloor_lowKeypoints,63,,Standing,,0.991,0.0,118.2577
SitFloor_lowKeypoints,64,,Standing,,0.992,0.0,112.4454
SitFloor_lowKeypoints,65,,Standing,,0.992,0.0,99.0391
SitFloor_lowKeypoints,66,,Standing,,0.992,0.0,88.133
SitFloor_lowKeypoints,67,,Standing,,0.992,0.0,96.2154
SitFloor_lowKeypoints,68,,Standing,,0.992,0.0,115.408
SitFloor_lowKeypoints,69,,Standing,,0.992,0.0,131.6356
SitFloor_lowKeypoints,70,,Standing,,0.991,0.0,113.1501
SitFloor_lowKeypoints,71,,Standing,,0.991,0.0,137.1154
SitFloor_lowKeypoints,72,,Standing,,0.991,0.0,128.1295
SitFloor_lowKeypoints,73,,Standing,,0.99,0.0,127.8809
SitFloor_lowKeypoints,74,,Standing,,0.989,0.0,117.7041
SitFloor_lowKeypoints,75,,Standing,,0.988,0.0,101.1497
SitFloor_lowKeypoints,76,,Standing,,0.986,0.0,122.9032
SitFloor_lowKeypoints,77,,Standing,,0.983,0.0,108.0237
SitFloor_lowKeypoints,78,,Standing,,0.978,0.0,114.5897
SitFloor_lowKeypoints,79,,Standing,,0.971,0.0,109.1037
SitFloor_lowKeypoints,80,,Standing,,0.957,0.0,131.3561
SitFloor_lowKeypoints,81,,Standing,,0.938,0.0,107.75
SitFloor_lowKeypoints,82,,Standing,,0.899,0.0,131.335
SitFloor_lowKeypoints,83,,Standing,,0.845,0.0,119.5648
SitFloor_lowKeypoints,84,,Standing,,0.77,0.0,106.9882
SitFloor_lowKeypoints,85,,Standing,,0.676,0.0,92.4679
SitFloor_lowKeypoints,86,,Standing,,0.526,0.0,84.0891
SitFloor_lowKeypoints,87,,Standing,,0.376,0.0,81.8246
SitFloor_lowKeypoints,88,,Sitting,,0.339,0.0,98.0516
SitFloor_lowKeypoints,89,,Lying,,0.349,0.0,88.9669
SitFloor_lowKeypoints,90,,Lying,,0.402,0.0,83.7367
SitFloor_lowKeypoints,91,,Lying,,0.454,0.0,96.3501
SitFloor_lowKeypoints,92,,Lying,,0.573,0.0,87.6696
SitFloor_lowKeypoints,93,,Lying,,0.644,0.0,77.9324
SitFloor_lowKeypoints,94,,Lying,,0.732,0.0,76.1797
SitFloor_lowKeypoints,95,,Lying,,0.797,0.0,81.2674
SitFloor_lowKeypoints,96,,Lying,,0.843,0.0,110.2613
SitFloor_lowKeypoints,97,,Lying,,0.88,0.0,99.7158
SitFloor_lowKeypoints,98,,Lying,,0.906,0.0,102.6495
SitFloor_lowKeypoints,99,,Lying,,0.915,0.0,101.0208
SitFloor_lowKeypoints,100,,Lying,,0.923,0.0,114.8427
SitFloor_lowKeypoints,101,,Lying,,0.921,0.0,131.0502
SitFloor_lowKeypoints,102,,Lying,,0.937,0.0,134.9584
SitFloor_lowKeypoints,103,,Lying,,0.937,0.0,115.394
SitFloor_lowKeypoints,104,,Lying,,0.95,0.0,116.2488
SitFloor_lowKeypoints,105,,Lying,,0.952,0.0,113.6869
SitFloor_lowKeypoints,106,,Lying,,0.953,0.0,138.2622
SitFloor_lowKeypoints,107,,Lying,,0.957,0.0,103.39
SitFloor_lowKeypoints,108,,Lying,,0.927,0.0,120.6503
SitFloor_lowKeypoints,109,,Lying,,0.914,0.0,133.778
SitFloor_lowKeypoints,110,,Lying,,0.9,0.0,124.6293
SitFloor_lowKeypoints,111,,Lying,,0.887,0.0,121.3644
SitFloor_lowKeypoints,112,,Lying,,0.798,0.0,94.0875
SitFloor_lowKeypoints,113,,Lying,,0.788,0.0,90.9789
SitFloor_lowKeypoints,114,,Lying,,0.771,0.0,78.8187
SitFloor_lowKeypoints,115,,Lying,,0.791,0.0,83.7879
SitFloor_lowKeypoints,116,,Lying,,0.766,0.0,73.9862
SitFloor_lowKeypoints,117,Sitting,Lying,False,0.72,0.0,67.8785
SitFloor_lowKeypoints,118,Sitting,Lying,False,0.746,0.0,70.7093
SitFloor_lowKeypoints,119,Sitting,Lying,False,0.83,0.0,66.3716
SitFloor_lowKeypoints,120,Sitting,Lying,False,0.842,0.0,66.1522
SitFloor_lowKeypoints,121,Sitting,Lying,False,0.831,0.0,80.8824
SitFloor_lowKeypoints,122,Sitting,Lying,False,0.852,0.0,92.0119
SitFloor_lowKeypoints,123,Sitting,Lying,False,0.83,0.0,84.7763
SitFloor_lowKeypoints,124,Sitting,Lying,False,0.781,0.0,81.4117
SitFloor_lowKeypoints,125,Sitting,Lying,False,0.824,0.0,82.1789
SitFloor_lowKeypoints,126,Sitting,Lying,False,0.86,0.0,98.9715
SitFloor_lowKeypoints,127,Sitting,Lying,False,0.826,0.0,86.2702
SitFloor_lowKeypoints,128,Sitting,Lying,False,0.847,0.0,94.8675
SitFloor_lowKeypoints,129,Sitting,Lying,False,0.804,0.0,84.8853
SitFloor_lowKeypoints,130,Sitting,Lying,False,0.814,0.0,92.183
SitFloor_lowKeypoints,131,Sitting,Lying,False,0.805,0.0,113.8662
SitFloor_lowKeypoints,132,Sitting,Lying,False,0.601,0.0,103.1411
SitFloor_lowKeypoints,133,Sitting,Lying,False,0.643,0.0,104.2734
SitFloor_lowKeypoints,134,Sitting,Lying,False,0.549,0.0,78.2342
SitFloor_lowKeypoints,135,Sitting,Lying,False,0.534,0.0,72.3931
SitFloor_lowKeypoints,136,Sitting,Lying,False,0.522,0.0,70.4728
SitFloor_lowKeypoints,137,Sitting,Lying,False,0.643,0.0,69.4858
SitFloor_lowKeypoints,138,Sitting,Lying,False,0.694,0.0,67.6715
SitFloor_lowKeypoints,139,Sitting,Lying,False,0.68,0.0,69.773
SitFloor_lowKeypoints,140,Sitting,Lying,False,0.698,0.0,66.436
SitFloor_lowKeypoints,141,Sitting,Lying,False,0.668,0.0,70.4744
SitFloor_lowKeypoints,142,Sitting,Lying,False,0.636,0.0,66.0815
SitFloor_lowKeypoints,143,Sitting,Lying,False,0.713,0.0,68.2214
SitFloor_lowKeypoints,144,Sitting,Lying,False,0.695,0.0,61.4078
SitFloor_lowKeypoints,145,Sitting,Lying,False,0.589,0.0,61.4306
SitFloor_lowKeypoints,146,Sitting,Lying,False,0.517,0.0,62.3378
SitFloor_lowKeypoints,147,Sitting,Lying,False,0.512,0.0,64.3369
SitFloor_lowKeypoints,148,Sitting,Lying,False,0.474,0.0,73.4706
SitFloor_lowKeypoints,149,Sitting,Lying,False,0.526,0.0,79.3268
SitFloor_lowKeypoints,150,Sitting,Lying,False,0.574,0.0,78.8519
SitFloor_lowKeypoints,151,Sitting,Lying,False,0.652,0.0,77.5925
SitFloor_lowKeypoints,152,Sitting,Lying,False,0.746,0.0,93.0269
SitFloor_lowKeypoints,153,Sitting,Lying,False,0.813,0.0,107.7576
SitFloor_lowKeypoints,154,Sitting,Lying,False,0.844,0.0,120.2843
SitFloor_lowKeypoints,155,Sitting,Lying,False,0.875,0.0,91.9705
SitFloor_lowKeypoints,156,Sitting,Lying,False,0.901,0.0,86.2314
SitFloor_lowKeypoints,157,Sitting,Lying,False,0.919,0.0,79.2115
SitFloor_lowKeypoints,158,Sitting,Lying,False,0.935,0.0,74.1928
SitFloor_lowKeypoints,159,Sitting,Lying,False,0.947,0.0,72.3074
SitFloor_lowKeypoints,160,Sitting,Lying,False,0.95,0.0,71.611
SitFloor_lowKeypoints,161,Sitting,Lying,False,0.958,0.0,63.9342
SitFloor_lowKeypoints,162,Sitting,Lying,False,0.963,0.0,65.1128
SitFloor_lowKeypoints,163,Sitting,Lying,False,0.959,0.0,63.6773
SitFloor_lowKeypoints,164,Sitting,Lying,False,0.958,0.0,61.9508
SitFloor_lowKeypoints,165,Sitting,Lying,False,0.956,0.0,70.7488
SitFloor_lowKeypoints,166,Sitting,Lying,False,0.958,0.0,105.7163
SitFloor_lowKeypoints,167,Sitting,Lying,False,0.956,0.0,114.6789
SitFloor_lowKeypoints,168,Sitting,Lying,False,0.931,0.0,84.0473
SitFloor_lowKeypoints,169,Sitting,Lying,False,0.937,0.0,72.5989
SitFloor_lowKeypoints,170,Sitting,Lying,False,0.803,0.0,76.9776
SitFloor_lowKeypoints,171,Sitting,Lying,False,0.731,0.0,85.3151
SitFloor_lowKeypoints,172,Sitting,Lying,False,0.854,0.0,80.5538
SitFloor_lowKeypoints,173,Sitting,Lying,False,0.822,0.0,84.9825
SitFloor_lowKeypoints,174,Sitting,Lying,False,0.626,0.0,74.608
SitFloor_lowKeypoints,175,Sitting,Lying,False,0.565,0.0,69.1522
SitFloor_lowKeypoints,176,Sitting,Lying,False,0.567,0.0,67.3111
SitFloor_lowKeypoints,177,Sitting,Lying,False,0.651,0.0,65.1253
SitFloor_lowKeypoints,178,Sitting,Lying,False,0.66,0.0,63.9669
SitFloor_lowKeypoints,179,Sitting,Lying,False,0.641,0.0,68.0959
SitFloor_lowKeypoints,180,Sitting,Lying,False,0.624,0.0,61.2693
SitFloor_lowKeypoints,181,Sitting,Lying,False,0.719,0.0,83.6201
SitFloor_lowKeypoints,182,Sitting,Lying,False,0.723,0.0,63.8769
SitFloor_lowKeypoints,183,Sitting,Lying,False,0.739,0.0,63.1143
SitFloor_lowKeypoints,184,Sitting,Lying,False,0.767,0.0,61.5671
SitFloor_lowKeypoints,185,Sitting,Lying,False,0.774,0.0,62.2843
SitFloor_lowKeypoints,186,Sitting,Lying,False,0.796,0.0,67.177
SitFloor_lowKeypoints,187,Sitting,Lying,False,0.776,0.0,84.6173
SitFloor_lowKeypoints,188,Sitting,Lying,False,0.769,0.0,83.6858
SitFloor_lowKeypoints,189,Sitting,Lying,False,0.753,0.0,84.3946
SitFloor_lowKeypoints,190,Sitting,Lying,False,0.735,0.0,85.1818
SitFloor_lowKeypoints,191,Sitting,Lying,False,0.727,0.0,116.8384
SitFloor_lowKeypoints,192,Sitting,Lying,False,0.717,0.0,97.195
SitFloor_lowKeypoints,193,Sitting,Lying,False,0.71,0.0,99.0997
SitFloor_lowKeypoints,194,Sitting,Lying,False,0.695,0.0,103.0829
SitFloor_lowKeypoints,195,Sitting,Lying,False,0.691,0.0,100.0908
SitFloor_lowKeypoints,196,Sitting,Lying,False,0.682,0.0,93.2839
SitFloor_lowKeypoints,197,Sitting,Lying,False,0.669,0.0,108.2271
SitFloor_lowKeypoints,198,Sitting,Lying,False,0.657,0.0,96.6283
SitFloor_lowKeypoints,199,Sitting,Lying,False,0.642,0.0,103.7383
SitFloor_lowKeypoints,200,Sitting,Lying,False,0.608,0.0,105.1582
SitFloor_lowKeypoints,201,Sitting,Lying,False,0.563,0.0,93.0423
SitFloor_lowKeypoints,202,Sitting,Lying,False,0.553,0.0,105.5257
SitFloor_lowKeypoints,203,Sitting,Lying,False,0.53,0.0,99.2936
SitFloor_lowKeypoints,204,,Lying,,0.493,0.0,103.1728
SitFloor_lowKeypoints,205,,Lying,,0.437,0.0,93.9004
SitFloor_lowKeypoints,206,,Lying,,0.456,0.0,110.9386
SitFloor_lowKeypoints,207,,Lying,,0.45,0.0,106.1055
SitFloor_lowKeypoints,208,,Lying,,0.418,0.0,102.4155
SitFloor_lowKeypoints,209,,Lying,,0.387,0.0,113.0831
SitFloor_lowKeypoints,210,,Lying,,0.378,0.0,119.6464
SitFloor_lowKeypoints,211,,Lying,,0.487,0.0,133.2384
SitFloor_lowKeypoints,212,,Lying,,0.481,0.0,104.8627
SitFloor_lowKeypoints,213,,Lying,,0.412,0.0,126.3372
SitFloor_lowKeypoints,214,,Lying,,0.397,0.0,131.1959
SitFloor_lowKeypoints,215,,Lying,,0.394,0.0,127.1446
SitFloor_lowKeypoints,216,,Lying,,0.401,0.0,106.2767
SitFloor_lowKeypoints,217,,Lying,,0.413,0.0,99.0511
SitFloor_lowKeypoints,218,,Lying,,0.403,0.0,132.7263
SitFloor_lowKeypoints,219,,Lying,,0.394,0.0,102.1937
SitFloor_lowKeypoints,220,,Lying,,0.39,0.0,96.4175
SitFloor_lowKeypoints,221,,Lying,,0.387,0.0,101.4795
SitFloor_lowKeypoints,222,,Lying,,0.397,0.0,83.3359
SitFloor_lowKeypoints,223,,Lying,,0.4,0.0,91.0762
SitFloor_lowKeypoints,224,,Lying,,0.429,0.0,96.9082
SitFloor_lowKeypoints,225,,Lying,,0.402,0.0,78.544
SitFloor_lowKeypoints,226,,Lying,,0.407,0.0,91.4167
SitFloor_lowKeypoints,227,,Lying,,0.422,0.0,77.4636
SitFloor_lowKeypoints,228,,Lying,,0.437,0.0,98.305
SitFloor_lowKeypoints,229,,Lying,,0.435,0.0,110.1242
SitFloor_lowKeypoints,230,,Lying,,0.448,0.0,106.9456
SitFloor_lowKeypoints,231,,Lying,,0.49,0.0,95.915
SitFloor_lowKeypoints,232,,Lying,,0.543,0.0,105.8442
SitFloor_lowKeypoints,233,,Lying,,0.584,0.0,109.4383
SitFloor_lowKeypoints,234,,Lying,,0.632,0.0,103.8493
SitFloor_lowKeypoints,235,,Lying,,0.675,0.0,89.8165
SitFloor_lowKeypoints,236,,Lying,,0.711,0.0,111.167
SitFloor_lowKeypoints,237,,Lying,,0.728,0.0,106.0529
SitFloor_lowKeypoints,238,,Lying,,0.764,0.0,121.2902
SitFloor_lowKeypoints,239,,Lying,,0.807,0.0,107.1523
SitFloor_lowKeypoints,240,,Lying,,0.835,0.0,93.1038
SitFloor_lowKeypoints,241,,Lying,,0.856,0.0,81.3263
SitFloor_lowKeypoints,242,,Lying,,0.865,0.0,86.3557
SitFloor_lowKeypoints,243,,Lying,,0.87,0.0,76.938
SitFloor_lowKeypoints,244,,Lying,,0.841,0.0,85.4614
SitFloor_lowKeypoints,245,,Lying,,0.856,0.0,83.6808
SitFloor_lowKeypoints,246,,Lying,,0.863,0.0,83.2444
SitFloor_lowKeypoints,247,,Lying,,0.872,0.0,86.3375
SitFloor_lowKeypoints,248,,Lying,,0.877,0.0,80.9494
SitFloor_lowKeypoints,249,,Lying,,0.868,0.0,75.4377
SitFloor_lowKeypoints,250,,Lying,,0.868,0.0,73.7439
SitFloor_lowKeypoints,251,,Lying,,0.869,0.0,68.4019
SitFloor_lowKeypoints,252,,Lying,,0.879,0.0,68.1437
SitFloor_lowKeypoints,253,,Lying,,0.883,0.0,75.9863
SitFloor_lowKeypoints,254,,Lying,,0.888,0.0,72.1303
SitFloor_lowKeypoints,255,,Lying,,0.882,0.0,73.1689
SitFloor_lowKeypoints,256,,Lying,,0.911,0.0,71.7499
SitFloor_lowKeypoints,257,,Lying,,0.906,0.0,69.6225
SitFloor_lowKeypoints,258,,Lying,,0.906,0.0,80.4767
SitFloor_lowKeypoints,259,,Lying,,0.905,0.0,89.1403
SitFloor_lowKeypoints,260,,Lying,,0.899,0.0,78.6909
SitFloor_lowKeypoints,261,,Lying,,0.901,0.0,70.0925
SitFloor_lowKeypoints,262,,Lying,,0.916,0.0,67.7804
SitFloor_lowKeypoints,263,,Lying,,0.924,0.0,65.8753
SitFloor_lowKeypoints,264,,Lying,,0.94,0.0,66.9554
SitFloor_lowKeypoints,265,,Lying,,0.952,0.0,69.6954
SitFloor_lowKeypoints,266,,Lying,,0.958,0.0,65.4242
SitFloor_lowKeypoints,267,,Lying,,0.96,0.0,64.0151
SitFloor_lowKeypoints,268,,Lying,,0.97,0.0,61.5899
SitFloor_lowKeypoints,269,,Lying,,0.974,0.0,61.3534
SitFloor_lowKeypoints,270,,Lying,,0.979,0.0,60.8001
SitFloor_lowKeypoints,271,,Lying,,0.984,0.0,60.4379
SitFloor_lowKeypoints,272,,Lying,,0.987,0.0,71.2894
SitFloor_lowKeypoints,273,,Lying,,0.99,0.0,65.1426
SitFloor_lowKeypoints,274,,Lying,,0.993,0.0,68.265
SitFloor_lowKeypoints,275,,Lying,,0.992,0.0,81.5965
SitFloor_lowKeypoints,276,,Lying,,0.993,0.0,112.6477
SitFloor_lowKeypoints,277,,Lying,,0.992,0.0,90.4716
SitFloor_lowKeypoints,278,,Lying,,0.989,0.0,124.5114
SitFloor_lowKeypoints,279,,Lying,,0.989,0.0,145.982
SitFloor_lowKeypoints,280,,Lying,,0.983,0.0,152.3559
SitFloor_lowKeypoints,281,,Lying,,0.976,0.0,121.4096
SitFloor_lowKeypoints,282,,Lying,,0.974,0.0,126.3056
SitFloor_lowKeypoints,283,,Lying,,0.955,0.0,116.7865
SitFloor_lowKeypoints,284,,Lying,,0.929,0.0,115.6903
SitFloor_lowKeypoints,285,,Lying,,0.91,0.0,97.1508
SitFloor_lowKeypoints,286,,Lying,,0.834,0.0,94.8923
SitFloor_lowKeypoints,287,,Lying,,0.807,0.0,98.1502
SitFloor_lowKeypoints,288,,Lying,,0.722,0.0,125.1469
SitFloor_lowKeypoints,289,,Lying,,0.605,0.0,123.7173
SitFloor_lowKeypoints,290,,Lying,,0.551,0.0,112.3536
SitFloor_lowKeypoints,291,,Lying,,0.493,0.0,100.9703
SitFloor_lowKeypoints,292,,Lying,,0.448,0.0,92.6037
SitFloor_lowKeypoints,293,,Lying,,0.39,0.0,89.7035
SitFloor_lowKeypoints,294,,Standing,,0.421,0.0,81.2448
SitFloor_lowKeypoints,295,,Standing,,0.534,0.0,91.7525
SitFloor_lowKeypoints,296,,Standing,,0.691,0.0,98.4259
SitFloor_lowKeypoints,297,,Standing,,0.829,0.0,103.0883
SitFloor_lowKeypoints,298,,Standing,,0.906,0.0,87.5372
SitFloor_lowKeypoints,299,,Standing,,0.945,0.0,82.3756
SitFloor_lowKeypoints,300,,Standing,,0.971,0.0,100.0252
SitFloor_lowKeypoints,301,,Standing,,0.979,0.0,98.2129
SitFloor_lowKeypoints,302,,Standing,,0.993,0.0,110.9336
SitFloor_lowKeypoints,303,,Standing,,0.994,0.0,114.3402
SitFloor_lowKeypoints,304,,Standing,,0.994,0.0,101.7954
SitFloor_lowKeypoints,305,,Standing,,0.995,0.0,93.775
SitFloor_lowKeypoints,306,,Standing,,0.996,0.0,106.5153
Sitting_HalfLandmarks,31,,Standing,,0.971,0.0,83.5392
Sitting_HalfLandmarks,32,,Standing,,0.98,0.0,84.7422
Sitting_HalfLandmarks,33,,Standing,,0.986,0.0,79.8954
Sitting_HalfLandmarks,34,,Standing,,0.991,0.0,89.1867
Sitting_HalfLandmarks,35,,Standing,,0.993,0.0,88.8147
Sitting_HalfLandmarks,36,,Standing,,0.995,0.0,82.1942
Sitting_HalfLandmarks,37,,Standing,,0.995,0.0,82.8807
Sitting_HalfLandmarks,38,,Standing,,0.995,0.0,78.2551
Sitting_HalfLandmarks,39,,Standing,,0.996,0.0,86.6006
Sitting_HalfLandmarks,40,,Standing,,0.996,0.0,80.0339
Sitting_HalfLandmarks,41,,Standing,,0.996,0.0,96.4087
Sitting_HalfLandmarks,42,,Standing,,0.996,0.0,109.4607
Sitting_HalfLandmarks,43,,Standing,,0.996,0.0,123.147
Sitting_HalfLandmarks,44,,Standing,,0.996,0.0,112.1945
Sitting_HalfLandmarks,45,,Standing,,0.995,0.0,115.0736
Sitting_HalfLandmarks,46,,Standing,,0.995,0.0,106.6734
Sitting_HalfLandmarks,47,,Standing,,0.993,0.0,112.7311
Sitting_HalfLandmarks,48,,Standing,,0.992,0.0,104.6621
Sitting_HalfLandmarks,49,,Standing,,0.991,0.0,100.8018
Sitting_HalfLandmarks,50,,Standing,,0.987,0.0,96.8469
Sitting_HalfLandmarks,51,,Standing,,0.984,0.0,100.2172
Sitting_HalfLandmarks,52,,Standing,,0.983,0.0,116.4093
Sitting_HalfLandmarks,53,,Standing,,0.979,0.0,85.8652
Sitting_HalfLandmarks,54,,Standing,,0.977,0.0,82.3758
Sitting_HalfLandmarks,55,,Standing,,0.965,0.0,81.6492
Sitting_HalfLandmarks,56,,Standing,,0.962,0.0,97.5955
Sitting_HalfLandmarks,57,,Standing,,0.946,0.0,97.3418
Sitting_HalfLandmarks,58,,Standing,,0.946,0.0,82.9293
Sitting_HalfLandmarks,59,,Standing,,0.938,0.0,74.258
Sitting_HalfLandmarks,60,,Standing,,0.937,0.0,75.0818
Sitting_HalfLandmarks,61,,Standing,,0.931,0.0,76.1959
Sitting_HalfLandmarks,62,,Standing,,0.931,0.0,68.8642
Sitting_HalfLandmarks,63,,Standing,,0.925,0.0,69.1348
Sitting_HalfLandmarks,64,,Standing,,0.91,0.0,64.903
Sitting_HalfLandmarks,65,,Standing,,0.893,0.0,65.0965
Sitting_HalfLandmarks,66,,Standing,,0.906,0.0,61.9792
Sitting_HalfLandmarks,67,,Standing,,0.876,0.0,62.0713
Sitting_HalfLandmarks,68,,Standing,,0.866,0.0,64.553
Sitting_HalfLandmarks,69,,Standing,,0.872,0.0,63.1612
Sitting_HalfLandmarks,70,,Standing,,0.834,0.0,66.3907
Sitting_HalfLandmarks,71,,Standing,,0.782,0.0,79.0237
Sitting_HalfLandmarks,72,,Standing,,0.745,0.0,76.9998
Sitting_HalfLandmarks,73,,Standing,,0.864,0.0,89.5156
Sitting_HalfLandmarks,74,,Standing,,0.934,0.0,86.4503
Sitting_HalfLandmarks,75,,Standing,,0.916,0.0,91.8142
Sitting_HalfLandmarks,76,,Standing,,0.849,0.0,88.1357
Sitting_HalfLandmarks,77,,Standing,,0.908,0.0,110.2571
Sitting_HalfLandmarks,78,,Standing,,0.875,0.0,121.9632
Sitting_HalfLandmarks,79,,Standing,,0.866,0.0,98.3612
Sitting_HalfLandmarks,80,,Standing,,0.903,0.0,74.7868
Sitting_HalfLandmarks,81,,Standing,,0.898,0.0,80.5294
Sitting_HalfLandmarks,82,,Standing,,0.88,0.0,72.7326
Sitting_HalfLandmarks,83,,Standing,,0.821,0.0,67.405
Sitting_HalfLandmarks,84,,Standing,,0.76,0.0,68.3608
Sitting_HalfLandmarks,85,,Standing,,0.628,0.0,66.1565
Sitting_HalfLandmarks,86,,Sitting,,0.602,0.0,70.9994
Sitting_HalfLandmarks,87,Sitting,Sitting,True,0.59,0.0,67.5337
Sitting_HalfLandmarks,88,Sitting,Sitting,True,0.647,0.0,65.9524
Sitting_HalfLandmarks,89,Sitting,Sitting,True,0.539,0.0,63.8649
Sitting_HalfLandmarks,90,Sitting,Sitting,True,0.601,0.0,63.5069
Sitting_HalfLandmarks,91,Sitting,Sitting,True,0.707,0.0,64.4125
Sitting_HalfLandmarks,92,Sitting,Sitting,True,0.723,0.0,69.3868
Sitting_HalfLandmarks,93,Sitting,Sitting,True,0.771,0.0,76.7543
Sitting_HalfLandmarks,94,Sitting,Sitting,True,0.839,0.0,77.733
Sitting_HalfLandmarks,95,Sitting,Sitting,True,0.872,0.0,71.7754
Sitting_HalfLandmarks,96,Sitting,Sitting,True,0.918,0.0,68.3688
Sitting_HalfLandmarks,97,Sitting,Sitting,True,0.933,0.0,66.0159
Sitting_HalfLandmarks,98,Sitting,Sitting,True,0.938,0.0,64.4603
Sitting_HalfLandmarks,99,Sitting,Sitting,True,0.953,0.0,62.9096
Sitting_HalfLandmarks,100,Sitting,Sitting,True,0.959,0.0,62.5845
Sitting_HalfLandmarks,101,Sitting,Sitting,True,0.963,0.0,63.4284
Sitting_HalfLandmarks,102,Sitting,Sitting,True,0.965,0.0,70.8061
Sitting_HalfLandmarks,103,Sitting,Sitting,True,0.968,0.0,60.4731
Sitting_HalfLandmarks,104,Sitting,Sitting,True,0.969,0.0,62.066
Sitting_HalfLandmarks,105,Sitting,Sitting,True,0.962,0.0,59.4633
Sitting_HalfLandmarks,106,Sitting,Sitting,True,0.953,0.0,60.9265
Sitting_HalfLandmarks,107,Sitting,Sitting,True,0.939,0.0,61.4828
Sitting_HalfLandmarks,108,Sitting,Sitting,True,0.944,0.0,64.6108
Sitting_HalfLandmarks,109,Sitting,Sitting,True,0.895,0.0,65.1533
Sitting_HalfLandmarks,110,Sitting,Sitting,True,0.856,0.0,77.8672
Sitting_HalfLandmarks,111,Sitting,Sitting,True,0.799,0.0,70.316
Sitting_HalfLandmarks,112,Sitting,Sitting,True,0.835,0.0,71.57
Sitting_HalfLandmarks,113,Sitting,Sitting,True,0.63,0.0,69.5063
Sitting_HalfLandmarks,114,Sitting,Sitting,True,0.601,0.0,89.6971
Sitting_HalfLandmarks,115,Sitting,Standing,False,0.628,0.0,77.6174
Sitting_HalfLandmarks,116,Sitting,Standing,False,0.722,0.0,81.3783
Sitting_HalfLandmarks,117,Sitting,Standing,False,0.747,0.0,107.7325
Sitting_HalfLandmarks,118,Sitting,Standing,False,0.835,0.0,137.3965
Sitting_HalfLandmarks,119,Sitting,Standing,False,0.87,0.0,130.0419
Sitting_HalfLandmarks,120,Sitting,Standing,False,0.932,0.0,96.5218
Sitting_HalfLandmarks,121,Sitting,Standing,False,0.962,0.0,100.8857
Sitting_HalfLandmarks,122,Sitting,Standing,False,0.978,0.0,80.2653
Sitting_HalfLandmarks,123,Sitting,Standing,False,0.982,0.0,84.3023
Sitting_HalfLandmarks,124,Sitting,Standing,False,0.993,0.0,103.6894
Sitting_HalfLandmarks,125,Sitting,Standing,False,0.994,0.0,93.4342
Sitting_HalfLandmarks,126,Sitting,Standing,False,0.997,0.0,82.8742
Sitting_HalfLandmarks,127,Sitting,Standing,False,0.997,0.0,93.0932
Sitting_HalfLandmarks,128,Sitting,Standing,False,0.997,0.0,100.4729
Sitting_HalfLandmarks,129,Sitting,Standing,False,0.998,0.0,97.1749
Sitting_HalfLandmarks,130,Sitting,Standing,False,0.998,0.0,105.0989
Sitting_HalfLandmarks,131,Sitting,Standing,False,0.998,0.0,100.8842
Sitting_HalfLandmarks,132,Sitting,Standing,False,0.998,0.0,108.4165
Sitting_HalfLandmarks,133,Sitting,Standing,False,0.998,0.0,115.4045
Sitting_HalfLandmarks,134,Sitting,Standing,False,0.998,0.0,107.4255
Sitting_HalfLandmarks,135,Sitting,Standing,False,0.997,0.0,139.2779
Sitting_HalfLandmarks,136,Sitting,Standing,False,0.997,0.0,92.3252
Sitting_HalfLandmarks,137,Sitting,Standing,False,0.997,0.0,111.3505
Sitting_HalfLandmarks,138,Sitting,Standing,False,0.997,0.0,119.2461
Sitting_HalfLandmarks,139,Sitting,Standing,False,0.997,0.0,121.3028
Sitting_HalfLandmarks,140,Sitting,Standing,False,0.997,0.0,155.9039
Sitting_HalfLandmarks,141,Sitting,Standing,False,0.997,0.0,121.3556
Sitting_HalfLandmarks,142,Sitting,Standing,False,0.997,0.0,122.9512
Sitting_HalfLandmarks,143,Sitting,Standing,False,0.997,0.0,101.1299
Sitting_HalfLandmarks,144,Sitting,Standing,False,0.997,0.0,111.7509
Sitting_HalfLandmarks,145,Sitting,Standing,False,0.997,0.0,111.094
Sitting_HalfLandmarks,146,Sitting,Standing,False,0.997,0.0,98.9364
Sitting_HalfLandmarks,147,Sitting,Standing,False,0.997,0.0,121.9021
Sitting_HalfLandmarks,148,Sitting,Standing,False,0.997,0.0,109.9689
Sitting_HalfLandmarks,149,Sitting,Standing,False,0.997,0.0,91.5357
Sitting_HalfLandmarks,150,Sitting,Standing,False,0.997,0.0,90.4015
Sitting_HalfLandmarks,151,Sitting,Standing,False,0.997,0.0,94.0759
Sitting_HalfLandmarks,152,Sitting,Standing,False,0.997,0.0,106.3248
Sitting_HalfLandmarks,153,Sitting,Standing,False,0.997,0.0,91.829
Sitting_HalfLandmarks,154,Sitting,Standing,False,0.997,0.0,83.4633
Sitting_HalfLandmarks,155,Sitting,Standing,False,0.997,0.0,75.1274
Sitting_HalfLandmarks,156,Sitting,Standing,False,0.997,0.0,85.4031
Sitting_HalfLandmarks,157,Sitting,Standing,False,0.997,0.0,92.6609
Sitting_HalfLandmarks,158,Sitting,Standing,False,0.997,0.0,108.0768
Sitting_HalfLandmarks,159,Sitting,Standing,False,0.997,0.0,113.7637
Sitting_HalfLandmarks,160,Sitting,Standing,False,0.997,0.0,115.0403
Sitting_HalfLandmarks,161,Sitting,Standing,False,0.997,0.0,115.5155
Sitting_HalfLandmarks,162,Sitting,Standing,False,0.997,0.0,95.4332
Sitting_HalfLandmarks,163,Sitting,Standing,False,0.996,0.0,102.8479
Sitting_HalfLandmarks,164,Sitting,Standing,False,0.997,0.0,109.6332
Sitting_HalfLandmarks,165,Sitting,Standing,False,0.997,0.0,111.5096
Sitting_HalfLandmarks,166,Sitting,Standing,False,0.997,0.0,121.2122
Sitting_HalfLandmarks,167,Sitting,Standing,False,0.997,0.0,118.4999
Sitting_HalfLandmarks,168,Sitting,Standing,False,0.997,0.0,136.836
Sitting_HalfLandmarks,169,Sitting,Standing,False,0.997,0.0,118.9614
Sitting_HalfLandmarks,170,Sitting,Standing,False,0.997,0.0,110.2428
Sitting_HalfLandmarks,171,Sitting,Standing,False,0.997,0.0,115.1151
Sitting_HalfLandmarks,172,Sitting,Standing,False,0.997,0.0,123.499
Sitting_HalfLandmarks,173,Sitting,Standing,False,0.997,0.0,112.0583
Sitting_HalfLandmarks,174,Sitting,Standing,False,0.997,0.0,105.5781
Sitting_HalfLandmarks,175,,Standing,,0.997,0.0,98.3873
Sitting_HalfLandmarks,176,,Standing,,0.997,0.0,77.0427
Sitting_HalfLandmarks,177,,Standing,,0.997,0.0,75.6173
Sitting_HalfLandmarks,178,,Standing,,0.997,0.0,82.3724
Sitting_HalfLandmarks,179,,Standing,,0.997,0.0,81.7864
Sitting_HalfLandmarks,180,,Standing,,0.997,0.0,76.79
Sitting_HalfLandmarks,181,,Standing,,0.997,0.0,84.9484
Sitting_HalfLandmarks,182,,Standing,,0.997,0.0,79.4764
Sitting_HalfLandmarks,183,,Standing,,0.997,0.0,94.3819
Sitting_HalfLandmarks,184,,Standing,,0.997,0.0,90.7511
Sitting_HalfLandmarks,185,,Standing,,0.997,0.0,110.6855
Sitting_HalfLandmarks,186,,Standing,,0.997,0.0,109.0989
Sitting_HalfLandmarks,187,,Standing,,0.997,0.0,107.5305
Sitting_HalfLandmarks,188,,Standing,,0.997,0.0,122.6366
Sitting_HalfLandmarks,189,,Standing,,0.996,0.0,113.2899
Sitting_HalfLandmarks,190,,Standing,,0.997,0.0,140.4778
Sitting_HalfLandmarks,191,,Standing,,0.997,0.0,118.7725
Sitting_HalfLandmarks,192,,Standing,,0.997,0.0,107.3208
Sitting_HalfLandmarks,193,,Standing,,0.997,0.0,120.4447
Sitting_HalfLandmarks,194,,Standing,,0.996,0.0,109.6832
Sitting_HalfLandmarks,195,,Standing,,0.996,0.0,101.1021
Sitting_HalfLandmarks,196,,Standing,,0.996,0.0,94.0115
Sitting_HalfLandmarks,197,,Standing,,0.996,0.0,83.2985
Sitting_HalfLandmarks,198,,Standing,,0.996,0.0,82.0707
Sitting_HalfLandmarks,199,,Standing,,0.996,0.0,78.1301
Sitting_HalfLandmarks,200,,Standing,,0.996,0.0,78.0034
Sitting_HalfLandmarks,201,,Standing,,0.996,0.0,77.4926
Sitting_HalfLandmarks,202,,Standing,,0.996,0.0,72.0852
Sitting_HalfLandmarks,203,,Standing,,0.996,0.0,95.9152
Sitting_HalfLandmarks,204,,Standing,,0.996,0.0,81.3624
Sitting_HalfLandmarks,205,,Standing,,0.996,0.0,74.9491
Sitting_HalfLandmarks,206,,Standing,,0.996,0.0,92.9394
Sitting_HalfLandmarks,207,,Standing,,0.996,0.0,114.4962
Sitting_HalfLandmarks,208,,Standing,,0.995,0.0,107.4892
Sitting_HalfLandmarks,209,,Standing,,0.995,0.0,110.6057
Sitting_HalfLandmarks,210,,Standing,,0.994,0.0,99.937
Sitting_HalfLandmarks,211,,Standing,,0.995,0.0,101.9595
Sitting_HalfLandmarks,212,,Standing,,0.994,0.0,116.7496
Sitting_HalfLandmarks,213,,Standing,,0.992,0.0,96.7992
Sitting_HalfLandmarks,214,,Standing,,0.992,0.0,92.8492
Sitting_HalfLandmarks,215,,Standing,,0.991,0.0,133.4111
Sitting_HalfLandmarks,216,,Standing,,0.992,0.0,114.3616
Sitting_HalfLandmarks,217,,Standing,,0.993,0.0,106.9256
Sitting_HalfLandmarks,218,,Standing,,0.993,0.0,104.9241
Sitting_HalfLandmarks,219,,Standing,,0.992,0.0,89.6289
Sitting_HalfLandmarks,220,,Standing,,0.99,0.0,75.0323
Sitting_HalfLandmarks,221,,Standing,,0.991,0.0,68.5188
Sitting_HalfLandmarks,222,,Standing,,0.991,0.0,72.9128
Sitting_HalfLandmarks,223,,Standing,,0.991,0.0,92.4853
Sitting_HalfLandmarks,224,,Standing,,0.991,0.0,89.8367
Sitting_Lying_FewLandmarks_back,31,,Sitting,,0.83,0.0,82.5982
Sitting_Lying_FewLandmarks_back,32,,Sitting,,0.857,0.0,72.1615
Sitting_Lying_FewLandmarks_back,33,,Sitting,,0.868,0.0,71.9181
Sitting_Lying_FewLandmarks_back,34,,Sitting,,0.889,0.0,90.785
Sitting_Lying_FewLandmarks_back,35,,Sitting,,0.904,0.0,68.1374
Sitting_Lying_FewLandmarks_back,36,,Sitting,,0.92,0.0,68.0367
Sitting_Lying_FewLandmarks_back,37,,Sitting,,0.933,0.0,71.51
Sitting_Lying_FewLandmarks_back,38,,Sitting,,0.94,0.0,68.8059
Sitting_Lying_FewLandmarks_back,39,,Sitting,,0.95,0.0,65.9489
Sitting_Lying_FewLandmarks_back,40,,Sitting,,0.953,0.0,65.2286
Sitting_Lying_FewLandmarks_back,41,,Sitting,,0.96,0.0,63.5664
Sitting_Lying_FewLandmarks_back,42,,Sitting,,0.966,0.0,64.7023
Sitting_Lying_FewLandmarks_back,43,,Sitting,,0.966,0.0,76.6599
Sitting_Lying_FewLandmarks_back,44,,Sitting,,0.968,0.0,76.4168
Sitting_Lying_FewLandmarks_back,45,,Sitting,,0.969,0.0,83.8764
Sitting_Lying_FewLandmarks_back,46,,Sitting,,0.968,0.0,92.572
Sitting_Lying_FewLandmarks_back,47,Sitting,Sitting,True,0.967,0.0,106.7486
Sitting_Lying_FewLandmarks_back,48,Sitting,Sitting,True,0.965,0.0,106.3688
Sitting_Lying_FewLandmarks_back,49,Sitting,Sitting,True,0.968,0.0,106.8572
Sitting_Lying_FewLandmarks_back,50,Sitting,Sitting,True,0.965,0.0,126.5939
Sitting_Lying_FewLandmarks_back,51,Sitting,Sitting,True,0.961,0.0,118.4597
Sitting_Lying_FewLandmarks_back,52,Sitting,Sitting,True,0.953,0.0,103.4188
Sitting_Lying_FewLandmarks_back,53,Sitting,Sitting,True,0.938,0.0,119.5787
Sitting_Lying_FewLandmarks_back,54,Sitting,Sitting,True,0.929,0.0,99.171
Sitting_Lying_FewLandmarks_back,55,Sitting,Sitting,True,0.922,0.0,87.2461
Sitting_Lying_FewLandmarks_back,56,Sitting,Sitting,True,0.938,0.0,84.4193
Sitting_Lying_FewLandmarks_back,57,Sitting,Sitting,True,0.923,0.0,96.1987
Sitting_Lying_FewLandmarks_back,58,Sitting,Sitting,True,0.906,0.0,79.8868
Sitting_Lying_FewLandmarks_back,59,Sitting,Sitting,True,0.844,0.0,109.1822
Sitting_Lying_FewLandmarks_back,60,Sitting,Sitting,True,0.851,0.0,107.0638
Sitting_Lying_FewLandmarks_back,61,Sitting,Sitting,True,0.843,0.0,113.7197
Sitting_Lying_FewLandmarks_back,62,Sitting,Sitting,True,0.815,0.0,112.7563
Sitting_Lying_FewLandmarks_back,63,Sitting,Sitting,True,0.694,0.0,97.4577
Sitting_Lying_FewLandmarks_back,64,Sitting,Sitting,True,0.705,0.0,110.4579
Sitting_Lying_FewLandmarks_back,65,Sitting,Sitting,True,0.717,0.0,102.7117
Sitting_Lying_FewLandmarks_back,66,Sitting,Sitting,True,0.632,0.0,113.6155
Sitting_Lying_FewLandmarks_back,67,Sitting,Sitting,True,0.596,0.0,103.03
Sitting_Lying_FewLandmarks_back,68,Sitting,Sitting,True,0.531,0.0,92.6856
Sitting_Lying_FewLandmarks_back,69,Sitting,Sitting,True,0.497,0.0,98.7133
Sitting_Lying_FewLandmarks_back,70,Sitting,Sitting,True,0.444,0.0,98.466
Sitting_Lying_FewLandmarks_back,71,Sitting,Lying,False,0.455,0.0,111.8519
Sitting_Lying_FewLandmarks_back,72,Sitting,Lying,False,0.494,0.0,92.3187
Sitting_Lying_FewLandmarks_back,73,Sitting,Lying,False,0.541,0.0,103.3531
Sitting_Lying_FewLandmarks_back,74,Sitting,Lying,False,0.551,0.0,99.5994
Sitting_Lying_FewLandmarks_back,75,Sitting,Lying,False,0.579,0.0,97.7492
Sitting_Lying_FewLandmarks_back,76,Sitting,Lying,False,0.611,0.0,92.8556
Sitting_Lying_FewLandmarks_back,77,Sitting,Lying,False,0.597,0.0,93.6832
Sitting_Lying_FewLandmarks_back,78,Sitting,Lying,False,0.63,0.0,78.898
Sitting_Lying_FewLandmarks_back,79,Sitting,Lying,False,0.674,0.0,78.501
Sitting_Lying_FewLandmarks_back,80,Sitting,Lying,False,0.679,0.0,80.2378
Sitting_Lying_FewLandmarks_back,81,Sitting,Lying,False,0.696,0.0,72.7354
Sitting_Lying_FewLandmarks_back,82,Sitting,Lying,False,0.723,0.0,67.0647
Sitting_Lying_FewLandmarks_back,83,Sitting,Lying,False,0.688,0.0,65.8911
Sitting_Lying_FewLandmarks_back,84,Sitting,Lying,False,0.693,0.0,63.5907
Sitting_Lying_FewLandmarks_back,85,Sitting,Lying,False,0.7,0.0,62.1755
Sitting_Lying_FewLandmarks_back,86,Sitting,Lying,False,0.748,0.0,65.9486
Sitting_Lying_FewLandmarks_back,87,Sitting,Lying,False,0.768,0.0,60.8241
Sitting_Lying_FewLandmarks_back,88,Sitting,Lying,False,0.801,0.0,66.8072
Sitting_Lying_FewLandmarks_back,89,Sitting,Lying,False,0.81,0.0,63.3983
Sitting_Lying_FewLandmarks_back,90,Sitting,Lying,False,0.833,0.0,66.1977
Sitting_Lying_FewLandmarks_back,91,Sitting,Lying,False,0.854,0.0,76.6019
Sitting_Lying_FewLandmarks_back,92,Sitting,Lying,False,0.849,0.0,78.5838
Sitting_Lying_FewLandmarks_back,93,Sitting,Lying,False,0.842,0.0,96.4966
Sitting_Lying_FewLandmarks_back,94,Sitting,Lying,False,0.819,0.0,93.1191
Sitting_Lying_FewLandmarks_back,95,Sitting,Lying,False,0.838,0.0,75.0341
Sitting_Lying_FewLandmarks_back,96,Sitting,Lying,False,0.768,0.0,69.2739
Sitting_Lying_FewLandmarks_back,97,Sitting,Lying,False,0.733,0.0,70.091
Sitting_Lying_FewLandmarks_back,98,Sitting,Lying,False,0.66,0.0,65.3133
Sitting_Lying_FewLandmarks_back,99,Sitting,Lying,False,0.636,0.0,65.4874
Sitting_Lying_FewLandmarks_back,100,Sitting,Lying,False,0.577,0.0,62.8188
Sitting_Lying_FewLandmarks_back,101,Sitting,Lying,False,0.536,0.0,66.6836
Sitting_Lying_FewLandmarks_back,102,Sitting,Sitting,True,0.566,0.0,62.4142
Sitting_Lying_FewLandmarks_back,103,Sitting,Sitting,True,0.678,0.0,66.2406
Sitting_Lying_FewLandmarks_back,104,Sitting,Sitting,True,0.732,0.0,61.2375
Sitting_Lying_FewLandmarks_back,105,Sitting,Sitting,True,0.764,0.0,64.1407
Sitting_Lying_FewLandmarks_back,106,Sitting,Sitting,True,0.83,0.0,62.0742
Sitting_Lying_FewLandmarks_back,107,Sitting,Sitting,True,0.847,0.0,73.6323
Sitting_Lying_FewLandmarks_back,108,Sitting,Sitting,True,0.888,0.0,64.5344
Sitting_Lying_FewLandmarks_back,109,Sitting,Sitting,True,0.909,0.0,76.1207
Sitting_Lying_FewLandmarks_back,110,Sitting,Sitting,True,0.934,0.0,77.7702
Sitting_Lying_FewLandmarks_back,111,Sitting,Sitting,True,0.947,0.0,76.8643
Sitting_Lying_FewLandmarks_back,112,Sitting,Sitting,True,0.953,0.0,93.076
Sitting_Lying_FewLandmarks_back,113,Sitting,Sitting,True,0.963,0.0,82.013
Sitting_Lying_FewLandmarks_back,114,Sitting,Sitting,True,0.971,0.0,77.6824
Sitting_Lying_FewLandmarks_back,115,Sitting,Sitting,True,0.978,0.0,103.7017
Sitting_Lying_FewLandmarks_back,116,Sitting,Sitting,True,0.979,0.0,110.265
Sitting_Lying_FewLandmarks_back,117,Sitting,Sitting,True,0.979,0.0,96.2592
Sitting_Lying_FewLandmarks_back,118,Sitting,Sitting,True,0.979,0.0,87.3836
Sitting_Lying_FewLandmarks_back,119,Sitting,Sitting,True,0.98,0.0,88.348
Sitting_Lying_FewLandmarks_back,120,Sitting,Sitting,True,0.979,0.0,87.1276
Sitting_Lying_FewLandmarks_back,121,Sitting,Sitting,True,0.979,0.0,75.3838
Sitting_Lying_FewLandmarks_back,122,Sitting,Sitting,True,0.977,0.0,77.8763
Sitting_Lying_FewLandmarks_back,123,Sitting,Sitting,True,0.973,0.0,78.2915
Sitting_Lying_FewLandmarks_back,124,Sitting,Sitting,True,0.977,0.0,93.6469
Sitting_Lying_FewLandmarks_back,125,Sitting,Sitting,True,0.974,0.0,74.5525
Sitting_Lying_FewLandmarks_back,126,Sitting,Sitting,True,0.964,0.0,77.1218
Sitting_Lying_FewLandmarks_back,127,Sitting,Sitting,True,0.945,0.0,84.3091
Sitting_Lying_FewLandmarks_back,128,Sitting,Sitting,True,0.953,0.0,82.7333
Sitting_Lying_FewLandmarks_back,129,Sitting,Sitting,True,0.941,0.0,102.5594
Sitting_Lying_FewLandmarks_back,130,Sitting,Sitting,True,0.928,0.0,85.4367
Sitting_Lying_FewLandmarks_back,131,Sitting,Sitting,True,0.875,0.0,87.6348
Sitting_Lying_FewLandmarks_back,132,Sitting,Sitting,True,0.841,0.0,84.5693
Sitting_Lying_FewLandmarks_back,133,Sitting,Sitting,True,0.791,0.0,93.2909
Sitting_Lying_FewLandmarks_back,134,Sitting,Sitting,True,0.759,0.0,87.6739
Sitting_Lying_FewLandmarks_back,135,Sitting,Sitting,True,0.64,0.0,116.9618
Sitting_Lying_FewLandmarks_back,136,Sitting,Sitting,True,0.555,0.0,111.7295
Sitting_Lying_FewLandmarks_back,137,Sitting,Lying,False,0.464,0.0,133.5367
Sitting_Lying_FewLandmarks_back,138,Sitting,Lying,False,0.49,0.0,144.4416
Sitting_Lying_FewLandmarks_back,139,Sitting,Lying,False,0.617,0.0,113.313
Sitting_Lying_FewLandmarks_back,140,Sitting,Lying,False,0.714,0.0,144.2561
Sitting_Lying_FewLandmarks_back,141,Sitting,Lying,False,0.758,0.0,142.9476
Sitting_Lying_FewLandmarks_back,142,Sitting,Lying,False,0.815,0.0,117.03
Sitting_Lying_FewLandmarks_back,143,Sitting,Lying,False,0.847,0.0,109.0181
Sitting_Lying_FewLandmarks_back,144,Sitting,Lying,False,0.886,0.0,91.5349
Sitting_Lying_FewLandmarks_back,145,Sitting,Lying,False,0.906,0.0,82.6705
Sitting_Lying_FewLandmarks_back,146,Sitting,Lying,False,0.928,0.0,92.2673
Sitting_Lying_FewLandmarks_back,147,Sitting,Lying,False,0.951,0.0,124.5899
Sitting_Lying_FewLandmarks_back,148,,Lying,,0.956,0.0,122.0722
Sitting_Lying_FewLandmarks_back,149,,Lying,,0.967,0.0,115.6788
Sitting_Lying_FewLandmarks_back,150,,Lying,,0.973,0.0,90.0657
Sitting_Lying_FewLandmarks_back,151,,Lying,,0.979,0.0,99.528
Sitting_Lying_FewLandmarks_back,152,,Lying,,0.986,0.0,104.9182
Sitting_Lying_FewLandmarks_back,153,,Lying,,0.992,0.0,109.7705
Sitting_Lying_FewLandmarks_back,154,,Lying,,0.991,0.0,102.1922
Sitting_Lying_FewLandmarks_back,155,,Lying,,0.989,0.0,111.1827
Sitting_Lying_FewLandmarks_back,156,,Lying,,0.99,0.0,95.4134
Sitting_Lying_FewLandmarks_back,157,,Lying,,0.988,0.0,118.7712
Sitting_Lying_FewLandmarks_back,158,,Lying,,0.99,0.0,94.6813
Sitting_Lying_FewLandmarks_back,159,,Lying,,0.99,0.0,92.0088
Sitting_Lying_FewLandmarks_back,160,,Lying,,0.993,0.0,93.4329
Sitting_Lying_FewLandmarks_back,161,,Lying,,0.992,0.0,106.1448
Sitting_Lying_FewLandmarks_back,162,,Lying,,0.993,0.0,74.4828
Sitting_Lying_FewLandmarks_back,163,,Lying,,0.993,0.0,91.2864
Sitting_Lying_FewLandmarks_back,164,,Lying,,0.994,0.0,124.182
Sitting_Lying_FewLandmarks_back,165,,Lying,,0.992,0.0,75.4961
Sitting_Lying_FewLandmarks_back,166,,Lying,,0.994,0.0,71.3193
Sitting_Lying_FewLandmarks_back,167,,Lying,,0.993,0.0,91.1686
Sitting_Lying_FewLandmarks_back,168,,Lying,,0.992,0.0,104.0066
Sitting_Lying_FewLandmarks_back,169,,Lying,,0.993,0.0,87.611
Sitting_Lying_FewLandmarks_back,170,,Lying,,0.995,0.0,91.4222
Sitting_Lying_FewLandmarks_back,171,,Lying,,0.992,0.0,98.0767
Sitting_Lying_FewLandmarks_back,172,,Lying,,0.993,0.0,86.1141
Sitting_Lying_FewLandmarks_back,173,,Lying,,0.992,0.0,76.1081
Sitting_Lying_FewLandmarks_back,174,,Lying,,0.994,0.0,70.4476
Sitting_Lying_FewLandmarks_back,175,,Lying,,0.994,0.0,66.821
Sitting_Lying_FewLandmarks_back,176,,Lying,,0.995,0.0,75.901
Sitting_Lying_FewLandmarks_back,177,,Lying,,0.996,0.0,74.4614
Sitting_Lying_FewLandmarks_back,178,,Lying,,0.995,0.0,74.6834
Sitting_Lying_FewLandmarks_back,179,,Lying,,0.995,0.0,64.767
Sitting_Lying_FewLandmarks_back,180,,Lying,,0.996,0.0,70.4903
Sitting_Lying_FewLandmarks_back,181,,Lying,,0.994,0.0,64.4185
Sitting_Lying_FewLandmarks_back,182,,Lying,,0.995,0.0,61.82
Sitting_Lying_FewLandmarks_back,183,,Lying,,0.993,0.0,66.1541
Sitting_Lying_FewLandmarks_back,184,,Lying,,0.992,0.0,62.8453
Sitting_Lying_FewLandmarks_back,185,,Lying,,0.992,0.0,69.4796
Sitting_Lying_FewLandmarks_back,186,,Lying,,0.992,0.0,99.9412
Sitting_Lying_FewLandmarks_back,187,,Lying,,0.991,0.0,88.9588
Sitting_Lying_FewLandmarks_back,188,,Lying,,0.991,0.0,90.56
Sitting_Lying_FewLandmarks_back,189,,Lying,,0.99,0.0,85.0987
Sitting_Lying_FewLandmarks_back,190,,Lying,,0.992,0.0,83.7757
Sitting_Lying_FewLandmarks_back,191,,Lying,,0.991,0.0,91.8654
Sitting_Lying_FewLandmarks_back,192,,Lying,,0.99,0.0,101.6671
Sitting_Lying_FewLandmarks_back,193,,Lying,,0.991,0.0,112.9908
Sitting_Lying_FewLandmarks_back,194,,Lying,,0.994,0.0,113.5006
Sitting_Lying_FewLandmarks_back,195,,Lying,,0.994,0.0,108.2378
Sitting_Lying_FewLandmarks_back,196,,Lying,,0.996,0.0,105.1965
Sitting_Lying_FewLandmarks_back,197,,Lying,,0.997,0.0,115.7183
Sitting_Lying_FewLandmarks_back,198,,Lying,,0.997,0.0,105.423
Sitting_Lying_FewLandmarks_back,199,,Lying,,0.996,0.0,116.5311
Sitting_Lying_FewLandmarks_back,200,,Lying,,0.996,0.0,143.8258
Sitting_Lying_FewLandmarks_back,201,,Lying,,0.996,0.0,135.3447
Sitting_Lying_FewLandmarks_back,202,,Lying,,0.997,0.0,117.5392
Sitting_Lying_FewLandmarks_back,203,,Lying,,0.995,0.0,124.0093
Sitting_Lying_FewLandmarks_back,204,,Lying,,0.995,0.0,97.0692
Sitting_Lying_FewLandmarks_back,205,,Lying,,0.996,0.0,87.8485
Sitting_Lying_FewLandmarks_back,206,,Lying,,0.996,0.0,83.5617
Sitting_Lying_FewLandmarks_back,207,Lying,Lying,True,0.997,0.0,81.6702
Sitting_Lying_FewLandmarks_back,208,Lying,Lying,True,0.992,0.0,78.4342
Sitting_Lying_FewLandmarks_back,209,Lying,Lying,True,0.994,0.0,73.6193
Sitting_Lying_FewLandmarks_back,210,Lying,Lying,True,0.996,0.0,78.7221
Sitting_Lying_FewLandmarks_back,211,Lying,Lying,True,0.998,0.0,83.6054
Sitting_Lying_FewLandmarks_back,212,Lying,Lying,True,0.999,0.0,80.1494
Sitting_Lying_FewLandmarks_back,213,Lying,Lying,True,0.999,0.0,87.4355
Sitting_Lying_FewLandmarks_back,214,Lying,Lying,True,0.999,0.0,97.4488
Sitting_Lying_FewLandmarks_back,215,Lying,Lying,True,0.999,0.0,125.5846
Sitting_Lying_FewLandmarks_back,216,Lying,Lying,True,0.999,0.0,107.5612
Sitting_Lying_FewLandmarks_back,217,Lying,Lying,True,0.999,0.0,110.8357
Sitting_Lying_FewLandmarks_back,218,Lying,Lying,True,0.999,0.0,129.6292
Sitting_Lying_FewLandmarks_back,219,Lying,Lying,True,1.0,0.0,112.1096
Sitting_Lying_FewLandmarks_back,220,Lying,Lying,True,1.0,0.0,108.9711
Sitting_Lying_FewLandmarks_back,221,Lying,Lying,True,1.0,0.0,99.1445
Sitting_Lying_FewLandmarks_back,222,Lying,Lying,True,1.0,0.0,109.0836
Sitting_Lying_FewLandmarks_back,223,Lying,Lying,True,1.0,0.0,124.707
Sitting_Lying_FewLandmarks_back,224,Lying,Lying,True,1.0,0.0,101.0194
Sitting_Lying_FewLandmarks_back,225,Lying,Lying,True,1.0,0.0,84.243
Sitting_Lying_FewLandmarks_back,226,Lying,Lying,True,1.0,0.0,91.2417
Sitting_Lying_FewLandmarks_back,227,Lying,Lying,True,1.0,0.0,88.7508
Sitting_Lying_FewLandmarks_back,228,Lying,Lying,True,1.0,0.0,86.2698
Sitting_Lying_FewLandmarks_back,229,Lying,Lying,True,1.0,0.0,79.0219
Sitting_Lying_FewLandmarks_back,230,Lying,Lying,True,1.0,0.0,81.1615
Sitting_Lying_FewLandmarks_back,231,Lying,Lying,True,1.0,0.0,77.7744
Sitting_Lying_FewLandmarks_back,232,Lying,Lying,True,1.0,0.0,68.6469
Sitting_Lying_FewLandmarks_back,233,Lying,Lying,True,1.0,0.0,70.3205
Sitting_Lying_FewLandmarks_back,234,Lying,Lying,True,1.0,0.0,68.1001
Sitting_Lying_FewLandmarks_back,235,Lying,Lying,True,1.0,0.0,67.6174
Sitting_Lying_FewLandmarks_back,236,Lying,Lying,True,1.0,0.0,63.9824
Sitting_Lying_FewLandmarks_back,237,Lying,Lying,True,1.0,0.0,62.5996
Sitting_Lying_FewLandmarks_back,238,Lying,Lying,True,1.0,0.0,61.5326
Sitting_Lying_FewLandmarks_back,239,Lying,Lying,True,1.0,0.0,62.1403
Sitting_Lying_FewLandmarks_back,240,Lying,Lying,True,1.0,0.0,62.6659
Sitting_Lying_FewLandmarks_back,241,Lying,Lying,True,1.0,0.0,62.557
Sitting_Lying_FewLandmarks_back,242,Lying,Lying,True,1.0,0.0,70.515
Sitting_Lying_FewLandmarks_back,243,Lying,Lying,True,1.0,0.0,98.5375
Sitting_Lying_FewLandmarks_back,244,Lying,Lying,True,1.0,0.0,109.8532
Sitting_Lying_FewLandmarks_back,245,Lying,Lying,True,1.0,0.0,73.2202
Sitting_Lying_FewLandmarks_back,246,Lying,Lying,True,1.0,0.0,68.0781
Sitting_Lying_FewLandmarks_back,247,Lying,Lying,True,1.0,0.0,69.3121
Sitting_Lying_FewLandmarks_back,248,Lying,Lying,True,1.0,0.0,64.2134
Sitting_Lying_FewLandmarks_back,249,Lying,Lying,True,1.0,0.0,78.8588
Sitting_Lying_FewLandmarks_back,250,Lying,Lying,True,1.0,0.0,82.5038
Sitting_Lying_FewLandmarks_back,251,Lying,Lying,True,1.0,0.0,85.0706
Sitting_Lying_FewLandmarks_back,252,Lying,Lying,True,1.0,0.0,80.7604
Sitting_Lying_FewLandmarks_back,253,Lying,Lying,True,1.0,0.0,76.9866
Sitting_Lying_FewLandmarks_back,254,Lying,Lying,True,1.0,0.0,72.1033
Sitting_Lying_FewLandmarks_back,255,Lying,Lying,True,1.0,0.0,86.2324
Sitting_Lying_FewLandmarks_back,256,Lying,Lying,True,1.0,0.0,82.2895
Sitting_Lying_FewLandmarks_back,257,Lying,Lying,True,1.0,0.0,96.196
Sitting_Lying_FewLandmarks_back,258,Lying,Lying,True,1.0,0.0,91.3619
Sitting_Lying_FewLandmarks_back,259,Lying,Lying,True,1.0,0.0,82.9583
Sitting_Lying_FewLandmarks_back,260,Lying,Lying,True,1.0,0.0,90.3723
Sitting_Lying_FewLandmarks_back,261,Lying,Lying,True,1.0,0.0,87.1259
Sitting_Lying_FewLandmarks_back,262,Lying,Lying,True,1.0,0.0,78.4735
Sitting_Lying_FewLandmarks_back,263,Lying,Lying,True,1.0,0.0,81.4093
Sitting_Lying_FewLandmarks_back,264,Lying,Lying,True,1.0,0.0,100.9288
Sitting_Lying_FewLandmarks_back,265,Lying,Lying,True,1.0,0.0,108.3023
Sitting_Lying_FewLandmarks_back,266,Lying,Lying,True,1.0,0.0,82.9905
Sitting_Lying_FewLandmarks_back,267,Lying,Lying,True,1.0,0.0,86.4448
Sitting_Lying_FewLandmarks_back,268,Lying,Lying,True,1.0,0.0,95.2326
Sitting_Lying_FewLandmarks_back,269,Lying,Lying,True,1.0,0.0,88.3885
Sitting_Lying_FewLandmarks_back,270,Lying,Lying,True,1.0,0.0,94.0876
Sitting_Lying_FewLandmarks_back,271,Lying,Lying,True,1.0,0.0,92.6516
Sitting_Lying_FewLandmarks_back,272,Lying,Lying,True,1.0,0.0,87.9433
Sitting_Lying_FewLandmarks_back,273,Lying,Lying,True,1.0,0.0,84.079
Sitting_Lying_FewLandmarks_back,274,Lying,Lying,True,1.0,0.0,88.4674
Sitting_Lying_FewLandmarks_back,275,Lying,Lying,True,1.0,0.0,91.0523
Sitting_Lying_FewLandmarks_back,276,Lying,Lying,True,1.0,0.0,90.4659
Sitting_Lying_FewLandmarks_back,277,Lying,Lying,True,1.0,0.0,87.4467
Sitting_Lying_FewLandmarks_back,278,Lying,Lying,True,1.0,0.0,89.2914
Sitting_Lying_FewLandmarks_back,279,Lying,Lying,True,1.0,0.0,83.8743
Sitting_Lying_FewLandmarks_back,280,Lying,Lying,True,1.0,0.0,89.4354
Sitting_Lying_FewLandmarks_back,281,Lying,Lying,True,1.0,0.0,106.054
Sitting_Lying_FewLandmarks_back,282,Lying,Lying,True,1.0,0.0,92.7259
Sitting_Lying_FewLandmarks_back,283,Lying,Lying,True,1.0,0.0,119.439
Sitting_Lying_FewLandmarks_back,284,Lying,Lying,True,1.0,0.0,115.7359
Sitting_Lying_FewLandmarks_back,285,Lying,Lying,True,1.0,0.0,120.0749
Sitting_Lying_FewLandmarks_back,286,Lying,Lying,True,1.0,0.0,89.4275
Sitting_Lying_FewLandmarks_back,287,Lying,Lying,True,1.0,0.0,76.8484
Sitting_Lying_FewLandmarks_back,288,Lying,Lying,True,1.0,0.0,72.1379
Sitting_Lying_FewLandmarks_back,289,Lying,Lying,True,1.0,0.0,75.1145
Sitting_Lying_FewLandmarks_back,290,Lying,Lying,True,1.0,0.0,66.974
Sitting_Lying_FewLandmarks_back,291,Lying,Lying,True,1.0,0.0,70.9212
Sitting_Lying_FewLandmarks_back,292,Lying,Lying,True,1.0,0.0,68.4506
Sitting_Lying_FewLandmarks_back,293,Lying,Lying,True,1.0,0.0,96.8914
Sitting_Lying_FewLandmarks_back,294,Lying,Lying,True,1.0,0.0,74.1672
Sitting_Lying_FewLandmarks_back,295,Lying,Lying,True,1.0,0.0,67.4246
Sitting_Lying_FewLandmarks_back,296,Lying,Lying,True,1.0,0.0,66.6015
Sitting_Lying_FewLandmarks_back,297,Lying,Lying,True,1.0,0.0,63.3007
Sitting_Lying_FewLandmarks_back,298,Lying,Lying,True,1.0,0.0,64.0566
Sitting_Lying_FewLandmarks_back,299,Lying,Lying,True,1.0,0.0,66.6826
Sitting_Lying_FewLandmarks_back,300,Lying,Lying,True,1.0,0.0,67.1553
Sitting_Lying_FewLandmarks_back,301,Lying,Lying,True,1.0,0.0,79.9089
Sitting_Lying_FewLandmarks_back,302,Lying,Lying,True,1.0,0.0,80.8601
Sitting_Lying_FewLandmarks_back,303,Lying,Lying,True,1.0,0.0,82.912
Sitting_Lying_FewLandmarks_back,304,Lying,Lying,True,1.0,0.0,81.1867
Sitting_Lying_FewLandmarks_back,305,Lying,Lying,True,1.0,0.0,86.7541
Sitting_Lying_FewLandmarks_back,306,Lying,Lying,True,1.0,0.0,105.9375
Sitting_Lying_FewLandmarks_back,307,Lying,Lying,True,1.0,0.0,95.2419
Sitting_Lying_FewLandmarks_back,308,Lying,Lying,True,1.0,0.0,94.8168
Sitting_Lying_FewLandmarks_back,309,Lying,Lying,True,1.0,0.0,87.3708
Sitting_Lying_FewLandmarks_back,310,Lying,Lying,True,1.0,0.0,91.1274
Sitting_Lying_FewLandmarks_back,311,Lying,Lying,True,1.0,0.0,86.7711
Sitting_Lying_FewLandmarks_back,312,Lying,Lying,True,1.0,0.0,97.0887
Sitting_Lying_FewLandmarks_back,313,Lying,Lying,True,1.0,0.0,135.4268
Sitting_Lying_FewLandmarks_back,314,Lying,Lying,True,1.0,0.0,123.6869
Sitting_Lying_FewLandmarks_back,315,Lying,Lying,True,1.0,0.0,122.6556
Sitting_Lying_FewLandmarks_back,316,Lying,Lying,True,1.0,0.0,97.401
Sitting_Lying_FewLandmarks_back,317,Lying,Lying,True,1.0,0.0,83.701
Sitting_Lying_FewLandmarks_back,318,Lying,Lying,True,1.0,0.0,90.689
Sitting_Lying_FewLandmarks_back,319,Lying,Lying,True,1.0,0.0,81.1315
Sitting_Lying_FewLandmarks_back,320,Lying,Lying,True,1.0,0.0,77.5694
Sitting_Lying_FewLandmarks_back,321,Lying,Lying,True,1.0,0.0,76.8767
Sitting_Lying_FewLandmarks_back,322,Lying,Lying,True,1.0,0.0,85.1835
Sitting_Lying_FewLandmarks_back,323,Lying,Lying,True,1.0,0.0,75.7917
Sitting_Lying_FewLandmarks_back,324,Lying,Lying,True,1.0,0.0,74.0707
Sitting_Lying_FewLandmarks_back,325,Lying,Lying,True,1.0,0.0,74.4337
Sitting_Lying_FewLandmarks_back,326,,Lying,,1.0,0.0,81.4324
Sitting_Lying_FewLandmarks_back,327,,Lying,,1.0,0.0,96.8299
Sitting_Lying_FewLandmarks_back,328,,Lying,,1.0,0.0,121.5424
Sitting_Lying_FewLandmarks_back,329,,Lying,,1.0,0.0,106.4326
Sitting_Lying_FewLandmarks_back,330,,Lying,,1.0,0.0,100.2847
Sitting_Lying_FewLandmarks_back,331,,Lying,,1.0,0.0,110.6441
Sitting_Lying_FewLandmarks_back,332,,Lying,,1.0,0.0,93.1243
Sitting_Lying_FewLandmarks_back,333,,Lying,,1.0,0.0,108.2291
Sitting_Lying_FewLandmarks_back,334,,Lying,,1.0,0.0,97.5199
Sitting_Lying_FewLandmarks_back,335,,Lying,,1.0,0.0,110.9397
Sitting_Lying_FewLandmarks_back,336,,Lying,,1.0,0.0,107.9963
Sitting_Lying_FewLandmarks_back,337,,Lying,,1.0,0.0,114.5945
Sitting_Lying_FewLandmarks_back,338,,Lying,,1.0,0.0,104.6575
Sitting_Lying_FewLandmarks_back,339,,Lying,,1.0,0.0,105.6659
Sitting_Lying_FewLandmarks_back,340,,Lying,,1.0,0.0,85.4983
Sitting_Lying_FewLandmarks_back,341,,Lying,,1.0,0.0,83.5476
Sitting_Lying_FewLandmarks_back,342,,Lying,,1.0,0.0,89.1754
Sitting_Lying_FewLandmarks_back,343,,Lying,,1.0,0.0,97.6432
Sitting_Lying_FewLandmarks_back,344,,Lying,,1.0,0.0,79.2464
Sitting_Lying_FewLandmarks_back,345,,Lying,,1.0,0.0,98.176
Sitting_Lying_FewLandmarks_back,346,,Lying,,1.0,0.0,82.8811
Sitting_Lying_FewLandmarks_back,347,,Lying,,1.0,0.0,82.9017
Sitting_Lying_FewLandmarks_back,348,,Lying,,1.0,0.0,77.4345
Sitting_Lying_FewLandmarks_back,349,,Lying,,1.0,0.0,80.0869
Sitting_Lying_FewLandmarks_back,350,,Lying,,1.0,0.0,89.9401
Sitting_Lying_FewLandmarks_back,351,,Lying,,1.0,0.0,107.9961
Sitting_Lying_FewLandmarks_back,352,,Lying,,1.0,0.0,120.4183
Sitting_Lying_FewLandmarks_back,353,,Lying,,1.0,0.0,105.5744
Sitting_Lying_FewLandmarks_back,354,,Lying,,1.0,0.0,124.3854
Sitting_Lying_FewLandmarks_back,355,,Lying,,1.0,0.0,153.1144
Sitting_Lying_FewLandmarks_back,356,,Lying,,1.0,0.0,134.9629
Sitting_Lying_FewLandmarks_back,357,,Lying,,1.0,0.0,97.0175
Sitting_Lying_FewLandmarks_back,358,,Lying,,1.0,0.0,99.8761
Sitting_Lying_FewLandmarks_back,359,,Lying,,1.0,0.0,97.8316
Sitting_Lying_FewLandmarks_back,360,,Lying,,1.0,0.0,103.8494
Sitting_Lying_FewLandmarks_back,361,,Lying,,1.0,0.0,83.9591
Sitting_Lying_FewLandmarks_back,362,,Lying,,1.0,0.0,86.5592
Sitting_Lying_FewLandmarks_back,363,,Lying,,1.0,0.0,80.1258
Sitting_Lying_FewLandmarks_back,364,,Lying,,1.0,0.0,79.7089
Sitting_Lying_FewLandmarks_back,365,,Lying,,1.0,0.0,80.8575
Sitting_Lying_FewLandmarks_back,366,,Lying,,1.0,0.0,76.7358
Sitting_Lying_FewLandmarks_back,367,,Lying,,1.0,0.0,87.6831
Sitting_Lying_FewLandmarks_back,368,,Lying,,1.0,0.0,96.8273
Sitting_Lying_FewLandmarks_back,369,,Lying,,1.0,0.0,99.3201
Sitting_Lying_FewLandmarks_back,370,,Lying,,1.0,0.0,95.7807
Sitting_Lying_FewLandmarks_back,371,,Lying,,1.0,0.0,97.4641
Sitting_Lying_FewLandmarks_back,372,,Lying,,1.0,0.0,84.3077
Sitting_Lying_FewLandmarks_back,373,,Lying,,1.0,0.0,90.1433
Sitting_Lying_FewLandmarks_back,374,,Lying,,1.0,0.0,92.5426
Sitting_Lying_FewLandmarks_back,375,,Lying,,1.0,0.0,81.7042
Sitting_Lying_FewLandmarks_back,376,,Lying,,1.0,0.0,76.9577
Sitting_Lying_FewLandmarks_back,377,,Lying,,1.0,0.0,76.1419
Sitting_Lying_FewLandmarks_back,378,,Lying,,1.0,0.0,90.5428
Sitting_Lying_FewLandmarks_back,379,,Lying,,0.999,0.0,84.3567
Sitting_Lying_FewLandmarks_back,380,,Lying,,0.999,0.0,88.3753
Sitting_Lying_FewLandmarks_back,381,,Lying,,0.999,0.0,104.2725
Sitting_Lying_FewLandmarks_back,382,,Lying,,0.999,0.0,97.385
Sitting_Lying_FewLandmarks_back,383,,Lying,,0.999,0.0,98.6464
Sitting_Lying_FewLandmarks_back,384,,Lying,,0.999,0.0,94.3751
Sitting_Lying_FewLandmarks_back,385,,Lying,,0.999,0.0,116.4726
Sitting_Lying_FewLandmarks_back,386,,Lying,,0.999,0.0,123.4083
Sitting_Lying_FewLandmarks_back,387,,Lying,,0.999,0.0,105.3362
Sitting_Lying_FewLandmarks_back,388,,Lying,,0.999,0.0,104.0036
Sitting_Lying_FewLandmarks_back,389,,Lying,,0.999,0.0,104.1426
Sitting_Lying_FewLandmarks_back,390,,Lying,,0.999,0.0,101.4998
Sitting_Lying_FewLandmarks_back,391,,Lying,,0.998,0.0,91.8917
Sitting_Lying_FewLandmarks_back,392,,Lying,,0.998,0.0,92.3329
Sitting_Lying_FewLandmarks_back,393,,Lying,,0.999,0.0,88.1879
Sitting_Lying_FewLandmarks_back,394,,Lying,,0.999,0.0,87.3863
Sitting_Lying_FewLandmarks_back,395,,Lying,,0.999,0.0,125.6201
Sitting_Lying_FewLandmarks_back,396,,Lying,,0.999,0.0,123.3838
Sitting_Lying_FewLandmarks_back,397,,Lying,,0.999,0.0,118.8546
Sitting_Lying_FewLandmarks_back,398,,Lying,,0.999,0.0,112.6335
Sitting_Lying_FewLandmarks_back,399,,Lying,,0.999,0.0,159.933
Sitting_Lying_FewLandmarks_back,400,,Lying,,0.999,0.0,115.3159
Sitting_Lying_FewLandmarks_back,401,,Lying,,0.999,0.0,122.7044
Sitting_Lying_FewLandmarks_back,402,,Lying,,0.999,0.0,114.0052
Sitting_Lying_FewLandmarks_back,403,,Lying,,0.999,0.0,121.8337
Sitting_Lying_FewLandmarks_back,404,,Lying,,0.999,0.0,107.5025
Sitting_Lying_FewLandmarks_back,405,,Lying,,0.999,0.0,110.1467
Sitting_Lying_FewLandmarks_back,406,,Lying,,0.999,0.0,94.2487
Sitting_Lying_FewLandmarks_back,407,,Lying,,0.998,0.0,111.5102
Sitting_Lying_FewLandmarks_back,408,,Lying,,0.998,0.0,116.658
Sitting_Lying_FewLandmarks_back,409,,Lying,,0.998,0.0,87.5928
Sitting_Lying_FewLandmarks_back,410,,Lying,,0.998,0.0,87.8357
Sitting_Lying_FewLandmarks_back,411,,Lying,,0.998,0.0,100.3942
Sitting_Lying_FewLandmarks_back,412,,Lying,,0.998,0.0,108.6886
Sitting_Lying_FewLandmarks_back,413,,Lying,,0.998,0.0,89.5999
Sitting_Lying_FewLandmarks_back,414,,Lying,,0.997,0.0,90.6223
Sitting_Lying_FewLandmarks_back,415,Sitting,Lying,False,0.997,0.0,76.6505
Sitting_Lying_FewLandmarks_back,416,Sitting,Lying,False,0.996,0.0,71.3273
Sitting_Lying_FewLandmarks_back,417,Sitting,Lying,False,0.997,0.0,76.6329
Sitting_Lying_FewLandmarks_back,418,Sitting,Lying,False,0.996,0.0,69.2386
Sitting_Lying_FewLandmarks_back,419,Sitting,Lying,False,0.995,0.0,68.9687
Sitting_Lying_FewLandmarks_back,420,Sitting,Lying,False,0.993,0.0,69.5701
Sitting_Lying_FewLandmarks_back,421,Sitting,Lying,False,0.992,0.0,63.0456
Sitting_Lying_FewLandmarks_back,422,Sitting,Lying,False,0.988,0.0,61.5698
Sitting_Lying_FewLandmarks_back,423,Sitting,Lying,False,0.981,0.0,66.3324
Sitting_Lying_FewLandmarks_back,424,Sitting,Lying,False,0.974,0.0,62.1203
Sitting_Lying_FewLandmarks_back,425,Sitting,Lying,False,0.97,0.0,62.0132
Sitting_Lying_FewLandmarks_back,426,Sitting,Lying,False,0.957,0.0,61.2528
Sitting_Lying_FewLandmarks_back,427,Sitting,Lying,False,0.94,0.0,65.1732
Sitting_Lying_FewLandmarks_back,428,Sitting,Lying,False,0.904,0.0,65.5091
Sitting_Lying_FewLandmarks_back,429,Sitting,Lying,False,0.83,0.0,72.4977
Sitting_Lying_FewLandmarks_back,430,Sitting,Lying,False,0.77,0.0,77.1704
Sitting_Lying_FewLandmarks_back,431,Sitting,Lying,False,0.752,0.0,75.0533
Sitting_Lying_FewLandmarks_back,432,Sitting,Lying,False,0.756,0.0,97.9726
Sitting_Lying_FewLandmarks_back,433,Sitting,Lying,False,0.732,0.0,101.598
Sitting_Lying_FewLandmarks_back,434,Sitting,Lying,False,0.633,0.0,78.1303
Sitting_Lying_FewLandmarks_back,435,Sitting,Lying,False,0.645,0.0,73.6098
Sitting_Lying_FewLandmarks_back,436,Sitting,Lying,False,0.539,0.0,78.6071
Sitting_Lying_FewLandmarks_back,437,Sitting,Lying,False,0.506,0.0,69.1912
Sitting_Lying_FewLandmarks_back,438,Sitting,Sitting,True,0.552,0.0,66.4885
Sitting_Lying_FewLandmarks_back,439,Sitting,Sitting,True,0.564,0.0,69.816
Sitting_Lying_FewLandmarks_back,440,Sitting,Sitting,True,0.541,0.0,67.743
Sitting_Lying_FewLandmarks_back,441,Sitting,Sitting,True,0.539,0.0,64.9013
Sitting_Lying_FewLandmarks_back,442,Sitting,Sitting,True,0.522,0.0,63.9074
Sitting_Lying_FewLandmarks_back,443,Sitting,Sitting,True,0.499,0.0,64.1878
Sitting_Lying_FewLandmarks_back,444,Sitting,Sitting,True,0.477,0.0,60.8613
Sitting_Lying_FewLandmarks_back,445,Sitting,Lying,False,0.491,0.0,59.7571
Sitting_Lying_FewLandmarks_back,446,Sitting,Lying,False,0.495,0.0,60.8954
Sitting_Lying_FewLandmarks_back,447,Sitting,Lying,False,0.522,0.0,61.2788
Sitting_Lying_FewLandmarks_back,448,Sitting,Lying,False,0.564,0.0,72.4767
Sitting_Lying_FewLandmarks_back,449,Sitting,Lying,False,0.588,0.0,73.8564
Sitting_Lying_FewLandmarks_back,450,Sitting,Lying,False,0.623,0.0,77.6133
Sitting_Lying_FewLandmarks_back,451,Sitting,Lying,False,0.667,0.0,72.9815
Sitting_Lying_FewLandmarks_back,452,Sitting,Lying,False,0.689,0.0,71.555
Sitting_Lying_FewLandmarks_back,453,Sitting,Lying,False,0.719,0.0,72.0613
Sitting_Lying_FewLandmarks_back,454,Sitting,Lying,False,0.725,0.0,87.3464
Sitting_Lying_FewLandmarks_back,455,Sitting,Lying,False,0.745,0.0,92.0888
Sitting_Lying_FewLandmarks_back,456,Sitting,Lying,False,0.759,0.0,81.9608
Sitting_Lying_FewLandmarks_back,457,Sitting,Lying,False,0.787,0.0,75.6878
Sitting_Lying_FewLandmarks_back,458,Sitting,Lying,False,0.803,0.0,85.2206
Sitting_Lying_FewLandmarks_back,459,,Lying,,0.816,0.0,83.8262
Sitting_Lying_FewLandmarks_back,460,,Lying,,0.822,0.0,69.3917
Sitting_Lying_FewLandmarks_back,461,,Lying,,0.831,0.0,70.9545
Sitting_Lying_FewLandmarks_back,462,,Lying,,0.848,0.0,66.2028
Sitting_Lying_FewLandmarks_back,463,,Lying,,0.861,0.0,72.8292
Sitting_Lying_FewLandmarks_back,464,,Lying,,0.869,0.0,65.1556
Sitting_Lying_FewLandmarks_back,465,,Lying,,0.878,0.0,64.2491
Sitting_Lying_FewLandmarks_back,466,,Lying,,0.894,0.0,69.5779
Sitting_Lying_FewLandmarks_back,467,,Lying,,0.884,0.0,86.4377
Sitting_Lying_FewLandmarks_back,468,,Lying,,0.902,0.0,106.1973
Sitting_Lying_FewLandmarks_back,469,,Lying,,0.875,0.0,121.7528
Sitting_Lying_FewLandmarks_back,470,,Lying,,0.874,0.0,98.5145
Sitting_Lying_FewLandmarks_back,471,,Lying,,0.869,0.0,89.2543
Sitting_Lying_FewLandmarks_back,472,,Lying,,0.865,0.0,94.8103
Sitting_Lying_FewLandmarks_back,473,,Lying,,0.848,0.0,101.4861
Sitting_Lying_FewLandmarks_back,474,,Lying,,0.828,0.0,104.8434
Sitting_Lying_FewLandmarks_back,475,,Lying,,0.795,0.0,102.7151
Sitting_Lying_FewLandmarks_back,476,,Lying,,0.781,0.0,112.2686
Sitting_Lying_FewLandmarks_back,477,,Lying,,0.723,0.0,87.6992
Sitting_Lying_FewLandmarks_back,478,,Lying,,0.67,0.0,112.5627
Sitting_Lying_FewLandmarks_back,479,,Lying,,0.606,0.0,123.5317
Sitting_Lying_FewLandmarks_back,480,,Lying,,0.558,0.0,84.6511
Sitting_Lying_FewLandmarks_back,481,,Lying,,0.571,0.0,85.0989
Sitting_Lying_FewLandmarks_back,482,,Lying,,0.55,0.0,74.4835
Sitting_Lying_FewLandmarks_back,483,,Lying,,0.53,0.0,74.4919
Sitting_Lying_FewLandmarks_back,484,,Sitting,,0.523,0.0,74.6163
Sitting_Lying_FewLandmarks_back,485,,Sitting,,0.542,0.0,68.9741
Sitting_Lying_FewLandmarks_back,486,,Sitting,,0.541,0.0,66.6532
Sitting_Lying_FewLandmarks_back,487,,Sitting,,0.5,0.0,76.0208
Sitting_Lying_FewLandmarks_back,488,,Sitting,,0.458,0.0,66.8503
Sitting_Lying_FewLandmarks_back,489,,Sitting,,0.418,0.0,65.744
Sitting_Lying_FewLandmarks,31,,Standing,,0.998,0.0,65.975
Sitting_Lying_FewLandmarks,32,,Standing,,0.998,0.0,76.155
Sitting_Lying_FewLandmarks,33,,Standing,,0.998,0.0,104.8757
Sitting_Lying_FewLandmarks,34,,Standing,,0.998,0.0,108.6919
Sitting_Lying_FewLandmarks,35,,Standing,,0.998,0.0,93.794
Sitting_Lying_FewLandmarks,36,,Standing,,0.998,0.0,114.9909
Sitting_Lying_FewLandmarks,37,,Standing,,0.998,0.0,122.057
Sitting_Lying_FewLandmarks,38,,Standing,,0.997,0.0,115.836
Sitting_Lying_FewLandmarks,39,,Standing,,0.998,0.0,105.9235
Sitting_Lying_FewLandmarks,40,,Standing,,0.998,0.0,115.9494
Sitting_Lying_FewLandmarks,41,,Standing,,0.998,0.0,98.798
Sitting_Lying_FewLandmarks,42,,Standing,,0.998,0.0,91.7464
Sitting_Lying_FewLandmarks,43,,Standing,,0.997,0.0,98.5548
Sitting_Lying_FewLandmarks,44,,Standing,,0.997,0.0,104.3092
Sitting_Lying_FewLandmarks,45,,Standing,,0.997,0.0,82.9176
Sitting_Lying_FewLandmarks,46,,Standing,,0.996,0.0,94.7187
Sitting_Lying_FewLandmarks,47,,Standing,,0.996,0.0,89.9563
Sitting_Lying_FewLandmarks,48,,Standing,,0.995,0.0,106.7912
Sitting_Lying_FewLandmarks,49,,Standing,,0.994,0.0,103.4742
Sitting_Lying_FewLandmarks,50,,Standing,,0.993,0.0,110.3477
Sitting_Lying_FewLandmarks,51,,Standing,,0.992,0.0,113.1948
Sitting_Lying_FewLandmarks,52,,Standing,,0.991,0.0,106.4569
Sitting_Lying_FewLandmarks,53,,Standing,,0.992,0.0,104.1484
Sitting_Lying_FewLandmarks,54,,Standing,,0.991,0.0,102.3796
Sitting_Lying_FewLandmarks,55,,Standing,,0.991,0.0,106.4305
Sitting_Lying_FewLandmarks,56,,Standing,,0.99,0.0,104.7207
Sitting_Lying_FewLandmarks,57,,Standing,,0.99,0.0,83.3485
Sitting_Lying_FewLandmarks,58,,Standing,,0.989,0.0,86.8496
Sitting_Lying_FewLandmarks,59,Sitting,Standing,False,0.988,0.0,84.9038
Sitting_Lying_FewLandmarks,60,Sitting,Standing,False,0.987,0.0,76.3001
Sitting_Lying_FewLandmarks,61,Sitting,Standing,False,0.986,0.0,76.0777
Sitting_Lying_FewLandmarks,62,Sitting,Standing,False,0.986,0.0,77.3466
Sitting_Lying_FewLandmarks,63,Sitting,Standing,False,0.987,0.0,75.9023
Sitting_Lying_FewLandmarks,64,Sitting,Standing,False,0.987,0.0,77.7187
Sitting_Lying_FewLandmarks,65,Sitting,Standing,False,0.988,0.0,88.7318
Sitting_Lying_FewLandmarks,66,Sitting,Standing,False,0.988,0.0,89.1528
Sitting_Lying_FewLandmarks,67,Sitting,Standing,False,0.988,0.0,111.1877
Sitting_Lying_FewLandmarks,68,Sitting,Standing,False,0.988,0.0,92.6599
Sitting_Lying_FewLandmarks,69,Sitting,Standing,False,0.988,0.0,86.6951
Sitting_Lying_FewLandmarks,70,Sitting,Standing,False,0.99,0.0,87.5472
Sitting_Lying_FewLandmarks,71,Sitting,Standing,False,0.99,0.0,94.6496
Sitting_Lying_FewLandmarks,72,Sitting,Standing,False,0.989,0.0,88.6884
Sitting_Lying_FewLandmarks,73,Sitting,Standing,False,0.992,0.0,93.9087
Sitting_Lying_FewLandmarks,74,Sitting,Standing,False,0.993,0.0,98.6071
Sitting_Lying_FewLandmarks,75,Sitting,Standing,False,0.995,0.0,115.6486
Sitting_Lying_FewLandmarks,76,Sitting,Standing,False,0.996,0.0,122.1012
Sitting_Lying_FewLandmarks,77,Sitting,Standing,False,0.996,0.0,100.7021
Sitting_Lying_FewLandmarks,78,Sitting,Standing,False,0.996,0.0,92.7729
Sitting_Lying_FewLandmarks,79,Sitting,Standing,False,0.997,0.0,92.6598
Sitting_Lying_FewLandmarks,80,Sitting,Standing,False,0.997,0.0,96.0941
Sitting_Lying_FewLandmarks,81,Sitting,Standing,False,0.997,0.0,90.5186
Sitting_Lying_FewLandmarks,82,Sitting,Standing,False,0.997,0.0,83.237
Sitting_Lying_FewLandmarks,83,Sitting,Standing,False,0.997,0.0,108.8566
Sitting_Lying_FewLandmarks,84,Sitting,Standing,False,0.997,0.0,90.8953
Sitting_Lying_FewLandmarks,85,Sitting,Standing,False,0.997,0.0,92.4048
Sitting_Lying_FewLandmarks,86,Sitting,Standing,False,0.997,0.0,102.1339
Sitting_Lying_FewLandmarks,87,Sitting,Standing,False,0.997,0.0,83.0321
Sitting_Lying_FewLandmarks,88,Sitting,Standing,False,0.997,0.0,98.5128
Sitting_Lying_FewLandmarks,89,Sitting,Standing,False,0.997,0.0,79.4326
Sitting_Lying_FewLandmarks,90,Sitting,Standing,False,0.998,0.0,75.9447
Sitting_Lying_FewLandmarks,91,Sitting,Standing,False,0.997,0.0,83.2803
Sitting_Lying_FewLandmarks,92,Sitting,Standing,False,0.998,0.0,89.4342
Sitting_Lying_FewLandmarks,93,Sitting,Standing,False,0.997,0.0,87.6186
Sitting_Lying_FewLandmarks,94,Sitting,Standing,False,0.997,0.0,104.9707
Sitting_Lying_FewLandmarks,95,Sitting,Standing,False,0.997,0.0,93.6643
Sitting_Lying_FewLandmarks,96,Sitting,Standing,False,0.997,0.0,95.7297
Sitting_Lying_FewLandmarks,97,Sitting,Standing,False,0.997,0.0,88.2504
Sitting_Lying_FewLandmarks,98,Sitting,Standing,False,0.997,0.0,101.4048
Sitting_Lying_FewLandmarks,99,Sitting,Standing,False,0.997,0.0,102.362
Sitting_Lying_FewLandmarks,100,Sitting,Standing,False,0.997,0.0,97.6668
Sitting_Lying_FewLandmarks,101,Sitting,Standing,False,0.997,0.0,80.5498
Sitting_Lying_FewLandmarks,102,Sitting,Standing,False,0.997,0.0,77.3035
Sitting_Lying_FewLandmarks,103,Sitting,Standing,False,0.997,0.0,84.4606
Sitting_Lying_FewLandmarks,104,Sitting,Standing,False,0.997,0.0,79.6075
Sitting_Lying_FewLandmarks,105,Sitting,Standing,False,0.997,0.0,87.1307
Sitting_Lying_FewLandmarks,106,Sitting,Standing,False,0.997,0.0,83.1697
Sitting_Lying_FewLandmarks,107,Sitting,Standing,False,0.997,0.0,79.969
Sitting_Lying_FewLandmarks,108,Sitting,Standing,False,0.997,0.0,82.1129
Sitting_Lying_FewLandmarks,109,Sitting,Standing,False,0.997,0.0,79.2526
Sitting_Lying_FewLandmarks,110,Sitting,Standing,False,0.997,0.0,81.2216
Sitting_Lying_FewLandmarks,111,Sitting,Standing,False,0.997,0.0,82.8257
Sitting_Lying_FewLandmarks,112,,Standing,,0.997,0.0,85.8057
Sitting_Lying_FewLandmarks,113,,Standing,,0.997,0.0,97.9345
Sitting_Lying_FewLandmarks,114,,Standing,,0.997,0.0,84.5919
Sitting_Lying_FewLandmarks,115,,Standing,,0.998,0.0,77.0796
Sitting_Lying_FewLandmarks,116,,Standing,,0.998,0.0,87.2943
Sitting_Lying_FewLandmarks,117,,Standing,,0.997,0.0,136.4721
Sitting_Lying_FewLandmarks,118,,Standing,,0.998,0.0,113.5132
Sitting_Lying_FewLandmarks,119,,Standing,,0.998,0.0,81.1315
Sitting_Lying_FewLandmarks,120,,Standing,,0.998,0.0,79.6258
Sitting_Lying_FewLandmarks,121,,Standing,,0.998,0.0,80.2644
Sitting_Lying_FewLandmarks,122,,Standing,,0.998,0.0,100.4938
Sitting_Lying_FewLandmarks,123,,Standing,,0.998,0.0,78.0722
Sitting_Lying_FewLandmarks,124,,Standing,,0.998,0.0,78.8825
Sitting_Lying_FewLandmarks,125,,Standing,,0.998,0.0,77.3441
Sitting_Lying_FewLandmarks,126,,Standing,,0.998,0.0,88.4067
Sitting_Lying_FewLandmarks,127,,Standing,,0.998,0.0,83.6625
Sitting_Lying_FewLandmarks,128,,Standing,,0.998,0.0,86.147
Sitting_Lying_FewLandmarks,129,,Standing,,0.998,0.0,86.7748
Sitting_Lying_FewLandmarks,130,,Standing,,0.998,0.0,99.1353
Sitting_Lying_FewLandmarks,131,,Standing,,0.998,0.0,82.2196
Sitting_Lying_FewLandmarks,132,,Standing,,0.998,0.0,92.5158
Sitting_Lying_FewLandmarks,133,,Standing,,0.998,0.0,88.2096
Sitting_Lying_FewLandmarks,134,,Standing,,0.998,0.0,99.3716
Sitting_Lying_FewLandmarks,135,,Standing,,0.998,0.0,90.1963
Sitting_Lying_FewLandmarks,136,,Standing,,0.998,0.0,102.1549
Sitting_Lying_FewLandmarks,137,,Standing,,0.998,0.0,111.0683
Sitting_Lying_FewLandmarks,138,,Standing,,0.998,0.0,109.4135
Sitting_Lying_FewLandmarks,139,,Standing,,0.998,0.0,96.0208
Sitting_Lying_FewLandmarks,140,,Standing,,0.998,0.0,120.8871
Sitting_Lying_FewLandmarks,141,,Standing,,0.998,0.0,91.7838
Sitting_Lying_FewLandmarks,142,,Standing,,0.998,0.0,113.9218
Sitting_Lying_FewLandmarks,143,,Standing,,0.997,0.0,115.6098
Sitting_Lying_FewLandmarks,144,,Standing,,0.997,0.0,133.8046
Sitting_Lying_FewLandmarks,145,,Standing,,0.996,0.0,120.0818
Sitting_Lying_FewLandmarks,146,,Standing,,0.996,0.0,103.7147
Sitting_Lying_FewLandmarks,147,,Standing,,0.995,0.0,100.0411
Sitting_Lying_FewLandmarks,148,,Standing,,0.994,0.0,107.424
Sitting_Lying_FewLandmarks,149,,Standing,,0.992,0.0,103.9962
Sitting_Lying_FewLandmarks,150,,Standing,,0.991,0.0,101.2965
Sitting_Lying_FewLandmarks,151,,Standing,,0.99,0.0,106.2997
Sitting_Lying_FewLandmarks,152,,Standing,,0.988,0.0,111.7222
Sitting_Lying_FewLandmarks,153,,Standing,,0.985,0.0,97.4987
Sitting_Lying_FewLandmarks,154,,Standing,,0.979,0.0,111.7786
Sitting_Lying_FewLandmarks,155,,Standing,,0.976,0.0,95.1786
Sitting_Lying_FewLandmarks,156,,Standing,,0.97,0.0,89.7117
Sitting_Lying_FewLandmarks,157,,Standing,,0.966,0.0,134.8148
Sitting_Lying_FewLandmarks,158,,Standing,,0.956,0.0,91.8194
Sitting_Lying_FewLandmarks,159,,Standing,,0.949,0.0,86.8436
Sitting_Lying_FewLandmarks,160,,Standing,,0.936,0.0,124.7616
Sitting_Lying_FewLandmarks,161,,Standing,,0.916,0.0,117.3244
Sitting_Lying_FewLandmarks,162,,Standing,,0.918,0.0,97.6964
Sitting_Lying_FewLandmarks,163,,Standing,,0.898,0.0,95.9469
Sitting_Lying_FewLandmarks,164,,Standing,,0.872,0.0,116.7137
Sitting_Lying_FewLandmarks,165,,Standing,,0.805,0.0,121.896
Sitting_Lying_FewLandmarks,166,,Standing,,0.786,0.0,112.8053
Sitting_Lying_FewLandmarks,167,,Standing,,0.634,0.0,90.0648
Sitting_Lying_FewLandmarks,168,,Lying,,0.484,0.0,95.1798
Sitting_Lying_FewLandmarks,169,,Lying,,0.64,0.0,80.3146
Sitting_Lying_FewLandmarks,170,,Lying,,0.683,0.0,97.1239
Sitting_Lying_FewLandmarks,171,,Lying,,0.801,0.0,97.2027
Sitting_Lying_FewLandmarks,172,,Lying,,0.813,0.0,102.1617
Sitting_Lying_FewLandmarks,173,,Lying,,0.79,0.0,90.7901
Sitting_Lying_FewLandmarks,174,,Lying,,0.841,0.0,91.0824
Sitting_Lying_FewLandmarks,175,,Lying,,0.853,0.0,100.3248
Sitting_Lying_FewLandmarks,176,,Lying,,0.877,0.0,118.5769
Sitting_Lying_FewLandmarks,177,Lying,Lying,True,0.908,0.0,90.0562
Sitting_Lying_FewLandmarks,178,Lying,Lying,True,0.886,0.0,88.5371
Sitting_Lying_FewLandmarks,179,Lying,Lying,True,0.899,0.0,115.4175
Sitting_Lying_FewLandmarks,180,Lying,Lying,True,0.891,0.0,94.0304
Sitting_Lying_FewLandmarks,181,Lying,Lying,True,0.891,0.0,114.2384
Sitting_Lying_FewLandmarks,182,Lying,Lying,True,0.926,0.0,92.5939
Sitting_Lying_FewLandmarks,183,Lying,Lying,True,0.946,0.0,77.8468
Sitting_Lying_FewLandmarks,184,Lying,Lying,True,0.943,0.0,73.9159
Sitting_Lying_FewLandmarks,185,Lying,Lying,True,0.943,0.0,75.939
Sitting_Lying_FewLandmarks,186,Lying,Lying,True,0.96,0.0,66.7849
Sitting_Lying_FewLandmarks,187,Lying,Lying,True,0.963,0.0,67.4589
Sitting_Lying_FewLandmarks,188,Lying,Lying,True,0.978,0.0,64.3769
Sitting_Lying_FewLandmarks,189,Lying,Lying,True,0.976,0.0,65.754
Sitting_Lying_FewLandmarks,190,Lying,Lying,True,0.978,0.0,62.7051
Sitting_Lying_FewLandmarks,191,Lying,Lying,True,0.957,0.0,61.1209
Sitting_Lying_FewLandmarks,192,Lying,Lying,True,0.969,0.0,66.1079
Sitting_Lying_FewLandmarks,193,Lying,Lying,True,0.954,0.0,66.9993
Sitting_Lying_FewLandmarks,194,Lying,Lying,True,0.949,0.0,62.0429
Sitting_Lying_FewLandmarks,195,Lying,Lying,True,0.942,0.0,63.1135
Sitting_Lying_FewLandmarks,196,Lying,Lying,True,0.962,0.0,81.3737
Sitting_Lying_FewLandmarks,197,Lying,Lying,True,0.943,1.0,82.6733
Sitting_Lying_FewLandmarks,198,Lying,Lying,True,0.956,1.0,91.0218
Sitting_Lying_FewLandmarks,199,Lying,Lying,True,0.938,0.0,84.5013
Sitting_Lying_FewLandmarks,200,Lying,Lying,True,0.952,1.0,92.3237
Sitting_Lying_FewLandmarks,201,Lying,Lying,True,0.955,1.0,80.6427
Sitting_Lying_FewLandmarks,202,Lying,Lying,True,0.951,1.0,81.1105
Sitting_Lying_FewLandmarks,203,Lying,Lying,True,0.962,1.0,85.2911
Sitting_Lying_FewLandmarks,204,Lying,Lying,True,0.901,1.0,82.7177
Sitting_Lying_FewLandmarks,205,Lying,Lying,True,0.937,1.0,90.8831
Sitting_Lying_FewLandmarks,206,Lying,Lying,True,0.893,1.0,84.7653
Sitting_Lying_FewLandmarks,207,Lying,Lying,True,0.835,1.0,88.9383
Sitting_Lying_FewLandmarks,208,Lying,Lying,True,0.806,0.0,105.4665
Sitting_Lying_FewLandmarks,209,Lying,Lying,True,0.838,0.0,97.9906
Sitting_Lying_FewLandmarks,210,Lying,Lying,True,0.706,1.0,109.1348
Sitting_Lying_FewLandmarks,211,Lying,Lying,True,0.698,0.0,80.4766
Sitting_Lying_FewLandmarks,212,Lying,Lying,True,0.864,0.0,73.9476
Sitting_Lying_FewLandmarks,213,Lying,Lying,True,0.734,1.0,66.4132
Sitting_Lying_FewLandmarks,214,Lying,Lying,True,0.649,0.0,74.4753
Sitting_Lying_FewLandmarks,215,Lying,Lying,True,0.779,0.0,64.8926
Sitting_Lying_FewLandmarks,216,Lying,Standing,False,0.465,0.0,66.0959
Sitting_Lying_FewLandmarks,217,Lying,Standing,False,0.511,1.0,67.0925
Sitting_Lying_FewLandmarks,218,Lying,Standing,False,0.495,0.0,61.8969
Sitting_Lying_FewLandmarks,219,Lying,Lying,True,0.49,0.0,59.8228
Sitting_Lying_FewLandmarks,220,Lying,Standing,False,0.553,0.0,63.8085
Sitting_Lying_FewLandmarks,221,Lying,Standing,False,0.61,1.0,66.1113
Sitting_Lying_FewLandmarks,222,Lying,Standing,False,0.528,1.0,62.5856
Sitting_Lying_FewLandmarks,223,Lying,Standing,False,0.692,1.0,69.283
Sitting_Lying_FewLandmarks,224,Lying,Standing,False,0.675,1.0,78.3636
Sitting_Lying_FewLandmarks,225,Lying,Standing,False,0.812,1.0,79.8689
Sitting_Lying_FewLandmarks,226,Lying,Standing,False,0.763,0.0,82.0902
Sitting_Lying_FewLandmarks,227,Lying,Standing,False,0.76,1.0,145.8222
Sitting_Lying_FewLandmarks,228,Lying,Standing,False,0.776,1.0,139.1493
Sitting_Lying_FewLandmarks,229,Lying,Standing,False,0.661,1.0,87.6002
Sitting_Lying_FewLandmarks,230,Lying,Standing,False,0.669,0.0,92.1377
Sitting_Lying_FewLandmarks,231,Lying,Standing,False,0.704,0.0,107.2168
Sitting_Lying_FewLandmarks,232,Lying,Standing,False,0.755,1.0,93.7678
Sitting_Lying_FewLandmarks,233,Lying,Standing,False,0.802,1.0,82.5636
Sitting_Lying_FewLandmarks,234,Lying,Standing,False,0.836,1.0,82.7415
Sitting_Lying_FewLandmarks,235,Lying,Standing,False,0.86,0.0,87.0833
Sitting_Lying_FewLandmarks,236,,Standing,,0.858,0.0,88.4703
Sitting_Lying_FewLandmarks,237,,Standing,,0.888,0.0,92.7291
Sitting_Lying_FewLandmarks,238,,Standing,,0.917,1.0,79.5221
Sitting_Lying_FewLandmarks,239,,Standing,,0.886,1.0,98.67
Sitting_Lying_FewLandmarks,240,,Standing,,0.913,1.0,79.5626
Sitting_Lying_FewLandmarks,241,,Standing,,0.927,0.0,78.9572
Sitting_Lying_FewLandmarks,242,,Standing,,0.939,0.0,88.8273
Sitting_Lying_FewLandmarks,243,,Standing,,0.948,0.0,97.27
Sitting_Lying_FewLandmarks,244,,Standing,,0.96,0.0,114.0395
Sitting_Lying_FewLandmarks,245,,Standing,,0.961,0.0,96.0687
Sitting_Lying_FewLandmarks,246,,Standing,,0.949,0.0,98.3574
Sitting_Lying_FewLandmarks,247,,Standing,,0.96,0.0,89.5214
Sitting_Lying_FewLandmarks,248,,Standing,,0.971,0.0,79.4174
Sitting_Lying_FewLandmarks,249,,Standing,,0.968,0.0,82.0395
Sitting_Lying_FewLandmarks,250,,Standing,,0.901,0.0,103.4577
Sitting_Lying_FewLandmarks,251,,Standing,,0.919,0.0,82.9886
Sitting_Lying_FewLandmarks,252,,Standing,,0.941,0.0,83.6771
Sitting_Lying_FewLandmarks,253,,Standing,,0.95,0.0,83.9121
Sitting_Lying_FewLandmarks,254,,Standing,,0.953,0.0,80.5891
Sitting_Lying_FewLandmarks,255,,Standing,,0.962,0.0,77.0309
Sitting_Lying_FewLandmarks,256,,Standing,,0.947,0.0,76.8195
Sitting_Lying_FewLandmarks,257,,Standing,,0.958,0.0,80.8814
Sitting_Lying_FewLandmarks,258,,Standing,,0.956,0.0,103.2951
Sitting_Lying_FewLandmarks,259,,Standing,,0.967,0.0,102.7341
Sitting_Lying_FewLandmarks,260,,Standing,,0.968,0.0,101.3111
Sitting_Lying_FewLandmarks,261,,Standing,,0.953,0.0,126.3141
Sitting_Lying_FewLandmarks,262,,Standing,,0.963,0.0,97.6281
Sitting_Lying_FewLandmarks,263,,Standing,,0.966,0.0,114.3718
Sitting_Lying_FewLandmarks,264,,Standing,,0.971,0.0,112.9931
Sitting_Lying_FewLandmarks,265,,Standing,,0.981,0.0,107.9994
Sitting_Lying_FewLandmarks,266,,Standing,,0.975,0.0,105.6777
Sitting_Lying_FewLandmarks,267,,Standing,,0.921,0.0,89.7934
Sitting_Lying_FewLandmarks,268,,Standing,,0.939,0.0,88.9904
Sitting_Lying_FewLandmarks,269,,Standing,,0.937,0.0,87.4818
Sitting_Lying_FewLandmarks,270,,Standing,,0.947,0.0,92.8437
Sitting_Lying_FewLandmarks,271,,Standing,,0.968,0.0,92.8083
Sitting_Lying_FewLandmarks,272,,Standing,,0.961,0.0,106.9054
Sitting_Lying_FewLandmarks,273,,Standing,,0.969,0.0,110.8284
Sitting_Lying_FewLandmarks,274,,Standing,,0.977,0.0,102.1396
Sitting_Lying_FewLandmarks,275,,Standing,,0.975,0.0,84.2138
Sitting_Lying_FewLandmarks,276,,Standing,,0.98,0.0,81.6834
Sitting_Lying_FewLandmarks,277,,Standing,,0.98,0.0,91.5353
Sitting_Lying_FewLandmarks,278,,Standing,,0.982,0.0,93.8836
Sitting_Lying_FewLandmarks,279,,Standing,,0.978,0.0,99.6816
Sitting_Lying_FewLandmarks,280,,Standing,,0.974,0.0,123.556
Sitting_Lying_FewLandmarks,281,,Standing,,0.988,0.0,130.3334
Sitting_Lying_FewLandmarks,282,,Standing,,0.984,0.0,169.8831
Sitting_Lying_FewLandmarks,283,,Standing,,0.985,0.0,122.2286
Sitting_Lying_FewLandmarks,284,,Standing,,0.984,0.0,133.2067
Sitting_Lying_FewLandmarks,285,,Standing,,0.985,0.0,122.7569
Sitting_Lying_FewLandmarks,286,,Standing,,0.982,0.0,112.2509
Sitting_Lying_FewLandmarks,287,,Standing,,0.988,0.0,106.2236
Sitting_Lying_FewLandmarks,288,,Standing,,0.987,0.0,100.9835
Sitting_Lying_FewLandmarks,289,,Standing,,0.985,0.0,108.6474
Sitting_Lying_FewLandmarks,290,,Standing,,0.988,0.0,117.0668
Sitting_Lying_FewLandmarks,291,,Standing,,0.991,0.0,105.969
Sitting_Lying_FewLandmarks,292,,Standing,,0.99,0.0,118.7603
Sitting_Lying_FewLandmarks,293,,Standing,,0.992,0.0,123.7217
Sitting_Lying_FewLandmarks,294,,Standing,,0.994,0.0,112.5755
Sitting_Lying_FewLandmarks,295,,Standing,,0.994,0.0,102.4517
Sitting_Lying_FewLandmarks,296,,Standing,,0.995,0.0,103.3582
Sitting_Lying_FewLandmarks,297,,Standing,,0.994,0.0,91.2051
Sitting_Lying_FewLandmarks,298,,Standing,,0.994,0.0,87.7916
Sitting_Lying_FewLandmarks,299,,Standing,,0.995,0.0,98.9371
Sitting_Lying_FewLandmarks,300,,Standing,,0.994,0.0,85.2601
Sitting_Lying_FewLandmarks,301,,Standing,,0.994,0.0,87.3116
Sitting_Lying_FewLandmarks,302,,Standing,,0.994,0.0,83.0718
Sitting_Lying_FewLandmarks,303,,Standing,,0.994,0.0,92.422
Sitting_Lying_FewLandmarks,304,,Standing,,0.994,0.0,83.2656
Sitting_Lying_FewLandmarks,305,,Standing,,0.994,0.0,79.394
Sitting_Lying_FewLandmarks,306,,Standing,,0.994,0.0,76.1001
Sitting_Lying_FewLandmarks,307,,Standing,,0.994,0.0,90.4573
Sitting_Lying_FewLandmarks,308,,Standing,,0.994,0.0,95.4074
Sitting_Lying_FewLandmarks,309,,Standing,,0.992,0.0,108.42
Sitting_Lying_FewLandmarks,310,,Standing,,0.994,0.0,98.9175
Sitting_Lying_FewLandmarks,311,,Standing,,0.992,0.0,99.1992
Sitting_Lying_FewLandmarks,312,,Standing,,0.994,0.0,95.5983
Sitting_Lying_FewLandmarks,313,,Standing,,0.995,0.0,88.7739
Sitting_Lying_FewLandmarks,314,,Standing,,0.994,0.0,86.2475
Sitting_Lying_FewLandmarks,315,,Standing,,0.994,0.0,99.1906
Sitting_Lying_FewLandmarks,316,,Standing,,0.994,0.0,80.5844
Sitting_Lying_FewLandmarks,317,,Standing,,0.994,0.0,82.7134
Sitting_Lying_FewLandmarks,318,,Standing,,0.995,0.0,78.7712
Sitting_Lying_FewLandmarks,319,,Standing,,0.995,0.0,83.6967
Sitting_Lying_FewLandmarks,320,,Standing,,0.996,0.0,83.9575
Sitting_Lying_FewLandmarks,321,,Standing,,0.996,0.0,83.4225
Sitting_Lying_FewLandmarks,322,,Standing,,0.996,0.0,75.9773
Sitting_Lying_FewLandmarks,323,,Standing,,0.996,0.0,78.375
Sitting_Lying_FewLandmarks,324,,Standing,,0.995,0.0,82.6208
Sitting_Lying_FewLandmarks,325,Sitting,Standing,False,0.996,0.0,83.3549
Sitting_Lying_FewLandmarks,326,Sitting,Standing,False,0.996,0.0,90.0527
Sitting_Lying_FewLandmarks,327,Sitting,Standing,False,0.996,0.0,87.4472
Sitting_Lying_FewLandmarks,328,Sitting,Standing,False,0.996,0.0,103.5929
Sitting_Lying_FewLandmarks,329,Sitting,Standing,False,0.995,0.0,93.6579
Sitting_Lying_FewLandmarks,330,Sitting,Standing,False,0.995,0.0,123.889
Sitting_Lying_FewLandmarks,331,Sitting,Standing,False,0.995,0.0,115.4871
Sitting_Lying_FewLandmarks,332,Sitting,Standing,False,0.995,0.0,95.8735
Sitting_Lying_FewLandmarks,333,Sitting,Standing,False,0.995,0.0,85.6616
Sitting_Lying_FewLandmarks,334,Sitting,Standing,False,0.994,0.0,102.8261
Sitting_Lying_FewLandmarks,335,Sitting,Standing,False,0.994,0.0,108.6171
Sitting_Lying_FewLandmarks,336,Sitting,Standing,False,0.993,0.0,99.7177
Sitting_Lying_FewLandmarks,337,Sitting,Standing,False,0.993,0.0,96.7777
Sitting_Lying_FewLandmarks,338,Sitting,Standing,False,0.993,0.0,94.3354
Sitting_Lying_FewLandmarks,339,Sitting,Standing,False,0.993,0.0,90.0261
Sitting_Lying_FewLandmarks,340,Sitting,Standing,False,0.993,0.0,101.4023
Sitting_Lying_FewLandmarks,341,Sitting,Standing,False,0.993,0.0,106.8137
Sitting_Lying_FewLandmarks,342,Sitting,Standing,False,0.993,0.0,89.8027
Sitting_Lying_FewLandmarks,343,Sitting,Standing,False,0.993,0.0,81.6599
Sitting_Lying_FewLandmarks,344,Sitting,Standing,False,0.993,0.0,76.7633
Sitting_Lying_FewLandmarks,345,Sitting,Standing,False,0.993,0.0,78.666
Sitting_Lying_FewLandmarks,346,Sitting,Standing,False,0.992,0.0,77.7882
Sitting_Lying_FewLandmarks,347,Sitting,Standing,False,0.992,0.0,76.0845
Sitting_Lying_FewLandmarks,348,Sitting,Standing,False,0.992,0.0,84.789
Sitting_Lying_FewLandmarks,349,Sitting,Standing,False,0.992,0.0,91.9372
Sitting_Lying_FewLandmarks,350,Sitting,Standing,False,0.992,0.0,85.0398
Sitting_Lying_FewLandmarks,351,Sitting,Standing,False,0.992,0.0,73.2358
Sitting_Lying_FewLandmarks,352,Sitting,Standing,False,0.992,0.0,77.739
Sitting_Lying_FewLandmarks,353,Sitting,Standing,False,0.992,0.0,67.5136
Sitting_Lying_FewLandmarks,354,,Standing,,0.992,0.0,85.2563
Sitting_Lying_FewLandmarks,355,,Standing,,0.992,0.0,68.4794
Sitting_Lying_FewLandmarks,356,,Standing,,0.992,0.0,66.2639
Sitting_Lying_FewLandmarks,357,,Standing,,0.992,0.0,64.0247
Sitting_Lying_FewLandmarks,358,,Standing,,0.992,0.0,70.844
Sitting_Lying_FewLandmarks,359,,Standing,,0.991,0.0,66.1181
Sitting_Lying_FewLandmarks,360,,Standing,,0.991,0.0,61.7666
Sitting_Lying_FewLandmarks,361,,Standing,,0.989,0.0,67.0078
Sitting_Lying_FewLandmarks,362,,Standing,,0.988,0.0,60.3575
Sitting_Lying_FewLandmarks,363,,Standing,,0.985,0.0,71.7652
Sitting_Lying_FewLandmarks,364,,Standing,,0.981,0.0,93.1702
Sitting_Lying_FewLandmarks,365,,Standing,,0.973,0.0,104.1753
Sitting_Lying_FewLandmarks,366,,Standing,,0.965,0.0,102.9131
Sitting_Lying_FewLandmarks,367,,Standing,,0.951,0.0,92.253
Sitting_Lying_FewLandmarks,368,,Standing,,0.92,0.0,89.8675
Sitting_Lying_FewLandmarks,369,,Standing,,0.873,0.0,93.4208
Sitting_Lying_FewLandmarks,370,,Standing,,0.805,0.0,79.5639
Sitting_Lying_FewLandmarks,371,,Standing,,0.692,0.0,78.3458
Sitting_Lying_FewLandmarks,372,,Standing,,0.549,0.0,77.9809
Sitting_Lying_FewLandmarks,373,,Standing,,0.4,0.0,79.2279
Sitting_Lying_FewLandmarks,374,,Sitting,,0.354,0.0,73.6779
Sitting_Lying_FewLandmarks,375,,Sitting,,0.348,0.0,94.7661
Sitting_Lying_FewLandmarks,376,,Lying,,0.463,0.0,98.98
Sitting_Lying_FewLandmarks,377,,Lying,,0.572,0.0,105.6243
Sitting_Lying_FewLandmarks,378,,Lying,,0.666,0.0,102.675
Sitting_Lying_FewLandmarks,379,,Lying,,0.735,0.0,87.3125
Sitting_Lying_FewLandmarks,380,,Lying,,0.781,0.0,99.6409
Sitting_Lying_FewLandmarks,381,,Lying,,0.809,0.0,91.3074
Sitting_Lying_FewLandmarks,382,,Lying,,0.836,0.0,89.446
Sitting_Lying_FewLandmarks,383,,Lying,,0.852,0.0,85.339
Sitting_Lying_FewLandmarks,384,,Lying,,0.864,0.0,85.6767
Sitting_Lying_FewLandmarks,385,,Lying,,0.884,0.0,73.2749
Sitting_Lying_FewLandmarks,386,,Lying,,0.89,0.0,76.7039
Sitting_Lying_FewLandmarks,387,,Lying,,0.903,0.0,74.7071
Sitting_Lying_FewLandmarks,388,,Lying,,0.901,0.0,66.132
Sitting_Lying_FewLandmarks,389,,Lying,,0.899,0.0,70.9975
Sitting_Lying_FewLandmarks,390,,Lying,,0.896,0.0,66.5117
Sitting_Lying_FewLandmarks,391,,Lying,,0.903,0.0,66.9115
Sitting_Lying_FewLandmarks,392,,Lying,,0.886,0.0,62.2243
Sitting_Lying_FewLandmarks,393,,Lying,,0.897,0.0,66.2256
Sitting_Lying_FewLandmarks,394,,Lying,,0.88,0.0,61.3424
Sitting_Lying_FewLandmarks,395,,Lying,,0.891,0.0,61.494
Sitting_Lying_FewLandmarks,396,,Lying,,0.918,0.0,61.5132
Sitting_Lying_FewLandmarks,397,,Lying,,0.897,0.0,61.6358
Sitting_Lying_FewLandmarks,398,,Lying,,0.849,0.0,83.1153
Sitting_Lying_FewLandmarks,399,,Lying,,0.61,0.0,78.7293
Sitting_Lying_FewLandmarks,400,,Lying,,0.48,0.0,63.969
Sitting_Lying_FewLandmarks,401,,Lying,,0.395,0.0,66.5827
