frame_number,timestamp,gt_label,ignore,posture_label,fall_detected,confidence,other_labels,knee_angle,hip_angle,torso_angle,velocity,torso_angular_velocity,body_height,effective_max_bh,hip_height,lower_body_occluded,tracking_lost_after_fall,recent_label_history
1,0.01689655172413793,Transition,True,Standing,False,0.55,angle_standing,179.2897946419475,177.9392348088369,0.5191822393356493,0.0,0.0,0.5827768521952627,0.5827768521952627,0.570923238992691,False,False,Standing
2,0.03379310344827586,Transition,True,Standing,False,0.62,angle_standing,179.38542474554043,177.93776801244582,0.6975128075408654,0.003886555639441276,10.554258118267892,0.5826901876885824,0.5827768521952627,0.5709315240383148,False,False,Standing|Standing
3,0.05068965517241379,Transition,True,Standing,False,0.62,angle_standing,179.433751832839,177.8212522121068,0.792833148704032,0.028058336432355238,5.64140794639149,0.5844735878160088,0.5844735878160088,0.5711345374584198,False,False,Standing|Standing|Standing
4,0.06758620689655172,Transition,True,Standing,False,0.62,angle_standing,179.54050839287706,177.87579019280815,1.0103851972173141,0.009044982763380637,12.875529401806498,0.5853946322068342,0.5853946322068342,0.5711679309606552,False,False,Standing|Standing|Standing|Standing
5,0.08448275862068966,Transition,True,Standing,False,0.62,angle_standing,179.50457412977082,177.89505880962207,1.0980893887810446,0.07442973963877451,5.190656235404452,0.5816858135394903,0.5853946322068342,0.571899339556694,False,False,Standing|Standing|Standing|Standing|Standing
6,0.10137931034482758,Transition,True,Standing,False,0.62,angle_standing,179.55265344140534,177.8827329852558,1.2075455761661935,0.006427854661000122,6.478019253406776,0.5801124273569003,0.5853946322068342,0.5719535648822784,False,False,Standing|Standing|Standing|Standing|Standing
7,0.11827586206896551,Transition,True,Standing,False,0.62,angle_standing,179.72903240500347,177.89880469774425,1.2989431217814196,0.039068564621624585,5.409242495595014,0.5777217449270485,0.5853946322068342,0.5723327249288559,False,False,Standing|Standing|Standing|Standing|Standing
8,0.13517241379310344,Transition,True,Standing,False,0.62,angle_standing,179.827665150531,177.79268718067414,1.3901735325476916,0.0023747800648014506,5.399350841269163,0.5738309499496698,0.5853946322068342,0.5723240375518799,False,False,Standing|Standing|Standing|Standing|Standing
9,0.1520689655172414,Transition,True,Standing,False,0.62,angle_standing,179.6626436848229,177.7167675203454,1.4596556916275933,0.014735989598985094,4.112209414932955,0.5709399634017788,0.5853946322068342,0.5721970349550247,False,False,Standing|Standing|Standing|Standing|Standing
10,0.16896551724137931,Transition,True,Standing,False,0.62,angle_standing,179.21627815717807,177.58639909812894,1.5212660473651862,0.004999975948071705,3.6463271763065186,0.5679056405152685,0.5853946322068342,0.572242945432663,False,False,Standing|Standing|Standing|Standing|Standing
11,0.18586206896551724,Transition,True,Standing,False,0.62,angle_standing,178.97012575338312,177.45017141031937,1.606140286333803,0.07584434155983683,5.023169245081403,0.5680434039365401,0.5853946322068342,0.5729698240756989,False,False,Standing|Standing|Standing|Standing|Standing
12,0.20275862068965517,Transition,True,Standing,False,0.62,angle_standing,179.08574585102792,177.51000241584129,1.6289772618407672,0.06059862550571856,1.351576101432574,0.5690974395367112,0.5853946322068342,0.5735524594783783,False,False,Standing|Standing|Standing|Standing|Standing
13,0.2196551724137931,Transition,True,Standing,False,0.62,angle_standing,178.87608313356986,177.45586506965384,1.6435121270488238,0.021964748942127875,0.8602267163951856,0.5688023035586317,0.5853946322068342,0.5733421295881271,False,False,Standing|Standing|Standing|Standing|Standing
14,0.23655172413793102,Transition,True,Standing,False,0.62,angle_standing,178.82663454633234,177.4542943326627,1.7208598396849444,0.2026531636537214,4.577721768260201,0.5692932548166231,0.5853946322068342,0.5713963657617569,False,False,Standing|Standing|Standing|Standing|Standing
15,0.253448275862069,Transition,True,Standing,False,0.62,angle_standing,178.67650218861382,177.3832908805066,1.719526600525325,0.012399540341393744,0.07890599107951957,0.5697608875397244,0.5853946322068342,0.5712799727916718,False,False,Standing|Standing|Standing|Standing|Standing
16,0.27034482758620687,Transition,True,Standing,False,0.62,angle_standing,178.78487529028445,177.37494970588853,1.734819808435143,0.06735467860970072,0.9051082232341301,0.567510131393745,0.5853946322068342,0.5706341117620468,False,False,Standing|Standing|Standing|Standing|Standing
17,0.2872413793103448,Transition,True,Standing,False,0.62,angle_standing,178.8057593160247,177.2591277947472,1.7497464062326138,0.016249254822275332,0.8834108900543962,0.5676102805000046,0.5853946322068342,0.5704799145460129,False,False,Standing|Standing|Standing|Standing|Standing
18,0.3041379310344828,Transition,True,Standing,False,0.62,angle_standing,178.88363732622508,177.21631829716017,1.7632755260805133,0.0711437486579651,0.8007030114062963,0.567883392795172,0.5853946322068342,0.5697984993457794,False,False,Standing|Standing|Standing|Standing|Standing
19,0.3210344827586207,Transition,True,Standing,False,0.62,angle_standing,179.08630750924175,177.19178439813064,1.7232204309322154,0.023197895301728572,2.370607672042123,0.5682526593127178,0.5853946322068342,0.5696011334657669,False,False,Standing|Standing|Standing|Standing|Standing
20,0.33793103448275863,Transition,True,Standing,False,0.62,angle_standing,179.09448398944215,177.15432983880703,1.7411492684050067,0.1431413834920305,1.0610944626754009,0.5688661232902623,0.5853946322068342,0.5682252794504166,False,False,Standing|Standing|Standing|Standing|Standing
21,0.35482758620689653,Transition,True,Standing,False,0.62,angle_standing,179.31978162645987,177.10884925140368,1.6874846312776905,0.1338178526018279,3.1760703605962695,0.5685480824595116,0.5853946322068342,0.5669476687908173,False,False,Standing|Standing|Standing|Standing|Standing
22,0.3717241379310345,Transition,True,Standing,False,0.62,angle_standing,179.2101279673094,176.98120636064016,1.5947233388816549,0.5030305093057125,5.4899540397653706,0.568219514069772,0.5853946322068342,0.5621219277381897,False,False,Standing|Standing|Standing|Standing|Standing
23,0.38862068965517244,Transition,True,Standing,False,0.62,angle_standing,178.9004724823444,176.98363845141188,1.5254434739957978,0.32920290416286024,4.100236901407859,0.5651322535559797,0.5853946322068342,0.5589785873889923,False,False,Standing|Standing|Standing|Standing|Standing
24,0.40551724137931033,Transition,True,Standing,False,0.62,angle_standing,178.7723603337115,176.95223791214087,1.4833287294547886,0.17942732521203958,2.492505289161778,0.5627550537254851,0.5853946322068342,0.5572727918624878,False,False,Standing|Standing|Standing|Standing|Standing
25,0.4224137931034483,Transition,True,Standing,False,0.62,angle_standing,178.45801101476593,176.93678707689844,1.4483319583202248,0.03076615294501025,2.071237475310915,0.5620920146818571,0.5853946322068342,0.557564452290535,False,False,Standing|Standing|Standing|Standing|Standing
26,0.4393103448275862,Transition,True,Standing,False,0.62,angle_standing,178.1069258010134,176.91972612350474,1.344726533004407,0.028023670485099766,6.131749661548415,0.5606595606773841,0.5853946322068342,0.5577383041381836,False,False,Standing|Standing|Standing|Standing|Standing
27,0.45620689655172414,Transition,True,Standing,False,0.62,angle_standing,177.81467438214764,176.89172174016642,1.2482619571963283,0.026462882759995792,5.709127955988321,0.5604754835747102,0.5853946322068342,0.5579475313425064,False,False,Standing|Standing|Standing|Standing|Standing
28,0.47310344827586204,Transition,True,Standing,False,0.62,angle_standing,177.26492685557264,176.69843865485961,1.1770931415479613,0.02267763211986958,4.212031946536013,0.5629921772840216,0.5853946322068342,0.5580760985612869,False,False,Standing|Standing|Standing|Standing|Standing
29,0.49,Transition,True,Standing,False,0.62,angle_standing,176.97953740016897,176.5958223417066,1.0042044285396128,0.027853426190602344,10.232189137228776,0.5636977337898501,0.5853946322068342,0.5582569241523743,False,False,Standing|Standing|Standing|Standing|Standing
30,0.506896551724138,Transition,True,Standing,False,0.62,angle_standing,176.90861784784516,176.4624509558032,0.8604031429273106,0.04120655683840104,8.51068833215665,0.564087403303354,0.5853946322068342,0.5582704693078995,False,False,Standing|Standing|Standing|Standing|Standing
31,0.5237931034482759,Transition,True,Standing,False,0.62,angle_standing,176.5685859110819,176.2346382492799,0.7366427775939437,0.027500946490291996,7.324593050342111,0.5633332343643522,0.5853946322068342,0.5584652721881866,False,False,Standing|Standing|Standing|Standing|Standing
32,0.5406896551724137,Transition,True,Standing,False,0.62,angle_standing,176.32901571108755,176.1598034310972,0.6343671011473889,0.04433128398509967,6.0530502386736815,0.5634035567370879,0.5853946322068342,0.5588407069444656,False,False,Standing|Standing|Standing|Standing|Standing
33,0.5575862068965517,Transition,True,Standing,False,0.62,angle_standing,176.10848240623505,176.02056030161646,0.5246976201034376,0.019478763551689777,6.490642755662418,0.5630896471703685,0.5853946322068342,0.558665543794632,False,False,Standing|Standing|Standing|Standing|Standing
34,0.5744827586206896,Transition,True,Standing,False,0.62,angle_standing,175.68824185957936,175.93465070916875,0.3747503781378139,0.03981035559489388,8.874428606128735,0.566092351407623,0.5853946322068342,0.5583326667547226,False,False,Standing|Standing|Standing|Standing|Standing
35,0.5913793103448276,Transition,True,Standing,False,0.62,angle_standing,175.2944988506925,175.831603364253,0.1982859048148247,0.014703286416537117,10.443815768095266,0.5665411408851796,0.5853946322068342,0.5583158731460571,False,False,Standing|Standing|Standing|Standing|Standing
36,0.6082758620689656,Transition,True,Standing,False,0.62,angle_standing,175.06413624756402,175.81979849955363,0.07680495363252582,0.1391505440009283,7.189688947523801,0.5641414413534311,0.5853946322068342,0.5570193827152252,False,False,Standing|Standing|Standing|Standing|Standing
37,0.6251724137931034,Transition,True,Standing,False,0.62,angle_standing,174.1349728344853,175.62489719740927,0.27216116798698586,0.22675382774194527,11.561898400570145,0.5547950641265935,0.5853946322068342,0.5549012273550034,False,False,Standing|Standing|Standing|Standing|Standing
38,0.6420689655172414,Transition,True,Standing,False,0.62,angle_standing,173.82452928904738,175.60386257431105,0.35664249789764996,0.07703988388061082,4.999915443692358,0.5511752423575835,0.5853946322068342,0.5541919767856598,False,False,Standing|Standing|Standing|Standing|Standing
39,0.6589655172413793,Transition,True,Standing,False,0.62,angle_standing,173.47531428055385,175.5248510917276,0.5207119608157905,0.23631608042462318,9.71023351964504,0.549247418490668,0.5853946322068342,0.5520070046186447,False,False,Standing|Standing|Standing|Standing|Standing
40,0.6758620689655173,Transition,True,Standing,False,0.62,angle_standing,173.01324254326676,175.4273509745172,0.5657835670145969,0.07797799416289505,2.6675032240109844,0.5468234425016627,0.5853946322068342,0.5512866824865341,False,False,Standing|Standing|Standing|Standing|Standing
41,0.6927586206896552,Transition,True,Standing,False,0.62,angle_standing,172.76648477558325,175.50025494626993,0.7256439519137167,0.19288604048310398,9.461124820560139,0.545687460311012,0.5853946322068342,0.5495188385248184,False,False,Standing|Standing|Standing|Standing|Standing
42,0.7096551724137931,Transition,True,Standing,False,0.62,angle_standing,172.13061576060534,175.4529833888517,0.8954926927994424,0.5025945872802969,10.052272419767496,0.5395703632185033,0.5853946322068342,0.5449620634317398,False,False,Standing|Standing|Standing|Standing|Standing
43,0.726551724137931,Transition,True,Standing,False,0.62,angle_standing,171.3351179858543,175.3270296125865,0.9613465819828375,0.2878977593236394,3.897475074119295,0.5365610581054044,0.5853946322068342,0.5423519760370255,False,False,Standing|Standing|Standing|Standing|Standing
44,0.743448275862069,Transition,True,Standing,False,0.62,angle_standing,170.93103722966796,175.29730424210885,1.08555449108227,0.3037528508662552,7.351080334456204,0.532898852130393,0.5853946322068342,0.5396169722080231,False,False,Standing|Standing|Standing|Standing|Standing
45,0.7603448275862069,Transition,True,Standing,False,0.62,angle_standing,170.13302818806903,175.051708271797,1.1859174704197615,0.16196690061053434,5.939849797524992,0.5307522466078435,0.5853946322068342,0.5381645113229752,False,False,Standing|Standing|Standing|Standing|Standing
46,0.7772413793103449,Transition,True,Standing,False,0.62,angle_standing,169.48872604286737,174.8777509434903,1.2772460803072025,0.41222826425506953,5.405162625991403,0.5294419852638333,0.5853946322068342,0.5344770699739456,False,False,Standing|Standing|Standing|Standing|Standing
47,0.7941379310344827,Transition,True,Standing,False,0.62,angle_standing,168.30553598473517,174.71765149508587,1.4367071647317804,0.36406423265646387,9.437492751658738,0.5268084345888716,0.5853946322068342,0.5312380194664001,False,False,Standing|Standing|Standing|Standing|Standing
48,0.8110344827586207,Transition,True,Standing,False,0.62,angle_standing,167.50462715639443,174.599829299183,1.5363697508584464,0.2682798010838589,5.898397954435327,0.5245400698090001,0.5853946322068342,0.5288612842559814,False,False,Standing|Standing|Standing|Standing|Standing
49,0.8279310344827586,Transition,True,Standing,False,0.62,angle_standing,166.81259763833347,174.1043898875758,1.6598811825336548,0.6361272379502152,7.309860242002119,0.5200193091364672,0.5853946322068342,0.5232719331979752,False,False,Standing|Standing|Standing|Standing|Standing
50,0.8448275862068966,Transition,True,Standing,False,0.62,angle_standing,165.20325273871754,173.79573073069054,1.716101851196121,0.37874205269639033,3.3273456963500374,0.5176933234473341,0.5853946322068342,0.5199593156576157,False,False,Standing|Standing|Standing|Standing|Standing
51,0.8617241379310344,Transition,True,Standing,False,0.62,angle_standing,165.19501524188047,173.65325223079583,1.8035820378287106,0.4186795723825419,5.17739880070431,0.5160020057424867,0.5853946322068342,0.51630899310112,False,False,Standing|Standing|Standing|Standing|Standing
52,0.8786206896551724,Transition,True,Standing,False,0.62,angle_standing,164.4248717055243,173.38513574353516,1.8358784488698756,0.44135706396090557,1.9114202452934352,0.5140888136631578,0.5853946322068342,0.5124761760234833,False,False,Standing|Standing|Standing|Standing|Standing
53,0.8955172413793103,Transition,True,Standing,False,0.62,angle_standing,164.3047402803249,173.32592366521803,1.907141585287962,0.33517665757199644,4.217614196172458,0.5145521873766438,0.5853946322068342,0.5095624923706055,False,False,Standing|Standing|Standing|Standing|Standing
54,0.9124137931034483,Transition,True,Standing,False,0.62,angle_standing,163.97622594231493,173.2129721484855,1.9921201335725864,0.1300666617407906,5.0293426535798025,0.5144488979440776,0.5853946322068342,0.5084429830312729,False,False,Standing|Standing|Standing|Standing|Standing
55,0.9293103448275862,Transition,True,Standing,False,0.62,angle_standing,163.89717888431784,173.0697022320362,2.0801986806756037,0.2681531972002924,5.2128119714030525,0.51309805094839,0.5853946322068342,0.5061183571815491,False,False,Standing|Standing|Standing|Standing|Standing
56,0.9462068965517241,Transition,True,Standing,False,0.62,angle_standing,162.84166440724294,172.74975885739286,2.128080482079794,0.49742844580307705,2.833820899431692,0.5114587485369997,0.5853946322068342,0.5018219202756882,False,False,Standing|Standing|Standing|Standing|Standing
57,0.963103448275862,Transition,True,Standing,False,0.62,angle_standing,163.07305245139298,172.61885653496424,2.193844013283356,0.05158076276767506,3.8921273569455033,0.5144193526050914,0.5853946322068342,0.5013807564973831,False,False,Standing|Standing|Standing|Standing|Standing
58,0.98,Transition,True,Standing,False,0.62,angle_standing,162.21087913877807,172.30368228858197,2.219257270680683,0.1529534652907437,1.504049927596897,0.5124676375160738,0.5853946322068342,0.5000584572553635,False,False,Standing|Standing|Standing|Standing|Standing
59,0.9968965517241379,Transition,True,Standing,False,0.62,angle_standing,161.79714043095873,172.194944268955,2.239943158206134,0.12058426147488618,1.2242668127307834,0.510033133249712,0.5853946322068342,0.49901942908763885,False,False,Standing|Standing|Standing|Standing|Standing
60,1.013793103448276,Transition,True,Standing,False,0.62,angle_standing,161.09943857250533,171.873080761414,2.238919033165381,0.37763635988889654,0.060611482003748836,0.5089192223392496,0.5853946322068342,0.49577245116233826,False,False,Standing|Standing|Standing|Standing|Standing
61,1.0306896551724138,Transition,True,Standing,False,0.62,angle_standing,160.05388567710872,171.4401991200151,2.26253929920785,0.38332207137163016,1.397934112717533,0.5061109586807584,0.5853946322068342,0.49249452352523804,False,False,Standing|Standing|Standing|Standing|Standing
62,1.0475862068965518,Transition,True,Standing,False,0.62,angle_standing,159.24279110771303,171.1465936825142,2.2809717752371306,0.2913823164906791,1.0909016425492624,0.5027394201974325,0.5853946322068342,0.49001947045326233,False,False,Standing|Standing|Standing|Standing|Standing
63,1.0644827586206895,Transition,True,Standing,False,0.62,angle_standing,158.23567920384437,170.82147066092256,2.3549606583117826,0.4113393430419607,4.378933896254967,0.5000832947147691,0.5853946322068342,0.48654380440711975,False,False,Standing|Standing|Standing|Standing|Standing
64,1.0813793103448275,Transition,True,Standing,False,0.62,angle_standing,158.11209579040693,171.01775764197106,2.411351512450619,0.34960286718379685,3.337417898012767,0.49930992424223886,0.5853946322068342,0.48359447717666626,False,False,Standing|Standing|Standing|Standing|Standing
65,1.0982758620689654,Transition,True,Standing,False,0.62,angle_standing,157.5636949824767,170.57477941675725,2.4585812970058694,0.3681966409497743,2.795232147147462,0.49679892984435864,0.5853946322068342,0.48050376772880554,False,False,Standing|Standing|Standing|Standing|Standing
66,1.1151724137931034,Transition,True,Standing,False,0.62,angle_standing,157.3783622397305,170.51244075611288,2.55204295881179,0.2281116541668206,5.531404474227955,0.4949323450315973,0.5853946322068342,0.4785963296890259,False,False,Standing|Standing|Standing|Standing|Standing
67,1.1320689655172413,Transition,True,Standing,False,0.62,angle_standing,156.42805930552294,170.3036557494372,2.644040305638193,0.5380100970933407,5.444740934623833,0.49194989949303997,0.5853946322068342,0.4741247594356537,False,False,Standing|Standing|Standing|Standing|Standing
68,1.1489655172413793,Transition,True,Standing,False,0.62,angle_standing,155.93098844443082,170.18667048324045,2.7624436872037785,0.17502560544755835,7.007547072248935,0.4908573291591255,0.5853946322068342,0.4726731777191162,False,False,Standing|Standing|Standing|Standing|Standing
69,1.1658620689655173,Transition,True,Standing,False,0.62,angle_standing,155.77296384862052,170.35512800774978,2.8272189787102198,0.20968993053138932,3.833639701401619,0.48955809948979295,0.5853946322068342,0.4709397554397583,False,False,Standing|Standing|Standing|Standing|Standing
70,1.1827586206896552,Transition,True,Standing,False,0.62,angle_standing,156.07432862018908,170.25967147679683,2.88812159261436,0.12450263121942205,3.6044404147348366,0.4908249391367126,0.5853946322068342,0.4719722867012024,False,False,Standing|Standing|Standing|Standing|Standing
71,1.1996551724137932,Transition,True,Standing,False,0.62,angle_standing,155.87972703101474,170.52607759196619,3.019476796768321,0.0752763831447261,7.774083511152781,0.48791458085451006,0.5853946322068342,0.47137805819511414,False,False,Standing|Standing|Standing|Standing|Standing
72,1.2165517241379311,Transition,True,Standing,False,0.62,angle_standing,154.78978830384074,170.60923378910695,3.131051942172318,0.40978791101792594,6.603426972889612,0.4841383981273503,0.5853946322068342,0.4680290222167969,False,False,Standing|Standing|Standing|Standing|Standing
73,1.2334482758620688,Transition,True,Standing,False,0.62,angle_standing,154.34767836919616,170.1582914484644,3.268715618141939,0.20255386937834563,8.147442047181723,0.4800745234348157,0.5853946322068342,0.46638739109039307,False,False,Standing|Standing|Standing|Standing|Standing
74,1.2503448275862068,Transition,True,Standing,False,0.62,angle_standing,153.73196302610188,170.1303081021461,3.312698737676906,0.22805064523807303,2.6030825847225416,0.47895902151132086,0.5853946322068342,0.464542031288147,False,False,Standing|Standing|Standing|Standing|Standing
75,1.2672413793103448,Transition,True,Standing,False,0.62,angle_standing,153.54504483143737,170.0740786008052,3.3926152084881465,0.34541565028546983,4.729750313318311,0.47852087188117987,0.5853946322068342,0.4617496430873871,False,False,Standing|Standing|Standing|Standing|Standing
76,1.2841379310344827,Transition,True,Standing,False,0.62,angle_standing,153.89249278110458,170.07266201478677,3.4463830692104085,0.40662832723938813,3.182179512133871,0.47595120924078976,0.5853946322068342,0.4584796130657196,False,False,Standing|Standing|Standing|Standing|Standing
77,1.3010344827586207,Transition,True,Standing,False,0.62,angle_standing,152.77100219544178,170.2226642395599,3.453855536551549,0.36154746676520105,0.44224806712871556,0.47361580352660587,0.5853946322068342,0.45558634400367737,False,False,Standing|Standing|Standing|Standing|Standing
78,1.3179310344827586,Transition,True,Standing,False,0.62,angle_standing,151.12564402554875,170.13908540315362,3.4486998510943727,0.7207570808354476,0.30513240460838403,0.4700639637585794,0.5853946322068342,0.4498617649078369,False,False,Standing|Standing|Standing|Standing|Standing
79,1.3348275862068966,Transition,True,Standing,False,0.62,angle_standing,148.9995557174148,169.71280168010267,3.4732437113724144,0.576513763043295,1.4525958123738931,0.462678643360007,0.5853946322068342,0.44535544514656067,False,False,Standing|Standing|Standing|Standing|Standing
80,1.3517241379310345,Transition,True,Standing,False,0.62,angle_standing,145.9818065570467,169.11577655245264,3.4742729947189255,0.5602264710466235,0.060916769487390936,0.46063159075541305,0.5853946322068342,0.44099515676498413,False,False,Standing|Standing|Standing|Standing|Standing
81,1.3686206896551725,Transition,True,Standing,False,0.62,angle_standing,144.42272432469667,168.53789721181528,3.5467748772059675,0.4575746432853443,4.290927739029013,0.45541754171058346,0.5853946322068342,0.43747639656066895,False,False,Standing|Standing|Standing|Standing|Standing
82,1.3855172413793104,Transition,True,Standing,False,0.62,fallback_height_sitting,138.30023053013218,168.27907080784354,3.620010749527127,0.7299277032250534,4.334367953701282,0.4498441579521434,0.5853946322068342,0.4319363236427307,False,False,Standing|Standing|Standing|Standing|Sitting
83,1.4024137931034482,Transition,True,Standing,False,0.62,angle_sitting,99.30476814033103,168.19241761158264,3.6656525419639934,0.2975050353422514,2.701248940141091,0.438280255250224,0.5853946322068342,0.4297352731227875,False,False,Standing|Standing|Standing|Sitting|Sitting
84,1.4193103448275861,Transition,True,Standing,False,0.62,angle_sitting,60.17888310875418,168.21697580490465,3.7826038907771777,0.5857266356824095,6.921610439963963,0.42453498880723256,0.5853946322068342,0.42556047439575195,False,False,Standing|Standing|Sitting|Sitting|Sitting
85,1.436206896551724,Transition,True,Standing,False,0.62,angle_sitting,53.79019788588625,168.30549847350244,3.8440691294849554,0.49561756612900787,3.6377386173990804,0.4152138053960421,0.5853946322068342,0.4220884144306183,False,False,Standing|Sitting|Sitting|Sitting|Sitting
86,1.453103448275862,Transition,True,Sitting,False,0.62,angle_sitting,44.08083879265365,168.64193321102294,3.914856601724783,0.5035589310183892,4.18946264276529,0.4023042868207311,0.5853946322068342,0.4186726212501526,False,False,Sitting|Sitting|Sitting|Sitting|Sitting
87,1.47,Transition,True,Sitting,False,0.62,angle_sitting,36.966402830526555,168.99196222510415,3.9980779632750147,0.5233784105935629,4.925345887666783,0.3947501496197926,0.5853946322068342,0.4151950776576996,False,False,Sitting|Sitting|Sitting|Sitting|Sitting
88,1.486896551724138,Transition,True,Sitting,False,0.62,angle_sitting,36.130519210387476,168.9025257501199,4.079344340417928,0.5705004165732349,4.809642728866311,0.3932735543128424,0.5853946322068342,0.4114154577255249,False,False,Sitting|Sitting|Sitting|Sitting|Sitting
89,1.5037931034482759,Transition,True,Sitting,False,0.62,fallback_height_standing,,168.93835695805933,4.227975489751307,0.40689065095161486,8.796537409526472,0.6456699311424952,0.6456699311424952,0.4070371687412262,False,False,Sitting|Sitting|Sitting|Sitting|Standing
90,1.5206896551724138,Transition,True,Sitting,False,0.62,fallback_height_standing,,169.25741920549433,4.463996063619535,0.48967646764461853,13.968564575874723,0.6498431467362006,0.6498431467362006,0.4017977714538574,False,False,Sitting|Sitting|Sitting|Standing|Standing
91,1.5375862068965518,Transition,True,Sitting,False,0.62,fallback_height_standing,,169.66294481558774,4.568983625085821,0.14972286162120468,6.213549556167903,0.6495696466817494,0.6495696466817494,0.4002012312412262,False,False,Sitting|Sitting|Standing|Standing|Standing
92,1.5544827586206897,Transition,True,Sitting,False,0.62,fallback_height_standing,,169.50291787100753,4.650136273719774,0.11176218166644773,4.80291185792783,0.6457860654554451,0.6457860654554451,0.39900657534599304,False,False,Sitting|Standing|Standing|Standing|Standing
93,1.5713793103448275,Transition,True,Standing,False,0.62,fallback_height_standing,,169.8797900181179,4.865648744344877,0.14631593080229954,12.754819690057255,0.6489566648646719,0.6489566648646719,0.39758211374282837,False,False,Standing|Standing|Standing|Standing|Standing
94,1.5882758620689654,Transition,True,Standing,False,0.62,fallback_height_standing,,169.66773508675684,4.988287880290137,0.2835531184621854,7.258234576352158,0.6515799130094689,0.6515799130094689,0.39450255036354065,False,False,Standing|Standing|Standing|Standing|Standing
95,1.6051724137931034,Transition,True,Standing,False,0.62,fallback_height_standing,,170.02920450040648,5.061923377656702,0.3176314910854442,4.358019231898696,0.6548860389063759,0.6548860389063759,0.39100274443626404,False,False,Standing|Standing|Standing|Standing|Standing
96,1.6220689655172413,Transition,True,Standing,False,0.62,fallback_height_standing,,169.80630026642652,5.137340036958655,0.6485361325606328,4.463434938278856,0.6587674452840603,0.6587674452840603,0.3838055431842804,False,False,Standing|Standing|Standing|Standing|Standing
97,1.6389655172413793,Transition,True,Standing,False,0.62,fallback_height_standing,,169.73693145588314,5.133255334877117,0.5076065826253614,0.2417476742134465,0.6581555948168193,0.6587674452840603,0.37816140055656433,False,False,Standing|Standing|Standing|Standing|Standing
98,1.6558620689655172,Transition,True,Standing,False,0.62,fallback_height_standing,,169.83230771936465,5.194904562650802,0.5550789605028178,3.6486277661976447,0.6608151678709793,0.6608151678709793,0.37199312448501587,False,False,Standing|Standing|Standing|Standing|Standing
99,1.6727586206896552,Transition,True,Standing,False,0.62,fallback_height_standing,,169.92279257519635,5.389789876361635,0.3494470166832188,11.534028770641152,0.6657431847346844,0.6657431847346844,0.36816662549972534,False,False,Standing|Standing|Standing|Standing|Standing
100,1.6896551724137931,Transition,True,Standing,False,0.62,fallback_height_standing,,169.6910522972916,5.351375785824181,0.3036734635021219,2.273486990992194,0.6692912522264493,0.6692912522264493,0.364732563495636,False,False,Standing|Standing|Standing|Standing|Standing
101,1.706551724137931,Transition,True,Standing,False,0.62,fallback_height_standing,,169.7331613194021,5.406070206524643,0.6044930904503474,3.2370167353334898,0.6664253214306004,0.6692912522264493,0.35794803500175476,False,False,Standing|Standing|Standing|Standing|Standing
102,1.7234482758620688,Transition,True,Standing,False,0.62,fallback_height_standing,,169.9502418625683,5.5432352957652915,0.4959050483187563,8.11793385301805,0.6605331909608764,0.6692912522264493,0.3524567186832428,False,False,Standing|Standing|Standing|Standing|Standing
103,1.7403448275862068,Transition,True,Standing,False,0.62,fallback_height_standing,,169.72604006875127,5.5715297186851975,0.5665690360530776,1.6745678870964769,0.6576088116041134,0.6692912522264493,0.3461955785751343,False,False,Standing|Standing|Standing|Standing|Standing
104,1.7572413793103447,Transition,True,Standing,False,0.62,fallback_height_standing,,169.4394115211094,5.665510936080065,0.5917425241595259,5.56215368255339,0.6565658222982482,0.6692912522264493,0.33968880772590637,False,False,Standing|Standing|Standing|Standing|Standing
105,1.7741379310344827,Transition,True,Standing,False,0.62,fallback_height_standing,,169.48304530736237,5.651745160961329,0.46134505735770104,0.8147091396803257,0.6581403737176157,0.6692912522264493,0.3345726430416107,False,False,Standing|Standing|Standing|Standing|Standing
106,1.7910344827586206,Transition,True,Standing,False,0.62,fallback_height_standing,,169.31046651616225,5.701447176160431,0.3655414043633945,2.9415478383142157,0.6573951354382368,0.6692912522264493,0.3305451571941376,False,False,Standing|Standing|Standing|Standing|Standing
107,1.8079310344827586,Transition,True,Standing,False,0.62,fallback_height_standing,,169.3428057308568,5.708769508053107,0.3560930477607408,0.4333624997706365,0.6570750570071202,0.6692912522264493,0.32659754157066345,False,False,Standing|Standing|Standing|Standing|Standing
108,1.8248275862068966,Transition,True,Standing,False,0.62,fallback_height_standing,,169.42089855003528,5.606082457490653,0.4034603558823284,6.077396870022791,0.6582325607598054,0.6692912522264493,0.32211068272590637,False,False,Standing|Standing|Standing|Standing|Standing
109,1.8417241379310345,Transition,True,Standing,False,0.62,fallback_height_standing,,169.3980656722645,5.548009039682917,0.5157589795186702,3.4369981967843843,0.6567701242803312,0.6692912522264493,0.31638801097869873,False,False,Standing|Standing|Standing|Standing|Standing
110,1.8586206896551725,Transition,True,Standing,False,0.62,fallback_height_standing,,169.3773606588029,5.497581460226065,0.3972598900614779,2.984489396425947,0.6548808113329915,0.6692912522264493,0.3120042085647583,False,False,Standing|Standing|Standing|Standing|Standing
111,1.8755172413793104,Transition,True,Standing,False,0.62,fallback_height_standing,,169.3875030134139,5.493049930023622,0.4837451589966204,0.26819260381804894,0.6562985883538386,0.6692912522264493,0.30666521191596985,False,False,Standing|Standing|Standing|Standing|Standing
112,1.8924137931034481,Transition,True,Standing,False,0.62,fallback_height_standing,,169.63695179960985,5.459819285632919,0.24319938389608084,1.966711606796738,0.6582149729957633,0.6692912522264493,0.3039896488189697,False,False,Standing|Standing|Standing|Standing|Standing
113,1.909310344827586,Transition,True,Standing,False,0.62,fallback_height_standing,,169.5933592885967,5.340848322222978,0.5374715682285873,7.041138650792375,0.6558975918199546,0.6692912522264493,0.2980411648750305,False,False,Standing|Standing|Standing|Standing|Standing
114,1.926206896551724,Transition,True,Standing,False,0.62,fallback_height_standing,,169.7234615710385,5.213676458423701,0.36280413334785416,7.526498061589861,0.6509978515431397,0.6692912522264493,0.29408469796180725,False,False,Standing|Standing|Standing|Standing|Standing
115,1.943103448275862,Transition,True,Standing,False,0.62,fallback_height_standing,,169.66125634245643,5.081537392341559,0.5421784375126978,7.8204753395553315,0.6464900880483629,0.6692912522264493,0.28817880153656006,False,False,Standing|Standing|Standing|Standing|Standing
116,1.96,Transition,True,Standing,False,0.62,fallback_height_standing,,169.61023070975796,4.881073296704258,0.3971761195462952,11.864201578534121,0.6445603637379733,0.6692912522264493,0.2838726043701172,False,False,Standing|Standing|Standing|Standing|Standing
117,1.976896551724138,Transition,True,Standing,False,0.62,fallback_height_standing,,169.53735198409657,4.760594352690007,0.016181414025101596,7.130386482476075,0.6417168551237853,0.6692912522264493,0.2838544249534607,False,False,Standing|Standing|Standing|Standing|Standing
118,1.9937931034482759,Transition,True,Standing,False,0.62,fallback_height_standing,,169.52300691318413,4.655899755331034,0.06878181460393631,6.19621086410249,0.6447886422573007,0.6692912522264493,0.28388699889183044,False,False,Standing|Standing|Standing|Standing|Standing
119,2.010689655172414,Transition,True,Standing,False,0.62,fallback_height_standing,,169.4692692587269,4.652986806063907,0.06582207149710848,0.17239903825855862,0.6457213073178147,0.6692912522264493,0.28374210000038147,False,False,Standing|Standing|Standing|Standing|Standing
120,2.027586206896552,Transition,True,Standing,False,0.62,fallback_height_standing,,169.32879525193317,4.600793925781555,0.034242067977705154,3.088966384057545,0.6461931061558344,0.6692912522264493,0.2835783064365387,False,False,Standing|Standing|Standing|Standing|Standing
121,2.0444827586206897,Transition,True,Standing,False,0.62,fallback_height_standing,,169.37370976626687,4.813907994956182,0.12577715302914988,12.612873481763618,0.6471944075757571,0.6692912522264493,0.28414371609687805,False,False,Standing|Standing|Standing|Standing|Standing
122,2.0613793103448277,Transition,True,Standing,False,0.62,fallback_height_standing,,169.48052662046905,4.752251895218977,0.11393655603470473,3.6490344742427063,0.6460513984252497,0.6692912522264493,0.2853321135044098,False,False,Standing|Standing|Standing|Standing|Standing
123,2.0782758620689656,Transition,True,Standing,False,0.62,fallback_height_standing,,169.74983492001616,4.880880915434586,0.0815437795880661,7.61273793112786,0.6459430498794566,0.6692912522264493,0.28476130962371826,False,False,Standing|Standing|Standing|Standing|Standing
124,2.0951724137931036,Transition,True,Standing,False,0.62,fallback_height_standing,,169.68340879384175,4.959932208677166,0.11552968031680522,4.678545926601679,0.6440640417619561,0.6692912522264493,0.28591135144233704,False,False,Standing|Standing|Standing|Standing|Standing
125,2.1120689655172415,Transition,True,Standing,False,0.62,fallback_height_standing,,169.84029633307807,4.977929981361788,0.035892490711287126,1.0651743017429,0.6436745187788662,0.6692912522264493,0.28617462515830994,False,False,Standing|Standing|Standing|Standing|Standing
126,2.128965517241379,Transition,True,Standing,False,0.62,fallback_height_standing,,169.95518728446308,5.024160858064122,0.04061247121604467,2.736113110954546,0.6435754961943029,0.6692912522264493,0.2858316898345947,False,False,Standing|Standing|Standing|Standing|Standing
127,2.145862068965517,Transition,True,Standing,False,0.62,fallback_height_standing,,169.8667358283297,4.9991588812183405,0.041321265221807256,1.4797088337299322,0.6415528152309334,0.6692912522264493,0.285383939743042,False,False,Standing|Standing|Standing|Standing|Standing
128,2.162758620689655,Transition,True,Standing,False,0.62,fallback_height_standing,,169.82671395114912,4.996264296070105,0.2513856982453345,0.17131218224248831,0.6400717342307269,0.6692912522264493,0.2826654314994812,False,False,Standing|Standing|Standing|Standing|Standing
129,2.179655172413793,Transition,True,Standing,False,0.62,fallback_height_standing,,169.73476443785293,4.975478656602822,0.0771085406102833,1.2301704990841311,0.6376135394207194,0.6692912522264493,0.28183576464653015,False,False,Standing|Standing|Standing|Standing|Standing
130,2.196551724137931,Transition,True,Standing,False,0.62,fallback_height_standing,,169.7327624952736,4.94417477733857,0.061532835103820835,1.8526785687006222,0.6380017734927924,0.6692912522264493,0.2811785936355591,False,False,Standing|Standing|Standing|Standing|Standing
131,2.213448275862069,Transition,True,Standing,False,0.62,fallback_height_standing,,169.61348226373426,4.937562934238917,0.08372457969555318,0.3913131630406684,0.639417488218943,0.6692912522264493,0.28027433156967163,False,False,Standing|Standing|Standing|Standing|Standing
132,2.230344827586207,Transition,True,Standing,False,0.62,fallback_height_standing,,169.5232936221012,4.94049240056128,0.14256315939229106,0.1733765782622942,0.6385318214375351,0.6692912522264493,0.2787371873855591,False,False,Standing|Standing|Standing|Standing|Standing
133,2.2472413793103447,Transition,True,Standing,False,0.62,fallback_height_standing,,169.3893093537647,4.940434692611252,0.09015225937109868,0.0034153684710657092,0.6380502857727146,0.6692912522264493,0.27776747941970825,False,False,Standing|Standing|Standing|Standing|Standing
134,2.2641379310344827,Transition,True,Standing,False,0.62,fallback_height_standing,,169.27210152438766,4.934404369039151,0.15342936236532517,0.3568967012059563,0.6349467513650132,0.6692912522264493,0.2761257290840149,False,False,Standing|Standing|Standing|Standing|Standing
135,2.2810344827586206,Transition,True,Standing,False,0.62,fallback_height_standing,,169.19203852118756,4.944167849057634,0.09233369758003193,0.5778386133387979,0.634912120969326,0.6692912522264493,0.2751403748989105,False,False,Standing|Standing|Standing|Standing|Standing
136,2.2979310344827586,Transition,True,Standing,False,0.62,fallback_height_standing,,169.1605705685444,4.882782103682265,0.056005982064230506,3.633033909970814,0.634767461565931,0.6692912522264493,0.27492111921310425,False,False,Standing|Standing|Standing|Standing|Standing
137,2.3148275862068965,Transition,True,Standing,False,0.62,fallback_height_standing,,168.96210982843007,4.920176562942617,0.12212169965533709,2.2131414664289606,0.6326786107964495,0.6692912522264493,0.2736762762069702,False,False,Standing|Standing|Standing|Standing|Standing
138,2.3317241379310345,Transition,True,Standing,False,0.62,fallback_height_standing,,168.70754433326834,5.0446030556798656,0.07197715618774514,7.364016917102478,0.6316646550168752,0.6692912522264493,0.27305418252944946,False,False,Standing|Standing|Standing|Standing|Standing
139,2.3486206896551725,Transition,True,Standing,False,0.62,fallback_height_standing,,168.57647567358924,5.140692381644716,0.09524997679841432,5.686919291797282,0.631175197714909,0.6692912522264493,0.2722150683403015,False,False,Standing|Standing|Standing|Standing|Standing
140,2.3655172413793104,Transition,True,Standing,False,0.62,fallback_height_standing,,168.52573592091395,5.113803881228042,0.25350450942812097,1.5913602287419226,0.6277405861597933,0.6692912522264493,0.269866406917572,False,False,Standing|Standing|Standing|Standing|Standing
141,2.3824137931034484,Transition,True,Standing,False,0.62,fallback_height_standing,,168.31856641586026,5.146921379278113,0.2339779722077324,1.9600151907184473,0.6272745596903141,0.6692912522264493,0.2676517963409424,False,False,Standing|Standing|Standing|Standing|Standing
142,2.3993103448275863,Transition,True,Standing,False,0.62,fallback_height_standing,,168.07620382389717,5.229171950882499,0.17341848928433737,4.867890972504483,0.6256706060165426,0.6692912522264493,0.2660427987575531,False,False,Standing|Standing|Standing|Standing|Standing
143,2.4162068965517243,Transition,True,Standing,False,0.62,fallback_height_standing,,167.87665964905733,5.207683099886333,0.2499592956250343,1.2717891405893975,0.6214012432944714,0.6692912522264493,0.26445212960243225,False,False,Standing|Standing|Standing|Standing|Standing
144,2.4331034482758622,Transition,True,Standing,False,0.62,fallback_height_standing,,167.6368844867205,5.315694342579051,0.1116574470746142,6.392502118548594,0.6190133012762953,0.6692912522264493,0.26371994614601135,False,False,Standing|Standing|Standing|Standing|Standing
145,2.45,Transition,True,Standing,False,0.62,fallback_default,,167.1576093924108,5.424105987446099,0.18010035725556273,6.416199390090588,0.6120382595124374,0.6692912522264493,0.26216357946395874,False,False,Standing|Standing|Standing|Standing|Standing
146,2.4668965517241377,Transition,True,Standing,False,0.62,fallback_default,,166.77670286272362,5.4944577952465545,0.20883635747534202,4.163678420843387,0.6048568856179212,0.6692912522264493,0.2610076367855072,False,False,Standing|Standing|Standing|Standing|Standing
147,2.4837931034482756,Transition,True,Standing,False,0.62,fallback_default,,166.09102234405577,5.589753057432039,0.33624902269290474,5.639923680365379,0.5976153819785531,0.6692912522264493,0.25780072808265686,False,False,Standing|Standing|Standing|Standing|Standing
148,2.5006896551724136,Transition,True,Standing,False,0.62,fallback_default,,164.93503776299332,5.589960043172123,0.3639638953852503,0.01225017645398637,0.5900883392562666,0.6692912522264493,0.25457891821861267,False,False,Standing|Standing|Standing|Standing|Standing
149,2.5175862068965515,Transition,True,Standing,False,0.62,fallback_height_sitting,,164.23764859051894,5.868112148093243,0.2555209575347221,16.462063352474438,0.5817321135838879,0.6692912522264493,0.25215548276901245,False,False,Standing|Standing|Standing|Standing|Sitting
150,2.5344827586206895,Transition,True,Standing,False,0.62,fallback_height_sitting,,163.28479673797094,6.0862627124187485,0.39295959178277645,12.910951766203343,0.576598400857975,0.6692912522264493,0.24838432669639587,False,False,Standing|Standing|Standing|Sitting|Sitting
151,2.5513793103448275,Transition,True,Standing,False,0.62,fallback_height_sitting,,162.47610391049147,6.5065545870029515,0.39481699976925605,24.874417067228308,0.5713717915161831,0.6692912522264493,0.24463292956352234,False,False,Standing|Standing|Sitting|Sitting|Sitting
152,2.5682758620689654,Transition,True,Standing,False,0.62,fallback_height_sitting,,161.9007157704449,6.9526191820334144,0.3338581181665043,26.399741338537567,0.56297881959403,0.6692912522264493,0.24149399995803833,False,False,Standing|Sitting|Sitting|Sitting|Sitting
153,2.5851724137931034,Transition,True,Sitting,False,0.62,fallback_height_sitting,,161.2318316235813,7.27292601750934,0.1695662893295307,18.956935160820045,0.5565185379190507,0.6692912522264493,0.24059516191482544,False,False,Sitting|Sitting|Sitting|Sitting|Sitting
154,2.6020689655172413,Transition,True,Sitting,False,0.62,fallback_height_sitting,,160.56728759929075,7.582167787180372,0.16301309006946277,18.302063919305944,0.5509810358673672,0.6692912522264493,0.2395983636379242,False,False,Sitting|Sitting|Sitting|Sitting|Sitting
155,2.6189655172413793,Transition,True,Sitting,False,0.62,fallback_height_sitting,,160.1116547328702,7.948578670792731,0.1396758042689392,21.68554209134369,0.5459677168557527,0.6692912522264493,0.23989778757095337,False,False,Sitting|Sitting|Sitting|Sitting|Sitting
156,2.6358620689655172,Transition,True,Sitting,False,0.62,fallback_height_sitting,,159.96877775644901,8.270720381020668,0.17964128956581063,19.065529789000337,0.5399271187062351,0.6692912522264493,0.2399224042892456,False,False,Sitting|Sitting|Sitting|Sitting|Sitting
157,2.652758620689655,Transition,True,Sitting,False,0.62,fallback_height_sitting,,159.71169008087548,8.744180762904538,0.20394855210997062,28.021124642106532,0.5368355875828631,0.6692912522264493,0.23836681246757507,False,False,Sitting|Sitting|Sitting|Sitting|Sitting
158,2.669655172413793,Transition,True,Sitting,False,0.62,fallback_height_sitting,,159.3317179846743,9.180869582246322,0.10048516810295642,25.844848491656567,0.5320063161421993,0.6692912522264493,0.23798948526382446,False,False,Sitting|Sitting|Sitting|Sitting|Sitting
159,2.686551724137931,Transition,True,Sitting,False,0.62,fallback_height_sitting,,158.72667547748776,9.119486546392789,0.1942967160899196,3.6328735505152,0.5263234720219928,0.6692912522264493,0.23710355162620544,False,False,Sitting|Sitting|Sitting|Sitting|Sitting
160,2.703448275862069,Transition,True,Sitting,False,0.62,fallback_height_sitting,,158.34125780590637,9.382976659159006,0.23931021840741792,15.594312796367912,0.5203717122187718,0.6692912522264493,0.23544558882713318,False,False,Sitting|Sitting|Sitting|Sitting|Sitting
161,2.720344827586207,Transition,True,Sitting,False,0.62,fallback_height_sitting,,157.84954381565083,9.706064801885024,0.1822945123304772,19.121543140927567,0.514840275346992,0.6692912522264493,0.2353832721710205,False,False,Sitting|Sitting|Sitting|Sitting|Sitting
162,2.737241379310345,Transition,True,Sitting,False,0.62,fallback_height_sitting,,157.34209048638297,9.90859621564458,0.26304085627875445,11.986553059239062,0.5085945067585014,0.6692912522264493,0.23329094052314758,False,False,Sitting|Sitting|Sitting|Sitting|Sitting
163,2.754137931034483,Transition,True,Sitting,False,0.62,fallback_height_sitting,,156.61131863518736,10.341050772854901,0.29315123237669577,25.594249304284237,0.4998108153173581,0.6692912522264493,0.23124438524246216,False,False,Sitting|Sitting|Sitting|Sitting|Sitting
164,2.771034482758621,Transition,True,Sitting,False,0.62,fallback_height_sitting,,154.79487930871656,10.270989289650235,0.4181668384736838,4.146495944765967,0.4921591114225953,0.6692912522264493,0.22915074229240417,False,False,Sitting|Sitting|Sitting|Sitting|Sitting
165,2.7879310344827584,Transition,True,Sitting,False,0.62,fallback_height_sitting,,154.51170691077095,10.584758913555447,0.3050193064917176,18.570038965819165,0.4884982829227506,0.6692912522264493,0.22758188843727112,False,False,Sitting|Sitting|Sitting|Sitting|Sitting
166,2.8048275862068963,Transition,True,Sitting,False,0.62,fallback_height_sitting,,153.77403235635853,11.016568805286974,0.37056319927542036,25.55609563309035,0.4823146919555138,0.6692912522264493,0.2251674234867096,False,False,Sitting|Sitting|Sitting|Sitting|Sitting
167,2.8217241379310343,Transition,True,Sitting,False,0.62,fallback_height_sitting,,153.7941784350504,11.347184443534118,0.31548165058513244,19.567047977892162,0.4761384124440575,0.6692912522264493,0.22293758392333984,False,False,Sitting|Sitting|Sitting|Sitting|Sitting
168,2.8386206896551722,Transition,True,Sitting,False,0.62,fallback_height_sitting,,153.3377004884527,11.682935915849264,0.4359330822898278,19.87100550436572,0.4722401482664341,0.6692912522264493,0.22043311595916748,False,False,Sitting|Sitting|Sitting|Sitting|Sitting
169,2.85551724137931,Transition,True,Sitting,False,0.62,fallback_height_sitting,,153.07526853521637,11.854850102033623,0.38922093481060493,10.174513059890657,0.4690646155027991,0.6692912522264493,0.21995246410369873,False,False,Sitting|Sitting|Sitting|Sitting|Sitting
170,2.872413793103448,Transition,True,Sitting,False,0.62,fallback_height_sitting,,150.8392182398806,12.217050565707149,0.37833735489825343,21.43635397251477,0.467377139832971,0.6692912522264493,0.2175644338130951,False,False,Sitting|Sitting|Sitting|Sitting|Sitting
171,2.889310344827586,Transition,True,Sitting,False,0.62,fallback_height_sitting,,147.8078077627125,12.602243015325659,0.3946323092065234,22.79710416109543,0.46495383675636626,0.6692912522264493,0.21586045622825623,False,False,Sitting|Sitting|Sitting|Sitting|Sitting
172,2.906206896551724,Transition,True,Sitting,False,0.62,fallback_height_sitting,,146.19643630469602,12.81543573842645,0.423277717479257,12.617528510046801,0.45986841799570305,0.6692912522264493,0.21518126130104065,False,False,Sitting|Sitting|Sitting|Sitting|Sitting
173,2.923103448275862,Transition,True,Sitting,False,0.62,fallback_height_sitting,,143.8394043169123,12.650350576347392,0.4852924709541187,9.770346327127863,0.4580659655829257,0.6692912522264493,0.21291980147361755,False,False,Sitting|Sitting|Sitting|Sitting|Sitting
174,2.94,Transition,True,Sitting,False,0.62,fallback_height_sitting,,144.15051969371453,12.964304185025107,0.34998427299843066,18.58092786051775,0.4542246507126534,0.6692912522264493,0.21320945024490356,False,False,Sitting|Sitting|Sitting|Sitting|Sitting
175,2.956896551724138,Transition,True,Sitting,False,0.62,fallback_height_sitting,,140.179767173651,12.83505579534983,0.5925498838873917,7.649394490985795,0.43820400728298203,0.6692912522264493,0.2106078863143921,False,False,Sitting|Sitting|Sitting|Sitting|Sitting
176,2.973793103448276,Transition,True,Sitting,False,0.62,fallback_height_sitting,,138.96833454372802,13.150123025370878,0.5012397325522363,18.646836062470186,0.4355824512425118,0.6692912522264493,0.2072753608226776,False,False,Sitting|Sitting|Sitting|Sitting|Sitting
177,2.990689655172414,Transition,True,Sitting,False,0.62,fallback_height_sitting,,144.8876783094147,13.722907673620389,0.28522713461444127,33.89949959027716,0.4253153948647786,0.6692912522264493,0.20836463570594788,False,False,Sitting|Sitting|Sitting|Sitting|Sitting
178,3.0075862068965518,Transition,True,Sitting,False,0.62,fallback_height_sitting,,141.62947594638092,13.664742252636621,0.5713771742880055,3.4424432827127744,0.4170643294373897,0.6692912522264493,0.2084326446056366,False,False,Sitting|Sitting|Sitting|Sitting|Sitting
179,3.0244827586206897,Transition,True,Sitting,False,0.62,fallback_height_sitting,,141.01189752973232,14.759321832749201,0.142809422880335,64.78124045564239,0.4184779860295352,0.6692912522264493,0.20928648114204407,False,False,Sitting|Sitting|Sitting|Sitting|Sitting
180,3.0413793103448277,Transition,True,Sitting,False,0.62,fallback_height_sitting,,141.90887685607075,15.248995014004429,0.4344414234501289,28.980657666125673,0.4163956513497282,0.6692912522264493,0.20964720845222473,False,False,Sitting|Sitting|Sitting|Sitting|Sitting
181,3.0582758620689656,Transition,True,Sitting,False,0.62,fallback_height_sitting,,138.50421257553165,15.86298184399113,0.4246959543313707,36.337996060437426,0.41476168221747156,0.6692912522264493,0.2102348804473877,False,False,Sitting|Sitting|Sitting|Sitting|Sitting
182,3.0751724137931036,Transition,True,Sitting,False,0.62,fallback_height_sitting,,136.96306525968956,16.639723344728818,0.14495771481699654,45.970415349781426,0.4139482141394901,0.6692912522264493,0.21066343784332275,False,False,Sitting|Sitting|Sitting|Sitting|Sitting
183,3.0920689655172415,Transition,True,Sitting,False,0.62,fallback_height_sitting,,134.755554773217,17.0110607832725,0.3919832164674893,21.977113709728183,0.40740452236772107,0.6692912522264493,0.2109963297843933,False,False,Sitting|Sitting|Sitting|Sitting|Sitting
184,3.1089655172413795,Transition,True,Sitting,False,0.62,fallback_height_sitting,,132.10981190121106,17.640151822878757,0.24786531572462753,37.231918670574224,0.3976851788016854,0.6692912522264493,0.21130836009979248,False,False,Sitting|Sitting|Sitting|Sitting|Sitting
185,3.125862068965517,Transition,True,Sitting,False,0.62,fallback_height_sitting,,127.49321394981558,18.11697487465399,0.47667146226258833,28.220139798943144,0.38793930126888276,0.6692912522264493,0.21194076538085938,False,False,Sitting|Sitting|Sitting|Sitting|Sitting
186,3.142758620689655,Transition,True,Sitting,False,0.62,fallback_height_sitting,,120.41669651129314,18.22481110953789,0.5517455391041675,6.382144513536808,0.36718459889167043,0.6692912522264493,0.2128746509552002,False,False,Sitting|Sitting|Sitting|Sitting|Sitting
187,3.159655172413793,Transition,True,Sitting,False,0.62,fallback_height_sitting,,114.24354748407978,18.749351182598122,0.27654360789507326,31.04420840560561,0.34420780276837076,0.6692912522264493,0.21289542317390442,False,False,Sitting|Sitting|Sitting|Sitting|Sitting
188,3.176551724137931,Transition,True,Sitting,False,0.62,fallback_height_sitting,,114.70303396839525,19.495097318688295,0.02156508698647596,44.13599580941831,0.3422496167037393,0.6692912522264493,0.21290847659111023,False,False,Sitting|Sitting|Sitting|Sitting|Sitting
189,3.193448275862069,Transition,True,Sitting,False,0.62,fallback_height_sitting,,111.42024029014502,20.337155301056093,0.2694804823966233,49.83608467074718,0.3341504395572286,0.6692912522264493,0.21413293480873108,False,False,Sitting|Sitting|Sitting|Sitting|Sitting
190,3.2103448275862068,Transition,True,Sitting,False,0.62,fallback_height_sitting,,103.69427521250657,21.270842975343843,0.8282643327145758,55.25906643743819,0.3134678828817008,0.6692912522264493,0.21800509095191956,False,False,Sitting|Sitting|Sitting|Sitting|Sitting
191,3.2272413793103447,Transition,True,Sitting,False,0.62,fallback_height_sitting,,106.15963402177672,22.765714136188446,0.9534143818669721,88.47196666223151,0.3067201605486548,0.6692912522264493,0.2223927080631256,False,False,Sitting|Sitting|Sitting|Sitting|Sitting
192,3.2441379310344827,Transition,True,Sitting,False,0.62,fallback_height_sitting,,112.76583718071053,24.46400094422536,0.9675562312727096,100.51085190422545,0.2896987304608317,0.6692912522264493,0.22712671756744385,False,False,Sitting|Sitting|Sitting|Sitting|Sitting
193,3.2610344827586206,Transition,True,Sitting,False,0.62,fallback_height_sitting,,121.41234575132651,26.209865611912033,0.5114394756789724,103.32668441410898,0.29197874759246856,0.6692912522264493,0.22919949889183044,False,False,Sitting|Sitting|Sitting|Sitting|Sitting
194,3.2779310344827586,Transition,True,Sitting,False,0.62,fallback_height_sitting,,129.97999444293157,27.69539926317502,0.3493855669001622,87.91933854413584,0.2840184878104924,0.6692912522264493,0.2308683693408966,False,False,Sitting|Sitting|Sitting|Sitting|Sitting
195,3.2948275862068965,Transition,True,Sitting,False,0.62,fallback_height_sitting,,140.8369738287141,28.802222451936792,0.4126773834076385,65.5058621920232,0.28299857102999026,0.6692912522264493,0.2318362295627594,False,False,Sitting|Sitting|Sitting|Sitting|Sitting
196,3.3117241379310345,Transition,True,Sitting,False,0.62,fallback_height_sitting,,135.85385886368283,29.982051103463863,0.26134592290518677,69.82659366180616,0.2769573971218563,0.6692912522264493,0.23257219791412354,False,False,Sitting|Sitting|Sitting|Sitting|Sitting
197,3.3286206896551724,Transition,True,Sitting,False,0.62,horizontal_span,,135.61197466373557,31.611953881172095,0.3130714284017917,96.46363378273195,0.2719712844090373,0.6692912522264493,0.2337351143360138,False,False,Sitting|Sitting|Sitting|Sitting|Lying
198,3.3455172413793104,Transition,True,Lying,False,0.65,"horizontal_span,slow_lie",134.98064466513094,137.46816962666858,33.472940108901135,0.29654083946741305,110.14000123294302,0.21620543064197817,0.6692912522264493,0.23265531659126282,False,False,Sitting|Sitting|Sitting|Lying|Lying
199,3.3624137931034483,Transition,True,Lying,False,0.65,"horizontal_span,slow_lie",121.76153789595412,139.65785811439187,35.47870846862101,0.2397434759364378,118.7087396568903,0.2187905603542654,0.6692912522264493,0.23292705416679382,False,False,Sitting|Sitting|Lying|Lying|Lying
200,3.3793103448275863,Transition,True,Lying,False,0.65,"horizontal_span,slow_lie",114.22157070352696,134.6792925969516,38.092294008192106,0.6156913003397092,154.68159315828925,0.22171909178687305,0.6692912522264493,0.23347580432891846,False,False,Sitting|Lying|Lying|Lying|Lying
201,3.3962068965517243,Transition,True,Lying,False,0.65,"horizontal_span,slow_lie",116.75284591961082,137.71099422842772,38.96506952528392,0.5389249145157737,51.654061215638094,0.22717416496641205,0.6692912522264493,0.23546966910362244,False,False,Lying|Lying|Lying|Lying|Lying
202,3.413103448275862,Transition,True,Lying,False,0.65,"horizontal_span,slow_lie",120.16884623987515,139.10327835979558,40.952624156863436,0.38983156206765107,117.63078431797105,0.2316925101864737,0.6692912522264493,0.23699039220809937,False,False,Lying|Lying|Lying|Lying|Lying
203,3.43,Transition,True,Lying,False,0.65,"horizontal_span,slow_lie",115.88629536841384,133.1234038342082,42.67462428149149,1.1613228109296991,101.91429309023158,0.23632616499833486,0.6692912522264493,0.2414928376674652,False,False,Lying|Lying|Lying|Lying|Lying
204,3.4468965517241377,Transition,True,Lying,False,0.65,"horizontal_span,slow_lie",115.5670970898564,133.05731976081478,44.314556525064056,0.10638643043994968,97.05721441552166,0.2349871120198883,0.6692912522264493,0.24109584093093872,False,False,Lying|Lying|Lying|Lying|Lying
205,3.4637931034482756,Transition,True,Lying,False,0.65,"horizontal_torso,slow_lie",115.36866861442886,133.80712285875867,45.23716857006578,0.14436266732429598,54.60357001030626,0.2383104312216333,0.6692912522264493,0.240929514169693,False,False,Lying|Lying|Lying|Lying|Lying
206,3.4806896551724136,Transition,True,Lying,False,0.65,"horizontal_torso,slow_lie",114.5044331258328,134.42994757632277,45.724892213428674,0.05841263616215014,28.86527685208942,0.23870456006901952,0.6692912522264493,0.24108675122261047,False,False,Lying|Lying|Lying|Lying|Lying
207,3.4975862068965515,Transition,True,Lying,False,0.65,"horizontal_torso,slow_lie",110.74919778152368,128.3080148853976,46.25451829279694,0.16233091581313328,31.345216942203304,0.24108969300249125,0.6692912522264493,0.24126937985420227,False,False,Lying|Lying|Lying|Lying|Lying
208,3.5144827586206895,Transition,True,Lying,False,0.65,"horizontal_torso,slow_lie",108.584416024354,127.79628417323332,46.61645272543496,0.3024103638488781,21.42060927857684,0.2428498918459646,0.6692912522264493,0.240030437707901,False,False,Lying|Lying|Lying|Lying|Lying
209,3.5313793103448274,Transition,True,Lying,False,0.65,"horizontal_torso,slow_lie",107.27456083024435,124.04013484168223,46.51568226050142,0.1451741971084376,5.963966291984981,0.24559604393764128,0.6692912522264493,0.2398485541343689,False,False,Lying|Lying|Lying|Lying|Lying
210,3.5482758620689654,Transition,True,Lying,False,0.65,"horizontal_torso,slow_lie",109.44851724766237,125.72835311779085,47.29604360068115,0.5984275588506681,46.18465074533094,0.24514808140833602,0.6692912522264493,0.23737028241157532,False,False,Lying|Lying|Lying|Lying|Lying
211,3.5651724137931033,Transition,True,Lying,False,0.65,"horizontal_torso,slow_lie",104.84043937972733,122.29255427915919,46.77130926043739,0.09519980270759264,31.05570585116131,0.24618202340412187,0.6692912522264493,0.23774224519729614,False,False,Lying|Lying|Lying|Lying|Lying
212,3.5820689655172413,Transition,True,Lying,False,0.65,"horizontal_torso,slow_lie",103.17364976103728,119.42671847851342,46.3690685688415,0.17285001869130065,23.80608174751197,0.24677068796053914,0.6692912522264493,0.23704266548156738,False,False,Lying|Lying|Lying|Lying|Lying
213,3.5989655172413793,Transition,True,Lying,False,0.65,"horizontal_torso,slow_lie",102.73896352364093,119.69256082203671,45.94850419880137,0.03557247382150023,24.890544349313508,0.24881110230692657,0.6692912522264493,0.2369372844696045,False,False,Lying|Lying|Lying|Lying|Lying
214,3.615862068965517,Transition,True,Lying,False,0.65,"horizontal_torso,slow_lie",106.08478781293124,122.1091512558759,46.14582679162648,0.14674425050197024,11.67827590189423,0.251116095754645,0.6692912522264493,0.23719236254692078,False,False,Lying|Lying|Lying|Lying|Lying
215,3.632758620689655,Transition,True,Lying,False,0.65,"horizontal_torso,slow_lie",110.55318319668595,125.45401048719272,45.98250313728963,0.06788459635704149,9.666093828099255,0.2558626135296674,0.6692912522264493,0.23742705583572388,False,False,Lying|Lying|Lying|Lying|Lying
216,3.649655172413793,Transition,True,Lying,False,0.65,"horizontal_torso,slow_lie",114.91796243998637,128.28571900843946,46.30463810402037,0.010197992496639805,19.06513068406397,0.257231372933686,0.6692912522264493,0.23746153712272644,False,False,Lying|Lying|Lying|Lying|Lying
217,3.666551724137931,Transition,True,Lying,False,0.65,"horizontal_torso,slow_lie",116.70090913621618,132.64203392295548,46.13212055069742,0.09817101497088526,10.210222543603,0.258521755607387,0.6692912522264493,0.23788982629776,False,False,Lying|Lying|Lying|Lying|Lying
218,3.683448275862069,Transition,True,Lying,False,0.65,"horizontal_torso,slow_lie",116.68358161710297,133.82565292119506,45.94230562515324,0.01513466172620034,11.2339445730231,0.26127447713746027,0.6692912522264493,0.23791173100471497,False,False,Lying|Lying|Lying|Lying|Lying
219,3.700344827586207,Transition,True,Lying,False,0.65,"horizontal_torso,slow_lie",115.54193880454872,134.15941225629055,45.86073325438873,0.04895228856589091,4.827752555450702,0.2630069388915417,0.6692912522264493,0.238120436668396,False,False,Lying|Lying|Lying|Lying|Lying
220,3.717241379310345,Transition,True,Lying,False,0.65,"horizontal_torso,slow_lie",111.78531859020656,136.84838806467218,45.78310926781854,0.04443993924951445,4.594072674562153,0.26705539395043026,0.6692912522264493,0.23812741041183472,False,False,Lying|Lying|Lying|Lying|Lying
221,3.734137931034483,Transition,True,Lying,False,0.65,"horizontal_torso,slow_lie",113.17468531215606,136.7543923071936,45.68075190558563,0.0485642054985407,6.05788470358027,0.26920940253476155,0.6692912522264493,0.23827314376831055,False,False,Lying|Lying|Lying|Lying|Lying
222,3.751034482758621,Transition,True,Lying,False,0.65,"horizontal_torso,slow_lie",111.26071892361514,139.73570063215618,45.723979255504176,0.07284552762277775,2.5583533625261645,0.27160505329009865,0.6692912522264493,0.2385820746421814,False,False,Lying|Lying|Lying|Lying|Lying
223,3.7679310344827583,Transition,True,Lying,False,0.65,"horizontal_torso,slow_lie",114.02890316559812,140.65747441095982,45.681245575209815,0.012256639784479715,2.529136180686759,0.27516546588459284,0.6692912522264493,0.23853129148483276,False,False,Lying|Lying|Lying|Lying|Lying
224,3.7848275862068963,Transition,True,Lying,False,0.65,"horizontal_torso,slow_lie",111.57903224958343,143.1271927398195,45.681597222561756,0.0361824284869108,0.02081178205366007,0.2777563163084652,0.6692912522264493,0.2385503053665161,False,False,Lying|Lying|Lying|Lying|Lying
225,3.8017241379310343,Transition,True,Lying,False,0.65,"horizontal_torso,slow_lie",114.83307718862771,143.4481246025841,45.75288860002048,0.06356059999895368,4.219285604700213,0.2803269093008413,0.6692912522264493,0.23885071277618408,False,False,Lying|Lying|Lying|Lying|Lying
226,3.818620689655172,Transition,True,Lying,False,0.65,"horizontal_torso,slow_lie",111.17262571604607,146.92666375594308,45.371653578814474,0.12527206628758017,22.562889010151558,0.284180561241422,0.6692912522264493,0.23942843079566956,False,False,Lying|Lying|Lying|Lying|Lying
227,3.83551724137931,Transition,True,Lying,False,0.65,"horizontal_torso,slow_lie",113.21078853325419,146.8424036712059,45.15631996682277,0.03688627080138392,12.744234179100765,0.28734883081666823,0.6692912522264493,0.23942208290100098,False,False,Lying|Lying|Lying|Lying|Lying
228,3.852413793103448,Transition,True,Lying,False,0.65,"horizontal_span,slow_lie",113.22524374008472,148.39267762996758,44.909282648540014,0.06319357286108886,14.620575979999897,0.2916448828004325,0.6692912522264493,0.23969918489456177,False,False,Lying|Lying|Lying|Lying|Lying
229,3.869310344827586,Transition,True,Lying,True,0.9,"horizontal_span,sustained_lying",113.91061080878046,149.64090729552623,43.766839568697385,0.23402542432767204,67.61397819476772,0.2964176503600951,0.6692912522264493,0.24028727412223816,False,False,Lying|Lying|Lying|Lying|Lying
230,3.886206896551724,Transition,True,Lying,True,0.9,"horizontal_span,sustained_lying",113.73083842532776,150.55733887163058,43.25112289288482,0.16471377547569255,30.522007344008767,0.299155827156211,0.6692912522264493,0.2407076358795166,False,False,Lying|Lying|Lying|Lying|Lying
231,3.903103448275862,Transition,True,Lying,True,0.9,"horizontal_span,sustained_lying",114.07185822218625,151.35763750656974,42.840740293281826,0.11915369430933585,24.28794977242223,0.2999767518287383,0.6692912522264493,0.24120622873306274,False,False,Lying|Lying|Lying|Lying|Lying
232,3.92,Transition,True,Lying,True,0.9,"horizontal_span,sustained_lying",113.05020738850541,152.5181616863518,42.313489899097796,0.2289885732479514,31.204615165993562,0.3037659134236659,0.6692912522264493,0.24228554964065552,False,False,Lying|Lying|Lying|Lying|Lying
233,3.936896551724138,Transition,True,Lying,True,0.9,"horizontal_span,sustained_lying",112.45246974916549,152.68921392787564,42.091945846198975,0.540969836967196,13.111790885848576,0.30508419172461976,0.6692912522264493,0.24490585923194885,False,False,Lying|Lying|Lying|Lying|Lying
234,3.953793103448276,Transition,True,Lying,True,0.9,"horizontal_span,sustained_lying",112.36579384892832,152.57567121014966,41.69232456401683,0.24821332950061092,23.651055476086153,0.30613117265962186,0.6692912522264493,0.24453282356262207,False,False,Lying|Lying|Lying|Lying|Lying
235,3.970689655172414,Transition,True,Lying,True,0.9,"horizontal_span,sustained_lying",113.48749635455202,153.3922267579108,40.914908259681845,0.0427302351952796,46.01035270553983,0.30553841947747346,0.6692912522264493,0.24453285336494446,False,False,Lying|Lying|Lying|Lying|Lying
236,3.9875862068965517,Transition,True,Lying,True,0.9,"horizontal_span,sustained_lying",110.11261700929332,154.42168456230704,40.70704972560902,0.1910250396608256,12.301831608391769,0.30438666760064864,0.6692912522264493,0.24449878931045532,False,False,Lying|Lying|Lying|Lying|Lying
237,4.004482758620689,Lying,False,Lying,True,0.9,"horizontal_span,sustained_lying",115.01817286763668,153.49562320078874,40.44106724110846,0.1751805340316001,15.7418205112577,0.3082670811994947,0.6692912522264493,0.2443591058254242,False,False,Lying|Lying|Lying|Lying|Lying
238,4.021379310344828,Lying,False,Lying,True,0.9,"horizontal_span,sustained_lying",112.69494437271348,156.3278321605568,40.42698022720843,0.1982231494558496,0.8337212308181565,0.30644687050917674,0.6692912522264493,0.2442266345024109,False,False,Lying|Lying|Lying|Lying|Lying
239,4.038275862068965,Lying,False,Lying,True,0.9,"horizontal_span,sustained_lying",112.68774963168809,158.66465872447134,40.653942307584195,0.11657650980385839,13.432449654892446,0.305012229928257,0.6692912522264493,0.24405980110168457,False,False,Lying|Lying|Lying|Lying|Lying
240,4.055172413793104,Lying,False,Lying,True,0.9,"horizontal_span,sustained_lying",111.92143777646203,158.04979266884908,41.02164331729694,0.22726440293709607,21.76189649320276,0.29886839526580605,0.6692912522264493,0.2429877519607544,False,False,Lying|Lying|Lying|Lying|Lying
241,4.072068965517241,Lying,False,Lying,True,0.9,"horizontal_span,sustained_lying",114.73184748133701,157.26743462408018,41.59553600843783,0.3776332218862974,33.96507763895154,0.29942397658963105,0.6692912522264493,0.24113190174102783,False,False,Lying|Lying|Lying|Lying|Lying
242,4.0889655172413795,Lying,False,Lying,True,0.9,"horizontal_span,sustained_lying",118.56425002862474,154.9836058486514,42.0260614755397,0.5019168121370066,25.480078665211767,0.30328958924655697,0.6692912522264493,0.23864823579788208,False,False,Lying|Lying|Lying|Lying|Lying
243,4.105862068965517,Lying,False,Lying,True,0.9,"horizontal_span,sustained_lying",112.57613062565416,155.555475467749,42.60557675153932,0.18283719717544397,34.2978428652844,0.3003009004293144,0.6692912522264493,0.2377205193042755,False,False,Lying|Lying|Lying|Lying|Lying
244,4.122758620689655,Lying,False,Lying,True,0.9,"horizontal_span,sustained_lying",115.90048381700379,154.62852886209467,44.3687685585495,0.2687956727344679,104.35216816998738,0.29931636885905477,0.6692912522264493,0.2363666296005249,False,False,Lying|Lying|Lying|Lying|Lying
245,4.139655172413793,Lying,False,Lying,True,0.9,"horizontal_span,sustained_lying",113.59180694579433,154.40074205563087,44.64913553286881,0.39712146351248023,16.593147459714917,0.29691610837445204,0.6692912522264493,0.23437649011611938,False,False,Lying|Lying|Lying|Lying|Lying
246,4.156551724137931,Lying,False,Lying,True,0.9,"horizontal_torso,sustained_lying",113.32530847026054,153.92986250753756,45.387403206607175,0.37536953907772674,43.69339293553458,0.29452970859274,0.6692912522264493,0.2325146496295929,False,False,Lying|Lying|Lying|Lying|Lying
247,4.173448275862069,Lying,False,Lying,True,0.9,"horizontal_torso,sustained_lying",113.09210909691677,153.9677248929367,45.62468692352064,0.3358644601869368,14.043322021409619,0.2935150929762189,0.6692912522264493,0.2308555245399475,False,False,Lying|Lying|Lying|Lying|Lying
248,4.190344827586207,Lying,False,Lying,True,0.9,"horizontal_torso,sustained_lying",109.77804236354731,150.059714755867,46.592669959154094,0.314183401628005,57.28879190483537,0.2898616505534808,0.6692912522264493,0.2295127809047699,False,False,Lying|Lying|Lying|Lying|Lying
249,4.207241379310345,Lying,False,Lying,True,0.9,"horizontal_torso,sustained_lying",113.75480400227733,151.0791657827512,47.63666383886755,0.38809737054573434,61.78739288100191,0.2890332811252083,0.6692912522264493,0.2279505431652069,False,False,Lying|Lying|Lying|Lying|Lying
250,4.224137931034483,Lying,False,Lying,True,0.9,"horizontal_torso,sustained_lying",112.22981883842402,149.44674509270814,49.07195592588587,0.36204950196035207,84.94585821128588,0.2852140557686163,0.6692912522264493,0.22697937488555908,False,False,Lying|Lying|Lying|Lying|Lying
251,4.241034482758621,Lying,False,Lying,True,0.9,"horizontal_torso,sustained_lying",115.90829101953008,146.45526489212887,49.901296417029656,0.35851160811518074,49.0834168227969,0.2885659473751663,0.6692912522264493,0.22615882754325867,False,False,Lying|Lying|Lying|Lying|Lying
252,4.257931034482758,Lying,False,Lying,True,0.9,"horizontal_torso,sustained_lying",121.07699389648178,141.20532791019457,51.24203378909737,0.5503856686251053,79.34976283666262,0.285419103258917,0.6692912522264493,0.22526726126670837,False,False,Lying|Lying|Lying|Lying|Lying
253,4.2748275862068965,Lying,False,Lying,True,0.9,"horizontal_torso,sustained_lying",120.56237572502104,138.99008669323163,52.59001719982295,0.512701763015549,79.77861002253228,0.28451223237966866,0.6692912522264493,0.2248252034187317,False,False,Lying|Lying|Lying|Lying|Lying
254,4.291724137931034,Lying,False,Lying,True,0.9,"horizontal_torso,sustained_lying",120.78979872338113,136.8023607188076,53.74928775681582,0.4415500949766468,68.60989010774273,0.2871234181019716,0.6692912522264493,0.22491350769996643,False,False,Lying|Lying|Lying|Lying|Lying
255,4.308620689655172,Lying,False,Lying,True,0.9,"horizontal_torso,sustained_lying",123.72769395327808,135.5469418021312,54.03327982250207,0.06941707357759398,16.80769368347141,0.2874535350021039,0.6692912522264493,0.22504669427871704,False,False,Lying|Lying|Lying|Lying|Lying
256,4.32551724137931,Lying,False,Lying,True,0.9,"horizontal_torso,sustained_lying",118.08044130274502,138.64277000675787,54.869068241775935,0.2880405378949512,49.46502889580159,0.2874155452232449,0.6692912522264493,0.2251550853252411,False,False,Lying|Lying|Lying|Lying|Lying
257,4.342413793103448,Lying,False,Lying,True,0.9,"horizontal_torso,sustained_lying",119.82270222060477,138.2685060749877,55.51752065411033,0.1591836355409844,38.37779583203445,0.2890476356148421,0.6692912522264493,0.22552093863487244,False,False,Lying|Lying|Lying|Lying|Lying
258,4.359310344827586,Lying,False,Lying,True,0.9,"horizontal_torso,sustained_lying",121.42048763892075,137.27761770184105,56.37936472999424,0.22540339644172008,51.00709836864118,0.29021653415075865,0.6692912522264493,0.22570213675498962,False,False,Lying|Lying|Lying|Lying|Lying
259,4.376206896551724,Lying,False,Lying,True,0.9,"horizontal_torso,sustained_lying",123.79950789922728,137.11859614365568,57.1090960979822,0.06514389509999567,43.18818300336783,0.29326680865144317,0.6692912522264493,0.22576779127120972,False,False,Lying|Lying|Lying|Lying|Lying
260,4.393103448275862,Lying,False,Lying,True,0.9,"horizontal_torso,sustained_lying",126.65335444308371,138.09682490269523,56.63445560132649,0.672458216919448,28.090968169420236,0.294231090914088,0.6692912522264493,0.22689005732536316,False,False,Lying|Lying|Lying|Lying|Lying
261,4.41,Lying,False,Lying,True,0.9,"horizontal_torso,sustained_lying",128.41808376521828,137.11412145459343,56.58701060922347,0.3101980465163194,2.8079689203829883,0.2950707516836291,0.6692912522264493,0.2283085286617279,False,False,Lying|Lying|Lying|Lying|Lying
262,4.426896551724138,Lying,False,Lying,True,0.9,"horizontal_torso,sustained_lying",131.84790580239587,136.86702526852363,56.34702583648417,0.16132226845541417,14.2031804274282,0.29748887418875436,0.6692912522264493,0.22856488823890686,False,False,Lying|Lying|Lying|Lying|Lying
263,4.443793103448276,Lying,False,Lying,True,0.9,"horizontal_torso,sustained_lying",132.05266725193093,137.3670716331489,56.15465937756622,0.17315950640068214,11.38495369106217,0.298573292240626,0.6692912522264493,0.2292264699935913,False,False,Lying|Lying|Lying|Lying|Lying
264,4.460689655172414,Lying,False,Lying,True,0.9,"horizontal_torso,sustained_lying",132.42869044284174,138.17748186230295,56.036376803300705,0.0820196239216101,7.000397252448964,0.3004065135780995,0.6692912522264493,0.2294948399066925,False,False,Lying|Lying|Lying|Lying|Lying
265,4.477586206896552,Lying,False,Lying,True,0.9,"horizontal_torso,sustained_lying",136.80250971848966,140.51027634786595,55.386851054596384,0.5226555053600442,38.441319821275044,0.302153109782686,0.6692912522264493,0.22960728406906128,False,False,Lying|Lying|Lying|Lying|Lying
266,4.4944827586206895,Lying,False,Lying,True,0.9,"horizontal_torso,sustained_lying",138.24091978937068,140.2948639601475,55.275091023623155,0.11317123879407756,6.614369180048448,0.30430531664355576,0.6692912522264493,0.22972309589385986,False,False,Lying|Lying|Lying|Lying|Lying
267,4.511379310344828,Lying,False,Lying,True,0.9,"horizontal_torso,sustained_lying",138.7089785877728,140.37007846213442,54.90117930685139,0.19084483805451016,22.129468951797733,0.3051898454727247,0.6692912522264493,0.228851318359375,False,False,Lying|Lying|Lying|Lying|Lying
268,4.528275862068965,Lying,False,Lying,True,0.9,"horizontal_torso,sustained_lying",137.97347669353059,140.0548790410833,54.55397408406434,0.6139904668743503,20.548880532295094,0.3096299551887132,0.6692912522264493,0.22642940282821655,False,False,Lying|Lying|Lying|Lying|Lying
269,4.545172413793104,Lying,False,Lying,True,0.9,"horizontal_torso,sustained_lying",144.67259229267881,144.9188982847367,54.524075172767986,0.3799437406164012,1.769527403253721,0.3144052847791101,0.6692912522264493,0.22509357333183289,False,False,Lying|Lying|Lying|Lying|Lying
270,4.562068965517241,Lying,False,Lying,True,0.9,"horizontal_torso,sustained_lying",153.78024535363107,152.03987504455242,54.38769443652202,0.32813857731204293,8.071512961496275,0.31826759326910364,0.6692912522264493,0.22394558787345886,False,False,Lying|Lying|Lying|Lying|Lying
271,4.57896551724138,Lying,False,Lying,True,0.9,"horizontal_torso,sustained_lying",152.50652859807343,150.2444944693787,54.69594058452271,0.03827249324499557,18.24313937146898,0.31854579922812853,0.6692912522264493,0.22403013706207275,False,False,Lying|Lying|Lying|Lying|Lying
272,4.595862068965517,Lying,False,Lying,True,0.9,"horizontal_torso,sustained_lying",158.4579928972087,154.08685494253837,54.756041272352284,0.019139488876754755,3.556979483791256,0.3185818828547099,0.6692912522264493,0.22410473227500916,False,False,Lying|Lying|Lying|Lying|Lying
273,4.612758620689655,Lying,False,Lying,True,0.9,"horizontal_torso,sustained_lying",160.18715868191734,154.71005198008174,55.05674024212879,0.045247606696236904,17.796469639834413,0.3178353636441681,0.6692912522264493,0.22429871559143066,False,False,Lying|Lying|Lying|Lying|Lying
274,4.629655172413793,Lying,False,Lying,True,0.9,"horizontal_torso,sustained_lying",169.87021290822366,162.43658367711888,55.13619456156489,0.036904613143064355,4.702398497238595,0.3200998601331413,0.6692912522264493,0.22417429089546204,False,False,Lying|Lying|Lying|Lying|Lying
275,4.646551724137931,Lying,False,Lying,True,0.9,"horizontal_torso,sustained_lying",169.89072348227637,162.87847600582228,55.172485566290305,0.1687027570210187,2.147834973544919,0.3229611634975724,0.6692912522264493,0.2245481014251709,False,False,Lying|Lying|Lying|Lying|Lying
276,4.663448275862069,Lying,False,Lying,True,0.9,"horizontal_torso,sustained_lying",172.9968694566669,165.49607907138164,55.76645306256962,0.1340769503687117,35.153178351223616,0.32456572404389705,0.6692912522264493,0.22512391209602356,False,False,Lying|Lying|Lying|Lying|Lying
277,4.6803448275862065,Lying,False,Lying,True,0.9,"horizontal_torso,sustained_lying",175.4147566537739,171.16756497841243,56.10861615283519,0.14420568837958636,20.250468607554772,0.32544436415367706,0.6692912522264493,0.22581949830055237,False,False,Lying|Lying|Lying|Lying|Lying
278,4.697241379310345,Lying,False,Lying,True,0.9,"horizontal_torso,sustained_lying",173.06530053591928,169.71495441834975,56.62834058935047,0.08248989138092115,30.759201344781186,0.32442350983076185,0.6692912522264493,0.22626876831054688,False,False,Lying|Lying|Lying|Lying|Lying
279,4.714137931034482,Lying,False,Lying,True,0.9,"horizontal_torso,sustained_lying",170.76255141116084,171.38884564468327,56.82057941380899,0.062128382068212536,11.377399814892325,0.3263629184969982,0.6692912522264493,0.22660768032073975,False,False,Lying|Lying|Lying|Lying|Lying
280,4.731034482758621,Lying,False,Lying,True,0.9,"horizontal_torso,sustained_lying",168.70808358678102,171.78997221853996,57.40004049386833,0.11533833913547162,34.294635350449724,0.3266129092081013,0.6692912522264493,0.22724279761314392,False,False,Lying|Lying|Lying|Lying|Lying
281,4.747931034482758,Lying,False,Lying,True,0.9,"horizontal_torso,sustained_lying",171.7469626678285,168.60353162990114,58.110171814419076,0.1605118857860174,42.028180195861395,0.3254290162050999,0.6692912522264493,0.22808155417442322,False,False,Lying|Lying|Lying|Lying|Lying
282,4.764827586206897,Lying,False,Lying,True,0.9,"horizontal_torso,sustained_lying",172.5753576460141,168.20269570690118,58.23365719536577,0.06195490460421204,7.308318464192065,0.326994033137866,0.6692912522264493,0.22821706533432007,False,False,Lying|Lying|Lying|Lying|Lying
283,4.781724137931034,Lying,False,Lying,True,0.9,"horizontal_torso,sustained_lying",174.04371852692253,166.54094080034483,58.78411425747412,0.19331381625082145,32.578071022739906,0.3273682022670615,0.6692912522264493,0.22928321361541748,False,False,Lying|Lying|Lying|Lying|Lying
284,4.798620689655173,Lying,False,Lying,True,0.9,"horizontal_torso,sustained_lying",172.52022338785847,165.0264818737895,58.91354807632242,0.26264394827817744,7.660368870613355,0.32669220378202507,0.6692912522264493,0.2289828062057495,False,False,Lying|Lying|Lying|Lying|Lying
285,4.81551724137931,Lying,False,Lying,True,0.9,"horizontal_torso,sustained_lying",174.37223292388308,166.85455360575878,58.85863398182473,0.03490802531720154,3.250017837618457,0.32700403455786897,0.6692912522264493,0.22897711396217346,False,False,Lying|Lying|Lying|Lying|Lying
286,4.8324137931034485,Lying,False,Lying,True,0.9,"horizontal_torso,sustained_lying",170.88716684512957,167.78287797846752,59.63822870480851,0.1598214748608132,46.13927952352861,0.32554959056060456,0.6692912522264493,0.229300856590271,False,False,Lying|Lying|Lying|Lying|Lying
287,4.849310344827586,Lying,False,Lying,True,0.9,"horizontal_torso,sustained_lying",172.54478954277886,165.5579825512902,59.75824452801012,0.021467557339640803,7.102977291523744,0.32459547102124753,0.6692912522264493,0.2292979657649994,False,False,Lying|Lying|Lying|Lying|Lying
288,4.8662068965517244,Lying,False,Lying,True,0.9,"horizontal_torso,sustained_lying",173.32506317601315,165.7403532165632,59.743562068314716,0.06734743455704431,0.8689619003400053,0.3239601984872514,0.6692912522264493,0.2296513319015503,False,False,Lying|Lying|Lying|Lying|Lying
289,4.883103448275862,Lying,False,Lying,True,0.9,"horizontal_torso,sustained_lying",172.57851676981804,165.310868810957,60.193069017749096,0.013999243439882042,26.603472517545573,0.3244047657043196,0.6692912522264493,0.2297203540802002,False,False,Lying|Lying|Lying|Lying|Lying
290,4.9,Lying,False,Lying,True,0.9,"horizontal_torso,sustained_lying",170.92897771110376,164.2435888444641,60.699050419448206,0.22019019099222975,29.945838059742403,0.3235761361929116,0.6692912522264493,0.23047327995300293,False,False,Lying|Lying|Lying|Lying|Lying
291,4.916896551724138,Lying,False,Lying,True,0.9,"horizontal_torso,sustained_lying",168.75413679392918,162.89475523001022,60.667910983636624,0.040994785074472545,1.8429462010936724,0.32360113887952374,0.6692912522264493,0.23050826787948608,False,False,Lying|Lying|Lying|Lying|Lying
292,4.933793103448275,Lying,False,Lying,True,0.9,"horizontal_torso,sustained_lying",168.40222123493885,162.64134225445082,60.72509042725731,0.025564316552653628,3.3840895204078505,0.323040154932273,0.6692912522264493,0.2305378019809723,False,False,Lying|Lying|Lying|Lying|Lying
293,4.950689655172414,Lying,False,Lying,True,0.9,"horizontal_torso,sustained_lying",164.79965405625063,160.21659939489314,60.85785383668968,0.02600380469694552,7.8574262725278805,0.3229262870722465,0.6692912522264493,0.2306133210659027,False,False,Lying|Lying|Lying|Lying|Lying
294,4.967586206896551,Lying,False,Lying,True,0.9,"horizontal_torso,sustained_lying",165.20131604621892,160.68242329654993,60.94572476056878,0.17119957005579683,5.200524066314316,0.32323261964679395,0.6692912522264493,0.23115116357803345,False,False,Lying|Lying|Lying|Lying|Lying
295,4.98448275862069,Lying,False,Lying,True,0.9,"horizontal_torso,sustained_lying",162.88853876737323,159.28969931277265,60.847474352417294,0.06536512913186336,5.814820074271466,0.32294741533535637,0.6692912522264493,0.2312333583831787,False,False,Lying|Lying|Lying|Lying|Lying
296,5.001379310344827,Lying,False,Lying,True,0.9,"horizontal_torso,sustained_lying",161.57281417352286,158.41629494930575,60.49815124465628,0.3498793207871056,20.67422474504025,0.3220234580154609,0.6692912522264493,0.2313089370727539,False,False,Lying|Lying|Lying|Lying|Lying
297,5.018275862068966,Lying,False,Lying,True,0.9,"horizontal_torso,sustained_lying",161.87368572978346,158.7124335031254,60.68498731208538,0.10908662801125574,11.057644807028382,0.3224851143783231,0.6692912522264493,0.2317200005054474,False,False,Lying|Lying|Lying|Lying|Lying
298,5.035172413793103,Lying,False,Lying,True,0.9,"horizontal_torso,sustained_lying",160.40216553735814,157.81916065925816,61.247745940514534,0.24209969628534486,33.30612290703222,0.32240375400269433,0.6692912522264493,0.23284491896629333,False,False,Lying|Lying|Lying|Lying|Lying
299,5.0520689655172415,Lying,False,Lying,True,0.9,"horizontal_torso,sustained_lying",156.57873599701887,154.4810794412615,61.19871487583197,0.04698806802830211,2.90183852202935,0.32195097840287357,0.6692912522264493,0.23308447003364563,False,False,Lying|Lying|Lying|Lying|Lying
300,5.068965517241379,Lying,False,Lying,True,0.9,"horizontal_torso,sustained_lying",157.20455019047205,155.25278296915354,61.515688194598944,0.6831805511583527,18.75964539641335,0.32230776156521956,0.6692912522264493,0.23484796285629272,False,False,Lying|Lying|Lying|Lying|Lying
301,5.085862068965517,Lying,False,Lying,True,0.9,"horizontal_torso,sustained_lying",159.45349862562497,155.92324834064846,61.440443382217474,0.5827997296275392,4.453264406250153,0.32220081271570294,0.6692912522264493,0.2331315279006958,False,False,Lying|Lying|Lying|Lying|Lying
302,5.102758620689655,Lying,False,Lying,True,0.9,"horizontal_torso,sustained_lying",157.41468421231318,155.19233088710124,61.54433102821469,0.04238202675337342,6.148452518202891,0.32227431847190313,0.6692912522264493,0.23313653469085693,False,False,Lying|Lying|Lying|Lying|Lying
303,5.119655172413793,Lying,False,Lying,True,0.9,"horizontal_torso,sustained_lying",155.81730053714136,153.67357590348516,61.52072104492568,0.10965596922175835,1.3973255415946269,0.3201076045979564,0.6692912522264493,0.23315176367759705,False,False,Lying|Lying|Lying|Lying|Lying
304,5.136551724137931,Lying,False,Lying,True,0.9,"horizontal_torso,sustained_lying",156.1058919394722,153.75132498277134,61.55360751701779,0.09981981742531996,1.9463422258595566,0.3198074917912827,0.6692912522264493,0.23261329531669617,False,False,Lying|Lying|Lying|Lying|Lying
305,5.153448275862069,Lying,False,Lying,True,0.9,"horizontal_torso,sustained_lying",157.64365870544503,154.8797195747228,61.66250650899724,0.06094241309942726,6.44504238245715,0.31979044977728216,0.6692912522264493,0.23255935311317444,False,False,Lying|Lying|Lying|Lying|Lying
306,5.170344827586207,Lying,False,Lying,True,0.9,"horizontal_torso,sustained_lying",157.15187032448787,154.41480729014182,61.78502566377597,0.030985748398254593,7.251133650169856,0.31978288679774525,0.6692912522264493,0.23253509402275085,False,False,Lying|Lying|Lying|Lying|Lying
307,5.187241379310345,Lying,False,Lying,True,0.9,"horizontal_torso,sustained_lying",156.5393184244439,153.99721845821927,61.824821195197,0.04605626872866503,2.3552457371632296,0.3193852324758612,0.6692912522264493,0.23229265213012695,False,False,Lying|Lying|Lying|Lying|Lying
308,5.204137931034483,Lying,False,Lying,True,0.9,"horizontal_torso,sustained_lying",158.26033017252155,155.44433641770732,61.63567619550805,0.24036606309033334,11.194295899958915,0.3198737215457309,0.6692912522264493,0.23231640458106995,False,False,Lying|Lying|Lying|Lying|Lying
309,5.221034482758621,Lying,False,Lying,True,0.9,"horizontal_torso,sustained_lying",159.98454811521293,156.9731405031471,61.965549847673465,0.10979113702455572,19.52313451591194,0.3197310908019031,0.6692912522264493,0.2321232259273529,False,False,Lying|Lying|Lying|Lying|Lying
310,5.2379310344827585,Lying,False,Lying,True,0.9,"horizontal_torso,sustained_lying",158.99960914354403,157.02504412214552,62.029827952245526,0.19673353198330215,3.8042143522241174,0.32018978959104555,0.6692912522264493,0.23223546147346497,False,False,Lying|Lying|Lying|Lying|Lying
311,5.254827586206896,Lying,False,Lying,True,0.9,"horizontal_torso,sustained_lying",158.73232229898898,156.63003146512824,61.91625151367444,0.07065830242597992,6.721870854207364,0.320281410661028,0.6692912522264493,0.23203560709953308,False,False,Lying|Lying|Lying|Lying|Lying
312,5.2717241379310344,Lying,False,Lying,True,0.9,"horizontal_torso,sustained_lying",157.33156616958183,155.17248272616445,61.85919060634544,0.11834717196423959,3.37707410722619,0.3192881798649323,0.6692912522264493,0.23219060897827148,False,False,Lying|Lying|Lying|Lying|Lying
313,5.288620689655172,Lying,False,Lying,True,0.9,"horizontal_torso,sustained_lying",157.21005158494307,155.04636709854213,61.81515308194284,0.01956714108065562,2.6063024646439947,0.31936957508700914,0.6692912522264493,0.23209363222122192,False,False,Lying|Lying|Lying|Lying|Lying
314,5.30551724137931,Lying,False,Lying,True,0.9,"horizontal_torso,sustained_lying",156.96953854442913,154.952333581686,62.04533117747336,0.03338996392163686,13.622785245683405,0.32006017648086105,0.6692912522264493,0.23227372765541077,False,False,Lying|Lying|Lying|Lying|Lying
315,5.322413793103448,Lying,False,Lying,True,0.9,"horizontal_torso,sustained_lying",156.94764031328842,154.7701647658157,62.34553910699464,0.3638905210679286,17.767408073709156,0.32128154107277046,0.6692912522264493,0.23187419772148132,False,False,Lying|Lying|Lying|Lying|Lying
316,5.339310344827586,Lying,False,Lying,True,0.9,"horizontal_torso,sustained_lying",157.9234352302152,155.92474971091335,62.57676003111038,0.12442026153539505,13.684503672155605,0.32106252296034554,0.6692912522264493,0.23240375518798828,False,False,Lying|Lying|Lying|Lying|Lying
317,5.356206896551724,Lying,False,Lying,True,0.9,"horizontal_torso,sustained_lying",156.36054829393254,154.06523785213284,62.595437040382244,0.02127919996906534,1.1053740181306226,0.31888243371163366,0.6692912522264493,0.23232468962669373,False,False,Lying|Lying|Lying|Lying|Lying
318,5.373103448275862,Lying,False,Lying,True,0.9,"horizontal_torso,sustained_lying",156.16406431790597,153.94188496929274,62.504396613919845,0.17210056786278638,5.388106872264292,0.3180054076748047,0.6692912522264493,0.23242422938346863,False,False,Lying|Lying|Lying|Lying|Lying
319,5.39,Lying,False,Lying,True,0.9,"horizontal_torso,sustained_lying",155.63462282911928,153.75292726872573,62.46961838697061,0.3064100354969805,2.0583032276078725,0.3195187610887076,0.6692912522264493,0.23158827424049377,False,False,Lying|Lying|Lying|Lying|Lying
320,5.406896551724138,Lying,False,Lying,True,0.9,"horizontal_torso,sustained_lying",155.2027252999398,153.91392713523288,62.61921325722651,0.19483899789830395,8.853573953920566,0.319832179250746,0.6692912522264493,0.23229092359542847,False,False,Lying|Lying|Lying|Lying|Lying
321,5.423793103448276,Lying,False,Lying,True,0.9,"horizontal_torso,sustained_lying",154.6388075147076,152.9597232091894,62.46242837137465,0.049958631274650354,9.279105489192125,0.3191420148799632,0.6692912522264493,0.23220762610435486,False,False,Lying|Lying|Lying|Lying|Lying
322,5.440689655172414,Lying,False,Lying,True,0.9,"horizontal_torso,sustained_lying",154.9375448851435,153.25868851338402,62.525405774383394,0.04056613972783468,3.727234055619479,0.31898302711136345,0.6692912522264493,0.2320249378681183,False,False,Lying|Lying|Lying|Lying|Lying
323,5.4575862068965515,Lying,False,Lying,True,0.9,"horizontal_torso,sustained_lying",156.02553579203027,154.26340599976402,62.52683278096335,0.015762163044594622,0.08445549146698175,0.3193756900963869,0.6692912522264493,0.2319585680961609,False,False,Lying|Lying|Lying|Lying|Lying
324,5.47448275862069,Lying,False,Lying,True,0.9,"horizontal_torso,sustained_lying",155.69149965548945,154.2045669532151,62.4989502044142,0.01701980619620718,1.65019330597025,0.3202257430311459,0.6692912522264493,0.2319718897342682,False,False,Lying|Lying|Lying|Lying|Lying
325,5.491379310344827,Lying,False,Lying,True,0.9,"horizontal_torso,sustained_lying",156.83499826189697,154.7123416629911,62.43291451200617,0.10054660983941371,3.9082348568018124,0.32029756899663225,0.6692912522264493,0.23157674074172974,False,False,Lying|Lying|Lying|Lying|Lying
326,5.508275862068966,Lying,False,Lying,True,0.9,"horizontal_torso,sustained_lying",156.16044093757858,153.93773289186515,62.47266031078059,0.06091006158714883,2.3523023764451394,0.3192953346688545,0.6692912522264493,0.23174923658370972,False,False,Lying|Lying|Lying|Lying|Lying
327,5.525172413793103,Lying,False,Lying,True,0.9,"horizontal_torso,sustained_lying",155.80396250268345,152.69188672636596,62.10540941824627,0.022445541762526115,21.735256905093088,0.3180132250412972,0.6692912522264493,0.2316289246082306,False,False,Lying|Lying|Lying|Lying|Lying
328,5.542068965517242,Lying,False,Lying,True,0.9,"horizontal_torso,sustained_lying",160.1887563045891,154.69495743313564,62.124293359814935,0.35258776422209426,1.117621031614969,0.3174215709879738,0.6692912522264493,0.2320631444454193,False,False,Lying|Lying|Lying|Lying|Lying
329,5.558965517241379,Lying,False,Lying,True,0.9,"horizontal_torso,sustained_lying",159.58450163635996,154.4987655504081,62.256250979396725,0.08400456244562701,7.809736669126553,0.31752574215944496,0.6692912522264493,0.23239177465438843,False,False,Lying|Lying|Lying|Lying|Lying
330,5.575862068965517,Lying,False,Lying,True,0.9,"horizontal_torso,sustained_lying",157.7587006755387,153.37841818408066,62.10619746698216,0.31119141183914395,8.880718081678598,0.3172614702851823,0.6692912522264493,0.23152342438697815,False,False,Lying|Lying|Lying|Lying|Lying
331,5.592758620689655,Lying,False,Lying,True,0.9,"horizontal_torso,sustained_lying",164.062559666055,158.59871287817091,62.457770730847884,0.08211674423192676,20.80739724919534,0.31841190091859417,0.6692912522264493,0.23196503520011902,False,False,Lying|Lying|Lying|Lying|Lying
332,5.609655172413793,Lying,False,Lying,True,0.9,"horizontal_torso,sustained_lying",162.63320304907066,158.00981425003062,62.23519335603976,0.14364515125925162,13.172946672317945,0.31926814424062117,0.6692912522264493,0.2313520908355713,False,False,Lying|Lying|Lying|Lying|Lying
333,5.626551724137931,Lying,False,Lying,True,0.9,"horizontal_torso,sustained_lying",163.0741685291754,158.39924908068622,62.50568112430806,0.0783759971754472,16.008459754654247,0.3177210690067765,0.6692912522264493,0.23135605454444885,False,False,Lying|Lying|Lying|Lying|Lying
334,5.6434482758620685,Lying,False,Lying,True,0.9,"horizontal_torso,sustained_lying",161.978326650778,157.76053117261398,62.52079987452708,0.010492221938003969,0.8947831762275517,0.3177157302745573,0.6692912522264493,0.2314075529575348,False,False,Lying|Lying|Lying|Lying|Lying
335,5.660344827586207,Lying,False,Lying,True,0.9,"horizontal_torso,sustained_lying",161.4951513325189,157.6024589698104,62.50683571941759,0.050056339346100216,0.826449996275982,0.31881324637690894,0.6692912522264493,0.23121732473373413,False,False,Lying|Lying|Lying|Lying|Lying
336,5.6772413793103444,Lying,False,Lying,True,0.9,"horizontal_torso,sustained_lying",161.5726541756988,157.81485369899022,62.53705358203165,0.09683541258788406,1.7884041138937403,0.31991451976774626,0.6692912522264493,0.2312609851360321,False,False,Lying|Lying|Lying|Lying|Lying
337,5.694137931034483,Lying,False,Lying,True,0.9,"horizontal_torso,sustained_lying",162.7061960288695,158.57283140533718,62.50100164358095,0.2799143069506433,2.13368615320489,0.3202815221424787,0.6692912522264493,0.23042291402816772,False,False,Lying|Lying|Lying|Lying|Lying
338,5.71103448275862,Lying,False,Lying,True,0.9,"horizontal_torso,sustained_lying",162.71676687717363,159.15743924975357,62.910221185290645,0.06892570379734875,24.219115733839754,0.32098072032831704,0.6692912522264493,0.23079535365104675,False,False,Lying|Lying|Lying|Lying|Lying
339,5.727931034482759,Lying,False,Lying,True,0.9,"horizontal_torso,sustained_lying",161.91319682795216,157.9808305636532,62.72027326353463,0.020936651671314453,11.241815777396532,0.319530748543293,0.6692912522264493,0.23068436980247498,False,False,Lying|Lying|Lying|Lying|Lying
340,5.744827586206896,Lying,False,Lying,True,0.9,"horizontal_torso,sustained_lying",158.56383069183084,155.15455968712206,62.755212730088,0.01739686085591462,2.0678459796891775,0.3179731921438236,0.6692912522264493,0.23072746396064758,False,False,Lying|Lying|Lying|Lying|Lying
341,5.761724137931035,Lying,False,Lying,True,0.9,"horizontal_torso,sustained_lying",157.37527453474607,154.28122807739544,62.90785980125428,0.09986571020400997,9.034214415963573,0.3177244778623154,0.6692912522264493,0.23122411966323853,False,False,Lying|Lying|Lying|Lying|Lying
342,5.778620689655172,Lying,False,Lying,True,0.9,"horizontal_torso,sustained_lying",157.79949461593424,154.6389671890235,62.86944040620366,0.10332072430512515,2.2738009315676244,0.3175622285155756,0.6692912522264493,0.2307400107383728,False,False,Lying|Lying|Lying|Lying|Lying
343,5.795517241379311,Lying,False,Lying,True,0.9,"horizontal_torso,sustained_lying",156.23190696052725,152.5677967131336,63.02869559939909,0.07416807384215184,9.425307352382609,0.31519699702334986,0.6692912522264493,0.23113501071929932,False,False,Lying|Lying|Lying|Lying|Lying
344,5.812413793103448,Lying,False,Lying,True,0.9,"horizontal_torso,sustained_lying",155.6490656387893,151.34231946187538,62.90937238137454,0.23150727259331622,7.061986372881972,0.31497398261700815,0.6692912522264493,0.23144179582595825,False,False,Lying|Lying|Lying|Lying|Lying
345,5.8293103448275865,Lying,False,Lying,True,0.9,"horizontal_torso,sustained_lying",154.6692536592382,150.79863157617905,63.12494230621803,0.1950363593360497,12.758220041757385,0.31479947800396296,0.6692912522264493,0.23126044869422913,False,False,Lying|Lying|Lying|Lying|Lying
346,5.846206896551724,Lying,False,Lying,True,0.9,"horizontal_torso,sustained_lying",154.57105878900896,150.33983613460185,62.897896884880524,0.11254458875305337,13.437382079158942,0.313595888131387,0.6692912522264493,0.23126950860023499,False,False,Lying|Lying|Lying|Lying|Lying
347,5.863103448275862,Lying,False,Lying,True,0.9,"horizontal_torso,sustained_lying",154.32805434175214,150.60950831412202,62.47526870159689,0.24302127988602934,25.01268839841852,0.3137385602427321,0.6692912522264493,0.23002281785011292,False,False,Lying|Lying|Lying|Lying|Lying
348,5.88,Lying,False,Lying,True,0.9,"horizontal_torso,sustained_lying",154.9931165820331,150.88035844157676,62.74014674554906,0.15335814500208947,15.676455662475933,0.31384411698971154,0.6692912522264493,0.23073315620422363,False,False,Lying|Lying|Lying|Lying|Lying
349,5.896896551724137,Lying,False,Lying,True,0.9,"horizontal_torso,sustained_lying",155.0298850455269,151.05217261529668,62.79601213778465,0.02226758246153545,3.3063191323104357,0.3142023950590117,0.6692912522264493,0.23073023557662964,False,False,Lying|Lying|Lying|Lying|Lying
350,5.913793103448276,Lying,False,Lying,True,0.9,"horizontal_torso,sustained_lying",158.0730659872409,154.2784881794725,62.69654272704892,0.15562009538743415,5.886965125175636,0.31489042648906895,0.6692912522264493,0.23106399178504944,False,False,Lying|Lying|Lying|Lying|Lying
351,5.930689655172413,Lying,False,Lying,True,0.9,"horizontal_torso,sustained_lying",158.00245430348025,154.58138131031922,62.81810607726074,0.16966610219021214,7.194565624781078,0.3165813599982164,0.6692912522264493,0.23089852929115295,False,False,Lying|Lying|Lying|Lying|Lying
352,5.947586206896552,Lying,False,Lying,True,0.9,"horizontal_torso,sustained_lying",159.291854618483,156.4461206506162,62.85067915200537,0.010245984965734598,1.9277942195802606,0.3173544443886608,0.6692912522264493,0.23095345497131348,False,False,Lying|Lying|Lying|Lying|Lying
353,5.964482758620689,Lying,False,Lying,True,0.9,"horizontal_torso,sustained_lying",159.52181735545335,156.9741278570135,62.88371732587942,0.028824323187748285,1.9553204945865075,0.318659799828368,0.6692912522264493,0.23110860586166382,False,False,Lying|Lying|Lying|Lying|Lying
354,5.981379310344828,Lying,False,Lying,True,0.9,"horizontal_torso,sustained_lying",158.6033003115203,156.61982373333404,63.06719382714718,0.09835662752397886,10.858813340336644,0.3193505312324631,0.6692912522264493,0.2310958206653595,False,False,Lying|Lying|Lying|Lying|Lying
355,5.998275862068965,Lying,False,Lying,True,0.9,"horizontal_torso,sustained_lying",157.71678903826586,156.44316053343965,63.06159762876828,0.05006376717971007,0.33120357752651414,0.3199127327253415,0.6692912522264493,0.23131638765335083,False,False,Lying|Lying|Lying|Lying|Lying
356,6.0151724137931035,Lying,False,Lying,True,0.9,"horizontal_torso,sustained_lying",158.73005621605336,156.6429429396793,62.946875813901904,0.45368027192277927,6.789658430867095,0.31974360706961785,0.6692912522264493,0.23245584964752197,False,False,Lying|Lying|Lying|Lying|Lying
357,6.032068965517241,Lying,False,Lying,True,0.9,"horizontal_torso,sustained_lying",157.67328878603362,155.9056554160922,63.43518281602273,0.378774291792187,28.899802166335373,0.31977049548872455,0.6692912522264493,0.23240774869918823,False,False,Lying|Lying|Lying|Lying|Lying
358,6.048965517241379,Lying,False,Lying,True,0.9,"horizontal_torso,sustained_lying",154.7793994850744,154.0330893340594,63.530315233252225,0.19703168471381532,5.630285917663726,0.3193123596744715,0.6692912522264493,0.2320961058139801,False,False,Lying|Lying|Lying|Lying|Lying
359,6.065862068965517,Lying,False,Lying,True,0.9,"horizontal_torso,sustained_lying",154.7554739491216,154.5753085486847,63.826559564604416,0.015325773114949301,17.532827773905655,0.3198088595156073,0.6692912522264493,0.23212918639183044,False,False,Lying|Lying|Lying|Lying|Lying
360,6.082758620689655,Lying,False,Lying,True,0.9,"horizontal_torso,sustained_lying",155.61500669660148,153.84624327290263,63.69796241361591,0.03774233450443806,7.610851793196991,0.31888864023001773,0.6692912522264493,0.2320573329925537,False,False,Lying|Lying|Lying|Lying|Lying
361,6.099655172413793,Lying,False,Lying,True,0.9,"horizontal_torso,sustained_lying",155.11993000433546,153.62632947029562,63.57151910206236,0.12531694258126563,7.483379663373616,0.31859632282165,0.6692912522264493,0.23151201009750366,False,False,Lying|Lying|Lying|Lying|Lying
362,6.116551724137931,Lying,False,Lying,True,0.9,"horizontal_torso,sustained_lying",155.56224095376936,154.49060268895232,63.569525302146026,0.11140154663197745,0.11800040321163856,0.3186595365543973,0.6692912522264493,0.2318490743637085,False,False,Lying|Lying|Lying|Lying|Lying
363,6.133448275862069,Lying,False,Lying,True,0.9,"horizontal_torso,sustained_lying",156.3043788259915,154.79145922655863,63.4130755904686,0.0455598511660718,9.259268650296802,0.31854030290775515,0.6692912522264493,0.23160496354103088,False,False,Lying|Lying|Lying|Lying|Lying
364,6.150344827586207,Lying,False,Lying,True,0.9,"horizontal_torso,sustained_lying",155.35724968166076,154.04419965430418,63.26924914034769,0.20040312926814774,8.512177660216999,0.3181896211721629,0.6692912522264493,0.23196092247962952,False,False,Lying|Lying|Lying|Lying|Lying
365,6.167241379310345,Lying,False,Lying,True,0.9,"horizontal_torso,sustained_lying",155.37312507137602,154.28378291427276,62.94183537681086,0.34525415921465413,19.37754927054768,0.31928962349481194,0.6692912522264493,0.23054316639900208,False,False,Lying|Lying|Lying|Lying|Lying
366,6.184137931034483,Lying,False,Lying,True,0.9,"horizontal_torso,sustained_lying",153.76797132866204,153.82454560995214,62.988424081413655,0.07244884589927848,2.7572906805736412,0.31969987459001836,0.6692912522264493,0.23084840178489685,False,False,Lying|Lying|Lying|Lying|Lying
367,6.201034482758621,Lying,False,Lying,True,0.9,"horizontal_torso,sustained_lying",152.97160451171618,152.93806667855938,62.94575069443758,0.011244046171411268,2.5255678006250104,0.3183700130665419,0.6692912522264493,0.2307910919189453,False,False,Lying|Lying|Lying|Lying|Lying
368,6.217931034482759,Lying,False,Lying,True,0.9,"horizontal_torso,sustained_lying",153.19990076880018,152.95994552279166,62.86611119716701,0.06864046849408051,4.713358001727473,0.31780460972626867,0.6692912522264493,0.23091021180152893,False,False,Lying|Lying|Lying|Lying|Lying
369,6.2348275862068965,Lying,False,Lying,True,0.9,"horizontal_torso,sustained_lying",152.8931532105882,152.60641562504384,63.031274938830585,0.12935372260306302,9.77499695559967,0.31778673161953674,0.6692912522264493,0.23087018728256226,False,False,Lying|Lying|Lying|Lying|Lying
370,6.251724137931034,Lying,False,Lying,True,0.9,"horizontal_torso,sustained_lying",150.59764255656535,150.9253502612164,63.44493618560781,0.14388637827652187,24.481992156203653,0.3173442451162642,0.6692912522264493,0.23162218928337097,False,False,Lying|Lying|Lying|Lying|Lying
371,6.268620689655172,Lying,False,Lying,True,0.9,"horizontal_torso,sustained_lying",150.56639811822993,150.6689965722859,63.49589848593164,0.13243801928647592,3.016136141614449,0.31685389715560147,0.6692912522264493,0.23137971758842468,False,False,Lying|Lying|Lying|Lying|Lying
372,6.28551724137931,Lying,False,Lying,True,0.9,"horizontal_torso,sustained_lying",153.53489809100722,152.19647823848604,63.45889472860269,0.26750496274674945,2.1900182908973127,0.31643928584388364,0.6692912522264493,0.232008695602417,False,False,Lying|Lying|Lying|Lying|Lying
373,6.302413793103448,Lying,False,Lying,True,0.9,"horizontal_torso,sustained_lying",153.52859548531143,151.73347186901387,62.754497949408496,0.16381965580847693,41.688788972716274,0.3165415402624382,0.6692912522264493,0.23114162683486938,False,False,Lying|Lying|Lying|Lying|Lying
374,6.319310344827586,Lying,False,Lying,True,0.9,"horizontal_torso,sustained_lying",152.70566340907072,150.81661632843498,62.71136978945974,0.0055116372445871845,2.5524829357428622,0.31464729180111545,0.6692912522264493,0.23114100098609924,False,False,Lying|Lying|Lying|Lying|Lying
375,6.336206896551724,Lying,False,Lying,True,0.9,"horizontal_torso,sustained_lying",154.49990571963468,152.29557549467393,62.769323314377175,0.0051086453729581064,3.4299024951135233,0.3155922425079938,0.6692912522264493,0.23114600777626038,False,False,Lying|Lying|Lying|Lying|Lying
376,6.353103448275862,Lying,False,Lying,True,0.9,"horizontal_torso,sustained_lying",154.31968409571363,152.31150460533638,62.815626678111315,0.005965315716764133,2.740403159775682,0.3160847664896339,0.6692912522264493,0.23115265369415283,False,False,Lying|Lying|Lying|Lying|Lying
377,6.37,Lying,False,Lying,True,0.9,"horizontal_torso,sustained_lying",154.05767643337987,152.31351488006857,62.89682207957899,0.011135842413998195,4.805442127678553,0.3167211993865065,0.6692912522264493,0.23120781779289246,False,False,Lying|Lying|Lying|Lying|Lying
378,6.386896551724138,Lying,False,Lying,True,0.9,"horizontal_torso,sustained_lying",153.21682286411772,151.10871933022975,62.81243532246381,0.021889055618846964,4.994318278245245,0.31462139283722257,0.6692912522264493,0.23116552829742432,False,False,Lying|Lying|Lying|Lying|Lying
379,6.403793103448276,Lying,False,Lying,True,0.9,"horizontal_torso,sustained_lying",152.78288602099434,150.94807012500036,62.84547110543871,0.023899588404863125,1.9551789923919314,0.31606696317440436,0.6692912522264493,0.2310502529144287,False,False,Lying|Lying|Lying|Lying|Lying
380,6.4206896551724135,Lying,False,Lying,True,0.9,"horizontal_torso,sustained_lying",152.7472290837486,151.183586630576,62.894988593530215,0.06687188281714859,2.9306268462318847,0.31668185598211884,0.6692912522264493,0.231321781873703,False,False,Lying|Lying|Lying|Lying|Lying
381,6.437586206896552,Lying,False,Lying,True,0.9,"horizontal_torso,sustained_lying",153.11408993307856,151.5051492996826,63.09804470999921,0.12237551910225897,12.017606893062506,0.3174408227319418,0.6692912522264493,0.2312767207622528,False,False,Lying|Lying|Lying|Lying|Lying
382,6.454482758620689,Lying,False,Lying,True,0.9,"horizontal_torso,sustained_lying",153.52404932761658,151.76383159598208,63.2900877337062,0.19134261297532423,11.365811607148888,0.31734230835804805,0.6692912522264493,0.23205897212028503,False,False,Lying|Lying|Lying|Lying|Lying
383,6.471379310344828,Lying,False,Lying,True,0.9,"horizontal_torso,sustained_lying",153.83542769542328,151.95326285478336,63.20542182536356,0.13103620865627832,5.010839473339963,0.31894628702637756,0.6692912522264493,0.23165220022201538,False,False,Lying|Lying|Lying|Lying|Lying
384,6.488275862068965,Lying,False,Lying,True,0.9,"horizontal_torso,sustained_lying",156.56544894255381,154.77002336134115,63.569762568557266,0.2144248572919157,21.563023576771,0.32072889080765354,0.6692912522264493,0.23258349299430847,False,False,Lying|Lying|Lying|Lying|Lying
385,6.505172413793104,Lying,False,Lying,True,0.9,"horizontal_torso,sustained_lying",156.33314337089715,153.95572503407539,63.07178020562701,0.17659028572031302,29.472425561177758,0.3193631684165277,0.6692912522264493,0.2316305935382843,False,False,Lying|Lying|Lying|Lying|Lying
386,6.522068965517241,Lying,False,Lying,True,0.9,"horizontal_torso,sustained_lying",154.27599579109835,151.47513651215235,62.935441069003446,0.2378010019290464,8.069050943027328,0.3169097878571808,0.6692912522264493,0.23200878500938416,False,False,Lying|Lying|Lying|Lying|Lying
387,6.53896551724138,Lying,False,Lying,True,0.9,"horizontal_torso,sustained_lying",154.15615059106062,151.42657208341936,62.853611196443666,0.018780292467557573,4.842992457619494,0.3171648277036848,0.6692912522264493,0.2319081425666809,False,False,Lying|Lying|Lying|Lying|Lying
388,6.555862068965517,Lying,False,Lying,True,0.9,"horizontal_torso,sustained_lying",154.47837435329603,151.49674011694634,62.59762353391328,0.16543597397847104,15.15029023139064,0.31703233750548965,0.6692912522264493,0.2318810224533081,False,False,Lying|Lying|Lying|Lying|Lying
389,6.572758620689655,Lying,False,Lying,True,0.9,"horizontal_torso,sustained_lying",155.19831500766884,151.55023781171437,62.59474800035057,0.0032136236844080034,0.17018463942559153,0.3161462236355103,0.6692912522264493,0.2318752110004425,False,False,Lying|Lying|Lying|Lying|Lying
390,6.589655172413793,Lying,False,Lying,True,0.9,"horizontal_torso,sustained_lying",153.7363531909761,150.33704259053872,62.596443971531706,0.06503008090157855,0.10037380459780021,0.3144477714111537,0.6692912522264493,0.23179855942726135,False,False,Lying|Lying|Lying|Lying|Lying
391,6.606551724137931,Lying,False,Lying,True,0.9,"horizontal_torso,sustained_lying",152.69754555975462,149.10144595701286,62.60790597375593,0.028504700100095058,0.6783633969441096,0.3138530920896457,0.6692912522264493,0.23175081610679626,False,False,Lying|Lying|Lying|Lying|Lying
392,6.623448275862069,Lying,False,Lying,True,0.9,"horizontal_torso,sustained_lying",153.73935501303617,149.53398512706084,62.60382182958972,0.007948312034661053,0.24171465473509768,0.31348424236715966,0.6692912522264493,0.23175665736198425,False,False,Lying|Lying|Lying|Lying|Lying
393,6.6403448275862065,Lying,False,Lying,True,0.9,"horizontal_torso,sustained_lying",154.13048516379902,149.94184907709047,62.64219716021021,0.09079762684908778,2.271193036722903,0.3135855688012032,0.6692912522264493,0.23146089911460876,False,False,Lying|Lying|Lying|Lying|Lying
394,6.657241379310345,Lying,False,Lying,True,0.9,"horizontal_torso,sustained_lying",155.8207583401586,151.85755308163237,63.113708785567475,0.12962844709180618,27.90579007216395,0.31409575771878845,0.6692912522264493,0.23199087381362915,False,False,Lying|Lying|Lying|Lying|Lying
395,6.674137931034482,Lying,False,Lying,True,0.9,"horizontal_torso,sustained_lying",156.31571381816394,152.357083520931,63.029125606961735,0.03584030237901546,5.005943223605161,0.31515270776708265,0.6692912522264493,0.23186129331588745,False,False,Lying|Lying|Lying|Lying|Lying
396,6.691034482758621,Lying,False,Lying,True,0.9,"horizontal_torso,sustained_lying",155.21767056316497,151.9762592953456,63.02876181247273,0.023414343774552714,0.02153069424720311,0.3157092819505047,0.6692912522264493,0.2319619357585907,False,False,Lying|Lying|Lying|Lying|Lying
397,6.707931034482758,Lying,False,Lying,True,0.9,"horizontal_torso,sustained_lying",155.04960946869505,152.50500901050157,63.26486582690577,0.17650066911151668,13.973502895016933,0.31715864952276157,0.6692912522264493,0.23187339305877686,False,False,Lying|Lying|Lying|Lying|Lying
398,6.724827586206897,Lying,False,Lying,True,0.9,"horizontal_torso,sustained_lying",154.85571325769914,152.81506017485412,63.49693299077011,0.12095305609328139,13.734587249113812,0.31741052897627786,0.6692912522264493,0.23244020342826843,False,False,Lying|Lying|Lying|Lying|Lying
399,6.741724137931034,Lying,False,Lying,True,0.9,"horizontal_torso,sustained_lying",153.37347885609265,151.3268050508496,63.48708378453778,0.36902184730136767,0.58291220558699,0.31585193588798866,0.6692912522264493,0.2317710816860199,False,False,Lying|Lying|Lying|Lying|Lying
400,6.758620689655173,Lying,False,Lying,True,0.9,"horizontal_torso,sustained_lying",151.56861715491533,149.63822877259813,63.504405817887076,0.02598575123105667,1.0251815655704886,0.31489457510669067,0.6692912522264493,0.23175150156021118,False,False,Lying|Lying|Lying|Lying|Lying
401,6.77551724137931,Lying,False,Lying,True,0.9,"horizontal_torso,sustained_lying",152.04541517698365,150.05418708618754,63.502745206606654,0.008625336337869287,0.09828107578003058,0.31493815097504074,0.6692912522264493,0.23170697689056396,False,False,Lying|Lying|Lying|Lying|Lying
402,6.7924137931034485,Lying,False,Lying,True,0.9,"horizontal_torso,sustained_lying",152.33297973289132,150.27216361583558,63.31672660312857,0.060194901763398805,11.009264287478043,0.3141541390226978,0.6692912522264493,0.2313920259475708,False,False,Lying|Lying|Lying|Lying|Lying
403,6.809310344827586,Lying,False,Lying,True,0.9,"horizontal_torso,sustained_lying",154.2643109626797,152.45053539167273,63.32857330300035,0.024742104641432113,0.701131216900987,0.3150686240723669,0.6692912522264493,0.23151791095733643,False,False,Lying|Lying|Lying|Lying|Lying
404,6.826206896551724,Lying,False,Lying,True,0.9,"horizontal_torso,sustained_lying",152.9127040054821,151.28255521390105,63.33861459029388,0.020282706760480263,0.5942802683927094,0.3153239252581604,0.6692912522264493,0.23158633708953857,False,False,Lying|Lying|Lying|Lying|Lying
405,6.843103448275862,Lying,False,Lying,True,0.9,"horizontal_torso,sustained_lying",153.04649297401363,151.0109677989131,63.32390182120811,0.013028433455390268,0.8707557214026581,0.31477385381883854,0.6692912522264493,0.23156797885894775,False,False,Lying|Lying|Lying|Lying|Lying
406,6.86,Lying,False,Lying,True,0.9,"horizontal_torso,sustained_lying",153.3615879531699,151.07580880699467,63.3175929385022,0.07812377412232568,0.3733828540231762,0.31449594738166575,0.6692912522264493,0.23153948783874512,False,False,Lying|Lying|Lying|Lying|Lying
407,6.876896551724138,Lying,False,Lying,True,0.9,"horizontal_torso,sustained_lying",153.09180485219383,150.94642228309147,63.18611275377515,0.09472694110366,7.781480320580884,0.31486539786164763,0.6692912522264493,0.23120111227035522,False,False,Lying|Lying|Lying|Lying|Lying
408,6.893793103448275,Lying,False,Lying,True,0.9,"horizontal_torso,sustained_lying",153.23843147566575,151.2177178510997,63.13884655381529,0.195348846801187,2.797387344563044,0.3149847646354737,0.6692912522264493,0.23185351490974426,False,False,Lying|Lying|Lying|Lying|Lying
409,6.910689655172414,Lying,False,Lying,True,0.9,"horizontal_torso,sustained_lying",153.1516975376551,151.19671233111626,63.238544186614874,0.1909049834724218,5.900472145281246,0.315639858108413,0.6692912522264493,0.23169970512390137,False,False,Lying|Lying|Lying|Lying|Lying
410,6.927586206896551,Lying,False,Lying,True,0.9,"horizontal_torso,sustained_lying",152.21629943025573,150.69180059591827,63.94250074571197,0.21726078568624446,41.6627351302372,0.3161050983766829,0.6692912522264493,0.23285433650016785,False,False,Lying|Lying|Lying|Lying|Lying
411,6.94448275862069,Lying,False,Lying,True,0.9,"horizontal_torso,sustained_lying",153.378139756733,150.39410596781653,63.75219520844008,0.01503098235050171,11.262980777315603,0.3153920227716594,0.6692912522264493,0.2327810525894165,False,False,Lying|Lying|Lying|Lying|Lying
412,6.961379310344827,Lying,False,Lying,True,0.9,"horizontal_torso,sustained_lying",151.6400144519538,149.14112206378263,63.72824740437686,0.07594322169043884,1.4173190159864826,0.3142044590859984,0.6692912522264493,0.232478529214859,False,False,Lying|Lying|Lying|Lying|Lying
413,6.9782758620689656,Lying,False,Lying,True,0.9,"horizontal_torso,sustained_lying",151.4423622378898,149.19400025769613,63.84531988106765,0.05738821058158332,6.928779232720258,0.3136950250017933,0.6692912522264493,0.2327762246131897,False,False,Lying|Lying|Lying|Lying|Lying
414,6.995172413793103,Lying,False,Lying,True,0.9,"horizontal_torso,sustained_lying",153.4243701175741,150.39258479136265,64.01288497814143,0.2013539795035391,9.917117990080886,0.31379911525160864,0.6692912522264493,0.2325771450996399,False,False,Lying|Lying|Lying|Lying|Lying
415,7.0120689655172415,,False,Lying,True,0.9,"horizontal_torso,sustained_lying",153.06989573501426,151.431895459586,64.07924755445835,0.04780100555588136,3.92758104732777,0.3147389770289487,0.6692912522264493,0.23282131552696228,False,False,Lying|Lying|Lying|Lying|Lying
416,7.028965517241379,,False,Lying,True,0.9,"horizontal_torso,sustained_lying",154.16262645472474,151.40865295005847,63.96863223625383,0.04048219728848399,6.546620873328673,0.3139021840730259,0.6692912522264493,0.23263141512870789,False,False,Lying|Lying|Lying|Lying|Lying
417,7.045862068965517,,False,Lying,True,0.9,"horizontal_torso,sustained_lying",153.93341310483112,150.987354649346,63.71216222352989,0.09569291542231394,15.17883748774325,0.31415349383147134,0.6692912522264493,0.23218795657157898,False,False,Lying|Lying|Lying|Lying|Lying
418,7.062758620689655,,False,Lying,True,0.9,"horizontal_torso,sustained_lying",152.48819538870595,149.44872821622226,63.620276327649556,0.054561931939220744,5.438144858223822,0.3131820306099859,0.6692912522264493,0.23215430974960327,False,False,Lying|Lying|Lying|Lying|Lying
419,7.079655172413793,,False,Lying,True,0.9,"horizontal_torso,sustained_lying",152.6265075874314,149.44693765618453,63.20751174298038,0.10894645610335835,24.428924398787313,0.31306032016276164,0.6692912522264493,0.2315780222415924,False,False,Lying|Lying|Lying|Lying|Lying
420,7.096551724137931,,False,Lying,True,0.9,"horizontal_torso,sustained_lying",152.9702608165083,149.3289211693461,63.06334608721724,0.25213810483087973,8.53225309618599,0.313288775391029,0.6692912522264493,0.23184692859649658,False,False,Lying|Lying|Lying|Lying|Lying
421,7.113448275862069,,False,Lying,True,0.9,"horizontal_torso,sustained_lying",154.4029535555125,150.62854749528114,62.877942146744836,0.03447281067627018,10.972886272856309,0.31414121089876096,0.6692912522264493,0.23166444897651672,False,False,Lying|Lying|Lying|Lying|Lying
422,7.130344827586207,,False,Lying,True,0.9,"horizontal_torso,sustained_lying",154.45600833760088,150.63008182177077,62.7911628375627,0.11414503308572053,5.135918298534593,0.31400671572410854,0.6692912522264493,0.23180949687957764,False,False,Lying|Lying|Lying|Lying|Lying
423,7.147241379310345,,False,Lying,True,0.9,"horizontal_torso,sustained_lying",154.19499938301334,150.62374284294754,62.76428407851177,0.030424620093530627,1.590783698932578,0.3147007680218205,0.6692912522264493,0.23165863752365112,False,False,Lying|Lying|Lying|Lying|Lying
424,7.164137931034483,,False,Lying,True,0.9,"horizontal_torso,sustained_lying",154.1371598190388,150.8702718311853,62.7509440933215,0.051508300338905265,0.7895093275874816,0.31515633304506363,0.6692912522264493,0.2318258285522461,False,False,Lying|Lying|Lying|Lying|Lying
425,7.181034482758621,,False,Lying,True,0.9,"horizontal_torso,sustained_lying",153.74480228006598,150.77540746803993,62.701728114600364,0.05340127651036149,2.91278241410799,0.31640509472920436,0.6692912522264493,0.23156175017356873,False,False,Lying|Lying|Lying|Lying|Lying
426,7.1979310344827585,,False,Lying,True,0.9,"horizontal_torso,sustained_lying",153.70089912316138,150.67227515151163,62.5974168455548,0.1014942970755586,6.173524086370458,0.31649623372806507,0.6692912522264493,0.23162344098091125,False,False,Lying|Lying|Lying|Lying|Lying
427,7.214827586206896,,False,Lying,True,0.9,"horizontal_torso,sustained_lying",155.74233820273156,152.73167300042496,62.51875887434648,0.18049478108873143,4.655267683757552,0.3178539520167163,0.6692912522264493,0.23106831312179565,False,False,Lying|Lying|Lying|Lying|Lying
428,7.231724137931034,,False,Lying,True,0.9,"horizontal_torso,sustained_lying",156.07168566708646,153.02314815751436,62.62409725509083,0.26387382482665417,6.234312329767453,0.3174801878909771,0.6692912522264493,0.2314077615737915,False,False,Lying|Lying|Lying|Lying|Lying
429,7.248620689655172,,False,Lying,True,0.9,"horizontal_torso,sustained_lying",155.89466029654773,153.12385727727468,62.725422249013036,0.14062542393250382,5.996785354579626,0.3187431048799084,0.6692912522264493,0.23124131560325623,False,False,Lying|Lying|Lying|Lying|Lying
430,7.26551724137931,,False,Lying,True,0.9,"horizontal_torso,sustained_lying",157.73975955469376,155.17517794538054,62.710938474232535,0.3293355546364657,0.8572029972133206,0.3191158063384341,0.6692912522264493,0.23199144005775452,False,False,Lying|Lying|Lying|Lying|Lying
431,7.282413793103448,,False,Lying,True,0.9,"horizontal_torso,sustained_lying",155.9060541592791,153.72558169958475,62.806797258132896,0.2103324020521962,5.673274965531728,0.31915015511496647,0.6692912522264493,0.23177841305732727,False,False,Lying|Lying|Lying|Lying|Lying
432,7.299310344827586,,False,Lying,True,0.9,"horizontal_torso,sustained_lying",155.83590500580607,153.37732414914967,62.86818037488446,0.053044406166076835,3.6328783383577785,0.3179356279153377,0.6692912522264493,0.2319047451019287,False,False,Lying|Lying|Lying|Lying|Lying
433,7.316206896551724,,False,Lying,True,0.9,"horizontal_torso,sustained_lying",155.98281767597516,152.92799401069533,62.42806703702608,0.14248534568528043,26.04752407733322,0.31668302457071235,0.6692912522264493,0.2313218116760254,False,False,Lying|Lying|Lying|Lying|Lying
434,7.333103448275862,,False,Lying,True,0.9,"horizontal_torso,sustained_lying",155.2957098459774,152.0638610417245,62.33493430939312,0.15236982344846106,5.511936941542529,0.3165884723894594,0.6692912522264493,0.2316252589225769,False,False,Lying|Lying|Lying|Lying|Lying
435,7.35,,False,Lying,True,0.9,"horizontal_torso,sustained_lying",154.74441424944385,151.43450111036188,62.13006775552689,0.0753094546494771,12.124755228818113,0.3167897050231064,0.6692912522264493,0.2313719391822815,False,False,Lying|Lying|Lying|Lying|Lying
436,7.366896551724138,,False,Lying,True,0.9,"horizontal_torso,sustained_lying",154.39380865358476,150.9465780741495,62.041102458932734,0.014742308883193953,5.265293063735478,0.31632982633464823,0.6692912522264493,0.23136329650878906,False,False,Lying|Lying|Lying|Lying|Lying
437,7.3837931034482756,,False,Lying,True,0.9,"horizontal_torso,sustained_lying",154.70678251894125,151.02974859001188,62.027413021901104,0.07652260486116115,0.8101911712597453,0.3162658822470269,0.6692912522264493,0.23113536834716797,False,False,Lying|Lying|Lying|Lying|Lying
438,7.400689655172414,,False,Lying,True,0.9,"horizontal_torso,sustained_lying",154.3968528915491,150.52547711752982,61.912332078681224,0.026655900258337053,6.810912966074333,0.3154817614327085,0.6692912522264493,0.2312670648097992,False,False,Lying|Lying|Lying|Lying|Lying
439,7.4175862068965515,,False,Lying,True,0.9,"horizontal_torso,sustained_lying",154.94411722429217,151.19529592234198,61.87625904202188,0.01356367498798382,2.1349348226960294,0.31586184667879863,0.6692912522264493,0.23123854398727417,False,False,Lying|Lying|Lying|Lying|Lying
440,7.43448275862069,,False,Lying,True,0.9,"horizontal_torso,sustained_lying",155.0059775631114,151.65839003517033,62.06197844090731,0.14668088411452818,10.99155626056608,0.3165067634963623,0.6692912522264493,0.23128974437713623,False,False,Lying|Lying|Lying|Lying|Lying
441,7.451379310344827,,False,Lying,True,0.9,"horizontal_torso,sustained_lying",157.9056280953982,153.61112910537022,61.76535457373862,0.2925315319540163,17.555290097739288,0.31649679826496174,0.6692912522264493,0.2318735420703888,False,False,Lying|Lying|Lying|Lying|Lying
442,7.468275862068966,,False,Lying,True,0.9,"horizontal_torso,sustained_lying",155.84872648338902,152.22633733844887,62.12105023530487,0.4093927773098849,21.0513758886143,0.31645794168119756,0.6692912522264493,0.2315552532672882,False,False,Lying|Lying|Lying|Lying|Lying
443,7.485172413793103,,False,Lying,True,0.9,"horizontal_torso,sustained_lying",158.66779447661804,154.95382520034875,61.925025128395674,0.02461822221462775,11.601485919116014,0.3173018818879376,0.6692912522264493,0.23162928223609924,False,False,Lying|Lying|Lying|Lying|Lying
444,7.502068965517242,,False,Lying,True,0.9,"horizontal_torso,sustained_lying",159.66377528381625,155.1353484965859,61.71698791778314,0.027639189874027022,12.312406342373944,0.3169614748749682,0.6692912522264493,0.2317103147506714,False,False,Lying|Lying|Lying|Lying|Lying
445,7.518965517241379,,False,Lying,True,0.9,"horizontal_torso,sustained_lying",160.41485875974143,155.28144443006067,61.33814568941588,0.061178655208724765,22.4212747401038,0.3166047577351224,0.6692912522264493,0.23138350248336792,False,False,Lying|Lying|Lying|Lying|Lying
446,7.535862068965517,,False,Lying,True,0.9,"horizontal_torso,sustained_lying",160.23232210095915,155.25526965923095,61.29550265945354,0.1231254442513111,2.523771161036626,0.31638293671490286,0.6692912522264493,0.23110035061836243,False,False,Lying|Lying|Lying|Lying|Lying
447,7.552758620689655,,False,Lying,True,0.9,"horizontal_torso,sustained_lying",160.1883965883205,154.86896464167995,61.047778861017335,0.02099754116249307,14.661204397244372,0.3150420276567005,0.6692912522264493,0.2311132252216339,False,False,Lying|Lying|Lying|Lying|Lying
448,7.569655172413793,,False,Lying,True,0.9,"horizontal_torso,sustained_lying",161.95472366840772,156.45724026800607,60.84066093887872,0.03222166211250261,12.257999473510148,0.31528098034146435,0.6692912522264493,0.23095044493675232,False,False,Lying|Lying|Lying|Lying|Lying
449,7.586551724137931,,False,Lying,True,0.9,"horizontal_torso,sustained_lying",164.06534804211117,158.03698799852282,60.600661883251526,0.023177233643990536,14.204025741200914,0.3152266778860318,0.6692912522264493,0.23093360662460327,False,False,Lying|Lying|Lying|Lying|Lying
450,7.6034482758620685,,False,Lying,True,0.9,"horizontal_torso,sustained_lying",163.93418701235652,157.89811832188897,60.40617449204739,0.03238246253964247,11.510478254938858,0.3153522844462704,0.6692912522264493,0.23104259371757507,False,False,Lying|Lying|Lying|Lying|Lying
451,7.620344827586207,,False,Lying,True,0.9,"horizontal_torso,sustained_lying",167.0334303858025,160.1092186878858,60.39905668908374,0.3363222731438424,0.4212577264200017,0.3155575735225316,0.6692912522264493,0.2307661473751068,False,False,Lying|Lying|Lying|Lying|Lying
452,7.637241379310344,,False,Lying,True,0.9,"horizontal_torso,sustained_lying",168.56263484881362,161.78363358892722,60.13105933428977,0.011213560779806715,15.86106793678635,0.3163102897929667,0.6692912522264493,0.23074206709861755,False,False,Lying|Lying|Lying|Lying|Lying
453,7.654137931034483,,False,Lying,True,0.9,"horizontal_torso,sustained_lying",168.01620274447353,161.0593242040378,59.66530410682796,0.021968013769893244,27.56510529875958,0.31583495250321564,0.6692912522264493,0.23064225912094116,False,False,Lying|Lying|Lying|Lying|Lying
454,7.67103448275862,,False,Lying,True,0.9,"horizontal_torso,sustained_lying",174.17114159873466,165.09254052317903,59.401359192000264,0.06689624156372598,15.621229653068152,0.3165568204664026,0.6692912522264493,0.23072773218154907,False,False,Lying|Lying|Lying|Lying|Lying
455,7.687931034482759,,False,Lying,True,0.9,"horizontal_torso,sustained_lying",173.3193609423872,170.67839598912616,59.106004003290906,0.16124038569314061,17.480205046063574,0.3171450270638006,0.6692912522264493,0.23066475987434387,False,False,Lying|Lying|Lying|Lying|Lying
456,7.704827586206896,,False,Lying,True,0.9,"horizontal_torso,sustained_lying",169.69059996664203,173.67372903720386,58.65426299147367,0.0316898857835878,26.735692536122656,0.3177708043204618,0.6692912522264493,0.23075857758522034,False,False,Lying|Lying|Lying|Lying|Lying
457,7.721724137931035,,False,Lying,True,0.9,"horizontal_torso,sustained_lying",170.50243366993934,173.57814111075533,57.987482637207236,0.42144104224024637,39.46251076270634,0.31750840529762614,0.6692912522264493,0.22911110520362854,False,False,Lying|Lying|Lying|Lying|Lying
