clip_name,frame_number,gt_label,pred_label,correct,confidence,nan_fraction,latency_ms
Bend_pickup_lowLight,31,,Standing,,0.945,0.0,70.8855
Bend_pickup_lowLight,32,,Standing,,0.931,0.0,59.9511
Bend_pickup_lowLight,33,,Standing,,0.923,0.0,65.9905
Bend_pickup_lowLight,34,,Standing,,0.939,0.0,66.2676
Bend_pickup_lowLight,35,,Standing,,0.923,0.0,42.4872
Bend_pickup_lowLight,36,,Standing,,0.93,0.0,58.8647
Bend_pickup_lowLight,37,,Standing,,0.927,0.0,63.1614
Bend_pickup_lowLight,38,,Standing,,0.945,0.0,67.0803
Bend_pickup_lowLight,39,,Standing,,0.931,0.0,56.375
Bend_pickup_lowLight,40,,Standing,,0.939,0.0,58.0862
Bend_pickup_lowLight,41,,Standing,,0.935,0.0,55.8536
Bend_pickup_lowLight,42,,Standing,,0.916,0.0,55.4047
Bend_pickup_lowLight,43,,Standing,,0.857,0.0,35.7889
Bend_pickup_lowLight,44,,Standing,,0.802,0.0,52.3646
Bend_pickup_lowLight,45,,Standing,,0.767,0.0,40.5061
Bend_pickup_lowLight,46,,Standing,,0.687,0.0,37.0343
Bend_pickup_lowLight,47,,Standing,,0.678,0.0,47.7943
Bend_pickup_lowLight,48,,Standing,,0.669,0.0,51.5068
Bend_pickup_lowLight,49,,Standing,,0.611,0.0,54.7991
Bend_pickup_lowLight,50,,Standing,,0.518,0.0,52.2972
Bend_pickup_lowLight,51,,Standing,,0.432,0.0,46.6678
Bend_pickup_lowLight,52,,Standing,,0.359,0.0,49.9618
Bend_pickup_lowLight,53,,Lying,,0.328,0.0,49.0031
Bend_pickup_lowLight,54,,Lying,,0.372,0.0,50.353
Bend_pickup_lowLight,55,,Lying,,0.424,0.0,47.1363
Bend_pickup_lowLight,56,,Lying,,0.481,0.0,50.4711
Bend_pickup_lowLight,57,,Lying,,0.5,0.0,46.7593
Bend_pickup_lowLight,58,,Lying,,0.523,0.0,48.3165
Bend_pickup_lowLight,59,,Lying,,0.552,0.0,49.7925
Bend_pickup_lowLight,60,,Lying,,0.584,0.0,47.8461
Bend_pickup_lowLight,61,,Lying,,0.57,0.0,51.0994
Bend_pickup_lowLight,62,,Lying,,0.59,0.0,43.243
Bend_pickup_lowLight,63,,Lying,,0.601,0.0,47.6848
Bend_pickup_lowLight,64,,Lying,,0.589,0.0,36.135
Bend_pickup_lowLight,65,,Lying,,0.591,0.0,52.0718
Bend_pickup_lowLight,66,,Lying,,0.593,0.0,46.8938
Bend_pickup_lowLight,67,,Lying,,0.579,0.0,47.4242
Bend_pickup_lowLight,68,,Lying,,0.579,0.0,47.6843
Bend_pickup_lowLight,69,,Lying,,0.555,0.0,28.4835
Bend_pickup_lowLight,70,,Lying,,0.519,0.0,43.099
Bend_pickup_lowLight,71,,Lying,,0.483,0.0,53.7178
Bend_pickup_lowLight,72,,Lying,,0.468,0.0,53.2386
Bend_pickup_lowLight,73,,Lying,,0.453,0.0,64.1397
Bend_pickup_lowLight,74,,Lying,,0.466,0.0,48.6691
Bend_pickup_lowLight,75,,Lying,,0.475,0.0,51.8841
Bend_pickup_lowLight,76,,Lying,,0.458,0.0,51.8452
Bend_pickup_lowLight,77,,Lying,,0.444,0.0,56.8466
Bend_pickup_lowLight,78,,Lying,,0.452,0.0,54.2372
Bend_pickup_lowLight,79,,Lying,,0.425,0.0,62.8739
Bend_pickup_lowLight,80,,Lying,,0.41,0.0,67.1425
Bend_pickup_lowLight,81,,Standing,,0.427,0.0,57.2532
Bend_pickup_lowLight,82,,Standing,,0.473,0.0,57.2532
Bend_pickup_lowLight,83,,Standing,,0.5,0.0,61.8401
Bend_pickup_lowLight,84,,Standing,,0.518,0.0,47.7416
Bend_pickup_lowLight,85,,Standing,,0.596,0.0,74.586
Bend_pickup_lowLight,86,,Standing,,0.614,0.0,79.1252
Bend_pickup_lowLight,87,,Standing,,0.647,0.0,86.8164
Bend_pickup_lowLight,88,,Standing,,0.671,0.0,98.3219
Bend_pickup_lowLight,89,,Standing,,0.687,0.0,87.9233
Bend_pickup_lowLight,90,,Standing,,0.706,0.0,74.3369
Bend_pickup_lowLight,91,,Standing,,0.721,0.0,62.0011
Bend_pickup_lowLight,92,Standing,Standing,True,0.744,0.0,78.7643
Bend_pickup_lowLight,93,Standing,Standing,True,0.755,0.0,67.6449
Bend_pickup_lowLight,94,Standing,Standing,True,0.768,0.0,69.1267
Bend_pickup_lowLight,95,Standing,Standing,True,0.777,0.0,66.9027
Bend_pickup_lowLight,96,Standing,Standing,True,0.812,0.0,66.4453
Bend_pickup_lowLight,97,Standing,Standing,True,0.82,0.0,58.6972
Bend_pickup_lowLight,98,Standing,Standing,True,0.818,0.0,64.1246
Bend_pickup_lowLight,99,Standing,Standing,True,0.83,0.0,60.8983
Bend_pickup_lowLight,100,Standing,Standing,True,0.839,0.0,57.7603
Bend_pickup_lowLight,101,Standing,Standing,True,0.856,0.0,112.0814
Bend_pickup_lowLight,102,Standing,Standing,True,0.896,0.0,61.3952
Bend_pickup_lowLight,103,Standing,Standing,True,0.923,0.0,59.6804
Bend_pickup_lowLight,104,Standing,Standing,True,0.929,0.0,47.6706
Bend_pickup_lowLight,105,Standing,Standing,True,0.932,0.0,63.5528
Bend_pickup_lowLight,106,Standing,Standing,True,0.936,0.0,66.5173
Bend_pickup_lowLight,107,Standing,Standing,True,0.953,0.0,55.4836
Bend_pickup_lowLight,108,Standing,Standing,True,0.954,0.0,47.1175
Bend_pickup_lowLight,109,Standing,Standing,True,0.956,0.0,55.6331
Bend_pickup_lowLight,110,Standing,Standing,True,0.966,0.0,56.2097
Bend_pickup_lowLight,111,Standing,Standing,True,0.975,0.0,53.894
Bend_pickup_lowLight,112,Standing,Standing,True,0.98,0.0,55.6283
Bend_pickup_lowLight,113,Standing,Standing,True,0.981,0.0,66.1285
Bend_pickup_lowLight,114,Standing,Standing,True,0.981,0.0,63.9376
Bend_pickup_normalLight_back,31,Standing,Standing,True,0.959,0.0,63.1958
Bend_pickup_normalLight_back,32,Standing,Standing,True,0.956,0.0,58.4677
Bend_pickup_normalLight_back,33,Standing,Standing,True,0.953,0.0,57.5386
Bend_pickup_normalLight_back,34,Standing,Standing,True,0.933,0.0,60.9903
Bend_pickup_normalLight_back,35,Standing,Standing,True,0.91,0.0,46.8584
Bend_pickup_normalLight_back,36,Standing,Standing,True,0.896,0.0,71.0622
Bend_pickup_normalLight_back,37,Standing,Standing,True,0.896,0.0,62.0743
Bend_pickup_normalLight_back,38,Standing,Standing,True,0.89,0.0,79.536
Bend_pickup_normalLight_back,39,Standing,Standing,True,0.898,0.0,64.7237
Bend_pickup_normalLight_back,40,Standing,Standing,True,0.889,0.0,61.249
Bend_pickup_normalLight_back,41,Standing,Standing,True,0.902,0.0,56.89
Bend_pickup_normalLight_back,42,Standing,Standing,True,0.891,0.0,36.0192
Bend_pickup_normalLight_back,43,Standing,Standing,True,0.893,0.0,56.3605
Bend_pickup_normalLight_back,44,Standing,Standing,True,0.89,0.0,52.3872
Bend_pickup_normalLight_back,45,Standing,Standing,True,0.899,0.0,44.807
Bend_pickup_normalLight_back,46,Standing,Standing,True,0.909,0.0,47.2941
Bend_pickup_normalLight_back,47,Standing,Standing,True,0.908,0.0,51.8829
Bend_pickup_normalLight_back,48,Standing,Standing,True,0.901,0.0,51.876
Bend_pickup_normalLight_back,49,Standing,Standing,True,0.885,0.0,57.269
Bend_pickup_normalLight_back,50,Standing,Standing,True,0.877,0.0,53.0959
Bend_pickup_normalLight_back,51,Standing,Standing,True,0.871,0.0,54.5277
Bend_pickup_normalLight_back,52,Standing,Standing,True,0.874,0.0,56.2558
Bend_pickup_normalLight_back,53,Standing,Standing,True,0.897,0.0,54.1196
Bend_pickup_normalLight_back,54,Standing,Standing,True,0.898,0.0,29.8633
Bend_pickup_normalLight_back,55,Standing,Standing,True,0.903,0.0,34.3383
Bend_pickup_normalLight_back,56,Standing,Standing,True,0.906,0.0,51.1359
Bend_pickup_normalLight_back,57,Standing,Standing,True,0.909,0.0,50.3431
Bend_pickup_normalLight_back,58,,Standing,,0.914,0.0,38.5013
Bend_pickup_normalLight_back,59,,Standing,,0.918,0.0,46.8749
Bend_pickup_normalLight_back,60,,Standing,,0.919,0.0,37.9853
Bend_pickup_normalLight_back,61,,Standing,,0.931,0.0,50.9678
Bend_pickup_normalLight_back,62,,Standing,,0.921,0.0,49.3937
Bend_pickup_normalLight_back,63,,Standing,,0.926,0.0,46.6909
Bend_pickup_normalLight_back,64,,Standing,,0.92,0.0,46.9043
Bend_pickup_normalLight_back,65,,Standing,,0.913,0.0,47.8096
Bend_pickup_normalLight_back,66,,Standing,,0.906,0.0,45.1031
Bend_pickup_normalLight_back,67,,Standing,,0.874,0.0,45.1149
Bend_pickup_normalLight_back,68,,Standing,,0.795,0.0,36.4052
Bend_pickup_normalLight_back,69,,Standing,,0.7,0.0,43.0054
Bend_pickup_normalLight_back,70,,Standing,,0.638,0.0,66.1001
Bend_pickup_normalLight_back,71,,Standing,,0.556,0.0,114.259
Bend_pickup_normalLight_back,72,,Standing,,0.496,0.0,63.1503
Bend_pickup_normalLight_back,73,,Standing,,0.496,0.0,55.7097
Bend_pickup_normalLight_back,74,,Standing,,0.511,0.0,61.8481
Bend_pickup_normalLight_back,75,,Standing,,0.528,0.0,59.7519
Bend_pickup_normalLight_back,76,,Standing,,0.583,0.0,62.3896
Bend_pickup_normalLight_back,77,,Standing,,0.609,0.0,62.8554
Bend_pickup_normalLight_back,78,,Standing,,0.65,0.0,57.2184
Bend_pickup_normalLight_back,79,,Standing,,0.735,0.0,47.3233
Bend_pickup_normalLight_back,80,,Standing,,0.796,0.0,54.6857
Bend_pickup_normalLight_back,81,,Standing,,0.845,0.0,52.1159
Bend_pickup_normalLight_back,82,,Standing,,0.886,0.0,46.947
Bend_pickup_normalLight_back,83,,Standing,,0.904,0.0,47.607
Bend_pickup_normalLight_back,84,,Standing,,0.934,0.0,100.8008
Bend_pickup_normalLight_back,85,,Standing,,0.934,0.0,51.6469
Bend_pickup_normalLight_back,86,,Standing,,0.949,0.0,53.727
Bend_pickup_normalLight_back,87,,Standing,,0.941,0.0,50.531
Bend_pickup_normalLight_back,88,,Standing,,0.951,0.0,58.5336
Bend_pickup_normalLight_back,89,,Standing,,0.949,0.0,63.5996
Bend_pickup_normalLight_back,90,,Standing,,0.937,0.0,54.7945
Bend_pickup_normalLight_back,91,,Standing,,0.931,0.0,58.6929
Bend_pickup_normalLight_back,92,,Standing,,0.916,0.0,64.765
Bend_pickup_normalLight_back,93,,Standing,,0.88,0.0,66.3212
Bend_pickup_normalLight_back,94,,Standing,,0.829,0.0,78.344
Bend_pickup_normalLight_back,95,,Standing,,0.777,0.0,61.2667
Bend_pickup_normalLight_back,96,,Standing,,0.777,0.0,56.8821
Bend_pickup_normalLight_back,97,,Standing,,0.779,0.0,56.6415
Bend_pickup_normalLight_back,98,,Standing,,0.736,0.0,57.9537
Bend_pickup_normalLight_back,99,,Standing,,0.711,0.0,59.6989
Bend_pickup_normalLight_back,100,,Standing,,0.639,1.0,61.2065
Bend_pickup_normalLight_back,101,,Standing,,0.601,0.0,51.778
Bend_pickup_normalLight_back,102,,Standing,,0.595,0.0,57.0294
Bend_pickup_normalLight_back,103,,Standing,,0.556,0.0,47.6511
Bend_pickup_normalLight_back,104,,Standing,,0.544,0.0,57.8005
Bend_pickup_normalLight_back,105,,Standing,,0.549,0.0,51.6116
Bend_pickup_normalLight_back,106,,Standing,,0.575,0.0,45.3142
Bend_pickup_normalLight_back,107,,Standing,,0.551,0.0,53.05
Bend_pickup_normalLight_back,108,,Standing,,0.582,0.0,38.9496
Bend_pickup_normalLight_back,109,,Standing,,0.576,0.0,51.9114
Bend_pickup_normalLight_back,110,,Standing,,0.601,0.0,54.6864
Bend_pickup_normalLight_back,111,,Standing,,0.554,0.0,46.6963
Bend_pickup_normalLight_back,112,,Standing,,0.553,0.0,58.6373
Bend_pickup_normalLight_back,113,,Standing,,0.542,0.0,60.7799
Bend_pickup_normalLight_back,114,,Standing,,0.56,0.0,60.1963
Bend_pickup_normalLight_back,115,,Standing,,0.58,0.0,55.9652
Bend_pickup_normalLight_back,116,,Standing,,0.588,0.0,69.0357
Bend_pickup_normalLight_back,117,,Standing,,0.619,0.0,49.7436
Bend_pickup_normalLight_back,118,,Standing,,0.632,0.0,49.9464
Bend_pickup_normalLight_back,119,,Standing,,0.626,0.0,51.2664
Bend_pickup_normalLight_back,120,,Standing,,0.641,0.0,56.116
Bend_pickup_normalLight_back,121,,Standing,,0.618,0.0,42.6116
Bend_pickup_normalLight_back,122,,Standing,,0.617,0.0,51.7193
Bend_pickup_normalLight_back,123,,Standing,,0.626,0.0,50.2279
Bend_pickup_normalLight_back,124,,Standing,,0.639,0.0,53.3616
Bend_pickup_normalLight_back,125,,Standing,,0.633,0.0,58.3974
Bend_pickup_normalLight_back,126,,Standing,,0.642,0.0,50.5553
Bend_pickup_normalLight_back,127,,Standing,,0.625,0.0,51.6966
Bend_pickup_normalLight_back,128,,Standing,,0.631,0.0,44.9916
Bend_pickup_normalLight_back,129,,Standing,,0.61,0.0,36.8736
Bend_pickup_normalLight_back,130,,Standing,,0.666,0.0,47.8508
Bend_pickup_normalLight_back,131,,Standing,,0.707,0.0,48.0385
Bend_pickup_normalLight_back,132,,Standing,,0.726,0.0,48.6625
Bend_pickup_normalLight_back,133,,Standing,,0.748,0.0,48.3124
Bend_pickup_normalLight_back,134,,Standing,,0.769,0.0,58.176
Bend_pickup_normalLight_back,135,,Standing,,0.78,0.0,65.2409
Bend_pickup_normalLight_back,136,,Standing,,0.808,0.0,50.7617
Bend_pickup_normalLight_back,137,,Standing,,0.82,0.0,54.4964
Bend_pickup_normalLight_back,138,,Standing,,0.83,0.0,56.1008
Bend_pickup_normalLight_back,139,,Standing,,0.835,0.0,42.9138
Bend_pickup_normalLight_back,140,,Standing,,0.844,0.0,41.3197
Bend_pickup_normalLight_back,141,,Standing,,0.867,0.0,41.9664
Bend_pickup_normalLight_back,142,,Standing,,0.881,0.0,53.1398
Bend_pickup_normalLight_back,143,,Standing,,0.897,0.0,52.3963
Bend_pickup_normalLight_back,144,,Standing,,0.91,0.0,50.9109
Bend_pickup_normalLight_back,145,,Standing,,0.905,0.0,48.7746
Bend_pickup_normalLight_back,146,Standing,Standing,True,0.905,0.0,50.7991
Bend_pickup_normalLight_back,147,Standing,Standing,True,0.91,0.0,47.5834
Bend_pickup_normalLight_back,148,Standing,Standing,True,0.91,0.0,50.0626
Bend_pickup_normalLight_back,149,Standing,Standing,True,0.879,0.0,53.8086
Bend_pickup_normalLight_back,150,Standing,Standing,True,0.883,0.0,55.1501
Bend_pickup_normalLight_back,151,Standing,Standing,True,0.878,0.0,59.0824
Bend_pickup_normalLight_back,152,Standing,Standing,True,0.874,0.0,50.6281
Bend_pickup_normalLight_back,153,Standing,Standing,True,0.86,0.0,48.7079
Bend_pickup_normalLight_back,154,Standing,Standing,True,0.865,0.0,70.8507
Bend_pickup_normalLight_back,155,Standing,Standing,True,0.885,0.0,67.6034
Bend_pickup_normalLight_back,156,Standing,Standing,True,0.887,0.0,74.6561
Bend_pickup_normalLight_back,157,Standing,Standing,True,0.902,0.0,71.9711
Bend_pickup_normalLight_back,158,Standing,Standing,True,0.908,0.0,70.1398
Bend_pickup_normalLight_back,159,Standing,Standing,True,0.918,0.0,68.9709
Bend_pickup_normalLight_back,160,Standing,Standing,True,0.926,0.0,56.9728
Bend_pickup_normalLight_back,161,Standing,Standing,True,0.922,0.0,59.5016
Bend_pickup_normalLight_back,162,Standing,Standing,True,0.917,0.0,39.6084
Bend_pickup_normalLight_back,163,Standing,Standing,True,0.924,0.0,46.081
Bend_pickup_normalLight_back,164,Standing,Standing,True,0.925,0.0,47.7282
Bend_pickup_normalLight_back,165,Standing,Standing,True,0.933,0.0,54.277
Bend_pickup_normalLight_back,166,Standing,Standing,True,0.935,0.0,53.3141
Bend_pickup_normalLight_back,167,Standing,Standing,True,0.944,0.0,59.0219
Bend_pickup_normalLight_back,168,Standing,Standing,True,0.956,0.0,53.7463
Bend_pickup_normalLight_back,169,Standing,Standing,True,0.946,0.0,42.5345
Bend_pickup_normalLight_back,170,Standing,Standing,True,0.934,0.0,57.26
Bend_pickup_normalLight_back,171,Standing,Standing,True,0.923,0.0,59.7804
Bend_pickup_normalLight_back,172,Standing,Standing,True,0.887,0.0,72.7418
Bend_pickup_normalLight_back,173,Standing,Standing,True,0.834,0.0,58.3415
Bend_pickup_normalLight_back,174,Standing,Standing,True,0.806,0.0,58.9192
Bend_pickup_normalLight_back,175,,Standing,,0.776,0.0,91.5674
Bend_pickup_normalLight_back,176,,Standing,,0.742,0.0,79.5278
Bend_pickup_normalLight_back,177,,Standing,,0.742,0.0,80.0177
Bend_pickup_normalLight_back,178,,Standing,,0.755,0.0,74.4886
Bend_pickup_normalLight_back,179,,Standing,,0.782,0.0,54.6515
Bend_pickup_normalLight_back,180,,Standing,,0.823,0.0,55.9709
Bend_pickup_normalLight_back,181,,Standing,,0.855,0.0,49.8267
Bend_pickup_normalLight_back,182,,Standing,,0.877,0.0,45.3456
Bend_pickup_normalLight_back,183,,Standing,,0.902,0.0,46.122
Bend_pickup_normalLight_back,184,,Standing,,0.914,0.0,55.552
Bend_pickup_normalLight_back,185,,Standing,,0.915,0.0,59.931
Bend_pickup_normalLight_back,186,,Standing,,0.927,0.0,65.3466
Bend_pickup_normalLight_back,187,,Standing,,0.936,0.0,43.8061
Bend_pickup_normalLight_back,188,,Standing,,0.918,0.0,46.4528
Bend_pickup_normalLight_back,189,,Standing,,0.923,0.0,55.3813
Bend_pickup_normalLight_back,190,,Standing,,0.929,0.0,55.2387
Bend_pickup_normalLight_back,191,,Standing,,0.921,0.0,52.0797
Bend_pickup_normalLight_back,192,,Standing,,0.921,0.0,50.5799
Bend_pickup_normalLight_back,193,,Standing,,0.932,0.0,43.5943
Bend_pickup_normalLight_back,194,,Standing,,0.929,0.0,57.6755
Bend_pickup_normalLight_back,195,,Standing,,0.907,0.0,48.5871
Bend_pickup_normalLight_back,196,,Standing,,0.889,0.0,52.9194
Bend_pickup_normalLight_back,197,,Standing,,0.857,0.0,66.5952
Bend_pickup_normalLight_back,198,,Standing,,0.836,0.0,53.7883
Bend_pickup_normalLight_back,199,,Standing,,0.796,0.0,38.298
Bend_pickup_normalLight_back,200,,Standing,,0.744,0.0,39.9902
Bend_pickup_normalLight_back,201,,Standing,,0.731,0.0,52.4134
Bend_pickup_normalLight_back,202,,Standing,,0.692,0.0,40.2476
Bend_pickup_normalLight_back,203,,Standing,,0.656,0.0,47.4999
Bend_pickup_normalLight_back,204,,Standing,,0.637,0.0,49.6009
Bend_pickup_normalLight_back,205,,Standing,,0.619,0.0,46.722
Bend_pickup_normalLight_back,206,,Standing,,0.615,0.0,50.9423
Bend_pickup_normalLight_back,207,,Standing,,0.591,0.0,53.1654
Bend_pickup_normalLight_back,208,,Standing,,0.545,0.0,48.4233
Bend_pickup_normalLight_back,209,,Standing,,0.485,0.0,54.0998
Bend_pickup_normalLight_back,210,,Standing,,0.416,0.0,52.0056
Bend_pickup_normalLight_back,211,,Sitting,,0.391,0.0,49.6375
Bend_pickup_normalLight_back,212,,Sitting,,0.43,0.0,39.7376
Bend_pickup_normalLight_back,213,,Sitting,,0.481,0.0,36.3365
Bend_pickup_normalLight_back,214,,Sitting,,0.526,0.0,38.4224
Bend_pickup_normalLight_back,215,,Sitting,,0.547,0.0,60.665
Bend_pickup_normalLight_back,216,,Sitting,,0.545,0.0,56.9454
Bend_pickup_normalLight_back,217,,Sitting,,0.561,0.0,54.3196
Bend_pickup_normalLight_back,218,,Sitting,,0.526,0.0,54.4562
Bend_pickup_normalLight_back,219,,Sitting,,0.491,0.0,63.0824
Bend_pickup_normalLight_back,220,,Sitting,,0.447,0.0,44.249
Bend_pickup_normalLight_back,221,,Sitting,,0.406,0.0,37.3483
Bend_pickup_normalLight_back,222,,Sitting,,0.349,0.0,63.5737
Bend_pickup_normalLight_back,223,,Lying,,0.387,0.0,61.0058
Bend_pickup_normalLight_back,224,,Lying,,0.398,0.0,49.1333
Bend_pickup_normalLight_back,225,,Lying,,0.402,0.0,40.6568
Bend_pickup_normalLight_back,226,,Lying,,0.413,0.0,50.4045
Bend_pickup_normalLight_back,227,,Lying,,0.413,0.0,55.4659
Bend_pickup_normalLight_back,228,,Lying,,0.428,0.0,50.2209
Bend_pickup_normalLight_back,229,,Lying,,0.421,0.0,49.6037
Bend_pickup_normalLight_back,230,,Lying,,0.451,0.0,55.5071
Bend_pickup_normalLight_back,231,,Lying,,0.453,0.0,50.1694
Bend_pickup_normalLight_back,232,,Lying,,0.471,0.0,43.945
Bend_pickup_normalLight_back,233,,Lying,,0.487,0.0,55.2189
Bend_pickup_normalLight_back,234,,Lying,,0.455,0.0,76.3161
Bend_pickup_normalLight_back,235,,Lying,,0.433,0.0,57.6806
Bend_pickup_normalLight_back,236,,Lying,,0.405,0.0,51.783
Bend_pickup_normalLight_back,237,,Lying,,0.377,0.0,55.9023
Bend_pickup_normalLight_back,238,,Lying,,0.372,0.0,48.4337
Bend_pickup_normalLight_back,239,,Sitting,,0.365,0.0,44.4838
Bend_pickup_normalLight_back,240,,Sitting,,0.358,0.0,58.6329
Bend_pickup_normalLight_back,241,,Sitting,,0.345,0.0,52.8121
Bend_pickup_normalLight_back,242,,Sitting,,0.303,0.0,57.1224
Bend_pickup_normalLight_back,243,,Lying,,0.296,0.0,52.2008
Bend_pickup_normalLight_back,244,,Lying,,0.309,0.0,54.1842
Bend_pickup_normalLight_back,245,,Lying,,0.319,0.0,54.0047
Bend_pickup_normalLight_back,246,,Lying,,0.283,0.0,50.0925
Bend_pickup_normalLight_back,247,,Lying,,0.289,0.0,53.494
Bend_pickup_normalLight_back,248,,Standing,,0.3,0.0,53.0675
Bend_pickup_normalLight_back,249,,Standing,,0.383,0.0,54.9873
Bend_pickup_normalLight_back,250,,Standing,,0.364,0.0,52.1222
Bend_pickup_normalLight_back,251,,Standing,,0.429,0.0,54.8565
Bend_pickup_normalLight_back,252,,Standing,,0.516,0.0,60.1889
Bend_pickup_normalLight_back,253,,Standing,,0.47,0.0,56.7464
Bend_pickup_normalLight_back,254,,Standing,,0.453,0.0,55.6179
Bend_pickup_normalLight_back,255,,Standing,,0.409,0.0,62.199
Bend_pickup_normalLight_back,256,,Standing,,0.367,0.0,71.4885
Bend_pickup_normalLight_back,257,,Standing,,0.392,0.0,55.2442
Bend_pickup_normalLight_back,258,,Standing,,0.418,0.0,54.187
Bend_pickup_normalLight_back,259,,Standing,,0.478,0.0,58.2776
Bend_pickup_normalLight_back,260,,Standing,,0.509,0.0,64.1177
Bend_pickup_normalLight_back,261,,Standing,,0.539,0.0,64.7982
Bend_pickup_normalLight_back,262,Standing,Standing,True,0.594,0.0,62.2726
Bend_pickup_normalLight_back,263,Standing,Standing,True,0.656,0.0,66.6102
Bend_pickup_normalLight_back,264,Standing,Standing,True,0.67,0.0,66.7666
Bend_pickup_normalLight_back,265,Standing,Standing,True,0.695,0.0,77.9523
Bend_pickup_normalLight_back,266,Standing,Standing,True,0.719,0.0,103.4032
Bend_pickup_normalLight_back,267,Standing,Standing,True,0.73,0.0,89.4448
Bend_pickup_normalLight_back,268,Standing,Standing,True,0.725,0.0,68.2353
Bend_pickup_normalLight_back,269,Standing,Standing,True,0.686,0.0,65.9597
Bend_pickup_normalLight_back,270,Standing,Standing,True,0.715,0.0,62.5972
Bend_pickup_normalLight_back,271,Standing,Standing,True,0.725,0.0,63.9096
Bend_pickup_normalLight_back,272,Standing,Standing,True,0.718,0.0,63.3274
Bend_pickup_normalLight_back,273,Standing,Standing,True,0.742,0.0,45.1678
Bend_pickup_normalLight_back,274,Standing,Standing,True,0.753,0.0,59.5106
Bend_pickup_normalLight_back,275,Standing,Standing,True,0.76,0.0,72.611
Bend_pickup_normalLight_back,276,Standing,Standing,True,0.753,0.0,75.2739
Bend_pickup_normalLight_back,277,Standing,Standing,True,0.732,0.0,61.5383
Bend_pickup_normalLight_back,278,Standing,Standing,True,0.706,0.0,77.6678
Bend_pickup_normalLight_back,279,Standing,Standing,True,0.705,0.0,87.0053
Bend_pickup_normalLight_back,280,Standing,Standing,True,0.705,0.0,78.0891
Bend_pickup_normalLight_back,281,Standing,Standing,True,0.728,0.0,74.8272
Bend_pickup_normalLight_back,282,Standing,Standing,True,0.739,0.0,70.6046
Bend_pickup_normalLight_back,283,Standing,Standing,True,0.756,0.0,69.4554
Bend_pickup_normalLight_back,284,Standing,Standing,True,0.779,0.0,62.7838
Bend_pickup_normalLight_back,285,Standing,Standing,True,0.795,0.0,74.0991
Bend_pickup_normalLight_back,286,Standing,Standing,True,0.799,0.0,77.0296
Bend_pickup_normalLight_back,287,Standing,Standing,True,0.825,0.0,59.8527
Bend_pickup_normalLight_back,288,Standing,Standing,True,0.842,0.0,58.5875
Bend_pickup_normalLight_back,289,Standing,Standing,True,0.869,0.0,61.5364
Bend_pickup_normalLight_back,290,Standing,Standing,True,0.868,0.0,66.3042
Bend_pickup_normalLight_back,291,Standing,Standing,True,0.864,0.0,42.0812
Bend_pickup_normalLight_back,292,,Standing,,0.872,0.0,52.8773
Bend_pickup_normalLight_back,293,,Standing,,0.871,0.0,58.058
Bend_pickup_normalLight_back,294,,Standing,,0.872,0.0,52.7002
Bend_pickup_normalLight_back,295,,Standing,,0.851,0.0,40.0033
Bend_pickup_normalLight_back,296,,Standing,,0.806,0.0,46.5135
Bend_pickup_normalLight_back,297,,Standing,,0.767,0.0,55.3158
Bend_pickup_normalLight_back,298,,Standing,,0.721,0.0,60.1913
Bend_pickup_normalLight_back,299,,Standing,,0.638,0.0,84.2709
Bend_pickup_normalLight_back,300,,Standing,,0.583,0.0,60.8821
Bend_pickup_normalLight_back,301,,Standing,,0.531,0.0,66.9894
Bend_pickup_normalLight_back,302,,Standing,,0.5,0.0,52.8118
Bend_pickup_normalLight_back,303,,Standing,,0.482,0.0,58.332
Bend_pickup_normalLight_back,304,,Standing,,0.454,0.0,151.5799
Bend_pickup_normalLight_back,305,,Standing,,0.435,0.0,103.8289
Bend_pickup_normalLight_back,306,,Standing,,0.416,0.0,86.0293
Bend_pickup_normalLight_back,307,,Lying,,0.413,0.0,69.7962
Bend_pickup_normalLight_back,308,,Lying,,0.412,0.0,62.8247
Bend_pickup_normalLight_back,309,,Lying,,0.422,0.0,57.1197
Bend_pickup_normalLight_back,310,,Lying,,0.409,0.0,59.3697
Bend_pickup_normalLight_back,311,,Standing,,0.439,0.0,56.8926
Bend_pickup_normalLight_back,312,,Standing,,0.466,0.0,83.9668
Bend_pickup_normalLight_back,313,,Standing,,0.511,0.0,56.7254
Bend_pickup_normalLight_back,314,,Standing,,0.576,0.0,56.1199
Bend_pickup_normalLight_back,315,,Standing,,0.649,0.0,81.4161
Bend_pickup_normalLight_back,316,,Standing,,0.733,0.0,64.251
Bend_pickup_normalLight_back,317,,Standing,,0.771,0.0,61.3624
Bend_pickup_normalLight_back,318,,Standing,,0.81,0.0,52.9017
Bend_pickup_normalLight_back,319,,Standing,,0.843,0.0,58.8253
Bend_pickup_normalLight_back,320,,Standing,,0.874,0.0,52.6251
Bend_pickup_normalLight_back,321,,Standing,,0.88,0.0,59.2742
Bend_pickup_normalLight_back,322,,Standing,,0.891,0.0,56.8436
Bend_pickup_normalLight_back,323,,Standing,,0.888,0.0,55.9829
Bend_pickup_normalLight_back,324,,Standing,,0.867,0.0,58.7617
Bend_pickup_normalLight_back,325,,Standing,,0.828,0.0,47.6662
Bend_pickup_normalLight_back,326,,Standing,,0.808,0.0,60.2717
Bend_pickup_normalLight_back,327,,Standing,,0.789,0.0,60.1382
Bend_pickup_normalLight_back,328,,Standing,,0.757,0.0,62.6818
Bend_pickup_normalLight_back,329,,Standing,,0.764,0.0,65.1464
Bend_pickup_normalLight_back,330,,Standing,,0.743,0.0,50.5057
Bend_pickup_normalLight_back,331,,Standing,,0.709,0.0,62.2281
Bend_pickup_normalLight_back,332,,Standing,,0.69,0.0,63.7634
Bend_pickup_normalLight_back,333,,Standing,,0.665,0.0,51.1963
Bend_pickup_normalLight_back,334,,Standing,,0.627,0.0,61.0326
Bend_pickup_normalLight_back,335,,Standing,,0.641,0.0,66.9213
Bend_pickup_normalLight_back,336,,Standing,,0.635,0.0,48.0895
Bend_pickup_normalLight_back,337,,Standing,,0.598,0.0,49.7019
Bend_pickup_normalLight_back,338,,Standing,,0.565,0.0,46.8833
Bend_pickup_normalLight_back,339,,Standing,,0.502,0.0,50.6027
Bend_pickup_normalLight_back,340,,Standing,,0.417,0.0,68.5503
Bend_pickup_normalLight_back,341,,Sitting,,0.429,0.0,71.1331
Bend_pickup_normalLight_back,342,,Sitting,,0.526,0.0,66.351
Bend_pickup_normalLight_back,343,,Sitting,,0.623,0.0,81.2504
Bend_pickup_normalLight_back,344,,Sitting,,0.643,0.0,81.519
Bend_pickup_normalLight_back,345,,Sitting,,0.637,0.0,70.7693
Bend_pickup_normalLight_back,346,,Sitting,,0.648,0.0,82.5359
Bend_pickup_normalLight_back,347,,Sitting,,0.636,0.0,74.6131
Bend_pickup_normalLight_back,348,,Sitting,,0.623,0.0,106.0444
Bend_pickup_normalLight_back,349,,Sitting,,0.63,0.0,47.7834
Bend_pickup_normalLight_back,350,,Sitting,,0.633,0.0,44.8468
Bend_pickup_normalLight_back,351,,Sitting,,0.622,0.0,46.8423
Bend_pickup_normalLight_back,352,,Sitting,,0.607,0.0,42.0379
Bend_pickup_normalLight_back,353,,Sitting,,0.63,0.0,47.0414
Bend_pickup_normalLight_back,354,,Sitting,,0.649,0.0,49.6245
Bend_pickup_normalLight_back,355,,Sitting,,0.643,0.0,56.6047
Bend_pickup_normalLight_back,356,,Sitting,,0.644,0.0,48.8184
Bend_pickup_normalLight_back,357,,Sitting,,0.65,0.0,46.836
Bend_pickup_normalLight_back,358,,Sitting,,0.66,0.0,46.0094
Bend_pickup_normalLight_back,359,,Sitting,,0.639,0.0,43.49
Bend_pickup_normalLight_back,360,,Sitting,,0.622,0.0,50.2678
Bend_pickup_normalLight_back,361,,Sitting,,0.624,0.0,48.1331
Bend_pickup_normalLight_back,362,,Sitting,,0.624,0.0,33.0419
Bend_pickup_normalLight_back,363,,Sitting,,0.619,0.0,44.2508
Bend_pickup_normalLight_back,364,,Sitting,,0.607,0.0,45.1878
Bend_pickup_normalLight_back,365,,Sitting,,0.605,0.0,31.3802
Bend_pickup_normalLight_back,366,,Sitting,,0.595,0.0,39.8628
Bend_pickup_normalLight_back,367,,Sitting,,0.585,0.0,40.0149
Bend_pickup_normalLight_back,368,,Sitting,,0.572,0.0,43.2919
Bend_pickup_normalLight_back,369,,Sitting,,0.556,0.0,45.6887
Bend_pickup_normalLight_back,370,,Sitting,,0.562,0.0,45.5556
Bend_pickup_normalLight_back,371,,Sitting,,0.548,0.0,44.8375
Bend_pickup_normalLight_back,372,,Sitting,,0.529,0.0,44.054
Bend_pickup_normalLight_back,373,,Sitting,,0.532,0.0,41.4392
Bend_pickup_normalLight_back,374,,Sitting,,0.505,0.0,42.3138
Bend_pickup_normalLight_back,375,,Sitting,,0.512,0.0,29.7731
Bend_pickup_normalLight_back,376,,Sitting,,0.526,0.0,41.1384
Bend_pickup_normalLight_back,377,,Sitting,,0.525,0.0,41.5789
Bend_pickup_normalLight_back,378,,Sitting,,0.518,0.0,22.5859
Bend_pickup_normalLight_back,379,,Sitting,,0.518,0.0,24.7941
Bend_pickup_normalLight_back,380,,Sitting,,0.533,0.0,25.5511
Bend_pickup_normalLight_back,381,,Sitting,,0.535,0.0,30.7246
Bend_pickup_normalLight_back,382,,Sitting,,0.551,0.0,35.9843
Bend_pickup_normalLight_back,383,,Sitting,,0.566,0.0,35.1802
Bend_pickup_normalLight_back,384,,Sitting,,0.56,0.0,39.571
Bend_pickup_normalLight_back,385,,Sitting,,0.575,0.0,39.9889
Bend_pickup_normalLight_back,386,,Sitting,,0.598,0.0,34.6921
Bend_pickup_normalLight_back,387,,Sitting,,0.596,0.0,41.399
Bend_pickup_normalLight_back,388,,Sitting,,0.597,0.0,40.9063
Bend_pickup_normalLight_back,389,,Sitting,,0.611,0.0,47.57
Bend_pickup_normalLight_back,390,,Sitting,,0.623,0.0,48.4547
Bend_pickup_normalLight_back,391,,Sitting,,0.611,0.0,62.0129
Bend_pickup_normalLight_back,392,,Sitting,,0.597,0.0,44.6213
Bend_pickup_normalLight_back,393,,Sitting,,0.556,0.0,36.1491
Bend_pickup_normalLight_back,394,,Sitting,,0.504,0.0,50.0146
Bend_pickup_normalLight_back,395,,Sitting,,0.465,0.0,50.2565
Bend_pickup_normalLight_back,396,,Sitting,,0.42,0.0,49.9738
Bend_pickup_normalLight_back,397,,Sitting,,0.355,0.0,33.2113
Bend_pickup_normalLight_back,398,,Lying,,0.294,0.0,36.3012
Bend_pickup_normalLight_back,399,,Lying,,0.332,0.0,30.7411
Bend_pickup_normalLight_back,400,,Lying,,0.352,0.0,52.5197
Bend_pickup_normalLight_back,401,,Lying,,0.39,0.0,48.7895
Bend_pickup_normalLight_back,402,,Lying,,0.428,0.0,48.1853
Bend_pickup_normalLight_back,403,,Lying,,0.428,0.0,38.5159
Bend_pickup_normalLight_back,404,,Lying,,0.443,0.0,49.8266
Bend_pickup_normalLight_back,405,,Lying,,0.444,0.0,56.3267
Bend_pickup_normalLight_back,406,,Lying,,0.44,0.0,48.8013
Bend_pickup_normalLight_back,407,,Lying,,0.418,0.0,50.3371
Bend_pickup_normalLight_back,408,,Standing,,0.474,0.0,52.5638
Bend_pickup_normalLight_back,409,,Standing,,0.497,0.0,52.5834
Bend_pickup_normalLight_back,410,,Standing,,0.56,0.0,44.2707
Bend_pickup_normalLight_back,411,,Standing,,0.613,0.0,63.9523
Bend_pickup_normalLight_back,412,,Standing,,0.658,0.0,50.8058
Bend_pickup_normalLight_back,413,,Standing,,0.717,0.0,32.9571
Bend_pickup_normalLight_back,414,,Standing,,0.724,0.0,31.9525
Bend_pickup_normalLight_back,415,,Standing,,0.768,0.0,45.3787
Bend_pickup_normalLight_back,416,,Standing,,0.741,0.0,51.0118
Bend_pickup_normalLight_back,417,,Standing,,0.719,0.0,49.3138
Bend_pickup_normalLight_back,418,,Standing,,0.682,0.0,47.9802
Bend_pickup_normalLight_back,419,,Standing,,0.637,0.0,44.6695
Bend_pickup_normalLight_back,420,,Standing,,0.59,0.0,51.024
Bend_pickup_normalLight_back,421,,Standing,,0.551,0.0,51.8217
Bend_pickup_normalLight_back,422,,Standing,,0.531,0.0,35.4461
Bend_pickup_normalLight_back,423,,Standing,,0.537,0.0,31.6066
Bend_pickup_normalLight_back,424,,Standing,,0.563,0.0,47.7146
Bend_pickup_normalLight_back,425,,Standing,,0.588,0.0,48.8693
Bend_pickup_normalLight_back,426,,Standing,,0.641,0.0,46.4953
Bend_pickup_normalLight_back,427,,Standing,,0.723,0.0,52.8658
Bend_pickup_normalLight_back,428,,Standing,,0.798,0.0,51.2681
Bend_pickup_normalLight_back,429,,Standing,,0.837,0.0,46.9426
Bend_pickup_normalLight,31,,Standing,,0.916,0.0,48.0933
Bend_pickup_normalLight,32,,Standing,,0.918,0.0,49.5761
Bend_pickup_normalLight,33,,Standing,,0.908,0.0,39.4533
Bend_pickup_normalLight,34,,Standing,,0.924,0.0,48.2489
Bend_pickup_normalLight,35,,Standing,,0.939,0.0,45.8683
Bend_pickup_normalLight,36,,Standing,,0.948,0.0,47.5302
Bend_pickup_normalLight,37,,Standing,,0.962,0.0,50.1551
Bend_pickup_normalLight,38,,Standing,,0.966,0.0,41.9383
Bend_pickup_normalLight,39,,Standing,,0.971,0.0,43.8949
Bend_pickup_normalLight,40,,Standing,,0.972,0.0,37.8175
Bend_pickup_normalLight,41,,Standing,,0.97,0.0,36.7649
Bend_pickup_normalLight,42,,Standing,,0.961,0.0,32.8745
Bend_pickup_normalLight,43,,Standing,,0.956,0.0,32.0421
Bend_pickup_normalLight,44,,Standing,,0.953,0.0,43.4628
Bend_pickup_normalLight,45,,Standing,,0.942,0.0,45.1643
Bend_pickup_normalLight,46,,Standing,,0.936,0.0,44.8843
Bend_pickup_normalLight,47,,Standing,,0.916,0.0,48.6525
Bend_pickup_normalLight,48,,Standing,,0.908,0.0,46.4116
Bend_pickup_normalLight,49,,Standing,,0.911,0.0,40.8717
Bend_pickup_normalLight,50,,Standing,,0.885,0.0,32.0043
Bend_pickup_normalLight,51,,Standing,,0.807,0.0,44.0209
Bend_pickup_normalLight,52,,Standing,,0.739,0.0,42.5033
Bend_pickup_normalLight,53,,Standing,,0.678,0.0,41.1057
Bend_pickup_normalLight,54,,Standing,,0.614,0.0,44.4342
Bend_pickup_normalLight,55,,Standing,,0.558,0.0,38.8896
Bend_pickup_normalLight,56,,Standing,,0.501,0.0,41.5207
Bend_pickup_normalLight,57,,Standing,,0.507,0.0,32.3811
Bend_pickup_normalLight,58,,Standing,,0.455,0.0,40.2573
Bend_pickup_normalLight,59,,Standing,,0.391,0.0,45.5862
Bend_pickup_normalLight,60,,Standing,,0.386,0.0,51.7447
Bend_pickup_normalLight,61,,Standing,,0.392,0.0,41.5071
Bend_pickup_normalLight,62,,Standing,,0.423,0.0,37.1628
Bend_pickup_normalLight,63,,Standing,,0.409,0.0,40.3912
Bend_pickup_normalLight,64,,Standing,,0.439,0.0,39.4887
Bend_pickup_normalLight,65,,Standing,,0.407,0.0,34.9697
Bend_pickup_normalLight,66,,Standing,,0.425,0.0,44.42
Bend_pickup_normalLight,67,,Standing,,0.446,0.0,42.6727
Bend_pickup_normalLight,68,,Standing,,0.446,0.0,41.8934
Bend_pickup_normalLight,69,,Standing,,0.438,0.0,46.1436
Bend_pickup_normalLight,70,,Standing,,0.415,0.0,43.535
Bend_pickup_normalLight,71,,Standing,,0.444,0.0,38.6827
Bend_pickup_normalLight,72,,Standing,,0.427,0.0,36.1767
Bend_pickup_normalLight,73,,Standing,,0.466,0.0,31.1076
Bend_pickup_normalLight,74,,Standing,,0.443,0.0,31.9684
Bend_pickup_normalLight,75,,Standing,,0.496,0.0,44.7392
Bend_pickup_normalLight,76,,Standing,,0.488,0.0,42.188
Bend_pickup_normalLight,77,,Standing,,0.486,0.0,40.2084
Bend_pickup_normalLight,78,,Standing,,0.531,0.0,44.8618
Bend_pickup_normalLight,79,,Standing,,0.449,0.0,41.4089
Bend_pickup_normalLight,80,,Standing,,0.451,0.0,49.2521
Bend_pickup_normalLight,81,,Standing,,0.48,0.0,50.1734
Bend_pickup_normalLight,82,Standing,Standing,True,0.502,0.0,43.9274
Bend_pickup_normalLight,83,Standing,Standing,True,0.52,0.0,48.8146
Bend_pickup_normalLight,84,Standing,Standing,True,0.58,0.0,48.1686
Bend_pickup_normalLight,85,Standing,Standing,True,0.522,0.0,56.0456
Bend_pickup_normalLight,86,Standing,Standing,True,0.558,0.0,48.4744
Bend_pickup_normalLight,87,Standing,Standing,True,0.594,0.0,53.3552
Bend_pickup_normalLight,88,Standing,Standing,True,0.54,0.0,50.1583
Bend_pickup_normalLight,89,Standing,Standing,True,0.619,0.0,45.813
Bend_pickup_normalLight,90,Standing,Standing,True,0.644,0.0,50.8707
Bend_pickup_normalLight,91,Standing,Standing,True,0.651,0.0,48.4094
Bend_pickup_normalLight,92,Standing,Standing,True,0.645,0.0,50.109
Bend_pickup_normalLight,93,Standing,Standing,True,0.674,0.0,48.8578
Bend_pickup_normalLight,94,Standing,Standing,True,0.692,0.0,52.9531
Bend_pickup_normalLight,95,Standing,Standing,True,0.76,0.0,41.8128
Bend_pickup_normalLight,96,Standing,Standing,True,0.789,0.0,55.0779
Bend_pickup_normalLight,97,Standing,Standing,True,0.83,0.0,58.9782
Bend_pickup_normalLight,98,Standing,Standing,True,0.843,0.0,59.387
Bend_pickup_normalLight,99,Standing,Standing,True,0.873,0.0,85.5536
Bend_pickup_normalLight,100,Standing,Standing,True,0.878,0.0,179.7615
Bend_pickup_normalLight,101,Standing,Standing,True,0.879,0.0,65.2675
Bend_pickup_normalLight,102,Standing,Standing,True,0.899,0.0,102.9909
Bend_pickup_normalLight,103,Standing,Standing,True,0.886,0.0,77.2088
Bend_pickup_normalLight,104,Standing,Standing,True,0.899,0.0,62.5319
Bend_pickup_normalLight,105,Standing,Standing,True,0.904,0.0,76.4986
Bend_pickup_normalLight,106,Standing,Standing,True,0.915,0.0,65.8419
Bend_pickup_normalLight,107,Standing,Standing,True,0.927,0.0,71.1435
Bend_pickup_normalLight,108,Standing,Standing,True,0.921,0.0,66.6028
Bend_pickup_normalLight,109,Standing,Standing,True,0.928,0.0,71.7453
Bend_pickup_normalLight,110,,Standing,,0.943,0.0,67.0814
Bend_pickup_normalLight,111,,Standing,,0.947,0.0,63.8688
Bend_pickup_normalLight,112,,Standing,,0.945,0.0,62.9087
Bend_pickup_normalLight,113,,Standing,,0.946,0.0,74.9028
Bend_pickup_normalLight,114,,Standing,,0.95,0.0,57.8128
Bend_pickup_normalLight,115,,Standing,,0.96,0.0,48.1277
Bend_pickup_normalLight,116,,Standing,,0.963,0.0,56.2305
Bend_pickup_normalLight,117,,Standing,,0.968,0.0,60.0622
Bend_pickup_normalLight,118,,Standing,,0.974,0.0,104.5969
Bend_pickup_normalLight,119,,Standing,,0.976,0.0,60.6418
Bend_pickup_normalLight,120,,Standing,,0.981,0.0,50.6527
Bend_pickup_normalLight,121,,Standing,,0.975,0.0,51.9476
Bend_pickup_normalLight,122,,Standing,,0.974,0.0,48.7597
Bend_pickup_normalLight,123,,Standing,,0.968,0.0,57.1204
Bend_pickup_normalLight,124,,Standing,,0.97,0.0,53.321
Bend_pickup_normalLight,125,,Standing,,0.976,0.0,61.885
Bend_pickup_normalLight,126,,Standing,,0.98,0.0,76.9761
Bend_pickup_normalLight,127,,Standing,,0.973,0.0,44.1167
Bend_pickup_normalLight,128,,Standing,,0.969,0.0,55.057
Bend_pickup_normalLight,129,,Standing,,0.972,0.0,70.2595
Bend_pickup_normalLight,130,,Standing,,0.975,0.0,66.0545
Bend_pickup_normalLight,131,,Standing,,0.977,0.0,70.5967
Bend_pickup_normalLight,132,,Standing,,0.981,0.0,67.3648
Bend_pickup_normalLight,133,,Standing,,0.985,0.0,56.3939
Bend_pickup_normalLight,134,,Standing,,0.99,0.0,55.4942
Bend_pickup_normalLight,135,,Standing,,0.991,0.0,53.892
Bend_pickup_normalLight,136,,Standing,,0.994,0.0,53.4024
Bend_pickup_normalLight,137,,Standing,,0.996,0.0,59.9441
Bend_pickup_normalLight,138,,Standing,,0.989,0.0,37.554
Bend_pickup_normalLight,139,,Standing,,0.99,0.0,60.7138
Bend_pickup_normalLight,140,,Standing,,0.99,0.0,69.3698
Bend_pickup_normalLight_leftRight,31,,Standing,,0.713,0.0,89.3329
Bend_pickup_normalLight_leftRight,32,,Standing,,0.673,0.0,73.2138
Bend_pickup_normalLight_leftRight,33,,Standing,,0.632,0.0,77.1848
Bend_pickup_normalLight_leftRight,34,,Standing,,0.587,0.0,70.453
Bend_pickup_normalLight_leftRight,35,,Standing,,0.554,0.0,54.6308
Bend_pickup_normalLight_leftRight,36,,Standing,,0.489,0.0,48.789
Bend_pickup_normalLight_leftRight,37,,Standing,,0.442,0.0,49.5128
Bend_pickup_normalLight_leftRight,38,,Standing,,0.377,0.0,63.7659
Bend_pickup_normalLight_leftRight,39,,Lying,,0.342,0.0,54.015
Bend_pickup_normalLight_leftRight,40,,Lying,,0.397,0.0,56.1281
Bend_pickup_normalLight_leftRight,41,,Lying,,0.389,0.0,49.2414
Bend_pickup_normalLight_leftRight,42,,Lying,,0.429,0.0,57.8061
Bend_pickup_normalLight_leftRight,43,,Lying,,0.453,0.0,51.5217
Bend_pickup_normalLight_leftRight,44,,Lying,,0.482,0.0,53.6674
Bend_pickup_normalLight_leftRight,45,,Lying,,0.488,0.0,48.2452
Bend_pickup_normalLight_leftRight,46,,Lying,,0.47,0.0,57.2535
Bend_pickup_normalLight_leftRight,47,,Lying,,0.452,0.0,56.2966
Bend_pickup_normalLight_leftRight,48,,Lying,,0.443,0.0,57.7458
Bend_pickup_normalLight_leftRight,49,,Lying,,0.458,0.0,55.9989
Bend_pickup_normalLight_leftRight,50,,Lying,,0.443,0.0,49.6405
Bend_pickup_normalLight_leftRight,51,,Lying,,0.462,0.0,48.7058
Bend_pickup_normalLight_leftRight,52,,Lying,,0.466,0.0,63.5525
Bend_pickup_normalLight_leftRight,53,,Lying,,0.467,0.0,70.7726
Bend_pickup_normalLight_leftRight,54,,Lying,,0.488,0.0,51.3886
Bend_pickup_normalLight_leftRight,55,,Lying,,0.521,0.0,51.9583
Bend_pickup_normalLight_leftRight,56,,Lying,,0.539,0.0,55.2414
Bend_pickup_normalLight_leftRight,57,,Lying,,0.544,0.0,48.7549
Bend_pickup_normalLight_leftRight,58,,Lying,,0.552,0.0,54.9121
Bend_pickup_normalLight_leftRight,59,,Lying,,0.57,0.0,58.5186
Bend_pickup_normalLight_leftRight,60,,Lying,,0.564,0.0,60.5509
Bend_pickup_normalLight_leftRight,61,,Lying,,0.598,0.0,53.5708
Bend_pickup_normalLight_leftRight,62,,Lying,,0.595,0.0,67.0255
Bend_pickup_normalLight_leftRight,63,,Lying,,0.602,0.0,116.7005
Bend_pickup_normalLight_leftRight,64,,Lying,,0.616,0.0,90.7927
Bend_pickup_normalLight_leftRight,65,,Lying,,0.65,0.0,60.9852
Bend_pickup_normalLight_leftRight,66,,Lying,,0.679,0.0,55.8951
Bend_pickup_normalLight_leftRight,67,,Lying,,0.703,0.0,64.0353
Bend_pickup_normalLight_leftRight,68,,Lying,,0.72,0.0,62.7654
Bend_pickup_normalLight_leftRight,69,,Lying,,0.739,0.0,86.1894
Bend_pickup_normalLight_leftRight,70,,Lying,,0.749,0.0,59.7892
Bend_pickup_normalLight_leftRight,71,,Lying,,0.736,0.0,51.4384
Bend_pickup_normalLight_leftRight,72,,Lying,,0.745,0.0,52.2448
Bend_pickup_normalLight_leftRight,73,,Lying,,0.757,0.0,87.934
Bend_pickup_normalLight_leftRight,74,,Lying,,0.742,0.0,88.8272
Bend_pickup_normalLight_leftRight,75,,Lying,,0.735,0.0,89.6629
Bend_pickup_normalLight_leftRight,76,,Lying,,0.726,0.0,158.8295
Bend_pickup_normalLight_leftRight,77,,Lying,,0.732,0.0,136.1171
Bend_pickup_normalLight_leftRight,78,,Lying,,0.702,0.0,191.2053
Bend_pickup_normalLight_leftRight,79,,Lying,,0.68,0.0,102.3842
Bend_pickup_normalLight_leftRight,80,,Lying,,0.681,0.0,99.8761
Bend_pickup_normalLight_leftRight,81,,Lying,,0.662,0.0,91.6866
Bend_pickup_normalLight_leftRight,82,,Lying,,0.672,0.0,76.533
Bend_pickup_normalLight_leftRight,83,,Lying,,0.664,0.0,80.2343
Bend_pickup_normalLight_leftRight,84,,Lying,,0.665,0.0,79.4653
Bend_pickup_normalLight_leftRight,85,,Lying,,0.666,0.0,77.3686
Bend_pickup_normalLight_leftRight,86,,Lying,,0.659,0.0,76.0743
Bend_pickup_normalLight_leftRight,87,Standing,Lying,False,0.636,0.0,77.0846
Bend_pickup_normalLight_leftRight,88,Standing,Lying,False,0.584,0.0,73.297
Bend_pickup_normalLight_leftRight,89,Standing,Lying,False,0.559,0.0,67.718
Bend_pickup_normalLight_leftRight,90,Standing,Lying,False,0.534,0.0,68.258
Bend_pickup_normalLight_leftRight,91,Standing,Lying,False,0.487,0.0,79.7299
Bend_pickup_normalLight_leftRight,92,Standing,Lying,False,0.445,0.0,75.9815
Bend_pickup_normalLight_leftRight,93,Standing,Lying,False,0.405,0.0,93.7716
Bend_pickup_normalLight_leftRight,94,Standing,Standing,True,0.372,0.0,203.0219
Bend_pickup_normalLight_leftRight,95,Standing,Standing,True,0.416,0.0,78.7934
Bend_pickup_normalLight_leftRight,96,Standing,Standing,True,0.463,0.0,82.624
Bend_pickup_normalLight_leftRight,97,Standing,Standing,True,0.501,0.0,69.9139
Bend_pickup_normalLight_leftRight,98,Standing,Standing,True,0.517,0.0,89.4313
Bend_pickup_normalLight_leftRight,99,Standing,Standing,True,0.556,0.0,98.4567
Bend_pickup_normalLight_leftRight,100,Standing,Standing,True,0.584,0.0,75.2661
Bend_pickup_normalLight_leftRight,101,Standing,Standing,True,0.595,0.0,70.914
Bend_pickup_normalLight_leftRight,102,Standing,Standing,True,0.638,0.0,69.6446
Bend_pickup_normalLight_leftRight,103,Standing,Standing,True,0.665,0.0,104.3674
Bend_pickup_normalLight_leftRight,104,Standing,Standing,True,0.706,0.0,134.9708
Bend_pickup_normalLight_leftRight,105,Standing,Standing,True,0.715,0.0,137.9143
Bend_pickup_normalLight_leftRight,106,Standing,Standing,True,0.741,0.0,81.9934
Bend_pickup_normalLight_leftRight,107,Standing,Standing,True,0.745,0.0,82.0662
Bend_pickup_normalLight_leftRight,108,Standing,Standing,True,0.745,0.0,95.4685
Bend_pickup_normalLight_leftRight,109,Standing,Standing,True,0.767,0.0,84.6449
Bend_pickup_normalLight_leftRight,110,Standing,Standing,True,0.778,0.0,152.7721
Bend_pickup_normalLight_leftRight,111,Standing,Standing,True,0.802,0.0,87.256
Bend_pickup_normalLight_leftRight,112,Standing,Standing,True,0.827,0.0,70.016
Bend_pickup_normalLight_leftRight,113,Standing,Standing,True,0.827,0.0,130.0491
Bend_pickup_normalLight_leftRight,114,Standing,Standing,True,0.847,0.0,90.0027
Bend_pickup_normalLight_leftRight,115,Standing,Standing,True,0.865,0.0,77.4453
Bend_pickup_normalLight_leftRight,116,Standing,Standing,True,0.858,0.0,82.573
Bend_pickup_normalLight_leftRight,117,Standing,Standing,True,0.872,0.0,78.0041
Bend_pickup_normalLight_leftRight,118,Standing,Standing,True,0.879,0.0,59.8471
Bend_pickup_normalLight_leftRight,119,Standing,Standing,True,0.901,0.0,57.1284
Bend_pickup_normalLight_leftRight,120,Standing,Standing,True,0.908,0.0,67.5285
Bend_pickup_normalLight_leftRight,121,Standing,Standing,True,0.911,0.0,68.2911
Bend_pickup_normalLight_leftRight,122,Standing,Standing,True,0.915,0.0,68.2983
Bend_pickup_normalLight_leftRight,123,Standing,Standing,True,0.921,0.0,69.1868
Bend_pickup_normalLight_leftRight,124,Standing,Standing,True,0.924,0.0,62.8822
Bend_pickup_normalLight_leftRight,125,Standing,Standing,True,0.927,0.0,48.3979
Bend_pickup_normalLight_leftRight,126,Standing,Standing,True,0.927,0.0,64.6039
Bend_pickup_normalLight_leftRight,127,Standing,Standing,True,0.927,0.0,62.7969
Bend_pickup_normalLight_leftRight,128,Standing,Standing,True,0.924,0.0,70.6119
Bend_pickup_normalLight_leftRight,129,Standing,Standing,True,0.925,0.0,69.1764
Bend_pickup_normalLight_leftRight,130,Standing,Standing,True,0.93,0.0,70.2402
Bend_pickup_normalLight_leftRight,131,Standing,Standing,True,0.929,0.0,55.6368
Bend_pickup_normalLight_leftRight,132,Standing,Standing,True,0.927,0.0,65.3372
Bend_pickup_normalLight_leftRight,133,Standing,Standing,True,0.934,0.0,76.6815
Bend_pickup_normalLight_leftRight,134,Standing,Standing,True,0.939,0.0,102.5832
Bend_pickup_normalLight_leftRight,135,Standing,Standing,True,0.945,0.0,85.6407
Bend_pickup_normalLight_leftRight,136,Standing,Standing,True,0.946,0.0,75.0768
Bend_pickup_normalLight_leftRight,137,Standing,Standing,True,0.951,0.0,89.568
Bend_pickup_normalLight_leftRight,138,Standing,Standing,True,0.958,0.0,61.2046
Bend_pickup_normalLight_leftRight,139,Standing,Standing,True,0.954,0.0,62.6888
Bend_pickup_normalLight_leftRight,140,Standing,Standing,True,0.959,0.0,61.8469
Bend_pickup_normalLight_leftRight,141,Standing,Standing,True,0.939,0.0,64.5137
Bend_pickup_normalLight_leftRight,142,Standing,Standing,True,0.942,0.0,67.5965
Bend_pickup_normalLight_leftRight,143,Standing,Standing,True,0.938,0.0,71.0819
Bend_pickup_normalLight_leftRight,144,Standing,Standing,True,0.942,0.0,81.6845
Bend_pickup_normalLight_leftRight,145,Standing,Standing,True,0.931,0.0,162.7194
Bend_pickup_normalLight_leftRight,146,Standing,Standing,True,0.933,0.0,66.6879
Bend_pickup_normalLight_leftRight,147,Standing,Standing,True,0.929,0.0,74.4624
Bend_pickup_normalLight_leftRight,148,Standing,Standing,True,0.931,0.0,74.8505
Bend_pickup_normalLight_leftRight,149,Standing,Standing,True,0.935,0.0,75.6187
Bend_pickup_normalLight_leftRight,150,Standing,Standing,True,0.941,0.0,75.289
Bend_pickup_normalLight_leftRight,151,Standing,Standing,True,0.943,0.0,131.1451
Bend_pickup_normalLight_leftRight,152,Standing,Standing,True,0.952,0.0,196.3984
Bend_pickup_normalLight_leftRight,153,Standing,Standing,True,0.955,0.0,296.4821
Bend_pickup_normalLight_leftRight,154,Standing,Standing,True,0.965,0.0,277.4508
Bend_pickup_normalLight_leftRight,155,Standing,Standing,True,0.964,0.0,119.1026
Bend_pickup_normalLight_leftRight,156,Standing,Standing,True,0.961,0.0,138.668
Bend_pickup_normalLight_leftRight,157,Standing,Standing,True,0.962,0.0,275.2455
Bend_pickup_normalLight_leftRight,158,Standing,Standing,True,0.958,0.0,142.2841
Bend_pickup_normalLight_leftRight,159,Standing,Standing,True,0.962,0.0,97.457
Bend_pickup_normalLight_leftRight,160,Standing,Standing,True,0.962,0.0,81.5091
Bend_pickup_normalLight_leftRight,161,Standing,Standing,True,0.966,0.0,53.628
Bend_pickup_normalLight_leftRight,162,Standing,Standing,True,0.963,0.0,81.699
Bend_pickup_normalLight_leftRight,163,Standing,Standing,True,0.961,0.0,67.4333
Bend_pickup_normalLight_leftRight,164,Standing,Standing,True,0.952,0.0,77.3609
Bend_pickup_normalLight_leftRight,165,Standing,Standing,True,0.949,0.0,85.1942
Bend_pickup_normalLight_leftRight,166,Standing,Standing,True,0.94,0.0,68.4138
Bend_pickup_normalLight_leftRight,167,Standing,Standing,True,0.94,0.0,63.7829
Bend_pickup_normalLight_leftRight,168,Standing,Standing,True,0.924,0.0,53.9399
Bend_pickup_normalLight_leftRight,169,Standing,Standing,True,0.923,0.0,62.6689
Bend_pickup_normalLight_leftRight,170,Standing,Standing,True,0.913,0.0,60.678
Bend_pickup_normalLight_leftRight,171,Standing,Standing,True,0.904,0.0,59.0574
Bend_pickup_normalLight_leftRight,172,Standing,Standing,True,0.889,0.0,61.8335
Bend_pickup_normalLight_leftRight,173,Standing,Standing,True,0.882,0.0,64.8411
Bend_pickup_normalLight_leftRight,174,,Standing,,0.88,0.0,59.4351
Bend_pickup_normalLight_leftRight,175,,Standing,,0.88,0.0,93.8292
Bend_pickup_normalLight_leftRight,176,,Standing,,0.877,0.0,100.2241
Bend_pickup_normalLight_leftRight,177,,Standing,,0.884,0.0,82.6358
Bend_pickup_normalLight_leftRight,178,,Standing,,0.884,0.0,303.1397
Bend_pickup_normalLight_leftRight,179,,Standing,,0.879,0.0,159.0876
Bend_pickup_normalLight_leftRight,180,,Standing,,0.886,0.0,76.6962
Bend_pickup_normalLight_leftRight,181,,Standing,,0.895,0.0,107.7478
Bend_pickup_normalLight_leftRight,182,,Standing,,0.898,0.0,82.5575
Bend_pickup_normalLight_leftRight,183,,Standing,,0.903,0.0,119.008
Bend_pickup_normalLight_leftRight,184,,Standing,,0.906,0.0,77.1431
Bend_pickup_normalLight_leftRight,185,,Standing,,0.905,0.0,87.8821
Bend_pickup_normalLight_leftRight,186,,Standing,,0.899,0.0,80.207
Bend_pickup_normalLight_leftRight,187,,Standing,,0.877,0.0,71.0054
Bend_pickup_normalLight_leftRight,188,,Standing,,0.878,0.0,67.8467
Bend_pickup_normalLight_leftRight,189,,Standing,,0.862,0.0,72.6253
Bend_pickup_normalLight_leftRight,190,,Standing,,0.858,0.0,77.0051
Bend_pickup_normalLight_leftRight,191,,Standing,,0.843,0.0,75.0369
Bend_pickup_normalLight_leftRight,192,,Standing,,0.839,0.0,74.5962
Bend_pickup_normalLight_leftRight,193,,Standing,,0.847,0.0,78.6287
Bend_pickup_normalLight_leftRight,194,,Standing,,0.849,0.0,87.7152
Bend_pickup_normalLight_leftRight,195,,Standing,,0.85,0.0,84.9548
Bend_pickup_normalLight_leftRight,196,,Standing,,0.873,0.0,78.345
Bend_pickup_normalLight_leftRight,197,,Standing,,0.877,0.0,79.2751
Bend_pickup_normalLight_leftRight,198,,Standing,,0.879,0.0,86.0991
Bend_pickup_normalLight_leftRight,199,,Standing,,0.877,0.0,75.2512
Bend_pickup_normalLight_leftRight,200,,Standing,,0.891,0.0,73.2733
Bend_pickup_normalLight_leftRight,201,,Standing,,0.893,0.0,78.2951
Bend_pickup_normalLight_leftRight,202,,Standing,,0.888,0.0,61.2038
Bend_pickup_normalLight_leftRight,203,,Standing,,0.888,0.0,70.3503
Bend_pickup_normalLight_leftRight,204,,Standing,,0.886,0.0,76.5835
Bend_pickup_normalLight_leftRight,205,,Standing,,0.892,0.0,72.2922
Bend_pickup_normalLight_leftRight,206,,Standing,,0.9,0.0,77.2574
Bend_pickup_normalLight_leftRight,207,,Standing,,0.894,0.0,70.4278
Bend_pickup_normalLight_leftRight,208,,Standing,,0.891,0.0,64.9216
Bend_pickup_normalLight_leftRight,209,,Standing,,0.873,0.0,61.1745
Bend_pickup_normalLight_leftRight,210,,Standing,,0.829,0.0,73.482
Bend_pickup_normalLight_leftRight,211,,Standing,,0.78,0.0,62.1099
Bend_pickup_normalLight_leftRight,212,,Standing,,0.736,0.0,61.0928
Bend_pickup_normalLight_leftRight,213,,Standing,,0.666,0.0,67.2412
Bend_pickup_normalLight_leftRight,214,,Standing,,0.558,0.0,69.7199
Bend_pickup_normalLight_leftRight,215,,Standing,,0.499,0.0,51.3763
Bend_pickup_normalLight_leftRight,216,,Standing,,0.473,0.0,71.8124
Bend_pickup_normalLight_leftRight,217,,Standing,,0.424,0.0,62.1999
Bend_pickup_normalLight_leftRight,218,,Standing,,0.455,0.0,48.6191
Bend_pickup_normalLight_leftRight,219,,Standing,,0.516,0.0,41.6221
Bend_pickup_normalLight_leftRight,220,,Standing,,0.582,0.0,46.7909
Bend_pickup_normalLight_leftRight,221,,Standing,,0.61,0.0,49.9817
Bend_pickup_normalLight_leftRight,222,,Standing,,0.659,0.0,57.6027
Bend_pickup_normalLight_leftRight,223,,Standing,,0.678,0.0,59.1756
Bend_pickup_normalLight_leftRight,224,,Standing,,0.646,0.0,61.6434
Bend_pickup_normalLight_leftRight,225,,Standing,,0.675,0.0,75.2316
Bend_pickup_normalLight_leftRight,226,,Standing,,0.679,0.0,70.4798
Bend_pickup_normalLight_leftRight,227,,Standing,,0.661,0.0,63.5169
Bend_pickup_normalLight_leftRight,228,,Standing,,0.681,0.0,58.9238
Bend_pickup_normalLight_leftRight,229,,Standing,,0.693,0.0,66.092
Bend_pickup_normalLight_leftRight,230,,Standing,,0.682,0.0,57.3208
Bend_pickup_normalLight_leftRight,231,,Standing,,0.665,0.0,52.8559
Bend_pickup_normalLight_leftRight,232,,Standing,,0.672,0.0,55.8909
Bend_pickup_normalLight_leftRight,233,,Standing,,0.66,0.0,57.6185
Bend_pickup_normalLight_leftRight,234,,Standing,,0.611,0.0,51.9516
Bend_pickup_normalLight_leftRight,235,,Standing,,0.544,0.0,54.4948
Bend_pickup_normalLight_leftRight,236,,Standing,,0.513,0.0,54.0667
Bend_pickup_normalLight_leftRight,237,,Standing,,0.434,0.0,54.0895
Bend_pickup_normalLight_leftRight,238,,Standing,,0.382,0.0,62.7689
Bend_pickup_normalLight_leftRight,239,,Standing,,0.345,0.0,58.0278
Bend_pickup_normalLight_leftRight,240,,Lying,,0.324,0.0,61.7129
Bend_pickup_normalLight_leftRight,241,,Lying,,0.377,0.0,61.0961
Bend_pickup_normalLight_leftRight,242,,Lying,,0.426,0.0,61.0686
Bend_pickup_normalLight_leftRight,243,,Lying,,0.477,0.0,58.8944
Bend_pickup_normalLight_leftRight,244,,Lying,,0.493,0.0,57.7373
Bend_pickup_normalLight_leftRight,245,,Lying,,0.507,0.0,53.2252
Bend_pickup_normalLight_leftRight,246,,Lying,,0.537,0.0,54.1138
Bend_pickup_normalLight_leftRight,247,,Lying,,0.536,0.0,51.8404
Bend_pickup_normalLight_leftRight,248,,Lying,,0.51,0.0,53.196
Bend_pickup_normalLight_leftRight,249,,Lying,,0.516,0.0,49.9217
Bend_pickup_normalLight_leftRight,250,,Lying,,0.517,0.0,53.208
Bend_pickup_normalLight_leftRight,251,,Lying,,0.503,0.0,56.1794
Bend_pickup_normalLight_leftRight,252,,Lying,,0.526,0.0,57.6383
Bend_pickup_normalLight_leftRight,253,,Lying,,0.497,0.0,52.8347
Bend_pickup_normalLight_leftRight,254,,Lying,,0.464,0.0,53.1286
Bend_pickup_normalLight_leftRight,255,,Lying,,0.422,0.0,52.3058
Bend_pickup_normalLight_leftRight,256,,Lying,,0.398,0.0,54.7994
Bend_pickup_normalLight_leftRight,257,,Lying,,0.393,0.0,60.456
Bend_pickup_normalLight_leftRight,258,,Lying,,0.345,0.0,61.2647
Bend_pickup_normalLight_leftRight,259,,Standing,,0.319,0.0,42.6886
Bend_pickup_normalLight_leftRight,260,,Standing,,0.339,0.0,52.7046
Bend_pickup_normalLight_leftRight,261,Standing,Standing,True,0.337,0.0,51.7995
Bend_pickup_normalLight_leftRight,262,Standing,Standing,True,0.367,0.0,44.9308
Bend_pickup_normalLight_leftRight,263,Standing,Standing,True,0.375,0.0,51.6747
Bend_pickup_normalLight_leftRight,264,Standing,Standing,True,0.406,0.0,50.3098
Bend_pickup_normalLight_leftRight,265,Standing,Standing,True,0.414,0.0,60.6792
Bend_pickup_normalLight_leftRight,266,Standing,Standing,True,0.418,0.0,55.8708
Bend_pickup_normalLight_leftRight,267,Standing,Standing,True,0.431,0.0,55.4936
Bend_pickup_normalLight_leftRight,268,Standing,Standing,True,0.469,0.0,52.7238
Bend_pickup_normalLight_leftRight,269,Standing,Standing,True,0.506,0.0,60.6594
Bend_pickup_normalLight_leftRight,270,Standing,Standing,True,0.526,0.0,61.8168
Bend_pickup_normalLight_leftRight,271,Standing,Standing,True,0.502,0.0,58.4219
Bend_pickup_normalLight_leftRight,272,Standing,Standing,True,0.528,0.0,56.1237
Bend_pickup_normalLight_leftRight,273,Standing,Standing,True,0.552,0.0,53.8493
Bend_pickup_normalLight_leftRight,274,Standing,Standing,True,0.565,0.0,54.0885
Bend_pickup_normalLight_leftRight,275,Standing,Standing,True,0.588,0.0,63.0279
Bend_pickup_normalLight_leftRight,276,Standing,Standing,True,0.612,0.0,70.5596
Bend_pickup_normalLight_leftRight,277,Standing,Standing,True,0.639,0.0,51.5041
Bend_pickup_normalLight_leftRight,278,Standing,Standing,True,0.656,0.0,53.3824
Bend_pickup_normalLight_leftRight,279,Standing,Standing,True,0.684,0.0,58.2484
Bend_pickup_normalLight_leftRight,280,Standing,Standing,True,0.709,0.0,58.0856
Bend_pickup_normalLight_leftRight,281,Standing,Standing,True,0.741,0.0,56.9349
Bend_pickup_normalLight_leftRight,282,Standing,Standing,True,0.767,0.0,51.4443
Bend_pickup_normalLight_leftRight,283,Standing,Standing,True,0.764,0.0,55.4386
Bend_pickup_normalLight_leftRight,284,Standing,Standing,True,0.769,0.0,47.1595
Bend_pickup_normalLight_leftRight,285,Standing,Standing,True,0.743,0.0,47.4281
Bend_pickup_normalLight_leftRight,286,Standing,Standing,True,0.76,0.0,50.1961
Bend_pickup_normalLight_leftRight,287,Standing,Standing,True,0.793,0.0,55.5557
Bend_pickup_normalLight_leftRight,288,Standing,Standing,True,0.796,0.0,51.756
Bend_pickup_normalLight_leftRight,289,Standing,Standing,True,0.79,0.0,40.8202
Bend_pickup_normalLight_leftRight,290,Standing,Standing,True,0.804,0.0,49.1909
Bend_pickup_normalLight_leftRight,291,Standing,Standing,True,0.806,0.0,45.912
Bend_pickup_normalLight_leftRight,292,Standing,Standing,True,0.808,0.0,51.5539
Bend_pickup_normalLight_leftRight,293,Standing,Standing,True,0.823,0.0,72.4265
Bend_pickup_normalLight_leftRight,294,Standing,Standing,True,0.827,0.0,61.0586
Bend_pickup_normalLight_leftRight,295,Standing,Standing,True,0.83,0.0,60.3614
Bend_pickup_normalLight_leftRight,296,Standing,Standing,True,0.84,0.0,114.694
Bend_pickup_normalLight_leftRight,297,Standing,Standing,True,0.857,0.0,65.2047
Bend_pickup_normalLight_leftRight,298,Standing,Standing,True,0.866,0.0,76.9084
Bend_pickup_normalLight_leftRight,299,Standing,Standing,True,0.865,0.0,68.6307
Bend_pickup_normalLight_leftRight,300,Standing,Standing,True,0.872,0.0,68.1057
Bend_pickup_normalLight_leftRight,301,Standing,Standing,True,0.861,0.0,59.4252
Bend_pickup_normalLight_leftRight,302,Standing,Standing,True,0.865,0.0,49.8348
Bend_pickup_normalLight_leftRight,303,Standing,Standing,True,0.882,0.0,55.9977
Bend_pickup_normalLight_leftRight,304,Standing,Standing,True,0.911,0.0,146.4312
Bend_pickup_normalLight_leftRight,305,Standing,Standing,True,0.905,0.0,65.706
Bend_pickup_normalLight_leftRight,306,Standing,Standing,True,0.92,0.0,59.8342
Bend_pickup_normalLight_leftRight,307,Standing,Standing,True,0.915,0.0,61.314
Bend_pickup_normalLight_leftRight,308,Standing,Standing,True,0.922,0.0,63.7973
Bend_pickup_normalLight_leftRight,309,Standing,Standing,True,0.921,0.0,54.0403
Bend_pickup_normalLight_leftRight,310,Standing,Standing,True,0.918,0.0,71.4356
Bend_pickup_normalLight_leftRight,311,Standing,Standing,True,0.925,0.0,64.4159
Bend_pickup_normalLight_leftRight,312,Standing,Standing,True,0.927,0.0,66.4693
Bend_pickup_normalLight_leftRight,313,Standing,Standing,True,0.929,0.0,76.8336
Bend_pickup_normalLight_leftRight,314,Standing,Standing,True,0.929,0.0,81.5062
Bend_pickup_normalLight_leftRight,315,Standing,Standing,True,0.932,0.0,107.7129
Bend_pickup_normalLight_leftRight,316,Standing,Standing,True,0.923,0.0,61.8221
Bend_pickup_normalLight_leftRight,317,Standing,Standing,True,0.918,0.0,59.3063
Bend_pickup_normalLight_leftRight,318,Standing,Standing,True,0.904,0.0,62.6486
Bend_pickup_normalLight_leftRight,319,Standing,Standing,True,0.895,0.0,54.3437
Bend_pickup_normalLight_leftRight,320,Standing,Standing,True,0.912,0.0,61.8246
Bend_pickup_normalLight_leftRight,321,,Standing,,0.927,0.0,53.8056
Bend_pickup_normalLight_leftRight,322,,Standing,,0.935,0.0,49.0002
Bend_pickup_normalLight_leftRight,323,,Standing,,0.936,0.0,54.6049
Bend_pickup_normalLight_leftRight,324,,Standing,,0.945,0.0,68.766
Bend_pickup_normalLight_leftRight,325,,Standing,,0.95,0.0,59.9084
Bend_pickup_normalLight_leftRight,326,,Standing,,0.958,0.0,62.684
Bend_pickup_normalLight_leftRight,327,,Standing,,0.961,0.0,54.8252
Bend_pickup_normalLight_leftRight,328,,Standing,,0.964,0.0,64.34
Bend_pickup_normalLight_leftRight,329,,Standing,,0.966,0.0,77.7514
Bend_pickup_normalLight_leftRight,330,,Standing,,0.969,0.0,90.9499
Bend_pickup_normalLight_leftRight,331,,Standing,,0.972,0.0,67.9739
Bend_pickup_normalLight_leftRight,332,,Standing,,0.979,0.0,73.936
Bend_pickup_normalLight_leftRight,333,,Standing,,0.976,0.0,74.3936
Bend_pickup_squat_lowLight,31,,Standing,,0.94,0.0,60.1263
Bend_pickup_squat_lowLight,32,,Standing,,0.931,0.0,61.6059
Bend_pickup_squat_lowLight,33,,Standing,,0.923,0.0,59.6547
Bend_pickup_squat_lowLight,34,,Standing,,0.921,0.0,59.3
Bend_pickup_squat_lowLight,35,,Standing,,0.907,0.0,65.4949
Bend_pickup_squat_lowLight,36,,Standing,,0.902,0.0,61.9853
Bend_pickup_squat_lowLight,37,,Standing,,0.902,0.0,57.0755
Bend_pickup_squat_lowLight,38,,Standing,,0.894,0.0,62.4583
Bend_pickup_squat_lowLight,39,,Standing,,0.901,0.0,66.0839
Bend_pickup_squat_lowLight,40,,Standing,,0.893,0.0,55.3485
Bend_pickup_squat_lowLight,41,,Standing,,0.88,0.0,58.3476
Bend_pickup_squat_lowLight,42,,Standing,,0.894,0.0,56.1376
Bend_pickup_squat_lowLight,43,,Standing,,0.871,0.0,70.2417
Bend_pickup_squat_lowLight,44,,Standing,,0.879,0.0,58.7299
Bend_pickup_squat_lowLight,45,,Standing,,0.876,0.0,56.2579
Bend_pickup_squat_lowLight,46,,Standing,,0.886,0.0,55.4392
Bend_pickup_squat_lowLight,47,,Standing,,0.895,0.0,63.8843
Bend_pickup_squat_lowLight,48,,Standing,,0.907,0.0,50.3359
Bend_pickup_squat_lowLight,49,,Standing,,0.921,0.0,51.5772
Bend_pickup_squat_lowLight,50,,Standing,,0.921,0.0,66.0649
Bend_pickup_squat_lowLight,51,,Standing,,0.935,0.0,65.7162
Bend_pickup_squat_lowLight,52,,Standing,,0.953,0.0,58.6096
Bend_pickup_squat_lowLight,53,,Standing,,0.956,0.0,68.94
Bend_pickup_squat_lowLight,54,,Standing,,0.958,0.0,52.4178
Bend_pickup_squat_lowLight,55,,Standing,,0.95,0.0,63.8471
Bend_pickup_squat_lowLight,56,,Standing,,0.927,0.0,62.8128
Bend_pickup_squat_lowLight,57,,Standing,,0.928,0.0,54.9179
Bend_pickup_squat_lowLight,58,,Standing,,0.911,0.0,48.633
Bend_pickup_squat_lowLight,59,,Standing,,0.898,0.0,55.9657
Bend_pickup_squat_lowLight,60,,Standing,,0.883,0.0,62.3313
Bend_pickup_squat_lowLight,61,,Standing,,0.837,0.0,59.8568
Bend_pickup_squat_lowLight,62,,Standing,,0.784,0.0,59.5518
Bend_pickup_squat_lowLight,63,,Standing,,0.738,0.0,52.0154
Bend_pickup_squat_lowLight,64,,Standing,,0.737,0.0,62.1214
Bend_pickup_squat_lowLight,65,,Standing,,0.644,0.0,56.9223
Bend_pickup_squat_lowLight,66,,Standing,,0.626,0.0,60.1631
Bend_pickup_squat_lowLight,67,,Standing,,0.616,0.0,52.8623
Bend_pickup_squat_lowLight,68,,Standing,,0.591,0.0,39.9027
Bend_pickup_squat_lowLight,69,,Standing,,0.521,0.0,57.3605
Bend_pickup_squat_lowLight,70,,Standing,,0.436,0.0,50.6523
Bend_pickup_squat_lowLight,71,,Standing,,0.428,0.0,46.3409
Bend_pickup_squat_lowLight,72,,Sitting,,0.42,0.0,45.3134
Bend_pickup_squat_lowLight,73,,Sitting,,0.474,0.0,49.6173
Bend_pickup_squat_lowLight,74,,Sitting,,0.536,0.0,57.2969
Bend_pickup_squat_lowLight,75,,Sitting,,0.518,0.0,52.493
Bend_pickup_squat_lowLight,76,,Sitting,,0.56,0.0,77.4669
Bend_pickup_squat_lowLight,77,,Sitting,,0.593,0.0,97.8361
Bend_pickup_squat_lowLight,78,,Sitting,,0.603,0.0,69.4496
Bend_pickup_squat_lowLight,79,,Sitting,,0.566,0.0,69.819
Bend_pickup_squat_lowLight,80,,Sitting,,0.564,0.0,62.7863
Bend_pickup_squat_lowLight,81,,Sitting,,0.541,0.0,52.0452
Bend_pickup_squat_lowLight,82,,Sitting,,0.518,0.0,64.8543
Bend_pickup_squat_lowLight,83,,Sitting,,0.436,0.0,87.5807
Bend_pickup_squat_lowLight,84,,Sitting,,0.379,0.0,69.8445
Bend_pickup_squat_lowLight,85,,Sitting,,0.355,0.0,62.0622
Bend_pickup_squat_lowLight,86,,Standing,,0.33,0.0,58.3581
Bend_pickup_squat_lowLight,87,,Standing,,0.369,0.0,64.8827
Bend_pickup_squat_lowLight,88,,Standing,,0.357,0.0,52.5274
Bend_pickup_squat_lowLight,89,,Standing,,0.38,0.0,53.1681
Bend_pickup_squat_lowLight,90,,Standing,,0.398,0.0,56.5986
Bend_pickup_squat_lowLight,91,,Standing,,0.381,0.0,71.5287
Bend_pickup_squat_lowLight,92,,Standing,,0.409,0.0,76.2654
Bend_pickup_squat_lowLight,93,,Standing,,0.411,0.0,56.8131
Bend_pickup_squat_lowLight,94,,Standing,,0.418,0.0,58.4555
Bend_pickup_squat_lowLight,95,,Standing,,0.42,0.0,58.1724
Bend_pickup_squat_lowLight,96,,Standing,,0.414,0.0,58.0779
Bend_pickup_squat_lowLight,97,,Standing,,0.426,0.0,54.0169
Bend_pickup_squat_lowLight,98,,Standing,,0.423,0.0,55.6603
Bend_pickup_squat_lowLight,99,,Standing,,0.417,0.0,60.4924
Bend_pickup_squat_lowLight,100,,Standing,,0.433,0.0,59.0136
Bend_pickup_squat_lowLight,101,,Standing,,0.419,0.0,60.2926
Bend_pickup_squat_lowLight,102,,Standing,,0.403,0.0,51.9401
Bend_pickup_squat_lowLight,103,,Standing,,0.444,0.0,58.6111
Bend_pickup_squat_lowLight,104,,Standing,,0.476,0.0,61.3023
Bend_pickup_squat_lowLight,105,,Standing,,0.499,0.0,81.6529
Bend_pickup_squat_lowLight,106,,Standing,,0.557,0.0,78.8638
Bend_pickup_squat_lowLight,107,,Standing,,0.619,0.0,56.8106
Bend_pickup_squat_lowLight,108,,Standing,,0.648,0.0,60.26
Bend_pickup_squat_lowLight,109,,Standing,,0.698,0.0,67.507
Bend_pickup_squat_lowLight,110,,Standing,,0.707,0.0,64.7823
Bend_pickup_squat_lowLight,111,,Standing,,0.712,0.0,58.0743
Bend_pickup_squat_lowLight,112,,Standing,,0.714,0.0,62.7344
Bend_pickup_squat_lowLight,113,,Standing,,0.714,0.0,63.7382
Bend_pickup_squat_lowLight,114,,Standing,,0.689,0.0,58.1726
Bend_pickup_squat_lowLight,115,,Standing,,0.707,0.0,58.6828
Bend_pickup_squat_lowLight,116,,Standing,,0.723,0.0,61.3448
Bend_pickup_squat_lowLight,117,Standing,Standing,True,0.725,0.0,58.9335
Bend_pickup_squat_lowLight,118,Standing,Standing,True,0.739,0.0,66.5204
Bend_pickup_squat_lowLight,119,Standing,Standing,True,0.725,0.0,57.1432
Bend_pickup_squat_lowLight,120,Standing,Standing,True,0.734,0.0,52.2775
Bend_pickup_squat_lowLight,121,Standing,Standing,True,0.737,0.0,55.3664
Bend_pickup_squat_lowLight,122,Standing,Standing,True,0.763,0.0,52.4245
Bend_pickup_squat_lowLight,123,Standing,Standing,True,0.764,0.0,65.0233
Bend_pickup_squat_lowLight,124,Standing,Standing,True,0.762,0.0,62.494
Bend_pickup_squat_lowLight,125,Standing,Standing,True,0.769,0.0,79.97
Bend_pickup_squat_lowLight,126,Standing,Standing,True,0.782,0.0,58.9338
Bend_pickup_squat_lowLight,127,Standing,Standing,True,0.78,0.0,52.826
Bend_pickup_squat_lowLight,128,Standing,Standing,True,0.783,0.0,56.772
Bend_pickup_squat_lowLight,129,Standing,Standing,True,0.778,0.0,52.8777
Bend_pickup_squat_lowLight,130,Standing,Standing,True,0.782,0.0,53.8138
Bend_pickup_squat_lowLight,131,Standing,Standing,True,0.802,0.0,52.4719
Bend_pickup_squat_lowLight,132,Standing,Standing,True,0.833,0.0,47.6455
Bend_pickup_squat_lowLight,133,Standing,Standing,True,0.838,0.0,48.1907
Bend_pickup_squat_lowLight,134,Standing,Standing,True,0.863,0.0,50.0388
Bend_pickup_squat_lowLight,135,Standing,Standing,True,0.875,0.0,53.9369
Bend_pickup_squat_lowLight,136,Standing,Standing,True,0.885,0.0,54.2239
Bend_pickup_squat_lowLight,137,Standing,Standing,True,0.911,0.0,55.0444
Bend_pickup_squat_lowLight,138,Standing,Standing,True,0.925,0.0,58.8906
Bend_pickup_squat_lowLight,139,Standing,Standing,True,0.938,0.0,56.6742
Bend_pickup_squat_lowLight,140,Standing,Standing,True,0.941,0.0,49.9976
Bend_pickup_squat_lowLight,141,Standing,Standing,True,0.933,0.0,55.5702
Bend_pickup_squat_lowLight,142,Standing,Standing,True,0.935,0.0,54.1167
Bend_pickup_squat_lowLight,143,Standing,Standing,True,0.934,0.0,49.4224
Bend_pickup_squat_lowLight,144,Standing,Standing,True,0.938,0.0,51.0047
Bend_pickup_squat_lowLight,145,Standing,Standing,True,0.948,0.0,44.2963
Bend_pickup_squat_lowLight,146,Standing,Standing,True,0.957,0.0,48.2553
Bend_pickup_squat_lowLight,147,Standing,Standing,True,0.96,0.0,45.6499
Bend_pickup_squat_lowLight,148,,Standing,,0.961,0.0,38.2585
Bend_pickup_squat_lowLight,149,,Standing,,0.963,0.0,38.8147
Bend_pickup_squat_lowLight,150,,Standing,,0.959,0.0,49.4866
Bend_pickup_squat_lowLight,151,,Standing,,0.961,0.0,55.3128
Bend_pickup_squat_lowLight,152,,Standing,,0.958,0.0,57.8278
Bend_pickup_squat_lowLight,153,,Standing,,0.958,0.0,71.5581
Bend_pickup_squat_lowLight,154,,Standing,,0.954,0.0,58.4994
Bend_pickup_squat_lowLight,155,,Standing,,0.956,0.0,66.6046
Bend_pickup_squat_lowLight,156,,Standing,,0.957,0.0,83.5066
Bend_pickup_squat_lowLight,157,,Standing,,0.967,0.0,88.5731
Bend_pickup_squat_lowLight,158,,Standing,,0.971,0.0,87.1226
Bend_pickup_squat_lowLight,159,,Standing,,0.978,0.0,72.8713
Bend_pickup_squat_lowLight,160,,Standing,,0.993,0.0,62.8807
Bend_pickup_squat_lowLight,161,,Standing,,0.993,0.0,68.5196
Bend_pickup_squat_lowLight,162,,Standing,,0.999,0.0,68.3865
Bend_pickup_squat_lowLight,163,,Standing,,0.999,0.0,63.8379
Bend_pickup_squat_lowLight,164,,Standing,,0.999,0.0,59.8056
Bend_pickup_squat_lowLight,165,,Standing,,0.999,0.0,65.7849
Bend_pickup_squat_lowLight,166,,Standing,,0.999,0.0,59.4214
Bend_pickup_squat_lowLight,167,,Standing,,0.999,0.0,44.1543
Bend_pickup_squat_lowLight,168,,Standing,,0.999,0.0,56.5319
Bend_pickup_squat_lowLight,169,,Standing,,0.999,0.0,55.9423
Bend_pickup_squat_lowLight,170,,Standing,,0.999,0.0,70.9737
Bend_pickup_squat_lowLight,171,,Standing,,0.998,0.0,54.7705
Bend_pickup_squat_lowLight,172,,Standing,,0.996,0.0,47.8912
Bend_pickup_squat_lowLight,173,,Standing,,0.993,0.0,55.9981
Bend_pickup_squat_lowLight,174,,Standing,,0.978,0.0,57.7654
Bend_pickup_squat_normalLight,31,,Standing,,0.953,0.0,67.1848
Bend_pickup_squat_normalLight,32,,Standing,,0.949,0.0,59.6262
Bend_pickup_squat_normalLight,33,,Standing,,0.939,0.0,58.4937
Bend_pickup_squat_normalLight,34,,Standing,,0.933,0.0,53.3611
Bend_pickup_squat_normalLight,35,,Standing,,0.929,0.0,54.2807
Bend_pickup_squat_normalLight,36,,Standing,,0.918,0.0,51.4196
Bend_pickup_squat_normalLight,37,,Standing,,0.916,0.0,44.7353
Bend_pickup_squat_normalLight,38,,Standing,,0.905,0.0,44.9724
Bend_pickup_squat_normalLight,39,,Standing,,0.908,0.0,50.8342
Bend_pickup_squat_normalLight,40,,Standing,,0.905,0.0,50.1911
Bend_pickup_squat_normalLight,41,,Standing,,0.898,0.0,49.4095
Bend_pickup_squat_normalLight,42,,Standing,,0.898,0.0,47.1742
Bend_pickup_squat_normalLight,43,,Standing,,0.908,0.0,53.1356
Bend_pickup_squat_normalLight,44,,Standing,,0.914,0.0,44.603
Bend_pickup_squat_normalLight,45,,Standing,,0.937,0.0,44.0091
Bend_pickup_squat_normalLight,46,,Standing,,0.95,0.0,52.3937
Bend_pickup_squat_normalLight,47,,Standing,,0.951,0.0,52.9599
Bend_pickup_squat_normalLight,48,,Standing,,0.956,0.0,35.8683
Bend_pickup_squat_normalLight,49,,Standing,,0.967,0.0,50.3246
Bend_pickup_squat_normalLight,50,,Standing,,0.967,0.0,44.5144
Bend_pickup_squat_normalLight,51,,Standing,,0.959,0.0,45.3436
Bend_pickup_squat_normalLight,52,,Standing,,0.943,0.0,61.4264
Bend_pickup_squat_normalLight,53,,Standing,,0.929,0.0,61.3644
Bend_pickup_squat_normalLight,54,,Standing,,0.918,0.0,43.9682
Bend_pickup_squat_normalLight,55,,Standing,,0.917,0.0,48.6148
Bend_pickup_squat_normalLight,56,,Standing,,0.921,0.0,56.7729
Bend_pickup_squat_normalLight,57,,Standing,,0.919,0.0,57.6996
Bend_pickup_squat_normalLight,58,,Standing,,0.922,0.0,48.2168
Bend_pickup_squat_normalLight,59,,Standing,,0.893,0.0,61.035
Bend_pickup_squat_normalLight,60,,Standing,,0.868,0.0,46.2072
Bend_pickup_squat_normalLight,61,,Standing,,0.857,0.0,46.1445
Bend_pickup_squat_normalLight,62,,Standing,,0.845,0.0,47.6532
Bend_pickup_squat_normalLight,63,,Standing,,0.824,0.0,36.7108
Bend_pickup_squat_normalLight,64,,Standing,,0.778,0.0,30.2111
Bend_pickup_squat_normalLight,65,,Standing,,0.774,0.0,49.3734
Bend_pickup_squat_normalLight,66,,Standing,,0.739,0.0,49.2056
Bend_pickup_squat_normalLight,67,,Standing,,0.695,0.0,35.1577
Bend_pickup_squat_normalLight,68,,Standing,,0.623,0.0,27.7147
Bend_pickup_squat_normalLight,69,,Standing,,0.582,0.0,30.086
Bend_pickup_squat_normalLight,70,,Standing,,0.479,0.0,37.8935
Bend_pickup_squat_normalLight,71,,Standing,,0.436,0.0,48.2513
Bend_pickup_squat_normalLight,72,,Standing,,0.397,0.0,46.5997
Bend_pickup_squat_normalLight,73,,Sitting,,0.38,0.0,37.6697
Bend_pickup_squat_normalLight,74,,Sitting,,0.394,0.0,31.8476
Bend_pickup_squat_normalLight,75,,Sitting,,0.374,0.0,28.0697
Bend_pickup_squat_normalLight,76,,Sitting,,0.421,0.0,43.1039
Bend_pickup_squat_normalLight,77,,Sitting,,0.446,0.0,30.6428
Bend_pickup_squat_normalLight,78,,Sitting,,0.474,0.0,32.4423
Bend_pickup_squat_normalLight,79,,Sitting,,0.487,0.0,26.7
Bend_pickup_squat_normalLight,80,,Sitting,,0.525,0.0,29.0563
Bend_pickup_squat_normalLight,81,,Sitting,,0.513,0.0,26.1509
Bend_pickup_squat_normalLight,82,,Sitting,,0.521,0.0,36.0802
Bend_pickup_squat_normalLight,83,,Sitting,,0.53,0.0,38.6658
Bend_pickup_squat_normalLight,84,,Sitting,,0.518,0.0,45.175
Bend_pickup_squat_normalLight,85,,Sitting,,0.502,0.0,47.4454
Bend_pickup_squat_normalLight,86,,Sitting,,0.506,0.0,41.1102
Bend_pickup_squat_normalLight,87,,Sitting,,0.507,0.0,37.5846
Bend_pickup_squat_normalLight,88,,Sitting,,0.505,0.0,28.6685
Bend_pickup_squat_normalLight,89,,Sitting,,0.5,0.0,42.4423
Bend_pickup_squat_normalLight,90,,Sitting,,0.493,0.0,26.2114
Bend_pickup_squat_normalLight,91,,Sitting,,0.499,0.0,45.6207
Bend_pickup_squat_normalLight,92,,Sitting,,0.476,0.0,41.9304
Bend_pickup_squat_normalLight,93,,Sitting,,0.487,0.0,28.2108
Bend_pickup_squat_normalLight,94,,Sitting,,0.51,0.0,35.9869
Bend_pickup_squat_normalLight,95,,Sitting,,0.495,0.0,43.3132
Bend_pickup_squat_normalLight,96,,Sitting,,0.495,0.0,47.7201
Bend_pickup_squat_normalLight,97,,Sitting,,0.492,0.0,37.5299
Bend_pickup_squat_normalLight,98,,Sitting,,0.482,0.0,44.0435
Bend_pickup_squat_normalLight,99,,Sitting,,0.491,0.0,44.07
Bend_pickup_squat_normalLight,100,,Sitting,,0.489,0.0,44.5169
Bend_pickup_squat_normalLight,101,,Sitting,,0.497,0.0,45.3068
Bend_pickup_squat_normalLight,102,,Sitting,,0.489,0.0,45.155
Bend_pickup_squat_normalLight,103,,Sitting,,0.483,0.0,28.3243
Bend_pickup_squat_normalLight,104,,Sitting,,0.468,0.0,39.4171
Bend_pickup_squat_normalLight,105,,Sitting,,0.445,0.0,41.6223
Bend_pickup_squat_normalLight,106,,Sitting,,0.421,0.0,43.1474
Bend_pickup_squat_normalLight,107,,Sitting,,0.386,0.0,42.3997
Bend_pickup_squat_normalLight,108,,Standing,,0.38,0.0,44.3956
Bend_pickup_squat_normalLight,109,,Standing,,0.429,0.0,42.5597
Bend_pickup_squat_normalLight,110,,Standing,,0.472,0.0,35.1484
Bend_pickup_squat_normalLight,111,,Standing,,0.527,0.0,46.2661
Bend_pickup_squat_normalLight,112,,Standing,,0.562,0.0,37.6904
Bend_pickup_squat_normalLight,113,,Standing,,0.583,0.0,42.5511
Bend_pickup_squat_normalLight,114,,Standing,,0.611,0.0,43.7734
Bend_pickup_squat_normalLight,115,,Standing,,0.646,0.0,48.4858
Bend_pickup_squat_normalLight,116,,Standing,,0.667,0.0,45.5706
Bend_pickup_squat_normalLight,117,,Standing,,0.672,0.0,45.9451
Bend_pickup_squat_normalLight,118,,Standing,,0.666,0.0,53.9284
Bend_pickup_squat_normalLight,119,,Standing,,0.678,0.0,44.8636
Bend_pickup_squat_normalLight,120,,Standing,,0.69,0.0,48.7385
Bend_pickup_squat_normalLight,121,,Standing,,0.681,0.0,38.223
Bend_pickup_squat_normalLight,122,,Standing,,0.701,0.0,48.9223
Bend_pickup_squat_normalLight,123,,Standing,,0.71,0.0,52.7638
Bend_pickup_squat_normalLight,124,,Standing,,0.703,0.0,47.1751
Bend_pickup_squat_normalLight,125,,Standing,,0.703,0.0,44.0931
Bend_pickup_squat_normalLight,126,,Standing,,0.711,0.0,45.998
Bend_pickup_squat_normalLight,127,,Standing,,0.703,0.0,43.0153
Bend_pickup_squat_normalLight,128,,Standing,,0.702,0.0,46.4243
Bend_pickup_squat_normalLight,129,,Standing,,0.707,0.0,55.5628
Bend_pickup_squat_normalLight,130,,Standing,,0.712,0.0,47.2175
Bend_pickup_squat_normalLight,131,,Standing,,0.729,0.0,45.5196
Bend_pickup_squat_normalLight,132,,Standing,,0.731,0.0,44.9183
Bend_pickup_squat_normalLight,133,,Standing,,0.724,0.0,47.4027
Bend_pickup_squat_normalLight,134,Standing,Standing,True,0.726,0.0,47.6397
Bend_pickup_squat_normalLight,135,Standing,Standing,True,0.741,0.0,40.8657
Bend_pickup_squat_normalLight,136,Standing,Standing,True,0.753,0.0,48.0858
Bend_pickup_squat_normalLight,137,Standing,Standing,True,0.755,0.0,47.626
Bend_pickup_squat_normalLight,138,Standing,Standing,True,0.747,0.0,49.1263
Bend_pickup_squat_normalLight,139,Standing,Standing,True,0.756,0.0,49.6254
Bend_pickup_squat_normalLight,140,Standing,Standing,True,0.763,0.0,49.2035
Bend_pickup_squat_normalLight,141,Standing,Standing,True,0.765,0.0,45.6327
Bend_pickup_squat_normalLight,142,Standing,Standing,True,0.777,0.0,46.3236
Bend_pickup_squat_normalLight,143,Standing,Standing,True,0.794,0.0,45.4608
Bend_pickup_squat_normalLight,144,Standing,Standing,True,0.808,0.0,46.7513
Bend_pickup_squat_normalLight,145,Standing,Standing,True,0.827,0.0,35.211
Bend_pickup_squat_normalLight,146,,Standing,,0.847,0.0,43.646
Bend_pickup_squat_normalLight,147,,Standing,,0.844,0.0,42.7558
Bend_pickup_squat_normalLight,148,,Standing,,0.851,0.0,34.0356
Bend_pickup_squat_normalLight,149,,Standing,,0.866,0.0,45.6371
Bend_pickup_squat_normalLight,150,,Standing,,0.881,0.0,43.7956
Bend_pickup_squat_normalLight,151,,Standing,,0.901,0.0,45.18
Bend_pickup_squat_normalLight,152,,Standing,,0.928,0.0,42.9007
Bend_pickup_squat_normalLight,153,,Standing,,0.937,0.0,35.5467
Bend_pickup_squat_normalLight,154,,Standing,,0.95,0.0,49.5892
Bend_pickup_squat_normalLight,155,,Standing,,0.947,0.0,43.8981
Bend_pickup_squat_normalLight,156,,Standing,,0.947,0.0,36.6664
Bend_pickup_squat_normalLight,157,,Standing,,0.954,0.0,32.0493
Bend_pickup_squat_normalLight,158,,Standing,,0.957,0.0,47.0348
Bend_pickup_squat_normalLight,159,,Standing,,0.965,0.0,45.5719
Bend_pickup_squat_normalLight,160,,Standing,,0.974,0.0,51.7202
Kneeling,31,,Standing,,0.902,0.0,41.546
Kneeling,32,,Standing,,0.908,0.0,32.3478
Kneeling,33,,Standing,,0.909,0.0,50.5512
Kneeling,34,,Standing,,0.92,0.0,40.0267
Kneeling,35,,Standing,,0.925,0.0,51.2761
Kneeling,36,,Standing,,0.928,0.0,49.1153
Kneeling,37,,Standing,,0.932,0.0,47.0844
Kneeling,38,,Standing,,0.933,0.0,40.8736
Kneeling,39,,Standing,,0.921,0.0,51.0813
Kneeling,40,,Standing,,0.91,0.0,51.8769
Kneeling,41,,Standing,,0.906,0.0,48.0896
Kneeling,42,,Standing,,0.891,0.0,51.523
Kneeling,43,,Standing,,0.871,0.0,51.598
Kneeling,44,,Standing,,0.863,0.0,63.0842
Kneeling,45,,Standing,,0.827,0.0,54.3465
Kneeling,46,,Standing,,0.808,0.0,64.1127
Kneeling,47,,Standing,,0.81,0.0,62.373
Kneeling,48,,Standing,,0.78,0.0,50.4215
Kneeling,49,,Standing,,0.758,0.0,54.7106
Kneeling,50,,Standing,,0.744,0.0,51.4892
Kneeling,51,,Standing,,0.719,0.0,58.2704
Kneeling,52,,Standing,,0.692,0.0,59.0939
Kneeling,53,,Standing,,0.662,0.0,54.7148
Kneeling,54,,Standing,,0.596,0.0,61.1207
Kneeling,55,,Standing,,0.527,0.0,76.2047
Kneeling,56,,Standing,,0.44,0.0,55.7875
Kneeling,57,Sitting,Standing,False,0.397,0.0,70.8753
Kneeling,58,Sitting,Sitting,True,0.468,0.0,57.4907
Kneeling,59,Sitting,Sitting,True,0.505,0.0,52.324
Kneeling,60,Sitting,Sitting,True,0.541,0.0,56.3504
Kneeling,61,Sitting,Sitting,True,0.545,0.0,62.2911
Kneeling,62,Sitting,Sitting,True,0.525,0.0,57.8348
Kneeling,63,Sitting,Sitting,True,0.53,0.0,56.3884
Kneeling,64,Sitting,Sitting,True,0.533,0.0,66.8778
Kneeling,65,Sitting,Sitting,True,0.484,0.0,56.3149
Kneeling,66,Sitting,Sitting,True,0.495,0.0,52.3429
Kneeling,67,Sitting,Sitting,True,0.484,0.0,56.7297
Kneeling,68,Sitting,Sitting,True,0.44,0.0,63.3997
Kneeling,69,Sitting,Sitting,True,0.447,0.0,63.7764
Kneeling,70,Sitting,Sitting,True,0.44,0.0,56.7817
Kneeling,71,Sitting,Sitting,True,0.422,0.0,54.0592
Kneeling,72,Sitting,Sitting,True,0.418,0.0,58.8628
Kneeling,73,Sitting,Sitting,True,0.462,0.0,58.1434
Kneeling,74,Sitting,Sitting,True,0.444,0.0,49.6035
Kneeling,75,Sitting,Sitting,True,0.455,0.0,49.8578
Kneeling,76,Sitting,Sitting,True,0.474,0.0,44.0283
Kneeling,77,Sitting,Sitting,True,0.468,0.0,36.7689
Kneeling,78,Sitting,Sitting,True,0.487,0.0,50.2826
Kneeling,79,Sitting,Sitting,True,0.508,0.0,40.7911
Kneeling,80,Sitting,Sitting,True,0.508,0.0,47.3329
Kneeling,81,Sitting,Sitting,True,0.509,0.0,50.7892
Kneeling,82,Sitting,Sitting,True,0.53,0.0,55.977
Kneeling,83,Sitting,Sitting,True,0.526,0.0,73.8712
Kneeling,84,Sitting,Sitting,True,0.529,0.0,84.4215
Kneeling,85,Sitting,Sitting,True,0.528,0.0,76.9147
Kneeling,86,Sitting,Sitting,True,0.523,0.0,75.8428
Kneeling,87,Sitting,Sitting,True,0.526,0.0,76.584
Kneeling,88,Sitting,Sitting,True,0.527,0.0,72.4381
Kneeling,89,Sitting,Sitting,True,0.531,0.0,68.9273
Kneeling,90,Sitting,Sitting,True,0.541,0.0,55.7503
Kneeling,91,Sitting,Sitting,True,0.534,0.0,59.2935
Kneeling,92,Sitting,Sitting,True,0.54,0.0,59.7693
Kneeling,93,Sitting,Sitting,True,0.539,0.0,61.4953
Kneeling,94,Sitting,Sitting,True,0.535,0.0,43.6272
Kneeling,95,Sitting,Sitting,True,0.537,0.0,46.9625
Kneeling,96,Sitting,Sitting,True,0.55,0.0,52.3676
Kneeling,97,Sitting,Sitting,True,0.545,0.0,50.3061
Kneeling,98,Sitting,Sitting,True,0.543,0.0,49.7912
Kneeling,99,Sitting,Sitting,True,0.541,0.0,57.0546
Kneeling,100,Sitting,Sitting,True,0.542,0.0,56.9621
Kneeling,101,Sitting,Sitting,True,0.541,0.0,54.5455
Kneeling,102,Sitting,Sitting,True,0.551,0.0,58.6817
Kneeling,103,Sitting,Sitting,True,0.542,0.0,57.9938
Kneeling,104,Sitting,Sitting,True,0.547,0.0,58.2908
Kneeling,105,Sitting,Sitting,True,0.548,0.0,53.5418
Kneeling,106,Sitting,Sitting,True,0.544,0.0,58.1271
Kneeling,107,Sitting,Sitting,True,0.545,0.0,64.8149
Kneeling,108,Sitting,Sitting,True,0.546,0.0,62.2236
Kneeling,109,Sitting,Sitting,True,0.544,0.0,55.6115
Kneeling,110,Sitting,Sitting,True,0.547,0.0,67.7576
Kneeling,111,Sitting,Sitting,True,0.541,0.0,64.3122
Kneeling,112,Sitting,Sitting,True,0.546,0.0,57.1487
Kneeling,113,Sitting,Sitting,True,0.546,0.0,59.3265
Kneeling,114,Sitting,Sitting,True,0.544,0.0,45.6867
Kneeling,115,Sitting,Sitting,True,0.541,0.0,51.6137
Kneeling,116,Sitting,Sitting,True,0.537,0.0,48.2673
Kneeling,117,Sitting,Sitting,True,0.535,0.0,51.9551
Kneeling,118,Sitting,Sitting,True,0.53,0.0,41.8726
Kneeling,119,Sitting,Sitting,True,0.536,0.0,47.6228
Kneeling,120,Sitting,Sitting,True,0.528,0.0,38.6749
Kneeling,121,Sitting,Sitting,True,0.528,0.0,35.6277
Kneeling,122,Sitting,Sitting,True,0.533,0.0,50.9918
Kneeling,123,Sitting,Sitting,True,0.528,0.0,51.7992
Kneeling,124,Sitting,Sitting,True,0.53,0.0,51.4257
Kneeling,125,Sitting,Sitting,True,0.53,0.0,71.1957
Kneeling,126,Sitting,Sitting,True,0.531,0.0,51.2441
Kneeling,127,Sitting,Sitting,True,0.53,0.0,50.0111
Kneeling,128,,Sitting,,0.53,0.0,36.934
Kneeling,129,,Sitting,,0.527,0.0,43.5687
Kneeling,130,,Sitting,,0.528,0.0,56.2967
Kneeling,131,,Sitting,,0.527,0.0,57.3546
Kneeling,132,,Sitting,,0.534,0.0,51.7516
Kneeling,133,,Sitting,,0.521,0.0,46.3778
Kneeling,134,,Sitting,,0.527,0.0,42.9938
Kneeling,135,,Sitting,,0.521,0.0,49.1415
Kneeling,136,,Sitting,,0.516,0.0,44.9207
Kneeling,137,,Sitting,,0.535,0.0,44.957
Kneeling,138,,Sitting,,0.536,0.0,37.0404
Kneeling,139,,Sitting,,0.538,0.0,27.8716
Kneeling,140,,Sitting,,0.535,0.0,32.9611
Kneeling,141,,Sitting,,0.544,0.0,28.1431
Kneeling,142,,Sitting,,0.542,0.0,28.2118
Kneeling,143,,Sitting,,0.538,0.0,30.1693
Kneeling,144,,Sitting,,0.541,0.0,26.7576
Kneeling,145,,Sitting,,0.534,0.0,41.9083
Kneeling,146,,Sitting,,0.544,0.0,36.3682
Kneeling,147,,Sitting,,0.552,0.0,40.7017
Kneeling,148,,Sitting,,0.563,0.0,39.9445
Kneeling,149,,Sitting,,0.555,0.0,39.6727
Kneeling,150,,Sitting,,0.557,0.0,44.6463
Kneeling,151,,Sitting,,0.547,0.0,48.7393
Kneeling,152,,Sitting,,0.531,0.0,48.7083
Kneeling,153,,Sitting,,0.521,0.0,50.5793
Kneeling,154,,Sitting,,0.456,0.0,47.1536
Kneeling,155,,Sitting,,0.381,0.0,35.8365
Kneeling,156,Standing,Standing,True,0.431,0.0,41.6756
Kneeling,157,Standing,Standing,True,0.514,0.0,42.1533
Kneeling,158,Standing,Standing,True,0.551,0.0,45.3822
Kneeling,159,Standing,Standing,True,0.616,0.0,49.4923
Kneeling,160,Standing,Standing,True,0.645,0.0,51.2205
Kneeling,161,Standing,Standing,True,0.674,0.0,57.126
Kneeling,162,Standing,Standing,True,0.714,0.0,52.9686
Kneeling,163,Standing,Standing,True,0.75,0.0,66.2807
Kneeling,164,Standing,Standing,True,0.771,0.0,56.2333
Kneeling,165,Standing,Standing,True,0.818,0.0,59.8976
Kneeling,166,Standing,Standing,True,0.834,0.0,67.4575
Kneeling,167,Standing,Standing,True,0.851,0.0,42.7153
Kneeling,168,Standing,Standing,True,0.854,0.0,53.1226
Kneeling,169,Standing,Standing,True,0.857,0.0,55.9629
Kneeling,170,Standing,Standing,True,0.868,0.0,65.3093
Kneeling,171,,Standing,,0.872,0.0,70.6896
Kneeling,172,,Standing,,0.881,0.0,54.8498
Kneeling,173,,Standing,,0.888,0.0,58.3232
Kneeling,174,,Standing,,0.893,0.0,51.831
Kneeling,175,,Standing,,0.894,0.0,47.8144
Kneeling,176,,Standing,,0.908,0.0,55.2459
Kneeling,177,,Standing,,0.91,0.0,52.1974
Kneeling,178,,Standing,,0.92,0.0,62.2456
Kneeling,179,,Standing,,0.936,0.0,64.3065
Kneeling,180,,Standing,,0.938,0.0,60.7876
Kneeling,181,,Standing,,0.965,0.0,64.1831
Kneeling,182,,Standing,,0.96,0.0,60.0575
Kneeling,183,,Standing,,0.967,0.0,53.0858
Kneeling,184,,Standing,,0.987,0.0,53.8675
Kneeling,185,,Standing,,0.987,0.0,55.7896
Kneeling,186,,Standing,,0.987,0.0,48.5322
Kneeling,187,,Standing,,0.985,0.0,62.9626
Kneeling,188,,Standing,,0.987,0.0,65.2539
Kneeling,189,,Standing,,0.99,0.0,58.2895
Kneeling,190,,Standing,,0.99,0.0,68.6423
LyingdownSlowly,31,,Standing,,0.865,0.0,62.4281
LyingdownSlowly,32,,Standing,,0.88,0.0,55.6906
LyingdownSlowly,33,,Standing,,0.858,0.0,58.5668
LyingdownSlowly,34,,Standing,,0.874,0.0,58.2564
LyingdownSlowly,35,,Standing,,0.846,0.0,58.7124
LyingdownSlowly,36,,Standing,,0.791,0.0,46.4268
LyingdownSlowly,37,,Standing,,0.724,0.0,64.9073
LyingdownSlowly,38,,Standing,,0.688,0.0,40.3754
LyingdownSlowly,39,,Standing,,0.681,0.0,53.1839
LyingdownSlowly,40,,Standing,,0.698,0.0,47.6471
LyingdownSlowly,41,,Standing,,0.687,0.0,51.1873
LyingdownSlowly,42,,Standing,,0.702,0.0,48.2999
LyingdownSlowly,43,,Standing,,0.704,0.0,62.7303
LyingdownSlowly,44,,Standing,,0.668,0.0,68.6793
LyingdownSlowly,45,,Standing,,0.657,0.0,65.783
LyingdownSlowly,46,,Standing,,0.614,0.0,58.5173
LyingdownSlowly,47,,Standing,,0.574,0.0,76.845
LyingdownSlowly,48,,Standing,,0.554,0.0,69.7084
LyingdownSlowly,49,,Standing,,0.536,0.0,60.113
LyingdownSlowly,50,,Standing,,0.554,0.0,49.6997
LyingdownSlowly,51,,Standing,,0.529,0.0,49.2799
LyingdownSlowly,52,,Standing,,0.46,0.0,67.8531
LyingdownSlowly,53,,Standing,,0.407,0.0,59.8288
LyingdownSlowly,54,,Standing,,0.349,0.0,47.8532
LyingdownSlowly,55,,Standing,,0.318,0.0,56.2239
LyingdownSlowly,56,,Lying,,0.277,0.0,58.0045
LyingdownSlowly,57,,Lying,,0.295,0.0,61.4049
LyingdownSlowly,58,,Lying,,0.328,0.0,66.9165
LyingdownSlowly,59,,Lying,,0.339,0.0,67.7915
LyingdownSlowly,60,,Lying,,0.329,0.0,62.4725
LyingdownSlowly,61,,Lying,,0.314,0.0,79.0105
LyingdownSlowly,62,,Lying,,0.324,0.0,92.8651
LyingdownSlowly,63,,Lying,,0.336,0.0,154.6415
LyingdownSlowly,64,,Lying,,0.321,0.0,122.9787
LyingdownSlowly,65,,Lying,,0.328,0.0,230.4176
LyingdownSlowly,66,,Lying,,0.341,0.0,100.4944
LyingdownSlowly,67,,Lying,,0.287,0.0,85.1196
LyingdownSlowly,68,,Lying,,0.307,0.0,92.0532
LyingdownSlowly,69,,Lying,,0.325,0.0,70.9067
LyingdownSlowly,70,,Sitting,,0.305,0.0,68.4191
LyingdownSlowly,71,,Sitting,,0.327,0.0,67.5143
LyingdownSlowly,72,,Lying,,0.327,0.0,71.2572
LyingdownSlowly,73,,Sitting,,0.354,0.0,65.6233
LyingdownSlowly,74,,Sitting,,0.35,0.0,199.2169
LyingdownSlowly,75,,Sitting,,0.374,0.0,130.2494
LyingdownSlowly,76,,Sitting,,0.411,0.0,108.1126
LyingdownSlowly,77,,Sitting,,0.43,0.0,133.3169
LyingdownSlowly,78,,Sitting,,0.468,0.0,72.2662
LyingdownSlowly,79,,Sitting,,0.473,0.0,81.9528
LyingdownSlowly,80,,Sitting,,0.491,0.0,69.909
LyingdownSlowly,81,,Sitting,,0.531,0.0,56.2319
LyingdownSlowly,82,,Sitting,,0.547,0.0,58.1979
LyingdownSlowly,83,,Sitting,,0.533,0.0,66.5975
LyingdownSlowly,84,,Sitting,,0.545,0.0,68.2569
LyingdownSlowly,85,,Sitting,,0.567,0.0,70.4223
LyingdownSlowly,86,,Sitting,,0.565,0.0,85.1575
LyingdownSlowly,87,,Sitting,,0.56,0.0,70.9354
LyingdownSlowly,88,,Sitting,,0.57,0.0,99.2388
LyingdownSlowly,89,,Sitting,,0.586,0.0,88.7147
LyingdownSlowly,90,,Sitting,,0.577,0.0,81.5207
LyingdownSlowly,91,,Sitting,,0.554,0.0,76.7332
LyingdownSlowly,92,,Sitting,,0.562,0.0,79.8727
LyingdownSlowly,93,,Sitting,,0.523,0.0,107.7817
LyingdownSlowly,94,,Sitting,,0.491,0.0,101.5203
LyingdownSlowly,95,,Sitting,,0.446,0.0,268.2084
LyingdownSlowly,96,,Sitting,,0.401,0.0,186.6205
LyingdownSlowly,97,,Sitting,,0.368,0.0,148.4402
LyingdownSlowly,98,,Lying,,0.347,0.0,140.6213
LyingdownSlowly,99,,Lying,,0.359,0.0,207.2942
LyingdownSlowly,100,,Lying,,0.357,0.0,257.0286
LyingdownSlowly,101,,Lying,,0.366,0.0,80.2409
LyingdownSlowly,102,,Lying,,0.393,0.0,79.948
LyingdownSlowly,103,,Lying,,0.427,0.0,96.2267
LyingdownSlowly,104,,Lying,,0.464,0.0,78.3686
LyingdownSlowly,105,,Lying,,0.501,0.0,85.2915
LyingdownSlowly,106,,Lying,,0.521,0.0,67.02
LyingdownSlowly,107,,Lying,,0.523,0.0,70.7874
LyingdownSlowly,108,,Lying,,0.538,0.0,70.958
LyingdownSlowly,109,,Lying,,0.549,0.0,67.5316
LyingdownSlowly,110,,Lying,,0.562,0.0,76.839
LyingdownSlowly,111,,Lying,,0.561,0.0,81.1403
LyingdownSlowly,112,,Lying,,0.573,0.0,80.1952
LyingdownSlowly,113,,Lying,,0.572,0.0,83.0611
LyingdownSlowly,114,,Lying,,0.576,0.0,67.704
LyingdownSlowly,115,,Lying,,0.6,0.0,74.7448
LyingdownSlowly,116,,Lying,,0.59,0.0,78.567
LyingdownSlowly,117,,Lying,,0.6,0.0,68.8154
LyingdownSlowly,118,Lying,Lying,True,0.607,0.0,83.5042
LyingdownSlowly,119,Lying,Lying,True,0.608,0.0,63.5317
LyingdownSlowly,120,Lying,Lying,True,0.615,0.0,60.4399
LyingdownSlowly,121,Lying,Lying,True,0.586,0.0,56.6478
LyingdownSlowly,122,Lying,Lying,True,0.564,0.0,67.9917
LyingdownSlowly,123,Lying,Lying,True,0.548,0.0,63.1213
LyingdownSlowly,124,Lying,Lying,True,0.492,0.0,63.3203
LyingdownSlowly,125,Lying,Lying,True,0.478,0.0,54.8755
LyingdownSlowly,126,Lying,Lying,True,0.534,0.0,60.506
LyingdownSlowly,127,Lying,Lying,True,0.559,0.0,62.0426
LyingdownSlowly,128,Lying,Lying,True,0.587,0.0,55.9858
LyingdownSlowly,129,Lying,Lying,True,0.587,0.0,63.6191
LyingdownSlowly,130,Lying,Lying,True,0.59,0.0,69.8663
LyingdownSlowly,131,Lying,Lying,True,0.593,0.0,66.7577
LyingdownSlowly,132,Lying,Lying,True,0.596,0.0,62.2306
LyingdownSlowly,133,Lying,Lying,True,0.609,0.0,73.3153
LyingdownSlowly,134,Lying,Lying,True,0.594,0.0,69.6274
LyingdownSlowly,135,Lying,Lying,True,0.621,0.0,63.6781
LyingdownSlowly,136,Lying,Lying,True,0.615,0.0,71.5774
LyingdownSlowly,137,Lying,Lying,True,0.613,0.0,68.3228
LyingdownSlowly,138,Lying,Lying,True,0.615,0.0,69.6094
LyingdownSlowly,139,Lying,Lying,True,0.604,0.0,70.602
LyingdownSlowly,140,Lying,Lying,True,0.585,0.0,64.8763
LyingdownSlowly,141,Lying,Lying,True,0.591,0.0,65.5121
LyingdownSlowly,142,Lying,Lying,True,0.564,0.0,66.4018
LyingdownSlowly,143,Lying,Lying,True,0.57,0.0,73.1429
LyingdownSlowly,144,Lying,Lying,True,0.566,0.0,60.9981
LyingdownSlowly,145,Lying,Lying,True,0.566,0.0,70.6355
LyingdownSlowly,146,Lying,Lying,True,0.56,0.0,64.3192
LyingdownSlowly,147,Lying,Lying,True,0.532,0.0,59.3908
LyingdownSlowly,148,Lying,Lying,True,0.518,0.0,54.9178
LyingdownSlowly,149,Lying,Lying,True,0.497,0.0,64.1952
LyingdownSlowly,150,Lying,Lying,True,0.511,0.0,54.8454
LyingdownSlowly,151,Lying,Lying,True,0.511,0.0,59.5135
LyingdownSlowly,152,Lying,Lying,True,0.486,0.0,57.4617
LyingdownSlowly,153,Lying,Lying,True,0.512,0.0,58.0418
LyingdownSlowly,154,Lying,Lying,True,0.5,0.0,68.986
LyingdownSlowly,155,Lying,Lying,True,0.521,0.0,70.1491
LyingdownSlowly,156,Lying,Lying,True,0.529,0.0,58.3668
LyingdownSlowly,157,Lying,Lying,True,0.527,0.0,56.3316
LyingdownSlowly,158,Lying,Lying,True,0.501,0.0,46.8682
LyingdownSlowly,159,Lying,Lying,True,0.526,0.0,57.4133
LyingdownSlowly,160,Lying,Lying,True,0.518,0.0,69.5273
LyingdownSlowly,161,Lying,Lying,True,0.53,0.0,63.5244
LyingdownSlowly,162,Lying,Lying,True,0.519,0.0,72.0324
LyingdownSlowly,163,Lying,Lying,True,0.544,0.0,60.7343
LyingdownSlowly,164,Lying,Lying,True,0.553,0.0,63.8749
LyingdownSlowly,165,Lying,Lying,True,0.559,0.0,53.8459
LyingdownSlowly,166,Lying,Lying,True,0.56,0.0,61.5064
LyingdownSlowly,167,Lying,Lying,True,0.587,0.0,53.0417
LyingdownSlowly,168,Lying,Lying,True,0.601,0.0,54.9663
LyingdownSlowly,169,Lying,Lying,True,0.622,0.0,45.5967
LyingdownSlowly,170,Lying,Lying,True,0.625,0.0,61.1737
LyingdownSlowly,171,Lying,Lying,True,0.614,0.0,72.8029
LyingdownSlowly,172,Lying,Lying,True,0.611,0.0,62.703
LyingdownSlowly,173,Lying,Lying,True,0.629,0.0,69.0452
LyingdownSlowly,174,Lying,Lying,True,0.618,0.0,70.8701
LyingdownSlowly,175,Lying,Lying,True,0.621,0.0,67.1908
LyingdownSlowly,176,Lying,Lying,True,0.615,0.0,63.2335
LyingdownSlowly,177,Lying,Lying,True,0.597,0.0,72.3399
LyingdownSlowly,178,Lying,Lying,True,0.594,0.0,69.5487
LyingdownSlowly,179,Lying,Lying,True,0.603,0.0,66.9031
LyingdownSlowly,180,Lying,Lying,True,0.612,0.0,61.3543
LyingdownSlowly,181,Lying,Lying,True,0.608,0.0,67.3395
LyingdownSlowly,182,Lying,Lying,True,0.599,0.0,60.3733
LyingdownSlowly,183,Lying,Lying,True,0.6,0.0,62.9231
LyingdownSlowly,184,Lying,Lying,True,0.599,0.0,55.1028
LyingdownSlowly,185,Lying,Lying,True,0.596,0.0,58.1685
LyingdownSlowly,186,Lying,Lying,True,0.585,0.0,66.9062
LyingdownSlowly,187,Lying,Lying,True,0.607,0.0,63.5221
LyingdownSlowly,188,Lying,Lying,True,0.61,0.0,63.4638
LyingdownSlowly,189,Lying,Lying,True,0.602,0.0,63.5615
LyingdownSlowly,190,Lying,Lying,True,0.619,0.0,51.7738
LyingdownSlowly,191,Lying,Lying,True,0.611,0.0,55.4781
LyingdownSlowly,192,Lying,Lying,True,0.602,0.0,44.5493
LyingdownSlowly,193,Lying,Lying,True,0.619,0.0,54.4127
LyingdownSlowly,194,Lying,Lying,True,0.609,0.0,48.4207
LyingdownSlowly,195,Lying,Lying,True,0.614,0.0,39.8859
LyingdownSlowly,196,Lying,Lying,True,0.604,0.0,47.933
LyingdownSlowly,197,Lying,Lying,True,0.592,0.0,49.77
LyingdownSlowly,198,Lying,Lying,True,0.583,0.0,52.1277
LyingdownSlowly,199,Lying,Lying,True,0.576,0.0,38.3704
LyingdownSlowly,200,Lying,Lying,True,0.572,0.0,59.3783
LyingdownSlowly,201,Lying,Lying,True,0.555,0.0,51.9841
LyingdownSlowly,202,Lying,Lying,True,0.562,0.0,56.8943
LyingdownSlowly,203,Lying,Lying,True,0.572,0.0,51.4365
LyingdownSlowly,204,Lying,Lying,True,0.6,0.0,51.9592
LyingdownSlowly,205,Lying,Lying,True,0.574,0.0,50.908
LyingdownSlowly,206,Lying,Lying,True,0.594,0.0,49.2431
LyingdownSlowly,207,Lying,Lying,True,0.586,0.0,46.8632
LyingdownSlowly,208,Lying,Lying,True,0.586,0.0,53.8202
LyingdownSlowly,209,Lying,Lying,True,0.591,0.0,53.7452
LyingdownSlowly,210,Lying,Lying,True,0.592,0.0,55.3098
LyingdownSlowly,211,Lying,Lying,True,0.569,0.0,65.2224
LyingdownSlowly,212,Lying,Lying,True,0.565,0.0,61.1802
LyingdownSlowly,213,Lying,Lying,True,0.566,0.0,60.5115
LyingdownSlowly,214,Lying,Lying,True,0.559,0.0,55.4458
LyingdownSlowly,215,Lying,Lying,True,0.581,0.0,58.3032
LyingdownSlowly,216,Lying,Lying,True,0.595,0.0,55.0397
LyingdownSlowly,217,Lying,Lying,True,0.584,0.0,52.5507
LyingdownSlowly,218,Lying,Lying,True,0.599,0.0,61.7665
LyingdownSlowly,219,Lying,Lying,True,0.596,0.0,69.1877
LyingdownSlowly,220,Lying,Lying,True,0.583,0.0,67.285
LyingdownSlowly,221,Lying,Lying,True,0.59,0.0,59.4009
LyingdownSlowly,222,Lying,Lying,True,0.577,0.0,57.8919
LyingdownSlowly,223,Lying,Lying,True,0.576,0.0,51.4638
LyingdownSlowly,224,Lying,Lying,True,0.571,0.0,53.1864
LyingdownSlowly,225,Lying,Lying,True,0.57,0.0,59.7823
LyingdownSlowly,226,Lying,Lying,True,0.575,0.0,58.4448
LyingdownSlowly,227,Lying,Lying,True,0.59,0.0,79.6451
LyingdownSlowly,228,Lying,Lying,True,0.584,0.0,81.6418
LyingdownSlowly,229,Lying,Lying,True,0.589,0.0,71.9588
LyingdownSlowly,230,Lying,Lying,True,0.596,0.0,95.6446
LyingdownSlowly,231,Lying,Lying,True,0.583,0.0,100.6852
LyingdownSlowly,232,Lying,Lying,True,0.596,0.0,81.4135
LyingdownSlowly,233,Lying,Lying,True,0.589,0.0,114.316
LyingdownSlowly,234,Lying,Lying,True,0.595,0.0,72.8892
LyingdownSlowly,235,Lying,Lying,True,0.597,0.0,72.4163
LyingdownSlowly,236,,Lying,,0.588,0.0,61.0808
LyingdownSlowly,237,,Lying,,0.592,0.0,65.1306
LyingdownSlowly,238,,Lying,,0.593,0.0,68.4308
LyingdownSlowly,239,,Lying,,0.592,0.0,66.172
LyingdownSlowly,240,,Lying,,0.596,0.0,63.3491
LyingdownSlowly,241,,Lying,,0.589,0.0,60.4175
LyingdownSlowly,242,,Lying,,0.578,0.0,70.266
LyingdownSlowly,243,,Lying,,0.569,0.0,48.8986
LyingdownSlowly,244,,Lying,,0.573,0.0,43.9284
LyingdownSlowly,245,,Lying,,0.566,0.0,62.4514
LyingdownSlowly,246,,Lying,,0.567,0.0,62.7091
LyingdownSlowly,247,,Lying,,0.582,0.0,59.5766
LyingdownSlowly,248,,Lying,,0.593,0.0,54.9469
LyingdownSlowly,249,,Lying,,0.588,0.0,58.9816
LyingdownSlowly,250,,Lying,,0.585,0.0,66.9923
LyingdownSlowly,251,,Lying,,0.587,0.0,55.3333
LyingdownSlowly,252,,Lying,,0.581,0.0,72.9168
LyingdownSlowly,253,,Lying,,0.579,0.0,54.6016
LyingdownSlowly,254,,Lying,,0.576,0.0,54.6199
LyingdownSlowly,255,,Lying,,0.577,0.0,61.0397
LyingdownSlowly,256,,Lying,,0.578,0.0,65.6253
LyingdownSlowly,257,,Lying,,0.575,0.0,70.0471
LyingdownSlowly,258,,Lying,,0.582,0.0,62.68
LyingdownSlowly,259,,Lying,,0.576,0.0,62.7972
LyingdownSlowly,260,,Lying,,0.566,0.0,60.0303
LyingdownSlowly,261,,Lying,,0.574,0.0,76.0525
LyingdownSlowly,262,,Lying,,0.584,0.0,51.5103
LyingdownSlowly,263,,Lying,,0.589,0.0,47.6379
LyingdownSlowly,264,,Lying,,0.613,0.0,48.1038
LyingdownSlowly,265,,Lying,,0.638,0.0,51.9714
LyingdownSlowly,266,,Lying,,0.627,0.0,44.8668
LyingdownSlowly,267,,Lying,,0.606,0.0,63.395
LyingdownSlowly,268,,Lying,,0.608,0.0,59.2222
LyingdownSlowly,269,,Lying,,0.602,0.0,51.5332
LyingdownSlowly,270,,Lying,,0.6,0.0,47.15
LyingdownSlowly,271,,Lying,,0.588,0.0,57.7899
LyingdownSlowly,272,,Lying,,0.553,0.0,60.4654
LyingdownSlowly,273,,Lying,,0.52,0.0,59.0548
LyingdownSlowly,274,,Lying,,0.487,0.0,55.3227
LyingdownSlowly,275,,Lying,,0.435,0.0,59.8471
LyingdownSlowly,276,,Lying,,0.406,0.0,63.4972
LyingdownSlowly,277,,Lying,,0.379,0.0,57.8476
LyingdownSlowly,278,,Lying,,0.348,0.0,59.6031
LyingdownSlowly,279,,Lying,,0.34,0.0,55.8953
LyingdownSlowly,280,,Lying,,0.318,0.0,71.0906
LyingdownSlowly,281,,Sitting,,0.322,0.0,74.0981
LyingdownSlowly,282,,Sitting,,0.327,0.0,47.042
LyingdownSlowly,283,,Sitting,,0.338,0.0,55.7342
LyingdownSlowly,284,,Sitting,,0.372,0.0,41.4343
LyingdownSlowly,285,,Sitting,,0.375,0.0,51.9666
LyingdownSlowly,286,,Sitting,,0.407,0.0,53.3086
LyingdownSlowly,287,,Sitting,,0.448,0.0,44.6743
LyingdownSlowly,288,,Sitting,,0.456,0.0,62.1287
LyingdownSlowly,289,,Sitting,,0.48,0.0,55.2728
LyingdownSlowly,290,,Sitting,,0.481,0.0,49.5131
LyingdownSlowly,291,,Sitting,,0.497,0.0,43.7058
LyingdownSlowly,292,,Sitting,,0.499,0.0,51.9892
LyingdownSlowly,293,,Sitting,,0.509,0.0,53.7773
LyingdownSlowly,294,,Sitting,,0.496,0.0,61.0775
LyingdownSlowly,295,,Sitting,,0.504,0.0,58.2989
LyingdownSlowly,296,,Sitting,,0.49,0.0,53.4389
LyingdownSlowly,297,,Sitting,,0.492,0.0,41.7244
LyingdownSlowly,298,,Sitting,,0.491,0.0,59.053
LyingdownSlowly,299,,Sitting,,0.496,0.0,54.9313
LyingdownSlowly,300,,Sitting,,0.488,0.0,61.5953
LyingdownSlowly,301,,Sitting,,0.49,0.0,59.3532
LyingdownSlowly,302,,Sitting,,0.484,0.0,54.7209
LyingdownSlowly,303,,Sitting,,0.489,0.0,55.4436
LyingdownSlowly,304,,Sitting,,0.494,0.0,45.7372
LyingdownSlowly,305,,Sitting,,0.501,0.0,53.8925
LyingdownSlowly,306,,Sitting,,0.497,0.0,56.3299
LyingdownSlowly,307,,Sitting,,0.503,0.0,59.2028
LyingdownSlowly,308,,Sitting,,0.502,0.0,49.3601
LyingdownSlowly,309,,Sitting,,0.51,0.0,52.4511
LyingdownSlowly,310,,Sitting,,0.509,0.0,57.9641
LyingdownSlowly,311,,Sitting,,0.506,0.0,55.743
LyingdownSlowly,312,,Sitting,,0.51,0.0,57.5888
LyingdownSlowly,313,,Sitting,,0.525,0.0,57.5075
LyingdownSlowly,314,,Sitting,,0.556,0.0,40.0257
LyingdownSlowly,315,,Sitting,,0.593,0.0,54.5982
LyingdownSlowly,316,,Sitting,,0.598,0.0,47.8731
LyingdownSlowly,317,,Sitting,,0.626,0.0,53.1501
LyingdownSlowly,318,,Sitting,,0.625,0.0,51.6874
LyingdownSlowly,319,,Sitting,,0.636,0.0,61.332
LyingdownSlowly,320,,Sitting,,0.627,0.0,57.827
LyingdownSlowly,321,,Sitting,,0.631,0.0,69.4146
LyingdownSlowly,322,,Sitting,,0.619,0.0,55.4677
LyingdownSlowly,323,,Sitting,,0.607,0.0,56.5209
LyingdownSlowly,324,,Sitting,,0.611,0.0,58.2399
LyingdownSlowly,325,,Sitting,,0.615,0.0,52.9459
LyingdownSlowly,326,,Sitting,,0.6,0.0,54.8085
LyingdownSlowly,327,,Sitting,,0.592,0.0,61.2443
LyingdownSlowly,328,,Sitting,,0.569,0.0,55.7245
LyingdownSlowly,329,,Sitting,,0.576,0.0,57.0934
LyingdownSlowly,330,,Sitting,,0.589,0.0,48.3967
LyingdownSlowly,331,,Sitting,,0.543,0.0,47.2941
LyingdownSlowly,332,,Sitting,,0.499,0.0,52.3634
LyingdownSlowly,333,,Sitting,,0.446,0.0,53.6775
LyingdownSlowly,334,,Sitting,,0.386,0.0,49.9166
LyingdownSlowly,335,,Sitting,,0.354,0.0,48.9866
LyingdownSlowly,336,,Sitting,,0.379,0.0,54.8591
LyingdownSlowly,337,,Sitting,,0.39,0.0,52.0924
LyingdownSlowly,338,,Sitting,,0.391,0.0,53.8526
LyingdownSlowly,339,,Sitting,,0.359,0.0,54.3293
LyingdownSlowly,340,,Sitting,,0.379,0.0,45.7684
LyingdownSlowly,341,,Sitting,,0.391,0.0,43.8395
LyingdownSlowly,342,,Sitting,,0.451,0.0,40.1912
LyingdownSlowly,343,,Sitting,,0.489,0.0,41.5205
LyingdownSlowly,344,,Sitting,,0.472,0.0,46.0842
LyingdownSlowly,345,,Sitting,,0.432,0.0,46.3455
LyingdownSlowly,346,,Sitting,,0.393,0.0,51.4406
LyingdownSlowly,347,,Sitting,,0.375,0.0,38.6741
LyingdownSlowly,348,,Sitting,,0.316,0.0,46.3762
LyingdownSlowly,349,,Sitting,,0.289,0.0,51.2237
LyingdownSlowly,350,,Lying,,0.297,0.0,50.9784
LyingdownSlowly,351,,Lying,,0.313,0.0,48.3582
LyingdownSlowly,352,,Lying,,0.37,0.0,39.2225
LyingdownSlowly,353,,Lying,,0.391,0.0,46.0783
LyingdownSlowly,354,,Lying,,0.377,0.0,46.6627
LyingdownSlowly,355,,Lying,,0.376,0.0,45.7804
LyingdownSlowly,356,,Lying,,0.385,0.0,46.2117
LyingdownSlowly,357,,Lying,,0.405,0.0,43.6482
LyingdownSlowly,358,,Lying,,0.409,0.0,43.6331
LyingdownSlowly,359,,Lying,,0.404,0.0,41.5684
LyingdownSlowly,360,,Standing,,0.399,0.0,38.0317
LyingdownSlowly,361,,Standing,,0.42,0.0,28.537
LyingdownSlowly,362,,Standing,,0.467,0.0,25.1021
LyingdownSlowly,363,,Standing,,0.475,0.0,28.3784
LyingdownSlowly,364,,Standing,,0.49,0.0,40.7812
LyingdownSlowly,365,,Standing,,0.498,0.0,45.3677
LyingdownSlowly,366,,Standing,,0.522,0.0,36.721
LyingdownSlowly,367,,Standing,,0.554,0.0,33.0783
LyingdownSlowly,368,,Standing,,0.57,0.0,38.2978
LyingdownSlowly,369,,Standing,,0.584,0.0,34.0174
LyingdownSlowly,370,,Standing,,0.572,0.0,44.9574
LyingdownSlowly,371,,Standing,,0.578,0.0,46.175
LyingdownSlowly,372,,Standing,,0.562,0.0,44.0071
LyingdownSlowly,373,,Standing,,0.58,0.0,46.9716
LyingdownSlowly,374,,Standing,,0.579,0.0,47.2476
LyingdownSlowly,375,,Standing,,0.591,0.0,42.9298
LyingdownSlowly,376,,Standing,,0.605,0.0,41.8649
LyingdownSlowly,377,,Standing,,0.627,0.0,29.3942
LyingdownSlowly,378,,Standing,,0.656,0.0,38.8685
LyingdownSlowly,379,,Standing,,0.702,0.0,44.524
LyingdownSlowly,380,,Standing,,0.734,0.0,47.5776
LyingdownSlowly,381,,Standing,,0.793,0.0,41.5207
Moving_in_out_frame,31,Walking,Standing,False,0.987,0.0,46.4355
Moving_in_out_frame,32,Walking,Standing,False,0.99,0.0,46.3852
Moving_in_out_frame,33,Walking,Standing,False,0.987,0.0,42.482
Moving_in_out_frame,34,Walking,Standing,False,0.988,0.0,45.5799
Moving_in_out_frame,35,Walking,Standing,False,0.985,0.0,45.4042
Moving_in_out_frame,36,Walking,Standing,False,0.982,0.0,43.3628
Moving_in_out_frame,37,Walking,Standing,False,0.984,0.0,43.7467
Moving_in_out_frame,38,Walking,Standing,False,0.981,0.0,44.7009
Moving_in_out_frame,39,Walking,Standing,False,0.979,0.0,29.9119
Moving_in_out_frame,40,Walking,Standing,False,0.98,0.0,37.458
Moving_in_out_frame,41,Walking,Standing,False,0.982,0.0,46.4897
Moving_in_out_frame,42,Walking,Standing,False,0.97,0.0,51.5485
Moving_in_out_frame,43,Walking,Standing,False,0.967,0.0,51.7005
Moving_in_out_frame,44,Walking,Standing,False,0.969,0.0,40.7142
Moving_in_out_frame,45,Walking,Standing,False,0.966,0.0,50.561
Moving_in_out_frame,46,Walking,Standing,False,0.966,0.0,49.4031
Moving_in_out_frame,47,Walking,Standing,False,0.958,0.0,55.5766
Moving_in_out_frame,48,Walking,Standing,False,0.949,0.0,40.2108
Moving_in_out_frame,49,Walking,Standing,False,0.923,0.0,48.8603
Moving_in_out_frame,50,Walking,Standing,False,0.908,0.0,42.085
Moving_in_out_frame,51,Walking,Standing,False,0.889,0.0,47.4442
Moving_in_out_frame,52,Walking,Standing,False,0.912,0.0,53.7926
Moving_in_out_frame,53,Walking,Standing,False,0.923,0.0,50.3405
Moving_in_out_frame,54,Walking,Standing,False,0.946,0.0,49.3231
Moving_in_out_frame,55,Walking,Standing,False,0.947,0.0,53.1144
Moving_in_out_frame,56,Walking,Standing,False,0.941,0.0,41.3544
Moving_in_out_frame,57,Walking,Standing,False,0.932,0.0,29.6119
Moving_in_out_frame,58,Walking,Standing,False,0.925,0.0,48.0103
Moving_in_out_frame,59,Not in frame,Standing,False,0.917,0.0,50.6268
Moving_in_out_frame,60,Not in frame,Standing,False,0.906,0.0,47.9557
Moving_in_out_frame,61,Not in frame,Standing,False,0.914,0.0,37.1642
Moving_in_out_frame,62,Not in frame,Standing,False,0.916,0.0,42.7813
Moving_in_out_frame,63,Not in frame,Standing,False,0.889,0.0,47.1004
Moving_in_out_frame,64,Not in frame,Standing,False,0.864,0.0,51.1671
Moving_in_out_frame,65,Not in frame,Standing,False,0.851,0.0,44.4597
Moving_in_out_frame,66,Not in frame,Standing,False,0.856,0.0,76.2204
Moving_in_out_frame,67,Not in frame,Standing,False,0.847,0.0,68.9663
Moving_in_out_frame,68,Not in frame,Standing,False,0.863,0.0,60.4978
Moving_in_out_frame,69,Not in frame,Standing,False,0.861,0.0,50.3149
Moving_in_out_frame,70,Not in frame,Standing,False,0.868,0.0,41.7299
Moving_in_out_frame,71,Not in frame,Standing,False,0.834,1.0,53.7807
Moving_in_out_frame,72,Not in frame,Standing,False,0.765,1.0,52.4026
Moving_in_out_frame,73,Not in frame,Standing,False,0.716,1.0,40.5984
Moving_in_out_frame,74,Not in frame,Standing,False,0.617,1.0,39.806
Moving_in_out_frame,75,Not in frame,Standing,False,0.521,1.0,38.9147
Moving_in_out_frame,76,Not in frame,Standing,False,0.414,0.0,45.531
Moving_in_out_frame,77,Not in frame,Standing,False,0.288,0.0,53.1894
Moving_in_out_frame,78,Not in frame,Lying,False,0.274,0.0,51.7255
Moving_in_out_frame,79,Not in frame,Lying,False,0.324,0.0,46.2723
Moving_in_out_frame,80,Not in frame,Lying,False,0.401,0.0,50.6183
Moving_in_out_frame,81,Not in frame,Lying,False,0.474,0.0,53.2833
Moving_in_out_frame,82,Not in frame,Lying,False,0.533,0.0,46.1166
Moving_in_out_frame,83,Not in frame,Lying,False,0.574,0.0,53.2246
Moving_in_out_frame,84,Not in frame,Lying,False,0.605,0.0,51.01
Moving_in_out_frame,85,Not in frame,Lying,False,0.626,0.0,50.477
Moving_in_out_frame,86,Not in frame,Lying,False,0.654,0.0,52.9321
Moving_in_out_frame,87,Not in frame,Lying,False,0.642,0.0,65.7037
Moving_in_out_frame,88,Not in frame,Lying,False,0.679,0.0,71.5287
Moving_in_out_frame,89,Not in frame,Lying,False,0.697,0.0,61.1312
Moving_in_out_frame,90,Not in frame,Lying,False,0.723,0.0,54.6937
Moving_in_out_frame,91,Not in frame,Lying,False,0.733,0.0,58.1066
Moving_in_out_frame,92,Not in frame,Lying,False,0.747,0.0,55.2565
Moving_in_out_frame,93,Not in frame,Lying,False,0.744,0.0,68.9837
Moving_in_out_frame,94,Not in frame,Lying,False,0.766,0.0,67.0659
Moving_in_out_frame,95,Not in frame,Lying,False,0.759,0.0,61.5506
Moving_in_out_frame,96,Not in frame,Lying,False,0.776,0.0,56.9899
Moving_in_out_frame,97,Not in frame,Lying,False,0.793,0.0,58.8123
Moving_in_out_frame,98,Not in frame,Lying,False,0.784,0.0,57.6157
Moving_in_out_frame,99,Not in frame,Lying,False,0.813,0.0,47.1068
Moving_in_out_frame,100,Not in frame,Lying,False,0.848,0.0,54.8304
Moving_in_out_frame,101,Not in frame,Lying,False,0.85,0.0,48.3214
Moving_in_out_frame,102,Not in frame,Lying,False,0.841,0.0,54.5803
Moving_in_out_frame,103,Not in frame,Lying,False,0.848,0.0,51.5349
Moving_in_out_frame,104,Not in frame,Lying,False,0.833,0.0,56.2566
Moving_in_out_frame,105,Not in frame,Lying,False,0.864,0.0,56.2651
Moving_in_out_frame,106,Not in frame,Lying,False,0.876,0.0,68.8377
Moving_in_out_frame,107,Not in frame,Lying,False,0.866,0.0,53.7338
Moving_in_out_frame,108,Not in frame,Lying,False,0.865,0.0,41.7002
Moving_in_out_frame,109,Not in frame,Lying,False,0.873,0.0,48.068
Moving_in_out_frame,110,Not in frame,Lying,False,0.865,0.0,49.6721
Moving_in_out_frame,111,Not in frame,Lying,False,0.865,0.0,48.6162
Moving_in_out_frame,112,Not in frame,Lying,False,0.875,0.0,46.6006
Moving_in_out_frame,113,Not in frame,Lying,False,0.86,0.0,44.2618
Moving_in_out_frame,114,Not in frame,Lying,False,0.864,0.0,46.526
Moving_in_out_frame,115,Not in frame,Lying,False,0.86,0.0,56.1485
Moving_in_out_frame,116,Not in frame,Lying,False,0.885,0.0,53.4622
Moving_in_out_frame,117,Walking,Lying,False,0.876,0.0,51.0168
Moving_in_out_frame,118,Walking,Lying,False,0.876,0.0,54.7963
Moving_in_out_frame,119,Walking,Lying,False,0.865,0.0,65.4237
Moving_in_out_frame,120,Walking,Lying,False,0.881,0.0,66.8537
Moving_in_out_frame,121,Walking,Lying,False,0.887,0.0,56.5906
Moving_in_out_frame,122,Walking,Lying,False,0.878,0.0,59.6629
Moving_in_out_frame,123,Walking,Lying,False,0.881,0.0,48.6211
Moving_in_out_frame,124,Walking,Lying,False,0.883,0.0,55.6097
Moving_in_out_frame,125,Walking,Lying,False,0.891,0.0,53.9875
Moving_in_out_frame,126,Walking,Lying,False,0.861,0.0,56.6305
Moving_in_out_frame,127,Walking,Lying,False,0.851,0.0,51.1729
Moving_in_out_frame,128,Walking,Lying,False,0.835,0.0,50.7894
Moving_in_out_frame,129,Walking,Lying,False,0.841,0.0,56.1643
Moving_in_out_frame,130,Walking,Lying,False,0.865,0.0,53.2691
Moving_in_out_frame,131,Walking,Lying,False,0.878,0.0,47.3405
Moving_in_out_frame,132,Walking,Lying,False,0.891,0.0,45.2704
Moving_in_out_frame,133,Walking,Lying,False,0.842,0.0,44.8182
Moving_in_out_frame,134,Walking,Lying,False,0.878,0.0,38.505
Moving_in_out_frame,135,Walking,Lying,False,0.89,0.0,51.5223
Moving_in_out_frame,136,Walking,Lying,False,0.888,0.0,52.6648
Moving_in_out_frame,137,Walking,Lying,False,0.888,0.0,43.1189
Moving_in_out_frame,138,Walking,Lying,False,0.902,0.0,49.776
Moving_in_out_frame,139,Walking,Lying,False,0.878,0.0,50.8844
Moving_in_out_frame,140,Walking,Lying,False,0.893,0.0,49.2208
Moving_in_out_frame,141,Walking,Lying,False,0.885,0.0,33.5567
Moving_in_out_frame,142,Walking,Lying,False,0.883,0.0,53.5496
Moving_in_out_frame,143,Walking,Lying,False,0.893,0.0,53.7866
Moving_in_out_frame,144,Walking,Lying,False,0.877,0.0,51.1117
Moving_in_out_frame,145,Walking,Lying,False,0.897,0.0,43.7512
Moving_in_out_frame,146,Walking,Lying,False,0.889,0.0,41.1564
Moving_in_out_frame,147,Walking,Lying,False,0.907,0.0,53.0795
Moving_in_out_frame,148,Walking,Lying,False,0.899,0.0,62.0323
Moving_in_out_frame,149,Walking,Lying,False,0.885,0.0,48.1623
Moving_in_out_frame,150,Walking,Lying,False,0.895,0.0,50.0239
Moving_in_out_frame,151,Walking,Lying,False,0.889,0.0,48.3422
Moving_in_out_frame,152,Walking,Lying,False,0.894,0.0,62.2206
Moving_in_out_frame,153,Walking,Lying,False,0.894,0.0,57.827
Moving_in_out_frame,154,Walking,Lying,False,0.891,0.0,51.4627
Moving_in_out_frame,155,Walking,Lying,False,0.902,0.0,56.5879
Moving_in_out_frame,156,Walking,Lying,False,0.903,0.0,52.5565
Moving_in_out_frame,157,Walking,Lying,False,0.893,0.0,52.0914
Moving_in_out_frame,158,Walking,Lying,False,0.898,0.0,53.4003
Moving_in_out_frame,159,Walking,Lying,False,0.894,0.0,54.6577
Moving_in_out_frame,160,Walking,Lying,False,0.895,0.0,54.3809
Moving_in_out_frame,161,Walking,Lying,False,0.893,0.0,49.287
Moving_in_out_frame,162,Walking,Lying,False,0.893,0.0,45.8757
Moving_in_out_frame,163,Walking,Lying,False,0.875,0.0,58.036
Moving_in_out_frame,164,Walking,Lying,False,0.891,0.0,70.1601
Moving_in_out_frame,165,Walking,Lying,False,0.874,0.0,51.4188
Moving_in_out_frame,166,Walking,Lying,False,0.869,0.0,54.1206
Moving_in_out_frame,167,Walking,Lying,False,0.872,1.0,57.6761
Moving_in_out_frame,168,Walking,Lying,False,0.824,0.0,61.3393
Moving_in_out_frame,169,Walking,Lying,False,0.743,0.0,73.2502
Moving_in_out_frame,170,Walking,Lying,False,0.699,0.0,57.5556
Moving_in_out_frame,171,Walking,Lying,False,0.672,0.0,60.5386
Moving_in_out_frame,172,Walking,Lying,False,0.627,0.0,60.3974
Moving_in_out_frame,173,Walking,Lying,False,0.596,0.0,61.3252
Moving_in_out_frame,174,Walking,Lying,False,0.566,0.0,62.394
Moving_in_out_frame,175,Walking,Lying,False,0.539,0.0,59.7002
Moving_in_out_frame,176,Walking,Lying,False,0.506,0.0,57.0065
Moving_in_out_frame,177,Walking,Lying,False,0.487,0.0,65.2362
Moving_in_out_frame,178,Walking,Lying,False,0.437,0.0,53.7919
Moving_in_out_frame,179,Walking,Standing,False,0.425,0.0,76.8949
Moving_in_out_frame,180,Walking,Standing,False,0.476,0.0,64.3543
Moving_in_out_frame,181,Walking,Standing,False,0.52,0.0,61.0223
Moving_in_out_frame,182,Walking,Standing,False,0.56,0.0,59.0983
Moving_in_out_frame,183,Walking,Standing,False,0.582,0.0,57.0626
Moving_in_out_frame,184,Walking,Standing,False,0.563,0.0,56.7034
Moving_in_out_frame,185,Walking,Standing,False,0.566,0.0,55.2779
Moving_in_out_frame,186,Walking,Standing,False,0.588,0.0,59.7838
Moving_in_out_frame,187,Walking,Standing,False,0.583,0.0,64.6189
Moving_in_out_frame,188,Walking,Standing,False,0.602,0.0,64.1806
Moving_in_out_frame,189,Walking,Standing,False,0.605,0.0,65.154
Moving_in_out_frame,190,Walking,Standing,False,0.621,0.0,62.3307
Moving_in_out_frame,191,Walking,Standing,False,0.614,0.0,61.9237
Moving_in_out_frame,192,Walking,Standing,False,0.646,0.0,57.1754
Moving_in_out_frame,193,Walking,Standing,False,0.675,0.0,74.66
Moving_in_out_frame,194,Walking,Standing,False,0.718,0.0,70.8719
Moving_in_out_frame,195,Walking,Standing,False,0.776,0.0,60.2484
Moving_in_out_frame,196,Walking,Standing,False,0.803,0.0,58.6579
Moving_in_out_frame,197,Walking,Standing,False,0.951,0.0,51.7939
Moving_in_out_frame,198,Walking,Standing,False,0.973,0.0,51.4664
Moving_in_out_frame,199,Walking,Standing,False,0.978,0.0,52.0642
Moving_in_out_frame,200,Walking,Standing,False,0.978,0.0,55.5106
Moving_in_out_frame,201,Walking,Standing,False,0.981,0.0,62.5413
Moving_in_out_frame,202,Walking,Standing,False,0.987,0.0,61.9857
Moving_in_out_frame,203,Walking,Standing,False,0.987,0.0,57.2571
Moving_in_out_frame,204,Walking,Standing,False,0.991,0.0,52.4388
Moving_in_out_frame,205,Walking,Standing,False,0.991,0.0,49.4975
Moving_in_out_frame,206,,Standing,,0.993,0.0,53.1966
Moving_in_out_frame,207,,Standing,,0.991,0.0,60.5479
Moving_in_out_frame,208,,Standing,,0.991,0.0,63.4772
Moving_in_out_frame,209,,Standing,,0.987,0.0,62.3695
Moving_in_out_frame,210,,Standing,,0.996,0.0,59.894
Moving_in_out_frame_withFall,31,Walking,Standing,False,0.797,1.0,57.2216
Moving_in_out_frame_withFall,32,Walking,Standing,False,0.735,1.0,50.9371
Moving_in_out_frame_withFall,33,Walking,Standing,False,0.679,1.0,53.2518
Moving_in_out_frame_withFall,34,Walking,Standing,False,0.633,1.0,56.2569
Moving_in_out_frame_withFall,35,Walking,Standing,False,0.569,1.0,52.4524
Moving_in_out_frame_withFall,36,Walking,Standing,False,0.486,1.0,52.2988
Moving_in_out_frame_withFall,37,Walking,Standing,False,0.371,1.0,53.142
Moving_in_out_frame_withFall,38,Walking,Unknown,False,0.327,1.0,49.6103
Moving_in_out_frame_withFall,39,Walking,Unknown,False,0.342,1.0,44.7308
Moving_in_out_frame_withFall,40,Walking,Lying,False,0.347,1.0,40.8967
Moving_in_out_frame_withFall,41,Walking,Lying,False,0.367,1.0,50.587
Moving_in_out_frame_withFall,42,Walking,Lying,False,0.375,1.0,37.6735
Moving_in_out_frame_withFall,43,Walking,Lying,False,0.41,1.0,40.7171
Moving_in_out_frame_withFall,44,Walking,Lying,False,0.414,1.0,37.3876
Moving_in_out_frame_withFall,45,Walking,Unknown,False,0.388,1.0,47.8743
Moving_in_out_frame_withFall,46,Walking,Unknown,False,0.394,1.0,43.3546
Moving_in_out_frame_withFall,47,Walking,Unknown,False,0.42,1.0,54.9391
Moving_in_out_frame_withFall,48,Walking,Unknown,False,0.45,1.0,50.4156
Moving_in_out_frame_withFall,49,Walking,Unknown,False,0.455,1.0,47.6779
Moving_in_out_frame_withFall,50,Not in frame,Unknown,False,0.477,1.0,46.6885
Moving_in_out_frame_withFall,51,Not in frame,Unknown,False,0.487,1.0,43.0
Moving_in_out_frame_withFall,52,Not in frame,Unknown,False,0.477,1.0,46.377
Moving_in_out_frame_withFall,53,Not in frame,Unknown,False,0.485,1.0,51.0366
Moving_in_out_frame_withFall,54,Not in frame,Unknown,False,0.486,1.0,51.6333
Moving_in_out_frame_withFall,55,Not in frame,Unknown,False,0.494,1.0,57.3578
Moving_in_out_frame_withFall,56,Not in frame,Unknown,False,0.467,1.0,49.0312
Moving_in_out_frame_withFall,57,Not in frame,Unknown,False,0.476,1.0,55.0049
Moving_in_out_frame_withFall,58,Not in frame,Unknown,False,0.505,1.0,51.0117
Moving_in_out_frame_withFall,59,Not in frame,Unknown,False,0.523,1.0,50.7499
Moving_in_out_frame_withFall,60,Not in frame,Lying,False,0.495,1.0,51.8296
Moving_in_out_frame_withFall,61,Not in frame,Lying,False,0.495,1.0,54.2076
Moving_in_out_frame_withFall,62,Not in frame,Lying,False,0.495,1.0,46.6171
Moving_in_out_frame_withFall,63,Not in frame,Lying,False,0.495,1.0,50.6222
Moving_in_out_frame_withFall,64,Not in frame,Lying,False,0.495,1.0,55.3478
Moving_in_out_frame_withFall,65,Not in frame,Lying,False,0.495,1.0,50.4846
Moving_in_out_frame_withFall,66,Not in frame,Lying,False,0.495,1.0,49.2185
Moving_in_out_frame_withFall,67,Not in frame,Lying,False,0.495,1.0,56.3789
Moving_in_out_frame_withFall,68,Not in frame,Lying,False,0.495,1.0,67.949
Moving_in_out_frame_withFall,69,Not in frame,Lying,False,0.495,1.0,73.7458
Moving_in_out_frame_withFall,70,Not in frame,Lying,False,0.495,1.0,77.4572
Moving_in_out_frame_withFall,71,Not in frame,Lying,False,0.495,1.0,74.0313
Moving_in_out_frame_withFall,72,Not in frame,Lying,False,0.495,1.0,73.6688
Moving_in_out_frame_withFall,73,Not in frame,Lying,False,0.495,1.0,54.578
Moving_in_out_frame_withFall,74,Not in frame,Lying,False,0.495,1.0,50.6483
Moving_in_out_frame_withFall,75,Not in frame,Lying,False,0.495,1.0,51.9356
Moving_in_out_frame_withFall,76,Not in frame,Lying,False,0.495,1.0,45.6808
Moving_in_out_frame_withFall,77,Not in frame,Lying,False,0.495,1.0,50.1029
Moving_in_out_frame_withFall,78,Not in frame,Lying,False,0.495,1.0,40.4007
Moving_in_out_frame_withFall,79,Not in frame,Lying,False,0.495,1.0,45.5622
Moving_in_out_frame_withFall,80,Not in frame,Lying,False,0.495,1.0,45.4222
Moving_in_out_frame_withFall,81,Not in frame,Lying,False,0.495,1.0,45.7665
Moving_in_out_frame_withFall,82,Not in frame,Lying,False,0.495,1.0,44.7595
Moving_in_out_frame_withFall,83,Not in frame,Lying,False,0.495,1.0,43.7818
Moving_in_out_frame_withFall,84,Not in frame,Lying,False,0.495,1.0,42.2888
Moving_in_out_frame_withFall,85,Not in frame,Lying,False,0.495,1.0,34.7448
Moving_in_out_frame_withFall,86,,Lying,,0.495,1.0,27.1373
Moving_in_out_frame_withFall,87,,Lying,,0.495,1.0,43.5785
Moving_in_out_frame_withFall,88,Walking,Lying,False,0.495,1.0,29.8539
Moving_in_out_frame_withFall,89,Walking,Lying,False,0.495,1.0,38.7698
Moving_in_out_frame_withFall,90,Walking,Lying,False,0.495,1.0,53.8423
Moving_in_out_frame_withFall,91,Walking,Lying,False,0.495,1.0,40.0211
Moving_in_out_frame_withFall,92,Walking,Lying,False,0.495,1.0,52.3867
Moving_in_out_frame_withFall,93,Walking,Lying,False,0.495,1.0,55.2673
Moving_in_out_frame_withFall,94,Walking,Lying,False,0.495,1.0,67.4237
Moving_in_out_frame_withFall,95,Walking,Lying,False,0.495,1.0,51.1913
Moving_in_out_frame_withFall,96,Walking,Lying,False,0.495,1.0,49.3562
Moving_in_out_frame_withFall,97,Walking,Lying,False,0.495,1.0,82.5685
Moving_in_out_frame_withFall,98,Walking,Lying,False,0.495,1.0,47.712
Moving_in_out_frame_withFall,99,Walking,Lying,False,0.495,1.0,58.7045
Moving_in_out_frame_withFall,100,Walking,Lying,False,0.495,1.0,60.1576
Moving_in_out_frame_withFall,101,Walking,Lying,False,0.495,1.0,53.4515
Moving_in_out_frame_withFall,102,Walking,Lying,False,0.495,1.0,54.2661
Moving_in_out_frame_withFall,103,Walking,Lying,False,0.495,1.0,53.0873
Moving_in_out_frame_withFall,104,Walking,Unknown,False,0.583,0.0,56.4161
Moving_in_out_frame_withFall,105,Walking,Unknown,False,0.614,0.0,48.8993
Moving_in_out_frame_withFall,106,Walking,Unknown,False,0.591,0.0,54.4442
Moving_in_out_frame_withFall,107,Walking,Unknown,False,0.511,0.0,43.7648
Moving_in_out_frame_withFall,108,Walking,Lying,False,0.349,0.0,41.4971
Moving_in_out_frame_withFall,109,,Lying,,0.399,0.0,49.0402
Moving_in_out_frame_withFall,110,,Lying,,0.45,0.0,43.9627
Moving_in_out_frame_withFall,111,,Lying,,0.468,0.0,48.5517
Moving_in_out_frame_withFall,112,,Lying,,0.489,0.0,33.4574
Moving_in_out_frame_withFall,113,,Lying,,0.501,0.0,29.2551
Moving_in_out_frame_withFall,114,,Lying,,0.514,0.0,63.1096
Moving_in_out_frame_withFall,115,,Lying,,0.522,0.0,49.2189
Moving_in_out_frame_withFall,116,,Lying,,0.511,0.0,48.0125
Moving_in_out_frame_withFall,117,,Lying,,0.519,0.0,46.4716
Moving_in_out_frame_withFall,118,,Lying,,0.511,0.0,46.9879
Moving_in_out_frame_withFall,119,,Lying,,0.504,0.0,44.7685
Moving_in_out_frame_withFall,120,,Lying,,0.49,0.0,42.8673
Moving_in_out_frame_withFall,121,,Lying,,0.497,0.0,42.5478
Moving_in_out_frame_withFall,122,,Lying,,0.474,0.0,25.1892
Moving_in_out_frame_withFall,123,,Lying,,0.469,0.0,24.0352
Moving_in_out_frame_withFall,124,,Lying,,0.447,0.0,25.0535
Moving_in_out_frame_withFall,125,,Lying,,0.431,0.0,40.7072
Moving_in_out_frame_withFall,126,,Lying,,0.425,0.0,49.1493
Moving_in_out_frame_withFall,127,,Standing,,0.394,0.0,47.1325
Moving_in_out_frame_withFall,128,,Standing,,0.413,0.0,47.3096
Moving_in_out_frame_withFall,129,,Standing,,0.456,0.0,41.8724
Moving_in_out_frame_withFall,130,,Standing,,0.452,0.0,41.8583
Moving_in_out_frame_withFall,131,,Standing,,0.434,0.0,47.7326
Moving_in_out_frame_withFall,132,,Standing,,0.434,0.0,51.0395
Moving_in_out_frame_withFall,133,,Standing,,0.465,0.0,33.2194
Moving_in_out_frame_withFall,134,,Standing,,0.474,0.0,40.0747
Moving_in_out_frame_withFall,135,,Standing,,0.499,0.0,45.7824
Moving_in_out_frame_withFall,136,,Standing,,0.483,0.0,59.8213
Moving_in_out_frame_withFall,137,,Standing,,0.502,0.0,50.6372
Moving_in_out_frame_withFall,138,,Standing,,0.512,0.0,40.1136
Moving_in_out_frame_withFall,139,,Standing,,0.516,0.0,47.5938
Moving_in_out_frame_withFall,140,,Standing,,0.471,0.0,43.2737
Moving_in_out_frame_withFall,141,,Standing,,0.448,0.0,51.8421
Moving_in_out_frame_withFall,142,,Standing,,0.415,0.0,36.2195
Moving_in_out_frame_withFall,143,,Standing,,0.389,0.0,51.5973
Moving_in_out_frame_withFall,144,,Standing,,0.406,0.0,49.1761
Moving_in_out_frame_withFall,145,,Standing,,0.402,0.0,58.632
Moving_in_out_frame_withFall,146,Lying,Standing,False,0.37,0.0,57.9866
Moving_in_out_frame_withFall,147,Lying,Standing,False,0.321,0.0,70.3371
Moving_in_out_frame_withFall,148,Lying,Standing,False,0.289,0.0,54.326
Moving_in_out_frame_withFall,149,Lying,Unknown,False,0.24,1.0,60.8082
Moving_in_out_frame_withFall,150,Lying,Lying,True,0.225,0.0,58.0965
Moving_in_out_frame_withFall,151,Lying,Lying,True,0.289,0.0,97.828
Moving_in_out_frame_withFall,152,Lying,Lying,True,0.333,0.0,53.0786
Moving_in_out_frame_withFall,153,Lying,Lying,True,0.409,0.0,61.8639
Moving_in_out_frame_withFall,154,Lying,Lying,True,0.461,0.0,55.9607
Moving_in_out_frame_withFall,155,Lying,Lying,True,0.543,0.0,53.9617
Moving_in_out_frame_withFall,156,Lying,Lying,True,0.554,0.0,52.8716
Moving_in_out_frame_withFall,157,Lying,Lying,True,0.553,0.0,55.0754
Moving_in_out_frame_withFall,158,Lying,Lying,True,0.537,0.0,57.58
Moving_in_out_frame_withFall,159,Lying,Lying,True,0.538,0.0,51.8723
Moving_in_out_frame_withFall,160,Lying,Lying,True,0.531,0.0,58.9337
Moving_in_out_frame_withFall,161,Lying,Lying,True,0.476,1.0,56.4785
Moving_in_out_frame_withFall,162,Lying,Lying,True,0.442,1.0,57.8758
Moving_in_out_frame_withFall,163,Lying,Lying,True,0.445,1.0,53.1198
Moving_in_out_frame_withFall,164,Lying,Lying,True,0.456,1.0,56.6
Moving_in_out_frame_withFall,165,Lying,Lying,True,0.445,1.0,57.5132
Moving_in_out_frame_withFall,166,Lying,Lying,True,0.47,0.0,51.5371
Moving_in_out_frame_withFall,167,Lying,Lying,True,0.458,0.0,53.2884
Moving_in_out_frame_withFall,168,Lying,Lying,True,0.44,1.0,50.8881
Moving_in_out_frame_withFall,169,Lying,Lying,True,0.484,1.0,53.4461
Moving_in_out_frame_withFall,170,Lying,Lying,True,0.476,1.0,52.2011
Moving_in_out_frame_withFall,171,Lying,Lying,True,0.492,1.0,53.6684
Moving_in_out_frame_withFall,172,Lying,Lying,True,0.519,1.0,50.1932
Moving_in_out_frame_withFall,173,Lying,Lying,True,0.515,1.0,64.0761
Moving_in_out_frame_withFall,174,Lying,Lying,True,0.498,0.0,54.4297
Moving_in_out_frame_withFall,175,Lying,Lying,True,0.468,0.0,63.7285
Moving_in_out_frame_withFall,176,Lying,Lying,True,0.448,0.0,66.1378
Moving_in_out_frame_withFall,177,Lying,Lying,True,0.432,1.0,47.8102
Moving_in_out_frame_withFall,178,Lying,Lying,True,0.456,1.0,51.6886
Moving_in_out_frame_withFall,179,Lying,Lying,True,0.446,1.0,56.6806
Moving_in_out_frame_withFall,180,Lying,Lying,True,0.497,1.0,63.1129
Moving_in_out_frame_withFall,181,Lying,Lying,True,0.533,0.0,55.5319
Moving_in_out_frame_withFall,182,Lying,Lying,True,0.526,1.0,62.2371
Moving_in_out_frame_withFall,183,Lying,Lying,True,0.509,0.0,60.0842
Moving_in_out_frame_withFall,184,Lying,Lying,True,0.513,0.0,62.0291
Moving_in_out_frame_withFall,185,Lying,Lying,True,0.519,0.0,65.3774
Moving_in_out_frame_withFall,186,Lying,Lying,True,0.589,0.0,73.3664
Moving_in_out_frame_withFall,187,Lying,Lying,True,0.576,1.0,61.8384
Moving_in_out_frame_withFall,188,Lying,Lying,True,0.575,0.0,69.4832
Moving_in_out_frame_withFall,189,Lying,Lying,True,0.608,0.0,60.6283
Moving_in_out_frame_withFall,190,Lying,Lying,True,0.636,0.0,65.4893
Moving_in_out_frame_withFall,191,Lying,Lying,True,0.65,0.0,75.2624
Moving_in_out_frame_withFall,192,Lying,Lying,True,0.662,0.0,47.5626
Moving_in_out_frame_withFall,193,Lying,Lying,True,0.648,0.0,53.695
Moving_in_out_frame_withFall,194,Lying,Lying,True,0.717,1.0,67.5125
Moving_in_out_frame_withFall,195,Lying,Lying,True,0.623,0.0,58.5221
Moving_in_out_frame_withFall,196,Lying,Lying,True,0.559,0.0,56.6696
Moving_in_out_frame_withFall,197,Lying,Lying,True,0.525,0.0,59.6879
Moving_in_out_frame_withFall,198,Lying,Lying,True,0.437,0.0,56.8987
Moving_in_out_frame_withFall,199,Lying,Lying,True,0.386,0.0,54.9859
Moving_in_out_frame_withFall,200,Lying,Lying,True,0.375,0.0,57.2078
Moving_in_out_frame_withFall,201,Lying,Lying,True,0.331,0.0,52.1019
Moving_in_out_frame_withFall,202,Lying,Sitting,False,0.337,0.0,58.4823
Moving_in_out_frame_withFall,203,Lying,Sitting,False,0.371,0.0,61.4535
Moving_in_out_frame_withFall,204,Lying,Sitting,False,0.343,0.0,74.2614
Moving_in_out_frame_withFall,205,,Sitting,,0.336,0.0,50.4784
Moving_in_out_frame_withFall,206,,Sitting,,0.333,0.0,59.1053
Moving_in_out_frame_withFall,207,,Sitting,,0.327,0.0,58.7345
Moving_in_out_frame_withFall,208,,Sitting,,0.368,0.0,54.5292
Moving_in_out_frame_withFall,209,,Sitting,,0.37,0.0,52.5704
Moving_in_out_frame_withFall,210,,Sitting,,0.333,0.0,55.9567
Moving_in_out_frame_withFall,211,,Sitting,,0.364,0.0,59.3541
Moving_in_out_frame_withFall,212,,Sitting,,0.308,0.0,59.0267
Moving_in_out_frame_withFall,213,,Lying,,0.307,0.0,57.7676
Moving_in_out_frame_withFall,214,,Lying,,0.286,0.0,58.9047
Moving_in_out_frame_withFall,215,,Sitting,,0.311,0.0,73.4991
Moving_in_out_frame_withFall,216,,Sitting,,0.312,0.0,55.959
Moving_in_out_frame_withFall,217,,Sitting,,0.381,0.0,57.1144
Sit_Stand_AnklesInvisible,31,Sitting,Standing,False,0.863,0.0,69.7592
Sit_Stand_AnklesInvisible,32,Sitting,Standing,False,0.865,0.0,64.7364
Sit_Stand_AnklesInvisible,33,Sitting,Standing,False,0.859,0.0,42.4068
Sit_Stand_AnklesInvisible,34,Sitting,Standing,False,0.858,0.0,56.1665
Sit_Stand_AnklesInvisible,35,Sitting,Standing,False,0.846,0.0,59.3649
Sit_Stand_AnklesInvisible,36,Sitting,Standing,False,0.817,0.0,55.6192
Sit_Stand_AnklesInvisible,37,Sitting,Standing,False,0.781,0.0,50.3635
Sit_Stand_AnklesInvisible,38,Sitting,Standing,False,0.773,0.0,47.6867
Sit_Stand_AnklesInvisible,39,Sitting,Standing,False,0.741,0.0,63.2388
Sit_Stand_AnklesInvisible,40,Sitting,Standing,False,0.707,0.0,73.4857
Sit_Stand_AnklesInvisible,41,Sitting,Standing,False,0.716,0.0,58.1725
Sit_Stand_AnklesInvisible,42,Sitting,Standing,False,0.726,0.0,59.4342
Sit_Stand_AnklesInvisible,43,Sitting,Standing,False,0.756,0.0,64.2025
Sit_Stand_AnklesInvisible,44,Sitting,Standing,False,0.771,0.0,64.3867
Sit_Stand_AnklesInvisible,45,Sitting,Standing,False,0.794,0.0,61.0396
Sit_Stand_AnklesInvisible,46,Sitting,Standing,False,0.807,0.0,64.7791
Sit_Stand_AnklesInvisible,47,Sitting,Standing,False,0.791,0.0,61.7569
Sit_Stand_AnklesInvisible,48,Sitting,Standing,False,0.775,0.0,55.75
Sit_Stand_AnklesInvisible,49,Sitting,Standing,False,0.755,0.0,65.5173
Sit_Stand_AnklesInvisible,50,Sitting,Standing,False,0.731,0.0,67.4814
Sit_Stand_AnklesInvisible,51,Sitting,Standing,False,0.689,0.0,69.1387
Sit_Stand_AnklesInvisible,52,Sitting,Standing,False,0.672,0.0,61.475
Sit_Stand_AnklesInvisible,53,Sitting,Standing,False,0.665,0.0,70.9668
Sit_Stand_AnklesInvisible,54,Sitting,Standing,False,0.678,0.0,71.3907
Sit_Stand_AnklesInvisible,55,Sitting,Standing,False,0.645,0.0,74.4308
Sit_Stand_AnklesInvisible,56,Sitting,Standing,False,0.65,0.0,68.4193
Sit_Stand_AnklesInvisible,57,Sitting,Standing,False,0.657,0.0,63.7568
Sit_Stand_AnklesInvisible,58,Sitting,Standing,False,0.646,0.0,69.014
Sit_Stand_AnklesInvisible,59,Sitting,Standing,False,0.629,0.0,68.419
Sit_Stand_AnklesInvisible,60,Sitting,Standing,False,0.614,0.0,60.5729
Sit_Stand_AnklesInvisible,61,Sitting,Standing,False,0.599,0.0,69.4046
Sit_Stand_AnklesInvisible,62,Sitting,Standing,False,0.619,0.0,83.2734
Sit_Stand_AnklesInvisible,63,Sitting,Standing,False,0.63,0.0,82.6921
Sit_Stand_AnklesInvisible,64,Sitting,Standing,False,0.652,0.0,75.3429
Sit_Stand_AnklesInvisible,65,Sitting,Standing,False,0.663,0.0,67.4944
Sit_Stand_AnklesInvisible,66,Sitting,Standing,False,0.674,0.0,68.5188
Sit_Stand_AnklesInvisible,67,Sitting,Standing,False,0.677,0.0,66.8452
Sit_Stand_AnklesInvisible,68,Sitting,Standing,False,0.703,0.0,96.7484
Sit_Stand_AnklesInvisible,69,Sitting,Standing,False,0.712,0.0,68.3513
Sit_Stand_AnklesInvisible,70,Sitting,Standing,False,0.717,0.0,68.9111
Sit_Stand_AnklesInvisible,71,Sitting,Standing,False,0.74,0.0,62.9351
Sit_Stand_AnklesInvisible,72,Sitting,Standing,False,0.758,0.0,54.3104
Sit_Stand_AnklesInvisible,73,Sitting,Standing,False,0.759,0.0,47.5299
Sit_Stand_AnklesInvisible,74,Sitting,Standing,False,0.763,0.0,41.6352
Sit_Stand_AnklesInvisible,75,Sitting,Standing,False,0.783,0.0,55.7384
Sit_Stand_AnklesInvisible,76,Sitting,Standing,False,0.786,0.0,57.8146
Sit_Stand_AnklesInvisible,77,Sitting,Standing,False,0.802,0.0,57.9276
Sit_Stand_AnklesInvisible,78,Sitting,Standing,False,0.796,0.0,62.2428
Sit_Stand_AnklesInvisible,79,Sitting,Standing,False,0.792,0.0,91.3924
Sit_Stand_AnklesInvisible,80,Sitting,Standing,False,0.779,0.0,77.5951
Sit_Stand_AnklesInvisible,81,Sitting,Standing,False,0.785,0.0,73.9657
Sit_Stand_AnklesInvisible,82,Sitting,Standing,False,0.774,0.0,74.9756
Sit_Stand_AnklesInvisible,83,Sitting,Standing,False,0.768,0.0,52.062
Sit_Stand_AnklesInvisible,84,Sitting,Standing,False,0.782,0.0,66.9499
Sit_Stand_AnklesInvisible,85,Sitting,Standing,False,0.781,0.0,58.4366
Sit_Stand_AnklesInvisible,86,Sitting,Standing,False,0.766,0.0,58.5219
Sit_Stand_AnklesInvisible,87,Sitting,Standing,False,0.756,0.0,62.3702
Sit_Stand_AnklesInvisible,88,Sitting,Standing,False,0.773,0.0,50.2043
Sit_Stand_AnklesInvisible,89,Sitting,Standing,False,0.772,0.0,54.372
Sit_Stand_AnklesInvisible,90,Sitting,Standing,False,0.739,0.0,51.8262
Sit_Stand_AnklesInvisible,91,Sitting,Standing,False,0.741,0.0,64.6497
Sit_Stand_AnklesInvisible,92,Sitting,Standing,False,0.735,0.0,61.5903
Sit_Stand_AnklesInvisible,93,Sitting,Standing,False,0.734,0.0,47.0958
Sit_Stand_AnklesInvisible,94,Sitting,Standing,False,0.748,0.0,54.6261
Sit_Stand_AnklesInvisible,95,Sitting,Standing,False,0.731,0.0,59.9084
Sit_Stand_AnklesInvisible,96,Sitting,Standing,False,0.738,0.0,56.5963
Sit_Stand_AnklesInvisible,97,Sitting,Standing,False,0.734,0.0,56.3759
Sit_Stand_AnklesInvisible,98,Sitting,Standing,False,0.742,0.0,53.9762
Sit_Stand_AnklesInvisible,99,Sitting,Standing,False,0.733,0.0,57.0028
Sit_Stand_AnklesInvisible,100,Sitting,Standing,False,0.742,0.0,59.8578
Sit_Stand_AnklesInvisible,101,Sitting,Standing,False,0.762,0.0,49.065
Sit_Stand_AnklesInvisible,102,Sitting,Standing,False,0.761,0.0,65.8377
Sit_Stand_AnklesInvisible,103,Sitting,Standing,False,0.755,0.0,59.5295
Sit_Stand_AnklesInvisible,104,Sitting,Standing,False,0.76,0.0,51.1861
Sit_Stand_AnklesInvisible,105,Sitting,Standing,False,0.764,0.0,47.566
Sit_Stand_AnklesInvisible,106,Sitting,Standing,False,0.757,0.0,57.7251
Sit_Stand_AnklesInvisible,107,Sitting,Standing,False,0.76,0.0,60.1599
Sit_Stand_AnklesInvisible,108,Sitting,Standing,False,0.741,0.0,67.6429
Sit_Stand_AnklesInvisible,109,Sitting,Standing,False,0.758,0.0,81.5151
Sit_Stand_AnklesInvisible,110,Sitting,Standing,False,0.756,0.0,95.2863
Sit_Stand_AnklesInvisible,111,Sitting,Standing,False,0.752,0.0,65.0316
Sit_Stand_AnklesInvisible,112,Sitting,Standing,False,0.754,0.0,55.6118
Sit_Stand_AnklesInvisible,113,Sitting,Standing,False,0.751,0.0,66.9283
Sit_Stand_AnklesInvisible,114,Sitting,Standing,False,0.753,0.0,74.9846
Sit_Stand_AnklesInvisible,115,Sitting,Standing,False,0.758,0.0,52.8687
Sit_Stand_AnklesInvisible,116,Sitting,Standing,False,0.768,0.0,59.7173
Sit_Stand_AnklesInvisible,117,Sitting,Standing,False,0.77,0.0,56.4135
Sit_Stand_AnklesInvisible,118,Sitting,Standing,False,0.757,0.0,53.446
Sit_Stand_AnklesInvisible,119,Sitting,Standing,False,0.761,0.0,51.1291
Sit_Stand_AnklesInvisible,120,Sitting,Standing,False,0.761,0.0,58.5217
Sit_Stand_AnklesInvisible,121,Sitting,Standing,False,0.748,0.0,60.7273
Sit_Stand_AnklesInvisible,122,Sitting,Standing,False,0.779,0.0,56.962
Sit_Stand_AnklesInvisible,123,Sitting,Standing,False,0.778,0.0,63.7193
Sit_Stand_AnklesInvisible,124,Sitting,Standing,False,0.758,0.0,54.5562
Sit_Stand_AnklesInvisible,125,Sitting,Standing,False,0.756,0.0,56.127
Sit_Stand_AnklesInvisible,126,Sitting,Standing,False,0.758,0.0,70.4924
Sit_Stand_AnklesInvisible,127,Sitting,Standing,False,0.767,0.0,77.2673
Sit_Stand_AnklesInvisible,128,Sitting,Standing,False,0.768,0.0,89.9605
Sit_Stand_AnklesInvisible,129,Sitting,Standing,False,0.759,0.0,75.3788
Sit_Stand_AnklesInvisible,130,Sitting,Standing,False,0.772,0.0,69.9431
Sit_Stand_AnklesInvisible,131,Sitting,Standing,False,0.763,0.0,97.6182
Sit_Stand_AnklesInvisible,132,Sitting,Standing,False,0.765,0.0,71.5268
Sit_Stand_AnklesInvisible,133,Sitting,Standing,False,0.748,0.0,58.3985
Sit_Stand_AnklesInvisible,134,Sitting,Standing,False,0.778,0.0,60.8289
Sit_Stand_AnklesInvisible,135,Sitting,Standing,False,0.765,0.0,61.7912
Sit_Stand_AnklesInvisible,136,Sitting,Standing,False,0.763,0.0,52.3768
Sit_Stand_AnklesInvisible,137,Sitting,Standing,False,0.761,0.0,59.0512
Sit_Stand_AnklesInvisible,138,,Standing,,0.728,0.0,53.8909
Sit_Stand_AnklesInvisible,139,,Standing,,0.729,0.0,53.4859
Sit_Stand_AnklesInvisible,140,,Standing,,0.725,0.0,47.5984
Sit_Stand_AnklesInvisible,141,,Standing,,0.71,0.0,50.4844
Sit_Stand_AnklesInvisible,142,,Standing,,0.697,0.0,53.697
Sit_Stand_AnklesInvisible,143,,Standing,,0.692,0.0,51.8576
Sit_Stand_AnklesInvisible,144,,Standing,,0.681,0.0,63.585
Sit_Stand_AnklesInvisible,145,,Standing,,0.661,0.0,54.4841
Sit_Stand_AnklesInvisible,146,,Standing,,0.653,0.0,53.9468
Sit_Stand_AnklesInvisible,147,,Standing,,0.632,0.0,56.3834
Sit_Stand_AnklesInvisible,148,,Standing,,0.655,0.0,43.0913
Sit_Stand_AnklesInvisible,149,,Standing,,0.655,0.0,37.9875
Sit_Stand_AnklesInvisible,150,,Standing,,0.652,0.0,54.0793
Sit_Stand_AnklesInvisible,151,,Standing,,0.642,0.0,56.3414
Sit_Stand_AnklesInvisible,152,,Standing,,0.642,0.0,53.3638
Sit_Stand_AnklesInvisible,153,,Standing,,0.642,0.0,54.5079
Sit_Stand_AnklesInvisible,154,,Standing,,0.623,0.0,57.1046
Sit_Stand_AnklesInvisible,155,,Standing,,0.605,0.0,54.3123
Sit_Stand_AnklesInvisible,156,,Standing,,0.611,0.0,61.9006
Sit_Stand_AnklesInvisible,157,,Standing,,0.608,0.0,82.3167
Sit_Stand_AnklesInvisible,158,,Standing,,0.598,0.0,85.381
Sit_Stand_AnklesInvisible,159,,Standing,,0.56,0.0,63.9554
Sit_Stand_AnklesInvisible,160,,Standing,,0.557,0.0,67.1265
Sit_Stand_AnklesInvisible,161,,Standing,,0.57,0.0,63.7571
Sit_Stand_AnklesInvisible,162,,Standing,,0.566,0.0,63.8513
Sit_Stand_AnklesInvisible,163,,Standing,,0.572,0.0,79.2876
Sit_Stand_AnklesInvisible,164,,Standing,,0.589,0.0,61.3257
Sit_Stand_AnklesInvisible,165,,Standing,,0.603,0.0,58.2178
Sit_Stand_AnklesInvisible,166,,Standing,,0.644,0.0,60.2386
Sit_Stand_AnklesInvisible,167,,Standing,,0.647,0.0,70.6644
Sit_Stand_AnklesInvisible,168,Standing,Standing,True,0.664,0.0,63.7328
Sit_Stand_AnklesInvisible,169,Standing,Standing,True,0.711,0.0,68.0573
Sit_Stand_AnklesInvisible,170,Standing,Standing,True,0.769,0.0,75.2193
Sit_Stand_AnklesInvisible,171,Standing,Standing,True,0.784,0.0,74.2924
Sit_Stand_AnklesInvisible,172,Standing,Standing,True,0.814,0.0,67.7573
Sit_Stand_AnklesInvisible,173,Standing,Standing,True,0.845,0.0,46.693
Sit_Stand_AnklesInvisible,174,Standing,Standing,True,0.856,0.0,59.0727
Sit_Stand_AnklesInvisible,175,Standing,Standing,True,0.861,0.0,75.8014
Sit_Stand_AnklesInvisible,176,Standing,Standing,True,0.874,0.0,80.2763
Sit_Stand_AnklesInvisible,177,Standing,Standing,True,0.876,0.0,63.6649
Sit_Stand_AnklesInvisible,178,Standing,Standing,True,0.891,0.0,61.3715
Sit_Stand_AnklesInvisible,179,Standing,Standing,True,0.894,0.0,62.1045
Sit_Stand_AnklesInvisible,180,Standing,Standing,True,0.892,0.0,59.6
Sit_Stand_AnklesInvisible,181,Standing,Standing,True,0.89,0.0,62.3721
Sit_Stand_AnklesInvisible,182,Standing,Standing,True,0.894,0.0,68.6676
Sit_Stand_AnklesInvisible,183,Standing,Standing,True,0.904,0.0,59.1311
Sit_Stand_AnklesInvisible,184,Standing,Standing,True,0.898,0.0,63.4061
Sit_Stand_AnklesInvisible,185,Standing,Standing,True,0.91,0.0,48.6997
Sit_Stand_AnklesInvisible,186,,Standing,,0.906,0.0,57.4226
Sit_Stand_AnklesInvisible,187,,Standing,,0.929,0.0,51.5561
Sit_Stand_AnklesInvisible,188,,Standing,,0.942,0.0,55.5895
Sit_Stand_AnklesInvisible,189,,Standing,,0.956,0.0,62.5905
Sit_Stand_AnklesInvisible,190,,Standing,,0.955,0.0,62.3124
Sit_Stand_AnklesInvisible,191,,Standing,,0.982,0.0,144.8112
Sit_Stand_AnklesInvisible,192,,Standing,,0.988,0.0,98.6019
Sit_Stand_AnklesInvisible,193,,Standing,,0.989,0.0,82.6037
Sit_Stand_AnklesInvisible,194,,Standing,,0.994,0.0,88.1047
Sit_Stand_AnklesInvisible,195,,Standing,,0.997,0.0,78.9445
Sit_Stand_AnklesInvisible,196,,Standing,,0.993,0.0,88.0358
Sit_Stand_AnklesInvisible,197,,Standing,,0.995,0.0,109.3259
Sit_Stand_AnklesInvisible,198,,Standing,,0.994,0.0,172.2468
Sit_Stand_AnklesInvisible,199,,Standing,,0.998,0.0,111.3737
Sit_Stand_AnklesInvisible,200,,Standing,,0.997,0.0,136.4707
Sit_Stand_AnklesInvisible,201,,Standing,,0.997,0.0,135.0604
Sit_Stand_AnklesInvisible,202,,Standing,,0.998,0.0,99.4816
Sit_Stand_AnklesInvisible,203,,Standing,,0.998,0.0,88.6024
Sit_Stand_AnklesInvisible,204,,Standing,,0.998,0.0,89.6337
Sit_Stand_AnklesInvisible,205,,Standing,,0.999,0.0,77.8758
Sit_Stand_AnklesInvisible,206,,Standing,,0.999,0.0,71.0566
Sit_Stand_AnklesInvisible,207,,Standing,,0.998,0.0,74.3336
Sit_Stand_AnklesInvisible,208,,Standing,,0.996,0.0,59.5809
SitFast_GetupFast,31,Sitting,Standing,False,0.939,0.0,86.7402
SitFast_GetupFast,32,Sitting,Standing,False,0.916,0.0,110.1435
SitFast_GetupFast,33,Sitting,Standing,False,0.915,0.0,110.4637
SitFast_GetupFast,34,Sitting,Standing,False,0.889,0.0,106.8425
SitFast_GetupFast,35,Sitting,Standing,False,0.881,0.0,100.4452
SitFast_GetupFast,36,Sitting,Standing,False,0.871,0.0,78.5596
SitFast_GetupFast,37,Sitting,Standing,False,0.855,0.0,108.6901
SitFast_GetupFast,38,Sitting,Standing,False,0.861,0.0,114.9656
SitFast_GetupFast,39,Sitting,Standing,False,0.854,0.0,102.073
SitFast_GetupFast,40,Sitting,Standing,False,0.834,0.0,91.7242
SitFast_GetupFast,41,Sitting,Standing,False,0.837,0.0,84.7382
SitFast_GetupFast,42,Sitting,Standing,False,0.807,0.0,84.4765
SitFast_GetupFast,43,Sitting,Standing,False,0.793,0.0,93.4765
SitFast_GetupFast,44,Sitting,Standing,False,0.782,0.0,64.9577
SitFast_GetupFast,45,Sitting,Standing,False,0.744,0.0,62.8957
SitFast_GetupFast,46,Sitting,Standing,False,0.723,0.0,95.5284
SitFast_GetupFast,47,Sitting,Standing,False,0.697,0.0,98.0844
SitFast_GetupFast,48,Sitting,Standing,False,0.656,0.0,100.6675
SitFast_GetupFast,49,Sitting,Standing,False,0.612,0.0,114.5101
SitFast_GetupFast,50,Sitting,Standing,False,0.601,0.0,70.268
SitFast_GetupFast,51,Sitting,Standing,False,0.586,0.0,61.1211
SitFast_GetupFast,52,Sitting,Standing,False,0.581,0.0,62.8445
SitFast_GetupFast,53,Sitting,Standing,False,0.595,0.0,60.7989
SitFast_GetupFast,54,Sitting,Standing,False,0.58,0.0,50.2092
SitFast_GetupFast,55,Sitting,Standing,False,0.579,0.0,54.9337
SitFast_GetupFast,56,Sitting,Standing,False,0.584,0.0,61.2309
SitFast_GetupFast,57,Sitting,Standing,False,0.592,0.0,59.2136
SitFast_GetupFast,58,Sitting,Standing,False,0.602,0.0,59.5248
SitFast_GetupFast,59,Sitting,Standing,False,0.601,0.0,59.6564
SitFast_GetupFast,60,Sitting,Standing,False,0.604,0.0,50.0935
SitFast_GetupFast,61,Sitting,Standing,False,0.607,0.0,44.2571
SitFast_GetupFast,62,Sitting,Standing,False,0.607,0.0,43.848
SitFast_GetupFast,63,Sitting,Standing,False,0.611,0.0,57.286
SitFast_GetupFast,64,Sitting,Standing,False,0.604,0.0,56.1975
SitFast_GetupFast,65,Sitting,Standing,False,0.604,0.0,49.7508
SitFast_GetupFast,66,Sitting,Standing,False,0.607,0.0,48.8695
SitFast_GetupFast,67,Sitting,Standing,False,0.613,0.0,79.6927
SitFast_GetupFast,68,Sitting,Standing,False,0.614,0.0,53.1258
SitFast_GetupFast,69,Sitting,Standing,False,0.607,0.0,39.5978
SitFast_GetupFast,70,Sitting,Standing,False,0.615,0.0,41.5015
SitFast_GetupFast,71,Sitting,Standing,False,0.602,0.0,53.9232
SitFast_GetupFast,72,Sitting,Standing,False,0.604,0.0,55.1936
SitFast_GetupFast,73,Sitting,Standing,False,0.612,0.0,55.4265
SitFast_GetupFast,74,Sitting,Standing,False,0.609,0.0,50.7951
SitFast_GetupFast,75,Sitting,Standing,False,0.604,0.0,66.2584
SitFast_GetupFast,76,Sitting,Standing,False,0.613,0.0,66.3739
SitFast_GetupFast,77,Sitting,Standing,False,0.606,0.0,91.866
SitFast_GetupFast,78,Sitting,Standing,False,0.611,0.0,87.0774
SitFast_GetupFast,79,Sitting,Standing,False,0.611,0.0,62.682
SitFast_GetupFast,80,Sitting,Standing,False,0.608,0.0,56.8586
SitFast_GetupFast,81,Sitting,Standing,False,0.609,0.0,58.8958
SitFast_GetupFast,82,Sitting,Standing,False,0.606,0.0,50.0582
SitFast_GetupFast,83,Sitting,Standing,False,0.608,0.0,55.3044
SitFast_GetupFast,84,Sitting,Standing,False,0.609,0.0,53.0106
SitFast_GetupFast,85,Sitting,Standing,False,0.608,0.0,54.2283
SitFast_GetupFast,86,Sitting,Standing,False,0.613,0.0,58.8328
SitFast_GetupFast,87,Sitting,Standing,False,0.609,0.0,56.2562
SitFast_GetupFast,88,Sitting,Standing,False,0.611,0.0,55.1775
SitFast_GetupFast,89,Sitting,Standing,False,0.611,0.0,56.2045
SitFast_GetupFast,90,Sitting,Standing,False,0.608,0.0,49.6157
SitFast_GetupFast,91,Sitting,Standing,False,0.606,0.0,49.7557
SitFast_GetupFast,92,Sitting,Standing,False,0.608,0.0,55.1533
SitFast_GetupFast,93,Sitting,Standing,False,0.609,0.0,51.7985
SitFast_GetupFast,94,Sitting,Standing,False,0.612,0.0,52.711
SitFast_GetupFast,95,Sitting,Standing,False,0.615,0.0,52.4107
SitFast_GetupFast,96,Sitting,Standing,False,0.615,0.0,51.7502
SitFast_GetupFast,97,Sitting,Standing,False,0.62,0.0,58.7343
SitFast_GetupFast,98,Sitting,Standing,False,0.61,0.0,54.5843
SitFast_GetupFast,99,Sitting,Standing,False,0.612,0.0,54.899
SitFast_GetupFast,100,Sitting,Standing,False,0.612,0.0,52.7492
SitFast_GetupFast,101,Sitting,Standing,False,0.612,0.0,55.6931
SitFast_GetupFast,102,Sitting,Standing,False,0.602,0.0,66.1312
SitFast_GetupFast,103,Sitting,Standing,False,0.607,0.0,48.8952
SitFast_GetupFast,104,Sitting,Standing,False,0.594,0.0,41.5679
SitFast_GetupFast,105,Sitting,Standing,False,0.602,0.0,53.9459
SitFast_GetupFast,106,Sitting,Standing,False,0.587,0.0,49.8098
SitFast_GetupFast,107,Sitting,Standing,False,0.579,0.0,52.2532
SitFast_GetupFast,108,Sitting,Standing,False,0.593,0.0,51.7121
SitFast_GetupFast,109,Sitting,Standing,False,0.604,0.0,49.6023
SitFast_GetupFast,110,Sitting,Standing,False,0.601,0.0,50.904
SitFast_GetupFast,111,,Standing,,0.58,0.0,43.9714
SitFast_GetupFast,112,,Standing,,0.542,0.0,59.0388
SitFast_GetupFast,113,,Standing,,0.527,0.0,53.0734
SitFast_GetupFast,114,,Standing,,0.496,0.0,56.2577
SitFast_GetupFast,115,,Standing,,0.476,0.0,75.7202
SitFast_GetupFast,116,,Standing,,0.484,0.0,69.7556
SitFast_GetupFast,117,,Standing,,0.469,0.0,72.5776
SitFast_GetupFast,118,,Standing,,0.462,0.0,92.8929
SitFast_GetupFast,119,,Standing,,0.472,0.0,86.6019
SitFast_GetupFast,120,,Standing,,0.467,0.0,71.3389
SitFast_GetupFast,121,,Standing,,0.455,0.0,54.8853
SitFast_GetupFast,122,,Standing,,0.44,0.0,55.4285
SitFast_GetupFast,123,,Sitting,,0.426,0.0,64.8621
SitFast_GetupFast,124,,Sitting,,0.424,0.0,56.441
SitFast_GetupFast,125,,Sitting,,0.443,0.0,54.901
SitFast_GetupFast,126,,Sitting,,0.438,0.0,57.2853
SitFast_GetupFast,127,,Sitting,,0.455,0.0,54.111
SitFast_GetupFast,128,,Sitting,,0.467,0.0,51.4184
SitFast_GetupFast,129,,Sitting,,0.488,0.0,52.2127
SitFast_GetupFast,130,,Sitting,,0.507,0.0,57.7655
SitFast_GetupFast,131,,Sitting,,0.526,0.0,53.9097
SitFast_GetupFast,132,,Sitting,,0.57,0.0,48.6562
SitFast_GetupFast,133,,Sitting,,0.582,0.0,91.0306
SitFast_GetupFast,134,,Sitting,,0.605,0.0,78.0877
SitFast_GetupFast,135,,Sitting,,0.631,0.0,65.4832
SitFast_GetupFast,136,,Sitting,,0.658,0.0,72.1266
SitFast_GetupFast,137,,Sitting,,0.662,0.0,74.907
SitFast_GetupFast,138,,Sitting,,0.695,0.0,84.2926
SitFast_GetupFast,139,,Sitting,,0.717,0.0,74.1931
SitFast_GetupFast,140,,Sitting,,0.717,0.0,65.833
SitFast_GetupFast,141,,Sitting,,0.7,0.0,62.186
SitFast_GetupFast,142,,Sitting,,0.681,0.0,51.3001
SitFast_GetupFast,143,,Sitting,,0.662,0.0,58.4389
SitFast_GetupFast,144,,Sitting,,0.639,0.0,62.0007
SitFast_GetupFast,145,,Sitting,,0.592,0.0,58.8978
SitFast_GetupFast,146,,Sitting,,0.543,0.0,54.2158
SitFast_GetupFast,147,,Sitting,,0.512,0.0,52.195
SitFast_GetupFast,148,,Sitting,,0.474,0.0,54.8906
SitFast_GetupFast,149,,Sitting,,0.453,0.0,42.9281
SitFast_GetupFast,150,,Sitting,,0.401,0.0,43.1795
SitFast_GetupFast,151,,Sitting,,0.373,0.0,46.5055
SitFast_GetupFast,152,,Sitting,,0.381,0.0,56.0874
SitFast_GetupFast,153,,Standing,,0.38,0.0,59.5013
SitFast_GetupFast,154,,Standing,,0.397,0.0,64.989
SitFast_GetupFast,155,,Standing,,0.459,0.0,56.6319
SitFast_GetupFast,156,,Standing,,0.524,0.0,43.9374
SitFast_GetupFast,157,,Standing,,0.539,0.0,50.2938
SitFast_GetupFast,158,,Standing,,0.594,0.0,44.7068
SitFast_GetupFast,159,,Standing,,0.633,0.0,52.8724
SitFast_GetupFast,160,,Standing,,0.705,0.0,54.6557
SitFast_GetupFast,161,,Standing,,0.729,0.0,55.0305
SitFast_GetupFast,162,,Standing,,0.755,0.0,46.7325
SitFast_GetupFast,163,,Standing,,0.78,0.0,46.7516
SitFast_GetupFast,164,,Standing,,0.792,0.0,49.03
SitFast_GetupFast,165,,Standing,,0.808,0.0,46.2497
SitFast_GetupFast,166,,Standing,,0.802,0.0,27.2646
SitFast_GetupFast,167,,Standing,,0.834,0.0,33.4899
SitFast_GetupFast,168,,Standing,,0.829,0.0,39.6469
SitFast_GetupFast,169,,Standing,,0.826,0.0,48.2724
SitFast_GetupFast,170,,Standing,,0.824,0.0,49.2733
SitFast_GetupFast,171,,Standing,,0.837,0.0,50.0052
SitFast_GetupFast,172,,Standing,,0.849,0.0,49.5614
SitFast_GetupFast,173,,Standing,,0.863,0.0,45.9851
SitFast_GetupFast,174,,Standing,,0.872,0.0,47.3739
SitFloor_lowKeypoints_crossedLegs,31,,Lying,,0.482,0.0,43.0091
SitFloor_lowKeypoints_crossedLegs,32,,Lying,,0.476,0.0,43.1427
SitFloor_lowKeypoints_crossedLegs,33,,Lying,,0.502,0.0,42.6199
SitFloor_lowKeypoints_crossedLegs,34,,Lying,,0.507,0.0,35.317
SitFloor_lowKeypoints_crossedLegs,35,,Lying,,0.544,0.0,49.2619
SitFloor_lowKeypoints_crossedLegs,36,,Lying,,0.587,0.0,51.3811
SitFloor_lowKeypoints_crossedLegs,37,,Lying,,0.54,0.0,47.3734
SitFloor_lowKeypoints_crossedLegs,38,,Lying,,0.563,0.0,41.3328
SitFloor_lowKeypoints_crossedLegs,39,,Lying,,0.591,0.0,47.6395
SitFloor_lowKeypoints_crossedLegs,40,,Lying,,0.559,0.0,45.3907
SitFloor_lowKeypoints_crossedLegs,41,,Lying,,0.552,0.0,52.904
SitFloor_lowKeypoints_crossedLegs,42,,Lying,,0.511,0.0,45.9937
SitFloor_lowKeypoints_crossedLegs,43,,Lying,,0.497,0.0,43.478
SitFloor_lowKeypoints_crossedLegs,44,,Lying,,0.456,0.0,40.7509
SitFloor_lowKeypoints_crossedLegs,45,,Lying,,0.436,0.0,47.16
SitFloor_lowKeypoints_crossedLegs,46,,Lying,,0.485,0.0,51.0848
SitFloor_lowKeypoints_crossedLegs,47,,Lying,,0.511,0.0,50.6555
SitFloor_lowKeypoints_crossedLegs,48,,Lying,,0.558,0.0,50.9588
SitFloor_lowKeypoints_crossedLegs,49,,Lying,,0.545,0.0,43.1844
SitFloor_lowKeypoints_crossedLegs,50,,Lying,,0.546,0.0,55.0703
SitFloor_lowKeypoints_crossedLegs,51,,Lying,,0.491,0.0,50.9947
SitFloor_lowKeypoints_crossedLegs,52,,Lying,,0.452,0.0,52.4637
SitFloor_lowKeypoints_crossedLegs,53,,Lying,,0.415,0.0,56.9278
SitFloor_lowKeypoints_crossedLegs,54,,Sitting,,0.399,0.0,57.0179
SitFloor_lowKeypoints_crossedLegs,55,,Sitting,,0.476,0.0,72.3445
SitFloor_lowKeypoints_crossedLegs,56,,Sitting,,0.475,0.0,60.5441
SitFloor_lowKeypoints_crossedLegs,57,,Sitting,,0.554,0.0,66.9355
SitFloor_lowKeypoints_crossedLegs,58,,Sitting,,0.602,0.0,63.5875
SitFloor_lowKeypoints_crossedLegs,59,,Sitting,,0.59,0.0,67.8438
SitFloor_lowKeypoints_crossedLegs,60,,Sitting,,0.57,0.0,57.3622
SitFloor_lowKeypoints_crossedLegs,61,,Sitting,,0.579,0.0,54.5977
SitFloor_lowKeypoints_crossedLegs,62,,Sitting,,0.577,0.0,47.8622
SitFloor_lowKeypoints_crossedLegs,63,,Sitting,,0.597,0.0,48.8907
SitFloor_lowKeypoints_crossedLegs,64,,Sitting,,0.588,0.0,53.1508
SitFloor_lowKeypoints_crossedLegs,65,,Sitting,,0.568,0.0,48.5043
SitFloor_lowKeypoints_crossedLegs,66,,Sitting,,0.531,0.0,47.3345
SitFloor_lowKeypoints_crossedLegs,67,,Sitting,,0.483,0.0,55.4797
SitFloor_lowKeypoints_crossedLegs,68,,Sitting,,0.414,0.0,51.1826
SitFloor_lowKeypoints_crossedLegs,69,,Sitting,,0.372,0.0,51.3297
SitFloor_lowKeypoints_crossedLegs,70,,Sitting,,0.342,0.0,48.3571
SitFloor_lowKeypoints_crossedLegs,71,,Sitting,,0.332,0.0,47.8913
SitFloor_lowKeypoints_crossedLegs,72,,Sitting,,0.319,0.0,49.2002
SitFloor_lowKeypoints_crossedLegs,73,,Standing,,0.331,0.0,46.3149
SitFloor_lowKeypoints_crossedLegs,74,,Standing,,0.346,0.0,43.0906
SitFloor_lowKeypoints_crossedLegs,75,,Standing,,0.34,0.0,42.4996
SitFloor_lowKeypoints_crossedLegs,76,,Standing,,0.355,0.0,43.1446
SitFloor_lowKeypoints_crossedLegs,77,,Standing,,0.359,0.0,44.8233
SitFloor_lowKeypoints_crossedLegs,78,,Standing,,0.371,0.0,39.3319
SitFloor_lowKeypoints_crossedLegs,79,,Standing,,0.385,0.0,49.4006
SitFloor_lowKeypoints_crossedLegs,80,,Standing,,0.392,0.0,45.3511
SitFloor_lowKeypoints_crossedLegs,81,,Standing,,0.391,0.0,45.8341
SitFloor_lowKeypoints_crossedLegs,82,,Standing,,0.407,0.0,46.2218
SitFloor_lowKeypoints_crossedLegs,83,,Standing,,0.416,0.0,49.7455
SitFloor_lowKeypoints_crossedLegs,84,,Standing,,0.428,0.0,49.8618
SitFloor_lowKeypoints_crossedLegs,85,,Standing,,0.428,0.0,51.9809
SitFloor_lowKeypoints_crossedLegs,86,Sitting,Standing,False,0.431,0.0,53.7671
SitFloor_lowKeypoints_crossedLegs,87,Sitting,Standing,False,0.435,0.0,48.1728
SitFloor_lowKeypoints_crossedLegs,88,Sitting,Standing,False,0.448,0.0,46.3897
SitFloor_lowKeypoints_crossedLegs,89,Sitting,Standing,False,0.463,0.0,58.9904
SitFloor_lowKeypoints_crossedLegs,90,Sitting,Standing,False,0.467,0.0,57.722
SitFloor_lowKeypoints_crossedLegs,91,Sitting,Standing,False,0.444,0.0,56.3825
SitFloor_lowKeypoints_crossedLegs,92,Sitting,Standing,False,0.404,0.0,64.132
SitFloor_lowKeypoints_crossedLegs,93,Sitting,Standing,False,0.387,0.0,50.9999
SitFloor_lowKeypoints_crossedLegs,94,Sitting,Standing,False,0.378,0.0,54.3795
SitFloor_lowKeypoints_crossedLegs,95,Sitting,Standing,False,0.335,0.0,63.0396
SitFloor_lowKeypoints_crossedLegs,96,Sitting,Sitting,True,0.332,0.0,58.9358
SitFloor_lowKeypoints_crossedLegs,97,Sitting,Sitting,True,0.327,0.0,52.4074
SitFloor_lowKeypoints_crossedLegs,98,Sitting,Sitting,True,0.318,0.0,55.8807
SitFloor_lowKeypoints_crossedLegs,99,Sitting,Sitting,True,0.342,0.0,54.4887
SitFloor_lowKeypoints_crossedLegs,100,Sitting,Sitting,True,0.345,0.0,31.4442
SitFloor_lowKeypoints_crossedLegs,101,Sitting,Sitting,True,0.328,0.0,37.5736
SitFloor_lowKeypoints_crossedLegs,102,Sitting,Sitting,True,0.307,0.0,44.3731
SitFloor_lowKeypoints_crossedLegs,103,Sitting,Sitting,True,0.307,0.0,46.2581
SitFloor_lowKeypoints_crossedLegs,104,Sitting,Sitting,True,0.307,0.0,48.6442
SitFloor_lowKeypoints_crossedLegs,105,Sitting,Sitting,True,0.3,0.0,50.4043
SitFloor_lowKeypoints_crossedLegs,106,Sitting,Sitting,True,0.333,0.0,49.4504
SitFloor_lowKeypoints_crossedLegs,107,Sitting,Sitting,True,0.373,0.0,28.6986
SitFloor_lowKeypoints_crossedLegs,108,Sitting,Sitting,True,0.36,0.0,30.9501
SitFloor_lowKeypoints_crossedLegs,109,Sitting,Sitting,True,0.374,0.0,45.7813
SitFloor_lowKeypoints_crossedLegs,110,Sitting,Sitting,True,0.407,0.0,45.0154
SitFloor_lowKeypoints_crossedLegs,111,Sitting,Sitting,True,0.449,0.0,32.1325
SitFloor_lowKeypoints_crossedLegs,112,Sitting,Sitting,True,0.477,0.0,48.2266
SitFloor_lowKeypoints_crossedLegs,113,Sitting,Sitting,True,0.463,0.0,46.5507
SitFloor_lowKeypoints_crossedLegs,114,Sitting,Sitting,True,0.48,0.0,45.1335
SitFloor_lowKeypoints_crossedLegs,115,Sitting,Sitting,True,0.485,0.0,48.7295
SitFloor_lowKeypoints_crossedLegs,116,Sitting,Sitting,True,0.511,0.0,52.2314
SitFloor_lowKeypoints_crossedLegs,117,Sitting,Sitting,True,0.534,0.0,59.8435
SitFloor_lowKeypoints_crossedLegs,118,Sitting,Sitting,True,0.569,0.0,70.8483
SitFloor_lowKeypoints_crossedLegs,119,Sitting,Sitting,True,0.586,0.0,66.7088
SitFloor_lowKeypoints_crossedLegs,120,Sitting,Sitting,True,0.606,0.0,62.8883
SitFloor_lowKeypoints_crossedLegs,121,Sitting,Sitting,True,0.6,0.0,50.6266
SitFloor_lowKeypoints_crossedLegs,122,Sitting,Sitting,True,0.588,0.0,50.9547
SitFloor_lowKeypoints_crossedLegs,123,Sitting,Sitting,True,0.604,0.0,49.298
SitFloor_lowKeypoints_crossedLegs,124,Sitting,Sitting,True,0.626,0.0,44.2003
SitFloor_lowKeypoints_crossedLegs,125,Sitting,Sitting,True,0.624,0.0,47.89
SitFloor_lowKeypoints_crossedLegs,126,Sitting,Sitting,True,0.623,0.0,52.8369
SitFloor_lowKeypoints_crossedLegs,127,Sitting,Sitting,True,0.628,0.0,51.4647
SitFloor_lowKeypoints_crossedLegs,128,Sitting,Sitting,True,0.621,0.0,49.2772
SitFloor_lowKeypoints_crossedLegs,129,Sitting,Sitting,True,0.617,0.0,54.0293
SitFloor_lowKeypoints_crossedLegs,130,Sitting,Sitting,True,0.64,0.0,44.6004
SitFloor_lowKeypoints_crossedLegs,131,Sitting,Sitting,True,0.654,0.0,49.4722
SitFloor_lowKeypoints_crossedLegs,132,Sitting,Sitting,True,0.631,0.0,51.9172
SitFloor_lowKeypoints_crossedLegs,133,Sitting,Sitting,True,0.649,0.0,51.6464
SitFloor_lowKeypoints_crossedLegs,134,Sitting,Sitting,True,0.633,0.0,49.9782
SitFloor_lowKeypoints_crossedLegs,135,Sitting,Sitting,True,0.635,0.0,49.275
SitFloor_lowKeypoints_crossedLegs,136,Sitting,Sitting,True,0.659,0.0,55.2662
SitFloor_lowKeypoints_crossedLegs,137,Sitting,Sitting,True,0.658,0.0,48.8573
SitFloor_lowKeypoints_crossedLegs,138,Sitting,Sitting,True,0.64,0.0,53.1512
SitFloor_lowKeypoints_crossedLegs,139,Sitting,Sitting,True,0.653,0.0,48.3695
SitFloor_lowKeypoints_crossedLegs,140,Sitting,Sitting,True,0.66,0.0,58.8766
SitFloor_lowKeypoints_crossedLegs,141,Sitting,Sitting,True,0.651,0.0,65.3797
SitFloor_lowKeypoints_crossedLegs,142,Sitting,Sitting,True,0.65,0.0,60.8591
SitFloor_lowKeypoints_crossedLegs,143,Sitting,Sitting,True,0.629,0.0,46.1138
SitFloor_lowKeypoints_crossedLegs,144,Sitting,Sitting,True,0.647,0.0,45.7285
SitFloor_lowKeypoints_crossedLegs,145,Sitting,Sitting,True,0.65,0.0,48.0222
SitFloor_lowKeypoints_crossedLegs,146,Sitting,Sitting,True,0.583,0.0,48.5862
SitFloor_lowKeypoints_crossedLegs,147,Sitting,Sitting,True,0.562,0.0,47.0153
SitFloor_lowKeypoints_crossedLegs,148,Sitting,Sitting,True,0.537,0.0,47.1624
SitFloor_lowKeypoints_crossedLegs,149,Sitting,Sitting,True,0.537,0.0,46.1255
SitFloor_lowKeypoints_crossedLegs,150,Sitting,Sitting,True,0.517,0.0,45.0746
SitFloor_lowKeypoints_crossedLegs,151,Sitting,Sitting,True,0.487,0.0,26.6549
SitFloor_lowKeypoints_crossedLegs,152,Sitting,Sitting,True,0.451,0.0,29.3779
SitFloor_lowKeypoints_crossedLegs,153,Sitting,Sitting,True,0.43,0.0,42.1258
SitFloor_lowKeypoints_crossedLegs,154,Sitting,Sitting,True,0.409,0.0,41.7508
SitFloor_lowKeypoints_crossedLegs,155,Sitting,Sitting,True,0.396,0.0,41.9472
SitFloor_lowKeypoints_crossedLegs,156,Sitting,Sitting,True,0.389,0.0,41.6374
SitFloor_lowKeypoints_crossedLegs,157,Sitting,Sitting,True,0.38,0.0,42.4247
SitFloor_lowKeypoints_crossedLegs,158,Sitting,Sitting,True,0.338,0.0,40.9271
SitFloor_lowKeypoints_crossedLegs,159,Sitting,Sitting,True,0.367,0.0,41.1373
SitFloor_lowKeypoints_crossedLegs,160,Sitting,Sitting,True,0.312,0.0,36.6257
SitFloor_lowKeypoints_crossedLegs,161,Sitting,Sitting,True,0.312,0.0,35.6946
SitFloor_lowKeypoints_crossedLegs,162,Sitting,Sitting,True,0.32,0.0,39.9084
SitFloor_lowKeypoints_crossedLegs,163,Sitting,Sitting,True,0.305,0.0,25.3207
SitFloor_lowKeypoints_crossedLegs,164,Sitting,Sitting,True,0.326,0.0,22.9563
SitFloor_lowKeypoints_crossedLegs,165,Sitting,Sitting,True,0.328,0.0,22.1688
SitFloor_lowKeypoints_crossedLegs,166,Sitting,Sitting,True,0.365,0.0,23.7546
SitFloor_lowKeypoints_crossedLegs,167,Sitting,Sitting,True,0.365,0.0,30.9736
SitFloor_lowKeypoints_crossedLegs,168,Sitting,Sitting,True,0.385,0.0,34.4542
SitFloor_lowKeypoints_crossedLegs,169,Sitting,Sitting,True,0.41,0.0,40.7993
SitFloor_lowKeypoints_crossedLegs,170,Sitting,Sitting,True,0.46,0.0,37.036
SitFloor_lowKeypoints_crossedLegs,171,Sitting,Sitting,True,0.452,0.0,33.6144
SitFloor_lowKeypoints_crossedLegs,172,Sitting,Sitting,True,0.465,0.0,39.5899
SitFloor_lowKeypoints_crossedLegs,173,Sitting,Sitting,True,0.436,0.0,41.7722
SitFloor_lowKeypoints_crossedLegs,174,Sitting,Sitting,True,0.434,0.0,46.6209
SitFloor_lowKeypoints_crossedLegs,175,Sitting,Sitting,True,0.455,0.0,47.6844
SitFloor_lowKeypoints_crossedLegs,176,Sitting,Sitting,True,0.412,0.0,40.1652
SitFloor_lowKeypoints_crossedLegs,177,Sitting,Sitting,True,0.421,0.0,44.8445
SitFloor_lowKeypoints_crossedLegs,178,Sitting,Sitting,True,0.397,0.0,44.3841
SitFloor_lowKeypoints_crossedLegs,179,Sitting,Sitting,True,0.408,0.0,42.8854
SitFloor_lowKeypoints_crossedLegs,180,Sitting,Sitting,True,0.396,0.0,42.2513
SitFloor_lowKeypoints_crossedLegs,181,Sitting,Sitting,True,0.379,0.0,41.3415
SitFloor_lowKeypoints_crossedLegs,182,Sitting,Sitting,True,0.434,0.0,32.7681
SitFloor_lowKeypoints_crossedLegs,183,Sitting,Sitting,True,0.459,0.0,31.6872
SitFloor_lowKeypoints_crossedLegs,184,Sitting,Sitting,True,0.484,0.0,36.3136
SitFloor_lowKeypoints_crossedLegs,185,Sitting,Sitting,True,0.522,0.0,44.0268
SitFloor_lowKeypoints_crossedLegs,186,Sitting,Sitting,True,0.532,0.0,45.1435
SitFloor_lowKeypoints_crossedLegs,187,Sitting,Sitting,True,0.555,0.0,52.571
SitFloor_lowKeypoints_crossedLegs,188,Sitting,Sitting,True,0.564,0.0,56.2933
SitFloor_lowKeypoints_crossedLegs,189,Sitting,Sitting,True,0.605,0.0,53.6164
SitFloor_lowKeypoints_crossedLegs,190,Sitting,Sitting,True,0.603,0.0,54.327
SitFloor_lowKeypoints_crossedLegs,191,Sitting,Sitting,True,0.62,0.0,56.7477
SitFloor_lowKeypoints_crossedLegs,192,Sitting,Sitting,True,0.608,0.0,66.8374
SitFloor_lowKeypoints_crossedLegs,193,Sitting,Sitting,True,0.62,0.0,67.0406
SitFloor_lowKeypoints_crossedLegs,194,Sitting,Sitting,True,0.628,0.0,60.6475
SitFloor_lowKeypoints_crossedLegs,195,Sitting,Sitting,True,0.63,0.0,66.8855
SitFloor_lowKeypoints_crossedLegs,196,Sitting,Sitting,True,0.63,0.0,50.6502
SitFloor_lowKeypoints_crossedLegs,197,Sitting,Sitting,True,0.625,0.0,58.2637
SitFloor_lowKeypoints_crossedLegs,198,Sitting,Sitting,True,0.596,0.0,74.5111
SitFloor_lowKeypoints_crossedLegs,199,Sitting,Sitting,True,0.599,0.0,84.3129
SitFloor_lowKeypoints_crossedLegs,200,Sitting,Sitting,True,0.602,0.0,64.1878
SitFloor_lowKeypoints_crossedLegs,201,,Sitting,,0.59,0.0,64.8539
SitFloor_lowKeypoints_crossedLegs,202,,Sitting,,0.601,0.0,72.1124
SitFloor_lowKeypoints_crossedLegs,203,,Sitting,,0.605,0.0,75.9622
SitFloor_lowKeypoints_crossedLegs,204,,Sitting,,0.596,0.0,63.4365
SitFloor_lowKeypoints_crossedLegs,205,,Sitting,,0.595,0.0,62.4623
SitFloor_lowKeypoints_crossedLegs,206,,Sitting,,0.604,0.0,57.7364
SitFloor_lowKeypoints_crossedLegs,207,,Sitting,,0.577,0.0,65.0166
SitFloor_lowKeypoints_crossedLegs,208,,Sitting,,0.595,0.0,73.2539
SitFloor_lowKeypoints_crossedLegs,209,,Sitting,,0.583,0.0,54.0327
SitFloor_lowKeypoints_crossedLegs,210,,Sitting,,0.599,0.0,57.3605
SitFloor_lowKeypoints_crossedLegs,211,,Sitting,,0.58,0.0,52.3088
SitFloor_lowKeypoints_crossedLegs,212,,Sitting,,0.576,0.0,58.162
SitFloor_lowKeypoints_crossedLegs,213,,Sitting,,0.578,0.0,54.1436
SitFloor_lowKeypoints_crossedLegs,214,,Sitting,,0.572,0.0,48.5247
SitFloor_lowKeypoints_crossedLegs,215,,Sitting,,0.558,0.0,54.3428
SitFloor_lowKeypoints_crossedLegs,216,,Sitting,,0.532,0.0,95.1756
SitFloor_lowKeypoints_crossedLegs,217,,Sitting,,0.527,0.0,90.6174
SitFloor_lowKeypoints_crossedLegs,218,,Sitting,,0.509,0.0,78.4654
SitFloor_lowKeypoints_crossedLegs,219,,Sitting,,0.476,0.0,78.6149
SitFloor_lowKeypoints_crossedLegs,220,,Sitting,,0.456,0.0,57.6225
SitFloor_lowKeypoints_crossedLegs,221,,Sitting,,0.43,0.0,69.2291
SitFloor_lowKeypoints_crossedLegs,222,,Sitting,,0.4,0.0,62.8726
SitFloor_lowKeypoints_crossedLegs,223,,Sitting,,0.376,0.0,51.6758
SitFloor_lowKeypoints_crossedLegs,224,,Sitting,,0.36,0.0,59.2206
SitFloor_lowKeypoints_crossedLegs,225,,Sitting,,0.339,0.0,67.1469
SitFloor_lowKeypoints_crossedLegs,226,,Sitting,,0.327,0.0,55.6747
SitFloor_lowKeypoints_crossedLegs,227,,Sitting,,0.34,0.0,51.6545
SitFloor_lowKeypoints_crossedLegs,228,,Sitting,,0.33,0.0,54.1979
SitFloor_lowKeypoints_crossedLegs,229,,Sitting,,0.321,0.0,58.1034
SitFloor_lowKeypoints_crossedLegs,230,,Sitting,,0.331,0.0,62.1498
SitFloor_lowKeypoints_crossedLegs,231,,Sitting,,0.333,0.0,57.1289
SitFloor_lowKeypoints_crossedLegs,232,,Sitting,,0.326,0.0,79.6644
SitFloor_lowKeypoints_crossedLegs,233,,Sitting,,0.325,0.0,83.8042
SitFloor_lowKeypoints_crossedLegs,234,,Sitting,,0.325,0.0,72.3005
SitFloor_lowKeypoints_crossedLegs,235,,Sitting,,0.327,0.0,61.1765
SitFloor_lowKeypoints_crossedLegs,236,,Sitting,,0.322,0.0,58.4764
SitFloor_lowKeypoints_crossedLegs,237,,Sitting,,0.307,0.0,61.297
SitFloor_lowKeypoints_crossedLegs,238,,Standing,,0.308,0.0,69.0122
SitFloor_lowKeypoints_crossedLegs,239,,Sitting,,0.299,0.0,57.4744
SitFloor_lowKeypoints_crossedLegs,240,,Standing,,0.294,0.0,60.8922
SitFloor_lowKeypoints_crossedLegs,241,,Standing,,0.307,0.0,67.4538
SitFloor_lowKeypoints_crossedLegs,242,,Standing,,0.307,0.0,70.8021
SitFloor_lowKeypoints_crossedLegs,243,,Standing,,0.299,0.0,61.6191
SitFloor_lowKeypoints_crossedLegs,244,,Standing,,0.295,0.0,54.5191
SitFloor_lowKeypoints_crossedLegs,245,,Standing,,0.307,0.0,69.3395
SitFloor_lowKeypoints_crossedLegs,246,,Sitting,,0.298,0.0,63.9897
SitFloor_lowKeypoints_crossedLegs,247,,Sitting,,0.293,0.0,71.9225
SitFloor_lowKeypoints_crossedLegs,248,,Sitting,,0.309,0.0,72.9954
SitFloor_lowKeypoints_crossedLegs,249,,Sitting,,0.298,0.0,63.2146
SitFloor_lowKeypoints_crossedLegs,250,,Sitting,,0.286,0.0,64.2363
SitFloor_lowKeypoints_crossedLegs,251,,Standing,,0.287,0.0,64.255
SitFloor_lowKeypoints_crossedLegs,252,,Standing,,0.278,0.0,48.0923
SitFloor_lowKeypoints_crossedLegs,253,,Sitting,,0.289,0.0,41.5952
SitFloor_lowKeypoints_crossedLegs,254,,Sitting,,0.301,0.0,51.9015
SitFloor_lowKeypoints_crossedLegs,255,,Sitting,,0.312,0.0,51.6319
SitFloor_lowKeypoints_crossedLegs,256,,Sitting,,0.365,0.0,53.1018
SitFloor_lowKeypoints_crossedLegs,257,,Sitting,,0.404,0.0,45.0844
SitFloor_lowKeypoints_crossedLegs,258,,Sitting,,0.463,0.0,49.3817
SitFloor_lowKeypoints_crossedLegs,259,,Sitting,,0.502,0.0,52.3219
SitFloor_lowKeypoints_crossedLegs,260,,Sitting,,0.532,0.0,51.4121
SitFloor_lowKeypoints_crossedLegs,261,,Sitting,,0.56,0.0,55.1654
SitFloor_lowKeypoints_crossedLegs,262,,Sitting,,0.534,0.0,48.6677
SitFloor_lowKeypoints_crossedLegs,263,,Sitting,,0.544,0.0,55.1025
SitFloor_lowKeypoints_crossedLegs,264,,Sitting,,0.541,0.0,43.7864
SitFloor_lowKeypoints_crossedLegs,265,,Sitting,,0.533,0.0,48.6388
SitFloor_lowKeypoints_crossedLegs,266,,Sitting,,0.535,0.0,48.3988
SitFloor_lowKeypoints_crossedLegs,267,,Sitting,,0.557,0.0,55.1694
SitFloor_lowKeypoints_crossedLegs,268,,Sitting,,0.563,0.0,52.1656
SitFloor_lowKeypoints_crossedLegs,269,,Sitting,,0.56,0.0,51.1891
SitFloor_lowKeypoints_crossedLegs,270,,Sitting,,0.564,0.0,49.3094
SitFloor_lowKeypoints_crossedLegs,271,,Sitting,,0.56,0.0,52.04
SitFloor_lowKeypoints_crossedLegs,272,,Sitting,,0.531,0.0,53.0425
SitFloor_lowKeypoints_crossedLegs,273,,Sitting,,0.568,0.0,53.5848
SitFloor_lowKeypoints_crossedLegs,274,,Sitting,,0.57,0.0,52.74
SitFloor_lowKeypoints_crossedLegs,275,,Sitting,,0.542,0.0,54.183
SitFloor_lowKeypoints_crossedLegs,276,,Sitting,,0.566,0.0,49.2775
SitFloor_lowKeypoints_crossedLegs,277,,Sitting,,0.547,0.0,45.0529
SitFloor_lowKeypoints_crossedLegs,278,,Sitting,,0.535,0.0,46.6732
SitFloor_lowKeypoints_crossedLegs,279,,Sitting,,0.515,0.0,49.0455
SitFloor_lowKeypoints_crossedLegs,280,,Sitting,,0.511,0.0,43.6308
SitFloor_lowKeypoints_crossedLegs,281,,Sitting,,0.443,0.0,34.9181
SitFloor_lowKeypoints_crossedLegs,282,,Sitting,,0.436,0.0,42.6864
SitFloor_lowKeypoints_crossedLegs,283,,Sitting,,0.408,0.0,42.8742
SitFloor_lowKeypoints_crossedLegs,284,,Sitting,,0.445,0.0,46.9358
SitFloor_lowKeypoints_crossedLegs,285,,Sitting,,0.396,0.0,41.6544
SitFloor_lowKeypoints_crossedLegs,286,,Sitting,,0.426,0.0,30.3383
SitFloor_lowKeypoints_crossedLegs,287,,Sitting,,0.413,0.0,32.8691
SitFloor_lowKeypoints_crossedLegs,288,,Sitting,,0.39,0.0,48.7991
SitFloor_lowKeypoints_crossedLegs,289,,Sitting,,0.375,0.0,55.1352
SitFloor_lowKeypoints_crossedLegs,290,,Sitting,,0.377,0.0,56.7018
SitFloor_lowKeypoints_crossedLegs,291,,Sitting,,0.348,0.0,50.5039
SitFloor_lowKeypoints_crossedLegs,292,,Sitting,,0.32,0.0,46.1354
SitFloor_lowKeypoints_crossedLegs,293,,Sitting,,0.283,0.0,47.9692
SitFloor_lowKeypoints_crossedLegs,294,,Standing,,0.328,0.0,47.0601
SitFloor_lowKeypoints_crossedLegs,295,,Standing,,0.341,0.0,51.0377
SitFloor_lowKeypoints_crossedLegs,296,,Standing,,0.319,0.0,48.4547
SitFloor_lowKeypoints_crossedLegs,297,,Standing,,0.352,0.0,52.1394
SitFloor_lowKeypoints_crossedLegs,298,,Standing,,0.323,0.0,48.5817
SitFloor_lowKeypoints_crossedLegs,299,,Standing,,0.318,0.0,49.5678
SitFloor_lowKeypoints_crossedLegs,300,,Standing,,0.343,0.0,50.6957
SitFloor_lowKeypoints_crossedLegs,301,,Standing,,0.366,0.0,47.1379
SitFloor_lowKeypoints_crossedLegs,302,,Standing,,0.395,0.0,43.6585
SitFloor_lowKeypoints_crossedLegs,303,,Standing,,0.424,0.0,36.3711
SitFloor_lowKeypoints_crossedLegs,304,,Standing,,0.455,0.0,64.0812
SitFloor_lowKeypoints_crossedLegs,305,,Standing,,0.493,0.0,54.3949
SitFloor_lowKeypoints_crossedLegs,306,,Standing,,0.557,0.0,56.1348
SitFloor_lowKeypoints_crossedLegs,307,,Standing,,0.609,0.0,52.4565
SitFloor_lowKeypoints_crossedLegs,308,,Standing,,0.642,0.0,48.797
SitFloor_lowKeypoints_crossedLegs,309,,Standing,,0.665,0.0,53.937
SitFloor_lowKeypoints_crossedLegs,310,,Standing,,0.671,0.0,61.1825
SitFloor_lowKeypoints_crossedLegs,311,,Standing,,0.654,0.0,53.4473
SitFloor_lowKeypoints_crossedLegs,312,,Standing,,0.688,0.0,53.9506
SitFloor_lowKeypoints_crossedLegs,313,,Standing,,0.698,0.0,56.1504
SitFloor_lowKeypoints_crossedLegs,314,,Standing,,0.656,0.0,50.4874
SitFloor_lowKeypoints_crossedLegs,315,,Standing,,0.682,0.0,50.1726
SitFloor_lowKeypoints,31,Standing,Standing,True,0.985,0.0,54.5813
SitFloor_lowKeypoints,32,Standing,Standing,True,0.982,0.0,57.854
SitFloor_lowKeypoints,33,Standing,Standing,True,0.985,0.0,53.783
SitFloor_lowKeypoints,34,Standing,Standing,True,0.986,0.0,39.886
SitFloor_lowKeypoints,35,Standing,Standing,True,0.989,0.0,34.5959
SitFloor_lowKeypoints,36,Standing,Standing,True,0.989,0.0,59.6455
SitFloor_lowKeypoints,37,Standing,Standing,True,0.988,0.0,62.196
SitFloor_lowKeypoints,38,Standing,Standing,True,0.987,0.0,51.1235
SitFloor_lowKeypoints,39,Standing,Standing,True,0.982,0.0,52.6692
SitFloor_lowKeypoints,40,Standing,Standing,True,0.978,0.0,50.633
SitFloor_lowKeypoints,41,Standing,Standing,True,0.971,0.0,51.2396
SitFloor_lowKeypoints,42,Standing,Standing,True,0.972,0.0,47.4563
SitFloor_lowKeypoints,43,Standing,Standing,True,0.969,0.0,61.1122
SitFloor_lowKeypoints,44,Standing,Standing,True,0.962,0.0,48.0243
SitFloor_lowKeypoints,45,Standing,Standing,True,0.971,0.0,50.2812
SitFloor_lowKeypoints,46,Standing,Standing,True,0.972,0.0,43.1624
SitFloor_lowKeypoints,47,Standing,Standing,True,0.972,0.0,43.2473
SitFloor_lowKeypoints,48,Standing,Standing,True,0.966,0.0,43.7795
SitFloor_lowKeypoints,49,Standing,Standing,True,0.969,0.0,55.8758
SitFloor_lowKeypoints,50,Standing,Standing,True,0.967,0.0,47.423
SitFloor_lowKeypoints,51,Standing,Standing,True,0.966,0.0,49.5598
SitFloor_lowKeypoints,52,Standing,Standing,True,0.966,0.0,44.1602
SitFloor_lowKeypoints,53,Standing,Standing,True,0.963,0.0,48.0873
SitFloor_lowKeypoints,54,Standing,Standing,True,0.956,0.0,54.5721
SitFloor_lowKeypoints,55,Standing,Standing,True,0.953,0.0,52.2205
SitFloor_lowKeypoints,56,Standing,Standing,True,0.949,0.0,50.204
SitFloor_lowKeypoints,57,Standing,Standing,True,0.943,0.0,51.5317
SitFloor_lowKeypoints,58,,Standing,,0.956,0.0,49.2785
SitFloor_lowKeypoints,59,,Standing,,0.957,0.0,49.3139
SitFloor_lowKeypoints,60,,Standing,,0.955,0.0,36.2338
SitFloor_lowKeypoints,61,,Standing,,0.952,0.0,38.3325
SitFloor_lowKeypoints,62,,Standing,,0.921,0.0,46.0801
SitFloor_lowKeypoints,63,,Standing,,0.888,0.0,46.3585
SitFloor_lowKeypoints,64,,Standing,,0.843,0.0,36.5159
SitFloor_lowKeypoints,65,,Standing,,0.814,0.0,31.403
SitFloor_lowKeypoints,66,,Standing,,0.792,0.0,42.3441
SitFloor_lowKeypoints,67,,Standing,,0.773,0.0,43.2634
SitFloor_lowKeypoints,68,,Standing,,0.751,0.0,43.4192
SitFloor_lowKeypoints,69,,Standing,,0.74,0.0,45.666
SitFloor_lowKeypoints,70,,Standing,,0.763,0.0,43.3864
SitFloor_lowKeypoints,71,,Standing,,0.755,0.0,43.6425
SitFloor_lowKeypoints,72,,Standing,,0.766,0.0,47.74
SitFloor_lowKeypoints,73,,Standing,,0.763,0.0,43.0646
SitFloor_lowKeypoints,74,,Standing,,0.774,0.0,46.9161
SitFloor_lowKeypoints,75,,Standing,,0.755,0.0,47.0027
SitFloor_lowKeypoints,76,,Standing,,0.703,0.0,56.8445
SitFloor_lowKeypoints,77,,Standing,,0.619,0.0,48.6437
SitFloor_lowKeypoints,78,,Standing,,0.518,0.0,38.2967
SitFloor_lowKeypoints,79,,Standing,,0.437,0.0,48.118
SitFloor_lowKeypoints,80,,Standing,,0.364,0.0,43.1527
SitFloor_lowKeypoints,81,,Standing,,0.29,0.0,41.5112
SitFloor_lowKeypoints,82,,Sitting,,0.271,0.0,35.0257
SitFloor_lowKeypoints,83,,Lying,,0.249,0.0,42.223
SitFloor_lowKeypoints,84,,Lying,,0.3,0.0,36.467
SitFloor_lowKeypoints,85,,Lying,,0.36,0.0,46.9146
SitFloor_lowKeypoints,86,,Lying,,0.417,0.0,45.6031
SitFloor_lowKeypoints,87,,Lying,,0.397,0.0,43.3346
SitFloor_lowKeypoints,88,,Lying,,0.444,0.0,48.4936
SitFloor_lowKeypoints,89,,Lying,,0.473,0.0,51.2255
SitFloor_lowKeypoints,90,,Lying,,0.475,0.0,46.5342
SitFloor_lowKeypoints,91,,Lying,,0.506,0.0,38.5035
SitFloor_lowKeypoints,92,,Lying,,0.523,0.0,49.2085
SitFloor_lowKeypoints,93,,Lying,,0.512,0.0,46.4087
SitFloor_lowKeypoints,94,,Lying,,0.529,0.0,39.633
SitFloor_lowKeypoints,95,,Lying,,0.543,0.0,46.6409
SitFloor_lowKeypoints,96,,Lying,,0.551,0.0,50.2975
SitFloor_lowKeypoints,97,,Lying,,0.563,0.0,53.0888
SitFloor_lowKeypoints,98,,Lying,,0.576,0.0,50.5312
SitFloor_lowKeypoints,99,,Lying,,0.556,0.0,50.4305
SitFloor_lowKeypoints,100,,Lying,,0.569,0.0,49.9571
SitFloor_lowKeypoints,101,,Lying,,0.572,0.0,46.4664
SitFloor_lowKeypoints,102,,Lying,,0.589,0.0,40.8428
SitFloor_lowKeypoints,103,,Lying,,0.611,0.0,51.4226
SitFloor_lowKeypoints,104,,Lying,,0.58,0.0,49.7659
SitFloor_lowKeypoints,105,,Lying,,0.58,0.0,52.2821
SitFloor_lowKeypoints,106,,Lying,,0.544,0.0,55.1976
SitFloor_lowKeypoints,107,,Lying,,0.513,0.0,58.9893
SitFloor_lowKeypoints,108,,Lying,,0.449,0.0,40.9413
SitFloor_lowKeypoints,109,,Lying,,0.432,0.0,52.2077
SitFloor_lowKeypoints,110,,Lying,,0.396,0.0,54.4602
SitFloor_lowKeypoints,111,,Lying,,0.379,0.0,51.7233
SitFloor_lowKeypoints,112,,Sitting,,0.336,0.0,39.2292
SitFloor_lowKeypoints,113,,Sitting,,0.384,0.0,51.8314
SitFloor_lowKeypoints,114,,Sitting,,0.454,0.0,36.9224
SitFloor_lowKeypoints,115,,Sitting,,0.505,0.0,32.5343
SitFloor_lowKeypoints,116,,Sitting,,0.523,0.0,30.7842
SitFloor_lowKeypoints,117,Sitting,Sitting,True,0.581,0.0,36.2436
SitFloor_lowKeypoints,118,Sitting,Sitting,True,0.626,0.0,44.3612
SitFloor_lowKeypoints,119,Sitting,Sitting,True,0.677,0.0,49.035
SitFloor_lowKeypoints,120,Sitting,Sitting,True,0.646,0.0,44.814
SitFloor_lowKeypoints,121,Sitting,Sitting,True,0.642,0.0,50.5816
SitFloor_lowKeypoints,122,Sitting,Sitting,True,0.634,0.0,39.0505
SitFloor_lowKeypoints,123,Sitting,Sitting,True,0.618,0.0,43.8019
SitFloor_lowKeypoints,124,Sitting,Sitting,True,0.611,0.0,41.6678
SitFloor_lowKeypoints,125,Sitting,Sitting,True,0.614,0.0,49.2115
SitFloor_lowKeypoints,126,Sitting,Sitting,True,0.536,0.0,46.6204
SitFloor_lowKeypoints,127,Sitting,Sitting,True,0.485,0.0,49.4902
SitFloor_lowKeypoints,128,Sitting,Sitting,True,0.446,0.0,49.856
SitFloor_lowKeypoints,129,Sitting,Sitting,True,0.433,0.0,47.6199
SitFloor_lowKeypoints,130,Sitting,Sitting,True,0.392,0.0,51.9408
SitFloor_lowKeypoints,131,Sitting,Sitting,True,0.359,0.0,50.2878
SitFloor_lowKeypoints,132,Sitting,Sitting,True,0.344,0.0,38.8486
SitFloor_lowKeypoints,133,Sitting,Sitting,True,0.329,0.0,41.6597
SitFloor_lowKeypoints,134,Sitting,Standing,False,0.336,0.0,50.0341
SitFloor_lowKeypoints,135,Sitting,Standing,False,0.352,0.0,46.7197
SitFloor_lowKeypoints,136,Sitting,Standing,False,0.356,0.0,48.824
SitFloor_lowKeypoints,137,Sitting,Standing,False,0.358,0.0,49.4087
SitFloor_lowKeypoints,138,Sitting,Standing,False,0.357,0.0,49.2791
SitFloor_lowKeypoints,139,Sitting,Standing,False,0.376,0.0,49.3117
SitFloor_lowKeypoints,140,Sitting,Standing,False,0.373,0.0,46.4299
SitFloor_lowKeypoints,141,Sitting,Standing,False,0.384,0.0,45.5829
SitFloor_lowKeypoints,142,Sitting,Standing,False,0.399,0.0,42.8786
SitFloor_lowKeypoints,143,Sitting,Standing,False,0.399,0.0,47.5626
SitFloor_lowKeypoints,144,Sitting,Standing,False,0.416,0.0,47.1563
SitFloor_lowKeypoints,145,Sitting,Standing,False,0.414,0.0,44.8497
SitFloor_lowKeypoints,146,Sitting,Standing,False,0.439,0.0,46.4121
SitFloor_lowKeypoints,147,Sitting,Standing,False,0.457,0.0,42.4697
SitFloor_lowKeypoints,148,Sitting,Standing,False,0.486,0.0,50.871
SitFloor_lowKeypoints,149,Sitting,Standing,False,0.494,0.0,45.9798
SitFloor_lowKeypoints,150,Sitting,Standing,False,0.505,0.0,42.2281
SitFloor_lowKeypoints,151,Sitting,Standing,False,0.53,0.0,52.2207
SitFloor_lowKeypoints,152,Sitting,Standing,False,0.557,0.0,59.6511
SitFloor_lowKeypoints,153,Sitting,Standing,False,0.553,0.0,57.8715
SitFloor_lowKeypoints,154,Sitting,Standing,False,0.562,0.0,58.5089
SitFloor_lowKeypoints,155,Sitting,Standing,False,0.562,0.0,51.591
SitFloor_lowKeypoints,156,Sitting,Standing,False,0.568,0.0,42.2937
SitFloor_lowKeypoints,157,Sitting,Standing,False,0.583,0.0,52.2839
SitFloor_lowKeypoints,158,Sitting,Standing,False,0.579,0.0,52.1286
SitFloor_lowKeypoints,159,Sitting,Standing,False,0.568,0.0,56.6867
SitFloor_lowKeypoints,160,Sitting,Standing,False,0.561,0.0,59.1342
SitFloor_lowKeypoints,161,Sitting,Standing,False,0.565,0.0,52.8413
SitFloor_lowKeypoints,162,Sitting,Standing,False,0.55,0.0,51.8247
SitFloor_lowKeypoints,163,Sitting,Standing,False,0.536,0.0,59.6083
SitFloor_lowKeypoints,164,Sitting,Standing,False,0.527,0.0,64.2834
SitFloor_lowKeypoints,165,Sitting,Standing,False,0.521,0.0,60.2301
SitFloor_lowKeypoints,166,Sitting,Standing,False,0.5,0.0,62.8231
SitFloor_lowKeypoints,167,Sitting,Standing,False,0.493,0.0,56.5617
SitFloor_lowKeypoints,168,Sitting,Standing,False,0.466,0.0,56.5633
SitFloor_lowKeypoints,169,Sitting,Standing,False,0.465,0.0,48.4219
SitFloor_lowKeypoints,170,Sitting,Standing,False,0.454,0.0,38.2148
SitFloor_lowKeypoints,171,Sitting,Standing,False,0.441,0.0,51.3091
SitFloor_lowKeypoints,172,Sitting,Standing,False,0.449,0.0,40.3759
SitFloor_lowKeypoints,173,Sitting,Standing,False,0.451,0.0,51.4351
SitFloor_lowKeypoints,174,Sitting,Standing,False,0.459,0.0,47.8004
SitFloor_lowKeypoints,175,Sitting,Standing,False,0.463,0.0,48.6621
SitFloor_lowKeypoints,176,Sitting,Standing,False,0.502,0.0,46.734
SitFloor_lowKeypoints,177,Sitting,Standing,False,0.521,0.0,46.1664
SitFloor_lowKeypoints,178,Sitting,Standing,False,0.514,0.0,39.8256
SitFloor_lowKeypoints,179,Sitting,Standing,False,0.536,0.0,37.5759
SitFloor_lowKeypoints,180,Sitting,Standing,False,0.535,0.0,43.9109
SitFloor_lowKeypoints,181,Sitting,Standing,False,0.54,0.0,36.8839
SitFloor_lowKeypoints,182,Sitting,Standing,False,0.539,0.0,42.2222
SitFloor_lowKeypoints,183,Sitting,Standing,False,0.542,0.0,47.0976
SitFloor_lowKeypoints,184,Sitting,Standing,False,0.545,0.0,45.5355
SitFloor_lowKeypoints,185,Sitting,Standing,False,0.545,0.0,46.9392
SitFloor_lowKeypoints,186,Sitting,Standing,False,0.534,0.0,39.4783
SitFloor_lowKeypoints,187,Sitting,Standing,False,0.525,0.0,46.3996
SitFloor_lowKeypoints,188,Sitting,Standing,False,0.534,0.0,48.1411
SitFloor_lowKeypoints,189,Sitting,Standing,False,0.528,0.0,47.5416
SitFloor_lowKeypoints,190,Sitting,Standing,False,0.529,0.0,46.6237
SitFloor_lowKeypoints,191,Sitting,Standing,False,0.531,0.0,43.6048
SitFloor_lowKeypoints,192,Sitting,Standing,False,0.537,0.0,37.1641
SitFloor_lowKeypoints,193,Sitting,Standing,False,0.54,0.0,32.8561
SitFloor_lowKeypoints,194,Sitting,Standing,False,0.543,0.0,31.5668
SitFloor_lowKeypoints,195,Sitting,Standing,False,0.546,0.0,26.1664
SitFloor_lowKeypoints,196,Sitting,Standing,False,0.536,0.0,30.0103
SitFloor_lowKeypoints,197,Sitting,Standing,False,0.534,0.0,44.871
SitFloor_lowKeypoints,198,Sitting,Standing,False,0.525,0.0,45.5806
SitFloor_lowKeypoints,199,Sitting,Standing,False,0.522,0.0,49.9479
SitFloor_lowKeypoints,200,Sitting,Standing,False,0.53,0.0,51.0607
SitFloor_lowKeypoints,201,Sitting,Standing,False,0.53,0.0,54.0018
SitFloor_lowKeypoints,202,Sitting,Standing,False,0.53,0.0,66.3126
SitFloor_lowKeypoints,203,Sitting,Standing,False,0.531,0.0,55.6527
SitFloor_lowKeypoints,204,,Standing,,0.536,0.0,46.698
SitFloor_lowKeypoints,205,,Standing,,0.537,0.0,44.9738
SitFloor_lowKeypoints,206,,Standing,,0.542,0.0,50.256
SitFloor_lowKeypoints,207,,Standing,,0.543,0.0,39.5056
SitFloor_lowKeypoints,208,,Standing,,0.539,0.0,50.6787
SitFloor_lowKeypoints,209,,Standing,,0.541,0.0,48.369
SitFloor_lowKeypoints,210,,Standing,,0.539,0.0,38.1502
SitFloor_lowKeypoints,211,,Standing,,0.528,0.0,28.5671
SitFloor_lowKeypoints,212,,Standing,,0.524,0.0,69.9319
SitFloor_lowKeypoints,213,,Standing,,0.521,0.0,48.7721
SitFloor_lowKeypoints,214,,Standing,,0.508,0.0,45.7669
SitFloor_lowKeypoints,215,,Standing,,0.504,0.0,48.4174
SitFloor_lowKeypoints,216,,Standing,,0.511,0.0,50.8441
SitFloor_lowKeypoints,217,,Standing,,0.514,0.0,49.4921
SitFloor_lowKeypoints,218,,Standing,,0.527,0.0,48.7196
SitFloor_lowKeypoints,219,,Standing,,0.514,0.0,41.6024
SitFloor_lowKeypoints,220,,Standing,,0.515,0.0,46.2509
SitFloor_lowKeypoints,221,,Standing,,0.516,0.0,40.552
SitFloor_lowKeypoints,222,,Standing,,0.496,0.0,43.5436
SitFloor_lowKeypoints,223,,Standing,,0.502,0.0,45.9064
SitFloor_lowKeypoints,224,,Standing,,0.505,0.0,44.2508
SitFloor_lowKeypoints,225,,Standing,,0.493,0.0,46.584
SitFloor_lowKeypoints,226,,Standing,,0.468,0.0,44.2533
SitFloor_lowKeypoints,227,,Standing,,0.46,0.0,47.5324
SitFloor_lowKeypoints,228,,Standing,,0.449,0.0,41.7406
SitFloor_lowKeypoints,229,,Standing,,0.401,0.0,47.0219
SitFloor_lowKeypoints,230,,Standing,,0.4,0.0,48.4099
SitFloor_lowKeypoints,231,,Standing,,0.377,0.0,50.4537
SitFloor_lowKeypoints,232,,Standing,,0.361,0.0,47.4491
SitFloor_lowKeypoints,233,,Standing,,0.352,0.0,49.3382
SitFloor_lowKeypoints,234,,Standing,,0.342,0.0,42.571
SitFloor_lowKeypoints,235,,Sitting,,0.328,0.0,49.2973
SitFloor_lowKeypoints,236,,Sitting,,0.339,0.0,47.3144
SitFloor_lowKeypoints,237,,Sitting,,0.346,0.0,41.3102
SitFloor_lowKeypoints,238,,Sitting,,0.373,0.0,47.1089
SitFloor_lowKeypoints,239,,Sitting,,0.399,0.0,39.7563
SitFloor_lowKeypoints,240,,Sitting,,0.454,0.0,28.6094
SitFloor_lowKeypoints,241,,Sitting,,0.519,0.0,34.4537
SitFloor_lowKeypoints,242,,Sitting,,0.576,0.0,43.3892
SitFloor_lowKeypoints,243,,Sitting,,0.604,0.0,44.1195
SitFloor_lowKeypoints,244,,Sitting,,0.631,0.0,46.4967
SitFloor_lowKeypoints,245,,Sitting,,0.684,0.0,33.6176
SitFloor_lowKeypoints,246,,Sitting,,0.693,0.0,43.1857
SitFloor_lowKeypoints,247,,Sitting,,0.697,0.0,44.5212
SitFloor_lowKeypoints,248,,Sitting,,0.72,0.0,45.5078
SitFloor_lowKeypoints,249,,Sitting,,0.737,0.0,44.323
SitFloor_lowKeypoints,250,,Sitting,,0.74,0.0,42.1832
SitFloor_lowKeypoints,251,,Sitting,,0.734,0.0,43.6358
SitFloor_lowKeypoints,252,,Sitting,,0.706,0.0,47.7832
SitFloor_lowKeypoints,253,,Sitting,,0.625,0.0,48.4331
SitFloor_lowKeypoints,254,,Sitting,,0.608,0.0,48.5972
SitFloor_lowKeypoints,255,,Sitting,,0.58,0.0,51.5055
SitFloor_lowKeypoints,256,,Sitting,,0.565,0.0,51.7376
SitFloor_lowKeypoints,257,,Sitting,,0.574,0.0,45.284
SitFloor_lowKeypoints,258,,Sitting,,0.548,0.0,50.1165
SitFloor_lowKeypoints,259,,Sitting,,0.545,0.0,47.4134
SitFloor_lowKeypoints,260,,Sitting,,0.556,0.0,50.1074
SitFloor_lowKeypoints,261,,Sitting,,0.561,0.0,51.9962
SitFloor_lowKeypoints,262,,Sitting,,0.564,0.0,45.6988
SitFloor_lowKeypoints,263,,Sitting,,0.55,0.0,48.7176
SitFloor_lowKeypoints,264,,Sitting,,0.553,0.0,49.492
SitFloor_lowKeypoints,265,,Sitting,,0.554,0.0,54.4175
SitFloor_lowKeypoints,266,,Sitting,,0.562,0.0,50.4287
SitFloor_lowKeypoints,267,,Sitting,,0.574,0.0,55.6505
SitFloor_lowKeypoints,268,,Sitting,,0.589,0.0,46.2277
SitFloor_lowKeypoints,269,,Sitting,,0.588,0.0,44.737
SitFloor_lowKeypoints,270,,Sitting,,0.585,0.0,46.7049
SitFloor_lowKeypoints,271,,Sitting,,0.622,0.0,50.4386
SitFloor_lowKeypoints,272,,Sitting,,0.656,0.0,51.9363
SitFloor_lowKeypoints,273,,Sitting,,0.641,0.0,54.543
SitFloor_lowKeypoints,274,,Sitting,,0.578,0.0,55.265
SitFloor_lowKeypoints,275,,Sitting,,0.543,0.0,61.0977
SitFloor_lowKeypoints,276,,Sitting,,0.516,0.0,62.2553
SitFloor_lowKeypoints,277,,Sitting,,0.471,0.0,55.186
SitFloor_lowKeypoints,278,,Sitting,,0.438,0.0,45.7747
SitFloor_lowKeypoints,279,,Sitting,,0.443,0.0,61.5181
SitFloor_lowKeypoints,280,,Sitting,,0.413,0.0,62.097
SitFloor_lowKeypoints,281,,Sitting,,0.408,0.0,61.0856
SitFloor_lowKeypoints,282,,Sitting,,0.396,0.0,55.4442
SitFloor_lowKeypoints,283,,Sitting,,0.39,0.0,54.249
SitFloor_lowKeypoints,284,,Sitting,,0.377,0.0,61.169
SitFloor_lowKeypoints,285,,Standing,,0.357,0.0,54.4343
SitFloor_lowKeypoints,286,,Standing,,0.435,0.0,51.3457
SitFloor_lowKeypoints,287,,Standing,,0.475,0.0,55.901
SitFloor_lowKeypoints,288,,Standing,,0.512,0.0,63.6213
SitFloor_lowKeypoints,289,,Standing,,0.558,0.0,52.245
SitFloor_lowKeypoints,290,,Standing,,0.596,0.0,51.4915
SitFloor_lowKeypoints,291,,Standing,,0.6,0.0,72.5336
SitFloor_lowKeypoints,292,,Standing,,0.621,0.0,56.847
SitFloor_lowKeypoints,293,,Standing,,0.681,0.0,47.1272
SitFloor_lowKeypoints,294,,Standing,,0.702,0.0,50.1366
SitFloor_lowKeypoints,295,,Standing,,0.701,0.0,45.9562
SitFloor_lowKeypoints,296,,Standing,,0.736,0.0,53.4619
SitFloor_lowKeypoints,297,,Standing,,0.74,0.0,60.4635
SitFloor_lowKeypoints,298,,Standing,,0.746,0.0,56.8574
SitFloor_lowKeypoints,299,,Standing,,0.764,0.0,63.1222
SitFloor_lowKeypoints,300,,Standing,,0.769,0.0,57.9462
SitFloor_lowKeypoints,301,,Standing,,0.78,0.0,55.1277
SitFloor_lowKeypoints,302,,Standing,,0.794,0.0,55.7858
SitFloor_lowKeypoints,303,,Standing,,0.84,0.0,70.423
SitFloor_lowKeypoints,304,,Standing,,0.88,0.0,63.3294
SitFloor_lowKeypoints,305,,Standing,,0.898,0.0,57.7516
SitFloor_lowKeypoints,306,,Standing,,0.906,0.0,43.7896
Sitting_HalfLandmarks,31,,Standing,,0.748,0.0,56.6848
Sitting_HalfLandmarks,32,,Standing,,0.78,0.0,50.771
Sitting_HalfLandmarks,33,,Standing,,0.804,0.0,53.8688
Sitting_HalfLandmarks,34,,Standing,,0.822,0.0,50.7282
Sitting_HalfLandmarks,35,,Standing,,0.871,0.0,44.4865
Sitting_HalfLandmarks,36,,Standing,,0.966,0.0,49.5449
Sitting_HalfLandmarks,37,,Standing,,0.96,0.0,54.7131
Sitting_HalfLandmarks,38,,Standing,,0.967,0.0,48.7517
Sitting_HalfLandmarks,39,,Standing,,0.959,0.0,50.1459
Sitting_HalfLandmarks,40,,Standing,,0.958,0.0,52.5012
Sitting_HalfLandmarks,41,,Standing,,0.946,0.0,57.3988
Sitting_HalfLandmarks,42,,Standing,,0.96,0.0,51.1756
Sitting_HalfLandmarks,43,,Standing,,0.94,0.0,50.1689
Sitting_HalfLandmarks,44,,Standing,,0.932,0.0,54.5536
Sitting_HalfLandmarks,45,,Standing,,0.94,0.0,51.8164
Sitting_HalfLandmarks,46,,Standing,,0.925,0.0,50.9476
Sitting_HalfLandmarks,47,,Standing,,0.902,0.0,41.4065
Sitting_HalfLandmarks,48,,Standing,,0.892,0.0,55.6348
Sitting_HalfLandmarks,49,,Standing,,0.859,0.0,45.5663
Sitting_HalfLandmarks,50,,Standing,,0.831,0.0,43.692
Sitting_HalfLandmarks,51,,Standing,,0.821,0.0,46.5827
Sitting_HalfLandmarks,52,,Standing,,0.82,0.0,50.9682
Sitting_HalfLandmarks,53,,Standing,,0.811,0.0,50.5575
Sitting_HalfLandmarks,54,,Standing,,0.806,0.0,50.9854
Sitting_HalfLandmarks,55,,Standing,,0.796,0.0,49.3733
Sitting_HalfLandmarks,56,,Standing,,0.766,0.0,51.1255
Sitting_HalfLandmarks,57,,Standing,,0.771,0.0,48.3084
Sitting_HalfLandmarks,58,,Standing,,0.783,0.0,54.587
Sitting_HalfLandmarks,59,,Standing,,0.778,0.0,53.4992
Sitting_HalfLandmarks,60,,Standing,,0.769,0.0,49.856
Sitting_HalfLandmarks,61,,Standing,,0.762,0.0,46.2662
Sitting_HalfLandmarks,62,,Standing,,0.792,0.0,43.0048
Sitting_HalfLandmarks,63,,Standing,,0.835,0.0,53.6575
Sitting_HalfLandmarks,64,,Standing,,0.813,0.0,54.2729
Sitting_HalfLandmarks,65,,Standing,,0.812,0.0,52.3514
Sitting_HalfLandmarks,66,,Standing,,0.79,0.0,53.7336
Sitting_HalfLandmarks,67,,Standing,,0.764,0.0,42.3098
Sitting_HalfLandmarks,68,,Standing,,0.726,0.0,53.8592
Sitting_HalfLandmarks,69,,Standing,,0.71,0.0,47.392
Sitting_HalfLandmarks,70,,Standing,,0.692,0.0,51.5397
Sitting_HalfLandmarks,71,,Standing,,0.696,0.0,51.4424
Sitting_HalfLandmarks,72,,Standing,,0.673,0.0,39.1871
Sitting_HalfLandmarks,73,,Standing,,0.693,0.0,47.7689
Sitting_HalfLandmarks,74,,Standing,,0.682,0.0,49.168
Sitting_HalfLandmarks,75,,Standing,,0.676,0.0,49.3827
Sitting_HalfLandmarks,76,,Standing,,0.645,0.0,50.4095
Sitting_HalfLandmarks,77,,Standing,,0.641,0.0,46.7361
Sitting_HalfLandmarks,78,,Standing,,0.614,0.0,37.308
Sitting_HalfLandmarks,79,,Standing,,0.601,0.0,33.6765
Sitting_HalfLandmarks,80,,Standing,,0.55,0.0,47.7222
Sitting_HalfLandmarks,81,,Standing,,0.51,0.0,47.0533
Sitting_HalfLandmarks,82,,Standing,,0.469,0.0,41.2805
Sitting_HalfLandmarks,83,,Standing,,0.424,0.0,34.1636
Sitting_HalfLandmarks,84,,Sitting,,0.395,0.0,45.6791
Sitting_HalfLandmarks,85,,Sitting,,0.455,0.0,45.7641
Sitting_HalfLandmarks,86,,Sitting,,0.51,0.0,45.591
Sitting_HalfLandmarks,87,Sitting,Sitting,True,0.555,0.0,40.9107
Sitting_HalfLandmarks,88,Sitting,Sitting,True,0.579,0.0,45.0285
Sitting_HalfLandmarks,89,Sitting,Sitting,True,0.56,0.0,55.2625
Sitting_HalfLandmarks,90,Sitting,Sitting,True,0.577,0.0,58.8739
Sitting_HalfLandmarks,91,Sitting,Sitting,True,0.579,0.0,50.6304
Sitting_HalfLandmarks,92,Sitting,Sitting,True,0.572,0.0,55.5823
Sitting_HalfLandmarks,93,Sitting,Sitting,True,0.588,0.0,57.1305
Sitting_HalfLandmarks,94,Sitting,Sitting,True,0.618,0.0,58.945
Sitting_HalfLandmarks,95,Sitting,Sitting,True,0.62,0.0,62.0657
Sitting_HalfLandmarks,96,Sitting,Sitting,True,0.683,0.0,53.377
Sitting_HalfLandmarks,97,Sitting,Sitting,True,0.676,0.0,54.9211
Sitting_HalfLandmarks,98,Sitting,Sitting,True,0.703,0.0,53.4106
Sitting_HalfLandmarks,99,Sitting,Sitting,True,0.694,0.0,52.5823
Sitting_HalfLandmarks,100,Sitting,Sitting,True,0.692,0.0,50.6127
Sitting_HalfLandmarks,101,Sitting,Sitting,True,0.689,0.0,46.3765
Sitting_HalfLandmarks,102,Sitting,Sitting,True,0.646,0.0,51.8434
Sitting_HalfLandmarks,103,Sitting,Sitting,True,0.629,0.0,51.1505
Sitting_HalfLandmarks,104,Sitting,Sitting,True,0.611,0.0,41.4477
Sitting_HalfLandmarks,105,Sitting,Sitting,True,0.608,0.0,49.1743
Sitting_HalfLandmarks,106,Sitting,Sitting,True,0.63,0.0,48.4596
Sitting_HalfLandmarks,107,Sitting,Sitting,True,0.62,0.0,52.4591
Sitting_HalfLandmarks,108,Sitting,Sitting,True,0.587,0.0,39.0273
Sitting_HalfLandmarks,109,Sitting,Sitting,True,0.543,0.0,63.9528
Sitting_HalfLandmarks,110,Sitting,Sitting,True,0.502,0.0,58.7062
Sitting_HalfLandmarks,111,Sitting,Sitting,True,0.455,0.0,49.1275
Sitting_HalfLandmarks,112,Sitting,Sitting,True,0.475,0.0,51.1176
Sitting_HalfLandmarks,113,Sitting,Sitting,True,0.441,0.0,42.2136
Sitting_HalfLandmarks,114,Sitting,Sitting,True,0.41,0.0,44.7832
Sitting_HalfLandmarks,115,Sitting,Sitting,True,0.434,0.0,51.4096
Sitting_HalfLandmarks,116,Sitting,Sitting,True,0.445,0.0,35.4345
Sitting_HalfLandmarks,117,Sitting,Sitting,True,0.474,0.0,40.5519
Sitting_HalfLandmarks,118,Sitting,Sitting,True,0.499,0.0,50.7267
Sitting_HalfLandmarks,119,Sitting,Sitting,True,0.532,0.0,46.7451
Sitting_HalfLandmarks,120,Sitting,Sitting,True,0.54,0.0,44.0274
Sitting_HalfLandmarks,121,Sitting,Sitting,True,0.558,0.0,43.6357
Sitting_HalfLandmarks,122,Sitting,Sitting,True,0.552,0.0,35.1939
Sitting_HalfLandmarks,123,Sitting,Sitting,True,0.56,0.0,29.8463
Sitting_HalfLandmarks,124,Sitting,Sitting,True,0.56,0.0,36.2377
Sitting_HalfLandmarks,125,Sitting,Sitting,True,0.562,0.0,36.3769
Sitting_HalfLandmarks,126,Sitting,Sitting,True,0.566,0.0,39.4177
Sitting_HalfLandmarks,127,Sitting,Sitting,True,0.556,0.0,26.5113
Sitting_HalfLandmarks,128,Sitting,Sitting,True,0.565,0.0,32.973
Sitting_HalfLandmarks,129,Sitting,Sitting,True,0.548,0.0,30.7721
Sitting_HalfLandmarks,130,Sitting,Sitting,True,0.544,0.0,38.6114
Sitting_HalfLandmarks,131,Sitting,Sitting,True,0.526,0.0,40.6893
Sitting_HalfLandmarks,132,Sitting,Sitting,True,0.524,0.0,47.754
Sitting_HalfLandmarks,133,Sitting,Sitting,True,0.514,0.0,42.9149
Sitting_HalfLandmarks,134,Sitting,Sitting,True,0.499,0.0,40.514
Sitting_HalfLandmarks,135,Sitting,Sitting,True,0.484,0.0,50.2888
Sitting_HalfLandmarks,136,Sitting,Sitting,True,0.473,0.0,49.123
Sitting_HalfLandmarks,137,Sitting,Sitting,True,0.468,0.0,49.8768
Sitting_HalfLandmarks,138,Sitting,Sitting,True,0.454,0.0,61.7865
Sitting_HalfLandmarks,139,Sitting,Sitting,True,0.457,0.0,73.4744
Sitting_HalfLandmarks,140,Sitting,Sitting,True,0.451,0.0,55.9951
Sitting_HalfLandmarks,141,Sitting,Sitting,True,0.456,0.0,55.656
Sitting_HalfLandmarks,142,Sitting,Sitting,True,0.457,0.0,48.7407
Sitting_HalfLandmarks,143,Sitting,Sitting,True,0.455,0.0,46.1363
Sitting_HalfLandmarks,144,Sitting,Sitting,True,0.459,0.0,51.8051
Sitting_HalfLandmarks,145,Sitting,Sitting,True,0.455,0.0,53.018
Sitting_HalfLandmarks,146,Sitting,Sitting,True,0.455,0.0,50.1156
Sitting_HalfLandmarks,147,Sitting,Sitting,True,0.465,0.0,40.4394
Sitting_HalfLandmarks,148,Sitting,Sitting,True,0.464,0.0,33.7238
Sitting_HalfLandmarks,149,Sitting,Sitting,True,0.466,0.0,43.2916
Sitting_HalfLandmarks,150,Sitting,Sitting,True,0.478,0.0,43.4947
Sitting_HalfLandmarks,151,Sitting,Sitting,True,0.479,0.0,40.2073
Sitting_HalfLandmarks,152,Sitting,Sitting,True,0.477,0.0,45.8547
Sitting_HalfLandmarks,153,Sitting,Sitting,True,0.468,0.0,43.2939
Sitting_HalfLandmarks,154,Sitting,Sitting,True,0.468,0.0,26.9288
Sitting_HalfLandmarks,155,Sitting,Sitting,True,0.468,0.0,29.1152
Sitting_HalfLandmarks,156,Sitting,Sitting,True,0.464,0.0,27.2541
Sitting_HalfLandmarks,157,Sitting,Sitting,True,0.465,0.0,32.2026
Sitting_HalfLandmarks,158,Sitting,Sitting,True,0.459,0.0,40.4757
Sitting_HalfLandmarks,159,Sitting,Sitting,True,0.454,0.0,38.4762
Sitting_HalfLandmarks,160,Sitting,Sitting,True,0.463,0.0,29.5881
Sitting_HalfLandmarks,161,Sitting,Sitting,True,0.462,0.0,24.1135
Sitting_HalfLandmarks,162,Sitting,Sitting,True,0.46,0.0,30.5031
Sitting_HalfLandmarks,163,Sitting,Sitting,True,0.467,0.0,42.056
Sitting_HalfLandmarks,164,Sitting,Sitting,True,0.471,0.0,43.041
Sitting_HalfLandmarks,165,Sitting,Sitting,True,0.473,0.0,38.4991
Sitting_HalfLandmarks,166,Sitting,Sitting,True,0.479,0.0,41.4679
Sitting_HalfLandmarks,167,Sitting,Sitting,True,0.469,0.0,43.6448
Sitting_HalfLandmarks,168,Sitting,Sitting,True,0.474,0.0,39.8655
Sitting_HalfLandmarks,169,Sitting,Sitting,True,0.469,0.0,37.1993
Sitting_HalfLandmarks,170,Sitting,Sitting,True,0.468,0.0,38.7313
Sitting_HalfLandmarks,171,Sitting,Sitting,True,0.47,0.0,42.9415
Sitting_HalfLandmarks,172,Sitting,Sitting,True,0.477,0.0,38.7759
Sitting_HalfLandmarks,173,Sitting,Sitting,True,0.478,0.0,43.2277
Sitting_HalfLandmarks,174,Sitting,Sitting,True,0.472,0.0,44.1038
Sitting_HalfLandmarks,175,,Sitting,,0.473,0.0,38.1396
Sitting_HalfLandmarks,176,,Sitting,,0.47,0.0,52.7779
Sitting_HalfLandmarks,177,,Sitting,,0.468,0.0,49.3794
Sitting_HalfLandmarks,178,,Sitting,,0.472,0.0,49.0344
Sitting_HalfLandmarks,179,,Sitting,,0.481,0.0,32.7617
Sitting_HalfLandmarks,180,,Sitting,,0.469,0.0,44.9324
Sitting_HalfLandmarks,181,,Sitting,,0.478,0.0,48.5211
Sitting_HalfLandmarks,182,,Sitting,,0.46,0.0,53.1089
Sitting_HalfLandmarks,183,,Sitting,,0.462,0.0,41.5697
Sitting_HalfLandmarks,184,,Sitting,,0.466,0.0,47.9046
Sitting_HalfLandmarks,185,,Sitting,,0.463,0.0,58.788
Sitting_HalfLandmarks,186,,Sitting,,0.465,0.0,53.7892
Sitting_HalfLandmarks,187,,Sitting,,0.448,0.0,50.3153
Sitting_HalfLandmarks,188,,Sitting,,0.428,0.0,52.6669
Sitting_HalfLandmarks,189,,Sitting,,0.399,0.0,48.829
Sitting_HalfLandmarks,190,,Standing,,0.422,0.0,49.1867
Sitting_HalfLandmarks,191,,Standing,,0.441,0.0,62.315
Sitting_HalfLandmarks,192,,Standing,,0.459,0.0,61.1726
Sitting_HalfLandmarks,193,,Standing,,0.447,0.0,59.4974
Sitting_HalfLandmarks,194,,Standing,,0.443,0.0,51.5037
Sitting_HalfLandmarks,195,,Standing,,0.481,0.0,41.4017
Sitting_HalfLandmarks,196,,Standing,,0.543,0.0,47.3677
Sitting_HalfLandmarks,197,,Standing,,0.597,0.0,38.407
Sitting_HalfLandmarks,198,,Standing,,0.617,0.0,31.6487
Sitting_HalfLandmarks,199,,Standing,,0.646,0.0,47.1867
Sitting_HalfLandmarks,200,,Standing,,0.729,0.0,52.0494
Sitting_HalfLandmarks,201,,Standing,,0.757,0.0,48.7282
Sitting_HalfLandmarks,202,,Standing,,0.792,0.0,46.6458
Sitting_HalfLandmarks,203,,Standing,,0.849,0.0,36.4708
Sitting_HalfLandmarks,204,,Standing,,0.863,0.0,42.1461
Sitting_HalfLandmarks,205,,Standing,,0.868,0.0,40.5875
Sitting_HalfLandmarks,206,,Standing,,0.886,0.0,45.0557
Sitting_HalfLandmarks,207,,Standing,,0.888,0.0,44.7056
Sitting_HalfLandmarks,208,,Standing,,0.906,0.0,44.7053
Sitting_HalfLandmarks,209,,Standing,,0.899,0.0,42.9485
Sitting_HalfLandmarks,210,,Standing,,0.885,0.0,47.4809
Sitting_HalfLandmarks,211,,Standing,,0.869,0.0,47.7357
Sitting_HalfLandmarks,212,,Standing,,0.851,0.0,48.1822
Sitting_HalfLandmarks,213,,Standing,,0.829,0.0,43.8028
Sitting_HalfLandmarks,214,,Standing,,0.833,0.0,43.2967
Sitting_HalfLandmarks,215,,Standing,,0.87,0.0,48.6865
Sitting_HalfLandmarks,216,,Standing,,0.891,0.0,47.6651
Sitting_HalfLandmarks,217,,Standing,,0.919,0.0,36.6001
Sitting_HalfLandmarks,218,,Standing,,0.94,0.0,57.7747
Sitting_HalfLandmarks,219,,Standing,,0.948,0.0,50.5019
Sitting_HalfLandmarks,220,,Standing,,0.966,0.0,55.8211
Sitting_HalfLandmarks,221,,Standing,,0.973,0.0,49.6272
Sitting_HalfLandmarks,222,,Standing,,0.971,0.0,47.5378
Sitting_HalfLandmarks,223,,Standing,,0.977,0.0,51.6159
Sitting_HalfLandmarks,224,,Standing,,0.979,0.0,55.1701
Sitting_Lying_FewLandmarks_back,31,,Sitting,,0.643,0.0,50.0231
Sitting_Lying_FewLandmarks_back,32,,Sitting,,0.651,0.0,42.4601
Sitting_Lying_FewLandmarks_back,33,,Sitting,,0.673,0.0,58.2314
Sitting_Lying_FewLandmarks_back,34,,Sitting,,0.683,0.0,52.2037
Sitting_Lying_FewLandmarks_back,35,,Sitting,,0.68,0.0,46.1372
Sitting_Lying_FewLandmarks_back,36,,Sitting,,0.692,0.0,47.8277
Sitting_Lying_FewLandmarks_back,37,,Sitting,,0.703,0.0,48.616
Sitting_Lying_FewLandmarks_back,38,,Sitting,,0.716,0.0,69.0458
Sitting_Lying_FewLandmarks_back,39,,Sitting,,0.72,0.0,46.3848
Sitting_Lying_FewLandmarks_back,40,,Sitting,,0.707,0.0,47.3289
Sitting_Lying_FewLandmarks_back,41,,Sitting,,0.702,0.0,50.8113
Sitting_Lying_FewLandmarks_back,42,,Sitting,,0.711,0.0,49.5176
Sitting_Lying_FewLandmarks_back,43,,Sitting,,0.713,0.0,53.0128
Sitting_Lying_FewLandmarks_back,44,,Sitting,,0.717,0.0,51.9887
Sitting_Lying_FewLandmarks_back,45,,Sitting,,0.724,0.0,56.8133
Sitting_Lying_FewLandmarks_back,46,,Sitting,,0.728,0.0,46.9518
Sitting_Lying_FewLandmarks_back,47,Sitting,Sitting,True,0.734,0.0,46.1578
Sitting_Lying_FewLandmarks_back,48,Sitting,Sitting,True,0.72,0.0,51.5224
Sitting_Lying_FewLandmarks_back,49,Sitting,Sitting,True,0.738,0.0,58.7166
Sitting_Lying_FewLandmarks_back,50,Sitting,Sitting,True,0.744,0.0,59.3178
Sitting_Lying_FewLandmarks_back,51,Sitting,Sitting,True,0.746,0.0,66.2649
Sitting_Lying_FewLandmarks_back,52,Sitting,Sitting,True,0.745,0.0,61.0207
Sitting_Lying_FewLandmarks_back,53,Sitting,Sitting,True,0.734,0.0,57.5202
Sitting_Lying_FewLandmarks_back,54,Sitting,Sitting,True,0.735,0.0,61.526
Sitting_Lying_FewLandmarks_back,55,Sitting,Sitting,True,0.739,0.0,53.7598
Sitting_Lying_FewLandmarks_back,56,Sitting,Sitting,True,0.737,0.0,55.606
Sitting_Lying_FewLandmarks_back,57,Sitting,Sitting,True,0.74,0.0,65.0557
Sitting_Lying_FewLandmarks_back,58,Sitting,Sitting,True,0.746,0.0,60.306
Sitting_Lying_FewLandmarks_back,59,Sitting,Sitting,True,0.746,0.0,51.8968
Sitting_Lying_FewLandmarks_back,60,Sitting,Sitting,True,0.76,0.0,63.8438
Sitting_Lying_FewLandmarks_back,61,Sitting,Sitting,True,0.751,0.0,49.7566
Sitting_Lying_FewLandmarks_back,62,Sitting,Sitting,True,0.752,0.0,51.4424
Sitting_Lying_FewLandmarks_back,63,Sitting,Sitting,True,0.748,0.0,57.5586
Sitting_Lying_FewLandmarks_back,64,Sitting,Sitting,True,0.743,0.0,53.2393
Sitting_Lying_FewLandmarks_back,65,Sitting,Sitting,True,0.738,0.0,41.7829
Sitting_Lying_FewLandmarks_back,66,Sitting,Sitting,True,0.74,0.0,52.1694
Sitting_Lying_FewLandmarks_back,67,Sitting,Sitting,True,0.735,0.0,72.6713
Sitting_Lying_FewLandmarks_back,68,Sitting,Sitting,True,0.737,0.0,69.7742
Sitting_Lying_FewLandmarks_back,69,Sitting,Sitting,True,0.738,0.0,53.7896
Sitting_Lying_FewLandmarks_back,70,Sitting,Sitting,True,0.724,0.0,57.5659
Sitting_Lying_FewLandmarks_back,71,Sitting,Sitting,True,0.754,0.0,59.27
Sitting_Lying_FewLandmarks_back,72,Sitting,Sitting,True,0.762,0.0,57.173
Sitting_Lying_FewLandmarks_back,73,Sitting,Sitting,True,0.767,0.0,58.2494
Sitting_Lying_FewLandmarks_back,74,Sitting,Sitting,True,0.769,0.0,56.1681
Sitting_Lying_FewLandmarks_back,75,Sitting,Sitting,True,0.764,0.0,54.5465
Sitting_Lying_FewLandmarks_back,76,Sitting,Sitting,True,0.774,0.0,54.348
Sitting_Lying_FewLandmarks_back,77,Sitting,Sitting,True,0.755,0.0,61.1297
Sitting_Lying_FewLandmarks_back,78,Sitting,Sitting,True,0.764,0.0,58.8299
Sitting_Lying_FewLandmarks_back,79,Sitting,Sitting,True,0.766,0.0,59.8517
Sitting_Lying_FewLandmarks_back,80,Sitting,Sitting,True,0.773,0.0,43.3913
Sitting_Lying_FewLandmarks_back,81,Sitting,Sitting,True,0.752,0.0,58.9389
Sitting_Lying_FewLandmarks_back,82,Sitting,Sitting,True,0.768,0.0,54.7474
Sitting_Lying_FewLandmarks_back,83,Sitting,Sitting,True,0.771,0.0,53.8113
Sitting_Lying_FewLandmarks_back,84,Sitting,Sitting,True,0.777,0.0,57.0476
Sitting_Lying_FewLandmarks_back,85,Sitting,Sitting,True,0.778,0.0,49.8492
Sitting_Lying_FewLandmarks_back,86,Sitting,Sitting,True,0.768,0.0,45.5486
Sitting_Lying_FewLandmarks_back,87,Sitting,Sitting,True,0.778,0.0,34.1741
Sitting_Lying_FewLandmarks_back,88,Sitting,Sitting,True,0.777,0.0,49.5986
Sitting_Lying_FewLandmarks_back,89,Sitting,Sitting,True,0.774,0.0,47.8129
Sitting_Lying_FewLandmarks_back,90,Sitting,Sitting,True,0.765,0.0,49.0452
Sitting_Lying_FewLandmarks_back,91,Sitting,Sitting,True,0.766,0.0,47.6125
Sitting_Lying_FewLandmarks_back,92,Sitting,Sitting,True,0.777,0.0,41.3446
Sitting_Lying_FewLandmarks_back,93,Sitting,Sitting,True,0.763,0.0,46.5231
Sitting_Lying_FewLandmarks_back,94,Sitting,Sitting,True,0.768,0.0,51.5315
Sitting_Lying_FewLandmarks_back,95,Sitting,Sitting,True,0.763,0.0,50.2216
Sitting_Lying_FewLandmarks_back,96,Sitting,Sitting,True,0.764,0.0,50.8241
Sitting_Lying_FewLandmarks_back,97,Sitting,Sitting,True,0.755,0.0,48.3841
Sitting_Lying_FewLandmarks_back,98,Sitting,Sitting,True,0.755,0.0,53.0824
Sitting_Lying_FewLandmarks_back,99,Sitting,Sitting,True,0.75,0.0,52.5906
Sitting_Lying_FewLandmarks_back,100,Sitting,Sitting,True,0.747,0.0,53.2322
Sitting_Lying_FewLandmarks_back,101,Sitting,Sitting,True,0.746,0.0,67.0095
Sitting_Lying_FewLandmarks_back,102,Sitting,Sitting,True,0.746,0.0,58.9547
Sitting_Lying_FewLandmarks_back,103,Sitting,Sitting,True,0.743,0.0,62.0656
Sitting_Lying_FewLandmarks_back,104,Sitting,Sitting,True,0.741,0.0,57.6758
Sitting_Lying_FewLandmarks_back,105,Sitting,Sitting,True,0.743,0.0,61.4674
Sitting_Lying_FewLandmarks_back,106,Sitting,Sitting,True,0.749,0.0,57.7439
Sitting_Lying_FewLandmarks_back,107,Sitting,Sitting,True,0.741,0.0,51.6779
Sitting_Lying_FewLandmarks_back,108,Sitting,Sitting,True,0.749,0.0,46.5916
Sitting_Lying_FewLandmarks_back,109,Sitting,Sitting,True,0.747,0.0,51.2478
Sitting_Lying_FewLandmarks_back,110,Sitting,Sitting,True,0.738,0.0,48.781
Sitting_Lying_FewLandmarks_back,111,Sitting,Sitting,True,0.73,0.0,56.7533
Sitting_Lying_FewLandmarks_back,112,Sitting,Sitting,True,0.729,0.0,44.8634
Sitting_Lying_FewLandmarks_back,113,Sitting,Sitting,True,0.726,0.0,47.856
Sitting_Lying_FewLandmarks_back,114,Sitting,Sitting,True,0.729,0.0,47.6496
Sitting_Lying_FewLandmarks_back,115,Sitting,Sitting,True,0.72,0.0,44.5852
Sitting_Lying_FewLandmarks_back,116,Sitting,Sitting,True,0.722,0.0,47.1262
Sitting_Lying_FewLandmarks_back,117,Sitting,Sitting,True,0.724,0.0,48.5384
Sitting_Lying_FewLandmarks_back,118,Sitting,Sitting,True,0.721,0.0,43.7193
Sitting_Lying_FewLandmarks_back,119,Sitting,Sitting,True,0.728,0.0,47.4118
Sitting_Lying_FewLandmarks_back,120,Sitting,Sitting,True,0.722,0.0,46.192
Sitting_Lying_FewLandmarks_back,121,Sitting,Sitting,True,0.725,0.0,48.6794
Sitting_Lying_FewLandmarks_back,122,Sitting,Sitting,True,0.726,0.0,52.078
Sitting_Lying_FewLandmarks_back,123,Sitting,Sitting,True,0.726,0.0,41.9532
Sitting_Lying_FewLandmarks_back,124,Sitting,Sitting,True,0.718,0.0,45.2995
Sitting_Lying_FewLandmarks_back,125,Sitting,Sitting,True,0.731,0.0,43.8326
Sitting_Lying_FewLandmarks_back,126,Sitting,Sitting,True,0.72,0.0,52.1733
Sitting_Lying_FewLandmarks_back,127,Sitting,Sitting,True,0.736,0.0,47.0861
Sitting_Lying_FewLandmarks_back,128,Sitting,Sitting,True,0.73,0.0,50.6007
Sitting_Lying_FewLandmarks_back,129,Sitting,Sitting,True,0.718,0.0,48.0234
Sitting_Lying_FewLandmarks_back,130,Sitting,Sitting,True,0.729,0.0,46.5111
Sitting_Lying_FewLandmarks_back,131,Sitting,Sitting,True,0.733,0.0,44.6736
Sitting_Lying_FewLandmarks_back,132,Sitting,Sitting,True,0.734,0.0,39.3676
Sitting_Lying_FewLandmarks_back,133,Sitting,Sitting,True,0.744,0.0,40.2242
Sitting_Lying_FewLandmarks_back,134,Sitting,Sitting,True,0.742,0.0,38.4521
Sitting_Lying_FewLandmarks_back,135,Sitting,Sitting,True,0.73,0.0,44.2399
Sitting_Lying_FewLandmarks_back,136,Sitting,Sitting,True,0.721,0.0,43.8164
Sitting_Lying_FewLandmarks_back,137,Sitting,Sitting,True,0.714,0.0,45.4193
Sitting_Lying_FewLandmarks_back,138,Sitting,Sitting,True,0.731,0.0,33.727
Sitting_Lying_FewLandmarks_back,139,Sitting,Sitting,True,0.733,0.0,39.5913
Sitting_Lying_FewLandmarks_back,140,Sitting,Sitting,True,0.747,0.0,42.9632
Sitting_Lying_FewLandmarks_back,141,Sitting,Sitting,True,0.755,0.0,42.8281
Sitting_Lying_FewLandmarks_back,142,Sitting,Sitting,True,0.75,0.0,45.1602
Sitting_Lying_FewLandmarks_back,143,Sitting,Sitting,True,0.753,0.0,40.9943
Sitting_Lying_FewLandmarks_back,144,Sitting,Sitting,True,0.751,0.0,33.7617
Sitting_Lying_FewLandmarks_back,145,Sitting,Sitting,True,0.757,0.0,34.9335
Sitting_Lying_FewLandmarks_back,146,Sitting,Sitting,True,0.759,0.0,25.1779
Sitting_Lying_FewLandmarks_back,147,Sitting,Sitting,True,0.748,0.0,32.8554
Sitting_Lying_FewLandmarks_back,148,,Sitting,,0.76,0.0,38.6116
Sitting_Lying_FewLandmarks_back,149,,Sitting,,0.748,0.0,41.704
Sitting_Lying_FewLandmarks_back,150,,Sitting,,0.737,0.0,47.3592
Sitting_Lying_FewLandmarks_back,151,,Sitting,,0.741,0.0,45.5571
Sitting_Lying_FewLandmarks_back,152,,Sitting,,0.733,0.0,40.7311
Sitting_Lying_FewLandmarks_back,153,,Sitting,,0.727,0.0,28.9776
Sitting_Lying_FewLandmarks_back,154,,Sitting,,0.72,0.0,34.4969
Sitting_Lying_FewLandmarks_back,155,,Sitting,,0.718,0.0,39.899
Sitting_Lying_FewLandmarks_back,156,,Sitting,,0.718,0.0,36.1442
Sitting_Lying_FewLandmarks_back,157,,Sitting,,0.716,0.0,33.42
Sitting_Lying_FewLandmarks_back,158,,Sitting,,0.717,0.0,43.2228
Sitting_Lying_FewLandmarks_back,159,,Sitting,,0.716,0.0,34.5059
Sitting_Lying_FewLandmarks_back,160,,Sitting,,0.718,0.0,31.7706
Sitting_Lying_FewLandmarks_back,161,,Sitting,,0.721,0.0,37.2419
Sitting_Lying_FewLandmarks_back,162,,Sitting,,0.717,0.0,42.8563
Sitting_Lying_FewLandmarks_back,163,,Sitting,,0.719,0.0,43.1098
Sitting_Lying_FewLandmarks_back,164,,Sitting,,0.717,0.0,44.2133
Sitting_Lying_FewLandmarks_back,165,,Sitting,,0.713,0.0,43.9717
Sitting_Lying_FewLandmarks_back,166,,Sitting,,0.721,0.0,42.0802
Sitting_Lying_FewLandmarks_back,167,,Sitting,,0.717,0.0,40.4316
Sitting_Lying_FewLandmarks_back,168,,Sitting,,0.725,0.0,39.32
Sitting_Lying_FewLandmarks_back,169,,Sitting,,0.723,0.0,45.1799
Sitting_Lying_FewLandmarks_back,170,,Sitting,,0.724,0.0,42.1349
Sitting_Lying_FewLandmarks_back,171,,Sitting,,0.728,0.0,41.9521
Sitting_Lying_FewLandmarks_back,172,,Sitting,,0.73,0.0,41.1704
Sitting_Lying_FewLandmarks_back,173,,Sitting,,0.731,0.0,24.3248
Sitting_Lying_FewLandmarks_back,174,,Sitting,,0.731,0.0,32.0022
Sitting_Lying_FewLandmarks_back,175,,Sitting,,0.73,0.0,34.512
Sitting_Lying_FewLandmarks_back,176,,Sitting,,0.73,0.0,27.7505
Sitting_Lying_FewLandmarks_back,177,,Sitting,,0.731,0.0,38.7721
Sitting_Lying_FewLandmarks_back,178,,Sitting,,0.731,0.0,32.6811
Sitting_Lying_FewLandmarks_back,179,,Sitting,,0.708,0.0,25.2173
Sitting_Lying_FewLandmarks_back,180,,Sitting,,0.708,0.0,31.9949
Sitting_Lying_FewLandmarks_back,181,,Sitting,,0.701,0.0,33.8976
Sitting_Lying_FewLandmarks_back,182,,Sitting,,0.697,0.0,25.7107
Sitting_Lying_FewLandmarks_back,183,,Sitting,,0.69,0.0,35.4303
Sitting_Lying_FewLandmarks_back,184,,Sitting,,0.692,0.0,40.3357
Sitting_Lying_FewLandmarks_back,185,,Sitting,,0.667,0.0,44.1641
Sitting_Lying_FewLandmarks_back,186,,Sitting,,0.636,0.0,41.575
Sitting_Lying_FewLandmarks_back,187,,Sitting,,0.572,0.0,41.5403
Sitting_Lying_FewLandmarks_back,188,,Sitting,,0.542,0.0,44.1535
Sitting_Lying_FewLandmarks_back,189,,Sitting,,0.485,0.0,40.2861
Sitting_Lying_FewLandmarks_back,190,,Sitting,,0.434,0.0,38.492
Sitting_Lying_FewLandmarks_back,191,,Sitting,,0.419,0.0,43.3057
Sitting_Lying_FewLandmarks_back,192,,Sitting,,0.384,0.0,42.604
Sitting_Lying_FewLandmarks_back,193,,Sitting,,0.362,0.0,44.8461
Sitting_Lying_FewLandmarks_back,194,,Sitting,,0.328,0.0,43.5432
Sitting_Lying_FewLandmarks_back,195,,Standing,,0.32,0.0,48.3182
Sitting_Lying_FewLandmarks_back,196,,Standing,,0.337,0.0,48.5094
Sitting_Lying_FewLandmarks_back,197,,Standing,,0.318,0.0,43.6336
Sitting_Lying_FewLandmarks_back,198,,Standing,,0.312,0.0,49.3742
Sitting_Lying_FewLandmarks_back,199,,Standing,,0.306,0.0,38.9182
Sitting_Lying_FewLandmarks_back,200,,Standing,,0.28,0.0,47.9507
Sitting_Lying_FewLandmarks_back,201,,Standing,,0.28,0.0,53.5795
Sitting_Lying_FewLandmarks_back,202,,Standing,,0.255,0.0,52.2615
Sitting_Lying_FewLandmarks_back,203,,Sitting,,0.245,0.0,49.6919
Sitting_Lying_FewLandmarks_back,204,,Lying,,0.265,0.0,50.3346
Sitting_Lying_FewLandmarks_back,205,,Lying,,0.28,0.0,48.4477
Sitting_Lying_FewLandmarks_back,206,,Lying,,0.289,0.0,46.2214
Sitting_Lying_FewLandmarks_back,207,Lying,Lying,True,0.299,0.0,46.5043
Sitting_Lying_FewLandmarks_back,208,Lying,Lying,True,0.319,0.0,50.0835
Sitting_Lying_FewLandmarks_back,209,Lying,Lying,True,0.309,0.0,48.5195
Sitting_Lying_FewLandmarks_back,210,Lying,Lying,True,0.32,0.0,51.3622
Sitting_Lying_FewLandmarks_back,211,Lying,Lying,True,0.334,0.0,46.1568
Sitting_Lying_FewLandmarks_back,212,Lying,Lying,True,0.368,0.0,51.761
Sitting_Lying_FewLandmarks_back,213,Lying,Lying,True,0.396,0.0,45.7062
Sitting_Lying_FewLandmarks_back,214,Lying,Lying,True,0.403,0.0,50.51
Sitting_Lying_FewLandmarks_back,215,Lying,Lying,True,0.437,0.0,52.5846
Sitting_Lying_FewLandmarks_back,216,Lying,Lying,True,0.489,0.0,52.0148
Sitting_Lying_FewLandmarks_back,217,Lying,Lying,True,0.517,0.0,49.055
Sitting_Lying_FewLandmarks_back,218,Lying,Lying,True,0.548,0.0,48.6924
Sitting_Lying_FewLandmarks_back,219,Lying,Lying,True,0.555,0.0,49.5639
Sitting_Lying_FewLandmarks_back,220,Lying,Lying,True,0.548,0.0,48.2211
Sitting_Lying_FewLandmarks_back,221,Lying,Lying,True,0.538,0.0,48.5142
Sitting_Lying_FewLandmarks_back,222,Lying,Lying,True,0.522,0.0,50.7495
Sitting_Lying_FewLandmarks_back,223,Lying,Lying,True,0.503,0.0,49.947
Sitting_Lying_FewLandmarks_back,224,Lying,Lying,True,0.502,0.0,47.9952
Sitting_Lying_FewLandmarks_back,225,Lying,Lying,True,0.483,0.0,52.7102
Sitting_Lying_FewLandmarks_back,226,Lying,Lying,True,0.48,0.0,52.2843
Sitting_Lying_FewLandmarks_back,227,Lying,Lying,True,0.467,0.0,48.021
Sitting_Lying_FewLandmarks_back,228,Lying,Lying,True,0.461,0.0,31.105
Sitting_Lying_FewLandmarks_back,229,Lying,Lying,True,0.443,0.0,39.5707
Sitting_Lying_FewLandmarks_back,230,Lying,Lying,True,0.418,0.0,49.0038
Sitting_Lying_FewLandmarks_back,231,Lying,Lying,True,0.399,0.0,49.1427
Sitting_Lying_FewLandmarks_back,232,Lying,Lying,True,0.414,0.0,33.8171
Sitting_Lying_FewLandmarks_back,233,Lying,Lying,True,0.413,0.0,46.3927
Sitting_Lying_FewLandmarks_back,234,Lying,Lying,True,0.42,0.0,30.7969
Sitting_Lying_FewLandmarks_back,235,Lying,Lying,True,0.406,0.0,39.196
Sitting_Lying_FewLandmarks_back,236,Lying,Lying,True,0.425,0.0,37.7599
Sitting_Lying_FewLandmarks_back,237,Lying,Lying,True,0.427,0.0,46.654
Sitting_Lying_FewLandmarks_back,238,Lying,Lying,True,0.461,0.0,53.6073
Sitting_Lying_FewLandmarks_back,239,Lying,Lying,True,0.447,0.0,53.6629
Sitting_Lying_FewLandmarks_back,240,Lying,Lying,True,0.47,0.0,35.9214
Sitting_Lying_FewLandmarks_back,241,Lying,Lying,True,0.456,0.0,48.4101
Sitting_Lying_FewLandmarks_back,242,Lying,Lying,True,0.46,0.0,36.0909
Sitting_Lying_FewLandmarks_back,243,Lying,Lying,True,0.475,0.0,42.105
Sitting_Lying_FewLandmarks_back,244,Lying,Lying,True,0.455,0.0,36.4005
Sitting_Lying_FewLandmarks_back,245,Lying,Lying,True,0.453,0.0,42.5841
Sitting_Lying_FewLandmarks_back,246,Lying,Lying,True,0.452,0.0,39.1905
Sitting_Lying_FewLandmarks_back,247,Lying,Lying,True,0.462,0.0,51.5605
Sitting_Lying_FewLandmarks_back,248,Lying,Lying,True,0.457,0.0,46.7125
Sitting_Lying_FewLandmarks_back,249,Lying,Lying,True,0.459,0.0,48.0451
Sitting_Lying_FewLandmarks_back,250,Lying,Lying,True,0.474,0.0,42.5091
Sitting_Lying_FewLandmarks_back,251,Lying,Lying,True,0.481,0.0,30.015
Sitting_Lying_FewLandmarks_back,252,Lying,Lying,True,0.49,0.0,48.0142
Sitting_Lying_FewLandmarks_back,253,Lying,Lying,True,0.489,0.0,42.3762
Sitting_Lying_FewLandmarks_back,254,Lying,Lying,True,0.492,0.0,42.4734
Sitting_Lying_FewLandmarks_back,255,Lying,Lying,True,0.508,0.0,45.5992
Sitting_Lying_FewLandmarks_back,256,Lying,Lying,True,0.506,0.0,46.7333
Sitting_Lying_FewLandmarks_back,257,Lying,Lying,True,0.5,0.0,45.0842
Sitting_Lying_FewLandmarks_back,258,Lying,Lying,True,0.504,0.0,45.1378
Sitting_Lying_FewLandmarks_back,259,Lying,Lying,True,0.497,0.0,46.4766
Sitting_Lying_FewLandmarks_back,260,Lying,Lying,True,0.499,0.0,37.0345
Sitting_Lying_FewLandmarks_back,261,Lying,Lying,True,0.514,0.0,51.0021
Sitting_Lying_FewLandmarks_back,262,Lying,Lying,True,0.514,0.0,48.8998
Sitting_Lying_FewLandmarks_back,263,Lying,Lying,True,0.51,0.0,44.377
Sitting_Lying_FewLandmarks_back,264,Lying,Lying,True,0.509,0.0,46.2059
Sitting_Lying_FewLandmarks_back,265,Lying,Lying,True,0.498,0.0,45.273
Sitting_Lying_FewLandmarks_back,266,Lying,Lying,True,0.495,0.0,39.9768
Sitting_Lying_FewLandmarks_back,267,Lying,Lying,True,0.505,0.0,43.1508
Sitting_Lying_FewLandmarks_back,268,Lying,Lying,True,0.51,0.0,36.3302
Sitting_Lying_FewLandmarks_back,269,Lying,Lying,True,0.521,0.0,36.9821
Sitting_Lying_FewLandmarks_back,270,Lying,Lying,True,0.505,0.0,32.4336
Sitting_Lying_FewLandmarks_back,271,Lying,Lying,True,0.49,0.0,33.8349
Sitting_Lying_FewLandmarks_back,272,Lying,Lying,True,0.497,0.0,44.793
Sitting_Lying_FewLandmarks_back,273,Lying,Lying,True,0.506,0.0,31.9029
Sitting_Lying_FewLandmarks_back,274,Lying,Lying,True,0.51,0.0,33.9389
Sitting_Lying_FewLandmarks_back,275,Lying,Lying,True,0.5,0.0,46.4723
Sitting_Lying_FewLandmarks_back,276,Lying,Lying,True,0.494,0.0,48.9036
Sitting_Lying_FewLandmarks_back,277,Lying,Lying,True,0.482,0.0,52.5713
Sitting_Lying_FewLandmarks_back,278,Lying,Lying,True,0.493,0.0,45.6605
Sitting_Lying_FewLandmarks_back,279,Lying,Lying,True,0.5,0.0,56.1138
Sitting_Lying_FewLandmarks_back,280,Lying,Lying,True,0.505,0.0,55.2665
Sitting_Lying_FewLandmarks_back,281,Lying,Lying,True,0.494,0.0,52.6897
Sitting_Lying_FewLandmarks_back,282,Lying,Lying,True,0.498,0.0,50.0224
Sitting_Lying_FewLandmarks_back,283,Lying,Lying,True,0.489,0.0,56.0312
Sitting_Lying_FewLandmarks_back,284,Lying,Lying,True,0.502,0.0,55.6809
Sitting_Lying_FewLandmarks_back,285,Lying,Lying,True,0.51,0.0,58.5536
Sitting_Lying_FewLandmarks_back,286,Lying,Lying,True,0.505,0.0,57.2361
Sitting_Lying_FewLandmarks_back,287,Lying,Lying,True,0.496,0.0,47.7154
Sitting_Lying_FewLandmarks_back,288,Lying,Lying,True,0.509,0.0,60.8342
Sitting_Lying_FewLandmarks_back,289,Lying,Lying,True,0.511,0.0,46.8344
Sitting_Lying_FewLandmarks_back,290,Lying,Lying,True,0.498,0.0,48.4985
Sitting_Lying_FewLandmarks_back,291,Lying,Lying,True,0.5,0.0,59.7637
Sitting_Lying_FewLandmarks_back,292,Lying,Lying,True,0.494,0.0,55.9081
Sitting_Lying_FewLandmarks_back,293,Lying,Lying,True,0.487,0.0,51.7749
Sitting_Lying_FewLandmarks_back,294,Lying,Lying,True,0.504,0.0,55.3031
Sitting_Lying_FewLandmarks_back,295,Lying,Lying,True,0.495,0.0,56.4318
Sitting_Lying_FewLandmarks_back,296,Lying,Lying,True,0.507,0.0,51.4363
Sitting_Lying_FewLandmarks_back,297,Lying,Lying,True,0.499,0.0,54.008
Sitting_Lying_FewLandmarks_back,298,Lying,Lying,True,0.496,0.0,51.0661
Sitting_Lying_FewLandmarks_back,299,Lying,Lying,True,0.495,0.0,54.4298
Sitting_Lying_FewLandmarks_back,300,Lying,Lying,True,0.516,0.0,53.8457
Sitting_Lying_FewLandmarks_back,301,Lying,Lying,True,0.504,0.0,43.0203
Sitting_Lying_FewLandmarks_back,302,Lying,Lying,True,0.494,0.0,51.7092
Sitting_Lying_FewLandmarks_back,303,Lying,Lying,True,0.495,0.0,53.0787
Sitting_Lying_FewLandmarks_back,304,Lying,Lying,True,0.502,0.0,50.9567
Sitting_Lying_FewLandmarks_back,305,Lying,Lying,True,0.498,0.0,60.2337
Sitting_Lying_FewLandmarks_back,306,Lying,Lying,True,0.512,0.0,60.9335
Sitting_Lying_FewLandmarks_back,307,Lying,Lying,True,0.498,0.0,59.1918
Sitting_Lying_FewLandmarks_back,308,Lying,Lying,True,0.49,0.0,54.2777
Sitting_Lying_FewLandmarks_back,309,Lying,Lying,True,0.5,0.0,59.2743
Sitting_Lying_FewLandmarks_back,310,Lying,Lying,True,0.501,0.0,55.4257
Sitting_Lying_FewLandmarks_back,311,Lying,Lying,True,0.499,0.0,51.9406
Sitting_Lying_FewLandmarks_back,312,Lying,Lying,True,0.493,0.0,45.5404
Sitting_Lying_FewLandmarks_back,313,Lying,Lying,True,0.493,0.0,33.6239
Sitting_Lying_FewLandmarks_back,314,Lying,Lying,True,0.496,0.0,48.8211
Sitting_Lying_FewLandmarks_back,315,Lying,Lying,True,0.497,0.0,55.9821
Sitting_Lying_FewLandmarks_back,316,Lying,Lying,True,0.5,0.0,46.6223
Sitting_Lying_FewLandmarks_back,317,Lying,Lying,True,0.486,0.0,47.5543
Sitting_Lying_FewLandmarks_back,318,Lying,Lying,True,0.506,0.0,51.3771
Sitting_Lying_FewLandmarks_back,319,Lying,Lying,True,0.495,0.0,67.6205
Sitting_Lying_FewLandmarks_back,320,Lying,Lying,True,0.494,0.0,68.2157
Sitting_Lying_FewLandmarks_back,321,Lying,Lying,True,0.488,0.0,60.9057
Sitting_Lying_FewLandmarks_back,322,Lying,Lying,True,0.495,0.0,60.9981
Sitting_Lying_FewLandmarks_back,323,Lying,Lying,True,0.492,0.0,61.9269
Sitting_Lying_FewLandmarks_back,324,Lying,Lying,True,0.487,0.0,56.3502
Sitting_Lying_FewLandmarks_back,325,Lying,Lying,True,0.5,0.0,51.4395
Sitting_Lying_FewLandmarks_back,326,,Lying,,0.504,0.0,45.6505
Sitting_Lying_FewLandmarks_back,327,,Lying,,0.498,0.0,47.1586
Sitting_Lying_FewLandmarks_back,328,,Lying,,0.494,0.0,51.2014
Sitting_Lying_FewLandmarks_back,329,,Lying,,0.5,0.0,79.5777
Sitting_Lying_FewLandmarks_back,330,,Lying,,0.502,0.0,70.9522
Sitting_Lying_FewLandmarks_back,331,,Lying,,0.497,0.0,52.5999
Sitting_Lying_FewLandmarks_back,332,,Lying,,0.509,0.0,57.965
Sitting_Lying_FewLandmarks_back,333,,Lying,,0.499,0.0,67.1599
Sitting_Lying_FewLandmarks_back,334,,Lying,,0.5,0.0,64.9185
Sitting_Lying_FewLandmarks_back,335,,Lying,,0.499,0.0,65.6627
Sitting_Lying_FewLandmarks_back,336,,Lying,,0.503,0.0,59.8803
Sitting_Lying_FewLandmarks_back,337,,Lying,,0.505,0.0,63.3777
Sitting_Lying_FewLandmarks_back,338,,Lying,,0.501,0.0,57.7618
Sitting_Lying_FewLandmarks_back,339,,Lying,,0.505,0.0,83.0216
Sitting_Lying_FewLandmarks_back,340,,Lying,,0.508,0.0,62.2121
Sitting_Lying_FewLandmarks_back,341,,Lying,,0.507,0.0,139.3024
Sitting_Lying_FewLandmarks_back,342,,Lying,,0.515,0.0,144.2105
Sitting_Lying_FewLandmarks_back,343,,Lying,,0.497,0.0,114.4405
Sitting_Lying_FewLandmarks_back,344,,Lying,,0.49,0.0,77.4163
Sitting_Lying_FewLandmarks_back,345,,Lying,,0.497,0.0,189.5788
Sitting_Lying_FewLandmarks_back,346,,Lying,,0.485,0.0,67.8537
Sitting_Lying_FewLandmarks_back,347,,Lying,,0.482,0.0,70.881
Sitting_Lying_FewLandmarks_back,348,,Lying,,0.485,0.0,71.4701
Sitting_Lying_FewLandmarks_back,349,,Lying,,0.485,0.0,124.2129
Sitting_Lying_FewLandmarks_back,350,,Lying,,0.478,0.0,66.5943
Sitting_Lying_FewLandmarks_back,351,,Lying,,0.468,0.0,48.3156
Sitting_Lying_FewLandmarks_back,352,,Lying,,0.468,0.0,49.1385
Sitting_Lying_FewLandmarks_back,353,,Lying,,0.466,0.0,57.1438
Sitting_Lying_FewLandmarks_back,354,,Lying,,0.471,0.0,47.0922
Sitting_Lying_FewLandmarks_back,355,,Lying,,0.468,0.0,50.5631
Sitting_Lying_FewLandmarks_back,356,,Lying,,0.484,0.0,44.6154
Sitting_Lying_FewLandmarks_back,357,,Lying,,0.477,0.0,43.57
Sitting_Lying_FewLandmarks_back,358,,Lying,,0.463,0.0,51.8053
Sitting_Lying_FewLandmarks_back,359,,Lying,,0.469,0.0,49.0526
Sitting_Lying_FewLandmarks_back,360,,Lying,,0.45,0.0,40.3944
Sitting_Lying_FewLandmarks_back,361,,Lying,,0.457,0.0,45.6779
Sitting_Lying_FewLandmarks_back,362,,Lying,,0.45,0.0,43.1117
Sitting_Lying_FewLandmarks_back,363,,Lying,,0.455,0.0,46.2918
Sitting_Lying_FewLandmarks_back,364,,Lying,,0.435,0.0,43.9142
Sitting_Lying_FewLandmarks_back,365,,Lying,,0.428,0.0,50.8249
Sitting_Lying_FewLandmarks_back,366,,Lying,,0.428,0.0,51.1457
Sitting_Lying_FewLandmarks_back,367,,Lying,,0.433,0.0,53.6972
Sitting_Lying_FewLandmarks_back,368,,Lying,,0.431,0.0,51.6862
Sitting_Lying_FewLandmarks_back,369,,Lying,,0.428,0.0,48.9184
Sitting_Lying_FewLandmarks_back,370,,Lying,,0.431,0.0,49.5416
Sitting_Lying_FewLandmarks_back,371,,Lying,,0.416,0.0,56.0039
Sitting_Lying_FewLandmarks_back,372,,Lying,,0.425,0.0,51.0248
Sitting_Lying_FewLandmarks_back,373,,Lying,,0.421,0.0,49.3667
Sitting_Lying_FewLandmarks_back,374,,Lying,,0.403,0.0,45.5202
Sitting_Lying_FewLandmarks_back,375,,Lying,,0.403,0.0,52.6554
Sitting_Lying_FewLandmarks_back,376,,Lying,,0.404,0.0,50.591
Sitting_Lying_FewLandmarks_back,377,,Lying,,0.396,0.0,49.7437
Sitting_Lying_FewLandmarks_back,378,,Lying,,0.386,0.0,44.6919
Sitting_Lying_FewLandmarks_back,379,,Lying,,0.367,0.0,49.5079
Sitting_Lying_FewLandmarks_back,380,,Lying,,0.372,0.0,46.2775
Sitting_Lying_FewLandmarks_back,381,,Lying,,0.357,0.0,51.5017
Sitting_Lying_FewLandmarks_back,382,,Lying,,0.351,0.0,51.9064
Sitting_Lying_FewLandmarks_back,383,,Lying,,0.348,0.0,43.4219
Sitting_Lying_FewLandmarks_back,384,,Lying,,0.354,0.0,50.1581
Sitting_Lying_FewLandmarks_back,385,,Lying,,0.348,0.0,52.6884
Sitting_Lying_FewLandmarks_back,386,,Lying,,0.345,0.0,46.7064
Sitting_Lying_FewLandmarks_back,387,,Lying,,0.337,0.0,60.8815
Sitting_Lying_FewLandmarks_back,388,,Lying,,0.319,0.0,59.237
Sitting_Lying_FewLandmarks_back,389,,Lying,,0.3,0.0,52.8809
Sitting_Lying_FewLandmarks_back,390,,Lying,,0.279,0.0,48.0629
Sitting_Lying_FewLandmarks_back,391,,Lying,,0.264,0.0,53.4678
Sitting_Lying_FewLandmarks_back,392,,Standing,,0.26,0.0,48.5641
Sitting_Lying_FewLandmarks_back,393,,Standing,,0.297,0.0,49.1392
Sitting_Lying_FewLandmarks_back,394,,Standing,,0.322,0.0,49.6837
Sitting_Lying_FewLandmarks_back,395,,Standing,,0.337,0.0,47.1406
Sitting_Lying_FewLandmarks_back,396,,Standing,,0.378,0.0,56.1099
Sitting_Lying_FewLandmarks_back,397,,Standing,,0.376,0.0,62.6889
Sitting_Lying_FewLandmarks_back,398,,Standing,,0.373,0.0,61.0753
Sitting_Lying_FewLandmarks_back,399,,Standing,,0.354,0.0,56.9052
Sitting_Lying_FewLandmarks_back,400,,Standing,,0.35,0.0,53.5506
Sitting_Lying_FewLandmarks_back,401,,Sitting,,0.322,0.0,47.7511
Sitting_Lying_FewLandmarks_back,402,,Sitting,,0.351,0.0,53.1227
Sitting_Lying_FewLandmarks_back,403,,Sitting,,0.427,0.0,51.8204
Sitting_Lying_FewLandmarks_back,404,,Sitting,,0.474,0.0,48.8069
Sitting_Lying_FewLandmarks_back,405,,Sitting,,0.514,0.0,39.5919
Sitting_Lying_FewLandmarks_back,406,,Sitting,,0.591,0.0,50.5091
Sitting_Lying_FewLandmarks_back,407,,Sitting,,0.607,0.0,51.9781
Sitting_Lying_FewLandmarks_back,408,,Sitting,,0.642,0.0,56.832
Sitting_Lying_FewLandmarks_back,409,,Sitting,,0.666,0.0,51.9492
Sitting_Lying_FewLandmarks_back,410,,Sitting,,0.683,0.0,69.566
Sitting_Lying_FewLandmarks_back,411,,Sitting,,0.695,0.0,61.1236
Sitting_Lying_FewLandmarks_back,412,,Sitting,,0.706,0.0,64.0258
Sitting_Lying_FewLandmarks_back,413,,Sitting,,0.708,0.0,53.3256
Sitting_Lying_FewLandmarks_back,414,,Sitting,,0.711,0.0,49.9869
Sitting_Lying_FewLandmarks_back,415,Sitting,Sitting,True,0.718,0.0,57.2302
Sitting_Lying_FewLandmarks_back,416,Sitting,Sitting,True,0.742,0.0,54.7913
Sitting_Lying_FewLandmarks_back,417,Sitting,Sitting,True,0.751,0.0,48.2209
Sitting_Lying_FewLandmarks_back,418,Sitting,Sitting,True,0.754,0.0,56.6881
Sitting_Lying_FewLandmarks_back,419,Sitting,Sitting,True,0.754,0.0,50.4596
Sitting_Lying_FewLandmarks_back,420,Sitting,Sitting,True,0.749,0.0,39.0514
Sitting_Lying_FewLandmarks_back,421,Sitting,Sitting,True,0.761,0.0,53.1714
Sitting_Lying_FewLandmarks_back,422,Sitting,Sitting,True,0.763,0.0,49.2331
Sitting_Lying_FewLandmarks_back,423,Sitting,Sitting,True,0.764,0.0,55.6351
Sitting_Lying_FewLandmarks_back,424,Sitting,Sitting,True,0.774,0.0,49.6404
Sitting_Lying_FewLandmarks_back,425,Sitting,Sitting,True,0.761,0.0,56.3505
Sitting_Lying_FewLandmarks_back,426,Sitting,Sitting,True,0.76,0.0,50.5896
Sitting_Lying_FewLandmarks_back,427,Sitting,Sitting,True,0.758,0.0,54.952
Sitting_Lying_FewLandmarks_back,428,Sitting,Sitting,True,0.759,0.0,53.443
Sitting_Lying_FewLandmarks_back,429,Sitting,Sitting,True,0.759,0.0,43.5564
Sitting_Lying_FewLandmarks_back,430,Sitting,Sitting,True,0.763,0.0,48.6689
Sitting_Lying_FewLandmarks_back,431,Sitting,Sitting,True,0.766,0.0,49.4707
Sitting_Lying_FewLandmarks_back,432,Sitting,Sitting,True,0.764,0.0,54.0123
Sitting_Lying_FewLandmarks_back,433,Sitting,Sitting,True,0.77,0.0,47.8576
Sitting_Lying_FewLandmarks_back,434,Sitting,Sitting,True,0.768,0.0,47.8967
Sitting_Lying_FewLandmarks_back,435,Sitting,Sitting,True,0.765,0.0,52.175
Sitting_Lying_FewLandmarks_back,436,Sitting,Sitting,True,0.77,0.0,54.4468
Sitting_Lying_FewLandmarks_back,437,Sitting,Sitting,True,0.779,0.0,47.7908
Sitting_Lying_FewLandmarks_back,438,Sitting,Sitting,True,0.775,0.0,50.0851
Sitting_Lying_FewLandmarks_back,439,Sitting,Sitting,True,0.776,0.0,58.2702
Sitting_Lying_FewLandmarks_back,440,Sitting,Sitting,True,0.771,0.0,52.0735
Sitting_Lying_FewLandmarks_back,441,Sitting,Sitting,True,0.782,0.0,50.113
Sitting_Lying_FewLandmarks_back,442,Sitting,Sitting,True,0.779,0.0,56.3421
Sitting_Lying_FewLandmarks_back,443,Sitting,Sitting,True,0.778,0.0,63.2322
Sitting_Lying_FewLandmarks_back,444,Sitting,Sitting,True,0.783,0.0,52.2548
Sitting_Lying_FewLandmarks_back,445,Sitting,Sitting,True,0.781,0.0,46.989
Sitting_Lying_FewLandmarks_back,446,Sitting,Sitting,True,0.777,0.0,43.6793
Sitting_Lying_FewLandmarks_back,447,Sitting,Sitting,True,0.782,0.0,50.4721
Sitting_Lying_FewLandmarks_back,448,Sitting,Sitting,True,0.781,0.0,47.7341
Sitting_Lying_FewLandmarks_back,449,Sitting,Sitting,True,0.779,0.0,39.6926
Sitting_Lying_FewLandmarks_back,450,Sitting,Sitting,True,0.782,0.0,47.5623
Sitting_Lying_FewLandmarks_back,451,Sitting,Sitting,True,0.778,0.0,43.093
Sitting_Lying_FewLandmarks_back,452,Sitting,Sitting,True,0.77,0.0,43.3608
Sitting_Lying_FewLandmarks_back,453,Sitting,Sitting,True,0.771,0.0,48.048
Sitting_Lying_FewLandmarks_back,454,Sitting,Sitting,True,0.769,0.0,50.2928
Sitting_Lying_FewLandmarks_back,455,Sitting,Sitting,True,0.777,0.0,41.5709
Sitting_Lying_FewLandmarks_back,456,Sitting,Sitting,True,0.776,0.0,45.5883
Sitting_Lying_FewLandmarks_back,457,Sitting,Sitting,True,0.781,0.0,44.6193
Sitting_Lying_FewLandmarks_back,458,Sitting,Sitting,True,0.78,0.0,44.5568
Sitting_Lying_FewLandmarks_back,459,,Sitting,,0.786,0.0,90.2716
Sitting_Lying_FewLandmarks_back,460,,Sitting,,0.783,0.0,71.6543
Sitting_Lying_FewLandmarks_back,461,,Sitting,,0.78,0.0,74.6305
Sitting_Lying_FewLandmarks_back,462,,Sitting,,0.777,0.0,80.8063
Sitting_Lying_FewLandmarks_back,463,,Sitting,,0.771,0.0,107.3227
Sitting_Lying_FewLandmarks_back,464,,Sitting,,0.767,0.0,139.8964
Sitting_Lying_FewLandmarks_back,465,,Sitting,,0.761,0.0,117.0706
Sitting_Lying_FewLandmarks_back,466,,Sitting,,0.747,0.0,85.6106
Sitting_Lying_FewLandmarks_back,467,,Sitting,,0.746,0.0,86.6312
Sitting_Lying_FewLandmarks_back,468,,Sitting,,0.742,0.0,149.0602
Sitting_Lying_FewLandmarks_back,469,,Sitting,,0.744,0.0,249.1554
Sitting_Lying_FewLandmarks_back,470,,Sitting,,0.743,0.0,356.4642
Sitting_Lying_FewLandmarks_back,471,,Sitting,,0.741,0.0,121.874
Sitting_Lying_FewLandmarks_back,472,,Sitting,,0.734,0.0,197.6148
Sitting_Lying_FewLandmarks_back,473,,Sitting,,0.737,0.0,95.4547
Sitting_Lying_FewLandmarks_back,474,,Sitting,,0.749,0.0,88.1825
Sitting_Lying_FewLandmarks_back,475,,Sitting,,0.743,0.0,114.6199
Sitting_Lying_FewLandmarks_back,476,,Sitting,,0.755,0.0,97.7458
Sitting_Lying_FewLandmarks_back,477,,Sitting,,0.752,0.0,60.1538
Sitting_Lying_FewLandmarks_back,478,,Sitting,,0.736,0.0,64.1417
Sitting_Lying_FewLandmarks_back,479,,Sitting,,0.737,0.0,73.2693
Sitting_Lying_FewLandmarks_back,480,,Sitting,,0.723,0.0,75.103
Sitting_Lying_FewLandmarks_back,481,,Sitting,,0.708,0.0,71.0924
Sitting_Lying_FewLandmarks_back,482,,Sitting,,0.702,0.0,48.4043
Sitting_Lying_FewLandmarks_back,483,,Sitting,,0.677,0.0,60.013
Sitting_Lying_FewLandmarks_back,484,,Sitting,,0.643,0.0,67.2455
Sitting_Lying_FewLandmarks_back,485,,Sitting,,0.598,0.0,66.2149
Sitting_Lying_FewLandmarks_back,486,,Sitting,,0.538,0.0,63.1433
Sitting_Lying_FewLandmarks_back,487,,Sitting,,0.478,0.0,61.4197
Sitting_Lying_FewLandmarks_back,488,,Sitting,,0.416,0.0,60.4866
Sitting_Lying_FewLandmarks_back,489,,Sitting,,0.35,0.0,50.5915
Sitting_Lying_FewLandmarks,31,,Standing,,0.831,0.0,42.2712
Sitting_Lying_FewLandmarks,32,,Standing,,0.827,0.0,48.0339
Sitting_Lying_FewLandmarks,33,,Standing,,0.833,0.0,63.3202
Sitting_Lying_FewLandmarks,34,,Standing,,0.843,0.0,57.2562
Sitting_Lying_FewLandmarks,35,,Standing,,0.87,0.0,63.0076
Sitting_Lying_FewLandmarks,36,,Standing,,0.869,0.0,46.2934
Sitting_Lying_FewLandmarks,37,,Standing,,0.905,0.0,61.4523
Sitting_Lying_FewLandmarks,38,,Standing,,0.897,0.0,67.8097
Sitting_Lying_FewLandmarks,39,,Standing,,0.91,0.0,52.5506
Sitting_Lying_FewLandmarks,40,,Standing,,0.916,0.0,47.0017
Sitting_Lying_FewLandmarks,41,,Standing,,0.895,0.0,55.6193
Sitting_Lying_FewLandmarks,42,,Standing,,0.878,0.0,47.51
Sitting_Lying_FewLandmarks,43,,Standing,,0.88,0.0,43.9577
Sitting_Lying_FewLandmarks,44,,Standing,,0.876,0.0,68.3497
Sitting_Lying_FewLandmarks,45,,Standing,,0.891,0.0,48.844
Sitting_Lying_FewLandmarks,46,,Standing,,0.879,0.0,58.3623
Sitting_Lying_FewLandmarks,47,,Standing,,0.82,0.0,69.4282
Sitting_Lying_FewLandmarks,48,,Standing,,0.81,0.0,57.1233
Sitting_Lying_FewLandmarks,49,,Standing,,0.745,0.0,53.0349
Sitting_Lying_FewLandmarks,50,,Standing,,0.712,0.0,55.1933
Sitting_Lying_FewLandmarks,51,,Standing,,0.647,0.0,43.5735
Sitting_Lying_FewLandmarks,52,,Standing,,0.666,0.0,57.3855
Sitting_Lying_FewLandmarks,53,,Standing,,0.626,0.0,71.4685
Sitting_Lying_FewLandmarks,54,,Standing,,0.575,0.0,59.9531
Sitting_Lying_FewLandmarks,55,,Standing,,0.511,0.0,61.2646
Sitting_Lying_FewLandmarks,56,,Standing,,0.514,0.0,89.1237
Sitting_Lying_FewLandmarks,57,,Standing,,0.456,0.0,90.6314
Sitting_Lying_FewLandmarks,58,,Standing,,0.461,0.0,65.9312
Sitting_Lying_FewLandmarks,59,Sitting,Sitting,True,0.413,0.0,73.5365
Sitting_Lying_FewLandmarks,60,Sitting,Standing,False,0.402,0.0,101.5089
Sitting_Lying_FewLandmarks,61,Sitting,Sitting,True,0.398,0.0,198.8308
Sitting_Lying_FewLandmarks,62,Sitting,Sitting,True,0.406,0.0,73.7271
Sitting_Lying_FewLandmarks,63,Sitting,Standing,False,0.413,0.0,75.593
Sitting_Lying_FewLandmarks,64,Sitting,Sitting,True,0.432,0.0,89.3768
Sitting_Lying_FewLandmarks,65,Sitting,Sitting,True,0.396,0.0,77.7295
Sitting_Lying_FewLandmarks,66,Sitting,Sitting,True,0.433,0.0,79.9832
Sitting_Lying_FewLandmarks,67,Sitting,Sitting,True,0.451,0.0,73.8359
Sitting_Lying_FewLandmarks,68,Sitting,Sitting,True,0.469,0.0,79.9945
Sitting_Lying_FewLandmarks,69,Sitting,Sitting,True,0.46,0.0,82.4802
Sitting_Lying_FewLandmarks,70,Sitting,Sitting,True,0.48,0.0,60.3605
Sitting_Lying_FewLandmarks,71,Sitting,Sitting,True,0.475,0.0,50.4049
Sitting_Lying_FewLandmarks,72,Sitting,Sitting,True,0.462,0.0,52.9485
Sitting_Lying_FewLandmarks,73,Sitting,Sitting,True,0.473,0.0,57.201
Sitting_Lying_FewLandmarks,74,Sitting,Sitting,True,0.416,0.0,64.359
Sitting_Lying_FewLandmarks,75,Sitting,Sitting,True,0.386,0.0,55.6242
Sitting_Lying_FewLandmarks,76,Sitting,Standing,False,0.389,0.0,50.7814
Sitting_Lying_FewLandmarks,77,Sitting,Standing,False,0.418,0.0,42.3719
Sitting_Lying_FewLandmarks,78,Sitting,Standing,False,0.446,0.0,51.8776
Sitting_Lying_FewLandmarks,79,Sitting,Standing,False,0.475,0.0,57.6003
Sitting_Lying_FewLandmarks,80,Sitting,Standing,False,0.467,0.0,50.8521
Sitting_Lying_FewLandmarks,81,Sitting,Standing,False,0.466,0.0,56.2986
Sitting_Lying_FewLandmarks,82,Sitting,Standing,False,0.443,0.0,60.3812
Sitting_Lying_FewLandmarks,83,Sitting,Standing,False,0.433,0.0,50.156
Sitting_Lying_FewLandmarks,84,Sitting,Standing,False,0.407,0.0,60.8885
Sitting_Lying_FewLandmarks,85,Sitting,Sitting,True,0.392,0.0,43.3793
Sitting_Lying_FewLandmarks,86,Sitting,Sitting,True,0.431,0.0,54.9002
Sitting_Lying_FewLandmarks,87,Sitting,Sitting,True,0.466,0.0,58.2921
Sitting_Lying_FewLandmarks,88,Sitting,Sitting,True,0.498,0.0,50.5273
Sitting_Lying_FewLandmarks,89,Sitting,Sitting,True,0.493,0.0,53.8665
Sitting_Lying_FewLandmarks,90,Sitting,Sitting,True,0.502,0.0,53.4857
Sitting_Lying_FewLandmarks,91,Sitting,Sitting,True,0.5,0.0,51.5938
Sitting_Lying_FewLandmarks,92,Sitting,Sitting,True,0.508,0.0,61.2495
Sitting_Lying_FewLandmarks,93,Sitting,Sitting,True,0.51,0.0,54.8121
Sitting_Lying_FewLandmarks,94,Sitting,Sitting,True,0.521,0.0,52.7353
Sitting_Lying_FewLandmarks,95,Sitting,Sitting,True,0.515,0.0,44.0477
Sitting_Lying_FewLandmarks,96,Sitting,Sitting,True,0.525,0.0,52.526
Sitting_Lying_FewLandmarks,97,Sitting,Sitting,True,0.511,0.0,42.1459
Sitting_Lying_FewLandmarks,98,Sitting,Sitting,True,0.512,0.0,59.7087
Sitting_Lying_FewLandmarks,99,Sitting,Sitting,True,0.507,0.0,54.9574
Sitting_Lying_FewLandmarks,100,Sitting,Sitting,True,0.514,0.0,58.7255
Sitting_Lying_FewLandmarks,101,Sitting,Sitting,True,0.51,0.0,52.6226
Sitting_Lying_FewLandmarks,102,Sitting,Sitting,True,0.516,0.0,55.745
Sitting_Lying_FewLandmarks,103,Sitting,Sitting,True,0.518,0.0,34.1922
Sitting_Lying_FewLandmarks,104,Sitting,Sitting,True,0.531,0.0,44.6279
Sitting_Lying_FewLandmarks,105,Sitting,Sitting,True,0.533,0.0,51.3138
Sitting_Lying_FewLandmarks,106,Sitting,Sitting,True,0.533,0.0,39.4413
Sitting_Lying_FewLandmarks,107,Sitting,Sitting,True,0.532,0.0,47.4775
Sitting_Lying_FewLandmarks,108,Sitting,Sitting,True,0.536,0.0,28.5026
Sitting_Lying_FewLandmarks,109,Sitting,Sitting,True,0.535,0.0,42.4633
Sitting_Lying_FewLandmarks,110,Sitting,Sitting,True,0.537,0.0,31.565
Sitting_Lying_FewLandmarks,111,Sitting,Sitting,True,0.533,0.0,44.9382
Sitting_Lying_FewLandmarks,112,,Sitting,,0.539,0.0,51.0416
Sitting_Lying_FewLandmarks,113,,Sitting,,0.533,0.0,43.2693
Sitting_Lying_FewLandmarks,114,,Sitting,,0.541,0.0,46.2043
Sitting_Lying_FewLandmarks,115,,Sitting,,0.533,0.0,45.6831
Sitting_Lying_FewLandmarks,116,,Sitting,,0.543,0.0,50.0668
Sitting_Lying_FewLandmarks,117,,Sitting,,0.538,0.0,49.749
Sitting_Lying_FewLandmarks,118,,Sitting,,0.547,0.0,45.8401
Sitting_Lying_FewLandmarks,119,,Sitting,,0.55,0.0,43.3514
Sitting_Lying_FewLandmarks,120,,Sitting,,0.554,0.0,47.1602
Sitting_Lying_FewLandmarks,121,,Sitting,,0.551,0.0,31.026
Sitting_Lying_FewLandmarks,122,,Sitting,,0.549,0.0,51.9064
Sitting_Lying_FewLandmarks,123,,Sitting,,0.551,0.0,37.8414
Sitting_Lying_FewLandmarks,124,,Sitting,,0.546,0.0,49.074
Sitting_Lying_FewLandmarks,125,,Sitting,,0.553,0.0,53.1245
Sitting_Lying_FewLandmarks,126,,Sitting,,0.555,0.0,53.2343
Sitting_Lying_FewLandmarks,127,,Sitting,,0.562,0.0,47.3764
Sitting_Lying_FewLandmarks,128,,Sitting,,0.559,0.0,30.4818
Sitting_Lying_FewLandmarks,129,,Sitting,,0.555,0.0,42.9436
Sitting_Lying_FewLandmarks,130,,Sitting,,0.564,0.0,50.3517
Sitting_Lying_FewLandmarks,131,,Sitting,,0.553,0.0,46.7153
Sitting_Lying_FewLandmarks,132,,Sitting,,0.566,0.0,32.8158
Sitting_Lying_FewLandmarks,133,,Sitting,,0.558,0.0,42.1091
Sitting_Lying_FewLandmarks,134,,Sitting,,0.571,0.0,45.3907
Sitting_Lying_FewLandmarks,135,,Sitting,,0.564,0.0,46.1301
Sitting_Lying_FewLandmarks,136,,Sitting,,0.568,0.0,45.8188
Sitting_Lying_FewLandmarks,137,,Sitting,,0.57,0.0,41.1969
Sitting_Lying_FewLandmarks,138,,Sitting,,0.558,0.0,41.0101
Sitting_Lying_FewLandmarks,139,,Sitting,,0.544,0.0,41.1991
Sitting_Lying_FewLandmarks,140,,Sitting,,0.54,0.0,39.6856
Sitting_Lying_FewLandmarks,141,,Sitting,,0.493,0.0,36.5896
Sitting_Lying_FewLandmarks,142,,Sitting,,0.466,0.0,40.7736
Sitting_Lying_FewLandmarks,143,,Sitting,,0.424,0.0,42.9008
Sitting_Lying_FewLandmarks,144,,Sitting,,0.403,0.0,32.0374
Sitting_Lying_FewLandmarks,145,,Sitting,,0.368,0.0,42.2978
Sitting_Lying_FewLandmarks,146,,Sitting,,0.348,0.0,41.7678
Sitting_Lying_FewLandmarks,147,,Sitting,,0.325,0.0,44.0316
Sitting_Lying_FewLandmarks,148,,Sitting,,0.322,0.0,36.1563
Sitting_Lying_FewLandmarks,149,,Standing,,0.317,0.0,34.2594
Sitting_Lying_FewLandmarks,150,,Standing,,0.356,0.0,44.926
Sitting_Lying_FewLandmarks,151,,Standing,,0.335,0.0,44.8803
Sitting_Lying_FewLandmarks,152,,Standing,,0.29,0.0,45.7186
Sitting_Lying_FewLandmarks,153,,Lying,,0.25,0.0,48.3378
Sitting_Lying_FewLandmarks,154,,Lying,,0.295,0.0,42.8925
Sitting_Lying_FewLandmarks,155,,Lying,,0.341,0.0,44.252
Sitting_Lying_FewLandmarks,156,,Lying,,0.341,0.0,41.1495
Sitting_Lying_FewLandmarks,157,,Lying,,0.386,0.0,44.1046
Sitting_Lying_FewLandmarks,158,,Lying,,0.42,0.0,45.6294
Sitting_Lying_FewLandmarks,159,,Lying,,0.437,0.0,42.9377
Sitting_Lying_FewLandmarks,160,,Lying,,0.453,0.0,40.6526
Sitting_Lying_FewLandmarks,161,,Lying,,0.477,0.0,45.2612
Sitting_Lying_FewLandmarks,162,,Lying,,0.48,0.0,46.7584
Sitting_Lying_FewLandmarks,163,,Lying,,0.491,0.0,47.7776
Sitting_Lying_FewLandmarks,164,,Lying,,0.496,0.0,51.6688
Sitting_Lying_FewLandmarks,165,,Lying,,0.517,0.0,48.7219
Sitting_Lying_FewLandmarks,166,,Lying,,0.511,0.0,48.1952
Sitting_Lying_FewLandmarks,167,,Lying,,0.531,0.0,46.667
Sitting_Lying_FewLandmarks,168,,Lying,,0.524,0.0,48.0985
Sitting_Lying_FewLandmarks,169,,Lying,,0.547,0.0,39.0043
Sitting_Lying_FewLandmarks,170,,Lying,,0.539,0.0,41.8156
Sitting_Lying_FewLandmarks,171,,Lying,,0.566,0.0,38.1349
Sitting_Lying_FewLandmarks,172,,Lying,,0.565,0.0,29.513
Sitting_Lying_FewLandmarks,173,,Lying,,0.566,0.0,44.2687
Sitting_Lying_FewLandmarks,174,,Lying,,0.553,0.0,36.3999
Sitting_Lying_FewLandmarks,175,,Lying,,0.557,0.0,47.9071
Sitting_Lying_FewLandmarks,176,,Lying,,0.553,0.0,47.4136
Sitting_Lying_FewLandmarks,177,Lying,Lying,True,0.564,0.0,44.1928
Sitting_Lying_FewLandmarks,178,Lying,Lying,True,0.552,0.0,39.8676
Sitting_Lying_FewLandmarks,179,Lying,Lying,True,0.537,0.0,37.4218
Sitting_Lying_FewLandmarks,180,Lying,Lying,True,0.554,0.0,42.3857
Sitting_Lying_FewLandmarks,181,Lying,Lying,True,0.558,0.0,41.8294
Sitting_Lying_FewLandmarks,182,Lying,Lying,True,0.567,0.0,44.3236
Sitting_Lying_FewLandmarks,183,Lying,Lying,True,0.568,0.0,46.3607
Sitting_Lying_FewLandmarks,184,Lying,Lying,True,0.54,0.0,35.0795
Sitting_Lying_FewLandmarks,185,Lying,Lying,True,0.541,0.0,48.7261
Sitting_Lying_FewLandmarks,186,Lying,Lying,True,0.521,0.0,42.4529
Sitting_Lying_FewLandmarks,187,Lying,Lying,True,0.513,0.0,55.4095
Sitting_Lying_FewLandmarks,188,Lying,Lying,True,0.529,0.0,49.4383
Sitting_Lying_FewLandmarks,189,Lying,Lying,True,0.525,0.0,52.734
Sitting_Lying_FewLandmarks,190,Lying,Lying,True,0.511,0.0,46.0815
Sitting_Lying_FewLandmarks,191,Lying,Lying,True,0.488,0.0,56.4796
Sitting_Lying_FewLandmarks,192,Lying,Lying,True,0.495,0.0,35.8476
Sitting_Lying_FewLandmarks,193,Lying,Lying,True,0.469,0.0,34.4877
Sitting_Lying_FewLandmarks,194,Lying,Lying,True,0.484,0.0,36.715
Sitting_Lying_FewLandmarks,195,Lying,Lying,True,0.465,0.0,51.6478
Sitting_Lying_FewLandmarks,196,Lying,Lying,True,0.487,0.0,42.4154
Sitting_Lying_FewLandmarks,197,Lying,Lying,True,0.462,1.0,51.9137
Sitting_Lying_FewLandmarks,198,Lying,Lying,True,0.485,1.0,53.0769
Sitting_Lying_FewLandmarks,199,Lying,Lying,True,0.475,0.0,50.4648
Sitting_Lying_FewLandmarks,200,Lying,Lying,True,0.461,1.0,53.0663
Sitting_Lying_FewLandmarks,201,Lying,Lying,True,0.462,1.0,59.595
Sitting_Lying_FewLandmarks,202,Lying,Lying,True,0.473,1.0,72.5554
Sitting_Lying_FewLandmarks,203,Lying,Lying,True,0.504,1.0,79.5433
Sitting_Lying_FewLandmarks,204,Lying,Lying,True,0.47,1.0,83.0389
Sitting_Lying_FewLandmarks,205,Lying,Lying,True,0.51,1.0,84.523
Sitting_Lying_FewLandmarks,206,Lying,Lying,True,0.506,1.0,110.4025
Sitting_Lying_FewLandmarks,207,Lying,Lying,True,0.518,1.0,66.6454
Sitting_Lying_FewLandmarks,208,Lying,Lying,True,0.505,0.0,73.7541
Sitting_Lying_FewLandmarks,209,Lying,Lying,True,0.459,0.0,78.5914
Sitting_Lying_FewLandmarks,210,Lying,Lying,True,0.5,1.0,68.1893
Sitting_Lying_FewLandmarks,211,Lying,Lying,True,0.487,0.0,73.1003
Sitting_Lying_FewLandmarks,212,Lying,Lying,True,0.471,0.0,39.4375
Sitting_Lying_FewLandmarks,213,Lying,Lying,True,0.448,1.0,58.1326
Sitting_Lying_FewLandmarks,214,Lying,Lying,True,0.448,0.0,63.1686
Sitting_Lying_FewLandmarks,215,Lying,Lying,True,0.467,0.0,55.2957
Sitting_Lying_FewLandmarks,216,Lying,Lying,True,0.419,0.0,62.8653
Sitting_Lying_FewLandmarks,217,Lying,Lying,True,0.438,1.0,60.5358
Sitting_Lying_FewLandmarks,218,Lying,Lying,True,0.437,0.0,67.9861
Sitting_Lying_FewLandmarks,219,Lying,Lying,True,0.428,0.0,74.7528
Sitting_Lying_FewLandmarks,220,Lying,Lying,True,0.408,0.0,74.8853
Sitting_Lying_FewLandmarks,221,Lying,Lying,True,0.439,1.0,74.995
Sitting_Lying_FewLandmarks,222,Lying,Lying,True,0.442,1.0,58.6
Sitting_Lying_FewLandmarks,223,Lying,Lying,True,0.459,1.0,61.858
Sitting_Lying_FewLandmarks,224,Lying,Lying,True,0.461,1.0,51.4886
Sitting_Lying_FewLandmarks,225,Lying,Lying,True,0.491,1.0,56.5554
Sitting_Lying_FewLandmarks,226,Lying,Lying,True,0.475,0.0,51.0669
Sitting_Lying_FewLandmarks,227,Lying,Lying,True,0.494,1.0,57.9777
Sitting_Lying_FewLandmarks,228,Lying,Lying,True,0.496,1.0,58.1324
Sitting_Lying_FewLandmarks,229,Lying,Lying,True,0.498,1.0,120.6206
Sitting_Lying_FewLandmarks,230,Lying,Lying,True,0.469,0.0,85.7884
Sitting_Lying_FewLandmarks,231,Lying,Lying,True,0.447,0.0,73.3843
Sitting_Lying_FewLandmarks,232,Lying,Lying,True,0.437,1.0,78.9227
Sitting_Lying_FewLandmarks,233,Lying,Lying,True,0.446,1.0,82.5107
Sitting_Lying_FewLandmarks,234,Lying,Lying,True,0.416,1.0,66.8612
Sitting_Lying_FewLandmarks,235,Lying,Lying,True,0.426,0.0,48.6015
Sitting_Lying_FewLandmarks,236,,Lying,,0.439,0.0,82.5245
Sitting_Lying_FewLandmarks,237,,Lying,,0.43,0.0,56.3285
Sitting_Lying_FewLandmarks,238,,Lying,,0.415,1.0,59.4851
Sitting_Lying_FewLandmarks,239,,Lying,,0.398,1.0,66.0885
Sitting_Lying_FewLandmarks,240,,Lying,,0.431,1.0,61.0508
Sitting_Lying_FewLandmarks,241,,Lying,,0.42,0.0,64.666
Sitting_Lying_FewLandmarks,242,,Lying,,0.417,0.0,57.9011
Sitting_Lying_FewLandmarks,243,,Lying,,0.404,0.0,68.6364
Sitting_Lying_FewLandmarks,244,,Lying,,0.391,0.0,52.5154
Sitting_Lying_FewLandmarks,245,,Lying,,0.408,0.0,57.0697
Sitting_Lying_FewLandmarks,246,,Lying,,0.397,0.0,59.8863
Sitting_Lying_FewLandmarks,247,,Lying,,0.383,0.0,65.1391
Sitting_Lying_FewLandmarks,248,,Lying,,0.39,0.0,66.8968
Sitting_Lying_FewLandmarks,249,,Lying,,0.41,0.0,57.6092
Sitting_Lying_FewLandmarks,250,,Lying,,0.411,0.0,60.5749
Sitting_Lying_FewLandmarks,251,,Lying,,0.402,0.0,56.8464
Sitting_Lying_FewLandmarks,252,,Lying,,0.372,0.0,55.766
Sitting_Lying_FewLandmarks,253,,Lying,,0.367,0.0,56.4631
Sitting_Lying_FewLandmarks,254,,Lying,,0.374,0.0,57.8795
Sitting_Lying_FewLandmarks,255,,Lying,,0.379,0.0,56.9453
Sitting_Lying_FewLandmarks,256,,Lying,,0.411,0.0,51.517
Sitting_Lying_FewLandmarks,257,,Lying,,0.368,0.0,45.3156
Sitting_Lying_FewLandmarks,258,,Lying,,0.325,0.0,49.7697
Sitting_Lying_FewLandmarks,259,,Lying,,0.326,0.0,47.1851
Sitting_Lying_FewLandmarks,260,,Lying,,0.303,0.0,43.1381
Sitting_Lying_FewLandmarks,261,,Lying,,0.307,0.0,49.5835
Sitting_Lying_FewLandmarks,262,,Lying,,0.321,0.0,48.0916
Sitting_Lying_FewLandmarks,263,,Lying,,0.308,0.0,44.4039
Sitting_Lying_FewLandmarks,264,,Lying,,0.346,0.0,50.6894
Sitting_Lying_FewLandmarks,265,,Lying,,0.336,0.0,49.9434
Sitting_Lying_FewLandmarks,266,,Lying,,0.338,0.0,38.3776
Sitting_Lying_FewLandmarks,267,,Lying,,0.347,0.0,43.8902
Sitting_Lying_FewLandmarks,268,,Lying,,0.35,0.0,47.0923
Sitting_Lying_FewLandmarks,269,,Lying,,0.345,0.0,50.3679
Sitting_Lying_FewLandmarks,270,,Lying,,0.37,0.0,53.5582
Sitting_Lying_FewLandmarks,271,,Lying,,0.368,0.0,61.4507
Sitting_Lying_FewLandmarks,272,,Lying,,0.356,0.0,55.9152
Sitting_Lying_FewLandmarks,273,,Lying,,0.379,0.0,56.221
Sitting_Lying_FewLandmarks,274,,Lying,,0.374,0.0,50.7956
Sitting_Lying_FewLandmarks,275,,Lying,,0.384,0.0,58.9023
Sitting_Lying_FewLandmarks,276,,Lying,,0.378,0.0,56.7193
Sitting_Lying_FewLandmarks,277,,Lying,,0.371,0.0,56.0025
Sitting_Lying_FewLandmarks,278,,Lying,,0.362,0.0,60.04
Sitting_Lying_FewLandmarks,279,,Lying,,0.347,0.0,51.3904
Sitting_Lying_FewLandmarks,280,,Lying,,0.359,0.0,55.4392
Sitting_Lying_FewLandmarks,281,,Lying,,0.341,0.0,59.5068
Sitting_Lying_FewLandmarks,282,,Lying,,0.338,0.0,53.1608
Sitting_Lying_FewLandmarks,283,,Lying,,0.331,0.0,49.3883
Sitting_Lying_FewLandmarks,284,,Lying,,0.336,0.0,52.8192
Sitting_Lying_FewLandmarks,285,,Lying,,0.336,0.0,44.7544
Sitting_Lying_FewLandmarks,286,,Lying,,0.299,0.0,54.9313
Sitting_Lying_FewLandmarks,287,,Lying,,0.288,0.0,70.5048
Sitting_Lying_FewLandmarks,288,,Sitting,,0.29,0.0,58.6567
Sitting_Lying_FewLandmarks,289,,Sitting,,0.343,0.0,47.4212
Sitting_Lying_FewLandmarks,290,,Sitting,,0.391,0.0,64.9695
Sitting_Lying_FewLandmarks,291,,Sitting,,0.427,0.0,52.6009
Sitting_Lying_FewLandmarks,292,,Sitting,,0.51,0.0,64.5901
Sitting_Lying_FewLandmarks,293,,Sitting,,0.532,0.0,55.1553
Sitting_Lying_FewLandmarks,294,,Sitting,,0.596,0.0,57.5737
Sitting_Lying_FewLandmarks,295,,Sitting,,0.592,0.0,54.3234
Sitting_Lying_FewLandmarks,296,,Sitting,,0.595,0.0,64.5222
Sitting_Lying_FewLandmarks,297,,Sitting,,0.591,0.0,48.7052
Sitting_Lying_FewLandmarks,298,,Sitting,,0.604,0.0,56.7462
Sitting_Lying_FewLandmarks,299,,Sitting,,0.578,0.0,52.5381
Sitting_Lying_FewLandmarks,300,,Sitting,,0.568,0.0,61.0535
Sitting_Lying_FewLandmarks,301,,Sitting,,0.57,0.0,60.1643
Sitting_Lying_FewLandmarks,302,,Sitting,,0.555,0.0,75.5444
Sitting_Lying_FewLandmarks,303,,Sitting,,0.566,0.0,66.6962
Sitting_Lying_FewLandmarks,304,,Sitting,,0.547,0.0,63.4644
Sitting_Lying_FewLandmarks,305,,Sitting,,0.551,0.0,70.1906
Sitting_Lying_FewLandmarks,306,,Sitting,,0.552,0.0,62.9853
Sitting_Lying_FewLandmarks,307,,Sitting,,0.548,0.0,58.9423
Sitting_Lying_FewLandmarks,308,,Sitting,,0.538,0.0,72.7878
Sitting_Lying_FewLandmarks,309,,Sitting,,0.541,0.0,51.6259
Sitting_Lying_FewLandmarks,310,,Sitting,,0.534,0.0,50.2531
Sitting_Lying_FewLandmarks,311,,Sitting,,0.538,0.0,33.9474
Sitting_Lying_FewLandmarks,312,,Sitting,,0.534,0.0,37.289
Sitting_Lying_FewLandmarks,313,,Sitting,,0.534,0.0,55.6288
Sitting_Lying_FewLandmarks,314,,Sitting,,0.535,0.0,38.3126
Sitting_Lying_FewLandmarks,315,,Sitting,,0.526,0.0,51.743
Sitting_Lying_FewLandmarks,316,,Sitting,,0.517,0.0,52.5032
Sitting_Lying_FewLandmarks,317,,Sitting,,0.508,0.0,58.2082
Sitting_Lying_FewLandmarks,318,,Sitting,,0.501,0.0,51.3648
Sitting_Lying_FewLandmarks,319,,Sitting,,0.5,0.0,53.1643
Sitting_Lying_FewLandmarks,320,,Sitting,,0.501,0.0,52.5915
Sitting_Lying_FewLandmarks,321,,Sitting,,0.498,0.0,55.5047
Sitting_Lying_FewLandmarks,322,,Sitting,,0.482,0.0,55.1341
Sitting_Lying_FewLandmarks,323,,Sitting,,0.469,0.0,52.5285
Sitting_Lying_FewLandmarks,324,,Sitting,,0.467,0.0,39.3895
Sitting_Lying_FewLandmarks,325,Sitting,Sitting,True,0.471,0.0,42.5011
Sitting_Lying_FewLandmarks,326,Sitting,Sitting,True,0.473,0.0,51.5229
Sitting_Lying_FewLandmarks,327,Sitting,Sitting,True,0.473,0.0,50.123
Sitting_Lying_FewLandmarks,328,Sitting,Sitting,True,0.484,0.0,41.5659
Sitting_Lying_FewLandmarks,329,Sitting,Sitting,True,0.481,0.0,41.0011
Sitting_Lying_FewLandmarks,330,Sitting,Sitting,True,0.488,0.0,32.181
Sitting_Lying_FewLandmarks,331,Sitting,Sitting,True,0.483,0.0,47.5829
Sitting_Lying_FewLandmarks,332,Sitting,Sitting,True,0.494,0.0,44.649
Sitting_Lying_FewLandmarks,333,Sitting,Sitting,True,0.497,0.0,33.0906
Sitting_Lying_FewLandmarks,334,Sitting,Sitting,True,0.489,0.0,28.7188
Sitting_Lying_FewLandmarks,335,Sitting,Sitting,True,0.486,0.0,24.7047
Sitting_Lying_FewLandmarks,336,Sitting,Sitting,True,0.479,0.0,29.3087
Sitting_Lying_FewLandmarks,337,Sitting,Sitting,True,0.484,0.0,25.9634
Sitting_Lying_FewLandmarks,338,Sitting,Sitting,True,0.49,0.0,24.1159
Sitting_Lying_FewLandmarks,339,Sitting,Sitting,True,0.497,0.0,36.6266
Sitting_Lying_FewLandmarks,340,Sitting,Sitting,True,0.494,0.0,41.7841
Sitting_Lying_FewLandmarks,341,Sitting,Sitting,True,0.49,0.0,35.1274
Sitting_Lying_FewLandmarks,342,Sitting,Sitting,True,0.497,0.0,26.0978
Sitting_Lying_FewLandmarks,343,Sitting,Sitting,True,0.499,0.0,31.0915
Sitting_Lying_FewLandmarks,344,Sitting,Sitting,True,0.497,0.0,34.2316
Sitting_Lying_FewLandmarks,345,Sitting,Sitting,True,0.491,0.0,25.7503
Sitting_Lying_FewLandmarks,346,Sitting,Sitting,True,0.49,0.0,30.106
Sitting_Lying_FewLandmarks,347,Sitting,Sitting,True,0.488,0.0,42.7575
Sitting_Lying_FewLandmarks,348,Sitting,Sitting,True,0.487,0.0,38.8029
Sitting_Lying_FewLandmarks,349,Sitting,Sitting,True,0.499,0.0,47.548
Sitting_Lying_FewLandmarks,350,Sitting,Sitting,True,0.495,0.0,47.4013
Sitting_Lying_FewLandmarks,351,Sitting,Sitting,True,0.501,0.0,52.775
Sitting_Lying_FewLandmarks,352,Sitting,Sitting,True,0.5,0.0,38.07
Sitting_Lying_FewLandmarks,353,Sitting,Sitting,True,0.493,0.0,46.2095
Sitting_Lying_FewLandmarks,354,,Sitting,,0.506,0.0,47.2014
Sitting_Lying_FewLandmarks,355,,Sitting,,0.49,0.0,35.0741
Sitting_Lying_FewLandmarks,356,,Sitting,,0.496,0.0,27.1746
Sitting_Lying_FewLandmarks,357,,Sitting,,0.506,0.0,25.5945
Sitting_Lying_FewLandmarks,358,,Sitting,,0.51,0.0,37.9454
Sitting_Lying_FewLandmarks,359,,Sitting,,0.524,0.0,43.163
Sitting_Lying_FewLandmarks,360,,Sitting,,0.538,0.0,40.6759
Sitting_Lying_FewLandmarks,361,,Sitting,,0.552,0.0,24.616
Sitting_Lying_FewLandmarks,362,,Sitting,,0.56,0.0,32.9698
Sitting_Lying_FewLandmarks,363,,Sitting,,0.569,0.0,41.5297
Sitting_Lying_FewLandmarks,364,,Sitting,,0.573,0.0,34.1456
Sitting_Lying_FewLandmarks,365,,Sitting,,0.569,0.0,26.0292
Sitting_Lying_FewLandmarks,366,,Sitting,,0.583,0.0,41.5919
Sitting_Lying_FewLandmarks,367,,Sitting,,0.592,0.0,41.0049
Sitting_Lying_FewLandmarks,368,,Sitting,,0.597,0.0,40.754
Sitting_Lying_FewLandmarks,369,,Sitting,,0.606,0.0,41.265
Sitting_Lying_FewLandmarks,370,,Sitting,,0.602,0.0,31.3277
Sitting_Lying_FewLandmarks,371,,Sitting,,0.602,0.0,34.3852
Sitting_Lying_FewLandmarks,372,,Sitting,,0.55,0.0,39.8891
Sitting_Lying_FewLandmarks,373,,Sitting,,0.543,0.0,28.3571
Sitting_Lying_FewLandmarks,374,,Sitting,,0.538,0.0,29.181
Sitting_Lying_FewLandmarks,375,,Sitting,,0.53,0.0,37.0702
Sitting_Lying_FewLandmarks,376,,Sitting,,0.48,0.0,37.37
Sitting_Lying_FewLandmarks,377,,Sitting,,0.43,0.0,40.3708
Sitting_Lying_FewLandmarks,378,,Sitting,,0.349,0.0,46.5516
Sitting_Lying_FewLandmarks,379,,Sitting,,0.253,0.0,41.0038
Sitting_Lying_FewLandmarks,380,,Lying,,0.235,0.0,43.6694
Sitting_Lying_FewLandmarks,381,,Lying,,0.262,0.0,44.6735
Sitting_Lying_FewLandmarks,382,,Lying,,0.3,0.0,43.3065
Sitting_Lying_FewLandmarks,383,,Lying,,0.306,0.0,31.3703
Sitting_Lying_FewLandmarks,384,,Lying,,0.325,0.0,37.8504
Sitting_Lying_FewLandmarks,385,,Lying,,0.304,0.0,42.7837
Sitting_Lying_FewLandmarks,386,,Lying,,0.269,0.0,43.0653
Sitting_Lying_FewLandmarks,387,,Standing,,0.29,0.0,45.5203
Sitting_Lying_FewLandmarks,388,,Standing,,0.321,0.0,46.3443
Sitting_Lying_FewLandmarks,389,,Standing,,0.342,0.0,45.6366
Sitting_Lying_FewLandmarks,390,,Standing,,0.384,0.0,48.9485
Sitting_Lying_FewLandmarks,391,,Standing,,0.436,0.0,43.2741
Sitting_Lying_FewLandmarks,392,,Standing,,0.486,0.0,47.9663
Sitting_Lying_FewLandmarks,393,,Standing,,0.514,0.0,46.8905
Sitting_Lying_FewLandmarks,394,,Standing,,0.531,0.0,122.4834
Sitting_Lying_FewLandmarks,395,,Standing,,0.555,0.0,67.5114
Sitting_Lying_FewLandmarks,396,,Standing,,0.571,0.0,71.5958
Sitting_Lying_FewLandmarks,397,,Standing,,0.591,0.0,56.6803
Sitting_Lying_FewLandmarks,398,,Standing,,0.59,0.0,54.8408
Sitting_Lying_FewLandmarks,399,,Standing,,0.609,0.0,42.3058
Sitting_Lying_FewLandmarks,400,,Standing,,0.631,0.0,46.8528
Sitting_Lying_FewLandmarks,401,,Standing,,0.65,0.0,53.4707
