clip_name,frame_number,gt_label,pred_label,correct,confidence,nan_fraction,latency_ms
Bend_pickup_lowLight,31,,Standing,,0.996,0.0,848.8682
Bend_pickup_lowLight,32,,Standing,,0.996,0.0,119.4365
Bend_pickup_lowLight,33,,Standing,,0.997,0.0,111.0384
Bend_pickup_lowLight,34,,Standing,,0.997,0.0,119.851
Bend_pickup_lowLight,35,,Standing,,0.997,0.0,121.3875
Bend_pickup_lowLight,36,,Standing,,0.996,0.0,99.5875
Bend_pickup_lowLight,37,,Standing,,0.996,0.0,114.2786
Bend_pickup_lowLight,38,,Standing,,0.997,0.0,97.4003
Bend_pickup_lowLight,39,,Standing,,0.996,0.0,91.5529
Bend_pickup_lowLight,40,,Standing,,0.997,0.0,112.1802
Bend_pickup_lowLight,41,,Standing,,0.997,0.0,99.2139
Bend_pickup_lowLight,42,,Standing,,0.996,0.0,155.3956
Bend_pickup_lowLight,43,,Standing,,0.996,0.0,127.4509
Bend_pickup_lowLight,44,,Standing,,0.997,0.0,127.0433
Bend_pickup_lowLight,45,,Standing,,0.996,0.0,125.3156
Bend_pickup_lowLight,46,,Standing,,0.995,0.0,125.459
Bend_pickup_lowLight,47,,Standing,,0.879,0.0,128.9221
Bend_pickup_lowLight,48,,Lying,,0.6,0.0,119.5823
Bend_pickup_lowLight,49,,Lying,,0.786,0.0,137.0147
Bend_pickup_lowLight,50,,Lying,,0.845,0.0,132.8759
Bend_pickup_lowLight,51,,Lying,,0.938,0.0,135.6351
Bend_pickup_lowLight,52,,Lying,,0.971,0.0,143.1677
Bend_pickup_lowLight,53,,Lying,,0.986,0.0,144.0324
Bend_pickup_lowLight,54,,Lying,,0.993,0.0,150.8384
Bend_pickup_lowLight,55,,Lying,,0.997,0.0,133.9153
Bend_pickup_lowLight,56,,Lying,,0.998,0.0,150.5915
Bend_pickup_lowLight,57,,Lying,,0.999,0.0,162.2178
Bend_pickup_lowLight,58,,Lying,,0.999,0.0,124.8658
Bend_pickup_lowLight,59,,Lying,,0.999,0.0,117.8288
Bend_pickup_lowLight,60,,Lying,,1.0,0.0,120.6095
Bend_pickup_lowLight,61,,Lying,,1.0,0.0,118.6627
Bend_pickup_lowLight,62,,Lying,,1.0,0.0,116.5381
Bend_pickup_lowLight,63,,Lying,,1.0,0.0,100.6625
Bend_pickup_lowLight,64,,Lying,,1.0,0.0,106.0998
Bend_pickup_lowLight,65,,Lying,,1.0,0.0,128.378
Bend_pickup_lowLight,66,,Lying,,1.0,0.0,140.6389
Bend_pickup_lowLight,67,,Lying,,1.0,0.0,158.7243
Bend_pickup_lowLight,68,,Lying,,1.0,0.0,138.5539
Bend_pickup_lowLight,69,,Lying,,1.0,0.0,118.7861
Bend_pickup_lowLight,70,,Lying,,1.0,0.0,126.8719
Bend_pickup_lowLight,71,,Lying,,1.0,0.0,151.0593
Bend_pickup_lowLight,72,,Lying,,1.0,0.0,153.9459
Bend_pickup_lowLight,73,,Lying,,1.0,0.0,183.8615
Bend_pickup_lowLight,74,,Lying,,1.0,0.0,132.088
Bend_pickup_lowLight,75,,Lying,,1.0,0.0,109.3147
Bend_pickup_lowLight,76,,Lying,,1.0,0.0,147.8584
Bend_pickup_lowLight,77,,Lying,,1.0,0.0,129.4941
Bend_pickup_lowLight,78,,Lying,,1.0,0.0,129.0007
Bend_pickup_lowLight,79,,Lying,,1.0,0.0,124.7686
Bend_pickup_lowLight,80,,Lying,,1.0,0.0,132.2479
Bend_pickup_lowLight,81,,Lying,,1.0,0.0,125.4834
Bend_pickup_lowLight,82,,Lying,,1.0,0.0,138.4573
Bend_pickup_lowLight,83,,Lying,,1.0,0.0,169.7263
Bend_pickup_lowLight,84,,Lying,,1.0,0.0,126.4448
Bend_pickup_lowLight,85,,Lying,,1.0,0.0,115.2145
Bend_pickup_lowLight,86,,Lying,,1.0,0.0,108.6528
Bend_pickup_lowLight,87,,Lying,,1.0,0.0,112.6913
Bend_pickup_lowLight,88,,Lying,,1.0,0.0,116.5719
Bend_pickup_lowLight,89,,Lying,,0.999,0.0,111.2807
Bend_pickup_lowLight,90,,Lying,,0.998,0.0,142.1254
Bend_pickup_lowLight,91,,Lying,,0.997,0.0,124.3346
Bend_pickup_lowLight,92,Standing,Lying,False,0.995,0.0,139.8122
Bend_pickup_lowLight,93,Standing,Lying,False,0.99,0.0,147.0538
Bend_pickup_lowLight,94,Standing,Lying,False,0.982,0.0,140.5048
Bend_pickup_lowLight,95,Standing,Lying,False,0.96,0.0,136.2925
Bend_pickup_lowLight,96,Standing,Lying,False,0.93,0.0,153.4754
Bend_pickup_lowLight,97,Standing,Lying,False,0.864,0.0,138.4724
Bend_pickup_lowLight,98,Standing,Lying,False,0.767,0.0,121.6335
Bend_pickup_lowLight,99,Standing,Standing,True,0.586,0.0,149.4622
Bend_pickup_lowLight,100,Standing,Standing,True,0.978,0.0,172.4482
Bend_pickup_lowLight,101,Standing,Standing,True,0.987,0.0,147.0509
Bend_pickup_lowLight,102,Standing,Standing,True,0.997,0.0,145.9235
Bend_pickup_lowLight,103,Standing,Standing,True,0.996,0.0,146.471
Bend_pickup_lowLight,104,Standing,Standing,True,0.995,0.0,126.9179
Bend_pickup_lowLight,105,Standing,Standing,True,0.995,0.0,149.3115
Bend_pickup_lowLight,106,Standing,Standing,True,0.997,0.0,175.7984
Bend_pickup_lowLight,107,Standing,Standing,True,0.997,0.0,156.3435
Bend_pickup_lowLight,108,Standing,Standing,True,0.998,0.0,186.5896
Bend_pickup_lowLight,109,Standing,Standing,True,0.998,0.0,155.1735
Bend_pickup_lowLight,110,Standing,Standing,True,0.998,0.0,154.9568
Bend_pickup_lowLight,111,Standing,Standing,True,0.998,0.0,157.9496
Bend_pickup_lowLight,112,Standing,Standing,True,0.998,0.0,178.6519
Bend_pickup_lowLight,113,Standing,Standing,True,0.998,0.0,150.0728
Bend_pickup_lowLight,114,Standing,Standing,True,0.999,0.0,136.6906
Bend_pickup_normalLight_back,31,Standing,Standing,True,0.996,0.0,123.278
Bend_pickup_normalLight_back,32,Standing,Standing,True,0.996,0.0,124.3646
Bend_pickup_normalLight_back,33,Standing,Standing,True,0.995,0.0,131.657
Bend_pickup_normalLight_back,34,Standing,Standing,True,0.995,0.0,126.9349
Bend_pickup_normalLight_back,35,Standing,Standing,True,0.994,0.0,117.4318
Bend_pickup_normalLight_back,36,Standing,Standing,True,0.994,0.0,86.3245
Bend_pickup_normalLight_back,37,Standing,Standing,True,0.994,0.0,103.3339
Bend_pickup_normalLight_back,38,Standing,Standing,True,0.994,0.0,114.5389
Bend_pickup_normalLight_back,39,Standing,Standing,True,0.994,0.0,115.8545
Bend_pickup_normalLight_back,40,Standing,Standing,True,0.995,0.0,108.3223
Bend_pickup_normalLight_back,41,Standing,Standing,True,0.995,0.0,108.4111
Bend_pickup_normalLight_back,42,Standing,Standing,True,0.995,0.0,113.309
Bend_pickup_normalLight_back,43,Standing,Standing,True,0.995,0.0,113.1258
Bend_pickup_normalLight_back,44,Standing,Standing,True,0.994,0.0,122.5209
Bend_pickup_normalLight_back,45,Standing,Standing,True,0.994,0.0,117.2318
Bend_pickup_normalLight_back,46,Standing,Standing,True,0.993,0.0,113.2873
Bend_pickup_normalLight_back,47,Standing,Standing,True,0.993,0.0,110.536
Bend_pickup_normalLight_back,48,Standing,Standing,True,0.992,0.0,119.3239
Bend_pickup_normalLight_back,49,Standing,Standing,True,0.991,0.0,149.8391
Bend_pickup_normalLight_back,50,Standing,Standing,True,0.99,0.0,121.1358
Bend_pickup_normalLight_back,51,Standing,Standing,True,0.989,0.0,111.1515
Bend_pickup_normalLight_back,52,Standing,Standing,True,0.987,0.0,117.7432
Bend_pickup_normalLight_back,53,Standing,Standing,True,0.986,0.0,126.2787
Bend_pickup_normalLight_back,54,Standing,Standing,True,0.985,0.0,114.0985
Bend_pickup_normalLight_back,55,Standing,Standing,True,0.984,0.0,126.0169
Bend_pickup_normalLight_back,56,Standing,Standing,True,0.984,0.0,128.072
Bend_pickup_normalLight_back,57,Standing,Standing,True,0.982,0.0,156.087
Bend_pickup_normalLight_back,58,,Standing,,0.982,0.0,148.4824
Bend_pickup_normalLight_back,59,,Standing,,0.983,0.0,129.7205
Bend_pickup_normalLight_back,60,,Standing,,0.983,0.0,128.3575
Bend_pickup_normalLight_back,61,,Standing,,0.984,0.0,126.6423
Bend_pickup_normalLight_back,62,,Standing,,0.984,0.0,121.7287
Bend_pickup_normalLight_back,63,,Standing,,0.985,0.0,100.5724
Bend_pickup_normalLight_back,64,,Standing,,0.986,0.0,134.4234
Bend_pickup_normalLight_back,65,,Standing,,0.986,0.0,129.0029
Bend_pickup_normalLight_back,66,,Standing,,0.987,0.0,124.9992
Bend_pickup_normalLight_back,67,,Standing,,0.989,0.0,117.712
Bend_pickup_normalLight_back,68,,Standing,,0.99,0.0,120.4401
Bend_pickup_normalLight_back,69,,Standing,,0.991,0.0,103.1241
Bend_pickup_normalLight_back,70,,Standing,,0.991,0.0,98.751
Bend_pickup_normalLight_back,71,,Standing,,0.991,0.0,101.7745
Bend_pickup_normalLight_back,72,,Standing,,0.991,0.0,113.6418
Bend_pickup_normalLight_back,73,,Standing,,0.992,0.0,102.2568
Bend_pickup_normalLight_back,74,,Standing,,0.992,0.0,96.3664
Bend_pickup_normalLight_back,75,,Standing,,0.993,0.0,101.2077
Bend_pickup_normalLight_back,76,,Standing,,0.993,0.0,114.8948
Bend_pickup_normalLight_back,77,,Standing,,0.993,0.0,114.4119
Bend_pickup_normalLight_back,78,,Standing,,0.993,0.0,152.3553
Bend_pickup_normalLight_back,79,,Standing,,0.994,0.0,170.9031
Bend_pickup_normalLight_back,80,,Standing,,0.994,0.0,211.8975
Bend_pickup_normalLight_back,81,,Standing,,0.994,0.0,158.8651
Bend_pickup_normalLight_back,82,,Standing,,0.994,0.0,161.2928
Bend_pickup_normalLight_back,83,,Standing,,0.994,0.0,153.1027
Bend_pickup_normalLight_back,84,,Standing,,0.995,0.0,173.9256
Bend_pickup_normalLight_back,85,,Standing,,0.995,0.0,158.2998
Bend_pickup_normalLight_back,86,,Standing,,0.996,0.0,188.7133
Bend_pickup_normalLight_back,87,,Standing,,0.996,0.0,148.1093
Bend_pickup_normalLight_back,88,,Standing,,0.996,0.0,126.7968
Bend_pickup_normalLight_back,89,,Standing,,0.996,0.0,115.5581
Bend_pickup_normalLight_back,90,,Standing,,0.997,0.0,120.3369
Bend_pickup_normalLight_back,91,,Standing,,0.997,0.0,123.385
Bend_pickup_normalLight_back,92,,Standing,,0.998,0.0,134.8751
Bend_pickup_normalLight_back,93,,Standing,,0.998,0.0,134.4397
Bend_pickup_normalLight_back,94,,Standing,,0.998,0.0,142.0734
Bend_pickup_normalLight_back,95,,Standing,,0.998,0.0,125.8745
Bend_pickup_normalLight_back,96,,Standing,,0.998,0.0,120.2841
Bend_pickup_normalLight_back,97,,Standing,,0.998,0.0,111.463
Bend_pickup_normalLight_back,98,,Standing,,0.998,0.0,116.3338
Bend_pickup_normalLight_back,99,,Standing,,0.998,0.0,110.8895
Bend_pickup_normalLight_back,100,,Standing,,0.998,1.0,108.0725
Bend_pickup_normalLight_back,101,,Standing,,0.998,0.0,133.8462
Bend_pickup_normalLight_back,102,,Standing,,0.999,0.0,128.6576
Bend_pickup_normalLight_back,103,,Standing,,0.999,0.0,149.6949
Bend_pickup_normalLight_back,104,,Standing,,0.998,0.0,130.914
Bend_pickup_normalLight_back,105,,Standing,,0.998,0.0,133.4705
Bend_pickup_normalLight_back,106,,Standing,,0.999,0.0,136.301
Bend_pickup_normalLight_back,107,,Standing,,0.998,0.0,134.1282
Bend_pickup_normalLight_back,108,,Standing,,0.999,0.0,127.7776
Bend_pickup_normalLight_back,109,,Standing,,0.999,0.0,117.5433
Bend_pickup_normalLight_back,110,,Standing,,0.999,0.0,111.7493
Bend_pickup_normalLight_back,111,,Standing,,0.999,0.0,96.1772
Bend_pickup_normalLight_back,112,,Standing,,0.999,0.0,103.8675
Bend_pickup_normalLight_back,113,,Standing,,0.999,0.0,83.9885
Bend_pickup_normalLight_back,114,,Standing,,0.999,0.0,81.4476
Bend_pickup_normalLight_back,115,,Standing,,0.999,0.0,99.2712
Bend_pickup_normalLight_back,116,,Standing,,0.999,0.0,88.5429
Bend_pickup_normalLight_back,117,,Standing,,0.999,0.0,89.0207
Bend_pickup_normalLight_back,118,,Standing,,0.999,0.0,82.7702
Bend_pickup_normalLight_back,119,,Standing,,0.999,0.0,86.5133
Bend_pickup_normalLight_back,120,,Standing,,0.999,0.0,98.3403
Bend_pickup_normalLight_back,121,,Standing,,0.999,0.0,87.0964
Bend_pickup_normalLight_back,122,,Standing,,0.999,0.0,71.4669
Bend_pickup_normalLight_back,123,,Standing,,0.999,0.0,82.3832
Bend_pickup_normalLight_back,124,,Standing,,0.998,0.0,76.6763
Bend_pickup_normalLight_back,125,,Standing,,0.999,0.0,72.5481
Bend_pickup_normalLight_back,126,,Standing,,0.998,0.0,74.2956
Bend_pickup_normalLight_back,127,,Standing,,0.998,0.0,96.9895
Bend_pickup_normalLight_back,128,,Standing,,0.998,0.0,93.7304
Bend_pickup_normalLight_back,129,,Standing,,0.998,0.0,78.7914
Bend_pickup_normalLight_back,130,,Standing,,0.999,0.0,83.4856
Bend_pickup_normalLight_back,131,,Standing,,0.999,0.0,96.1061
Bend_pickup_normalLight_back,132,,Standing,,0.999,0.0,99.7191
Bend_pickup_normalLight_back,133,,Standing,,0.999,0.0,87.0139
Bend_pickup_normalLight_back,134,,Standing,,0.999,0.0,103.4363
Bend_pickup_normalLight_back,135,,Standing,,0.999,0.0,105.8355
Bend_pickup_normalLight_back,136,,Standing,,0.998,0.0,112.3621
Bend_pickup_normalLight_back,137,,Standing,,0.999,0.0,107.3093
Bend_pickup_normalLight_back,138,,Standing,,0.999,0.0,112.4882
Bend_pickup_normalLight_back,139,,Standing,,0.999,0.0,111.7643
Bend_pickup_normalLight_back,140,,Standing,,0.998,0.0,90.1663
Bend_pickup_normalLight_back,141,,Standing,,0.999,0.0,94.6822
Bend_pickup_normalLight_back,142,,Standing,,0.998,0.0,119.1804
Bend_pickup_normalLight_back,143,,Standing,,0.998,0.0,148.5599
Bend_pickup_normalLight_back,144,,Standing,,0.998,0.0,107.7727
Bend_pickup_normalLight_back,145,,Standing,,0.998,0.0,102.1527
Bend_pickup_normalLight_back,146,Standing,Standing,True,0.998,0.0,106.8874
Bend_pickup_normalLight_back,147,Standing,Standing,True,0.998,0.0,110.946
Bend_pickup_normalLight_back,148,Standing,Standing,True,0.998,0.0,102.7463
Bend_pickup_normalLight_back,149,Standing,Standing,True,0.998,0.0,81.1191
Bend_pickup_normalLight_back,150,Standing,Standing,True,0.998,0.0,96.5158
Bend_pickup_normalLight_back,151,Standing,Standing,True,0.998,0.0,103.4696
Bend_pickup_normalLight_back,152,Standing,Standing,True,0.998,0.0,104.8426
Bend_pickup_normalLight_back,153,Standing,Standing,True,0.998,0.0,129.918
Bend_pickup_normalLight_back,154,Standing,Standing,True,0.997,0.0,112.8648
Bend_pickup_normalLight_back,155,Standing,Standing,True,0.997,0.0,113.98
Bend_pickup_normalLight_back,156,Standing,Standing,True,0.997,0.0,107.1109
Bend_pickup_normalLight_back,157,Standing,Standing,True,0.997,0.0,105.3542
Bend_pickup_normalLight_back,158,Standing,Standing,True,0.997,0.0,136.756
Bend_pickup_normalLight_back,159,Standing,Standing,True,0.997,0.0,141.7595
Bend_pickup_normalLight_back,160,Standing,Standing,True,0.997,0.0,127.7012
Bend_pickup_normalLight_back,161,Standing,Standing,True,0.996,0.0,115.0241
Bend_pickup_normalLight_back,162,Standing,Standing,True,0.996,0.0,124.8267
Bend_pickup_normalLight_back,163,Standing,Standing,True,0.996,0.0,126.2366
Bend_pickup_normalLight_back,164,Standing,Standing,True,0.996,0.0,121.741
Bend_pickup_normalLight_back,165,Standing,Standing,True,0.996,0.0,117.9055
Bend_pickup_normalLight_back,166,Standing,Standing,True,0.996,0.0,114.5975
Bend_pickup_normalLight_back,167,Standing,Standing,True,0.996,0.0,117.5477
Bend_pickup_normalLight_back,168,Standing,Standing,True,0.996,0.0,109.0905
Bend_pickup_normalLight_back,169,Standing,Standing,True,0.995,0.0,154.9786
Bend_pickup_normalLight_back,170,Standing,Standing,True,0.995,0.0,124.4469
Bend_pickup_normalLight_back,171,Standing,Standing,True,0.994,0.0,122.4727
Bend_pickup_normalLight_back,172,Standing,Standing,True,0.994,0.0,124.5444
Bend_pickup_normalLight_back,173,Standing,Standing,True,0.992,0.0,132.0492
Bend_pickup_normalLight_back,174,Standing,Standing,True,0.991,0.0,169.778
Bend_pickup_normalLight_back,175,,Standing,,0.99,0.0,109.0875
Bend_pickup_normalLight_back,176,,Standing,,0.988,0.0,111.4823
Bend_pickup_normalLight_back,177,,Standing,,0.986,0.0,109.5059
Bend_pickup_normalLight_back,178,,Standing,,0.983,0.0,119.5407
Bend_pickup_normalLight_back,179,,Standing,,0.981,0.0,161.2426
Bend_pickup_normalLight_back,180,,Standing,,0.978,0.0,120.2893
Bend_pickup_normalLight_back,181,,Standing,,0.974,0.0,120.5527
Bend_pickup_normalLight_back,182,,Standing,,0.97,0.0,121.1123
Bend_pickup_normalLight_back,183,,Standing,,0.965,0.0,139.366
Bend_pickup_normalLight_back,184,,Standing,,0.958,0.0,126.5299
Bend_pickup_normalLight_back,185,,Standing,,0.951,0.0,129.3684
Bend_pickup_normalLight_back,186,,Standing,,0.941,0.0,126.6265
Bend_pickup_normalLight_back,187,,Standing,,0.93,0.0,123.6948
Bend_pickup_normalLight_back,188,,Standing,,0.916,0.0,135.3796
Bend_pickup_normalLight_back,189,,Standing,,0.902,0.0,143.5746
Bend_pickup_normalLight_back,190,,Standing,,0.881,0.0,132.1727
Bend_pickup_normalLight_back,191,,Standing,,0.854,0.0,180.0079
Bend_pickup_normalLight_back,192,,Standing,,0.847,0.0,134.3095
Bend_pickup_normalLight_back,193,,Standing,,0.84,0.0,137.1581
Bend_pickup_normalLight_back,194,,Standing,,0.839,0.0,135.7845
Bend_pickup_normalLight_back,195,,Standing,,0.836,0.0,109.8214
Bend_pickup_normalLight_back,196,,Standing,,0.823,0.0,107.7662
Bend_pickup_normalLight_back,197,,Standing,,0.796,0.0,124.4796
Bend_pickup_normalLight_back,198,,Standing,,0.792,0.0,183.6219
Bend_pickup_normalLight_back,199,,Standing,,0.767,0.0,140.2338
Bend_pickup_normalLight_back,200,,Standing,,0.718,0.0,125.0103
Bend_pickup_normalLight_back,201,,Standing,,0.671,0.0,138.5391
Bend_pickup_normalLight_back,202,,Standing,,0.627,0.0,135.9728
Bend_pickup_normalLight_back,203,,Standing,,0.599,0.0,132.9533
Bend_pickup_normalLight_back,204,,Standing,,0.513,0.0,143.9225
Bend_pickup_normalLight_back,205,,Sitting,,0.511,0.0,140.2949
Bend_pickup_normalLight_back,206,,Sitting,,0.574,0.0,142.3021
Bend_pickup_normalLight_back,207,,Sitting,,0.632,0.0,180.9585
Bend_pickup_normalLight_back,208,,Sitting,,0.695,0.0,167.7921
Bend_pickup_normalLight_back,209,,Sitting,,0.738,0.0,136.1028
Bend_pickup_normalLight_back,210,,Sitting,,0.767,0.0,159.2576
Bend_pickup_normalLight_back,211,,Sitting,,0.779,0.0,156.8805
Bend_pickup_normalLight_back,212,,Sitting,,0.788,0.0,148.9185
Bend_pickup_normalLight_back,213,,Sitting,,0.813,0.0,147.8872
Bend_pickup_normalLight_back,214,,Sitting,,0.844,0.0,161.5431
Bend_pickup_normalLight_back,215,,Sitting,,0.863,0.0,150.3138
Bend_pickup_normalLight_back,216,,Sitting,,0.876,0.0,148.6205
Bend_pickup_normalLight_back,217,,Sitting,,0.894,0.0,141.015
Bend_pickup_normalLight_back,218,,Sitting,,0.906,0.0,435.2676
Bend_pickup_normalLight_back,219,,Sitting,,0.913,0.0,214.9666
Bend_pickup_normalLight_back,220,,Sitting,,0.921,0.0,187.0009
Bend_pickup_normalLight_back,221,,Sitting,,0.92,0.0,149.5932
Bend_pickup_normalLight_back,222,,Sitting,,0.922,0.0,149.2293
Bend_pickup_normalLight_back,223,,Sitting,,0.916,0.0,178.7039
Bend_pickup_normalLight_back,224,,Sitting,,0.909,0.0,180.0693
Bend_pickup_normalLight_back,225,,Sitting,,0.894,0.0,169.9659
Bend_pickup_normalLight_back,226,,Sitting,,0.867,0.0,145.1566
Bend_pickup_normalLight_back,227,,Sitting,,0.835,0.0,180.2104
Bend_pickup_normalLight_back,228,,Sitting,,0.798,0.0,185.7098
Bend_pickup_normalLight_back,229,,Sitting,,0.783,0.0,200.815
Bend_pickup_normalLight_back,230,,Sitting,,0.734,0.0,157.2042
Bend_pickup_normalLight_back,231,,Sitting,,0.731,0.0,157.7064
Bend_pickup_normalLight_back,232,,Sitting,,0.736,0.0,165.4655
Bend_pickup_normalLight_back,233,,Sitting,,0.785,0.0,168.5967
Bend_pickup_normalLight_back,234,,Sitting,,0.79,0.0,142.3087
Bend_pickup_normalLight_back,235,,Sitting,,0.783,0.0,155.6762
Bend_pickup_normalLight_back,236,,Sitting,,0.79,0.0,257.8316
Bend_pickup_normalLight_back,237,,Sitting,,0.805,0.0,194.1209
Bend_pickup_normalLight_back,238,,Sitting,,0.845,0.0,183.7247
Bend_pickup_normalLight_back,239,,Sitting,,0.86,0.0,161.6102
Bend_pickup_normalLight_back,240,,Sitting,,0.876,0.0,140.0011
Bend_pickup_normalLight_back,241,,Sitting,,0.883,0.0,154.0963
Bend_pickup_normalLight_back,242,,Sitting,,0.879,0.0,137.2289
Bend_pickup_normalLight_back,243,,Sitting,,0.866,0.0,128.5934
Bend_pickup_normalLight_back,244,,Sitting,,0.862,0.0,146.9621
Bend_pickup_normalLight_back,245,,Sitting,,0.843,0.0,136.7349
Bend_pickup_normalLight_back,246,,Sitting,,0.818,0.0,135.8727
Bend_pickup_normalLight_back,247,,Sitting,,0.777,0.0,165.2966
Bend_pickup_normalLight_back,248,,Sitting,,0.737,0.0,133.5078
Bend_pickup_normalLight_back,249,,Sitting,,0.676,0.0,143.8178
Bend_pickup_normalLight_back,250,,Sitting,,0.582,0.0,141.0088
Bend_pickup_normalLight_back,251,,Sitting,,0.505,0.0,129.0373
Bend_pickup_normalLight_back,252,,Standing,,0.544,0.0,139.2359
Bend_pickup_normalLight_back,253,,Standing,,0.655,0.0,175.5247
Bend_pickup_normalLight_back,254,,Standing,,0.743,0.0,131.4809
Bend_pickup_normalLight_back,255,,Standing,,0.844,0.0,139.4522
Bend_pickup_normalLight_back,256,,Standing,,0.892,0.0,129.8506
Bend_pickup_normalLight_back,257,,Standing,,0.926,0.0,136.0461
Bend_pickup_normalLight_back,258,,Standing,,0.963,0.0,133.5297
Bend_pickup_normalLight_back,259,,Standing,,0.969,0.0,142.7098
Bend_pickup_normalLight_back,260,,Standing,,0.98,0.0,143.6663
Bend_pickup_normalLight_back,261,,Standing,,0.985,0.0,125.3503
Bend_pickup_normalLight_back,262,Standing,Standing,True,0.987,0.0,122.1903
Bend_pickup_normalLight_back,263,Standing,Standing,True,0.988,0.0,117.7844
Bend_pickup_normalLight_back,264,Standing,Standing,True,0.989,0.0,117.082
Bend_pickup_normalLight_back,265,Standing,Standing,True,0.99,0.0,94.2187
Bend_pickup_normalLight_back,266,Standing,Standing,True,0.99,0.0,98.6657
Bend_pickup_normalLight_back,267,Standing,Standing,True,0.989,0.0,118.0503
Bend_pickup_normalLight_back,268,Standing,Standing,True,0.988,0.0,117.2297
Bend_pickup_normalLight_back,269,Standing,Standing,True,0.988,0.0,115.7375
Bend_pickup_normalLight_back,270,Standing,Standing,True,0.986,0.0,125.6625
Bend_pickup_normalLight_back,271,Standing,Standing,True,0.983,0.0,125.8687
Bend_pickup_normalLight_back,272,Standing,Standing,True,0.979,0.0,119.3334
Bend_pickup_normalLight_back,273,Standing,Standing,True,0.976,0.0,126.0586
Bend_pickup_normalLight_back,274,Standing,Standing,True,0.97,0.0,123.2495
Bend_pickup_normalLight_back,275,Standing,Standing,True,0.97,0.0,136.6289
Bend_pickup_normalLight_back,276,Standing,Standing,True,0.963,0.0,130.7189
Bend_pickup_normalLight_back,277,Standing,Standing,True,0.963,0.0,114.1453
Bend_pickup_normalLight_back,278,Standing,Standing,True,0.963,0.0,125.5268
Bend_pickup_normalLight_back,279,Standing,Standing,True,0.963,0.0,116.457
Bend_pickup_normalLight_back,280,Standing,Standing,True,0.961,0.0,115.3642
Bend_pickup_normalLight_back,281,Standing,Standing,True,0.964,0.0,111.1485
Bend_pickup_normalLight_back,282,Standing,Standing,True,0.963,0.0,108.1655
Bend_pickup_normalLight_back,283,Standing,Standing,True,0.965,0.0,110.0073
Bend_pickup_normalLight_back,284,Standing,Standing,True,0.967,0.0,94.7036
Bend_pickup_normalLight_back,285,Standing,Standing,True,0.968,0.0,106.8597
Bend_pickup_normalLight_back,286,Standing,Standing,True,0.971,0.0,122.2166
Bend_pickup_normalLight_back,287,Standing,Standing,True,0.973,0.0,139.4868
Bend_pickup_normalLight_back,288,Standing,Standing,True,0.969,0.0,144.9387
Bend_pickup_normalLight_back,289,Standing,Standing,True,0.972,0.0,121.2564
Bend_pickup_normalLight_back,290,Standing,Standing,True,0.977,0.0,105.9076
Bend_pickup_normalLight_back,291,Standing,Standing,True,0.979,0.0,94.0085
Bend_pickup_normalLight_back,292,,Standing,,0.982,0.0,107.7247
Bend_pickup_normalLight_back,293,,Standing,,0.984,0.0,123.5437
Bend_pickup_normalLight_back,294,,Standing,,0.986,0.0,114.9578
Bend_pickup_normalLight_back,295,,Standing,,0.987,0.0,114.6403
Bend_pickup_normalLight_back,296,,Standing,,0.989,0.0,95.5879
Bend_pickup_normalLight_back,297,,Standing,,0.99,0.0,244.6934
Bend_pickup_normalLight_back,298,,Standing,,0.991,0.0,192.7687
Bend_pickup_normalLight_back,299,,Standing,,0.991,0.0,144.7835
Bend_pickup_normalLight_back,300,,Standing,,0.991,0.0,127.108
Bend_pickup_normalLight_back,301,,Standing,,0.991,0.0,128.6801
Bend_pickup_normalLight_back,302,,Standing,,0.99,0.0,129.1333
Bend_pickup_normalLight_back,303,,Standing,,0.989,0.0,132.8613
Bend_pickup_normalLight_back,304,,Standing,,0.988,0.0,192.0659
Bend_pickup_normalLight_back,305,,Standing,,0.986,0.0,236.4166
Bend_pickup_normalLight_back,306,,Standing,,0.984,0.0,144.6104
Bend_pickup_normalLight_back,307,,Standing,,0.982,0.0,137.0698
Bend_pickup_normalLight_back,308,,Standing,,0.979,0.0,141.4497
Bend_pickup_normalLight_back,309,,Standing,,0.978,0.0,133.9151
Bend_pickup_normalLight_back,310,,Standing,,0.975,0.0,122.6763
Bend_pickup_normalLight_back,311,,Standing,,0.973,0.0,123.9801
Bend_pickup_normalLight_back,312,,Standing,,0.97,0.0,121.2589
Bend_pickup_normalLight_back,313,,Standing,,0.968,0.0,121.2196
Bend_pickup_normalLight_back,314,,Standing,,0.965,0.0,113.3589
Bend_pickup_normalLight_back,315,,Standing,,0.963,0.0,119.0199
Bend_pickup_normalLight_back,316,,Standing,,0.963,0.0,123.0808
Bend_pickup_normalLight_back,317,,Standing,,0.962,0.0,134.9974
Bend_pickup_normalLight_back,318,,Standing,,0.962,0.0,127.7585
Bend_pickup_normalLight_back,319,,Standing,,0.964,0.0,142.6413
Bend_pickup_normalLight_back,320,,Standing,,0.962,0.0,133.0681
Bend_pickup_normalLight_back,321,,Standing,,0.965,0.0,143.7748
Bend_pickup_normalLight_back,322,,Standing,,0.968,0.0,139.0075
Bend_pickup_normalLight_back,323,,Standing,,0.968,0.0,132.7014
Bend_pickup_normalLight_back,324,,Standing,,0.969,0.0,139.8158
Bend_pickup_normalLight_back,325,,Standing,,0.969,0.0,147.8074
Bend_pickup_normalLight_back,326,,Standing,,0.972,0.0,133.2998
Bend_pickup_normalLight_back,327,,Standing,,0.972,0.0,144.2496
Bend_pickup_normalLight_back,328,,Standing,,0.974,0.0,133.3741
Bend_pickup_normalLight_back,329,,Standing,,0.975,0.0,129.247
Bend_pickup_normalLight_back,330,,Standing,,0.975,0.0,144.1101
Bend_pickup_normalLight_back,331,,Standing,,0.977,0.0,141.7776
Bend_pickup_normalLight_back,332,,Standing,,0.977,0.0,139.9849
Bend_pickup_normalLight_back,333,,Standing,,0.976,0.0,136.4024
Bend_pickup_normalLight_back,334,,Standing,,0.977,0.0,142.8935
Bend_pickup_normalLight_back,335,,Standing,,0.978,0.0,121.6272
Bend_pickup_normalLight_back,336,,Standing,,0.979,0.0,126.78
Bend_pickup_normalLight_back,337,,Standing,,0.98,0.0,247.2405
Bend_pickup_normalLight_back,338,,Standing,,0.977,0.0,181.9327
Bend_pickup_normalLight_back,339,,Standing,,0.978,0.0,163.7294
Bend_pickup_normalLight_back,340,,Standing,,0.975,0.0,163.5634
Bend_pickup_normalLight_back,341,,Standing,,0.97,0.0,146.722
Bend_pickup_normalLight_back,342,,Standing,,0.964,0.0,149.106
Bend_pickup_normalLight_back,343,,Standing,,0.963,0.0,130.0345
Bend_pickup_normalLight_back,344,,Standing,,0.96,0.0,128.6054
Bend_pickup_normalLight_back,345,,Standing,,0.952,0.0,138.3468
Bend_pickup_normalLight_back,346,,Standing,,0.943,0.0,134.3251
Bend_pickup_normalLight_back,347,,Standing,,0.934,0.0,127.3928
Bend_pickup_normalLight_back,348,,Standing,,0.912,0.0,106.4185
Bend_pickup_normalLight_back,349,,Standing,,0.879,0.0,124.0308
Bend_pickup_normalLight_back,350,,Standing,,0.816,0.0,110.8521
Bend_pickup_normalLight_back,351,,Standing,,0.742,0.0,123.8725
Bend_pickup_normalLight_back,352,,Standing,,0.623,0.0,123.105
Bend_pickup_normalLight_back,353,,Standing,,0.524,0.0,131.1271
Bend_pickup_normalLight_back,354,,Standing,,0.413,0.0,129.1593
Bend_pickup_normalLight_back,355,,Sitting,,0.375,0.0,126.3667
Bend_pickup_normalLight_back,356,,Sitting,,0.44,0.0,118.356
Bend_pickup_normalLight_back,357,,Sitting,,0.459,0.0,124.0929
Bend_pickup_normalLight_back,358,,Sitting,,0.442,0.0,102.8927
Bend_pickup_normalLight_back,359,,Sitting,,0.457,0.0,104.0134
Bend_pickup_normalLight_back,360,,Lying,,0.511,0.0,133.3247
Bend_pickup_normalLight_back,361,,Lying,,0.551,0.0,134.4598
Bend_pickup_normalLight_back,362,,Lying,,0.605,0.0,118.0098
Bend_pickup_normalLight_back,363,,Lying,,0.63,0.0,114.0588
Bend_pickup_normalLight_back,364,,Lying,,0.713,0.0,109.4116
Bend_pickup_normalLight_back,365,,Lying,,0.739,0.0,101.7659
Bend_pickup_normalLight_back,366,,Lying,,0.855,0.0,98.2319
Bend_pickup_normalLight_back,367,,Lying,,0.812,0.0,86.5947
Bend_pickup_normalLight_back,368,,Lying,,0.836,0.0,105.3824
Bend_pickup_normalLight_back,369,,Lying,,0.874,0.0,120.0422
Bend_pickup_normalLight_back,370,,Lying,,0.89,0.0,126.6599
Bend_pickup_normalLight_back,371,,Lying,,0.912,0.0,116.5853
Bend_pickup_normalLight_back,372,,Lying,,0.938,0.0,115.5271
Bend_pickup_normalLight_back,373,,Lying,,0.93,0.0,117.5849
Bend_pickup_normalLight_back,374,,Lying,,0.946,0.0,135.279
Bend_pickup_normalLight_back,375,,Lying,,0.956,0.0,126.2832
Bend_pickup_normalLight_back,376,,Lying,,0.963,0.0,119.6973
Bend_pickup_normalLight_back,377,,Lying,,0.979,0.0,93.943
Bend_pickup_normalLight_back,378,,Lying,,0.976,0.0,105.9032
Bend_pickup_normalLight_back,379,,Lying,,0.984,0.0,132.5561
Bend_pickup_normalLight_back,380,,Lying,,0.982,0.0,90.2529
Bend_pickup_normalLight_back,381,,Lying,,0.984,0.0,97.3803
Bend_pickup_normalLight_back,382,,Lying,,0.984,0.0,105.1774
Bend_pickup_normalLight_back,383,,Lying,,0.981,0.0,94.8352
Bend_pickup_normalLight_back,384,,Lying,,0.981,0.0,109.088
Bend_pickup_normalLight_back,385,,Lying,,0.98,0.0,120.0664
Bend_pickup_normalLight_back,386,,Lying,,0.971,0.0,104.2168
Bend_pickup_normalLight_back,387,,Lying,,0.958,0.0,97.644
Bend_pickup_normalLight_back,388,,Lying,,0.953,0.0,93.9066
Bend_pickup_normalLight_back,389,,Lying,,0.936,0.0,138.686
Bend_pickup_normalLight_back,390,,Lying,,0.927,0.0,197.8443
Bend_pickup_normalLight_back,391,,Lying,,0.913,0.0,225.197
Bend_pickup_normalLight_back,392,,Lying,,0.908,0.0,135.6681
Bend_pickup_normalLight_back,393,,Lying,,0.898,0.0,159.4584
Bend_pickup_normalLight_back,394,,Lying,,0.88,0.0,140.0617
Bend_pickup_normalLight_back,395,,Lying,,0.86,0.0,154.5969
Bend_pickup_normalLight_back,396,,Lying,,0.839,0.0,147.8975
Bend_pickup_normalLight_back,397,,Lying,,0.849,0.0,173.828
Bend_pickup_normalLight_back,398,,Lying,,0.699,0.0,148.7931
Bend_pickup_normalLight_back,399,,Lying,,0.59,0.0,140.273
Bend_pickup_normalLight_back,400,,Lying,,0.486,0.0,149.1013
Bend_pickup_normalLight_back,401,,Lying,,0.361,0.0,178.1148
Bend_pickup_normalLight_back,402,,Lying,,0.393,0.0,150.3454
Bend_pickup_normalLight_back,403,,Lying,,0.358,0.0,136.0006
Bend_pickup_normalLight_back,404,,Standing,,0.768,0.0,168.7564
Bend_pickup_normalLight_back,405,,Standing,,0.793,0.0,145.3223
Bend_pickup_normalLight_back,406,,Standing,,0.859,0.0,144.7458
Bend_pickup_normalLight_back,407,,Standing,,0.881,0.0,137.1926
Bend_pickup_normalLight_back,408,,Standing,,0.893,0.0,146.1897
Bend_pickup_normalLight_back,409,,Standing,,0.908,0.0,133.8557
Bend_pickup_normalLight_back,410,,Standing,,0.915,0.0,124.6776
Bend_pickup_normalLight_back,411,,Standing,,0.939,0.0,136.4549
Bend_pickup_normalLight_back,412,,Standing,,0.947,0.0,132.0319
Bend_pickup_normalLight_back,413,,Standing,,0.956,0.0,137.759
Bend_pickup_normalLight_back,414,,Standing,,0.961,0.0,134.2998
Bend_pickup_normalLight_back,415,,Standing,,0.964,0.0,134.9814
Bend_pickup_normalLight_back,416,,Standing,,0.962,0.0,204.2811
Bend_pickup_normalLight_back,417,,Standing,,0.965,0.0,214.0467
Bend_pickup_normalLight_back,418,,Standing,,0.966,0.0,200.3253
Bend_pickup_normalLight_back,419,,Standing,,0.971,0.0,165.7799
Bend_pickup_normalLight_back,420,,Standing,,0.976,0.0,241.821
Bend_pickup_normalLight_back,421,,Standing,,0.977,0.0,489.9032
Bend_pickup_normalLight_back,422,,Standing,,0.978,0.0,235.7057
Bend_pickup_normalLight_back,423,,Standing,,0.983,0.0,188.5312
Bend_pickup_normalLight_back,424,,Standing,,0.984,0.0,590.8353
Bend_pickup_normalLight_back,425,,Standing,,0.985,0.0,161.8341
Bend_pickup_normalLight_back,426,,Standing,,0.986,0.0,183.5499
Bend_pickup_normalLight_back,427,,Standing,,0.986,0.0,208.9052
Bend_pickup_normalLight_back,428,,Standing,,0.986,0.0,158.0294
Bend_pickup_normalLight_back,429,,Standing,,0.986,0.0,140.9936
Bend_pickup_normalLight,31,,Standing,,0.997,0.0,155.2445
Bend_pickup_normalLight,32,,Standing,,0.997,0.0,131.3253
Bend_pickup_normalLight,33,,Standing,,0.997,0.0,120.9135
Bend_pickup_normalLight,34,,Standing,,0.997,0.0,127.1073
Bend_pickup_normalLight,35,,Standing,,0.997,0.0,137.7982
Bend_pickup_normalLight,36,,Standing,,0.997,0.0,130.1676
Bend_pickup_normalLight,37,,Standing,,0.997,0.0,108.9205
Bend_pickup_normalLight,38,,Standing,,0.997,0.0,123.9079
Bend_pickup_normalLight,39,,Standing,,0.996,0.0,147.9808
Bend_pickup_normalLight,40,,Standing,,0.996,0.0,131.6362
Bend_pickup_normalLight,41,,Standing,,0.996,0.0,123.2469
Bend_pickup_normalLight,42,,Standing,,0.995,0.0,141.4869
Bend_pickup_normalLight,43,,Standing,,0.995,0.0,124.3819
Bend_pickup_normalLight,44,,Standing,,0.995,0.0,251.7784
Bend_pickup_normalLight,45,,Standing,,0.994,0.0,147.1909
Bend_pickup_normalLight,46,,Standing,,0.994,0.0,141.3957
Bend_pickup_normalLight,47,,Standing,,0.993,0.0,121.2266
Bend_pickup_normalLight,48,,Standing,,0.992,0.0,133.597
Bend_pickup_normalLight,49,,Standing,,0.992,0.0,137.7511
Bend_pickup_normalLight,50,,Standing,,0.992,0.0,138.3362
Bend_pickup_normalLight,51,,Standing,,0.992,0.0,179.7528
Bend_pickup_normalLight,52,,Standing,,0.989,0.0,139.5602
Bend_pickup_normalLight,53,,Standing,,0.99,0.0,140.1589
Bend_pickup_normalLight,54,,Standing,,0.987,0.0,148.3513
Bend_pickup_normalLight,55,,Standing,,0.982,0.0,117.7753
Bend_pickup_normalLight,56,,Standing,,0.957,0.0,144.1839
Bend_pickup_normalLight,57,,Standing,,0.947,0.0,140.4816
Bend_pickup_normalLight,58,,Standing,,0.893,0.0,149.0591
Bend_pickup_normalLight,59,,Standing,,0.814,0.0,137.0313
Bend_pickup_normalLight,60,,Standing,,0.72,0.0,141.0298
Bend_pickup_normalLight,61,,Standing,,0.504,0.0,160.9086
Bend_pickup_normalLight,62,,Lying,,0.611,0.0,134.0275
Bend_pickup_normalLight,63,,Lying,,0.831,0.0,161.0034
Bend_pickup_normalLight,64,,Lying,,0.896,0.0,128.5522
Bend_pickup_normalLight,65,,Lying,,0.957,0.0,138.7188
Bend_pickup_normalLight,66,,Lying,,0.965,0.0,126.9177
Bend_pickup_normalLight,67,,Lying,,0.986,0.0,136.9027
Bend_pickup_normalLight,68,,Lying,,0.987,0.0,140.7412
Bend_pickup_normalLight,69,,Lying,,0.992,0.0,126.0881
Bend_pickup_normalLight,70,,Lying,,0.995,0.0,127.2961
Bend_pickup_normalLight,71,,Lying,,0.997,0.0,137.588
Bend_pickup_normalLight,72,,Lying,,0.997,0.0,155.0581
Bend_pickup_normalLight,73,,Lying,,0.998,0.0,141.1129
Bend_pickup_normalLight,74,,Lying,,0.999,0.0,128.462
Bend_pickup_normalLight,75,,Lying,,0.999,0.0,129.7604
Bend_pickup_normalLight,76,,Lying,,0.999,0.0,117.817
Bend_pickup_normalLight,77,,Lying,,0.999,0.0,134.4794
Bend_pickup_normalLight,78,,Lying,,0.999,0.0,141.0278
Bend_pickup_normalLight,79,,Lying,,0.999,0.0,138.6365
Bend_pickup_normalLight,80,,Lying,,0.999,0.0,137.9783
Bend_pickup_normalLight,81,,Lying,,0.997,0.0,136.9163
Bend_pickup_normalLight,82,Standing,Lying,False,0.996,0.0,142.8286
Bend_pickup_normalLight,83,Standing,Lying,False,0.993,0.0,133.9862
Bend_pickup_normalLight,84,Standing,Lying,False,0.993,0.0,135.2645
Bend_pickup_normalLight,85,Standing,Lying,False,0.993,0.0,132.21
Bend_pickup_normalLight,86,Standing,Lying,False,0.952,0.0,136.1417
Bend_pickup_normalLight,87,Standing,Lying,False,0.936,0.0,131.9794
Bend_pickup_normalLight,88,Standing,Lying,False,0.87,0.0,116.2009
Bend_pickup_normalLight,89,Standing,Lying,False,0.835,0.0,108.6522
Bend_pickup_normalLight,90,Standing,Lying,False,0.826,0.0,107.5218
Bend_pickup_normalLight,91,Standing,Lying,False,0.648,0.0,111.7717
Bend_pickup_normalLight,92,Standing,Lying,False,0.507,0.0,104.9721
Bend_pickup_normalLight,93,Standing,Standing,True,0.805,0.0,102.1118
Bend_pickup_normalLight,94,Standing,Standing,True,0.835,0.0,97.7475
Bend_pickup_normalLight,95,Standing,Standing,True,0.917,0.0,112.0264
Bend_pickup_normalLight,96,Standing,Standing,True,0.921,0.0,113.6571
Bend_pickup_normalLight,97,Standing,Standing,True,0.953,0.0,138.9374
Bend_pickup_normalLight,98,Standing,Standing,True,0.961,0.0,138.6192
Bend_pickup_normalLight,99,Standing,Standing,True,0.986,0.0,129.1992
Bend_pickup_normalLight,100,Standing,Standing,True,0.992,0.0,156.6447
Bend_pickup_normalLight,101,Standing,Standing,True,0.994,0.0,161.0197
Bend_pickup_normalLight,102,Standing,Standing,True,0.995,0.0,127.0455
Bend_pickup_normalLight,103,Standing,Standing,True,0.996,0.0,121.9607
Bend_pickup_normalLight,104,Standing,Standing,True,0.997,0.0,126.0219
Bend_pickup_normalLight,105,Standing,Standing,True,0.997,0.0,132.4751
Bend_pickup_normalLight,106,Standing,Standing,True,0.998,0.0,125.6529
Bend_pickup_normalLight,107,Standing,Standing,True,0.998,0.0,133.1819
Bend_pickup_normalLight,108,Standing,Standing,True,0.998,0.0,107.7666
Bend_pickup_normalLight,109,Standing,Standing,True,0.998,0.0,108.9076
Bend_pickup_normalLight,110,,Standing,,0.998,0.0,91.756
Bend_pickup_normalLight,111,,Standing,,0.998,0.0,96.647
Bend_pickup_normalLight,112,,Standing,,0.997,0.0,96.1535
Bend_pickup_normalLight,113,,Standing,,0.996,0.0,121.0709
Bend_pickup_normalLight,114,,Standing,,0.997,0.0,110.2483
Bend_pickup_normalLight,115,,Standing,,0.998,0.0,132.3421
Bend_pickup_normalLight,116,,Standing,,0.998,0.0,128.7914
Bend_pickup_normalLight,117,,Standing,,0.998,0.0,126.5223
Bend_pickup_normalLight,118,,Standing,,0.998,0.0,95.3237
Bend_pickup_normalLight,119,,Standing,,0.998,0.0,125.1825
Bend_pickup_normalLight,120,,Standing,,0.998,0.0,106.1862
Bend_pickup_normalLight,121,,Standing,,0.998,0.0,93.1722
Bend_pickup_normalLight,122,,Standing,,0.998,0.0,109.0044
Bend_pickup_normalLight,123,,Standing,,0.998,0.0,143.2235
Bend_pickup_normalLight,124,,Standing,,0.998,0.0,115.7467
Bend_pickup_normalLight,125,,Standing,,0.998,0.0,124.7258
Bend_pickup_normalLight,126,,Standing,,0.998,0.0,144.2181
Bend_pickup_normalLight,127,,Standing,,0.998,0.0,144.4915
Bend_pickup_normalLight,128,,Standing,,0.998,0.0,114.9232
Bend_pickup_normalLight,129,,Standing,,0.999,0.0,127.0069
Bend_pickup_normalLight,130,,Standing,,0.999,0.0,115.7887
Bend_pickup_normalLight,131,,Standing,,0.998,0.0,117.0663
Bend_pickup_normalLight,132,,Standing,,0.998,0.0,119.3078
Bend_pickup_normalLight,133,,Standing,,0.998,0.0,114.7582
Bend_pickup_normalLight,134,,Standing,,0.998,0.0,98.8082
Bend_pickup_normalLight,135,,Standing,,0.998,0.0,94.5692
Bend_pickup_normalLight,136,,Standing,,0.998,0.0,91.5767
Bend_pickup_normalLight,137,,Standing,,0.998,0.0,96.1916
Bend_pickup_normalLight,138,,Standing,,0.998,0.0,101.5828
Bend_pickup_normalLight,139,,Standing,,0.998,0.0,90.0627
Bend_pickup_normalLight,140,,Standing,,0.998,0.0,84.0478
Bend_pickup_normalLight_leftRight,31,,Sitting,,0.57,0.0,87.1984
Bend_pickup_normalLight_leftRight,32,,Sitting,,0.655,0.0,81.6127
Bend_pickup_normalLight_leftRight,33,,Sitting,,0.722,0.0,88.2436
Bend_pickup_normalLight_leftRight,34,,Sitting,,0.776,0.0,116.5797
Bend_pickup_normalLight_leftRight,35,,Sitting,,0.805,0.0,108.1749
Bend_pickup_normalLight_leftRight,36,,Sitting,,0.816,0.0,120.7853
Bend_pickup_normalLight_leftRight,37,,Sitting,,0.821,0.0,152.0327
Bend_pickup_normalLight_leftRight,38,,Sitting,,0.819,0.0,122.8863
Bend_pickup_normalLight_leftRight,39,,Sitting,,0.811,0.0,131.6003
Bend_pickup_normalLight_leftRight,40,,Sitting,,0.785,0.0,185.4366
Bend_pickup_normalLight_leftRight,41,,Sitting,,0.743,0.0,119.467
Bend_pickup_normalLight_leftRight,42,,Sitting,,0.69,0.0,132.0647
Bend_pickup_normalLight_leftRight,43,,Sitting,,0.621,0.0,125.5533
Bend_pickup_normalLight_leftRight,44,,Sitting,,0.518,0.0,136.3999
Bend_pickup_normalLight_leftRight,45,,Lying,,0.503,0.0,128.1542
Bend_pickup_normalLight_leftRight,46,,Lying,,0.621,0.0,128.3782
Bend_pickup_normalLight_leftRight,47,,Lying,,0.722,0.0,124.0236
Bend_pickup_normalLight_leftRight,48,,Lying,,0.785,0.0,150.9342
Bend_pickup_normalLight_leftRight,49,,Lying,,0.821,0.0,113.851
Bend_pickup_normalLight_leftRight,50,,Lying,,0.845,0.0,124.5362
Bend_pickup_normalLight_leftRight,51,,Lying,,0.874,0.0,118.7341
Bend_pickup_normalLight_leftRight,52,,Lying,,0.882,0.0,122.9458
Bend_pickup_normalLight_leftRight,53,,Lying,,0.903,0.0,135.5094
Bend_pickup_normalLight_leftRight,54,,Lying,,0.872,0.0,125.8355
Bend_pickup_normalLight_leftRight,55,,Lying,,0.843,0.0,136.6635
Bend_pickup_normalLight_leftRight,56,,Lying,,0.843,0.0,141.467
Bend_pickup_normalLight_leftRight,57,,Lying,,0.667,0.0,138.3705
Bend_pickup_normalLight_leftRight,58,,Lying,,0.602,0.0,139.6378
Bend_pickup_normalLight_leftRight,59,,Lying,,0.544,0.0,130.785
Bend_pickup_normalLight_leftRight,60,,Lying,,0.552,0.0,141.0813
Bend_pickup_normalLight_leftRight,61,,Lying,,0.575,0.0,136.2935
Bend_pickup_normalLight_leftRight,62,,Lying,,0.507,0.0,129.8964
Bend_pickup_normalLight_leftRight,63,,Lying,,0.522,0.0,127.386
Bend_pickup_normalLight_leftRight,64,,Lying,,0.515,0.0,128.9609
Bend_pickup_normalLight_leftRight,65,,Lying,,0.516,0.0,123.3742
Bend_pickup_normalLight_leftRight,66,,Lying,,0.573,0.0,117.4795
Bend_pickup_normalLight_leftRight,67,,Lying,,0.608,0.0,104.8909
Bend_pickup_normalLight_leftRight,68,,Lying,,0.615,0.0,114.2593
Bend_pickup_normalLight_leftRight,69,,Lying,,0.66,0.0,85.1076
Bend_pickup_normalLight_leftRight,70,,Lying,,0.675,0.0,85.0669
Bend_pickup_normalLight_leftRight,71,,Lying,,0.673,0.0,115.6535
Bend_pickup_normalLight_leftRight,72,,Lying,,0.685,0.0,130.4143
Bend_pickup_normalLight_leftRight,73,,Lying,,0.722,0.0,145.5103
Bend_pickup_normalLight_leftRight,74,,Lying,,0.759,0.0,153.6936
Bend_pickup_normalLight_leftRight,75,,Lying,,0.736,0.0,144.0634
Bend_pickup_normalLight_leftRight,76,,Lying,,0.787,0.0,123.9475
Bend_pickup_normalLight_leftRight,77,,Lying,,0.801,0.0,126.8413
Bend_pickup_normalLight_leftRight,78,,Lying,,0.784,0.0,110.5119
Bend_pickup_normalLight_leftRight,79,,Lying,,0.796,0.0,114.7017
Bend_pickup_normalLight_leftRight,80,,Lying,,0.816,0.0,117.6321
Bend_pickup_normalLight_leftRight,81,,Lying,,0.828,0.0,116.3624
Bend_pickup_normalLight_leftRight,82,,Lying,,0.882,0.0,104.1481
Bend_pickup_normalLight_leftRight,83,,Lying,,0.897,0.0,98.8698
Bend_pickup_normalLight_leftRight,84,,Lying,,0.907,0.0,126.7458
Bend_pickup_normalLight_leftRight,85,,Lying,,0.929,0.0,96.4133
Bend_pickup_normalLight_leftRight,86,,Lying,,0.937,0.0,93.3078
Bend_pickup_normalLight_leftRight,87,Standing,Lying,False,0.934,0.0,103.0786
Bend_pickup_normalLight_leftRight,88,Standing,Lying,False,0.934,0.0,96.3208
Bend_pickup_normalLight_leftRight,89,Standing,Lying,False,0.937,0.0,102.3159
Bend_pickup_normalLight_leftRight,90,Standing,Lying,False,0.925,0.0,126.0943
Bend_pickup_normalLight_leftRight,91,Standing,Lying,False,0.913,0.0,114.8635
Bend_pickup_normalLight_leftRight,92,Standing,Lying,False,0.89,0.0,117.7304
Bend_pickup_normalLight_leftRight,93,Standing,Lying,False,0.842,0.0,114.8429
Bend_pickup_normalLight_leftRight,94,Standing,Lying,False,0.759,0.0,106.6154
Bend_pickup_normalLight_leftRight,95,Standing,Lying,False,0.645,0.0,118.4013
Bend_pickup_normalLight_leftRight,96,Standing,Lying,False,0.5,0.0,113.8294
Bend_pickup_normalLight_leftRight,97,Standing,Standing,True,0.563,0.0,182.3229
Bend_pickup_normalLight_leftRight,98,Standing,Standing,True,0.71,0.0,114.6381
Bend_pickup_normalLight_leftRight,99,Standing,Standing,True,0.82,0.0,103.3808
Bend_pickup_normalLight_leftRight,100,Standing,Standing,True,0.876,0.0,98.3218
Bend_pickup_normalLight_leftRight,101,Standing,Standing,True,0.918,0.0,109.5965
Bend_pickup_normalLight_leftRight,102,Standing,Standing,True,0.939,0.0,109.7167
Bend_pickup_normalLight_leftRight,103,Standing,Standing,True,0.937,0.0,114.8718
Bend_pickup_normalLight_leftRight,104,Standing,Standing,True,0.948,0.0,134.0009
Bend_pickup_normalLight_leftRight,105,Standing,Standing,True,0.943,0.0,127.4213
Bend_pickup_normalLight_leftRight,106,Standing,Standing,True,0.936,0.0,116.0661
Bend_pickup_normalLight_leftRight,107,Standing,Standing,True,0.949,0.0,102.3327
Bend_pickup_normalLight_leftRight,108,Standing,Standing,True,0.96,0.0,114.6028
Bend_pickup_normalLight_leftRight,109,Standing,Standing,True,0.965,0.0,117.2284
Bend_pickup_normalLight_leftRight,110,Standing,Standing,True,0.986,0.0,128.0497
Bend_pickup_normalLight_leftRight,111,Standing,Standing,True,0.988,0.0,128.2483
Bend_pickup_normalLight_leftRight,112,Standing,Standing,True,0.989,0.0,117.2112
Bend_pickup_normalLight_leftRight,113,Standing,Standing,True,0.99,0.0,120.7916
Bend_pickup_normalLight_leftRight,114,Standing,Standing,True,0.99,0.0,117.0942
Bend_pickup_normalLight_leftRight,115,Standing,Standing,True,0.991,0.0,108.7727
Bend_pickup_normalLight_leftRight,116,Standing,Standing,True,0.992,0.0,127.3242
Bend_pickup_normalLight_leftRight,117,Standing,Standing,True,0.994,0.0,109.1511
Bend_pickup_normalLight_leftRight,118,Standing,Standing,True,0.996,0.0,107.346
Bend_pickup_normalLight_leftRight,119,Standing,Standing,True,0.996,0.0,123.7862
Bend_pickup_normalLight_leftRight,120,Standing,Standing,True,0.997,0.0,122.0884
Bend_pickup_normalLight_leftRight,121,Standing,Standing,True,0.997,0.0,95.2915
Bend_pickup_normalLight_leftRight,122,Standing,Standing,True,0.997,0.0,155.9395
Bend_pickup_normalLight_leftRight,123,Standing,Standing,True,0.997,0.0,189.7448
Bend_pickup_normalLight_leftRight,124,Standing,Standing,True,0.997,0.0,241.886
Bend_pickup_normalLight_leftRight,125,Standing,Standing,True,0.997,0.0,138.9106
Bend_pickup_normalLight_leftRight,126,Standing,Standing,True,0.997,0.0,138.7208
Bend_pickup_normalLight_leftRight,127,Standing,Standing,True,0.998,0.0,128.8366
Bend_pickup_normalLight_leftRight,128,Standing,Standing,True,0.997,0.0,141.8406
Bend_pickup_normalLight_leftRight,129,Standing,Standing,True,0.997,0.0,153.8064
Bend_pickup_normalLight_leftRight,130,Standing,Standing,True,0.997,0.0,162.9531
Bend_pickup_normalLight_leftRight,131,Standing,Standing,True,0.997,0.0,147.8582
Bend_pickup_normalLight_leftRight,132,Standing,Standing,True,0.998,0.0,146.8732
Bend_pickup_normalLight_leftRight,133,Standing,Standing,True,0.998,0.0,145.6083
Bend_pickup_normalLight_leftRight,134,Standing,Standing,True,0.998,0.0,132.6247
Bend_pickup_normalLight_leftRight,135,Standing,Standing,True,0.998,0.0,135.8215
Bend_pickup_normalLight_leftRight,136,Standing,Standing,True,0.998,0.0,126.8798
Bend_pickup_normalLight_leftRight,137,Standing,Standing,True,0.998,0.0,134.5693
Bend_pickup_normalLight_leftRight,138,Standing,Standing,True,0.998,0.0,128.3744
Bend_pickup_normalLight_leftRight,139,Standing,Standing,True,0.998,0.0,115.6848
Bend_pickup_normalLight_leftRight,140,Standing,Standing,True,0.998,0.0,109.5853
Bend_pickup_normalLight_leftRight,141,Standing,Standing,True,0.998,0.0,106.8956
Bend_pickup_normalLight_leftRight,142,Standing,Standing,True,0.998,0.0,89.968
Bend_pickup_normalLight_leftRight,143,Standing,Standing,True,0.998,0.0,82.4382
Bend_pickup_normalLight_leftRight,144,Standing,Standing,True,0.998,0.0,106.447
Bend_pickup_normalLight_leftRight,145,Standing,Standing,True,0.998,0.0,104.3005
Bend_pickup_normalLight_leftRight,146,Standing,Standing,True,0.998,0.0,102.6122
Bend_pickup_normalLight_leftRight,147,Standing,Standing,True,0.998,0.0,86.4885
Bend_pickup_normalLight_leftRight,148,Standing,Standing,True,0.998,0.0,95.0929
Bend_pickup_normalLight_leftRight,149,Standing,Standing,True,0.998,0.0,111.5819
Bend_pickup_normalLight_leftRight,150,Standing,Standing,True,0.998,0.0,115.8058
Bend_pickup_normalLight_leftRight,151,Standing,Standing,True,0.998,0.0,115.2904
Bend_pickup_normalLight_leftRight,152,Standing,Standing,True,0.998,0.0,115.2832
Bend_pickup_normalLight_leftRight,153,Standing,Standing,True,0.998,0.0,96.245
Bend_pickup_normalLight_leftRight,154,Standing,Standing,True,0.998,0.0,107.1786
Bend_pickup_normalLight_leftRight,155,Standing,Standing,True,0.998,0.0,145.6501
Bend_pickup_normalLight_leftRight,156,Standing,Standing,True,0.998,0.0,137.1479
Bend_pickup_normalLight_leftRight,157,Standing,Standing,True,0.998,0.0,122.6435
Bend_pickup_normalLight_leftRight,158,Standing,Standing,True,0.998,0.0,106.9013
Bend_pickup_normalLight_leftRight,159,Standing,Standing,True,0.998,0.0,109.8005
Bend_pickup_normalLight_leftRight,160,Standing,Standing,True,0.998,0.0,104.6047
Bend_pickup_normalLight_leftRight,161,Standing,Standing,True,0.998,0.0,102.0952
Bend_pickup_normalLight_leftRight,162,Standing,Standing,True,0.998,0.0,118.2637
Bend_pickup_normalLight_leftRight,163,Standing,Standing,True,0.998,0.0,118.7374
Bend_pickup_normalLight_leftRight,164,Standing,Standing,True,0.998,0.0,122.7461
Bend_pickup_normalLight_leftRight,165,Standing,Standing,True,0.998,0.0,128.8132
Bend_pickup_normalLight_leftRight,166,Standing,Standing,True,0.998,0.0,124.499
Bend_pickup_normalLight_leftRight,167,Standing,Standing,True,0.998,0.0,132.2321
Bend_pickup_normalLight_leftRight,168,Standing,Standing,True,0.998,0.0,129.5512
Bend_pickup_normalLight_leftRight,169,Standing,Standing,True,0.998,0.0,122.7409
Bend_pickup_normalLight_leftRight,170,Standing,Standing,True,0.998,0.0,135.107
Bend_pickup_normalLight_leftRight,171,Standing,Standing,True,0.998,0.0,136.7286
Bend_pickup_normalLight_leftRight,172,Standing,Standing,True,0.997,0.0,132.0681
Bend_pickup_normalLight_leftRight,173,Standing,Standing,True,0.997,0.0,141.0545
Bend_pickup_normalLight_leftRight,174,,Standing,,0.997,0.0,117.585
Bend_pickup_normalLight_leftRight,175,,Standing,,0.997,0.0,126.4546
Bend_pickup_normalLight_leftRight,176,,Standing,,0.997,0.0,117.8502
Bend_pickup_normalLight_leftRight,177,,Standing,,0.997,0.0,119.4603
Bend_pickup_normalLight_leftRight,178,,Standing,,0.996,0.0,174.484
Bend_pickup_normalLight_leftRight,179,,Standing,,0.996,0.0,134.9201
Bend_pickup_normalLight_leftRight,180,,Standing,,0.996,0.0,123.6116
Bend_pickup_normalLight_leftRight,181,,Standing,,0.996,0.0,118.4196
Bend_pickup_normalLight_leftRight,182,,Standing,,0.996,0.0,121.6036
Bend_pickup_normalLight_leftRight,183,,Standing,,0.996,0.0,169.2684
Bend_pickup_normalLight_leftRight,184,,Standing,,0.996,0.0,131.6859
Bend_pickup_normalLight_leftRight,185,,Standing,,0.995,0.0,256.3208
Bend_pickup_normalLight_leftRight,186,,Standing,,0.995,0.0,145.7955
Bend_pickup_normalLight_leftRight,187,,Standing,,0.994,0.0,127.036
Bend_pickup_normalLight_leftRight,188,,Standing,,0.994,0.0,118.1067
Bend_pickup_normalLight_leftRight,189,,Standing,,0.994,0.0,117.3158
Bend_pickup_normalLight_leftRight,190,,Standing,,0.993,0.0,120.7208
Bend_pickup_normalLight_leftRight,191,,Standing,,0.993,0.0,127.665
Bend_pickup_normalLight_leftRight,192,,Standing,,0.992,0.0,107.3018
Bend_pickup_normalLight_leftRight,193,,Standing,,0.992,0.0,123.1276
Bend_pickup_normalLight_leftRight,194,,Standing,,0.992,0.0,110.3839
Bend_pickup_normalLight_leftRight,195,,Standing,,0.992,0.0,129.863
Bend_pickup_normalLight_leftRight,196,,Standing,,0.991,0.0,111.8165
Bend_pickup_normalLight_leftRight,197,,Standing,,0.991,0.0,121.5635
Bend_pickup_normalLight_leftRight,198,,Standing,,0.991,0.0,123.0273
Bend_pickup_normalLight_leftRight,199,,Standing,,0.99,0.0,116.5647
Bend_pickup_normalLight_leftRight,200,,Standing,,0.99,0.0,121.5796
Bend_pickup_normalLight_leftRight,201,,Standing,,0.99,0.0,122.1963
Bend_pickup_normalLight_leftRight,202,,Standing,,0.989,0.0,115.6183
Bend_pickup_normalLight_leftRight,203,,Standing,,0.989,0.0,110.1247
Bend_pickup_normalLight_leftRight,204,,Standing,,0.988,0.0,120.8712
Bend_pickup_normalLight_leftRight,205,,Standing,,0.986,0.0,123.9257
Bend_pickup_normalLight_leftRight,206,,Standing,,0.985,0.0,121.2208
Bend_pickup_normalLight_leftRight,207,,Standing,,0.982,0.0,132.332
Bend_pickup_normalLight_leftRight,208,,Standing,,0.978,0.0,113.7545
Bend_pickup_normalLight_leftRight,209,,Standing,,0.972,0.0,126.4966
Bend_pickup_normalLight_leftRight,210,,Standing,,0.96,0.0,127.2531
Bend_pickup_normalLight_leftRight,211,,Standing,,0.949,0.0,126.9744
Bend_pickup_normalLight_leftRight,212,,Standing,,0.936,0.0,132.3042
Bend_pickup_normalLight_leftRight,213,,Standing,,0.926,0.0,118.5541
Bend_pickup_normalLight_leftRight,214,,Standing,,0.906,0.0,131.6171
Bend_pickup_normalLight_leftRight,215,,Standing,,0.884,0.0,125.1217
Bend_pickup_normalLight_leftRight,216,,Standing,,0.871,0.0,126.482
Bend_pickup_normalLight_leftRight,217,,Standing,,0.846,0.0,120.5179
Bend_pickup_normalLight_leftRight,218,,Standing,,0.817,0.0,120.3961
Bend_pickup_normalLight_leftRight,219,,Standing,,0.786,0.0,123.3132
Bend_pickup_normalLight_leftRight,220,,Standing,,0.741,0.0,124.0709
Bend_pickup_normalLight_leftRight,221,,Standing,,0.699,0.0,154.1065
Bend_pickup_normalLight_leftRight,222,,Standing,,0.623,0.0,129.5302
Bend_pickup_normalLight_leftRight,223,,Standing,,0.564,0.0,131.0903
Bend_pickup_normalLight_leftRight,224,,Standing,,0.481,0.0,137.2573
Bend_pickup_normalLight_leftRight,225,,Standing,,0.407,0.0,126.905
Bend_pickup_normalLight_leftRight,226,,Standing,,0.323,0.0,117.9421
Bend_pickup_normalLight_leftRight,227,,Lying,,0.403,0.0,133.0377
Bend_pickup_normalLight_leftRight,228,,Lying,,0.5,0.0,114.2592
Bend_pickup_normalLight_leftRight,229,,Lying,,0.586,0.0,111.3191
Bend_pickup_normalLight_leftRight,230,,Lying,,0.682,0.0,155.7711
Bend_pickup_normalLight_leftRight,231,,Lying,,0.732,0.0,96.645
Bend_pickup_normalLight_leftRight,232,,Lying,,0.785,0.0,110.99
Bend_pickup_normalLight_leftRight,233,,Lying,,0.85,0.0,126.0496
Bend_pickup_normalLight_leftRight,234,,Lying,,0.874,0.0,152.2345
Bend_pickup_normalLight_leftRight,235,,Lying,,0.903,0.0,155.7527
Bend_pickup_normalLight_leftRight,236,,Lying,,0.935,0.0,159.5695
Bend_pickup_normalLight_leftRight,237,,Lying,,0.97,0.0,143.7125
Bend_pickup_normalLight_leftRight,238,,Lying,,0.963,0.0,208.167
Bend_pickup_normalLight_leftRight,239,,Lying,,0.968,0.0,154.7073
Bend_pickup_normalLight_leftRight,240,,Lying,,0.98,0.0,128.9711
Bend_pickup_normalLight_leftRight,241,,Lying,,0.978,0.0,104.6787
Bend_pickup_normalLight_leftRight,242,,Lying,,0.978,0.0,108.7417
Bend_pickup_normalLight_leftRight,243,,Lying,,0.982,0.0,108.3542
Bend_pickup_normalLight_leftRight,244,,Lying,,0.974,0.0,127.4942
Bend_pickup_normalLight_leftRight,245,,Lying,,0.967,0.0,129.5447
Bend_pickup_normalLight_leftRight,246,,Lying,,0.961,0.0,126.8289
Bend_pickup_normalLight_leftRight,247,,Lying,,0.971,0.0,138.2658
Bend_pickup_normalLight_leftRight,248,,Lying,,0.947,0.0,141.8034
Bend_pickup_normalLight_leftRight,249,,Lying,,0.935,0.0,169.6251
Bend_pickup_normalLight_leftRight,250,,Lying,,0.953,0.0,164.2448
Bend_pickup_normalLight_leftRight,251,,Lying,,0.93,0.0,140.4137
Bend_pickup_normalLight_leftRight,252,,Lying,,0.872,0.0,144.3239
Bend_pickup_normalLight_leftRight,253,,Lying,,0.881,0.0,138.8356
Bend_pickup_normalLight_leftRight,254,,Lying,,0.817,0.0,123.9623
Bend_pickup_normalLight_leftRight,255,,Lying,,0.859,0.0,101.992
Bend_pickup_normalLight_leftRight,256,,Lying,,0.876,0.0,110.9276
Bend_pickup_normalLight_leftRight,257,,Lying,,0.759,0.0,118.8347
Bend_pickup_normalLight_leftRight,258,,Lying,,0.821,0.0,119.6617
Bend_pickup_normalLight_leftRight,259,,Lying,,0.759,0.0,100.3029
Bend_pickup_normalLight_leftRight,260,,Lying,,0.62,0.0,130.4162
Bend_pickup_normalLight_leftRight,261,Standing,Lying,False,0.546,0.0,129.0492
Bend_pickup_normalLight_leftRight,262,Standing,Lying,False,0.512,0.0,132.9668
Bend_pickup_normalLight_leftRight,263,Standing,Lying,False,0.628,0.0,136.8121
Bend_pickup_normalLight_leftRight,264,Standing,Lying,False,0.777,0.0,133.5163
Bend_pickup_normalLight_leftRight,265,Standing,Lying,False,0.741,0.0,131.4305
Bend_pickup_normalLight_leftRight,266,Standing,Lying,False,0.858,0.0,105.9081
Bend_pickup_normalLight_leftRight,267,Standing,Lying,False,0.821,0.0,109.6866
Bend_pickup_normalLight_leftRight,268,Standing,Lying,False,0.798,0.0,110.0556
Bend_pickup_normalLight_leftRight,269,Standing,Lying,False,0.749,0.0,116.1386
Bend_pickup_normalLight_leftRight,270,Standing,Lying,False,0.742,0.0,129.6084
Bend_pickup_normalLight_leftRight,271,Standing,Lying,False,0.68,0.0,116.3281
Bend_pickup_normalLight_leftRight,272,Standing,Lying,False,0.626,0.0,125.6564
Bend_pickup_normalLight_leftRight,273,Standing,Lying,False,0.529,0.0,116.1886
Bend_pickup_normalLight_leftRight,274,Standing,Standing,True,0.539,0.0,104.1739
Bend_pickup_normalLight_leftRight,275,Standing,Standing,True,0.685,0.0,96.9453
Bend_pickup_normalLight_leftRight,276,Standing,Standing,True,0.794,0.0,89.5741
Bend_pickup_normalLight_leftRight,277,Standing,Standing,True,0.828,0.0,91.3281
Bend_pickup_normalLight_leftRight,278,Standing,Standing,True,0.888,0.0,117.3793
Bend_pickup_normalLight_leftRight,279,Standing,Standing,True,0.96,0.0,91.3899
Bend_pickup_normalLight_leftRight,280,Standing,Standing,True,0.976,0.0,110.8231
Bend_pickup_normalLight_leftRight,281,Standing,Standing,True,0.982,0.0,112.9177
Bend_pickup_normalLight_leftRight,282,Standing,Standing,True,0.989,0.0,117.8492
Bend_pickup_normalLight_leftRight,283,Standing,Standing,True,0.991,0.0,123.0399
Bend_pickup_normalLight_leftRight,284,Standing,Standing,True,0.992,0.0,120.5137
Bend_pickup_normalLight_leftRight,285,Standing,Standing,True,0.993,0.0,130.0015
Bend_pickup_normalLight_leftRight,286,Standing,Standing,True,0.993,0.0,133.0712
Bend_pickup_normalLight_leftRight,287,Standing,Standing,True,0.994,0.0,159.1658
Bend_pickup_normalLight_leftRight,288,Standing,Standing,True,0.996,0.0,133.8332
Bend_pickup_normalLight_leftRight,289,Standing,Standing,True,0.995,0.0,136.5234
Bend_pickup_normalLight_leftRight,290,Standing,Standing,True,0.996,0.0,134.3312
Bend_pickup_normalLight_leftRight,291,Standing,Standing,True,0.996,0.0,119.0055
Bend_pickup_normalLight_leftRight,292,Standing,Standing,True,0.995,0.0,105.2614
Bend_pickup_normalLight_leftRight,293,Standing,Standing,True,0.996,0.0,112.0333
Bend_pickup_normalLight_leftRight,294,Standing,Standing,True,0.996,0.0,90.3116
Bend_pickup_normalLight_leftRight,295,Standing,Standing,True,0.996,0.0,109.2584
Bend_pickup_normalLight_leftRight,296,Standing,Standing,True,0.996,0.0,101.9879
Bend_pickup_normalLight_leftRight,297,Standing,Standing,True,0.996,0.0,116.4921
Bend_pickup_normalLight_leftRight,298,Standing,Standing,True,0.996,0.0,114.5969
Bend_pickup_normalLight_leftRight,299,Standing,Standing,True,0.997,0.0,116.9938
Bend_pickup_normalLight_leftRight,300,Standing,Standing,True,0.997,0.0,127.481
Bend_pickup_normalLight_leftRight,301,Standing,Standing,True,0.997,0.0,123.2244
Bend_pickup_normalLight_leftRight,302,Standing,Standing,True,0.997,0.0,133.5858
Bend_pickup_normalLight_leftRight,303,Standing,Standing,True,0.997,0.0,106.7856
Bend_pickup_normalLight_leftRight,304,Standing,Standing,True,0.997,0.0,116.2659
Bend_pickup_normalLight_leftRight,305,Standing,Standing,True,0.997,0.0,121.5887
Bend_pickup_normalLight_leftRight,306,Standing,Standing,True,0.998,0.0,129.2145
Bend_pickup_normalLight_leftRight,307,Standing,Standing,True,0.998,0.0,111.3422
Bend_pickup_normalLight_leftRight,308,Standing,Standing,True,0.998,0.0,127.3293
Bend_pickup_normalLight_leftRight,309,Standing,Standing,True,0.998,0.0,128.6597
Bend_pickup_normalLight_leftRight,310,Standing,Standing,True,0.998,0.0,98.6002
Bend_pickup_normalLight_leftRight,311,Standing,Standing,True,0.998,0.0,129.0813
Bend_pickup_normalLight_leftRight,312,Standing,Standing,True,0.998,0.0,120.8372
Bend_pickup_normalLight_leftRight,313,Standing,Standing,True,0.998,0.0,138.5907
Bend_pickup_normalLight_leftRight,314,Standing,Standing,True,0.998,0.0,153.3761
Bend_pickup_normalLight_leftRight,315,Standing,Standing,True,0.998,0.0,233.4222
Bend_pickup_normalLight_leftRight,316,Standing,Standing,True,0.998,0.0,95.2522
Bend_pickup_normalLight_leftRight,317,Standing,Standing,True,0.998,0.0,117.3236
Bend_pickup_normalLight_leftRight,318,Standing,Standing,True,0.998,0.0,107.1378
Bend_pickup_normalLight_leftRight,319,Standing,Standing,True,0.998,0.0,118.9182
Bend_pickup_normalLight_leftRight,320,Standing,Standing,True,0.998,0.0,119.3287
Bend_pickup_normalLight_leftRight,321,,Standing,,0.998,0.0,103.1406
Bend_pickup_normalLight_leftRight,322,,Standing,,0.998,0.0,105.4537
Bend_pickup_normalLight_leftRight,323,,Standing,,0.998,0.0,116.3135
Bend_pickup_normalLight_leftRight,324,,Standing,,0.998,0.0,101.351
Bend_pickup_normalLight_leftRight,325,,Standing,,0.999,0.0,105.7666
Bend_pickup_normalLight_leftRight,326,,Standing,,0.999,0.0,98.8117
Bend_pickup_normalLight_leftRight,327,,Standing,,0.999,0.0,104.1222
Bend_pickup_normalLight_leftRight,328,,Standing,,0.999,0.0,95.1562
Bend_pickup_normalLight_leftRight,329,,Standing,,0.998,0.0,123.8089
Bend_pickup_normalLight_leftRight,330,,Standing,,0.999,0.0,103.3137
Bend_pickup_normalLight_leftRight,331,,Standing,,0.999,0.0,102.7087
Bend_pickup_normalLight_leftRight,332,,Standing,,0.999,0.0,113.7228
Bend_pickup_normalLight_leftRight,333,,Standing,,0.999,0.0,113.3694
Bend_pickup_squat_lowLight,31,,Standing,,0.996,0.0,124.9911
Bend_pickup_squat_lowLight,32,,Standing,,0.996,0.0,119.5102
Bend_pickup_squat_lowLight,33,,Standing,,0.996,0.0,113.6883
Bend_pickup_squat_lowLight,34,,Standing,,0.997,0.0,112.4817
Bend_pickup_squat_lowLight,35,,Standing,,0.997,0.0,117.2553
Bend_pickup_squat_lowLight,36,,Standing,,0.997,0.0,110.0206
Bend_pickup_squat_lowLight,37,,Standing,,0.997,0.0,104.3217
Bend_pickup_squat_lowLight,38,,Standing,,0.997,0.0,104.8526
Bend_pickup_squat_lowLight,39,,Standing,,0.997,0.0,107.8508
Bend_pickup_squat_lowLight,40,,Standing,,0.997,0.0,105.8891
Bend_pickup_squat_lowLight,41,,Standing,,0.997,0.0,108.595
Bend_pickup_squat_lowLight,42,,Standing,,0.997,0.0,110.5361
Bend_pickup_squat_lowLight,43,,Standing,,0.997,0.0,99.3895
Bend_pickup_squat_lowLight,44,,Standing,,0.997,0.0,82.8791
Bend_pickup_squat_lowLight,45,,Standing,,0.997,0.0,97.4352
Bend_pickup_squat_lowLight,46,,Standing,,0.997,0.0,116.681
Bend_pickup_squat_lowLight,47,,Standing,,0.997,0.0,100.6451
Bend_pickup_squat_lowLight,48,,Standing,,0.997,0.0,109.3047
Bend_pickup_squat_lowLight,49,,Standing,,0.997,0.0,106.9904
Bend_pickup_squat_lowLight,50,,Standing,,0.996,0.0,112.2586
Bend_pickup_squat_lowLight,51,,Standing,,0.995,0.0,120.1362
Bend_pickup_squat_lowLight,52,,Standing,,0.995,0.0,104.6812
Bend_pickup_squat_lowLight,53,,Standing,,0.995,0.0,98.926
Bend_pickup_squat_lowLight,54,,Standing,,0.994,0.0,87.5972
Bend_pickup_squat_lowLight,55,,Standing,,0.994,0.0,121.6845
Bend_pickup_squat_lowLight,56,,Standing,,0.994,0.0,114.1318
Bend_pickup_squat_lowLight,57,,Standing,,0.993,0.0,107.1165
Bend_pickup_squat_lowLight,58,,Standing,,0.992,0.0,113.8411
Bend_pickup_squat_lowLight,59,,Standing,,0.992,0.0,116.3297
Bend_pickup_squat_lowLight,60,,Standing,,0.99,0.0,114.6297
Bend_pickup_squat_lowLight,61,,Standing,,0.987,0.0,107.8792
Bend_pickup_squat_lowLight,62,,Standing,,0.982,0.0,127.3138
Bend_pickup_squat_lowLight,63,,Standing,,0.973,0.0,119.6747
Bend_pickup_squat_lowLight,64,,Standing,,0.966,0.0,165.5753
Bend_pickup_squat_lowLight,65,,Standing,,0.959,0.0,124.0671
Bend_pickup_squat_lowLight,66,,Standing,,0.942,0.0,119.3328
Bend_pickup_squat_lowLight,67,,Standing,,0.917,0.0,104.7797
Bend_pickup_squat_lowLight,68,,Standing,,0.884,0.0,108.2895
Bend_pickup_squat_lowLight,69,,Standing,,0.83,0.0,126.3586
Bend_pickup_squat_lowLight,70,,Standing,,0.78,0.0,112.4959
Bend_pickup_squat_lowLight,71,,Standing,,0.672,0.0,117.1519
Bend_pickup_squat_lowLight,72,,Standing,,0.57,0.0,124.6792
Bend_pickup_squat_lowLight,73,,Standing,,0.511,0.0,126.1167
Bend_pickup_squat_lowLight,74,,Sitting,,0.525,0.0,126.5747
Bend_pickup_squat_lowLight,75,,Sitting,,0.606,0.0,117.7275
Bend_pickup_squat_lowLight,76,,Sitting,,0.681,0.0,128.4424
Bend_pickup_squat_lowLight,77,,Sitting,,0.75,0.0,129.4847
Bend_pickup_squat_lowLight,78,,Sitting,,0.772,0.0,112.1174
Bend_pickup_squat_lowLight,79,,Sitting,,0.802,0.0,136.1084
Bend_pickup_squat_lowLight,80,,Sitting,,0.826,0.0,128.1452
Bend_pickup_squat_lowLight,81,,Sitting,,0.853,0.0,123.066
Bend_pickup_squat_lowLight,82,,Sitting,,0.903,0.0,128.2529
Bend_pickup_squat_lowLight,83,,Sitting,,0.902,0.0,131.8138
Bend_pickup_squat_lowLight,84,,Sitting,,0.927,0.0,132.5788
Bend_pickup_squat_lowLight,85,,Sitting,,0.928,0.0,144.7823
Bend_pickup_squat_lowLight,86,,Sitting,,0.95,0.0,141.526
Bend_pickup_squat_lowLight,87,,Sitting,,0.961,0.0,140.6331
Bend_pickup_squat_lowLight,88,,Sitting,,0.966,0.0,251.6982
Bend_pickup_squat_lowLight,89,,Sitting,,0.966,0.0,145.3039
Bend_pickup_squat_lowLight,90,,Sitting,,0.973,0.0,171.5924
Bend_pickup_squat_lowLight,91,,Sitting,,0.976,0.0,174.0893
Bend_pickup_squat_lowLight,92,,Sitting,,0.972,0.0,144.1821
Bend_pickup_squat_lowLight,93,,Sitting,,0.975,0.0,214.8473
Bend_pickup_squat_lowLight,94,,Sitting,,0.957,0.0,204.7216
Bend_pickup_squat_lowLight,95,,Sitting,,0.969,0.0,173.4019
Bend_pickup_squat_lowLight,96,,Sitting,,0.96,0.0,130.8747
Bend_pickup_squat_lowLight,97,,Sitting,,0.967,0.0,107.3938
Bend_pickup_squat_lowLight,98,,Sitting,,0.957,0.0,108.3995
Bend_pickup_squat_lowLight,99,,Sitting,,0.949,0.0,96.7289
Bend_pickup_squat_lowLight,100,,Sitting,,0.905,0.0,86.0897
Bend_pickup_squat_lowLight,101,,Sitting,,0.881,0.0,100.4723
Bend_pickup_squat_lowLight,102,,Sitting,,0.884,0.0,96.5285
Bend_pickup_squat_lowLight,103,,Sitting,,0.856,0.0,104.5011
Bend_pickup_squat_lowLight,104,,Sitting,,0.844,0.0,102.9868
Bend_pickup_squat_lowLight,105,,Sitting,,0.783,0.0,105.3628
Bend_pickup_squat_lowLight,106,,Sitting,,0.783,0.0,108.2858
Bend_pickup_squat_lowLight,107,,Sitting,,0.747,0.0,91.1913
Bend_pickup_squat_lowLight,108,,Sitting,,0.666,0.0,117.2618
Bend_pickup_squat_lowLight,109,,Sitting,,0.675,0.0,106.0756
Bend_pickup_squat_lowLight,110,,Sitting,,0.629,0.0,121.5725
Bend_pickup_squat_lowLight,111,,Sitting,,0.596,0.0,116.8036
Bend_pickup_squat_lowLight,112,,Standing,,0.502,0.0,145.0487
Bend_pickup_squat_lowLight,113,,Standing,,0.552,0.0,170.1199
Bend_pickup_squat_lowLight,114,,Standing,,0.723,0.0,162.4732
Bend_pickup_squat_lowLight,115,,Standing,,0.685,0.0,140.2246
Bend_pickup_squat_lowLight,116,,Standing,,0.763,0.0,169.07
Bend_pickup_squat_lowLight,117,Standing,Standing,True,0.85,0.0,135.1892
Bend_pickup_squat_lowLight,118,Standing,Standing,True,0.833,0.0,137.331
Bend_pickup_squat_lowLight,119,Standing,Standing,True,0.859,0.0,124.1412
Bend_pickup_squat_lowLight,120,Standing,Standing,True,0.898,0.0,133.2411
Bend_pickup_squat_lowLight,121,Standing,Standing,True,0.919,0.0,127.4644
Bend_pickup_squat_lowLight,122,Standing,Standing,True,0.934,0.0,128.7932
Bend_pickup_squat_lowLight,123,Standing,Standing,True,0.92,0.0,125.1237
Bend_pickup_squat_lowLight,124,Standing,Standing,True,0.858,0.0,125.4742
Bend_pickup_squat_lowLight,125,Standing,Standing,True,0.946,0.0,132.8258
Bend_pickup_squat_lowLight,126,Standing,Standing,True,0.923,0.0,120.1719
Bend_pickup_squat_lowLight,127,Standing,Standing,True,0.975,0.0,122.1444
Bend_pickup_squat_lowLight,128,Standing,Standing,True,0.964,0.0,131.3822
Bend_pickup_squat_lowLight,129,Standing,Standing,True,0.97,0.0,122.0791
Bend_pickup_squat_lowLight,130,Standing,Standing,True,0.985,0.0,118.2829
Bend_pickup_squat_lowLight,131,Standing,Standing,True,0.989,0.0,126.3146
Bend_pickup_squat_lowLight,132,Standing,Standing,True,0.989,0.0,143.6902
Bend_pickup_squat_lowLight,133,Standing,Standing,True,0.99,0.0,122.9693
Bend_pickup_squat_lowLight,134,Standing,Standing,True,0.987,0.0,110.9927
Bend_pickup_squat_lowLight,135,Standing,Standing,True,0.991,0.0,112.6786
Bend_pickup_squat_lowLight,136,Standing,Standing,True,0.989,0.0,127.3603
Bend_pickup_squat_lowLight,137,Standing,Standing,True,0.991,0.0,127.0192
Bend_pickup_squat_lowLight,138,Standing,Standing,True,0.993,0.0,121.5992
Bend_pickup_squat_lowLight,139,Standing,Standing,True,0.994,0.0,133.2756
Bend_pickup_squat_lowLight,140,Standing,Standing,True,0.994,0.0,99.1255
Bend_pickup_squat_lowLight,141,Standing,Standing,True,0.994,0.0,79.4517
Bend_pickup_squat_lowLight,142,Standing,Standing,True,0.995,0.0,85.3804
Bend_pickup_squat_lowLight,143,Standing,Standing,True,0.995,0.0,84.5636
Bend_pickup_squat_lowLight,144,Standing,Standing,True,0.996,0.0,84.7896
Bend_pickup_squat_lowLight,145,Standing,Standing,True,0.996,0.0,79.3422
Bend_pickup_squat_lowLight,146,Standing,Standing,True,0.997,0.0,96.9017
Bend_pickup_squat_lowLight,147,Standing,Standing,True,0.997,0.0,79.8405
Bend_pickup_squat_lowLight,148,,Standing,,0.997,0.0,84.4144
Bend_pickup_squat_lowLight,149,,Standing,,0.997,0.0,88.0518
Bend_pickup_squat_lowLight,150,,Standing,,0.998,0.0,95.0318
Bend_pickup_squat_lowLight,151,,Standing,,0.998,0.0,111.2727
Bend_pickup_squat_lowLight,152,,Standing,,0.998,0.0,108.2253
Bend_pickup_squat_lowLight,153,,Standing,,0.998,0.0,125.5172
Bend_pickup_squat_lowLight,154,,Standing,,0.998,0.0,120.5721
Bend_pickup_squat_lowLight,155,,Standing,,0.998,0.0,118.8006
Bend_pickup_squat_lowLight,156,,Standing,,0.998,0.0,118.5377
Bend_pickup_squat_lowLight,157,,Standing,,0.998,0.0,117.1646
Bend_pickup_squat_lowLight,158,,Standing,,0.999,0.0,120.4119
Bend_pickup_squat_lowLight,159,,Standing,,0.999,0.0,98.9174
Bend_pickup_squat_lowLight,160,,Standing,,0.999,0.0,117.7103
Bend_pickup_squat_lowLight,161,,Standing,,0.999,0.0,117.077
Bend_pickup_squat_lowLight,162,,Standing,,0.999,0.0,128.9797
Bend_pickup_squat_lowLight,163,,Standing,,0.999,0.0,121.1009
Bend_pickup_squat_lowLight,164,,Standing,,0.999,0.0,127.676
Bend_pickup_squat_lowLight,165,,Standing,,0.999,0.0,132.6784
Bend_pickup_squat_lowLight,166,,Standing,,0.999,0.0,123.3804
Bend_pickup_squat_lowLight,167,,Standing,,0.999,0.0,111.0369
Bend_pickup_squat_lowLight,168,,Standing,,0.999,0.0,127.1911
Bend_pickup_squat_lowLight,169,,Standing,,0.999,0.0,123.091
Bend_pickup_squat_lowLight,170,,Standing,,0.998,0.0,117.7783
Bend_pickup_squat_lowLight,171,,Standing,,0.998,0.0,118.7585
Bend_pickup_squat_lowLight,172,,Standing,,0.998,0.0,119.5203
Bend_pickup_squat_lowLight,173,,Standing,,0.998,0.0,111.6177
Bend_pickup_squat_lowLight,174,,Standing,,0.998,0.0,114.6701
Bend_pickup_squat_normalLight,31,,Standing,,0.998,0.0,108.5918
Bend_pickup_squat_normalLight,32,,Standing,,0.998,0.0,118.7077
Bend_pickup_squat_normalLight,33,,Standing,,0.998,0.0,140.8976
Bend_pickup_squat_normalLight,34,,Standing,,0.998,0.0,125.5899
Bend_pickup_squat_normalLight,35,,Standing,,0.998,0.0,86.9489
Bend_pickup_squat_normalLight,36,,Standing,,0.997,0.0,102.6977
Bend_pickup_squat_normalLight,37,,Standing,,0.998,0.0,86.1879
Bend_pickup_squat_normalLight,38,,Standing,,0.998,0.0,110.4146
Bend_pickup_squat_normalLight,39,,Standing,,0.998,0.0,97.3575
Bend_pickup_squat_normalLight,40,,Standing,,0.997,0.0,84.8524
Bend_pickup_squat_normalLight,41,,Standing,,0.997,0.0,92.2824
Bend_pickup_squat_normalLight,42,,Standing,,0.997,0.0,118.2652
Bend_pickup_squat_normalLight,43,,Standing,,0.997,0.0,108.9502
Bend_pickup_squat_normalLight,44,,Standing,,0.997,0.0,112.1095
Bend_pickup_squat_normalLight,45,,Standing,,0.997,0.0,84.6772
Bend_pickup_squat_normalLight,46,,Standing,,0.997,0.0,93.0123
Bend_pickup_squat_normalLight,47,,Standing,,0.996,0.0,103.4506
Bend_pickup_squat_normalLight,48,,Standing,,0.996,0.0,89.8452
Bend_pickup_squat_normalLight,49,,Standing,,0.996,0.0,80.1209
Bend_pickup_squat_normalLight,50,,Standing,,0.995,0.0,120.7453
Bend_pickup_squat_normalLight,51,,Standing,,0.994,0.0,85.3502
Bend_pickup_squat_normalLight,52,,Standing,,0.993,0.0,99.2139
Bend_pickup_squat_normalLight,53,,Standing,,0.992,0.0,91.7083
Bend_pickup_squat_normalLight,54,,Standing,,0.99,0.0,119.0755
Bend_pickup_squat_normalLight,55,,Standing,,0.988,0.0,116.1102
Bend_pickup_squat_normalLight,56,,Standing,,0.986,0.0,82.2734
Bend_pickup_squat_normalLight,57,,Standing,,0.982,0.0,94.1089
Bend_pickup_squat_normalLight,58,,Standing,,0.976,0.0,92.5653
Bend_pickup_squat_normalLight,59,,Standing,,0.967,0.0,107.9668
Bend_pickup_squat_normalLight,60,,Standing,,0.956,0.0,98.729
Bend_pickup_squat_normalLight,61,,Standing,,0.94,0.0,89.1687
Bend_pickup_squat_normalLight,62,,Standing,,0.913,0.0,103.9773
Bend_pickup_squat_normalLight,63,,Standing,,0.878,0.0,105.7979
Bend_pickup_squat_normalLight,64,,Standing,,0.839,0.0,107.3472
Bend_pickup_squat_normalLight,65,,Standing,,0.787,0.0,117.4091
Bend_pickup_squat_normalLight,66,,Standing,,0.73,0.0,111.4783
Bend_pickup_squat_normalLight,67,,Standing,,0.635,0.0,100.4419
Bend_pickup_squat_normalLight,68,,Standing,,0.568,0.0,106.5992
Bend_pickup_squat_normalLight,69,,Sitting,,0.514,0.0,106.7101
Bend_pickup_squat_normalLight,70,,Sitting,,0.579,0.0,125.2828
Bend_pickup_squat_normalLight,71,,Sitting,,0.669,0.0,100.1231
Bend_pickup_squat_normalLight,72,,Sitting,,0.741,0.0,134.3431
Bend_pickup_squat_normalLight,73,,Sitting,,0.793,0.0,134.0138
Bend_pickup_squat_normalLight,74,,Sitting,,0.813,0.0,125.404
Bend_pickup_squat_normalLight,75,,Sitting,,0.859,0.0,118.0318
Bend_pickup_squat_normalLight,76,,Sitting,,0.893,0.0,130.3422
Bend_pickup_squat_normalLight,77,,Sitting,,0.902,0.0,105.2108
Bend_pickup_squat_normalLight,78,,Sitting,,0.922,0.0,116.223
Bend_pickup_squat_normalLight,79,,Sitting,,0.938,0.0,110.3844
Bend_pickup_squat_normalLight,80,,Sitting,,0.943,0.0,111.2881
Bend_pickup_squat_normalLight,81,,Sitting,,0.946,0.0,112.3399
Bend_pickup_squat_normalLight,82,,Sitting,,0.955,0.0,101.8301
Bend_pickup_squat_normalLight,83,,Sitting,,0.964,0.0,94.3692
Bend_pickup_squat_normalLight,84,,Sitting,,0.97,0.0,83.4758
Bend_pickup_squat_normalLight,85,,Sitting,,0.97,0.0,112.5718
Bend_pickup_squat_normalLight,86,,Sitting,,0.969,0.0,121.5234
Bend_pickup_squat_normalLight,87,,Sitting,,0.97,0.0,119.3847
Bend_pickup_squat_normalLight,88,,Sitting,,0.963,0.0,122.8791
Bend_pickup_squat_normalLight,89,,Sitting,,0.968,0.0,121.4865
Bend_pickup_squat_normalLight,90,,Sitting,,0.968,0.0,127.126
Bend_pickup_squat_normalLight,91,,Sitting,,0.964,0.0,116.408
Bend_pickup_squat_normalLight,92,,Sitting,,0.964,0.0,119.9834
Bend_pickup_squat_normalLight,93,,Sitting,,0.958,0.0,128.9626
Bend_pickup_squat_normalLight,94,,Sitting,,0.959,0.0,129.6068
Bend_pickup_squat_normalLight,95,,Sitting,,0.959,0.0,119.9087
Bend_pickup_squat_normalLight,96,,Sitting,,0.954,0.0,130.4222
Bend_pickup_squat_normalLight,97,,Sitting,,0.948,0.0,124.5635
Bend_pickup_squat_normalLight,98,,Sitting,,0.942,0.0,132.2988
Bend_pickup_squat_normalLight,99,,Sitting,,0.943,0.0,125.1145
Bend_pickup_squat_normalLight,100,,Sitting,,0.94,0.0,130.482
Bend_pickup_squat_normalLight,101,,Sitting,,0.92,0.0,104.8169
Bend_pickup_squat_normalLight,102,,Sitting,,0.918,0.0,120.7411
Bend_pickup_squat_normalLight,103,,Sitting,,0.913,0.0,115.0101
Bend_pickup_squat_normalLight,104,,Sitting,,0.895,0.0,113.3438
Bend_pickup_squat_normalLight,105,,Sitting,,0.871,0.0,126.7007
Bend_pickup_squat_normalLight,106,,Sitting,,0.846,0.0,125.2031
Bend_pickup_squat_normalLight,107,,Sitting,,0.813,0.0,123.4853
Bend_pickup_squat_normalLight,108,,Sitting,,0.773,0.0,108.4635
Bend_pickup_squat_normalLight,109,,Sitting,,0.756,0.0,96.9212
Bend_pickup_squat_normalLight,110,,Sitting,,0.705,0.0,106.1534
Bend_pickup_squat_normalLight,111,,Sitting,,0.636,0.0,112.2383
Bend_pickup_squat_normalLight,112,,Sitting,,0.578,0.0,96.8367
Bend_pickup_squat_normalLight,113,,Sitting,,0.524,0.0,97.8215
Bend_pickup_squat_normalLight,114,,Standing,,0.544,0.0,149.4176
Bend_pickup_squat_normalLight,115,,Standing,,0.59,0.0,135.0514
Bend_pickup_squat_normalLight,116,,Standing,,0.659,0.0,144.0632
Bend_pickup_squat_normalLight,117,,Standing,,0.69,0.0,123.5263
Bend_pickup_squat_normalLight,118,,Standing,,0.74,0.0,118.9984
Bend_pickup_squat_normalLight,119,,Standing,,0.785,0.0,130.7
Bend_pickup_squat_normalLight,120,,Standing,,0.826,0.0,130.0434
Bend_pickup_squat_normalLight,121,,Standing,,0.858,0.0,143.1676
Bend_pickup_squat_normalLight,122,,Standing,,0.882,0.0,185.9465
Bend_pickup_squat_normalLight,123,,Standing,,0.914,0.0,155.0661
Bend_pickup_squat_normalLight,124,,Standing,,0.935,0.0,133.0677
Bend_pickup_squat_normalLight,125,,Standing,,0.954,0.0,130.6107
Bend_pickup_squat_normalLight,126,,Standing,,0.967,0.0,125.317
Bend_pickup_squat_normalLight,127,,Standing,,0.978,0.0,116.1619
Bend_pickup_squat_normalLight,128,,Standing,,0.984,0.0,113.5686
Bend_pickup_squat_normalLight,129,,Standing,,0.988,0.0,103.7487
Bend_pickup_squat_normalLight,130,,Standing,,0.99,0.0,124.6176
Bend_pickup_squat_normalLight,131,,Standing,,0.992,0.0,123.6697
Bend_pickup_squat_normalLight,132,,Standing,,0.994,0.0,123.3304
Bend_pickup_squat_normalLight,133,,Standing,,0.995,0.0,136.0858
Bend_pickup_squat_normalLight,134,Standing,Standing,True,0.995,0.0,127.2516
Bend_pickup_squat_normalLight,135,Standing,Standing,True,0.996,0.0,121.6903
Bend_pickup_squat_normalLight,136,Standing,Standing,True,0.996,0.0,125.4048
Bend_pickup_squat_normalLight,137,Standing,Standing,True,0.996,0.0,160.2953
Bend_pickup_squat_normalLight,138,Standing,Standing,True,0.997,0.0,119.5718
Bend_pickup_squat_normalLight,139,Standing,Standing,True,0.997,0.0,125.5114
Bend_pickup_squat_normalLight,140,Standing,Standing,True,0.997,0.0,122.8309
Bend_pickup_squat_normalLight,141,Standing,Standing,True,0.997,0.0,116.9354
Bend_pickup_squat_normalLight,142,Standing,Standing,True,0.997,0.0,106.0636
Bend_pickup_squat_normalLight,143,Standing,Standing,True,0.998,0.0,117.8196
Bend_pickup_squat_normalLight,144,Standing,Standing,True,0.998,0.0,110.6074
Bend_pickup_squat_normalLight,145,Standing,Standing,True,0.998,0.0,103.2475
Bend_pickup_squat_normalLight,146,,Standing,,0.998,0.0,121.3836
Bend_pickup_squat_normalLight,147,,Standing,,0.998,0.0,103.9563
Bend_pickup_squat_normalLight,148,,Standing,,0.998,0.0,119.2976
Bend_pickup_squat_normalLight,149,,Standing,,0.998,0.0,96.4456
Bend_pickup_squat_normalLight,150,,Standing,,0.998,0.0,113.8
Bend_pickup_squat_normalLight,151,,Standing,,0.998,0.0,101.0296
Bend_pickup_squat_normalLight,152,,Standing,,0.998,0.0,95.8451
Bend_pickup_squat_normalLight,153,,Standing,,0.998,0.0,95.5413
Bend_pickup_squat_normalLight,154,,Standing,,0.998,0.0,102.5442
Bend_pickup_squat_normalLight,155,,Standing,,0.998,0.0,88.9467
Bend_pickup_squat_normalLight,156,,Standing,,0.998,0.0,87.9943
Bend_pickup_squat_normalLight,157,,Standing,,0.998,0.0,91.8175
Bend_pickup_squat_normalLight,158,,Standing,,0.998,0.0,83.0013
Bend_pickup_squat_normalLight,159,,Standing,,0.998,0.0,85.0777
Bend_pickup_squat_normalLight,160,,Standing,,0.998,0.0,91.3761
Kneeling,31,,Standing,,0.998,0.0,88.7043
Kneeling,32,,Standing,,0.998,0.0,89.1845
Kneeling,33,,Standing,,0.998,0.0,95.1518
Kneeling,34,,Standing,,0.998,0.0,101.4291
Kneeling,35,,Standing,,0.998,0.0,110.8655
Kneeling,36,,Standing,,0.998,0.0,117.9702
Kneeling,37,,Standing,,0.998,0.0,113.1926
Kneeling,38,,Standing,,0.998,0.0,114.6184
Kneeling,39,,Standing,,0.997,0.0,107.3807
Kneeling,40,,Standing,,0.997,0.0,112.1525
Kneeling,41,,Standing,,0.997,0.0,114.2679
Kneeling,42,,Standing,,0.997,0.0,110.4431
Kneeling,43,,Standing,,0.997,0.0,111.8122
Kneeling,44,,Standing,,0.996,0.0,163.1684
Kneeling,45,,Standing,,0.996,0.0,107.2363
Kneeling,46,,Standing,,0.996,0.0,114.9357
Kneeling,47,,Standing,,0.996,0.0,108.6201
Kneeling,48,,Standing,,0.995,0.0,115.4986
Kneeling,49,,Standing,,0.995,0.0,123.4796
Kneeling,50,,Standing,,0.995,0.0,112.0727
Kneeling,51,,Standing,,0.994,0.0,122.5155
Kneeling,52,,Standing,,0.994,0.0,128.4164
Kneeling,53,,Standing,,0.993,0.0,132.9135
Kneeling,54,,Standing,,0.993,0.0,153.9563
Kneeling,55,,Standing,,0.992,0.0,134.5289
Kneeling,56,,Standing,,0.99,0.0,126.6381
Kneeling,57,Sitting,Standing,False,0.988,0.0,162.3649
Kneeling,58,Sitting,Standing,False,0.985,0.0,175.6152
Kneeling,59,Sitting,Standing,False,0.982,0.0,138.8163
Kneeling,60,Sitting,Standing,False,0.977,0.0,129.5726
Kneeling,61,Sitting,Standing,False,0.971,0.0,116.1389
Kneeling,62,Sitting,Standing,False,0.964,0.0,121.8277
Kneeling,63,Sitting,Standing,False,0.954,0.0,109.9847
Kneeling,64,Sitting,Standing,False,0.943,0.0,114.6743
Kneeling,65,Sitting,Standing,False,0.934,0.0,120.9733
Kneeling,66,Sitting,Standing,False,0.918,0.0,131.9214
Kneeling,67,Sitting,Standing,False,0.897,0.0,144.4943
Kneeling,68,Sitting,Standing,False,0.867,0.0,132.6615
Kneeling,69,Sitting,Standing,False,0.866,0.0,126.6578
Kneeling,70,Sitting,Standing,False,0.846,0.0,119.8534
Kneeling,71,Sitting,Standing,False,0.801,0.0,126.2658
Kneeling,72,Sitting,Standing,False,0.772,0.0,111.2643
Kneeling,73,Sitting,Standing,False,0.725,0.0,103.3037
Kneeling,74,Sitting,Standing,False,0.696,0.0,122.7141
Kneeling,75,Sitting,Standing,False,0.662,0.0,127.6853
Kneeling,76,Sitting,Standing,False,0.633,0.0,151.8722
Kneeling,77,Sitting,Standing,False,0.589,0.0,179.1722
Kneeling,78,Sitting,Standing,False,0.567,0.0,148.3468
Kneeling,79,Sitting,Standing,False,0.546,0.0,125.5615
Kneeling,80,Sitting,Standing,False,0.515,0.0,110.4902
Kneeling,81,Sitting,Standing,False,0.483,0.0,118.864
Kneeling,82,Sitting,Standing,False,0.444,0.0,122.5161
Kneeling,83,Sitting,Standing,False,0.436,0.0,116.9001
Kneeling,84,Sitting,Standing,False,0.545,0.0,128.6281
Kneeling,85,Sitting,Standing,False,0.553,0.0,142.5706
Kneeling,86,Sitting,Standing,False,0.593,0.0,123.7126
Kneeling,87,Sitting,Standing,False,0.553,0.0,106.5753
Kneeling,88,Sitting,Standing,False,0.514,0.0,96.8077
Kneeling,89,Sitting,Standing,False,0.531,0.0,108.8264
Kneeling,90,Sitting,Standing,False,0.505,0.0,92.0999
Kneeling,91,Sitting,Standing,False,0.498,0.0,97.8675
Kneeling,92,Sitting,Standing,False,0.497,0.0,112.9535
Kneeling,93,Sitting,Standing,False,0.508,0.0,99.5203
Kneeling,94,Sitting,Standing,False,0.533,0.0,80.8407
Kneeling,95,Sitting,Standing,False,0.547,0.0,101.4778
Kneeling,96,Sitting,Standing,False,0.561,0.0,120.8662
Kneeling,97,Sitting,Standing,False,0.561,0.0,122.717
Kneeling,98,Sitting,Standing,False,0.579,0.0,111.7562
Kneeling,99,Sitting,Standing,False,0.587,0.0,126.9668
Kneeling,100,Sitting,Standing,False,0.584,0.0,138.0497
Kneeling,101,Sitting,Standing,False,0.59,0.0,134.7825
Kneeling,102,Sitting,Standing,False,0.613,0.0,161.1162
Kneeling,103,Sitting,Standing,False,0.622,0.0,155.1075
Kneeling,104,Sitting,Standing,False,0.609,0.0,163.7128
Kneeling,105,Sitting,Standing,False,0.588,0.0,125.0207
Kneeling,106,Sitting,Standing,False,0.582,0.0,138.6232
Kneeling,107,Sitting,Standing,False,0.579,0.0,164.1438
Kneeling,108,Sitting,Standing,False,0.555,0.0,133.5069
Kneeling,109,Sitting,Standing,False,0.531,0.0,155.7922
Kneeling,110,Sitting,Standing,False,0.498,0.0,135.1114
Kneeling,111,Sitting,Standing,False,0.465,0.0,139.6013
Kneeling,112,Sitting,Standing,False,0.431,0.0,129.6164
Kneeling,113,Sitting,Standing,False,0.387,0.0,137.6546
Kneeling,114,Sitting,Standing,False,0.355,0.0,123.1162
Kneeling,115,Sitting,Unknown,False,0.35,0.0,138.6314
Kneeling,116,Sitting,Unknown,False,0.372,0.0,131.8998
Kneeling,117,Sitting,Unknown,False,0.385,0.0,131.5784
Kneeling,118,Sitting,Unknown,False,0.397,0.0,140.3414
Kneeling,119,Sitting,Unknown,False,0.404,0.0,144.0803
Kneeling,120,Sitting,Unknown,False,0.415,0.0,138.9403
Kneeling,121,Sitting,Unknown,False,0.418,0.0,206.329
Kneeling,122,Sitting,Unknown,False,0.421,0.0,133.447
Kneeling,123,Sitting,Unknown,False,0.419,0.0,133.7204
Kneeling,124,Sitting,Unknown,False,0.417,0.0,128.1735
Kneeling,125,Sitting,Unknown,False,0.415,0.0,187.8376
Kneeling,126,Sitting,Unknown,False,0.404,0.0,303.8564
Kneeling,127,Sitting,Unknown,False,0.395,0.0,139.1314
Kneeling,128,,Unknown,,0.395,0.0,144.0408
Kneeling,129,,Unknown,,0.385,0.0,225.8435
Kneeling,130,,Unknown,,0.376,0.0,160.3611
Kneeling,131,,Lying,,0.373,0.0,197.0315
Kneeling,132,,Lying,,0.394,0.0,222.0155
Kneeling,133,,Lying,,0.416,0.0,234.141
Kneeling,134,,Lying,,0.446,0.0,150.538
Kneeling,135,,Lying,,0.456,0.0,200.3268
Kneeling,136,,Lying,,0.443,0.0,165.547
Kneeling,137,,Lying,,0.4,0.0,141.0773
Kneeling,138,,Lying,,0.409,0.0,186.0599
Kneeling,139,,Lying,,0.418,0.0,243.3096
Kneeling,140,,Lying,,0.41,0.0,167.7642
Kneeling,141,,Lying,,0.4,0.0,135.179
Kneeling,142,,Lying,,0.405,0.0,133.42
Kneeling,143,,Lying,,0.363,0.0,151.3867
Kneeling,144,,Unknown,,0.354,0.0,194.8081
Kneeling,145,,Unknown,,0.358,0.0,190.6341
Kneeling,146,,Unknown,,0.365,0.0,289.5228
Kneeling,147,,Unknown,,0.368,0.0,143.4291
Kneeling,148,,Unknown,,0.365,0.0,142.3239
Kneeling,149,,Unknown,,0.37,0.0,138.3777
Kneeling,150,,Unknown,,0.378,0.0,129.7239
Kneeling,151,,Unknown,,0.378,0.0,139.5726
Kneeling,152,,Unknown,,0.378,0.0,160.9995
Kneeling,153,,Unknown,,0.377,0.0,130.449
Kneeling,154,,Unknown,,0.369,0.0,130.4044
Kneeling,155,,Unknown,,0.354,0.0,116.0713
Kneeling,156,Standing,Unknown,False,0.336,0.0,117.6329
Kneeling,157,Standing,Standing,True,0.332,0.0,118.7621
Kneeling,158,Standing,Standing,True,0.4,0.0,128.1922
Kneeling,159,Standing,Standing,True,0.467,0.0,118.756
Kneeling,160,Standing,Standing,True,0.546,0.0,134.1884
Kneeling,161,Standing,Standing,True,0.62,0.0,138.801
Kneeling,162,Standing,Standing,True,0.692,0.0,138.2741
Kneeling,163,Standing,Standing,True,0.759,0.0,133.8889
Kneeling,164,Standing,Standing,True,0.812,0.0,147.8185
Kneeling,165,Standing,Standing,True,0.852,0.0,159.652
Kneeling,166,Standing,Standing,True,0.883,0.0,135.9838
Kneeling,167,Standing,Standing,True,0.906,0.0,117.4004
Kneeling,168,Standing,Standing,True,0.92,0.0,127.6097
Kneeling,169,Standing,Standing,True,0.936,0.0,118.3598
Kneeling,170,Standing,Standing,True,0.948,0.0,109.9105
Kneeling,171,,Standing,,0.96,0.0,105.198
Kneeling,172,,Standing,,0.964,0.0,100.9882
Kneeling,173,,Standing,,0.969,0.0,113.6144
Kneeling,174,,Standing,,0.974,0.0,100.5193
Kneeling,175,,Standing,,0.978,0.0,100.3963
Kneeling,176,,Standing,,0.985,0.0,87.0876
Kneeling,177,,Standing,,0.986,0.0,91.8105
Kneeling,178,,Standing,,0.988,0.0,115.4437
Kneeling,179,,Standing,,0.99,0.0,119.0497
Kneeling,180,,Standing,,0.992,0.0,118.2691
Kneeling,181,,Standing,,0.992,0.0,109.041
Kneeling,182,,Standing,,0.993,0.0,87.0847
Kneeling,183,,Standing,,0.994,0.0,90.2945
Kneeling,184,,Standing,,0.994,0.0,105.2196
Kneeling,185,,Standing,,0.995,0.0,86.2667
Kneeling,186,,Standing,,0.994,0.0,88.7991
Kneeling,187,,Standing,,0.994,0.0,114.6361
Kneeling,188,,Standing,,0.995,0.0,99.1276
Kneeling,189,,Standing,,0.995,0.0,88.6806
Kneeling,190,,Standing,,0.995,0.0,72.7868
LyingdownSlowly,31,,Standing,,0.994,0.0,80.5657
LyingdownSlowly,32,,Standing,,0.993,0.0,87.6877
LyingdownSlowly,33,,Standing,,0.993,0.0,69.1941
LyingdownSlowly,34,,Standing,,0.993,0.0,97.8707
LyingdownSlowly,35,,Standing,,0.992,0.0,105.5629
LyingdownSlowly,36,,Standing,,0.991,0.0,93.7605
LyingdownSlowly,37,,Standing,,0.989,0.0,76.0365
LyingdownSlowly,38,,Standing,,0.986,0.0,84.8032
LyingdownSlowly,39,,Standing,,0.983,0.0,89.1267
LyingdownSlowly,40,,Standing,,0.978,0.0,86.9362
LyingdownSlowly,41,,Standing,,0.973,0.0,92.9575
LyingdownSlowly,42,,Standing,,0.969,0.0,83.0028
LyingdownSlowly,43,,Standing,,0.962,0.0,102.2777
LyingdownSlowly,44,,Standing,,0.956,0.0,99.0677
LyingdownSlowly,45,,Standing,,0.943,0.0,112.9605
LyingdownSlowly,46,,Standing,,0.927,0.0,201.5276
LyingdownSlowly,47,,Standing,,0.899,0.0,138.9464
LyingdownSlowly,48,,Standing,,0.856,0.0,121.2135
LyingdownSlowly,49,,Standing,,0.797,0.0,119.361
LyingdownSlowly,50,,Standing,,0.71,0.0,118.5312
LyingdownSlowly,51,,Standing,,0.614,0.0,120.7035
LyingdownSlowly,52,,Standing,,0.504,0.0,127.4064
LyingdownSlowly,53,,Standing,,0.412,0.0,98.4117
LyingdownSlowly,54,,Sitting,,0.477,0.0,121.1959
LyingdownSlowly,55,,Sitting,,0.539,0.0,107.9223
LyingdownSlowly,56,,Sitting,,0.602,0.0,111.7169
LyingdownSlowly,57,,Sitting,,0.648,0.0,104.513
LyingdownSlowly,58,,Sitting,,0.674,0.0,126.1783
LyingdownSlowly,59,,Sitting,,0.686,0.0,125.7066
LyingdownSlowly,60,,Sitting,,0.693,0.0,122.4324
LyingdownSlowly,61,,Sitting,,0.615,0.0,100.087
LyingdownSlowly,62,,Sitting,,0.571,0.0,100.104
LyingdownSlowly,63,,Sitting,,0.534,0.0,104.0231
LyingdownSlowly,64,,Sitting,,0.548,0.0,102.2375
LyingdownSlowly,65,,Sitting,,0.53,0.0,88.6411
LyingdownSlowly,66,,Sitting,,0.526,0.0,98.1768
LyingdownSlowly,67,,Sitting,,0.527,0.0,112.4127
LyingdownSlowly,68,,Sitting,,0.555,0.0,113.2355
LyingdownSlowly,69,,Sitting,,0.53,0.0,109.6044
LyingdownSlowly,70,,Sitting,,0.53,0.0,158.7699
LyingdownSlowly,71,,Sitting,,0.5,0.0,147.1596
LyingdownSlowly,72,,Lying,,0.504,0.0,132.9784
LyingdownSlowly,73,,Lying,,0.482,0.0,121.9479
LyingdownSlowly,74,,Lying,,0.578,0.0,112.9451
LyingdownSlowly,75,,Lying,,0.499,0.0,126.4378
LyingdownSlowly,76,,Lying,,0.526,0.0,129.0865
LyingdownSlowly,77,,Lying,,0.52,0.0,118.1977
LyingdownSlowly,78,,Lying,,0.644,0.0,130.8933
LyingdownSlowly,79,,Lying,,0.608,0.0,136.9583
LyingdownSlowly,80,,Lying,,0.606,0.0,115.1421
LyingdownSlowly,81,,Lying,,0.537,0.0,125.6789
LyingdownSlowly,82,,Sitting,,0.5,0.0,120.4124
LyingdownSlowly,83,,Lying,,0.57,0.0,122.0476
LyingdownSlowly,84,,Sitting,,0.565,0.0,112.5621
LyingdownSlowly,85,,Sitting,,0.58,0.0,111.5685
LyingdownSlowly,86,,Sitting,,0.504,0.0,115.2285
LyingdownSlowly,87,,Sitting,,0.658,0.0,116.0358
LyingdownSlowly,88,,Sitting,,0.601,0.0,142.8607
LyingdownSlowly,89,,Sitting,,0.652,0.0,113.829
LyingdownSlowly,90,,Sitting,,0.696,0.0,132.3264
LyingdownSlowly,91,,Sitting,,0.73,0.0,126.5988
LyingdownSlowly,92,,Sitting,,0.71,0.0,110.123
LyingdownSlowly,93,,Sitting,,0.727,0.0,118.2234
LyingdownSlowly,94,,Sitting,,0.721,0.0,125.657
LyingdownSlowly,95,,Sitting,,0.683,0.0,130.0526
LyingdownSlowly,96,,Sitting,,0.622,0.0,134.0789
LyingdownSlowly,97,,Sitting,,0.495,0.0,125.9744
LyingdownSlowly,98,,Lying,,0.559,0.0,124.1985
LyingdownSlowly,99,,Lying,,0.596,0.0,123.3462
LyingdownSlowly,100,,Lying,,0.636,0.0,123.6057
LyingdownSlowly,101,,Lying,,0.694,0.0,120.6539
LyingdownSlowly,102,,Lying,,0.732,0.0,112.4745
LyingdownSlowly,103,,Lying,,0.767,0.0,105.8969
LyingdownSlowly,104,,Lying,,0.815,0.0,164.1727
LyingdownSlowly,105,,Lying,,0.852,0.0,94.3532
LyingdownSlowly,106,,Lying,,0.851,0.0,115.1297
LyingdownSlowly,107,,Lying,,0.907,0.0,91.9614
LyingdownSlowly,108,,Lying,,0.938,0.0,102.281
LyingdownSlowly,109,,Lying,,0.962,0.0,93.4407
LyingdownSlowly,110,,Lying,,0.966,0.0,99.5836
LyingdownSlowly,111,,Lying,,0.981,0.0,95.0558
LyingdownSlowly,112,,Lying,,0.984,0.0,114.305
LyingdownSlowly,113,,Lying,,0.988,0.0,120.1421
LyingdownSlowly,114,,Lying,,0.991,0.0,108.0773
LyingdownSlowly,115,,Lying,,0.994,0.0,115.7488
LyingdownSlowly,116,,Lying,,0.995,0.0,101.004
LyingdownSlowly,117,,Lying,,0.997,0.0,102.9558
LyingdownSlowly,118,Lying,Lying,True,0.997,0.0,102.8987
LyingdownSlowly,119,Lying,Lying,True,0.996,0.0,112.3891
LyingdownSlowly,120,Lying,Lying,True,0.997,0.0,113.6124
LyingdownSlowly,121,Lying,Lying,True,0.997,0.0,108.6788
LyingdownSlowly,122,Lying,Lying,True,0.996,0.0,122.0179
LyingdownSlowly,123,Lying,Lying,True,0.995,0.0,113.5454
LyingdownSlowly,124,Lying,Lying,True,0.993,0.0,106.646
LyingdownSlowly,125,Lying,Lying,True,0.989,0.0,101.2848
LyingdownSlowly,126,Lying,Lying,True,0.985,0.0,105.4821
LyingdownSlowly,127,Lying,Lying,True,0.976,0.0,90.943
LyingdownSlowly,128,Lying,Lying,True,0.963,0.0,99.0808
LyingdownSlowly,129,Lying,Lying,True,0.943,0.0,99.2725
LyingdownSlowly,130,Lying,Lying,True,0.909,0.0,86.362
LyingdownSlowly,131,Lying,Lying,True,0.851,0.0,100.7251
LyingdownSlowly,132,Lying,Lying,True,0.786,0.0,101.5378
LyingdownSlowly,133,Lying,Lying,True,0.678,0.0,108.1197
LyingdownSlowly,134,Lying,Lying,True,0.604,0.0,129.2086
LyingdownSlowly,135,Lying,Lying,True,0.538,0.0,104.8468
LyingdownSlowly,136,Lying,Lying,True,0.548,0.0,130.9492
LyingdownSlowly,137,Lying,Lying,True,0.563,0.0,117.624
LyingdownSlowly,138,Lying,Lying,True,0.571,0.0,110.6834
LyingdownSlowly,139,Lying,Lying,True,0.596,0.0,106.5799
LyingdownSlowly,140,Lying,Lying,True,0.59,0.0,124.0593
LyingdownSlowly,141,Lying,Lying,True,0.575,0.0,124.2996
LyingdownSlowly,142,Lying,Lying,True,0.555,0.0,93.3784
LyingdownSlowly,143,Lying,Lying,True,0.499,0.0,120.0003
LyingdownSlowly,144,Lying,Lying,True,0.55,0.0,114.9707
LyingdownSlowly,145,Lying,Lying,True,0.59,0.0,97.2092
LyingdownSlowly,146,Lying,Lying,True,0.62,0.0,115.8598
LyingdownSlowly,147,Lying,Lying,True,0.666,0.0,103.5657
LyingdownSlowly,148,Lying,Lying,True,0.68,0.0,113.109
LyingdownSlowly,149,Lying,Lying,True,0.696,0.0,100.7579
LyingdownSlowly,150,Lying,Lying,True,0.711,0.0,113.8585
LyingdownSlowly,151,Lying,Lying,True,0.724,0.0,110.5395
LyingdownSlowly,152,Lying,Lying,True,0.741,0.0,121.516
LyingdownSlowly,153,Lying,Lying,True,0.748,0.0,122.0713
LyingdownSlowly,154,Lying,Lying,True,0.756,0.0,127.1785
LyingdownSlowly,155,Lying,Lying,True,0.756,0.0,126.9258
LyingdownSlowly,156,Lying,Lying,True,0.767,0.0,151.8971
LyingdownSlowly,157,Lying,Lying,True,0.773,0.0,149.3663
LyingdownSlowly,158,Lying,Lying,True,0.796,0.0,134.0186
LyingdownSlowly,159,Lying,Lying,True,0.787,0.0,131.8225
LyingdownSlowly,160,Lying,Lying,True,0.794,0.0,130.3423
LyingdownSlowly,161,Lying,Lying,True,0.785,0.0,133.73
LyingdownSlowly,162,Lying,Lying,True,0.805,0.0,124.7691
LyingdownSlowly,163,Lying,Lying,True,0.791,0.0,133.3273
LyingdownSlowly,164,Lying,Lying,True,0.78,0.0,137.1651
LyingdownSlowly,165,Lying,Lying,True,0.776,0.0,133.1567
LyingdownSlowly,166,Lying,Lying,True,0.779,0.0,162.2245
LyingdownSlowly,167,Lying,Lying,True,0.786,0.0,134.501
LyingdownSlowly,168,Lying,Lying,True,0.783,0.0,135.8864
LyingdownSlowly,169,Lying,Lying,True,0.773,0.0,124.5019
LyingdownSlowly,170,Lying,Lying,True,0.777,0.0,111.7756
LyingdownSlowly,171,Lying,Lying,True,0.782,0.0,115.9597
LyingdownSlowly,172,Lying,Lying,True,0.763,0.0,103.399
LyingdownSlowly,173,Lying,Lying,True,0.765,0.0,121.7454
LyingdownSlowly,174,Lying,Lying,True,0.762,0.0,118.2197
LyingdownSlowly,175,Lying,Lying,True,0.787,0.0,108.5764
LyingdownSlowly,176,Lying,Lying,True,0.791,0.0,111.7766
LyingdownSlowly,177,Lying,Lying,True,0.781,0.0,94.1826
LyingdownSlowly,178,Lying,Lying,True,0.777,0.0,110.3693
LyingdownSlowly,179,Lying,Lying,True,0.779,0.0,111.8135
LyingdownSlowly,180,Lying,Lying,True,0.776,0.0,122.7746
LyingdownSlowly,181,Lying,Lying,True,0.807,0.0,125.309
LyingdownSlowly,182,Lying,Lying,True,0.826,0.0,141.3827
LyingdownSlowly,183,Lying,Lying,True,0.834,0.0,171.8858
LyingdownSlowly,184,Lying,Lying,True,0.853,0.0,121.3519
LyingdownSlowly,185,Lying,Lying,True,0.827,0.0,129.8195
LyingdownSlowly,186,Lying,Lying,True,0.824,0.0,130.2884
LyingdownSlowly,187,Lying,Lying,True,0.832,0.0,143.3889
LyingdownSlowly,188,Lying,Lying,True,0.843,0.0,129.9705
LyingdownSlowly,189,Lying,Lying,True,0.836,0.0,132.8292
LyingdownSlowly,190,Lying,Lying,True,0.85,0.0,154.8975
LyingdownSlowly,191,Lying,Lying,True,0.838,0.0,136.3645
LyingdownSlowly,192,Lying,Lying,True,0.841,0.0,128.3017
LyingdownSlowly,193,Lying,Lying,True,0.837,0.0,130.6176
LyingdownSlowly,194,Lying,Lying,True,0.854,0.0,122.0049
LyingdownSlowly,195,Lying,Lying,True,0.829,0.0,134.0693
LyingdownSlowly,196,Lying,Lying,True,0.814,0.0,118.7668
LyingdownSlowly,197,Lying,Lying,True,0.83,0.0,95.5665
LyingdownSlowly,198,Lying,Lying,True,0.839,0.0,106.8366
LyingdownSlowly,199,Lying,Lying,True,0.837,0.0,100.0321
LyingdownSlowly,200,Lying,Lying,True,0.839,0.0,106.8395
LyingdownSlowly,201,Lying,Lying,True,0.839,0.0,111.45
LyingdownSlowly,202,Lying,Lying,True,0.857,0.0,104.7197
LyingdownSlowly,203,Lying,Lying,True,0.858,0.0,116.8
LyingdownSlowly,204,Lying,Lying,True,0.863,0.0,134.9412
LyingdownSlowly,205,Lying,Lying,True,0.867,0.0,129.208
LyingdownSlowly,206,Lying,Lying,True,0.865,0.0,129.3829
LyingdownSlowly,207,Lying,Lying,True,0.859,0.0,131.3828
LyingdownSlowly,208,Lying,Lying,True,0.848,0.0,124.5582
LyingdownSlowly,209,Lying,Lying,True,0.852,0.0,137.179
LyingdownSlowly,210,Lying,Lying,True,0.836,0.0,147.8773
LyingdownSlowly,211,Lying,Lying,True,0.827,0.0,146.5407
LyingdownSlowly,212,Lying,Lying,True,0.828,0.0,134.3933
LyingdownSlowly,213,Lying,Lying,True,0.837,0.0,134.3018
LyingdownSlowly,214,Lying,Lying,True,0.833,0.0,116.6457
LyingdownSlowly,215,Lying,Lying,True,0.847,0.0,127.3528
LyingdownSlowly,216,Lying,Lying,True,0.849,0.0,128.8388
LyingdownSlowly,217,Lying,Lying,True,0.863,0.0,118.4736
LyingdownSlowly,218,Lying,Lying,True,0.843,0.0,126.021
LyingdownSlowly,219,Lying,Lying,True,0.86,0.0,130.011
LyingdownSlowly,220,Lying,Lying,True,0.846,0.0,131.3016
LyingdownSlowly,221,Lying,Lying,True,0.853,0.0,134.9671
LyingdownSlowly,222,Lying,Lying,True,0.849,0.0,191.0137
LyingdownSlowly,223,Lying,Lying,True,0.843,0.0,189.8047
LyingdownSlowly,224,Lying,Lying,True,0.852,0.0,141.7282
LyingdownSlowly,225,Lying,Lying,True,0.889,0.0,130.5452
LyingdownSlowly,226,Lying,Lying,True,0.87,0.0,123.1478
LyingdownSlowly,227,Lying,Lying,True,0.856,0.0,147.4099
LyingdownSlowly,228,Lying,Lying,True,0.856,0.0,133.8433
LyingdownSlowly,229,Lying,Lying,True,0.869,0.0,119.5791
LyingdownSlowly,230,Lying,Lying,True,0.885,0.0,117.0675
LyingdownSlowly,231,Lying,Lying,True,0.854,0.0,120.7377
LyingdownSlowly,232,Lying,Lying,True,0.852,0.0,113.0099
LyingdownSlowly,233,Lying,Lying,True,0.836,0.0,114.8764
LyingdownSlowly,234,Lying,Lying,True,0.843,0.0,161.0309
LyingdownSlowly,235,Lying,Lying,True,0.825,0.0,128.3283
LyingdownSlowly,236,,Lying,,0.829,0.0,138.1229
LyingdownSlowly,237,,Lying,,0.831,0.0,143.6997
LyingdownSlowly,238,,Lying,,0.843,0.0,136.9391
LyingdownSlowly,239,,Lying,,0.837,0.0,145.8949
LyingdownSlowly,240,,Lying,,0.853,0.0,139.6844
LyingdownSlowly,241,,Lying,,0.834,0.0,176.7816
LyingdownSlowly,242,,Lying,,0.827,0.0,132.9758
LyingdownSlowly,243,,Lying,,0.815,0.0,134.4134
LyingdownSlowly,244,,Lying,,0.838,0.0,126.2533
LyingdownSlowly,245,,Lying,,0.827,0.0,136.841
LyingdownSlowly,246,,Lying,,0.839,0.0,166.3119
LyingdownSlowly,247,,Lying,,0.835,0.0,202.2702
LyingdownSlowly,248,,Lying,,0.838,0.0,150.1725
LyingdownSlowly,249,,Lying,,0.864,0.0,221.0689
LyingdownSlowly,250,,Lying,,0.87,0.0,125.1378
LyingdownSlowly,251,,Lying,,0.889,0.0,136.5039
LyingdownSlowly,252,,Lying,,0.886,0.0,130.6452
LyingdownSlowly,253,,Lying,,0.898,0.0,132.0509
LyingdownSlowly,254,,Lying,,0.918,0.0,121.6984
LyingdownSlowly,255,,Lying,,0.928,0.0,114.4905
LyingdownSlowly,256,,Lying,,0.943,0.0,116.0747
LyingdownSlowly,257,,Lying,,0.952,0.0,127.6634
LyingdownSlowly,258,,Lying,,0.964,0.0,127.0912
LyingdownSlowly,259,,Lying,,0.97,0.0,123.6319
LyingdownSlowly,260,,Lying,,0.97,0.0,132.0654
LyingdownSlowly,261,,Lying,,0.972,0.0,144.8951
LyingdownSlowly,262,,Lying,,0.973,0.0,138.7273
LyingdownSlowly,263,,Lying,,0.977,0.0,143.801
LyingdownSlowly,264,,Lying,,0.978,0.0,148.3602
LyingdownSlowly,265,,Lying,,0.978,0.0,133.4596
LyingdownSlowly,266,,Lying,,0.979,0.0,117.8196
LyingdownSlowly,267,,Lying,,0.978,0.0,118.3727
LyingdownSlowly,268,,Lying,,0.975,0.0,123.5399
LyingdownSlowly,269,,Lying,,0.972,0.0,120.9069
LyingdownSlowly,270,,Lying,,0.97,0.0,112.4892
LyingdownSlowly,271,,Lying,,0.968,0.0,87.8667
LyingdownSlowly,272,,Lying,,0.969,0.0,91.8124
LyingdownSlowly,273,,Lying,,0.97,0.0,112.0836
LyingdownSlowly,274,,Lying,,0.97,0.0,111.245
LyingdownSlowly,275,,Lying,,0.974,0.0,112.8403
LyingdownSlowly,276,,Lying,,0.977,0.0,109.3466
LyingdownSlowly,277,,Lying,,0.972,0.0,92.9544
LyingdownSlowly,278,,Lying,,0.972,0.0,116.9203
LyingdownSlowly,279,,Lying,,0.971,0.0,111.2601
LyingdownSlowly,280,,Lying,,0.97,0.0,85.4003
LyingdownSlowly,281,,Lying,,0.971,0.0,119.8278
LyingdownSlowly,282,,Lying,,0.972,0.0,124.2098
LyingdownSlowly,283,,Lying,,0.971,0.0,110.8485
LyingdownSlowly,284,,Lying,,0.972,0.0,99.7817
LyingdownSlowly,285,,Lying,,0.971,0.0,90.0955
LyingdownSlowly,286,,Lying,,0.973,0.0,103.6324
LyingdownSlowly,287,,Lying,,0.973,0.0,95.8667
LyingdownSlowly,288,,Lying,,0.976,0.0,102.7156
LyingdownSlowly,289,,Lying,,0.969,0.0,94.1522
LyingdownSlowly,290,,Lying,,0.968,0.0,74.4258
LyingdownSlowly,291,,Lying,,0.966,0.0,83.9114
LyingdownSlowly,292,,Lying,,0.965,0.0,92.3602
LyingdownSlowly,293,,Lying,,0.962,0.0,118.4371
LyingdownSlowly,294,,Lying,,0.966,0.0,154.2854
LyingdownSlowly,295,,Lying,,0.965,0.0,108.4645
LyingdownSlowly,296,,Lying,,0.966,0.0,87.7062
LyingdownSlowly,297,,Lying,,0.966,0.0,89.673
LyingdownSlowly,298,,Lying,,0.969,0.0,112.939
LyingdownSlowly,299,,Lying,,0.975,0.0,118.7548
LyingdownSlowly,300,,Lying,,0.979,0.0,115.3841
LyingdownSlowly,301,,Lying,,0.979,0.0,121.6449
LyingdownSlowly,302,,Lying,,0.977,0.0,111.0132
LyingdownSlowly,303,,Lying,,0.974,0.0,122.4611
LyingdownSlowly,304,,Lying,,0.968,0.0,123.8693
LyingdownSlowly,305,,Lying,,0.968,0.0,124.8172
LyingdownSlowly,306,,Lying,,0.96,0.0,99.6331
LyingdownSlowly,307,,Lying,,0.955,0.0,95.9196
LyingdownSlowly,308,,Lying,,0.941,0.0,99.9815
LyingdownSlowly,309,,Lying,,0.929,0.0,119.6446
LyingdownSlowly,310,,Lying,,0.916,0.0,112.3427
LyingdownSlowly,311,,Lying,,0.904,0.0,125.1752
LyingdownSlowly,312,,Lying,,0.893,0.0,119.4151
LyingdownSlowly,313,,Lying,,0.871,0.0,103.9411
LyingdownSlowly,314,,Lying,,0.84,0.0,113.8197
LyingdownSlowly,315,,Lying,,0.826,0.0,138.4906
LyingdownSlowly,316,,Lying,,0.828,0.0,126.6085
LyingdownSlowly,317,,Lying,,0.818,0.0,115.0166
LyingdownSlowly,318,,Lying,,0.824,0.0,99.6914
LyingdownSlowly,319,,Lying,,0.801,0.0,100.005
LyingdownSlowly,320,,Lying,,0.822,0.0,94.9682
LyingdownSlowly,321,,Lying,,0.886,0.0,100.8778
LyingdownSlowly,322,,Lying,,0.884,0.0,86.7203
LyingdownSlowly,323,,Lying,,0.895,0.0,103.0802
LyingdownSlowly,324,,Lying,,0.905,0.0,110.3141
LyingdownSlowly,325,,Lying,,0.893,0.0,89.7875
LyingdownSlowly,326,,Lying,,0.886,0.0,118.1827
LyingdownSlowly,327,,Lying,,0.877,0.0,117.2588
LyingdownSlowly,328,,Lying,,0.872,0.0,107.7468
LyingdownSlowly,329,,Lying,,0.844,0.0,99.7569
LyingdownSlowly,330,,Lying,,0.766,0.0,103.0014
LyingdownSlowly,331,,Lying,,0.659,0.0,100.6381
LyingdownSlowly,332,,Lying,,0.503,0.0,117.6318
LyingdownSlowly,333,,Lying,,0.634,0.0,121.783
LyingdownSlowly,334,,Lying,,0.81,0.0,114.8347
LyingdownSlowly,335,,Lying,,0.91,0.0,136.0358
LyingdownSlowly,336,,Lying,,0.952,0.0,122.7254
LyingdownSlowly,337,,Lying,,0.992,0.0,113.6113
LyingdownSlowly,338,,Lying,,0.996,0.0,112.8254
LyingdownSlowly,339,,Lying,,0.994,0.0,132.5061
LyingdownSlowly,340,,Lying,,0.995,0.0,110.7044
LyingdownSlowly,341,,Lying,,0.997,0.0,128.3652
LyingdownSlowly,342,,Lying,,0.997,0.0,123.7266
LyingdownSlowly,343,,Lying,,0.997,0.0,122.4581
LyingdownSlowly,344,,Lying,,0.996,0.0,111.0349
LyingdownSlowly,345,,Lying,,0.996,0.0,115.6866
LyingdownSlowly,346,,Lying,,0.992,0.0,116.3664
LyingdownSlowly,347,,Lying,,0.989,0.0,132.8161
LyingdownSlowly,348,,Lying,,0.981,0.0,133.5981
LyingdownSlowly,349,,Lying,,0.97,0.0,121.9228
LyingdownSlowly,350,,Lying,,0.954,0.0,120.115
LyingdownSlowly,351,,Lying,,0.908,0.0,114.8221
LyingdownSlowly,352,,Lying,,0.874,0.0,123.3437
LyingdownSlowly,353,,Lying,,0.773,0.0,125.8902
LyingdownSlowly,354,,Lying,,0.662,0.0,104.2612
LyingdownSlowly,355,,Lying,,0.547,0.0,121.7494
LyingdownSlowly,356,,Sitting,,0.599,0.0,137.6344
LyingdownSlowly,357,,Sitting,,0.583,0.0,135.0189
LyingdownSlowly,358,,Sitting,,0.667,0.0,122.1252
LyingdownSlowly,359,,Sitting,,0.634,0.0,157.454
LyingdownSlowly,360,,Sitting,,0.614,0.0,130.495
LyingdownSlowly,361,,Sitting,,0.609,0.0,138.2214
LyingdownSlowly,362,,Standing,,0.486,0.0,174.8126
LyingdownSlowly,363,,Standing,,0.562,0.0,138.4091
LyingdownSlowly,364,,Standing,,0.611,0.0,121.535
LyingdownSlowly,365,,Standing,,0.672,0.0,120.9643
LyingdownSlowly,366,,Standing,,0.746,0.0,104.6938
LyingdownSlowly,367,,Standing,,0.82,0.0,123.342
LyingdownSlowly,368,,Standing,,0.845,0.0,115.945
LyingdownSlowly,369,,Standing,,0.896,0.0,132.2133
LyingdownSlowly,370,,Standing,,0.929,0.0,106.6671
LyingdownSlowly,371,,Standing,,0.946,0.0,106.1993
LyingdownSlowly,372,,Standing,,0.964,0.0,101.0503
LyingdownSlowly,373,,Standing,,0.968,0.0,113.9667
LyingdownSlowly,374,,Standing,,0.979,0.0,111.4254
LyingdownSlowly,375,,Standing,,0.983,0.0,105.8984
LyingdownSlowly,376,,Standing,,0.99,0.0,108.4914
LyingdownSlowly,377,,Standing,,0.991,0.0,122.8577
LyingdownSlowly,378,,Standing,,0.994,0.0,109.6484
LyingdownSlowly,379,,Standing,,0.994,0.0,182.32
LyingdownSlowly,380,,Standing,,0.995,0.0,132.5684
LyingdownSlowly,381,,Standing,,0.996,0.0,137.2395
Moving_in_out_frame,31,Walking,Standing,False,0.998,0.0,131.9682
Moving_in_out_frame,32,Walking,Standing,False,0.998,0.0,147.0097
Moving_in_out_frame,33,Walking,Standing,False,0.998,0.0,139.0425
Moving_in_out_frame,34,Walking,Standing,False,0.997,0.0,155.5877
Moving_in_out_frame,35,Walking,Standing,False,0.997,0.0,126.4203
Moving_in_out_frame,36,Walking,Standing,False,0.997,0.0,138.6064
Moving_in_out_frame,37,Walking,Standing,False,0.997,0.0,144.3884
Moving_in_out_frame,38,Walking,Standing,False,0.997,0.0,131.2255
Moving_in_out_frame,39,Walking,Standing,False,0.997,0.0,131.2044
Moving_in_out_frame,40,Walking,Standing,False,0.997,0.0,220.8246
Moving_in_out_frame,41,Walking,Standing,False,0.997,0.0,197.9783
Moving_in_out_frame,42,Walking,Standing,False,0.997,0.0,215.2957
Moving_in_out_frame,43,Walking,Standing,False,0.997,0.0,358.1391
Moving_in_out_frame,44,Walking,Standing,False,0.997,0.0,251.2176
Moving_in_out_frame,45,Walking,Standing,False,0.997,0.0,239.5443
Moving_in_out_frame,46,Walking,Standing,False,0.997,0.0,196.3675
Moving_in_out_frame,47,Walking,Standing,False,0.998,0.0,187.7559
Moving_in_out_frame,48,Walking,Standing,False,0.998,0.0,333.4596
Moving_in_out_frame,49,Walking,Standing,False,0.998,0.0,141.4849
Moving_in_out_frame,50,Walking,Standing,False,0.997,0.0,152.8188
Moving_in_out_frame,51,Walking,Standing,False,0.997,0.0,168.5354
Moving_in_out_frame,52,Walking,Standing,False,0.997,0.0,325.0666
Moving_in_out_frame,53,Walking,Standing,False,0.997,0.0,174.2848
Moving_in_out_frame,54,Walking,Standing,False,0.996,0.0,158.8247
Moving_in_out_frame,55,Walking,Standing,False,0.997,0.0,152.3231
Moving_in_out_frame,56,Walking,Standing,False,0.997,0.0,178.2725
Moving_in_out_frame,57,Walking,Standing,False,0.997,0.0,154.1144
Moving_in_out_frame,58,Walking,Standing,False,0.997,0.0,148.3297
Moving_in_out_frame,59,Not in frame,Standing,False,0.997,0.0,155.9021
Moving_in_out_frame,60,Not in frame,Standing,False,0.997,0.0,144.7651
Moving_in_out_frame,61,Not in frame,Standing,False,0.997,0.0,155.2035
Moving_in_out_frame,62,Not in frame,Standing,False,0.997,0.0,146.5997
Moving_in_out_frame,63,Not in frame,Standing,False,0.998,0.0,151.0431
Moving_in_out_frame,64,Not in frame,Standing,False,0.998,0.0,193.5143
Moving_in_out_frame,65,Not in frame,Standing,False,0.998,0.0,165.9798
Moving_in_out_frame,66,Not in frame,Standing,False,0.998,0.0,154.3396
Moving_in_out_frame,67,Not in frame,Standing,False,0.998,0.0,158.039
Moving_in_out_frame,68,Not in frame,Standing,False,0.998,0.0,152.7398
Moving_in_out_frame,69,Not in frame,Standing,False,0.998,0.0,149.6058
Moving_in_out_frame,70,Not in frame,Standing,False,0.998,0.0,151.5963
Moving_in_out_frame,71,Not in frame,Standing,False,0.998,1.0,165.061
Moving_in_out_frame,72,Not in frame,Standing,False,0.998,1.0,147.0562
Moving_in_out_frame,73,Not in frame,Standing,False,0.998,1.0,184.5457
Moving_in_out_frame,74,Not in frame,Standing,False,0.997,1.0,158.1668
Moving_in_out_frame,75,Not in frame,Standing,False,0.997,1.0,143.4117
Moving_in_out_frame,76,Not in frame,Standing,False,0.995,0.0,156.3527
Moving_in_out_frame,77,Not in frame,Standing,False,0.992,0.0,180.6111
Moving_in_out_frame,78,Not in frame,Standing,False,0.986,0.0,149.9973
Moving_in_out_frame,79,Not in frame,Standing,False,0.976,0.0,134.3008
Moving_in_out_frame,80,Not in frame,Standing,False,0.952,0.0,191.079
Moving_in_out_frame,81,Not in frame,Standing,False,0.913,0.0,135.549
Moving_in_out_frame,82,Not in frame,Standing,False,0.831,0.0,163.1682
Moving_in_out_frame,83,Not in frame,Standing,False,0.716,0.0,158.7252
Moving_in_out_frame,84,Not in frame,Standing,False,0.528,0.0,154.9448
Moving_in_out_frame,85,Not in frame,Lying,False,0.592,0.0,182.4305
Moving_in_out_frame,86,Not in frame,Lying,False,0.778,0.0,176.0935
Moving_in_out_frame,87,Not in frame,Lying,False,0.861,0.0,186.8693
Moving_in_out_frame,88,Not in frame,Lying,False,0.933,0.0,181.8207
Moving_in_out_frame,89,Not in frame,Lying,False,0.961,0.0,155.6133
Moving_in_out_frame,90,Not in frame,Lying,False,0.973,0.0,148.665
Moving_in_out_frame,91,Not in frame,Lying,False,0.98,0.0,152.3304
Moving_in_out_frame,92,Not in frame,Lying,False,0.986,0.0,192.6466
Moving_in_out_frame,93,Not in frame,Lying,False,0.989,0.0,159.7296
Moving_in_out_frame,94,Not in frame,Lying,False,0.991,0.0,160.1676
Moving_in_out_frame,95,Not in frame,Lying,False,0.994,0.0,139.3847
Moving_in_out_frame,96,Not in frame,Lying,False,0.995,0.0,148.788
Moving_in_out_frame,97,Not in frame,Lying,False,0.994,0.0,142.6007
Moving_in_out_frame,98,Not in frame,Lying,False,0.996,0.0,153.1018
Moving_in_out_frame,99,Not in frame,Lying,False,0.995,0.0,153.1169
Moving_in_out_frame,100,Not in frame,Lying,False,0.994,0.0,143.9271
Moving_in_out_frame,101,Not in frame,Lying,False,0.992,0.0,143.7228
Moving_in_out_frame,102,Not in frame,Lying,False,0.992,0.0,177.3254
Moving_in_out_frame,103,Not in frame,Lying,False,0.989,0.0,178.9501
Moving_in_out_frame,104,Not in frame,Lying,False,0.991,0.0,148.0479
Moving_in_out_frame,105,Not in frame,Lying,False,0.993,0.0,153.092
Moving_in_out_frame,106,Not in frame,Lying,False,0.993,0.0,149.1763
Moving_in_out_frame,107,Not in frame,Lying,False,0.996,0.0,144.5497
Moving_in_out_frame,108,Not in frame,Lying,False,0.997,0.0,130.1509
Moving_in_out_frame,109,Not in frame,Lying,False,0.995,0.0,140.0081
Moving_in_out_frame,110,Not in frame,Lying,False,0.992,0.0,156.993
Moving_in_out_frame,111,Not in frame,Lying,False,0.996,0.0,148.9848
Moving_in_out_frame,112,Not in frame,Lying,False,0.997,0.0,182.019
Moving_in_out_frame,113,Not in frame,Lying,False,0.996,0.0,145.0461
Moving_in_out_frame,114,Not in frame,Lying,False,0.993,0.0,160.9195
Moving_in_out_frame,115,Not in frame,Lying,False,0.995,0.0,161.4556
Moving_in_out_frame,116,Not in frame,Lying,False,0.994,0.0,161.3177
Moving_in_out_frame,117,Walking,Lying,False,0.994,0.0,172.7965
Moving_in_out_frame,118,Walking,Lying,False,0.989,0.0,145.0291
Moving_in_out_frame,119,Walking,Lying,False,0.988,0.0,184.1207
Moving_in_out_frame,120,Walking,Lying,False,0.995,0.0,165.6575
Moving_in_out_frame,121,Walking,Lying,False,0.996,0.0,157.7618
Moving_in_out_frame,122,Walking,Lying,False,0.993,0.0,348.5978
Moving_in_out_frame,123,Walking,Lying,False,0.992,0.0,169.4378
Moving_in_out_frame,124,Walking,Lying,False,0.997,0.0,150.837
Moving_in_out_frame,125,Walking,Lying,False,0.991,0.0,174.2984
Moving_in_out_frame,126,Walking,Lying,False,0.991,0.0,165.017
Moving_in_out_frame,127,Walking,Lying,False,0.998,0.0,168.7735
Moving_in_out_frame,128,Walking,Lying,False,0.996,0.0,200.5905
Moving_in_out_frame,129,Walking,Lying,False,0.996,0.0,180.4639
Moving_in_out_frame,130,Walking,Lying,False,0.997,0.0,144.6597
Moving_in_out_frame,131,Walking,Lying,False,0.997,0.0,156.7248
Moving_in_out_frame,132,Walking,Lying,False,0.996,0.0,168.9942
Moving_in_out_frame,133,Walking,Lying,False,0.996,0.0,144.0683
Moving_in_out_frame,134,Walking,Lying,False,0.997,0.0,152.2007
Moving_in_out_frame,135,Walking,Lying,False,0.998,0.0,159.6285
Moving_in_out_frame,136,Walking,Lying,False,0.995,0.0,152.7083
Moving_in_out_frame,137,Walking,Lying,False,0.993,0.0,166.6694
Moving_in_out_frame,138,Walking,Lying,False,0.992,0.0,177.5207
Moving_in_out_frame,139,Walking,Lying,False,0.992,0.0,155.8443
Moving_in_out_frame,140,Walking,Lying,False,0.995,0.0,148.2397
Moving_in_out_frame,141,Walking,Lying,False,0.994,0.0,146.364
Moving_in_out_frame,142,Walking,Lying,False,0.99,0.0,162.7422
Moving_in_out_frame,143,Walking,Lying,False,0.995,0.0,178.0457
Moving_in_out_frame,144,Walking,Lying,False,0.994,0.0,190.7904
Moving_in_out_frame,145,Walking,Lying,False,0.992,0.0,191.5855
Moving_in_out_frame,146,Walking,Lying,False,0.991,0.0,140.2759
Moving_in_out_frame,147,Walking,Lying,False,0.99,0.0,142.7026
Moving_in_out_frame,148,Walking,Lying,False,0.992,0.0,136.3043
Moving_in_out_frame,149,Walking,Lying,False,0.992,0.0,149.0536
Moving_in_out_frame,150,Walking,Lying,False,0.991,0.0,128.2832
Moving_in_out_frame,151,Walking,Lying,False,0.987,0.0,145.9574
Moving_in_out_frame,152,Walking,Lying,False,0.996,0.0,159.4767
Moving_in_out_frame,153,Walking,Lying,False,0.995,0.0,153.182
Moving_in_out_frame,154,Walking,Lying,False,0.988,0.0,152.9069
Moving_in_out_frame,155,Walking,Lying,False,0.988,0.0,150.4678
Moving_in_out_frame,156,Walking,Lying,False,0.99,0.0,164.9665
Moving_in_out_frame,157,Walking,Lying,False,0.987,0.0,163.4888
Moving_in_out_frame,158,Walking,Lying,False,0.987,0.0,143.6644
Moving_in_out_frame,159,Walking,Lying,False,0.986,0.0,172.3547
Moving_in_out_frame,160,Walking,Lying,False,0.984,0.0,148.4731
Moving_in_out_frame,161,Walking,Lying,False,0.98,0.0,162.1084
Moving_in_out_frame,162,Walking,Lying,False,0.977,0.0,155.5476
Moving_in_out_frame,163,Walking,Lying,False,0.98,0.0,182.4475
Moving_in_out_frame,164,Walking,Lying,False,0.976,0.0,196.1912
Moving_in_out_frame,165,Walking,Lying,False,0.986,0.0,144.0186
Moving_in_out_frame,166,Walking,Lying,False,0.982,0.0,128.635
Moving_in_out_frame,167,Walking,Lying,False,0.979,1.0,116.313
Moving_in_out_frame,168,Walking,Lying,False,0.98,0.0,126.7168
Moving_in_out_frame,169,Walking,Lying,False,0.984,0.0,132.4677
Moving_in_out_frame,170,Walking,Lying,False,0.988,0.0,114.8335
Moving_in_out_frame,171,Walking,Lying,False,0.99,0.0,109.1223
Moving_in_out_frame,172,Walking,Lying,False,0.983,0.0,97.3843
Moving_in_out_frame,173,Walking,Lying,False,0.986,0.0,196.2251
Moving_in_out_frame,174,Walking,Lying,False,0.988,0.0,144.7067
Moving_in_out_frame,175,Walking,Lying,False,0.983,0.0,120.5755
Moving_in_out_frame,176,Walking,Lying,False,0.989,0.0,128.6084
Moving_in_out_frame,177,Walking,Lying,False,0.984,0.0,128.7171
Moving_in_out_frame,178,Walking,Lying,False,0.979,0.0,136.6619
Moving_in_out_frame,179,Walking,Lying,False,0.984,0.0,128.1606
Moving_in_out_frame,180,Walking,Lying,False,0.987,0.0,134.6356
Moving_in_out_frame,181,Walking,Lying,False,0.975,0.0,96.9887
Moving_in_out_frame,182,Walking,Lying,False,0.98,0.0,116.6611
Moving_in_out_frame,183,Walking,Lying,False,0.961,0.0,298.3947
Moving_in_out_frame,184,Walking,Lying,False,0.963,0.0,171.2685
Moving_in_out_frame,185,Walking,Lying,False,0.966,0.0,360.5278
Moving_in_out_frame,186,Walking,Lying,False,0.926,0.0,588.7023
Moving_in_out_frame,187,Walking,Lying,False,0.887,0.0,518.2488
Moving_in_out_frame,188,Walking,Lying,False,0.798,0.0,337.1802
Moving_in_out_frame,189,Walking,Lying,False,0.756,0.0,226.7195
Moving_in_out_frame,190,Walking,Lying,False,0.588,0.0,138.3726
Moving_in_out_frame,191,Walking,Standing,False,0.581,0.0,139.047
Moving_in_out_frame,192,Walking,Standing,False,0.762,0.0,128.4392
Moving_in_out_frame,193,Walking,Standing,False,0.938,0.0,162.6111
Moving_in_out_frame,194,Walking,Standing,False,0.987,0.0,151.9123
Moving_in_out_frame,195,Walking,Standing,False,0.988,0.0,135.6874
Moving_in_out_frame,196,Walking,Standing,False,0.997,0.0,140.5727
Moving_in_out_frame,197,Walking,Standing,False,0.998,0.0,128.8748
Moving_in_out_frame,198,Walking,Standing,False,0.998,0.0,133.5676
Moving_in_out_frame,199,Walking,Standing,False,0.998,0.0,121.9405
Moving_in_out_frame,200,Walking,Standing,False,0.998,0.0,123.7349
Moving_in_out_frame,201,Walking,Standing,False,0.998,0.0,148.5504
Moving_in_out_frame,202,Walking,Standing,False,0.998,0.0,137.1175
Moving_in_out_frame,203,Walking,Standing,False,0.998,0.0,124.1042
Moving_in_out_frame,204,Walking,Standing,False,0.998,0.0,125.179
Moving_in_out_frame,205,Walking,Standing,False,0.998,0.0,120.2297
Moving_in_out_frame,206,,Standing,,0.998,0.0,115.3543
Moving_in_out_frame,207,,Standing,,0.998,0.0,116.1982
Moving_in_out_frame,208,,Standing,,0.998,0.0,110.1937
Moving_in_out_frame,209,,Standing,,0.998,0.0,88.3502
Moving_in_out_frame,210,,Standing,,0.998,0.0,93.7819
Moving_in_out_frame_withFall,31,Walking,Standing,False,0.939,1.0,107.0186
Moving_in_out_frame_withFall,32,Walking,Standing,False,0.955,1.0,99.0611
Moving_in_out_frame_withFall,33,Walking,Standing,False,0.962,1.0,106.9182
Moving_in_out_frame_withFall,34,Walking,Standing,False,0.972,1.0,106.6684
Moving_in_out_frame_withFall,35,Walking,Standing,False,0.97,1.0,85.2704
Moving_in_out_frame_withFall,36,Walking,Standing,False,0.971,1.0,99.4106
Moving_in_out_frame_withFall,37,Walking,Standing,False,0.97,1.0,98.4261
Moving_in_out_frame_withFall,38,Walking,Standing,False,0.965,1.0,103.8578
Moving_in_out_frame_withFall,39,Walking,Standing,False,0.959,1.0,102.0787
Moving_in_out_frame_withFall,40,Walking,Standing,False,0.953,1.0,111.8989
Moving_in_out_frame_withFall,41,Walking,Standing,False,0.944,1.0,94.8188
Moving_in_out_frame_withFall,42,Walking,Standing,False,0.916,1.0,105.009
Moving_in_out_frame_withFall,43,Walking,Standing,False,0.893,1.0,110.3646
Moving_in_out_frame_withFall,44,Walking,Standing,False,0.861,1.0,114.3396
Moving_in_out_frame_withFall,45,Walking,Standing,False,0.797,1.0,86.834
Moving_in_out_frame_withFall,46,Walking,Standing,False,0.726,1.0,94.494
Moving_in_out_frame_withFall,47,Walking,Standing,False,0.675,1.0,78.3436
Moving_in_out_frame_withFall,48,Walking,Standing,False,0.611,1.0,84.6467
Moving_in_out_frame_withFall,49,Walking,Standing,False,0.466,1.0,94.5013
Moving_in_out_frame_withFall,50,Not in frame,Standing,False,0.369,1.0,120.702
Moving_in_out_frame_withFall,51,Not in frame,Lying,False,0.368,1.0,123.4432
Moving_in_out_frame_withFall,52,Not in frame,Lying,False,0.398,1.0,165.5405
Moving_in_out_frame_withFall,53,Not in frame,Lying,False,0.439,1.0,163.3073
Moving_in_out_frame_withFall,54,Not in frame,Lying,False,0.457,1.0,146.8682
Moving_in_out_frame_withFall,55,Not in frame,Lying,False,0.487,1.0,129.1144
Moving_in_out_frame_withFall,56,Not in frame,Lying,False,0.549,1.0,123.9303
Moving_in_out_frame_withFall,57,Not in frame,Lying,False,0.598,1.0,133.0245
Moving_in_out_frame_withFall,58,Not in frame,Lying,False,0.564,1.0,135.1392
Moving_in_out_frame_withFall,59,Not in frame,Lying,False,0.604,1.0,137.1155
Moving_in_out_frame_withFall,60,Not in frame,Lying,False,0.627,1.0,138.7403
Moving_in_out_frame_withFall,61,Not in frame,Lying,False,0.627,1.0,152.6519
Moving_in_out_frame_withFall,62,Not in frame,Lying,False,0.627,1.0,156.8326
Moving_in_out_frame_withFall,63,Not in frame,Lying,False,0.627,1.0,146.1172
Moving_in_out_frame_withFall,64,Not in frame,Lying,False,0.627,1.0,158.786
Moving_in_out_frame_withFall,65,Not in frame,Lying,False,0.627,1.0,223.3079
Moving_in_out_frame_withFall,66,Not in frame,Lying,False,0.627,1.0,167.346
Moving_in_out_frame_withFall,67,Not in frame,Lying,False,0.627,1.0,152.6375
Moving_in_out_frame_withFall,68,Not in frame,Lying,False,0.627,1.0,150.3942
Moving_in_out_frame_withFall,69,Not in frame,Lying,False,0.627,1.0,126.1561
Moving_in_out_frame_withFall,70,Not in frame,Lying,False,0.627,1.0,132.0184
Moving_in_out_frame_withFall,71,Not in frame,Lying,False,0.627,1.0,134.4559
Moving_in_out_frame_withFall,72,Not in frame,Lying,False,0.627,1.0,119.5212
Moving_in_out_frame_withFall,73,Not in frame,Lying,False,0.627,1.0,132.4746
Moving_in_out_frame_withFall,74,Not in frame,Lying,False,0.627,1.0,129.208
Moving_in_out_frame_withFall,75,Not in frame,Lying,False,0.627,1.0,128.3805
Moving_in_out_frame_withFall,76,Not in frame,Lying,False,0.627,1.0,126.0923
Moving_in_out_frame_withFall,77,Not in frame,Lying,False,0.627,1.0,121.6132
Moving_in_out_frame_withFall,78,Not in frame,Lying,False,0.627,1.0,134.6227
Moving_in_out_frame_withFall,79,Not in frame,Lying,False,0.627,1.0,146.4255
Moving_in_out_frame_withFall,80,Not in frame,Lying,False,0.627,1.0,166.0628
Moving_in_out_frame_withFall,81,Not in frame,Lying,False,0.627,1.0,139.0258
Moving_in_out_frame_withFall,82,Not in frame,Lying,False,0.627,1.0,145.7149
Moving_in_out_frame_withFall,83,Not in frame,Lying,False,0.627,1.0,137.1496
Moving_in_out_frame_withFall,84,Not in frame,Lying,False,0.627,1.0,148.5914
Moving_in_out_frame_withFall,85,Not in frame,Lying,False,0.627,1.0,131.3713
Moving_in_out_frame_withFall,86,,Lying,,0.627,1.0,126.2992
Moving_in_out_frame_withFall,87,,Lying,,0.627,1.0,132.0678
Moving_in_out_frame_withFall,88,Walking,Lying,False,0.627,1.0,126.0761
Moving_in_out_frame_withFall,89,Walking,Lying,False,0.627,1.0,113.8315
Moving_in_out_frame_withFall,90,Walking,Lying,False,0.627,1.0,124.4735
Moving_in_out_frame_withFall,91,Walking,Lying,False,0.627,1.0,114.2417
Moving_in_out_frame_withFall,92,Walking,Lying,False,0.627,1.0,121.3351
Moving_in_out_frame_withFall,93,Walking,Lying,False,0.627,1.0,109.6304
Moving_in_out_frame_withFall,94,Walking,Lying,False,0.627,1.0,116.6731
Moving_in_out_frame_withFall,95,Walking,Lying,False,0.627,1.0,120.3231
Moving_in_out_frame_withFall,96,Walking,Lying,False,0.627,1.0,114.5555
Moving_in_out_frame_withFall,97,Walking,Lying,False,0.627,1.0,124.9196
Moving_in_out_frame_withFall,98,Walking,Lying,False,0.627,1.0,123.5127
Moving_in_out_frame_withFall,99,Walking,Lying,False,0.627,1.0,134.8362
Moving_in_out_frame_withFall,100,Walking,Lying,False,0.627,1.0,140.6071
Moving_in_out_frame_withFall,101,Walking,Lying,False,0.627,1.0,225.9261
Moving_in_out_frame_withFall,102,Walking,Lying,False,0.627,1.0,162.4014
Moving_in_out_frame_withFall,103,Walking,Lying,False,0.627,1.0,138.1536
Moving_in_out_frame_withFall,104,Walking,Lying,False,0.626,0.0,139.928
Moving_in_out_frame_withFall,105,Walking,Lying,False,0.628,0.0,149.2442
Moving_in_out_frame_withFall,106,Walking,Lying,False,0.634,0.0,117.836
Moving_in_out_frame_withFall,107,Walking,Lying,False,0.634,0.0,128.4695
Moving_in_out_frame_withFall,108,Walking,Lying,False,0.635,0.0,126.5667
Moving_in_out_frame_withFall,109,,Lying,,0.624,0.0,132.0554
Moving_in_out_frame_withFall,110,,Lying,,0.61,0.0,123.4191
Moving_in_out_frame_withFall,111,,Lying,,0.591,0.0,139.4485
Moving_in_out_frame_withFall,112,,Lying,,0.569,0.0,141.5353
Moving_in_out_frame_withFall,113,,Lying,,0.542,0.0,135.3059
Moving_in_out_frame_withFall,114,,Lying,,0.512,0.0,132.982
Moving_in_out_frame_withFall,115,,Lying,,0.467,0.0,135.8332
Moving_in_out_frame_withFall,116,,Lying,,0.414,0.0,132.1356
Moving_in_out_frame_withFall,117,,Standing,,0.488,0.0,126.1754
Moving_in_out_frame_withFall,118,,Standing,,0.574,0.0,106.0881
Moving_in_out_frame_withFall,119,,Standing,,0.653,0.0,120.3472
Moving_in_out_frame_withFall,120,,Standing,,0.718,0.0,120.4533
Moving_in_out_frame_withFall,121,,Standing,,0.763,0.0,91.8175
Moving_in_out_frame_withFall,122,,Standing,,0.802,0.0,119.6707
Moving_in_out_frame_withFall,123,,Standing,,0.834,0.0,106.3284
Moving_in_out_frame_withFall,124,,Standing,,0.869,0.0,85.1338
Moving_in_out_frame_withFall,125,,Standing,,0.897,0.0,124.2008
Moving_in_out_frame_withFall,126,,Standing,,0.921,0.0,151.9502
Moving_in_out_frame_withFall,127,,Standing,,0.941,0.0,159.2616
Moving_in_out_frame_withFall,128,,Standing,,0.956,0.0,216.9736
Moving_in_out_frame_withFall,129,,Standing,,0.964,0.0,160.2976
Moving_in_out_frame_withFall,130,,Standing,,0.972,0.0,159.3884
Moving_in_out_frame_withFall,131,,Standing,,0.976,0.0,174.7297
Moving_in_out_frame_withFall,132,,Standing,,0.98,0.0,156.7149
Moving_in_out_frame_withFall,133,,Standing,,0.983,0.0,205.0016
Moving_in_out_frame_withFall,134,,Standing,,0.981,0.0,169.0043
Moving_in_out_frame_withFall,135,,Standing,,0.975,0.0,158.7033
Moving_in_out_frame_withFall,136,,Standing,,0.969,0.0,129.8501
Moving_in_out_frame_withFall,137,,Standing,,0.961,0.0,139.9109
Moving_in_out_frame_withFall,138,,Standing,,0.933,0.0,135.7106
Moving_in_out_frame_withFall,139,,Standing,,0.9,0.0,128.2724
Moving_in_out_frame_withFall,140,,Standing,,0.856,0.0,112.4719
Moving_in_out_frame_withFall,141,,Standing,,0.802,0.0,149.6334
Moving_in_out_frame_withFall,142,,Standing,,0.694,0.0,145.1367
Moving_in_out_frame_withFall,143,,Standing,,0.549,0.0,130.5976
Moving_in_out_frame_withFall,144,,Lying,,0.403,0.0,129.8831
Moving_in_out_frame_withFall,145,,Lying,,0.48,0.0,139.6199
Moving_in_out_frame_withFall,146,Lying,Lying,True,0.515,0.0,127.6076
Moving_in_out_frame_withFall,147,Lying,Lying,True,0.501,0.0,132.9835
Moving_in_out_frame_withFall,148,Lying,Lying,True,0.443,0.0,150.8402
Moving_in_out_frame_withFall,149,Lying,Lying,True,0.519,1.0,164.3894
Moving_in_out_frame_withFall,150,Lying,Lying,True,0.664,0.0,153.9808
Moving_in_out_frame_withFall,151,Lying,Lying,True,0.755,0.0,134.1452
Moving_in_out_frame_withFall,152,Lying,Lying,True,0.823,0.0,177.5219
Moving_in_out_frame_withFall,153,Lying,Lying,True,0.865,0.0,185.1261
Moving_in_out_frame_withFall,154,Lying,Lying,True,0.911,0.0,155.1956
Moving_in_out_frame_withFall,155,Lying,Lying,True,0.956,0.0,141.714
Moving_in_out_frame_withFall,156,Lying,Lying,True,0.977,0.0,152.9416
Moving_in_out_frame_withFall,157,Lying,Lying,True,0.98,0.0,142.8668
Moving_in_out_frame_withFall,158,Lying,Lying,True,0.987,0.0,158.5727
Moving_in_out_frame_withFall,159,Lying,Lying,True,0.99,0.0,142.8237
Moving_in_out_frame_withFall,160,Lying,Lying,True,0.994,0.0,134.314
Moving_in_out_frame_withFall,161,Lying,Lying,True,0.995,1.0,153.4582
Moving_in_out_frame_withFall,162,Lying,Lying,True,0.998,1.0,129.4628
Moving_in_out_frame_withFall,163,Lying,Lying,True,0.999,1.0,136.3879
Moving_in_out_frame_withFall,164,Lying,Lying,True,0.999,1.0,180.2958
Moving_in_out_frame_withFall,165,Lying,Lying,True,0.997,1.0,177.6984
Moving_in_out_frame_withFall,166,Lying,Lying,True,0.996,0.0,186.8821
Moving_in_out_frame_withFall,167,Lying,Lying,True,0.993,0.0,328.3163
Moving_in_out_frame_withFall,168,Lying,Lying,True,0.991,1.0,197.2176
Moving_in_out_frame_withFall,169,Lying,Lying,True,0.989,1.0,155.1755
Moving_in_out_frame_withFall,170,Lying,Lying,True,0.989,1.0,200.6013
Moving_in_out_frame_withFall,171,Lying,Lying,True,0.986,1.0,206.4029
Moving_in_out_frame_withFall,172,Lying,Lying,True,0.984,1.0,186.7924
Moving_in_out_frame_withFall,173,Lying,Lying,True,0.98,1.0,140.8863
Moving_in_out_frame_withFall,174,Lying,Lying,True,0.963,0.0,138.4263
Moving_in_out_frame_withFall,175,Lying,Lying,True,0.951,0.0,132.4451
Moving_in_out_frame_withFall,176,Lying,Lying,True,0.943,0.0,132.4765
Moving_in_out_frame_withFall,177,Lying,Lying,True,0.955,1.0,149.8346
Moving_in_out_frame_withFall,178,Lying,Lying,True,0.919,1.0,145.9314
Moving_in_out_frame_withFall,179,Lying,Lying,True,0.944,1.0,193.0125
Moving_in_out_frame_withFall,180,Lying,Lying,True,0.938,1.0,187.1588
Moving_in_out_frame_withFall,181,Lying,Lying,True,0.904,0.0,158.4102
Moving_in_out_frame_withFall,182,Lying,Lying,True,0.872,1.0,145.8201
Moving_in_out_frame_withFall,183,Lying,Lying,True,0.792,0.0,369.3713
Moving_in_out_frame_withFall,184,Lying,Lying,True,0.779,0.0,155.3134
Moving_in_out_frame_withFall,185,Lying,Lying,True,0.711,0.0,155.3617
Moving_in_out_frame_withFall,186,Lying,Lying,True,0.597,0.0,142.7367
Moving_in_out_frame_withFall,187,Lying,Lying,True,0.492,1.0,168.7124
Moving_in_out_frame_withFall,188,Lying,Lying,True,0.51,0.0,189.0311
Moving_in_out_frame_withFall,189,Lying,Lying,True,0.674,0.0,184.5966
Moving_in_out_frame_withFall,190,Lying,Lying,True,0.833,0.0,139.2266
Moving_in_out_frame_withFall,191,Lying,Lying,True,0.811,0.0,133.5817
Moving_in_out_frame_withFall,192,Lying,Lying,True,0.788,0.0,132.3109
Moving_in_out_frame_withFall,193,Lying,Lying,True,0.775,0.0,113.6608
Moving_in_out_frame_withFall,194,Lying,Lying,True,0.809,1.0,133.8108
Moving_in_out_frame_withFall,195,Lying,Lying,True,0.804,0.0,131.6194
Moving_in_out_frame_withFall,196,Lying,Lying,True,0.829,0.0,130.0459
Moving_in_out_frame_withFall,197,Lying,Lying,True,0.833,0.0,130.4595
Moving_in_out_frame_withFall,198,Lying,Lying,True,0.784,0.0,137.1732
Moving_in_out_frame_withFall,199,Lying,Lying,True,0.747,0.0,121.3344
Moving_in_out_frame_withFall,200,Lying,Lying,True,0.672,0.0,127.7857
Moving_in_out_frame_withFall,201,Lying,Lying,True,0.623,0.0,162.27
Moving_in_out_frame_withFall,202,Lying,Lying,True,0.553,0.0,128.6637
Moving_in_out_frame_withFall,203,Lying,Lying,True,0.722,0.0,119.3649
Moving_in_out_frame_withFall,204,Lying,Lying,True,0.734,0.0,149.1865
Moving_in_out_frame_withFall,205,,Lying,,0.848,0.0,138.4714
Moving_in_out_frame_withFall,206,,Lying,,0.576,0.0,142.4241
Moving_in_out_frame_withFall,207,,Lying,,0.509,0.0,124.7505
Moving_in_out_frame_withFall,208,,Lying,,0.583,0.0,114.121
Moving_in_out_frame_withFall,209,,Lying,,0.68,0.0,105.0169
Moving_in_out_frame_withFall,210,,Lying,,0.728,0.0,116.2154
Moving_in_out_frame_withFall,211,,Lying,,0.716,0.0,109.7585
Moving_in_out_frame_withFall,212,,Lying,,0.764,0.0,110.8695
Moving_in_out_frame_withFall,213,,Lying,,0.732,0.0,117.8753
Moving_in_out_frame_withFall,214,,Lying,,0.576,0.0,104.516
Moving_in_out_frame_withFall,215,,Lying,,0.482,0.0,103.5098
Moving_in_out_frame_withFall,216,,Sitting,,0.453,0.0,114.8589
Moving_in_out_frame_withFall,217,,Sitting,,0.498,0.0,114.281
Sit_Stand_AnklesInvisible,31,Sitting,Standing,False,0.955,0.0,115.0436
Sit_Stand_AnklesInvisible,32,Sitting,Standing,False,0.951,0.0,116.6424
Sit_Stand_AnklesInvisible,33,Sitting,Standing,False,0.946,0.0,110.9047
Sit_Stand_AnklesInvisible,34,Sitting,Standing,False,0.942,0.0,106.9977
Sit_Stand_AnklesInvisible,35,Sitting,Standing,False,0.929,0.0,115.7236
Sit_Stand_AnklesInvisible,36,Sitting,Standing,False,0.916,0.0,89.1975
Sit_Stand_AnklesInvisible,37,Sitting,Standing,False,0.902,0.0,116.2369
Sit_Stand_AnklesInvisible,38,Sitting,Standing,False,0.894,0.0,115.0402
Sit_Stand_AnklesInvisible,39,Sitting,Standing,False,0.883,0.0,100.5409
Sit_Stand_AnklesInvisible,40,Sitting,Standing,False,0.878,0.0,94.0952
Sit_Stand_AnklesInvisible,41,Sitting,Standing,False,0.869,0.0,84.1733
Sit_Stand_AnklesInvisible,42,Sitting,Standing,False,0.877,0.0,91.7783
Sit_Stand_AnklesInvisible,43,Sitting,Standing,False,0.85,0.0,87.2335
Sit_Stand_AnklesInvisible,44,Sitting,Standing,False,0.848,0.0,73.6899
Sit_Stand_AnklesInvisible,45,Sitting,Standing,False,0.857,0.0,87.3919
Sit_Stand_AnklesInvisible,46,Sitting,Standing,False,0.816,0.0,86.1959
Sit_Stand_AnklesInvisible,47,Sitting,Standing,False,0.846,0.0,92.0154
Sit_Stand_AnklesInvisible,48,Sitting,Standing,False,0.886,0.0,88.9667
Sit_Stand_AnklesInvisible,49,Sitting,Standing,False,0.895,0.0,100.6941
Sit_Stand_AnklesInvisible,50,Sitting,Standing,False,0.898,0.0,117.3803
Sit_Stand_AnklesInvisible,51,Sitting,Standing,False,0.95,0.0,99.4463
Sit_Stand_AnklesInvisible,52,Sitting,Standing,False,0.955,0.0,108.7425
Sit_Stand_AnklesInvisible,53,Sitting,Standing,False,0.951,0.0,116.8721
Sit_Stand_AnklesInvisible,54,Sitting,Standing,False,0.97,0.0,130.0804
Sit_Stand_AnklesInvisible,55,Sitting,Standing,False,0.976,0.0,127.3231
Sit_Stand_AnklesInvisible,56,Sitting,Standing,False,0.969,0.0,130.0858
Sit_Stand_AnklesInvisible,57,Sitting,Standing,False,0.976,0.0,117.8309
Sit_Stand_AnklesInvisible,58,Sitting,Standing,False,0.976,0.0,125.4764
Sit_Stand_AnklesInvisible,59,Sitting,Standing,False,0.981,0.0,117.4755
Sit_Stand_AnklesInvisible,60,Sitting,Standing,False,0.981,0.0,126.0375
Sit_Stand_AnklesInvisible,61,Sitting,Standing,False,0.977,0.0,124.9304
Sit_Stand_AnklesInvisible,62,Sitting,Standing,False,0.973,0.0,95.2137
Sit_Stand_AnklesInvisible,63,Sitting,Standing,False,0.977,0.0,174.0822
Sit_Stand_AnklesInvisible,64,Sitting,Standing,False,0.976,0.0,121.7693
Sit_Stand_AnklesInvisible,65,Sitting,Standing,False,0.983,0.0,114.2628
Sit_Stand_AnklesInvisible,66,Sitting,Standing,False,0.985,0.0,103.3566
Sit_Stand_AnklesInvisible,67,Sitting,Standing,False,0.989,0.0,126.494
Sit_Stand_AnklesInvisible,68,Sitting,Standing,False,0.992,0.0,111.1809
Sit_Stand_AnklesInvisible,69,Sitting,Standing,False,0.991,0.0,118.1557
Sit_Stand_AnklesInvisible,70,Sitting,Standing,False,0.99,0.0,102.4846
Sit_Stand_AnklesInvisible,71,Sitting,Standing,False,0.992,0.0,97.2365
Sit_Stand_AnklesInvisible,72,Sitting,Standing,False,0.994,0.0,90.2469
Sit_Stand_AnklesInvisible,73,Sitting,Standing,False,0.994,0.0,93.9268
Sit_Stand_AnklesInvisible,74,Sitting,Standing,False,0.994,0.0,92.637
Sit_Stand_AnklesInvisible,75,Sitting,Standing,False,0.994,0.0,81.2317
Sit_Stand_AnklesInvisible,76,Sitting,Standing,False,0.995,0.0,91.1456
Sit_Stand_AnklesInvisible,77,Sitting,Standing,False,0.994,0.0,95.4626
Sit_Stand_AnklesInvisible,78,Sitting,Standing,False,0.994,0.0,79.5898
Sit_Stand_AnklesInvisible,79,Sitting,Standing,False,0.994,0.0,85.6747
Sit_Stand_AnklesInvisible,80,Sitting,Standing,False,0.993,0.0,72.6718
Sit_Stand_AnklesInvisible,81,Sitting,Standing,False,0.992,0.0,71.9505
Sit_Stand_AnklesInvisible,82,Sitting,Standing,False,0.992,0.0,102.1715
Sit_Stand_AnklesInvisible,83,Sitting,Standing,False,0.993,0.0,82.7443
Sit_Stand_AnklesInvisible,84,Sitting,Standing,False,0.994,0.0,84.5654
Sit_Stand_AnklesInvisible,85,Sitting,Standing,False,0.995,0.0,77.7693
Sit_Stand_AnklesInvisible,86,Sitting,Standing,False,0.995,0.0,78.0286
Sit_Stand_AnklesInvisible,87,Sitting,Standing,False,0.995,0.0,94.9359
Sit_Stand_AnklesInvisible,88,Sitting,Standing,False,0.995,0.0,97.1972
Sit_Stand_AnklesInvisible,89,Sitting,Standing,False,0.995,0.0,99.0698
Sit_Stand_AnklesInvisible,90,Sitting,Standing,False,0.995,0.0,132.4458
Sit_Stand_AnklesInvisible,91,Sitting,Standing,False,0.994,0.0,111.9184
Sit_Stand_AnklesInvisible,92,Sitting,Standing,False,0.994,0.0,93.0144
Sit_Stand_AnklesInvisible,93,Sitting,Standing,False,0.993,0.0,154.2882
Sit_Stand_AnklesInvisible,94,Sitting,Standing,False,0.993,0.0,114.1073
Sit_Stand_AnklesInvisible,95,Sitting,Standing,False,0.992,0.0,121.4036
Sit_Stand_AnklesInvisible,96,Sitting,Standing,False,0.992,0.0,84.3132
Sit_Stand_AnklesInvisible,97,Sitting,Standing,False,0.99,0.0,95.4613
Sit_Stand_AnklesInvisible,98,Sitting,Standing,False,0.99,0.0,93.5439
Sit_Stand_AnklesInvisible,99,Sitting,Standing,False,0.99,0.0,108.3706
Sit_Stand_AnklesInvisible,100,Sitting,Standing,False,0.99,0.0,110.2314
Sit_Stand_AnklesInvisible,101,Sitting,Standing,False,0.988,0.0,94.7734
Sit_Stand_AnklesInvisible,102,Sitting,Standing,False,0.987,0.0,75.955
Sit_Stand_AnklesInvisible,103,Sitting,Standing,False,0.987,0.0,83.8011
Sit_Stand_AnklesInvisible,104,Sitting,Standing,False,0.985,0.0,83.6734
Sit_Stand_AnklesInvisible,105,Sitting,Standing,False,0.986,0.0,110.5676
Sit_Stand_AnklesInvisible,106,Sitting,Standing,False,0.984,0.0,114.8749
Sit_Stand_AnklesInvisible,107,Sitting,Standing,False,0.985,0.0,117.255
Sit_Stand_AnklesInvisible,108,Sitting,Standing,False,0.985,0.0,94.6297
Sit_Stand_AnklesInvisible,109,Sitting,Standing,False,0.984,0.0,103.0382
Sit_Stand_AnklesInvisible,110,Sitting,Standing,False,0.984,0.0,113.3961
Sit_Stand_AnklesInvisible,111,Sitting,Standing,False,0.986,0.0,109.412
Sit_Stand_AnklesInvisible,112,Sitting,Standing,False,0.985,0.0,107.3869
Sit_Stand_AnklesInvisible,113,Sitting,Standing,False,0.985,0.0,124.1512
Sit_Stand_AnklesInvisible,114,Sitting,Standing,False,0.985,0.0,113.1227
Sit_Stand_AnklesInvisible,115,Sitting,Standing,False,0.985,0.0,116.8414
Sit_Stand_AnklesInvisible,116,Sitting,Standing,False,0.985,0.0,118.7116
Sit_Stand_AnklesInvisible,117,Sitting,Standing,False,0.986,0.0,120.143
Sit_Stand_AnklesInvisible,118,Sitting,Standing,False,0.984,0.0,123.4288
Sit_Stand_AnklesInvisible,119,Sitting,Standing,False,0.983,0.0,121.6363
Sit_Stand_AnklesInvisible,120,Sitting,Standing,False,0.984,0.0,155.9945
Sit_Stand_AnklesInvisible,121,Sitting,Standing,False,0.987,0.0,141.8045
Sit_Stand_AnklesInvisible,122,Sitting,Standing,False,0.986,0.0,131.0597
Sit_Stand_AnklesInvisible,123,Sitting,Standing,False,0.987,0.0,125.545
Sit_Stand_AnklesInvisible,124,Sitting,Standing,False,0.985,0.0,114.2703
Sit_Stand_AnklesInvisible,125,Sitting,Standing,False,0.986,0.0,130.6935
Sit_Stand_AnklesInvisible,126,Sitting,Standing,False,0.986,0.0,140.2786
Sit_Stand_AnklesInvisible,127,Sitting,Standing,False,0.986,0.0,260.9648
Sit_Stand_AnklesInvisible,128,Sitting,Standing,False,0.986,0.0,161.8666
Sit_Stand_AnklesInvisible,129,Sitting,Standing,False,0.986,0.0,153.668
Sit_Stand_AnklesInvisible,130,Sitting,Standing,False,0.986,0.0,152.4333
Sit_Stand_AnklesInvisible,131,Sitting,Standing,False,0.986,0.0,141.7286
Sit_Stand_AnklesInvisible,132,Sitting,Standing,False,0.986,0.0,133.994
Sit_Stand_AnklesInvisible,133,Sitting,Standing,False,0.985,0.0,145.6895
Sit_Stand_AnklesInvisible,134,Sitting,Standing,False,0.987,0.0,146.0747
Sit_Stand_AnklesInvisible,135,Sitting,Standing,False,0.985,0.0,126.226
Sit_Stand_AnklesInvisible,136,Sitting,Standing,False,0.985,0.0,135.2824
Sit_Stand_AnklesInvisible,137,Sitting,Standing,False,0.984,0.0,130.2715
Sit_Stand_AnklesInvisible,138,,Standing,,0.984,0.0,133.5614
Sit_Stand_AnklesInvisible,139,,Standing,,0.982,0.0,136.6432
Sit_Stand_AnklesInvisible,140,,Standing,,0.981,0.0,148.0807
Sit_Stand_AnklesInvisible,141,,Standing,,0.98,0.0,139.2974
Sit_Stand_AnklesInvisible,142,,Standing,,0.979,0.0,165.8144
Sit_Stand_AnklesInvisible,143,,Standing,,0.977,0.0,150.7439
Sit_Stand_AnklesInvisible,144,,Standing,,0.968,0.0,135.0982
Sit_Stand_AnklesInvisible,145,,Standing,,0.959,0.0,171.2574
Sit_Stand_AnklesInvisible,146,,Standing,,0.951,0.0,180.7731
Sit_Stand_AnklesInvisible,147,,Standing,,0.947,0.0,175.2207
Sit_Stand_AnklesInvisible,148,,Standing,,0.936,0.0,148.532
Sit_Stand_AnklesInvisible,149,,Standing,,0.93,0.0,154.6241
Sit_Stand_AnklesInvisible,150,,Standing,,0.917,0.0,133.4152
Sit_Stand_AnklesInvisible,151,,Standing,,0.892,0.0,149.7636
Sit_Stand_AnklesInvisible,152,,Standing,,0.872,0.0,141.9373
Sit_Stand_AnklesInvisible,153,,Standing,,0.851,0.0,135.711
Sit_Stand_AnklesInvisible,154,,Standing,,0.823,0.0,125.1065
Sit_Stand_AnklesInvisible,155,,Standing,,0.802,0.0,136.7193
Sit_Stand_AnklesInvisible,156,,Standing,,0.778,0.0,141.4282
Sit_Stand_AnklesInvisible,157,,Standing,,0.753,0.0,139.6661
Sit_Stand_AnklesInvisible,158,,Standing,,0.726,0.0,143.7657
Sit_Stand_AnklesInvisible,159,,Standing,,0.692,0.0,134.9539
Sit_Stand_AnklesInvisible,160,,Standing,,0.655,0.0,141.0566
Sit_Stand_AnklesInvisible,161,,Standing,,0.674,0.0,130.0258
Sit_Stand_AnklesInvisible,162,,Standing,,0.665,0.0,116.7732
Sit_Stand_AnklesInvisible,163,,Standing,,0.643,0.0,115.6202
Sit_Stand_AnklesInvisible,164,,Standing,,0.661,0.0,125.1179
Sit_Stand_AnklesInvisible,165,,Standing,,0.685,0.0,127.7485
Sit_Stand_AnklesInvisible,166,,Standing,,0.713,0.0,172.7463
Sit_Stand_AnklesInvisible,167,,Standing,,0.715,0.0,155.9415
Sit_Stand_AnklesInvisible,168,Standing,Standing,True,0.75,0.0,124.7643
Sit_Stand_AnklesInvisible,169,Standing,Standing,True,0.785,0.0,130.7056
Sit_Stand_AnklesInvisible,170,Standing,Standing,True,0.837,0.0,130.4136
Sit_Stand_AnklesInvisible,171,Standing,Standing,True,0.878,0.0,187.359
Sit_Stand_AnklesInvisible,172,Standing,Standing,True,0.915,0.0,127.2644
Sit_Stand_AnklesInvisible,173,Standing,Standing,True,0.93,0.0,119.7329
Sit_Stand_AnklesInvisible,174,Standing,Standing,True,0.946,0.0,120.6481
Sit_Stand_AnklesInvisible,175,Standing,Standing,True,0.956,0.0,141.5068
Sit_Stand_AnklesInvisible,176,Standing,Standing,True,0.965,0.0,113.2246
Sit_Stand_AnklesInvisible,177,Standing,Standing,True,0.968,0.0,106.6993
Sit_Stand_AnklesInvisible,178,Standing,Standing,True,0.974,0.0,112.1234
Sit_Stand_AnklesInvisible,179,Standing,Standing,True,0.98,0.0,104.7095
Sit_Stand_AnklesInvisible,180,Standing,Standing,True,0.983,0.0,107.0822
Sit_Stand_AnklesInvisible,181,Standing,Standing,True,0.986,0.0,93.4493
Sit_Stand_AnklesInvisible,182,Standing,Standing,True,0.988,0.0,92.9756
Sit_Stand_AnklesInvisible,183,Standing,Standing,True,0.991,0.0,112.8167
Sit_Stand_AnklesInvisible,184,Standing,Standing,True,0.992,0.0,139.9508
Sit_Stand_AnklesInvisible,185,Standing,Standing,True,0.993,0.0,131.3676
Sit_Stand_AnklesInvisible,186,,Standing,,0.995,0.0,126.5654
Sit_Stand_AnklesInvisible,187,,Standing,,0.995,0.0,141.7761
Sit_Stand_AnklesInvisible,188,,Standing,,0.996,0.0,129.8456
Sit_Stand_AnklesInvisible,189,,Standing,,0.996,0.0,145.2925
Sit_Stand_AnklesInvisible,190,,Standing,,0.996,0.0,135.3299
Sit_Stand_AnklesInvisible,191,,Standing,,0.996,0.0,144.6472
Sit_Stand_AnklesInvisible,192,,Standing,,0.997,0.0,138.846
Sit_Stand_AnklesInvisible,193,,Standing,,0.997,0.0,135.983
Sit_Stand_AnklesInvisible,194,,Standing,,0.997,0.0,141.3853
Sit_Stand_AnklesInvisible,195,,Standing,,0.998,0.0,139.3216
Sit_Stand_AnklesInvisible,196,,Standing,,0.998,0.0,138.1471
Sit_Stand_AnklesInvisible,197,,Standing,,0.998,0.0,132.4475
Sit_Stand_AnklesInvisible,198,,Standing,,0.998,0.0,131.0054
Sit_Stand_AnklesInvisible,199,,Standing,,0.998,0.0,148.6356
Sit_Stand_AnklesInvisible,200,,Standing,,0.998,0.0,166.7199
Sit_Stand_AnklesInvisible,201,,Standing,,0.998,0.0,146.3559
Sit_Stand_AnklesInvisible,202,,Standing,,0.998,0.0,151.708
Sit_Stand_AnklesInvisible,203,,Standing,,0.998,0.0,161.6574
Sit_Stand_AnklesInvisible,204,,Standing,,0.998,0.0,159.5379
Sit_Stand_AnklesInvisible,205,,Standing,,0.998,0.0,156.7895
Sit_Stand_AnklesInvisible,206,,Standing,,0.999,0.0,135.4227
Sit_Stand_AnklesInvisible,207,,Standing,,0.999,0.0,153.7994
Sit_Stand_AnklesInvisible,208,,Standing,,0.999,0.0,127.4779
SitFast_GetupFast,31,Sitting,Standing,False,0.996,0.0,139.1891
SitFast_GetupFast,32,Sitting,Standing,False,0.995,0.0,131.1187
SitFast_GetupFast,33,Sitting,Standing,False,0.995,0.0,139.1407
SitFast_GetupFast,34,Sitting,Standing,False,0.994,0.0,138.7914
SitFast_GetupFast,35,Sitting,Standing,False,0.993,0.0,140.8593
SitFast_GetupFast,36,Sitting,Standing,False,0.992,0.0,182.1179
SitFast_GetupFast,37,Sitting,Standing,False,0.991,0.0,183.1048
SitFast_GetupFast,38,Sitting,Standing,False,0.991,0.0,132.5122
SitFast_GetupFast,39,Sitting,Standing,False,0.991,0.0,143.4201
SitFast_GetupFast,40,Sitting,Standing,False,0.991,0.0,136.9102
SitFast_GetupFast,41,Sitting,Standing,False,0.991,0.0,198.4356
SitFast_GetupFast,42,Sitting,Standing,False,0.991,0.0,178.2851
SitFast_GetupFast,43,Sitting,Standing,False,0.991,0.0,133.2077
SitFast_GetupFast,44,Sitting,Standing,False,0.99,0.0,141.6735
SitFast_GetupFast,45,Sitting,Standing,False,0.987,0.0,148.9573
SitFast_GetupFast,46,Sitting,Standing,False,0.986,0.0,135.4732
SitFast_GetupFast,47,Sitting,Standing,False,0.988,0.0,127.1204
SitFast_GetupFast,48,Sitting,Standing,False,0.99,0.0,179.8825
SitFast_GetupFast,49,Sitting,Standing,False,0.991,0.0,137.0042
SitFast_GetupFast,50,Sitting,Standing,False,0.991,0.0,178.8309
SitFast_GetupFast,51,Sitting,Standing,False,0.991,0.0,127.0861
SitFast_GetupFast,52,Sitting,Standing,False,0.991,0.0,116.6408
SitFast_GetupFast,53,Sitting,Standing,False,0.989,0.0,126.2199
SitFast_GetupFast,54,Sitting,Standing,False,0.99,0.0,123.0866
SitFast_GetupFast,55,Sitting,Standing,False,0.987,0.0,121.5718
SitFast_GetupFast,56,Sitting,Standing,False,0.989,0.0,108.7106
SitFast_GetupFast,57,Sitting,Standing,False,0.988,0.0,110.7389
SitFast_GetupFast,58,Sitting,Standing,False,0.989,0.0,114.7639
SitFast_GetupFast,59,Sitting,Standing,False,0.989,0.0,109.9788
SitFast_GetupFast,60,Sitting,Standing,False,0.989,0.0,120.7443
SitFast_GetupFast,61,Sitting,Standing,False,0.99,0.0,143.2738
SitFast_GetupFast,62,Sitting,Standing,False,0.991,0.0,177.0219
SitFast_GetupFast,63,Sitting,Standing,False,0.991,0.0,211.0126
SitFast_GetupFast,64,Sitting,Standing,False,0.99,0.0,137.1856
SitFast_GetupFast,65,Sitting,Standing,False,0.988,0.0,159.1915
SitFast_GetupFast,66,Sitting,Standing,False,0.986,0.0,139.2191
SitFast_GetupFast,67,Sitting,Standing,False,0.986,0.0,131.7234
SitFast_GetupFast,68,Sitting,Standing,False,0.985,0.0,131.3412
SitFast_GetupFast,69,Sitting,Standing,False,0.985,0.0,143.4572
SitFast_GetupFast,70,Sitting,Standing,False,0.985,0.0,183.804
SitFast_GetupFast,71,Sitting,Standing,False,0.984,0.0,159.2504
SitFast_GetupFast,72,Sitting,Standing,False,0.983,0.0,133.6826
SitFast_GetupFast,73,Sitting,Standing,False,0.982,0.0,143.0021
SitFast_GetupFast,74,Sitting,Standing,False,0.982,0.0,141.371
SitFast_GetupFast,75,Sitting,Standing,False,0.982,0.0,149.2103
SitFast_GetupFast,76,Sitting,Standing,False,0.981,0.0,169.2865
SitFast_GetupFast,77,Sitting,Standing,False,0.981,0.0,172.4986
SitFast_GetupFast,78,Sitting,Standing,False,0.98,0.0,249.2191
SitFast_GetupFast,79,Sitting,Standing,False,0.979,0.0,192.4816
SitFast_GetupFast,80,Sitting,Standing,False,0.979,0.0,233.6997
SitFast_GetupFast,81,Sitting,Standing,False,0.978,0.0,188.6264
SitFast_GetupFast,82,Sitting,Standing,False,0.979,0.0,210.9067
SitFast_GetupFast,83,Sitting,Standing,False,0.979,0.0,174.6998
SitFast_GetupFast,84,Sitting,Standing,False,0.979,0.0,327.5332
SitFast_GetupFast,85,Sitting,Standing,False,0.979,0.0,186.9758
SitFast_GetupFast,86,Sitting,Standing,False,0.979,0.0,222.5992
SitFast_GetupFast,87,Sitting,Standing,False,0.979,0.0,224.1273
SitFast_GetupFast,88,Sitting,Standing,False,0.978,0.0,398.0924
SitFast_GetupFast,89,Sitting,Standing,False,0.978,0.0,184.8151
SitFast_GetupFast,90,Sitting,Standing,False,0.978,0.0,147.5859
SitFast_GetupFast,91,Sitting,Standing,False,0.978,0.0,148.6082
SitFast_GetupFast,92,Sitting,Standing,False,0.979,0.0,166.0112
SitFast_GetupFast,93,Sitting,Standing,False,0.979,0.0,144.095
SitFast_GetupFast,94,Sitting,Standing,False,0.979,0.0,196.3389
SitFast_GetupFast,95,Sitting,Standing,False,0.979,0.0,190.267
SitFast_GetupFast,96,Sitting,Standing,False,0.979,0.0,192.5961
SitFast_GetupFast,97,Sitting,Standing,False,0.979,0.0,177.1133
SitFast_GetupFast,98,Sitting,Standing,False,0.98,0.0,167.7421
SitFast_GetupFast,99,Sitting,Standing,False,0.98,0.0,163.7328
SitFast_GetupFast,100,Sitting,Standing,False,0.981,0.0,155.4842
SitFast_GetupFast,101,Sitting,Standing,False,0.981,0.0,186.4386
SitFast_GetupFast,102,Sitting,Standing,False,0.981,0.0,201.0709
SitFast_GetupFast,103,Sitting,Standing,False,0.982,0.0,167.5483
SitFast_GetupFast,104,Sitting,Standing,False,0.982,0.0,193.0834
SitFast_GetupFast,105,Sitting,Standing,False,0.982,0.0,148.9595
SitFast_GetupFast,106,Sitting,Standing,False,0.981,0.0,143.6968
SitFast_GetupFast,107,Sitting,Standing,False,0.981,0.0,147.4399
SitFast_GetupFast,108,Sitting,Standing,False,0.98,0.0,167.1403
SitFast_GetupFast,109,Sitting,Standing,False,0.98,0.0,152.1821
SitFast_GetupFast,110,Sitting,Standing,False,0.979,0.0,174.2364
SitFast_GetupFast,111,,Standing,,0.977,0.0,154.1594
SitFast_GetupFast,112,,Standing,,0.976,0.0,147.8675
SitFast_GetupFast,113,,Standing,,0.974,0.0,138.7079
SitFast_GetupFast,114,,Standing,,0.973,0.0,136.6831
SitFast_GetupFast,115,,Standing,,0.97,0.0,144.4191
SitFast_GetupFast,116,,Standing,,0.966,0.0,174.5826
SitFast_GetupFast,117,,Standing,,0.963,0.0,222.8723
SitFast_GetupFast,118,,Standing,,0.959,0.0,200.4093
SitFast_GetupFast,119,,Standing,,0.954,0.0,196.4915
SitFast_GetupFast,120,,Standing,,0.949,0.0,147.7052
SitFast_GetupFast,121,,Standing,,0.942,0.0,143.3241
SitFast_GetupFast,122,,Standing,,0.933,0.0,145.768
SitFast_GetupFast,123,,Standing,,0.923,0.0,144.2928
SitFast_GetupFast,124,,Standing,,0.912,0.0,147.9373
SitFast_GetupFast,125,,Standing,,0.901,0.0,122.7107
SitFast_GetupFast,126,,Standing,,0.89,0.0,128.922
SitFast_GetupFast,127,,Standing,,0.875,0.0,123.1091
SitFast_GetupFast,128,,Standing,,0.862,0.0,116.3056
SitFast_GetupFast,129,,Standing,,0.847,0.0,109.0736
SitFast_GetupFast,130,,Standing,,0.84,0.0,98.8923
SitFast_GetupFast,131,,Standing,,0.83,0.0,104.4837
SitFast_GetupFast,132,,Standing,,0.823,0.0,85.0844
SitFast_GetupFast,133,,Standing,,0.823,0.0,91.4368
SitFast_GetupFast,134,,Standing,,0.813,0.0,84.872
SitFast_GetupFast,135,,Standing,,0.81,0.0,79.8847
SitFast_GetupFast,136,,Standing,,0.805,0.0,113.5324
SitFast_GetupFast,137,,Standing,,0.79,0.0,84.5034
SitFast_GetupFast,138,,Standing,,0.756,0.0,98.1182
SitFast_GetupFast,139,,Standing,,0.719,0.0,90.6779
SitFast_GetupFast,140,,Standing,,0.658,0.0,97.8323
SitFast_GetupFast,141,,Standing,,0.601,0.0,86.1817
SitFast_GetupFast,142,,Standing,,0.538,0.0,97.5703
SitFast_GetupFast,143,,Sitting,,0.465,0.0,103.2898
SitFast_GetupFast,144,,Sitting,,0.527,0.0,149.2092
SitFast_GetupFast,145,,Sitting,,0.577,0.0,104.0736
SitFast_GetupFast,146,,Sitting,,0.617,0.0,114.1022
SitFast_GetupFast,147,,Sitting,,0.657,0.0,98.2657
SitFast_GetupFast,148,,Sitting,,0.692,0.0,108.942
SitFast_GetupFast,149,,Sitting,,0.716,0.0,112.9333
SitFast_GetupFast,150,,Sitting,,0.738,0.0,125.966
SitFast_GetupFast,151,,Sitting,,0.753,0.0,136.0055
SitFast_GetupFast,152,,Sitting,,0.76,0.0,118.609
SitFast_GetupFast,153,,Sitting,,0.763,0.0,117.6324
SitFast_GetupFast,154,,Sitting,,0.763,0.0,121.8362
SitFast_GetupFast,155,,Sitting,,0.757,0.0,138.3355
SitFast_GetupFast,156,,Sitting,,0.749,0.0,134.0204
SitFast_GetupFast,157,,Sitting,,0.728,0.0,131.6091
SitFast_GetupFast,158,,Sitting,,0.705,0.0,167.4553
SitFast_GetupFast,159,,Sitting,,0.674,0.0,125.5416
SitFast_GetupFast,160,,Sitting,,0.649,0.0,128.4287
SitFast_GetupFast,161,,Sitting,,0.619,0.0,130.2357
SitFast_GetupFast,162,,Sitting,,0.576,0.0,141.0997
SitFast_GetupFast,163,,Sitting,,0.513,0.0,130.2746
SitFast_GetupFast,164,,Standing,,0.48,0.0,123.2315
SitFast_GetupFast,165,,Standing,,0.597,0.0,132.1923
SitFast_GetupFast,166,,Standing,,0.725,0.0,117.2393
SitFast_GetupFast,167,,Standing,,0.828,0.0,120.8887
SitFast_GetupFast,168,,Standing,,0.904,0.0,108.6878
SitFast_GetupFast,169,,Standing,,0.946,0.0,118.2163
SitFast_GetupFast,170,,Standing,,0.967,0.0,124.0451
SitFast_GetupFast,171,,Standing,,0.979,0.0,127.0112
SitFast_GetupFast,172,,Standing,,0.987,0.0,133.995
SitFast_GetupFast,173,,Standing,,0.991,0.0,135.6407
SitFast_GetupFast,174,,Standing,,0.994,0.0,130.3912
SitFloor_lowKeypoints_crossedLegs,31,,Lying,,0.627,0.0,130.7804
SitFloor_lowKeypoints_crossedLegs,32,,Lying,,0.732,0.0,128.5319
SitFloor_lowKeypoints_crossedLegs,33,,Lying,,0.806,0.0,113.3551
SitFloor_lowKeypoints_crossedLegs,34,,Lying,,0.861,0.0,126.472
SitFloor_lowKeypoints_crossedLegs,35,,Lying,,0.902,0.0,128.0592
SitFloor_lowKeypoints_crossedLegs,36,,Lying,,0.931,0.0,133.9518
SitFloor_lowKeypoints_crossedLegs,37,,Lying,,0.945,0.0,136.8095
SitFloor_lowKeypoints_crossedLegs,38,,Lying,,0.951,0.0,136.8784
SitFloor_lowKeypoints_crossedLegs,39,,Lying,,0.953,0.0,127.1508
SitFloor_lowKeypoints_crossedLegs,40,,Lying,,0.945,0.0,134.2854
SitFloor_lowKeypoints_crossedLegs,41,,Lying,,0.945,0.0,138.7753
SitFloor_lowKeypoints_crossedLegs,42,,Lying,,0.945,0.0,168.7906
SitFloor_lowKeypoints_crossedLegs,43,,Lying,,0.948,0.0,138.4459
SitFloor_lowKeypoints_crossedLegs,44,,Lying,,0.958,0.0,157.1724
SitFloor_lowKeypoints_crossedLegs,45,,Lying,,0.957,0.0,102.608
SitFloor_lowKeypoints_crossedLegs,46,,Lying,,0.931,0.0,97.8036
SitFloor_lowKeypoints_crossedLegs,47,,Lying,,0.912,0.0,123.2761
SitFloor_lowKeypoints_crossedLegs,48,,Lying,,0.848,0.0,107.1317
SitFloor_lowKeypoints_crossedLegs,49,,Lying,,0.785,0.0,125.5841
SitFloor_lowKeypoints_crossedLegs,50,,Lying,,0.717,0.0,126.1262
SitFloor_lowKeypoints_crossedLegs,51,,Lying,,0.695,0.0,118.0223
SitFloor_lowKeypoints_crossedLegs,52,,Lying,,0.678,0.0,111.6654
SitFloor_lowKeypoints_crossedLegs,53,,Lying,,0.752,0.0,119.1449
SitFloor_lowKeypoints_crossedLegs,54,,Lying,,0.62,0.0,158.1705
SitFloor_lowKeypoints_crossedLegs,55,,Lying,,0.689,0.0,129.4915
SitFloor_lowKeypoints_crossedLegs,56,,Lying,,0.58,0.0,119.5763
SitFloor_lowKeypoints_crossedLegs,57,,Lying,,0.627,0.0,107.0414
SitFloor_lowKeypoints_crossedLegs,58,,Lying,,0.748,0.0,89.6691
SitFloor_lowKeypoints_crossedLegs,59,,Lying,,0.654,0.0,113.7414
SitFloor_lowKeypoints_crossedLegs,60,,Lying,,0.539,0.0,123.9102
SitFloor_lowKeypoints_crossedLegs,61,,Lying,,0.637,0.0,109.3936
SitFloor_lowKeypoints_crossedLegs,62,,Lying,,0.474,0.0,110.2324
SitFloor_lowKeypoints_crossedLegs,63,,Lying,,0.638,0.0,112.9423
SitFloor_lowKeypoints_crossedLegs,64,,Lying,,0.511,0.0,112.362
SitFloor_lowKeypoints_crossedLegs,65,,Lying,,0.604,0.0,115.4171
SitFloor_lowKeypoints_crossedLegs,66,,Lying,,0.538,0.0,113.9437
SitFloor_lowKeypoints_crossedLegs,67,,Lying,,0.405,0.0,113.4977
SitFloor_lowKeypoints_crossedLegs,68,,Sitting,,0.446,0.0,118.9378
SitFloor_lowKeypoints_crossedLegs,69,,Sitting,,0.541,0.0,130.7693
SitFloor_lowKeypoints_crossedLegs,70,,Sitting,,0.612,0.0,127.9185
SitFloor_lowKeypoints_crossedLegs,71,,Sitting,,0.719,0.0,131.7844
SitFloor_lowKeypoints_crossedLegs,72,,Sitting,,0.779,0.0,99.8608
SitFloor_lowKeypoints_crossedLegs,73,,Sitting,,0.795,0.0,113.7327
SitFloor_lowKeypoints_crossedLegs,74,,Sitting,,0.809,0.0,108.3481
SitFloor_lowKeypoints_crossedLegs,75,,Sitting,,0.758,0.0,120.2823
SitFloor_lowKeypoints_crossedLegs,76,,Sitting,,0.75,0.0,103.4542
SitFloor_lowKeypoints_crossedLegs,77,,Sitting,,0.681,0.0,109.0607
SitFloor_lowKeypoints_crossedLegs,78,,Sitting,,0.588,0.0,103.3842
SitFloor_lowKeypoints_crossedLegs,79,,Sitting,,0.503,0.0,146.7003
SitFloor_lowKeypoints_crossedLegs,80,,Sitting,,0.449,0.0,191.1751
SitFloor_lowKeypoints_crossedLegs,81,,Lying,,0.485,0.0,152.1062
SitFloor_lowKeypoints_crossedLegs,82,,Lying,,0.482,0.0,168.6554
SitFloor_lowKeypoints_crossedLegs,83,,Lying,,0.536,0.0,181.2466
SitFloor_lowKeypoints_crossedLegs,84,,Lying,,0.439,0.0,180.1232
SitFloor_lowKeypoints_crossedLegs,85,,Lying,,0.479,0.0,235.0399
SitFloor_lowKeypoints_crossedLegs,86,Sitting,Lying,False,0.472,0.0,191.5895
SitFloor_lowKeypoints_crossedLegs,87,Sitting,Lying,False,0.559,0.0,182.7257
SitFloor_lowKeypoints_crossedLegs,88,Sitting,Lying,False,0.644,0.0,162.0983
SitFloor_lowKeypoints_crossedLegs,89,Sitting,Lying,False,0.701,0.0,167.1077
SitFloor_lowKeypoints_crossedLegs,90,Sitting,Lying,False,0.73,0.0,143.6294
SitFloor_lowKeypoints_crossedLegs,91,Sitting,Lying,False,0.771,0.0,147.0333
SitFloor_lowKeypoints_crossedLegs,92,Sitting,Lying,False,0.813,0.0,141.0275
SitFloor_lowKeypoints_crossedLegs,93,Sitting,Lying,False,0.837,0.0,183.3505
SitFloor_lowKeypoints_crossedLegs,94,Sitting,Lying,False,0.858,0.0,192.0165
SitFloor_lowKeypoints_crossedLegs,95,Sitting,Lying,False,0.873,0.0,139.1138
SitFloor_lowKeypoints_crossedLegs,96,Sitting,Lying,False,0.867,0.0,155.2374
SitFloor_lowKeypoints_crossedLegs,97,Sitting,Lying,False,0.864,0.0,177.6785
SitFloor_lowKeypoints_crossedLegs,98,Sitting,Lying,False,0.828,0.0,152.8777
SitFloor_lowKeypoints_crossedLegs,99,Sitting,Lying,False,0.799,0.0,157.8876
SitFloor_lowKeypoints_crossedLegs,100,Sitting,Lying,False,0.818,0.0,142.9933
SitFloor_lowKeypoints_crossedLegs,101,Sitting,Lying,False,0.774,0.0,152.2831
SitFloor_lowKeypoints_crossedLegs,102,Sitting,Lying,False,0.744,0.0,139.4632
SitFloor_lowKeypoints_crossedLegs,103,Sitting,Lying,False,0.73,0.0,140.3073
SitFloor_lowKeypoints_crossedLegs,104,Sitting,Lying,False,0.756,0.0,153.3794
SitFloor_lowKeypoints_crossedLegs,105,Sitting,Lying,False,0.654,0.0,141.3571
SitFloor_lowKeypoints_crossedLegs,106,Sitting,Lying,False,0.522,0.0,137.2771
SitFloor_lowKeypoints_crossedLegs,107,Sitting,Lying,False,0.51,0.0,240.8241
SitFloor_lowKeypoints_crossedLegs,108,Sitting,Lying,False,0.527,0.0,167.9159
SitFloor_lowKeypoints_crossedLegs,109,Sitting,Lying,False,0.535,0.0,213.0729
SitFloor_lowKeypoints_crossedLegs,110,Sitting,Lying,False,0.53,0.0,264.1217
SitFloor_lowKeypoints_crossedLegs,111,Sitting,Lying,False,0.567,0.0,182.0135
SitFloor_lowKeypoints_crossedLegs,112,Sitting,Lying,False,0.606,0.0,140.2511
SitFloor_lowKeypoints_crossedLegs,113,Sitting,Lying,False,0.616,0.0,181.6509
SitFloor_lowKeypoints_crossedLegs,114,Sitting,Lying,False,0.461,0.0,220.1923
SitFloor_lowKeypoints_crossedLegs,115,Sitting,Lying,False,0.515,0.0,140.5958
SitFloor_lowKeypoints_crossedLegs,116,Sitting,Lying,False,0.565,0.0,146.6906
SitFloor_lowKeypoints_crossedLegs,117,Sitting,Lying,False,0.541,0.0,152.4258
SitFloor_lowKeypoints_crossedLegs,118,Sitting,Lying,False,0.601,0.0,173.667
SitFloor_lowKeypoints_crossedLegs,119,Sitting,Lying,False,0.636,0.0,142.3233
SitFloor_lowKeypoints_crossedLegs,120,Sitting,Lying,False,0.653,0.0,157.1118
SitFloor_lowKeypoints_crossedLegs,121,Sitting,Lying,False,0.582,0.0,531.3105
SitFloor_lowKeypoints_crossedLegs,122,Sitting,Lying,False,0.571,0.0,169.1304
SitFloor_lowKeypoints_crossedLegs,123,Sitting,Lying,False,0.545,0.0,152.1668
SitFloor_lowKeypoints_crossedLegs,124,Sitting,Lying,False,0.529,0.0,162.5835
SitFloor_lowKeypoints_crossedLegs,125,Sitting,Lying,False,0.586,0.0,164.997
SitFloor_lowKeypoints_crossedLegs,126,Sitting,Lying,False,0.605,0.0,144.1361
SitFloor_lowKeypoints_crossedLegs,127,Sitting,Lying,False,0.566,0.0,182.7591
SitFloor_lowKeypoints_crossedLegs,128,Sitting,Lying,False,0.622,0.0,149.5757
SitFloor_lowKeypoints_crossedLegs,129,Sitting,Lying,False,0.598,0.0,145.2442
SitFloor_lowKeypoints_crossedLegs,130,Sitting,Lying,False,0.609,0.0,155.4459
SitFloor_lowKeypoints_crossedLegs,131,Sitting,Lying,False,0.561,0.0,141.6579
SitFloor_lowKeypoints_crossedLegs,132,Sitting,Lying,False,0.634,0.0,138.1726
SitFloor_lowKeypoints_crossedLegs,133,Sitting,Lying,False,0.671,0.0,151.3791
SitFloor_lowKeypoints_crossedLegs,134,Sitting,Lying,False,0.657,0.0,152.9171
SitFloor_lowKeypoints_crossedLegs,135,Sitting,Lying,False,0.636,0.0,151.0407
SitFloor_lowKeypoints_crossedLegs,136,Sitting,Lying,False,0.627,0.0,132.1584
SitFloor_lowKeypoints_crossedLegs,137,Sitting,Lying,False,0.616,0.0,127.0412
SitFloor_lowKeypoints_crossedLegs,138,Sitting,Lying,False,0.646,0.0,119.5547
SitFloor_lowKeypoints_crossedLegs,139,Sitting,Lying,False,0.656,0.0,91.6742
SitFloor_lowKeypoints_crossedLegs,140,Sitting,Lying,False,0.648,0.0,106.0752
SitFloor_lowKeypoints_crossedLegs,141,Sitting,Lying,False,0.668,0.0,115.0349
SitFloor_lowKeypoints_crossedLegs,142,Sitting,Lying,False,0.675,0.0,112.5834
SitFloor_lowKeypoints_crossedLegs,143,Sitting,Lying,False,0.679,0.0,98.6676
SitFloor_lowKeypoints_crossedLegs,144,Sitting,Lying,False,0.656,0.0,130.1315
SitFloor_lowKeypoints_crossedLegs,145,Sitting,Lying,False,0.661,0.0,140.277
SitFloor_lowKeypoints_crossedLegs,146,Sitting,Lying,False,0.661,0.0,145.3991
SitFloor_lowKeypoints_crossedLegs,147,Sitting,Lying,False,0.672,0.0,127.2879
SitFloor_lowKeypoints_crossedLegs,148,Sitting,Lying,False,0.613,0.0,140.2343
SitFloor_lowKeypoints_crossedLegs,149,Sitting,Lying,False,0.613,0.0,123.3695
SitFloor_lowKeypoints_crossedLegs,150,Sitting,Lying,False,0.643,0.0,130.5698
SitFloor_lowKeypoints_crossedLegs,151,Sitting,Lying,False,0.609,0.0,142.3495
SitFloor_lowKeypoints_crossedLegs,152,Sitting,Lying,False,0.604,0.0,141.8871
SitFloor_lowKeypoints_crossedLegs,153,Sitting,Lying,False,0.615,0.0,141.4138
SitFloor_lowKeypoints_crossedLegs,154,Sitting,Lying,False,0.568,0.0,123.7763
SitFloor_lowKeypoints_crossedLegs,155,Sitting,Lying,False,0.546,0.0,96.8408
SitFloor_lowKeypoints_crossedLegs,156,Sitting,Lying,False,0.534,0.0,118.6302
SitFloor_lowKeypoints_crossedLegs,157,Sitting,Lying,False,0.516,0.0,111.0039
SitFloor_lowKeypoints_crossedLegs,158,Sitting,Unknown,False,0.487,0.0,103.0463
SitFloor_lowKeypoints_crossedLegs,159,Sitting,Lying,False,0.501,0.0,126.9738
SitFloor_lowKeypoints_crossedLegs,160,Sitting,Unknown,False,0.498,0.0,124.4314
SitFloor_lowKeypoints_crossedLegs,161,Sitting,Unknown,False,0.536,0.0,114.5554
SitFloor_lowKeypoints_crossedLegs,162,Sitting,Unknown,False,0.542,0.0,106.6685
SitFloor_lowKeypoints_crossedLegs,163,Sitting,Unknown,False,0.552,0.0,110.7663
SitFloor_lowKeypoints_crossedLegs,164,Sitting,Unknown,False,0.543,0.0,148.0973
SitFloor_lowKeypoints_crossedLegs,165,Sitting,Unknown,False,0.565,0.0,106.2538
SitFloor_lowKeypoints_crossedLegs,166,Sitting,Unknown,False,0.599,0.0,101.7798
SitFloor_lowKeypoints_crossedLegs,167,Sitting,Unknown,False,0.631,0.0,96.2665
SitFloor_lowKeypoints_crossedLegs,168,Sitting,Unknown,False,0.649,0.0,94.0192
SitFloor_lowKeypoints_crossedLegs,169,Sitting,Unknown,False,0.637,0.0,108.2856
SitFloor_lowKeypoints_crossedLegs,170,Sitting,Unknown,False,0.68,0.0,88.9864
SitFloor_lowKeypoints_crossedLegs,171,Sitting,Unknown,False,0.661,0.0,78.6304
SitFloor_lowKeypoints_crossedLegs,172,Sitting,Unknown,False,0.667,0.0,95.7507
SitFloor_lowKeypoints_crossedLegs,173,Sitting,Unknown,False,0.674,0.0,110.9276
SitFloor_lowKeypoints_crossedLegs,174,Sitting,Unknown,False,0.695,0.0,91.0908
SitFloor_lowKeypoints_crossedLegs,175,Sitting,Unknown,False,0.687,0.0,105.795
SitFloor_lowKeypoints_crossedLegs,176,Sitting,Unknown,False,0.692,0.0,115.0912
SitFloor_lowKeypoints_crossedLegs,177,Sitting,Unknown,False,0.713,0.0,110.9823
SitFloor_lowKeypoints_crossedLegs,178,Sitting,Unknown,False,0.699,0.0,106.9967
SitFloor_lowKeypoints_crossedLegs,179,Sitting,Unknown,False,0.674,0.0,107.7628
SitFloor_lowKeypoints_crossedLegs,180,Sitting,Unknown,False,0.688,0.0,134.3815
SitFloor_lowKeypoints_crossedLegs,181,Sitting,Unknown,False,0.677,0.0,127.9046
SitFloor_lowKeypoints_crossedLegs,182,Sitting,Unknown,False,0.672,0.0,123.2128
SitFloor_lowKeypoints_crossedLegs,183,Sitting,Unknown,False,0.691,0.0,109.874
SitFloor_lowKeypoints_crossedLegs,184,Sitting,Unknown,False,0.66,0.0,120.6884
SitFloor_lowKeypoints_crossedLegs,185,Sitting,Unknown,False,0.646,0.0,165.0203
SitFloor_lowKeypoints_crossedLegs,186,Sitting,Unknown,False,0.632,0.0,129.6022
SitFloor_lowKeypoints_crossedLegs,187,Sitting,Unknown,False,0.626,0.0,144.3799
SitFloor_lowKeypoints_crossedLegs,188,Sitting,Unknown,False,0.649,0.0,148.176
SitFloor_lowKeypoints_crossedLegs,189,Sitting,Unknown,False,0.585,0.0,150.2704
SitFloor_lowKeypoints_crossedLegs,190,Sitting,Unknown,False,0.641,0.0,159.874
SitFloor_lowKeypoints_crossedLegs,191,Sitting,Unknown,False,0.572,0.0,172.0438
SitFloor_lowKeypoints_crossedLegs,192,Sitting,Unknown,False,0.547,0.0,187.1846
SitFloor_lowKeypoints_crossedLegs,193,Sitting,Unknown,False,0.514,0.0,172.9289
SitFloor_lowKeypoints_crossedLegs,194,Sitting,Unknown,False,0.507,0.0,148.6443
SitFloor_lowKeypoints_crossedLegs,195,Sitting,Unknown,False,0.491,0.0,201.9326
SitFloor_lowKeypoints_crossedLegs,196,Sitting,Unknown,False,0.491,0.0,227.1311
SitFloor_lowKeypoints_crossedLegs,197,Sitting,Lying,False,0.53,0.0,207.7102
SitFloor_lowKeypoints_crossedLegs,198,Sitting,Lying,False,0.531,0.0,155.6336
SitFloor_lowKeypoints_crossedLegs,199,Sitting,Lying,False,0.565,0.0,143.8932
SitFloor_lowKeypoints_crossedLegs,200,Sitting,Lying,False,0.56,0.0,147.0915
SitFloor_lowKeypoints_crossedLegs,201,,Lying,,0.617,0.0,141.217
SitFloor_lowKeypoints_crossedLegs,202,,Lying,,0.645,0.0,148.2838
SitFloor_lowKeypoints_crossedLegs,203,,Lying,,0.683,0.0,125.842
SitFloor_lowKeypoints_crossedLegs,204,,Lying,,0.727,0.0,211.1727
SitFloor_lowKeypoints_crossedLegs,205,,Lying,,0.72,0.0,206.8003
SitFloor_lowKeypoints_crossedLegs,206,,Lying,,0.723,0.0,199.8148
SitFloor_lowKeypoints_crossedLegs,207,,Lying,,0.784,0.0,136.3875
SitFloor_lowKeypoints_crossedLegs,208,,Lying,,0.737,0.0,173.2319
SitFloor_lowKeypoints_crossedLegs,209,,Lying,,0.73,0.0,160.3795
SitFloor_lowKeypoints_crossedLegs,210,,Lying,,0.747,0.0,166.5192
SitFloor_lowKeypoints_crossedLegs,211,,Lying,,0.702,0.0,143.7089
SitFloor_lowKeypoints_crossedLegs,212,,Lying,,0.71,0.0,141.0922
SitFloor_lowKeypoints_crossedLegs,213,,Lying,,0.753,0.0,130.9072
SitFloor_lowKeypoints_crossedLegs,214,,Lying,,0.722,0.0,120.8653
SitFloor_lowKeypoints_crossedLegs,215,,Lying,,0.728,0.0,133.6466
SitFloor_lowKeypoints_crossedLegs,216,,Lying,,0.7,0.0,170.5654
SitFloor_lowKeypoints_crossedLegs,217,,Lying,,0.737,0.0,169.1482
SitFloor_lowKeypoints_crossedLegs,218,,Lying,,0.682,0.0,145.4537
SitFloor_lowKeypoints_crossedLegs,219,,Lying,,0.638,0.0,132.52
SitFloor_lowKeypoints_crossedLegs,220,,Lying,,0.628,0.0,174.9232
SitFloor_lowKeypoints_crossedLegs,221,,Lying,,0.608,0.0,132.8088
SitFloor_lowKeypoints_crossedLegs,222,,Lying,,0.58,0.0,148.026
SitFloor_lowKeypoints_crossedLegs,223,,Lying,,0.577,0.0,148.8259
SitFloor_lowKeypoints_crossedLegs,224,,Lying,,0.581,0.0,148.4637
SitFloor_lowKeypoints_crossedLegs,225,,Lying,,0.595,0.0,160.9348
SitFloor_lowKeypoints_crossedLegs,226,,Lying,,0.555,0.0,201.2339
SitFloor_lowKeypoints_crossedLegs,227,,Lying,,0.579,0.0,160.3668
SitFloor_lowKeypoints_crossedLegs,228,,Lying,,0.572,0.0,152.5794
SitFloor_lowKeypoints_crossedLegs,229,,Lying,,0.579,0.0,158.0941
SitFloor_lowKeypoints_crossedLegs,230,,Lying,,0.602,0.0,156.5603
SitFloor_lowKeypoints_crossedLegs,231,,Lying,,0.692,0.0,157.4926
SitFloor_lowKeypoints_crossedLegs,232,,Lying,,0.585,0.0,140.132
SitFloor_lowKeypoints_crossedLegs,233,,Lying,,0.62,0.0,147.8589
SitFloor_lowKeypoints_crossedLegs,234,,Lying,,0.634,0.0,138.4955
SitFloor_lowKeypoints_crossedLegs,235,,Lying,,0.652,0.0,128.6208
SitFloor_lowKeypoints_crossedLegs,236,,Lying,,0.667,0.0,141.4254
SitFloor_lowKeypoints_crossedLegs,237,,Lying,,0.745,0.0,151.6774
SitFloor_lowKeypoints_crossedLegs,238,,Lying,,0.777,0.0,178.7254
SitFloor_lowKeypoints_crossedLegs,239,,Lying,,0.799,0.0,160.1681
SitFloor_lowKeypoints_crossedLegs,240,,Lying,,0.791,0.0,186.363
SitFloor_lowKeypoints_crossedLegs,241,,Lying,,0.807,0.0,187.0208
SitFloor_lowKeypoints_crossedLegs,242,,Lying,,0.827,0.0,154.1793
SitFloor_lowKeypoints_crossedLegs,243,,Lying,,0.858,0.0,149.3747
SitFloor_lowKeypoints_crossedLegs,244,,Lying,,0.878,0.0,157.0407
SitFloor_lowKeypoints_crossedLegs,245,,Lying,,0.897,0.0,138.4943
SitFloor_lowKeypoints_crossedLegs,246,,Lying,,0.915,0.0,158.5625
SitFloor_lowKeypoints_crossedLegs,247,,Lying,,0.918,0.0,133.5577
SitFloor_lowKeypoints_crossedLegs,248,,Lying,,0.894,0.0,118.8377
SitFloor_lowKeypoints_crossedLegs,249,,Lying,,0.923,0.0,133.1642
SitFloor_lowKeypoints_crossedLegs,250,,Lying,,0.926,0.0,139.1564
SitFloor_lowKeypoints_crossedLegs,251,,Lying,,0.958,0.0,139.3528
SitFloor_lowKeypoints_crossedLegs,252,,Lying,,0.956,0.0,131.9115
SitFloor_lowKeypoints_crossedLegs,253,,Lying,,0.957,0.0,135.2697
SitFloor_lowKeypoints_crossedLegs,254,,Lying,,0.956,0.0,117.5748
SitFloor_lowKeypoints_crossedLegs,255,,Lying,,0.952,0.0,120.127
SitFloor_lowKeypoints_crossedLegs,256,,Lying,,0.943,0.0,129.1512
SitFloor_lowKeypoints_crossedLegs,257,,Lying,,0.933,0.0,123.7748
SitFloor_lowKeypoints_crossedLegs,258,,Lying,,0.903,0.0,131.0467
SitFloor_lowKeypoints_crossedLegs,259,,Lying,,0.891,0.0,176.625
SitFloor_lowKeypoints_crossedLegs,260,,Lying,,0.872,0.0,208.0078
SitFloor_lowKeypoints_crossedLegs,261,,Lying,,0.798,0.0,163.6008
SitFloor_lowKeypoints_crossedLegs,262,,Lying,,0.792,0.0,140.9647
SitFloor_lowKeypoints_crossedLegs,263,,Lying,,0.705,0.0,145.1282
SitFloor_lowKeypoints_crossedLegs,264,,Lying,,0.699,0.0,153.1302
SitFloor_lowKeypoints_crossedLegs,265,,Lying,,0.67,0.0,151.0576
SitFloor_lowKeypoints_crossedLegs,266,,Lying,,0.581,0.0,139.8465
SitFloor_lowKeypoints_crossedLegs,267,,Sitting,,0.497,0.0,148.0411
SitFloor_lowKeypoints_crossedLegs,268,,Lying,,0.564,0.0,128.919
SitFloor_lowKeypoints_crossedLegs,269,,Lying,,0.548,0.0,128.5515
SitFloor_lowKeypoints_crossedLegs,270,,Lying,,0.667,0.0,126.425
SitFloor_lowKeypoints_crossedLegs,271,,Lying,,0.624,0.0,104.7901
SitFloor_lowKeypoints_crossedLegs,272,,Lying,,0.697,0.0,133.3887
SitFloor_lowKeypoints_crossedLegs,273,,Lying,,0.725,0.0,122.458
SitFloor_lowKeypoints_crossedLegs,274,,Lying,,0.762,0.0,126.7925
SitFloor_lowKeypoints_crossedLegs,275,,Lying,,0.811,0.0,122.9843
SitFloor_lowKeypoints_crossedLegs,276,,Lying,,0.872,0.0,136.107
SitFloor_lowKeypoints_crossedLegs,277,,Lying,,0.92,0.0,165.3337
SitFloor_lowKeypoints_crossedLegs,278,,Lying,,0.889,0.0,127.9985
SitFloor_lowKeypoints_crossedLegs,279,,Lying,,0.877,0.0,95.9225
SitFloor_lowKeypoints_crossedLegs,280,,Lying,,0.85,0.0,113.1893
SitFloor_lowKeypoints_crossedLegs,281,,Lying,,0.77,0.0,110.0258
SitFloor_lowKeypoints_crossedLegs,282,,Lying,,0.821,0.0,106.0325
SitFloor_lowKeypoints_crossedLegs,283,,Lying,,0.866,0.0,104.264
SitFloor_lowKeypoints_crossedLegs,284,,Lying,,0.826,0.0,76.8813
SitFloor_lowKeypoints_crossedLegs,285,,Lying,,0.838,0.0,79.5493
SitFloor_lowKeypoints_crossedLegs,286,,Lying,,0.833,0.0,97.184
SitFloor_lowKeypoints_crossedLegs,287,,Lying,,0.724,0.0,118.6089
SitFloor_lowKeypoints_crossedLegs,288,,Lying,,0.711,0.0,113.2607
SitFloor_lowKeypoints_crossedLegs,289,,Lying,,0.598,0.0,121.7383
SitFloor_lowKeypoints_crossedLegs,290,,Lying,,0.572,0.0,139.5002
SitFloor_lowKeypoints_crossedLegs,291,,Sitting,,0.595,0.0,129.6651
SitFloor_lowKeypoints_crossedLegs,292,,Sitting,,0.674,0.0,119.8124
SitFloor_lowKeypoints_crossedLegs,293,,Sitting,,0.788,0.0,110.2691
SitFloor_lowKeypoints_crossedLegs,294,,Sitting,,0.793,0.0,116.7778
SitFloor_lowKeypoints_crossedLegs,295,,Sitting,,0.845,0.0,102.6869
SitFloor_lowKeypoints_crossedLegs,296,,Sitting,,0.861,0.0,107.0325
SitFloor_lowKeypoints_crossedLegs,297,,Sitting,,0.91,0.0,104.2524
SitFloor_lowKeypoints_crossedLegs,298,,Sitting,,0.915,0.0,95.9601
SitFloor_lowKeypoints_crossedLegs,299,,Sitting,,0.934,0.0,108.0741
SitFloor_lowKeypoints_crossedLegs,300,,Sitting,,0.924,0.0,104.7931
SitFloor_lowKeypoints_crossedLegs,301,,Sitting,,0.892,0.0,111.1307
SitFloor_lowKeypoints_crossedLegs,302,,Sitting,,0.824,0.0,109.4175
SitFloor_lowKeypoints_crossedLegs,303,,Sitting,,0.73,0.0,123.6831
SitFloor_lowKeypoints_crossedLegs,304,,Sitting,,0.572,0.0,120.8427
SitFloor_lowKeypoints_crossedLegs,305,,Standing,,0.707,0.0,134.2521
SitFloor_lowKeypoints_crossedLegs,306,,Standing,,0.815,0.0,132.2348
SitFloor_lowKeypoints_crossedLegs,307,,Standing,,0.915,0.0,151.8076
SitFloor_lowKeypoints_crossedLegs,308,,Standing,,0.958,0.0,146.3312
SitFloor_lowKeypoints_crossedLegs,309,,Standing,,0.974,0.0,135.2869
SitFloor_lowKeypoints_crossedLegs,310,,Standing,,0.982,0.0,153.4403
SitFloor_lowKeypoints_crossedLegs,311,,Standing,,0.987,0.0,149.7031
SitFloor_lowKeypoints_crossedLegs,312,,Standing,,0.99,0.0,144.1476
SitFloor_lowKeypoints_crossedLegs,313,,Standing,,0.994,0.0,126.1514
SitFloor_lowKeypoints_crossedLegs,314,,Standing,,0.997,0.0,132.6257
SitFloor_lowKeypoints_crossedLegs,315,,Standing,,0.996,0.0,118.8929
SitFloor_lowKeypoints,31,Standing,Standing,True,0.995,0.0,111.9476
SitFloor_lowKeypoints,32,Standing,Standing,True,0.995,0.0,120.1292
SitFloor_lowKeypoints,33,Standing,Standing,True,0.995,0.0,106.9486
SitFloor_lowKeypoints,34,Standing,Standing,True,0.995,0.0,127.5894
SitFloor_lowKeypoints,35,Standing,Standing,True,0.995,0.0,146.1395
SitFloor_lowKeypoints,36,Standing,Standing,True,0.995,0.0,164.1669
SitFloor_lowKeypoints,37,Standing,Standing,True,0.995,0.0,157.2786
SitFloor_lowKeypoints,38,Standing,Standing,True,0.995,0.0,152.353
SitFloor_lowKeypoints,39,Standing,Standing,True,0.994,0.0,124.6106
SitFloor_lowKeypoints,40,Standing,Standing,True,0.994,0.0,175.3655
SitFloor_lowKeypoints,41,Standing,Standing,True,0.994,0.0,169.3584
SitFloor_lowKeypoints,42,Standing,Standing,True,0.994,0.0,144.2654
SitFloor_lowKeypoints,43,Standing,Standing,True,0.993,0.0,143.0527
SitFloor_lowKeypoints,44,Standing,Standing,True,0.993,0.0,143.0663
SitFloor_lowKeypoints,45,Standing,Standing,True,0.993,0.0,140.8662
SitFloor_lowKeypoints,46,Standing,Standing,True,0.993,0.0,165.0351
SitFloor_lowKeypoints,47,Standing,Standing,True,0.993,0.0,157.3454
SitFloor_lowKeypoints,48,Standing,Standing,True,0.992,0.0,145.3852
SitFloor_lowKeypoints,49,Standing,Standing,True,0.992,0.0,192.1435
SitFloor_lowKeypoints,50,Standing,Standing,True,0.992,0.0,132.8333
SitFloor_lowKeypoints,51,Standing,Standing,True,0.992,0.0,162.4501
SitFloor_lowKeypoints,52,Standing,Standing,True,0.991,0.0,199.2209
SitFloor_lowKeypoints,53,Standing,Standing,True,0.99,0.0,119.1627
SitFloor_lowKeypoints,54,Standing,Standing,True,0.988,0.0,141.7416
SitFloor_lowKeypoints,55,Standing,Standing,True,0.987,0.0,128.3838
SitFloor_lowKeypoints,56,Standing,Standing,True,0.986,0.0,128.1115
SitFloor_lowKeypoints,57,Standing,Standing,True,0.987,0.0,122.5244
SitFloor_lowKeypoints,58,,Standing,,0.987,0.0,132.8786
SitFloor_lowKeypoints,59,,Standing,,0.987,0.0,150.2027
SitFloor_lowKeypoints,60,,Standing,,0.987,0.0,175.9046
SitFloor_lowKeypoints,61,,Standing,,0.987,0.0,148.1749
SitFloor_lowKeypoints,62,,Standing,,0.987,0.0,141.1959
SitFloor_lowKeypoints,63,,Standing,,0.987,0.0,135.391
SitFloor_lowKeypoints,64,,Standing,,0.987,0.0,137.9921
SitFloor_lowKeypoints,65,,Standing,,0.986,0.0,138.3387
SitFloor_lowKeypoints,66,,Standing,,0.987,0.0,147.4321
SitFloor_lowKeypoints,67,,Standing,,0.988,0.0,156.1267
SitFloor_lowKeypoints,68,,Standing,,0.987,0.0,134.693
SitFloor_lowKeypoints,69,,Standing,,0.988,0.0,148.9802
SitFloor_lowKeypoints,70,,Standing,,0.987,0.0,150.2602
SitFloor_lowKeypoints,71,,Standing,,0.987,0.0,185.6249
SitFloor_lowKeypoints,72,,Standing,,0.986,0.0,145.7784
SitFloor_lowKeypoints,73,,Standing,,0.985,0.0,134.7506
SitFloor_lowKeypoints,74,,Standing,,0.983,0.0,131.5883
SitFloor_lowKeypoints,75,,Standing,,0.98,0.0,133.7091
SitFloor_lowKeypoints,76,,Standing,,0.974,0.0,113.1496
SitFloor_lowKeypoints,77,,Standing,,0.966,0.0,121.2357
SitFloor_lowKeypoints,78,,Standing,,0.954,0.0,127.7331
SitFloor_lowKeypoints,79,,Standing,,0.931,0.0,125.4353
SitFloor_lowKeypoints,80,,Standing,,0.897,0.0,123.6957
SitFloor_lowKeypoints,81,,Standing,,0.848,0.0,102.3801
SitFloor_lowKeypoints,82,,Standing,,0.772,0.0,90.3869
SitFloor_lowKeypoints,83,,Standing,,0.679,0.0,76.6645
SitFloor_lowKeypoints,84,,Standing,,0.568,0.0,86.3588
SitFloor_lowKeypoints,85,,Standing,,0.461,0.0,81.7079
SitFloor_lowKeypoints,86,,Sitting,,0.546,0.0,80.2451
SitFloor_lowKeypoints,87,,Sitting,,0.628,0.0,103.0566
SitFloor_lowKeypoints,88,,Sitting,,0.677,0.0,100.9267
SitFloor_lowKeypoints,89,,Sitting,,0.698,0.0,111.709
SitFloor_lowKeypoints,90,,Sitting,,0.702,0.0,144.526
SitFloor_lowKeypoints,91,,Sitting,,0.693,0.0,157.1791
SitFloor_lowKeypoints,92,,Sitting,,0.644,0.0,123.7227
SitFloor_lowKeypoints,93,,Sitting,,0.607,0.0,143.0264
SitFloor_lowKeypoints,94,,Sitting,,0.52,0.0,160.9352
SitFloor_lowKeypoints,95,,Lying,,0.506,0.0,157.4009
SitFloor_lowKeypoints,96,,Lying,,0.589,0.0,173.985
SitFloor_lowKeypoints,97,,Lying,,0.686,0.0,185.8705
SitFloor_lowKeypoints,98,,Lying,,0.76,0.0,134.2538
SitFloor_lowKeypoints,99,,Lying,,0.806,0.0,153.3316
SitFloor_lowKeypoints,100,,Lying,,0.831,0.0,141.0007
SitFloor_lowKeypoints,101,,Lying,,0.845,0.0,123.3629
SitFloor_lowKeypoints,102,,Lying,,0.877,0.0,150.1496
SitFloor_lowKeypoints,103,,Lying,,0.885,0.0,152.0102
SitFloor_lowKeypoints,104,,Lying,,0.895,0.0,155.2812
SitFloor_lowKeypoints,105,,Lying,,0.904,0.0,164.4517
SitFloor_lowKeypoints,106,,Lying,,0.908,0.0,155.1437
SitFloor_lowKeypoints,107,,Lying,,0.92,0.0,144.7179
SitFloor_lowKeypoints,108,,Lying,,0.881,0.0,136.114
SitFloor_lowKeypoints,109,,Lying,,0.883,0.0,137.1959
SitFloor_lowKeypoints,110,,Lying,,0.861,0.0,122.847
SitFloor_lowKeypoints,111,,Lying,,0.844,0.0,120.6591
SitFloor_lowKeypoints,112,,Lying,,0.718,0.0,139.9378
SitFloor_lowKeypoints,113,,Lying,,0.728,0.0,166.2376
SitFloor_lowKeypoints,114,,Lying,,0.701,0.0,160.3265
SitFloor_lowKeypoints,115,,Lying,,0.735,0.0,125.6995
SitFloor_lowKeypoints,116,,Lying,,0.705,0.0,122.7622
SitFloor_lowKeypoints,117,Sitting,Lying,False,0.674,0.0,124.0374
SitFloor_lowKeypoints,118,Sitting,Lying,False,0.709,0.0,125.5238
SitFloor_lowKeypoints,119,Sitting,Lying,False,0.798,0.0,163.7661
SitFloor_lowKeypoints,120,Sitting,Lying,False,0.804,0.0,141.1983
SitFloor_lowKeypoints,121,Sitting,Lying,False,0.785,0.0,137.7607
SitFloor_lowKeypoints,122,Sitting,Lying,False,0.814,0.0,130.6122
SitFloor_lowKeypoints,123,Sitting,Lying,False,0.783,0.0,164.757
SitFloor_lowKeypoints,124,Sitting,Lying,False,0.715,0.0,177.9434
SitFloor_lowKeypoints,125,Sitting,Lying,False,0.76,0.0,144.0693
SitFloor_lowKeypoints,126,Sitting,Lying,False,0.806,0.0,122.987
SitFloor_lowKeypoints,127,Sitting,Lying,False,0.746,0.0,112.4997
SitFloor_lowKeypoints,128,Sitting,Lying,False,0.758,0.0,109.8683
SitFloor_lowKeypoints,129,Sitting,Lying,False,0.713,0.0,180.5969
SitFloor_lowKeypoints,130,Sitting,Lying,False,0.721,0.0,131.1546
SitFloor_lowKeypoints,131,Sitting,Lying,False,0.691,0.0,120.0741
SitFloor_lowKeypoints,132,Sitting,Lying,False,0.461,0.0,118.5913
SitFloor_lowKeypoints,133,Sitting,Lying,False,0.476,0.0,128.9487
SitFloor_lowKeypoints,134,Sitting,Sitting,True,0.436,0.0,95.2723
SitFloor_lowKeypoints,135,Sitting,Sitting,True,0.499,0.0,124.1808
SitFloor_lowKeypoints,136,Sitting,Sitting,True,0.565,0.0,137.6443
SitFloor_lowKeypoints,137,Sitting,Sitting,True,0.597,0.0,111.9378
SitFloor_lowKeypoints,138,Sitting,Sitting,True,0.526,0.0,117.3515
SitFloor_lowKeypoints,139,Sitting,Sitting,True,0.5,0.0,103.2235
SitFloor_lowKeypoints,140,Sitting,Sitting,True,0.523,0.0,94.4982
SitFloor_lowKeypoints,141,Sitting,Sitting,True,0.537,0.0,74.9092
SitFloor_lowKeypoints,142,Sitting,Sitting,True,0.608,0.0,131.4098
SitFloor_lowKeypoints,143,Sitting,Sitting,True,0.587,0.0,98.0107
SitFloor_lowKeypoints,144,Sitting,Sitting,True,0.591,0.0,102.6347
SitFloor_lowKeypoints,145,Sitting,Sitting,True,0.629,0.0,103.4047
SitFloor_lowKeypoints,146,Sitting,Sitting,True,0.625,0.0,124.095
SitFloor_lowKeypoints,147,Sitting,Sitting,True,0.646,0.0,119.7419
SitFloor_lowKeypoints,148,Sitting,Sitting,True,0.58,0.0,130.9934
SitFloor_lowKeypoints,149,Sitting,Sitting,True,0.63,0.0,123.957
SitFloor_lowKeypoints,150,Sitting,Sitting,True,0.518,0.0,124.0807
SitFloor_lowKeypoints,151,Sitting,Lying,False,0.439,0.0,113.6403
SitFloor_lowKeypoints,152,Sitting,Lying,False,0.536,0.0,108.6617
SitFloor_lowKeypoints,153,Sitting,Lying,False,0.63,0.0,133.1204
SitFloor_lowKeypoints,154,Sitting,Lying,False,0.676,0.0,135.1023
SitFloor_lowKeypoints,155,Sitting,Lying,False,0.742,0.0,134.1644
SitFloor_lowKeypoints,156,Sitting,Lying,False,0.784,0.0,140.2315
SitFloor_lowKeypoints,157,Sitting,Lying,False,0.834,0.0,141.8586
SitFloor_lowKeypoints,158,Sitting,Lying,False,0.883,0.0,136.8345
SitFloor_lowKeypoints,159,Sitting,Lying,False,0.909,0.0,140.6164
SitFloor_lowKeypoints,160,Sitting,Lying,False,0.924,0.0,109.886
SitFloor_lowKeypoints,161,Sitting,Lying,False,0.943,0.0,118.9544
SitFloor_lowKeypoints,162,Sitting,Lying,False,0.953,0.0,137.4502
SitFloor_lowKeypoints,163,Sitting,Lying,False,0.955,0.0,118.4934
SitFloor_lowKeypoints,164,Sitting,Lying,False,0.959,0.0,115.1197
SitFloor_lowKeypoints,165,Sitting,Lying,False,0.963,0.0,140.2486
SitFloor_lowKeypoints,166,Sitting,Lying,False,0.965,0.0,138.031
SitFloor_lowKeypoints,167,Sitting,Lying,False,0.967,0.0,142.2291
SitFloor_lowKeypoints,168,Sitting,Lying,False,0.95,0.0,157.9417
SitFloor_lowKeypoints,169,Sitting,Lying,False,0.955,0.0,147.3018
SitFloor_lowKeypoints,170,Sitting,Lying,False,0.852,0.0,160.7298
SitFloor_lowKeypoints,171,Sitting,Lying,False,0.786,0.0,176.5075
SitFloor_lowKeypoints,172,Sitting,Lying,False,0.878,0.0,151.5673
SitFloor_lowKeypoints,173,Sitting,Lying,False,0.83,0.0,141.9537
SitFloor_lowKeypoints,174,Sitting,Lying,False,0.638,0.0,168.2393
SitFloor_lowKeypoints,175,Sitting,Lying,False,0.542,0.0,174.4866
SitFloor_lowKeypoints,176,Sitting,Lying,False,0.649,0.0,190.0224
SitFloor_lowKeypoints,177,Sitting,Lying,False,0.722,0.0,167.5384
SitFloor_lowKeypoints,178,Sitting,Lying,False,0.746,0.0,158.3139
SitFloor_lowKeypoints,179,Sitting,Lying,False,0.728,0.0,150.4307
SitFloor_lowKeypoints,180,Sitting,Lying,False,0.758,0.0,150.4871
SitFloor_lowKeypoints,181,Sitting,Lying,False,0.853,0.0,133.7866
SitFloor_lowKeypoints,182,Sitting,Lying,False,0.865,0.0,128.5741
SitFloor_lowKeypoints,183,Sitting,Lying,False,0.879,0.0,129.3957
SitFloor_lowKeypoints,184,Sitting,Lying,False,0.89,0.0,171.0752
SitFloor_lowKeypoints,185,Sitting,Lying,False,0.892,0.0,151.2139
SitFloor_lowKeypoints,186,Sitting,Lying,False,0.905,0.0,128.649
SitFloor_lowKeypoints,187,Sitting,Lying,False,0.88,0.0,148.3226
SitFloor_lowKeypoints,188,Sitting,Lying,False,0.867,0.0,151.29
SitFloor_lowKeypoints,189,Sitting,Lying,False,0.842,0.0,140.5252
SitFloor_lowKeypoints,190,Sitting,Lying,False,0.839,0.0,142.8382
SitFloor_lowKeypoints,191,Sitting,Lying,False,0.8,0.0,158.5663
SitFloor_lowKeypoints,192,Sitting,Lying,False,0.778,0.0,140.2678
SitFloor_lowKeypoints,193,Sitting,Lying,False,0.751,0.0,163.8938
SitFloor_lowKeypoints,194,Sitting,Lying,False,0.735,0.0,203.3503
SitFloor_lowKeypoints,195,Sitting,Lying,False,0.704,0.0,195.8831
SitFloor_lowKeypoints,196,Sitting,Lying,False,0.66,0.0,178.4478
SitFloor_lowKeypoints,197,Sitting,Lying,False,0.607,0.0,205.7823
SitFloor_lowKeypoints,198,Sitting,Lying,False,0.556,0.0,221.372
SitFloor_lowKeypoints,199,Sitting,Lying,False,0.498,0.0,186.2584
SitFloor_lowKeypoints,200,Sitting,Lying,False,0.433,0.0,175.8279
SitFloor_lowKeypoints,201,Sitting,Lying,False,0.401,0.0,147.3154
SitFloor_lowKeypoints,202,Sitting,Lying,False,0.39,0.0,159.6443
SitFloor_lowKeypoints,203,Sitting,Lying,False,0.384,0.0,201.693
SitFloor_lowKeypoints,204,,Lying,,0.386,0.0,144.235
SitFloor_lowKeypoints,205,,Sitting,,0.431,0.0,149.9097
SitFloor_lowKeypoints,206,,Sitting,,0.483,0.0,172.4973
SitFloor_lowKeypoints,207,,Sitting,,0.524,0.0,174.6598
SitFloor_lowKeypoints,208,,Sitting,,0.563,0.0,142.7689
SitFloor_lowKeypoints,209,,Sitting,,0.598,0.0,162.9626
SitFloor_lowKeypoints,210,,Sitting,,0.625,0.0,184.5165
SitFloor_lowKeypoints,211,,Sitting,,0.618,0.0,133.3271
SitFloor_lowKeypoints,212,,Sitting,,0.643,0.0,146.8445
SitFloor_lowKeypoints,213,,Sitting,,0.664,0.0,142.7709
SitFloor_lowKeypoints,214,,Sitting,,0.682,0.0,183.502
SitFloor_lowKeypoints,215,,Sitting,,0.667,0.0,158.1662
SitFloor_lowKeypoints,216,,Sitting,,0.677,0.0,167.0542
SitFloor_lowKeypoints,217,,Sitting,,0.67,0.0,186.4817
SitFloor_lowKeypoints,218,,Sitting,,0.686,0.0,157.0014
SitFloor_lowKeypoints,219,,Sitting,,0.701,0.0,181.0253
SitFloor_lowKeypoints,220,,Sitting,,0.696,0.0,187.5767
SitFloor_lowKeypoints,221,,Sitting,,0.696,0.0,142.778
SitFloor_lowKeypoints,222,,Sitting,,0.695,0.0,155.3522
SitFloor_lowKeypoints,223,,Sitting,,0.663,0.0,162.0513
SitFloor_lowKeypoints,224,,Sitting,,0.64,0.0,165.7491
SitFloor_lowKeypoints,225,,Sitting,,0.608,0.0,152.0388
SitFloor_lowKeypoints,226,,Sitting,,0.554,0.0,199.0187
SitFloor_lowKeypoints,227,,Sitting,,0.517,0.0,203.5906
SitFloor_lowKeypoints,228,,Sitting,,0.465,0.0,150.12
SitFloor_lowKeypoints,229,,Lying,,0.449,0.0,140.5629
SitFloor_lowKeypoints,230,,Lying,,0.498,0.0,147.743
SitFloor_lowKeypoints,231,,Lying,,0.59,0.0,146.7427
SitFloor_lowKeypoints,232,,Lying,,0.68,0.0,151.2565
SitFloor_lowKeypoints,233,,Lying,,0.735,0.0,141.9545
SitFloor_lowKeypoints,234,,Lying,,0.787,0.0,148.2031
SitFloor_lowKeypoints,235,,Lying,,0.823,0.0,138.5281
SitFloor_lowKeypoints,236,,Lying,,0.84,0.0,124.6072
SitFloor_lowKeypoints,237,,Lying,,0.85,0.0,102.1886
SitFloor_lowKeypoints,238,,Lying,,0.867,0.0,125.5423
SitFloor_lowKeypoints,239,,Lying,,0.888,0.0,141.1319
SitFloor_lowKeypoints,240,,Lying,,0.896,0.0,147.0211
SitFloor_lowKeypoints,241,,Lying,,0.899,0.0,161.4437
SitFloor_lowKeypoints,242,,Lying,,0.89,0.0,150.9498
SitFloor_lowKeypoints,243,,Lying,,0.879,0.0,144.5234
SitFloor_lowKeypoints,244,,Lying,,0.839,0.0,134.7207
SitFloor_lowKeypoints,245,,Lying,,0.836,0.0,153.088
SitFloor_lowKeypoints,246,,Lying,,0.829,0.0,150.6581
SitFloor_lowKeypoints,247,,Lying,,0.826,0.0,124.2377
SitFloor_lowKeypoints,248,,Lying,,0.816,0.0,153.9012
SitFloor_lowKeypoints,249,,Lying,,0.781,0.0,131.8147
SitFloor_lowKeypoints,250,,Lying,,0.761,0.0,132.194
SitFloor_lowKeypoints,251,,Lying,,0.76,0.0,138.9793
SitFloor_lowKeypoints,252,,Lying,,0.767,0.0,135.6337
SitFloor_lowKeypoints,253,,Lying,,0.746,0.0,148.8058
SitFloor_lowKeypoints,254,,Lying,,0.722,0.0,187.5719
SitFloor_lowKeypoints,255,,Lying,,0.724,0.0,177.5788
SitFloor_lowKeypoints,256,,Lying,,0.803,0.0,130.9785
SitFloor_lowKeypoints,257,,Lying,,0.783,0.0,171.7855
SitFloor_lowKeypoints,258,,Lying,,0.772,0.0,140.2891
SitFloor_lowKeypoints,259,,Lying,,0.772,0.0,115.2312
SitFloor_lowKeypoints,260,,Lying,,0.726,0.0,128.809
SitFloor_lowKeypoints,261,,Lying,,0.731,0.0,168.5856
SitFloor_lowKeypoints,262,,Lying,,0.761,0.0,122.2778
SitFloor_lowKeypoints,263,,Lying,,0.796,0.0,115.3183
SitFloor_lowKeypoints,264,,Lying,,0.841,0.0,122.0572
SitFloor_lowKeypoints,265,,Lying,,0.854,0.0,125.9928
SitFloor_lowKeypoints,266,,Lying,,0.876,0.0,132.5189
SitFloor_lowKeypoints,267,,Lying,,0.883,0.0,128.695
SitFloor_lowKeypoints,268,,Lying,,0.907,0.0,134.6851
SitFloor_lowKeypoints,269,,Lying,,0.922,0.0,168.8418
SitFloor_lowKeypoints,270,,Lying,,0.938,0.0,141.9544
SitFloor_lowKeypoints,271,,Lying,,0.951,0.0,147.6639
SitFloor_lowKeypoints,272,,Lying,,0.959,0.0,140.4331
SitFloor_lowKeypoints,273,,Lying,,0.97,0.0,136.6711
SitFloor_lowKeypoints,274,,Lying,,0.976,0.0,134.7848
SitFloor_lowKeypoints,275,,Lying,,0.977,0.0,148.9488
SitFloor_lowKeypoints,276,,Lying,,0.981,0.0,173.4342
SitFloor_lowKeypoints,277,,Lying,,0.979,0.0,140.0488
SitFloor_lowKeypoints,278,,Lying,,0.971,0.0,141.3427
SitFloor_lowKeypoints,279,,Lying,,0.973,0.0,123.1385
SitFloor_lowKeypoints,280,,Lying,,0.961,0.0,135.2939
SitFloor_lowKeypoints,281,,Lying,,0.934,0.0,154.3269
SitFloor_lowKeypoints,282,,Lying,,0.94,0.0,140.3726
SitFloor_lowKeypoints,283,,Lying,,0.903,0.0,133.961
SitFloor_lowKeypoints,284,,Lying,,0.854,0.0,132.4969
SitFloor_lowKeypoints,285,,Lying,,0.803,0.0,127.6641
SitFloor_lowKeypoints,286,,Lying,,0.641,0.0,136.6836
SitFloor_lowKeypoints,287,,Lying,,0.62,0.0,152.7426
SitFloor_lowKeypoints,288,,Sitting,,0.442,0.0,132.3029
SitFloor_lowKeypoints,289,,Sitting,,0.484,0.0,137.9408
SitFloor_lowKeypoints,290,,Sitting,,0.488,0.0,142.2189
SitFloor_lowKeypoints,291,,Sitting,,0.463,0.0,132.4649
SitFloor_lowKeypoints,292,,Sitting,,0.417,0.0,142.3952
SitFloor_lowKeypoints,293,,Standing,,0.414,0.0,152.2973
SitFloor_lowKeypoints,294,,Standing,,0.581,0.0,143.8038
SitFloor_lowKeypoints,295,,Standing,,0.644,0.0,141.6842
SitFloor_lowKeypoints,296,,Standing,,0.753,0.0,134.5156
SitFloor_lowKeypoints,297,,Standing,,0.848,0.0,111.5186
SitFloor_lowKeypoints,298,,Standing,,0.91,0.0,174.3968
SitFloor_lowKeypoints,299,,Standing,,0.943,0.0,155.3314
SitFloor_lowKeypoints,300,,Standing,,0.966,0.0,121.4051
SitFloor_lowKeypoints,301,,Standing,,0.972,0.0,97.3748
SitFloor_lowKeypoints,302,,Standing,,0.991,0.0,136.9804
SitFloor_lowKeypoints,303,,Standing,,0.994,0.0,127.2621
SitFloor_lowKeypoints,304,,Standing,,0.994,0.0,115.4375
SitFloor_lowKeypoints,305,,Standing,,0.995,0.0,107.1494
SitFloor_lowKeypoints,306,,Standing,,0.996,0.0,127.4346
Sitting_HalfLandmarks,31,,Standing,,0.961,0.0,147.7248
Sitting_HalfLandmarks,32,,Standing,,0.975,0.0,128.4184
Sitting_HalfLandmarks,33,,Standing,,0.984,0.0,137.4334
Sitting_HalfLandmarks,34,,Standing,,0.99,0.0,142.5325
Sitting_HalfLandmarks,35,,Standing,,0.992,0.0,140.8187
Sitting_HalfLandmarks,36,,Standing,,0.994,0.0,136.2359
Sitting_HalfLandmarks,37,,Standing,,0.995,0.0,145.8059
Sitting_HalfLandmarks,38,,Standing,,0.996,0.0,141.3027
Sitting_HalfLandmarks,39,,Standing,,0.997,0.0,137.6173
Sitting_HalfLandmarks,40,,Standing,,0.997,0.0,134.0367
Sitting_HalfLandmarks,41,,Standing,,0.997,0.0,139.7949
Sitting_HalfLandmarks,42,,Standing,,0.997,0.0,143.0934
Sitting_HalfLandmarks,43,,Standing,,0.997,0.0,134.958
Sitting_HalfLandmarks,44,,Standing,,0.996,0.0,129.4299
Sitting_HalfLandmarks,45,,Standing,,0.996,0.0,174.0917
Sitting_HalfLandmarks,46,,Standing,,0.995,0.0,145.2992
Sitting_HalfLandmarks,47,,Standing,,0.994,0.0,133.6432
Sitting_HalfLandmarks,48,,Standing,,0.992,0.0,138.9995
Sitting_HalfLandmarks,49,,Standing,,0.99,0.0,96.9414
Sitting_HalfLandmarks,50,,Standing,,0.985,0.0,116.1506
Sitting_HalfLandmarks,51,,Standing,,0.98,0.0,101.0342
Sitting_HalfLandmarks,52,,Standing,,0.977,0.0,102.8152
Sitting_HalfLandmarks,53,,Standing,,0.969,0.0,114.0324
Sitting_HalfLandmarks,54,,Standing,,0.964,0.0,128.8333
Sitting_HalfLandmarks,55,,Standing,,0.942,0.0,108.4497
Sitting_HalfLandmarks,56,,Standing,,0.929,0.0,119.6605
Sitting_HalfLandmarks,57,,Standing,,0.882,0.0,92.3523
Sitting_HalfLandmarks,58,,Standing,,0.864,0.0,104.0389
Sitting_HalfLandmarks,59,,Standing,,0.816,0.0,175.2273
Sitting_HalfLandmarks,60,,Standing,,0.789,0.0,135.9202
Sitting_HalfLandmarks,61,,Standing,,0.729,0.0,129.0089
Sitting_HalfLandmarks,62,,Standing,,0.683,0.0,126.7072
Sitting_HalfLandmarks,63,,Standing,,0.614,0.0,129.1917
Sitting_HalfLandmarks,64,,Standing,,0.526,0.0,134.688
Sitting_HalfLandmarks,65,,Standing,,0.425,0.0,119.9122
Sitting_HalfLandmarks,66,,Lying,,0.461,0.0,123.5253
Sitting_HalfLandmarks,67,,Lying,,0.539,0.0,121.0055
Sitting_HalfLandmarks,68,,Lying,,0.58,0.0,128.5671
Sitting_HalfLandmarks,69,,Lying,,0.607,0.0,123.6221
Sitting_HalfLandmarks,70,,Lying,,0.657,0.0,102.0754
Sitting_HalfLandmarks,71,,Lying,,0.717,0.0,129.0485
Sitting_HalfLandmarks,72,,Lying,,0.759,0.0,160.7489
Sitting_HalfLandmarks,73,,Lying,,0.684,0.0,166.0653
Sitting_HalfLandmarks,74,,Lying,,0.544,0.0,211.7032
Sitting_HalfLandmarks,75,,Lying,,0.602,0.0,182.0895
Sitting_HalfLandmarks,76,,Lying,,0.687,0.0,179.9799
Sitting_HalfLandmarks,77,,Lying,,0.593,0.0,176.5302
Sitting_HalfLandmarks,78,,Lying,,0.682,0.0,318.0088
Sitting_HalfLandmarks,79,,Lying,,0.665,0.0,216.051
Sitting_HalfLandmarks,80,,Lying,,0.568,0.0,211.0172
Sitting_HalfLandmarks,81,,Lying,,0.493,0.0,170.5177
Sitting_HalfLandmarks,82,,Lying,,0.377,0.0,181.823
Sitting_HalfLandmarks,83,,Lying,,0.358,0.0,176.041
Sitting_HalfLandmarks,84,,Sitting,,0.361,0.0,166.925
Sitting_HalfLandmarks,85,,Sitting,,0.478,0.0,156.2785
Sitting_HalfLandmarks,86,,Sitting,,0.599,0.0,166.0778
Sitting_HalfLandmarks,87,Sitting,Sitting,True,0.576,0.0,150.5242
Sitting_HalfLandmarks,88,Sitting,Sitting,True,0.665,0.0,178.7651
Sitting_HalfLandmarks,89,Sitting,Sitting,True,0.618,0.0,141.6336
Sitting_HalfLandmarks,90,Sitting,Sitting,True,0.618,0.0,151.2866
Sitting_HalfLandmarks,91,Sitting,Sitting,True,0.765,0.0,167.418
Sitting_HalfLandmarks,92,Sitting,Sitting,True,0.803,0.0,164.2397
Sitting_HalfLandmarks,93,Sitting,Sitting,True,0.803,0.0,157.9863
Sitting_HalfLandmarks,94,Sitting,Sitting,True,0.852,0.0,145.9988
Sitting_HalfLandmarks,95,Sitting,Sitting,True,0.877,0.0,150.8003
Sitting_HalfLandmarks,96,Sitting,Sitting,True,0.916,0.0,157.2513
Sitting_HalfLandmarks,97,Sitting,Sitting,True,0.931,0.0,108.0739
Sitting_HalfLandmarks,98,Sitting,Sitting,True,0.944,0.0,116.814
Sitting_HalfLandmarks,99,Sitting,Sitting,True,0.953,0.0,122.2072
Sitting_HalfLandmarks,100,Sitting,Sitting,True,0.964,0.0,263.807
Sitting_HalfLandmarks,101,Sitting,Sitting,True,0.971,0.0,143.8757
Sitting_HalfLandmarks,102,Sitting,Sitting,True,0.972,0.0,131.4348
Sitting_HalfLandmarks,103,Sitting,Sitting,True,0.979,0.0,240.4707
Sitting_HalfLandmarks,104,Sitting,Sitting,True,0.982,0.0,221.7035
Sitting_HalfLandmarks,105,Sitting,Sitting,True,0.984,0.0,136.1812
Sitting_HalfLandmarks,106,Sitting,Sitting,True,0.982,0.0,176.8303
Sitting_HalfLandmarks,107,Sitting,Sitting,True,0.98,0.0,158.9246
Sitting_HalfLandmarks,108,Sitting,Sitting,True,0.981,0.0,155.1906
Sitting_HalfLandmarks,109,Sitting,Sitting,True,0.969,0.0,147.1592
Sitting_HalfLandmarks,110,Sitting,Sitting,True,0.956,0.0,159.4872
Sitting_HalfLandmarks,111,Sitting,Sitting,True,0.947,0.0,262.7881
Sitting_HalfLandmarks,112,Sitting,Sitting,True,0.958,0.0,208.2101
Sitting_HalfLandmarks,113,Sitting,Sitting,True,0.908,0.0,261.377
Sitting_HalfLandmarks,114,Sitting,Sitting,True,0.883,0.0,172.8154
Sitting_HalfLandmarks,115,Sitting,Sitting,True,0.781,0.0,141.0619
Sitting_HalfLandmarks,116,Sitting,Sitting,True,0.693,0.0,159.8166
Sitting_HalfLandmarks,117,Sitting,Sitting,True,0.656,0.0,205.2968
Sitting_HalfLandmarks,118,Sitting,Sitting,True,0.516,0.0,172.5989
Sitting_HalfLandmarks,119,Sitting,Standing,False,0.534,0.0,210.0835
Sitting_HalfLandmarks,120,Sitting,Standing,False,0.709,0.0,201.3442
Sitting_HalfLandmarks,121,Sitting,Standing,False,0.827,0.0,171.2862
Sitting_HalfLandmarks,122,Sitting,Standing,False,0.888,0.0,191.7651
Sitting_HalfLandmarks,123,Sitting,Standing,False,0.907,0.0,292.8868
Sitting_HalfLandmarks,124,Sitting,Standing,False,0.965,0.0,161.2472
Sitting_HalfLandmarks,125,Sitting,Standing,False,0.97,0.0,181.7014
Sitting_HalfLandmarks,126,Sitting,Standing,False,0.984,0.0,190.7835
Sitting_HalfLandmarks,127,Sitting,Standing,False,0.986,0.0,177.6021
Sitting_HalfLandmarks,128,Sitting,Standing,False,0.986,0.0,185.3057
Sitting_HalfLandmarks,129,Sitting,Standing,False,0.988,0.0,153.7103
Sitting_HalfLandmarks,130,Sitting,Standing,False,0.989,0.0,168.0357
Sitting_HalfLandmarks,131,Sitting,Standing,False,0.989,0.0,175.548
Sitting_HalfLandmarks,132,Sitting,Standing,False,0.987,0.0,154.8478
Sitting_HalfLandmarks,133,Sitting,Standing,False,0.986,0.0,164.8887
Sitting_HalfLandmarks,134,Sitting,Standing,False,0.984,0.0,158.4803
Sitting_HalfLandmarks,135,Sitting,Standing,False,0.981,0.0,174.7329
Sitting_HalfLandmarks,136,Sitting,Standing,False,0.979,0.0,168.3507
Sitting_HalfLandmarks,137,Sitting,Standing,False,0.978,0.0,151.8091
Sitting_HalfLandmarks,138,Sitting,Standing,False,0.976,0.0,168.9525
Sitting_HalfLandmarks,139,Sitting,Standing,False,0.976,0.0,166.9184
Sitting_HalfLandmarks,140,Sitting,Standing,False,0.976,0.0,160.5841
Sitting_HalfLandmarks,141,Sitting,Standing,False,0.974,0.0,192.0664
Sitting_HalfLandmarks,142,Sitting,Standing,False,0.975,0.0,157.2414
Sitting_HalfLandmarks,143,Sitting,Standing,False,0.976,0.0,154.0386
Sitting_HalfLandmarks,144,Sitting,Standing,False,0.979,0.0,189.888
Sitting_HalfLandmarks,145,Sitting,Standing,False,0.977,0.0,183.7777
Sitting_HalfLandmarks,146,Sitting,Standing,False,0.981,0.0,163.049
Sitting_HalfLandmarks,147,Sitting,Standing,False,0.977,0.0,151.1032
Sitting_HalfLandmarks,148,Sitting,Standing,False,0.983,0.0,165.258
Sitting_HalfLandmarks,149,Sitting,Standing,False,0.98,0.0,169.0689
Sitting_HalfLandmarks,150,Sitting,Standing,False,0.983,0.0,174.3099
Sitting_HalfLandmarks,151,Sitting,Standing,False,0.981,0.0,173.7919
Sitting_HalfLandmarks,152,Sitting,Standing,False,0.982,0.0,163.5519
Sitting_HalfLandmarks,153,Sitting,Standing,False,0.982,0.0,149.2793
Sitting_HalfLandmarks,154,Sitting,Standing,False,0.982,0.0,193.0412
Sitting_HalfLandmarks,155,Sitting,Standing,False,0.982,0.0,197.0804
Sitting_HalfLandmarks,156,Sitting,Standing,False,0.982,0.0,179.7056
Sitting_HalfLandmarks,157,Sitting,Standing,False,0.982,0.0,192.124
Sitting_HalfLandmarks,158,Sitting,Standing,False,0.981,0.0,175.7976
Sitting_HalfLandmarks,159,Sitting,Standing,False,0.983,0.0,179.0901
Sitting_HalfLandmarks,160,Sitting,Standing,False,0.983,0.0,185.8281
Sitting_HalfLandmarks,161,Sitting,Standing,False,0.984,0.0,162.4334
Sitting_HalfLandmarks,162,Sitting,Standing,False,0.984,0.0,159.406
Sitting_HalfLandmarks,163,Sitting,Standing,False,0.985,0.0,151.8331
Sitting_HalfLandmarks,164,Sitting,Standing,False,0.986,0.0,147.8251
Sitting_HalfLandmarks,165,Sitting,Standing,False,0.989,0.0,153.1607
Sitting_HalfLandmarks,166,Sitting,Standing,False,0.989,0.0,162.1588
Sitting_HalfLandmarks,167,Sitting,Standing,False,0.99,0.0,170.6599
Sitting_HalfLandmarks,168,Sitting,Standing,False,0.989,0.0,192.7265
Sitting_HalfLandmarks,169,Sitting,Standing,False,0.989,0.0,186.3185
Sitting_HalfLandmarks,170,Sitting,Standing,False,0.988,0.0,176.5457
Sitting_HalfLandmarks,171,Sitting,Standing,False,0.988,0.0,170.1451
Sitting_HalfLandmarks,172,Sitting,Standing,False,0.988,0.0,172.6079
Sitting_HalfLandmarks,173,Sitting,Standing,False,0.988,0.0,167.0832
Sitting_HalfLandmarks,174,Sitting,Standing,False,0.987,0.0,168.7132
Sitting_HalfLandmarks,175,,Standing,,0.989,0.0,162.4273
Sitting_HalfLandmarks,176,,Standing,,0.988,0.0,191.7879
Sitting_HalfLandmarks,177,,Standing,,0.988,0.0,209.376
Sitting_HalfLandmarks,178,,Standing,,0.988,0.0,165.8628
Sitting_HalfLandmarks,179,,Standing,,0.989,0.0,151.33
Sitting_HalfLandmarks,180,,Standing,,0.988,0.0,164.6351
Sitting_HalfLandmarks,181,,Standing,,0.989,0.0,163.3275
Sitting_HalfLandmarks,182,,Standing,,0.989,0.0,167.4058
Sitting_HalfLandmarks,183,,Standing,,0.987,0.0,163.8802
Sitting_HalfLandmarks,184,,Standing,,0.987,0.0,172.3662
Sitting_HalfLandmarks,185,,Standing,,0.986,0.0,157.1549
Sitting_HalfLandmarks,186,,Standing,,0.986,0.0,160.476
Sitting_HalfLandmarks,187,,Standing,,0.983,0.0,162.2644
Sitting_HalfLandmarks,188,,Standing,,0.983,0.0,188.0547
Sitting_HalfLandmarks,189,,Standing,,0.981,0.0,154.3274
Sitting_HalfLandmarks,190,,Standing,,0.985,0.0,181.5722
Sitting_HalfLandmarks,191,,Standing,,0.984,0.0,146.0784
Sitting_HalfLandmarks,192,,Standing,,0.985,0.0,163.6093
Sitting_HalfLandmarks,193,,Standing,,0.984,0.0,159.8348
Sitting_HalfLandmarks,194,,Standing,,0.982,0.0,171.3512
Sitting_HalfLandmarks,195,,Standing,,0.981,0.0,138.3558
Sitting_HalfLandmarks,196,,Standing,,0.983,0.0,131.9065
Sitting_HalfLandmarks,197,,Standing,,0.984,0.0,134.7276
Sitting_HalfLandmarks,198,,Standing,,0.983,0.0,135.05
Sitting_HalfLandmarks,199,,Standing,,0.985,0.0,143.1401
Sitting_HalfLandmarks,200,,Standing,,0.982,0.0,148.8194
Sitting_HalfLandmarks,201,,Standing,,0.984,0.0,156.1934
Sitting_HalfLandmarks,202,,Standing,,0.982,0.0,161.4259
Sitting_HalfLandmarks,203,,Standing,,0.984,0.0,150.7041
Sitting_HalfLandmarks,204,,Standing,,0.984,0.0,141.4682
Sitting_HalfLandmarks,205,,Standing,,0.986,0.0,146.6889
Sitting_HalfLandmarks,206,,Standing,,0.985,0.0,163.1159
Sitting_HalfLandmarks,207,,Standing,,0.986,0.0,153.8234
Sitting_HalfLandmarks,208,,Standing,,0.985,0.0,150.7412
Sitting_HalfLandmarks,209,,Standing,,0.985,0.0,129.6546
Sitting_HalfLandmarks,210,,Standing,,0.985,0.0,138.3105
Sitting_HalfLandmarks,211,,Standing,,0.987,0.0,148.1557
Sitting_HalfLandmarks,212,,Standing,,0.984,0.0,149.274
Sitting_HalfLandmarks,213,,Standing,,0.978,0.0,144.7879
Sitting_HalfLandmarks,214,,Standing,,0.981,0.0,122.569
Sitting_HalfLandmarks,215,,Standing,,0.982,0.0,118.0335
Sitting_HalfLandmarks,216,,Standing,,0.985,0.0,122.8058
Sitting_HalfLandmarks,217,,Standing,,0.986,0.0,122.6103
Sitting_HalfLandmarks,218,,Standing,,0.986,0.0,120.2325
Sitting_HalfLandmarks,219,,Standing,,0.985,0.0,124.3014
Sitting_HalfLandmarks,220,,Standing,,0.98,0.0,108.4419
Sitting_HalfLandmarks,221,,Standing,,0.982,0.0,96.9233
Sitting_HalfLandmarks,222,,Standing,,0.982,0.0,125.6759
Sitting_HalfLandmarks,223,,Standing,,0.983,0.0,104.5383
Sitting_HalfLandmarks,224,,Standing,,0.985,0.0,90.764
Sitting_Lying_FewLandmarks_back,31,,Sitting,,0.914,0.0,104.557
Sitting_Lying_FewLandmarks_back,32,,Sitting,,0.929,0.0,108.136
Sitting_Lying_FewLandmarks_back,33,,Sitting,,0.931,0.0,113.7863
Sitting_Lying_FewLandmarks_back,34,,Sitting,,0.94,0.0,113.5582
Sitting_Lying_FewLandmarks_back,35,,Sitting,,0.946,0.0,111.678
Sitting_Lying_FewLandmarks_back,36,,Sitting,,0.952,0.0,108.6346
Sitting_Lying_FewLandmarks_back,37,,Sitting,,0.959,0.0,114.63
Sitting_Lying_FewLandmarks_back,38,,Sitting,,0.963,0.0,117.4356
Sitting_Lying_FewLandmarks_back,39,,Sitting,,0.97,0.0,154.9815
Sitting_Lying_FewLandmarks_back,40,,Sitting,,0.97,0.0,117.2044
Sitting_Lying_FewLandmarks_back,41,,Sitting,,0.974,0.0,102.2441
Sitting_Lying_FewLandmarks_back,42,,Sitting,,0.979,0.0,109.5029
Sitting_Lying_FewLandmarks_back,43,,Sitting,,0.98,0.0,134.1697
Sitting_Lying_FewLandmarks_back,44,,Sitting,,0.982,0.0,102.5643
Sitting_Lying_FewLandmarks_back,45,,Sitting,,0.983,0.0,125.3919
Sitting_Lying_FewLandmarks_back,46,,Sitting,,0.983,0.0,112.0781
Sitting_Lying_FewLandmarks_back,47,Sitting,Sitting,True,0.984,0.0,120.5425
Sitting_Lying_FewLandmarks_back,48,Sitting,Sitting,True,0.982,0.0,133.6196
Sitting_Lying_FewLandmarks_back,49,Sitting,Sitting,True,0.983,0.0,143.7793
Sitting_Lying_FewLandmarks_back,50,Sitting,Sitting,True,0.981,0.0,170.416
Sitting_Lying_FewLandmarks_back,51,Sitting,Sitting,True,0.979,0.0,146.4991
Sitting_Lying_FewLandmarks_back,52,Sitting,Sitting,True,0.974,0.0,144.8166
Sitting_Lying_FewLandmarks_back,53,Sitting,Sitting,True,0.965,0.0,144.4805
Sitting_Lying_FewLandmarks_back,54,Sitting,Sitting,True,0.96,0.0,188.6304
Sitting_Lying_FewLandmarks_back,55,Sitting,Sitting,True,0.957,0.0,172.5632
Sitting_Lying_FewLandmarks_back,56,Sitting,Sitting,True,0.96,0.0,173.6238
Sitting_Lying_FewLandmarks_back,57,Sitting,Sitting,True,0.956,0.0,145.8037
Sitting_Lying_FewLandmarks_back,58,Sitting,Sitting,True,0.954,0.0,143.018
Sitting_Lying_FewLandmarks_back,59,Sitting,Sitting,True,0.919,0.0,129.5605
Sitting_Lying_FewLandmarks_back,60,Sitting,Sitting,True,0.923,0.0,137.1227
Sitting_Lying_FewLandmarks_back,61,Sitting,Sitting,True,0.922,0.0,119.9746
Sitting_Lying_FewLandmarks_back,62,Sitting,Sitting,True,0.915,0.0,127.3585
Sitting_Lying_FewLandmarks_back,63,Sitting,Sitting,True,0.864,0.0,122.6315
Sitting_Lying_FewLandmarks_back,64,Sitting,Sitting,True,0.881,0.0,119.5372
Sitting_Lying_FewLandmarks_back,65,Sitting,Sitting,True,0.89,0.0,109.0891
Sitting_Lying_FewLandmarks_back,66,Sitting,Sitting,True,0.849,0.0,117.3789
Sitting_Lying_FewLandmarks_back,67,Sitting,Sitting,True,0.836,0.0,123.6719
Sitting_Lying_FewLandmarks_back,68,Sitting,Sitting,True,0.794,0.0,135.9955
Sitting_Lying_FewLandmarks_back,69,Sitting,Sitting,True,0.771,0.0,126.1217
Sitting_Lying_FewLandmarks_back,70,Sitting,Sitting,True,0.722,0.0,151.586
Sitting_Lying_FewLandmarks_back,71,Sitting,Sitting,True,0.735,0.0,134.5953
Sitting_Lying_FewLandmarks_back,72,Sitting,Sitting,True,0.698,0.0,122.1
Sitting_Lying_FewLandmarks_back,73,Sitting,Sitting,True,0.661,0.0,118.9532
Sitting_Lying_FewLandmarks_back,74,Sitting,Sitting,True,0.62,0.0,117.8405
Sitting_Lying_FewLandmarks_back,75,Sitting,Sitting,True,0.644,0.0,122.8428
Sitting_Lying_FewLandmarks_back,76,Sitting,Sitting,True,0.638,0.0,123.29
Sitting_Lying_FewLandmarks_back,77,Sitting,Sitting,True,0.619,0.0,136.4499
Sitting_Lying_FewLandmarks_back,78,Sitting,Sitting,True,0.608,0.0,123.2831
Sitting_Lying_FewLandmarks_back,79,Sitting,Sitting,True,0.611,0.0,116.4199
Sitting_Lying_FewLandmarks_back,80,Sitting,Sitting,True,0.585,0.0,154.2512
Sitting_Lying_FewLandmarks_back,81,Sitting,Sitting,True,0.559,0.0,122.1515
Sitting_Lying_FewLandmarks_back,82,Sitting,Sitting,True,0.551,0.0,142.2456
Sitting_Lying_FewLandmarks_back,83,Sitting,Sitting,True,0.548,0.0,126.3177
Sitting_Lying_FewLandmarks_back,84,Sitting,Sitting,True,0.538,0.0,129.4552
Sitting_Lying_FewLandmarks_back,85,Sitting,Sitting,True,0.542,0.0,135.0105
Sitting_Lying_FewLandmarks_back,86,Sitting,Sitting,True,0.535,0.0,136.6817
Sitting_Lying_FewLandmarks_back,87,Sitting,Sitting,True,0.591,0.0,135.8641
Sitting_Lying_FewLandmarks_back,88,Sitting,Sitting,True,0.599,0.0,137.8877
Sitting_Lying_FewLandmarks_back,89,Sitting,Sitting,True,0.642,0.0,170.969
Sitting_Lying_FewLandmarks_back,90,Sitting,Sitting,True,0.662,0.0,137.9835
Sitting_Lying_FewLandmarks_back,91,Sitting,Sitting,True,0.676,0.0,131.7104
Sitting_Lying_FewLandmarks_back,92,Sitting,Sitting,True,0.688,0.0,126.2264
Sitting_Lying_FewLandmarks_back,93,Sitting,Sitting,True,0.695,0.0,152.49
Sitting_Lying_FewLandmarks_back,94,Sitting,Sitting,True,0.73,0.0,158.2196
Sitting_Lying_FewLandmarks_back,95,Sitting,Sitting,True,0.735,0.0,306.7496
Sitting_Lying_FewLandmarks_back,96,Sitting,Sitting,True,0.784,0.0,166.4536
Sitting_Lying_FewLandmarks_back,97,Sitting,Sitting,True,0.792,0.0,172.2396
Sitting_Lying_FewLandmarks_back,98,Sitting,Sitting,True,0.818,0.0,140.5628
Sitting_Lying_FewLandmarks_back,99,Sitting,Sitting,True,0.837,0.0,148.7225
Sitting_Lying_FewLandmarks_back,100,Sitting,Sitting,True,0.848,0.0,160.8971
Sitting_Lying_FewLandmarks_back,101,Sitting,Sitting,True,0.849,0.0,160.614
Sitting_Lying_FewLandmarks_back,102,Sitting,Sitting,True,0.879,0.0,173.6049
Sitting_Lying_FewLandmarks_back,103,Sitting,Sitting,True,0.896,0.0,155.8436
Sitting_Lying_FewLandmarks_back,104,Sitting,Sitting,True,0.913,0.0,158.1778
Sitting_Lying_FewLandmarks_back,105,Sitting,Sitting,True,0.918,0.0,156.9032
Sitting_Lying_FewLandmarks_back,106,Sitting,Sitting,True,0.936,0.0,132.1181
Sitting_Lying_FewLandmarks_back,107,Sitting,Sitting,True,0.941,0.0,193.4249
Sitting_Lying_FewLandmarks_back,108,Sitting,Sitting,True,0.954,0.0,141.5465
Sitting_Lying_FewLandmarks_back,109,Sitting,Sitting,True,0.956,0.0,141.8448
Sitting_Lying_FewLandmarks_back,110,Sitting,Sitting,True,0.962,0.0,135.9536
Sitting_Lying_FewLandmarks_back,111,Sitting,Sitting,True,0.97,0.0,131.1731
Sitting_Lying_FewLandmarks_back,112,Sitting,Sitting,True,0.972,0.0,138.6477
Sitting_Lying_FewLandmarks_back,113,Sitting,Sitting,True,0.975,0.0,152.0812
Sitting_Lying_FewLandmarks_back,114,Sitting,Sitting,True,0.977,0.0,148.7157
Sitting_Lying_FewLandmarks_back,115,Sitting,Sitting,True,0.984,0.0,145.2654
Sitting_Lying_FewLandmarks_back,116,Sitting,Sitting,True,0.985,0.0,140.8555
Sitting_Lying_FewLandmarks_back,117,Sitting,Sitting,True,0.985,0.0,146.7761
Sitting_Lying_FewLandmarks_back,118,Sitting,Sitting,True,0.985,0.0,144.4579
Sitting_Lying_FewLandmarks_back,119,Sitting,Sitting,True,0.986,0.0,134.5614
Sitting_Lying_FewLandmarks_back,120,Sitting,Sitting,True,0.985,0.0,165.4743
Sitting_Lying_FewLandmarks_back,121,Sitting,Sitting,True,0.985,0.0,157.1397
Sitting_Lying_FewLandmarks_back,122,Sitting,Sitting,True,0.985,0.0,164.5053
Sitting_Lying_FewLandmarks_back,123,Sitting,Sitting,True,0.982,0.0,211.088
Sitting_Lying_FewLandmarks_back,124,Sitting,Sitting,True,0.986,0.0,175.1216
Sitting_Lying_FewLandmarks_back,125,Sitting,Sitting,True,0.985,0.0,151.506
Sitting_Lying_FewLandmarks_back,126,Sitting,Sitting,True,0.98,0.0,152.4893
Sitting_Lying_FewLandmarks_back,127,Sitting,Sitting,True,0.973,0.0,152.3673
Sitting_Lying_FewLandmarks_back,128,Sitting,Sitting,True,0.978,0.0,162.7369
Sitting_Lying_FewLandmarks_back,129,Sitting,Sitting,True,0.975,0.0,170.7278
Sitting_Lying_FewLandmarks_back,130,Sitting,Sitting,True,0.968,0.0,199.3701
Sitting_Lying_FewLandmarks_back,131,Sitting,Sitting,True,0.95,0.0,157.4383
Sitting_Lying_FewLandmarks_back,132,Sitting,Sitting,True,0.94,0.0,168.4959
Sitting_Lying_FewLandmarks_back,133,Sitting,Sitting,True,0.924,0.0,160.1909
Sitting_Lying_FewLandmarks_back,134,Sitting,Sitting,True,0.921,0.0,177.7267
Sitting_Lying_FewLandmarks_back,135,Sitting,Sitting,True,0.881,0.0,153.0825
Sitting_Lying_FewLandmarks_back,136,Sitting,Sitting,True,0.856,0.0,169.2204
Sitting_Lying_FewLandmarks_back,137,Sitting,Sitting,True,0.816,0.0,177.7911
Sitting_Lying_FewLandmarks_back,138,Sitting,Sitting,True,0.813,0.0,174.7876
Sitting_Lying_FewLandmarks_back,139,Sitting,Sitting,True,0.728,0.0,143.5346
Sitting_Lying_FewLandmarks_back,140,Sitting,Sitting,True,0.678,0.0,169.5751
Sitting_Lying_FewLandmarks_back,141,Sitting,Sitting,True,0.586,0.0,150.5298
Sitting_Lying_FewLandmarks_back,142,Sitting,Sitting,True,0.564,0.0,144.0577
Sitting_Lying_FewLandmarks_back,143,Sitting,Sitting,True,0.493,0.0,143.5862
Sitting_Lying_FewLandmarks_back,144,Sitting,Lying,False,0.485,0.0,136.7721
Sitting_Lying_FewLandmarks_back,145,Sitting,Lying,False,0.526,0.0,157.6802
Sitting_Lying_FewLandmarks_back,146,Sitting,Lying,False,0.567,0.0,157.8446
Sitting_Lying_FewLandmarks_back,147,Sitting,Lying,False,0.622,0.0,140.5044
Sitting_Lying_FewLandmarks_back,148,,Lying,,0.641,0.0,126.4524
Sitting_Lying_FewLandmarks_back,149,,Lying,,0.676,0.0,140.8991
Sitting_Lying_FewLandmarks_back,150,,Lying,,0.702,0.0,138.3279
Sitting_Lying_FewLandmarks_back,151,,Lying,,0.734,0.0,132.8195
Sitting_Lying_FewLandmarks_back,152,,Lying,,0.768,0.0,148.1141
Sitting_Lying_FewLandmarks_back,153,,Lying,,0.839,0.0,155.2267
Sitting_Lying_FewLandmarks_back,154,,Lying,,0.831,0.0,139.5276
Sitting_Lying_FewLandmarks_back,155,,Lying,,0.82,0.0,139.0227
Sitting_Lying_FewLandmarks_back,156,,Lying,,0.832,0.0,135.452
Sitting_Lying_FewLandmarks_back,157,,Lying,,0.825,0.0,154.8807
Sitting_Lying_FewLandmarks_back,158,,Lying,,0.852,0.0,140.3819
Sitting_Lying_FewLandmarks_back,159,,Lying,,0.85,0.0,152.4845
Sitting_Lying_FewLandmarks_back,160,,Lying,,0.886,0.0,135.4055
Sitting_Lying_FewLandmarks_back,161,,Lying,,0.873,0.0,125.2139
Sitting_Lying_FewLandmarks_back,162,,Lying,,0.882,0.0,144.3281
Sitting_Lying_FewLandmarks_back,163,,Lying,,0.892,0.0,247.13
Sitting_Lying_FewLandmarks_back,164,,Lying,,0.91,0.0,203.2907
Sitting_Lying_FewLandmarks_back,165,,Lying,,0.885,0.0,161.723
Sitting_Lying_FewLandmarks_back,166,,Lying,,0.91,0.0,162.5629
Sitting_Lying_FewLandmarks_back,167,,Lying,,0.896,0.0,155.9742
Sitting_Lying_FewLandmarks_back,168,,Lying,,0.876,0.0,153.8192
Sitting_Lying_FewLandmarks_back,169,,Lying,,0.9,0.0,143.8208
Sitting_Lying_FewLandmarks_back,170,,Lying,,0.921,0.0,180.2421
Sitting_Lying_FewLandmarks_back,171,,Lying,,0.875,0.0,172.9469
Sitting_Lying_FewLandmarks_back,172,,Lying,,0.887,0.0,204.2573
Sitting_Lying_FewLandmarks_back,173,,Lying,,0.868,0.0,181.7356
Sitting_Lying_FewLandmarks_back,174,,Lying,,0.903,0.0,143.6052
Sitting_Lying_FewLandmarks_back,175,,Lying,,0.89,0.0,158.3611
Sitting_Lying_FewLandmarks_back,176,,Lying,,0.901,0.0,160.0575
Sitting_Lying_FewLandmarks_back,177,,Lying,,0.922,0.0,165.8184
Sitting_Lying_FewLandmarks_back,178,,Lying,,0.907,0.0,157.6059
Sitting_Lying_FewLandmarks_back,179,,Lying,,0.893,0.0,177.8811
Sitting_Lying_FewLandmarks_back,180,,Lying,,0.924,0.0,206.2072
Sitting_Lying_FewLandmarks_back,181,,Lying,,0.864,0.0,172.4839
Sitting_Lying_FewLandmarks_back,182,,Lying,,0.897,0.0,160.5381
Sitting_Lying_FewLandmarks_back,183,,Lying,,0.831,0.0,148.2825
Sitting_Lying_FewLandmarks_back,184,,Lying,,0.808,0.0,152.9395
Sitting_Lying_FewLandmarks_back,185,,Lying,,0.807,0.0,202.0428
Sitting_Lying_FewLandmarks_back,186,,Lying,,0.804,0.0,220.3351
Sitting_Lying_FewLandmarks_back,187,,Lying,,0.787,0.0,158.6541
Sitting_Lying_FewLandmarks_back,188,,Lying,,0.802,0.0,152.3338
Sitting_Lying_FewLandmarks_back,189,,Lying,,0.768,0.0,137.8729
Sitting_Lying_FewLandmarks_back,190,,Lying,,0.796,0.0,138.7083
Sitting_Lying_FewLandmarks_back,191,,Lying,,0.817,0.0,139.8544
Sitting_Lying_FewLandmarks_back,192,,Lying,,0.813,0.0,129.4088
Sitting_Lying_FewLandmarks_back,193,,Lying,,0.824,0.0,173.8895
Sitting_Lying_FewLandmarks_back,194,,Lying,,0.898,0.0,144.2287
Sitting_Lying_FewLandmarks_back,195,,Lying,,0.896,0.0,142.6976
Sitting_Lying_FewLandmarks_back,196,,Lying,,0.945,0.0,150.342
Sitting_Lying_FewLandmarks_back,197,,Lying,,0.951,0.0,156.2048
Sitting_Lying_FewLandmarks_back,198,,Lying,,0.961,0.0,149.7123
Sitting_Lying_FewLandmarks_back,199,,Lying,,0.948,0.0,157.8893
Sitting_Lying_FewLandmarks_back,200,,Lying,,0.957,0.0,165.7109
Sitting_Lying_FewLandmarks_back,201,,Lying,,0.955,0.0,146.8816
Sitting_Lying_FewLandmarks_back,202,,Lying,,0.976,0.0,139.6376
Sitting_Lying_FewLandmarks_back,203,,Lying,,0.966,0.0,163.9313
Sitting_Lying_FewLandmarks_back,204,,Lying,,0.972,0.0,174.7909
Sitting_Lying_FewLandmarks_back,205,,Lying,,0.972,0.0,192.3889
Sitting_Lying_FewLandmarks_back,206,,Lying,,0.978,0.0,154.7414
Sitting_Lying_FewLandmarks_back,207,Lying,Lying,True,0.983,0.0,183.8278
Sitting_Lying_FewLandmarks_back,208,Lying,Lying,True,0.981,0.0,157.8551
Sitting_Lying_FewLandmarks_back,209,Lying,Lying,True,0.986,0.0,164.9228
Sitting_Lying_FewLandmarks_back,210,Lying,Lying,True,0.991,0.0,170.2031
Sitting_Lying_FewLandmarks_back,211,Lying,Lying,True,0.994,0.0,185.8088
Sitting_Lying_FewLandmarks_back,212,Lying,Lying,True,0.997,0.0,195.8159
Sitting_Lying_FewLandmarks_back,213,Lying,Lying,True,0.998,0.0,164.8649
Sitting_Lying_FewLandmarks_back,214,Lying,Lying,True,0.999,0.0,159.3928
Sitting_Lying_FewLandmarks_back,215,Lying,Lying,True,0.999,0.0,162.9942
Sitting_Lying_FewLandmarks_back,216,Lying,Lying,True,0.999,0.0,184.8118
Sitting_Lying_FewLandmarks_back,217,Lying,Lying,True,0.999,0.0,175.6885
Sitting_Lying_FewLandmarks_back,218,Lying,Lying,True,0.999,0.0,173.6395
Sitting_Lying_FewLandmarks_back,219,Lying,Lying,True,0.999,0.0,153.6281
Sitting_Lying_FewLandmarks_back,220,Lying,Lying,True,0.999,0.0,169.4754
Sitting_Lying_FewLandmarks_back,221,Lying,Lying,True,0.999,0.0,161.2211
Sitting_Lying_FewLandmarks_back,222,Lying,Lying,True,1.0,0.0,227.7009
Sitting_Lying_FewLandmarks_back,223,Lying,Lying,True,1.0,0.0,141.8491
Sitting_Lying_FewLandmarks_back,224,Lying,Lying,True,1.0,0.0,149.2553
Sitting_Lying_FewLandmarks_back,225,Lying,Lying,True,1.0,0.0,155.6939
Sitting_Lying_FewLandmarks_back,226,Lying,Lying,True,1.0,0.0,198.6673
Sitting_Lying_FewLandmarks_back,227,Lying,Lying,True,1.0,0.0,186.1878
Sitting_Lying_FewLandmarks_back,228,Lying,Lying,True,1.0,0.0,189.7182
Sitting_Lying_FewLandmarks_back,229,Lying,Lying,True,1.0,0.0,213.1541
Sitting_Lying_FewLandmarks_back,230,Lying,Lying,True,1.0,0.0,185.7325
Sitting_Lying_FewLandmarks_back,231,Lying,Lying,True,1.0,0.0,160.4634
Sitting_Lying_FewLandmarks_back,232,Lying,Lying,True,1.0,0.0,124.2681
Sitting_Lying_FewLandmarks_back,233,Lying,Lying,True,1.0,0.0,128.7861
Sitting_Lying_FewLandmarks_back,234,Lying,Lying,True,1.0,0.0,131.719
Sitting_Lying_FewLandmarks_back,235,Lying,Lying,True,1.0,0.0,126.3011
Sitting_Lying_FewLandmarks_back,236,Lying,Lying,True,1.0,0.0,122.65
Sitting_Lying_FewLandmarks_back,237,Lying,Lying,True,1.0,0.0,109.8226
Sitting_Lying_FewLandmarks_back,238,Lying,Lying,True,1.0,0.0,133.1324
Sitting_Lying_FewLandmarks_back,239,Lying,Lying,True,1.0,0.0,153.0217
Sitting_Lying_FewLandmarks_back,240,Lying,Lying,True,1.0,0.0,134.8078
Sitting_Lying_FewLandmarks_back,241,Lying,Lying,True,1.0,0.0,146.879
Sitting_Lying_FewLandmarks_back,242,Lying,Lying,True,1.0,0.0,141.9225
Sitting_Lying_FewLandmarks_back,243,Lying,Lying,True,1.0,0.0,139.8738
Sitting_Lying_FewLandmarks_back,244,Lying,Lying,True,1.0,0.0,144.4476
Sitting_Lying_FewLandmarks_back,245,Lying,Lying,True,1.0,0.0,133.9138
Sitting_Lying_FewLandmarks_back,246,Lying,Lying,True,1.0,0.0,135.8628
Sitting_Lying_FewLandmarks_back,247,Lying,Lying,True,1.0,0.0,122.7261
Sitting_Lying_FewLandmarks_back,248,Lying,Lying,True,1.0,0.0,184.1891
Sitting_Lying_FewLandmarks_back,249,Lying,Lying,True,1.0,0.0,137.1233
Sitting_Lying_FewLandmarks_back,250,Lying,Lying,True,1.0,0.0,100.8262
Sitting_Lying_FewLandmarks_back,251,Lying,Lying,True,1.0,0.0,114.8839
Sitting_Lying_FewLandmarks_back,252,Lying,Lying,True,1.0,0.0,124.0951
Sitting_Lying_FewLandmarks_back,253,Lying,Lying,True,1.0,0.0,134.4833
Sitting_Lying_FewLandmarks_back,254,Lying,Lying,True,1.0,0.0,128.4766
Sitting_Lying_FewLandmarks_back,255,Lying,Lying,True,1.0,0.0,130.7217
Sitting_Lying_FewLandmarks_back,256,Lying,Lying,True,1.0,0.0,167.943
Sitting_Lying_FewLandmarks_back,257,Lying,Lying,True,1.0,0.0,148.441
Sitting_Lying_FewLandmarks_back,258,Lying,Lying,True,1.0,0.0,135.126
Sitting_Lying_FewLandmarks_back,259,Lying,Lying,True,1.0,0.0,129.1122
Sitting_Lying_FewLandmarks_back,260,Lying,Lying,True,1.0,0.0,135.8817
Sitting_Lying_FewLandmarks_back,261,Lying,Lying,True,1.0,0.0,113.7061
Sitting_Lying_FewLandmarks_back,262,Lying,Lying,True,1.0,0.0,102.9215
Sitting_Lying_FewLandmarks_back,263,Lying,Lying,True,1.0,0.0,100.9669
Sitting_Lying_FewLandmarks_back,264,Lying,Lying,True,1.0,0.0,111.8417
Sitting_Lying_FewLandmarks_back,265,Lying,Lying,True,1.0,0.0,150.1889
Sitting_Lying_FewLandmarks_back,266,Lying,Lying,True,1.0,0.0,118.0208
Sitting_Lying_FewLandmarks_back,267,Lying,Lying,True,1.0,0.0,98.0382
Sitting_Lying_FewLandmarks_back,268,Lying,Lying,True,1.0,0.0,114.3918
Sitting_Lying_FewLandmarks_back,269,Lying,Lying,True,1.0,0.0,108.7441
Sitting_Lying_FewLandmarks_back,270,Lying,Lying,True,1.0,0.0,102.9872
Sitting_Lying_FewLandmarks_back,271,Lying,Lying,True,1.0,0.0,93.2071
Sitting_Lying_FewLandmarks_back,272,Lying,Lying,True,1.0,0.0,90.9311
Sitting_Lying_FewLandmarks_back,273,Lying,Lying,True,1.0,0.0,119.5275
Sitting_Lying_FewLandmarks_back,274,Lying,Lying,True,1.0,0.0,117.5708
Sitting_Lying_FewLandmarks_back,275,Lying,Lying,True,1.0,0.0,119.6712
Sitting_Lying_FewLandmarks_back,276,Lying,Lying,True,1.0,0.0,115.8743
Sitting_Lying_FewLandmarks_back,277,Lying,Lying,True,1.0,0.0,119.3844
Sitting_Lying_FewLandmarks_back,278,Lying,Lying,True,1.0,0.0,129.5374
Sitting_Lying_FewLandmarks_back,279,Lying,Lying,True,1.0,0.0,130.262
Sitting_Lying_FewLandmarks_back,280,Lying,Lying,True,1.0,0.0,128.0655
Sitting_Lying_FewLandmarks_back,281,Lying,Lying,True,1.0,0.0,120.8543
Sitting_Lying_FewLandmarks_back,282,Lying,Lying,True,1.0,0.0,128.0313
Sitting_Lying_FewLandmarks_back,283,Lying,Lying,True,1.0,0.0,113.4019
Sitting_Lying_FewLandmarks_back,284,Lying,Lying,True,1.0,0.0,171.6302
Sitting_Lying_FewLandmarks_back,285,Lying,Lying,True,1.0,0.0,157.3637
Sitting_Lying_FewLandmarks_back,286,Lying,Lying,True,1.0,0.0,162.5805
Sitting_Lying_FewLandmarks_back,287,Lying,Lying,True,1.0,0.0,168.0585
Sitting_Lying_FewLandmarks_back,288,Lying,Lying,True,1.0,0.0,160.3939
Sitting_Lying_FewLandmarks_back,289,Lying,Lying,True,1.0,0.0,176.8051
Sitting_Lying_FewLandmarks_back,290,Lying,Lying,True,1.0,0.0,176.5581
Sitting_Lying_FewLandmarks_back,291,Lying,Lying,True,1.0,0.0,154.9066
Sitting_Lying_FewLandmarks_back,292,Lying,Lying,True,1.0,0.0,153.0597
Sitting_Lying_FewLandmarks_back,293,Lying,Lying,True,1.0,0.0,133.2542
Sitting_Lying_FewLandmarks_back,294,Lying,Lying,True,1.0,0.0,137.1962
Sitting_Lying_FewLandmarks_back,295,Lying,Lying,True,1.0,0.0,138.8419
Sitting_Lying_FewLandmarks_back,296,Lying,Lying,True,1.0,0.0,153.0712
Sitting_Lying_FewLandmarks_back,297,Lying,Lying,True,1.0,0.0,195.1739
Sitting_Lying_FewLandmarks_back,298,Lying,Lying,True,1.0,0.0,170.9086
Sitting_Lying_FewLandmarks_back,299,Lying,Lying,True,1.0,0.0,122.4796
Sitting_Lying_FewLandmarks_back,300,Lying,Lying,True,1.0,0.0,150.9681
Sitting_Lying_FewLandmarks_back,301,Lying,Lying,True,1.0,0.0,176.8912
Sitting_Lying_FewLandmarks_back,302,Lying,Lying,True,1.0,0.0,184.4116
Sitting_Lying_FewLandmarks_back,303,Lying,Lying,True,1.0,0.0,150.4136
Sitting_Lying_FewLandmarks_back,304,Lying,Lying,True,1.0,0.0,159.4733
Sitting_Lying_FewLandmarks_back,305,Lying,Lying,True,1.0,0.0,164.6066
Sitting_Lying_FewLandmarks_back,306,Lying,Lying,True,1.0,0.0,151.5551
Sitting_Lying_FewLandmarks_back,307,Lying,Lying,True,1.0,0.0,161.696
Sitting_Lying_FewLandmarks_back,308,Lying,Lying,True,1.0,0.0,154.6117
Sitting_Lying_FewLandmarks_back,309,Lying,Lying,True,1.0,0.0,172.0349
Sitting_Lying_FewLandmarks_back,310,Lying,Lying,True,1.0,0.0,176.9244
Sitting_Lying_FewLandmarks_back,311,Lying,Lying,True,1.0,0.0,157.2902
Sitting_Lying_FewLandmarks_back,312,Lying,Lying,True,1.0,0.0,151.0711
Sitting_Lying_FewLandmarks_back,313,Lying,Lying,True,1.0,0.0,168.0671
Sitting_Lying_FewLandmarks_back,314,Lying,Lying,True,1.0,0.0,159.7986
Sitting_Lying_FewLandmarks_back,315,Lying,Lying,True,1.0,0.0,174.0511
Sitting_Lying_FewLandmarks_back,316,Lying,Lying,True,1.0,0.0,219.7123
Sitting_Lying_FewLandmarks_back,317,Lying,Lying,True,1.0,0.0,229.9689
Sitting_Lying_FewLandmarks_back,318,Lying,Lying,True,1.0,0.0,323.8905
Sitting_Lying_FewLandmarks_back,319,Lying,Lying,True,1.0,0.0,192.1414
Sitting_Lying_FewLandmarks_back,320,Lying,Lying,True,1.0,0.0,198.9412
Sitting_Lying_FewLandmarks_back,321,Lying,Lying,True,1.0,0.0,166.456
Sitting_Lying_FewLandmarks_back,322,Lying,Lying,True,1.0,0.0,166.9172
Sitting_Lying_FewLandmarks_back,323,Lying,Lying,True,1.0,0.0,183.8092
Sitting_Lying_FewLandmarks_back,324,Lying,Lying,True,1.0,0.0,157.6431
Sitting_Lying_FewLandmarks_back,325,Lying,Lying,True,1.0,0.0,149.7665
Sitting_Lying_FewLandmarks_back,326,,Lying,,1.0,0.0,109.7565
Sitting_Lying_FewLandmarks_back,327,,Lying,,1.0,0.0,142.8623
Sitting_Lying_FewLandmarks_back,328,,Lying,,1.0,0.0,138.3943
Sitting_Lying_FewLandmarks_back,329,,Lying,,1.0,0.0,132.9574
Sitting_Lying_FewLandmarks_back,330,,Lying,,1.0,0.0,129.6
Sitting_Lying_FewLandmarks_back,331,,Lying,,1.0,0.0,136.1006
Sitting_Lying_FewLandmarks_back,332,,Lying,,1.0,0.0,170.2041
Sitting_Lying_FewLandmarks_back,333,,Lying,,1.0,0.0,152.4018
Sitting_Lying_FewLandmarks_back,334,,Lying,,1.0,0.0,183.2618
Sitting_Lying_FewLandmarks_back,335,,Lying,,1.0,0.0,161.6779
Sitting_Lying_FewLandmarks_back,336,,Lying,,1.0,0.0,156.5677
Sitting_Lying_FewLandmarks_back,337,,Lying,,1.0,0.0,144.9895
Sitting_Lying_FewLandmarks_back,338,,Lying,,1.0,0.0,151.2572
Sitting_Lying_FewLandmarks_back,339,,Lying,,1.0,0.0,141.7376
Sitting_Lying_FewLandmarks_back,340,,Lying,,1.0,0.0,148.5493
Sitting_Lying_FewLandmarks_back,341,,Lying,,1.0,0.0,140.4445
Sitting_Lying_FewLandmarks_back,342,,Lying,,1.0,0.0,144.0723
Sitting_Lying_FewLandmarks_back,343,,Lying,,1.0,0.0,153.596
Sitting_Lying_FewLandmarks_back,344,,Lying,,1.0,0.0,152.2503
Sitting_Lying_FewLandmarks_back,345,,Lying,,1.0,0.0,177.0794
Sitting_Lying_FewLandmarks_back,346,,Lying,,1.0,0.0,156.0792
Sitting_Lying_FewLandmarks_back,347,,Lying,,1.0,0.0,156.9272
Sitting_Lying_FewLandmarks_back,348,,Lying,,1.0,0.0,151.0453
Sitting_Lying_FewLandmarks_back,349,,Lying,,1.0,0.0,153.9143
Sitting_Lying_FewLandmarks_back,350,,Lying,,1.0,0.0,161.8771
Sitting_Lying_FewLandmarks_back,351,,Lying,,1.0,0.0,166.851
Sitting_Lying_FewLandmarks_back,352,,Lying,,1.0,0.0,152.2713
Sitting_Lying_FewLandmarks_back,353,,Lying,,1.0,0.0,165.6542
Sitting_Lying_FewLandmarks_back,354,,Lying,,1.0,0.0,148.9963
Sitting_Lying_FewLandmarks_back,355,,Lying,,1.0,0.0,157.2787
Sitting_Lying_FewLandmarks_back,356,,Lying,,1.0,0.0,170.7467
Sitting_Lying_FewLandmarks_back,357,,Lying,,1.0,0.0,149.1917
Sitting_Lying_FewLandmarks_back,358,,Lying,,1.0,0.0,167.9667
Sitting_Lying_FewLandmarks_back,359,,Lying,,1.0,0.0,294.5366
Sitting_Lying_FewLandmarks_back,360,,Lying,,1.0,0.0,183.1539
Sitting_Lying_FewLandmarks_back,361,,Lying,,1.0,0.0,223.1164
Sitting_Lying_FewLandmarks_back,362,,Lying,,1.0,0.0,198.6247
Sitting_Lying_FewLandmarks_back,363,,Lying,,1.0,0.0,217.7926
Sitting_Lying_FewLandmarks_back,364,,Lying,,1.0,0.0,187.9058
Sitting_Lying_FewLandmarks_back,365,,Lying,,1.0,0.0,173.5314
Sitting_Lying_FewLandmarks_back,366,,Lying,,1.0,0.0,171.9361
Sitting_Lying_FewLandmarks_back,367,,Lying,,1.0,0.0,177.174
Sitting_Lying_FewLandmarks_back,368,,Lying,,1.0,0.0,186.6893
Sitting_Lying_FewLandmarks_back,369,,Lying,,1.0,0.0,188.502
Sitting_Lying_FewLandmarks_back,370,,Lying,,0.999,0.0,154.4899
Sitting_Lying_FewLandmarks_back,371,,Lying,,0.999,0.0,173.7148
Sitting_Lying_FewLandmarks_back,372,,Lying,,0.999,0.0,276.0415
Sitting_Lying_FewLandmarks_back,373,,Lying,,0.999,0.0,201.7037
Sitting_Lying_FewLandmarks_back,374,,Lying,,0.999,0.0,186.4304
Sitting_Lying_FewLandmarks_back,375,,Lying,,0.999,0.0,204.1989
Sitting_Lying_FewLandmarks_back,376,,Lying,,0.999,0.0,204.9837
Sitting_Lying_FewLandmarks_back,377,,Lying,,0.999,0.0,192.7462
Sitting_Lying_FewLandmarks_back,378,,Lying,,0.999,0.0,153.7798
Sitting_Lying_FewLandmarks_back,379,,Lying,,0.999,0.0,155.4328
Sitting_Lying_FewLandmarks_back,380,,Lying,,0.999,0.0,190.6794
Sitting_Lying_FewLandmarks_back,381,,Lying,,0.999,0.0,162.351
Sitting_Lying_FewLandmarks_back,382,,Lying,,0.999,0.0,151.3809
Sitting_Lying_FewLandmarks_back,383,,Lying,,0.998,0.0,155.8142
Sitting_Lying_FewLandmarks_back,384,,Lying,,0.998,0.0,142.6853
Sitting_Lying_FewLandmarks_back,385,,Lying,,0.998,0.0,148.2228
Sitting_Lying_FewLandmarks_back,386,,Lying,,0.998,0.0,140.1932
Sitting_Lying_FewLandmarks_back,387,,Lying,,0.998,0.0,141.9759
Sitting_Lying_FewLandmarks_back,388,,Lying,,0.997,0.0,133.2163
Sitting_Lying_FewLandmarks_back,389,,Lying,,0.996,0.0,140.6231
Sitting_Lying_FewLandmarks_back,390,,Lying,,0.996,0.0,159.9171
Sitting_Lying_FewLandmarks_back,391,,Lying,,0.995,0.0,147.4952
Sitting_Lying_FewLandmarks_back,392,,Lying,,0.995,0.0,107.5562
Sitting_Lying_FewLandmarks_back,393,,Lying,,0.995,0.0,139.0058
Sitting_Lying_FewLandmarks_back,394,,Lying,,0.996,0.0,136.4116
Sitting_Lying_FewLandmarks_back,395,,Lying,,0.996,0.0,136.7998
Sitting_Lying_FewLandmarks_back,396,,Lying,,0.996,0.0,140.5972
Sitting_Lying_FewLandmarks_back,397,,Lying,,0.995,0.0,131.4201
Sitting_Lying_FewLandmarks_back,398,,Lying,,0.995,0.0,122.1565
Sitting_Lying_FewLandmarks_back,399,,Lying,,0.995,0.0,137.5482
Sitting_Lying_FewLandmarks_back,400,,Lying,,0.995,0.0,134.612
Sitting_Lying_FewLandmarks_back,401,,Lying,,0.994,0.0,138.0456
Sitting_Lying_FewLandmarks_back,402,,Lying,,0.994,0.0,136.6241
Sitting_Lying_FewLandmarks_back,403,,Lying,,0.992,0.0,140.8921
Sitting_Lying_FewLandmarks_back,404,,Lying,,0.992,0.0,115.6945
Sitting_Lying_FewLandmarks_back,405,,Lying,,0.991,0.0,137.2219
Sitting_Lying_FewLandmarks_back,406,,Lying,,0.989,0.0,134.9557
Sitting_Lying_FewLandmarks_back,407,,Lying,,0.986,0.0,141.6305
Sitting_Lying_FewLandmarks_back,408,,Lying,,0.985,0.0,149.3018
Sitting_Lying_FewLandmarks_back,409,,Lying,,0.983,0.0,152.183
Sitting_Lying_FewLandmarks_back,410,,Lying,,0.984,0.0,196.3321
Sitting_Lying_FewLandmarks_back,411,,Lying,,0.98,0.0,347.1742
Sitting_Lying_FewLandmarks_back,412,,Lying,,0.977,0.0,239.8523
Sitting_Lying_FewLandmarks_back,413,,Lying,,0.972,0.0,177.3783
Sitting_Lying_FewLandmarks_back,414,,Lying,,0.956,0.0,158.4954
Sitting_Lying_FewLandmarks_back,415,Sitting,Lying,False,0.952,0.0,151.0104
Sitting_Lying_FewLandmarks_back,416,Sitting,Lying,False,0.944,0.0,133.2584
Sitting_Lying_FewLandmarks_back,417,Sitting,Lying,False,0.946,0.0,146.4404
Sitting_Lying_FewLandmarks_back,418,Sitting,Lying,False,0.932,0.0,151.4998
Sitting_Lying_FewLandmarks_back,419,Sitting,Lying,False,0.919,0.0,153.6632
Sitting_Lying_FewLandmarks_back,420,Sitting,Lying,False,0.878,0.0,149.0155
Sitting_Lying_FewLandmarks_back,421,Sitting,Lying,False,0.87,0.0,152.5389
Sitting_Lying_FewLandmarks_back,422,Sitting,Lying,False,0.812,0.0,152.616
Sitting_Lying_FewLandmarks_back,423,Sitting,Lying,False,0.713,0.0,167.9617
Sitting_Lying_FewLandmarks_back,424,Sitting,Lying,False,0.658,0.0,164.6015
Sitting_Lying_FewLandmarks_back,425,Sitting,Lying,False,0.656,0.0,170.053
Sitting_Lying_FewLandmarks_back,426,Sitting,Lying,False,0.54,0.0,193.0225
Sitting_Lying_FewLandmarks_back,427,Sitting,Sitting,True,0.544,0.0,164.0546
Sitting_Lying_FewLandmarks_back,428,Sitting,Sitting,True,0.647,0.0,144.1558
Sitting_Lying_FewLandmarks_back,429,Sitting,Sitting,True,0.716,0.0,150.3073
Sitting_Lying_FewLandmarks_back,430,Sitting,Sitting,True,0.731,0.0,159.3869
Sitting_Lying_FewLandmarks_back,431,Sitting,Sitting,True,0.752,0.0,154.2754
Sitting_Lying_FewLandmarks_back,432,Sitting,Sitting,True,0.741,0.0,124.5656
Sitting_Lying_FewLandmarks_back,433,Sitting,Sitting,True,0.728,0.0,136.8186
Sitting_Lying_FewLandmarks_back,434,Sitting,Sitting,True,0.795,0.0,116.9806
Sitting_Lying_FewLandmarks_back,435,Sitting,Sitting,True,0.783,0.0,117.3999
Sitting_Lying_FewLandmarks_back,436,Sitting,Sitting,True,0.816,0.0,109.3342
Sitting_Lying_FewLandmarks_back,437,Sitting,Sitting,True,0.796,0.0,123.8299
Sitting_Lying_FewLandmarks_back,438,Sitting,Sitting,True,0.806,0.0,158.9395
Sitting_Lying_FewLandmarks_back,439,Sitting,Sitting,True,0.812,0.0,139.2381
Sitting_Lying_FewLandmarks_back,440,Sitting,Sitting,True,0.805,0.0,150.2566
Sitting_Lying_FewLandmarks_back,441,Sitting,Sitting,True,0.809,0.0,183.714
Sitting_Lying_FewLandmarks_back,442,Sitting,Sitting,True,0.811,0.0,196.5527
Sitting_Lying_FewLandmarks_back,443,Sitting,Sitting,True,0.807,0.0,184.4597
Sitting_Lying_FewLandmarks_back,444,Sitting,Sitting,True,0.794,0.0,177.4056
Sitting_Lying_FewLandmarks_back,445,Sitting,Sitting,True,0.788,0.0,142.0665
Sitting_Lying_FewLandmarks_back,446,Sitting,Sitting,True,0.801,0.0,153.4645
Sitting_Lying_FewLandmarks_back,447,Sitting,Sitting,True,0.791,0.0,152.3392
Sitting_Lying_FewLandmarks_back,448,Sitting,Sitting,True,0.777,0.0,154.4161
Sitting_Lying_FewLandmarks_back,449,Sitting,Sitting,True,0.771,0.0,146.2816
Sitting_Lying_FewLandmarks_back,450,Sitting,Sitting,True,0.747,0.0,117.8251
Sitting_Lying_FewLandmarks_back,451,Sitting,Sitting,True,0.725,0.0,117.9333
Sitting_Lying_FewLandmarks_back,452,Sitting,Sitting,True,0.707,0.0,136.6169
Sitting_Lying_FewLandmarks_back,453,Sitting,Sitting,True,0.695,0.0,133.6756
Sitting_Lying_FewLandmarks_back,454,Sitting,Sitting,True,0.695,0.0,141.148
Sitting_Lying_FewLandmarks_back,455,Sitting,Sitting,True,0.668,0.0,143.4887
Sitting_Lying_FewLandmarks_back,456,Sitting,Sitting,True,0.665,0.0,184.2038
Sitting_Lying_FewLandmarks_back,457,Sitting,Sitting,True,0.656,0.0,233.8581
Sitting_Lying_FewLandmarks_back,458,Sitting,Sitting,True,0.645,0.0,170.1806
Sitting_Lying_FewLandmarks_back,459,,Sitting,,0.606,0.0,164.956
Sitting_Lying_FewLandmarks_back,460,,Sitting,,0.598,0.0,163.0346
Sitting_Lying_FewLandmarks_back,461,,Sitting,,0.609,0.0,155.3554
Sitting_Lying_FewLandmarks_back,462,,Sitting,,0.615,0.0,121.3524
Sitting_Lying_FewLandmarks_back,463,,Sitting,,0.588,0.0,126.8676
Sitting_Lying_FewLandmarks_back,464,,Sitting,,0.588,0.0,254.7981
Sitting_Lying_FewLandmarks_back,465,,Sitting,,0.566,0.0,189.9005
Sitting_Lying_FewLandmarks_back,466,,Sitting,,0.565,0.0,138.7007
Sitting_Lying_FewLandmarks_back,467,,Sitting,,0.609,0.0,153.3924
Sitting_Lying_FewLandmarks_back,468,,Sitting,,0.553,0.0,132.0637
Sitting_Lying_FewLandmarks_back,469,,Sitting,,0.6,0.0,134.7826
Sitting_Lying_FewLandmarks_back,470,,Sitting,,0.606,0.0,121.8192
Sitting_Lying_FewLandmarks_back,471,,Sitting,,0.643,0.0,114.9359
Sitting_Lying_FewLandmarks_back,472,,Sitting,,0.637,0.0,143.6288
Sitting_Lying_FewLandmarks_back,473,,Sitting,,0.674,0.0,196.7387
Sitting_Lying_FewLandmarks_back,474,,Sitting,,0.711,0.0,162.6607
Sitting_Lying_FewLandmarks_back,475,,Sitting,,0.74,0.0,142.2811
Sitting_Lying_FewLandmarks_back,476,,Sitting,,0.741,0.0,122.2972
Sitting_Lying_FewLandmarks_back,477,,Sitting,,0.784,0.0,111.3496
Sitting_Lying_FewLandmarks_back,478,,Sitting,,0.811,0.0,94.0791
Sitting_Lying_FewLandmarks_back,479,,Sitting,,0.806,0.0,122.9353
Sitting_Lying_FewLandmarks_back,480,,Sitting,,0.829,0.0,92.0566
Sitting_Lying_FewLandmarks_back,481,,Sitting,,0.819,0.0,152.941
Sitting_Lying_FewLandmarks_back,482,,Sitting,,0.836,0.0,95.6891
Sitting_Lying_FewLandmarks_back,483,,Sitting,,0.833,0.0,112.0645
Sitting_Lying_FewLandmarks_back,484,,Sitting,,0.843,0.0,112.0601
Sitting_Lying_FewLandmarks_back,485,,Sitting,,0.834,0.0,120.7624
Sitting_Lying_FewLandmarks_back,486,,Sitting,,0.842,0.0,117.4403
Sitting_Lying_FewLandmarks_back,487,,Sitting,,0.826,0.0,127.2382
Sitting_Lying_FewLandmarks_back,488,,Sitting,,0.799,0.0,130.6363
Sitting_Lying_FewLandmarks_back,489,,Sitting,,0.779,0.0,146.2802
Sitting_Lying_FewLandmarks,31,,Standing,,0.998,0.0,135.4892
Sitting_Lying_FewLandmarks,32,,Standing,,0.998,0.0,97.776
Sitting_Lying_FewLandmarks,33,,Standing,,0.998,0.0,111.7115
Sitting_Lying_FewLandmarks,34,,Standing,,0.998,0.0,85.8241
Sitting_Lying_FewLandmarks,35,,Standing,,0.998,0.0,90.1984
Sitting_Lying_FewLandmarks,36,,Standing,,0.998,0.0,98.7557
Sitting_Lying_FewLandmarks,37,,Standing,,0.998,0.0,92.9643
Sitting_Lying_FewLandmarks,38,,Standing,,0.998,0.0,104.5989
Sitting_Lying_FewLandmarks,39,,Standing,,0.998,0.0,98.965
Sitting_Lying_FewLandmarks,40,,Standing,,0.998,0.0,122.6495
Sitting_Lying_FewLandmarks,41,,Standing,,0.998,0.0,116.7833
Sitting_Lying_FewLandmarks,42,,Standing,,0.998,0.0,112.431
Sitting_Lying_FewLandmarks,43,,Standing,,0.997,0.0,117.9689
Sitting_Lying_FewLandmarks,44,,Standing,,0.997,0.0,129.5294
Sitting_Lying_FewLandmarks,45,,Standing,,0.996,0.0,107.3865
Sitting_Lying_FewLandmarks,46,,Standing,,0.996,0.0,136.8968
Sitting_Lying_FewLandmarks,47,,Standing,,0.995,0.0,134.9968
Sitting_Lying_FewLandmarks,48,,Standing,,0.994,0.0,168.4656
Sitting_Lying_FewLandmarks,49,,Standing,,0.992,0.0,155.1644
Sitting_Lying_FewLandmarks,50,,Standing,,0.987,0.0,148.4297
Sitting_Lying_FewLandmarks,51,,Standing,,0.985,0.0,146.1106
Sitting_Lying_FewLandmarks,52,,Standing,,0.982,0.0,129.9628
Sitting_Lying_FewLandmarks,53,,Standing,,0.981,0.0,122.2853
Sitting_Lying_FewLandmarks,54,,Standing,,0.979,0.0,146.3138
Sitting_Lying_FewLandmarks,55,,Standing,,0.977,0.0,164.9223
Sitting_Lying_FewLandmarks,56,,Standing,,0.974,0.0,130.4197
Sitting_Lying_FewLandmarks,57,,Standing,,0.972,0.0,123.8067
Sitting_Lying_FewLandmarks,58,,Standing,,0.968,0.0,178.6664
Sitting_Lying_FewLandmarks,59,Sitting,Standing,False,0.963,0.0,134.21
Sitting_Lying_FewLandmarks,60,Sitting,Standing,False,0.96,0.0,133.2129
Sitting_Lying_FewLandmarks,61,Sitting,Standing,False,0.955,0.0,114.7147
Sitting_Lying_FewLandmarks,62,Sitting,Standing,False,0.953,0.0,107.5754
Sitting_Lying_FewLandmarks,63,Sitting,Standing,False,0.953,0.0,118.3374
Sitting_Lying_FewLandmarks,64,Sitting,Standing,False,0.951,0.0,119.0985
Sitting_Lying_FewLandmarks,65,Sitting,Standing,False,0.951,0.0,128.9293
Sitting_Lying_FewLandmarks,66,Sitting,Standing,False,0.949,0.0,128.9436
Sitting_Lying_FewLandmarks,67,Sitting,Standing,False,0.947,0.0,133.2652
Sitting_Lying_FewLandmarks,68,Sitting,Standing,False,0.943,0.0,138.2472
Sitting_Lying_FewLandmarks,69,Sitting,Standing,False,0.94,0.0,138.3595
Sitting_Lying_FewLandmarks,70,Sitting,Standing,False,0.947,0.0,145.1289
Sitting_Lying_FewLandmarks,71,Sitting,Standing,False,0.944,0.0,155.2883
Sitting_Lying_FewLandmarks,72,Sitting,Standing,False,0.945,0.0,142.782
Sitting_Lying_FewLandmarks,73,Sitting,Standing,False,0.957,0.0,282.694
Sitting_Lying_FewLandmarks,74,Sitting,Standing,False,0.967,0.0,146.436
Sitting_Lying_FewLandmarks,75,Sitting,Standing,False,0.979,0.0,150.0285
Sitting_Lying_FewLandmarks,76,Sitting,Standing,False,0.982,0.0,143.7345
Sitting_Lying_FewLandmarks,77,Sitting,Standing,False,0.981,0.0,146.3468
Sitting_Lying_FewLandmarks,78,Sitting,Standing,False,0.982,0.0,150.7253
Sitting_Lying_FewLandmarks,79,Sitting,Standing,False,0.982,0.0,149.3051
Sitting_Lying_FewLandmarks,80,Sitting,Standing,False,0.982,0.0,145.5725
Sitting_Lying_FewLandmarks,81,Sitting,Standing,False,0.979,0.0,147.2383
Sitting_Lying_FewLandmarks,82,Sitting,Standing,False,0.975,0.0,155.5326
Sitting_Lying_FewLandmarks,83,Sitting,Standing,False,0.969,0.0,144.0262
Sitting_Lying_FewLandmarks,84,Sitting,Standing,False,0.968,0.0,145.0401
Sitting_Lying_FewLandmarks,85,Sitting,Standing,False,0.969,0.0,151.2846
Sitting_Lying_FewLandmarks,86,Sitting,Standing,False,0.966,0.0,145.6098
Sitting_Lying_FewLandmarks,87,Sitting,Standing,False,0.963,0.0,186.9594
Sitting_Lying_FewLandmarks,88,Sitting,Standing,False,0.96,0.0,258.7679
Sitting_Lying_FewLandmarks,89,Sitting,Standing,False,0.961,0.0,176.3259
Sitting_Lying_FewLandmarks,90,Sitting,Standing,False,0.957,0.0,165.9006
Sitting_Lying_FewLandmarks,91,Sitting,Standing,False,0.945,0.0,163.2901
Sitting_Lying_FewLandmarks,92,Sitting,Standing,False,0.932,0.0,151.2669
Sitting_Lying_FewLandmarks,93,Sitting,Standing,False,0.912,0.0,138.5862
Sitting_Lying_FewLandmarks,94,Sitting,Standing,False,0.907,0.0,145.7492
Sitting_Lying_FewLandmarks,95,Sitting,Standing,False,0.903,0.0,145.3268
Sitting_Lying_FewLandmarks,96,Sitting,Standing,False,0.898,0.0,139.5454
Sitting_Lying_FewLandmarks,97,Sitting,Standing,False,0.896,0.0,141.9822
Sitting_Lying_FewLandmarks,98,Sitting,Standing,False,0.898,0.0,156.1203
Sitting_Lying_FewLandmarks,99,Sitting,Standing,False,0.9,0.0,168.1582
Sitting_Lying_FewLandmarks,100,Sitting,Standing,False,0.903,0.0,149.4045
Sitting_Lying_FewLandmarks,101,Sitting,Standing,False,0.904,0.0,180.5389
Sitting_Lying_FewLandmarks,102,Sitting,Standing,False,0.908,0.0,192.4406
Sitting_Lying_FewLandmarks,103,Sitting,Standing,False,0.92,0.0,158.3174
Sitting_Lying_FewLandmarks,104,Sitting,Standing,False,0.929,0.0,195.6925
Sitting_Lying_FewLandmarks,105,Sitting,Standing,False,0.935,0.0,161.1
Sitting_Lying_FewLandmarks,106,Sitting,Standing,False,0.941,0.0,211.4463
Sitting_Lying_FewLandmarks,107,Sitting,Standing,False,0.943,0.0,178.3639
Sitting_Lying_FewLandmarks,108,Sitting,Standing,False,0.948,0.0,151.641
Sitting_Lying_FewLandmarks,109,Sitting,Standing,False,0.952,0.0,139.0474
Sitting_Lying_FewLandmarks,110,Sitting,Standing,False,0.96,0.0,143.3995
Sitting_Lying_FewLandmarks,111,Sitting,Standing,False,0.966,0.0,141.677
Sitting_Lying_FewLandmarks,112,,Standing,,0.971,0.0,131.5323
Sitting_Lying_FewLandmarks,113,,Standing,,0.974,0.0,147.733
Sitting_Lying_FewLandmarks,114,,Standing,,0.978,0.0,144.9566
Sitting_Lying_FewLandmarks,115,,Standing,,0.981,0.0,183.5646
Sitting_Lying_FewLandmarks,116,,Standing,,0.982,0.0,175.7431
Sitting_Lying_FewLandmarks,117,,Standing,,0.983,0.0,162.3434
Sitting_Lying_FewLandmarks,118,,Standing,,0.984,0.0,175.3778
Sitting_Lying_FewLandmarks,119,,Standing,,0.985,0.0,230.0801
Sitting_Lying_FewLandmarks,120,,Standing,,0.986,0.0,228.5434
Sitting_Lying_FewLandmarks,121,,Standing,,0.986,0.0,246.0376
Sitting_Lying_FewLandmarks,122,,Standing,,0.985,0.0,205.2414
Sitting_Lying_FewLandmarks,123,,Standing,,0.985,0.0,170.7573
Sitting_Lying_FewLandmarks,124,,Standing,,0.985,0.0,159.8828
Sitting_Lying_FewLandmarks,125,,Standing,,0.985,0.0,174.7898
Sitting_Lying_FewLandmarks,126,,Standing,,0.984,0.0,155.3274
Sitting_Lying_FewLandmarks,127,,Standing,,0.985,0.0,177.0329
Sitting_Lying_FewLandmarks,128,,Standing,,0.984,0.0,141.5553
Sitting_Lying_FewLandmarks,129,,Standing,,0.984,0.0,154.3838
Sitting_Lying_FewLandmarks,130,,Standing,,0.984,0.0,150.1076
Sitting_Lying_FewLandmarks,131,,Standing,,0.984,0.0,178.6877
Sitting_Lying_FewLandmarks,132,,Standing,,0.983,0.0,186.9453
Sitting_Lying_FewLandmarks,133,,Standing,,0.981,0.0,140.4137
Sitting_Lying_FewLandmarks,134,,Standing,,0.98,0.0,209.9568
Sitting_Lying_FewLandmarks,135,,Standing,,0.978,0.0,167.5218
Sitting_Lying_FewLandmarks,136,,Standing,,0.977,0.0,206.0334
Sitting_Lying_FewLandmarks,137,,Standing,,0.975,0.0,188.4592
Sitting_Lying_FewLandmarks,138,,Standing,,0.975,0.0,187.6012
Sitting_Lying_FewLandmarks,139,,Standing,,0.974,0.0,339.5415
Sitting_Lying_FewLandmarks,140,,Standing,,0.97,0.0,168.085
Sitting_Lying_FewLandmarks,141,,Standing,,0.966,0.0,167.2204
Sitting_Lying_FewLandmarks,142,,Standing,,0.961,0.0,292.7028
Sitting_Lying_FewLandmarks,143,,Standing,,0.953,0.0,297.0641
Sitting_Lying_FewLandmarks,144,,Standing,,0.947,0.0,190.5506
Sitting_Lying_FewLandmarks,145,,Standing,,0.925,0.0,302.6643
Sitting_Lying_FewLandmarks,146,,Standing,,0.911,0.0,672.9689
Sitting_Lying_FewLandmarks,147,,Standing,,0.869,0.0,203.8373
Sitting_Lying_FewLandmarks,148,,Standing,,0.834,0.0,179.5347
Sitting_Lying_FewLandmarks,149,,Standing,,0.751,0.0,175.6379
Sitting_Lying_FewLandmarks,150,,Standing,,0.693,0.0,371.1252
Sitting_Lying_FewLandmarks,151,,Standing,,0.572,0.0,225.3045
Sitting_Lying_FewLandmarks,152,,Standing,,0.479,0.0,203.2411
Sitting_Lying_FewLandmarks,153,,Lying,,0.568,0.0,180.4351
Sitting_Lying_FewLandmarks,154,,Lying,,0.699,0.0,192.8821
Sitting_Lying_FewLandmarks,155,,Lying,,0.764,0.0,181.4249
Sitting_Lying_FewLandmarks,156,,Lying,,0.83,0.0,192.1471
Sitting_Lying_FewLandmarks,157,,Lying,,0.865,0.0,181.7112
Sitting_Lying_FewLandmarks,158,,Lying,,0.918,0.0,165.9645
Sitting_Lying_FewLandmarks,159,,Lying,,0.941,0.0,190.3442
Sitting_Lying_FewLandmarks,160,,Lying,,0.96,0.0,160.3048
Sitting_Lying_FewLandmarks,161,,Lying,,0.969,0.0,162.6385
Sitting_Lying_FewLandmarks,162,,Lying,,0.97,0.0,170.1854
Sitting_Lying_FewLandmarks,163,,Lying,,0.977,0.0,186.4735
Sitting_Lying_FewLandmarks,164,,Lying,,0.985,0.0,145.838
Sitting_Lying_FewLandmarks,165,,Lying,,0.987,0.0,148.0198
Sitting_Lying_FewLandmarks,166,,Lying,,0.986,0.0,158.242
Sitting_Lying_FewLandmarks,167,,Lying,,0.988,0.0,175.002
Sitting_Lying_FewLandmarks,168,,Lying,,0.989,0.0,211.176
Sitting_Lying_FewLandmarks,169,,Lying,,0.991,0.0,118.5375
Sitting_Lying_FewLandmarks,170,,Lying,,0.992,0.0,149.5018
Sitting_Lying_FewLandmarks,171,,Lying,,0.994,0.0,145.9333
Sitting_Lying_FewLandmarks,172,,Lying,,0.996,0.0,142.5489
Sitting_Lying_FewLandmarks,173,,Lying,,0.997,0.0,134.5209
Sitting_Lying_FewLandmarks,174,,Lying,,0.997,0.0,145.7892
Sitting_Lying_FewLandmarks,175,,Lying,,0.994,0.0,148.1124
Sitting_Lying_FewLandmarks,176,,Lying,,0.996,0.0,157.7339
Sitting_Lying_FewLandmarks,177,Lying,Lying,True,0.996,0.0,144.73
Sitting_Lying_FewLandmarks,178,Lying,Lying,True,0.996,0.0,157.5287
Sitting_Lying_FewLandmarks,179,Lying,Lying,True,0.996,0.0,167.862
Sitting_Lying_FewLandmarks,180,Lying,Lying,True,0.992,0.0,155.5351
Sitting_Lying_FewLandmarks,181,Lying,Lying,True,0.993,0.0,163.2697
Sitting_Lying_FewLandmarks,182,Lying,Lying,True,0.992,0.0,178.5545
Sitting_Lying_FewLandmarks,183,Lying,Lying,True,0.993,0.0,153.0918
Sitting_Lying_FewLandmarks,184,Lying,Lying,True,0.994,0.0,115.9197
Sitting_Lying_FewLandmarks,185,Lying,Lying,True,0.995,0.0,125.2947
Sitting_Lying_FewLandmarks,186,Lying,Lying,True,0.995,0.0,123.2622
Sitting_Lying_FewLandmarks,187,Lying,Lying,True,0.995,0.0,133.3705
Sitting_Lying_FewLandmarks,188,Lying,Lying,True,0.996,0.0,133.2775
Sitting_Lying_FewLandmarks,189,Lying,Lying,True,0.996,0.0,134.0099
Sitting_Lying_FewLandmarks,190,Lying,Lying,True,0.997,0.0,153.3579
Sitting_Lying_FewLandmarks,191,Lying,Lying,True,0.994,0.0,133.2916
Sitting_Lying_FewLandmarks,192,Lying,Lying,True,0.995,0.0,131.7845
Sitting_Lying_FewLandmarks,193,Lying,Lying,True,0.993,0.0,154.9913
Sitting_Lying_FewLandmarks,194,Lying,Lying,True,0.992,0.0,150.086
Sitting_Lying_FewLandmarks,195,Lying,Lying,True,0.994,0.0,152.5428
Sitting_Lying_FewLandmarks,196,Lying,Lying,True,0.993,0.0,142.5409
Sitting_Lying_FewLandmarks,197,Lying,Lying,True,0.996,1.0,139.9603
Sitting_Lying_FewLandmarks,198,Lying,Lying,True,0.995,1.0,154.7687
Sitting_Lying_FewLandmarks,199,Lying,Lying,True,0.996,0.0,138.2666
Sitting_Lying_FewLandmarks,200,Lying,Lying,True,0.997,1.0,120.8057
Sitting_Lying_FewLandmarks,201,Lying,Lying,True,0.998,1.0,126.0565
Sitting_Lying_FewLandmarks,202,Lying,Lying,True,0.997,1.0,135.4665
Sitting_Lying_FewLandmarks,203,Lying,Lying,True,0.995,1.0,138.6624
Sitting_Lying_FewLandmarks,204,Lying,Lying,True,0.994,1.0,139.3409
Sitting_Lying_FewLandmarks,205,Lying,Lying,True,0.993,1.0,157.1118
Sitting_Lying_FewLandmarks,206,Lying,Lying,True,0.992,1.0,162.6028
Sitting_Lying_FewLandmarks,207,Lying,Lying,True,0.993,1.0,160.1614
Sitting_Lying_FewLandmarks,208,Lying,Lying,True,0.994,0.0,140.419
Sitting_Lying_FewLandmarks,209,Lying,Lying,True,0.994,0.0,150.0307
Sitting_Lying_FewLandmarks,210,Lying,Lying,True,0.994,1.0,149.1844
Sitting_Lying_FewLandmarks,211,Lying,Lying,True,0.994,0.0,150.0834
Sitting_Lying_FewLandmarks,212,Lying,Lying,True,0.994,0.0,140.1667
Sitting_Lying_FewLandmarks,213,Lying,Lying,True,0.988,1.0,144.7876
Sitting_Lying_FewLandmarks,214,Lying,Lying,True,0.987,0.0,150.1891
Sitting_Lying_FewLandmarks,215,Lying,Lying,True,0.988,0.0,146.6699
Sitting_Lying_FewLandmarks,216,Lying,Lying,True,0.98,0.0,155.4269
Sitting_Lying_FewLandmarks,217,Lying,Lying,True,0.978,1.0,148.0619
Sitting_Lying_FewLandmarks,218,Lying,Lying,True,0.982,0.0,135.3264
Sitting_Lying_FewLandmarks,219,Lying,Lying,True,0.98,0.0,127.2249
Sitting_Lying_FewLandmarks,220,Lying,Lying,True,0.971,0.0,142.8573
Sitting_Lying_FewLandmarks,221,Lying,Lying,True,0.954,1.0,157.949
Sitting_Lying_FewLandmarks,222,Lying,Lying,True,0.956,1.0,151.5771
Sitting_Lying_FewLandmarks,223,Lying,Lying,True,0.936,1.0,159.0163
Sitting_Lying_FewLandmarks,224,Lying,Lying,True,0.927,1.0,175.0558
Sitting_Lying_FewLandmarks,225,Lying,Lying,True,0.9,1.0,157.5933
Sitting_Lying_FewLandmarks,226,Lying,Lying,True,0.89,0.0,156.1784
Sitting_Lying_FewLandmarks,227,Lying,Lying,True,0.907,1.0,149.5399
Sitting_Lying_FewLandmarks,228,Lying,Lying,True,0.94,1.0,154.2353
Sitting_Lying_FewLandmarks,229,Lying,Lying,True,0.921,1.0,166.0322
Sitting_Lying_FewLandmarks,230,Lying,Lying,True,0.934,0.0,162.1742
Sitting_Lying_FewLandmarks,231,Lying,Lying,True,0.938,0.0,158.8094
Sitting_Lying_FewLandmarks,232,Lying,Lying,True,0.941,1.0,152.6296
Sitting_Lying_FewLandmarks,233,Lying,Lying,True,0.937,1.0,136.5338
Sitting_Lying_FewLandmarks,234,Lying,Lying,True,0.94,1.0,154.5314
Sitting_Lying_FewLandmarks,235,Lying,Lying,True,0.937,0.0,202.1858
Sitting_Lying_FewLandmarks,236,,Lying,,0.943,0.0,208.1443
Sitting_Lying_FewLandmarks,237,,Lying,,0.942,0.0,159.794
Sitting_Lying_FewLandmarks,238,,Lying,,0.94,1.0,152.5049
Sitting_Lying_FewLandmarks,239,,Lying,,0.932,1.0,162.6994
Sitting_Lying_FewLandmarks,240,,Lying,,0.921,1.0,154.365
Sitting_Lying_FewLandmarks,241,,Lying,,0.9,0.0,146.9497
Sitting_Lying_FewLandmarks,242,,Lying,,0.742,0.0,142.12
Sitting_Lying_FewLandmarks,243,,Lying,,0.757,0.0,130.6492
Sitting_Lying_FewLandmarks,244,,Lying,,0.587,0.0,127.0944
Sitting_Lying_FewLandmarks,245,,Lying,,0.574,0.0,118.3154
Sitting_Lying_FewLandmarks,246,,Lying,,0.488,0.0,105.1301
Sitting_Lying_FewLandmarks,247,,Lying,,0.492,0.0,96.0408
Sitting_Lying_FewLandmarks,248,,Standing,,0.585,0.0,116.8463
Sitting_Lying_FewLandmarks,249,,Standing,,0.544,0.0,98.0781
Sitting_Lying_FewLandmarks,250,,Lying,,0.552,0.0,101.6671
Sitting_Lying_FewLandmarks,251,,Lying,,0.534,0.0,116.2273
Sitting_Lying_FewLandmarks,252,,Lying,,0.501,0.0,103.8153
Sitting_Lying_FewLandmarks,253,,Lying,,0.523,0.0,127.6823
Sitting_Lying_FewLandmarks,254,,Lying,,0.558,0.0,101.4446
Sitting_Lying_FewLandmarks,255,,Lying,,0.653,0.0,97.146
Sitting_Lying_FewLandmarks,256,,Lying,,0.537,0.0,109.4562
Sitting_Lying_FewLandmarks,257,,Lying,,0.525,0.0,105.9483
Sitting_Lying_FewLandmarks,258,,Lying,,0.631,0.0,128.0675
Sitting_Lying_FewLandmarks,259,,Lying,,0.558,0.0,129.9155
Sitting_Lying_FewLandmarks,260,,Lying,,0.577,0.0,120.3897
Sitting_Lying_FewLandmarks,261,,Lying,,0.515,0.0,122.4014
Sitting_Lying_FewLandmarks,262,,Lying,,0.501,0.0,129.6866
Sitting_Lying_FewLandmarks,263,,Lying,,0.567,0.0,135.8088
Sitting_Lying_FewLandmarks,264,,Lying,,0.599,0.0,149.2108
Sitting_Lying_FewLandmarks,265,,Lying,,0.533,0.0,305.0652
Sitting_Lying_FewLandmarks,266,,Lying,,0.666,0.0,164.3915
Sitting_Lying_FewLandmarks,267,,Lying,,0.844,0.0,150.6408
Sitting_Lying_FewLandmarks,268,,Lying,,0.853,0.0,148.8658
Sitting_Lying_FewLandmarks,269,,Lying,,0.897,0.0,144.5541
Sitting_Lying_FewLandmarks,270,,Lying,,0.926,0.0,148.4148
Sitting_Lying_FewLandmarks,271,,Lying,,0.864,0.0,147.2347
Sitting_Lying_FewLandmarks,272,,Lying,,0.886,0.0,160.7105
Sitting_Lying_FewLandmarks,273,,Lying,,0.87,0.0,173.702
Sitting_Lying_FewLandmarks,274,,Lying,,0.845,0.0,153.6522
Sitting_Lying_FewLandmarks,275,,Lying,,0.874,0.0,158.1106
Sitting_Lying_FewLandmarks,276,,Lying,,0.849,0.0,135.5897
Sitting_Lying_FewLandmarks,277,,Lying,,0.867,0.0,155.6072
Sitting_Lying_FewLandmarks,278,,Lying,,0.853,0.0,162.1408
Sitting_Lying_FewLandmarks,279,,Lying,,0.888,0.0,160.4114
Sitting_Lying_FewLandmarks,280,,Lying,,0.914,0.0,175.2585
Sitting_Lying_FewLandmarks,281,,Lying,,0.912,0.0,188.9378
Sitting_Lying_FewLandmarks,282,,Lying,,0.913,0.0,158.227
Sitting_Lying_FewLandmarks,283,,Lying,,0.893,0.0,166.204
Sitting_Lying_FewLandmarks,284,,Lying,,0.876,0.0,153.891
Sitting_Lying_FewLandmarks,285,,Lying,,0.877,0.0,165.3471
Sitting_Lying_FewLandmarks,286,,Lying,,0.872,0.0,197.3605
Sitting_Lying_FewLandmarks,287,,Lying,,0.884,0.0,168.1289
Sitting_Lying_FewLandmarks,288,,Lying,,0.883,0.0,161.6534
Sitting_Lying_FewLandmarks,289,,Lying,,0.883,0.0,160.1908
Sitting_Lying_FewLandmarks,290,,Lying,,0.858,0.0,142.5752
Sitting_Lying_FewLandmarks,291,,Lying,,0.795,0.0,172.8562
Sitting_Lying_FewLandmarks,292,,Lying,,0.706,0.0,171.582
Sitting_Lying_FewLandmarks,293,,Lying,,0.743,0.0,175.4062
Sitting_Lying_FewLandmarks,294,,Lying,,0.701,0.0,190.0877
Sitting_Lying_FewLandmarks,295,,Lying,,0.432,0.0,186.8732
Sitting_Lying_FewLandmarks,296,,Standing,,0.514,0.0,161.7954
Sitting_Lying_FewLandmarks,297,,Standing,,0.508,0.0,157.3676
Sitting_Lying_FewLandmarks,298,,Standing,,0.507,0.0,179.0307
Sitting_Lying_FewLandmarks,299,,Standing,,0.531,0.0,156.9081
Sitting_Lying_FewLandmarks,300,,Standing,,0.503,0.0,164.7691
Sitting_Lying_FewLandmarks,301,,Standing,,0.472,0.0,197.0684
Sitting_Lying_FewLandmarks,302,,Sitting,,0.479,0.0,198.4347
Sitting_Lying_FewLandmarks,303,,Sitting,,0.508,0.0,156.7362
Sitting_Lying_FewLandmarks,304,,Sitting,,0.538,0.0,174.1304
Sitting_Lying_FewLandmarks,305,,Sitting,,0.58,0.0,157.1924
Sitting_Lying_FewLandmarks,306,,Sitting,,0.587,0.0,162.3476
Sitting_Lying_FewLandmarks,307,,Sitting,,0.602,0.0,161.5827
Sitting_Lying_FewLandmarks,308,,Sitting,,0.597,0.0,193.844
Sitting_Lying_FewLandmarks,309,,Sitting,,0.634,0.0,162.8082
Sitting_Lying_FewLandmarks,310,,Sitting,,0.574,0.0,151.3399
Sitting_Lying_FewLandmarks,311,,Sitting,,0.612,0.0,162.6341
Sitting_Lying_FewLandmarks,312,,Sitting,,0.547,0.0,187.192
Sitting_Lying_FewLandmarks,313,,Sitting,,0.533,0.0,204.6844
Sitting_Lying_FewLandmarks,314,,Sitting,,0.566,0.0,183.5984
Sitting_Lying_FewLandmarks,315,,Sitting,,0.558,0.0,160.3771
Sitting_Lying_FewLandmarks,316,,Sitting,,0.519,0.0,158.2887
Sitting_Lying_FewLandmarks,317,,Sitting,,0.496,0.0,178.8859
Sitting_Lying_FewLandmarks,318,,Standing,,0.521,0.0,185.8709
Sitting_Lying_FewLandmarks,319,,Standing,,0.577,0.0,165.5741
Sitting_Lying_FewLandmarks,320,,Standing,,0.606,0.0,152.2828
Sitting_Lying_FewLandmarks,321,,Standing,,0.637,0.0,144.4063
Sitting_Lying_FewLandmarks,322,,Standing,,0.656,0.0,134.8549
Sitting_Lying_FewLandmarks,323,,Standing,,0.687,0.0,141.7504
Sitting_Lying_FewLandmarks,324,,Standing,,0.705,0.0,139.2092
Sitting_Lying_FewLandmarks,325,Sitting,Standing,False,0.744,0.0,124.2392
Sitting_Lying_FewLandmarks,326,Sitting,Standing,False,0.76,0.0,147.6903
Sitting_Lying_FewLandmarks,327,Sitting,Standing,False,0.779,0.0,133.8731
Sitting_Lying_FewLandmarks,328,Sitting,Standing,False,0.813,0.0,140.6253
Sitting_Lying_FewLandmarks,329,Sitting,Standing,False,0.804,0.0,145.2279
Sitting_Lying_FewLandmarks,330,Sitting,Standing,False,0.804,0.0,142.7347
Sitting_Lying_FewLandmarks,331,Sitting,Standing,False,0.809,0.0,142.6481
Sitting_Lying_FewLandmarks,332,Sitting,Standing,False,0.818,0.0,120.631
Sitting_Lying_FewLandmarks,333,Sitting,Standing,False,0.816,0.0,112.8126
Sitting_Lying_FewLandmarks,334,Sitting,Standing,False,0.808,0.0,125.5684
Sitting_Lying_FewLandmarks,335,Sitting,Standing,False,0.811,0.0,133.1836
Sitting_Lying_FewLandmarks,336,Sitting,Standing,False,0.798,0.0,132.1571
Sitting_Lying_FewLandmarks,337,Sitting,Standing,False,0.786,0.0,145.2451
Sitting_Lying_FewLandmarks,338,Sitting,Standing,False,0.777,0.0,147.865
Sitting_Lying_FewLandmarks,339,Sitting,Standing,False,0.769,0.0,123.3355
Sitting_Lying_FewLandmarks,340,Sitting,Standing,False,0.755,0.0,120.9261
Sitting_Lying_FewLandmarks,341,Sitting,Standing,False,0.746,0.0,117.7104
Sitting_Lying_FewLandmarks,342,Sitting,Standing,False,0.738,0.0,97.498
Sitting_Lying_FewLandmarks,343,Sitting,Standing,False,0.726,0.0,110.5229
Sitting_Lying_FewLandmarks,344,Sitting,Standing,False,0.724,0.0,102.7535
Sitting_Lying_FewLandmarks,345,Sitting,Standing,False,0.715,0.0,84.156
Sitting_Lying_FewLandmarks,346,Sitting,Standing,False,0.705,0.0,102.9694
Sitting_Lying_FewLandmarks,347,Sitting,Standing,False,0.689,0.0,111.1447
Sitting_Lying_FewLandmarks,348,Sitting,Standing,False,0.691,0.0,102.5946
Sitting_Lying_FewLandmarks,349,Sitting,Standing,False,0.686,0.0,189.1822
Sitting_Lying_FewLandmarks,350,Sitting,Standing,False,0.689,0.0,143.2896
Sitting_Lying_FewLandmarks,351,Sitting,Standing,False,0.693,0.0,164.5257
Sitting_Lying_FewLandmarks,352,Sitting,Standing,False,0.704,0.0,140.9174
Sitting_Lying_FewLandmarks,353,Sitting,Standing,False,0.712,0.0,148.8868
Sitting_Lying_FewLandmarks,354,,Standing,,0.716,0.0,146.7851
Sitting_Lying_FewLandmarks,355,,Standing,,0.72,0.0,144.9395
Sitting_Lying_FewLandmarks,356,,Standing,,0.729,0.0,133.5751
Sitting_Lying_FewLandmarks,357,,Standing,,0.709,0.0,142.4683
Sitting_Lying_FewLandmarks,358,,Standing,,0.694,0.0,133.5937
Sitting_Lying_FewLandmarks,359,,Standing,,0.665,0.0,138.1752
Sitting_Lying_FewLandmarks,360,,Standing,,0.626,0.0,154.2296
Sitting_Lying_FewLandmarks,361,,Standing,,0.572,0.0,149.3078
Sitting_Lying_FewLandmarks,362,,Standing,,0.52,0.0,132.7355
Sitting_Lying_FewLandmarks,363,,Sitting,,0.515,0.0,126.8232
Sitting_Lying_FewLandmarks,364,,Sitting,,0.577,0.0,158.9234
Sitting_Lying_FewLandmarks,365,,Sitting,,0.653,0.0,139.0712
Sitting_Lying_FewLandmarks,366,,Sitting,,0.704,0.0,122.6018
Sitting_Lying_FewLandmarks,367,,Sitting,,0.749,0.0,146.8065
Sitting_Lying_FewLandmarks,368,,Sitting,,0.799,0.0,150.1906
Sitting_Lying_FewLandmarks,369,,Sitting,,0.829,0.0,174.7436
Sitting_Lying_FewLandmarks,370,,Sitting,,0.843,0.0,233.9262
Sitting_Lying_FewLandmarks,371,,Sitting,,0.841,0.0,231.9284
Sitting_Lying_FewLandmarks,372,,Sitting,,0.823,0.0,183.7131
Sitting_Lying_FewLandmarks,373,,Sitting,,0.79,0.0,170.076
Sitting_Lying_FewLandmarks,374,,Sitting,,0.742,0.0,223.0465
Sitting_Lying_FewLandmarks,375,,Sitting,,0.674,0.0,201.2981
Sitting_Lying_FewLandmarks,376,,Sitting,,0.584,0.0,193.0288
Sitting_Lying_FewLandmarks,377,,Sitting,,0.477,0.0,169.2656
Sitting_Lying_FewLandmarks,378,,Lying,,0.565,0.0,169.621
Sitting_Lying_FewLandmarks,379,,Lying,,0.634,0.0,178.1479
Sitting_Lying_FewLandmarks,380,,Lying,,0.687,0.0,152.6423
Sitting_Lying_FewLandmarks,381,,Lying,,0.738,0.0,191.1861
Sitting_Lying_FewLandmarks,382,,Lying,,0.791,0.0,361.0698
Sitting_Lying_FewLandmarks,383,,Lying,,0.822,0.0,236.4441
Sitting_Lying_FewLandmarks,384,,Lying,,0.843,0.0,203.8959
Sitting_Lying_FewLandmarks,385,,Lying,,0.869,0.0,183.8166
Sitting_Lying_FewLandmarks,386,,Lying,,0.875,0.0,205.4568
Sitting_Lying_FewLandmarks,387,,Lying,,0.884,0.0,198.3233
Sitting_Lying_FewLandmarks,388,,Lying,,0.883,0.0,167.1376
Sitting_Lying_FewLandmarks,389,,Lying,,0.877,0.0,195.2765
Sitting_Lying_FewLandmarks,390,,Lying,,0.874,0.0,459.0484
Sitting_Lying_FewLandmarks,391,,Lying,,0.888,0.0,289.9485
Sitting_Lying_FewLandmarks,392,,Lying,,0.864,0.0,418.3352
Sitting_Lying_FewLandmarks,393,,Lying,,0.871,0.0,183.9972
Sitting_Lying_FewLandmarks,394,,Lying,,0.854,0.0,207.6331
Sitting_Lying_FewLandmarks,395,,Lying,,0.834,0.0,169.7826
Sitting_Lying_FewLandmarks,396,,Lying,,0.873,0.0,179.2166
Sitting_Lying_FewLandmarks,397,,Lying,,0.833,0.0,197.5036
Sitting_Lying_FewLandmarks,398,,Lying,,0.746,0.0,234.3965
Sitting_Lying_FewLandmarks,399,,Lying,,0.504,0.0,236.5414
Sitting_Lying_FewLandmarks,400,,Standing,,0.387,0.0,162.6873
Sitting_Lying_FewLandmarks,401,,Standing,,0.557,0.0,169.3041
